codice_aic	cod_farmaco	denominazione	descrizione	pa_associati	principio_attivo	quantita	unita_misura	forma	codice_atc	ragione_sociale	stato_amministrativo	tipo_procedura	fornitura
036678148	036678	GOLTOR	10MG/10MG COMPRESSE-  100 COMPRESSE IN  BLISTER PVC/AL/PA UNIT DOSE	EZETIMIBE/SIMVASTATINA	EZETIMIBE|SIMVASTATINA	10|10	milligrammi|milligrammi	Compressa	C10BA02	ADDENDA PHARMA S.R.L.	Autorizzata	Procedura Mutuo riconoscimento o Decentrata	Medicinali soggetti a prescrizione medica
036678213	036678	GOLTOR	10MG/20MG COMPRESSE-  30 COMPRESSE IN BLISTER POLICLOROTRIFLUOROETILENE/PVC OPACO	EZETIMIBE/SIMVASTATINA	EZETIMIBE|SIMVASTATINA	10|20	milligrammi|milligrammi	Compressa	C10BA02	ADDENDA PHARMA S.R.L.	Autorizzata	Procedura Mutuo riconoscimento o Decentrata	Medicinali soggetti a prescrizione medica
036678365	036678	GOLTOR	10MG/40MG COMPRESSE- 30  COMPRESSE IN BLISTER POLICLOROTRIFLUOROETILENE/PVC OPACO	EZETIMIBE/SIMVASTATINA	EZETIMIBE|SIMVASTATINA	10|40	milligrammi|milligrammi	Compressa	C10BA02	ADDENDA PHARMA S.R.L.	Autorizzata	Procedura Mutuo riconoscimento o Decentrata	Medicinali soggetti a prescrizione medica
036678492	036678	GOLTOR	10MG/8OMG COMPRESSE- 28 COMPRESSE IN BLISTER POLICLOROTRIFLUOROETILENE/PVC OPACO	EZETIMIBE/SIMVASTATINA	EZETIMIBE|SIMVASTATINA	10|80	milligrammi|milligrammi	Compressa	C10BA02	ADDENDA PHARMA S.R.L.	Autorizzata	Procedura Mutuo riconoscimento o Decentrata	Medicinali soggetti a prescrizione medica
036678504	036678	GOLTOR	10MG/8OMG COMPRESSE- 30 COMPRESSE IN BLISTER POLICLOROTRIFLUOROETILENE/PVC OPACO	EZETIMIBE/SIMVASTATINA	EZETIMIBE|SIMVASTATINA	10|80	milligrammi|milligrammi	Compressa	C10BA02	ADDENDA PHARMA S.R.L.	Autorizzata	Procedura Mutuo riconoscimento o Decentrata	Medicinali soggetti a prescrizione medica
036678567	036678	GOLTOR	10MG/8OMG COMPRESSE- 30 COMPRESSE IN BLISTER POLICLOROTRIFLUOROETILENE/PVC OPACO UNIT DOSE	EZETIMIBE/SIMVASTATINA	EZETIMIBE|SIMVASTATINA	10|80	milligrammi|milligrammi	Compressa	C10BA02	ADDENDA PHARMA S.R.L.	Autorizzata	Procedura Mutuo riconoscimento o Decentrata	Medicinali soggetti a prescrizione medica
036678605	036678	GOLTOR	10 MG/10 MG COMPRESSE- 84 COMPRESSE IN BLISTER PVC/AL/PA	EZETIMIBE/SIMVASTATINA	EZETIMIBE|SIMVASTATINA	10|10	milligrammi|milligrammi	Compressa	C10BA02	ADDENDA PHARMA S.R.L.	Autorizzata	Procedura Mutuo riconoscimento o Decentrata	Medicinali soggetti a prescrizione medica
036678617	036678	GOLTOR	10 MG/20 MG COMPRESSE- 84 COMPRESSE IN BLISTER PCTFE/PVC/AL	EZETIMIBE/SIMVASTATINA	EZETIMIBE|SIMVASTATINA	10|20	milligrammi|milligrammi	Compressa	C10BA02	ADDENDA PHARMA S.R.L.	Autorizzata	Procedura Mutuo riconoscimento o Decentrata	Medicinali soggetti a prescrizione medica
036678629	036678	GOLTOR	10 MG/40 MG COMPRESSE- 84 COMPRESSE IN BLISTER PCTFE/PVC/AL	EZETIMIBE/SIMVASTATINA	EZETIMIBE|SIMVASTATINA	10|40	milligrammi|milligrammi	Compressa	C10BA02	ADDENDA PHARMA S.R.L.	Autorizzata	Procedura Mutuo riconoscimento o Decentrata	Medicinali soggetti a prescrizione medica
036678631	036678	GOLTOR	10 MG/80 MG COMPRESSE- 84 COMPRESSE IN BLISTER PCTFE/PVC/AL	EZETIMIBE/SIMVASTATINA	EZETIMIBE|SIMVASTATINA	10|80	milligrammi|milligrammi	Compressa	C10BA02	ADDENDA PHARMA S.R.L.	Autorizzata	Procedura Mutuo riconoscimento o Decentrata	Medicinali soggetti a prescrizione medica
036678643	036678	GOLTOR	10MG/10MG COMPRESSE- 2 X 49 COMPRESSE IN BLISTER PVC/AL/PA	EZETIMIBE/SIMVASTATINA	EZETIMIBE|SIMVASTATINA	10|10	milligrammi|milligrammi	Compressa	C10BA02	ADDENDA PHARMA S.R.L.	Autorizzata	Procedura Mutuo riconoscimento o Decentrata	Medicinali soggetti a prescrizione medica
036678656	036678	GOLTOR	10 MG/40 MG COMPRESSE- 98 COMPRESSE IN BLISTER PCTFE/PVC/AL	EZETIMIBE/SIMVASTATINA	EZETIMIBE|SIMVASTATINA	10|40	milligrammi|milligrammi	Compressa	C10BA02	ADDENDA PHARMA S.R.L.	Autorizzata	Procedura Mutuo riconoscimento o Decentrata	Medicinali soggetti a prescrizione medica
036678668	036678	GOLTOR	10 MG/80 MG COMPRESSE- 98 COMPRESSE IN BLISTER PCTFE/PVC/AL	EZETIMIBE/SIMVASTATINA	EZETIMIBE|SIMVASTATINA	10|80	milligrammi|milligrammi	Compressa	C10BA02	ADDENDA PHARMA S.R.L.	Autorizzata	Procedura Mutuo riconoscimento o Decentrata	Medicinali soggetti a prescrizione medica
036679013	036679	INEGY	10MG/10MG COMPRESSE- 100 COMPRESSE IN FLACONE HDPE BIANCO	EZETIMIBE/SIMVASTATINA	EZETIMIBE|SIMVASTATINA	10|10	milligrammi|milligrammi	Compressa	C10BA02	ORGANON ITALIA S.R.L.	Autorizzata	Procedura Mutuo riconoscimento o Decentrata	Medicinali soggetti a prescrizione medica
036679025	036679	INEGY	10MG/10MG COMPRESSE- 7 COMPRESSE IN BLISTER PVC/AL/PA	EZETIMIBE/SIMVASTATINA	EZETIMIBE|SIMVASTATINA	10|10	milligrammi|milligrammi	Compressa	C10BA02	ORGANON ITALIA S.R.L.	Autorizzata	Procedura Mutuo riconoscimento o Decentrata	Medicinali soggetti a prescrizione medica
036679037	036679	INEGY	10MG/10MG COMPRESSE- 10 COMPRESSE IN BLISTER PVC/AL/PA	EZETIMIBE/SIMVASTATINA	EZETIMIBE|SIMVASTATINA	10|10	milligrammi|milligrammi	Compressa	C10BA02	ORGANON ITALIA S.R.L.	Autorizzata	Procedura Mutuo riconoscimento o Decentrata	Medicinali soggetti a prescrizione medica
036679049	036679	INEGY	10MG/10MG COMPRESSE- 14 COMPRESSE IN BLISTER PVC/AL/PA	EZETIMIBE/SIMVASTATINA	EZETIMIBE|SIMVASTATINA	10|10	milligrammi|milligrammi	Compressa	C10BA02	ORGANON ITALIA S.R.L.	Autorizzata	Procedura Mutuo riconoscimento o Decentrata	Medicinali soggetti a prescrizione medica
036679052	036679	INEGY	10MG/10MG COMPRESSE- 28 COMPRESSE IN BLISTER PVC/AL/PA	EZETIMIBE/SIMVASTATINA	EZETIMIBE|SIMVASTATINA	10|10	milligrammi|milligrammi	Compressa	C10BA02	ORGANON ITALIA S.R.L.	Autorizzata	Procedura Mutuo riconoscimento o Decentrata	Medicinali soggetti a prescrizione medica
036679064	036679	INEGY	10MG/10MG COMPRESSE- 30 COMPRESSE IN BLISTER PVC/AL/PA	EZETIMIBE/SIMVASTATINA	EZETIMIBE|SIMVASTATINA	10|10	milligrammi|milligrammi	Compressa	C10BA02	ORGANON ITALIA S.R.L.	Autorizzata	Procedura Mutuo riconoscimento o Decentrata	Medicinali soggetti a prescrizione medica
036679076	036679	INEGY	10MG/10MG COMPRESSE- 50 COMPRESSE IN BLISTER PVC/AL/PA	EZETIMIBE/SIMVASTATINA	EZETIMIBE|SIMVASTATINA	10|10	milligrammi|milligrammi	Compressa	C10BA02	ORGANON ITALIA S.R.L.	Autorizzata	Procedura Mutuo riconoscimento o Decentrata	Medicinali soggetti a prescrizione medica
036679088	036679	INEGY	10MG/10MG COMPRESSE- 56 COMPRESSE IN BLISTER PVC/AL/PA	EZETIMIBE/SIMVASTATINA	EZETIMIBE|SIMVASTATINA	10|10	milligrammi|milligrammi	Compressa	C10BA02	ORGANON ITALIA S.R.L.	Autorizzata	Procedura Mutuo riconoscimento o Decentrata	Medicinali soggetti a prescrizione medica
036679090	036679	INEGY	10MG/10MG COMPRESSE- 98 COMPRESSE IN BLISTER PVC/AL/PA	EZETIMIBE/SIMVASTATINA	EZETIMIBE|SIMVASTATINA	10|10	milligrammi|milligrammi	Compressa	C10BA02	ORGANON ITALIA S.R.L.	Autorizzata	Procedura Mutuo riconoscimento o Decentrata	Medicinali soggetti a prescrizione medica
036679102	036679	INEGY	10MG/10MG COMPRESSE- 100 COMPRESSE IN BLISTER PVC/AL/PA	EZETIMIBE/SIMVASTATINA	EZETIMIBE|SIMVASTATINA	10|10	milligrammi|milligrammi	Compressa	C10BA02	ORGANON ITALIA S.R.L.	Autorizzata	Procedura Mutuo riconoscimento o Decentrata	Medicinali soggetti a prescrizione medica
036679114	036679	INEGY	10MG/10MG COMPRESSE- 300 COMPRESSE IN BLISTER PVC/AL/PA	EZETIMIBE/SIMVASTATINA	EZETIMIBE|SIMVASTATINA	10|10	milligrammi|milligrammi	Compressa	C10BA02	ORGANON ITALIA S.R.L.	Autorizzata	Procedura Mutuo riconoscimento o Decentrata	Medicinali soggetti a prescrizione medica
036679126	036679	INEGY	10MG/10MG COMPRESSE- 30 COMPRESSE IN BLISTER PVC/AL/PA UNIT DOSE	EZETIMIBE/SIMVASTATINA	EZETIMIBE|SIMVASTATINA	10|10	milligrammi|milligrammi	Compressa	C10BA02	ORGANON ITALIA S.R.L.	Autorizzata	Procedura Mutuo riconoscimento o Decentrata	Medicinali soggetti a prescrizione medica
036679138	036679	INEGY	10MG/10MG COMPRESSE- 50 COMPRESSE IN BLISTER PVC/AL/PA UNIT DOSE	EZETIMIBE/SIMVASTATINA	EZETIMIBE|SIMVASTATINA	10|10	milligrammi|milligrammi	Compressa	C10BA02	ORGANON ITALIA S.R.L.	Autorizzata	Procedura Mutuo riconoscimento o Decentrata	Medicinali soggetti a prescrizione medica
036679140	036679	INEGY	10MG/10MG COMPRESSE- 100 COMPRESSE IN BLISTER PVC/AL/PA UNIT DOSE	EZETIMIBE/SIMVASTATINA	EZETIMIBE|SIMVASTATINA	10|10	milligrammi|milligrammi	Compressa	C10BA02	ORGANON ITALIA S.R.L.	Autorizzata	Procedura Mutuo riconoscimento o Decentrata	Medicinali soggetti a prescrizione medica
036679153	036679	INEGY	10MG/10MG COMPRESSE- 300 COMPRESSE IN BLISTER PVC/AL/PA UNIT DOSE	EZETIMIBE/SIMVASTATINA	EZETIMIBE|SIMVASTATINA	10|10	milligrammi|milligrammi	Compressa	C10BA02	ORGANON ITALIA S.R.L.	Autorizzata	Procedura Mutuo riconoscimento o Decentrata	Medicinali soggetti a prescrizione medica
036679165	036679	INEGY	10MG/20MG COMPRESSE- 100 COMPRESSE IN FLACONE HDPE BIANCO	EZETIMIBE/SIMVASTATINA	EZETIMIBE|SIMVASTATINA	10|20	milligrammi|milligrammi	Compressa	C10BA02	ORGANON ITALIA S.R.L.	Autorizzata	Procedura Mutuo riconoscimento o Decentrata	Medicinali soggetti a prescrizione medica
036679177	036679	INEGY	10MG/20MG COMPRESSE-7 COMPRESSE IN BLISTER POLICLOROTRIFLUOROETILENE/PVC OPACO	EZETIMIBE/SIMVASTATINA	EZETIMIBE|SIMVASTATINA	10|20	milligrammi|milligrammi	Compressa	C10BA02	ORGANON ITALIA S.R.L.	Autorizzata	Procedura Mutuo riconoscimento o Decentrata	Medicinali soggetti a prescrizione medica
036679189	036679	INEGY	10MG/20MG COMPRESSE-10 COMPRESSE IN BLISTER POLICLOROTRIFLUOROETILENE/PVC OPACO	EZETIMIBE/SIMVASTATINA	EZETIMIBE|SIMVASTATINA	10|20	milligrammi|milligrammi	Compressa	C10BA02	ORGANON ITALIA S.R.L.	Autorizzata	Procedura Mutuo riconoscimento o Decentrata	Medicinali soggetti a prescrizione medica
036679191	036679	INEGY	10MG/20MG COMPRESSE-14 COMPRESSE IN BLISTER POLICLOROTRIFLUOROETILENE/PVC OPACO	EZETIMIBE/SIMVASTATINA	EZETIMIBE|SIMVASTATINA	10|20	milligrammi|milligrammi	Compressa	C10BA02	ORGANON ITALIA S.R.L.	Autorizzata	Procedura Mutuo riconoscimento o Decentrata	Medicinali soggetti a prescrizione medica
036679203	036679	INEGY	10MG/20MG COMPRESSE-28 COMPRESSE IN BLISTER POLICLOROTRIFLUOROETILENE/PVC OPACO	EZETIMIBE/SIMVASTATINA	EZETIMIBE|SIMVASTATINA	10|20	milligrammi|milligrammi	Compressa	C10BA02	ORGANON ITALIA S.R.L.	Autorizzata	Procedura Mutuo riconoscimento o Decentrata	Medicinali soggetti a prescrizione medica
036679215	036679	INEGY	10MG/20MG COMPRESSE-30 COMPRESSE IN BLISTER POLICLOROTRIFLUOROETILENE/PVC OPACO	EZETIMIBE/SIMVASTATINA	EZETIMIBE|SIMVASTATINA	10|20	milligrammi|milligrammi	Compressa	C10BA02	ORGANON ITALIA S.R.L.	Autorizzata	Procedura Mutuo riconoscimento o Decentrata	Medicinali soggetti a prescrizione medica
036679227	036679	INEGY	10MG/20MG COMPRESSE- 50 COMPRESSE IN BLISTER POLICLOROTRIFLUOROETILENE/PVC OPACO	EZETIMIBE/SIMVASTATINA	EZETIMIBE|SIMVASTATINA	10|20	milligrammi|milligrammi	Compressa	C10BA02	ORGANON ITALIA S.R.L.	Autorizzata	Procedura Mutuo riconoscimento o Decentrata	Medicinali soggetti a prescrizione medica
036679239	036679	INEGY	10MG/20MG COMPRESSE- 56 COMPRESSE IN BLISTER POLICLOROTRIFLUOROETILENE/PVC OPACO	EZETIMIBE/SIMVASTATINA	EZETIMIBE|SIMVASTATINA	10|20	milligrammi|milligrammi	Compressa	C10BA02	ORGANON ITALIA S.R.L.	Autorizzata	Procedura Mutuo riconoscimento o Decentrata	Medicinali soggetti a prescrizione medica
036679241	036679	INEGY	10MG/20MG COMPRESSE- 98 COMPRESSE IN BLISTER POLICLOROTRIFLUOROETILENE/PVC OPACO	EZETIMIBE/SIMVASTATINA	EZETIMIBE|SIMVASTATINA	10|20	milligrammi|milligrammi	Compressa	C10BA02	ORGANON ITALIA S.R.L.	Autorizzata	Procedura Mutuo riconoscimento o Decentrata	Medicinali soggetti a prescrizione medica
036679254	036679	INEGY	10MG/20MG COMPRESSE- 100 COMPRESSE IN BLISTER POLICLOROTRIFLUOROETILENE/PVC OPACO	EZETIMIBE/SIMVASTATINA	EZETIMIBE|SIMVASTATINA	10|20	milligrammi|milligrammi	Compressa	C10BA02	ORGANON ITALIA S.R.L.	Autorizzata	Procedura Mutuo riconoscimento o Decentrata	Medicinali soggetti a prescrizione medica
036679266	036679	INEGY	10MG/20MG COMPRESSE-300 COMPRESSE IN BLISTER POLICLOROTRIFLUOROETILENE/PVC OPACO	EZETIMIBE/SIMVASTATINA	EZETIMIBE|SIMVASTATINA	10|20	milligrammi|milligrammi	Compressa	C10BA02	ORGANON ITALIA S.R.L.	Autorizzata	Procedura Mutuo riconoscimento o Decentrata	Medicinali soggetti a prescrizione medica
036679278	036679	INEGY	10MG/20MG COMPRESSE-30 COMPRESSE IN BLISTER POLICLOROTRIFLUOROETILENE/PVC OPACO UNIT DOSE	EZETIMIBE/SIMVASTATINA	EZETIMIBE|SIMVASTATINA	10|20	milligrammi|milligrammi	Compressa	C10BA02	ORGANON ITALIA S.R.L.	Autorizzata	Procedura Mutuo riconoscimento o Decentrata	Medicinali soggetti a prescrizione medica
036679280	036679	INEGY	10MG/20MG COMPRESSE-50 COMPRESSE IN BLISTER POLICLOROTRIFLUOROETILENE/PVC OPACO UNIT DOSE	EZETIMIBE/SIMVASTATINA	EZETIMIBE|SIMVASTATINA	10|20	milligrammi|milligrammi	Compressa	C10BA02	ORGANON ITALIA S.R.L.	Autorizzata	Procedura Mutuo riconoscimento o Decentrata	Medicinali soggetti a prescrizione medica
036679292	036679	INEGY	10MG/20MG COMPRESSE-100 COMPRESSE IN BLISTER POLICLOROTRIFLUOROETILENE/PVC OPACO UNIT DOSE	EZETIMIBE/SIMVASTATINA	EZETIMIBE|SIMVASTATINA	10|20	milligrammi|milligrammi	Compressa	C10BA02	ORGANON ITALIA S.R.L.	Autorizzata	Procedura Mutuo riconoscimento o Decentrata	Medicinali soggetti a prescrizione medica
036679304	036679	INEGY	10MG/20MG COMPRESSE-300 COMPRESSE IN BLISTER POLICLOROTRIFLUOROETILENE/PVC OPACO UNIT DOSE	EZETIMIBE/SIMVASTATINA	EZETIMIBE|SIMVASTATINA	10|20	milligrammi|milligrammi	Compressa	C10BA02	ORGANON ITALIA S.R.L.	Autorizzata	Procedura Mutuo riconoscimento o Decentrata	Medicinali soggetti a prescrizione medica
036679316	036679	INEGY	10MG/40MG COMPRESSE- 100 COMPRESSE IN FLACONE HDPE BIANCO	EZETIMIBE/SIMVASTATINA	EZETIMIBE|SIMVASTATINA	10|40	milligrammi|milligrammi	Compressa	C10BA02	ORGANON ITALIA S.R.L.	Autorizzata	Procedura Mutuo riconoscimento o Decentrata	Medicinali soggetti a prescrizione medica
036679328	036679	INEGY	10MG/40MG COMPRESSE- 7 COMPRESSE IN BLISTER POLICLOROTRIFLUOROETILENE/PVC OPACO	EZETIMIBE/SIMVASTATINA	EZETIMIBE|SIMVASTATINA	10|40	milligrammi|milligrammi	Compressa	C10BA02	ORGANON ITALIA S.R.L.	Autorizzata	Procedura Mutuo riconoscimento o Decentrata	Medicinali soggetti a prescrizione medica
036679330	036679	INEGY	10MG/40MG COMPRESSE- 10 COMPRESSE IN BLISTER POLICLOROTRIFLUOROETILENE/PVC OPACO	EZETIMIBE/SIMVASTATINA	EZETIMIBE|SIMVASTATINA	10|40	milligrammi|milligrammi	Compressa	C10BA02	ORGANON ITALIA S.R.L.	Autorizzata	Procedura Mutuo riconoscimento o Decentrata	Medicinali soggetti a prescrizione medica
036679342	036679	INEGY	10MG/40MG COMPRESSE- 14 COMPRESSE IN BLISTER POLICLOROTRIFLUOROETILENE/PVC OPACO	EZETIMIBE/SIMVASTATINA	EZETIMIBE|SIMVASTATINA	10|40	milligrammi|milligrammi	Compressa	C10BA02	ORGANON ITALIA S.R.L.	Autorizzata	Procedura Mutuo riconoscimento o Decentrata	Medicinali soggetti a prescrizione medica
036679355	036679	INEGY	10MG/40MG COMPRESSE- 28 COMPRESSE IN BLISTER POLICLOROTRIFLUOROETILENE/PVC OPACO	EZETIMIBE/SIMVASTATINA	EZETIMIBE|SIMVASTATINA	10|40	milligrammi|milligrammi	Compressa	C10BA02	ORGANON ITALIA S.R.L.	Autorizzata	Procedura Mutuo riconoscimento o Decentrata	Medicinali soggetti a prescrizione medica
036679367	036679	INEGY	10MG/40MG COMPRESSE- 30 COMPRESSE IN BLISTER POLICLOROTRIFLUOROETILENE/PVC OPACO	EZETIMIBE/SIMVASTATINA	EZETIMIBE|SIMVASTATINA	10|40	milligrammi|milligrammi	Compressa	C10BA02	ORGANON ITALIA S.R.L.	Autorizzata	Procedura Mutuo riconoscimento o Decentrata	Medicinali soggetti a prescrizione medica
036679379	036679	INEGY	10MG/40MG COMPRESSE- 50 COMPRESSE IN BLISTER POLICLOROTRIFLUOROETILENE/PVC OPACO	EZETIMIBE/SIMVASTATINA	EZETIMIBE|SIMVASTATINA	10|40	milligrammi|milligrammi	Compressa	C10BA02	ORGANON ITALIA S.R.L.	Autorizzata	Procedura Mutuo riconoscimento o Decentrata	Medicinali soggetti a prescrizione medica
036679381	036679	INEGY	10MG/40MG COMPRESSE- 56 COMPRESSE IN BLISTER POLICLOROTRIFLUOROETILENE/PVC OPACO	EZETIMIBE/SIMVASTATINA	EZETIMIBE|SIMVASTATINA	10|40	milligrammi|milligrammi	Compressa	C10BA02	ORGANON ITALIA S.R.L.	Autorizzata	Procedura Mutuo riconoscimento o Decentrata	Medicinali soggetti a prescrizione medica
036679393	036679	INEGY	10MG/40MG COMPRESSE- 2X49 COMPRESSE IN BLISTER PPCTFE/PVC OPACO	EZETIMIBE/SIMVASTATINA	EZETIMIBE|SIMVASTATINA	10|40	milligrammi|milligrammi	Compressa	C10BA02	ORGANON ITALIA S.R.L.	Autorizzata	Procedura Mutuo riconoscimento o Decentrata	Medicinali soggetti a prescrizione medica
036679405	036679	INEGY	10MG/40MG COMPRESSE- 100 COMPRESSE IN BLISTER POLICLOROTRIFLUOROETILENE/PVC OPACO	EZETIMIBE/SIMVASTATINA	EZETIMIBE|SIMVASTATINA	10|40	milligrammi|milligrammi	Compressa	C10BA02	ORGANON ITALIA S.R.L.	Autorizzata	Procedura Mutuo riconoscimento o Decentrata	Medicinali soggetti a prescrizione medica
036679417	036679	INEGY	10MG/40MG COMPRESSE- 300 COMPRESSE IN BLISTER POLICLOROTRIFLUOROETILENE/PVC OPACO	EZETIMIBE/SIMVASTATINA	EZETIMIBE|SIMVASTATINA	10|40	milligrammi|milligrammi	Compressa	C10BA02	ORGANON ITALIA S.R.L.	Autorizzata	Procedura Mutuo riconoscimento o Decentrata	Medicinali soggetti a prescrizione medica
036679429	036679	INEGY	10MG/40MG COMPRESSE- 30 COMPRESSE IN BLISTER POLICLOROTRIFLUOROETILENE/PVC OPACO UNIT DOSE	EZETIMIBE/SIMVASTATINA	EZETIMIBE|SIMVASTATINA	10|40	milligrammi|milligrammi	Compressa	C10BA02	ORGANON ITALIA S.R.L.	Autorizzata	Procedura Mutuo riconoscimento o Decentrata	Medicinali soggetti a prescrizione medica
036679431	036679	INEGY	10MG/40MG COMPRESSE- 50 COMPRESSE IN BLISTER POLICLOROTRIFLUOROETILENE/PVC OPACO UNIT DOSE	EZETIMIBE/SIMVASTATINA	EZETIMIBE|SIMVASTATINA	10|40	milligrammi|milligrammi	Compressa	C10BA02	ORGANON ITALIA S.R.L.	Autorizzata	Procedura Mutuo riconoscimento o Decentrata	Medicinali soggetti a prescrizione medica
036679443	036679	INEGY	10MG/40MG COMPRESSE- 100 COMPRESSE IN BLISTER POLICLOROTRIFLUOROETILENE/PVC OPACO UNIT DOSE	EZETIMIBE/SIMVASTATINA	EZETIMIBE|SIMVASTATINA	10|40	milligrammi|milligrammi	Compressa	C10BA02	ORGANON ITALIA S.R.L.	Autorizzata	Procedura Mutuo riconoscimento o Decentrata	Medicinali soggetti a prescrizione medica
036679456	036679	INEGY	10MG/40MG COMPRESSE- 300 COMPRESSE IN BLISTER POLICLOROTRIFLUOROETILENE/PVC OPACO UNIT DOSE	EZETIMIBE/SIMVASTATINA	EZETIMIBE|SIMVASTATINA	10|40	milligrammi|milligrammi	Compressa	C10BA02	ORGANON ITALIA S.R.L.	Autorizzata	Procedura Mutuo riconoscimento o Decentrata	Medicinali soggetti a prescrizione medica
036679468	036679	INEGY	10MG/80MG COMPRESSE- 7 COMPRESSE IN BLISTER POLICLOROTRIFLUOROETILENE/PVC OPACO	EZETIMIBE/SIMVASTATINA	EZETIMIBE|SIMVASTATINA	10|80	milligrammi|milligrammi	Compressa	C10BA02	ORGANON ITALIA S.R.L.	Autorizzata	Procedura Mutuo riconoscimento o Decentrata	Medicinali soggetti a prescrizione medica
036679470	036679	INEGY	10MG/80MG COMPRESSE- 10 COMPRESSE IN BLISTER POLICLOROTRIFLUOROETILENE/PVC OPACO	EZETIMIBE/SIMVASTATINA	EZETIMIBE|SIMVASTATINA	10|80	milligrammi|milligrammi	Compressa	C10BA02	ORGANON ITALIA S.R.L.	Autorizzata	Procedura Mutuo riconoscimento o Decentrata	Medicinali soggetti a prescrizione medica
036679482	036679	INEGY	10MG/80MG COMPRESSE- 14 COMPRESSE IN BLISTER POLICLOROTRIFLUOROETILENE/PVC OPACO	EZETIMIBE/SIMVASTATINA	EZETIMIBE|SIMVASTATINA	10|80	milligrammi|milligrammi	Compressa	C10BA02	ORGANON ITALIA S.R.L.	Autorizzata	Procedura Mutuo riconoscimento o Decentrata	Medicinali soggetti a prescrizione medica
036679494	036679	INEGY	10MG/80MG COMPRESSE- 28 COMPRESSE IN BLISTER POLICLOROTRIFLUOROETILENE/PVC OPACO	EZETIMIBE/SIMVASTATINA	EZETIMIBE|SIMVASTATINA	10|80	milligrammi|milligrammi	Compressa	C10BA02	ORGANON ITALIA S.R.L.	Autorizzata	Procedura Mutuo riconoscimento o Decentrata	Medicinali soggetti a prescrizione medica
036679506	036679	INEGY	10MG/80MG COMPRESSE- 30 COMPRESSE IN BLISTER POLICLOROTRIFLUOROETILENE/PVC OPACO	EZETIMIBE/SIMVASTATINA	EZETIMIBE|SIMVASTATINA	10|80	milligrammi|milligrammi	Compressa	C10BA02	ORGANON ITALIA S.R.L.	Autorizzata	Procedura Mutuo riconoscimento o Decentrata	Medicinali soggetti a prescrizione medica
036679518	036679	INEGY	10MG/80MG COMPRESSE- 50 COMPRESSE IN BLISTER POLICLOROTRIFLUOROETILENE/PVC OPACO	EZETIMIBE/SIMVASTATINA	EZETIMIBE|SIMVASTATINA	10|80	milligrammi|milligrammi	Compressa	C10BA02	ORGANON ITALIA S.R.L.	Autorizzata	Procedura Mutuo riconoscimento o Decentrata	Medicinali soggetti a prescrizione medica
036679520	036679	INEGY	10MG/80MG COMPRESSE- 56 COMPRESSE IN BLISTER POLICLOROTRIFLUOROETILENE/PVC OPACO	EZETIMIBE/SIMVASTATINA	EZETIMIBE|SIMVASTATINA	10|80	milligrammi|milligrammi	Compressa	C10BA02	ORGANON ITALIA S.R.L.	Autorizzata	Procedura Mutuo riconoscimento o Decentrata	Medicinali soggetti a prescrizione medica
036679532	036679	INEGY	10MG/80MG COMPRESSE- 2X49 COMPRESSE IN BLISTER PPCTFE/PVC OPACO	EZETIMIBE/SIMVASTATINA	EZETIMIBE|SIMVASTATINA	10|80	milligrammi|milligrammi	Compressa	C10BA02	ORGANON ITALIA S.R.L.	Autorizzata	Procedura Mutuo riconoscimento o Decentrata	Medicinali soggetti a prescrizione medica
036679544	036679	INEGY	10MG/80MG COMPRESSE- 100 COMPRESSE IN BLISTER POLICLOROTRIFLUOROETILENE/PVC OPACO	EZETIMIBE/SIMVASTATINA	EZETIMIBE|SIMVASTATINA	10|80	milligrammi|milligrammi	Compressa	C10BA02	ORGANON ITALIA S.R.L.	Autorizzata	Procedura Mutuo riconoscimento o Decentrata	Medicinali soggetti a prescrizione medica
036679557	036679	INEGY	10MG/80MG COMPRESSE- 300 COMPRESSE IN BLISTER POLICLOROTRIFLUOROETILENE/PVC OPACO	EZETIMIBE/SIMVASTATINA	EZETIMIBE|SIMVASTATINA	10|80	milligrammi|milligrammi	Compressa	C10BA02	ORGANON ITALIA S.R.L.	Autorizzata	Procedura Mutuo riconoscimento o Decentrata	Medicinali soggetti a prescrizione medica
036679569	036679	INEGY	10MG/80MG COMPRESSE- 30 COMPRESSE IN BLISTER POLICLOROTRIFLUOROETILENE/PVC OPACO UNIT DOSE	EZETIMIBE/SIMVASTATINA	EZETIMIBE|SIMVASTATINA	10|80	milligrammi|milligrammi	Compressa	C10BA02	ORGANON ITALIA S.R.L.	Autorizzata	Procedura Mutuo riconoscimento o Decentrata	Medicinali soggetti a prescrizione medica
036679571	036679	INEGY	10MG/80MG COMPRESSE- 50 COMPRESSE IN BLISTER POLICLOROTRIFLUOROETILENE/PVC OPACO UNIT DOSE	EZETIMIBE/SIMVASTATINA	EZETIMIBE|SIMVASTATINA	10|80	milligrammi|milligrammi	Compressa	C10BA02	ORGANON ITALIA S.R.L.	Autorizzata	Procedura Mutuo riconoscimento o Decentrata	Medicinali soggetti a prescrizione medica
036679583	036679	INEGY	10MG/80MG COMPRESSE- 100 COMPRESSE IN BLISTER POLICLOROTRIFLUOROETILENE/PVC OPACO UNIT DOSE	EZETIMIBE/SIMVASTATINA	EZETIMIBE|SIMVASTATINA	10|80	milligrammi|milligrammi	Compressa	C10BA02	ORGANON ITALIA S.R.L.	Autorizzata	Procedura Mutuo riconoscimento o Decentrata	Medicinali soggetti a prescrizione medica
036679595	036679	INEGY	10MG/80MG COMPRESSE- 300 COMPRESSE IN BLISTER POLICLOROTRIFLUOROETILENE/PVC OPACO UNIT DOSE	EZETIMIBE/SIMVASTATINA	EZETIMIBE|SIMVASTATINA	10|80	milligrammi|milligrammi	Compressa	C10BA02	ORGANON ITALIA S.R.L.	Autorizzata	Procedura Mutuo riconoscimento o Decentrata	Medicinali soggetti a prescrizione medica
036679607	036679	INEGY	10 MG/10 MG COMPRESSE- 84 COMPRESSE IN BLISTER PVC/AL/PA	EZETIMIBE/SIMVASTATINA	EZETIMIBE|SIMVASTATINA	10|10	milligrammi|milligrammi	Compressa	C10BA02	ORGANON ITALIA S.R.L.	Autorizzata	Procedura Mutuo riconoscimento o Decentrata	Medicinali soggetti a prescrizione medica
036679619	036679	INEGY	10 MG/20 MG COMPRESSE- 84 COMPRESSE IN BLISTER PCTFE/PVC/AL	EZETIMIBE/SIMVASTATINA	EZETIMIBE|SIMVASTATINA	10|20	milligrammi|milligrammi	Compressa	C10BA02	ORGANON ITALIA S.R.L.	Autorizzata	Procedura Mutuo riconoscimento o Decentrata	Medicinali soggetti a prescrizione medica
036679621	036679	INEGY	10 MG/40 MG COMPRESSE- 84 COMPRESSE IN BLISTER PCTFE/PVC/AL	EZETIMIBE/SIMVASTATINA	EZETIMIBE|SIMVASTATINA	10|40	milligrammi|milligrammi	Compressa	C10BA02	ORGANON ITALIA S.R.L.	Autorizzata	Procedura Mutuo riconoscimento o Decentrata	Medicinali soggetti a prescrizione medica
036679633	036679	INEGY	10 MG/80 MG COMPRESSE- 84 COMPRESSE IN BLISTER PCTFE/PVC/AL	EZETIMIBE/SIMVASTATINA	EZETIMIBE|SIMVASTATINA	10|80	milligrammi|milligrammi	Compressa	C10BA02	ORGANON ITALIA S.R.L.	Autorizzata	Procedura Mutuo riconoscimento o Decentrata	Medicinali soggetti a prescrizione medica
036679645	036679	INEGY	10MG/10MG COMPRESSE- 2 X 49 COMPRESSE IN BLISTER PVC/AL/PA	EZETIMIBE/SIMVASTATINA	EZETIMIBE|SIMVASTATINA	10|10	milligrammi|milligrammi	Compressa	C10BA02	ORGANON ITALIA S.R.L.	Autorizzata	Procedura Mutuo riconoscimento o Decentrata	Medicinali soggetti a prescrizione medica
036679658	036679	INEGY	10 MG/40 MG COMPRESSE- 98 COMPRESSE IN BLISTER PCTFE/PVC/AL	EZETIMIBE/SIMVASTATINA	EZETIMIBE|SIMVASTATINA	10|40	milligrammi|milligrammi	Compressa	C10BA02	ORGANON ITALIA S.R.L.	Autorizzata	Procedura Mutuo riconoscimento o Decentrata	Medicinali soggetti a prescrizione medica
036679660	036679	INEGY	10 MG/80 MG COMPRESSE- 98 COMPRESSE IN BLISTER PCTFE/PVC/AL	EZETIMIBE/SIMVASTATINA	EZETIMIBE|SIMVASTATINA	10|80	milligrammi|milligrammi	Compressa	C10BA02	ORGANON ITALIA S.R.L.	Autorizzata	Procedura Mutuo riconoscimento o Decentrata	Medicinali soggetti a prescrizione medica
036690016	036690	VYTORIN	10MG/10MG COMPRESSE- 100 COMPRESSE IN FLACONE HDPE BIANCO	EZETIMIBE/SIMVASTATINA	EZETIMIBE|SIMVASTATINA	10|10	milligrammi|milligrammi	Compressa	C10BA02	NEOPHARMED GENTILI S.P.A.	Autorizzata	Procedura Mutuo riconoscimento o Decentrata	Medicinali soggetti a prescrizione medica
036690028	036690	VYTORIN	10MG/10MG COMPRESSE- 7 COMPRESSE IN BLISTER PVC/AL/PA	EZETIMIBE/SIMVASTATINA	EZETIMIBE|SIMVASTATINA	10|10	milligrammi|milligrammi	Compressa	C10BA02	NEOPHARMED GENTILI S.P.A.	Autorizzata	Procedura Mutuo riconoscimento o Decentrata	Medicinali soggetti a prescrizione medica
036690030	036690	VYTORIN	10MG/10MG COMPRESSE- 10 COMPRESSE IN BLISTER PVC/AL/PA	EZETIMIBE/SIMVASTATINA	EZETIMIBE|SIMVASTATINA	10|10	milligrammi|milligrammi	Compressa	C10BA02	NEOPHARMED GENTILI S.P.A.	Autorizzata	Procedura Mutuo riconoscimento o Decentrata	Medicinali soggetti a prescrizione medica
036690042	036690	VYTORIN	10MG/10MG COMPRESSE- 14 COMPRESSE IN BLISTER PVC/AL/PA	EZETIMIBE/SIMVASTATINA	EZETIMIBE|SIMVASTATINA	10|10	milligrammi|milligrammi	Compressa	C10BA02	NEOPHARMED GENTILI S.P.A.	Autorizzata	Procedura Mutuo riconoscimento o Decentrata	Medicinali soggetti a prescrizione medica
036690055	036690	VYTORIN	10MG/10MG COMPRESSE- 28 COMPRESSE IN BLISTER PVC/AL/PA	EZETIMIBE/SIMVASTATINA	EZETIMIBE|SIMVASTATINA	10|10	milligrammi|milligrammi	Compressa	C10BA02	NEOPHARMED GENTILI S.P.A.	Autorizzata	Procedura Mutuo riconoscimento o Decentrata	Medicinali soggetti a prescrizione medica
036690067	036690	VYTORIN	10MG/10MG COMPRESSE- 30 COMPRESSE IN BLISTER PVC/AL/PA	EZETIMIBE/SIMVASTATINA	EZETIMIBE|SIMVASTATINA	10|10	milligrammi|milligrammi	Compressa	C10BA02	NEOPHARMED GENTILI S.P.A.	Autorizzata	Procedura Mutuo riconoscimento o Decentrata	Medicinali soggetti a prescrizione medica
036690079	036690	VYTORIN	10MG/10MG COMPRESSE- 50 COMPRESSE IN BLISTER PVC/AL/PA	EZETIMIBE/SIMVASTATINA	EZETIMIBE|SIMVASTATINA	10|10	milligrammi|milligrammi	Compressa	C10BA02	NEOPHARMED GENTILI S.P.A.	Autorizzata	Procedura Mutuo riconoscimento o Decentrata	Medicinali soggetti a prescrizione medica
036690081	036690	VYTORIN	10MG/10MG COMPRESSE- 56 COMPRESSE IN BLISTER PVC/AL/PA	EZETIMIBE/SIMVASTATINA	EZETIMIBE|SIMVASTATINA	10|10	milligrammi|milligrammi	Compressa	C10BA02	NEOPHARMED GENTILI S.P.A.	Autorizzata	Procedura Mutuo riconoscimento o Decentrata	Medicinali soggetti a prescrizione medica
036690093	036690	VYTORIN	10MG/10MG COMPRESSE- 98 COMPRESSE IN BLISTER PVC/AL/PA	EZETIMIBE/SIMVASTATINA	EZETIMIBE|SIMVASTATINA	10|10	milligrammi|milligrammi	Compressa	C10BA02	NEOPHARMED GENTILI S.P.A.	Autorizzata	Procedura Mutuo riconoscimento o Decentrata	Medicinali soggetti a prescrizione medica
036690105	036690	VYTORIN	10MG/10MG COMPRESSE- 100 COMPRESSE IN BLISTER PVC/AL/PA	EZETIMIBE/SIMVASTATINA	EZETIMIBE|SIMVASTATINA	10|10	milligrammi|milligrammi	Compressa	C10BA02	NEOPHARMED GENTILI S.P.A.	Autorizzata	Procedura Mutuo riconoscimento o Decentrata	Medicinali soggetti a prescrizione medica
036690117	036690	VYTORIN	10MG/10MG COMPRESSE- 300 COMPRESSE IN BLISTER PVC/AL/PA	EZETIMIBE/SIMVASTATINA	EZETIMIBE|SIMVASTATINA	10|10	milligrammi|milligrammi	Compressa	C10BA02	NEOPHARMED GENTILI S.P.A.	Autorizzata	Procedura Mutuo riconoscimento o Decentrata	Medicinali soggetti a prescrizione medica
036690129	036690	VYTORIN	10MG/10MG COMPRESSE- 30 COMPRESSE IN BLISTER PVC/AL/PA UNIT DOSE	EZETIMIBE/SIMVASTATINA	EZETIMIBE|SIMVASTATINA	10|10	milligrammi|milligrammi	Compressa	C10BA02	NEOPHARMED GENTILI S.P.A.	Autorizzata	Procedura Mutuo riconoscimento o Decentrata	Medicinali soggetti a prescrizione medica
036690131	036690	VYTORIN	10MG/10MG COMPRESSE- 50 COMPRESSE IN BLISTER PVC/AL/PA UNIT DOSE	EZETIMIBE/SIMVASTATINA	EZETIMIBE|SIMVASTATINA	10|10	milligrammi|milligrammi	Compressa	C10BA02	NEOPHARMED GENTILI S.P.A.	Autorizzata	Procedura Mutuo riconoscimento o Decentrata	Medicinali soggetti a prescrizione medica
036690143	036690	VYTORIN	10MG/10MG COMPRESSE- 100 COMPRESSE IN BLISTER PVC/AL/PA UNIT DOSE	EZETIMIBE/SIMVASTATINA	EZETIMIBE|SIMVASTATINA	10|10	milligrammi|milligrammi	Compressa	C10BA02	NEOPHARMED GENTILI S.P.A.	Autorizzata	Procedura Mutuo riconoscimento o Decentrata	Medicinali soggetti a prescrizione medica
036690156	036690	VYTORIN	10MG/10MG COMPRESSE- 300 COMPRESSE IN BLISTER PVC/AL/PA UNIT DOSE	EZETIMIBE/SIMVASTATINA	EZETIMIBE|SIMVASTATINA	10|10	milligrammi|milligrammi	Compressa	C10BA02	NEOPHARMED GENTILI S.P.A.	Autorizzata	Procedura Mutuo riconoscimento o Decentrata	Medicinali soggetti a prescrizione medica
036690168	036690	VYTORIN	10MG/20MG COMPRESSE- 100 COMPRESSE IN FLACONE HDPE BIANCO	EZETIMIBE/SIMVASTATINA	EZETIMIBE|SIMVASTATINA	10|20	milligrammi|milligrammi	Compressa	C10BA02	NEOPHARMED GENTILI S.P.A.	Autorizzata	Procedura Mutuo riconoscimento o Decentrata	Medicinali soggetti a prescrizione medica
036690170	036690	VYTORIN	10MG/20MG COMPRESSE- 7 COMPRESSE IN BLISTER POLICLOROTRIFLUOROETILENE/PVC OPACO	EZETIMIBE/SIMVASTATINA	EZETIMIBE|SIMVASTATINA	10|20	milligrammi|milligrammi	Compressa	C10BA02	NEOPHARMED GENTILI S.P.A.	Autorizzata	Procedura Mutuo riconoscimento o Decentrata	Medicinali soggetti a prescrizione medica
036690182	036690	VYTORIN	10MG/20MG COMPRESSE- 10 COMPRESSE IN BLISTER POLICLOROTRIFLUOROETILENE/PVC OPACO	EZETIMIBE/SIMVASTATINA	EZETIMIBE|SIMVASTATINA	10|20	milligrammi|milligrammi	Compressa	C10BA02	NEOPHARMED GENTILI S.P.A.	Autorizzata	Procedura Mutuo riconoscimento o Decentrata	Medicinali soggetti a prescrizione medica
036690194	036690	VYTORIN	10MG/20MG COMPRESSE- 14 COMPRESSE IN BLISTER POLICLOROTRIFLUOROETILENE/PVC OPACO	EZETIMIBE/SIMVASTATINA	EZETIMIBE|SIMVASTATINA	10|20	milligrammi|milligrammi	Compressa	C10BA02	NEOPHARMED GENTILI S.P.A.	Autorizzata	Procedura Mutuo riconoscimento o Decentrata	Medicinali soggetti a prescrizione medica
036690206	036690	VYTORIN	10MG/20MG COMPRESSE- 28 COMPRESSE IN BLISTER POLICLOROTRIFLUOROETILENE/PVC/OPACO	EZETIMIBE/SIMVASTATINA	EZETIMIBE|SIMVASTATINA	10|20	milligrammi|milligrammi	Compressa	C10BA02	NEOPHARMED GENTILI S.P.A.	Autorizzata	Procedura Mutuo riconoscimento o Decentrata	Medicinali soggetti a prescrizione medica
036690218	036690	VYTORIN	10MG/20MG COMPRESSE- 30 COMPRESSE IN BLISTER POLICLOROTRIFLUOROETILENE/PVC OPACO	EZETIMIBE/SIMVASTATINA	EZETIMIBE|SIMVASTATINA	10|20	milligrammi|milligrammi	Compressa	C10BA02	NEOPHARMED GENTILI S.P.A.	Autorizzata	Procedura Mutuo riconoscimento o Decentrata	Medicinali soggetti a prescrizione medica
036690220	036690	VYTORIN	10MG/20MG COMPRESSE- 50 COMPRESSE IN BLISTER POLICLOROTRIFLUOROETILENE/PVC OPACO	EZETIMIBE/SIMVASTATINA	EZETIMIBE|SIMVASTATINA	10|20	milligrammi|milligrammi	Compressa	C10BA02	NEOPHARMED GENTILI S.P.A.	Autorizzata	Procedura Mutuo riconoscimento o Decentrata	Medicinali soggetti a prescrizione medica
036690232	036690	VYTORIN	10MG/20MG COMPRESSE- 56 COMPRESSE IN BLISTER POLICLOROTRIFLUOROETILENE/PVC OPACO	EZETIMIBE/SIMVASTATINA	EZETIMIBE|SIMVASTATINA	10|20	milligrammi|milligrammi	Compressa	C10BA02	NEOPHARMED GENTILI S.P.A.	Autorizzata	Procedura Mutuo riconoscimento o Decentrata	Medicinali soggetti a prescrizione medica
036690244	036690	VYTORIN	10MG/20MG COMPRESSE- 98 COMPRESSE IN BLISTER POLICLOROTRIFLUOROETILENE/PVC OPACO	EZETIMIBE/SIMVASTATINA	EZETIMIBE|SIMVASTATINA	10|20	milligrammi|milligrammi	Compressa	C10BA02	NEOPHARMED GENTILI S.P.A.	Autorizzata	Procedura Mutuo riconoscimento o Decentrata	Medicinali soggetti a prescrizione medica
036690257	036690	VYTORIN	10MG/20MG COMPRESSE- 100 COMPRESSE IN BLISTER POLICLOROTRIFLUOROETILENE/PVC OPACO	EZETIMIBE/SIMVASTATINA	EZETIMIBE|SIMVASTATINA	10|20	milligrammi|milligrammi	Compressa	C10BA02	NEOPHARMED GENTILI S.P.A.	Autorizzata	Procedura Mutuo riconoscimento o Decentrata	Medicinali soggetti a prescrizione medica
036690269	036690	VYTORIN	10MG/20MG COMPRESSE- 300 COMPRESSE IN BLISTER POLICLOROTRIFLUOROETILENE/PVC OPACO	EZETIMIBE/SIMVASTATINA	EZETIMIBE|SIMVASTATINA	10|20	milligrammi|milligrammi	Compressa	C10BA02	NEOPHARMED GENTILI S.P.A.	Autorizzata	Procedura Mutuo riconoscimento o Decentrata	Medicinali soggetti a prescrizione medica
036690271	036690	VYTORIN	10MG/20MG COMPRESSE- 30 COMPRESSE IN BLISTER POLICLOROTRIFLUOROETILENE/PVC OPACO UNIT DOSE	EZETIMIBE/SIMVASTATINA	EZETIMIBE|SIMVASTATINA	10|20	milligrammi|milligrammi	Compressa	C10BA02	NEOPHARMED GENTILI S.P.A.	Autorizzata	Procedura Mutuo riconoscimento o Decentrata	Medicinali soggetti a prescrizione medica
036690283	036690	VYTORIN	10MG/20MG COMPRESSE- 50 COMPRESSE IN BLISTER POLICLOROTRIFLUOROETILENE/PVC OPACO UNIT DOSE	EZETIMIBE/SIMVASTATINA	EZETIMIBE|SIMVASTATINA	10|20	milligrammi|milligrammi	Compressa	C10BA02	NEOPHARMED GENTILI S.P.A.	Autorizzata	Procedura Mutuo riconoscimento o Decentrata	Medicinali soggetti a prescrizione medica
036690295	036690	VYTORIN	10MG/20MG COMPRESSE- 100 COMPRESSE IN BLISTER POLICLOROTRIFLUOROETILENE/PVC OPACO UNIT DOSE	EZETIMIBE/SIMVASTATINA	EZETIMIBE|SIMVASTATINA	10|20	milligrammi|milligrammi	Compressa	C10BA02	NEOPHARMED GENTILI S.P.A.	Autorizzata	Procedura Mutuo riconoscimento o Decentrata	Medicinali soggetti a prescrizione medica
036690307	036690	VYTORIN	10MG/20MG COMPRESSE- 300 COMPRESSE IN BLISTER POLICLOROTRIFLUOROETILENE/PVC OPACO UNIT DOSE	EZETIMIBE/SIMVASTATINA	EZETIMIBE|SIMVASTATINA	10|20	milligrammi|milligrammi	Compressa	C10BA02	NEOPHARMED GENTILI S.P.A.	Autorizzata	Procedura Mutuo riconoscimento o Decentrata	Medicinali soggetti a prescrizione medica
036690319	036690	VYTORIN	10MG/40MG COMPRESSE- 100 COMPRESSE IN FLACONE HDPE BIANCO	EZETIMIBE/SIMVASTATINA	EZETIMIBE|SIMVASTATINA	10|40	milligrammi|milligrammi	Compressa	C10BA02	NEOPHARMED GENTILI S.P.A.	Autorizzata	Procedura Mutuo riconoscimento o Decentrata	Medicinali soggetti a prescrizione medica
036690321	036690	VYTORIN	10MG/40MG COMPRESSE- 7 COMPRESSE IN BLISTER POLICLOROTRIFLUOROETILENE/PVC OPACO	EZETIMIBE/SIMVASTATINA	EZETIMIBE|SIMVASTATINA	10|40	milligrammi|milligrammi	Compressa	C10BA02	NEOPHARMED GENTILI S.P.A.	Autorizzata	Procedura Mutuo riconoscimento o Decentrata	Medicinali soggetti a prescrizione medica
036690333	036690	VYTORIN	10MG/40MG COMPRESSE- 10 COMPRESSE IN BLISTER POLICLOROTRIFLUOROETILENE/PVC OPACO	EZETIMIBE/SIMVASTATINA	EZETIMIBE|SIMVASTATINA	10|40	milligrammi|milligrammi	Compressa	C10BA02	NEOPHARMED GENTILI S.P.A.	Autorizzata	Procedura Mutuo riconoscimento o Decentrata	Medicinali soggetti a prescrizione medica
036690345	036690	VYTORIN	10MG/40MG COMPRESSE- 14 COMPRESSE IN BLISTER POLICLOROTRIFLUOROETILENE/PVC OPACO	EZETIMIBE/SIMVASTATINA	EZETIMIBE|SIMVASTATINA	10|40	milligrammi|milligrammi	Compressa	C10BA02	NEOPHARMED GENTILI S.P.A.	Autorizzata	Procedura Mutuo riconoscimento o Decentrata	Medicinali soggetti a prescrizione medica
036690358	036690	VYTORIN	10MG/40MG COMPRESSE- 28 COMPRESSE IN BLISTER POLICLOROTRIFLUOROETILENE/PVC OPACO	EZETIMIBE/SIMVASTATINA	EZETIMIBE|SIMVASTATINA	10|40	milligrammi|milligrammi	Compressa	C10BA02	NEOPHARMED GENTILI S.P.A.	Autorizzata	Procedura Mutuo riconoscimento o Decentrata	Medicinali soggetti a prescrizione medica
036690360	036690	VYTORIN	10MG/40MG COMPRESSE- 30 COMPRESSE IN BLISTER POLICLOROTRIFLUOROETILENE/PVC OPACO	EZETIMIBE/SIMVASTATINA	EZETIMIBE|SIMVASTATINA	10|40	milligrammi|milligrammi	Compressa	C10BA02	NEOPHARMED GENTILI S.P.A.	Autorizzata	Procedura Mutuo riconoscimento o Decentrata	Medicinali soggetti a prescrizione medica
036690372	036690	VYTORIN	10MG/40MG COMPRESSE- 50 COMPRESSE IN BLISTER POLICLOROTRIFLUOROETILENE/PVC OPACO	EZETIMIBE/SIMVASTATINA	EZETIMIBE|SIMVASTATINA	10|40	milligrammi|milligrammi	Compressa	C10BA02	NEOPHARMED GENTILI S.P.A.	Autorizzata	Procedura Mutuo riconoscimento o Decentrata	Medicinali soggetti a prescrizione medica
036690384	036690	VYTORIN	10MG/40MG COMPRESSE- 56 COMPRESSE IN BLISTER POLICLOROTRIFLUOROETILENE/PVC OPACO	EZETIMIBE/SIMVASTATINA	EZETIMIBE|SIMVASTATINA	10|40	milligrammi|milligrammi	Compressa	C10BA02	NEOPHARMED GENTILI S.P.A.	Autorizzata	Procedura Mutuo riconoscimento o Decentrata	Medicinali soggetti a prescrizione medica
036690396	036690	VYTORIN	10MG/40MG COMPRESSE- 2X49 COMPRESSE IN BLISTER PCTFE/PVC OPACO	EZETIMIBE/SIMVASTATINA	EZETIMIBE|SIMVASTATINA	10|40	milligrammi|milligrammi	Compressa	C10BA02	NEOPHARMED GENTILI S.P.A.	Autorizzata	Procedura Mutuo riconoscimento o Decentrata	Medicinali soggetti a prescrizione medica
036690408	036690	VYTORIN	10MG/40MG COMPRESSE- 100 COMPRESSE IN BLISTER POLICLOROTRIFLUOROETILENE/PVC OPACO	EZETIMIBE/SIMVASTATINA	EZETIMIBE|SIMVASTATINA	10|40	milligrammi|milligrammi	Compressa	C10BA02	NEOPHARMED GENTILI S.P.A.	Autorizzata	Procedura Mutuo riconoscimento o Decentrata	Medicinali soggetti a prescrizione medica
036690410	036690	VYTORIN	10MG/40MG COMPRESSE- 300 COMPRESSE IN BLISTER POLICLOROTRIFLUOROETILENE/PVC OPACO	EZETIMIBE/SIMVASTATINA	EZETIMIBE|SIMVASTATINA	10|40	milligrammi|milligrammi	Compressa	C10BA02	NEOPHARMED GENTILI S.P.A.	Autorizzata	Procedura Mutuo riconoscimento o Decentrata	Medicinali soggetti a prescrizione medica
036690422	036690	VYTORIN	10MG/40MG COMPRESSE- 30 COMPRESSE IN BLISTER POLICLOROTRIFLUOROETILENE/PVC OPACO UNIT DOSE	EZETIMIBE/SIMVASTATINA	EZETIMIBE|SIMVASTATINA	10|40	milligrammi|milligrammi	Compressa	C10BA02	NEOPHARMED GENTILI S.P.A.	Autorizzata	Procedura Mutuo riconoscimento o Decentrata	Medicinali soggetti a prescrizione medica
036690434	036690	VYTORIN	10MG/40MG COMPRESSE- 50 COMPRESSE IN BLISTER POLICLOROTRIFLUOROETILENE/PVC OPACO UNIT DOSE	EZETIMIBE/SIMVASTATINA	EZETIMIBE|SIMVASTATINA	10|40	milligrammi|milligrammi	Compressa	C10BA02	NEOPHARMED GENTILI S.P.A.	Autorizzata	Procedura Mutuo riconoscimento o Decentrata	Medicinali soggetti a prescrizione medica
036690446	036690	VYTORIN	10MG/40MG COMPRESSE- 100 COMPRESSE IN BLISTER POLICLOROTRIFLUOROETILENE/PVC OPACO UNIT DOSE	EZETIMIBE/SIMVASTATINA	EZETIMIBE|SIMVASTATINA	10|40	milligrammi|milligrammi	Compressa	C10BA02	NEOPHARMED GENTILI S.P.A.	Autorizzata	Procedura Mutuo riconoscimento o Decentrata	Medicinali soggetti a prescrizione medica
036690459	036690	VYTORIN	10MG/40MG COMPRESSE- 300 COMPRESSE IN BLISTER POLICLOROTRIFLUOROETILENE/PVC OPACO UNIT DOSE	EZETIMIBE/SIMVASTATINA	EZETIMIBE|SIMVASTATINA	10|40	milligrammi|milligrammi	Compressa	C10BA02	NEOPHARMED GENTILI S.P.A.	Autorizzata	Procedura Mutuo riconoscimento o Decentrata	Medicinali soggetti a prescrizione medica
036690461	036690	VYTORIN	10MG/80MG COMPRESSE- 7 COMPRESSE IN BLISTER POLICLOROTRIFLUOROETILENE/PVC OPACO	EZETIMIBE/SIMVASTATINA	EZETIMIBE|SIMVASTATINA	10|80	milligrammi|milligrammi	Compressa	C10BA02	NEOPHARMED GENTILI S.P.A.	Autorizzata	Procedura Mutuo riconoscimento o Decentrata	Medicinali soggetti a prescrizione medica
036690473	036690	VYTORIN	10MG/80MG COMPRESSE- 10 COMPRESSE IN BLISTER POLICLOROTRIFLUOROETILENE/PVC OPACO	EZETIMIBE/SIMVASTATINA	EZETIMIBE|SIMVASTATINA	10|80	milligrammi|milligrammi	Compressa	C10BA02	NEOPHARMED GENTILI S.P.A.	Autorizzata	Procedura Mutuo riconoscimento o Decentrata	Medicinali soggetti a prescrizione medica
036690485	036690	VYTORIN	10MG/80MG COMPRESSE- 14 COMPRESSE IN BLISTER POLICLOROTRIFLUOROETILENE/PVC OPACO	EZETIMIBE/SIMVASTATINA	EZETIMIBE|SIMVASTATINA	10|80	milligrammi|milligrammi	Compressa	C10BA02	NEOPHARMED GENTILI S.P.A.	Autorizzata	Procedura Mutuo riconoscimento o Decentrata	Medicinali soggetti a prescrizione medica
036690497	036690	VYTORIN	10MG/80MG COMPRESSE- 28 COMPRESSE IN BLISTER POLICLOROTRIFLUOROETILENE/PVC OPACO	EZETIMIBE/SIMVASTATINA	EZETIMIBE|SIMVASTATINA	10|80	milligrammi|milligrammi	Compressa	C10BA02	NEOPHARMED GENTILI S.P.A.	Autorizzata	Procedura Mutuo riconoscimento o Decentrata	Medicinali soggetti a prescrizione medica
036690509	036690	VYTORIN	10MG/80MG COMPRESSE- 30 COMPRESSE IN BLISTER POLICLOROTRIFLUOROETILENE/PVC OPACO	EZETIMIBE/SIMVASTATINA	EZETIMIBE|SIMVASTATINA	10|80	milligrammi|milligrammi	Compressa	C10BA02	NEOPHARMED GENTILI S.P.A.	Autorizzata	Procedura Mutuo riconoscimento o Decentrata	Medicinali soggetti a prescrizione medica
036690511	036690	VYTORIN	10MG/80MG COMPRESSE- 50 COMPRESSE IN BLISTER POLICLOROTRIFLUOROETILENE/PVC OPACO	EZETIMIBE/SIMVASTATINA	EZETIMIBE|SIMVASTATINA	10|80	milligrammi|milligrammi	Compressa	C10BA02	NEOPHARMED GENTILI S.P.A.	Autorizzata	Procedura Mutuo riconoscimento o Decentrata	Medicinali soggetti a prescrizione medica
036690523	036690	VYTORIN	10MG/80MG COMPRESSE- 56 COMPRESSE IN BLISTER POLICLOROTRIFLUOROETILENE/PVC OPACO	EZETIMIBE/SIMVASTATINA	EZETIMIBE|SIMVASTATINA	10|80	milligrammi|milligrammi	Compressa	C10BA02	NEOPHARMED GENTILI S.P.A.	Autorizzata	Procedura Mutuo riconoscimento o Decentrata	Medicinali soggetti a prescrizione medica
036690535	036690	VYTORIN	10MG/80MG COMPRESSE- 2X49 COMPRESSE IN BLISTER PCTFE/PVC OPACO	EZETIMIBE/SIMVASTATINA	EZETIMIBE|SIMVASTATINA	10|80	milligrammi|milligrammi	Compressa	C10BA02	NEOPHARMED GENTILI S.P.A.	Autorizzata	Procedura Mutuo riconoscimento o Decentrata	Medicinali soggetti a prescrizione medica
036690547	036690	VYTORIN	10MG/80MG COMPRESSE- 100 COMPRESSE IN BLISTER POLICLOROTRIFLUOROETILENE/PVC OPACO	EZETIMIBE/SIMVASTATINA	EZETIMIBE|SIMVASTATINA	10|80	milligrammi|milligrammi	Compressa	C10BA02	NEOPHARMED GENTILI S.P.A.	Autorizzata	Procedura Mutuo riconoscimento o Decentrata	Medicinali soggetti a prescrizione medica
036690550	036690	VYTORIN	10MG/80MG COMPRESSE- 300 COMPRESSE IN BLISTER POLICLOROTRIFLUOROETILENE/PVC OPACO	EZETIMIBE/SIMVASTATINA	EZETIMIBE|SIMVASTATINA	10|80	milligrammi|milligrammi	Compressa	C10BA02	NEOPHARMED GENTILI S.P.A.	Autorizzata	Procedura Mutuo riconoscimento o Decentrata	Medicinali soggetti a prescrizione medica
036690562	036690	VYTORIN	10MG/80MG COMPRESSE- 30 COMPRESSE IN BLISTER POLICLOROTRIFLUOROETILENE/PVC OPACO  UNIT DOSE	EZETIMIBE/SIMVASTATINA	EZETIMIBE|SIMVASTATINA	10|80	milligrammi|milligrammi	Compressa	C10BA02	NEOPHARMED GENTILI S.P.A.	Autorizzata	Procedura Mutuo riconoscimento o Decentrata	Medicinali soggetti a prescrizione medica
036690574	036690	VYTORIN	10MG/80MG COMPRESSE- 50 COMPRESSE IN BLISTER POLICLOROTRIFLUOROETILENE/PVC OPACO  UNIT DOSE	EZETIMIBE/SIMVASTATINA	EZETIMIBE|SIMVASTATINA	10|80	milligrammi|milligrammi	Compressa	C10BA02	NEOPHARMED GENTILI S.P.A.	Autorizzata	Procedura Mutuo riconoscimento o Decentrata	Medicinali soggetti a prescrizione medica
036690586	036690	VYTORIN	10MG/80MG COMPRESSE- 100 COMPRESSE IN BLISTER POLICLOROTRIFLUOROETILENE/PVC OPACO  UNIT DOSE	EZETIMIBE/SIMVASTATINA	EZETIMIBE|SIMVASTATINA	10|80	milligrammi|milligrammi	Compressa	C10BA02	NEOPHARMED GENTILI S.P.A.	Autorizzata	Procedura Mutuo riconoscimento o Decentrata	Medicinali soggetti a prescrizione medica
036690598	036690	VYTORIN	10MG/80MG COMPRESSE- 300 COMPRESSE IN BLISTER POLICLOROTRIFLUOROETILENE/PVC OPACO  UNIT DOSE	EZETIMIBE/SIMVASTATINA	EZETIMIBE|SIMVASTATINA	10|80	milligrammi|milligrammi	Compressa	C10BA02	NEOPHARMED GENTILI S.P.A.	Autorizzata	Procedura Mutuo riconoscimento o Decentrata	Medicinali soggetti a prescrizione medica
036690600	036690	VYTORIN	10 MG/10 MG COMPRESSE- 84 COMPRESSE IN BLISTER PVC/AL/PA	EZETIMIBE/SIMVASTATINA	EZETIMIBE|SIMVASTATINA	10|10	milligrammi|milligrammi	Compressa	C10BA02	NEOPHARMED GENTILI S.P.A.	Autorizzata	Procedura Mutuo riconoscimento o Decentrata	Medicinali soggetti a prescrizione medica
036690612	036690	VYTORIN	10 MG/20 MG COMPRESSE- 84 COMPRESSE IN BLISTER PCTFE/PVC/AL	EZETIMIBE/SIMVASTATINA	EZETIMIBE|SIMVASTATINA	10|20	milligrammi|milligrammi	Compressa	C10BA02	NEOPHARMED GENTILI S.P.A.	Autorizzata	Procedura Mutuo riconoscimento o Decentrata	Medicinali soggetti a prescrizione medica
036690624	036690	VYTORIN	10 MG/40 MG COMPRESSE- 84 COMPRESSE IN BLISTER PCTFE/PVC/AL	EZETIMIBE/SIMVASTATINA	EZETIMIBE|SIMVASTATINA	10|40	milligrammi|milligrammi	Compressa	C10BA02	NEOPHARMED GENTILI S.P.A.	Autorizzata	Procedura Mutuo riconoscimento o Decentrata	Medicinali soggetti a prescrizione medica
036690636	036690	VYTORIN	10 MG/80 MG COMPRESSE- 84 COMPRESSE IN BLISTER PCTFE/PVC/AL	EZETIMIBE/SIMVASTATINA	EZETIMIBE|SIMVASTATINA	10|80	milligrammi|milligrammi	Compressa	C10BA02	NEOPHARMED GENTILI S.P.A.	Autorizzata	Procedura Mutuo riconoscimento o Decentrata	Medicinali soggetti a prescrizione medica
036690648	036690	VYTORIN	10MG/10MG COMPRESSE- 2 X 49 COMPRESSE IN BLISTER PVC/AL/PA	EZETIMIBE/SIMVASTATINA	EZETIMIBE|SIMVASTATINA	10|10	milligrammi|milligrammi	Compressa	C10BA02	NEOPHARMED GENTILI S.P.A.	Autorizzata	Procedura Mutuo riconoscimento o Decentrata	Medicinali soggetti a prescrizione medica
036690651	036690	VYTORIN	10 MG/40 MG COMPRESSE- 98 COMPRESSE IN BLISTER PCTFE/PVC/AL	EZETIMIBE/SIMVASTATINA	EZETIMIBE|SIMVASTATINA	10|40	milligrammi|milligrammi	Compressa	C10BA02	NEOPHARMED GENTILI S.P.A.	Autorizzata	Procedura Mutuo riconoscimento o Decentrata	Medicinali soggetti a prescrizione medica
036690663	036690	VYTORIN	10 MG/80 MG COMPRESSE- 98 COMPRESSE IN BLISTER PCTFE/PVC/AL	EZETIMIBE/SIMVASTATINA	EZETIMIBE|SIMVASTATINA	10|80	milligrammi|milligrammi	Compressa	C10BA02	NEOPHARMED GENTILI S.P.A.	Autorizzata	Procedura Mutuo riconoscimento o Decentrata	Medicinali soggetti a prescrizione medica
043413018	043413	EZETIMIBE E SIMVASTATINA MYLAN	10MG/10MG COMPRESSE- 14 COMPRESSE IN BLISTER PVC/ACLAR-AL	EZETIMIBE/SIMVASTATINA	EZETIMIBE|SIMVASTATINA	10|10	milligrammi|milligrammi	Compressa	C10BA02	MYLAN S.P.A.	Autorizzata	Procedura Mutuo riconoscimento o Decentrata	Medicinali soggetti a prescrizione medica
043413020	043413	EZETIMIBE E SIMVASTATINA MYLAN	10MG/10MG COMPRESSE- 28 COMPRESSE IN BLISTER PVC/ACLAR-AL	EZETIMIBE/SIMVASTATINA	EZETIMIBE|SIMVASTATINA	10|10	milligrammi|milligrammi	Compressa	C10BA02	MYLAN S.P.A.	Autorizzata	Procedura Mutuo riconoscimento o Decentrata	Medicinali soggetti a prescrizione medica
043413032	043413	EZETIMIBE E SIMVASTATINA MYLAN	10MG/10MG COMPRESSE- 30 COMPRESSE IN BLISTER PVC/ACLAR-AL	EZETIMIBE/SIMVASTATINA	EZETIMIBE|SIMVASTATINA	10|10	milligrammi|milligrammi	Compressa	C10BA02	MYLAN S.P.A.	Autorizzata	Procedura Mutuo riconoscimento o Decentrata	Medicinali soggetti a prescrizione medica
043413044	043413	EZETIMIBE E SIMVASTATINA MYLAN	10MG/10MG COMPRESSE- 100 COMPRESSE IN BLISTER PVC/ACLAR-AL	EZETIMIBE/SIMVASTATINA	EZETIMIBE|SIMVASTATINA	10|10	milligrammi|milligrammi	Compressa	C10BA02	MYLAN S.P.A.	Autorizzata	Procedura Mutuo riconoscimento o Decentrata	Medicinali soggetti a prescrizione medica
043413057	043413	EZETIMIBE E SIMVASTATINA MYLAN	10MG/10MG COMPRESSE- 14X1 COMPRESSE IN BLISTER PVC/ACLAR-AL	EZETIMIBE/SIMVASTATINA	EZETIMIBE|SIMVASTATINA	10|10	milligrammi|milligrammi	Compressa	C10BA02	MYLAN S.P.A.	Autorizzata	Procedura Mutuo riconoscimento o Decentrata	Medicinali soggetti a prescrizione medica
043413069	043413	EZETIMIBE E SIMVASTATINA MYLAN	10MG/10MG COMPRESSE- 28X1 COMPRESSE IN BLISTER PVC/ACLAR-AL	EZETIMIBE/SIMVASTATINA	EZETIMIBE|SIMVASTATINA	10|10	milligrammi|milligrammi	Compressa	C10BA02	MYLAN S.P.A.	Autorizzata	Procedura Mutuo riconoscimento o Decentrata	Medicinali soggetti a prescrizione medica
043413071	043413	EZETIMIBE E SIMVASTATINA MYLAN	10MG/10MG COMPRESSE- 30 COMPRESSE IN FLACONE HDPE	EZETIMIBE/SIMVASTATINA	EZETIMIBE|SIMVASTATINA	10|10	milligrammi|milligrammi	Compressa	C10BA02	MYLAN S.P.A.	Autorizzata	Procedura Mutuo riconoscimento o Decentrata	Medicinali soggetti a prescrizione medica
043413083	043413	EZETIMIBE E SIMVASTATINA MYLAN	10MG/10MG COMPRESSE- 100 COMPRESSE IN FLACONE HDPE	EZETIMIBE/SIMVASTATINA	EZETIMIBE|SIMVASTATINA	10|10	milligrammi|milligrammi	Compressa	C10BA02	MYLAN S.P.A.	Autorizzata	Procedura Mutuo riconoscimento o Decentrata	Medicinali soggetti a prescrizione medica
043413095	043413	EZETIMIBE E SIMVASTATINA MYLAN	10MG/20MG COMPRESSE- 14 COMPRESSE IN BLISTER PVC/ACLAR-AL	EZETIMIBE/SIMVASTATINA	EZETIMIBE|SIMVASTATINA	10|20	milligrammi|milligrammi	Compressa	C10BA02	MYLAN S.P.A.	Autorizzata	Procedura Mutuo riconoscimento o Decentrata	Medicinali soggetti a prescrizione medica
043413107	043413	EZETIMIBE E SIMVASTATINA MYLAN	10MG/20MG COMPRESSE- 28 COMPRESSE IN BLISTER PVC/ACLAR-AL	EZETIMIBE/SIMVASTATINA	EZETIMIBE|SIMVASTATINA	10|10	milligrammi|milligrammi	Compressa	C10BA02	MYLAN S.P.A.	Autorizzata	Procedura Mutuo riconoscimento o Decentrata	Medicinali soggetti a prescrizione medica
043413119	043413	EZETIMIBE E SIMVASTATINA MYLAN	10MG/20MG COMPRESSE- 30 COMPRESSE IN BLISTER PVC/ACLAR-AL	EZETIMIBE/SIMVASTATINA	EZETIMIBE|SIMVASTATINA	10|20	milligrammi|milligrammi	Compressa	C10BA02	MYLAN S.P.A.	Autorizzata	Procedura Mutuo riconoscimento o Decentrata	Medicinali soggetti a prescrizione medica
043413121	043413	EZETIMIBE E SIMVASTATINA MYLAN	10MG/20MG COMPRESSE- 98 COMPRESSE IN BLISTER PVC/ACLAR-AL	EZETIMIBE/SIMVASTATINA	EZETIMIBE|SIMVASTATINA	10|20	milligrammi|milligrammi	Compressa	C10BA02	MYLAN S.P.A.	Autorizzata	Procedura Mutuo riconoscimento o Decentrata	Medicinali soggetti a prescrizione medica
043413133	043413	EZETIMIBE E SIMVASTATINA MYLAN	10MG/20MG COMPRESSE- 100 COMPRESSE IN BLISTER PVC/ACLAR-AL	EZETIMIBE/SIMVASTATINA	EZETIMIBE|SIMVASTATINA	10|20	milligrammi|milligrammi	Compressa	C10BA02	MYLAN S.P.A.	Autorizzata	Procedura Mutuo riconoscimento o Decentrata	Medicinali soggetti a prescrizione medica
043413145	043413	EZETIMIBE E SIMVASTATINA MYLAN	10MG/20MG COMPRESSE- 14X1 COMPRESSE IN BLISTER PVC/ACLAR-AL	EZETIMIBE/SIMVASTATINA	EZETIMIBE|SIMVASTATINA	10|20	milligrammi|milligrammi	Compressa	C10BA02	MYLAN S.P.A.	Autorizzata	Procedura Mutuo riconoscimento o Decentrata	Medicinali soggetti a prescrizione medica
043413158	043413	EZETIMIBE E SIMVASTATINA MYLAN	10MG/20MG COMPRESSE- 28X1 COMPRESSE IN BLISTER PVC/ACLAR-AL	EZETIMIBE/SIMVASTATINA	EZETIMIBE|SIMVASTATINA	10|20	milligrammi|milligrammi	Compressa	C10BA02	MYLAN S.P.A.	Autorizzata	Procedura Mutuo riconoscimento o Decentrata	Medicinali soggetti a prescrizione medica
043413160	043413	EZETIMIBE E SIMVASTATINA MYLAN	10MG/20MG COMPRESSE- 30X1 COMPRESSE IN BLISTER PVC/ACLAR-AL	EZETIMIBE/SIMVASTATINA	EZETIMIBE|SIMVASTATINA	10|20	milligrammi|milligrammi	Compressa	C10BA02	MYLAN S.P.A.	Autorizzata	Procedura Mutuo riconoscimento o Decentrata	Medicinali soggetti a prescrizione medica
043413172	043413	EZETIMIBE E SIMVASTATINA MYLAN	10MG/20MG COMPRESSE- 90X1 COMPRESSE IN BLISTER PVC/ACLAR-AL	EZETIMIBE/SIMVASTATINA	EZETIMIBE|SIMVASTATINA	10|20	milligrammi|milligrammi	Compressa	C10BA02	MYLAN S.P.A.	Autorizzata	Procedura Mutuo riconoscimento o Decentrata	Medicinali soggetti a prescrizione medica
043413184	043413	EZETIMIBE E SIMVASTATINA MYLAN	10MG/20MG COMPRESSE- 30 COMPRESSE IN FLACONE HDPE	EZETIMIBE/SIMVASTATINA	EZETIMIBE|SIMVASTATINA	10|20	milligrammi|milligrammi	Compressa	C10BA02	MYLAN S.P.A.	Autorizzata	Procedura Mutuo riconoscimento o Decentrata	Medicinali soggetti a prescrizione medica
043413196	043413	EZETIMIBE E SIMVASTATINA MYLAN	10MG/20MG COMPRESSE- 100 COMPRESSE IN FLACONE HDPE	EZETIMIBE/SIMVASTATINA	EZETIMIBE|SIMVASTATINA	10|20	milligrammi|milligrammi	Compressa	C10BA02	MYLAN S.P.A.	Autorizzata	Procedura Mutuo riconoscimento o Decentrata	Medicinali soggetti a prescrizione medica
043413208	043413	EZETIMIBE E SIMVASTATINA MYLAN	10MG/20MG COMPRESSE- 250 COMPRESSE IN FLACONE HDPE	EZETIMIBE/SIMVASTATINA	EZETIMIBE|SIMVASTATINA	10|20	milligrammi|milligrammi	Compressa	C10BA02	MYLAN S.P.A.	Autorizzata	Procedura Mutuo riconoscimento o Decentrata	Medicinali soggetti a prescrizione medica limitativa, utilizzabili esclusivamente in ambiente ospedaliero o in una struttura ad esso assimilabile
043413210	043413	EZETIMIBE E SIMVASTATINA MYLAN	10MG/20MG COMPRESSE- 500 COMPRESSE IN FLACONE HDPE	EZETIMIBE/SIMVASTATINA	EZETIMIBE|SIMVASTATINA	10|20	milligrammi|milligrammi	Compressa	C10BA02	MYLAN S.P.A.	Autorizzata	Procedura Mutuo riconoscimento o Decentrata	Medicinali soggetti a prescrizione medica limitativa, utilizzabili esclusivamente in ambiente ospedaliero o in una struttura ad esso assimilabile
043413222	043413	EZETIMIBE E SIMVASTATINA MYLAN	10MG/40MG COMPRESSE- 14 COMPRESSE IN BLISTER PVC/ACLAR-AL	EZETIMIBE/SIMVASTATINA	EZETIMIBE|SIMVASTATINA	10|40	milligrammi|milligrammi	Compressa	C10BA02	MYLAN S.P.A.	Autorizzata	Procedura Mutuo riconoscimento o Decentrata	Medicinali soggetti a prescrizione medica
043413234	043413	EZETIMIBE E SIMVASTATINA MYLAN	10MG/40MG COMPRESSE- 28 COMPRESSE IN BLISTER PVC/ACLAR-AL	EZETIMIBE/SIMVASTATINA	EZETIMIBE|SIMVASTATINA	10|40	milligrammi|milligrammi	Compressa	C10BA02	MYLAN S.P.A.	Autorizzata	Procedura Mutuo riconoscimento o Decentrata	Medicinali soggetti a prescrizione medica
043413246	043413	EZETIMIBE E SIMVASTATINA MYLAN	10MG/40MG COMPRESSE- 30 COMPRESSE IN BLISTER PVC/ACLAR-AL	EZETIMIBE/SIMVASTATINA	EZETIMIBE|SIMVASTATINA	10|40	milligrammi|milligrammi	Compressa	C10BA02	MYLAN S.P.A.	Autorizzata	Procedura Mutuo riconoscimento o Decentrata	Medicinali soggetti a prescrizione medica
043413259	043413	EZETIMIBE E SIMVASTATINA MYLAN	10MG/40MG COMPRESSE- 98 COMPRESSE IN BLISTER PVC/ACLAR-AL	EZETIMIBE/SIMVASTATINA	EZETIMIBE|SIMVASTATINA	10|40	milligrammi|milligrammi	Compressa	C10BA02	MYLAN S.P.A.	Autorizzata	Procedura Mutuo riconoscimento o Decentrata	Medicinali soggetti a prescrizione medica
043413261	043413	EZETIMIBE E SIMVASTATINA MYLAN	10MG/40MG COMPRESSE- 100 COMPRESSE IN BLISTER PVC/ACLAR-AL	EZETIMIBE/SIMVASTATINA	EZETIMIBE|SIMVASTATINA	10|40	milligrammi|milligrammi	Compressa	C10BA02	MYLAN S.P.A.	Autorizzata	Procedura Mutuo riconoscimento o Decentrata	Medicinali soggetti a prescrizione medica
043413273	043413	EZETIMIBE E SIMVASTATINA MYLAN	10MG/40MG COMPRESSE- 14X1 COMPRESSE IN BLISTER PVC/ACLAR-AL	EZETIMIBE/SIMVASTATINA	EZETIMIBE|SIMVASTATINA	10|40	milligrammi|milligrammi	Compressa	C10BA02	MYLAN S.P.A.	Autorizzata	Procedura Mutuo riconoscimento o Decentrata	Medicinali soggetti a prescrizione medica
043413285	043413	EZETIMIBE E SIMVASTATINA MYLAN	10MG/40MG COMPRESSE- 28X1 COMPRESSE IN BLISTER PVC/ACLAR-AL	EZETIMIBE/SIMVASTATINA	EZETIMIBE|SIMVASTATINA	10|40	milligrammi|milligrammi	Compressa	C10BA02	MYLAN S.P.A.	Autorizzata	Procedura Mutuo riconoscimento o Decentrata	Medicinali soggetti a prescrizione medica
043413297	043413	EZETIMIBE E SIMVASTATINA MYLAN	10MG/40MG COMPRESSE- 30X1 COMPRESSE IN BLISTER PVC/ACLAR-AL	EZETIMIBE/SIMVASTATINA	EZETIMIBE|SIMVASTATINA	10|40	milligrammi|milligrammi	Compressa	C10BA02	MYLAN S.P.A.	Autorizzata	Procedura Mutuo riconoscimento o Decentrata	Medicinali soggetti a prescrizione medica
043413309	043413	EZETIMIBE E SIMVASTATINA MYLAN	10MG/40MG COMPRESSE- 90X1 COMPRESSE IN BLISTER PVC/ACLAR-AL	EZETIMIBE/SIMVASTATINA	EZETIMIBE|SIMVASTATINA	10|40	milligrammi|milligrammi	Compressa	C10BA02	MYLAN S.P.A.	Autorizzata	Procedura Mutuo riconoscimento o Decentrata	Medicinali soggetti a prescrizione medica
043413311	043413	EZETIMIBE E SIMVASTATINA MYLAN	10MG/40MG COMPRESSE- 30 COMPRESSE IN FLACONE HDPE	EZETIMIBE/SIMVASTATINA	EZETIMIBE|SIMVASTATINA	10|40	milligrammi|milligrammi	Compressa	C10BA02	MYLAN S.P.A.	Autorizzata	Procedura Mutuo riconoscimento o Decentrata	Medicinali soggetti a prescrizione medica
043413323	043413	EZETIMIBE E SIMVASTATINA MYLAN	10MG/40MG COMPRESSE- 100 COMPRESSE IN FLACONE HDPE	EZETIMIBE/SIMVASTATINA	EZETIMIBE|SIMVASTATINA	10|40	milligrammi|milligrammi	Compressa	C10BA02	MYLAN S.P.A.	Autorizzata	Procedura Mutuo riconoscimento o Decentrata	Medicinali soggetti a prescrizione medica
043413335	043413	EZETIMIBE E SIMVASTATINA MYLAN	10MG/40MG COMPRESSE- 250 COMPRESSE IN FLACONE HDPE	EZETIMIBE/SIMVASTATINA	EZETIMIBE|SIMVASTATINA	10|40	milligrammi|milligrammi	Compressa	C10BA02	MYLAN S.P.A.	Autorizzata	Procedura Mutuo riconoscimento o Decentrata	Medicinali soggetti a prescrizione medica limitativa, utilizzabili esclusivamente in ambiente ospedaliero o in una struttura ad esso assimilabile
043413347	043413	EZETIMIBE E SIMVASTATINA MYLAN	10MG/40MG COMPRESSE- 500 COMPRESSE IN FLACONE HDPE	EZETIMIBE/SIMVASTATINA	EZETIMIBE|SIMVASTATINA	10|40	milligrammi|milligrammi	Compressa	C10BA02	MYLAN S.P.A.	Autorizzata	Procedura Mutuo riconoscimento o Decentrata	Medicinali soggetti a prescrizione medica limitativa, utilizzabili esclusivamente in ambiente ospedaliero o in una struttura ad esso assimilabile
043413350	043413	EZETIMIBE E SIMVASTATINA MYLAN	10MG/20MG COMPRESSE- 28 COMPRESSE IN BLISTER PVC/ACLAR-AL CON CALENDARIO	EZETIMIBE/SIMVASTATINA	EZETIMIBE|SIMVASTATINA	10|20	milligrammi|milligrammi	Compressa	C10BA02	MYLAN S.P.A.	Autorizzata	Procedura Mutuo riconoscimento o Decentrata	Medicinali soggetti a prescrizione medica
043413362	043413	EZETIMIBE E SIMVASTATINA MYLAN	10MG/40MG COMPRESSE- 28 COMPRESSE IN BLISTER PVC/ACLAR-AL CON CALENDARIO	EZETIMIBE/SIMVASTATINA	EZETIMIBE|SIMVASTATINA	10|40	milligrammi|milligrammi	Compressa	C10BA02	MYLAN S.P.A.	Autorizzata	Procedura Mutuo riconoscimento o Decentrata	Medicinali soggetti a prescrizione medica
043413374	043413	EZETIMIBE E SIMVASTATINA MYLAN	10MG/10MG COMPRESSE- 28 COMPRESSE IN BLISTER PVC/PVDC/AL	EZETIMIBE/SIMVASTATINA	EZETIMIBE|SIMVASTATINA	10|10	milligrammi|milligrammi	Compressa	C10BA02	MYLAN S.P.A.	Autorizzata	Procedura Mutuo riconoscimento o Decentrata	Medicinali soggetti a prescrizione medica
043413386	043413	EZETIMIBE E SIMVASTATINA MYLAN	10MG/10MG COMPRESSE- 30 COMPRESSE IN BLISTER PVC/PVDC/AL	EZETIMIBE/SIMVASTATINA	EZETIMIBE|SIMVASTATINA	10|10	milligrammi|milligrammi	Compressa	C10BA02	MYLAN S.P.A.	Autorizzata	Procedura Mutuo riconoscimento o Decentrata	Medicinali soggetti a prescrizione medica
043413398	043413	EZETIMIBE E SIMVASTATINA MYLAN	10MG/10MG COMPRESSE- 100 COMPRESSE IN BLISTER PVC/PVDC/AL	EZETIMIBE/SIMVASTATINA	EZETIMIBE|SIMVASTATINA	10|10	milligrammi|milligrammi	Compressa	C10BA02	MYLAN S.P.A.	Autorizzata	Procedura Mutuo riconoscimento o Decentrata	Medicinali soggetti a prescrizione medica
043413400	043413	EZETIMIBE E SIMVASTATINA MYLAN	10MG/20MG COMPRESSE- 14 COMPRESSE IN BLISTER PVC/PVDC/AL	EZETIMIBE/SIMVASTATINA	EZETIMIBE|SIMVASTATINA	10|20	milligrammi|milligrammi	Compressa	C10BA02	MYLAN S.P.A.	Autorizzata	Procedura Mutuo riconoscimento o Decentrata	Medicinali soggetti a prescrizione medica
043413412	043413	EZETIMIBE E SIMVASTATINA MYLAN	10MG/20MG COMPRESSE- 28 COMPRESSE IN BLISTER PVC/PVDC/AL	EZETIMIBE/SIMVASTATINA	EZETIMIBE|SIMVASTATINA	10|20	milligrammi|milligrammi	Compressa	C10BA02	MYLAN S.P.A.	Autorizzata	Procedura Mutuo riconoscimento o Decentrata	Medicinali soggetti a prescrizione medica
043413424	043413	EZETIMIBE E SIMVASTATINA MYLAN	10MG/20MG COMPRESSE- 30 COMPRESSE IN BLISTER PVC/PVDC/AL	EZETIMIBE/SIMVASTATINA	EZETIMIBE|SIMVASTATINA	10|20	milligrammi|milligrammi	Compressa	C10BA02	MYLAN S.P.A.	Autorizzata	Procedura Mutuo riconoscimento o Decentrata	Medicinali soggetti a prescrizione medica
043413436	043413	EZETIMIBE E SIMVASTATINA MYLAN	10MG/20MG COMPRESSE- 98 COMPRESSE IN BLISTER PVC/PVDC/AL	EZETIMIBE/SIMVASTATINA	EZETIMIBE|SIMVASTATINA	10|20	milligrammi|milligrammi	Compressa	C10BA02	MYLAN S.P.A.	Autorizzata	Procedura Mutuo riconoscimento o Decentrata	Medicinali soggetti a prescrizione medica
043413448	043413	EZETIMIBE E SIMVASTATINA MYLAN	10MG/20MG COMPRESSE- 100 COMPRESSE IN BLISTER PVC/PVDC/AL	EZETIMIBE/SIMVASTATINA	EZETIMIBE|SIMVASTATINA	10|20	milligrammi|milligrammi	Compressa	C10BA02	MYLAN S.P.A.	Autorizzata	Procedura Mutuo riconoscimento o Decentrata	Medicinali soggetti a prescrizione medica
043413451	043413	EZETIMIBE E SIMVASTATINA MYLAN	10MG/40MG COMPRESSE- 14 COMPRESSE IN BLISTER PVC/PVDC/AL	EZETIMIBE/SIMVASTATINA	EZETIMIBE|SIMVASTATINA	10|40	milligrammi|milligrammi	Compressa	C10BA02	MYLAN S.P.A.	Autorizzata	Procedura Mutuo riconoscimento o Decentrata	Medicinali soggetti a prescrizione medica
043413463	043413	EZETIMIBE E SIMVASTATINA MYLAN	10MG/40MG COMPRESSE- 28 COMPRESSE IN BLISTER PVC/PVDC/AL	EZETIMIBE/SIMVASTATINA	EZETIMIBE|SIMVASTATINA	10|40	milligrammi|milligrammi	Compressa	C10BA02	MYLAN S.P.A.	Autorizzata	Procedura Mutuo riconoscimento o Decentrata	Medicinali soggetti a prescrizione medica
043413475	043413	EZETIMIBE E SIMVASTATINA MYLAN	10MG/40MG COMPRESSE- 30 COMPRESSE IN BLISTER PVC/PVDC/AL	EZETIMIBE/SIMVASTATINA	EZETIMIBE|SIMVASTATINA	10|40	milligrammi|milligrammi	Compressa	C10BA02	MYLAN S.P.A.	Autorizzata	Procedura Mutuo riconoscimento o Decentrata	Medicinali soggetti a prescrizione medica
043413487	043413	EZETIMIBE E SIMVASTATINA MYLAN	10MG/40MG COMPRESSE- 98 COMPRESSE IN BLISTER PVC/PVDC/AL	EZETIMIBE/SIMVASTATINA	EZETIMIBE|SIMVASTATINA	10|40	milligrammi|milligrammi	Compressa	C10BA02	MYLAN S.P.A.	Autorizzata	Procedura Mutuo riconoscimento o Decentrata	Medicinali soggetti a prescrizione medica
043413499	043413	EZETIMIBE E SIMVASTATINA MYLAN	10MG/40MG COMPRESSE- 100 COMPRESSE IN BLISTER PVC/PVDC/AL	EZETIMIBE/SIMVASTATINA	EZETIMIBE|SIMVASTATINA	10|40	milligrammi|milligrammi	Compressa	C10BA02	MYLAN S.P.A.	Autorizzata	Procedura Mutuo riconoscimento o Decentrata	Medicinali soggetti a prescrizione medica
043413501	043413	EZETIMIBE E SIMVASTATINA MYLAN	10MG/10MG COMPRESSE- 14X1 COMPRESSE IN BLISTER DIVISIBILE PER DOSE UNITARIA IN PVC/PVDC/AL	EZETIMIBE/SIMVASTATINA	EZETIMIBE|SIMVASTATINA	10|10	milligrammi|milligrammi	Compressa	C10BA02	MYLAN S.P.A.	Autorizzata	Procedura Mutuo riconoscimento o Decentrata	Medicinali soggetti a prescrizione medica
043413513	043413	EZETIMIBE E SIMVASTATINA MYLAN	10MG/10MG COMPRESSE- 28X1 COMPRESSE IN BLISTER DIVISIBILE PER DOSE UNITARIA IN PVC/PVDC/AL	EZETIMIBE/SIMVASTATINA	EZETIMIBE|SIMVASTATINA	10|10	milligrammi|milligrammi	Compressa	C10BA02	MYLAN S.P.A.	Autorizzata	Procedura Mutuo riconoscimento o Decentrata	Medicinali soggetti a prescrizione medica
043413525	043413	EZETIMIBE E SIMVASTATINA MYLAN	10MG/20MG COMPRESSE- 14X1 COMPRESSE IN BLISTER DIVISIBILE PER DOSE UNITARIA IN PVC/PVDC/AL	EZETIMIBE/SIMVASTATINA	EZETIMIBE|SIMVASTATINA	10|20	milligrammi|milligrammi	Compressa	C10BA02	MYLAN S.P.A.	Autorizzata	Procedura Mutuo riconoscimento o Decentrata	Medicinali soggetti a prescrizione medica
043413537	043413	EZETIMIBE E SIMVASTATINA MYLAN	10MG/20MG COMPRESSE- 28X1 COMPRESSE IN BLISTER DIVISIBILE PER DOSE UNITARIA IN PVC/PVDC/AL	EZETIMIBE/SIMVASTATINA	EZETIMIBE|SIMVASTATINA	10|20	milligrammi|milligrammi	Compressa	C10BA02	MYLAN S.P.A.	Autorizzata	Procedura Mutuo riconoscimento o Decentrata	Medicinali soggetti a prescrizione medica
043413549	043413	EZETIMIBE E SIMVASTATINA MYLAN	10MG/20MG COMPRESSE- 30X1 COMPRESSE IN BLISTER DIVISIBILE PER DOSE UNITARIA IN PVC/PVDC/AL	EZETIMIBE/SIMVASTATINA	EZETIMIBE|SIMVASTATINA	10|20	milligrammi|milligrammi	Compressa	C10BA02	MYLAN S.P.A.	Autorizzata	Procedura Mutuo riconoscimento o Decentrata	Medicinali soggetti a prescrizione medica
043413552	043413	EZETIMIBE E SIMVASTATINA MYLAN	10MG/20MG COMPRESSE- 90X1 COMPRESSE IN BLISTER DIVISIBILE PER DOSE UNITARIA IN PVC/PVDC/AL	EZETIMIBE/SIMVASTATINA	EZETIMIBE|SIMVASTATINA	10|20	milligrammi|milligrammi	Compressa	C10BA02	MYLAN S.P.A.	Autorizzata	Procedura Mutuo riconoscimento o Decentrata	Medicinali soggetti a prescrizione medica
043413564	043413	EZETIMIBE E SIMVASTATINA MYLAN	10MG/40MG COMPRESSE- 14X1 COMPRESSE IN BLISTER DIVISIBILE PER DOSE UNITARIA IN PVC/PVDC/AL	EZETIMIBE/SIMVASTATINA	EZETIMIBE|SIMVASTATINA	10|40	milligrammi|milligrammi	Compressa	C10BA02	MYLAN S.P.A.	Autorizzata	Procedura Mutuo riconoscimento o Decentrata	Medicinali soggetti a prescrizione medica
043413576	043413	EZETIMIBE E SIMVASTATINA MYLAN	10MG/40MG COMPRESSE- 28X1 COMPRESSE IN BLISTER DIVISIBILE PER DOSE UNITARIA IN PVC/PVDC/AL	EZETIMIBE/SIMVASTATINA	EZETIMIBE|SIMVASTATINA	10|40	milligrammi|milligrammi	Compressa	C10BA02	MYLAN S.P.A.	Autorizzata	Procedura Mutuo riconoscimento o Decentrata	Medicinali soggetti a prescrizione medica
043413588	043413	EZETIMIBE E SIMVASTATINA MYLAN	10MG/40MG COMPRESSE- 30X1 COMPRESSE IN BLISTER DIVISIBILE PER DOSE UNITARIA IN PVC/PVDC/AL	EZETIMIBE/SIMVASTATINA	EZETIMIBE|SIMVASTATINA	10|40	milligrammi|milligrammi	Compressa	C10BA02	MYLAN S.P.A.	Autorizzata	Procedura Mutuo riconoscimento o Decentrata	Medicinali soggetti a prescrizione medica
043413590	043413	EZETIMIBE E SIMVASTATINA MYLAN	10MG/40MG COMPRESSE- 90X1 COMPRESSE IN BLISTER DIVISIBILE PER DOSE UNITARIA IN PVC/PVDC/AL	EZETIMIBE/SIMVASTATINA	EZETIMIBE|SIMVASTATINA	10|40	milligrammi|milligrammi	Compressa	C10BA02	MYLAN S.P.A.	Autorizzata	Procedura Mutuo riconoscimento o Decentrata	Medicinali soggetti a prescrizione medica
044087029	044087	EZETIMIBE E SIMVASTATINA SUN	10 MG/20 MG COMPRESSE- 30 COMPRESSE IN BLISTER OPA/AL/PVC/AL	EZETIMIBE/SIMVASTATINA	EZETIMIBE|SIMVASTATINA	|	|	Compressa	C10BA02	SUN PHARMACEUTICAL INDUSTRIES (EUROPE) B.V.	Autorizzata	Procedura Mutuo riconoscimento o Decentrata	Medicinali soggetti a prescrizione medica
044087031	044087	EZETIMIBE E SIMVASTATINA SUN	10 MG/40 MG COMPRESSE- 30 COMPRESSE IN BLISTER OPA/AL/PVC/AL	EZETIMIBE/SIMVASTATINA	EZETIMIBE|SIMVASTATINA	|	|	Compressa	C10BA02	SUN PHARMACEUTICAL INDUSTRIES (EUROPE) B.V.	Autorizzata	Procedura Mutuo riconoscimento o Decentrata	Medicinali soggetti a prescrizione medica
044602011	044602	EZETIMIBE E SIMVASTATINA DOC GENERICI	10 MG/10 MG COMPRESSE- 30 COMPRESSE IN BLISTER OPA/AL/PVC/AL	EZETIMIBE/SIMVASTATINA	EZETIMIBE|SIMVASTATINA	10|10	milligrammi|milligrammi	Compressa	C10BA02	DOC GENERICI SRL	Autorizzata	Procedura Mutuo riconoscimento o Decentrata	Medicinali soggetti a prescrizione medica
044602035	044602	EZETIMIBE E SIMVASTATINA DOC GENERICI	10 MG/20 MG COMPRESSE- 30 COMPRESSE IN BLISTER OPA/AL/PVC/AL	EZETIMIBE/SIMVASTATINA	EZETIMIBE|SIMVASTATINA	10|20	milligrammi|milligrammi	Compressa	C10BA02	DOC GENERICI SRL	Autorizzata	Procedura Mutuo riconoscimento o Decentrata	Medicinali soggetti a prescrizione medica
044602050	044602	EZETIMIBE E SIMVASTATINA DOC GENERICI	10 MG/40 MG COMPRESSE- 30 COMPRESSE IN BLISTER OPA/AL/PVC/AL	EZETIMIBE/SIMVASTATINA	EZETIMIBE|SIMVASTATINA	10|40	milligrammi|milligrammi	Compressa	C10BA02	DOC GENERICI SRL	Autorizzata	Procedura Mutuo riconoscimento o Decentrata	Medicinali soggetti a prescrizione medica
044602074	044602	EZETIMIBE E SIMVASTATINA DOC GENERICI	10 MG/80 MG COMPRESSE- 30 COMPRESSE IN BLISTER OPA/AL/PVC/AL	EZETIMIBE/SIMVASTATINA	EZETIMIBE|SIMVASTATINA	10|10	milligrammi|milligrammi	Compressa	C10BA02	DOC GENERICI SRL	Autorizzata	Procedura Mutuo riconoscimento o Decentrata	Medicinali soggetti a prescrizione medica
044605018	044605	STATICOL	10 MG/10 MG COMPRESSE- 30 COMPRESSE IN BLISTER OPA/AL/PVC/AL	EZETIMIBE/SIMVASTATINA	EZETIMIBE|SIMVASTATINA	|	|	Compressa	C10BA02	S.F. GROUP S.R.L.	Autorizzata	Procedura Mutuo riconoscimento o Decentrata	Medicinali soggetti a prescrizione medica
044605032	044605	STATICOL	10 MG/20 MG COMPRESSE- 30 COMPRESSE IN BLISTER OPA/AL/PVC/AL	EZETIMIBE/SIMVASTATINA	EZETIMIBE|SIMVASTATINA	|	|	Compressa	C10BA02	S.F. GROUP S.R.L.	Autorizzata	Procedura Mutuo riconoscimento o Decentrata	Medicinali soggetti a prescrizione medica
044605057	044605	STATICOL	10 MG/40 MG COMPRESSE- 30 COMPRESSE IN BLISTER OPA/AL/PVC/AL	EZETIMIBE/SIMVASTATINA	EZETIMIBE|SIMVASTATINA	|	|	Compressa	C10BA02	S.F. GROUP S.R.L.	Autorizzata	Procedura Mutuo riconoscimento o Decentrata	Medicinali soggetti a prescrizione medica
044605071	044605	STATICOL	10 MG/80 MG COMPRESSE- 30 COMPRESSE IN BLISTER OPA/AL/PVC/AL	EZETIMIBE/SIMVASTATINA	EZETIMIBE|SIMVASTATINA	|	|	Compressa	C10BA02	S.F. GROUP S.R.L.	Autorizzata	Procedura Mutuo riconoscimento o Decentrata	Medicinali soggetti a prescrizione medica
044606010	044606	ZESTAN	10 MG/10 MG COMPRESSE- 30 COMPRESSE IN BLISTER OPA/AL/PVC/AL	EZETIMIBE/SIMVASTATINA	EZETIMIBE|SIMVASTATINA	|	|	Compressa	C10BA02	S.F. GROUP S.R.L.	Autorizzata	Procedura Mutuo riconoscimento o Decentrata	Medicinali soggetti a prescrizione medica
044606034	044606	ZESTAN	10 MG/20 MG COMPRESSE- 30 COMPRESSE IN BLISTER OPA/AL/PVC/AL	EZETIMIBE/SIMVASTATINA	EZETIMIBE|SIMVASTATINA	|	|	Compressa	C10BA02	S.F. GROUP S.R.L.	Autorizzata	Procedura Mutuo riconoscimento o Decentrata	Medicinali soggetti a prescrizione medica
044606059	044606	ZESTAN	10 MG/40 MG COMPRESSE- 30 COMPRESSE IN BLISTER OPA/AL/PVC/AL	EZETIMIBE/SIMVASTATINA	EZETIMIBE|SIMVASTATINA	|	|	Compressa	C10BA02	S.F. GROUP S.R.L.	Autorizzata	Procedura Mutuo riconoscimento o Decentrata	Medicinali soggetti a prescrizione medica
044606073	044606	ZESTAN	10 MG/80 MG COMPRESSE- 30 COMPRESSE IN BLISTER OPA/AL/PVC/AL	EZETIMIBE/SIMVASTATINA	EZETIMIBE|SIMVASTATINA	|	|	Compressa	C10BA02	S.F. GROUP S.R.L.	Autorizzata	Procedura Mutuo riconoscimento o Decentrata	Medicinali soggetti a prescrizione medica
044609016	044609	EZETIMIBE E SIMVASTATINA EG	10 MG/10 MG COMPRESSE- 28 COMPRESSE IN BLISTER OPA/AL/PVC/AL	EZETIMIBE/SIMVASTATINA	EZETIMIBE|SIMVASTATINA	10|10	milligrammi|milligrammi	Compressa	C10BA02	EG S.P.A.	Autorizzata	Procedura Mutuo riconoscimento o Decentrata	Medicinali soggetti a prescrizione medica
044609030	044609	EZETIMIBE E SIMVASTATINA EG	10 MG/10 MG COMPRESSE- 100 COMPRESSE IN BLISTER OPA/AL/PVC/AL	EZETIMIBE/SIMVASTATINA	EZETIMIBE|SIMVASTATINA	10|10	milligrammi|milligrammi	Compressa	C10BA02	EG S.P.A.	Autorizzata	Procedura Mutuo riconoscimento o Decentrata	Medicinali soggetti a prescrizione medica
044609042	044609	EZETIMIBE E SIMVASTATINA EG	10 MG/10 MG COMPRESSE- 14 COMPRESSE IN BLISTER OPA/AL/PVC/AL	EZETIMIBE/SIMVASTATINA	EZETIMIBE|SIMVASTATINA	10|10	milligrammi|milligrammi	Compressa	C10BA02	EG S.P.A.	Autorizzata	Procedura Mutuo riconoscimento o Decentrata	Medicinali soggetti a prescrizione medica
044609055	044609	EZETIMIBE E SIMVASTATINA EG	10 MG/10 MG COMPRESSE- 98 COMPRESSE IN BLISTER OPA/AL/PVC/AL	EZETIMIBE/SIMVASTATINA	EZETIMIBE|SIMVASTATINA	10|10	milligrammi|milligrammi	Compressa	C10BA02	EG S.P.A.	Autorizzata	Procedura Mutuo riconoscimento o Decentrata	Medicinali soggetti a prescrizione medica
044609079	044609	EZETIMIBE E SIMVASTATINA EG	10 MG/10 MG COMPRESSE- 100 COMPRESSE IN FLACONE HDPE	EZETIMIBE/SIMVASTATINA	EZETIMIBE|SIMVASTATINA	10|10	milligrammi|milligrammi	Compressa	C10BA02	EG S.P.A.	Autorizzata	Procedura Mutuo riconoscimento o Decentrata	Medicinali soggetti a prescrizione medica
044609081	044609	EZETIMIBE E SIMVASTATINA EG	10 MG/20 MG COMPRESSE- 28 COMPRESSE IN BLISTER OPA/AL/PVC/AL	EZETIMIBE/SIMVASTATINA	EZETIMIBE|SIMVASTATINA	10|20	milligrammi|milligrammi	Compressa	C10BA02	EG S.P.A.	Autorizzata	Procedura Mutuo riconoscimento o Decentrata	Medicinali soggetti a prescrizione medica
044609093	044609	EZETIMIBE E SIMVASTATINA EG	10 MG/20 MG COMPRESSE- 30 COMPRESSE IN BLISTER OPA/AL/PVC/AL	EZETIMIBE/SIMVASTATINA	EZETIMIBE|SIMVASTATINA	10|20	milligrammi|milligrammi	Compressa	C10BA02	EG S.P.A.	Autorizzata	Procedura Mutuo riconoscimento o Decentrata	Medicinali soggetti a prescrizione medica
044609105	044609	EZETIMIBE E SIMVASTATINA EG	10 MG/20 MG COMPRESSE- 100 COMPRESSE IN BLISTER OPA/AL/PVC/AL	EZETIMIBE/SIMVASTATINA	EZETIMIBE|SIMVASTATINA	10|20	milligrammi|milligrammi	Compressa	C10BA02	EG S.P.A.	Autorizzata	Procedura Mutuo riconoscimento o Decentrata	Medicinali soggetti a prescrizione medica
044609117	044609	EZETIMIBE E SIMVASTATINA EG	10 MG/20 MG COMPRESSE- 98 COMPRESSE IN BLISTER OPA/AL/PVC/AL	EZETIMIBE/SIMVASTATINA	EZETIMIBE|SIMVASTATINA	10|20	milligrammi|milligrammi	Compressa	C10BA02	EG S.P.A.	Autorizzata	Procedura Mutuo riconoscimento o Decentrata	Medicinali soggetti a prescrizione medica
044609143	044609	EZETIMIBE E SIMVASTATINA EG	10 MG/20 MG COMPRESSE- 100 COMPRESSE IN FLACONE HDPE	EZETIMIBE/SIMVASTATINA	EZETIMIBE|SIMVASTATINA	10|20	milligrammi|milligrammi	Compressa	C10BA02	EG S.P.A.	Autorizzata	Procedura Mutuo riconoscimento o Decentrata	Medicinali soggetti a prescrizione medica
044609156	044609	EZETIMIBE E SIMVASTATINA EG	10 MG/40 MG COMPRESSE- 28 COMPRESSE IN BLISTER OPA/AL/PVC/AL	EZETIMIBE/SIMVASTATINA	EZETIMIBE|SIMVASTATINA	10|40	milligrammi|milligrammi	Compressa	C10BA02	EG S.P.A.	Autorizzata	Procedura Mutuo riconoscimento o Decentrata	Medicinali soggetti a prescrizione medica
044609170	044609	EZETIMIBE E SIMVASTATINA EG	10 MG/40 MG COMPRESSE- 100 COMPRESSE IN BLISTER OPA/AL/PVC/AL	EZETIMIBE/SIMVASTATINA	EZETIMIBE|SIMVASTATINA	10|40	milligrammi|milligrammi	Compressa	C10BA02	EG S.P.A.	Autorizzata	Procedura Mutuo riconoscimento o Decentrata	Medicinali soggetti a prescrizione medica
044609182	044609	EZETIMIBE E SIMVASTATINA EG	10 MG/40 MG COMPRESSE- 98 COMPRESSE IN BLISTER OPA/AL/PVC/AL	EZETIMIBE/SIMVASTATINA	EZETIMIBE|SIMVASTATINA	10|40	milligrammi|milligrammi	Compressa	C10BA02	EG S.P.A.	Autorizzata	Procedura Mutuo riconoscimento o Decentrata	Medicinali soggetti a prescrizione medica
044609218	044609	EZETIMIBE E SIMVASTATINA EG	10 MG/40 MG COMPRESSE- 100 COMPRESSE IN FLACONE HDPE	EZETIMIBE/SIMVASTATINA	EZETIMIBE|SIMVASTATINA	10|40	milligrammi|milligrammi	Compressa	C10BA02	EG S.P.A.	Autorizzata	Procedura Mutuo riconoscimento o Decentrata	Medicinali soggetti a prescrizione medica
044609220	044609	EZETIMIBE E SIMVASTATINA EG	10 MG/10 MG COMPRESSE- 90 COMPRESSE IN BLISTER OPA/AL/PVC/AL	EZETIMIBE/SIMVASTATINA	EZETIMIBE|SIMVASTATINA	10|10	milligrammi|milligrammi	Compressa	C10BA02	EG S.P.A.	Autorizzata	Procedura Mutuo riconoscimento o Decentrata	Medicinali soggetti a prescrizione medica
044609232	044609	EZETIMIBE E SIMVASTATINA EG	10 MG/20 MG COMPRESSE- 90 COMPRESSE IN BLISTER OPA/AL/PVC/AL	EZETIMIBE/SIMVASTATINA	EZETIMIBE|SIMVASTATINA	10|20	milligrammi|milligrammi	Compressa	C10BA02	EG S.P.A.	Autorizzata	Procedura Mutuo riconoscimento o Decentrata	Medicinali soggetti a prescrizione medica
044609244	044609	EZETIMIBE E SIMVASTATINA EG	10 MG/40 MG COMPRESSE- 90 COMPRESSE IN BLISTER OPA/AL/PVC/AL	EZETIMIBE/SIMVASTATINA	EZETIMIBE|SIMVASTATINA	10|40	milligrammi|milligrammi	Compressa	C10BA02	EG S.P.A.	Autorizzata	Procedura Mutuo riconoscimento o Decentrata	Medicinali soggetti a prescrizione medica
044609269	044609	EZETIMIBE E SIMVASTATINA EG	10 MG/20 MG COMPRESSE- 90 COMPRESSE IN FLACONE HDPE	EZETIMIBE/SIMVASTATINA	EZETIMIBE|SIMVASTATINA	10|20	milligrammi|milligrammi	Compressa	C10BA02	EG S.P.A.	Autorizzata	Procedura Mutuo riconoscimento o Decentrata	Medicinali soggetti a prescrizione medica
044609271	044609	EZETIMIBE E SIMVASTATINA EG	10 MG/40 MG COMPRESSE- 90 COMPRESSE IN FLACONE HDPE	EZETIMIBE/SIMVASTATINA	EZETIMIBE|SIMVASTATINA	10|40	milligrammi|milligrammi	Compressa	C10BA02	EG S.P.A.	Autorizzata	Procedura Mutuo riconoscimento o Decentrata	Medicinali soggetti a prescrizione medica
044781019	044781	EZETIMIBE E SIMVASTATINA SANDOZ	10 MG/10 MG COMPRESSE- 14 COMPRESSE IN BLISTER OPA/AL/PVC/AL	EZETIMIBE/SIMVASTATINA	EZETIMIBE|SIMVASTATINA	10|10	milligrammi|milligrammi	Compressa	C10BA02	SANDOZ S.P.A.	Autorizzata	Procedura Mutuo riconoscimento o Decentrata	Medicinali soggetti a prescrizione medica
044781021	044781	EZETIMIBE E SIMVASTATINA SANDOZ	10 MG/10 MG COMPRESSE- 28 COMPRESSE IN BLISTER OPA/AL/PVC/AL	EZETIMIBE/SIMVASTATINA	EZETIMIBE|SIMVASTATINA	10|10	milligrammi|milligrammi	Compressa	C10BA02	SANDOZ S.P.A.	Autorizzata	Procedura Mutuo riconoscimento o Decentrata	Medicinali soggetti a prescrizione medica
044781033	044781	EZETIMIBE E SIMVASTATINA SANDOZ	10 MG/10 MG COMPRESSE- 30 COMPRESSE IN BLISTER OOPA/AL/PVC/AL	EZETIMIBE/SIMVASTATINA	EZETIMIBE|SIMVASTATINA	10|10	milligrammi|milligrammi	Compressa	C10BA02	SANDOZ S.P.A.	Autorizzata	Procedura Mutuo riconoscimento o Decentrata	Medicinali soggetti a prescrizione medica
044781045	044781	EZETIMIBE E SIMVASTATINA SANDOZ	10 MG/10 MG COMPRESSE- 50 COMPRESSE IN BLISTER OPA/AL/PVC/AL	EZETIMIBE/SIMVASTATINA	EZETIMIBE|SIMVASTATINA	10|10	milligrammi|milligrammi	Compressa	C10BA02	SANDOZ S.P.A.	Autorizzata	Procedura Mutuo riconoscimento o Decentrata	Medicinali soggetti a prescrizione medica
044781058	044781	EZETIMIBE E SIMVASTATINA SANDOZ	10 MG/10 MG COMPRESSE- 90 COMPRESSE IN BLISTER OPA/AL/PVC/AL	EZETIMIBE/SIMVASTATINA	EZETIMIBE|SIMVASTATINA	10|10	milligrammi|milligrammi	Compressa	C10BA02	SANDOZ S.P.A.	Autorizzata	Procedura Mutuo riconoscimento o Decentrata	Medicinali soggetti a prescrizione medica
044781060	044781	EZETIMIBE E SIMVASTATINA SANDOZ	10 MG/10 MG COMPRESSE- 100 COMPRESSE IN BLISTER OPA/AL/PVC/AL	EZETIMIBE/SIMVASTATINA	EZETIMIBE|SIMVASTATINA	10|10	milligrammi|milligrammi	Compressa	C10BA02	SANDOZ S.P.A.	Autorizzata	Procedura Mutuo riconoscimento o Decentrata	Medicinali soggetti a prescrizione medica
044781072	044781	EZETIMIBE E SIMVASTATINA SANDOZ	10 MG/10 MG COMPRESSE- 10 COMPRESSE IN BLISTER OPA/AL/PVC/AL	EZETIMIBE/SIMVASTATINA	EZETIMIBE|SIMVASTATINA	10|10	milligrammi|milligrammi	Compressa	C10BA02	SANDOZ S.P.A.	Autorizzata	Procedura Mutuo riconoscimento o Decentrata	Medicinali soggetti a prescrizione medica
044781134	044781	EZETIMIBE E SIMVASTATINA SANDOZ	10 MG/10 MG COMPRESSE- 100 COMPRESSE IN FLACONE HDPE	EZETIMIBE/SIMVASTATINA	EZETIMIBE|SIMVASTATINA	10|10	milligrammi|milligrammi	Compressa	C10BA02	SANDOZ S.P.A.	Autorizzata	Procedura Mutuo riconoscimento o Decentrata	Medicinali soggetti a prescrizione medica
044781161	044781	EZETIMIBE E SIMVASTATINA SANDOZ	10 MG/20 MG COMPRESSE- 28 COMPRESSE IN BLISTER OPA/AL/PVC/AL	EZETIMIBE/SIMVASTATINA	EZETIMIBE|SIMVASTATINA	10|20	milligrammi|milligrammi	Compressa	C10BA02	SANDOZ S.P.A.	Autorizzata	Procedura Mutuo riconoscimento o Decentrata	Medicinali soggetti a prescrizione medica
044781173	044781	EZETIMIBE E SIMVASTATINA SANDOZ	10 MG/20 MG COMPRESSE- 30 COMPRESSE IN BLISTER OPA/AL/PVC/AL	EZETIMIBE/SIMVASTATINA	EZETIMIBE|SIMVASTATINA	10|20	milligrammi|milligrammi	Compressa	C10BA02	SANDOZ S.P.A.	Autorizzata	Procedura Mutuo riconoscimento o Decentrata	Medicinali soggetti a prescrizione medica
044781185	044781	EZETIMIBE E SIMVASTATINA SANDOZ	10 MG/20 MG COMPRESSE- 50 COMPRESSE IN BLISTER OPA/AL/PVC/AL	EZETIMIBE/SIMVASTATINA	EZETIMIBE|SIMVASTATINA	10|20	milligrammi|milligrammi	Compressa	C10BA02	SANDOZ S.P.A.	Autorizzata	Procedura Mutuo riconoscimento o Decentrata	Medicinali soggetti a prescrizione medica
044781197	044781	EZETIMIBE E SIMVASTATINA SANDOZ	10 MG/20 MG COMPRESSE- 90 COMPRESSE IN BLISTER OPA/AL/PVC/AL	EZETIMIBE/SIMVASTATINA	EZETIMIBE|SIMVASTATINA	10|20	milligrammi|milligrammi	Compressa	C10BA02	SANDOZ S.P.A.	Autorizzata	Procedura Mutuo riconoscimento o Decentrata	Medicinali soggetti a prescrizione medica
044781209	044781	EZETIMIBE E SIMVASTATINA SANDOZ	10 MG/20 MG COMPRESSE- 100 COMPRESSE IN BLISTER OPA/AL/PVC/AL	EZETIMIBE/SIMVASTATINA	EZETIMIBE|SIMVASTATINA	10|20	milligrammi|milligrammi	Compressa	C10BA02	SANDOZ S.P.A.	Autorizzata	Procedura Mutuo riconoscimento o Decentrata	Medicinali soggetti a prescrizione medica
044781211	044781	EZETIMIBE E SIMVASTATINA SANDOZ	10 MG/20 MG COMPRESSE- 10 COMPRESSE IN BLISTER OPA/AL/PVC/AL	EZETIMIBE/SIMVASTATINA	EZETIMIBE|SIMVASTATINA	10|20	milligrammi|milligrammi	Compressa	C10BA02	SANDOZ S.P.A.	Autorizzata	Procedura Mutuo riconoscimento o Decentrata	Medicinali soggetti a prescrizione medica
044781223	044781	EZETIMIBE E SIMVASTATINA SANDOZ	10 MG/20 MG COMPRESSE- 14 COMPRESSE IN BLISTER OPA/AL/PVC/AL	EZETIMIBE/SIMVASTATINA	EZETIMIBE|SIMVASTATINA	10|20	milligrammi|milligrammi	Compressa	C10BA02	SANDOZ S.P.A.	Autorizzata	Procedura Mutuo riconoscimento o Decentrata	Medicinali soggetti a prescrizione medica
044781262	044781	EZETIMIBE E SIMVASTATINA SANDOZ	10 MG/20 MG COMPRESSE- 100 COMPRESSE IN FLACONE HDPE	EZETIMIBE/SIMVASTATINA	EZETIMIBE|SIMVASTATINA	10|20	milligrammi|milligrammi	Compressa	C10BA02	SANDOZ S.P.A.	Autorizzata	Procedura Mutuo riconoscimento o Decentrata	Medicinali soggetti a prescrizione medica
044781298	044781	EZETIMIBE E SIMVASTATINA SANDOZ	10 MG/40 MG COMPRESSE- 28 COMPRESSE IN BLISTER OPA/AL/PVC/AL	EZETIMIBE/SIMVASTATINA	EZETIMIBE|SIMVASTATINA	10|40	milligrammi|milligrammi	Compressa	C10BA02	SANDOZ S.P.A.	Autorizzata	Procedura Mutuo riconoscimento o Decentrata	Medicinali soggetti a prescrizione medica
044781300	044781	EZETIMIBE E SIMVASTATINA SANDOZ	10 MG/40 MG COMPRESSE- 30 COMPRESSE IN BLISTER OPA/AL/PVC/AL	EZETIMIBE/SIMVASTATINA	EZETIMIBE|SIMVASTATINA	10|40	milligrammi|milligrammi	Compressa	C10BA02	SANDOZ S.P.A.	Autorizzata	Procedura Mutuo riconoscimento o Decentrata	Medicinali soggetti a prescrizione medica
044781312	044781	EZETIMIBE E SIMVASTATINA SANDOZ	10 MG/40 MG COMPRESSE- 50 COMPRESSE IN BLISTER OPA/AL/PVC/AL	EZETIMIBE/SIMVASTATINA	EZETIMIBE|SIMVASTATINA	10|40	milligrammi|milligrammi	Compressa	C10BA02	SANDOZ S.P.A.	Autorizzata	Procedura Mutuo riconoscimento o Decentrata	Medicinali soggetti a prescrizione medica
044781324	044781	EZETIMIBE E SIMVASTATINA SANDOZ	10 MG/40 MG COMPRESSE- 90 COMPRESSE IN BLISTER OPA/AL/PVC/AL	EZETIMIBE/SIMVASTATINA	EZETIMIBE|SIMVASTATINA	10|40	milligrammi|milligrammi	Compressa	C10BA02	SANDOZ S.P.A.	Autorizzata	Procedura Mutuo riconoscimento o Decentrata	Medicinali soggetti a prescrizione medica
044781336	044781	EZETIMIBE E SIMVASTATINA SANDOZ	10 MG/40 MG COMPRESSE- 100 COMPRESSE IN BLISTER OPA/AL/PVC/AL	EZETIMIBE/SIMVASTATINA	EZETIMIBE|SIMVASTATINA	10|40	milligrammi|milligrammi	Compressa	C10BA02	SANDOZ S.P.A.	Autorizzata	Procedura Mutuo riconoscimento o Decentrata	Medicinali soggetti a prescrizione medica
044781348	044781	EZETIMIBE E SIMVASTATINA SANDOZ	10 MG/40 MG COMPRESSE- 10 COMPRESSE IN BLISTER OPA/AL/PVC/AL	EZETIMIBE/SIMVASTATINA	EZETIMIBE|SIMVASTATINA	10|40	milligrammi|milligrammi	Compressa	C10BA02	SANDOZ S.P.A.	Autorizzata	Procedura Mutuo riconoscimento o Decentrata	Medicinali soggetti a prescrizione medica
044781351	044781	EZETIMIBE E SIMVASTATINA SANDOZ	10 MG/40 MG COMPRESSE- 14 COMPRESSE IN BLISTER OPA/AL/PVC/AL	EZETIMIBE/SIMVASTATINA	EZETIMIBE|SIMVASTATINA	10|40	milligrammi|milligrammi	Compressa	C10BA02	SANDOZ S.P.A.	Autorizzata	Procedura Mutuo riconoscimento o Decentrata	Medicinali soggetti a prescrizione medica
044781399	044781	EZETIMIBE E SIMVASTATINA SANDOZ	10 MG/40 MG COMPRESSE- 100 COMPRESSE IN FLACONE HDPE	EZETIMIBE/SIMVASTATINA	EZETIMIBE|SIMVASTATINA	10|40	milligrammi|milligrammi	Compressa	C10BA02	SANDOZ S.P.A.	Autorizzata	Procedura Mutuo riconoscimento o Decentrata	Medicinali soggetti a prescrizione medica
044787012	044787	EZETIMIBE E SIMVASTATINA KRKA	10 MG/10 MG COMPRESSE- 14 COMPRESSE IN BLISTER OPA/AL/PVC/AL	EZETIMIBE/SIMVASTATINA	EZETIMIBE|SIMVASTATINA	10|10	milligrammi|milligrammi	Compressa	C10BA02	KRKA D.D. NOVO MESTO	Autorizzata	Procedura Mutuo riconoscimento o Decentrata	Medicinali soggetti a prescrizione medica
044787024	044787	EZETIMIBE E SIMVASTATINA KRKA	10 MG/10 MG COMPRESSE- 28 COMPRESSE IN BLISTER OPA/AL/PVC/AL	EZETIMIBE/SIMVASTATINA	EZETIMIBE|SIMVASTATINA	10|10	milligrammi|milligrammi	Compressa	C10BA02	KRKA D.D. NOVO MESTO	Autorizzata	Procedura Mutuo riconoscimento o Decentrata	Medicinali soggetti a prescrizione medica
044787036	044787	EZETIMIBE E SIMVASTATINA KRKA	10 MG/10 MG COMPRESSE- 30 COMPRESSE IN BLISTER OPA/AL/PVC/AL	EZETIMIBE/SIMVASTATINA	EZETIMIBE|SIMVASTATINA	10|10	milligrammi|milligrammi	Compressa	C10BA02	KRKA D.D. NOVO MESTO	Autorizzata	Procedura Mutuo riconoscimento o Decentrata	Medicinali soggetti a prescrizione medica
044787048	044787	EZETIMIBE E SIMVASTATINA KRKA	10 MG/10 MG COMPRESSE- 56 COMPRESSE IN BLISTER OPA/AL/PVC/AL	EZETIMIBE/SIMVASTATINA	EZETIMIBE|SIMVASTATINA	10|10	milligrammi|milligrammi	Compressa	C10BA02	KRKA D.D. NOVO MESTO	Autorizzata	Procedura Mutuo riconoscimento o Decentrata	Medicinali soggetti a prescrizione medica
044787051	044787	EZETIMIBE E SIMVASTATINA KRKA	10 MG/10 MG COMPRESSE- 60 COMPRESSE IN BLISTER OPA/AL/PVC/AL	EZETIMIBE/SIMVASTATINA	EZETIMIBE|SIMVASTATINA	10|10	milligrammi|milligrammi	Compressa	C10BA02	KRKA D.D. NOVO MESTO	Autorizzata	Procedura Mutuo riconoscimento o Decentrata	Medicinali soggetti a prescrizione medica
044787063	044787	EZETIMIBE E SIMVASTATINA KRKA	10 MG/10 MG COMPRESSE- 90 COMPRESSE IN BLISTER OPA/AL/PVC/AL	EZETIMIBE/SIMVASTATINA	EZETIMIBE|SIMVASTATINA	10|10	milligrammi|milligrammi	Compressa	C10BA02	KRKA D.D. NOVO MESTO	Autorizzata	Procedura Mutuo riconoscimento o Decentrata	Medicinali soggetti a prescrizione medica
044787075	044787	EZETIMIBE E SIMVASTATINA KRKA	10 MG/10 MG COMPRESSE- 98 COMPRESSE IN BLISTER OPA/AL/PVC/AL	EZETIMIBE/SIMVASTATINA	EZETIMIBE|SIMVASTATINA	10|10	milligrammi|milligrammi	Compressa	C10BA02	KRKA D.D. NOVO MESTO	Autorizzata	Procedura Mutuo riconoscimento o Decentrata	Medicinali soggetti a prescrizione medica
044787087	044787	EZETIMIBE E SIMVASTATINA KRKA	10 MG/10 MG COMPRESSE- 100 COMPRESSE IN BLISTER OPA/AL/PVC/AL	EZETIMIBE/SIMVASTATINA	EZETIMIBE|SIMVASTATINA	10|10	milligrammi|milligrammi	Compressa	C10BA02	KRKA D.D. NOVO MESTO	Autorizzata	Procedura Mutuo riconoscimento o Decentrata	Medicinali soggetti a prescrizione medica
044787099	044787	EZETIMIBE E SIMVASTATINA KRKA	10 MG/20 MG COMPRESSE- 14 COMPRESSE IN BLISTER OPA/AL/PVC/AL	EZETIMIBE/SIMVASTATINA	EZETIMIBE|SIMVASTATINA	10|20	milligrammi|milligrammi	Compressa	C10BA02	KRKA D.D. NOVO MESTO	Autorizzata	Procedura Mutuo riconoscimento o Decentrata	Medicinali soggetti a prescrizione medica
044787101	044787	EZETIMIBE E SIMVASTATINA KRKA	10 MG/20 MG COMPRESSE- 28 COMPRESSE IN BLISTER OPA/AL/PVC/AL	EZETIMIBE/SIMVASTATINA	EZETIMIBE|SIMVASTATINA	10|20	milligrammi|milligrammi	Compressa	C10BA02	KRKA D.D. NOVO MESTO	Autorizzata	Procedura Mutuo riconoscimento o Decentrata	Medicinali soggetti a prescrizione medica
044787113	044787	EZETIMIBE E SIMVASTATINA KRKA	10 MG/20 MG COMPRESSE- 30 COMPRESSE IN BLISTER OPA/AL/PVC/AL	EZETIMIBE/SIMVASTATINA	EZETIMIBE|SIMVASTATINA	10|20	milligrammi|milligrammi	Compressa	C10BA02	KRKA D.D. NOVO MESTO	Autorizzata	Procedura Mutuo riconoscimento o Decentrata	Medicinali soggetti a prescrizione medica
044787125	044787	EZETIMIBE E SIMVASTATINA KRKA	10 MG/20 MG COMPRESSE- 56 COMPRESSE IN BLISTER OPA/AL/PVC/AL	EZETIMIBE/SIMVASTATINA	EZETIMIBE|SIMVASTATINA	10|20	milligrammi|milligrammi	Compressa	C10BA02	KRKA D.D. NOVO MESTO	Autorizzata	Procedura Mutuo riconoscimento o Decentrata	Medicinali soggetti a prescrizione medica
044787137	044787	EZETIMIBE E SIMVASTATINA KRKA	10 MG/20 MG COMPRESSE- 60 COMPRESSE IN BLISTER OPA/AL/PVC/AL	EZETIMIBE/SIMVASTATINA	EZETIMIBE|SIMVASTATINA	10|20	milligrammi|milligrammi	Compressa	C10BA02	KRKA D.D. NOVO MESTO	Autorizzata	Procedura Mutuo riconoscimento o Decentrata	Medicinali soggetti a prescrizione medica
044787149	044787	EZETIMIBE E SIMVASTATINA KRKA	10 MG/20 MG COMPRESSE- 90 COMPRESSE IN BLISTER OPA/AL/PVC/AL	EZETIMIBE/SIMVASTATINA	EZETIMIBE|SIMVASTATINA	10|20	milligrammi|milligrammi	Compressa	C10BA02	KRKA D.D. NOVO MESTO	Autorizzata	Procedura Mutuo riconoscimento o Decentrata	Medicinali soggetti a prescrizione medica
044787152	044787	EZETIMIBE E SIMVASTATINA KRKA	10 MG/20 MG COMPRESSE- 98 COMPRESSE IN BLISTER OPA/AL/PVC/AL	EZETIMIBE/SIMVASTATINA	EZETIMIBE|SIMVASTATINA	10|20	milligrammi|milligrammi	Compressa	C10BA02	KRKA D.D. NOVO MESTO	Autorizzata	Procedura Mutuo riconoscimento o Decentrata	Medicinali soggetti a prescrizione medica
044787164	044787	EZETIMIBE E SIMVASTATINA KRKA	10 MG/20 MG COMPRESSE- 100 COMPRESSE IN BLISTER OPA/AL/PVC/AL	EZETIMIBE/SIMVASTATINA	EZETIMIBE|SIMVASTATINA	10|20	milligrammi|milligrammi	Compressa	C10BA02	KRKA D.D. NOVO MESTO	Autorizzata	Procedura Mutuo riconoscimento o Decentrata	Medicinali soggetti a prescrizione medica
044787176	044787	EZETIMIBE E SIMVASTATINA KRKA	10 MG/40 MG COMPRESSE- 14 COMPRESSE IN BLISTER OPA/AL/PVC/AL	EZETIMIBE/SIMVASTATINA	EZETIMIBE|SIMVASTATINA	10|40	milligrammi|milligrammi	Compressa	C10BA02	KRKA D.D. NOVO MESTO	Autorizzata	Procedura Mutuo riconoscimento o Decentrata	Medicinali soggetti a prescrizione medica
044787188	044787	EZETIMIBE E SIMVASTATINA KRKA	10 MG/40 MG COMPRESSE- 28 COMPRESSE IN BLISTER OPA/AL/PVC/AL	EZETIMIBE/SIMVASTATINA	EZETIMIBE|SIMVASTATINA	10|40	milligrammi|milligrammi	Compressa	C10BA02	KRKA D.D. NOVO MESTO	Autorizzata	Procedura Mutuo riconoscimento o Decentrata	Medicinali soggetti a prescrizione medica
044787190	044787	EZETIMIBE E SIMVASTATINA KRKA	10 MG/40 MG COMPRESSE- 30 COMPRESSE IN BLISTER OPA/AL/PVC/AL	EZETIMIBE/SIMVASTATINA	EZETIMIBE|SIMVASTATINA	10|40	milligrammi|milligrammi	Compressa	C10BA02	KRKA D.D. NOVO MESTO	Autorizzata	Procedura Mutuo riconoscimento o Decentrata	Medicinali soggetti a prescrizione medica
044787202	044787	EZETIMIBE E SIMVASTATINA KRKA	10 MG/40 MG COMPRESSE- 56 COMPRESSE IN BLISTER OPA/AL/PVC/AL	EZETIMIBE/SIMVASTATINA	EZETIMIBE|SIMVASTATINA	10|40	milligrammi|milligrammi	Compressa	C10BA02	KRKA D.D. NOVO MESTO	Autorizzata	Procedura Mutuo riconoscimento o Decentrata	Medicinali soggetti a prescrizione medica
044787214	044787	EZETIMIBE E SIMVASTATINA KRKA	10 MG/40 MG COMPRESSE- 60 COMPRESSE IN BLISTER OPA/AL/PVC/AL	EZETIMIBE/SIMVASTATINA	EZETIMIBE|SIMVASTATINA	10|40	milligrammi|milligrammi	Compressa	C10BA02	KRKA D.D. NOVO MESTO	Autorizzata	Procedura Mutuo riconoscimento o Decentrata	Medicinali soggetti a prescrizione medica
044787226	044787	EZETIMIBE E SIMVASTATINA KRKA	10 MG/40 MG COMPRESSE- 90 COMPRESSE IN BLISTER OPA/AL/PVC/AL	EZETIMIBE/SIMVASTATINA	EZETIMIBE|SIMVASTATINA	10|40	milligrammi|milligrammi	Compressa	C10BA02	KRKA D.D. NOVO MESTO	Autorizzata	Procedura Mutuo riconoscimento o Decentrata	Medicinali soggetti a prescrizione medica
044787238	044787	EZETIMIBE E SIMVASTATINA KRKA	10 MG/40 MG COMPRESSE- 98 COMPRESSE IN BLISTER OPA/AL/PVC/AL	EZETIMIBE/SIMVASTATINA	EZETIMIBE|SIMVASTATINA	10|40	milligrammi|milligrammi	Compressa	C10BA02	KRKA D.D. NOVO MESTO	Autorizzata	Procedura Mutuo riconoscimento o Decentrata	Medicinali soggetti a prescrizione medica
044787240	044787	EZETIMIBE E SIMVASTATINA KRKA	10 MG/40 MG COMPRESSE- 100 COMPRESSE IN BLISTER OPA/AL/PVC/AL	EZETIMIBE/SIMVASTATINA	EZETIMIBE|SIMVASTATINA	10|40	milligrammi|milligrammi	Compressa	C10BA02	KRKA D.D. NOVO MESTO	Autorizzata	Procedura Mutuo riconoscimento o Decentrata	Medicinali soggetti a prescrizione medica
044787253	044787	EZETIMIBE E SIMVASTATINA KRKA	10 MG/10 MG COMPRESSE- 14 X 1 COMPRESSE IN BLISTER OPA/AL/PVC/AL DIVISIBILE IN DOSE UNITARIA	EZETIMIBE/SIMVASTATINA	EZETIMIBE|SIMVASTATINA	10|10	milligrammi|milligrammi	Compressa	C10BA02	KRKA D.D. NOVO MESTO	Autorizzata	Procedura Mutuo riconoscimento o Decentrata	Medicinali soggetti a prescrizione medica
044787265	044787	EZETIMIBE E SIMVASTATINA KRKA	10 MG/10 MG COMPRESSE- 28 X 1 COMPRESSE IN BLISTER OPA/AL/PVC/AL DIVISIBILE IN DOSE UNITARIA	EZETIMIBE/SIMVASTATINA	EZETIMIBE|SIMVASTATINA	10|10	milligrammi|milligrammi	Compressa	C10BA02	KRKA D.D. NOVO MESTO	Autorizzata	Procedura Mutuo riconoscimento o Decentrata	Medicinali soggetti a prescrizione medica
044787277	044787	EZETIMIBE E SIMVASTATINA KRKA	10 MG/10 MG COMPRESSE- 30 X 1 COMPRESSE IN BLISTER OPA/AL/PVC/AL DIVISIBILE IN DOSE UNITARIA	EZETIMIBE/SIMVASTATINA	EZETIMIBE|SIMVASTATINA	10|10	milligrammi|milligrammi	Compressa	C10BA02	KRKA D.D. NOVO MESTO	Autorizzata	Procedura Mutuo riconoscimento o Decentrata	Medicinali soggetti a prescrizione medica
044787289	044787	EZETIMIBE E SIMVASTATINA KRKA	10 MG/10 MG COMPRESSE- 56 X 1 COMPRESSE IN BLISTER OPA/AL/PVC/AL DIVISIBILE IN DOSE UNITARIA	EZETIMIBE/SIMVASTATINA	EZETIMIBE|SIMVASTATINA	10|10	milligrammi|milligrammi	Compressa	C10BA02	KRKA D.D. NOVO MESTO	Autorizzata	Procedura Mutuo riconoscimento o Decentrata	Medicinali soggetti a prescrizione medica
044787291	044787	EZETIMIBE E SIMVASTATINA KRKA	10 MG/10 MG COMPRESSE- 60 X 1 COMPRESSE IN BLISTER OPA/AL/PVC/AL DIVISIBILE IN DOSE UNITARIA	EZETIMIBE/SIMVASTATINA	EZETIMIBE|SIMVASTATINA	10|10	milligrammi|milligrammi	Compressa	C10BA02	KRKA D.D. NOVO MESTO	Autorizzata	Procedura Mutuo riconoscimento o Decentrata	Medicinali soggetti a prescrizione medica
044787303	044787	EZETIMIBE E SIMVASTATINA KRKA	10 MG/10 MG COMPRESSE- 90 X 1 COMPRESSE IN BLISTER OPA/AL/PVC/AL DIVISIBILE IN DOSE UNITARIA	EZETIMIBE/SIMVASTATINA	EZETIMIBE|SIMVASTATINA	10|10	milligrammi|milligrammi	Compressa	C10BA02	KRKA D.D. NOVO MESTO	Autorizzata	Procedura Mutuo riconoscimento o Decentrata	Medicinali soggetti a prescrizione medica
044787315	044787	EZETIMIBE E SIMVASTATINA KRKA	10 MG/10 MG COMPRESSE- 98 X 1 COMPRESSE IN BLISTER OPA/AL/PVC/AL DIVISIBILE IN DOSE UNITARIA	EZETIMIBE/SIMVASTATINA	EZETIMIBE|SIMVASTATINA	10|10	milligrammi|milligrammi	Compressa	C10BA02	KRKA D.D. NOVO MESTO	Autorizzata	Procedura Mutuo riconoscimento o Decentrata	Medicinali soggetti a prescrizione medica
044787327	044787	EZETIMIBE E SIMVASTATINA KRKA	10 MG/10 MG COMPRESSE- 100 X 1 COMPRESSE IN BLISTER OPA/AL/PVC/AL DIVISIBILE IN DOSE UNITARIA	EZETIMIBE/SIMVASTATINA	EZETIMIBE|SIMVASTATINA	10|10	milligrammi|milligrammi	Compressa	C10BA02	KRKA D.D. NOVO MESTO	Autorizzata	Procedura Mutuo riconoscimento o Decentrata	Medicinali soggetti a prescrizione medica
044787339	044787	EZETIMIBE E SIMVASTATINA KRKA	10 MG/20 MG COMPRESSE- 14 X 1 COMPRESSE IN BLISTER OPA/AL/PVC/AL DIVISIBILE IN DOSE UNITARIA	EZETIMIBE/SIMVASTATINA	EZETIMIBE|SIMVASTATINA	10|20	milligrammi|milligrammi	Compressa	C10BA02	KRKA D.D. NOVO MESTO	Autorizzata	Procedura Mutuo riconoscimento o Decentrata	Medicinali soggetti a prescrizione medica
044787341	044787	EZETIMIBE E SIMVASTATINA KRKA	10 MG/20 MG COMPRESSE- 28 X 1 COMPRESSE IN BLISTER OPA/AL/PVC/AL DIVISIBILE IN DOSE UNITARIA	EZETIMIBE/SIMVASTATINA	EZETIMIBE|SIMVASTATINA	10|20	milligrammi|milligrammi	Compressa	C10BA02	KRKA D.D. NOVO MESTO	Autorizzata	Procedura Mutuo riconoscimento o Decentrata	Medicinali soggetti a prescrizione medica
044787354	044787	EZETIMIBE E SIMVASTATINA KRKA	10 MG/20 MG COMPRESSE- 30 X 1 COMPRESSE IN BLISTER OPA/AL/PVC/AL DIVISIBILE IN DOSE UNITARIA	EZETIMIBE/SIMVASTATINA	EZETIMIBE|SIMVASTATINA	10|20	milligrammi|milligrammi	Compressa	C10BA02	KRKA D.D. NOVO MESTO	Autorizzata	Procedura Mutuo riconoscimento o Decentrata	Medicinali soggetti a prescrizione medica
044787366	044787	EZETIMIBE E SIMVASTATINA KRKA	10 MG/20 MG COMPRESSE- 56 X 1 COMPRESSE IN BLISTER OPA/AL/PVC/AL DIVISIBILE IN DOSE UNITARIA	EZETIMIBE/SIMVASTATINA	EZETIMIBE|SIMVASTATINA	10|20	milligrammi|milligrammi	Compressa	C10BA02	KRKA D.D. NOVO MESTO	Autorizzata	Procedura Mutuo riconoscimento o Decentrata	Medicinali soggetti a prescrizione medica
044787378	044787	EZETIMIBE E SIMVASTATINA KRKA	10 MG/20 MG COMPRESSE- 60 X 1 COMPRESSE IN BLISTER OPA/AL/PVC/AL DIVISIBILE IN DOSE UNITARIA	EZETIMIBE/SIMVASTATINA	EZETIMIBE|SIMVASTATINA	10|20	milligrammi|milligrammi	Compressa	C10BA02	KRKA D.D. NOVO MESTO	Autorizzata	Procedura Mutuo riconoscimento o Decentrata	Medicinali soggetti a prescrizione medica
044787380	044787	EZETIMIBE E SIMVASTATINA KRKA	10 MG/20 MG COMPRESSE- 90 X 1 COMPRESSE IN BLISTER OPA/AL/PVC/AL DIVISIBILE IN DOSE UNITARIA	EZETIMIBE/SIMVASTATINA	EZETIMIBE|SIMVASTATINA	10|20	milligrammi|milligrammi	Compressa	C10BA02	KRKA D.D. NOVO MESTO	Autorizzata	Procedura Mutuo riconoscimento o Decentrata	Medicinali soggetti a prescrizione medica
044787392	044787	EZETIMIBE E SIMVASTATINA KRKA	10 MG/20 MG COMPRESSE- 98 X 1 COMPRESSE IN BLISTER OPA/AL/PVC/AL DIVISIBILE IN DOSE UNITARIA	EZETIMIBE/SIMVASTATINA	EZETIMIBE|SIMVASTATINA	10|20	milligrammi|milligrammi	Compressa	C10BA02	KRKA D.D. NOVO MESTO	Autorizzata	Procedura Mutuo riconoscimento o Decentrata	Medicinali soggetti a prescrizione medica
044787404	044787	EZETIMIBE E SIMVASTATINA KRKA	10 MG/20 MG COMPRESSE- 100 X 1 COMPRESSE IN BLISTER OPA/AL/PVC/AL DIVISIBILE IN DOSE UNITARIA	EZETIMIBE/SIMVASTATINA	EZETIMIBE|SIMVASTATINA	10|20	milligrammi|milligrammi	Compressa	C10BA02	KRKA D.D. NOVO MESTO	Autorizzata	Procedura Mutuo riconoscimento o Decentrata	Medicinali soggetti a prescrizione medica
044787416	044787	EZETIMIBE E SIMVASTATINA KRKA	10 MG/40 MG COMPRESSE- 14 X 1 COMPRESSE IN BLISTER OPA/AL/PVC/AL DIVISIBILE IN DOSE UNITARIA	EZETIMIBE/SIMVASTATINA	EZETIMIBE|SIMVASTATINA	10|40	milligrammi|milligrammi	Compressa	C10BA02	KRKA D.D. NOVO MESTO	Autorizzata	Procedura Mutuo riconoscimento o Decentrata	Medicinali soggetti a prescrizione medica
044787428	044787	EZETIMIBE E SIMVASTATINA KRKA	10 MG/40 MG COMPRESSE- 28 X 1 COMPRESSE IN BLISTER OPA/AL/PVC/AL DIVISIBILE IN DOSE UNITARIA	EZETIMIBE/SIMVASTATINA	EZETIMIBE|SIMVASTATINA	10|40	milligrammi|milligrammi	Compressa	C10BA02	KRKA D.D. NOVO MESTO	Autorizzata	Procedura Mutuo riconoscimento o Decentrata	Medicinali soggetti a prescrizione medica
044787430	044787	EZETIMIBE E SIMVASTATINA KRKA	10 MG/40 MG COMPRESSE- 30 X 1 COMPRESSE IN BLISTER OPA/AL/PVC/AL DIVISIBILE IN DOSE UNITARIA	EZETIMIBE/SIMVASTATINA	EZETIMIBE|SIMVASTATINA	10|40	milligrammi|milligrammi	Compressa	C10BA02	KRKA D.D. NOVO MESTO	Autorizzata	Procedura Mutuo riconoscimento o Decentrata	Medicinali soggetti a prescrizione medica
044787442	044787	EZETIMIBE E SIMVASTATINA KRKA	10 MG/40 MG COMPRESSE- 56 X 1 COMPRESSE IN BLISTER OPA/AL/PVC/AL DIVISIBILE IN DOSE UNITARIA	EZETIMIBE/SIMVASTATINA	EZETIMIBE|SIMVASTATINA	10|40	milligrammi|milligrammi	Compressa	C10BA02	KRKA D.D. NOVO MESTO	Autorizzata	Procedura Mutuo riconoscimento o Decentrata	Medicinali soggetti a prescrizione medica
044787455	044787	EZETIMIBE E SIMVASTATINA KRKA	10 MG/40 MG COMPRESSE- 60 X 1 COMPRESSE IN BLISTER OPA/AL/PVC/AL DIVISIBILE IN DOSE UNITARIA	EZETIMIBE/SIMVASTATINA	EZETIMIBE|SIMVASTATINA	10|40	milligrammi|milligrammi	Compressa	C10BA02	KRKA D.D. NOVO MESTO	Autorizzata	Procedura Mutuo riconoscimento o Decentrata	Medicinali soggetti a prescrizione medica
044787467	044787	EZETIMIBE E SIMVASTATINA KRKA	10 MG/40 MG COMPRESSE- 90 X 1 COMPRESSE IN BLISTER OPA/AL/PVC/AL DIVISIBILE IN DOSE UNITARIA	EZETIMIBE/SIMVASTATINA	EZETIMIBE|SIMVASTATINA	10|40	milligrammi|milligrammi	Compressa	C10BA02	KRKA D.D. NOVO MESTO	Autorizzata	Procedura Mutuo riconoscimento o Decentrata	Medicinali soggetti a prescrizione medica
044787479	044787	EZETIMIBE E SIMVASTATINA KRKA	10 MG/40 MG COMPRESSE-  98 X 1 COMPRESSE IN BLISTER OPA/AL/PVC/AL DIVISIBILE IN DOSE UNITARIA	EZETIMIBE/SIMVASTATINA	EZETIMIBE|SIMVASTATINA	10|40	milligrammi|milligrammi	Compressa	C10BA02	KRKA D.D. NOVO MESTO	Autorizzata	Procedura Mutuo riconoscimento o Decentrata	Medicinali soggetti a prescrizione medica
044787493	044787	EZETIMIBE E SIMVASTATINA KRKA	10 MG/10 MG COMPRESSE- 50 COMPRESSE IN BLISTER OPA/AL/PVC/AL	EZETIMIBE/SIMVASTATINA	EZETIMIBE|SIMVASTATINA	10|10	milligrammi|milligrammi	Compressa	C10BA02	KRKA D.D. NOVO MESTO	Autorizzata	Procedura Mutuo riconoscimento o Decentrata	Medicinali soggetti a prescrizione medica
044787505	044787	EZETIMIBE E SIMVASTATINA KRKA	10 MG/20 MG COMPRESSE- 50 COMPRESSE IN BLISTER OPA/AL/PVC/AL	EZETIMIBE/SIMVASTATINA	EZETIMIBE|SIMVASTATINA	10|20	milligrammi|milligrammi	Compressa	C10BA02	KRKA D.D. NOVO MESTO	Autorizzata	Procedura Mutuo riconoscimento o Decentrata	Medicinali soggetti a prescrizione medica
044787517	044787	EZETIMIBE E SIMVASTATINA KRKA	10 MG/40 MG COMPRESSE- 50 COMPRESSE IN BLISTER OPA/AL/PVC/AL	EZETIMIBE/SIMVASTATINA	EZETIMIBE|SIMVASTATINA	10|40	milligrammi|milligrammi	Compressa	C10BA02	KRKA D.D. NOVO MESTO	Autorizzata	Procedura Mutuo riconoscimento o Decentrata	Medicinali soggetti a prescrizione medica
045000015	045000	ZEVISTAT	10 MG/10 MG COMPRESSE- 28 COMPRESSE IN BLISTER OPA/AL/PVC/AL	EZETIMIBE/SIMVASTATINA	EZETIMIBE|SIMVASTATINA	10|10	milligrammi|milligrammi	Compressa	C10BA02	LABORATORIO FARMACEUTICO C.T. S.R.L.	Autorizzata	Procedura Mutuo riconoscimento o Decentrata	Medicinali soggetti a prescrizione medica
045000039	045000	ZEVISTAT	10 MG/40 MG COMPRESSE- 28 COMPRESSE IN BLISTER OPA/AL/PVC/AL	EZETIMIBE/SIMVASTATINA	EZETIMIBE|SIMVASTATINA	10|40	milligrammi|milligrammi	Compressa	C10BA02	LABORATORIO FARMACEUTICO C.T. S.R.L.	Autorizzata	Procedura Mutuo riconoscimento o Decentrata	Medicinali soggetti a prescrizione medica
045000041	045000	ZEVISTAT	10 MG/10 MG COMPRESSE- 30 COMPRESSE IN BLISTER OPA/AL/PVC/AL	EZETIMIBE/SIMVASTATINA	EZETIMIBE|SIMVASTATINA	10|10	milligrammi|milligrammi	Compressa	C10BA02	LABORATORIO FARMACEUTICO C.T. S.R.L.	Autorizzata	Procedura Mutuo riconoscimento o Decentrata	Medicinali soggetti a prescrizione medica
045000054	045000	ZEVISTAT	10 MG/20 MG COMPRESSE- 30 COMPRESSE IN BLISTER OPA/AL/PVC/AL	EZETIMIBE/SIMVASTATINA	EZETIMIBE|SIMVASTATINA	10|20	milligrammi|milligrammi	Compressa	C10BA02	LABORATORIO FARMACEUTICO C.T. S.R.L.	Autorizzata	Procedura Mutuo riconoscimento o Decentrata	Medicinali soggetti a prescrizione medica
045000066	045000	ZEVISTAT	10 MG/40 MG COMPRESSE- 30 COMPRESSE IN BLISTER OPA/AL/PVC/AL	EZETIMIBE/SIMVASTATINA	EZETIMIBE|SIMVASTATINA	10|40	milligrammi|milligrammi	Compressa	C10BA02	LABORATORIO FARMACEUTICO C.T. S.R.L.	Autorizzata	Procedura Mutuo riconoscimento o Decentrata	Medicinali soggetti a prescrizione medica
045711013	045711	EZETIMIBE E SIMVASTATINA TEVA B.V.	10 MG/10 MG COMPRESSE- 14 COMPRESSE IN BLISTER OPA/AL/PVC	EZETIMIBE/SIMVASTATINA	EZETIMIBE|SIMVASTATINA	10|10	milligrammi|milligrammi	Compressa	C10BA02	TEVA B.V.	Autorizzata	Procedura Mutuo riconoscimento o Decentrata	Medicinali soggetti a prescrizione medica
045711025	045711	EZETIMIBE E SIMVASTATINA TEVA B.V.	10 MG/10 MG COMPRESSE- 28 COMPRESSE IN BLISTER OPA/AL/PVC	EZETIMIBE/SIMVASTATINA	EZETIMIBE|SIMVASTATINA	10|10	milligrammi|milligrammi	Compressa	C10BA02	TEVA B.V.	Autorizzata	Procedura Mutuo riconoscimento o Decentrata	Medicinali soggetti a prescrizione medica
045711037	045711	EZETIMIBE E SIMVASTATINA TEVA B.V.	10 MG/10 MG COMPRESSE- 30 COMPRESSE IN BLISTER OPA/AL/PVC	EZETIMIBE/SIMVASTATINA	EZETIMIBE|SIMVASTATINA	10|10	milligrammi|milligrammi	Compressa	C10BA02	TEVA B.V.	Autorizzata	Procedura Mutuo riconoscimento o Decentrata	Medicinali soggetti a prescrizione medica
045711049	045711	EZETIMIBE E SIMVASTATINA TEVA B.V.	10 MG/10 MG COMPRESSE- 98 COMPRESSE IN BLISTER OPA/AL/PVC	EZETIMIBE/SIMVASTATINA	EZETIMIBE|SIMVASTATINA	10|10	milligrammi|milligrammi	Compressa	C10BA02	TEVA B.V.	Autorizzata	Procedura Mutuo riconoscimento o Decentrata	Medicinali soggetti a prescrizione medica
045711052	045711	EZETIMIBE E SIMVASTATINA TEVA B.V.	10 MG/10 MG COMPRESSE- 100 COMPRESSE IN BLISTER OPA/AL/PVC	EZETIMIBE/SIMVASTATINA	EZETIMIBE|SIMVASTATINA	10|10	milligrammi|milligrammi	Compressa	C10BA02	TEVA B.V.	Autorizzata	Procedura Mutuo riconoscimento o Decentrata	Medicinali soggetti a prescrizione medica
045711064	045711	EZETIMIBE E SIMVASTATINA TEVA B.V.	10 MG/10 MG COMPRESSE- 30 COMPRESSE IN CONTENITORE HDPE	EZETIMIBE/SIMVASTATINA	EZETIMIBE|SIMVASTATINA	10|10	milligrammi|milligrammi	Compressa	C10BA02	TEVA B.V.	Autorizzata	Procedura Mutuo riconoscimento o Decentrata	Medicinali soggetti a prescrizione medica
045711076	045711	EZETIMIBE E SIMVASTATINA TEVA B.V.	10 MG/10 MG COMPRESSE- 100 COMPRESSE IN CONTENITORE HDPE	EZETIMIBE/SIMVASTATINA	EZETIMIBE|SIMVASTATINA	10|10	milligrammi|milligrammi	Compressa	C10BA02	TEVA B.V.	Autorizzata	Procedura Mutuo riconoscimento o Decentrata	Medicinali soggetti a prescrizione medica
045711088	045711	EZETIMIBE E SIMVASTATINA TEVA B.V.	10 MG/20 MG COMPRESSE- 28 COMPRESSE IN BLISTER OPA/AL/PVC	EZETIMIBE/SIMVASTATINA	EZETIMIBE|SIMVASTATINA	10|20	milligrammi|milligrammi	Compressa	C10BA02	TEVA B.V.	Autorizzata	Procedura Mutuo riconoscimento o Decentrata	Medicinali soggetti a prescrizione medica
045711090	045711	EZETIMIBE E SIMVASTATINA TEVA B.V.	10 MG/20 MG COMPRESSE- 30 COMPRESSE IN BLISTER OPA/AL/PVC	EZETIMIBE/SIMVASTATINA	EZETIMIBE|SIMVASTATINA	10|20	milligrammi|milligrammi	Compressa	C10BA02	TEVA B.V.	Autorizzata	Procedura Mutuo riconoscimento o Decentrata	Medicinali soggetti a prescrizione medica
045711102	045711	EZETIMIBE E SIMVASTATINA TEVA B.V.	10 MG/20 MG COMPRESSE- 90 COMPRESSE IN BLISTER OPA/AL/PVC	EZETIMIBE/SIMVASTATINA	EZETIMIBE|SIMVASTATINA	10|20	milligrammi|milligrammi	Compressa	C10BA02	TEVA B.V.	Autorizzata	Procedura Mutuo riconoscimento o Decentrata	Medicinali soggetti a prescrizione medica
045711114	045711	EZETIMIBE E SIMVASTATINA TEVA B.V.	10 MG/20 MG COMPRESSE- 98 COMPRESSE IN BLISTER OPA/AL/PVC	EZETIMIBE/SIMVASTATINA	EZETIMIBE|SIMVASTATINA	10|20	milligrammi|milligrammi	Compressa	C10BA02	TEVA B.V.	Autorizzata	Procedura Mutuo riconoscimento o Decentrata	Medicinali soggetti a prescrizione medica
045711126	045711	EZETIMIBE E SIMVASTATINA TEVA B.V.	10 MG/20 MG COMPRESSE- 100 COMPRESSE IN BLISTER OPA/AL/PVC	EZETIMIBE/SIMVASTATINA	EZETIMIBE|SIMVASTATINA	10|20	milligrammi|milligrammi	Compressa	C10BA02	TEVA B.V.	Autorizzata	Procedura Mutuo riconoscimento o Decentrata	Medicinali soggetti a prescrizione medica
045711138	045711	EZETIMIBE E SIMVASTATINA TEVA B.V.	10 MG/20 MG COMPRESSE- 30 COMPRESSE IN CONTENITORE HDPE	EZETIMIBE/SIMVASTATINA	EZETIMIBE|SIMVASTATINA	10|20	milligrammi|milligrammi	Compressa	C10BA02	TEVA B.V.	Autorizzata	Procedura Mutuo riconoscimento o Decentrata	Medicinali soggetti a prescrizione medica
045711140	045711	EZETIMIBE E SIMVASTATINA TEVA B.V.	10 MG/20 MG COMPRESSE- 90 COMPRESSE IN CONTENITORE HDPE	EZETIMIBE/SIMVASTATINA	EZETIMIBE|SIMVASTATINA	10|20	milligrammi|milligrammi	Compressa	C10BA02	TEVA B.V.	Autorizzata	Procedura Mutuo riconoscimento o Decentrata	Medicinali soggetti a prescrizione medica
045711153	045711	EZETIMIBE E SIMVASTATINA TEVA B.V.	10 MG/20 MG COMPRESSE- 100 COMPRESSE IN CONTENITORE HDPE	EZETIMIBE/SIMVASTATINA	EZETIMIBE|SIMVASTATINA	10|20	milligrammi|milligrammi	Compressa	C10BA02	TEVA B.V.	Autorizzata	Procedura Mutuo riconoscimento o Decentrata	Medicinali soggetti a prescrizione medica
045711165	045711	EZETIMIBE E SIMVASTATINA TEVA B.V.	10 MG/40 MG COMPRESSE- 28 COMPRESSE IN BLISTER OPA/AL/PVC	EZETIMIBE/SIMVASTATINA	EZETIMIBE|SIMVASTATINA	10|40	milligrammi|milligrammi	Compressa	C10BA02	TEVA B.V.	Autorizzata	Procedura Mutuo riconoscimento o Decentrata	Medicinali soggetti a prescrizione medica
045711177	045711	EZETIMIBE E SIMVASTATINA TEVA B.V.	10 MG/40 MG COMPRESSE- 30 COMPRESSE IN BLISTER OPA/AL/PVC	EZETIMIBE/SIMVASTATINA	EZETIMIBE|SIMVASTATINA	10|40	milligrammi|milligrammi	Compressa	C10BA02	TEVA B.V.	Autorizzata	Procedura Mutuo riconoscimento o Decentrata	Medicinali soggetti a prescrizione medica
045711189	045711	EZETIMIBE E SIMVASTATINA TEVA B.V.	10 MG/40 MG COMPRESSE- 90 COMPRESSE IN BLISTER OPA/AL/PVC	EZETIMIBE/SIMVASTATINA	EZETIMIBE|SIMVASTATINA	10|40	milligrammi|milligrammi	Compressa	C10BA02	TEVA B.V.	Autorizzata	Procedura Mutuo riconoscimento o Decentrata	Medicinali soggetti a prescrizione medica
045711191	045711	EZETIMIBE E SIMVASTATINA TEVA B.V.	10 MG/40 MG COMPRESSE- 98 COMPRESSE IN BLISTER OPA/AL/PVC	EZETIMIBE/SIMVASTATINA	EZETIMIBE|SIMVASTATINA	10|40	milligrammi|milligrammi	Compressa	C10BA02	TEVA B.V.	Autorizzata	Procedura Mutuo riconoscimento o Decentrata	Medicinali soggetti a prescrizione medica
045711203	045711	EZETIMIBE E SIMVASTATINA TEVA B.V.	10 MG/40 MG COMPRESSE- 100 COMPRESSE IN BLISTER OPA/AL/PVC	EZETIMIBE/SIMVASTATINA	EZETIMIBE|SIMVASTATINA	10|40	milligrammi|milligrammi	Compressa	C10BA02	TEVA B.V.	Autorizzata	Procedura Mutuo riconoscimento o Decentrata	Medicinali soggetti a prescrizione medica
045711215	045711	EZETIMIBE E SIMVASTATINA TEVA B.V.	10 MG/40 MG COMPRESSE- 30 COMPRESSE IN CONTENITORE HDPE	EZETIMIBE/SIMVASTATINA	EZETIMIBE|SIMVASTATINA	10|40	milligrammi|milligrammi	Compressa	C10BA02	TEVA B.V.	Autorizzata	Procedura Mutuo riconoscimento o Decentrata	Medicinali soggetti a prescrizione medica
045711227	045711	EZETIMIBE E SIMVASTATINA TEVA B.V.	10 MG/40 MG COMPRESSE- 90 COMPRESSE IN CONTENITORE HDPE	EZETIMIBE/SIMVASTATINA	EZETIMIBE|SIMVASTATINA	10|40	milligrammi|milligrammi	Compressa	C10BA02	TEVA B.V.	Autorizzata	Procedura Mutuo riconoscimento o Decentrata	Medicinali soggetti a prescrizione medica
045711239	045711	EZETIMIBE E SIMVASTATINA TEVA B.V.	10 MG/20 MG COMPRESSE- 50 COMPRESSE IN BLISTER OPA/AL/PVC	EZETIMIBE/SIMVASTATINA	EZETIMIBE|SIMVASTATINA	10|20	milligrammi|milligrammi	Compressa	C10BA02	TEVA B.V.	Autorizzata	Procedura Mutuo riconoscimento o Decentrata	Medicinali soggetti a prescrizione medica
045711241	045711	EZETIMIBE E SIMVASTATINA TEVA B.V.	10 MG/20 MG COMPRESSE- 28 COMPRESSE IN CONTENITORE HDPE	EZETIMIBE/SIMVASTATINA	EZETIMIBE|SIMVASTATINA	10|20	milligrammi|milligrammi	Compressa	C10BA02	TEVA B.V.	Autorizzata	Procedura Mutuo riconoscimento o Decentrata	Medicinali soggetti a prescrizione medica
045711254	045711	EZETIMIBE E SIMVASTATINA TEVA B.V.	10 MG/40 MG COMPRESSE- 50 COMPRESSE IN BLISTER OPA/AL/PVC	EZETIMIBE/SIMVASTATINA	EZETIMIBE|SIMVASTATINA	10|40	milligrammi|milligrammi	Compressa	C10BA02	TEVA B.V.	Autorizzata	Procedura Mutuo riconoscimento o Decentrata	Medicinali soggetti a prescrizione medica
045711266	045711	EZETIMIBE E SIMVASTATINA TEVA B.V.	10 MG/40 MG COMPRESSE- 28 COMPRESSE IN CONTENITORE HDPE	EZETIMIBE/SIMVASTATINA	EZETIMIBE|SIMVASTATINA	10|40	milligrammi|milligrammi	Compressa	C10BA02	TEVA B.V.	Autorizzata	Procedura Mutuo riconoscimento o Decentrata	Medicinali soggetti a prescrizione medica
045909013	045909	EZETIMIBE E SIMVASTATINA ALMUS	10 MG/10 MG COMPRESSE- 30 COMPRESSE IN BLISTER OPA/AL/PVC/AL	EZETIMIBE/SIMVASTATINA	EZETIMIBE|SIMVASTATINA	10|10	milligrammi|milligrammi	Compressa	C10BA02	ALMUS S.R.L.	Autorizzata	Procedura Mutuo riconoscimento o Decentrata	Medicinali soggetti a prescrizione medica
045909025	045909	EZETIMIBE E SIMVASTATINA ALMUS	10 MG/20 MG COMPRESSE- 30 COMPRESSE IN BLISTER OPA/AL/PVC/AL	EZETIMIBE/SIMVASTATINA	EZETIMIBE|SIMVASTATINA	10|20	milligrammi|milligrammi	Compressa	C10BA02	ALMUS S.R.L.	Autorizzata	Procedura Mutuo riconoscimento o Decentrata	Medicinali soggetti a prescrizione medica
045909037	045909	EZETIMIBE E SIMVASTATINA ALMUS	10 MG/40 MG COMPRESSE- 30 COMPRESSE IN BLISTER OPA/AL/PVC/AL	EZETIMIBE/SIMVASTATINA	EZETIMIBE|SIMVASTATINA	10|40	milligrammi|milligrammi	Compressa	C10BA02	ALMUS S.R.L.	Autorizzata	Procedura Mutuo riconoscimento o Decentrata	Medicinali soggetti a prescrizione medica
046167021	046167	EZETIMIBE E SIMVASTATINA TECNIGEN	10 MG/20 MG COMPRESSE- 28 COMPRESSE IN BLISTER PVC/PE.EVOH.PE/PCTFE/AL	EZETIMIBE/SIMVASTATINA	EZETIMIBE|SIMVASTATINA	10|20	milligrammi|milligrammi	Compressa	C10BA02	TECNIGEN S.R.L.	Autorizzata	Procedura Mutuo riconoscimento o Decentrata	Medicinali soggetti a prescrizione medica
046167033	046167	EZETIMIBE E SIMVASTATINA TECNIGEN	10 MG/20 MG COMPRESSE- 30 COMPRESSE IN BLISTER PVC/PE.EVOH.PE/PCTFE/AL	EZETIMIBE/SIMVASTATINA	EZETIMIBE|SIMVASTATINA	10|20	milligrammi|milligrammi	Compressa	C10BA02	TECNIGEN S.R.L.	Autorizzata	Procedura Mutuo riconoscimento o Decentrata	Medicinali soggetti a prescrizione medica
046167045	046167	EZETIMIBE E SIMVASTATINA TECNIGEN	10 MG/10 MG COMPRESSE- 14 COMPRESSE IN BLISTER PVC/PE.EVOH.PE/PCTFE/AL	EZETIMIBE/SIMVASTATINA	EZETIMIBE|SIMVASTATINA	10|10	milligrammi|milligrammi	Compressa	C10BA02	TECNIGEN S.R.L.	Autorizzata	Procedura Mutuo riconoscimento o Decentrata	Medicinali soggetti a prescrizione medica
046167058	046167	EZETIMIBE E SIMVASTATINA TECNIGEN	10 MG/10 MG COMPRESSE- 28 COMPRESSE IN BLISTER PVC/PE.EVOH.PE/PCTFE/AL	EZETIMIBE/SIMVASTATINA	EZETIMIBE|SIMVASTATINA	10|10	milligrammi|milligrammi	Compressa	C10BA02	TECNIGEN S.R.L.	Autorizzata	Procedura Mutuo riconoscimento o Decentrata	Medicinali soggetti a prescrizione medica
046223018	046223	AMISITELA	10 MG/10 MG COMPRESSE- 30 COMPRESSE IN BLISTER OPA/AL/PVC/AL	EZETIMIBE/SIMVASTATINA	EZETIMIBE|SIMVASTATINA	|	|	Compressa	C10BA02	EBERLIFE FARMACEUTICI S.P.A.	Autorizzata	Procedura Mutuo riconoscimento o Decentrata	Medicinali soggetti a prescrizione medica
046223020	046223	AMISITELA	10 MG/20 MG COMPRESSE- 30 COMPRESSE IN BLISTER OPA/AL/PVC/AL	EZETIMIBE/SIMVASTATINA	EZETIMIBE|SIMVASTATINA	|	|	Compressa	C10BA02	EBERLIFE FARMACEUTICI S.P.A.	Autorizzata	Procedura Mutuo riconoscimento o Decentrata	Medicinali soggetti a prescrizione medica
046223032	046223	AMISITELA	10 MG/40 MG COMPRESSE- 30 COMPRESSE IN BLISTER OPA/AL/PVC/AL	EZETIMIBE/SIMVASTATINA	EZETIMIBE|SIMVASTATINA	|	|	Compressa	C10BA02	EBERLIFE FARMACEUTICI S.P.A.	Autorizzata	Procedura Mutuo riconoscimento o Decentrata	Medicinali soggetti a prescrizione medica
046655015	046655	EZETIMIBE E SIMVASTATINA AUROBINDO	10 MG/10 MG COMPRESSE- 28 COMPRESSE IN BLISTER OPA/AL/PVC/AL	EZETIMIBE/SIMVASTATINA	EZETIMIBE|SIMVASTATINA	10|10	milligrammi|milligrammi	Compressa	C10BA02	AUROBINDO PHARMA (ITALIA) S.R.L.	Autorizzata	Procedura Mutuo riconoscimento o Decentrata	Medicinali soggetti a prescrizione medica
046655027	046655	EZETIMIBE E SIMVASTATINA AUROBINDO	10 MG/10 MG COMPRESSE- 30 COMPRESSE IN BLISTER OPA/AL/PVC/AL	EZETIMIBE/SIMVASTATINA	EZETIMIBE|SIMVASTATINA	10|10	milligrammi|milligrammi	Compressa	C10BA02	AUROBINDO PHARMA (ITALIA) S.R.L.	Autorizzata	Procedura Mutuo riconoscimento o Decentrata	Medicinali soggetti a prescrizione medica
046655039	046655	EZETIMIBE E SIMVASTATINA AUROBINDO	10 MG/10 MG COMPRESSE- 50 COMPRESSE IN BLISTER OPA/AL/PVC/AL	EZETIMIBE/SIMVASTATINA	EZETIMIBE|SIMVASTATINA	10|10	milligrammi|milligrammi	Compressa	C10BA02	AUROBINDO PHARMA (ITALIA) S.R.L.	Autorizzata	Procedura Mutuo riconoscimento o Decentrata	Medicinali soggetti a prescrizione medica
046655041	046655	EZETIMIBE E SIMVASTATINA AUROBINDO	10 MG/10 MG COMPRESSE- 98 COMPRESSE IN BLISTER OPA/AL/PVC/AL	EZETIMIBE/SIMVASTATINA	EZETIMIBE|SIMVASTATINA	10|10	milligrammi|milligrammi	Compressa	C10BA02	AUROBINDO PHARMA (ITALIA) S.R.L.	Autorizzata	Procedura Mutuo riconoscimento o Decentrata	Medicinali soggetti a prescrizione medica
046655078	046655	EZETIMIBE E SIMVASTATINA AUROBINDO	10 MG/20 MG COMPRESSE- 30 COMPRESSE IN BLISTER OPA/AL/PVC/AL	EZETIMIBE/SIMVASTATINA	EZETIMIBE|SIMVASTATINA	10|20	milligrammi|milligrammi	Compressa	C10BA02	AUROBINDO PHARMA (ITALIA) S.R.L.	Autorizzata	Procedura Mutuo riconoscimento o Decentrata	Medicinali soggetti a prescrizione medica
046655080	046655	EZETIMIBE E SIMVASTATINA AUROBINDO	10 MG/20 MG COMPRESSE- 50 COMPRESSE IN BLISTER OPA/AL/PVC/AL	EZETIMIBE/SIMVASTATINA	EZETIMIBE|SIMVASTATINA	10|20	milligrammi|milligrammi	Compressa	C10BA02	AUROBINDO PHARMA (ITALIA) S.R.L.	Autorizzata	Procedura Mutuo riconoscimento o Decentrata	Medicinali soggetti a prescrizione medica
046655092	046655	EZETIMIBE E SIMVASTATINA AUROBINDO	10 MG/20 MG COMPRESSE- 90 COMPRESSE IN BLISTER OPA/AL/PVC/AL	EZETIMIBE/SIMVASTATINA	EZETIMIBE|SIMVASTATINA	10|20	milligrammi|milligrammi	Compressa	C10BA02	AUROBINDO PHARMA (ITALIA) S.R.L.	Autorizzata	Procedura Mutuo riconoscimento o Decentrata	Medicinali soggetti a prescrizione medica
046655104	046655	EZETIMIBE E SIMVASTATINA AUROBINDO	10 MG/20 MG COMPRESSE- 98 COMPRESSE IN BLISTER OPA/AL/PVC/AL	EZETIMIBE/SIMVASTATINA	EZETIMIBE|SIMVASTATINA	10|20	milligrammi|milligrammi	Compressa	C10BA02	AUROBINDO PHARMA (ITALIA) S.R.L.	Autorizzata	Procedura Mutuo riconoscimento o Decentrata	Medicinali soggetti a prescrizione medica
046655128	046655	EZETIMIBE E SIMVASTATINA AUROBINDO	10 MG/40 MG COMPRESSE- 28 COMPRESSE IN BLISTER OPA/AL/PVC/AL	EZETIMIBE/SIMVASTATINA	EZETIMIBE|SIMVASTATINA	10|40	milligrammi|milligrammi	Compressa	C10BA02	AUROBINDO PHARMA (ITALIA) S.R.L.	Autorizzata	Procedura Mutuo riconoscimento o Decentrata	Medicinali soggetti a prescrizione medica
046655130	046655	EZETIMIBE E SIMVASTATINA AUROBINDO	10 MG/40 MG COMPRESSE- 30 COMPRESSE IN BLISTER OPA/AL/PVC/AL	EZETIMIBE/SIMVASTATINA	EZETIMIBE|SIMVASTATINA	10|40	milligrammi|milligrammi	Compressa	C10BA02	AUROBINDO PHARMA (ITALIA) S.R.L.	Autorizzata	Procedura Mutuo riconoscimento o Decentrata	Medicinali soggetti a prescrizione medica
046655142	046655	EZETIMIBE E SIMVASTATINA AUROBINDO	10 MG/40 MG COMPRESSE- 50 COMPRESSE IN BLISTER OPA/AL/PVC/AL	EZETIMIBE/SIMVASTATINA	EZETIMIBE|SIMVASTATINA	10|40	milligrammi|milligrammi	Compressa	C10BA02	AUROBINDO PHARMA (ITALIA) S.R.L.	Autorizzata	Procedura Mutuo riconoscimento o Decentrata	Medicinali soggetti a prescrizione medica
046655155	046655	EZETIMIBE E SIMVASTATINA AUROBINDO	10 MG/40 MG COMPRESSE- 90 COMPRESSE IN BLISTER OPA/AL/PVC/AL	EZETIMIBE/SIMVASTATINA	EZETIMIBE|SIMVASTATINA	10|40	milligrammi|milligrammi	Compressa	C10BA02	AUROBINDO PHARMA (ITALIA) S.R.L.	Autorizzata	Procedura Mutuo riconoscimento o Decentrata	Medicinali soggetti a prescrizione medica
046655167	046655	EZETIMIBE E SIMVASTATINA AUROBINDO	10 MG/40 MG COMPRESSE- 98 COMPRESSE IN BLISTER OPA/AL/PVC/AL	EZETIMIBE/SIMVASTATINA	EZETIMIBE|SIMVASTATINA	10|40	milligrammi|milligrammi	Compressa	C10BA02	AUROBINDO PHARMA (ITALIA) S.R.L.	Autorizzata	Procedura Mutuo riconoscimento o Decentrata	Medicinali soggetti a prescrizione medica
046655179	046655	EZETIMIBE E SIMVASTATINA AUROBINDO	10 MG/40 MG COMPRESSE- 100 COMPRESSE IN BLISTER OPA/AL/PVC/AL	EZETIMIBE/SIMVASTATINA	EZETIMIBE|SIMVASTATINA	10|40	milligrammi|milligrammi	Compressa	C10BA02	AUROBINDO PHARMA (ITALIA) S.R.L.	Autorizzata	Procedura Mutuo riconoscimento o Decentrata	Medicinali soggetti a prescrizione medica
046952014	046952	EZETIMIBE E SIMVASTATINA ALTER	10 MG/10 MG COMPRESSE- 28 COMPRESSE IN BLISTER OPA/AL/PVC	EZETIMIBE/SIMVASTATINA	EZETIMIBE|SIMVASTATINA	10|10	milligrammi|milligrammi	Compressa	C10BA02	LABORATORI ALTER S.R.L.	Autorizzata	Procedura Mutuo riconoscimento o Decentrata	Medicinali soggetti a prescrizione medica
046952038	046952	EZETIMIBE E SIMVASTATINA ALTER	10 MG/10 MG COMPRESSE- 28 COMPRESSE IN FLACONE HDPE	EZETIMIBE/SIMVASTATINA	EZETIMIBE|SIMVASTATINA	10|10	milligrammi|milligrammi	Compressa	C10BA02	LABORATORI ALTER S.R.L.	Autorizzata	Procedura Mutuo riconoscimento o Decentrata	Medicinali soggetti a prescrizione medica
046952040	046952	EZETIMIBE E SIMVASTATINA ALTER	10 MG/10 MG COMPRESSE- 30 COMPRESSE IN FLACONE HDPE	EZETIMIBE/SIMVASTATINA	EZETIMIBE|SIMVASTATINA	10|10	milligrammi|milligrammi	Compressa	C10BA02	LABORATORI ALTER S.R.L.	Autorizzata	Procedura Mutuo riconoscimento o Decentrata	Medicinali soggetti a prescrizione medica
046952053	046952	EZETIMIBE E SIMVASTATINA ALTER	10 MG/20 MG COMPRESSE- 28 COMPRESSE IN BLISTER OPA/AL/PVC	EZETIMIBE/SIMVASTATINA	EZETIMIBE|SIMVASTATINA	10|20	milligrammi|milligrammi	Compressa	C10BA02	LABORATORI ALTER S.R.L.	Autorizzata	Procedura Mutuo riconoscimento o Decentrata	Medicinali soggetti a prescrizione medica
046952065	046952	EZETIMIBE E SIMVASTATINA ALTER	10 MG/20 MG COMPRESSE- 30 COMPRESSE IN BLISTER OPA/AL/PVC	EZETIMIBE/SIMVASTATINA	EZETIMIBE|SIMVASTATINA	10|20	milligrammi|milligrammi	Compressa	C10BA02	LABORATORI ALTER S.R.L.	Autorizzata	Procedura Mutuo riconoscimento o Decentrata	Medicinali soggetti a prescrizione medica
046952077	046952	EZETIMIBE E SIMVASTATINA ALTER	10 MG/20 MG COMPRESSE- 90 COMPRESSE IN BLISTER OPA/AL/PVC	EZETIMIBE/SIMVASTATINA	EZETIMIBE|SIMVASTATINA	10|20	milligrammi|milligrammi	Compressa	C10BA02	LABORATORI ALTER S.R.L.	Autorizzata	Procedura Mutuo riconoscimento o Decentrata	Medicinali soggetti a prescrizione medica
046952089	046952	EZETIMIBE E SIMVASTATINA ALTER	10 MG/20 MG COMPRESSE- 28 COMPRESSE IN FLACONE HDPE	EZETIMIBE/SIMVASTATINA	EZETIMIBE|SIMVASTATINA	10|20	milligrammi|milligrammi	Compressa	C10BA02	LABORATORI ALTER S.R.L.	Autorizzata	Procedura Mutuo riconoscimento o Decentrata	Medicinali soggetti a prescrizione medica
046952091	046952	EZETIMIBE E SIMVASTATINA ALTER	10 MG/20 MG COMPRESSE- 30 COMPRESSE IN FLACONE HDPE	EZETIMIBE/SIMVASTATINA	EZETIMIBE|SIMVASTATINA	10|20	milligrammi|milligrammi	Compressa	C10BA02	LABORATORI ALTER S.R.L.	Autorizzata	Procedura Mutuo riconoscimento o Decentrata	Medicinali soggetti a prescrizione medica
046952103	046952	EZETIMIBE E SIMVASTATINA ALTER	10 MG/20 MG COMPRESSE- 90 COMPRESSE IN FLACONE HDPE	EZETIMIBE/SIMVASTATINA	EZETIMIBE|SIMVASTATINA	10|20	milligrammi|milligrammi	Compressa	C10BA02	LABORATORI ALTER S.R.L.	Autorizzata	Procedura Mutuo riconoscimento o Decentrata	Medicinali soggetti a prescrizione medica
046952115	046952	EZETIMIBE E SIMVASTATINA ALTER	10 MG/40 MG COMPRESSE- 28 COMPRESSE IN BLISTER OPA/AL/PVC	EZETIMIBE/SIMVASTATINA	EZETIMIBE|SIMVASTATINA	10|40	milligrammi|milligrammi	Compressa	C10BA02	LABORATORI ALTER S.R.L.	Autorizzata	Procedura Mutuo riconoscimento o Decentrata	Medicinali soggetti a prescrizione medica
046952127	046952	EZETIMIBE E SIMVASTATINA ALTER	10 MG/40 MG COMPRESSE- 30 COMPRESSE IN BLISTER OPA/AL/PVC	EZETIMIBE/SIMVASTATINA	EZETIMIBE|SIMVASTATINA	10|40	milligrammi|milligrammi	Compressa	C10BA02	LABORATORI ALTER S.R.L.	Autorizzata	Procedura Mutuo riconoscimento o Decentrata	Medicinali soggetti a prescrizione medica
046952139	046952	EZETIMIBE E SIMVASTATINA ALTER	10 MG/40 MG COMPRESSE- 90 COMPRESSE IN BLISTER OPA/AL/PVC	EZETIMIBE/SIMVASTATINA	EZETIMIBE|SIMVASTATINA	10|40	milligrammi|milligrammi	Compressa	C10BA02	LABORATORI ALTER S.R.L.	Autorizzata	Procedura Mutuo riconoscimento o Decentrata	Medicinali soggetti a prescrizione medica
046952141	046952	EZETIMIBE E SIMVASTATINA ALTER	10 MG/40 MG COMPRESSE- 28 COMPRESSE IN FLACONE HDPE	EZETIMIBE/SIMVASTATINA	EZETIMIBE|SIMVASTATINA	10|40	milligrammi|milligrammi	Compressa	C10BA02	LABORATORI ALTER S.R.L.	Autorizzata	Procedura Mutuo riconoscimento o Decentrata	Medicinali soggetti a prescrizione medica
046952154	046952	EZETIMIBE E SIMVASTATINA ALTER	10 MG/40 MG COMPRESSE- 30 COMPRESSE IN FLACONE HDPE	EZETIMIBE/SIMVASTATINA	EZETIMIBE|SIMVASTATINA	10|40	milligrammi|milligrammi	Compressa	C10BA02	LABORATORI ALTER S.R.L.	Autorizzata	Procedura Mutuo riconoscimento o Decentrata	Medicinali soggetti a prescrizione medica
046952166	046952	EZETIMIBE E SIMVASTATINA ALTER	10 MG/40 MG COMPRESSE- 90 COMPRESSE IN FLACONE HDPE	EZETIMIBE/SIMVASTATINA	EZETIMIBE|SIMVASTATINA	10|40	milligrammi|milligrammi	Compressa	C10BA02	LABORATORI ALTER S.R.L.	Autorizzata	Procedura Mutuo riconoscimento o Decentrata	Medicinali soggetti a prescrizione medica
047147018	047147	EZETIMIBE E SIMVASTATINA ZENTIVA	10 MG/10 MG COMPRESSE- 30 COMPRESSE IN BLISTER OPA/AL/PVC/AL	EZETIMIBE/SIMVASTATINA	EZETIMIBE|SIMVASTATINA	10|10	milligrammi|milligrammi	Compressa	C10BA02	ZENTIVA ITALIA S.R.L.	Autorizzata	Procedura Mutuo riconoscimento o Decentrata	Medicinali soggetti a prescrizione medica
047147020	047147	EZETIMIBE E SIMVASTATINA ZENTIVA	10 MG/10 MG COMPRESSE- 100 COMPRESSE IN BLISTER OPA/AL/PVC/AL	EZETIMIBE/SIMVASTATINA	EZETIMIBE|SIMVASTATINA	10|10	milligrammi|milligrammi	Compressa	C10BA02	ZENTIVA ITALIA S.R.L.	Autorizzata	Procedura Mutuo riconoscimento o Decentrata	Medicinali soggetti a prescrizione medica
047147032	047147	EZETIMIBE E SIMVASTATINA ZENTIVA	10 MG/10 MG COMPRESSE- 300 COMPRESSE IN BLISTER OPA/AL/PVC/AL	EZETIMIBE/SIMVASTATINA	EZETIMIBE|SIMVASTATINA	10|10	milligrammi|milligrammi	Compressa	C10BA02	ZENTIVA ITALIA S.R.L.	Autorizzata	Procedura Mutuo riconoscimento o Decentrata	Medicinali soggetti a prescrizione medica
047147044	047147	EZETIMIBE E SIMVASTATINA ZENTIVA	10 MG/20 MG COMPRESSE- 30 COMPRESSE IN BLISTER OPA/AL/PVC/AL	EZETIMIBE/SIMVASTATINA	EZETIMIBE|SIMVASTATINA	10|20	milligrammi|milligrammi	Compressa	C10BA02	ZENTIVA ITALIA S.R.L.	Autorizzata	Procedura Mutuo riconoscimento o Decentrata	Medicinali soggetti a prescrizione medica
047147069	047147	EZETIMIBE E SIMVASTATINA ZENTIVA	10 MG/20 MG COMPRESSE- 300 COMPRESSE IN BLISTER OPA/AL/PVC/AL	EZETIMIBE/SIMVASTATINA	EZETIMIBE|SIMVASTATINA	10|20	milligrammi|milligrammi	Compressa	C10BA02	ZENTIVA ITALIA S.R.L.	Autorizzata	Procedura Mutuo riconoscimento o Decentrata	Medicinali soggetti a prescrizione medica
047147071	047147	EZETIMIBE E SIMVASTATINA ZENTIVA	10 MG/40 MG COMPRESSE- 30 COMPRESSE IN BLISTER OPA/AL/PVC/AL	EZETIMIBE/SIMVASTATINA	EZETIMIBE|SIMVASTATINA	10|40	milligrammi|milligrammi	Compressa	C10BA02	ZENTIVA ITALIA S.R.L.	Autorizzata	Procedura Mutuo riconoscimento o Decentrata	Medicinali soggetti a prescrizione medica
047147083	047147	EZETIMIBE E SIMVASTATINA ZENTIVA	10 MG/40 MG COMPRESSE- 100 COMPRESSE IN BLISTER OPA/AL/PVC/AL	EZETIMIBE/SIMVASTATINA	EZETIMIBE|SIMVASTATINA	10|40	milligrammi|milligrammi	Compressa	C10BA02	ZENTIVA ITALIA S.R.L.	Autorizzata	Procedura Mutuo riconoscimento o Decentrata	Medicinali soggetti a prescrizione medica
047147095	047147	EZETIMIBE E SIMVASTATINA ZENTIVA	10 MG/40 MG COMPRESSE- 300 COMPRESSE IN BLISTER OPA/AL/PVC/AL	EZETIMIBE/SIMVASTATINA	EZETIMIBE|SIMVASTATINA	10|40	milligrammi|milligrammi	Compressa	C10BA02	ZENTIVA ITALIA S.R.L.	Autorizzata	Procedura Mutuo riconoscimento o Decentrata	Medicinali soggetti a prescrizione medica
047147133	047147	EZETIMIBE E SIMVASTATINA ZENTIVA	10 MG/10 MG COMPRESSE- 50 COMPRESSE IN BLISTER OPA/AL/PVC/AL	EZETIMIBE/SIMVASTATINA	EZETIMIBE|SIMVASTATINA	10|10	milligrammi|milligrammi	Compressa	C10BA02	ZENTIVA ITALIA S.R.L.	Autorizzata	Procedura Mutuo riconoscimento o Decentrata	Medicinali soggetti a prescrizione medica
047147145	047147	EZETIMIBE E SIMVASTATINA ZENTIVA	10 MG/20 MG COMPRESSE- 50 COMPRESSE IN BLISTER OPA/AL/PVC/AL	EZETIMIBE/SIMVASTATINA	EZETIMIBE|SIMVASTATINA	10|20	milligrammi|milligrammi	Compressa	C10BA02	ZENTIVA ITALIA S.R.L.	Autorizzata	Procedura Mutuo riconoscimento o Decentrata	Medicinali soggetti a prescrizione medica
047147172	047147	EZETIMIBE E SIMVASTATINA ZENTIVA	10 MG/10 MG COMPRESSE- 10 COMPRESSE IN BLISTER OPA/AL/PVC/AL	EZETIMIBE/SIMVASTATINA	EZETIMIBE|SIMVASTATINA	10|10	milligrammi|milligrammi	Compressa	C10BA02	ZENTIVA ITALIA S.R.L.	Autorizzata	Procedura Mutuo riconoscimento o Decentrata	Medicinali soggetti a prescrizione medica
048258014	048258	EZETIMIBE E SIMVASTATINA ACCORD	10 MG/10 MG COMPRESSE- 28 COMPRESSE IN BLISTER AL/AL	EZETIMIBE/SIMVASTATINA	EZETIMIBE|SIMVASTATINA	|	|	Compressa	C10BA02	ACCORD HEALTHCARE, S.L.U.	Autorizzata	Procedura Mutuo riconoscimento o Decentrata	Medicinali soggetti a prescrizione medica
048258026	048258	EZETIMIBE E SIMVASTATINA ACCORD	10 MG/10 MG COMPRESSE- 30 COMPRESSE IN BLISTER AL/AL	EZETIMIBE/SIMVASTATINA	EZETIMIBE|SIMVASTATINA	|	|	Compressa	C10BA02	ACCORD HEALTHCARE, S.L.U.	Autorizzata	Procedura Mutuo riconoscimento o Decentrata	Medicinali soggetti a prescrizione medica
048258038	048258	EZETIMIBE E SIMVASTATINA ACCORD	10 MG/10 MG COMPRESSE- 98 COMPRESSE IN BLISTER AL/AL	EZETIMIBE/SIMVASTATINA	EZETIMIBE|SIMVASTATINA	|	|	Compressa	C10BA02	ACCORD HEALTHCARE, S.L.U.	Autorizzata	Procedura Mutuo riconoscimento o Decentrata	Medicinali soggetti a prescrizione medica
048258040	048258	EZETIMIBE E SIMVASTATINA ACCORD	10 MG/10 MG COMPRESSE- 100 COMPRESSE IN BLISTER AL/AL	EZETIMIBE/SIMVASTATINA	EZETIMIBE|SIMVASTATINA	|	|	Compressa	C10BA02	ACCORD HEALTHCARE, S.L.U.	Autorizzata	Procedura Mutuo riconoscimento o Decentrata	Medicinali soggetti a prescrizione medica
048258053	048258	EZETIMIBE E SIMVASTATINA ACCORD	10 MG/20 MG COMPRESSE- 28 COMPRESSE IN BLISTER AL/AL	EZETIMIBE/SIMVASTATINA	EZETIMIBE|SIMVASTATINA	|	|	Compressa	C10BA02	ACCORD HEALTHCARE, S.L.U.	Autorizzata	Procedura Mutuo riconoscimento o Decentrata	Medicinali soggetti a prescrizione medica
048258065	048258	EZETIMIBE E SIMVASTATINA ACCORD	10 MG/20 MG COMPRESSE- 30 COMPRESSE IN BLISTER AL/AL	EZETIMIBE/SIMVASTATINA	EZETIMIBE|SIMVASTATINA	|	|	Compressa	C10BA02	ACCORD HEALTHCARE, S.L.U.	Autorizzata	Procedura Mutuo riconoscimento o Decentrata	Medicinali soggetti a prescrizione medica
048258077	048258	EZETIMIBE E SIMVASTATINA ACCORD	10 MG/20 MG COMPRESSE- 50 COMPRESSE IN BLISTER AL/AL	EZETIMIBE/SIMVASTATINA	EZETIMIBE|SIMVASTATINA	|	|	Compressa	C10BA02	ACCORD HEALTHCARE, S.L.U.	Autorizzata	Procedura Mutuo riconoscimento o Decentrata	Medicinali soggetti a prescrizione medica
048258089	048258	EZETIMIBE E SIMVASTATINA ACCORD	10 MG/20 MG COMPRESSE- 90 COMPRESSE IN BLISTER AL/AL	EZETIMIBE/SIMVASTATINA	EZETIMIBE|SIMVASTATINA	|	|	Compressa	C10BA02	ACCORD HEALTHCARE, S.L.U.	Autorizzata	Procedura Mutuo riconoscimento o Decentrata	Medicinali soggetti a prescrizione medica
048258091	048258	EZETIMIBE E SIMVASTATINA ACCORD	10 MG/20 MG COMPRESSE- 98 COMPRESSE IN BLISTER AL/AL	EZETIMIBE/SIMVASTATINA	EZETIMIBE|SIMVASTATINA	|	|	Compressa	C10BA02	ACCORD HEALTHCARE, S.L.U.	Autorizzata	Procedura Mutuo riconoscimento o Decentrata	Medicinali soggetti a prescrizione medica
048258103	048258	EZETIMIBE E SIMVASTATINA ACCORD	10 MG/20 MG COMPRESSE- 100 COMPRESSE IN BLISTER AL/AL	EZETIMIBE/SIMVASTATINA	EZETIMIBE|SIMVASTATINA	|	|	Compressa	C10BA02	ACCORD HEALTHCARE, S.L.U.	Autorizzata	Procedura Mutuo riconoscimento o Decentrata	Medicinali soggetti a prescrizione medica
048258115	048258	EZETIMIBE E SIMVASTATINA ACCORD	10 MG/40 MG COMPRESSE- 28 COMPRESSE IN BLISTER AL/AL	EZETIMIBE/SIMVASTATINA	EZETIMIBE|SIMVASTATINA	|	|	Compressa	C10BA02	ACCORD HEALTHCARE, S.L.U.	Autorizzata	Procedura Mutuo riconoscimento o Decentrata	Medicinali soggetti a prescrizione medica
048258127	048258	EZETIMIBE E SIMVASTATINA ACCORD	10 MG/40 MG COMPRESSE- 30 COMPRESSE IN BLISTER AL/AL	EZETIMIBE/SIMVASTATINA	EZETIMIBE|SIMVASTATINA	|	|	Compressa	C10BA02	ACCORD HEALTHCARE, S.L.U.	Autorizzata	Procedura Mutuo riconoscimento o Decentrata	Medicinali soggetti a prescrizione medica
048258139	048258	EZETIMIBE E SIMVASTATINA ACCORD	10 MG/40 MG COMPRESSE- 50 COMPRESSE IN BLISTER AL/AL	EZETIMIBE/SIMVASTATINA	EZETIMIBE|SIMVASTATINA	|	|	Compressa	C10BA02	ACCORD HEALTHCARE, S.L.U.	Autorizzata	Procedura Mutuo riconoscimento o Decentrata	Medicinali soggetti a prescrizione medica
048258141	048258	EZETIMIBE E SIMVASTATINA ACCORD	10 MG/40 MG COMPRESSE- 90 COMPRESSE IN BLISTER AL/AL	EZETIMIBE/SIMVASTATINA	EZETIMIBE|SIMVASTATINA	|	|	Compressa	C10BA02	ACCORD HEALTHCARE, S.L.U.	Autorizzata	Procedura Mutuo riconoscimento o Decentrata	Medicinali soggetti a prescrizione medica
048258154	048258	EZETIMIBE E SIMVASTATINA ACCORD	10 MG/40 MG COMPRESSE- 98 COMPRESSE IN BLISTER AL/AL	EZETIMIBE/SIMVASTATINA	EZETIMIBE|SIMVASTATINA	|	|	Compressa	C10BA02	ACCORD HEALTHCARE, S.L.U.	Autorizzata	Procedura Mutuo riconoscimento o Decentrata	Medicinali soggetti a prescrizione medica
048258166	048258	EZETIMIBE E SIMVASTATINA ACCORD	10 MG/40 MG COMPRESSE- 100 COMPRESSE IN BLISTER AL/AL	EZETIMIBE/SIMVASTATINA	EZETIMIBE|SIMVASTATINA	|	|	Compressa	C10BA02	ACCORD HEALTHCARE, S.L.U.	Autorizzata	Procedura Mutuo riconoscimento o Decentrata	Medicinali soggetti a prescrizione medica
