codice_aic	cod_farmaco	denominazione	descrizione	pa_associati	principio_attivo	quantita	unita_misura	forma	codice_atc	ragione_sociale	stato_amministrativo	tipo_procedura	fornitura
034972012	034972	NEXIUM	20 MG COMPRESSE GASTRORESISTENTI- 2 COMPRESSE IN FLACONE	ESOMEPRAZOLO MAGNESIO TRIIDRATO	ESOMEPRAZOLO MAGNESIO TRIIDRATO			Compressa gastroresistente	A02BC05	GRUNENTHAL ITALIA S.R.L.	Autorizzata	Procedura Mutuo riconoscimento o Decentrata	Medicinali soggetti a prescrizione medica
034972024	034972	NEXIUM	20 MG COMPRESSE GASTRORESISTENTI- 5 COMPRESSE IN FLACONE	ESOMEPRAZOLO MAGNESIO TRIIDRATO	ESOMEPRAZOLO MAGNESIO TRIIDRATO			Compressa gastroresistente	A02BC05	GRUNENTHAL ITALIA S.R.L.	Autorizzata	Procedura Mutuo riconoscimento o Decentrata	Medicinali soggetti a prescrizione medica
034972036	034972	NEXIUM	20 MG COMPRESSE GASTRORESISTENTI- 7 COMPRESSE IN FLACONE	ESOMEPRAZOLO MAGNESIO TRIIDRATO	ESOMEPRAZOLO MAGNESIO TRIIDRATO			Compressa gastroresistente	A02BC05	GRUNENTHAL ITALIA S.R.L.	Autorizzata	Procedura Mutuo riconoscimento o Decentrata	Medicinali soggetti a prescrizione medica
034972048	034972	NEXIUM	20 MG COMPRESSE GASTRORESISTENTI- 14 COMPRESSE IN FLACONE	ESOMEPRAZOLO MAGNESIO TRIIDRATO	ESOMEPRAZOLO MAGNESIO TRIIDRATO			Compressa gastroresistente	A02BC05	GRUNENTHAL ITALIA S.R.L.	Autorizzata	Procedura Mutuo riconoscimento o Decentrata	Medicinali soggetti a prescrizione medica
034972051	034972	NEXIUM	20 MG COMPRESSE GASTRORESISTENTI- 15 COMPRESSE IN FLACONE	ESOMEPRAZOLO MAGNESIO TRIIDRATO	ESOMEPRAZOLO MAGNESIO TRIIDRATO			Compressa gastroresistente	A02BC05	GRUNENTHAL ITALIA S.R.L.	Autorizzata	Procedura Mutuo riconoscimento o Decentrata	Medicinali soggetti a prescrizione medica
034972063	034972	NEXIUM	20 MG COMPRESSE GASTRORESISTENTI- 28 COMPRESSE IN FLACONE	ESOMEPRAZOLO MAGNESIO TRIIDRATO	ESOMEPRAZOLO MAGNESIO TRIIDRATO			Compressa gastroresistente	A02BC05	GRUNENTHAL ITALIA S.R.L.	Autorizzata	Procedura Mutuo riconoscimento o Decentrata	Medicinali soggetti a prescrizione medica
034972075	034972	NEXIUM	20 MG COMPRESSE GASTRORESISTENTI- 30 COMPRESSE IN FLACONE	ESOMEPRAZOLO MAGNESIO TRIIDRATO	ESOMEPRAZOLO MAGNESIO TRIIDRATO			Compressa gastroresistente	A02BC05	GRUNENTHAL ITALIA S.R.L.	Autorizzata	Procedura Mutuo riconoscimento o Decentrata	Medicinali soggetti a prescrizione medica
034972087	034972	NEXIUM	20 MG COMPRESSE GASTRORESISTENTI- 56 COMPRESSE IN FLACONE	ESOMEPRAZOLO MAGNESIO TRIIDRATO	ESOMEPRAZOLO MAGNESIO TRIIDRATO			Compressa gastroresistente	A02BC05	GRUNENTHAL ITALIA S.R.L.	Autorizzata	Procedura Mutuo riconoscimento o Decentrata	Medicinali soggetti a prescrizione medica
034972099	034972	NEXIUM	20 MG COMPRESSE GASTRORESISTENTI- 60 COMPRESSE IN FLACONE	ESOMEPRAZOLO MAGNESIO TRIIDRATO	ESOMEPRAZOLO MAGNESIO TRIIDRATO			Compressa gastroresistente	A02BC05	GRUNENTHAL ITALIA S.R.L.	Autorizzata	Procedura Mutuo riconoscimento o Decentrata	Medicinali soggetti a prescrizione medica
034972101	034972	NEXIUM	20 MG COMPRESSE GASTRORESISTENTI- 100 COMPRESSE IN FLACONE	ESOMEPRAZOLO MAGNESIO TRIIDRATO	ESOMEPRAZOLO MAGNESIO TRIIDRATO			Compressa gastroresistente	A02BC05	GRUNENTHAL ITALIA S.R.L.	Autorizzata	Procedura Mutuo riconoscimento o Decentrata	Medicinali soggetti a prescrizione medica
034972113	034972	NEXIUM	40 MG COMPRESSE GASTRORESISTENTI- 2 COMPRESSE IN FLACONE	ESOMEPRAZOLO MAGNESIO TRIIDRATO	ESOMEPRAZOLO MAGNESIO TRIIDRATO			Compressa gastroresistente	A02BC05	GRUNENTHAL ITALIA S.R.L.	Autorizzata	Procedura Mutuo riconoscimento o Decentrata	Medicinali soggetti a prescrizione medica
034972125	034972	NEXIUM	40 MG COMPRESSE GASTRORESISTENTI- 5 COMPRESSE IN FLACONE	ESOMEPRAZOLO MAGNESIO TRIIDRATO	ESOMEPRAZOLO MAGNESIO TRIIDRATO			Compressa gastroresistente	A02BC05	GRUNENTHAL ITALIA S.R.L.	Autorizzata	Procedura Mutuo riconoscimento o Decentrata	Medicinali soggetti a prescrizione medica
034972137	034972	NEXIUM	40 MG COMPRESSE GASTRORESISTENTI- 7 COMPRESSE IN FLACONE	ESOMEPRAZOLO MAGNESIO TRIIDRATO	ESOMEPRAZOLO MAGNESIO TRIIDRATO			Compressa gastroresistente	A02BC05	GRUNENTHAL ITALIA S.R.L.	Autorizzata	Procedura Mutuo riconoscimento o Decentrata	Medicinali soggetti a prescrizione medica
034972149	034972	NEXIUM	40 MG COMPRESSE GASTRORESISTENTI- 14 COMPRESSE IN FLACONE	ESOMEPRAZOLO MAGNESIO TRIIDRATO	ESOMEPRAZOLO MAGNESIO TRIIDRATO			Compressa gastroresistente	A02BC05	GRUNENTHAL ITALIA S.R.L.	Autorizzata	Procedura Mutuo riconoscimento o Decentrata	Medicinali soggetti a prescrizione medica
034972152	034972	NEXIUM	40 MG COMPRESSE GASTRORESISTENTI- 15 COMPRESSE IN FLACONE	ESOMEPRAZOLO MAGNESIO TRIIDRATO	ESOMEPRAZOLO MAGNESIO TRIIDRATO			Compressa gastroresistente	A02BC05	GRUNENTHAL ITALIA S.R.L.	Autorizzata	Procedura Mutuo riconoscimento o Decentrata	Medicinali soggetti a prescrizione medica
034972164	034972	NEXIUM	40 MG COMPRESSE GASTRORESISTENTI- 28 COMPRESSE IN FLACONE	ESOMEPRAZOLO MAGNESIO TRIIDRATO	ESOMEPRAZOLO MAGNESIO TRIIDRATO			Compressa gastroresistente	A02BC05	GRUNENTHAL ITALIA S.R.L.	Autorizzata	Procedura Mutuo riconoscimento o Decentrata	Medicinali soggetti a prescrizione medica
034972176	034972	NEXIUM	40 MG COMPRESSE GASTRORESISTENTI- 30 COMPRESSE IN FLACONE	ESOMEPRAZOLO MAGNESIO TRIIDRATO	ESOMEPRAZOLO MAGNESIO TRIIDRATO			Compressa gastroresistente	A02BC05	GRUNENTHAL ITALIA S.R.L.	Autorizzata	Procedura Mutuo riconoscimento o Decentrata	Medicinali soggetti a prescrizione medica
034972188	034972	NEXIUM	40 MG COMPRESSE GASTRORESISTENTI- 56 COMPRESSE IN FLACONE	ESOMEPRAZOLO MAGNESIO TRIIDRATO	ESOMEPRAZOLO MAGNESIO TRIIDRATO			Compressa gastroresistente	A02BC05	GRUNENTHAL ITALIA S.R.L.	Autorizzata	Procedura Mutuo riconoscimento o Decentrata	Medicinali soggetti a prescrizione medica
034972190	034972	NEXIUM	40 MG COMPRESSE GASTRORESISTENTI- 60 COMPRESSE IN FLACONE	ESOMEPRAZOLO MAGNESIO TRIIDRATO	ESOMEPRAZOLO MAGNESIO TRIIDRATO			Compressa gastroresistente	A02BC05	GRUNENTHAL ITALIA S.R.L.	Autorizzata	Procedura Mutuo riconoscimento o Decentrata	Medicinali soggetti a prescrizione medica
034972202	034972	NEXIUM	40 MG COMPRESSE GASTRORESISTENTI- 100 COMPRESSE IN FLACONE	ESOMEPRAZOLO MAGNESIO TRIIDRATO	ESOMEPRAZOLO MAGNESIO TRIIDRATO			Compressa gastroresistente	A02BC05	GRUNENTHAL ITALIA S.R.L.	Autorizzata	Procedura Mutuo riconoscimento o Decentrata	Medicinali soggetti a prescrizione medica
034972214	034972	NEXIUM	40 MG COMPRESSE GASTRORESISTENTI- 140 (28X5) COMPRESSE IN FLACONE	ESOMEPRAZOLO MAGNESIO TRIIDRATO	ESOMEPRAZOLO MAGNESIO TRIIDRATO			Compressa gastroresistente	A02BC05	GRUNENTHAL ITALIA S.R.L.	Autorizzata	Procedura Mutuo riconoscimento o Decentrata	Medicinali soggetti a prescrizione medica
034972226	034972	NEXIUM	20 MG COMPRESSE GASTRORESISTENTI- 140 (28X5) COMPRESSE IN FLACONE	ESOMEPRAZOLO MAGNESIO TRIIDRATO	ESOMEPRAZOLO MAGNESIO TRIIDRATO			Compressa gastroresistente	A02BC05	GRUNENTHAL ITALIA S.R.L.	Autorizzata	Procedura Mutuo riconoscimento o Decentrata	Medicinali soggetti a prescrizione medica
034972238	034972	NEXIUM	20 MG COMPRESSE GASTRORESISTENTI- 3 COMPRESSE IN BLISTER AL/AL	ESOMEPRAZOLO MAGNESIO TRIIDRATO	ESOMEPRAZOLO MAGNESIO TRIIDRATO			Compressa gastroresistente	A02BC05	GRUNENTHAL ITALIA S.R.L.	Autorizzata	Procedura Mutuo riconoscimento o Decentrata	Medicinali soggetti a prescrizione medica
034972240	034972	NEXIUM	20 MG COMPRESSE GASTRORESISTENTI- 7 COMPRESSE IN BLISTER AL/AL	ESOMEPRAZOLO MAGNESIO TRIIDRATO	ESOMEPRAZOLO MAGNESIO TRIIDRATO			Compressa gastroresistente	A02BC05	GRUNENTHAL ITALIA S.R.L.	Autorizzata	Procedura Mutuo riconoscimento o Decentrata	Medicinali soggetti a prescrizione medica
034972253	034972	NEXIUM	20 MG COMPRESSE GASTRORESISTENTI- 7X1 COMPRESSE IN BLISTER AL/AL	ESOMEPRAZOLO MAGNESIO TRIIDRATO	ESOMEPRAZOLO MAGNESIO TRIIDRATO			Compressa gastroresistente	A02BC05	GRUNENTHAL ITALIA S.R.L.	Autorizzata	Procedura Mutuo riconoscimento o Decentrata	Medicinali soggetti a prescrizione medica
034972265	034972	NEXIUM	20 MG COMPRESSE GASTRORESISTENTI- 14 COMPRESSE IN BLISTER AL/AL	ESOMEPRAZOLO MAGNESIO TRIIDRATO	ESOMEPRAZOLO MAGNESIO TRIIDRATO			Compressa gastroresistente	A02BC05	GRUNENTHAL ITALIA S.R.L.	Autorizzata	Procedura Mutuo riconoscimento o Decentrata	Medicinali soggetti a prescrizione medica
034972277	034972	NEXIUM	20 MG COMPRESSE GASTRORESISTENTI- 15 COMPRESSE IN BLISTER AL/AL	ESOMEPRAZOLO MAGNESIO TRIIDRATO	ESOMEPRAZOLO MAGNESIO TRIIDRATO			Compressa gastroresistente	A02BC05	GRUNENTHAL ITALIA S.R.L.	Autorizzata	Procedura Mutuo riconoscimento o Decentrata	Medicinali soggetti a prescrizione medica
034972289	034972	NEXIUM	20 MG COMPRESSE GASTRORESISTENTI- 25X1 COMPRESSE IN BLISTER AL/AL	ESOMEPRAZOLO MAGNESIO TRIIDRATO	ESOMEPRAZOLO MAGNESIO TRIIDRATO			Compressa gastroresistente	A02BC05	GRUNENTHAL ITALIA S.R.L.	Autorizzata	Procedura Mutuo riconoscimento o Decentrata	Medicinali soggetti a prescrizione medica
034972291	034972	NEXIUM	20 MG COMPRESSE GASTRORESISTENTI- 28 COMPRESSE IN BLISTER AL/AL	ESOMEPRAZOLO MAGNESIO TRIIDRATO	ESOMEPRAZOLO MAGNESIO TRIIDRATO			Compressa gastroresistente	A02BC05	GRUNENTHAL ITALIA S.R.L.	Autorizzata	Procedura Mutuo riconoscimento o Decentrata	Medicinali soggetti a prescrizione medica
034972303	034972	NEXIUM	20 MG COMPRESSE GASTRORESISTENTI- 30 COMPRESSE IN BLISTER AL/AL	ESOMEPRAZOLO MAGNESIO TRIIDRATO	ESOMEPRAZOLO MAGNESIO TRIIDRATO			Compressa gastroresistente	A02BC05	GRUNENTHAL ITALIA S.R.L.	Autorizzata	Procedura Mutuo riconoscimento o Decentrata	Medicinali soggetti a prescrizione medica
034972315	034972	NEXIUM	20 MG COMPRESSE GASTRORESISTENTI- 50X1 COMPRESSE IN BLISTER AL/AL	ESOMEPRAZOLO MAGNESIO TRIIDRATO	ESOMEPRAZOLO MAGNESIO TRIIDRATO			Compressa gastroresistente	A02BC05	GRUNENTHAL ITALIA S.R.L.	Autorizzata	Procedura Mutuo riconoscimento o Decentrata	Medicinali soggetti a prescrizione medica
034972327	034972	NEXIUM	20 MG COMPRESSE GASTRORESISTENTI- 56 COMPRESSE IN BLISTER AL/AL	ESOMEPRAZOLO MAGNESIO TRIIDRATO	ESOMEPRAZOLO MAGNESIO TRIIDRATO			Compressa gastroresistente	A02BC05	GRUNENTHAL ITALIA S.R.L.	Autorizzata	Procedura Mutuo riconoscimento o Decentrata	Medicinali soggetti a prescrizione medica
034972339	034972	NEXIUM	20 MG COMPRESSE GASTRORESISTENTI- 60 COMPRESSE IN BLISTER AL/AL	ESOMEPRAZOLO MAGNESIO TRIIDRATO	ESOMEPRAZOLO MAGNESIO TRIIDRATO			Compressa gastroresistente	A02BC05	GRUNENTHAL ITALIA S.R.L.	Autorizzata	Procedura Mutuo riconoscimento o Decentrata	Medicinali soggetti a prescrizione medica
034972341	034972	NEXIUM	20 MG COMPRESSE GASTRORESISTENTI- 90 COMPRESSE IN BLISTER AL/AL	ESOMEPRAZOLO MAGNESIO TRIIDRATO	ESOMEPRAZOLO MAGNESIO TRIIDRATO			Compressa gastroresistente	A02BC05	GRUNENTHAL ITALIA S.R.L.	Autorizzata	Procedura Mutuo riconoscimento o Decentrata	Medicinali soggetti a prescrizione medica
034972354	034972	NEXIUM	20 MG COMPRESSE GASTRORESISTENTI- 98 COMPRESSE IN BLISTER AL/AL	ESOMEPRAZOLO MAGNESIO TRIIDRATO	ESOMEPRAZOLO MAGNESIO TRIIDRATO			Compressa gastroresistente	A02BC05	GRUNENTHAL ITALIA S.R.L.	Autorizzata	Procedura Mutuo riconoscimento o Decentrata	Medicinali soggetti a prescrizione medica
034972366	034972	NEXIUM	20 MG COMPRESSE GASTRORESISTENTI- 100X1 COMPRESSE IN BLISTER AL/AL	ESOMEPRAZOLO MAGNESIO TRIIDRATO	ESOMEPRAZOLO MAGNESIO TRIIDRATO			Compressa gastroresistente	A02BC05	GRUNENTHAL ITALIA S.R.L.	Autorizzata	Procedura Mutuo riconoscimento o Decentrata	Medicinali soggetti a prescrizione medica
034972378	034972	NEXIUM	20 MG COMPRESSE GASTRORESISTENTI- 140 COMPRESSE IN BLISTER AL/AL	ESOMEPRAZOLO MAGNESIO TRIIDRATO	ESOMEPRAZOLO MAGNESIO TRIIDRATO			Compressa gastroresistente	A02BC05	GRUNENTHAL ITALIA S.R.L.	Autorizzata	Procedura Mutuo riconoscimento o Decentrata	Medicinali soggetti a prescrizione medica
034972380	034972	NEXIUM	40 MG COMPRESSE GASTRORESISTENTI- 3 COMPRESSE IN BLISTER  AL/AL	ESOMEPRAZOLO MAGNESIO TRIIDRATO	ESOMEPRAZOLO MAGNESIO TRIIDRATO			Compressa gastroresistente	A02BC05	GRUNENTHAL ITALIA S.R.L.	Autorizzata	Procedura Mutuo riconoscimento o Decentrata	Medicinali soggetti a prescrizione medica
034972392	034972	NEXIUM	40 MG COMPRESSE GASTRORESISTENTI- 7 COMPRESSE IN BLISTER  AL/AL	ESOMEPRAZOLO MAGNESIO TRIIDRATO	ESOMEPRAZOLO MAGNESIO TRIIDRATO			Compressa gastroresistente	A02BC05	GRUNENTHAL ITALIA S.R.L.	Autorizzata	Procedura Mutuo riconoscimento o Decentrata	Medicinali soggetti a prescrizione medica
034972404	034972	NEXIUM	40 MG COMPRESSE GASTRORESISTENTI- 7X1 COMPRESSE IN BLISTER  AL/AL	ESOMEPRAZOLO MAGNESIO TRIIDRATO	ESOMEPRAZOLO MAGNESIO TRIIDRATO			Compressa gastroresistente	A02BC05	GRUNENTHAL ITALIA S.R.L.	Autorizzata	Procedura Mutuo riconoscimento o Decentrata	Medicinali soggetti a prescrizione medica
034972416	034972	NEXIUM	40 MG COMPRESSE GASTRORESISTENTI- 14 COMPRESSE IN BLISTER  AL/AL	ESOMEPRAZOLO MAGNESIO TRIIDRATO	ESOMEPRAZOLO MAGNESIO TRIIDRATO			Compressa gastroresistente	A02BC05	GRUNENTHAL ITALIA S.R.L.	Autorizzata	Procedura Mutuo riconoscimento o Decentrata	Medicinali soggetti a prescrizione medica
034972428	034972	NEXIUM	40 MG COMPRESSE GASTRORESISTENTI- 15 COMPRESSE IN BLISTER  AL/AL	ESOMEPRAZOLO MAGNESIO TRIIDRATO	ESOMEPRAZOLO MAGNESIO TRIIDRATO			Compressa gastroresistente	A02BC05	GRUNENTHAL ITALIA S.R.L.	Autorizzata	Procedura Mutuo riconoscimento o Decentrata	Medicinali soggetti a prescrizione medica
034972430	034972	NEXIUM	40 MG COMPRESSE GASTRORESISTENTI- 25X1 COMPRESSE IN BLISTER  AL/AL	ESOMEPRAZOLO MAGNESIO TRIIDRATO	ESOMEPRAZOLO MAGNESIO TRIIDRATO			Compressa gastroresistente	A02BC05	GRUNENTHAL ITALIA S.R.L.	Autorizzata	Procedura Mutuo riconoscimento o Decentrata	Medicinali soggetti a prescrizione medica
034972442	034972	NEXIUM	40 MG COMPRESSE GASTRORESISTENTI- 28 COMPRESSE IN BLISTER  AL/AL	ESOMEPRAZOLO MAGNESIO TRIIDRATO	ESOMEPRAZOLO MAGNESIO TRIIDRATO			Compressa gastroresistente	A02BC05	GRUNENTHAL ITALIA S.R.L.	Autorizzata	Procedura Mutuo riconoscimento o Decentrata	Medicinali soggetti a prescrizione medica
034972455	034972	NEXIUM	40 MG COMPRESSE GASTRORESISTENTI- 30 COMPRESSE IN BLISTER  AL/AL	ESOMEPRAZOLO MAGNESIO TRIIDRATO	ESOMEPRAZOLO MAGNESIO TRIIDRATO			Compressa gastroresistente	A02BC05	GRUNENTHAL ITALIA S.R.L.	Autorizzata	Procedura Mutuo riconoscimento o Decentrata	Medicinali soggetti a prescrizione medica
034972467	034972	NEXIUM	40 MG COMPRESSE GASTRORESISTENTI- 50X1 COMPRESSE IN BLISTER  AL/AL	ESOMEPRAZOLO MAGNESIO TRIIDRATO	ESOMEPRAZOLO MAGNESIO TRIIDRATO			Compressa gastroresistente	A02BC05	GRUNENTHAL ITALIA S.R.L.	Autorizzata	Procedura Mutuo riconoscimento o Decentrata	Medicinali soggetti a prescrizione medica
034972479	034972	NEXIUM	40 MG COMPRESSE GASTRORESISTENTI- 56 COMPRESSE IN BLISTER  AL/AL	ESOMEPRAZOLO MAGNESIO TRIIDRATO	ESOMEPRAZOLO MAGNESIO TRIIDRATO			Compressa gastroresistente	A02BC05	GRUNENTHAL ITALIA S.R.L.	Autorizzata	Procedura Mutuo riconoscimento o Decentrata	Medicinali soggetti a prescrizione medica
034972481	034972	NEXIUM	40 MG COMPRESSE GASTRORESISTENTI- 60 COMPRESSE IN BLISTER  AL/AL	ESOMEPRAZOLO MAGNESIO TRIIDRATO	ESOMEPRAZOLO MAGNESIO TRIIDRATO			Compressa gastroresistente	A02BC05	GRUNENTHAL ITALIA S.R.L.	Autorizzata	Procedura Mutuo riconoscimento o Decentrata	Medicinali soggetti a prescrizione medica
034972493	034972	NEXIUM	40 MG COMPRESSE GASTRORESISTENTI- 90 COMPRESSE IN BLISTER  AL/AL	ESOMEPRAZOLO MAGNESIO TRIIDRATO	ESOMEPRAZOLO MAGNESIO TRIIDRATO			Compressa gastroresistente	A02BC05	GRUNENTHAL ITALIA S.R.L.	Autorizzata	Procedura Mutuo riconoscimento o Decentrata	Medicinali soggetti a prescrizione medica
034972505	034972	NEXIUM	40 MG COMPRESSE GASTRORESISTENTI- 98 COMPRESSE IN BLISTER  AL/AL	ESOMEPRAZOLO MAGNESIO TRIIDRATO	ESOMEPRAZOLO MAGNESIO TRIIDRATO			Compressa gastroresistente	A02BC05	GRUNENTHAL ITALIA S.R.L.	Autorizzata	Procedura Mutuo riconoscimento o Decentrata	Medicinali soggetti a prescrizione medica
034972517	034972	NEXIUM	40 MG COMPRESSE GASTRORESISTENTI- 100X1 COMPRESSE IN BLISTER  AL/AL	ESOMEPRAZOLO MAGNESIO TRIIDRATO	ESOMEPRAZOLO MAGNESIO TRIIDRATO			Compressa gastroresistente	A02BC05	GRUNENTHAL ITALIA S.R.L.	Autorizzata	Procedura Mutuo riconoscimento o Decentrata	Medicinali soggetti a prescrizione medica
034972529	034972	NEXIUM	40 MG COMPRESSE GASTRORESISTENTI- 140 COMPRESSE IN BLISTER  AL/AL	ESOMEPRAZOLO MAGNESIO TRIIDRATO	ESOMEPRAZOLO MAGNESIO TRIIDRATO			Compressa gastroresistente	A02BC05	GRUNENTHAL ITALIA S.R.L.	Autorizzata	Procedura Mutuo riconoscimento o Decentrata	Medicinali soggetti a prescrizione medica
034972556	034972	NEXIUM	10 MG GRANULATO GASTRORESISTENTE PER SOSPENSIONE ORALE- 28 BUSTINE PET/AL/LDPE	ESOMEPRAZOLO MAGNESIO TRIIDRATO	ESOMEPRAZOLO MAGNESIO TRIIDRATO			Granulato per sospensione orale gastroresistente	A02BC05	GRUNENTHAL ITALIA S.R.L.	Autorizzata	Procedura Mutuo riconoscimento o Decentrata	Medicinali soggetti a prescrizione medica
034972568	034972	NEXIUM	10 MG GRANULATO GASTRORESISTENTE PER SOSPENSIONE ORALE- 30 BUSTINE PET/AL/LDPE	ESOMEPRAZOLO MAGNESIO TRIIDRATO	ESOMEPRAZOLO MAGNESIO TRIIDRATO			Granulato per sospensione orale gastroresistente	A02BC05	GRUNENTHAL ITALIA S.R.L.	Autorizzata	Procedura Mutuo riconoscimento o Decentrata	Medicinali soggetti a prescrizione medica
035367010	035367	LUCEN	20 MG COMPRESSE GASTRORESISTENTI- 2 COMPRESSE IN FLACONE	ESOMEPRAZOLO MAGNESIO TRIIDRATO	ESOMEPRAZOLO MAGNESIO TRIIDRATO			Compressa gastroresistente	A02BC05	MALESCI ISTITUTO FARMACOBIOLOGICO S.P.A.	Autorizzata	Procedura Mutuo riconoscimento o Decentrata	Medicinali soggetti a prescrizione medica
035367022	035367	LUCEN	20 MG COMPRESSE GASTRORESISTENTI- 5 COMPRESSE IN FLACONE	ESOMEPRAZOLO MAGNESIO TRIIDRATO	ESOMEPRAZOLO MAGNESIO TRIIDRATO			Compressa gastroresistente	A02BC05	MALESCI ISTITUTO FARMACOBIOLOGICO S.P.A.	Autorizzata	Procedura Mutuo riconoscimento o Decentrata	Medicinali soggetti a prescrizione medica
035367034	035367	LUCEN	20 MG COMPRESSE GASTRORESISTENTI- 7 COMPRESSE IN FLACONE	ESOMEPRAZOLO MAGNESIO TRIIDRATO	ESOMEPRAZOLO MAGNESIO TRIIDRATO			Compressa gastroresistente	A02BC05	MALESCI ISTITUTO FARMACOBIOLOGICO S.P.A.	Autorizzata	Procedura Mutuo riconoscimento o Decentrata	Medicinali soggetti a prescrizione medica
035367046	035367	LUCEN	20 MG COMPRESSE GASTRORESISTENTI- 14 COMPRESSE IN FLACONE	ESOMEPRAZOLO MAGNESIO TRIIDRATO	ESOMEPRAZOLO MAGNESIO TRIIDRATO			Compressa gastroresistente	A02BC05	MALESCI ISTITUTO FARMACOBIOLOGICO S.P.A.	Autorizzata	Procedura Mutuo riconoscimento o Decentrata	Medicinali soggetti a prescrizione medica
035367059	035367	LUCEN	20 MG COMPRESSE GASTRORESISTENTI- 15 COMPRESSE IN FLACONE	ESOMEPRAZOLO MAGNESIO TRIIDRATO	ESOMEPRAZOLO MAGNESIO TRIIDRATO			Compressa gastroresistente	A02BC05	MALESCI ISTITUTO FARMACOBIOLOGICO S.P.A.	Autorizzata	Procedura Mutuo riconoscimento o Decentrata	Medicinali soggetti a prescrizione medica
035367061	035367	LUCEN	20 MG COMPRESSE GASTRORESISTENTI- 28 COMPRESSE IN FLACONE	ESOMEPRAZOLO MAGNESIO TRIIDRATO	ESOMEPRAZOLO MAGNESIO TRIIDRATO			Compressa gastroresistente	A02BC05	MALESCI ISTITUTO FARMACOBIOLOGICO S.P.A.	Autorizzata	Procedura Mutuo riconoscimento o Decentrata	Medicinali soggetti a prescrizione medica
035367073	035367	LUCEN	20 MG COMPRESSE GASTRORESISTENTI- 30 COMPRESSE IN FLACONE	ESOMEPRAZOLO MAGNESIO TRIIDRATO	ESOMEPRAZOLO MAGNESIO TRIIDRATO			Compressa gastroresistente	A02BC05	MALESCI ISTITUTO FARMACOBIOLOGICO S.P.A.	Autorizzata	Procedura Mutuo riconoscimento o Decentrata	Medicinali soggetti a prescrizione medica
035367085	035367	LUCEN	20 MG COMPRESSE GASTRORESISTENTI- 56 COMPRESSE IN FLACONE	ESOMEPRAZOLO MAGNESIO TRIIDRATO	ESOMEPRAZOLO MAGNESIO TRIIDRATO			Compressa gastroresistente	A02BC05	MALESCI ISTITUTO FARMACOBIOLOGICO S.P.A.	Autorizzata	Procedura Mutuo riconoscimento o Decentrata	Medicinali soggetti a prescrizione medica
035367097	035367	LUCEN	20 MG COMPRESSE GASTRORESISTENTI- 60 COMPRESSE IN FLACONE	ESOMEPRAZOLO MAGNESIO TRIIDRATO	ESOMEPRAZOLO MAGNESIO TRIIDRATO			Compressa gastroresistente	A02BC05	MALESCI ISTITUTO FARMACOBIOLOGICO S.P.A.	Autorizzata	Procedura Mutuo riconoscimento o Decentrata	Medicinali soggetti a prescrizione medica
035367109	035367	LUCEN	20 MG COMPRESSE GASTRORESISTENTI- 100 COMPRESSE IN FLACONE	ESOMEPRAZOLO MAGNESIO TRIIDRATO	ESOMEPRAZOLO MAGNESIO TRIIDRATO			Compressa gastroresistente	A02BC05	MALESCI ISTITUTO FARMACOBIOLOGICO S.P.A.	Autorizzata	Procedura Mutuo riconoscimento o Decentrata	Medicinali soggetti a prescrizione medica
035367111	035367	LUCEN	40 MG COMPRESSE GASTRORESISTENTI- 2 COMPRESSE IN FLACONE	ESOMEPRAZOLO MAGNESIO TRIIDRATO	ESOMEPRAZOLO MAGNESIO TRIIDRATO			Compressa gastroresistente	A02BC05	MALESCI ISTITUTO FARMACOBIOLOGICO S.P.A.	Autorizzata	Procedura Mutuo riconoscimento o Decentrata	Medicinali soggetti a prescrizione medica
035367123	035367	LUCEN	40 MG COMPRESSE GASTRORESISTENTI- 5 COMPRESSE IN FLACONE	ESOMEPRAZOLO MAGNESIO TRIIDRATO	ESOMEPRAZOLO MAGNESIO TRIIDRATO			Compressa gastroresistente	A02BC05	MALESCI ISTITUTO FARMACOBIOLOGICO S.P.A.	Autorizzata	Procedura Mutuo riconoscimento o Decentrata	Medicinali soggetti a prescrizione medica
035367135	035367	LUCEN	40 MG COMPRESSE GASTRORESISTENTI- 7 COMPRESSE IN FLACONE	ESOMEPRAZOLO MAGNESIO TRIIDRATO	ESOMEPRAZOLO MAGNESIO TRIIDRATO			Compressa gastroresistente	A02BC05	MALESCI ISTITUTO FARMACOBIOLOGICO S.P.A.	Autorizzata	Procedura Mutuo riconoscimento o Decentrata	Medicinali soggetti a prescrizione medica
035367147	035367	LUCEN	40 MG COMPRESSE GASTRORESISTENTI- 14 COMPRESSE IN FLACONE	ESOMEPRAZOLO MAGNESIO TRIIDRATO	ESOMEPRAZOLO MAGNESIO TRIIDRATO			Compressa gastroresistente	A02BC05	MALESCI ISTITUTO FARMACOBIOLOGICO S.P.A.	Autorizzata	Procedura Mutuo riconoscimento o Decentrata	Medicinali soggetti a prescrizione medica
035367150	035367	LUCEN	40 MG COMPRESSE GASTRORESISTENTI- 15 COMPRESSE IN FLACONE	ESOMEPRAZOLO MAGNESIO TRIIDRATO	ESOMEPRAZOLO MAGNESIO TRIIDRATO			Compressa gastroresistente	A02BC05	MALESCI ISTITUTO FARMACOBIOLOGICO S.P.A.	Autorizzata	Procedura Mutuo riconoscimento o Decentrata	Medicinali soggetti a prescrizione medica
035367162	035367	LUCEN	40 MG COMPRESSE GASTRORESISTENTI- 28 COMPRESSE IN FLACONE	ESOMEPRAZOLO MAGNESIO TRIIDRATO	ESOMEPRAZOLO MAGNESIO TRIIDRATO			Compressa gastroresistente	A02BC05	MALESCI ISTITUTO FARMACOBIOLOGICO S.P.A.	Autorizzata	Procedura Mutuo riconoscimento o Decentrata	Medicinali soggetti a prescrizione medica
035367174	035367	LUCEN	40 MG COMPRESSE GASTRORESISTENTI- 30 COMPRESSE IN FLACONE	ESOMEPRAZOLO MAGNESIO TRIIDRATO	ESOMEPRAZOLO MAGNESIO TRIIDRATO			Compressa gastroresistente	A02BC05	MALESCI ISTITUTO FARMACOBIOLOGICO S.P.A.	Autorizzata	Procedura Mutuo riconoscimento o Decentrata	Medicinali soggetti a prescrizione medica
035367186	035367	LUCEN	40 MG COMPRESSE GASTRORESISTENTI- 56 COMPRESSE IN FLACONE	ESOMEPRAZOLO MAGNESIO TRIIDRATO	ESOMEPRAZOLO MAGNESIO TRIIDRATO			Compressa gastroresistente	A02BC05	MALESCI ISTITUTO FARMACOBIOLOGICO S.P.A.	Autorizzata	Procedura Mutuo riconoscimento o Decentrata	Medicinali soggetti a prescrizione medica
035367198	035367	LUCEN	40 MG COMPRESSE GASTRORESISTENTI- 60 COMPRESSE IN FLACONE	ESOMEPRAZOLO MAGNESIO TRIIDRATO	ESOMEPRAZOLO MAGNESIO TRIIDRATO			Compressa gastroresistente	A02BC05	MALESCI ISTITUTO FARMACOBIOLOGICO S.P.A.	Autorizzata	Procedura Mutuo riconoscimento o Decentrata	Medicinali soggetti a prescrizione medica
035367200	035367	LUCEN	40 MG COMPRESSE GASTRORESISTENTI- 100 COMPRESSE IN FLACONE	ESOMEPRAZOLO MAGNESIO TRIIDRATO	ESOMEPRAZOLO MAGNESIO TRIIDRATO			Compressa gastroresistente	A02BC05	MALESCI ISTITUTO FARMACOBIOLOGICO S.P.A.	Autorizzata	Procedura Mutuo riconoscimento o Decentrata	Medicinali soggetti a prescrizione medica
035367212	035367	LUCEN	40 MG COMPRESSE GASTRORESISTENTI- 140 (28X5) COMPRESSE IN FLACONE	ESOMEPRAZOLO MAGNESIO TRIIDRATO	ESOMEPRAZOLO MAGNESIO TRIIDRATO			Compressa gastroresistente	A02BC05	MALESCI ISTITUTO FARMACOBIOLOGICO S.P.A.	Autorizzata	Procedura Mutuo riconoscimento o Decentrata	Medicinali soggetti a prescrizione medica
035367224	035367	LUCEN	20 MG COMPRESSE GASTRORESISTENTI- 140 (28X5) COMPRESSE IN FLACONE	ESOMEPRAZOLO MAGNESIO TRIIDRATO	ESOMEPRAZOLO MAGNESIO TRIIDRATO			Compressa gastroresistente	A02BC05	MALESCI ISTITUTO FARMACOBIOLOGICO S.P.A.	Autorizzata	Procedura Mutuo riconoscimento o Decentrata	Medicinali soggetti a prescrizione medica
035367236	035367	LUCEN	20 MG COMPRESSE GASTRORESISTENTI- 3 COMPRESSE IN BLISTER AL/AL	ESOMEPRAZOLO MAGNESIO TRIIDRATO	ESOMEPRAZOLO MAGNESIO TRIIDRATO			Compressa gastroresistente	A02BC05	MALESCI ISTITUTO FARMACOBIOLOGICO S.P.A.	Autorizzata	Procedura Mutuo riconoscimento o Decentrata	Medicinali soggetti a prescrizione medica
035367248	035367	LUCEN	20 MG COMPRESSE GASTRORESISTENTI- 7 COMPRESSE IN BLISTER AL/AL	ESOMEPRAZOLO MAGNESIO TRIIDRATO	ESOMEPRAZOLO MAGNESIO TRIIDRATO			Compressa gastroresistente	A02BC05	MALESCI ISTITUTO FARMACOBIOLOGICO S.P.A.	Autorizzata	Procedura Mutuo riconoscimento o Decentrata	Medicinali soggetti a prescrizione medica
035367251	035367	LUCEN	20 MG COMPRESSE GASTRORESISTENTI- 7X1 COMPRESSE IN BLISTER AL/AL	ESOMEPRAZOLO MAGNESIO TRIIDRATO	ESOMEPRAZOLO MAGNESIO TRIIDRATO			Compressa gastroresistente	A02BC05	MALESCI ISTITUTO FARMACOBIOLOGICO S.P.A.	Autorizzata	Procedura Mutuo riconoscimento o Decentrata	Medicinali soggetti a prescrizione medica
035367263	035367	LUCEN	20 MG COMPRESSE GASTRORESISTENTI- 14 COMPRESSE IN BLISTER AL/AL	ESOMEPRAZOLO MAGNESIO TRIIDRATO	ESOMEPRAZOLO MAGNESIO TRIIDRATO			Compressa gastroresistente	A02BC05	MALESCI ISTITUTO FARMACOBIOLOGICO S.P.A.	Autorizzata	Procedura Mutuo riconoscimento o Decentrata	Medicinali soggetti a prescrizione medica
035367275	035367	LUCEN	20 MG COMPRESSE GASTRORESISTENTI- 15 COMPRESSE IN BLISTER AL/AL	ESOMEPRAZOLO MAGNESIO TRIIDRATO	ESOMEPRAZOLO MAGNESIO TRIIDRATO			Compressa gastroresistente	A02BC05	MALESCI ISTITUTO FARMACOBIOLOGICO S.P.A.	Autorizzata	Procedura Mutuo riconoscimento o Decentrata	Medicinali soggetti a prescrizione medica
035367287	035367	LUCEN	20 MG COMPRESSE GASTRORESISTENTI- 25X1 COMPRESSE IN BLISTER AL/AL	ESOMEPRAZOLO MAGNESIO TRIIDRATO	ESOMEPRAZOLO MAGNESIO TRIIDRATO			Compressa gastroresistente	A02BC05	MALESCI ISTITUTO FARMACOBIOLOGICO S.P.A.	Autorizzata	Procedura Mutuo riconoscimento o Decentrata	Medicinali soggetti a prescrizione medica
035367299	035367	LUCEN	20 MG COMPRESSE GASTRORESISTENTI- 28 COMPRESSE IN BLISTER AL/AL	ESOMEPRAZOLO MAGNESIO TRIIDRATO	ESOMEPRAZOLO MAGNESIO TRIIDRATO			Compressa gastroresistente	A02BC05	MALESCI ISTITUTO FARMACOBIOLOGICO S.P.A.	Autorizzata	Procedura Mutuo riconoscimento o Decentrata	Medicinali soggetti a prescrizione medica
035367301	035367	LUCEN	20 MG COMPRESSE GASTRORESISTENTI- 30 COMPRESSE IN BLISTER AL/AL	ESOMEPRAZOLO MAGNESIO TRIIDRATO	ESOMEPRAZOLO MAGNESIO TRIIDRATO			Compressa gastroresistente	A02BC05	MALESCI ISTITUTO FARMACOBIOLOGICO S.P.A.	Autorizzata	Procedura Mutuo riconoscimento o Decentrata	Medicinali soggetti a prescrizione medica
035367313	035367	LUCEN	20 MG COMPRESSE GASTRORESISTENTI- 50X1 COMPRESSE IN BLISTER AL/AL	ESOMEPRAZOLO MAGNESIO TRIIDRATO	ESOMEPRAZOLO MAGNESIO TRIIDRATO			Compressa gastroresistente	A02BC05	MALESCI ISTITUTO FARMACOBIOLOGICO S.P.A.	Autorizzata	Procedura Mutuo riconoscimento o Decentrata	Medicinali soggetti a prescrizione medica
035367325	035367	LUCEN	20 MG COMPRESSE GASTRORESISTENTI- 56 COMPRESSE IN BLISTER AL/AL	ESOMEPRAZOLO MAGNESIO TRIIDRATO	ESOMEPRAZOLO MAGNESIO TRIIDRATO			Compressa gastroresistente	A02BC05	MALESCI ISTITUTO FARMACOBIOLOGICO S.P.A.	Autorizzata	Procedura Mutuo riconoscimento o Decentrata	Medicinali soggetti a prescrizione medica
035367337	035367	LUCEN	20 MG COMPRESSE GASTRORESISTENTI- 60 COMPRESSE IN BLISTER AL/AL	ESOMEPRAZOLO MAGNESIO TRIIDRATO	ESOMEPRAZOLO MAGNESIO TRIIDRATO			Compressa gastroresistente	A02BC05	MALESCI ISTITUTO FARMACOBIOLOGICO S.P.A.	Autorizzata	Procedura Mutuo riconoscimento o Decentrata	Medicinali soggetti a prescrizione medica
035367349	035367	LUCEN	20 MG COMPRESSE GASTRORESISTENTI- 90 COMPRESSE IN BLISTER AL/AL	ESOMEPRAZOLO MAGNESIO TRIIDRATO	ESOMEPRAZOLO MAGNESIO TRIIDRATO			Compressa gastroresistente	A02BC05	MALESCI ISTITUTO FARMACOBIOLOGICO S.P.A.	Autorizzata	Procedura Mutuo riconoscimento o Decentrata	Medicinali soggetti a prescrizione medica
035367352	035367	LUCEN	20 MG COMPRESSE GASTRORESISTENTI- 98 COMPRESSE IN BLISTER AL/AL	ESOMEPRAZOLO MAGNESIO TRIIDRATO	ESOMEPRAZOLO MAGNESIO TRIIDRATO			Compressa gastroresistente	A02BC05	MALESCI ISTITUTO FARMACOBIOLOGICO S.P.A.	Autorizzata	Procedura Mutuo riconoscimento o Decentrata	Medicinali soggetti a prescrizione medica
035367364	035367	LUCEN	20 MG COMPRESSE GASTRORESISTENTI- 100X1 COMPRESSE IN BLISTER AL/AL	ESOMEPRAZOLO MAGNESIO TRIIDRATO	ESOMEPRAZOLO MAGNESIO TRIIDRATO			Compressa gastroresistente	A02BC05	MALESCI ISTITUTO FARMACOBIOLOGICO S.P.A.	Autorizzata	Procedura Mutuo riconoscimento o Decentrata	Medicinali soggetti a prescrizione medica
035367376	035367	LUCEN	20 MG COMPRESSE GASTRORESISTENTI- 140 COMPRESSE IN BLISTER AL/AL	ESOMEPRAZOLO MAGNESIO TRIIDRATO	ESOMEPRAZOLO MAGNESIO TRIIDRATO			Compressa gastroresistente	A02BC05	MALESCI ISTITUTO FARMACOBIOLOGICO S.P.A.	Autorizzata	Procedura Mutuo riconoscimento o Decentrata	Medicinali soggetti a prescrizione medica
035367388	035367	LUCEN	40 MG COMPRESSE GASTRORESISTENTI- 3 COMPRESSE IN BLISTER AL/AL	ESOMEPRAZOLO MAGNESIO TRIIDRATO	ESOMEPRAZOLO MAGNESIO TRIIDRATO			Compressa gastroresistente	A02BC05	MALESCI ISTITUTO FARMACOBIOLOGICO S.P.A.	Autorizzata	Procedura Mutuo riconoscimento o Decentrata	Medicinali soggetti a prescrizione medica
035367390	035367	LUCEN	40 MG COMPRESSE GASTRORESISTENTI- 7 COMPRESSE IN BLISTER AL/AL	ESOMEPRAZOLO MAGNESIO TRIIDRATO	ESOMEPRAZOLO MAGNESIO TRIIDRATO			Compressa gastroresistente	A02BC05	MALESCI ISTITUTO FARMACOBIOLOGICO S.P.A.	Autorizzata	Procedura Mutuo riconoscimento o Decentrata	Medicinali soggetti a prescrizione medica
035367402	035367	LUCEN	40 MG COMPRESSE GASTRORESISTENTI- 7X1 COMPRESSE IN BLISTER AL/AL	ESOMEPRAZOLO MAGNESIO TRIIDRATO	ESOMEPRAZOLO MAGNESIO TRIIDRATO			Compressa gastroresistente	A02BC05	MALESCI ISTITUTO FARMACOBIOLOGICO S.P.A.	Autorizzata	Procedura Mutuo riconoscimento o Decentrata	Medicinali soggetti a prescrizione medica
035367414	035367	LUCEN	40 MG COMPRESSE GASTRORESISTENTI- 14 COMPRESSE IN BLISTER AL/AL	ESOMEPRAZOLO MAGNESIO TRIIDRATO	ESOMEPRAZOLO MAGNESIO TRIIDRATO			Compressa gastroresistente	A02BC05	MALESCI ISTITUTO FARMACOBIOLOGICO S.P.A.	Autorizzata	Procedura Mutuo riconoscimento o Decentrata	Medicinali soggetti a prescrizione medica
035367426	035367	LUCEN	40 MG COMPRESSE GASTRORESISTENTI- 15 COMPRESSE IN BLISTER AL/AL	ESOMEPRAZOLO MAGNESIO TRIIDRATO	ESOMEPRAZOLO MAGNESIO TRIIDRATO			Compressa gastroresistente	A02BC05	MALESCI ISTITUTO FARMACOBIOLOGICO S.P.A.	Autorizzata	Procedura Mutuo riconoscimento o Decentrata	Medicinali soggetti a prescrizione medica
035367438	035367	LUCEN	40 MG COMPRESSE GASTRORESISTENTI- 25X1 COMPRESSE IN BLISTER AL/AL	ESOMEPRAZOLO MAGNESIO TRIIDRATO	ESOMEPRAZOLO MAGNESIO TRIIDRATO			Compressa gastroresistente	A02BC05	MALESCI ISTITUTO FARMACOBIOLOGICO S.P.A.	Autorizzata	Procedura Mutuo riconoscimento o Decentrata	Medicinali soggetti a prescrizione medica
035367440	035367	LUCEN	40 MG COMPRESSE GASTRORESISTENTI- 28 COMPRESSE IN BLISTER AL/AL	ESOMEPRAZOLO MAGNESIO TRIIDRATO	ESOMEPRAZOLO MAGNESIO TRIIDRATO			Compressa gastroresistente	A02BC05	MALESCI ISTITUTO FARMACOBIOLOGICO S.P.A.	Autorizzata	Procedura Mutuo riconoscimento o Decentrata	Medicinali soggetti a prescrizione medica
035367453	035367	LUCEN	40 MG COMPRESSE GASTRORESISTENTI- 30 COMPRESSE IN BLISTER AL/AL	ESOMEPRAZOLO MAGNESIO TRIIDRATO	ESOMEPRAZOLO MAGNESIO TRIIDRATO			Compressa gastroresistente	A02BC05	MALESCI ISTITUTO FARMACOBIOLOGICO S.P.A.	Autorizzata	Procedura Mutuo riconoscimento o Decentrata	Medicinali soggetti a prescrizione medica
035367465	035367	LUCEN	40 MG COMPRESSE GASTRORESISTENTI- 50X1 COMPRESSE IN BLISTER AL/AL	ESOMEPRAZOLO MAGNESIO TRIIDRATO	ESOMEPRAZOLO MAGNESIO TRIIDRATO			Compressa gastroresistente	A02BC05	MALESCI ISTITUTO FARMACOBIOLOGICO S.P.A.	Autorizzata	Procedura Mutuo riconoscimento o Decentrata	Medicinali soggetti a prescrizione medica
035367477	035367	LUCEN	40 MG COMPRESSE GASTRORESISTENTI- 56 COMPRESSE IN BLISTER AL/AL	ESOMEPRAZOLO MAGNESIO TRIIDRATO	ESOMEPRAZOLO MAGNESIO TRIIDRATO			Compressa gastroresistente	A02BC05	MALESCI ISTITUTO FARMACOBIOLOGICO S.P.A.	Autorizzata	Procedura Mutuo riconoscimento o Decentrata	Medicinali soggetti a prescrizione medica
035367489	035367	LUCEN	40 MG COMPRESSE GASTRORESISTENTI- 60 COMPRESSE IN BLISTER AL/AL	ESOMEPRAZOLO MAGNESIO TRIIDRATO	ESOMEPRAZOLO MAGNESIO TRIIDRATO			Compressa gastroresistente	A02BC05	MALESCI ISTITUTO FARMACOBIOLOGICO S.P.A.	Autorizzata	Procedura Mutuo riconoscimento o Decentrata	Medicinali soggetti a prescrizione medica
035367491	035367	LUCEN	40 MG COMPRESSE GASTRORESISTENTI- 90 COMPRESSE IN BLISTER AL/AL	ESOMEPRAZOLO MAGNESIO TRIIDRATO	ESOMEPRAZOLO MAGNESIO TRIIDRATO			Compressa gastroresistente	A02BC05	MALESCI ISTITUTO FARMACOBIOLOGICO S.P.A.	Autorizzata	Procedura Mutuo riconoscimento o Decentrata	Medicinali soggetti a prescrizione medica
035367503	035367	LUCEN	40 MG COMPRESSE GASTRORESISTENTI- 98 COMPRESSE IN BLISTER AL/AL	ESOMEPRAZOLO MAGNESIO TRIIDRATO	ESOMEPRAZOLO MAGNESIO TRIIDRATO			Compressa gastroresistente	A02BC05	MALESCI ISTITUTO FARMACOBIOLOGICO S.P.A.	Autorizzata	Procedura Mutuo riconoscimento o Decentrata	Medicinali soggetti a prescrizione medica
035367515	035367	LUCEN	40 MG COMPRESSE GASTRORESISTENTI- 100X1 COMPRESSE IN BLISTER AL/AL	ESOMEPRAZOLO MAGNESIO TRIIDRATO	ESOMEPRAZOLO MAGNESIO TRIIDRATO			Compressa gastroresistente	A02BC05	MALESCI ISTITUTO FARMACOBIOLOGICO S.P.A.	Autorizzata	Procedura Mutuo riconoscimento o Decentrata	Medicinali soggetti a prescrizione medica
035367527	035367	LUCEN	40 MG COMPRESSE GASTRORESISTENTI- 140 COMPRESSE IN BLISTER AL/AL	ESOMEPRAZOLO MAGNESIO TRIIDRATO	ESOMEPRAZOLO MAGNESIO TRIIDRATO			Compressa gastroresistente	A02BC05	MALESCI ISTITUTO FARMACOBIOLOGICO S.P.A.	Autorizzata	Procedura Mutuo riconoscimento o Decentrata	Medicinali soggetti a prescrizione medica
035367554	035367	LUCEN	10 MG GRANULATO GASTRORESISTENTE PER SOSPENSIONE ORALE- 28 BUSTINE PET/AL/LDPE	ESOMEPRAZOLO MAGNESIO TRIIDRATO	ESOMEPRAZOLO MAGNESIO TRIIDRATO			Granulato gastroresistente per sospensione orale	A02BC05	MALESCI ISTITUTO FARMACOBIOLOGICO S.P.A.	Autorizzata	Procedura Mutuo riconoscimento o Decentrata	Medicinali soggetti a prescrizione medica
035433010	035433	ESOPRAL	20 MG COMPRESSE GASTRORESISTENTI- 7X1 COMPRESSE IN BLISTER AL/AL	ESOMEPRAZOLO MAGNESIO TRIIDRATO	ESOMEPRAZOLO MAGNESIO TRIIDRATO	20	milligrammi	Compressa gastroresistente	A02BC05	DOMPE' FARMACEUTICI S.P.A.	Autorizzata	Procedura Mutuo riconoscimento o Decentrata	Medicinali soggetti a prescrizione medica
035433022	035433	ESOPRAL	20 MG COMPRESSE GASTRORESISTENTI- 14 COMPRESSE IN BLISTER AL/AL	ESOMEPRAZOLO MAGNESIO TRIIDRATO	ESOMEPRAZOLO MAGNESIO TRIIDRATO	20	milligrammi	Compressa gastroresistente	A02BC05	DOMPE' FARMACEUTICI S.P.A.	Autorizzata	Procedura Mutuo riconoscimento o Decentrata	Medicinali soggetti a prescrizione medica
035433034	035433	ESOPRAL	20 MG COMPRESSE GASTRORESISTENTI- 15 COMPRESSE IN BLISTER AL/AL	ESOMEPRAZOLO MAGNESIO TRIIDRATO	ESOMEPRAZOLO MAGNESIO TRIIDRATO	20	milligrammi	Compressa gastroresistente	A02BC05	DOMPE' FARMACEUTICI S.P.A.	Autorizzata	Procedura Mutuo riconoscimento o Decentrata	Medicinali soggetti a prescrizione medica
035433046	035433	ESOPRAL	20 MG COMPRESSE GASTRORESISTENTI- 25X1 COMPRESSE IN BLISTER AL/AL	ESOMEPRAZOLO MAGNESIO TRIIDRATO	ESOMEPRAZOLO MAGNESIO TRIIDRATO	20	milligrammi	Compressa gastroresistente	A02BC05	DOMPE' FARMACEUTICI S.P.A.	Autorizzata	Procedura Mutuo riconoscimento o Decentrata	Medicinali soggetti a prescrizione medica
035433059	035433	ESOPRAL	20 MG COMPRESSE GASTRORESISTENTI- 28 COMPRESSE IN BLISTER AL/AL	ESOMEPRAZOLO MAGNESIO TRIIDRATO	ESOMEPRAZOLO MAGNESIO TRIIDRATO	20	milligrammi	Compressa gastroresistente	A02BC05	DOMPE' FARMACEUTICI S.P.A.	Autorizzata	Procedura Mutuo riconoscimento o Decentrata	Medicinali soggetti a prescrizione medica
035433061	035433	ESOPRAL	20 MG COMPRESSE GASTRORESISTENTI- 30 COMPRESSE IN BLISTER AL/AL	ESOMEPRAZOLO MAGNESIO TRIIDRATO	ESOMEPRAZOLO MAGNESIO TRIIDRATO	20	milligrammi	Compressa gastroresistente	A02BC05	DOMPE' FARMACEUTICI S.P.A.	Autorizzata	Procedura Mutuo riconoscimento o Decentrata	Medicinali soggetti a prescrizione medica
035433073	035433	ESOPRAL	20 MG COMPRESSE GASTRORESISTENTI- 50X1 COMPRESSE IN BLISTER AL/AL	ESOMEPRAZOLO MAGNESIO TRIIDRATO	ESOMEPRAZOLO MAGNESIO TRIIDRATO	20	milligrammi	Compressa gastroresistente	A02BC05	DOMPE' FARMACEUTICI S.P.A.	Autorizzata	Procedura Mutuo riconoscimento o Decentrata	Medicinali soggetti a prescrizione medica
035433085	035433	ESOPRAL	20 MG COMPRESSE GASTRORESISTENTI- 56 COMPRESSE IN BLISTER AL/AL	ESOMEPRAZOLO MAGNESIO TRIIDRATO	ESOMEPRAZOLO MAGNESIO TRIIDRATO	20	milligrammi	Compressa gastroresistente	A02BC05	DOMPE' FARMACEUTICI S.P.A.	Autorizzata	Procedura Mutuo riconoscimento o Decentrata	Medicinali soggetti a prescrizione medica
035433097	035433	ESOPRAL	20 MG COMPRESSE GASTRORESISTENTI- 60 COMPRESSE IN BLISTER AL/AL	ESOMEPRAZOLO MAGNESIO TRIIDRATO	ESOMEPRAZOLO MAGNESIO TRIIDRATO	20	milligrammi	Compressa gastroresistente	A02BC05	DOMPE' FARMACEUTICI S.P.A.	Autorizzata	Procedura Mutuo riconoscimento o Decentrata	Medicinali soggetti a prescrizione medica
035433109	035433	ESOPRAL	20 MG COMPRESSE GASTRORESISTENTI- 90 COMPRESSE IN BLISTER AL/AL	ESOMEPRAZOLO MAGNESIO TRIIDRATO	ESOMEPRAZOLO MAGNESIO TRIIDRATO	20	milligrammi	Compressa gastroresistente	A02BC05	DOMPE' FARMACEUTICI S.P.A.	Autorizzata	Procedura Mutuo riconoscimento o Decentrata	Medicinali soggetti a prescrizione medica
035433111	035433	ESOPRAL	20 MG COMPRESSE GASTRORESISTENTI- 98 COMPRESSE IN BLISTER AL/AL	ESOMEPRAZOLO MAGNESIO TRIIDRATO	ESOMEPRAZOLO MAGNESIO TRIIDRATO	20	milligrammi	Compressa gastroresistente	A02BC05	DOMPE' FARMACEUTICI S.P.A.	Autorizzata	Procedura Mutuo riconoscimento o Decentrata	Medicinali soggetti a prescrizione medica
035433123	035433	ESOPRAL	20 MG COMPRESSE GASTRORESISTENTI- 100X1 COMPRESSE IN BLISTER AL/AL	ESOMEPRAZOLO MAGNESIO TRIIDRATO	ESOMEPRAZOLO MAGNESIO TRIIDRATO	20	milligrammi	Compressa gastroresistente	A02BC05	DOMPE' FARMACEUTICI S.P.A.	Autorizzata	Procedura Mutuo riconoscimento o Decentrata	Medicinali soggetti a prescrizione medica
035433135	035433	ESOPRAL	20 MG COMPRESSE GASTRORESISTENTI- 140 COMPRESSE IN BLISTER AL/AL	ESOMEPRAZOLO MAGNESIO TRIIDRATO	ESOMEPRAZOLO MAGNESIO TRIIDRATO	20	milligrammi	Compressa gastroresistente	A02BC05	DOMPE' FARMACEUTICI S.P.A.	Autorizzata	Procedura Mutuo riconoscimento o Decentrata	Medicinali soggetti a prescrizione medica
035433147	035433	ESOPRAL	40 MG COMPRESSE GASTRORESISTENTI- 3 COMPRESSE IN BLISTER AL/AL	ESOMEPRAZOLO MAGNESIO TRIIDRATO	ESOMEPRAZOLO MAGNESIO TRIIDRATO	40	milligrammi	Compressa gastroresistente	A02BC05	DOMPE' FARMACEUTICI S.P.A.	Autorizzata	Procedura Mutuo riconoscimento o Decentrata	Medicinali soggetti a prescrizione medica
035433150	035433	ESOPRAL	40 MG COMPRESSE GASTRORESISTENTI- 7 COMPRESSE IN BLISTER AL/AL	ESOMEPRAZOLO MAGNESIO TRIIDRATO	ESOMEPRAZOLO MAGNESIO TRIIDRATO	40	milligrammi	Compressa gastroresistente	A02BC05	DOMPE' FARMACEUTICI S.P.A.	Autorizzata	Procedura Mutuo riconoscimento o Decentrata	Medicinali soggetti a prescrizione medica
035433162	035433	ESOPRAL	40 MG COMPRESSE GASTRORESISTENTI- 7X1 COMPRESSE IN BLISTER AL/AL	ESOMEPRAZOLO MAGNESIO TRIIDRATO	ESOMEPRAZOLO MAGNESIO TRIIDRATO	40	milligrammi	Compressa gastroresistente	A02BC05	DOMPE' FARMACEUTICI S.P.A.	Autorizzata	Procedura Mutuo riconoscimento o Decentrata	Medicinali soggetti a prescrizione medica
035433174	035433	ESOPRAL	40 MG COMPRESSE GASTRORESISTENTI- 14 COMPRESSE IN BLISTER AL/AL	ESOMEPRAZOLO MAGNESIO TRIIDRATO	ESOMEPRAZOLO MAGNESIO TRIIDRATO	40	milligrammi	Compressa gastroresistente	A02BC05	DOMPE' FARMACEUTICI S.P.A.	Autorizzata	Procedura Mutuo riconoscimento o Decentrata	Medicinali soggetti a prescrizione medica
035433186	035433	ESOPRAL	40 MG COMPRESSE GASTRORESISTENTI- 15 COMPRESSE IN BLISTER AL/AL	ESOMEPRAZOLO MAGNESIO TRIIDRATO	ESOMEPRAZOLO MAGNESIO TRIIDRATO	40	milligrammi	Compressa gastroresistente	A02BC05	DOMPE' FARMACEUTICI S.P.A.	Autorizzata	Procedura Mutuo riconoscimento o Decentrata	Medicinali soggetti a prescrizione medica
035433198	035433	ESOPRAL	40 MG COMPRESSE GASTRORESISTENTI- 25X1 COMPRESSE IN BLISTER AL/AL	ESOMEPRAZOLO MAGNESIO TRIIDRATO	ESOMEPRAZOLO MAGNESIO TRIIDRATO	40	milligrammi	Compressa gastroresistente	A02BC05	DOMPE' FARMACEUTICI S.P.A.	Autorizzata	Procedura Mutuo riconoscimento o Decentrata	Medicinali soggetti a prescrizione medica
035433200	035433	ESOPRAL	40 MG COMPRESSE GASTRORESISTENTI- 28 COMPRESSE IN BLISTER AL/AL	ESOMEPRAZOLO MAGNESIO TRIIDRATO	ESOMEPRAZOLO MAGNESIO TRIIDRATO	40	milligrammi	Compressa gastroresistente	A02BC05	DOMPE' FARMACEUTICI S.P.A.	Autorizzata	Procedura Mutuo riconoscimento o Decentrata	Medicinali soggetti a prescrizione medica
035433212	035433	ESOPRAL	40 MG COMPRESSE GASTRORESISTENTI- 30 COMPRESSE IN BLISTER AL/AL	ESOMEPRAZOLO MAGNESIO TRIIDRATO	ESOMEPRAZOLO MAGNESIO TRIIDRATO	40	milligrammi	Compressa gastroresistente	A02BC05	DOMPE' FARMACEUTICI S.P.A.	Autorizzata	Procedura Mutuo riconoscimento o Decentrata	Medicinali soggetti a prescrizione medica
035433224	035433	ESOPRAL	40 MG COMPRESSE GASTRORESISTENTI- 50X1 COMPRESSE IN BLISTER AL/AL	ESOMEPRAZOLO MAGNESIO TRIIDRATO	ESOMEPRAZOLO MAGNESIO TRIIDRATO	40	milligrammi	Compressa gastroresistente	A02BC05	DOMPE' FARMACEUTICI S.P.A.	Autorizzata	Procedura Mutuo riconoscimento o Decentrata	Medicinali soggetti a prescrizione medica
035433236	035433	ESOPRAL	40 MG COMPRESSE GASTRORESISTENTI- 56 COMPRESSE IN BLISTER AL/AL	ESOMEPRAZOLO MAGNESIO TRIIDRATO	ESOMEPRAZOLO MAGNESIO TRIIDRATO	40	milligrammi	Compressa gastroresistente	A02BC05	DOMPE' FARMACEUTICI S.P.A.	Autorizzata	Procedura Mutuo riconoscimento o Decentrata	Medicinali soggetti a prescrizione medica
035433248	035433	ESOPRAL	40 MG COMPRESSE GASTRORESISTENTI- 60 COMPRESSE IN BLISTER AL/AL	ESOMEPRAZOLO MAGNESIO TRIIDRATO	ESOMEPRAZOLO MAGNESIO TRIIDRATO	40	milligrammi	Compressa gastroresistente	A02BC05	DOMPE' FARMACEUTICI S.P.A.	Autorizzata	Procedura Mutuo riconoscimento o Decentrata	Medicinali soggetti a prescrizione medica
035433251	035433	ESOPRAL	40 MG COMPRESSE GASTRORESISTENTI- 90 COMPRESSE IN BLISTER AL/AL	ESOMEPRAZOLO MAGNESIO TRIIDRATO	ESOMEPRAZOLO MAGNESIO TRIIDRATO	40	milligrammi	Compressa gastroresistente	A02BC05	DOMPE' FARMACEUTICI S.P.A.	Autorizzata	Procedura Mutuo riconoscimento o Decentrata	Medicinali soggetti a prescrizione medica
035433263	035433	ESOPRAL	20 MG COMPRESSE GASTRORESISTENTI- 2 COMPRESSE IN FLACONE	ESOMEPRAZOLO MAGNESIO TRIIDRATO	ESOMEPRAZOLO MAGNESIO TRIIDRATO	20	milligrammi	Compressa gastroresistente	A02BC05	DOMPE' FARMACEUTICI S.P.A.	Autorizzata	Procedura Mutuo riconoscimento o Decentrata	Medicinali soggetti a prescrizione medica
035433275	035433	ESOPRAL	20 MG COMPRESSE GASTRORESISTENTI- 5 COMPRESSE IN FLACONE	ESOMEPRAZOLO MAGNESIO TRIIDRATO	ESOMEPRAZOLO MAGNESIO TRIIDRATO	20	milligrammi	Compressa gastroresistente	A02BC05	DOMPE' FARMACEUTICI S.P.A.	Autorizzata	Procedura Mutuo riconoscimento o Decentrata	Medicinali soggetti a prescrizione medica
035433287	035433	ESOPRAL	20 MG COMPRESSE GASTRORESISTENTI- 7 COMPRESSE IN FLACONE	ESOMEPRAZOLO MAGNESIO TRIIDRATO	ESOMEPRAZOLO MAGNESIO TRIIDRATO	20	milligrammi	Compressa gastroresistente	A02BC05	DOMPE' FARMACEUTICI S.P.A.	Autorizzata	Procedura Mutuo riconoscimento o Decentrata	Medicinali soggetti a prescrizione medica
035433299	035433	ESOPRAL	20 MG COMPRESSE GASTRORESISTENTI- 14 COMPRESSE IN FLACONE	ESOMEPRAZOLO MAGNESIO TRIIDRATO	ESOMEPRAZOLO MAGNESIO TRIIDRATO	20	milligrammi	Compressa gastroresistente	A02BC05	DOMPE' FARMACEUTICI S.P.A.	Autorizzata	Procedura Mutuo riconoscimento o Decentrata	Medicinali soggetti a prescrizione medica
035433301	035433	ESOPRAL	20 MG COMPRESSE GASTRORESISTENTI- 15 COMPRESSE IN FLACONE	ESOMEPRAZOLO MAGNESIO TRIIDRATO	ESOMEPRAZOLO MAGNESIO TRIIDRATO	20	milligrammi	Compressa gastroresistente	A02BC05	DOMPE' FARMACEUTICI S.P.A.	Autorizzata	Procedura Mutuo riconoscimento o Decentrata	Medicinali soggetti a prescrizione medica
035433313	035433	ESOPRAL	20 MG COMPRESSE GASTRORESISTENTI- 28 COMPRESSE IN FLACONE	ESOMEPRAZOLO MAGNESIO TRIIDRATO	ESOMEPRAZOLO MAGNESIO TRIIDRATO	20	milligrammi	Compressa gastroresistente	A02BC05	DOMPE' FARMACEUTICI S.P.A.	Autorizzata	Procedura Mutuo riconoscimento o Decentrata	Medicinali soggetti a prescrizione medica
035433325	035433	ESOPRAL	20 MG COMPRESSE GASTRORESISTENTI- 30 COMPRESSE IN FLACONE	ESOMEPRAZOLO MAGNESIO TRIIDRATO	ESOMEPRAZOLO MAGNESIO TRIIDRATO	20	milligrammi	Compressa gastroresistente	A02BC05	DOMPE' FARMACEUTICI S.P.A.	Autorizzata	Procedura Mutuo riconoscimento o Decentrata	Medicinali soggetti a prescrizione medica
035433337	035433	ESOPRAL	20 MG COMPRESSE GASTRORESISTENTI- 56 COMPRESSE IN FLACONE	ESOMEPRAZOLO MAGNESIO TRIIDRATO	ESOMEPRAZOLO MAGNESIO TRIIDRATO	20	milligrammi	Compressa gastroresistente	A02BC05	DOMPE' FARMACEUTICI S.P.A.	Autorizzata	Procedura Mutuo riconoscimento o Decentrata	Medicinali soggetti a prescrizione medica
035433349	035433	ESOPRAL	20 MG COMPRESSE GASTRORESISTENTI- 60 COMPRESSE IN FLACONE	ESOMEPRAZOLO MAGNESIO TRIIDRATO	ESOMEPRAZOLO MAGNESIO TRIIDRATO	20	milligrammi	Compressa gastroresistente	A02BC05	DOMPE' FARMACEUTICI S.P.A.	Autorizzata	Procedura Mutuo riconoscimento o Decentrata	Medicinali soggetti a prescrizione medica
035433352	035433	ESOPRAL	20 MG COMPRESSE GASTRORESISTENTI- 100 COMPRESSE IN FLACONE	ESOMEPRAZOLO MAGNESIO TRIIDRATO	ESOMEPRAZOLO MAGNESIO TRIIDRATO	20	milligrammi	Compressa gastroresistente	A02BC05	DOMPE' FARMACEUTICI S.P.A.	Autorizzata	Procedura Mutuo riconoscimento o Decentrata	Medicinali soggetti a prescrizione medica
035433364	035433	ESOPRAL	40 MG COMPRESSE GASTRORESISTENTI- 2 COMPRESSE IN FLACONE	ESOMEPRAZOLO MAGNESIO TRIIDRATO	ESOMEPRAZOLO MAGNESIO TRIIDRATO	40	milligrammi	Compressa gastroresistente	A02BC05	DOMPE' FARMACEUTICI S.P.A.	Autorizzata	Procedura Mutuo riconoscimento o Decentrata	Medicinali soggetti a prescrizione medica
035433376	035433	ESOPRAL	40 MG COMPRESSE GASTRORESISTENTI- 5 COMPRESSE IN FLACONE	ESOMEPRAZOLO MAGNESIO TRIIDRATO	ESOMEPRAZOLO MAGNESIO TRIIDRATO	40	milligrammi	Compressa gastroresistente	A02BC05	DOMPE' FARMACEUTICI S.P.A.	Autorizzata	Procedura Mutuo riconoscimento o Decentrata	Medicinali soggetti a prescrizione medica
035433388	035433	ESOPRAL	40 MG COMPRESSE GASTRORESISTENTI- 7 COMPRESSE IN FLACONE	ESOMEPRAZOLO MAGNESIO TRIIDRATO	ESOMEPRAZOLO MAGNESIO TRIIDRATO	40	milligrammi	Compressa gastroresistente	A02BC05	DOMPE' FARMACEUTICI S.P.A.	Autorizzata	Procedura Mutuo riconoscimento o Decentrata	Medicinali soggetti a prescrizione medica
035433390	035433	ESOPRAL	40 MG COMPRESSE GASTRORESISTENTI- 14 COMPRESSE IN FLACONE	ESOMEPRAZOLO MAGNESIO TRIIDRATO	ESOMEPRAZOLO MAGNESIO TRIIDRATO	40	milligrammi	Compressa gastroresistente	A02BC05	DOMPE' FARMACEUTICI S.P.A.	Autorizzata	Procedura Mutuo riconoscimento o Decentrata	Medicinali soggetti a prescrizione medica
035433402	035433	ESOPRAL	40 MG COMPRESSE GASTRORESISTENTI- 15 COMPRESSE IN FLACONE	ESOMEPRAZOLO MAGNESIO TRIIDRATO	ESOMEPRAZOLO MAGNESIO TRIIDRATO	40	milligrammi	Compressa gastroresistente	A02BC05	DOMPE' FARMACEUTICI S.P.A.	Autorizzata	Procedura Mutuo riconoscimento o Decentrata	Medicinali soggetti a prescrizione medica
035433414	035433	ESOPRAL	40 MG COMPRESSE GASTRORESISTENTI- 28 COMPRESSE IN FLACONE	ESOMEPRAZOLO MAGNESIO TRIIDRATO	ESOMEPRAZOLO MAGNESIO TRIIDRATO	40	milligrammi	Compressa gastroresistente	A02BC05	DOMPE' FARMACEUTICI S.P.A.	Autorizzata	Procedura Mutuo riconoscimento o Decentrata	Medicinali soggetti a prescrizione medica
035433426	035433	ESOPRAL	40 MG COMPRESSE GASTRORESISTENTI- 30 COMPRESSE IN FLACONE	ESOMEPRAZOLO MAGNESIO TRIIDRATO	ESOMEPRAZOLO MAGNESIO TRIIDRATO	40	milligrammi	Compressa gastroresistente	A02BC05	DOMPE' FARMACEUTICI S.P.A.	Autorizzata	Procedura Mutuo riconoscimento o Decentrata	Medicinali soggetti a prescrizione medica
035433438	035433	ESOPRAL	40 MG COMPRESSE GASTRORESISTENTI- 56 COMPRESSE IN FLACONE	ESOMEPRAZOLO MAGNESIO TRIIDRATO	ESOMEPRAZOLO MAGNESIO TRIIDRATO	40	milligrammi	Compressa gastroresistente	A02BC05	DOMPE' FARMACEUTICI S.P.A.	Autorizzata	Procedura Mutuo riconoscimento o Decentrata	Medicinali soggetti a prescrizione medica
035433440	035433	ESOPRAL	40 MG COMPRESSE GASTRORESISTENTI- 60 COMPRESSE IN FLACONE	ESOMEPRAZOLO MAGNESIO TRIIDRATO	ESOMEPRAZOLO MAGNESIO TRIIDRATO	40	milligrammi	Compressa gastroresistente	A02BC05	DOMPE' FARMACEUTICI S.P.A.	Autorizzata	Procedura Mutuo riconoscimento o Decentrata	Medicinali soggetti a prescrizione medica
035433453	035433	ESOPRAL	40 MG COMPRESSE GASTRORESISTENTI- 100 COMPRESSE IN FLACONE	ESOMEPRAZOLO MAGNESIO TRIIDRATO	ESOMEPRAZOLO MAGNESIO TRIIDRATO	40	milligrammi	Compressa gastroresistente	A02BC05	DOMPE' FARMACEUTICI S.P.A.	Autorizzata	Procedura Mutuo riconoscimento o Decentrata	Medicinali soggetti a prescrizione medica
035433465	035433	ESOPRAL	40 MG COMPRESSE GASTRORESISTENTI- 140 (28X5) COMPRESSE IN FLACONE	ESOMEPRAZOLO MAGNESIO TRIIDRATO	ESOMEPRAZOLO MAGNESIO TRIIDRATO	40	milligrammi	Compressa gastroresistente	A02BC05	DOMPE' FARMACEUTICI S.P.A.	Autorizzata	Procedura Mutuo riconoscimento o Decentrata	Medicinali soggetti a prescrizione medica
035433477	035433	ESOPRAL	20 MG COMPRESSE GASTRORESISTENTI- 140 (28X5) COMPRESSE IN FLACONE	ESOMEPRAZOLO MAGNESIO TRIIDRATO	ESOMEPRAZOLO MAGNESIO TRIIDRATO	20	milligrammi	Compressa gastroresistente	A02BC05	DOMPE' FARMACEUTICI S.P.A.	Autorizzata	Procedura Mutuo riconoscimento o Decentrata	Medicinali soggetti a prescrizione medica
035433489	035433	ESOPRAL	20 MG COMPRESSE GASTRORESISTENTI- 3 COMPRESSE IN BLISTER AL/AL	ESOMEPRAZOLO MAGNESIO TRIIDRATO	ESOMEPRAZOLO MAGNESIO TRIIDRATO	20	milligrammi	Compressa gastroresistente	A02BC05	DOMPE' FARMACEUTICI S.P.A.	Autorizzata	Procedura Mutuo riconoscimento o Decentrata	Medicinali soggetti a prescrizione medica
035433491	035433	ESOPRAL	20 MG COMPRESSE GASTRORESISTENTI- 7 COMPRESSE IN BLISTER AL/AL	ESOMEPRAZOLO MAGNESIO TRIIDRATO	ESOMEPRAZOLO MAGNESIO TRIIDRATO	20	milligrammi	Compressa gastroresistente	A02BC05	DOMPE' FARMACEUTICI S.P.A.	Autorizzata	Procedura Mutuo riconoscimento o Decentrata	Medicinali soggetti a prescrizione medica
035433503	035433	ESOPRAL	40 MG COMPRESSE GASTRORESISTENTI- 98 COMPRESSE IN BLISTER AL/AL	ESOMEPRAZOLO MAGNESIO TRIIDRATO	ESOMEPRAZOLO MAGNESIO TRIIDRATO	40	milligrammi	Compressa gastroresistente	A02BC05	DOMPE' FARMACEUTICI S.P.A.	Autorizzata	Procedura Mutuo riconoscimento o Decentrata	Medicinali soggetti a prescrizione medica
035433515	035433	ESOPRAL	40 MG COMPRESSE GASTRORESISTENTI- 100X1 COMPRESSE IN BLISTER AL/AL	ESOMEPRAZOLO MAGNESIO TRIIDRATO	ESOMEPRAZOLO MAGNESIO TRIIDRATO	40	milligrammi	Compressa gastroresistente	A02BC05	DOMPE' FARMACEUTICI S.P.A.	Autorizzata	Procedura Mutuo riconoscimento o Decentrata	Medicinali soggetti a prescrizione medica
035433527	035433	ESOPRAL	40 MG COMPRESSE GASTRORESISTENTI- 140 COMPRESSE IN BLISTER AL/AL	ESOMEPRAZOLO MAGNESIO TRIIDRATO	ESOMEPRAZOLO MAGNESIO TRIIDRATO	40	milligrammi	Compressa gastroresistente	A02BC05	DOMPE' FARMACEUTICI S.P.A.	Autorizzata	Procedura Mutuo riconoscimento o Decentrata	Medicinali soggetti a prescrizione medica
035433539	035433	ESOPRAL	40 MG POLVERE PER SOLUZIONE INIETTABILE/PER INFUSIONE- 1 FLACONCINO POLVERE	ESOMEPRAZOLO MAGNESIO TRIIDRATO	ESOMEPRAZOLO MAGNESIO TRIIDRATO			Polvere per soluzione iniettabile	A02BC05	DOMPE' FARMACEUTICI S.P.A.	Autorizzata	Procedura Mutuo riconoscimento o Decentrata	Medicinali soggetti a prescrizione medica limitativa, utilizzabili esclusivamente in ambiente ospedaliero o in una struttura ad esso assimilabile
035433541	035433	ESOPRAL	40 MG POLVERE PER SOLUZIONE INIETTABILE/PER INFUSIONE- 10 FLACONCINI POLVERE	ESOMEPRAZOLO MAGNESIO TRIIDRATO	ESOMEPRAZOLO MAGNESIO TRIIDRATO			Polvere per soluzione iniettabile	A02BC05	DOMPE' FARMACEUTICI S.P.A.	Autorizzata	Procedura Mutuo riconoscimento o Decentrata	Medicinali soggetti a prescrizione medica limitativa, utilizzabili esclusivamente in ambiente ospedaliero o in una struttura ad esso assimilabile
040124012	040124	ESOMEPRAZOLO MYLAN GENERICS ITALIA	20 MG CAPSULE RIGIDE GASTRORESISTENTI- 7 CAPSULE IN BLISTER PA/AL/PVC/AL	ESOMEPRAZOLO MAGNESIO TRIIDRATO	ESOMEPRAZOLO MAGNESIO TRIIDRATO	20	milligrammi	Capsula rigida gastroresistente	A02BC05	MYLAN S.P.A.	Autorizzata	Procedura Mutuo riconoscimento o Decentrata	Medicinali soggetti a prescrizione medica
040124024	040124	ESOMEPRAZOLO MYLAN GENERICS ITALIA	20MG CAPSULE RIGIDE GASTRORESISTENTI- 14 CAPSULE IN BLISTER PA/AL/PVC/AL	ESOMEPRAZOLO MAGNESIO TRIIDRATO	ESOMEPRAZOLO MAGNESIO TRIIDRATO	20	milligrammi	Capsula rigida gastroresistente	A02BC05	MYLAN S.P.A.	Autorizzata	Procedura Mutuo riconoscimento o Decentrata	Medicinali soggetti a prescrizione medica
040124036	040124	ESOMEPRAZOLO MYLAN GENERICS ITALIA	20 MG CAPSULE RIGIDE GASTRORESISTENTI- 15 CAPSULE  IN BLISTER PA/AL/PVC/AL	ESOMEPRAZOLO MAGNESIO TRIIDRATO	ESOMEPRAZOLO MAGNESIO TRIIDRATO	20	milligrammi	Capsula rigida gastroresistente	A02BC05	MYLAN S.P.A.	Autorizzata	Procedura Mutuo riconoscimento o Decentrata	Medicinali soggetti a prescrizione medica
040124048	040124	ESOMEPRAZOLO MYLAN GENERICS ITALIA	20 MG CAPSULE RIGIDE GASTRORESISTENTI- 28 CAPSULE  IN BLISTER PA/AL/PVC/AL	ESOMEPRAZOLO MAGNESIO TRIIDRATO	ESOMEPRAZOLO MAGNESIO TRIIDRATO	20	milligrammi	Capsula rigida gastroresistente	A02BC05	MYLAN S.P.A.	Autorizzata	Procedura Mutuo riconoscimento o Decentrata	Medicinali soggetti a prescrizione medica
040124051	040124	ESOMEPRAZOLO MYLAN GENERICS ITALIA	20 MG CAPSULE RIGIDE GASTRORESISTENTI- 30 CAPSULE IN BLISTER PA/AL/PVC/AL	ESOMEPRAZOLO MAGNESIO TRIIDRATO	ESOMEPRAZOLO MAGNESIO TRIIDRATO	20	milligrammi	Capsula rigida gastroresistente	A02BC05	MYLAN S.P.A.	Autorizzata	Procedura Mutuo riconoscimento o Decentrata	Medicinali soggetti a prescrizione medica
040124063	040124	ESOMEPRAZOLO MYLAN GENERICS ITALIA	20 MG CAPSULE RIGIDE GASTRORESISTENTI- 50 CAPSULE  IN BLISTER PA/AL/PVC/AL	ESOMEPRAZOLO MAGNESIO TRIIDRATO	ESOMEPRAZOLO MAGNESIO TRIIDRATO	20	milligrammi	Capsula rigida gastroresistente	A02BC05	MYLAN S.P.A.	Autorizzata	Procedura Mutuo riconoscimento o Decentrata	Medicinali soggetti a prescrizione medica
040124075	040124	ESOMEPRAZOLO MYLAN GENERICS ITALIA	20 MG CAPSULE RIGIDE GASTRORESISTENTI- 60 CAPSULE  IN BLISTER PA/AL/PVC/AL	ESOMEPRAZOLO MAGNESIO TRIIDRATO	ESOMEPRAZOLO MAGNESIO TRIIDRATO	20	milligrammi	Capsula rigida gastroresistente	A02BC05	MYLAN S.P.A.	Autorizzata	Procedura Mutuo riconoscimento o Decentrata	Medicinali soggetti a prescrizione medica
040124087	040124	ESOMEPRAZOLO MYLAN GENERICS ITALIA	20MG CAPSULE RIGIDE GASTRORESISTENTI- 90 CAPSULE IN BLISTER PA/AL/PVC/AL	ESOMEPRAZOLO MAGNESIO TRIIDRATO	ESOMEPRAZOLO MAGNESIO TRIIDRATO	20	milligrammi	Capsula rigida gastroresistente	A02BC05	MYLAN S.P.A.	Autorizzata	Procedura Mutuo riconoscimento o Decentrata	Medicinali soggetti a prescrizione medica
040124099	040124	ESOMEPRAZOLO MYLAN GENERICS ITALIA	40MG CAPSULE RIGIDE GASTRORESISTENTI- 14 CAPSULE IN BLISTER PA/AL/PVC/AL	ESOMEPRAZOLO MAGNESIO TRIIDRATO	ESOMEPRAZOLO MAGNESIO TRIIDRATO	40	milligrammi	Capsula rigida gastroresistente	A02BC05	MYLAN S.P.A.	Autorizzata	Procedura Mutuo riconoscimento o Decentrata	Medicinali soggetti a prescrizione medica
040124101	040124	ESOMEPRAZOLO MYLAN GENERICS ITALIA	40 MG CAPSULE RIGIDE GASTRORESISTENTI- 15 CAPSULE IN BLISTER PA/AL/PVC/AL	ESOMEPRAZOLO MAGNESIO TRIIDRATO	ESOMEPRAZOLO MAGNESIO TRIIDRATO	40	milligrammi	Capsula rigida gastroresistente	A02BC05	MYLAN S.P.A.	Autorizzata	Procedura Mutuo riconoscimento o Decentrata	Medicinali soggetti a prescrizione medica
040124113	040124	ESOMEPRAZOLO MYLAN GENERICS ITALIA	40 MG CAPSULE RIGIDE GASTRORESISTENTI- 28 CAPSULE IN BLISTER PA/AL/PVC/AL	ESOMEPRAZOLO MAGNESIO TRIIDRATO	ESOMEPRAZOLO MAGNESIO TRIIDRATO	40	milligrammi	Capsula rigida gastroresistente	A02BC05	MYLAN S.P.A.	Autorizzata	Procedura Mutuo riconoscimento o Decentrata	Medicinali soggetti a prescrizione medica
040124125	040124	ESOMEPRAZOLO MYLAN GENERICS ITALIA	40 MG CAPSULE RIGIDE GASTRORESISTENTI- 30 CAPSULE IN BLISTER PA/AL/PVC/AL	ESOMEPRAZOLO MAGNESIO TRIIDRATO	ESOMEPRAZOLO MAGNESIO TRIIDRATO	40	milligrammi	Capsula rigida gastroresistente	A02BC05	MYLAN S.P.A.	Autorizzata	Procedura Mutuo riconoscimento o Decentrata	Medicinali soggetti a prescrizione medica
040124137	040124	ESOMEPRAZOLO MYLAN GENERICS ITALIA	40 MG CAPSULE RIGIDE GASTRORESISTENTI- 50 CAPSULE IN BLISTER PA/AL/PVC/AL	ESOMEPRAZOLO MAGNESIO TRIIDRATO	ESOMEPRAZOLO MAGNESIO TRIIDRATO	40	milligrammi	Capsula rigida gastroresistente	A02BC05	MYLAN S.P.A.	Autorizzata	Procedura Mutuo riconoscimento o Decentrata	Medicinali soggetti a prescrizione medica
040124149	040124	ESOMEPRAZOLO MYLAN GENERICS ITALIA	40 MG CAPSULE RIGIDE GASTRORESISTENTI- 60 CAPSULE IN BLISTER PA/AL/PVC/AL	ESOMEPRAZOLO MAGNESIO TRIIDRATO	ESOMEPRAZOLO MAGNESIO TRIIDRATO	40	milligrammi	Capsula rigida gastroresistente	A02BC05	MYLAN S.P.A.	Autorizzata	Procedura Mutuo riconoscimento o Decentrata	Medicinali soggetti a prescrizione medica
040124152	040124	ESOMEPRAZOLO MYLAN GENERICS ITALIA	40 MG CAPSULE RIGIDE GASTRORESISTENTI- 90 CAPSULE IN BLISTER PA/AL/PVC/AL	ESOMEPRAZOLO MAGNESIO TRIIDRATO	ESOMEPRAZOLO MAGNESIO TRIIDRATO	40	milligrammi	Capsula rigida gastroresistente	A02BC05	MYLAN S.P.A.	Autorizzata	Procedura Mutuo riconoscimento o Decentrata	Medicinali soggetti a prescrizione medica
040124164	040124	ESOMEPRAZOLO MYLAN GENERICS ITALIA	40 MG CAPSULE RIGIDE GASTRORESISTENTI- 28 CAPSULE IN FLACONE HDPE	ESOMEPRAZOLO MAGNESIO TRIIDRATO	ESOMEPRAZOLO MAGNESIO TRIIDRATO	40	milligrammi	Capsula rigida gastroresistente	A02BC05	MYLAN S.P.A.	Autorizzata	Procedura Mutuo riconoscimento o Decentrata	Medicinali soggetti a prescrizione medica
040124176	040124	ESOMEPRAZOLO MYLAN GENERICS ITALIA	40 MG CAPSULE RIGIDE GASTRORESISTENTI- 30 CAPSULE IN FLACONE HDPE	ESOMEPRAZOLO MAGNESIO TRIIDRATO	ESOMEPRAZOLO MAGNESIO TRIIDRATO	40	milligrammi	Capsula rigida gastroresistente	A02BC05	MYLAN S.P.A.	Autorizzata	Procedura Mutuo riconoscimento o Decentrata	Medicinali soggetti a prescrizione medica
040124188	040124	ESOMEPRAZOLO MYLAN GENERICS ITALIA	40 MG CAPSULE RIGIDE GASTRORESISTENTI- 90 CAPSULE IN FLACONE HDPE	ESOMEPRAZOLO MAGNESIO TRIIDRATO	ESOMEPRAZOLO MAGNESIO TRIIDRATO	40	milligrammi	Capsula rigida gastroresistente	A02BC05	MYLAN S.P.A.	Autorizzata	Procedura Mutuo riconoscimento o Decentrata	Medicinali soggetti a prescrizione medica
040124190	040124	ESOMEPRAZOLO MYLAN GENERICS ITALIA	20 MG CAPSULE RIGIDE GASTRORESISTENTI- 28 CAPSULE IN FLACONE HDPE	ESOMEPRAZOLO MAGNESIO TRIIDRATO	ESOMEPRAZOLO MAGNESIO TRIIDRATO	20	milligrammi	Capsula rigida gastroresistente	A02BC05	MYLAN S.P.A.	Autorizzata	Procedura Mutuo riconoscimento o Decentrata	Medicinali soggetti a prescrizione medica
040124202	040124	ESOMEPRAZOLO MYLAN GENERICS ITALIA	20 MG CAPSULE RIGIDE GASTRORESISTENTI- 30 CAPSULE IN FLACONE HDPE	ESOMEPRAZOLO MAGNESIO TRIIDRATO	ESOMEPRAZOLO MAGNESIO TRIIDRATO	20	milligrammi	Capsula rigida gastroresistente	A02BC05	MYLAN S.P.A.	Autorizzata	Procedura Mutuo riconoscimento o Decentrata	Medicinali soggetti a prescrizione medica
040124214	040124	ESOMEPRAZOLO MYLAN GENERICS ITALIA	20 MG CAPSULE RIGIDE GASTRORESISTENTI- 90 CAPSULE IN FLACONE HDPE	ESOMEPRAZOLO MAGNESIO TRIIDRATO	ESOMEPRAZOLO MAGNESIO TRIIDRATO	20	milligrammi	Capsula rigida gastroresistente	A02BC05	MYLAN S.P.A.	Autorizzata	Procedura Mutuo riconoscimento o Decentrata	Medicinali soggetti a prescrizione medica
040198018	040198	ESOMEPRAZOLO  KRKA	20MG CAPSULE RIGIDE GASTRORESISTENTI- 7 CAPSULE RIGIDE GASTRORESISTENTI IN BLISTER OPA/AL/PE-AL	ESOMEPRAZOLO MAGNESIO TRIIDRATO	ESOMEPRAZOLO MAGNESIO TRIIDRATO	20	milligrammi	Capsula rigida gastroresistente	A02BC05	KRKA D.D. NOVO MESTO	Autorizzata	Procedura Mutuo riconoscimento o Decentrata	Medicinali soggetti a prescrizione medica
040198020	040198	ESOMEPRAZOLO  KRKA	20MG CAPSULE RIGIDE GASTRORESISTENTI- 10 CAPSULE RIGIDE GASTRORESISTENTI IN BLISTER OPA/AL/PE-AL	ESOMEPRAZOLO MAGNESIO TRIIDRATO	ESOMEPRAZOLO MAGNESIO TRIIDRATO	20	milligrammi	Capsula rigida gastroresistente	A02BC05	KRKA D.D. NOVO MESTO	Autorizzata	Procedura Mutuo riconoscimento o Decentrata	Medicinali soggetti a prescrizione medica
040198032	040198	ESOMEPRAZOLO  KRKA	20MG CAPSULE RIGIDE GASTRORESISTENTI- 14 CAPSULE RIGIDE GASTRORESISTENTI IN BLISTER OPA/AL/PE-AL	ESOMEPRAZOLO MAGNESIO TRIIDRATO	ESOMEPRAZOLO MAGNESIO TRIIDRATO	20	milligrammi	Capsula rigida gastroresistente	A02BC05	KRKA D.D. NOVO MESTO	Autorizzata	Procedura Mutuo riconoscimento o Decentrata	Medicinali soggetti a prescrizione medica
040198044	040198	ESOMEPRAZOLO  KRKA	20MG CAPSULE RIGIDE GASTRORESISTENTI- 15 CAPSULE RIGIDE GASTRORESISTENTI IN BLISTER OPA/AL/PE-AL	ESOMEPRAZOLO MAGNESIO TRIIDRATO	ESOMEPRAZOLO MAGNESIO TRIIDRATO	20	milligrammi	Capsula rigida gastroresistente	A02BC05	KRKA D.D. NOVO MESTO	Autorizzata	Procedura Mutuo riconoscimento o Decentrata	Medicinali soggetti a prescrizione medica
040198057	040198	ESOMEPRAZOLO  KRKA	20MG CAPSULE RIGIDE GASTRORESISTENTI- 28 CAPSULE RIGIDE GASTRORESISTENTI IN BLISTER OPA/AL/PE-AL	ESOMEPRAZOLO MAGNESIO TRIIDRATO	ESOMEPRAZOLO MAGNESIO TRIIDRATO	20	milligrammi	Capsula rigida gastroresistente	A02BC05	KRKA D.D. NOVO MESTO	Autorizzata	Procedura Mutuo riconoscimento o Decentrata	Medicinali soggetti a prescrizione medica
040198069	040198	ESOMEPRAZOLO  KRKA	20MG CAPSULE RIGIDE GASTRORESISTENTI- 30 CAPSULE RIGIDE GASTRORESISTENTI IN BLISTER OPA/AL/PE-AL	ESOMEPRAZOLO MAGNESIO TRIIDRATO	ESOMEPRAZOLO MAGNESIO TRIIDRATO	20	milligrammi	Capsula rigida gastroresistente	A02BC05	KRKA D.D. NOVO MESTO	Autorizzata	Procedura Mutuo riconoscimento o Decentrata	Medicinali soggetti a prescrizione medica
040198071	040198	ESOMEPRAZOLO  KRKA	20MG CAPSULE RIGIDE GASTRORESISTENTI- 50 CAPSULE RIGIDE GASTRORESISTENTI IN BLISTER OPA/AL/PE-AL	ESOMEPRAZOLO MAGNESIO TRIIDRATO	ESOMEPRAZOLO MAGNESIO TRIIDRATO	20	milligrammi	Capsula rigida gastroresistente	A02BC05	KRKA D.D. NOVO MESTO	Autorizzata	Procedura Mutuo riconoscimento o Decentrata	Medicinali soggetti a prescrizione medica
040198083	040198	ESOMEPRAZOLO  KRKA	20MG CAPSULE RIGIDE GASTRORESISTENTI- 56 CAPSULE RIGIDE GASTRORESISTENTI IN BLISTER OPA/AL/PE-AL	ESOMEPRAZOLO MAGNESIO TRIIDRATO	ESOMEPRAZOLO MAGNESIO TRIIDRATO	20	milligrammi	Capsula rigida gastroresistente	A02BC05	KRKA D.D. NOVO MESTO	Autorizzata	Procedura Mutuo riconoscimento o Decentrata	Medicinali soggetti a prescrizione medica
040198095	040198	ESOMEPRAZOLO  KRKA	20MG CAPSULE RIGIDE GASTRORESISTENTI- 60 CAPSULE RIGIDE GASTRORESISTENTI IN BLISTER OPA/AL/PE-AL	ESOMEPRAZOLO MAGNESIO TRIIDRATO	ESOMEPRAZOLO MAGNESIO TRIIDRATO	20	milligrammi	Capsula rigida gastroresistente	A02BC05	KRKA D.D. NOVO MESTO	Autorizzata	Procedura Mutuo riconoscimento o Decentrata	Medicinali soggetti a prescrizione medica
040198107	040198	ESOMEPRAZOLO  KRKA	20MG CAPSULE RIGIDE GASTRORESISTENTI- 90 CAPSULE RIGIDE GASTRORESISTENTI IN BLISTER OPA/AL/PE-AL	ESOMEPRAZOLO MAGNESIO TRIIDRATO	ESOMEPRAZOLO MAGNESIO TRIIDRATO	20	milligrammi	Capsula rigida gastroresistente	A02BC05	KRKA D.D. NOVO MESTO	Autorizzata	Procedura Mutuo riconoscimento o Decentrata	Medicinali soggetti a prescrizione medica
040198119	040198	ESOMEPRAZOLO  KRKA	20MG CAPSULE RIGIDE GASTRORESISTENTI- 98 CAPSULE RIGIDE GASTRORESISTENTI IN BLISTER OPA/AL/PE-AL	ESOMEPRAZOLO MAGNESIO TRIIDRATO	ESOMEPRAZOLO MAGNESIO TRIIDRATO	20	milligrammi	Capsula rigida gastroresistente	A02BC05	KRKA D.D. NOVO MESTO	Autorizzata	Procedura Mutuo riconoscimento o Decentrata	Medicinali soggetti a prescrizione medica
040198121	040198	ESOMEPRAZOLO  KRKA	20MG CAPSULE RIGIDE GASTRORESISTENTI- 100 CAPSULE RIGIDE GASTRORESISTENTI IN BLISTER OPA/AL/PE-AL	ESOMEPRAZOLO MAGNESIO TRIIDRATO	ESOMEPRAZOLO MAGNESIO TRIIDRATO	20	milligrammi	Capsula rigida gastroresistente	A02BC05	KRKA D.D. NOVO MESTO	Autorizzata	Procedura Mutuo riconoscimento o Decentrata	Medicinali soggetti a prescrizione medica
040198133	040198	ESOMEPRAZOLO  KRKA	20MG CAPSULE RIGIDE GASTRORESISTENTI- 98 CAPSULE IN CONTENITORE HDPE	ESOMEPRAZOLO MAGNESIO TRIIDRATO	ESOMEPRAZOLO MAGNESIO TRIIDRATO	20	milligrammi	Capsula rigida gastroresistente	A02BC05	KRKA D.D. NOVO MESTO	Autorizzata	Procedura Mutuo riconoscimento o Decentrata	Medicinali soggetti a prescrizione medica
040198145	040198	ESOMEPRAZOLO  KRKA	40MG CAPSULE RIGIDE GASTRORESISTENTI- 7 CAPSULE RIGIDE GASTRORESISTENTI IN BLISTER OPA/AL/PE-AL	ESOMEPRAZOLO MAGNESIO TRIIDRATO	ESOMEPRAZOLO MAGNESIO TRIIDRATO	40	milligrammi	Capsula rigida gastroresistente	A02BC05	KRKA D.D. NOVO MESTO	Autorizzata	Procedura Mutuo riconoscimento o Decentrata	Medicinali soggetti a prescrizione medica
040198158	040198	ESOMEPRAZOLO  KRKA	40MG CAPSULE RIGIDE GASTRORESISTENTI- 10 CAPSULE RIGIDE GASTRORESISTENTI IN BLISTER OPA/AL/PE-AL	ESOMEPRAZOLO MAGNESIO TRIIDRATO	ESOMEPRAZOLO MAGNESIO TRIIDRATO	40	milligrammi	Capsula rigida gastroresistente	A02BC05	KRKA D.D. NOVO MESTO	Autorizzata	Procedura Mutuo riconoscimento o Decentrata	Medicinali soggetti a prescrizione medica
040198160	040198	ESOMEPRAZOLO  KRKA	40MG CAPSULE RIGIDE GASTRORESISTENTI- 14 CAPSULE RIGIDE GASTRORESISTENTI IN BLISTER OPA/AL/PE-AL	ESOMEPRAZOLO MAGNESIO TRIIDRATO	ESOMEPRAZOLO MAGNESIO TRIIDRATO	40	milligrammi	Capsula rigida gastroresistente	A02BC05	KRKA D.D. NOVO MESTO	Autorizzata	Procedura Mutuo riconoscimento o Decentrata	Medicinali soggetti a prescrizione medica
040198172	040198	ESOMEPRAZOLO  KRKA	40MG CAPSULE RIGIDE GASTRORESISTENTI- 15 CAPSULE RIGIDE GASTRORESISTENTI IN BLISTER OPA/AL/PE-AL	ESOMEPRAZOLO MAGNESIO TRIIDRATO	ESOMEPRAZOLO MAGNESIO TRIIDRATO	40	milligrammi	Capsula rigida gastroresistente	A02BC05	KRKA D.D. NOVO MESTO	Autorizzata	Procedura Mutuo riconoscimento o Decentrata	Medicinali soggetti a prescrizione medica
040198184	040198	ESOMEPRAZOLO  KRKA	40MG CAPSULE RIGIDE GASTRORESISTENTI- 28 CAPSULE RIGIDE GASTRORESISTENTI IN BLISTER OPA/AL/PE-AL	ESOMEPRAZOLO MAGNESIO TRIIDRATO	ESOMEPRAZOLO MAGNESIO TRIIDRATO	40	milligrammi	Capsula rigida gastroresistente	A02BC05	KRKA D.D. NOVO MESTO	Autorizzata	Procedura Mutuo riconoscimento o Decentrata	Medicinali soggetti a prescrizione medica
040198196	040198	ESOMEPRAZOLO  KRKA	40MG CAPSULE RIGIDE GASTRORESISTENTI- 30 CAPSULE RIGIDE GASTRORESISTENTI IN BLISTER OPA/AL/PE-AL	ESOMEPRAZOLO MAGNESIO TRIIDRATO	ESOMEPRAZOLO MAGNESIO TRIIDRATO	40	milligrammi	Capsula rigida gastroresistente	A02BC05	KRKA D.D. NOVO MESTO	Autorizzata	Procedura Mutuo riconoscimento o Decentrata	Medicinali soggetti a prescrizione medica
040198208	040198	ESOMEPRAZOLO  KRKA	40MG CAPSULE RIGIDE GASTRORESISTENTI- 50 CAPSULE RIGIDE GASTRORESISTENTI IN BLISTER OPA/AL/PE-AL	ESOMEPRAZOLO MAGNESIO TRIIDRATO	ESOMEPRAZOLO MAGNESIO TRIIDRATO	40	milligrammi	Capsula rigida gastroresistente	A02BC05	KRKA D.D. NOVO MESTO	Autorizzata	Procedura Mutuo riconoscimento o Decentrata	Medicinali soggetti a prescrizione medica
040198210	040198	ESOMEPRAZOLO  KRKA	40MG CAPSULE RIGIDE GASTRORESISTENTI- 56 CAPSULE RIGIDE GASTRORESISTENTI IN BLISTER OPA/AL/PE-AL	ESOMEPRAZOLO MAGNESIO TRIIDRATO	ESOMEPRAZOLO MAGNESIO TRIIDRATO	40	milligrammi	Capsula rigida gastroresistente	A02BC05	KRKA D.D. NOVO MESTO	Autorizzata	Procedura Mutuo riconoscimento o Decentrata	Medicinali soggetti a prescrizione medica
040198222	040198	ESOMEPRAZOLO  KRKA	40MG CAPSULE RIGIDE GASTRORESISTENTI- 60 CAPSULE RIGIDE GASTRORESISTENTI IN BLISTER OPA/AL/PE-AL	ESOMEPRAZOLO MAGNESIO TRIIDRATO	ESOMEPRAZOLO MAGNESIO TRIIDRATO	40	milligrammi	Capsula rigida gastroresistente	A02BC05	KRKA D.D. NOVO MESTO	Autorizzata	Procedura Mutuo riconoscimento o Decentrata	Medicinali soggetti a prescrizione medica
040198234	040198	ESOMEPRAZOLO  KRKA	40MG CAPSULE RIGIDE GASTRORESISTENTI- 90 CAPSULE RIGIDE GASTRORESISTENTI IN BLISTER OPA/AL/PE-AL	ESOMEPRAZOLO MAGNESIO TRIIDRATO	ESOMEPRAZOLO MAGNESIO TRIIDRATO	40	milligrammi	Capsula rigida gastroresistente	A02BC05	KRKA D.D. NOVO MESTO	Autorizzata	Procedura Mutuo riconoscimento o Decentrata	Medicinali soggetti a prescrizione medica
040198246	040198	ESOMEPRAZOLO  KRKA	40MG CAPSULE RIGIDE GASTRORESISTENTI- 98 CAPSULE RIGIDE GASTRORESISTENTI IN BLISTER OPA/AL/PE-AL	ESOMEPRAZOLO MAGNESIO TRIIDRATO	ESOMEPRAZOLO MAGNESIO TRIIDRATO	40	milligrammi	Capsula rigida gastroresistente	A02BC05	KRKA D.D. NOVO MESTO	Autorizzata	Procedura Mutuo riconoscimento o Decentrata	Medicinali soggetti a prescrizione medica
040198259	040198	ESOMEPRAZOLO  KRKA	40MG CAPSULE RIGIDE GASTRORESISTENTI- 100 CAPSULE RIGIDE GASTRORESISTENTI IN BLISTER OPA/AL/PE-AL	ESOMEPRAZOLO MAGNESIO TRIIDRATO	ESOMEPRAZOLO MAGNESIO TRIIDRATO	40	milligrammi	Capsula rigida gastroresistente	A02BC05	KRKA D.D. NOVO MESTO	Autorizzata	Procedura Mutuo riconoscimento o Decentrata	Medicinali soggetti a prescrizione medica
040198261	040198	ESOMEPRAZOLO  KRKA	40MG CAPSULE RIGIDE GASTRORESISTENTI- 98 CAPSULE IN CONTENITORE HDPE	ESOMEPRAZOLO MAGNESIO TRIIDRATO	ESOMEPRAZOLO MAGNESIO TRIIDRATO	40	milligrammi	Capsula rigida gastroresistente	A02BC05	KRKA D.D. NOVO MESTO	Autorizzata	Procedura Mutuo riconoscimento o Decentrata	Medicinali soggetti a prescrizione medica
040198273	040198	ESOMEPRAZOLO  KRKA	20 MG CAPSULE RIGIDE GASTRORESISTENTI- 7 CAPSULE IN BLISTER OPA/AL/PVC-AL	ESOMEPRAZOLO MAGNESIO TRIIDRATO	ESOMEPRAZOLO MAGNESIO TRIIDRATO	20	milligrammi	Capsula rigida gastroresistente	A02BC05	KRKA D.D. NOVO MESTO	Autorizzata	Procedura Mutuo riconoscimento o Decentrata	Medicinali soggetti a prescrizione medica
040198285	040198	ESOMEPRAZOLO  KRKA	20 MG CAPSULE RIGIDE GASTRORESISTENTI- 10 CAPSULE IN BLISTER OPA/AL/PVC-AL	ESOMEPRAZOLO MAGNESIO TRIIDRATO	ESOMEPRAZOLO MAGNESIO TRIIDRATO	20	milligrammi	Capsula rigida gastroresistente	A02BC05	KRKA D.D. NOVO MESTO	Autorizzata	Procedura Mutuo riconoscimento o Decentrata	Medicinali soggetti a prescrizione medica
040198297	040198	ESOMEPRAZOLO  KRKA	20 MG CAPSULE RIGIDE GASTRORESISTENTI- 14 CAPSULE IN BLISTER OPA/AL/PVC-AL	ESOMEPRAZOLO MAGNESIO TRIIDRATO	ESOMEPRAZOLO MAGNESIO TRIIDRATO	20	milligrammi	Capsula rigida gastroresistente	A02BC05	KRKA D.D. NOVO MESTO	Autorizzata	Procedura Mutuo riconoscimento o Decentrata	Medicinali soggetti a prescrizione medica
040198309	040198	ESOMEPRAZOLO  KRKA	20 MG CAPSULE RIGIDE GASTRORESISTENTI- 15 CAPSULE IN BLISTER OPA/AL/PVC-AL	ESOMEPRAZOLO MAGNESIO TRIIDRATO	ESOMEPRAZOLO MAGNESIO TRIIDRATO	20	milligrammi	Capsula rigida gastroresistente	A02BC05	KRKA D.D. NOVO MESTO	Autorizzata	Procedura Mutuo riconoscimento o Decentrata	Medicinali soggetti a prescrizione medica
040198311	040198	ESOMEPRAZOLO  KRKA	20 MG CAPSULE RIGIDE GASTRORESISTENTI- 28 CAPSULE IN BLISTER OPA/AL/PVC-AL	ESOMEPRAZOLO MAGNESIO TRIIDRATO	ESOMEPRAZOLO MAGNESIO TRIIDRATO	20	milligrammi	Capsula rigida gastroresistente	A02BC05	KRKA D.D. NOVO MESTO	Autorizzata	Procedura Mutuo riconoscimento o Decentrata	Medicinali soggetti a prescrizione medica
040198323	040198	ESOMEPRAZOLO  KRKA	20 MG CAPSULE RIGIDE GASTRORESISTENTI- 30 CAPSULE IN BLISTER OPA/AL/PVC-AL	ESOMEPRAZOLO MAGNESIO TRIIDRATO	ESOMEPRAZOLO MAGNESIO TRIIDRATO	20	milligrammi	Capsula rigida gastroresistente	A02BC05	KRKA D.D. NOVO MESTO	Autorizzata	Procedura Mutuo riconoscimento o Decentrata	Medicinali soggetti a prescrizione medica
040198335	040198	ESOMEPRAZOLO  KRKA	20 MG CAPSULE RIGIDE GASTRORESISTENTI- 50 CAPSULE IN BLISTER OPA/AL/PVC-AL	ESOMEPRAZOLO MAGNESIO TRIIDRATO	ESOMEPRAZOLO MAGNESIO TRIIDRATO	20	milligrammi	Capsula rigida gastroresistente	A02BC05	KRKA D.D. NOVO MESTO	Autorizzata	Procedura Mutuo riconoscimento o Decentrata	Medicinali soggetti a prescrizione medica
040198347	040198	ESOMEPRAZOLO  KRKA	20 MG CAPSULE RIGIDE GASTRORESISTENTI- 50X1 CAPSULE IN BLISTER OPA/AL/PVC-AL	ESOMEPRAZOLO MAGNESIO TRIIDRATO	ESOMEPRAZOLO MAGNESIO TRIIDRATO	20	milligrammi	Capsula rigida gastroresistente	A02BC05	KRKA D.D. NOVO MESTO	Autorizzata	Procedura Mutuo riconoscimento o Decentrata	Medicinali soggetti a prescrizione medica
040198350	040198	ESOMEPRAZOLO  KRKA	20 MG CAPSULE RIGIDE GASTRORESISTENTI- 56 CAPSULE IN BLISTER OPA/AL/PVC-AL	ESOMEPRAZOLO MAGNESIO TRIIDRATO	ESOMEPRAZOLO MAGNESIO TRIIDRATO	20	milligrammi	Capsula rigida gastroresistente	A02BC05	KRKA D.D. NOVO MESTO	Autorizzata	Procedura Mutuo riconoscimento o Decentrata	Medicinali soggetti a prescrizione medica
040198362	040198	ESOMEPRAZOLO  KRKA	20 MG CAPSULE RIGIDE GASTRORESISTENTI- 60 CAPSULE IN BLISTER OPA/AL/PVC-AL	ESOMEPRAZOLO MAGNESIO TRIIDRATO	ESOMEPRAZOLO MAGNESIO TRIIDRATO	20	milligrammi	Capsula rigida gastroresistente	A02BC05	KRKA D.D. NOVO MESTO	Autorizzata	Procedura Mutuo riconoscimento o Decentrata	Medicinali soggetti a prescrizione medica
040198374	040198	ESOMEPRAZOLO  KRKA	20 MG CAPSULE RIGIDE GASTRORESISTENTI- 90 CAPSULE IN BLISTER OPA/AL/PVC-AL	ESOMEPRAZOLO MAGNESIO TRIIDRATO	ESOMEPRAZOLO MAGNESIO TRIIDRATO	20	milligrammi	Capsula rigida gastroresistente	A02BC05	KRKA D.D. NOVO MESTO	Autorizzata	Procedura Mutuo riconoscimento o Decentrata	Medicinali soggetti a prescrizione medica
040198386	040198	ESOMEPRAZOLO  KRKA	20 MG CAPSULE RIGIDE GASTRORESISTENTI- 98 CAPSULE IN BLISTER OPA/AL/PVC-AL	ESOMEPRAZOLO MAGNESIO TRIIDRATO	ESOMEPRAZOLO MAGNESIO TRIIDRATO	20	milligrammi	Capsula rigida gastroresistente	A02BC05	KRKA D.D. NOVO MESTO	Autorizzata	Procedura Mutuo riconoscimento o Decentrata	Medicinali soggetti a prescrizione medica
040198398	040198	ESOMEPRAZOLO  KRKA	20 MG CAPSULE RIGIDE GASTRORESISTENTI- 100 CAPSULE IN BLISTER OPA/AL/PVC-AL	ESOMEPRAZOLO MAGNESIO TRIIDRATO	ESOMEPRAZOLO MAGNESIO TRIIDRATO	20	milligrammi	Capsula rigida gastroresistente	A02BC05	KRKA D.D. NOVO MESTO	Autorizzata	Procedura Mutuo riconoscimento o Decentrata	Medicinali soggetti a prescrizione medica
040198400	040198	ESOMEPRAZOLO  KRKA	40 MG CAPSULE RIGIDE GASTRORESISTENTI- 7 CAPSULE IN BLISTER OPA/AL/PVC-AL	ESOMEPRAZOLO MAGNESIO TRIIDRATO	ESOMEPRAZOLO MAGNESIO TRIIDRATO	40	milligrammi	Capsula rigida gastroresistente	A02BC05	KRKA D.D. NOVO MESTO	Autorizzata	Procedura Mutuo riconoscimento o Decentrata	Medicinali soggetti a prescrizione medica
040198412	040198	ESOMEPRAZOLO  KRKA	40 MG CAPSULE RIGIDE GASTRORESISTENTI- 10 CAPSULE IN BLISTER OPA/AL/PVC-AL	ESOMEPRAZOLO MAGNESIO TRIIDRATO	ESOMEPRAZOLO MAGNESIO TRIIDRATO	40	milligrammi	Capsula rigida gastroresistente	A02BC05	KRKA D.D. NOVO MESTO	Autorizzata	Procedura Mutuo riconoscimento o Decentrata	Medicinali soggetti a prescrizione medica
040198424	040198	ESOMEPRAZOLO  KRKA	40 MG CAPSULE RIGIDE GASTRORESISTENTI- 14 CAPSULE IN BLISTER OPA/AL/PVC-AL	ESOMEPRAZOLO MAGNESIO TRIIDRATO	ESOMEPRAZOLO MAGNESIO TRIIDRATO	40	milligrammi	Capsula rigida gastroresistente	A02BC05	KRKA D.D. NOVO MESTO	Autorizzata	Procedura Mutuo riconoscimento o Decentrata	Medicinali soggetti a prescrizione medica
040198436	040198	ESOMEPRAZOLO  KRKA	40 MG CAPSULE RIGIDE GASTRORESISTENTI- 15 CAPSULE IN BLISTER OPA/AL/PVC-AL	ESOMEPRAZOLO MAGNESIO TRIIDRATO	ESOMEPRAZOLO MAGNESIO TRIIDRATO	40	milligrammi	Capsula rigida gastroresistente	A02BC05	KRKA D.D. NOVO MESTO	Autorizzata	Procedura Mutuo riconoscimento o Decentrata	Medicinali soggetti a prescrizione medica
040198448	040198	ESOMEPRAZOLO  KRKA	40 MG CAPSULE RIGIDE GASTRORESISTENTI- 28 CAPSULE IN BLISTER OPA/AL/PVC-AL	ESOMEPRAZOLO MAGNESIO TRIIDRATO	ESOMEPRAZOLO MAGNESIO TRIIDRATO	40	milligrammi	Capsula rigida gastroresistente	A02BC05	KRKA D.D. NOVO MESTO	Autorizzata	Procedura Mutuo riconoscimento o Decentrata	Medicinali soggetti a prescrizione medica
040198451	040198	ESOMEPRAZOLO  KRKA	40 MG CAPSULE RIGIDE GASTRORESISTENTI- 30 CAPSULE IN BLISTER OPA/AL/PVC-AL	ESOMEPRAZOLO MAGNESIO TRIIDRATO	ESOMEPRAZOLO MAGNESIO TRIIDRATO	40	milligrammi	Capsula rigida gastroresistente	A02BC05	KRKA D.D. NOVO MESTO	Autorizzata	Procedura Mutuo riconoscimento o Decentrata	Medicinali soggetti a prescrizione medica
040198463	040198	ESOMEPRAZOLO  KRKA	40 MG CAPSULE RIGIDE GASTRORESISTENTI- 50 CAPSULE IN BLISTER OPA/AL/PVC-AL	ESOMEPRAZOLO MAGNESIO TRIIDRATO	ESOMEPRAZOLO MAGNESIO TRIIDRATO	40	milligrammi	Capsula rigida gastroresistente	A02BC05	KRKA D.D. NOVO MESTO	Autorizzata	Procedura Mutuo riconoscimento o Decentrata	Medicinali soggetti a prescrizione medica
040198475	040198	ESOMEPRAZOLO  KRKA	40 MG CAPSULE RIGIDE GASTRORESISTENTI- 50X1 CAPSULE IN BLISTER OPA/AL/PVC-AL	ESOMEPRAZOLO MAGNESIO TRIIDRATO	ESOMEPRAZOLO MAGNESIO TRIIDRATO	40	milligrammi	Capsula rigida gastroresistente	A02BC05	KRKA D.D. NOVO MESTO	Autorizzata	Procedura Mutuo riconoscimento o Decentrata	Medicinali soggetti a prescrizione medica
040198487	040198	ESOMEPRAZOLO  KRKA	40 MG CAPSULE RIGIDE GASTRORESISTENTI- 56 CAPSULE IN BLISTER OPA/AL/PVC-AL	ESOMEPRAZOLO MAGNESIO TRIIDRATO	ESOMEPRAZOLO MAGNESIO TRIIDRATO	40	milligrammi	Capsula rigida gastroresistente	A02BC05	KRKA D.D. NOVO MESTO	Autorizzata	Procedura Mutuo riconoscimento o Decentrata	Medicinali soggetti a prescrizione medica
040198499	040198	ESOMEPRAZOLO  KRKA	40 MG CAPSULE RIGIDE GASTRORESISTENTI- 60 CAPSULE IN BLISTER OPA/AL/PVC-AL	ESOMEPRAZOLO MAGNESIO TRIIDRATO	ESOMEPRAZOLO MAGNESIO TRIIDRATO	40	milligrammi	Capsula rigida gastroresistente	A02BC05	KRKA D.D. NOVO MESTO	Autorizzata	Procedura Mutuo riconoscimento o Decentrata	Medicinali soggetti a prescrizione medica
040198501	040198	ESOMEPRAZOLO  KRKA	40 MG CAPSULE RIGIDE GASTRORESISTENTI- 90 CAPSULE IN BLISTER OPA/AL/PVC-AL	ESOMEPRAZOLO MAGNESIO TRIIDRATO	ESOMEPRAZOLO MAGNESIO TRIIDRATO	40	milligrammi	Capsula rigida gastroresistente	A02BC05	KRKA D.D. NOVO MESTO	Autorizzata	Procedura Mutuo riconoscimento o Decentrata	Medicinali soggetti a prescrizione medica
040198513	040198	ESOMEPRAZOLO  KRKA	40 MG CAPSULE RIGIDE GASTRORESISTENTI- 98 CAPSULE IN BLISTER OPA/AL/PVC-AL	ESOMEPRAZOLO MAGNESIO TRIIDRATO	ESOMEPRAZOLO MAGNESIO TRIIDRATO	40	milligrammi	Capsula rigida gastroresistente	A02BC05	KRKA D.D. NOVO MESTO	Autorizzata	Procedura Mutuo riconoscimento o Decentrata	Medicinali soggetti a prescrizione medica
040198525	040198	ESOMEPRAZOLO  KRKA	40 MG CAPSULE RIGIDE GASTRORESISTENTI- 100 CAPSULE IN BLISTER OPA/AL/PVC-AL	ESOMEPRAZOLO MAGNESIO TRIIDRATO	ESOMEPRAZOLO MAGNESIO TRIIDRATO	40	milligrammi	Capsula rigida gastroresistente	A02BC05	KRKA D.D. NOVO MESTO	Autorizzata	Procedura Mutuo riconoscimento o Decentrata	Medicinali soggetti a prescrizione medica
040198537	040198	ESOMEPRAZOLO  KRKA	20 MG CAPSULE RIGIDE GASTRORESISTENTI- 50X1 CAPSULE IN BLISTER OPA/AL/PE-AL	ESOMEPRAZOLO MAGNESIO TRIIDRATO	ESOMEPRAZOLO MAGNESIO TRIIDRATO	20	milligrammi	Capsula rigida gastroresistente	A02BC05	KRKA D.D. NOVO MESTO	Autorizzata	Procedura Mutuo riconoscimento o Decentrata	Medicinali soggetti a prescrizione medica
040198549	040198	ESOMEPRAZOLO  KRKA	40 MG CAPSULE RIGIDE GASTRORESISTENTI- 50X1 CAPSULE IN BLISTER OPA/AL/PE-AL	ESOMEPRAZOLO MAGNESIO TRIIDRATO	ESOMEPRAZOLO MAGNESIO TRIIDRATO	40	milligrammi	Capsula rigida gastroresistente	A02BC05	KRKA D.D. NOVO MESTO	Autorizzata	Procedura Mutuo riconoscimento o Decentrata	Medicinali soggetti a prescrizione medica
040199010	040199	ESOMEPRAZOLO SANDOZ	20 MG CAPSULE RIGIDE GASTRORESISTENTI- 7 CAPSULE RIGIDE GASTRORESISTENTI IN BLISTER AL/AL	ESOMEPRAZOLO MAGNESIO TRIIDRATO	ESOMEPRAZOLO MAGNESIO TRIIDRATO	20	milligrammi	Capsula rigida gastroresistente	A02BC05	SANDOZ S.P.A.	Autorizzata	Procedura Mutuo riconoscimento o Decentrata	Medicinali soggetti a prescrizione medica
040199022	040199	ESOMEPRAZOLO SANDOZ	20 MG CAPSULE RIGIDE GASTRORESISTENTI- 10 CAPSULE RIGIDE GASTRORESISTENTI IN BLISTER AL/AL	ESOMEPRAZOLO MAGNESIO TRIIDRATO	ESOMEPRAZOLO MAGNESIO TRIIDRATO	20	milligrammi	Capsula rigida gastroresistente	A02BC05	SANDOZ S.P.A.	Autorizzata	Procedura Mutuo riconoscimento o Decentrata	Medicinali soggetti a prescrizione medica
040199034	040199	ESOMEPRAZOLO SANDOZ	20 MG CAPSULE RIGIDE GASTRORESISTENTI- 14 CAPSULE RIGIDE GASTRORESISTENTI IN BLISTER AL/AL	ESOMEPRAZOLO MAGNESIO TRIIDRATO	ESOMEPRAZOLO MAGNESIO TRIIDRATO	20	milligrammi	Capsula rigida gastroresistente	A02BC05	SANDOZ S.P.A.	Autorizzata	Procedura Mutuo riconoscimento o Decentrata	Medicinali soggetti a prescrizione medica
040199046	040199	ESOMEPRAZOLO SANDOZ	20 MG CAPSULE RIGIDE GASTRORESISTENTI- 15 CAPSULE RIGIDE GASTRORESISTENTI IN BLISTER AL/AL	ESOMEPRAZOLO MAGNESIO TRIIDRATO	ESOMEPRAZOLO MAGNESIO TRIIDRATO	20	milligrammi	Capsula rigida gastroresistente	A02BC05	SANDOZ S.P.A.	Autorizzata	Procedura Mutuo riconoscimento o Decentrata	Medicinali soggetti a prescrizione medica
040199059	040199	ESOMEPRAZOLO SANDOZ	20 MG CAPSULE RIGIDE GASTRORESISTENTI- 28 CAPSULE RIGIDE GASTRORESISTENTI IN BLISTER AL/AL	ESOMEPRAZOLO MAGNESIO TRIIDRATO	ESOMEPRAZOLO MAGNESIO TRIIDRATO	20	milligrammi	Capsula rigida gastroresistente	A02BC05	SANDOZ S.P.A.	Autorizzata	Procedura Mutuo riconoscimento o Decentrata	Medicinali soggetti a prescrizione medica
040199061	040199	ESOMEPRAZOLO SANDOZ	20 MG CAPSULE RIGIDE GASTRORESISTENTI- 30 CAPSULE RIGIDE GASTRORESISTENTI IN BLISTER AL/AL	ESOMEPRAZOLO MAGNESIO TRIIDRATO	ESOMEPRAZOLO MAGNESIO TRIIDRATO	20	milligrammi	Capsula rigida gastroresistente	A02BC05	SANDOZ S.P.A.	Autorizzata	Procedura Mutuo riconoscimento o Decentrata	Medicinali soggetti a prescrizione medica
040199073	040199	ESOMEPRAZOLO SANDOZ	20 MG CAPSULE RIGIDE GASTRORESISTENTI- 50 CAPSULE RIGIDE GASTRORESISTENTI IN BLISTER AL/AL	ESOMEPRAZOLO MAGNESIO TRIIDRATO	ESOMEPRAZOLO MAGNESIO TRIIDRATO	20	milligrammi	Capsula rigida gastroresistente	A02BC05	SANDOZ S.P.A.	Autorizzata	Procedura Mutuo riconoscimento o Decentrata	Medicinali soggetti a prescrizione medica
040199085	040199	ESOMEPRAZOLO SANDOZ	20 MG CAPSULE RIGIDE GASTRORESISTENTI- 56 CAPSULE RIGIDE GASTRORESISTENTI IN BLISTER AL/AL	ESOMEPRAZOLO MAGNESIO TRIIDRATO	ESOMEPRAZOLO MAGNESIO TRIIDRATO	20	milligrammi	Capsula rigida gastroresistente	A02BC05	SANDOZ S.P.A.	Autorizzata	Procedura Mutuo riconoscimento o Decentrata	Medicinali soggetti a prescrizione medica
040199097	040199	ESOMEPRAZOLO SANDOZ	20 MG CAPSULE RIGIDE GASTRORESISTENTI- 60 CAPSULE RIGIDE GASTRORESISTENTI IN BLISTER AL/AL	ESOMEPRAZOLO MAGNESIO TRIIDRATO	ESOMEPRAZOLO MAGNESIO TRIIDRATO	20	milligrammi	Capsula rigida gastroresistente	A02BC05	SANDOZ S.P.A.	Autorizzata	Procedura Mutuo riconoscimento o Decentrata	Medicinali soggetti a prescrizione medica
040199109	040199	ESOMEPRAZOLO SANDOZ	20 MG CAPSULE RIGIDE GASTRORESISTENTI- 90 CAPSULE RIGIDE GASTRORESISTENTI IN BLISTER AL/AL	ESOMEPRAZOLO MAGNESIO TRIIDRATO	ESOMEPRAZOLO MAGNESIO TRIIDRATO	20	milligrammi	Capsula rigida gastroresistente	A02BC05	SANDOZ S.P.A.	Autorizzata	Procedura Mutuo riconoscimento o Decentrata	Medicinali soggetti a prescrizione medica
040199111	040199	ESOMEPRAZOLO SANDOZ	20 MG CAPSULE RIGIDE GASTRORESISTENTI- 98 CAPSULE RIGIDE GASTRORESISTENTI IN BLISTER AL/AL	ESOMEPRAZOLO MAGNESIO TRIIDRATO	ESOMEPRAZOLO MAGNESIO TRIIDRATO	20	milligrammi	Capsula rigida gastroresistente	A02BC05	SANDOZ S.P.A.	Autorizzata	Procedura Mutuo riconoscimento o Decentrata	Medicinali soggetti a prescrizione medica
040199123	040199	ESOMEPRAZOLO SANDOZ	20 MG CAPSULE RIGIDE GASTRORESISTENTI- 100 CAPSULE RIGIDE GASTRORESISTENTI IN BLISTER AL/AL	ESOMEPRAZOLO MAGNESIO TRIIDRATO	ESOMEPRAZOLO MAGNESIO TRIIDRATO	20	milligrammi	Capsula rigida gastroresistente	A02BC05	SANDOZ S.P.A.	Autorizzata	Procedura Mutuo riconoscimento o Decentrata	Medicinali soggetti a prescrizione medica
040199135	040199	ESOMEPRAZOLO SANDOZ	20 MG CAPSULE RIGIDE GASTRORESISTENTI- 98 CAPSULE IN CONTENITORE HDPE	ESOMEPRAZOLO MAGNESIO TRIIDRATO	ESOMEPRAZOLO MAGNESIO TRIIDRATO	20	milligrammi	Capsula rigida gastroresistente	A02BC05	SANDOZ S.P.A.	Autorizzata	Procedura Mutuo riconoscimento o Decentrata	Medicinali soggetti a prescrizione medica
040199147	040199	ESOMEPRAZOLO SANDOZ	40 MG CAPSULE RIGIDE GASTRORESISTENTI- 7 CAPSULE RIGIDE GASTRORESISTENTI IN BLISTER AL/AL	ESOMEPRAZOLO MAGNESIO TRIIDRATO	ESOMEPRAZOLO MAGNESIO TRIIDRATO	40	milligrammi	Capsula rigida gastroresistente	A02BC05	SANDOZ S.P.A.	Autorizzata	Procedura Mutuo riconoscimento o Decentrata	Medicinali soggetti a prescrizione medica
040199150	040199	ESOMEPRAZOLO SANDOZ	40 MG CAPSULE RIGIDE GASTRORESISTENTI- 10 CAPSULE RIGIDE GASTRORESISTENTI IN BLISTER AL/AL	ESOMEPRAZOLO MAGNESIO TRIIDRATO	ESOMEPRAZOLO MAGNESIO TRIIDRATO	40	milligrammi	Capsula rigida gastroresistente	A02BC05	SANDOZ S.P.A.	Autorizzata	Procedura Mutuo riconoscimento o Decentrata	Medicinali soggetti a prescrizione medica
040199162	040199	ESOMEPRAZOLO SANDOZ	40 MG CAPSULE RIGIDE GASTRORESISTENTI- 14 CAPSULE RIGIDE GASTRORESISTENTI IN BLISTER AL/AL	ESOMEPRAZOLO MAGNESIO TRIIDRATO	ESOMEPRAZOLO MAGNESIO TRIIDRATO	40	milligrammi	Capsula rigida gastroresistente	A02BC05	SANDOZ S.P.A.	Autorizzata	Procedura Mutuo riconoscimento o Decentrata	Medicinali soggetti a prescrizione medica
040199174	040199	ESOMEPRAZOLO SANDOZ	40 MG CAPSULE RIGIDE GASTRORESISTENTI- 15 CAPSULE RIGIDE GASTRORESISTENTI IN BLISTER AL/AL	ESOMEPRAZOLO MAGNESIO TRIIDRATO	ESOMEPRAZOLO MAGNESIO TRIIDRATO	40	milligrammi	Capsula rigida gastroresistente	A02BC05	SANDOZ S.P.A.	Autorizzata	Procedura Mutuo riconoscimento o Decentrata	Medicinali soggetti a prescrizione medica
040199186	040199	ESOMEPRAZOLO SANDOZ	40 MG CAPSULE RIGIDE GASTRORESISTENTI- 28 CAPSULE RIGIDE GASTRORESISTENTI IN BLISTER AL/AL	ESOMEPRAZOLO MAGNESIO TRIIDRATO	ESOMEPRAZOLO MAGNESIO TRIIDRATO	40	milligrammi	Capsula rigida gastroresistente	A02BC05	SANDOZ S.P.A.	Autorizzata	Procedura Mutuo riconoscimento o Decentrata	Medicinali soggetti a prescrizione medica
040199198	040199	ESOMEPRAZOLO SANDOZ	40 MG CAPSULE RIGIDE GASTRORESISTENTI- 30 CAPSULE RIGIDE GASTRORESISTENTI IN BLISTER AL/AL	ESOMEPRAZOLO MAGNESIO TRIIDRATO	ESOMEPRAZOLO MAGNESIO TRIIDRATO	40	milligrammi	Capsula rigida gastroresistente	A02BC05	SANDOZ S.P.A.	Autorizzata	Procedura Mutuo riconoscimento o Decentrata	Medicinali soggetti a prescrizione medica
040199200	040199	ESOMEPRAZOLO SANDOZ	40 MG CAPSULE RIGIDE GASTRORESISTENTI- 50 CAPSULE RIGIDE GASTRORESISTENTI IN BLISTER AL/AL	ESOMEPRAZOLO MAGNESIO TRIIDRATO	ESOMEPRAZOLO MAGNESIO TRIIDRATO	40	milligrammi	Capsula rigida gastroresistente	A02BC05	SANDOZ S.P.A.	Autorizzata	Procedura Mutuo riconoscimento o Decentrata	Medicinali soggetti a prescrizione medica
040199212	040199	ESOMEPRAZOLO SANDOZ	40 MG CAPSULE RIGIDE GASTRORESISTENTI- 56 CAPSULE RIGIDE GASTRORESISTENTI IN BLISTER AL/AL	ESOMEPRAZOLO MAGNESIO TRIIDRATO	ESOMEPRAZOLO MAGNESIO TRIIDRATO	40	milligrammi	Capsula rigida gastroresistente	A02BC05	SANDOZ S.P.A.	Autorizzata	Procedura Mutuo riconoscimento o Decentrata	Medicinali soggetti a prescrizione medica
040199224	040199	ESOMEPRAZOLO SANDOZ	40 MG CAPSULE RIGIDE GASTRORESISTENTI- 60 CAPSULE RIGIDE GASTRORESISTENTI IN BLISTER AL/AL	ESOMEPRAZOLO MAGNESIO TRIIDRATO	ESOMEPRAZOLO MAGNESIO TRIIDRATO	40	milligrammi	Capsula rigida gastroresistente	A02BC05	SANDOZ S.P.A.	Autorizzata	Procedura Mutuo riconoscimento o Decentrata	Medicinali soggetti a prescrizione medica
040199236	040199	ESOMEPRAZOLO SANDOZ	40 MG CAPSULE RIGIDE GASTRORESISTENTI- 90 CAPSULE RIGIDE GASTRORESISTENTI IN BLISTER AL/AL	ESOMEPRAZOLO MAGNESIO TRIIDRATO	ESOMEPRAZOLO MAGNESIO TRIIDRATO	40	milligrammi	Capsula rigida gastroresistente	A02BC05	SANDOZ S.P.A.	Autorizzata	Procedura Mutuo riconoscimento o Decentrata	Medicinali soggetti a prescrizione medica
040199248	040199	ESOMEPRAZOLO SANDOZ	40 MG CAPSULE RIGIDE GASTRORESISTENTI- 98 CAPSULE RIGIDE GASTRORESISTENTI IN BLISTER AL/AL	ESOMEPRAZOLO MAGNESIO TRIIDRATO	ESOMEPRAZOLO MAGNESIO TRIIDRATO	40	milligrammi	Capsula rigida gastroresistente	A02BC05	SANDOZ S.P.A.	Autorizzata	Procedura Mutuo riconoscimento o Decentrata	Medicinali soggetti a prescrizione medica
040199251	040199	ESOMEPRAZOLO SANDOZ	40 MG CAPSULE RIGIDE GASTRORESISTENTI- 100 CAPSULE RIGIDE GASTRORESISTENTI IN BLISTER AL/AL	ESOMEPRAZOLO MAGNESIO TRIIDRATO	ESOMEPRAZOLO MAGNESIO TRIIDRATO	40	milligrammi	Capsula rigida gastroresistente	A02BC05	SANDOZ S.P.A.	Autorizzata	Procedura Mutuo riconoscimento o Decentrata	Medicinali soggetti a prescrizione medica
040199263	040199	ESOMEPRAZOLO SANDOZ	40 MG CAPSULE RIGIDE GASTRORESISTENTI- 98 CAPSULE IN CONTENITORE HDPE	ESOMEPRAZOLO MAGNESIO TRIIDRATO	ESOMEPRAZOLO MAGNESIO TRIIDRATO	40	milligrammi	Capsula rigida gastroresistente	A02BC05	SANDOZ S.P.A.	Autorizzata	Procedura Mutuo riconoscimento o Decentrata	Medicinali soggetti a prescrizione medica
040199275	040199	ESOMEPRAZOLO SANDOZ	20 MG CAPSULE RIGIDE GASTRORESISTENTI- 7 CAPSULE RIGIDE GASTRORESISTENTI IN BLISTER OPA/AL/PVC/AL	ESOMEPRAZOLO MAGNESIO TRIIDRATO	ESOMEPRAZOLO MAGNESIO TRIIDRATO	20	milligrammi	Capsula rigida gastroresistente	A02BC05	SANDOZ S.P.A.	Autorizzata	Procedura Mutuo riconoscimento o Decentrata	Medicinali soggetti a prescrizione medica
040199287	040199	ESOMEPRAZOLO SANDOZ	20 MG CAPSULE RIGIDE GASTRORESISTENTI- 10 CAPSULE RIGIDE GASTRORESISTENTI IN BLISTER OPA/AL/PVC/AL	ESOMEPRAZOLO MAGNESIO TRIIDRATO	ESOMEPRAZOLO MAGNESIO TRIIDRATO	20	milligrammi	Capsula rigida gastroresistente	A02BC05	SANDOZ S.P.A.	Autorizzata	Procedura Mutuo riconoscimento o Decentrata	Medicinali soggetti a prescrizione medica
040199299	040199	ESOMEPRAZOLO SANDOZ	20 MG CAPSULE RIGIDE GASTRORESISTENTI- 14 CAPSULE RIGIDE GASTRORESISTENTI IN BLISTER OPA/AL/PVC/AL	ESOMEPRAZOLO MAGNESIO TRIIDRATO	ESOMEPRAZOLO MAGNESIO TRIIDRATO	20	milligrammi	Capsula rigida gastroresistente	A02BC05	SANDOZ S.P.A.	Autorizzata	Procedura Mutuo riconoscimento o Decentrata	Medicinali soggetti a prescrizione medica
040199301	040199	ESOMEPRAZOLO SANDOZ	20 MG CAPSULE RIGIDE GASTRORESISTENTI- 15 CAPSULE RIGIDE GASTRORESISTENTI IN BLISTER OPA/AL/PVC/AL	ESOMEPRAZOLO MAGNESIO TRIIDRATO	ESOMEPRAZOLO MAGNESIO TRIIDRATO	20	milligrammi	Capsula rigida gastroresistente	A02BC05	SANDOZ S.P.A.	Autorizzata	Procedura Mutuo riconoscimento o Decentrata	Medicinali soggetti a prescrizione medica
040199313	040199	ESOMEPRAZOLO SANDOZ	20 MG CAPSULE RIGIDE GASTRORESISTENTI- 28 CAPSULE RIGIDE GASTRORESISTENTI IN BLISTER OPA/AL/PVC/AL	ESOMEPRAZOLO MAGNESIO TRIIDRATO	ESOMEPRAZOLO MAGNESIO TRIIDRATO	20	milligrammi	Capsula rigida gastroresistente	A02BC05	SANDOZ S.P.A.	Autorizzata	Procedura Mutuo riconoscimento o Decentrata	Medicinali soggetti a prescrizione medica
040199325	040199	ESOMEPRAZOLO SANDOZ	20 MG CAPSULE RIGIDE GASTRORESISTENTI- 30 CAPSULE RIGIDE GASTRORESISTENTI IN BLISTER OPA/AL/PVC/AL	ESOMEPRAZOLO MAGNESIO TRIIDRATO	ESOMEPRAZOLO MAGNESIO TRIIDRATO	20	milligrammi	Capsula rigida gastroresistente	A02BC05	SANDOZ S.P.A.	Autorizzata	Procedura Mutuo riconoscimento o Decentrata	Medicinali soggetti a prescrizione medica
040199337	040199	ESOMEPRAZOLO SANDOZ	20 MG CAPSULE RIGIDE GASTRORESISTENTI- 50 CAPSULE RIGIDE GASTRORESISTENTI IN BLISTER OPA/AL/PVC/AL	ESOMEPRAZOLO MAGNESIO TRIIDRATO	ESOMEPRAZOLO MAGNESIO TRIIDRATO	20	milligrammi	Capsula rigida gastroresistente	A02BC05	SANDOZ S.P.A.	Autorizzata	Procedura Mutuo riconoscimento o Decentrata	Medicinali soggetti a prescrizione medica
040199352	040199	ESOMEPRAZOLO SANDOZ	20 MG CAPSULE RIGIDE GASTRORESISTENTI- 56 CAPSULE RIGIDE GASTRORESISTENTI IN BLISTER OPA/AL/PVC/AL	ESOMEPRAZOLO MAGNESIO TRIIDRATO	ESOMEPRAZOLO MAGNESIO TRIIDRATO	20	milligrammi	Capsula rigida gastroresistente	A02BC05	SANDOZ S.P.A.	Autorizzata	Procedura Mutuo riconoscimento o Decentrata	Medicinali soggetti a prescrizione medica
040199364	040199	ESOMEPRAZOLO SANDOZ	20 MG CAPSULE RIGIDE GASTRORESISTENTI- 60 CAPSULE RIGIDE GASTRORESISTENTI IN BLISTER OPA/AL/PVC/AL	ESOMEPRAZOLO MAGNESIO TRIIDRATO	ESOMEPRAZOLO MAGNESIO TRIIDRATO	20	milligrammi	Capsula rigida gastroresistente	A02BC05	SANDOZ S.P.A.	Autorizzata	Procedura Mutuo riconoscimento o Decentrata	Medicinali soggetti a prescrizione medica
040199376	040199	ESOMEPRAZOLO SANDOZ	20 MG CAPSULE RIGIDE GASTRORESISTENTI- 90 CAPSULE RIGIDE GASTRORESISTENTI IN BLISTER OPA/AL/PVC/AL	ESOMEPRAZOLO MAGNESIO TRIIDRATO	ESOMEPRAZOLO MAGNESIO TRIIDRATO	20	milligrammi	Capsula rigida gastroresistente	A02BC05	SANDOZ S.P.A.	Autorizzata	Procedura Mutuo riconoscimento o Decentrata	Medicinali soggetti a prescrizione medica
040199388	040199	ESOMEPRAZOLO SANDOZ	20 MG CAPSULE RIGIDE GASTRORESISTENTI- 98 CAPSULE RIGIDE GASTRORESISTENTI IN BLISTER OPA/AL/PVC/AL	ESOMEPRAZOLO MAGNESIO TRIIDRATO	ESOMEPRAZOLO MAGNESIO TRIIDRATO	20	milligrammi	Capsula rigida gastroresistente	A02BC05	SANDOZ S.P.A.	Autorizzata	Procedura Mutuo riconoscimento o Decentrata	Medicinali soggetti a prescrizione medica
040199390	040199	ESOMEPRAZOLO SANDOZ	20 MG CAPSULE RIGIDE GASTRORESISTENTI- 100 CAPSULE RIGIDE GASTRORESISTENTI IN BLISTER OPA/AL/PVC/AL	ESOMEPRAZOLO MAGNESIO TRIIDRATO	ESOMEPRAZOLO MAGNESIO TRIIDRATO	20	milligrammi	Capsula rigida gastroresistente	A02BC05	SANDOZ S.P.A.	Autorizzata	Procedura Mutuo riconoscimento o Decentrata	Medicinali soggetti a prescrizione medica
040199402	040199	ESOMEPRAZOLO SANDOZ	40 MG CAPSULE RIGIDE GASTRORESISTENTI- 7 CAPSULE RIGIDE GASTRORESISTENTI IN BLISTER OPA/AL/PVC/AL	ESOMEPRAZOLO MAGNESIO TRIIDRATO	ESOMEPRAZOLO MAGNESIO TRIIDRATO	40	milligrammi	Capsula rigida gastroresistente	A02BC05	SANDOZ S.P.A.	Autorizzata	Procedura Mutuo riconoscimento o Decentrata	Medicinali soggetti a prescrizione medica
040199414	040199	ESOMEPRAZOLO SANDOZ	40 MG CAPSULE RIGIDE GASTRORESISTENTI- 10 CAPSULE RIGIDE GASTRORESISTENTI IN BLISTER OPA/AL/PVC/AL	ESOMEPRAZOLO MAGNESIO TRIIDRATO	ESOMEPRAZOLO MAGNESIO TRIIDRATO	40	milligrammi	Capsula rigida gastroresistente	A02BC05	SANDOZ S.P.A.	Autorizzata	Procedura Mutuo riconoscimento o Decentrata	Medicinali soggetti a prescrizione medica
040199426	040199	ESOMEPRAZOLO SANDOZ	40 MG CAPSULE RIGIDE GASTRORESISTENTI- 14 CAPSULE RIGIDE GASTRORESISTENTI IN BLISTER OPA/AL/PVC/AL	ESOMEPRAZOLO MAGNESIO TRIIDRATO	ESOMEPRAZOLO MAGNESIO TRIIDRATO	40	milligrammi	Capsula rigida gastroresistente	A02BC05	SANDOZ S.P.A.	Autorizzata	Procedura Mutuo riconoscimento o Decentrata	Medicinali soggetti a prescrizione medica
040199438	040199	ESOMEPRAZOLO SANDOZ	40 MG CAPSULE RIGIDE GASTRORESISTENTI- 15 CAPSULE RIGIDE GASTRORESISTENTI IN BLISTER OPA/AL/PVC/AL	ESOMEPRAZOLO MAGNESIO TRIIDRATO	ESOMEPRAZOLO MAGNESIO TRIIDRATO	40	milligrammi	Capsula rigida gastroresistente	A02BC05	SANDOZ S.P.A.	Autorizzata	Procedura Mutuo riconoscimento o Decentrata	Medicinali soggetti a prescrizione medica
040199440	040199	ESOMEPRAZOLO SANDOZ	40 MG CAPSULE RIGIDE GASTRORESISTENTI- 28 CAPSULE RIGIDE GASTRORESISTENTI IN BLISTER OPA/AL/PVC/AL	ESOMEPRAZOLO MAGNESIO TRIIDRATO	ESOMEPRAZOLO MAGNESIO TRIIDRATO	40	milligrammi	Capsula rigida gastroresistente	A02BC05	SANDOZ S.P.A.	Autorizzata	Procedura Mutuo riconoscimento o Decentrata	Medicinali soggetti a prescrizione medica
040199453	040199	ESOMEPRAZOLO SANDOZ	40 MG CAPSULE RIGIDE GASTRORESISTENTI- 30 CAPSULE RIGIDE GASTRORESISTENTI IN BLISTER OPA/AL/PVC/AL	ESOMEPRAZOLO MAGNESIO TRIIDRATO	ESOMEPRAZOLO MAGNESIO TRIIDRATO	40	milligrammi	Capsula rigida gastroresistente	A02BC05	SANDOZ S.P.A.	Autorizzata	Procedura Mutuo riconoscimento o Decentrata	Medicinali soggetti a prescrizione medica
040199465	040199	ESOMEPRAZOLO SANDOZ	40 MG CAPSULE RIGIDE GASTRORESISTENTI- 50 CAPSULE RIGIDE GASTRORESISTENTI IN BLISTER OPA/AL/PVC/AL	ESOMEPRAZOLO MAGNESIO TRIIDRATO	ESOMEPRAZOLO MAGNESIO TRIIDRATO	40	milligrammi	Capsula rigida gastroresistente	A02BC05	SANDOZ S.P.A.	Autorizzata	Procedura Mutuo riconoscimento o Decentrata	Medicinali soggetti a prescrizione medica
040199489	040199	ESOMEPRAZOLO SANDOZ	40 MG CAPSULE RIGIDE GASTRORESISTENTI- 56 CAPSULE RIGIDE GASTRORESISTENTI IN BLISTER OPA/AL/PVC/AL	ESOMEPRAZOLO MAGNESIO TRIIDRATO	ESOMEPRAZOLO MAGNESIO TRIIDRATO	40	milligrammi	Capsula rigida gastroresistente	A02BC05	SANDOZ S.P.A.	Autorizzata	Procedura Mutuo riconoscimento o Decentrata	Medicinali soggetti a prescrizione medica
040199491	040199	ESOMEPRAZOLO SANDOZ	40 MG CAPSULE RIGIDE GASTRORESISTENTI- 60 CAPSULE RIGIDE GASTRORESISTENTI IN BLISTER OPA/AL/PVC/AL	ESOMEPRAZOLO MAGNESIO TRIIDRATO	ESOMEPRAZOLO MAGNESIO TRIIDRATO	40	milligrammi	Capsula rigida gastroresistente	A02BC05	SANDOZ S.P.A.	Autorizzata	Procedura Mutuo riconoscimento o Decentrata	Medicinali soggetti a prescrizione medica
040199503	040199	ESOMEPRAZOLO SANDOZ	40 MG CAPSULE RIGIDE GASTRORESISTENTI- 90 CAPSULE RIGIDE GASTRORESISTENTI IN BLISTER OPA/AL/PVC/AL	ESOMEPRAZOLO MAGNESIO TRIIDRATO	ESOMEPRAZOLO MAGNESIO TRIIDRATO	40	milligrammi	Capsula rigida gastroresistente	A02BC05	SANDOZ S.P.A.	Autorizzata	Procedura Mutuo riconoscimento o Decentrata	Medicinali soggetti a prescrizione medica
040199515	040199	ESOMEPRAZOLO SANDOZ	40 MG CAPSULE RIGIDE GASTRORESISTENTI- 98 CAPSULE RIGIDE GASTRORESISTENTI IN BLISTER OPA/AL/PVC/AL	ESOMEPRAZOLO MAGNESIO TRIIDRATO	ESOMEPRAZOLO MAGNESIO TRIIDRATO	40	milligrammi	Capsula rigida gastroresistente	A02BC05	SANDOZ S.P.A.	Autorizzata	Procedura Mutuo riconoscimento o Decentrata	Medicinali soggetti a prescrizione medica
040199527	040199	ESOMEPRAZOLO SANDOZ	40 MG CAPSULE RIGIDE GASTRORESISTENTI- 100 CAPSULE RIGIDE GASTRORESISTENTI IN BLISTER OPA/AL/PVC/AL	ESOMEPRAZOLO MAGNESIO TRIIDRATO	ESOMEPRAZOLO MAGNESIO TRIIDRATO	40	milligrammi	Capsula rigida gastroresistente	A02BC05	SANDOZ S.P.A.	Autorizzata	Procedura Mutuo riconoscimento o Decentrata	Medicinali soggetti a prescrizione medica
040200014	040200	ARILIAR	20 MG CAPSULE RIGIDE  GASTRORESISTENTI - 28 CAPSULE IN FLACONE HDPE	ESOMEPRAZOLO MAGNESIO TRIIDRATO	ESOMEPRAZOLO MAGNESIO TRIIDRATO	20	milligrammi	Capsula rigida gastroresistente	A02BC05	S.F. GROUP S.R.L.	Autorizzata	Procedura Mutuo riconoscimento o Decentrata	Medicinali soggetti a prescrizione medica
040200026	040200	ARILIAR	20 MG CAPSULE RIGIDE GASTRORESISTENTI - 90 CAPSULE IN FLACONE HDPE	ESOMEPRAZOLO MAGNESIO TRIIDRATO	ESOMEPRAZOLO MAGNESIO TRIIDRATO	20	milligrammi	Capsula rigida gastroresistente	A02BC05	S.F. GROUP S.R.L.	Autorizzata	Procedura Mutuo riconoscimento o Decentrata	Medicinali soggetti a prescrizione medica
040200038	040200	ARILIAR	20 MG CAPSULE RIGIDE GASTRORESISTENTI- 14 CAPSULE IN BLISTER PA-AL/PVC/AL	ESOMEPRAZOLO MAGNESIO TRIIDRATO	ESOMEPRAZOLO MAGNESIO TRIIDRATO	20	milligrammi	Capsula rigida gastroresistente	A02BC05	S.F. GROUP S.R.L.	Autorizzata	Procedura Mutuo riconoscimento o Decentrata	Medicinali soggetti a prescrizione medica
040200040	040200	ARILIAR	20 MG CAPSULE RIGIDE GASTRORESISTENTI- 15 CAPSULE IN BLISTER PA-AL/PVC/AL	ESOMEPRAZOLO MAGNESIO TRIIDRATO	ESOMEPRAZOLO MAGNESIO TRIIDRATO	20	milligrammi	Capsula rigida gastroresistente	A02BC05	S.F. GROUP S.R.L.	Autorizzata	Procedura Mutuo riconoscimento o Decentrata	Medicinali soggetti a prescrizione medica
040200053	040200	ARILIAR	20 MG CAPSULE RIGIDE GASTRORESISTENTI  - 28 CAPSULE IN BLISTER PA-AL/PVC/AL	ESOMEPRAZOLO MAGNESIO TRIIDRATO	ESOMEPRAZOLO MAGNESIO TRIIDRATO	20	milligrammi	Capsula rigida gastroresistente	A02BC05	S.F. GROUP S.R.L.	Autorizzata	Procedura Mutuo riconoscimento o Decentrata	Medicinali soggetti a prescrizione medica
040200065	040200	ARILIAR	20 MG CAPSULE RIGIDE GASTRORESISTENTI - 30 CAPSULE IN BLISTER PA-AL/PVC/AL	ESOMEPRAZOLO MAGNESIO TRIIDRATO	ESOMEPRAZOLO MAGNESIO TRIIDRATO	20	milligrammi	Capsula rigida gastroresistente	A02BC05	S.F. GROUP S.R.L.	Autorizzata	Procedura Mutuo riconoscimento o Decentrata	Medicinali soggetti a prescrizione medica
040200077	040200	ARILIAR	20 MG CAPSULE RIGIDE GASTRORESISTENTI - 60 CAPSULE IN BLISTER PA-AL/PVC/AL	ESOMEPRAZOLO MAGNESIO TRIIDRATO	ESOMEPRAZOLO MAGNESIO TRIIDRATO	20	milligrammi	Capsula rigida gastroresistente	A02BC05	S.F. GROUP S.R.L.	Autorizzata	Procedura Mutuo riconoscimento o Decentrata	Medicinali soggetti a prescrizione medica
040200089	040200	ARILIAR	20 MG CAPSULE RIGIDE GASTRORESISTENTI - 90 CAPSULE IN BLISTER PA/AL/PVC/AL	ESOMEPRAZOLO MAGNESIO TRIIDRATO	ESOMEPRAZOLO MAGNESIO TRIIDRATO	20	milligrammi	Capsula rigida gastroresistente	A02BC05	S.F. GROUP S.R.L.	Autorizzata	Procedura Mutuo riconoscimento o Decentrata	Medicinali soggetti a prescrizione medica
040200091	040200	ARILIAR	40 MG CAPSULE RIGIDE GASTRORESISTENTI - 14 CAPSULE IN BLISTER PA/AL/PVC/AL	ESOMEPRAZOLO MAGNESIO TRIIDRATO	ESOMEPRAZOLO MAGNESIO TRIIDRATO	40	milligrammi	Capsula rigida gastroresistente	A02BC05	S.F. GROUP S.R.L.	Autorizzata	Procedura Mutuo riconoscimento o Decentrata	Medicinali soggetti a prescrizione medica
040200103	040200	ARILIAR	40 MG CAPSULE RIGIDE GASTRORESISTENTI - 15 CAPSULE IN BLISTER PA/AL/PVC/AL	ESOMEPRAZOLO MAGNESIO TRIIDRATO	ESOMEPRAZOLO MAGNESIO TRIIDRATO	40	milligrammi	Capsula rigida gastroresistente	A02BC05	S.F. GROUP S.R.L.	Autorizzata	Procedura Mutuo riconoscimento o Decentrata	Medicinali soggetti a prescrizione medica
040200115	040200	ARILIAR	40 MG CAPSULE RIGIDE GASTRORESISTENTI- 28 CAPSULE IN BLISTER PA/AL/PVC/AL	ESOMEPRAZOLO MAGNESIO TRIIDRATO	ESOMEPRAZOLO MAGNESIO TRIIDRATO	40	milligrammi	Capsula rigida gastroresistente	A02BC05	S.F. GROUP S.R.L.	Autorizzata	Procedura Mutuo riconoscimento o Decentrata	Medicinali soggetti a prescrizione medica
040200127	040200	ARILIAR	40 MG CAPSULE RIGIDE GASTRORESISTENTI - 30 CAPSULE IN BLISTER PA/AL/PVC/AL	ESOMEPRAZOLO MAGNESIO TRIIDRATO	ESOMEPRAZOLO MAGNESIO TRIIDRATO	40	milligrammi	Capsula rigida gastroresistente	A02BC05	S.F. GROUP S.R.L.	Autorizzata	Procedura Mutuo riconoscimento o Decentrata	Medicinali soggetti a prescrizione medica
040200139	040200	ARILIAR	40 MG CAPSULE RIGIDE GASTRORESISTENTI- 60 CAPSULE IN BLISTER PA/AL/PVC/AL	ESOMEPRAZOLO MAGNESIO TRIIDRATO	ESOMEPRAZOLO MAGNESIO TRIIDRATO	40	milligrammi	Capsula rigida gastroresistente	A02BC05	S.F. GROUP S.R.L.	Autorizzata	Procedura Mutuo riconoscimento o Decentrata	Medicinali soggetti a prescrizione medica
040200141	040200	ARILIAR	40 MG CAPSULE RIGIDE GASTRORESISTENTI- 90 CAPSULE IN BLISTER PA/AL/PVC/AL	ESOMEPRAZOLO MAGNESIO TRIIDRATO	ESOMEPRAZOLO MAGNESIO TRIIDRATO	40	milligrammi	Capsula rigida gastroresistente	A02BC05	S.F. GROUP S.R.L.	Autorizzata	Procedura Mutuo riconoscimento o Decentrata	Medicinali soggetti a prescrizione medica
040200154	040200	ARILIAR	40 MG CAPSULE RIGIDE GASTRORESISTENTI- 28 CAPSULE IN FLACONE HDPE	ESOMEPRAZOLO MAGNESIO TRIIDRATO	ESOMEPRAZOLO MAGNESIO TRIIDRATO	40	milligrammi	Capsula rigida gastroresistente	A02BC05	S.F. GROUP S.R.L.	Autorizzata	Procedura Mutuo riconoscimento o Decentrata	Medicinali soggetti a prescrizione medica
040200166	040200	ARILIAR	40 MG CAPSULE RIGIDE GASTRORESISTENTI - 90 CAPSULE IN FLACONE HDPE	ESOMEPRAZOLO MAGNESIO TRIIDRATO	ESOMEPRAZOLO MAGNESIO TRIIDRATO	40	milligrammi	Capsula rigida gastroresistente	A02BC05	S.F. GROUP S.R.L.	Autorizzata	Procedura Mutuo riconoscimento o Decentrata	Medicinali soggetti a prescrizione medica
040235018	040235	ESOMEPRAZOLO EG	20 MG CAPSULE RIGIDE GASTRORESISTENTI - 28 CAPSULE IN FLACONE HDPE	ESOMEPRAZOLO MAGNESIO TRIIDRATO	ESOMEPRAZOLO MAGNESIO TRIIDRATO	20	milligrammi	Capsula rigida gastroresistente	A02BC05	EG S.P.A.	Autorizzata	Procedura Mutuo riconoscimento o Decentrata	Medicinali soggetti a prescrizione medica
040235020	040235	ESOMEPRAZOLO EG	20 MG CAPSULE RIGIDE GASTRORESISTENTI - 30 CAPSULE IN FLACONE HDPE	ESOMEPRAZOLO MAGNESIO TRIIDRATO	ESOMEPRAZOLO MAGNESIO TRIIDRATO	20	milligrammi	Capsula rigida gastroresistente	A02BC05	EG S.P.A.	Autorizzata	Procedura Mutuo riconoscimento o Decentrata	Medicinali soggetti a prescrizione medica
040235032	040235	ESOMEPRAZOLO EG	20 MG CAPSULE RIGIDE GASTRORESISTENTI - 90 CAPSULE IN FLACONE HDPE	ESOMEPRAZOLO MAGNESIO TRIIDRATO	ESOMEPRAZOLO MAGNESIO TRIIDRATO	20	milligrammi	Capsula rigida gastroresistente	A02BC05	EG S.P.A.	Autorizzata	Procedura Mutuo riconoscimento o Decentrata	Medicinali soggetti a prescrizione medica
040235044	040235	ESOMEPRAZOLO EG	20 MG CAPSULE RIGIDE GASTRORESISTENTI - 98 CAPSULE IN FLACONE HDPE	ESOMEPRAZOLO MAGNESIO TRIIDRATO	ESOMEPRAZOLO MAGNESIO TRIIDRATO	20	milligrammi	Capsula rigida gastroresistente	A02BC05	EG S.P.A.	Autorizzata	Procedura Mutuo riconoscimento o Decentrata	Medicinali soggetti a prescrizione medica
040235057	040235	ESOMEPRAZOLO EG	20 MG CAPSULE RIGIDE GASTRORESISTENTI - 7 CAPSULE IN BLISTER PA-AL-PVC/AL	ESOMEPRAZOLO MAGNESIO TRIIDRATO	ESOMEPRAZOLO MAGNESIO TRIIDRATO	20	milligrammi	Capsula rigida gastroresistente	A02BC05	EG S.P.A.	Autorizzata	Procedura Mutuo riconoscimento o Decentrata	Medicinali soggetti a prescrizione medica
040235069	040235	ESOMEPRAZOLO EG	20 MG CAPSULE RIGIDE GASTRORESISTENTI - 14 CAPSULE IN BLISTER PA-AL-PVC/AL	ESOMEPRAZOLO MAGNESIO TRIIDRATO	ESOMEPRAZOLO MAGNESIO TRIIDRATO	20	milligrammi	Capsula rigida gastroresistente	A02BC05	EG S.P.A.	Autorizzata	Procedura Mutuo riconoscimento o Decentrata	Medicinali soggetti a prescrizione medica
040235071	040235	ESOMEPRAZOLO EG	20 MG CAPSULE RIGIDE GASTRORESISTENTI - 15 CAPSULE IN BLISTER PA-AL-PVC/AL	ESOMEPRAZOLO MAGNESIO TRIIDRATO	ESOMEPRAZOLO MAGNESIO TRIIDRATO	20	milligrammi	Capsula rigida gastroresistente	A02BC05	EG S.P.A.	Autorizzata	Procedura Mutuo riconoscimento o Decentrata	Medicinali soggetti a prescrizione medica
040235083	040235	ESOMEPRAZOLO EG	20 MG CAPSULE RIGIDE GASTRORESISTENTI - 28 CAPSULE IN BLISTER PA-AL-PVC/AL	ESOMEPRAZOLO MAGNESIO TRIIDRATO	ESOMEPRAZOLO MAGNESIO TRIIDRATO	20	milligrammi	Capsula rigida gastroresistente	A02BC05	EG S.P.A.	Autorizzata	Procedura Mutuo riconoscimento o Decentrata	Medicinali soggetti a prescrizione medica
040235095	040235	ESOMEPRAZOLO EG	20 MG CAPSULE RIGIDE GASTRORESISTENTI - 30 CAPSULE IN BLISTER PA-AL-PVC/AL	ESOMEPRAZOLO MAGNESIO TRIIDRATO	ESOMEPRAZOLO MAGNESIO TRIIDRATO	20	milligrammi	Capsula rigida gastroresistente	A02BC05	EG S.P.A.	Autorizzata	Procedura Mutuo riconoscimento o Decentrata	Medicinali soggetti a prescrizione medica
040235107	040235	ESOMEPRAZOLO EG	20 MG CAPSULE RIGIDE GASTRORESISTENTI - 50 CAPSULE IN BLISTER PA-AL-PVC/AL	ESOMEPRAZOLO MAGNESIO TRIIDRATO	ESOMEPRAZOLO MAGNESIO TRIIDRATO	20	milligrammi	Capsula rigida gastroresistente	A02BC05	EG S.P.A.	Autorizzata	Procedura Mutuo riconoscimento o Decentrata	Medicinali soggetti a prescrizione medica
040235119	040235	ESOMEPRAZOLO EG	20 MG CAPSULE RIGIDE GASTRORESISTENTI - 56 CAPSULE IN BLISTER PA-AL-PVC/AL	ESOMEPRAZOLO MAGNESIO TRIIDRATO	ESOMEPRAZOLO MAGNESIO TRIIDRATO	20	milligrammi	Capsula rigida gastroresistente	A02BC05	EG S.P.A.	Autorizzata	Procedura Mutuo riconoscimento o Decentrata	Medicinali soggetti a prescrizione medica
040235121	040235	ESOMEPRAZOLO EG	20 MG CAPSULE RIGIDE GASTRORESISTENTI - 60 CAPSULE IN BLISTER PA-AL-PVC/AL	ESOMEPRAZOLO MAGNESIO TRIIDRATO	ESOMEPRAZOLO MAGNESIO TRIIDRATO	20	milligrammi	Capsula rigida gastroresistente	A02BC05	EG S.P.A.	Autorizzata	Procedura Mutuo riconoscimento o Decentrata	Medicinali soggetti a prescrizione medica
040235133	040235	ESOMEPRAZOLO EG	20 MG CAPSULE RIGIDE GASTRORESISTENTI - 90 CAPSULE IN BLISTER PA-AL-PVC/AL	ESOMEPRAZOLO MAGNESIO TRIIDRATO	ESOMEPRAZOLO MAGNESIO TRIIDRATO	20	milligrammi	Capsula rigida gastroresistente	A02BC05	EG S.P.A.	Autorizzata	Procedura Mutuo riconoscimento o Decentrata	Medicinali soggetti a prescrizione medica
040235145	040235	ESOMEPRAZOLO EG	20 MG CAPSULE RIGIDE GASTRORESISTENTI - 98 CAPSULE IN BLISTER PA-AL-PVC/AL	ESOMEPRAZOLO MAGNESIO TRIIDRATO	ESOMEPRAZOLO MAGNESIO TRIIDRATO	20	milligrammi	Capsula rigida gastroresistente	A02BC05	EG S.P.A.	Autorizzata	Procedura Mutuo riconoscimento o Decentrata	Medicinali soggetti a prescrizione medica
040235158	040235	ESOMEPRAZOLO EG	20 MG CAPSULE RIGIDE GASTRORESISTENTI - 100 CAPSULE IN BLISTER PA-AL-PVC/AL	ESOMEPRAZOLO MAGNESIO TRIIDRATO	ESOMEPRAZOLO MAGNESIO TRIIDRATO	20	milligrammi	Capsula rigida gastroresistente	A02BC05	EG S.P.A.	Autorizzata	Procedura Mutuo riconoscimento o Decentrata	Medicinali soggetti a prescrizione medica
040235160	040235	ESOMEPRAZOLO EG	40 MG CAPSULE RIGIDE GASTRORESISTENTI - 7 CAPSULE IN BLISTER PA-AL-PVC/AL	ESOMEPRAZOLO MAGNESIO TRIIDRATO	ESOMEPRAZOLO MAGNESIO TRIIDRATO	40	milligrammi	Capsula rigida gastroresistente	A02BC05	EG S.P.A.	Autorizzata	Procedura Mutuo riconoscimento o Decentrata	Medicinali soggetti a prescrizione medica
040235172	040235	ESOMEPRAZOLO EG	40 MG CAPSULE RIGIDE GASTRORESISTENTI - 14 CAPSULE IN BLISTER PA-AL-PVC/AL	ESOMEPRAZOLO MAGNESIO TRIIDRATO	ESOMEPRAZOLO MAGNESIO TRIIDRATO	40	milligrammi	Capsula rigida gastroresistente	A02BC05	EG S.P.A.	Autorizzata	Procedura Mutuo riconoscimento o Decentrata	Medicinali soggetti a prescrizione medica
040235184	040235	ESOMEPRAZOLO EG	40 MG CAPSULE RIGIDE GASTRORESISTENTI - 15 CAPSULE IN BLISTER PA-AL-PVC/AL	ESOMEPRAZOLO MAGNESIO TRIIDRATO	ESOMEPRAZOLO MAGNESIO TRIIDRATO	40	milligrammi	Capsula rigida gastroresistente	A02BC05	EG S.P.A.	Autorizzata	Procedura Mutuo riconoscimento o Decentrata	Medicinali soggetti a prescrizione medica
040235196	040235	ESOMEPRAZOLO EG	40 MG CAPSULE RIGIDE GASTRORESISTENTI - 28 CAPSULE IN BLISTER PA-AL-PVC/AL	ESOMEPRAZOLO MAGNESIO TRIIDRATO	ESOMEPRAZOLO MAGNESIO TRIIDRATO	40	milligrammi	Capsula rigida gastroresistente	A02BC05	EG S.P.A.	Autorizzata	Procedura Mutuo riconoscimento o Decentrata	Medicinali soggetti a prescrizione medica
040235208	040235	ESOMEPRAZOLO EG	40 MG CAPSULE RIGIDE GASTRORESISTENTI - 30 CAPSULE IN BLISTER PA-AL-PVC/AL	ESOMEPRAZOLO MAGNESIO TRIIDRATO	ESOMEPRAZOLO MAGNESIO TRIIDRATO	40	milligrammi	Capsula rigida gastroresistente	A02BC05	EG S.P.A.	Autorizzata	Procedura Mutuo riconoscimento o Decentrata	Medicinali soggetti a prescrizione medica
040235210	040235	ESOMEPRAZOLO EG	40 MG CAPSULE RIGIDE GASTRORESISTENTI - 50 CAPSULE IN BLISTER PA-AL-PVC/AL	ESOMEPRAZOLO MAGNESIO TRIIDRATO	ESOMEPRAZOLO MAGNESIO TRIIDRATO	40	milligrammi	Capsula rigida gastroresistente	A02BC05	EG S.P.A.	Autorizzata	Procedura Mutuo riconoscimento o Decentrata	Medicinali soggetti a prescrizione medica
040235222	040235	ESOMEPRAZOLO EG	40 MG CAPSULE RIGIDE GASTRORESISTENTI - 56 CAPSULE IN BLISTER PA-AL-PVC/AL	ESOMEPRAZOLO MAGNESIO TRIIDRATO	ESOMEPRAZOLO MAGNESIO TRIIDRATO	40	milligrammi	Capsula rigida gastroresistente	A02BC05	EG S.P.A.	Autorizzata	Procedura Mutuo riconoscimento o Decentrata	Medicinali soggetti a prescrizione medica
040235234	040235	ESOMEPRAZOLO EG	40 MG CAPSULE RIGIDE GASTRORESISTENTI - 60 CAPSULE IN BLISTER PA-AL-PVC/AL	ESOMEPRAZOLO MAGNESIO TRIIDRATO	ESOMEPRAZOLO MAGNESIO TRIIDRATO	40	milligrammi	Capsula rigida gastroresistente	A02BC05	EG S.P.A.	Autorizzata	Procedura Mutuo riconoscimento o Decentrata	Medicinali soggetti a prescrizione medica
040235246	040235	ESOMEPRAZOLO EG	40 MG CAPSULE RIGIDE GASTRORESISTENTI - 90 CAPSULE IN BLISTER PA-AL-PVC/AL	ESOMEPRAZOLO MAGNESIO TRIIDRATO	ESOMEPRAZOLO MAGNESIO TRIIDRATO	40	milligrammi	Capsula rigida gastroresistente	A02BC05	EG S.P.A.	Autorizzata	Procedura Mutuo riconoscimento o Decentrata	Medicinali soggetti a prescrizione medica
040235259	040235	ESOMEPRAZOLO EG	40 MG CAPSULE RIGIDE GASTRORESISTENTI - 98 CAPSULE IN BLISTER PA-AL-PVC/AL	ESOMEPRAZOLO MAGNESIO TRIIDRATO	ESOMEPRAZOLO MAGNESIO TRIIDRATO	40	milligrammi	Capsula rigida gastroresistente	A02BC05	EG S.P.A.	Autorizzata	Procedura Mutuo riconoscimento o Decentrata	Medicinali soggetti a prescrizione medica
040235261	040235	ESOMEPRAZOLO EG	40 MG CAPSULE RIGIDE GASTRORESISTENTI - 100 CAPSULE IN BLISTER PA-AL-PVC/AL	ESOMEPRAZOLO MAGNESIO TRIIDRATO	ESOMEPRAZOLO MAGNESIO TRIIDRATO	40	milligrammi	Capsula rigida gastroresistente	A02BC05	EG S.P.A.	Autorizzata	Procedura Mutuo riconoscimento o Decentrata	Medicinali soggetti a prescrizione medica
040235273	040235	ESOMEPRAZOLO EG	40 MG CAPSULE RIGIDE GASTRORESISTENTI - 28 CAPSULE IN FLACONE HDPE	ESOMEPRAZOLO MAGNESIO TRIIDRATO	ESOMEPRAZOLO MAGNESIO TRIIDRATO	40	milligrammi	Capsula rigida gastroresistente	A02BC05	EG S.P.A.	Autorizzata	Procedura Mutuo riconoscimento o Decentrata	Medicinali soggetti a prescrizione medica
040235285	040235	ESOMEPRAZOLO EG	40 MG CAPSULE RIGIDE GASTRORESISTENTI - 30 CAPSULE IN FLACONE HDPE	ESOMEPRAZOLO MAGNESIO TRIIDRATO	ESOMEPRAZOLO MAGNESIO TRIIDRATO	40	milligrammi	Capsula rigida gastroresistente	A02BC05	EG S.P.A.	Autorizzata	Procedura Mutuo riconoscimento o Decentrata	Medicinali soggetti a prescrizione medica
040235297	040235	ESOMEPRAZOLO EG	40 MG CAPSULE RIGIDE GASTRORESISTENTI - 90 CAPSULE IN FLACONE HDPE	ESOMEPRAZOLO MAGNESIO TRIIDRATO	ESOMEPRAZOLO MAGNESIO TRIIDRATO	40	milligrammi	Capsula rigida gastroresistente	A02BC05	EG S.P.A.	Autorizzata	Procedura Mutuo riconoscimento o Decentrata	Medicinali soggetti a prescrizione medica
040235309	040235	ESOMEPRAZOLO EG	40 MG CAPSULE RIGIDE GASTRORESISTENTI - 98 CAPSULE IN FLACONE HDPE	ESOMEPRAZOLO MAGNESIO TRIIDRATO	ESOMEPRAZOLO MAGNESIO TRIIDRATO	40	milligrammi	Capsula rigida gastroresistente	A02BC05	EG S.P.A.	Autorizzata	Procedura Mutuo riconoscimento o Decentrata	Medicinali soggetti a prescrizione medica
040562011	040562	ESOMEPRAZOLO ZENTIVA	20 MG CAPSULE RIGIDE GASTRORESISTENTI- 3 CAPSULE IN BLISTER PA-AL-PVC/AL	ESOMEPRAZOLO MAGNESIO TRIIDRATO	ESOMEPRAZOLO MAGNESIO TRIIDRATO	20	milligrammi	Capsula rigida gastroresistente	A02BC05	ZENTIVA ITALIA S.R.L.	Autorizzata	Procedura Mutuo riconoscimento o Decentrata	Medicinali soggetti a prescrizione medica
040562023	040562	ESOMEPRAZOLO ZENTIVA	20 MG CAPSULE RIGIDE GASTRORESISTENTI- 7 CAPSULE IN BLISTER PA-AL-PVC/AL	ESOMEPRAZOLO MAGNESIO TRIIDRATO	ESOMEPRAZOLO MAGNESIO TRIIDRATO	20	milligrammi	Capsula rigida gastroresistente	A02BC05	ZENTIVA ITALIA S.R.L.	Autorizzata	Procedura Mutuo riconoscimento o Decentrata	Medicinali soggetti a prescrizione medica
040562035	040562	ESOMEPRAZOLO ZENTIVA	20 MG CAPSULE RIGIDE GASTRORESISTENTI- 14 CAPSULE IN BLISTER PA-AL-PVC/AL	ESOMEPRAZOLO MAGNESIO TRIIDRATO	ESOMEPRAZOLO MAGNESIO TRIIDRATO	20	milligrammi	Capsula rigida gastroresistente	A02BC05	ZENTIVA ITALIA S.R.L.	Autorizzata	Procedura Mutuo riconoscimento o Decentrata	Medicinali soggetti a prescrizione medica
040562047	040562	ESOMEPRAZOLO ZENTIVA	20 MG CAPSULE RIGIDE GASTRORESISTENTI- 15 CAPSULE IN BLISTER PA-AL-PVC/AL	ESOMEPRAZOLO MAGNESIO TRIIDRATO	ESOMEPRAZOLO MAGNESIO TRIIDRATO	20	milligrammi	Capsula rigida gastroresistente	A02BC05	ZENTIVA ITALIA S.R.L.	Autorizzata	Procedura Mutuo riconoscimento o Decentrata	Medicinali soggetti a prescrizione medica
040562050	040562	ESOMEPRAZOLO ZENTIVA	20 MG CAPSULE RIGIDE GASTRORESISTENTI- 25 CAPSULE IN BLISTER PA-AL-PVC/AL	ESOMEPRAZOLO MAGNESIO TRIIDRATO	ESOMEPRAZOLO MAGNESIO TRIIDRATO	20	milligrammi	Capsula rigida gastroresistente	A02BC05	ZENTIVA ITALIA S.R.L.	Autorizzata	Procedura Mutuo riconoscimento o Decentrata	Medicinali soggetti a prescrizione medica
040562062	040562	ESOMEPRAZOLO ZENTIVA	20 MG CAPSULE RIGIDE GASTRORESISTENTI- 28 CAPSULE IN BLISTER PA-AL-PVC/AL	ESOMEPRAZOLO MAGNESIO TRIIDRATO	ESOMEPRAZOLO MAGNESIO TRIIDRATO	20	milligrammi	Capsula rigida gastroresistente	A02BC05	ZENTIVA ITALIA S.R.L.	Autorizzata	Procedura Mutuo riconoscimento o Decentrata	Medicinali soggetti a prescrizione medica
040562074	040562	ESOMEPRAZOLO ZENTIVA	20 MG CAPSULE RIGIDE GASTRORESISTENTI- 30 CAPSULE IN BLISTER PA-AL-PVC/AL	ESOMEPRAZOLO MAGNESIO TRIIDRATO	ESOMEPRAZOLO MAGNESIO TRIIDRATO	20	milligrammi	Capsula rigida gastroresistente	A02BC05	ZENTIVA ITALIA S.R.L.	Autorizzata	Procedura Mutuo riconoscimento o Decentrata	Medicinali soggetti a prescrizione medica
040562086	040562	ESOMEPRAZOLO ZENTIVA	20 MG CAPSULE RIGIDE GASTRORESISTENTI- 50 CAPSULE IN BLISTER PA-AL-PVC/AL	ESOMEPRAZOLO MAGNESIO TRIIDRATO	ESOMEPRAZOLO MAGNESIO TRIIDRATO	20	milligrammi	Capsula rigida gastroresistente	A02BC05	ZENTIVA ITALIA S.R.L.	Autorizzata	Procedura Mutuo riconoscimento o Decentrata	Medicinali soggetti a prescrizione medica
040562098	040562	ESOMEPRAZOLO ZENTIVA	20 MG CAPSULE RIGIDE GASTRORESISTENTI- 56 CAPSULE IN BLISTER PA-AL-PVC/AL	ESOMEPRAZOLO MAGNESIO TRIIDRATO	ESOMEPRAZOLO MAGNESIO TRIIDRATO	20	milligrammi	Capsula rigida gastroresistente	A02BC05	ZENTIVA ITALIA S.R.L.	Autorizzata	Procedura Mutuo riconoscimento o Decentrata	Medicinali soggetti a prescrizione medica
040562100	040562	ESOMEPRAZOLO ZENTIVA	20 MG CAPSULE RIGIDE GASTRORESISTENTI- 60 CAPSULE IN BLISTER PA-AL-PVC/AL	ESOMEPRAZOLO MAGNESIO TRIIDRATO	ESOMEPRAZOLO MAGNESIO TRIIDRATO	20	milligrammi	Capsula rigida gastroresistente	A02BC05	ZENTIVA ITALIA S.R.L.	Autorizzata	Procedura Mutuo riconoscimento o Decentrata	Medicinali soggetti a prescrizione medica
040562112	040562	ESOMEPRAZOLO ZENTIVA	20 MG CAPSULE RIGIDE GASTRORESISTENTI- 90 CAPSULE IN BLISTER PA-AL-PVC/AL	ESOMEPRAZOLO MAGNESIO TRIIDRATO	ESOMEPRAZOLO MAGNESIO TRIIDRATO	20	milligrammi	Capsula rigida gastroresistente	A02BC05	ZENTIVA ITALIA S.R.L.	Autorizzata	Procedura Mutuo riconoscimento o Decentrata	Medicinali soggetti a prescrizione medica
040562124	040562	ESOMEPRAZOLO ZENTIVA	20 MG CAPSULE RIGIDE GASTRORESISTENTI- 98 CAPSULE IN BLISTER PA-AL-PVC/AL	ESOMEPRAZOLO MAGNESIO TRIIDRATO	ESOMEPRAZOLO MAGNESIO TRIIDRATO	20	milligrammi	Capsula rigida gastroresistente	A02BC05	ZENTIVA ITALIA S.R.L.	Autorizzata	Procedura Mutuo riconoscimento o Decentrata	Medicinali soggetti a prescrizione medica
040562136	040562	ESOMEPRAZOLO ZENTIVA	20 MG CAPSULE RIGIDE GASTRORESISTENTI- 100 CAPSULE IN BLISTER PA-AL-PVC/AL	ESOMEPRAZOLO MAGNESIO TRIIDRATO	ESOMEPRAZOLO MAGNESIO TRIIDRATO	20	milligrammi	Capsula rigida gastroresistente	A02BC05	ZENTIVA ITALIA S.R.L.	Autorizzata	Procedura Mutuo riconoscimento o Decentrata	Medicinali soggetti a prescrizione medica
040562148	040562	ESOMEPRAZOLO ZENTIVA	20 MG CAPSULE RIGIDE GASTRORESISTENTI- 140 CAPSULE IN BLISTER PA-AL-PVC/AL	ESOMEPRAZOLO MAGNESIO TRIIDRATO	ESOMEPRAZOLO MAGNESIO TRIIDRATO	20	milligrammi	Capsula rigida gastroresistente	A02BC05	ZENTIVA ITALIA S.R.L.	Autorizzata	Procedura Mutuo riconoscimento o Decentrata	Medicinali soggetti a prescrizione medica
040562151	040562	ESOMEPRAZOLO ZENTIVA	20 MG CAPSULE RIGIDE GASTRORESISTENTI- 28 CAPSULE IN FLACONE HDPE	ESOMEPRAZOLO MAGNESIO TRIIDRATO	ESOMEPRAZOLO MAGNESIO TRIIDRATO	20	milligrammi	Capsula rigida gastroresistente	A02BC05	ZENTIVA ITALIA S.R.L.	Autorizzata	Procedura Mutuo riconoscimento o Decentrata	Medicinali soggetti a prescrizione medica
040562163	040562	ESOMEPRAZOLO ZENTIVA	20 MG CAPSULE RIGIDE GASTRORESISTENTI- 30 CAPSULE IN FLACONE HDPE	ESOMEPRAZOLO MAGNESIO TRIIDRATO	ESOMEPRAZOLO MAGNESIO TRIIDRATO	20	milligrammi	Capsula rigida gastroresistente	A02BC05	ZENTIVA ITALIA S.R.L.	Autorizzata	Procedura Mutuo riconoscimento o Decentrata	Medicinali soggetti a prescrizione medica
040562175	040562	ESOMEPRAZOLO ZENTIVA	20 MG CAPSULE RIGIDE GASTRORESISTENTI- 90 CAPSULE IN FLACONE HDPE	ESOMEPRAZOLO MAGNESIO TRIIDRATO	ESOMEPRAZOLO MAGNESIO TRIIDRATO	20	milligrammi	Capsula rigida gastroresistente	A02BC05	ZENTIVA ITALIA S.R.L.	Autorizzata	Procedura Mutuo riconoscimento o Decentrata	Medicinali soggetti a prescrizione medica
040562187	040562	ESOMEPRAZOLO ZENTIVA	20 MG CAPSULE RIGIDE GASTRORESISTENTI- 98 CAPSULE IN FLACONE HDPE	ESOMEPRAZOLO MAGNESIO TRIIDRATO	ESOMEPRAZOLO MAGNESIO TRIIDRATO	20	milligrammi	Capsula rigida gastroresistente	A02BC05	ZENTIVA ITALIA S.R.L.	Autorizzata	Procedura Mutuo riconoscimento o Decentrata	Medicinali soggetti a prescrizione medica
040562199	040562	ESOMEPRAZOLO ZENTIVA	40 MG CAPSULE RIGIDE GASTRORESISTENTI- 3 CAPSULE IN BLISTER PA-AL-PVC/AL	ESOMEPRAZOLO MAGNESIO TRIIDRATO	ESOMEPRAZOLO MAGNESIO TRIIDRATO	40	milligrammi	Capsula rigida gastroresistente	A02BC05	ZENTIVA ITALIA S.R.L.	Autorizzata	Procedura Mutuo riconoscimento o Decentrata	Medicinali soggetti a prescrizione medica
040562201	040562	ESOMEPRAZOLO ZENTIVA	40 MG CAPSULE RIGIDE GASTRORESISTENTI- 7 CAPSULE IN BLISTER PA-AL-PVC/AL	ESOMEPRAZOLO MAGNESIO TRIIDRATO	ESOMEPRAZOLO MAGNESIO TRIIDRATO	40	milligrammi	Capsula rigida gastroresistente	A02BC05	ZENTIVA ITALIA S.R.L.	Autorizzata	Procedura Mutuo riconoscimento o Decentrata	Medicinali soggetti a prescrizione medica
040562213	040562	ESOMEPRAZOLO ZENTIVA	40 MG CAPSULE RIGIDE GASTRORESISTENTI- 14 CAPSULE IN BLISTER PA-AL-PVC/AL	ESOMEPRAZOLO MAGNESIO TRIIDRATO	ESOMEPRAZOLO MAGNESIO TRIIDRATO	40	milligrammi	Capsula rigida gastroresistente	A02BC05	ZENTIVA ITALIA S.R.L.	Autorizzata	Procedura Mutuo riconoscimento o Decentrata	Medicinali soggetti a prescrizione medica
040562225	040562	ESOMEPRAZOLO ZENTIVA	40 MG CAPSULE RIGIDE GASTRORESISTENTI- 15 CAPSULE IN BLISTER PA-AL-PVC/AL	ESOMEPRAZOLO MAGNESIO TRIIDRATO	ESOMEPRAZOLO MAGNESIO TRIIDRATO	40	milligrammi	Capsula rigida gastroresistente	A02BC05	ZENTIVA ITALIA S.R.L.	Autorizzata	Procedura Mutuo riconoscimento o Decentrata	Medicinali soggetti a prescrizione medica
040562237	040562	ESOMEPRAZOLO ZENTIVA	40 MG CAPSULE RIGIDE GASTRORESISTENTI- 25 CAPSULE IN BLISTER PA-AL-PVC/AL	ESOMEPRAZOLO MAGNESIO TRIIDRATO	ESOMEPRAZOLO MAGNESIO TRIIDRATO	40	milligrammi	Capsula rigida gastroresistente	A02BC05	ZENTIVA ITALIA S.R.L.	Autorizzata	Procedura Mutuo riconoscimento o Decentrata	Medicinali soggetti a prescrizione medica
040562249	040562	ESOMEPRAZOLO ZENTIVA	40 MG CAPSULE RIGIDE GASTRORESISTENTI- 28 CAPSULE IN BLISTER PA-AL-PVC/AL	ESOMEPRAZOLO MAGNESIO TRIIDRATO	ESOMEPRAZOLO MAGNESIO TRIIDRATO	40	milligrammi	Capsula rigida gastroresistente	A02BC05	ZENTIVA ITALIA S.R.L.	Autorizzata	Procedura Mutuo riconoscimento o Decentrata	Medicinali soggetti a prescrizione medica
040562252	040562	ESOMEPRAZOLO ZENTIVA	40 MG CAPSULE RIGIDE GASTRORESISTENTI- 30 CAPSULE IN BLISTER PA-AL-PVC/AL	ESOMEPRAZOLO MAGNESIO TRIIDRATO	ESOMEPRAZOLO MAGNESIO TRIIDRATO	40	milligrammi	Capsula rigida gastroresistente	A02BC05	ZENTIVA ITALIA S.R.L.	Autorizzata	Procedura Mutuo riconoscimento o Decentrata	Medicinali soggetti a prescrizione medica
040562264	040562	ESOMEPRAZOLO ZENTIVA	40 MG CAPSULE RIGIDE GASTRORESISTENTI- 50 CAPSULE IN BLISTER PA-AL-PVC/AL	ESOMEPRAZOLO MAGNESIO TRIIDRATO	ESOMEPRAZOLO MAGNESIO TRIIDRATO	40	milligrammi	Capsula rigida gastroresistente	A02BC05	ZENTIVA ITALIA S.R.L.	Autorizzata	Procedura Mutuo riconoscimento o Decentrata	Medicinali soggetti a prescrizione medica
040562276	040562	ESOMEPRAZOLO ZENTIVA	40 MG CAPSULE RIGIDE GASTRORESISTENTI- 56 CAPSULE IN BLISTER PA-AL-PVC/AL	ESOMEPRAZOLO MAGNESIO TRIIDRATO	ESOMEPRAZOLO MAGNESIO TRIIDRATO	40	milligrammi	Capsula rigida gastroresistente	A02BC05	ZENTIVA ITALIA S.R.L.	Autorizzata	Procedura Mutuo riconoscimento o Decentrata	Medicinali soggetti a prescrizione medica
040562288	040562	ESOMEPRAZOLO ZENTIVA	40 MG CAPSULE RIGIDE GASTRORESISTENTI- 60 CAPSULE IN BLISTER PA-AL-PVC/AL	ESOMEPRAZOLO MAGNESIO TRIIDRATO	ESOMEPRAZOLO MAGNESIO TRIIDRATO	40	milligrammi	Capsula rigida gastroresistente	A02BC05	ZENTIVA ITALIA S.R.L.	Autorizzata	Procedura Mutuo riconoscimento o Decentrata	Medicinali soggetti a prescrizione medica
040562290	040562	ESOMEPRAZOLO ZENTIVA	40 MG CAPSULE RIGIDE GASTRORESISTENTI- 90 CAPSULE IN BLISTER PA-AL-PVC/AL	ESOMEPRAZOLO MAGNESIO TRIIDRATO	ESOMEPRAZOLO MAGNESIO TRIIDRATO	40	milligrammi	Capsula rigida gastroresistente	A02BC05	ZENTIVA ITALIA S.R.L.	Autorizzata	Procedura Mutuo riconoscimento o Decentrata	Medicinali soggetti a prescrizione medica
040562302	040562	ESOMEPRAZOLO ZENTIVA	40 MG CAPSULE RIGIDE GASTRORESISTENTI- 98 CAPSULE IN BLISTER PA-AL-PVC/AL	ESOMEPRAZOLO MAGNESIO TRIIDRATO	ESOMEPRAZOLO MAGNESIO TRIIDRATO	40	milligrammi	Capsula rigida gastroresistente	A02BC05	ZENTIVA ITALIA S.R.L.	Autorizzata	Procedura Mutuo riconoscimento o Decentrata	Medicinali soggetti a prescrizione medica
040562314	040562	ESOMEPRAZOLO ZENTIVA	40 MG CAPSULE RIGIDE GASTRORESISTENTI- 100 CAPSULE IN BLISTER PA-AL-PVC/AL	ESOMEPRAZOLO MAGNESIO TRIIDRATO	ESOMEPRAZOLO MAGNESIO TRIIDRATO	40	milligrammi	Capsula rigida gastroresistente	A02BC05	ZENTIVA ITALIA S.R.L.	Autorizzata	Procedura Mutuo riconoscimento o Decentrata	Medicinali soggetti a prescrizione medica
040562326	040562	ESOMEPRAZOLO ZENTIVA	40 MG CAPSULE RIGIDE GASTRORESISTENTI- 140 CAPSULE IN BLISTER PA-AL-PVC/AL	ESOMEPRAZOLO MAGNESIO TRIIDRATO	ESOMEPRAZOLO MAGNESIO TRIIDRATO	40	milligrammi	Capsula rigida gastroresistente	A02BC05	ZENTIVA ITALIA S.R.L.	Autorizzata	Procedura Mutuo riconoscimento o Decentrata	Medicinali soggetti a prescrizione medica
040562338	040562	ESOMEPRAZOLO ZENTIVA	40 MG CAPSULE RIGIDE GASTRORESISTENTI- 28 CAPSULE IN FLACONE HDPE	ESOMEPRAZOLO MAGNESIO TRIIDRATO	ESOMEPRAZOLO MAGNESIO TRIIDRATO	40	milligrammi	Capsula rigida gastroresistente	A02BC05	ZENTIVA ITALIA S.R.L.	Autorizzata	Procedura Mutuo riconoscimento o Decentrata	Medicinali soggetti a prescrizione medica
040562340	040562	ESOMEPRAZOLO ZENTIVA	40 MG CAPSULE RIGIDE GASTRORESISTENTI- 30 CAPSULE IN FLACONE HDPE	ESOMEPRAZOLO MAGNESIO TRIIDRATO	ESOMEPRAZOLO MAGNESIO TRIIDRATO	40	milligrammi	Capsula rigida gastroresistente	A02BC05	ZENTIVA ITALIA S.R.L.	Autorizzata	Procedura Mutuo riconoscimento o Decentrata	Medicinali soggetti a prescrizione medica
040562353	040562	ESOMEPRAZOLO ZENTIVA	40 MG CAPSULE RIGIDE GASTRORESISTENTI- 90 CAPSULE IN FLACONE HDPE	ESOMEPRAZOLO MAGNESIO TRIIDRATO	ESOMEPRAZOLO MAGNESIO TRIIDRATO	40	milligrammi	Capsula rigida gastroresistente	A02BC05	ZENTIVA ITALIA S.R.L.	Autorizzata	Procedura Mutuo riconoscimento o Decentrata	Medicinali soggetti a prescrizione medica
040562365	040562	ESOMEPRAZOLO ZENTIVA	40 MG CAPSULE RIGIDE GASTRORESISTENTI- 98 CAPSULE IN FLACONE HDPE	ESOMEPRAZOLO MAGNESIO TRIIDRATO	ESOMEPRAZOLO MAGNESIO TRIIDRATO	40	milligrammi	Capsula rigida gastroresistente	A02BC05	ZENTIVA ITALIA S.R.L.	Autorizzata	Procedura Mutuo riconoscimento o Decentrata	Medicinali soggetti a prescrizione medica
040837015	040837	ESOMEPRAZOLO DOC	20 MG COMPRESSE GASTRORESISTENTI - 14 COMPRESSE IN BLISTER OPA/AL/PE/HDPE/AL	ESOMEPRAZOLO MAGNESIO TRIIDRATO	ESOMEPRAZOLO MAGNESIO TRIIDRATO	20	milligrammi	Compressa gastroresistente	A02BC05	DOC GENERICI SRL	Autorizzata	Procedura Mutuo riconoscimento o Decentrata	Medicinali soggetti a prescrizione medica
040837027	040837	ESOMEPRAZOLO DOC	20 MG COMPRESSE GASTRORESISTENTI - 28 COMPRESSE IN BLISTER OPA/AL/PE/HDPE/AL	ESOMEPRAZOLO MAGNESIO TRIIDRATO	ESOMEPRAZOLO MAGNESIO TRIIDRATO	20	milligrammi	Compressa gastroresistente	A02BC05	DOC GENERICI SRL	Autorizzata	Procedura Mutuo riconoscimento o Decentrata	Medicinali soggetti a prescrizione medica
040837039	040837	ESOMEPRAZOLO DOC	40 MG COMPRESSE GASTRORESISTENTI - 14 COMPRESSE IN BLISTER OPA/AL/PE/HDPE/AL	ESOMEPRAZOLO MAGNESIO TRIIDRATO	ESOMEPRAZOLO MAGNESIO TRIIDRATO	40	milligrammi	Compressa gastroresistente	A02BC05	DOC GENERICI SRL	Autorizzata	Procedura Mutuo riconoscimento o Decentrata	Medicinali soggetti a prescrizione medica
040837041	040837	ESOMEPRAZOLO DOC	40 MG COMPRESSE GASTRORESISTENTI - 28 COMPRESSE IN BLISTER OPA/AL/PE/HDPE/AL	ESOMEPRAZOLO MAGNESIO TRIIDRATO	ESOMEPRAZOLO MAGNESIO TRIIDRATO	40	milligrammi	Compressa gastroresistente	A02BC05	DOC GENERICI SRL	Autorizzata	Procedura Mutuo riconoscimento o Decentrata	Medicinali soggetti a prescrizione medica
040837054	040837	ESOMEPRAZOLO DOC	20 MG COMPRESSE GASTRORESISTENTI- 100 COMPRESSE IN BLISTER OPA/AL/PE/HDPE/AL	ESOMEPRAZOLO MAGNESIO TRIIDRATO	ESOMEPRAZOLO MAGNESIO TRIIDRATO	20	milligrammi	Compressa gastroresistente	A02BC05	DOC GENERICI SRL	Autorizzata	Procedura Mutuo riconoscimento o Decentrata	Medicinali soggetti a prescrizione medica
040837066	040837	ESOMEPRAZOLO DOC	40 MG COMPRESSE GASTRORESISTENTI- 100 COMPRESSE IN BLISTER OPA/AL/PE/HDPE/AL	ESOMEPRAZOLO MAGNESIO TRIIDRATO	ESOMEPRAZOLO MAGNESIO TRIIDRATO	40	milligrammi	Compressa gastroresistente	A02BC05	DOC GENERICI SRL	Autorizzata	Procedura Mutuo riconoscimento o Decentrata	Medicinali soggetti a prescrizione medica
040837078	040837	ESOMEPRAZOLO DOC	20 MG COMPRESSE GASTRORESISTENTI- 56 COMPRESSE IN BLISTER OPA/AL/PE/HDPE/AL	ESOMEPRAZOLO MAGNESIO TRIIDRATO	ESOMEPRAZOLO MAGNESIO TRIIDRATO	20	milligrammi	Compressa gastroresistente	A02BC05	DOC GENERICI SRL	Autorizzata	Procedura Mutuo riconoscimento o Decentrata	Medicinali soggetti a prescrizione medica
040837080	040837	ESOMEPRAZOLO DOC	40 MG COMPRESSE GASTRORESISTENTI- 56 COMPRESSE IN BLISTER OPA/AL/PE/HDPE/AL	ESOMEPRAZOLO MAGNESIO TRIIDRATO	ESOMEPRAZOLO MAGNESIO TRIIDRATO	40	milligrammi	Compressa gastroresistente	A02BC05	DOC GENERICI SRL	Autorizzata	Procedura Mutuo riconoscimento o Decentrata	Medicinali soggetti a prescrizione medica
040837092	040837	ESOMEPRAZOLO DOC	20 MG COMPRESSE GASTRORESISTENTI- 98 COMPRESSE IN BLISTER OPA/AL/PE/HDPE/AL	ESOMEPRAZOLO MAGNESIO TRIIDRATO	ESOMEPRAZOLO MAGNESIO TRIIDRATO	20	milligrammi	Compressa gastroresistente	A02BC05	DOC GENERICI SRL	Autorizzata	Procedura Mutuo riconoscimento o Decentrata	Medicinali soggetti a prescrizione medica
040837104	040837	ESOMEPRAZOLO DOC	40 MG COMPRESSE GASTRORESISTENTI- 98 COMPRESSE IN BLISTER OPA/AL/PE/HDPE/AL	ESOMEPRAZOLO MAGNESIO TRIIDRATO	ESOMEPRAZOLO MAGNESIO TRIIDRATO	40	milligrammi	Compressa gastroresistente	A02BC05	DOC GENERICI SRL	Autorizzata	Procedura Mutuo riconoscimento o Decentrata	Medicinali soggetti a prescrizione medica
040837116	040837	ESOMEPRAZOLO DOC	20 MG COMPRESSE GASTRORESISTENTI- 14 COMPRESSE IN BLISTER OPA/AL/PVC/AL	ESOMEPRAZOLO MAGNESIO TRIIDRATO	ESOMEPRAZOLO MAGNESIO TRIIDRATO	20	milligrammi	Compressa gastroresistente	A02BC05	DOC GENERICI SRL	Autorizzata	Procedura Mutuo riconoscimento o Decentrata	Medicinali soggetti a prescrizione medica
040837128	040837	ESOMEPRAZOLO DOC	40 MG COMPRESSE GASTRORESISTENTI- 14 COMPRESSE IN BLISTER OPA/AL/PVC/AL	ESOMEPRAZOLO MAGNESIO TRIIDRATO	ESOMEPRAZOLO MAGNESIO TRIIDRATO	40	milligrammi	Compressa gastroresistente	A02BC05	DOC GENERICI SRL	Autorizzata	Procedura Mutuo riconoscimento o Decentrata	Medicinali soggetti a prescrizione medica
040837130	040837	ESOMEPRAZOLO DOC	20 MG COMPRESSE GASTRORESISTENTI- 28 COMPRESSE IN BLISTER OPA/AL/PVC/AL	ESOMEPRAZOLO MAGNESIO TRIIDRATO	ESOMEPRAZOLO MAGNESIO TRIIDRATO	20	milligrammi	Compressa gastroresistente	A02BC05	DOC GENERICI SRL	Autorizzata	Procedura Mutuo riconoscimento o Decentrata	Medicinali soggetti a prescrizione medica
040837142	040837	ESOMEPRAZOLO DOC	40 MG COMPRESSE GASTRORESISTENTI- 28 COMPRESSE IN BLISTER OPA/AL/PVC/AL	ESOMEPRAZOLO MAGNESIO TRIIDRATO	ESOMEPRAZOLO MAGNESIO TRIIDRATO	40	milligrammi	Compressa gastroresistente	A02BC05	DOC GENERICI SRL	Autorizzata	Procedura Mutuo riconoscimento o Decentrata	Medicinali soggetti a prescrizione medica
040837155	040837	ESOMEPRAZOLO DOC	20 MG COMPRESSE GASTRORESISTENTI- 56 COMPRESSE IN BLISTER OPA/AL/PVC/AL	ESOMEPRAZOLO MAGNESIO TRIIDRATO	ESOMEPRAZOLO MAGNESIO TRIIDRATO	20	milligrammi	Compressa gastroresistente	A02BC05	DOC GENERICI SRL	Autorizzata	Procedura Mutuo riconoscimento o Decentrata	Medicinali soggetti a prescrizione medica
040837167	040837	ESOMEPRAZOLO DOC	40 MG COMPRESSE GASTRORESISTENTI- 56 COMPRESSE IN BLISTER OPA/AL/PVC/AL	ESOMEPRAZOLO MAGNESIO TRIIDRATO	ESOMEPRAZOLO MAGNESIO TRIIDRATO	40	milligrammi	Compressa gastroresistente	A02BC05	DOC GENERICI SRL	Autorizzata	Procedura Mutuo riconoscimento o Decentrata	Medicinali soggetti a prescrizione medica
040837179	040837	ESOMEPRAZOLO DOC	20 MG COMPRESSE GASTRORESISTENTI- 98 COMPRESSE IN BLISTER OPA/AL/PVC/AL	ESOMEPRAZOLO MAGNESIO TRIIDRATO	ESOMEPRAZOLO MAGNESIO TRIIDRATO	20	milligrammi	Compressa gastroresistente	A02BC05	DOC GENERICI SRL	Autorizzata	Procedura Mutuo riconoscimento o Decentrata	Medicinali soggetti a prescrizione medica
040837181	040837	ESOMEPRAZOLO DOC	40 MG COMPRESSE GASTRORESISTENTI- 98 COMPRESSE IN BLISTER OPA/AL/PVC/AL	ESOMEPRAZOLO MAGNESIO TRIIDRATO	ESOMEPRAZOLO MAGNESIO TRIIDRATO	40	milligrammi	Compressa gastroresistente	A02BC05	DOC GENERICI SRL	Autorizzata	Procedura Mutuo riconoscimento o Decentrata	Medicinali soggetti a prescrizione medica
040837193	040837	ESOMEPRAZOLO DOC	20 MG COMPRESSE GASTRORESISTENTI- 100 COMPRESSE IN BLISTER OPA/AL/PVC/AL	ESOMEPRAZOLO MAGNESIO TRIIDRATO	ESOMEPRAZOLO MAGNESIO TRIIDRATO	20	milligrammi	Compressa gastroresistente	A02BC05	DOC GENERICI SRL	Autorizzata	Procedura Mutuo riconoscimento o Decentrata	Medicinali soggetti a prescrizione medica
040837205	040837	ESOMEPRAZOLO DOC	40 MG COMPRESSE GASTRORESISTENTI- 100 COMPRESSE IN BLISTER OPA/AL/PVC/AL	ESOMEPRAZOLO MAGNESIO TRIIDRATO	ESOMEPRAZOLO MAGNESIO TRIIDRATO	40	milligrammi	Compressa gastroresistente	A02BC05	DOC GENERICI SRL	Autorizzata	Procedura Mutuo riconoscimento o Decentrata	Medicinali soggetti a prescrizione medica
040838017	040838	EZORAN	20 MG COMPRESSE GASTRORESISTENTI - 14 COMPRESSE IN BLISTER OPA/AL/PE/HDPE/AL	ESOMEPRAZOLO MAGNESIO TRIIDRATO	ESOMEPRAZOLO MAGNESIO TRIIDRATO	20	milligrammi	Compressa gastroresistente	A02BC05	EPIFARMA S.R.L	Autorizzata	Procedura Mutuo riconoscimento o Decentrata	Medicinali soggetti a prescrizione medica
040838029	040838	EZORAN	20 MG COMPRESSE GASTRORESISTENTI - 28 COMPRESSE IN BLISTER OPA/AL/PE/HDPE/AL	ESOMEPRAZOLO MAGNESIO TRIIDRATO	ESOMEPRAZOLO MAGNESIO TRIIDRATO	20	milligrammi	Compressa gastroresistente	A02BC05	EPIFARMA S.R.L	Autorizzata	Procedura Mutuo riconoscimento o Decentrata	Medicinali soggetti a prescrizione medica
040838031	040838	EZORAN	40 MG COMPRESSE GASTRORESISTENTI - 28 COMPRESSE IN BLISTER OPA/AL/PE/HDPE/AL	ESOMEPRAZOLO MAGNESIO TRIIDRATO	ESOMEPRAZOLO MAGNESIO TRIIDRATO	40	milligrammi	Compressa gastroresistente	A02BC05	EPIFARMA S.R.L	Autorizzata	Procedura Mutuo riconoscimento o Decentrata	Medicinali soggetti a prescrizione medica
040838043	040838	EZORAN	40 MG COMPRESSE GASTRORESISTENTI - 14 COMPRESSE IN BLISTER OPA/AL/PE/HDPE/AL	ESOMEPRAZOLO MAGNESIO TRIIDRATO	ESOMEPRAZOLO MAGNESIO TRIIDRATO	40	milligrammi	Compressa gastroresistente	A02BC05	EPIFARMA S.R.L	Autorizzata	Procedura Mutuo riconoscimento o Decentrata	Medicinali soggetti a prescrizione medica
040838056	040838	EZORAN	20 MG COMPRESSE GASTRORESISTENTI- 56 COMPRESSE IN BLISTER OPA/AL/PE/HDPE/AL	ESOMEPRAZOLO MAGNESIO TRIIDRATO	ESOMEPRAZOLO MAGNESIO TRIIDRATO	20	milligrammi	Compressa gastroresistente	A02BC05	EPIFARMA S.R.L	Autorizzata	Procedura Mutuo riconoscimento o Decentrata	Medicinali soggetti a prescrizione medica
040838068	040838	EZORAN	40 MG COMPRESSE GASTRORESISTENTI- 56 COMPRESSE IN BLISTER OPA/AL/PE/HDPE/AL	ESOMEPRAZOLO MAGNESIO TRIIDRATO	ESOMEPRAZOLO MAGNESIO TRIIDRATO	40	milligrammi	Compressa gastroresistente	A02BC05	EPIFARMA S.R.L	Autorizzata	Procedura Mutuo riconoscimento o Decentrata	Medicinali soggetti a prescrizione medica
040838070	040838	EZORAN	20 MG COMPRESSE GASTRORESISTENTI- 14 COMPRESSE IN BLISTER OPA/AL/PVC/AL	ESOMEPRAZOLO MAGNESIO TRIIDRATO	ESOMEPRAZOLO MAGNESIO TRIIDRATO	20	milligrammi	Compressa gastroresistente	A02BC05	EPIFARMA S.R.L	Autorizzata	Procedura Mutuo riconoscimento o Decentrata	Medicinali soggetti a prescrizione medica
040838082	040838	EZORAN	20 MG COMPRESSE GASTRORESISTENTI- 28 COMPRESSE IN BLISTER OPA/AL/PVC/AL	ESOMEPRAZOLO MAGNESIO TRIIDRATO	ESOMEPRAZOLO MAGNESIO TRIIDRATO	20	milligrammi	Compressa gastroresistente	A02BC05	EPIFARMA S.R.L	Autorizzata	Procedura Mutuo riconoscimento o Decentrata	Medicinali soggetti a prescrizione medica
040838094	040838	EZORAN	20 MG COMPRESSE GASTRORESISTENTI- 56 COMPRESSE IN BLISTER OPA/AL/PVC/AL	ESOMEPRAZOLO MAGNESIO TRIIDRATO	ESOMEPRAZOLO MAGNESIO TRIIDRATO	20	milligrammi	Compressa gastroresistente	A02BC05	EPIFARMA S.R.L	Autorizzata	Procedura Mutuo riconoscimento o Decentrata	Medicinali soggetti a prescrizione medica
040838106	040838	EZORAN	40 MG COMPRESSE GASTRORESISTENTI- 14 COMPRESSE IN BLISTER OPA/AL/PVC/AL	ESOMEPRAZOLO MAGNESIO TRIIDRATO	ESOMEPRAZOLO MAGNESIO TRIIDRATO	40	milligrammi	Compressa gastroresistente	A02BC05	EPIFARMA S.R.L	Autorizzata	Procedura Mutuo riconoscimento o Decentrata	Medicinali soggetti a prescrizione medica
040838118	040838	EZORAN	40 MG COMPRESSE GASTRORESISTENTI- 28 COMPRESSE IN BLISTER OPA/AL/PVC/AL	ESOMEPRAZOLO MAGNESIO TRIIDRATO	ESOMEPRAZOLO MAGNESIO TRIIDRATO	40	milligrammi	Compressa gastroresistente	A02BC05	EPIFARMA S.R.L	Autorizzata	Procedura Mutuo riconoscimento o Decentrata	Medicinali soggetti a prescrizione medica
040838120	040838	EZORAN	40 MG COMPRESSE GASTRORESISTENTI- 56 COMPRESSE IN BLISTER OPA/AL/PVC/AL	ESOMEPRAZOLO MAGNESIO TRIIDRATO	ESOMEPRAZOLO MAGNESIO TRIIDRATO	40	milligrammi	Compressa gastroresistente	A02BC05	EPIFARMA S.R.L	Autorizzata	Procedura Mutuo riconoscimento o Decentrata	Medicinali soggetti a prescrizione medica
040839019	040839	ESOMEPRAZOLO SUN PHARMACEUTICAL INDUSTRIES (EUROPE) BV	20 MG COMPRESSE GASTRORESISTENTI - 14 COMPRESSE IN BLISTER OPA/AL/PE/HDPE/AL	ESOMEPRAZOLO MAGNESIO TRIIDRATO	ESOMEPRAZOLO MAGNESIO TRIIDRATO	20	milligrammi	Compressa gastroresistente	A02BC05	SUN PHARMACEUTICAL INDUSTRIES (EUROPE) B.V.	Autorizzata	Procedura Mutuo riconoscimento o Decentrata	Medicinali soggetti a prescrizione medica
040839021	040839	ESOMEPRAZOLO SUN PHARMACEUTICAL INDUSTRIES (EUROPE) BV	20 MG COMPRESSE GASTRORESISTENTI - 7 COMPRESSE IN BLISTER OPA/AL/PE/HDPE/AL	ESOMEPRAZOLO MAGNESIO TRIIDRATO	ESOMEPRAZOLO MAGNESIO TRIIDRATO	20	milligrammi	Compressa gastroresistente	A02BC05	SUN PHARMACEUTICAL INDUSTRIES (EUROPE) B.V.	Autorizzata	Procedura Mutuo riconoscimento o Decentrata	Medicinali soggetti a prescrizione medica
040839033	040839	ESOMEPRAZOLO SUN PHARMACEUTICAL INDUSTRIES (EUROPE) BV	20 MG COMPRESSE GASTRORESISTENTI - 15 COMPRESSE IN BLISTER OPA/AL/PE/HDPE/AL	ESOMEPRAZOLO MAGNESIO TRIIDRATO	ESOMEPRAZOLO MAGNESIO TRIIDRATO	20	milligrammi	Compressa gastroresistente	A02BC05	SUN PHARMACEUTICAL INDUSTRIES (EUROPE) B.V.	Autorizzata	Procedura Mutuo riconoscimento o Decentrata	Medicinali soggetti a prescrizione medica
040839045	040839	ESOMEPRAZOLO SUN PHARMACEUTICAL INDUSTRIES (EUROPE) BV	20 MG COMPRESSE GASTRORESISTENTI - 28 COMPRESSE IN BLISTER OPA/AL/PE/HDPE/AL	ESOMEPRAZOLO MAGNESIO TRIIDRATO	ESOMEPRAZOLO MAGNESIO TRIIDRATO	20	milligrammi	Compressa gastroresistente	A02BC05	SUN PHARMACEUTICAL INDUSTRIES (EUROPE) B.V.	Autorizzata	Procedura Mutuo riconoscimento o Decentrata	Medicinali soggetti a prescrizione medica
040839058	040839	ESOMEPRAZOLO SUN PHARMACEUTICAL INDUSTRIES (EUROPE) BV	20 MG COMPRESSE GASTRORESISTENTI - 30 COMPRESSE IN BLISTER OPA/AL/PE/HDPE/AL	ESOMEPRAZOLO MAGNESIO TRIIDRATO	ESOMEPRAZOLO MAGNESIO TRIIDRATO	20	milligrammi	Compressa gastroresistente	A02BC05	SUN PHARMACEUTICAL INDUSTRIES (EUROPE) B.V.	Autorizzata	Procedura Mutuo riconoscimento o Decentrata	Medicinali soggetti a prescrizione medica
040839060	040839	ESOMEPRAZOLO SUN PHARMACEUTICAL INDUSTRIES (EUROPE) BV	20 MG COMPRESSE GASTRORESISTENTI - 56 COMPRESSE IN BLISTER OPA/AL/PE/HDPE/AL	ESOMEPRAZOLO MAGNESIO TRIIDRATO	ESOMEPRAZOLO MAGNESIO TRIIDRATO	20	milligrammi	Compressa gastroresistente	A02BC05	SUN PHARMACEUTICAL INDUSTRIES (EUROPE) B.V.	Autorizzata	Procedura Mutuo riconoscimento o Decentrata	Medicinali soggetti a prescrizione medica
040839072	040839	ESOMEPRAZOLO SUN PHARMACEUTICAL INDUSTRIES (EUROPE) BV	20 MG COMPRESSE GASTRORESISTENTI - 60 COMPRESSE IN BLISTER OPA/AL/PE/HDPE/AL	ESOMEPRAZOLO MAGNESIO TRIIDRATO	ESOMEPRAZOLO MAGNESIO TRIIDRATO	20	milligrammi	Compressa gastroresistente	A02BC05	SUN PHARMACEUTICAL INDUSTRIES (EUROPE) B.V.	Autorizzata	Procedura Mutuo riconoscimento o Decentrata	Medicinali soggetti a prescrizione medica
040839084	040839	ESOMEPRAZOLO SUN PHARMACEUTICAL INDUSTRIES (EUROPE) BV	20 MG COMPRESSE GASTRORESISTENTI - 90 COMPRESSE IN BLISTER OPA/AL/PE/HDPE/AL	ESOMEPRAZOLO MAGNESIO TRIIDRATO	ESOMEPRAZOLO MAGNESIO TRIIDRATO	20	milligrammi	Compressa gastroresistente	A02BC05	SUN PHARMACEUTICAL INDUSTRIES (EUROPE) B.V.	Autorizzata	Procedura Mutuo riconoscimento o Decentrata	Medicinali soggetti a prescrizione medica
040839096	040839	ESOMEPRAZOLO SUN PHARMACEUTICAL INDUSTRIES (EUROPE) BV	20 MG COMPRESSE GASTRORESISTENTI - 100 COMPRESSE IN BLISTER OPA/AL/PE/HDPE/AL	ESOMEPRAZOLO MAGNESIO TRIIDRATO	ESOMEPRAZOLO MAGNESIO TRIIDRATO	20	milligrammi	Compressa gastroresistente	A02BC05	SUN PHARMACEUTICAL INDUSTRIES (EUROPE) B.V.	Autorizzata	Procedura Mutuo riconoscimento o Decentrata	Medicinali soggetti a prescrizione medica
040839108	040839	ESOMEPRAZOLO SUN PHARMACEUTICAL INDUSTRIES (EUROPE) BV	40 MG COMPRESSE GASTRORESISTENTI - 7 COMPRESSE IN BLISTER OPA/AL/PE/HDPE/AL	ESOMEPRAZOLO MAGNESIO TRIIDRATO	ESOMEPRAZOLO MAGNESIO TRIIDRATO	40	milligrammi	Compressa gastroresistente	A02BC05	SUN PHARMACEUTICAL INDUSTRIES (EUROPE) B.V.	Autorizzata	Procedura Mutuo riconoscimento o Decentrata	Medicinali soggetti a prescrizione medica
040839110	040839	ESOMEPRAZOLO SUN PHARMACEUTICAL INDUSTRIES (EUROPE) BV	40 MG COMPRESSE GASTRORESISTENTI - 14 COMPRESSE IN BLISTER OPA/AL/PE/HDPE/AL	ESOMEPRAZOLO MAGNESIO TRIIDRATO	ESOMEPRAZOLO MAGNESIO TRIIDRATO	40	milligrammi	Compressa gastroresistente	A02BC05	SUN PHARMACEUTICAL INDUSTRIES (EUROPE) B.V.	Autorizzata	Procedura Mutuo riconoscimento o Decentrata	Medicinali soggetti a prescrizione medica
040839122	040839	ESOMEPRAZOLO SUN PHARMACEUTICAL INDUSTRIES (EUROPE) BV	40 MG COMPRESSE GASTRORESISTENTI - 15 COMPRESSE IN BLISTER OPA/AL/PE/HDPE/AL	ESOMEPRAZOLO MAGNESIO TRIIDRATO	ESOMEPRAZOLO MAGNESIO TRIIDRATO	40	milligrammi	Compressa gastroresistente	A02BC05	SUN PHARMACEUTICAL INDUSTRIES (EUROPE) B.V.	Autorizzata	Procedura Mutuo riconoscimento o Decentrata	Medicinali soggetti a prescrizione medica
040839134	040839	ESOMEPRAZOLO SUN PHARMACEUTICAL INDUSTRIES (EUROPE) BV	40 MG COMPRESSE GASTRORESISTENTI - 28 COMPRESSE IN BLISTER OPA/AL/PE/HDPE/AL	ESOMEPRAZOLO MAGNESIO TRIIDRATO	ESOMEPRAZOLO MAGNESIO TRIIDRATO	40	milligrammi	Compressa gastroresistente	A02BC05	SUN PHARMACEUTICAL INDUSTRIES (EUROPE) B.V.	Autorizzata	Procedura Mutuo riconoscimento o Decentrata	Medicinali soggetti a prescrizione medica
040839146	040839	ESOMEPRAZOLO SUN PHARMACEUTICAL INDUSTRIES (EUROPE) BV	40 MG COMPRESSE GASTRORESISTENTI - 30 COMPRESSE IN BLISTER OPA/AL/PE/HDPE/AL	ESOMEPRAZOLO MAGNESIO TRIIDRATO	ESOMEPRAZOLO MAGNESIO TRIIDRATO	40	milligrammi	Compressa gastroresistente	A02BC05	SUN PHARMACEUTICAL INDUSTRIES (EUROPE) B.V.	Autorizzata	Procedura Mutuo riconoscimento o Decentrata	Medicinali soggetti a prescrizione medica
040839159	040839	ESOMEPRAZOLO SUN PHARMACEUTICAL INDUSTRIES (EUROPE) BV	40 MG COMPRESSE GASTRORESISTENTI - 56 COMPRESSE IN BLISTER OPA/AL/PE/HDPE/AL	ESOMEPRAZOLO MAGNESIO TRIIDRATO	ESOMEPRAZOLO MAGNESIO TRIIDRATO	40	milligrammi	Compressa gastroresistente	A02BC05	SUN PHARMACEUTICAL INDUSTRIES (EUROPE) B.V.	Autorizzata	Procedura Mutuo riconoscimento o Decentrata	Medicinali soggetti a prescrizione medica
040839161	040839	ESOMEPRAZOLO SUN PHARMACEUTICAL INDUSTRIES (EUROPE) BV	40 MG COMPRESSE GASTRORESISTENTI - 60 COMPRESSE IN BLISTER OPA/AL/PE/HDPE/AL	ESOMEPRAZOLO MAGNESIO TRIIDRATO	ESOMEPRAZOLO MAGNESIO TRIIDRATO	40	milligrammi	Compressa gastroresistente	A02BC05	SUN PHARMACEUTICAL INDUSTRIES (EUROPE) B.V.	Autorizzata	Procedura Mutuo riconoscimento o Decentrata	Medicinali soggetti a prescrizione medica
040839173	040839	ESOMEPRAZOLO SUN PHARMACEUTICAL INDUSTRIES (EUROPE) BV	40 MG COMPRESSE GASTRORESISTENTI - 90 COMPRESSE IN BLISTER OPA/AL/PE/HDPE/AL	ESOMEPRAZOLO MAGNESIO TRIIDRATO	ESOMEPRAZOLO MAGNESIO TRIIDRATO	40	milligrammi	Compressa gastroresistente	A02BC05	SUN PHARMACEUTICAL INDUSTRIES (EUROPE) B.V.	Autorizzata	Procedura Mutuo riconoscimento o Decentrata	Medicinali soggetti a prescrizione medica
040839185	040839	ESOMEPRAZOLO SUN PHARMACEUTICAL INDUSTRIES (EUROPE) BV	40 MG COMPRESSE GASTRORESISTENTI - 100 COMPRESSE IN BLISTER OPA/AL/PE/HDPE/AL	ESOMEPRAZOLO MAGNESIO TRIIDRATO	ESOMEPRAZOLO MAGNESIO TRIIDRATO	40	milligrammi	Compressa gastroresistente	A02BC05	SUN PHARMACEUTICAL INDUSTRIES (EUROPE) B.V.	Autorizzata	Procedura Mutuo riconoscimento o Decentrata	Medicinali soggetti a prescrizione medica
040839197	040839	ESOMEPRAZOLO SUN PHARMACEUTICAL INDUSTRIES (EUROPE) BV	20 MG COMPRESSE GASTRORESISTENTI- 7 COMPRESSE IN BLISTER OPA/AL/PVC/AL	ESOMEPRAZOLO MAGNESIO TRIIDRATO	ESOMEPRAZOLO MAGNESIO TRIIDRATO	20	milligrammi	Compressa gastroresistente	A02BC05	SUN PHARMACEUTICAL INDUSTRIES (EUROPE) B.V.	Autorizzata	Procedura Mutuo riconoscimento o Decentrata	Medicinali soggetti a prescrizione medica
040839209	040839	ESOMEPRAZOLO SUN PHARMACEUTICAL INDUSTRIES (EUROPE) BV	20 MG COMPRESSE GASTRORESISTENTI- 14 COMPRESSE IN BLISTER OPA/AL/PVC/AL	ESOMEPRAZOLO MAGNESIO TRIIDRATO	ESOMEPRAZOLO MAGNESIO TRIIDRATO	20	milligrammi	Compressa gastroresistente	A02BC05	SUN PHARMACEUTICAL INDUSTRIES (EUROPE) B.V.	Autorizzata	Procedura Mutuo riconoscimento o Decentrata	Medicinali soggetti a prescrizione medica
040839211	040839	ESOMEPRAZOLO SUN PHARMACEUTICAL INDUSTRIES (EUROPE) BV	20 MG COMPRESSE GASTRORESISTENTI- 15 COMPRESSE IN BLISTER OPA/AL/PVC/AL	ESOMEPRAZOLO MAGNESIO TRIIDRATO	ESOMEPRAZOLO MAGNESIO TRIIDRATO	20	milligrammi	Compressa gastroresistente	A02BC05	SUN PHARMACEUTICAL INDUSTRIES (EUROPE) B.V.	Autorizzata	Procedura Mutuo riconoscimento o Decentrata	Medicinali soggetti a prescrizione medica
040839223	040839	ESOMEPRAZOLO SUN PHARMACEUTICAL INDUSTRIES (EUROPE) BV	20 MG COMPRESSE GASTRORESISTENTI- 28 COMPRESSE IN BLISTER OPA/AL/PVC/AL	ESOMEPRAZOLO MAGNESIO TRIIDRATO	ESOMEPRAZOLO MAGNESIO TRIIDRATO	20	milligrammi	Compressa gastroresistente	A02BC05	SUN PHARMACEUTICAL INDUSTRIES (EUROPE) B.V.	Autorizzata	Procedura Mutuo riconoscimento o Decentrata	Medicinali soggetti a prescrizione medica
040839235	040839	ESOMEPRAZOLO SUN PHARMACEUTICAL INDUSTRIES (EUROPE) BV	20 MG COMPRESSE GASTRORESISTENTI- 30 COMPRESSE IN BLISTER OPA/AL/PVC/AL	ESOMEPRAZOLO MAGNESIO TRIIDRATO	ESOMEPRAZOLO MAGNESIO TRIIDRATO	20	milligrammi	Compressa gastroresistente	A02BC05	SUN PHARMACEUTICAL INDUSTRIES (EUROPE) B.V.	Autorizzata	Procedura Mutuo riconoscimento o Decentrata	Medicinali soggetti a prescrizione medica
040839247	040839	ESOMEPRAZOLO SUN PHARMACEUTICAL INDUSTRIES (EUROPE) BV	20 MG COMPRESSE GASTRORESISTENTI- 56 COMPRESSE IN BLISTER OPA/AL/PVC/AL	ESOMEPRAZOLO MAGNESIO TRIIDRATO	ESOMEPRAZOLO MAGNESIO TRIIDRATO	20	milligrammi	Compressa gastroresistente	A02BC05	SUN PHARMACEUTICAL INDUSTRIES (EUROPE) B.V.	Autorizzata	Procedura Mutuo riconoscimento o Decentrata	Medicinali soggetti a prescrizione medica
040839250	040839	ESOMEPRAZOLO SUN PHARMACEUTICAL INDUSTRIES (EUROPE) BV	20 MG COMPRESSE GASTRORESISTENTI- 60 COMPRESSE IN BLISTER OPA/AL/PVC/AL	ESOMEPRAZOLO MAGNESIO TRIIDRATO	ESOMEPRAZOLO MAGNESIO TRIIDRATO	20	milligrammi	Compressa gastroresistente	A02BC05	SUN PHARMACEUTICAL INDUSTRIES (EUROPE) B.V.	Autorizzata	Procedura Mutuo riconoscimento o Decentrata	Medicinali soggetti a prescrizione medica
040839262	040839	ESOMEPRAZOLO SUN PHARMACEUTICAL INDUSTRIES (EUROPE) BV	20 MG COMPRESSE GASTRORESISTENTI- 90 COMPRESSE IN BLISTER OPA/AL/PVC/AL	ESOMEPRAZOLO MAGNESIO TRIIDRATO	ESOMEPRAZOLO MAGNESIO TRIIDRATO	20	milligrammi	Compressa gastroresistente	A02BC05	SUN PHARMACEUTICAL INDUSTRIES (EUROPE) B.V.	Autorizzata	Procedura Mutuo riconoscimento o Decentrata	Medicinali soggetti a prescrizione medica
040839274	040839	ESOMEPRAZOLO SUN PHARMACEUTICAL INDUSTRIES (EUROPE) BV	20 MG COMPRESSE GASTRORESISTENTI- 100 COMPRESSE IN BLISTER OPA/AL/PVC/AL	ESOMEPRAZOLO MAGNESIO TRIIDRATO	ESOMEPRAZOLO MAGNESIO TRIIDRATO	20	milligrammi	Compressa gastroresistente	A02BC05	SUN PHARMACEUTICAL INDUSTRIES (EUROPE) B.V.	Autorizzata	Procedura Mutuo riconoscimento o Decentrata	Medicinali soggetti a prescrizione medica
040839286	040839	ESOMEPRAZOLO SUN PHARMACEUTICAL INDUSTRIES (EUROPE) BV	40 MG COMPRESSE GASTRORESISTENTI- 7 COMPRESSE IN BLISTER OPA/AL/PVC/AL	ESOMEPRAZOLO MAGNESIO TRIIDRATO	ESOMEPRAZOLO MAGNESIO TRIIDRATO	40	milligrammi	Compressa gastroresistente	A02BC05	SUN PHARMACEUTICAL INDUSTRIES (EUROPE) B.V.	Autorizzata	Procedura Mutuo riconoscimento o Decentrata	Medicinali soggetti a prescrizione medica
040839298	040839	ESOMEPRAZOLO SUN PHARMACEUTICAL INDUSTRIES (EUROPE) BV	40 MG COMPRESSE GASTRORESISTENTI- 14 COMPRESSE IN BLISTER OPA/AL/PVC/AL	ESOMEPRAZOLO MAGNESIO TRIIDRATO	ESOMEPRAZOLO MAGNESIO TRIIDRATO	40	milligrammi	Compressa gastroresistente	A02BC05	SUN PHARMACEUTICAL INDUSTRIES (EUROPE) B.V.	Autorizzata	Procedura Mutuo riconoscimento o Decentrata	Medicinali soggetti a prescrizione medica
040839300	040839	ESOMEPRAZOLO SUN PHARMACEUTICAL INDUSTRIES (EUROPE) BV	40 MG COMPRESSE GASTRORESISTENTI- 15 COMPRESSE IN BLISTER OPA/AL/PVC/AL	ESOMEPRAZOLO MAGNESIO TRIIDRATO	ESOMEPRAZOLO MAGNESIO TRIIDRATO	40	milligrammi	Compressa gastroresistente	A02BC05	SUN PHARMACEUTICAL INDUSTRIES (EUROPE) B.V.	Autorizzata	Procedura Mutuo riconoscimento o Decentrata	Medicinali soggetti a prescrizione medica
040839312	040839	ESOMEPRAZOLO SUN PHARMACEUTICAL INDUSTRIES (EUROPE) BV	40 MG COMPRESSE GASTRORESISTENTI- 28 COMPRESSE IN BLISTER OPA/AL/PVC/AL	ESOMEPRAZOLO MAGNESIO TRIIDRATO	ESOMEPRAZOLO MAGNESIO TRIIDRATO	40	milligrammi	Compressa gastroresistente	A02BC05	SUN PHARMACEUTICAL INDUSTRIES (EUROPE) B.V.	Autorizzata	Procedura Mutuo riconoscimento o Decentrata	Medicinali soggetti a prescrizione medica
040839324	040839	ESOMEPRAZOLO SUN PHARMACEUTICAL INDUSTRIES (EUROPE) BV	40 MG COMPRESSE GASTRORESISTENTI- 30 COMPRESSE IN BLISTER OPA/AL/PVC/AL	ESOMEPRAZOLO MAGNESIO TRIIDRATO	ESOMEPRAZOLO MAGNESIO TRIIDRATO	40	milligrammi	Compressa gastroresistente	A02BC05	SUN PHARMACEUTICAL INDUSTRIES (EUROPE) B.V.	Autorizzata	Procedura Mutuo riconoscimento o Decentrata	Medicinali soggetti a prescrizione medica
040839336	040839	ESOMEPRAZOLO SUN PHARMACEUTICAL INDUSTRIES (EUROPE) BV	40 MG COMPRESSE GASTRORESISTENTI- 56 COMPRESSE IN BLISTER OPA/AL/PVC/AL	ESOMEPRAZOLO MAGNESIO TRIIDRATO	ESOMEPRAZOLO MAGNESIO TRIIDRATO	40	milligrammi	Compressa gastroresistente	A02BC05	SUN PHARMACEUTICAL INDUSTRIES (EUROPE) B.V.	Autorizzata	Procedura Mutuo riconoscimento o Decentrata	Medicinali soggetti a prescrizione medica
040839348	040839	ESOMEPRAZOLO SUN PHARMACEUTICAL INDUSTRIES (EUROPE) BV	40 MG COMPRESSE GASTRORESISTENTI- 60 COMPRESSE IN BLISTER OPA/AL/PVC/AL	ESOMEPRAZOLO MAGNESIO TRIIDRATO	ESOMEPRAZOLO MAGNESIO TRIIDRATO	40	milligrammi	Compressa gastroresistente	A02BC05	SUN PHARMACEUTICAL INDUSTRIES (EUROPE) B.V.	Autorizzata	Procedura Mutuo riconoscimento o Decentrata	Medicinali soggetti a prescrizione medica
040839351	040839	ESOMEPRAZOLO SUN PHARMACEUTICAL INDUSTRIES (EUROPE) BV	40 MG COMPRESSE GASTRORESISTENTI- 90 COMPRESSE IN BLISTER OPA/AL/PVC/AL	ESOMEPRAZOLO MAGNESIO TRIIDRATO	ESOMEPRAZOLO MAGNESIO TRIIDRATO	40	milligrammi	Compressa gastroresistente	A02BC05	SUN PHARMACEUTICAL INDUSTRIES (EUROPE) B.V.	Autorizzata	Procedura Mutuo riconoscimento o Decentrata	Medicinali soggetti a prescrizione medica
040839363	040839	ESOMEPRAZOLO SUN PHARMACEUTICAL INDUSTRIES (EUROPE) BV	40 MG COMPRESSE GASTRORESISTENTI- 100 COMPRESSE IN BLISTER OPA/AL/PVC/AL	ESOMEPRAZOLO MAGNESIO TRIIDRATO	ESOMEPRAZOLO MAGNESIO TRIIDRATO	40	milligrammi	Compressa gastroresistente	A02BC05	SUN PHARMACEUTICAL INDUSTRIES (EUROPE) B.V.	Autorizzata	Procedura Mutuo riconoscimento o Decentrata	Medicinali soggetti a prescrizione medica
050527011	050527	NEXIUM	20 MG COMPRESSE GASTRORESISTENTI- 14 COMPRESSE IN BLISTER AL/AL	ESOMEPRAZOLO MAGNESIO TRIIDRATO	ESOMEPRAZOLO MAGNESIO TRIIDRATO	20	milligrammi	Compressa gastroresistente	A02BC05	GMM FARMA S.R.L.	Autorizzata	Importazione Parallela	Medicinali soggetti a prescrizione medica
052028014	052028	ESOMEPRAZOLO EG STADA ITALIA	20 MG COMPRESSE GASTRORESISTENTI- 14 COMPRESSE IN BLISTER AL/AL	ESOMEPRAZOLO MAGNESIO TRIIDRATO	ESOMEPRAZOLO MAGNESIO TRIIDRATO	22.5	milligrammi	Compressa gastroresistente	A02BC05	EG S.P.A.	Autorizzata	Procedura Mutuo riconoscimento o Decentrata	Medicinali soggetti a prescrizione medica
052028026	052028	ESOMEPRAZOLO EG STADA ITALIA	20 MG COMPRESSE GASTRORESISTENTI- 28 COMPRESSE IN BLISTER AL/AL	ESOMEPRAZOLO MAGNESIO TRIIDRATO	ESOMEPRAZOLO MAGNESIO TRIIDRATO	22.5	milligrammi	Compressa gastroresistente	A02BC05	EG S.P.A.	Autorizzata	Procedura Mutuo riconoscimento o Decentrata	Medicinali soggetti a prescrizione medica
052028038	052028	ESOMEPRAZOLO EG STADA ITALIA	20 MG COMPRESSE GASTRORESISTENTI- 56 COMPRESSE IN BLISTER AL/AL	ESOMEPRAZOLO MAGNESIO TRIIDRATO	ESOMEPRAZOLO MAGNESIO TRIIDRATO	22.5	milligrammi	Compressa gastroresistente	A02BC05	EG S.P.A.	Autorizzata	Procedura Mutuo riconoscimento o Decentrata	Medicinali soggetti a prescrizione medica
052028040	052028	ESOMEPRAZOLO EG STADA ITALIA	20 MG COMPRESSE GASTRORESISTENTI- 56 COMPRESSE IN FLACONE HDPE	ESOMEPRAZOLO MAGNESIO TRIIDRATO	ESOMEPRAZOLO MAGNESIO TRIIDRATO	22.5	milligrammi	Compressa gastroresistente	A02BC05	EG S.P.A.	Autorizzata	Procedura Mutuo riconoscimento o Decentrata	Medicinali soggetti a prescrizione medica
052028053	052028	ESOMEPRAZOLO EG STADA ITALIA	20 MG COMPRESSE GASTRORESISTENTI- 100 COMPRESSE IN FLACONE HDPE	ESOMEPRAZOLO MAGNESIO TRIIDRATO	ESOMEPRAZOLO MAGNESIO TRIIDRATO	22.5	milligrammi	Compressa gastroresistente	A02BC05	EG S.P.A.	Autorizzata	Procedura Mutuo riconoscimento o Decentrata	Medicinali soggetti a prescrizione medica
052028065	052028	ESOMEPRAZOLO EG STADA ITALIA	40 MG COMPRESSE GASTRORESISTENTI- 14 COMPRESSE IN BLISTER AL/AL	ESOMEPRAZOLO MAGNESIO TRIIDRATO	ESOMEPRAZOLO MAGNESIO TRIIDRATO	44.5	milligrammi	Compressa gastroresistente	A02BC05	EG S.P.A.	Autorizzata	Procedura Mutuo riconoscimento o Decentrata	Medicinali soggetti a prescrizione medica
052028077	052028	ESOMEPRAZOLO EG STADA ITALIA	40 MG COMPRESSE GASTRORESISTENTI- 28 COMPRESSE IN BLISTER AL/AL	ESOMEPRAZOLO MAGNESIO TRIIDRATO	ESOMEPRAZOLO MAGNESIO TRIIDRATO	44.5	milligrammi	Compressa gastroresistente	A02BC05	EG S.P.A.	Autorizzata	Procedura Mutuo riconoscimento o Decentrata	Medicinali soggetti a prescrizione medica
052028089	052028	ESOMEPRAZOLO EG STADA ITALIA	40 MG COMPRESSE GASTRORESISTENTI- 56 COMPRESSE IN BLISTER AL/AL	ESOMEPRAZOLO MAGNESIO TRIIDRATO	ESOMEPRAZOLO MAGNESIO TRIIDRATO	44.5	milligrammi	Compressa gastroresistente	A02BC05	EG S.P.A.	Autorizzata	Procedura Mutuo riconoscimento o Decentrata	Medicinali soggetti a prescrizione medica
052028091	052028	ESOMEPRAZOLO EG STADA ITALIA	40 MG COMPRESSE GASTRORESISTENTI- 56 COMPRESSE IN FLACONE HDPE	ESOMEPRAZOLO MAGNESIO TRIIDRATO	ESOMEPRAZOLO MAGNESIO TRIIDRATO	44.5	milligrammi	Compressa gastroresistente	A02BC05	EG S.P.A.	Autorizzata	Procedura Mutuo riconoscimento o Decentrata	Medicinali soggetti a prescrizione medica
052028103	052028	ESOMEPRAZOLO EG STADA ITALIA	40 MG COMPRESSE GASTRORESISTENTI- 100 COMPRESSE IN FLACONE HDPE	ESOMEPRAZOLO MAGNESIO TRIIDRATO	ESOMEPRAZOLO MAGNESIO TRIIDRATO	44.5	milligrammi	Compressa gastroresistente	A02BC05	EG S.P.A.	Autorizzata	Procedura Mutuo riconoscimento o Decentrata	Medicinali soggetti a prescrizione medica
