codice_aic	cod_farmaco	denominazione	descrizione	pa_associati	principio_attivo	quantita	unita_misura	forma	codice_atc	ragione_sociale	stato_amministrativo	tipo_procedura	fornitura
041225018	041225	ELIQUIS	2,5 MG-COMPRESSA RIVESTITA CON FILM-USO ORALE-BLISTER (PVC/PVDC/ALU)- 10 COMPRESSE	APIXABAN	APIXABAN	2.5	milligrammi	Compressa rivestita con film	B01AF02	BRISTOL-MYERS SQUIBB / PFIZER EEIG	Autorizzata	Procedura Centralizzata	Medicinali soggetti a prescrizione medica limitativa, vendibili al pubblico su prescrizione di centri ospedalieri o di specialisti
041225020	041225	ELIQUIS	2,5 MG-COMPRESSA RIVESTITA CON FILM-USO ORALE-BLISTER (PVC/PVDC/ALU)- 20 COMPRESSE	APIXABAN	APIXABAN	2.5	milligrammi	Compressa rivestita con film	B01AF02	BRISTOL-MYERS SQUIBB / PFIZER EEIG	Autorizzata	Procedura Centralizzata	Medicinali soggetti a prescrizione medica limitativa, vendibili al pubblico su prescrizione di centri ospedalieri o di specialisti
041225032	041225	ELIQUIS	2,5 MG-COMPRESSA RIVESTITA CON FILM-USO ORALE-BLISTER (PVC/PVDC/ALU)- 60 COMPRESSE	APIXABAN	APIXABAN	2.5	milligrammi	Compressa rivestita con film	B01AF02	BRISTOL-MYERS SQUIBB / PFIZER EEIG	Autorizzata	Procedura Centralizzata	Medicinali soggetti a prescrizione medica limitativa, vendibili al pubblico su prescrizione di centri ospedalieri o di specialisti
041225044	041225	ELIQUIS	2,5 MG-COMPRESSA RIVESTITA CON FILM-USO ORALE-BLISTER (PVC/PVDC/ALU)- 60 X 1 COMPRESSA(DOSE UNITARIA)	APIXABAN	APIXABAN	2.5	milligrammi	Compressa rivestita con film	B01AF02	BRISTOL-MYERS SQUIBB / PFIZER EEIG	Autorizzata	Procedura Centralizzata	Medicinali soggetti a prescrizione medica limitativa, vendibili al pubblico su prescrizione di centri ospedalieri o di specialisti
041225057	041225	ELIQUIS	2,5 MG-COMPRESSA RIVESTITA CON FILM-USO ORALE-BLISTER (PVC/PVDC/ALU)- 100 X 1 COMPRESSA(DOSE UNITARIA)	APIXABAN	APIXABAN	2.5	milligrammi	Compressa rivestita con film	B01AF02	BRISTOL-MYERS SQUIBB / PFIZER EEIG	Autorizzata	Procedura Centralizzata	Medicinali soggetti a prescrizione medica limitativa, vendibili al pubblico su prescrizione di centri ospedalieri o di specialisti
041225069	041225	ELIQUIS	5 MG - COMPRESSA RIVESTITA CON FILM - USO ORALE - BLISTER (PVC/PVDC/ALU) - 14 COMPRESSE	APIXABAN	APIXABAN	5	milligrammi	Compressa rivestita con film	B01AF02	BRISTOL-MYERS SQUIBB / PFIZER EEIG	Autorizzata	Procedura Centralizzata	Medicinali soggetti a prescrizione medica limitativa, vendibili al pubblico su prescrizione di centri ospedalieri o di specialisti
041225071	041225	ELIQUIS	5 MG - COMPRESSA  RIVESTITA CON FILM - USO ORALE - BLISTER (PVC/PVDC/ALU) - 20 COMPRESSE	APIXABAN	APIXABAN	5	milligrammi	Compressa rivestita con film	B01AF02	BRISTOL-MYERS SQUIBB / PFIZER EEIG	Autorizzata	Procedura Centralizzata	Medicinali soggetti a prescrizione medica limitativa, vendibili al pubblico su prescrizione di centri ospedalieri o di specialisti
041225083	041225	ELIQUIS	5 MG - COMPRESSA  RIVESTITA CON FILM - USO ORALE - BLISTER (PVC/PVDC/ALU) - 56 COMPRESSE	APIXABAN	APIXABAN	5	milligrammi	Compressa rivestita con film	B01AF02	BRISTOL-MYERS SQUIBB / PFIZER EEIG	Autorizzata	Procedura Centralizzata	Medicinali soggetti a prescrizione medica limitativa, vendibili al pubblico su prescrizione di centri ospedalieri o di specialisti
041225095	041225	ELIQUIS	5 MG - COMPRESSA  RIVESTITA CON FILM - USO ORALE - BLISTER (PVC/PVDC/ALU) - 60 COMPRESSE	APIXABAN	APIXABAN	5	milligrammi	Compressa rivestita con film	B01AF02	BRISTOL-MYERS SQUIBB / PFIZER EEIG	Autorizzata	Procedura Centralizzata	Medicinali soggetti a prescrizione medica limitativa, vendibili al pubblico su prescrizione di centri ospedalieri o di specialisti
041225107	041225	ELIQUIS	5 MG - COMPRESSA  RIVESTITA CON FILM - USO ORALE - BLISTER (PVC/PVDC/ALU) - 100X1 COMPRESSE	APIXABAN	APIXABAN	5	milligrammi	Compressa rivestita con film	B01AF02	BRISTOL-MYERS SQUIBB / PFIZER EEIG	Autorizzata	Procedura Centralizzata	Medicinali soggetti a prescrizione medica limitativa, vendibili al pubblico su prescrizione di centri ospedalieri o di specialisti
041225119	041225	ELIQUIS	5 MG - COMPRESSA  RIVESTITA CON FILM - USO ORALE - BLISTER (PVC/PVDC/ALU) - 168 COMPRESSE	APIXABAN	APIXABAN	5	milligrammi	Compressa rivestita con film	B01AF02	BRISTOL-MYERS SQUIBB / PFIZER EEIG	Autorizzata	Procedura Centralizzata	Medicinali soggetti a prescrizione medica limitativa, vendibili al pubblico su prescrizione di centri ospedalieri o di specialisti
041225121	041225	ELIQUIS	5 MG - COMPRESSA  RIVESTITA CON FILM - USO ORALE - BLISTER (PVC/PVDC/ALU) - 200 COMPRESSE	APIXABAN	APIXABAN	5	milligrammi	Compressa rivestita con film	B01AF02	BRISTOL-MYERS SQUIBB / PFIZER EEIG	Autorizzata	Procedura Centralizzata	Medicinali soggetti a prescrizione medica limitativa, vendibili al pubblico su prescrizione di centri ospedalieri o di specialisti
041225133	041225	ELIQUIS	2,5 MG - COMPRESSA  RIVESTITA CON FILM - USO ORALE - BLISTER (PVC/PVDC/ALU) - 168 COMPRESSE	APIXABAN	APIXABAN	2.5	milligrammi	Compressa rivestita con film	B01AF02	BRISTOL-MYERS SQUIBB / PFIZER EEIG	Autorizzata	Procedura Centralizzata	Medicinali soggetti a prescrizione medica limitativa, da rinnovare volta per volta, vendibili al pubblico su prescrizione di centri ospedalieri o di specialisti
041225145	041225	ELIQUIS	5 MG - COMPRESSA RIVESTITA CON FILM - USO ORALE - BLISTER (PVC/PVDC/ALU) - 28 COMPRESSE	APIXABAN	APIXABAN	5	milligrammi	Compressa rivestita con film	B01AF02	BRISTOL-MYERS SQUIBB / PFIZER EEIG	Autorizzata	Procedura Centralizzata	Medicinali soggetti a prescrizione medica limitativa, vendibili al pubblico su prescrizione di centri ospedalieri o di specialisti
041225158	041225	ELIQUIS	2,5 MG - COMPRESSA RIVESTITA CON FILM - USO ORALE - BLISTER (PVC/PVDC/ALU) - 200 COMPRESSE	APIXABAN	APIXABAN	2.5	milligrammi	Compressa rivestita con film	B01AF02	BRISTOL-MYERS SQUIBB / PFIZER EEIG	Autorizzata	Procedura Centralizzata	Medicinali soggetti a prescrizione medica limitativa, utilizzabili esclusivamente in ambiente ospedaliero o in una struttura ad esso assimilabile
041225160	041225	ELIQUIS	0,15 mg - Granulato in capsule da aprire - Uso orale - flacone (HDPE) - 28 capsule da aprire	APIXABAN	APIXABAN	0.2	milligrammi	GRANULI IN CAPSULA PER APERTURA	B01AF02	BRISTOL-MYERS SQUIBB / PFIZER EEIG	Autorizzata	Procedura Centralizzata	Medicinali soggetti a prescrizione medica limitativa, vendibili al pubblico su prescrizione di centri ospedalieri o di specialisti
041225172	041225	ELIQUIS	0,5 mg - Granulato rivestito - Uso orale - bustina (alu) - 28 bustine	APIXABAN	APIXABAN	0.5	milligrammi	Granulato rivestito	B01AF02	BRISTOL-MYERS SQUIBB / PFIZER EEIG	Autorizzata	Procedura Centralizzata	Medicinali soggetti a prescrizione medica limitativa, vendibili al pubblico su prescrizione di centri ospedalieri o di specialisti
041225184	041225	ELIQUIS	1,5 mg - Granulato rivestito - Uso orale - bustina (alu) - 28 bustine	APIXABAN	APIXABAN	1.5	milligrammi	Granulato rivestito	B01AF02	BRISTOL-MYERS SQUIBB / PFIZER EEIG	Autorizzata	Procedura Centralizzata	Medicinali soggetti a prescrizione medica limitativa, vendibili al pubblico su prescrizione di centri ospedalieri o di specialisti
041225196	041225	ELIQUIS	2 mg - Granulato rivestito - Uso orale - bustina (alu) - 28 bustine	APIXABAN	APIXABAN	2	milligrammi	Granulato rivestito	B01AF02	BRISTOL-MYERS SQUIBB / PFIZER EEIG	Autorizzata	Procedura Centralizzata	Medicinali soggetti a prescrizione medica limitativa, vendibili al pubblico su prescrizione di centri ospedalieri o di specialisti
047930019	047930	APIXABAN AUROBINDO	2,5 MG COMPRESSE RIVESTITE CON FILM- 10 COMPRESSE IN BLISTER PVC/AL	APIXABAN	APIXABAN			Compressa rivestita con film	B01AF02	AUROBINDO PHARMA (ITALIA) S.R.L.	Autorizzata	Procedura Mutuo riconoscimento o Decentrata	Medicinali soggetti a prescrizione medica limitativa, vendibili al pubblico su prescrizione di centri ospedalieri o di specialisti
047930021	047930	APIXABAN AUROBINDO	2,5 MG COMPRESSE RIVESTITE CON FILM- 20 COMPRESSE IN BLISTER PVC/AL	APIXABAN	APIXABAN			Compressa rivestita con film	B01AF02	AUROBINDO PHARMA (ITALIA) S.R.L.	Autorizzata	Procedura Mutuo riconoscimento o Decentrata	Medicinali soggetti a prescrizione medica limitativa, vendibili al pubblico su prescrizione di centri ospedalieri o di specialisti
047930033	047930	APIXABAN AUROBINDO	2,5 MG COMPRESSE RIVESTITE CON FILM- 28 COMPRESSE IN BLISTER PVC/AL	APIXABAN	APIXABAN			Compressa rivestita con film	B01AF02	AUROBINDO PHARMA (ITALIA) S.R.L.	Autorizzata	Procedura Mutuo riconoscimento o Decentrata	Medicinali soggetti a prescrizione medica limitativa, vendibili al pubblico su prescrizione di centri ospedalieri o di specialisti
047930045	047930	APIXABAN AUROBINDO	2,5 MG COMPRESSE RIVESTITE CON FILM- 60 COMPRESSE IN BLISTER PVC/AL	APIXABAN	APIXABAN			Compressa rivestita con film	B01AF02	AUROBINDO PHARMA (ITALIA) S.R.L.	Autorizzata	Procedura Mutuo riconoscimento o Decentrata	Medicinali soggetti a prescrizione medica limitativa, vendibili al pubblico su prescrizione di centri ospedalieri o di specialisti
047930058	047930	APIXABAN AUROBINDO	5 MG COMPRESSE RIVESTITE CON FILM- 10 COMPRESSE IN BLISTER PVC/AL	APIXABAN	APIXABAN			Compressa rivestita con film	B01AF02	AUROBINDO PHARMA (ITALIA) S.R.L.	Autorizzata	Procedura Mutuo riconoscimento o Decentrata	Medicinali soggetti a prescrizione medica limitativa, vendibili al pubblico su prescrizione di centri ospedalieri o di specialisti
047930060	047930	APIXABAN AUROBINDO	5 MG COMPRESSE RIVESTITE CON FILM- 20 COMPRESSE IN BLISTER PVC/AL	APIXABAN	APIXABAN			Compressa rivestita con film	B01AF02	AUROBINDO PHARMA (ITALIA) S.R.L.	Autorizzata	Procedura Mutuo riconoscimento o Decentrata	Medicinali soggetti a prescrizione medica limitativa, vendibili al pubblico su prescrizione di centri ospedalieri o di specialisti
047930072	047930	APIXABAN AUROBINDO	5 MG COMPRESSE RIVESTITE CON FILM- 28 COMPRESSE IN BLISTER PVC/AL	APIXABAN	APIXABAN			Compressa rivestita con film	B01AF02	AUROBINDO PHARMA (ITALIA) S.R.L.	Autorizzata	Procedura Mutuo riconoscimento o Decentrata	Medicinali soggetti a prescrizione medica limitativa, vendibili al pubblico su prescrizione di centri ospedalieri o di specialisti
047930084	047930	APIXABAN AUROBINDO	5 MG COMPRESSE RIVESTITE CON FILM- 60 COMPRESSE IN BLISTER PVC/AL	APIXABAN	APIXABAN			Compressa rivestita con film	B01AF02	AUROBINDO PHARMA (ITALIA) S.R.L.	Autorizzata	Procedura Mutuo riconoscimento o Decentrata	Medicinali soggetti a prescrizione medica limitativa, vendibili al pubblico su prescrizione di centri ospedalieri o di specialisti
048461014	048461	APIXABAN TEVA	2,5 MG COMPRESSE RIVESTITE CON FILM- 10X1 COMPRESSE IN BLISTER DIVISIBILE PER DOSE UNITARIA PVC/PE/PVDC-AL	APIXABAN	APIXABAN			Compressa rivestita con film	B01AF02	TEVA ITALIA S.R.L.	Autorizzata	Procedura Mutuo riconoscimento o Decentrata	Medicinali soggetti a prescrizione medica limitativa, vendibili al pubblico su prescrizione di centri ospedalieri o di specialisti
048461026	048461	APIXABAN TEVA	2,5 MG COMPRESSE RIVESTITE CON FILM- 14X1 COMPRESSE IN BLISTER DIVISIBILE PER DOSE UNITARIA PVC/PE/PVDC-AL	APIXABAN	APIXABAN			Compressa rivestita con film	B01AF02	TEVA ITALIA S.R.L.	Autorizzata	Procedura Mutuo riconoscimento o Decentrata	Medicinali soggetti a prescrizione medica limitativa, vendibili al pubblico su prescrizione di centri ospedalieri o di specialisti
048461038	048461	APIXABAN TEVA	2,5 MG COMPRESSE RIVESTITE CON FILM- 20X1 COMPRESSE IN BLISTER DIVISIBILE PER DOSE UNITARIA PVC/PE/PVDC-AL	APIXABAN	APIXABAN			Compressa rivestita con film	B01AF02	TEVA ITALIA S.R.L.	Autorizzata	Procedura Mutuo riconoscimento o Decentrata	Medicinali soggetti a prescrizione medica limitativa, vendibili al pubblico su prescrizione di centri ospedalieri o di specialisti
048461040	048461	APIXABAN TEVA	2,5 MG COMPRESSE RIVESTITE CON FILM- 30X1 COMPRESSE IN BLISTER DIVISIBILE PER DOSE UNITARIA PVC/PE/PVDC-AL	APIXABAN	APIXABAN			Compressa rivestita con film	B01AF02	TEVA ITALIA S.R.L.	Autorizzata	Procedura Mutuo riconoscimento o Decentrata	Medicinali soggetti a prescrizione medica limitativa, vendibili al pubblico su prescrizione di centri ospedalieri o di specialisti
048461053	048461	APIXABAN TEVA	2,5 MG COMPRESSE RIVESTITE CON FILM- 56X1 COMPRESSE IN BLISTER DIVISIBILE PER DOSE UNITARIA PVC/PE/PVDC-AL	APIXABAN	APIXABAN			Compressa rivestita con film	B01AF02	TEVA ITALIA S.R.L.	Autorizzata	Procedura Mutuo riconoscimento o Decentrata	Medicinali soggetti a prescrizione medica limitativa, vendibili al pubblico su prescrizione di centri ospedalieri o di specialisti
048461065	048461	APIXABAN TEVA	2,5 MG COMPRESSE RIVESTITE CON FILM- 60X1 COMPRESSE IN BLISTER DIVISIBILE PER DOSE UNITARIA PVC/PE/PVDC-AL	APIXABAN	APIXABAN			Compressa rivestita con film	B01AF02	TEVA ITALIA S.R.L.	Autorizzata	Procedura Mutuo riconoscimento o Decentrata	Medicinali soggetti a prescrizione medica limitativa, vendibili al pubblico su prescrizione di centri ospedalieri o di specialisti
048461077	048461	APIXABAN TEVA	2,5 MG COMPRESSE RIVESTITE CON FILM- 100X1 COMPRESSE IN BLISTER DIVISIBILE PER DOSE UNITARIA PVC/PE/PVDC-AL	APIXABAN	APIXABAN			Compressa rivestita con film	B01AF02	TEVA ITALIA S.R.L.	Autorizzata	Procedura Mutuo riconoscimento o Decentrata	Medicinali soggetti a prescrizione medica limitativa, vendibili al pubblico su prescrizione di centri ospedalieri o di specialisti
048461089	048461	APIXABAN TEVA	2,5 MG COMPRESSE RIVESTITE CON FILM- 120X1 COMPRESSE IN BLISTER DIVISIBILE PER DOSE UNITARIA PVC/PE/PVDC-AL	APIXABAN	APIXABAN			Compressa rivestita con film	B01AF02	TEVA ITALIA S.R.L.	Autorizzata	Procedura Mutuo riconoscimento o Decentrata	Medicinali soggetti a prescrizione medica limitativa, vendibili al pubblico su prescrizione di centri ospedalieri o di specialisti
048461091	048461	APIXABAN TEVA	2,5 MG COMPRESSE RIVESTITE CON FILM- 168X1 COMPRESSE IN BLISTER DIVISIBILE PER DOSE UNITARIA PVC/PE/PVDC-AL	APIXABAN	APIXABAN			Compressa rivestita con film	B01AF02	TEVA ITALIA S.R.L.	Autorizzata	Procedura Mutuo riconoscimento o Decentrata	Medicinali soggetti a prescrizione medica limitativa, vendibili al pubblico su prescrizione di centri ospedalieri o di specialisti
048461103	048461	APIXABAN TEVA	2,5 MG COMPRESSE RIVESTITE CON FILM- 200X1 COMPRESSE IN BLISTER DIVISIBILE PER DOSE UNITARIA PVC/PE/PVDC-AL	APIXABAN	APIXABAN			Compressa rivestita con film	B01AF02	TEVA ITALIA S.R.L.	Autorizzata	Procedura Mutuo riconoscimento o Decentrata	Medicinali soggetti a prescrizione medica limitativa, utilizzabili esclusivamente in ambiente ospedaliero o in una struttura ad esso assimilabile
048461115	048461	APIXABAN TEVA	2,5 MG COMPRESSE RIVESTITE CON FILM- 180 COMPRESSE IN FLACONE HDPE	APIXABAN	APIXABAN			Compressa rivestita con film	B01AF02	TEVA ITALIA S.R.L.	Autorizzata	Procedura Mutuo riconoscimento o Decentrata	Medicinali soggetti a prescrizione medica limitativa, vendibili al pubblico su prescrizione di centri ospedalieri o di specialisti
048461127	048461	APIXABAN TEVA	2,5 MG COMPRESSE RIVESTITE CON FILM- 200 COMPRESSE IN FLACONE HDPE	APIXABAN	APIXABAN			Compressa rivestita con film	B01AF02	TEVA ITALIA S.R.L.	Autorizzata	Procedura Mutuo riconoscimento o Decentrata	Medicinali soggetti a prescrizione medica limitativa, utilizzabili esclusivamente in ambiente ospedaliero o in una struttura ad esso assimilabile
048461139	048461	APIXABAN TEVA	2,5 MG COMPRESSE RIVESTITE CON FILM- 500 COMPRESSE IN FLACONE HDPE	APIXABAN	APIXABAN			Compressa rivestita con film	B01AF02	TEVA ITALIA S.R.L.	Autorizzata	Procedura Mutuo riconoscimento o Decentrata	Medicinali soggetti a prescrizione medica limitativa, utilizzabili esclusivamente in ambiente ospedaliero o in una struttura ad esso assimilabile
048461141	048461	APIXABAN TEVA	5 MG COMPRESSE RIVESTITE CON FILM- 10X1 COMPRESSE IN BLISTER DIVISIBILE PER DOSE UNITARIA PVC/PE/PVDC-AL	APIXABAN	APIXABAN			Compressa rivestita con film	B01AF02	TEVA ITALIA S.R.L.	Autorizzata	Procedura Mutuo riconoscimento o Decentrata	Medicinali soggetti a prescrizione medica limitativa, vendibili al pubblico su prescrizione di centri ospedalieri o di specialisti
048461154	048461	APIXABAN TEVA	5 MG COMPRESSE RIVESTITE CON FILM- 14X1 COMPRESSE IN BLISTER DIVISIBILE PER DOSE UNITARIA PVC/PE/PVDC-AL	APIXABAN	APIXABAN			Compressa rivestita con film	B01AF02	TEVA ITALIA S.R.L.	Autorizzata	Procedura Mutuo riconoscimento o Decentrata	Medicinali soggetti a prescrizione medica limitativa, vendibili al pubblico su prescrizione di centri ospedalieri o di specialisti
048461166	048461	APIXABAN TEVA	5 MG COMPRESSE RIVESTITE CON FILM- 20X1 COMPRESSE IN BLISTER DIVISIBILE PER DOSE UNITARIA PVC/PE/PVDC-AL	APIXABAN	APIXABAN			Compressa rivestita con film	B01AF02	TEVA ITALIA S.R.L.	Autorizzata	Procedura Mutuo riconoscimento o Decentrata	Medicinali soggetti a prescrizione medica limitativa, vendibili al pubblico su prescrizione di centri ospedalieri o di specialisti
048461178	048461	APIXABAN TEVA	5 MG COMPRESSE RIVESTITE CON FILM- 28X1 COMPRESSE IN BLISTER DIVISIBILE PER DOSE UNITARIA PVC/PE/PVDC-AL	APIXABAN	APIXABAN			Compressa rivestita con film	B01AF02	TEVA ITALIA S.R.L.	Autorizzata	Procedura Mutuo riconoscimento o Decentrata	Medicinali soggetti a prescrizione medica limitativa, vendibili al pubblico su prescrizione di centri ospedalieri o di specialisti
048461180	048461	APIXABAN TEVA	5 MG COMPRESSE RIVESTITE CON FILM- 30X1 COMPRESSE IN BLISTER DIVISIBILE PER DOSE UNITARIA PVC/PE/PVDC-AL	APIXABAN	APIXABAN			Compressa rivestita con film	B01AF02	TEVA ITALIA S.R.L.	Autorizzata	Procedura Mutuo riconoscimento o Decentrata	Medicinali soggetti a prescrizione medica limitativa, vendibili al pubblico su prescrizione di centri ospedalieri o di specialisti
048461192	048461	APIXABAN TEVA	5 MG COMPRESSE RIVESTITE CON FILM- 56X1 COMPRESSE IN BLISTER DIVISIBILE PER DOSE UNITARIA PVC/PE/PVDC-AL	APIXABAN	APIXABAN			Compressa rivestita con film	B01AF02	TEVA ITALIA S.R.L.	Autorizzata	Procedura Mutuo riconoscimento o Decentrata	Medicinali soggetti a prescrizione medica limitativa, vendibili al pubblico su prescrizione di centri ospedalieri o di specialisti
048461204	048461	APIXABAN TEVA	5 MG COMPRESSE RIVESTITE CON FILM- 60X1 COMPRESSE IN BLISTER DIVISIBILE PER DOSE UNITARIA PVC/PE/PVDC-AL	APIXABAN	APIXABAN			Compressa rivestita con film	B01AF02	TEVA ITALIA S.R.L.	Autorizzata	Procedura Mutuo riconoscimento o Decentrata	Medicinali soggetti a prescrizione medica limitativa, vendibili al pubblico su prescrizione di centri ospedalieri o di specialisti
048461216	048461	APIXABAN TEVA	5 MG COMPRESSE RIVESTITE CON FILM- 100X1 COMPRESSE IN BLISTER DIVISIBILE PER DOSE UNITARIA PVC/PE/PVDC-AL	APIXABAN	APIXABAN			Compressa rivestita con film	B01AF02	TEVA ITALIA S.R.L.	Autorizzata	Procedura Mutuo riconoscimento o Decentrata	Medicinali soggetti a prescrizione medica limitativa, vendibili al pubblico su prescrizione di centri ospedalieri o di specialisti
048461228	048461	APIXABAN TEVA	5 MG COMPRESSE RIVESTITE CON FILM- 120X1 COMPRESSE IN BLISTER DIVISIBILE PER DOSE UNITARIA PVC/PE/PVDC-AL	APIXABAN	APIXABAN			Compressa rivestita con film	B01AF02	TEVA ITALIA S.R.L.	Autorizzata	Procedura Mutuo riconoscimento o Decentrata	Medicinali soggetti a prescrizione medica limitativa, vendibili al pubblico su prescrizione di centri ospedalieri o di specialisti
048461230	048461	APIXABAN TEVA	5 MG COMPRESSE RIVESTITE CON FILM- 168X1 COMPRESSE IN BLISTER DIVISIBILE PER DOSE UNITARIA PVC/PE/PVDC-AL	APIXABAN	APIXABAN			Compressa rivestita con film	B01AF02	TEVA ITALIA S.R.L.	Autorizzata	Procedura Mutuo riconoscimento o Decentrata	Medicinali soggetti a prescrizione medica limitativa, vendibili al pubblico su prescrizione di centri ospedalieri o di specialisti
048461242	048461	APIXABAN TEVA	5 MG COMPRESSE RIVESTITE CON FILM- 200X1 COMPRESSE IN BLISTER DIVISIBILE PER DOSE UNITARIA PVC/PE/PVDC-AL	APIXABAN	APIXABAN			Compressa rivestita con film	B01AF02	TEVA ITALIA S.R.L.	Autorizzata	Procedura Mutuo riconoscimento o Decentrata	Medicinali soggetti a prescrizione medica limitativa, utilizzabili esclusivamente in ambiente ospedaliero o in una struttura ad esso assimilabile
048461255	048461	APIXABAN TEVA	5 MG COMPRESSE RIVESTITE CON FILM- 180 COMPRESSE IN FLACONE HDPE	APIXABAN	APIXABAN			Compressa rivestita con film	B01AF02	TEVA ITALIA S.R.L.	Autorizzata	Procedura Mutuo riconoscimento o Decentrata	Medicinali soggetti a prescrizione medica limitativa, vendibili al pubblico su prescrizione di centri ospedalieri o di specialisti
048461267	048461	APIXABAN TEVA	5 MG COMPRESSE RIVESTITE CON FILM- 200 COMPRESSE IN FLACONE HDPE	APIXABAN	APIXABAN			Compressa rivestita con film	B01AF02	TEVA ITALIA S.R.L.	Autorizzata	Procedura Mutuo riconoscimento o Decentrata	Medicinali soggetti a prescrizione medica limitativa, utilizzabili esclusivamente in ambiente ospedaliero o in una struttura ad esso assimilabile
048461279	048461	APIXABAN TEVA	5 MG COMPRESSE RIVESTITE CON FILM- 500 COMPRESSE IN FLACONE HDPE	APIXABAN	APIXABAN			Compressa rivestita con film	B01AF02	TEVA ITALIA S.R.L.	Autorizzata	Procedura Mutuo riconoscimento o Decentrata	Medicinali soggetti a prescrizione medica limitativa, utilizzabili esclusivamente in ambiente ospedaliero o in una struttura ad esso assimilabile
048932014	048932	APIXABAN ACCORD	2,5 MG - COMPRESSA RIVESTITA CON FILM - USO ORALE - BLISTER (PVC/PVDC/ALU) - 10 COMPRESSE	APIXABAN	APIXABAN			Compressa rivestita con film	B01AF02	ACCORD HEALTHCARE, S.L.U.	Autorizzata	Procedura Centralizzata	Medicinali soggetti a prescrizione medica limitativa, vendibili al pubblico su prescrizione di centri ospedalieri o di specialisti
048932026	048932	APIXABAN ACCORD	2,5 MG - COMPRESSA RIVESTITA CON FILM - USO ORALE - BLISTER (PVC/PVDC/ALU) - 10 X 1 COMPRESSE (DOSE UNITARIA)	APIXABAN	APIXABAN			Compressa rivestita con film	B01AF02	ACCORD HEALTHCARE, S.L.U.	Autorizzata	Procedura Centralizzata	Medicinali soggetti a prescrizione medica limitativa, vendibili al pubblico su prescrizione di centri ospedalieri o di specialisti
048932038	048932	APIXABAN ACCORD	2,5 MG - COMPRESSA RIVESTITA CON FILM - USO ORALE - BLISTER (PVC/PVDC/ALU) - 14 COMPRESSE	APIXABAN	APIXABAN			Compressa rivestita con film	B01AF02	ACCORD HEALTHCARE, S.L.U.	Autorizzata	Procedura Centralizzata	Medicinali soggetti a prescrizione medica limitativa, vendibili al pubblico su prescrizione di centri ospedalieri o di specialisti
048932040	048932	APIXABAN ACCORD	2,5 MG - COMPRESSA RIVESTITA CON FILM - USO ORALE - BLISTER (PVC/PVDC/ALU) - 20 COMPRESSE	APIXABAN	APIXABAN			Compressa rivestita con film	B01AF02	ACCORD HEALTHCARE, S.L.U.	Autorizzata	Procedura Centralizzata	Medicinali soggetti a prescrizione medica limitativa, vendibili al pubblico su prescrizione di centri ospedalieri o di specialisti
048932053	048932	APIXABAN ACCORD	2,5 MG - COMPRESSA RIVESTITA CON FILM - USO ORALE - BLISTER (PVC/PVDC/ALU) - 20 X 1 COMPRESSE (DOSE UNITARIA)	APIXABAN	APIXABAN			Compressa rivestita con film	B01AF02	ACCORD HEALTHCARE, S.L.U.	Autorizzata	Procedura Centralizzata	Medicinali soggetti a prescrizione medica limitativa, vendibili al pubblico su prescrizione di centri ospedalieri o di specialisti
048932065	048932	APIXABAN ACCORD	2,5 MG - COMPRESSA RIVESTITA CON FILM - USO ORALE - BLISTER (PVC/PVDC/ALU) - 28 COMPRESSE	APIXABAN	APIXABAN			Compressa rivestita con film	B01AF02	ACCORD HEALTHCARE, S.L.U.	Autorizzata	Procedura Centralizzata	Medicinali soggetti a prescrizione medica limitativa, vendibili al pubblico su prescrizione di centri ospedalieri o di specialisti
048932077	048932	APIXABAN ACCORD	2,5 MG - COMPRESSA RIVESTITA CON FILM - USO ORALE - BLISTER (PVC/PVDC/ALU) - 28 X 1 COMPRESSE (DOSE UNITARIA)	APIXABAN	APIXABAN			Compressa rivestita con film	B01AF02	ACCORD HEALTHCARE, S.L.U.	Autorizzata	Procedura Centralizzata	Medicinali soggetti a prescrizione medica limitativa, vendibili al pubblico su prescrizione di centri ospedalieri o di specialisti
048932089	048932	APIXABAN ACCORD	2,5 MG - COMPRESSA RIVESTITA CON FILM - USO ORALE - BLISTER (PVC/PVDC/ALU) - 56 COMPRESSE	APIXABAN	APIXABAN			Compressa rivestita con film	B01AF02	ACCORD HEALTHCARE, S.L.U.	Autorizzata	Procedura Centralizzata	Medicinali soggetti a prescrizione medica limitativa, vendibili al pubblico su prescrizione di centri ospedalieri o di specialisti
048932091	048932	APIXABAN ACCORD	2,5 MG - COMPRESSA RIVESTITA CON FILM - USO ORALE - BLISTER (PVC/PVDC/ALU) - 56 X 1 COMPRESSE (DOSE UNITARIA)	APIXABAN	APIXABAN			Compressa rivestita con film	B01AF02	ACCORD HEALTHCARE, S.L.U.	Autorizzata	Procedura Centralizzata	Medicinali soggetti a prescrizione medica limitativa, vendibili al pubblico su prescrizione di centri ospedalieri o di specialisti
048932103	048932	APIXABAN ACCORD	2,5 MG - COMPRESSA RIVESTITA CON FILM - USO ORALE - BLISTER (PVC/PVDC/ALU) - 60 COMPRESSE	APIXABAN	APIXABAN			Compressa rivestita con film	B01AF02	ACCORD HEALTHCARE, S.L.U.	Autorizzata	Procedura Centralizzata	Medicinali soggetti a prescrizione medica limitativa, vendibili al pubblico su prescrizione di centri ospedalieri o di specialisti
048932115	048932	APIXABAN ACCORD	2,5 MG - COMPRESSA RIVESTITA CON FILM - USO ORALE - BLISTER (PVC/PVDC/ALU) - 60 X 1 COMPRESSE (DOSE UNITARIA)	APIXABAN	APIXABAN			Compressa rivestita con film	B01AF02	ACCORD HEALTHCARE, S.L.U.	Autorizzata	Procedura Centralizzata	Medicinali soggetti a prescrizione medica limitativa, vendibili al pubblico su prescrizione di centri ospedalieri o di specialisti
048932127	048932	APIXABAN ACCORD	2,5 MG - COMPRESSA RIVESTITA CON FILM - USO ORALE - BLISTER (PVC/PVDC/ALU) - 100 COMPRESSE	APIXABAN	APIXABAN			Compressa rivestita con film	B01AF02	ACCORD HEALTHCARE, S.L.U.	Autorizzata	Procedura Centralizzata	Medicinali soggetti a prescrizione medica limitativa, vendibili al pubblico su prescrizione di centri ospedalieri o di specialisti
048932139	048932	APIXABAN ACCORD	2,5 MG - COMPRESSA RIVESTITA CON FILM - USO ORALE - BLISTER (PVC/PVDC/ALU) - 100 X 1 COMPRESSE (DOSE UNITARIA)	APIXABAN	APIXABAN			Compressa rivestita con film	B01AF02	ACCORD HEALTHCARE, S.L.U.	Autorizzata	Procedura Centralizzata	Medicinali soggetti a prescrizione medica limitativa, vendibili al pubblico su prescrizione di centri ospedalieri o di specialisti
048932141	048932	APIXABAN ACCORD	2,5 MG - COMPRESSA RIVESTITA CON FILM - USO ORALE - BLISTER (PVC/PVDC/ALU) - 112 COMPRESSE	APIXABAN	APIXABAN			Compressa rivestita con film	B01AF02	ACCORD HEALTHCARE, S.L.U.	Autorizzata	Procedura Centralizzata	Medicinali soggetti a prescrizione medica limitativa, vendibili al pubblico su prescrizione di centri ospedalieri o di specialisti
048932154	048932	APIXABAN ACCORD	2,5 MG - COMPRESSA RIVESTITA CON FILM - USO ORALE - BOTTLE (HDPE) - 60 COMPRESSE	APIXABAN	APIXABAN			Compressa rivestita con film	B01AF02	ACCORD HEALTHCARE, S.L.U.	Autorizzata	Procedura Centralizzata	Medicinali soggetti a prescrizione medica limitativa, vendibili al pubblico su prescrizione di centri ospedalieri o di specialisti
048932166	048932	APIXABAN ACCORD	2,5 MG - COMPRESSA RIVESTITA CON FILM - USO ORALE - BOTTLE (HDPE) - 100 COMPRESSE	APIXABAN	APIXABAN			Compressa rivestita con film	B01AF02	ACCORD HEALTHCARE, S.L.U.	Autorizzata	Procedura Centralizzata	Medicinali soggetti a prescrizione medica limitativa, vendibili al pubblico su prescrizione di centri ospedalieri o di specialisti
048932178	048932	APIXABAN ACCORD	2,5 MG - COMPRESSA RIVESTITA CON FILM - USO ORALE - BOTTLE (HDPE) - 168 COMPRESSE	APIXABAN	APIXABAN			Compressa rivestita con film	B01AF02	ACCORD HEALTHCARE, S.L.U.	Autorizzata	Procedura Centralizzata	Medicinali soggetti a prescrizione medica limitativa, vendibili al pubblico su prescrizione di centri ospedalieri o di specialisti
048932180	048932	APIXABAN ACCORD	2,5 MG - COMPRESSA RIVESTITA CON FILM - USO ORALE - BOTTLE (HDPE) - 180 COMPRESSE	APIXABAN	APIXABAN			Compressa rivestita con film	B01AF02	ACCORD HEALTHCARE, S.L.U.	Autorizzata	Procedura Centralizzata	Medicinali soggetti a prescrizione medica limitativa, vendibili al pubblico su prescrizione di centri ospedalieri o di specialisti
048932192	048932	APIXABAN ACCORD	2,5 MG - COMPRESSA RIVESTITA CON FILM - USO ORALE - BOTTLE (HDPE) - 200 COMPRESSE	APIXABAN	APIXABAN			Compressa rivestita con film	B01AF02	ACCORD HEALTHCARE, S.L.U.	Autorizzata	Procedura Centralizzata	Medicinali soggetti a prescrizione medica limitativa, utilizzabili esclusivamente in ambiente ospedaliero o in una struttura ad esso assimilabile
048932204	048932	APIXABAN ACCORD	2,5 MG - COMPRESSA RIVESTITA CON FILM - USO ORALE - BOTTLE (HDPE) - 1000 COMPRESSE	APIXABAN	APIXABAN			Compressa rivestita con film	B01AF02	ACCORD HEALTHCARE, S.L.U.	Autorizzata	Procedura Centralizzata	Medicinali soggetti a prescrizione medica limitativa, utilizzabili esclusivamente in ambiente ospedaliero o in una struttura ad esso assimilabile
048932216	048932	APIXABAN ACCORD	5 MG - COMPRESSA RIVESTITA CON FILM - USO ORALE - BLISTER (PVC/PVDC/ALU) - 10 COMPRESSE	APIXABAN	APIXABAN			Compressa rivestita con film	B01AF02	ACCORD HEALTHCARE, S.L.U.	Autorizzata	Procedura Centralizzata	Medicinali soggetti a prescrizione medica limitativa, vendibili al pubblico su prescrizione di centri ospedalieri o di specialisti
048932228	048932	APIXABAN ACCORD	5 MG - COMPRESSA RIVESTITA CON FILM - USO ORALE - BLISTER (PVC/PVDC/ALU) - 10 X 1 COMPRESSE (DOSE UNITARIA)	APIXABAN	APIXABAN			Compressa rivestita con film	B01AF02	ACCORD HEALTHCARE, S.L.U.	Autorizzata	Procedura Centralizzata	Medicinali soggetti a prescrizione medica limitativa, vendibili al pubblico su prescrizione di centri ospedalieri o di specialisti
048932230	048932	APIXABAN ACCORD	5 MG - COMPRESSA RIVESTITA CON FILM - USO ORALE - BLISTER (PVC/PVDC/ALU) - 14 COMPRESSE	APIXABAN	APIXABAN			Compressa rivestita con film	B01AF02	ACCORD HEALTHCARE, S.L.U.	Autorizzata	Procedura Centralizzata	Medicinali soggetti a prescrizione medica limitativa, vendibili al pubblico su prescrizione di centri ospedalieri o di specialisti
048932242	048932	APIXABAN ACCORD	5 MG - COMPRESSA RIVESTITA CON FILM - USO ORALE - BLISTER (PVC/PVDC/ALU) - 20 COMPRESSE	APIXABAN	APIXABAN			Compressa rivestita con film	B01AF02	ACCORD HEALTHCARE, S.L.U.	Autorizzata	Procedura Centralizzata	Medicinali soggetti a prescrizione medica limitativa, vendibili al pubblico su prescrizione di centri ospedalieri o di specialisti
048932255	048932	APIXABAN ACCORD	5 MG - COMPRESSA RIVESTITA CON FILM - USO ORALE - BLISTER (PVC/PVDC/ALU) - 20 X 1 COMPRESSE (DOSE UNITARIA)	APIXABAN	APIXABAN			Compressa rivestita con film	B01AF02	ACCORD HEALTHCARE, S.L.U.	Autorizzata	Procedura Centralizzata	Medicinali soggetti a prescrizione medica limitativa, vendibili al pubblico su prescrizione di centri ospedalieri o di specialisti
048932267	048932	APIXABAN ACCORD	5 MG - COMPRESSA RIVESTITA CON FILM - USO ORALE - BLISTER (PVC/PVDC/ALU) - 28 COMPRESSE	APIXABAN	APIXABAN			Compressa rivestita con film	B01AF02	ACCORD HEALTHCARE, S.L.U.	Autorizzata	Procedura Centralizzata	Medicinali soggetti a prescrizione medica limitativa, vendibili al pubblico su prescrizione di centri ospedalieri o di specialisti
048932279	048932	APIXABAN ACCORD	5 MG - COMPRESSA RIVESTITA CON FILM - USO ORALE - BLISTER (PVC/PVDC/ALU) - 28 X 1 COMPRESSE (DOSE UNITARIA)	APIXABAN	APIXABAN			Compressa rivestita con film	B01AF02	ACCORD HEALTHCARE, S.L.U.	Autorizzata	Procedura Centralizzata	Medicinali soggetti a prescrizione medica limitativa, vendibili al pubblico su prescrizione di centri ospedalieri o di specialisti
048932281	048932	APIXABAN ACCORD	5 MG - COMPRESSA RIVESTITA CON FILM - USO ORALE - BLISTER (PVC/PVDC/ALU) - 56 COMPRESSE	APIXABAN	APIXABAN			Compressa rivestita con film	B01AF02	ACCORD HEALTHCARE, S.L.U.	Autorizzata	Procedura Centralizzata	Medicinali soggetti a prescrizione medica limitativa, vendibili al pubblico su prescrizione di centri ospedalieri o di specialisti
048932293	048932	APIXABAN ACCORD	5 MG - COMPRESSA RIVESTITA CON FILM - USO ORALE - BLISTER (PVC/PVDC/ALU) - 56 X 1 COMPRESSE (DOSE UNITARIA)	APIXABAN	APIXABAN			Compressa rivestita con film	B01AF02	ACCORD HEALTHCARE, S.L.U.	Autorizzata	Procedura Centralizzata	Medicinali soggetti a prescrizione medica limitativa, vendibili al pubblico su prescrizione di centri ospedalieri o di specialisti
048932305	048932	APIXABAN ACCORD	5 MG - COMPRESSA RIVESTITA CON FILM - USO ORALE - BLISTER (PVC/PVDC/ALU) - 60 COMPRESSE	APIXABAN	APIXABAN			Compressa rivestita con film	B01AF02	ACCORD HEALTHCARE, S.L.U.	Autorizzata	Procedura Centralizzata	Medicinali soggetti a prescrizione medica limitativa, vendibili al pubblico su prescrizione di centri ospedalieri o di specialisti
048932317	048932	APIXABAN ACCORD	5 MG - COMPRESSA RIVESTITA CON FILM - USO ORALE - BLISTER (PVC/PVDC/ALU) - 60 X 1 COMPRESSE (DOSE UNITARIA)	APIXABAN	APIXABAN			Compressa rivestita con film	B01AF02	ACCORD HEALTHCARE, S.L.U.	Autorizzata	Procedura Centralizzata	Medicinali soggetti a prescrizione medica limitativa, vendibili al pubblico su prescrizione di centri ospedalieri o di specialisti
048932329	048932	APIXABAN ACCORD	5 MG - COMPRESSA RIVESTITA CON FILM - USO ORALE - BLISTER (PVC/PVDC/ALU) - 100 COMPRESSE	APIXABAN	APIXABAN			Compressa rivestita con film	B01AF02	ACCORD HEALTHCARE, S.L.U.	Autorizzata	Procedura Centralizzata	Medicinali soggetti a prescrizione medica limitativa, vendibili al pubblico su prescrizione di centri ospedalieri o di specialisti
048932331	048932	APIXABAN ACCORD	5 MG - COMPRESSA RIVESTITA CON FILM - USO ORALE - BLISTER (PVC/PVDC/ALU) - 100 X 1 COMPRESSE (DOSE UNITARIA)	APIXABAN	APIXABAN			Compressa rivestita con film	B01AF02	ACCORD HEALTHCARE, S.L.U.	Autorizzata	Procedura Centralizzata	Medicinali soggetti a prescrizione medica limitativa, vendibili al pubblico su prescrizione di centri ospedalieri o di specialisti
048932343	048932	APIXABAN ACCORD	5 MG - COMPRESSA RIVESTITA CON FILM - USO ORALE - BLISTER (PVC/PVDC/ALU) - 112 COMPRESSE	APIXABAN	APIXABAN			Compressa rivestita con film	B01AF02	ACCORD HEALTHCARE, S.L.U.	Autorizzata	Procedura Centralizzata	Medicinali soggetti a prescrizione medica limitativa, vendibili al pubblico su prescrizione di centri ospedalieri o di specialisti
048932356	048932	APIXABAN ACCORD	5 MG - COMPRESSA RIVESTITA CON FILM - USO ORALE - BOTTLE (HDPE) - 60 COMPRESSE	APIXABAN	APIXABAN			Compressa rivestita con film	B01AF02	ACCORD HEALTHCARE, S.L.U.	Autorizzata	Procedura Centralizzata	Medicinali soggetti a prescrizione medica limitativa, vendibili al pubblico su prescrizione di centri ospedalieri o di specialisti
048932368	048932	APIXABAN ACCORD	5 MG - COMPRESSA RIVESTITA CON FILM - USO ORALE - BOTTLE (HDPE) - 100 COMPRESSE	APIXABAN	APIXABAN			Compressa rivestita con film	B01AF02	ACCORD HEALTHCARE, S.L.U.	Autorizzata	Procedura Centralizzata	Medicinali soggetti a prescrizione medica limitativa, vendibili al pubblico su prescrizione di centri ospedalieri o di specialisti
048932370	048932	APIXABAN ACCORD	5 MG - COMPRESSA RIVESTITA CON FILM - USO ORALE - BOTTLE (HDPE) - 168 COMPRESSE	APIXABAN	APIXABAN			Compressa rivestita con film	B01AF02	ACCORD HEALTHCARE, S.L.U.	Autorizzata	Procedura Centralizzata	Medicinali soggetti a prescrizione medica limitativa, vendibili al pubblico su prescrizione di centri ospedalieri o di specialisti
048932382	048932	APIXABAN ACCORD	5 MG - COMPRESSA RIVESTITA CON FILM - USO ORALE - BOTTLE (HDPE) - 180 COMPRESSE	APIXABAN	APIXABAN			Compressa rivestita con film	B01AF02	ACCORD HEALTHCARE, S.L.U.	Autorizzata	Procedura Centralizzata	Medicinali soggetti a prescrizione medica limitativa, vendibili al pubblico su prescrizione di centri ospedalieri o di specialisti
048932394	048932	APIXABAN ACCORD	5 MG - COMPRESSA RIVESTITA CON FILM - USO ORALE - BOTTLE (HDPE) - 200 COMPRESSE	APIXABAN	APIXABAN			Compressa rivestita con film	B01AF02	ACCORD HEALTHCARE, S.L.U.	Autorizzata	Procedura Centralizzata	Medicinali soggetti a prescrizione medica limitativa, utilizzabili esclusivamente in ambiente ospedaliero o in una struttura ad esso assimilabile
048932406	048932	APIXABAN ACCORD	5 MG - COMPRESSA RIVESTITA CON FILM - USO ORALE - BOTTLE (HDPE) - 1000 COMPRESSE	APIXABAN	APIXABAN			Compressa rivestita con film	B01AF02	ACCORD HEALTHCARE, S.L.U.	Autorizzata	Procedura Centralizzata	Medicinali soggetti a prescrizione medica limitativa, utilizzabili esclusivamente in ambiente ospedaliero o in una struttura ad esso assimilabile
048932418	048932	APIXABAN ACCORD	2,5 MG - COMPRESSA RIVESTITA CON FILM - USO ORALE - BLISTER (PVC/PVDC/ALU) 168 COMPRESSE	APIXABAN	APIXABAN			Compressa rivestita con film	B01AF02	ACCORD HEALTHCARE, S.L.U.	Autorizzata	Procedura Centralizzata	Medicinali soggetti a prescrizione medica limitativa, vendibili al pubblico su prescrizione di centri ospedalieri o di specialisti
048932420	048932	APIXABAN ACCORD	2,5 MG - COMPRESSA RIVESTITA CON FILM - USO ORALE - BLISTER (PVC/PVDC/ALU) - 168 X 1 COMPRESSE (DOSE UNITARIA)	APIXABAN	APIXABAN			Compressa rivestita con film	B01AF02	ACCORD HEALTHCARE, S.L.U.	Autorizzata	Procedura Centralizzata	Medicinali soggetti a prescrizione medica limitativa, vendibili al pubblico su prescrizione di centri ospedalieri o di specialisti
048932432	048932	APIXABAN ACCORD	2,5 MG - COMPRESSA RIVESTITA CON FILM - USO ORALE - BLISTER (PVC/PVDC/ALU) - 200 COMPRESSE	APIXABAN	APIXABAN			Compressa rivestita con film	B01AF02	ACCORD HEALTHCARE, S.L.U.	Autorizzata	Procedura Centralizzata	Medicinali soggetti a prescrizione medica limitativa, utilizzabili esclusivamente in ambiente ospedaliero o in una struttura ad esso assimilabile
048932444	048932	APIXABAN ACCORD	5 MG - COMPRESSA RIVESTITA CON FILM - USO ORALE - BLISTER (PVC/PVDC/ALU) - 168 COMPRESSE	APIXABAN	APIXABAN			Compressa rivestita con film	B01AF02	ACCORD HEALTHCARE, S.L.U.	Autorizzata	Procedura Centralizzata	Medicinali soggetti a prescrizione medica limitativa, vendibili al pubblico su prescrizione di centri ospedalieri o di specialisti
048932457	048932	APIXABAN ACCORD	5 MG - COMPRESSA RIVESTITA CON FILM - USO ORALE - BLISTER (PVC/PVDC/ALU) - 168 X 1 COMPRESSE (DOSE UNITARIA)	APIXABAN	APIXABAN			Compressa rivestita con film	B01AF02	ACCORD HEALTHCARE, S.L.U.	Autorizzata	Procedura Centralizzata	Medicinali soggetti a prescrizione medica limitativa, vendibili al pubblico su prescrizione di centri ospedalieri o di specialisti
048932469	048932	APIXABAN ACCORD	5 MG - COMPRESSA RIVESTITA CON FILM - USO ORALE - BLISTER (PVC/PVDC/ALU) - 200 COMPRESSE	APIXABAN	APIXABAN			Compressa rivestita con film	B01AF02	ACCORD HEALTHCARE, S.L.U.	Autorizzata	Procedura Centralizzata	Medicinali soggetti a prescrizione medica limitativa, utilizzabili esclusivamente in ambiente ospedaliero o in una struttura ad esso assimilabile
049518018	049518	APIXABAN MYLAN	2,5 MG COMPRESSE RIVESTITE CON FILM- 10 COMPRESSE IN BLISTER PVC/PVDC-AL	APIXABAN	APIXABAN			Compressa rivestita con film	B01AF02	MYLAN S.P.A.	Autorizzata	Procedura Mutuo riconoscimento o Decentrata	Medicinali soggetti a prescrizione medica limitativa, vendibili al pubblico su prescrizione di centri ospedalieri o di specialisti
049518020	049518	APIXABAN MYLAN	2,5 MG COMPRESSE RIVESTITE CON FILM- 20 COMPRESSE IN BLISTER PVC/PVDC-AL	APIXABAN	APIXABAN			Compressa rivestita con film	B01AF02	MYLAN S.P.A.	Autorizzata	Procedura Mutuo riconoscimento o Decentrata	Medicinali soggetti a prescrizione medica limitativa, vendibili al pubblico su prescrizione di centri ospedalieri o di specialisti
049518032	049518	APIXABAN MYLAN	2,5 MG COMPRESSE RIVESTITE CON FILM- 56 COMPRESSE IN BLISTER PVC/PVDC-AL	APIXABAN	APIXABAN			Compressa rivestita con film	B01AF02	MYLAN S.P.A.	Autorizzata	Procedura Mutuo riconoscimento o Decentrata	Medicinali soggetti a prescrizione medica limitativa, vendibili al pubblico su prescrizione di centri ospedalieri o di specialisti
049518044	049518	APIXABAN MYLAN	2,5 MG COMPRESSE RIVESTITE CON FILM- 60 COMPRESSE IN BLISTER PVC/PVDC-AL	APIXABAN	APIXABAN			Compressa rivestita con film	B01AF02	MYLAN S.P.A.	Autorizzata	Procedura Mutuo riconoscimento o Decentrata	Medicinali soggetti a prescrizione medica limitativa, vendibili al pubblico su prescrizione di centri ospedalieri o di specialisti
049518057	049518	APIXABAN MYLAN	2,5 MG COMPRESSE RIVESTITE CON FILM- 100 COMPRESSE IN BLISTER PVC/PVDC-AL	APIXABAN	APIXABAN			Compressa rivestita con film	B01AF02	MYLAN S.P.A.	Autorizzata	Procedura Mutuo riconoscimento o Decentrata	Medicinali soggetti a prescrizione medica limitativa, vendibili al pubblico su prescrizione di centri ospedalieri o di specialisti
049518069	049518	APIXABAN MYLAN	2,5 MG COMPRESSE RIVESTITE CON FILM- 168 COMPRESSE IN BLISTER PVC/PVDC-AL	APIXABAN	APIXABAN			Compressa rivestita con film	B01AF02	MYLAN S.P.A.	Autorizzata	Procedura Mutuo riconoscimento o Decentrata	Medicinali soggetti a prescrizione medica limitativa, vendibili al pubblico su prescrizione di centri ospedalieri o di specialisti
049518071	049518	APIXABAN MYLAN	2,5 MG COMPRESSE RIVESTITE CON FILM- 200 COMPRESSE IN BLISTER PVC/PVDC-AL	APIXABAN	APIXABAN			Compressa rivestita con film	B01AF02	MYLAN S.P.A.	Autorizzata	Procedura Mutuo riconoscimento o Decentrata	Medicinali soggetti a prescrizione medica limitativa, utilizzabili esclusivamente in ambiente ospedaliero o in una struttura ad esso assimilabile
049518083	049518	APIXABAN MYLAN	2,5 MG COMPRESSE RIVESTITE CON FILM- 10X1 COMPRESSE IN BLISTER DIVISIBILE PER DOSE UNITARIA PVC/PVDC-AL	APIXABAN	APIXABAN			Compressa rivestita con film	B01AF02	MYLAN S.P.A.	Autorizzata	Procedura Mutuo riconoscimento o Decentrata	Medicinali soggetti a prescrizione medica limitativa, vendibili al pubblico su prescrizione di centri ospedalieri o di specialisti
049518095	049518	APIXABAN MYLAN	2,5 MG COMPRESSE RIVESTITE CON FILM- 20X1 COMPRESSE IN BLISTER DIVISIBILE PER DOSE UNITARIA PVC/PVDC-AL	APIXABAN	APIXABAN			Compressa rivestita con film	B01AF02	MYLAN S.P.A.	Autorizzata	Procedura Mutuo riconoscimento o Decentrata	Medicinali soggetti a prescrizione medica limitativa, vendibili al pubblico su prescrizione di centri ospedalieri o di specialisti
049518107	049518	APIXABAN MYLAN	2,5 MG COMPRESSE RIVESTITE CON FILM- 56X1 COMPRESSE IN BLISTER DIVISIBILE PER DOSE UNITARIA PVC/PVDC-AL	APIXABAN	APIXABAN			Compressa rivestita con film	B01AF02	MYLAN S.P.A.	Autorizzata	Procedura Mutuo riconoscimento o Decentrata	Medicinali soggetti a prescrizione medica limitativa, vendibili al pubblico su prescrizione di centri ospedalieri o di specialisti
049518119	049518	APIXABAN MYLAN	2,5 MG COMPRESSE RIVESTITE CON FILM- 60X1 COMPRESSE IN BLISTER DIVISIBILE PER DOSE UNITARIA PVC/PVDC-AL	APIXABAN	APIXABAN			Compressa rivestita con film	B01AF02	MYLAN S.P.A.	Autorizzata	Procedura Mutuo riconoscimento o Decentrata	Medicinali soggetti a prescrizione medica limitativa, vendibili al pubblico su prescrizione di centri ospedalieri o di specialisti
049518121	049518	APIXABAN MYLAN	2,5 MG COMPRESSE RIVESTITE CON FILM- 100X1 COMPRESSE IN BLISTER DIVISIBILE PER DOSE UNITARIA PVC/PVDC-AL	APIXABAN	APIXABAN			Compressa rivestita con film	B01AF02	MYLAN S.P.A.	Autorizzata	Procedura Mutuo riconoscimento o Decentrata	Medicinali soggetti a prescrizione medica limitativa, vendibili al pubblico su prescrizione di centri ospedalieri o di specialisti
049518133	049518	APIXABAN MYLAN	2,5 MG COMPRESSE RIVESTITE CON FILM- 168X1 COMPRESSE IN BLISTER DIVISIBILE PER DOSE UNITARIA PVC/PVDC-AL	APIXABAN	APIXABAN			Compressa rivestita con film	B01AF02	MYLAN S.P.A.	Autorizzata	Procedura Mutuo riconoscimento o Decentrata	Medicinali soggetti a prescrizione medica limitativa, vendibili al pubblico su prescrizione di centri ospedalieri o di specialisti
049518145	049518	APIXABAN MYLAN	2,5 MG COMPRESSE RIVESTITE CON FILM- 200X1 COMPRESSE IN BLISTER DIVISIBILE PER DOSE UNITARIA PVC/PVDC-AL	APIXABAN	APIXABAN			Compressa rivestita con film	B01AF02	MYLAN S.P.A.	Autorizzata	Procedura Mutuo riconoscimento o Decentrata	Medicinali soggetti a prescrizione medica limitativa, utilizzabili esclusivamente in ambiente ospedaliero o in una struttura ad esso assimilabile
049518158	049518	APIXABAN MYLAN	2,5 MG COMPRESSE RIVESTITE CON FILM- 60 COMPRESSE IN FLACONE HDPE	APIXABAN	APIXABAN			Compressa rivestita con film	B01AF02	MYLAN S.P.A.	Autorizzata	Procedura Mutuo riconoscimento o Decentrata	Medicinali soggetti a prescrizione medica limitativa, vendibili al pubblico su prescrizione di centri ospedalieri o di specialisti
049518160	049518	APIXABAN MYLAN	2,5 MG COMPRESSE RIVESTITE CON FILM- 180 COMPRESSE IN FLACONE HDPE	APIXABAN	APIXABAN			Compressa rivestita con film	B01AF02	MYLAN S.P.A.	Autorizzata	Procedura Mutuo riconoscimento o Decentrata	Medicinali soggetti a prescrizione medica limitativa, vendibili al pubblico su prescrizione di centri ospedalieri o di specialisti
049518172	049518	APIXABAN MYLAN	2,5 MG COMPRESSE RIVESTITE CON FILM- 1000 COMPRESSE IN FLACONE HDPE	APIXABAN	APIXABAN			Compressa rivestita con film	B01AF02	MYLAN S.P.A.	Autorizzata	Procedura Mutuo riconoscimento o Decentrata	Medicinali soggetti a prescrizione medica limitativa, utilizzabili esclusivamente in ambiente ospedaliero o in una struttura ad esso assimilabile
049518184	049518	APIXABAN MYLAN	5 MG COMPRESSE RIVESTITE CON FILM- 14 COMPRESSE IN BLISTER PVC/PVDC-AL	APIXABAN	APIXABAN			Compressa rivestita con film	B01AF02	MYLAN S.P.A.	Autorizzata	Procedura Mutuo riconoscimento o Decentrata	Medicinali soggetti a prescrizione medica limitativa, vendibili al pubblico su prescrizione di centri ospedalieri o di specialisti
049518196	049518	APIXABAN MYLAN	5 MG COMPRESSE RIVESTITE CON FILM- 20 COMPRESSE IN BLISTER PVC/PVDC-AL	APIXABAN	APIXABAN			Compressa rivestita con film	B01AF02	MYLAN S.P.A.	Autorizzata	Procedura Mutuo riconoscimento o Decentrata	Medicinali soggetti a prescrizione medica limitativa, vendibili al pubblico su prescrizione di centri ospedalieri o di specialisti
049518208	049518	APIXABAN MYLAN	5 MG COMPRESSE RIVESTITE CON FILM- 28 COMPRESSE IN BLISTER PVC/PVDC-AL	APIXABAN	APIXABAN			Compressa rivestita con film	B01AF02	MYLAN S.P.A.	Autorizzata	Procedura Mutuo riconoscimento o Decentrata	Medicinali soggetti a prescrizione medica limitativa, vendibili al pubblico su prescrizione di centri ospedalieri o di specialisti
049518210	049518	APIXABAN MYLAN	5 MG COMPRESSE RIVESTITE CON FILM- 56 COMPRESSE IN BLISTER PVC/PVDC-AL	APIXABAN	APIXABAN			Compressa rivestita con film	B01AF02	MYLAN S.P.A.	Autorizzata	Procedura Mutuo riconoscimento o Decentrata	Medicinali soggetti a prescrizione medica limitativa, vendibili al pubblico su prescrizione di centri ospedalieri o di specialisti
049518222	049518	APIXABAN MYLAN	5 MG COMPRESSE RIVESTITE CON FILM- 60 COMPRESSE IN BLISTER PVC/PVDC-AL	APIXABAN	APIXABAN			Compressa rivestita con film	B01AF02	MYLAN S.P.A.	Autorizzata	Procedura Mutuo riconoscimento o Decentrata	Medicinali soggetti a prescrizione medica limitativa, vendibili al pubblico su prescrizione di centri ospedalieri o di specialisti
049518234	049518	APIXABAN MYLAN	5 MG COMPRESSE RIVESTITE CON FILM- 100 COMPRESSE IN BLISTER PVC/PVDC-AL	APIXABAN	APIXABAN			Compressa rivestita con film	B01AF02	MYLAN S.P.A.	Autorizzata	Procedura Mutuo riconoscimento o Decentrata	Medicinali soggetti a prescrizione medica limitativa, vendibili al pubblico su prescrizione di centri ospedalieri o di specialisti
049518246	049518	APIXABAN MYLAN	5 MG COMPRESSE RIVESTITE CON FILM- 168 COMPRESSE IN BLISTER PVC/PVDC-AL	APIXABAN	APIXABAN			Compressa rivestita con film	B01AF02	MYLAN S.P.A.	Autorizzata	Procedura Mutuo riconoscimento o Decentrata	Medicinali soggetti a prescrizione medica limitativa, vendibili al pubblico su prescrizione di centri ospedalieri o di specialisti
049518259	049518	APIXABAN MYLAN	5 MG COMPRESSE RIVESTITE CON FILM- 200 COMPRESSE IN BLISTER PVC/PVDC-AL	APIXABAN	APIXABAN			Compressa rivestita con film	B01AF02	MYLAN S.P.A.	Autorizzata	Procedura Mutuo riconoscimento o Decentrata	Medicinali soggetti a prescrizione medica limitativa, utilizzabili esclusivamente in ambiente ospedaliero o in una struttura ad esso assimilabile
049518261	049518	APIXABAN MYLAN	5 MG COMPRESSE RIVESTITE CON FILM- 14X1 COMPRESSE IN BLISTER DIVISIBILE PER DOSE UNITARIA PVC/PVDC-AL	APIXABAN	APIXABAN			Compressa rivestita con film	B01AF02	MYLAN S.P.A.	Autorizzata	Procedura Mutuo riconoscimento o Decentrata	Medicinali soggetti a prescrizione medica limitativa, vendibili al pubblico su prescrizione di centri ospedalieri o di specialisti
049518273	049518	APIXABAN MYLAN	5 MG COMPRESSE RIVESTITE CON FILM- 20X1 COMPRESSE IN BLISTER DIVISIBILE PER DOSE UNITARIA PVC/PVDC-AL	APIXABAN	APIXABAN			Compressa rivestita con film	B01AF02	MYLAN S.P.A.	Autorizzata	Procedura Mutuo riconoscimento o Decentrata	Medicinali soggetti a prescrizione medica limitativa, vendibili al pubblico su prescrizione di centri ospedalieri o di specialisti
049518285	049518	APIXABAN MYLAN	5 MG COMPRESSE RIVESTITE CON FILM- 28X1 COMPRESSE IN BLISTER DIVISIBILE PER DOSE UNITARIA PVC/PVDC-AL	APIXABAN	APIXABAN			Compressa rivestita con film	B01AF02	MYLAN S.P.A.	Autorizzata	Procedura Mutuo riconoscimento o Decentrata	Medicinali soggetti a prescrizione medica limitativa, vendibili al pubblico su prescrizione di centri ospedalieri o di specialisti
049518297	049518	APIXABAN MYLAN	5 MG COMPRESSE RIVESTITE CON FILM- 56X1 COMPRESSE IN BLISTER DIVISIBILE PER DOSE UNITARIA PVC/PVDC-AL	APIXABAN	APIXABAN			Compressa rivestita con film	B01AF02	MYLAN S.P.A.	Autorizzata	Procedura Mutuo riconoscimento o Decentrata	Medicinali soggetti a prescrizione medica limitativa, vendibili al pubblico su prescrizione di centri ospedalieri o di specialisti
049518309	049518	APIXABAN MYLAN	5 MG COMPRESSE RIVESTITE CON FILM- 60X1 COMPRESSE IN BLISTER DIVISIBILE PER DOSE UNITARIA PVC/PVDC-AL	APIXABAN	APIXABAN			Compressa rivestita con film	B01AF02	MYLAN S.P.A.	Autorizzata	Procedura Mutuo riconoscimento o Decentrata	Medicinali soggetti a prescrizione medica limitativa, vendibili al pubblico su prescrizione di centri ospedalieri o di specialisti
049518311	049518	APIXABAN MYLAN	5 MG COMPRESSE RIVESTITE CON FILM- 100X1 COMPRESSE IN BLISTER DIVISIBILE PER DOSE UNITARIA PVC/PVDC-AL	APIXABAN	APIXABAN			Compressa rivestita con film	B01AF02	MYLAN S.P.A.	Autorizzata	Procedura Mutuo riconoscimento o Decentrata	Medicinali soggetti a prescrizione medica limitativa, vendibili al pubblico su prescrizione di centri ospedalieri o di specialisti
049518323	049518	APIXABAN MYLAN	5 MG COMPRESSE RIVESTITE CON FILM- 168X1 COMPRESSE IN BLISTER DIVISIBILE PER DOSE UNITARIA PVC/PVDC-AL	APIXABAN	APIXABAN			Compressa rivestita con film	B01AF02	MYLAN S.P.A.	Autorizzata	Procedura Mutuo riconoscimento o Decentrata	Medicinali soggetti a prescrizione medica limitativa, vendibili al pubblico su prescrizione di centri ospedalieri o di specialisti
049518335	049518	APIXABAN MYLAN	5 MG COMPRESSE RIVESTITE CON FILM- 200X1 COMPRESSE IN BLISTER DIVISIBILE PER DOSE UNITARIA PVC/PVDC-AL	APIXABAN	APIXABAN			Compressa rivestita con film	B01AF02	MYLAN S.P.A.	Autorizzata	Procedura Mutuo riconoscimento o Decentrata	Medicinali soggetti a prescrizione medica limitativa, utilizzabili esclusivamente in ambiente ospedaliero o in una struttura ad esso assimilabile
049518347	049518	APIXABAN MYLAN	5 MG COMPRESSE RIVESTITE CON FILM- 60 COMPRESSE IN FLACONE HDPE	APIXABAN	APIXABAN			Compressa rivestita con film	B01AF02	MYLAN S.P.A.	Autorizzata	Procedura Mutuo riconoscimento o Decentrata	Medicinali soggetti a prescrizione medica limitativa, vendibili al pubblico su prescrizione di centri ospedalieri o di specialisti
049518350	049518	APIXABAN MYLAN	5 MG COMPRESSE RIVESTITE CON FILM- 180 COMPRESSE IN FLACONE HDPE	APIXABAN	APIXABAN			Compressa rivestita con film	B01AF02	MYLAN S.P.A.	Autorizzata	Procedura Mutuo riconoscimento o Decentrata	Medicinali soggetti a prescrizione medica limitativa, vendibili al pubblico su prescrizione di centri ospedalieri o di specialisti
049518362	049518	APIXABAN MYLAN	5 MG COMPRESSE RIVESTITE CON FILM- 1000 COMPRESSE IN FLACONE HDPE	APIXABAN	APIXABAN			Compressa rivestita con film	B01AF02	MYLAN S.P.A.	Autorizzata	Procedura Mutuo riconoscimento o Decentrata	Medicinali soggetti a prescrizione medica limitativa, utilizzabili esclusivamente in ambiente ospedaliero o in una struttura ad esso assimilabile
049518374	049518	APIXABAN MYLAN	2,5 MG COMPRESSE RIVESTITE CON FILM- 120 COMPRESSE IN FLACONE HDPE	APIXABAN	APIXABAN			Compressa rivestita con film	B01AF02	MYLAN S.P.A.	Autorizzata	Procedura Mutuo riconoscimento o Decentrata	Medicinali soggetti a prescrizione medica limitativa, vendibili al pubblico su prescrizione di centri ospedalieri o di specialisti
049518386	049518	APIXABAN MYLAN	5 MG COMPRESSE RIVESTITE CON FILM- 120 COMPRESSE IN FLACONE HDPE	APIXABAN	APIXABAN			Compressa rivestita con film	B01AF02	MYLAN S.P.A.	Autorizzata	Procedura Mutuo riconoscimento o Decentrata	Medicinali soggetti a prescrizione medica limitativa, vendibili al pubblico su prescrizione di centri ospedalieri o di specialisti
049518398	049518	APIXABAN MYLAN	2,5 MG COMPRESSE RIVESTITE CON FILM- 100 COMPRESSE IN FLACONE HDPE	APIXABAN	APIXABAN			Compressa rivestita con film	B01AF02	MYLAN S.P.A.	Autorizzata	Procedura Mutuo riconoscimento o Decentrata	Medicinali soggetti a prescrizione medica limitativa, vendibili al pubblico su prescrizione di centri ospedalieri o di specialisti
049518400	049518	APIXABAN MYLAN	2,5 MG COMPRESSE RIVESTITE CON FILM- 200 (2 X 100) COMPRESSE IN FLACONE HDPE	APIXABAN	APIXABAN			Compressa rivestita con film	B01AF02	MYLAN S.P.A.	Autorizzata	Procedura Mutuo riconoscimento o Decentrata	Medicinali soggetti a prescrizione medica limitativa, utilizzabili esclusivamente in ambiente ospedaliero o in una struttura ad esso assimilabile
049518412	049518	APIXABAN MYLAN	5 MG COMPRESSE RIVESTITE CON FILM- 100 COMPRESSE IN FLACONE HDPE	APIXABAN	APIXABAN			Compressa rivestita con film	B01AF02	MYLAN S.P.A.	Autorizzata	Procedura Mutuo riconoscimento o Decentrata	Medicinali soggetti a prescrizione medica limitativa, vendibili al pubblico su prescrizione di centri ospedalieri o di specialisti
049518424	049518	APIXABAN MYLAN	5 MG COMPRESSE RIVESTITE CON FILM- 200 (2 X 100) COMPRESSE IN FLACONE HDPE	APIXABAN	APIXABAN			Compressa rivestita con film	B01AF02	MYLAN S.P.A.	Autorizzata	Procedura Mutuo riconoscimento o Decentrata	Medicinali soggetti a prescrizione medica limitativa, utilizzabili esclusivamente in ambiente ospedaliero o in una struttura ad esso assimilabile
049566019	049566	APIXABAN VI.REL PHARMA	2,5 MG COMPRESSE RIVESTITE CON FILM- 10 COMPRESSE IN BLISTER PVC/PVDC/AL	APIXABAN	APIXABAN			Compressa rivestita con film	B01AF02	VI.REL PHARMA S.R.L	Autorizzata	Procedura Nazionale	Medicinali soggetti a prescrizione medica limitativa, vendibili al pubblico su prescrizione di centri ospedalieri o di specialisti
049566021	049566	APIXABAN VI.REL PHARMA	2,5 MG COMPRESSE RIVESTITE CON FILM- 20 COMPRESSE IN BLISTER PVC/PVDC/AL	APIXABAN	APIXABAN			Compressa rivestita con film	B01AF02	VI.REL PHARMA S.R.L	Autorizzata	Procedura Nazionale	Medicinali soggetti a prescrizione medica limitativa, vendibili al pubblico su prescrizione di centri ospedalieri o di specialisti
049566033	049566	APIXABAN VI.REL PHARMA	2,5 MG COMPRESSE RIVESTITE CON FILM- 60 COMPRESSE IN BLISTER PVC/PVDC/AL	APIXABAN	APIXABAN			Compressa rivestita con film	B01AF02	VI.REL PHARMA S.R.L	Autorizzata	Procedura Nazionale	Medicinali soggetti a prescrizione medica limitativa, vendibili al pubblico su prescrizione di centri ospedalieri o di specialisti
049566045	049566	APIXABAN VI.REL PHARMA	2,5 MG COMPRESSE RIVESTITE CON FILM- 60 COMPRESSE IN BLISTER PVC/PVDC/AL DIVISIBILE PER DOSE UNITARIA	APIXABAN	APIXABAN			Compressa rivestita con film	B01AF02	VI.REL PHARMA S.R.L	Autorizzata	Procedura Nazionale	Medicinali soggetti a prescrizione medica limitativa, vendibili al pubblico su prescrizione di centri ospedalieri o di specialisti
049566058	049566	APIXABAN VI.REL PHARMA	2,5 MG COMPRESSE RIVESTITE CON FILM- 100 COMPRESSE IN BLISTER PVC/PVDC/AL DIVISIBILE PER DOSE UNITARIA	APIXABAN	APIXABAN			Compressa rivestita con film	B01AF02	VI.REL PHARMA S.R.L	Autorizzata	Procedura Nazionale	Medicinali soggetti a prescrizione medica limitativa, vendibili al pubblico su prescrizione di centri ospedalieri o di specialisti
049566060	049566	APIXABAN VI.REL PHARMA	2,5 MG COMPRESSE RIVESTITE CON FILM- 200 COMPRESSE IN BLISTER PVC/PVDC/AL	APIXABAN	APIXABAN			Compressa rivestita con film	B01AF02	VI.REL PHARMA S.R.L	Autorizzata	Procedura Nazionale	Medicinali soggetti a prescrizione medica limitativa, utilizzabili esclusivamente in ambiente ospedaliero o in una struttura ad esso assimilabile
049566072	049566	APIXABAN VI.REL PHARMA	5 MG COMPRESSE RIVESTITE CON FILM- 14 COMPRESSE IN BLISTER PVC/PVDC/AL	APIXABAN	APIXABAN			Compressa rivestita con film	B01AF02	VI.REL PHARMA S.R.L	Autorizzata	Procedura Nazionale	Medicinali soggetti a prescrizione medica limitativa, vendibili al pubblico su prescrizione di centri ospedalieri o di specialisti
049566084	049566	APIXABAN VI.REL PHARMA	5 MG COMPRESSE RIVESTITE CON FILM- 20 COMPRESSE IN BLISTER PVC/PVDC/AL	APIXABAN	APIXABAN			Compressa rivestita con film	B01AF02	VI.REL PHARMA S.R.L	Autorizzata	Procedura Nazionale	Medicinali soggetti a prescrizione medica limitativa, vendibili al pubblico su prescrizione di centri ospedalieri o di specialisti
049566096	049566	APIXABAN VI.REL PHARMA	5 MG COMPRESSE RIVESTITE CON FILM- 28 COMPRESSE IN BLISTER PVC/PVDC/AL	APIXABAN	APIXABAN			Compressa rivestita con film	B01AF02	VI.REL PHARMA S.R.L	Autorizzata	Procedura Nazionale	Medicinali soggetti a prescrizione medica limitativa, vendibili al pubblico su prescrizione di centri ospedalieri o di specialisti
049566108	049566	APIXABAN VI.REL PHARMA	5 MG COMPRESSE RIVESTITE CON FILM- 56 COMPRESSE IN BLISTER PVC/PVDC/AL	APIXABAN	APIXABAN			Compressa rivestita con film	B01AF02	VI.REL PHARMA S.R.L	Autorizzata	Procedura Nazionale	Medicinali soggetti a prescrizione medica limitativa, vendibili al pubblico su prescrizione di centri ospedalieri o di specialisti
049566110	049566	APIXABAN VI.REL PHARMA	5 MG COMPRESSE RIVESTITE CON FILM- 60 COMPRESSE IN BLISTER PVC/PVDC/AL	APIXABAN	APIXABAN			Compressa rivestita con film	B01AF02	VI.REL PHARMA S.R.L	Autorizzata	Procedura Nazionale	Medicinali soggetti a prescrizione medica limitativa, vendibili al pubblico su prescrizione di centri ospedalieri o di specialisti
049566122	049566	APIXABAN VI.REL PHARMA	5 MG COMPRESSE RIVESTITE CON FILM- 100 COMPRESSE IN BLISTER PVC/PVDC/AL DIVISIBILE PER DOSE UNITARIA	APIXABAN	APIXABAN			Compressa rivestita con film	B01AF02	VI.REL PHARMA S.R.L	Autorizzata	Procedura Nazionale	Medicinali soggetti a prescrizione medica limitativa, vendibili al pubblico su prescrizione di centri ospedalieri o di specialisti
049566134	049566	APIXABAN VI.REL PHARMA	5 MG COMPRESSE RIVESTITE CON FILM- 168 COMPRESSE IN BLISTER PVC/PVDC/AL	APIXABAN	APIXABAN			Compressa rivestita con film	B01AF02	VI.REL PHARMA S.R.L	Autorizzata	Procedura Nazionale	Medicinali soggetti a prescrizione medica limitativa, vendibili al pubblico su prescrizione di centri ospedalieri o di specialisti
049566146	049566	APIXABAN VI.REL PHARMA	5 MG COMPRESSE RIVESTITE CON FILM- 200 COMPRESSE IN BLISTER PVC/PVDC/AL	APIXABAN	APIXABAN			Compressa rivestita con film	B01AF02	VI.REL PHARMA S.R.L	Autorizzata	Procedura Nazionale	Medicinali soggetti a prescrizione medica limitativa, utilizzabili esclusivamente in ambiente ospedaliero o in una struttura ad esso assimilabile
049600012	049600	APIXABAN SANDOZ	2,5 MG COMPRESSE RIVESTITE CON FILM- 10 COMPRESSE IN BLISTER AL-PVC/PVDC	APIXABAN	APIXABAN			Compressa rivestita con film	B01AF02	SANDOZ S.P.A.	Autorizzata	Procedura Mutuo riconoscimento o Decentrata	Medicinali soggetti a prescrizione medica limitativa, vendibili al pubblico su prescrizione di centri ospedalieri o di specialisti
049600024	049600	APIXABAN SANDOZ	2,5 MG COMPRESSE RIVESTITE CON FILM- 12 COMPRESSE IN BLISTER AL-PVC/PVDC	APIXABAN	APIXABAN			Compressa rivestita con film	B01AF02	SANDOZ S.P.A.	Autorizzata	Procedura Mutuo riconoscimento o Decentrata	Medicinali soggetti a prescrizione medica limitativa, vendibili al pubblico su prescrizione di centri ospedalieri o di specialisti
049600036	049600	APIXABAN SANDOZ	2,5 MG COMPRESSE RIVESTITE CON FILM- 14 COMPRESSE IN BLISTER AL-PVC/PVDC	APIXABAN	APIXABAN			Compressa rivestita con film	B01AF02	SANDOZ S.P.A.	Autorizzata	Procedura Mutuo riconoscimento o Decentrata	Medicinali soggetti a prescrizione medica limitativa, vendibili al pubblico su prescrizione di centri ospedalieri o di specialisti
049600048	049600	APIXABAN SANDOZ	2,5 MG COMPRESSE RIVESTITE CON FILM- 20 COMPRESSE IN BLISTER AL-PVC/PVDC	APIXABAN	APIXABAN			Compressa rivestita con film	B01AF02	SANDOZ S.P.A.	Autorizzata	Procedura Mutuo riconoscimento o Decentrata	Medicinali soggetti a prescrizione medica limitativa, vendibili al pubblico su prescrizione di centri ospedalieri o di specialisti
049600051	049600	APIXABAN SANDOZ	2,5 MG COMPRESSE RIVESTITE CON FILM- 28 COMPRESSE IN BLISTER AL-PVC/PVDC	APIXABAN	APIXABAN			Compressa rivestita con film	B01AF02	SANDOZ S.P.A.	Autorizzata	Procedura Mutuo riconoscimento o Decentrata	Medicinali soggetti a prescrizione medica limitativa, vendibili al pubblico su prescrizione di centri ospedalieri o di specialisti
049600063	049600	APIXABAN SANDOZ	2,5 MG COMPRESSE RIVESTITE CON FILM- 30 COMPRESSE IN BLISTER AL-PVC/PVDC	APIXABAN	APIXABAN			Compressa rivestita con film	B01AF02	SANDOZ S.P.A.	Autorizzata	Procedura Mutuo riconoscimento o Decentrata	Medicinali soggetti a prescrizione medica limitativa, vendibili al pubblico su prescrizione di centri ospedalieri o di specialisti
049600075	049600	APIXABAN SANDOZ	2,5 MG COMPRESSE RIVESTITE CON FILM- 56 COMPRESSE IN BLISTER AL-PVC/PVDC	APIXABAN	APIXABAN			Compressa rivestita con film	B01AF02	SANDOZ S.P.A.	Autorizzata	Procedura Mutuo riconoscimento o Decentrata	Medicinali soggetti a prescrizione medica limitativa, vendibili al pubblico su prescrizione di centri ospedalieri o di specialisti
049600087	049600	APIXABAN SANDOZ	2,5 MG COMPRESSE RIVESTITE CON FILM- 60 COMPRESSE IN BLISTER AL-PVC/PVDC	APIXABAN	APIXABAN			Compressa rivestita con film	B01AF02	SANDOZ S.P.A.	Autorizzata	Procedura Mutuo riconoscimento o Decentrata	Medicinali soggetti a prescrizione medica limitativa, vendibili al pubblico su prescrizione di centri ospedalieri o di specialisti
049600099	049600	APIXABAN SANDOZ	2,5 MG COMPRESSE RIVESTITE CON FILM- 100 COMPRESSE IN BLISTER AL-PVC/PVDC	APIXABAN	APIXABAN			Compressa rivestita con film	B01AF02	SANDOZ S.P.A.	Autorizzata	Procedura Mutuo riconoscimento o Decentrata	Medicinali soggetti a prescrizione medica limitativa, vendibili al pubblico su prescrizione di centri ospedalieri o di specialisti
049600101	049600	APIXABAN SANDOZ	2,5 MG COMPRESSE RIVESTITE CON FILM- 168 COMPRESSE IN BLISTER AL-PVC/PVDC	APIXABAN	APIXABAN			Compressa rivestita con film	B01AF02	SANDOZ S.P.A.	Autorizzata	Procedura Mutuo riconoscimento o Decentrata	Medicinali soggetti a prescrizione medica limitativa, vendibili al pubblico su prescrizione di centri ospedalieri o di specialisti
049600113	049600	APIXABAN SANDOZ	2,5 MG COMPRESSE RIVESTITE CON FILM- 180 COMPRESSE IN BLISTER AL-PVC/PVDC	APIXABAN	APIXABAN			Compressa rivestita con film	B01AF02	SANDOZ S.P.A.	Autorizzata	Procedura Mutuo riconoscimento o Decentrata	Medicinali soggetti a prescrizione medica limitativa, vendibili al pubblico su prescrizione di centri ospedalieri o di specialisti
049600125	049600	APIXABAN SANDOZ	2,5 MG COMPRESSE RIVESTITE CON FILM- 200 COMPRESSE IN BLISTER AL-PVC/PVDC	APIXABAN	APIXABAN			Compressa rivestita con film	B01AF02	SANDOZ S.P.A.	Autorizzata	Procedura Mutuo riconoscimento o Decentrata	Medicinali soggetti a prescrizione medica limitativa, utilizzabili esclusivamente in ambiente ospedaliero o in una struttura ad esso assimilabile
049600137	049600	APIXABAN SANDOZ	2,5 MG COMPRESSE RIVESTITE CON FILM- 20X1 COMPRESSE IN BLISTER DIVISIBILE PER DOSE UNITARIA AL-PVC/PVDC	APIXABAN	APIXABAN			Compressa rivestita con film	B01AF02	SANDOZ S.P.A.	Autorizzata	Procedura Mutuo riconoscimento o Decentrata	Medicinali soggetti a prescrizione medica limitativa, vendibili al pubblico su prescrizione di centri ospedalieri o di specialisti
049600149	049600	APIXABAN SANDOZ	2,5 MG COMPRESSE RIVESTITE CON FILM- 60X1 COMPRESSE IN BLISTER DIVISIBILE PER DOSE UNITARIA AL-PVC/PVDC	APIXABAN	APIXABAN			Compressa rivestita con film	B01AF02	SANDOZ S.P.A.	Autorizzata	Procedura Mutuo riconoscimento o Decentrata	Medicinali soggetti a prescrizione medica limitativa, vendibili al pubblico su prescrizione di centri ospedalieri o di specialisti
049600152	049600	APIXABAN SANDOZ	2,5 MG COMPRESSE RIVESTITE CON FILM- 100X1 COMPRESSE IN BLISTER DIVISIBILE PER DOSE UNITARIA AL-PVC/PVDC	APIXABAN	APIXABAN			Compressa rivestita con film	B01AF02	SANDOZ S.P.A.	Autorizzata	Procedura Mutuo riconoscimento o Decentrata	Medicinali soggetti a prescrizione medica limitativa, vendibili al pubblico su prescrizione di centri ospedalieri o di specialisti
049600164	049600	APIXABAN SANDOZ	2,5 MG COMPRESSE RIVESTITE CON FILM- 168X1 COMPRESSE IN BLISTER DIVISIBILE PER DOSE UNITARIA AL-PVC/PVDC	APIXABAN	APIXABAN			Compressa rivestita con film	B01AF02	SANDOZ S.P.A.	Autorizzata	Procedura Mutuo riconoscimento o Decentrata	Medicinali soggetti a prescrizione medica limitativa, vendibili al pubblico su prescrizione di centri ospedalieri o di specialisti
049600176	049600	APIXABAN SANDOZ	5 MG COMPRESSE RIVESTITE CON FILM- 10 COMPRESSE IN BLISTER AL-PVC/PVDC	APIXABAN	APIXABAN			Compressa rivestita con film	B01AF02	SANDOZ S.P.A.	Autorizzata	Procedura Mutuo riconoscimento o Decentrata	Medicinali soggetti a prescrizione medica limitativa, vendibili al pubblico su prescrizione di centri ospedalieri o di specialisti
049600188	049600	APIXABAN SANDOZ	5 MG COMPRESSE RIVESTITE CON FILM- 12 COMPRESSE IN BLISTER AL-PVC/PVDC	APIXABAN	APIXABAN			Compressa rivestita con film	B01AF02	SANDOZ S.P.A.	Autorizzata	Procedura Mutuo riconoscimento o Decentrata	Medicinali soggetti a prescrizione medica limitativa, vendibili al pubblico su prescrizione di centri ospedalieri o di specialisti
049600190	049600	APIXABAN SANDOZ	5 MG COMPRESSE RIVESTITE CON FILM- 14 COMPRESSE IN BLISTER AL-PVC/PVDC	APIXABAN	APIXABAN			Compressa rivestita con film	B01AF02	SANDOZ S.P.A.	Autorizzata	Procedura Mutuo riconoscimento o Decentrata	Medicinali soggetti a prescrizione medica limitativa, vendibili al pubblico su prescrizione di centri ospedalieri o di specialisti
049600202	049600	APIXABAN SANDOZ	5 MG COMPRESSE RIVESTITE CON FILM- 20 COMPRESSE IN BLISTER AL-PVC/PVDC	APIXABAN	APIXABAN			Compressa rivestita con film	B01AF02	SANDOZ S.P.A.	Autorizzata	Procedura Mutuo riconoscimento o Decentrata	Medicinali soggetti a prescrizione medica limitativa, vendibili al pubblico su prescrizione di centri ospedalieri o di specialisti
049600214	049600	APIXABAN SANDOZ	5 MG COMPRESSE RIVESTITE CON FILM- 28 COMPRESSE IN BLISTER AL-PVC/PVDC	APIXABAN	APIXABAN			Compressa rivestita con film	B01AF02	SANDOZ S.P.A.	Autorizzata	Procedura Mutuo riconoscimento o Decentrata	Medicinali soggetti a prescrizione medica limitativa, vendibili al pubblico su prescrizione di centri ospedalieri o di specialisti
049600226	049600	APIXABAN SANDOZ	5 MG COMPRESSE RIVESTITE CON FILM- 30 COMPRESSE IN BLISTER AL-PVC/PVDC	APIXABAN	APIXABAN			Compressa rivestita con film	B01AF02	SANDOZ S.P.A.	Autorizzata	Procedura Mutuo riconoscimento o Decentrata	Medicinali soggetti a prescrizione medica limitativa, vendibili al pubblico su prescrizione di centri ospedalieri o di specialisti
049600238	049600	APIXABAN SANDOZ	5 MG COMPRESSE RIVESTITE CON FILM- 56 COMPRESSE IN BLISTER AL-PVC/PVDC	APIXABAN	APIXABAN			Compressa rivestita con film	B01AF02	SANDOZ S.P.A.	Autorizzata	Procedura Mutuo riconoscimento o Decentrata	Medicinali soggetti a prescrizione medica limitativa, vendibili al pubblico su prescrizione di centri ospedalieri o di specialisti
049600240	049600	APIXABAN SANDOZ	5 MG COMPRESSE RIVESTITE CON FILM- 60 COMPRESSE IN BLISTER AL-PVC/PVDC	APIXABAN	APIXABAN			Compressa rivestita con film	B01AF02	SANDOZ S.P.A.	Autorizzata	Procedura Mutuo riconoscimento o Decentrata	Medicinali soggetti a prescrizione medica limitativa, vendibili al pubblico su prescrizione di centri ospedalieri o di specialisti
049600253	049600	APIXABAN SANDOZ	5 MG COMPRESSE RIVESTITE CON FILM- 100 COMPRESSE IN BLISTER AL-PVC/PVDC	APIXABAN	APIXABAN			Compressa rivestita con film	B01AF02	SANDOZ S.P.A.	Autorizzata	Procedura Mutuo riconoscimento o Decentrata	Medicinali soggetti a prescrizione medica limitativa, vendibili al pubblico su prescrizione di centri ospedalieri o di specialisti
049600265	049600	APIXABAN SANDOZ	5 MG COMPRESSE RIVESTITE CON FILM- 168 COMPRESSE IN BLISTER AL-PVC/PVDC	APIXABAN	APIXABAN			Compressa rivestita con film	B01AF02	SANDOZ S.P.A.	Autorizzata	Procedura Mutuo riconoscimento o Decentrata	Medicinali soggetti a prescrizione medica limitativa, vendibili al pubblico su prescrizione di centri ospedalieri o di specialisti
049600277	049600	APIXABAN SANDOZ	5 MG COMPRESSE RIVESTITE CON FILM- 180 COMPRESSE IN BLISTER AL-PVC/PVDC	APIXABAN	APIXABAN			Compressa rivestita con film	B01AF02	SANDOZ S.P.A.	Autorizzata	Procedura Mutuo riconoscimento o Decentrata	Medicinali soggetti a prescrizione medica limitativa, vendibili al pubblico su prescrizione di centri ospedalieri o di specialisti
049600289	049600	APIXABAN SANDOZ	5 MG COMPRESSE RIVESTITE CON FILM- 200 COMPRESSE IN BLISTER AL-PVC/PVDC	APIXABAN	APIXABAN			Compressa rivestita con film	B01AF02	SANDOZ S.P.A.	Autorizzata	Procedura Mutuo riconoscimento o Decentrata	Medicinali soggetti a prescrizione medica limitativa, utilizzabili esclusivamente in ambiente ospedaliero o in una struttura ad esso assimilabile
049600291	049600	APIXABAN SANDOZ	5 MG COMPRESSE RIVESTITE CON FILM- 20X1 COMPRESSE IN BLISTER DIVISIBILE PER DOSE UNITARIA AL-PVC/PVDC	APIXABAN	APIXABAN			Compressa rivestita con film	B01AF02	SANDOZ S.P.A.	Autorizzata	Procedura Mutuo riconoscimento o Decentrata	Medicinali soggetti a prescrizione medica limitativa, vendibili al pubblico su prescrizione di centri ospedalieri o di specialisti
049600303	049600	APIXABAN SANDOZ	5 MG COMPRESSE RIVESTITE CON FILM- 60X1 COMPRESSE IN BLISTER DIVISIBILE PER DOSE UNITARIA AL-PVC/PVDC	APIXABAN	APIXABAN			Compressa rivestita con film	B01AF02	SANDOZ S.P.A.	Autorizzata	Procedura Mutuo riconoscimento o Decentrata	Medicinali soggetti a prescrizione medica limitativa, vendibili al pubblico su prescrizione di centri ospedalieri o di specialisti
049600315	049600	APIXABAN SANDOZ	5 MG COMPRESSE RIVESTITE CON FILM- 100X1 COMPRESSE IN BLISTER DIVISIBILE PER DOSE UNITARIA AL-PVC/PVDC	APIXABAN	APIXABAN			Compressa rivestita con film	B01AF02	SANDOZ S.P.A.	Autorizzata	Procedura Mutuo riconoscimento o Decentrata	Medicinali soggetti a prescrizione medica limitativa, vendibili al pubblico su prescrizione di centri ospedalieri o di specialisti
049600327	049600	APIXABAN SANDOZ	5 MG COMPRESSE RIVESTITE CON FILM- 168X1 COMPRESSE IN BLISTER DIVISIBILE PER DOSE UNITARIA AL-PVC/PVDC	APIXABAN	APIXABAN			Compressa rivestita con film	B01AF02	SANDOZ S.P.A.	Autorizzata	Procedura Mutuo riconoscimento o Decentrata	Medicinali soggetti a prescrizione medica limitativa, vendibili al pubblico su prescrizione di centri ospedalieri o di specialisti
049600339	049600	APIXABAN SANDOZ	5 MG COMPRESSE RIVESTITE CON FILM- 30X1 COMPRESSE IN BLISTER DIVISIBILE PER DOSE UNITARIA AL-PVC/PVDC	APIXABAN	APIXABAN			Compressa rivestita con film	B01AF02	SANDOZ S.P.A.	Autorizzata	Procedura Mutuo riconoscimento o Decentrata	Medicinali soggetti a prescrizione medica limitativa, vendibili al pubblico su prescrizione di centri ospedalieri o di specialisti
049600341	049600	APIXABAN SANDOZ	5 MG COMPRESSE RIVESTITE CON FILM- 180X1 COMPRESSE IN BLISTER DIVISIBILE PER DOSE UNITARIA AL-PVC/PVDC	APIXABAN	APIXABAN			Compressa rivestita con film	B01AF02	SANDOZ S.P.A.	Autorizzata	Procedura Mutuo riconoscimento o Decentrata	Medicinali soggetti a prescrizione medica limitativa, vendibili al pubblico su prescrizione di centri ospedalieri o di specialisti
049600354	049600	APIXABAN SANDOZ	2,5 MG COMPRESSE RIVESTITE CON FILM- 200 COMPRESSE IN FLACONE HDPE	APIXABAN	APIXABAN			Compressa rivestita con film	B01AF02	SANDOZ S.P.A.	Autorizzata	Procedura Mutuo riconoscimento o Decentrata	Medicinali soggetti a prescrizione medica limitativa, utilizzabili esclusivamente in ambiente ospedaliero o in una struttura ad esso assimilabile
049600366	049600	APIXABAN SANDOZ	5 MG COMPRESSE RIVESTITE CON FILM- 200 COMPRESSE IN FLACONE HDPE	APIXABAN	APIXABAN			Compressa rivestita con film	B01AF02	SANDOZ S.P.A.	Autorizzata	Procedura Mutuo riconoscimento o Decentrata	Medicinali soggetti a prescrizione medica limitativa, utilizzabili esclusivamente in ambiente ospedaliero o in una struttura ad esso assimilabile
049650017	049650	PIXADIL	2,5 MG COMPRESSE RIVESTITE CON FILM- 10 COMPRESSE IN BLISTER PVC/PE/PVDC/AL	APIXABAN	APIXABAN	2.5	milligrammi	Compressa rivestita con film	B01AF02	DAY ZERO EHF	Autorizzata	Procedura Mutuo riconoscimento o Decentrata	Medicinali soggetti a prescrizione medica limitativa, vendibili al pubblico su prescrizione di centri ospedalieri o di specialisti
049650029	049650	PIXADIL	2,5 MG COMPRESSE RIVESTITE CON FILM- 20 COMPRESSE IN BLISTER PVC/PE/PVDC/AL	APIXABAN	APIXABAN			Compressa rivestita con film	B01AF02	DAY ZERO EHF	Autorizzata	Procedura Mutuo riconoscimento o Decentrata	Medicinali soggetti a prescrizione medica limitativa, vendibili al pubblico su prescrizione di centri ospedalieri o di specialisti
049650031	049650	PIXADIL	2,5 MG COMPRESSE RIVESTITE CON FILM- 60 COMPRESSE IN BLISTER PVC/PE/PVDC/AL	APIXABAN	APIXABAN			Compressa rivestita con film	B01AF02	DAY ZERO EHF	Autorizzata	Procedura Mutuo riconoscimento o Decentrata	Medicinali soggetti a prescrizione medica limitativa, vendibili al pubblico su prescrizione di centri ospedalieri o di specialisti
049650043	049650	PIXADIL	5 MG COMPRESSE RIVESTITE CON FILM- 28 COMPRESSE IN BLISTER PVC/PE/PVDC/AL	APIXABAN	APIXABAN	5	milligrammi	Compressa rivestita con film	B01AF02	DAY ZERO EHF	Autorizzata	Procedura Mutuo riconoscimento o Decentrata	Medicinali soggetti a prescrizione medica limitativa, vendibili al pubblico su prescrizione di centri ospedalieri o di specialisti
049650056	049650	PIXADIL	5 MG COMPRESSE RIVESTITE CON FILM- 60 COMPRESSE IN BLISTER PVC/PE/PVDC/AL	APIXABAN	APIXABAN	5	milligrammi	Compressa rivestita con film	B01AF02	DAY ZERO EHF	Autorizzata	Procedura Mutuo riconoscimento o Decentrata	Medicinali soggetti a prescrizione medica limitativa, vendibili al pubblico su prescrizione di centri ospedalieri o di specialisti
049683016	049683	APIXABAN HCS	2,5 MG COMPRESSE RIVESTITE CON FILM- 10 COMPRESSE IN BLISTER PVC/PVDC/PVC/AL	APIXABAN	APIXABAN			Compressa rivestita con film	B01AF02	HCS BV	Autorizzata	Procedura Mutuo riconoscimento o Decentrata	Medicinali soggetti a prescrizione medica limitativa, vendibili al pubblico su prescrizione di centri ospedalieri o di specialisti
049683028	049683	APIXABAN HCS	2,5 MG COMPRESSE RIVESTITE CON FILM- 14 COMPRESSE IN BLISTER PVC/PVDC/PVC/AL	APIXABAN	APIXABAN			Compressa rivestita con film	B01AF02	HCS BV	Autorizzata	Procedura Mutuo riconoscimento o Decentrata	Medicinali soggetti a prescrizione medica limitativa, vendibili al pubblico su prescrizione di centri ospedalieri o di specialisti
049683030	049683	APIXABAN HCS	2,5 MG COMPRESSE RIVESTITE CON FILM- 20 COMPRESSE IN BLISTER PVC/PVDC/PVC/AL	APIXABAN	APIXABAN			Compressa rivestita con film	B01AF02	HCS BV	Autorizzata	Procedura Mutuo riconoscimento o Decentrata	Medicinali soggetti a prescrizione medica limitativa, vendibili al pubblico su prescrizione di centri ospedalieri o di specialisti
049683042	049683	APIXABAN HCS	2,5 MG COMPRESSE RIVESTITE CON FILM- 28 COMPRESSE IN BLISTER PVC/PVDC/PVC/AL	APIXABAN	APIXABAN			Compressa rivestita con film	B01AF02	HCS BV	Autorizzata	Procedura Mutuo riconoscimento o Decentrata	Medicinali soggetti a prescrizione medica limitativa, vendibili al pubblico su prescrizione di centri ospedalieri o di specialisti
049683055	049683	APIXABAN HCS	2,5 MG COMPRESSE RIVESTITE CON FILM- 56 COMPRESSE IN BLISTER PVC/PVDC/PVC/AL	APIXABAN	APIXABAN			Compressa rivestita con film	B01AF02	HCS BV	Autorizzata	Procedura Mutuo riconoscimento o Decentrata	Medicinali soggetti a prescrizione medica limitativa, vendibili al pubblico su prescrizione di centri ospedalieri o di specialisti
049683067	049683	APIXABAN HCS	2,5 MG COMPRESSE RIVESTITE CON FILM- 60 COMPRESSE IN BLISTER PVC/PVDC/PVC/AL	APIXABAN	APIXABAN			Compressa rivestita con film	B01AF02	HCS BV	Autorizzata	Procedura Mutuo riconoscimento o Decentrata	Medicinali soggetti a prescrizione medica limitativa, vendibili al pubblico su prescrizione di centri ospedalieri o di specialisti
049683079	049683	APIXABAN HCS	2,5 MG COMPRESSE RIVESTITE CON FILM- 100 COMPRESSE IN BLISTER PVC/PVDC/PVC/AL	APIXABAN	APIXABAN			Compressa rivestita con film	B01AF02	HCS BV	Autorizzata	Procedura Mutuo riconoscimento o Decentrata	Medicinali soggetti a prescrizione medica limitativa, vendibili al pubblico su prescrizione di centri ospedalieri o di specialisti
049683081	049683	APIXABAN HCS	2,5 MG COMPRESSE RIVESTITE CON FILM- 168 COMPRESSE IN BLISTER PVC/PVDC/PVC/AL	APIXABAN	APIXABAN			Compressa rivestita con film	B01AF02	HCS BV	Autorizzata	Procedura Mutuo riconoscimento o Decentrata	Medicinali soggetti a prescrizione medica limitativa, vendibili al pubblico su prescrizione di centri ospedalieri o di specialisti
049683093	049683	APIXABAN HCS	2,5 MG COMPRESSE RIVESTITE CON FILM- 200 COMPRESSE IN BLISTER PVC/PVDC/PVC/AL	APIXABAN	APIXABAN			Compressa rivestita con film	B01AF02	HCS BV	Autorizzata	Procedura Mutuo riconoscimento o Decentrata	Medicinali soggetti a prescrizione medica limitativa, utilizzabili esclusivamente in ambiente ospedaliero o in una struttura ad esso assimilabile
049683105	049683	APIXABAN HCS	2,5 MG COMPRESSE RIVESTITE CON FILM- 10X1 COMPRESSE IN BLISTER DIVISIBILE PER DOSE UNITARIA PVC/PVDC/PVC/AL	APIXABAN	APIXABAN			Compressa rivestita con film	B01AF02	HCS BV	Autorizzata	Procedura Mutuo riconoscimento o Decentrata	Medicinali soggetti a prescrizione medica limitativa, vendibili al pubblico su prescrizione di centri ospedalieri o di specialisti
049683117	049683	APIXABAN HCS	2,5 MG COMPRESSE RIVESTITE CON FILM- 14X1 COMPRESSE IN BLISTER DIVISIBILE PER DOSE UNITARIA PVC/PVDC/PVC/AL	APIXABAN	APIXABAN			Compressa rivestita con film	B01AF02	HCS BV	Autorizzata	Procedura Mutuo riconoscimento o Decentrata	Medicinali soggetti a prescrizione medica limitativa, vendibili al pubblico su prescrizione di centri ospedalieri o di specialisti
049683129	049683	APIXABAN HCS	2,5 MG COMPRESSE RIVESTITE CON FILM- 20X1 COMPRESSE IN BLISTER DIVISIBILE PER DOSE UNITARIA  PVC/PVDC/PVC/AL	APIXABAN	APIXABAN			Compressa rivestita con film	B01AF02	HCS BV	Autorizzata	Procedura Mutuo riconoscimento o Decentrata	Medicinali soggetti a prescrizione medica limitativa, vendibili al pubblico su prescrizione di centri ospedalieri o di specialisti
049683131	049683	APIXABAN HCS	2,5 MG COMPRESSE RIVESTITE CON FILM- 28X1 COMPRESSE IN BLISTER DIVISIBILE PER DOSE UNITARIA PVC/PVDC/PVC/AL	APIXABAN	APIXABAN			Compressa rivestita con film	B01AF02	HCS BV	Autorizzata	Procedura Mutuo riconoscimento o Decentrata	Medicinali soggetti a prescrizione medica limitativa, vendibili al pubblico su prescrizione di centri ospedalieri o di specialisti
049683143	049683	APIXABAN HCS	2,5 MG COMPRESSE RIVESTITE CON FILM- 56X1 COMPRESSE IN BLISTER DIVISIBILE PER DOSE UNITARIA PVC/PVDC/PVC/AL	APIXABAN	APIXABAN			Compressa rivestita con film	B01AF02	HCS BV	Autorizzata	Procedura Mutuo riconoscimento o Decentrata	Medicinali soggetti a prescrizione medica limitativa, vendibili al pubblico su prescrizione di centri ospedalieri o di specialisti
049683156	049683	APIXABAN HCS	2,5 MG COMPRESSE RIVESTITE CON FILM- 60X1 COMPRESSE IN BLISTER DIVISIBILE PER DOSE UNITARIA PVC/PVDC/PVC/AL	APIXABAN	APIXABAN			Compressa rivestita con film	B01AF02	HCS BV	Autorizzata	Procedura Mutuo riconoscimento o Decentrata	Medicinali soggetti a prescrizione medica limitativa, vendibili al pubblico su prescrizione di centri ospedalieri o di specialisti
049683168	049683	APIXABAN HCS	2,5 MG COMPRESSE RIVESTITE CON FILM- 100X1 COMPRESSE IN BLISTER DIVISIBILE PER DOSE UNITARIA PVC/PVDC/PVC/AL	APIXABAN	APIXABAN			Compressa rivestita con film	B01AF02	HCS BV	Autorizzata	Procedura Mutuo riconoscimento o Decentrata	Medicinali soggetti a prescrizione medica limitativa, vendibili al pubblico su prescrizione di centri ospedalieri o di specialisti
049683170	049683	APIXABAN HCS	2,5 MG COMPRESSE RIVESTITE CON FILM- 168X1 COMPRESSE IN BLISTER DIVISIBILE PER DOSE UNITARIA PVC/PVDC/PVC/AL	APIXABAN	APIXABAN			Compressa rivestita con film	B01AF02	HCS BV	Autorizzata	Procedura Mutuo riconoscimento o Decentrata	Medicinali soggetti a prescrizione medica limitativa, vendibili al pubblico su prescrizione di centri ospedalieri o di specialisti
049683182	049683	APIXABAN HCS	2,5 MG COMPRESSE RIVESTITE CON FILM- 168 COMPRESSE IN FLACONE HDPE	APIXABAN	APIXABAN			Compressa rivestita con film	B01AF02	HCS BV	Autorizzata	Procedura Mutuo riconoscimento o Decentrata	Medicinali soggetti a prescrizione medica limitativa, vendibili al pubblico su prescrizione di centri ospedalieri o di specialisti
049683194	049683	APIXABAN HCS	5 MG COMPRESSE RIVESTITE CON FILM- 168 COMPRESSE IN FLACONE HDPE	APIXABAN	APIXABAN			Compressa rivestita con film	B01AF02	HCS BV	Autorizzata	Procedura Mutuo riconoscimento o Decentrata	Medicinali soggetti a prescrizione medica limitativa, vendibili al pubblico su prescrizione di centri ospedalieri o di specialisti
049683206	049683	APIXABAN HCS	5 MG COMPRESSE RIVESTITE CON FILM- 10 COMPRESSE IN BLISTER PVC/PVDC/PVC/AL	APIXABAN	APIXABAN			Compressa rivestita con film	B01AF02	HCS BV	Autorizzata	Procedura Mutuo riconoscimento o Decentrata	Medicinali soggetti a prescrizione medica limitativa, vendibili al pubblico su prescrizione di centri ospedalieri o di specialisti
049683218	049683	APIXABAN HCS	5 MG COMPRESSE RIVESTITE CON FILM- 14 COMPRESSE IN BLISTER PVC/PVDC/PVC/AL	APIXABAN	APIXABAN			Compressa rivestita con film	B01AF02	HCS BV	Autorizzata	Procedura Mutuo riconoscimento o Decentrata	Medicinali soggetti a prescrizione medica limitativa, vendibili al pubblico su prescrizione di centri ospedalieri o di specialisti
049683220	049683	APIXABAN HCS	5 MG COMPRESSE RIVESTITE CON FILM- 20 COMPRESSE IN BLISTER PVC/PVDC/PVC/AL	APIXABAN	APIXABAN			Compressa rivestita con film	B01AF02	HCS BV	Autorizzata	Procedura Mutuo riconoscimento o Decentrata	Medicinali soggetti a prescrizione medica limitativa, vendibili al pubblico su prescrizione di centri ospedalieri o di specialisti
049683232	049683	APIXABAN HCS	5 MG COMPRESSE RIVESTITE CON FILM- 28 COMPRESSE IN BLISTER PVC/PVDC/PVC/AL	APIXABAN	APIXABAN			Compressa rivestita con film	B01AF02	HCS BV	Autorizzata	Procedura Mutuo riconoscimento o Decentrata	Medicinali soggetti a prescrizione medica limitativa, vendibili al pubblico su prescrizione di centri ospedalieri o di specialisti
049683244	049683	APIXABAN HCS	5 MG COMPRESSE RIVESTITE CON FILM- 56 COMPRESSE IN BLISTER PVC/PVDC/PVC/AL	APIXABAN	APIXABAN			Compressa rivestita con film	B01AF02	HCS BV	Autorizzata	Procedura Mutuo riconoscimento o Decentrata	Medicinali soggetti a prescrizione medica limitativa, vendibili al pubblico su prescrizione di centri ospedalieri o di specialisti
049683257	049683	APIXABAN HCS	5 MG COMPRESSE RIVESTITE CON FILM- 60 COMPRESSE IN BLISTER PVC/PVDC/PVC/AL	APIXABAN	APIXABAN			Compressa rivestita con film	B01AF02	HCS BV	Autorizzata	Procedura Mutuo riconoscimento o Decentrata	Medicinali soggetti a prescrizione medica limitativa, vendibili al pubblico su prescrizione di centri ospedalieri o di specialisti
049683269	049683	APIXABAN HCS	5 MG COMPRESSE RIVESTITE CON FILM- 100 COMPRESSE IN BLISTER PVC/PVDC/PVC/AL	APIXABAN	APIXABAN			Compressa rivestita con film	B01AF02	HCS BV	Autorizzata	Procedura Mutuo riconoscimento o Decentrata	Medicinali soggetti a prescrizione medica limitativa, vendibili al pubblico su prescrizione di centri ospedalieri o di specialisti
049683271	049683	APIXABAN HCS	5 MG COMPRESSE RIVESTITE CON FILM- 168 COMPRESSE IN BLISTER PVC/PVDC/PVC/AL	APIXABAN	APIXABAN			Compressa rivestita con film	B01AF02	HCS BV	Autorizzata	Procedura Mutuo riconoscimento o Decentrata	Medicinali soggetti a prescrizione medica limitativa, vendibili al pubblico su prescrizione di centri ospedalieri o di specialisti
049683283	049683	APIXABAN HCS	5 MG COMPRESSE RIVESTITE CON FILM- 200 COMPRESSE IN BLISTER PVC/PVDC/PVC/AL	APIXABAN	APIXABAN			Compressa rivestita con film	B01AF02	HCS BV	Autorizzata	Procedura Mutuo riconoscimento o Decentrata	Medicinali soggetti a prescrizione medica limitativa, utilizzabili esclusivamente in ambiente ospedaliero o in una struttura ad esso assimilabile
049683295	049683	APIXABAN HCS	5 MG COMPRESSE RIVESTITE CON FILM- 10X1 COMPRESSE IN BLISTER DIVISIBILE PER DOSE UNITARIA  PVC/PVDC/PVC/AL	APIXABAN	APIXABAN			Compressa rivestita con film	B01AF02	HCS BV	Autorizzata	Procedura Mutuo riconoscimento o Decentrata	Medicinali soggetti a prescrizione medica limitativa, vendibili al pubblico su prescrizione di centri ospedalieri o di specialisti
049683307	049683	APIXABAN HCS	5 MG COMPRESSE RIVESTITE CON FILM- 14X1 COMPRESSE IN BLISTER DIVISIBILE PER DOSE UNITARIA PVC/PVDC/PVC/AL	APIXABAN	APIXABAN			Compressa rivestita con film	B01AF02	HCS BV	Autorizzata	Procedura Mutuo riconoscimento o Decentrata	Medicinali soggetti a prescrizione medica limitativa, vendibili al pubblico su prescrizione di centri ospedalieri o di specialisti
049683319	049683	APIXABAN HCS	5 MG COMPRESSE RIVESTITE CON FILM- 20X1 COMPRESSE IN BLISTER DIVISIBILE PER DOSE UNITARIA PVC/PVDC/PVC/AL	APIXABAN	APIXABAN			Compressa rivestita con film	B01AF02	HCS BV	Autorizzata	Procedura Mutuo riconoscimento o Decentrata	Medicinali soggetti a prescrizione medica limitativa, vendibili al pubblico su prescrizione di centri ospedalieri o di specialisti
049683321	049683	APIXABAN HCS	5 MG COMPRESSE RIVESTITE CON FILM- 28X1 COMPRESSE IN BLISTER DIVISIBILE PER DOSE UNITARIA PVC/PVDC/PVC/AL	APIXABAN	APIXABAN			Compressa rivestita con film	B01AF02	HCS BV	Autorizzata	Procedura Mutuo riconoscimento o Decentrata	Medicinali soggetti a prescrizione medica limitativa, vendibili al pubblico su prescrizione di centri ospedalieri o di specialisti
049683333	049683	APIXABAN HCS	5 MG COMPRESSE RIVESTITE CON FILM- 56X1 COMPRESSE IN BLISTER DIVISIBILE PER DOSE UNITARIA PVC/PVDC/PVC/AL	APIXABAN	APIXABAN			Compressa rivestita con film	B01AF02	HCS BV	Autorizzata	Procedura Mutuo riconoscimento o Decentrata	Medicinali soggetti a prescrizione medica limitativa, vendibili al pubblico su prescrizione di centri ospedalieri o di specialisti
049683345	049683	APIXABAN HCS	5 MG COMPRESSE RIVESTITE CON FILM- 60X1 COMPRESSE IN BLISTER DIVISIBILE PER DOSE UNITARIA PVC/PVDC/PVC/AL	APIXABAN	APIXABAN			Compressa rivestita con film	B01AF02	HCS BV	Autorizzata	Procedura Mutuo riconoscimento o Decentrata	Medicinali soggetti a prescrizione medica limitativa, vendibili al pubblico su prescrizione di centri ospedalieri o di specialisti
049683358	049683	APIXABAN HCS	5 MG COMPRESSE RIVESTITE CON FILM- 100X1 COMPRESSE IN BLISTER DIVISIBILE PER DOSE UNITARIA PVC/PVDC/PVC/AL	APIXABAN	APIXABAN			Compressa rivestita con film	B01AF02	HCS BV	Autorizzata	Procedura Mutuo riconoscimento o Decentrata	Medicinali soggetti a prescrizione medica limitativa, vendibili al pubblico su prescrizione di centri ospedalieri o di specialisti
049683360	049683	APIXABAN HCS	5 MG COMPRESSE RIVESTITE CON FILM- 168X1 COMPRESSE IN BLISTER DIVISIBILE PER DOSE UNITARIA PVC/PVDC/PVC/AL	APIXABAN	APIXABAN			Compressa rivestita con film	B01AF02	HCS BV	Autorizzata	Procedura Mutuo riconoscimento o Decentrata	Medicinali soggetti a prescrizione medica limitativa, vendibili al pubblico su prescrizione di centri ospedalieri o di specialisti
049683372	049683	APIXABAN HCS	5 MG COMPRESSE RIVESTITE CON FILM- 100 COMPRESSE IN FLACONE HDPE	APIXABAN	APIXABAN			Compressa rivestita con film	B01AF02	HCS BV	Autorizzata	Procedura Mutuo riconoscimento o Decentrata	Medicinali soggetti a prescrizione medica limitativa, vendibili al pubblico su prescrizione di centri ospedalieri o di specialisti
049855012	049855	APIXABAN EG	2,5 MG COMPRESSE RIVESTITE CON FILM- 10 COMPRESSE IN BLISTER AL-PVC/PE/PVDC	APIXABAN	APIXABAN	2.5	milligrammi	Compressa rivestita con film	B01AF02	EG S.P.A.	Autorizzata	Procedura Mutuo riconoscimento o Decentrata	Medicinali soggetti a prescrizione medica limitativa, vendibili al pubblico su prescrizione di centri ospedalieri o di specialisti
049855024	049855	APIXABAN EG	2,5 MG COMPRESSE RIVESTITE CON FILM- 20 COMPRESSE IN BLISTER AL-PVC/PE/PVDC	APIXABAN	APIXABAN	2.5	milligrammi	Compressa rivestita con film	B01AF02	EG S.P.A.	Autorizzata	Procedura Mutuo riconoscimento o Decentrata	Medicinali soggetti a prescrizione medica limitativa, vendibili al pubblico su prescrizione di centri ospedalieri o di specialisti
049855036	049855	APIXABAN EG	2,5 MG COMPRESSE RIVESTITE CON FILM- 60 COMPRESSE IN BLISTER AL-PVC/PE/PVDC	APIXABAN	APIXABAN	2.5	milligrammi	Compressa rivestita con film	B01AF02	EG S.P.A.	Autorizzata	Procedura Mutuo riconoscimento o Decentrata	Medicinali soggetti a prescrizione medica limitativa, vendibili al pubblico su prescrizione di centri ospedalieri o di specialisti
049855048	049855	APIXABAN EG	2,5 MG COMPRESSE RIVESTITE CON FILM- 200 COMPRESSE IN BLISTER AL-PVC/PE/PVDC	APIXABAN	APIXABAN	2.5	milligrammi	Compressa rivestita con film	B01AF02	EG S.P.A.	Autorizzata	Procedura Mutuo riconoscimento o Decentrata	Medicinali soggetti a prescrizione medica limitativa, utilizzabili esclusivamente in ambiente ospedaliero o in una struttura ad esso assimilabile
049855051	049855	APIXABAN EG	2,5 MG COMPRESSE RIVESTITE CON FILM- 10x1 COMPRESSE IN BLISTER AL-PVC/PE/PVDC DIVISIBILE PER DOSE UNITARIA	APIXABAN	APIXABAN	2.5	milligrammi	Compressa rivestita con film	B01AF02	EG S.P.A.	Autorizzata	Procedura Mutuo riconoscimento o Decentrata	Medicinali soggetti a prescrizione medica limitativa, vendibili al pubblico su prescrizione di centri ospedalieri o di specialisti
049855063	049855	APIXABAN EG	2,5 MG COMPRESSE RIVESTITE CON FILM- 20x1 COMPRESSE IN BLISTER AL-PVC/PE/PVDC DIVISIBILE PER DOSE UNITARIA	APIXABAN	APIXABAN	2.5	milligrammi	Compressa rivestita con film	B01AF02	EG S.P.A.	Autorizzata	Procedura Mutuo riconoscimento o Decentrata	Medicinali soggetti a prescrizione medica limitativa, vendibili al pubblico su prescrizione di centri ospedalieri o di specialisti
049855075	049855	APIXABAN EG	2,5 MG COMPRESSE RIVESTITE CON FILM- 60x1 COMPRESSE IN BLISTER AL-PVC/PE/PVDC DIVISIBILE PER DOSE UNITARIA	APIXABAN	APIXABAN	2.5	milligrammi	Compressa rivestita con film	B01AF02	EG S.P.A.	Autorizzata	Procedura Mutuo riconoscimento o Decentrata	Medicinali soggetti a prescrizione medica limitativa, vendibili al pubblico su prescrizione di centri ospedalieri o di specialisti
049855087	049855	APIXABAN EG	2,5 MG COMPRESSE RIVESTITE CON FILM- 200x1 COMPRESSE IN BLISTER AL-PVC/PE/PVDC DIVISIBILE PER DOSE UNITARIA	APIXABAN	APIXABAN	2.5	milligrammi	Compressa rivestita con film	B01AF02	EG S.P.A.	Autorizzata	Procedura Mutuo riconoscimento o Decentrata	Medicinali soggetti a prescrizione medica limitativa, utilizzabili esclusivamente in ambiente ospedaliero o in una struttura ad esso assimilabile
049855101	049855	APIXABAN EG	5 MG COMPRESSE RIVESTITE CON FILM- 20 COMPRESSE IN BLISTER AL-PVC/PE/PVDC	APIXABAN	APIXABAN	5	milligrammi	Compressa rivestita con film	B01AF02	EG S.P.A.	Autorizzata	Procedura Mutuo riconoscimento o Decentrata	Medicinali soggetti a prescrizione medica limitativa, vendibili al pubblico su prescrizione di centri ospedalieri o di specialisti
049855113	049855	APIXABAN EG	5 MG COMPRESSE RIVESTITE CON FILM- 28 COMPRESSE IN BLISTER AL-PVC/PE/PVDC	APIXABAN	APIXABAN	5	milligrammi	Compressa rivestita con film	B01AF02	EG S.P.A.	Autorizzata	Procedura Mutuo riconoscimento o Decentrata	Medicinali soggetti a prescrizione medica limitativa, vendibili al pubblico su prescrizione di centri ospedalieri o di specialisti
049855125	049855	APIXABAN EG	5 MG COMPRESSE RIVESTITE CON FILM- 60 COMPRESSE IN BLISTER AL-PVC/PE/PVDC	APIXABAN	APIXABAN	5	milligrammi	Compressa rivestita con film	B01AF02	EG S.P.A.	Autorizzata	Procedura Mutuo riconoscimento o Decentrata	Medicinali soggetti a prescrizione medica limitativa, vendibili al pubblico su prescrizione di centri ospedalieri o di specialisti
049855137	049855	APIXABAN EG	5 MG COMPRESSE RIVESTITE CON FILM- 200 COMPRESSE IN BLISTER AL-PVC/PE/PVDC	APIXABAN	APIXABAN	5	milligrammi	Compressa rivestita con film	B01AF02	EG S.P.A.	Autorizzata	Procedura Mutuo riconoscimento o Decentrata	Medicinali soggetti a prescrizione medica limitativa, utilizzabili esclusivamente in ambiente ospedaliero o in una struttura ad esso assimilabile
049855149	049855	APIXABAN EG	5 MG COMPRESSE RIVESTITE CON FILM- 20x1 COMPRESSE IN BLISTER AL-PVC/PE/PVDC DIVISIBILE PER DOSE UNITARIA	APIXABAN	APIXABAN	5	milligrammi	Compressa rivestita con film	B01AF02	EG S.P.A.	Autorizzata	Procedura Mutuo riconoscimento o Decentrata	Medicinali soggetti a prescrizione medica limitativa, vendibili al pubblico su prescrizione di centri ospedalieri o di specialisti
049855152	049855	APIXABAN EG	5 MG COMPRESSE RIVESTITE CON FILM- 28x1 COMPRESSE IN BLISTER AL-PVC/PE/PVDC DIVISIBILE PER DOSE UNITARIA	APIXABAN	APIXABAN	5	milligrammi	Compressa rivestita con film	B01AF02	EG S.P.A.	Autorizzata	Procedura Mutuo riconoscimento o Decentrata	Medicinali soggetti a prescrizione medica limitativa, vendibili al pubblico su prescrizione di centri ospedalieri o di specialisti
049855164	049855	APIXABAN EG	5 MG COMPRESSE RIVESTITE CON FILM- 60x1 COMPRESSE IN BLISTER AL-PVC/PE/PVDC DIVISIBILE PER DOSE UNITARIA	APIXABAN	APIXABAN	5	milligrammi	Compressa rivestita con film	B01AF02	EG S.P.A.	Autorizzata	Procedura Mutuo riconoscimento o Decentrata	Medicinali soggetti a prescrizione medica limitativa, vendibili al pubblico su prescrizione di centri ospedalieri o di specialisti
049855176	049855	APIXABAN EG	5 MG COMPRESSE RIVESTITE CON FILM- 200x1 COMPRESSE IN BLISTER AL-PVC/PE/PVDC DIVISIBILE PER DOSE UNITARIA	APIXABAN	APIXABAN	5	milligrammi	Compressa rivestita con film	B01AF02	EG S.P.A.	Autorizzata	Procedura Mutuo riconoscimento o Decentrata	Medicinali soggetti a prescrizione medica limitativa, utilizzabili esclusivamente in ambiente ospedaliero o in una struttura ad esso assimilabile
050236013	050236	ELIHIB	2,5 MG COMPRESSE RIVESTITE CON FILM- 7 COMPRESSE IN BLISTER AL/PVC/PVDC	APIXABAN	APIXABAN	2.5	milligrammi	Compressa rivestita con film	B01AF02	G.L. PHARMA GMBH	Autorizzata	Procedura Mutuo riconoscimento o Decentrata	Medicinali soggetti a prescrizione medica limitativa, vendibili al pubblico su prescrizione di centri ospedalieri o di specialisti
050236025	050236	ELIHIB	2,5 MG COMPRESSE RIVESTITE CON FILM- 10 COMPRESSE IN BLISTER AL/PVC/PVDC	APIXABAN	APIXABAN	2.5	milligrammi	Compressa rivestita con film	B01AF02	G.L. PHARMA GMBH	Autorizzata	Procedura Mutuo riconoscimento o Decentrata	Medicinali soggetti a prescrizione medica limitativa, vendibili al pubblico su prescrizione di centri ospedalieri o di specialisti
050236037	050236	ELIHIB	2,5 MG COMPRESSE RIVESTITE CON FILM- 14 COMPRESSE IN BLISTER AL/PVC/PVDC	APIXABAN	APIXABAN	2.5	milligrammi	Compressa rivestita con film	B01AF02	G.L. PHARMA GMBH	Autorizzata	Procedura Mutuo riconoscimento o Decentrata	Medicinali soggetti a prescrizione medica limitativa, vendibili al pubblico su prescrizione di centri ospedalieri o di specialisti
050236049	050236	ELIHIB	2,5 MG COMPRESSE RIVESTITE CON FILM- 20 COMPRESSE IN BLISTER AL/PVC/PVDC	APIXABAN	APIXABAN	2.5	milligrammi	Compressa rivestita con film	B01AF02	G.L. PHARMA GMBH	Autorizzata	Procedura Mutuo riconoscimento o Decentrata	Medicinali soggetti a prescrizione medica limitativa, vendibili al pubblico su prescrizione di centri ospedalieri o di specialisti
050236052	050236	ELIHIB	2,5 MG COMPRESSE RIVESTITE CON FILM- 28 COMPRESSE IN BLISTER AL/PVC/PVDC	APIXABAN	APIXABAN	2.5	milligrammi	Compressa rivestita con film	B01AF02	G.L. PHARMA GMBH	Autorizzata	Procedura Mutuo riconoscimento o Decentrata	Medicinali soggetti a prescrizione medica limitativa, vendibili al pubblico su prescrizione di centri ospedalieri o di specialisti
050236064	050236	ELIHIB	2,5 MG COMPRESSE RIVESTITE CON FILM- 30 COMPRESSE IN BLISTER AL/PVC/PVDC	APIXABAN	APIXABAN	2.5	milligrammi	Compressa rivestita con film	B01AF02	G.L. PHARMA GMBH	Autorizzata	Procedura Mutuo riconoscimento o Decentrata	Medicinali soggetti a prescrizione medica limitativa, vendibili al pubblico su prescrizione di centri ospedalieri o di specialisti
050236076	050236	ELIHIB	2,5 MG COMPRESSE RIVESTITE CON FILM- 56 COMPRESSE IN BLISTER AL/PVC/PVDC	APIXABAN	APIXABAN	2.5	milligrammi	Compressa rivestita con film	B01AF02	G.L. PHARMA GMBH	Autorizzata	Procedura Mutuo riconoscimento o Decentrata	Medicinali soggetti a prescrizione medica limitativa, vendibili al pubblico su prescrizione di centri ospedalieri o di specialisti
050236088	050236	ELIHIB	2,5 MG COMPRESSE RIVESTITE CON FILM- 60 COMPRESSE IN BLISTER AL/PVC/PVDC	APIXABAN	APIXABAN	2.5	milligrammi	Compressa rivestita con film	B01AF02	G.L. PHARMA GMBH	Autorizzata	Procedura Mutuo riconoscimento o Decentrata	Medicinali soggetti a prescrizione medica limitativa, vendibili al pubblico su prescrizione di centri ospedalieri o di specialisti
050236090	050236	ELIHIB	2,5 MG COMPRESSE RIVESTITE CON FILM- 100 COMPRESSE IN BLISTER AL/PVC/PVDC	APIXABAN	APIXABAN	2.5	milligrammi	Compressa rivestita con film	B01AF02	G.L. PHARMA GMBH	Autorizzata	Procedura Mutuo riconoscimento o Decentrata	Medicinali soggetti a prescrizione medica limitativa, vendibili al pubblico su prescrizione di centri ospedalieri o di specialisti
050236102	050236	ELIHIB	2,5 MG COMPRESSE RIVESTITE CON FILM- 7 x 1 COMPRESSE IN BLISTER AL/PVC/PVDC DIVISIBILE PER DOSE UNITARIA	APIXABAN	APIXABAN	2.5	milligrammi	Compressa rivestita con film	B01AF02	G.L. PHARMA GMBH	Autorizzata	Procedura Mutuo riconoscimento o Decentrata	Medicinali soggetti a prescrizione medica limitativa, vendibili al pubblico su prescrizione di centri ospedalieri o di specialisti
050236114	050236	ELIHIB	2,5 MG COMPRESSE RIVESTITE CON FILM- 10 x 1 COMPRESSE IN BLISTER AL/PVC/PVDC DIVISIBILE PER DOSE UNITARIA	APIXABAN	APIXABAN	2.5	milligrammi	Compressa rivestita con film	B01AF02	G.L. PHARMA GMBH	Autorizzata	Procedura Mutuo riconoscimento o Decentrata	Medicinali soggetti a prescrizione medica limitativa, vendibili al pubblico su prescrizione di centri ospedalieri o di specialisti
050236126	050236	ELIHIB	2,5 MG COMPRESSE RIVESTITE CON FILM- 14 x 1 COMPRESSE IN BLISTER AL/PVC/PVDC DIVISIBILE PER DOSE UNITARIA	APIXABAN	APIXABAN	2.5	milligrammi	Compressa rivestita con film	B01AF02	G.L. PHARMA GMBH	Autorizzata	Procedura Mutuo riconoscimento o Decentrata	Medicinali soggetti a prescrizione medica limitativa, vendibili al pubblico su prescrizione di centri ospedalieri o di specialisti
050236138	050236	ELIHIB	2,5 MG COMPRESSE RIVESTITE CON FILM- 20 x 1 COMPRESSE IN BLISTER AL/PVC/PVDC DIVISIBILE PER DOSE UNITARIA	APIXABAN	APIXABAN	2.5	milligrammi	Compressa rivestita con film	B01AF02	G.L. PHARMA GMBH	Autorizzata	Procedura Mutuo riconoscimento o Decentrata	Medicinali soggetti a prescrizione medica limitativa, vendibili al pubblico su prescrizione di centri ospedalieri o di specialisti
050236140	050236	ELIHIB	2,5 MG COMPRESSE RIVESTITE CON FILM- 28 x 1 COMPRESSE IN BLISTER AL/PVC/PVDC DIVISIBILE PER DOSE UNITARIA	APIXABAN	APIXABAN	2.5	milligrammi	Compressa rivestita con film	B01AF02	G.L. PHARMA GMBH	Autorizzata	Procedura Mutuo riconoscimento o Decentrata	Medicinali soggetti a prescrizione medica limitativa, vendibili al pubblico su prescrizione di centri ospedalieri o di specialisti
050236153	050236	ELIHIB	2,5 MG COMPRESSE RIVESTITE CON FILM- 30 x 1 COMPRESSE IN BLISTER AL/PVC/PVDC DIVISIBILE PER DOSE UNITARIA	APIXABAN	APIXABAN	2.5	milligrammi	Compressa rivestita con film	B01AF02	G.L. PHARMA GMBH	Autorizzata	Procedura Mutuo riconoscimento o Decentrata	Medicinali soggetti a prescrizione medica limitativa, vendibili al pubblico su prescrizione di centri ospedalieri o di specialisti
050236165	050236	ELIHIB	2,5 MG COMPRESSE RIVESTITE CON FILM- 56 x 1 COMPRESSE IN BLISTER AL/PVC/PVDC DIVISIBILE PER DOSE UNITARIA	APIXABAN	APIXABAN	2.5	milligrammi	Compressa rivestita con film	B01AF02	G.L. PHARMA GMBH	Autorizzata	Procedura Mutuo riconoscimento o Decentrata	Medicinali soggetti a prescrizione medica limitativa, vendibili al pubblico su prescrizione di centri ospedalieri o di specialisti
050236177	050236	ELIHIB	2,5 MG COMPRESSE RIVESTITE CON FILM- 60 x 1 COMPRESSE IN BLISTER AL/PVC/PVDC DIVISIBILE PER DOSE UNITARIA	APIXABAN	APIXABAN	2.5	milligrammi	Compressa rivestita con film	B01AF02	G.L. PHARMA GMBH	Autorizzata	Procedura Mutuo riconoscimento o Decentrata	Medicinali soggetti a prescrizione medica limitativa, vendibili al pubblico su prescrizione di centri ospedalieri o di specialisti
050236189	050236	ELIHIB	2,5 MG COMPRESSE RIVESTITE CON FILM- 100 x 1 COMPRESSE IN BLISTER AL/PVC/PVDC DIVISIBILE PER DOSE UNITARIA	APIXABAN	APIXABAN	2.5	milligrammi	Compressa rivestita con film	B01AF02	G.L. PHARMA GMBH	Autorizzata	Procedura Mutuo riconoscimento o Decentrata	Medicinali soggetti a prescrizione medica limitativa, vendibili al pubblico su prescrizione di centri ospedalieri o di specialisti
050236191	050236	ELIHIB	5 MG COMPRESSE RIVESTITE CON FILM- 7 COMPRESSE IN BLISTER AL/PVC/PVDC	APIXABAN	APIXABAN	5	milligrammi	Compressa rivestita con film	B01AF02	G.L. PHARMA GMBH	Autorizzata	Procedura Mutuo riconoscimento o Decentrata	Medicinali soggetti a prescrizione medica limitativa, vendibili al pubblico su prescrizione di centri ospedalieri o di specialisti
050236203	050236	ELIHIB	5 MG COMPRESSE RIVESTITE CON FILM- 10 COMPRESSE IN BLISTER AL/PVC/PVDC	APIXABAN	APIXABAN	5	milligrammi	Compressa rivestita con film	B01AF02	G.L. PHARMA GMBH	Autorizzata	Procedura Mutuo riconoscimento o Decentrata	Medicinali soggetti a prescrizione medica limitativa, vendibili al pubblico su prescrizione di centri ospedalieri o di specialisti
050236215	050236	ELIHIB	5 MG COMPRESSE RIVESTITE CON FILM- 14 COMPRESSE IN BLISTER AL/PVC/PVDC	APIXABAN	APIXABAN	5	milligrammi	Compressa rivestita con film	B01AF02	G.L. PHARMA GMBH	Autorizzata	Procedura Mutuo riconoscimento o Decentrata	Medicinali soggetti a prescrizione medica limitativa, vendibili al pubblico su prescrizione di centri ospedalieri o di specialisti
050236227	050236	ELIHIB	5 MG COMPRESSE RIVESTITE CON FILM- 20 COMPRESSE IN BLISTER AL/PVC/PVDC	APIXABAN	APIXABAN	5	milligrammi	Compressa rivestita con film	B01AF02	G.L. PHARMA GMBH	Autorizzata	Procedura Mutuo riconoscimento o Decentrata	Medicinali soggetti a prescrizione medica limitativa, vendibili al pubblico su prescrizione di centri ospedalieri o di specialisti
050236239	050236	ELIHIB	5 MG COMPRESSE RIVESTITE CON FILM- 28 COMPRESSE IN BLISTER AL/PVC/PVDC	APIXABAN	APIXABAN	5	milligrammi	Compressa rivestita con film	B01AF02	G.L. PHARMA GMBH	Autorizzata	Procedura Mutuo riconoscimento o Decentrata	Medicinali soggetti a prescrizione medica limitativa, vendibili al pubblico su prescrizione di centri ospedalieri o di specialisti
050236241	050236	ELIHIB	5 MG COMPRESSE RIVESTITE CON FILM- 30 COMPRESSE IN BLISTER AL/PVC/PVDC	APIXABAN	APIXABAN	5	milligrammi	Compressa rivestita con film	B01AF02	G.L. PHARMA GMBH	Autorizzata	Procedura Mutuo riconoscimento o Decentrata	Medicinali soggetti a prescrizione medica limitativa, vendibili al pubblico su prescrizione di centri ospedalieri o di specialisti
050236254	050236	ELIHIB	5 MG COMPRESSE RIVESTITE CON FILM- 56 COMPRESSE IN BLISTER AL/PVC/PVDC	APIXABAN	APIXABAN	5	milligrammi	Compressa rivestita con film	B01AF02	G.L. PHARMA GMBH	Autorizzata	Procedura Mutuo riconoscimento o Decentrata	Medicinali soggetti a prescrizione medica limitativa, vendibili al pubblico su prescrizione di centri ospedalieri o di specialisti
050236266	050236	ELIHIB	5 MG COMPRESSE RIVESTITE CON FILM- 60 COMPRESSE IN BLISTER AL/PVC/PVDC	APIXABAN	APIXABAN	5	milligrammi	Compressa rivestita con film	B01AF02	G.L. PHARMA GMBH	Autorizzata	Procedura Mutuo riconoscimento o Decentrata	Medicinali soggetti a prescrizione medica limitativa, vendibili al pubblico su prescrizione di centri ospedalieri o di specialisti
050236278	050236	ELIHIB	5 MG COMPRESSE RIVESTITE CON FILM- 100 COMPRESSE IN BLISTER AL/PVC/PVDC	APIXABAN	APIXABAN	5	milligrammi	Compressa rivestita con film	B01AF02	G.L. PHARMA GMBH	Autorizzata	Procedura Mutuo riconoscimento o Decentrata	Medicinali soggetti a prescrizione medica limitativa, vendibili al pubblico su prescrizione di centri ospedalieri o di specialisti
050236280	050236	ELIHIB	5 MG COMPRESSE RIVESTITE CON FILM- 7 x 1 COMPRESSE IN BLISTER AL/PVC/PVDC DIVISIBILE PER DOSE UNITARIA	APIXABAN	APIXABAN	5	milligrammi	Compressa rivestita con film	B01AF02	G.L. PHARMA GMBH	Autorizzata	Procedura Mutuo riconoscimento o Decentrata	Medicinali soggetti a prescrizione medica limitativa, vendibili al pubblico su prescrizione di centri ospedalieri o di specialisti
050236292	050236	ELIHIB	5 MG COMPRESSE RIVESTITE CON FILM- 10 x 1 COMPRESSE IN BLISTER AL/PVC/PVDC DIVISIBILE PER DOSE UNITARIA	APIXABAN	APIXABAN	5	milligrammi	Compressa rivestita con film	B01AF02	G.L. PHARMA GMBH	Autorizzata	Procedura Mutuo riconoscimento o Decentrata	Medicinali soggetti a prescrizione medica limitativa, vendibili al pubblico su prescrizione di centri ospedalieri o di specialisti
050236304	050236	ELIHIB	5 MG COMPRESSE RIVESTITE CON FILM- 14 x 1 COMPRESSE IN BLISTER AL/PVC/PVDC DIVISIBILE PER DOSE UNITARIA	APIXABAN	APIXABAN	5	milligrammi	Compressa rivestita con film	B01AF02	G.L. PHARMA GMBH	Autorizzata	Procedura Mutuo riconoscimento o Decentrata	Medicinali soggetti a prescrizione medica limitativa, vendibili al pubblico su prescrizione di centri ospedalieri o di specialisti
050236316	050236	ELIHIB	5 MG COMPRESSE RIVESTITE CON FILM- 20 x 1 COMPRESSE IN BLISTER AL/PVC/PVDC DIVISIBILE PER DOSE UNITARIA	APIXABAN	APIXABAN	5	milligrammi	Compressa rivestita con film	B01AF02	G.L. PHARMA GMBH	Autorizzata	Procedura Mutuo riconoscimento o Decentrata	Medicinali soggetti a prescrizione medica limitativa, vendibili al pubblico su prescrizione di centri ospedalieri o di specialisti
050236328	050236	ELIHIB	5 MG COMPRESSE RIVESTITE CON FILM- 28 x 1 COMPRESSE IN BLISTER AL/PVC/PVDC DIVISIBILE PER DOSE UNITARIA	APIXABAN	APIXABAN	5	milligrammi	Compressa rivestita con film	B01AF02	G.L. PHARMA GMBH	Autorizzata	Procedura Mutuo riconoscimento o Decentrata	Medicinali soggetti a prescrizione medica limitativa, vendibili al pubblico su prescrizione di centri ospedalieri o di specialisti
050236330	050236	ELIHIB	5 MG COMPRESSE RIVESTITE CON FILM- 30 x 1 COMPRESSE IN BLISTER AL/PVC/PVDC DIVISIBILE PER DOSE UNITARIA	APIXABAN	APIXABAN	5	milligrammi	Compressa rivestita con film	B01AF02	G.L. PHARMA GMBH	Autorizzata	Procedura Mutuo riconoscimento o Decentrata	Medicinali soggetti a prescrizione medica limitativa, vendibili al pubblico su prescrizione di centri ospedalieri o di specialisti
050236342	050236	ELIHIB	5 MG COMPRESSE RIVESTITE CON FILM- 56 x 1 COMPRESSE IN BLISTER AL/PVC/PVDC DIVISIBILE PER DOSE UNITARIA	APIXABAN	APIXABAN	5	milligrammi	Compressa rivestita con film	B01AF02	G.L. PHARMA GMBH	Autorizzata	Procedura Mutuo riconoscimento o Decentrata	Medicinali soggetti a prescrizione medica limitativa, vendibili al pubblico su prescrizione di centri ospedalieri o di specialisti
050236355	050236	ELIHIB	5 MG COMPRESSE RIVESTITE CON FILM- 60 x 1 COMPRESSE IN BLISTER AL/PVC/PVDC DIVISIBILE PER DOSE UNITARIA	APIXABAN	APIXABAN	5	milligrammi	Compressa rivestita con film	B01AF02	G.L. PHARMA GMBH	Autorizzata	Procedura Mutuo riconoscimento o Decentrata	Medicinali soggetti a prescrizione medica limitativa, vendibili al pubblico su prescrizione di centri ospedalieri o di specialisti
050236367	050236	ELIHIB	5 MG COMPRESSE RIVESTITE CON FILM- 100 x 1 COMPRESSE IN BLISTER AL/PVC/PVDC DIVISIBILE PER DOSE UNITARIA	APIXABAN	APIXABAN	5	milligrammi	Compressa rivestita con film	B01AF02	G.L. PHARMA GMBH	Autorizzata	Procedura Mutuo riconoscimento o Decentrata	Medicinali soggetti a prescrizione medica limitativa, vendibili al pubblico su prescrizione di centri ospedalieri o di specialisti
050301011	050301	APIXABAN DOC	2,5 MG COMPRESSE RIVESTITE CON FILM- 10 COMPRESSE IN BLISTER PVC/PVDC/AL	APIXABAN	APIXABAN	2.5	milligrammi	Compressa rivestita con film	B01AF02	DOC GENERICI SRL	Autorizzata	Procedura Mutuo riconoscimento o Decentrata	Medicinali soggetti a prescrizione medica limitativa, vendibili al pubblico su prescrizione di centri ospedalieri o di specialisti
050301023	050301	APIXABAN DOC	2,5 MG COMPRESSE RIVESTITE CON FILM- 14 COMPRESSE IN BLISTER PVC/PVDC/AL	APIXABAN	APIXABAN	2.5	milligrammi	Compressa rivestita con film	B01AF02	DOC GENERICI SRL	Autorizzata	Procedura Mutuo riconoscimento o Decentrata	Medicinali soggetti a prescrizione medica limitativa, vendibili al pubblico su prescrizione di centri ospedalieri o di specialisti
050301035	050301	APIXABAN DOC	2,5 MG COMPRESSE RIVESTITE CON FILM- 20 COMPRESSE IN BLISTER PVC/PVDC/AL	APIXABAN	APIXABAN	2.5	milligrammi	Compressa rivestita con film	B01AF02	DOC GENERICI SRL	Autorizzata	Procedura Mutuo riconoscimento o Decentrata	Medicinali soggetti a prescrizione medica limitativa, vendibili al pubblico su prescrizione di centri ospedalieri o di specialisti
050301047	050301	APIXABAN DOC	2,5 MG COMPRESSE RIVESTITE CON FILM- 28 COMPRESSE IN BLISTER PVC/PVDC/AL	APIXABAN	APIXABAN	2.5	milligrammi	Compressa rivestita con film	B01AF02	DOC GENERICI SRL	Autorizzata	Procedura Mutuo riconoscimento o Decentrata	Medicinali soggetti a prescrizione medica limitativa, vendibili al pubblico su prescrizione di centri ospedalieri o di specialisti
050301050	050301	APIXABAN DOC	2,5 MG COMPRESSE RIVESTITE CON FILM- 56 COMPRESSE IN BLISTER PVC/PVDC/AL	APIXABAN	APIXABAN	2.5	milligrammi	Compressa rivestita con film	B01AF02	DOC GENERICI SRL	Autorizzata	Procedura Mutuo riconoscimento o Decentrata	Medicinali soggetti a prescrizione medica limitativa, vendibili al pubblico su prescrizione di centri ospedalieri o di specialisti
050301062	050301	APIXABAN DOC	2,5 MG COMPRESSE RIVESTITE CON FILM- 60 COMPRESSE IN BLISTER PVC/PVDC/AL	APIXABAN	APIXABAN	2.5	milligrammi	Compressa rivestita con film	B01AF02	DOC GENERICI SRL	Autorizzata	Procedura Mutuo riconoscimento o Decentrata	Medicinali soggetti a prescrizione medica limitativa, vendibili al pubblico su prescrizione di centri ospedalieri o di specialisti
050301074	050301	APIXABAN DOC	2,5 MG COMPRESSE RIVESTITE CON FILM- 100 COMPRESSE IN BLISTER PVC/PVDC/AL	APIXABAN	APIXABAN	2.5	milligrammi	Compressa rivestita con film	B01AF02	DOC GENERICI SRL	Autorizzata	Procedura Mutuo riconoscimento o Decentrata	Medicinali soggetti a prescrizione medica limitativa, vendibili al pubblico su prescrizione di centri ospedalieri o di specialisti
050301086	050301	APIXABAN DOC	2,5 MG COMPRESSE RIVESTITE CON FILM- 168 COMPRESSE IN BLISTER PVC/PVDC/AL	APIXABAN	APIXABAN	2.5	milligrammi	Compressa rivestita con film	B01AF02	DOC GENERICI SRL	Autorizzata	Procedura Mutuo riconoscimento o Decentrata	Medicinali soggetti a prescrizione medica limitativa, vendibili al pubblico su prescrizione di centri ospedalieri o di specialisti
050301098	050301	APIXABAN DOC	2,5 MG COMPRESSE RIVESTITE CON FILM- 200 COMPRESSE IN BLISTER PVC/PVDC/AL	APIXABAN	APIXABAN	2.5	milligrammi	Compressa rivestita con film	B01AF02	DOC GENERICI SRL	Autorizzata	Procedura Mutuo riconoscimento o Decentrata	Medicinali soggetti a prescrizione medica limitativa, utilizzabili esclusivamente in ambiente ospedaliero o in una struttura ad esso assimilabile
050301100	050301	APIXABAN DOC	2,5 MG COMPRESSE RIVESTITE CON FILM- 20 COMPRESSE IN FLACONE HDPE	APIXABAN	APIXABAN	2.5	milligrammi	Compressa rivestita con film	B01AF02	DOC GENERICI SRL	Autorizzata	Procedura Mutuo riconoscimento o Decentrata	Medicinali soggetti a prescrizione medica limitativa, vendibili al pubblico su prescrizione di centri ospedalieri o di specialisti
050301112	050301	APIXABAN DOC	2,5 MG COMPRESSE RIVESTITE CON FILM- 30 COMPRESSE IN FLACONE HDPE	APIXABAN	APIXABAN	2.5	milligrammi	Compressa rivestita con film	B01AF02	DOC GENERICI SRL	Autorizzata	Procedura Mutuo riconoscimento o Decentrata	Medicinali soggetti a prescrizione medica limitativa, vendibili al pubblico su prescrizione di centri ospedalieri o di specialisti
050301124	050301	APIXABAN DOC	2,5 MG COMPRESSE RIVESTITE CON FILM- 50 COMPRESSE IN FLACONE HDPE	APIXABAN	APIXABAN	2.5	milligrammi	Compressa rivestita con film	B01AF02	DOC GENERICI SRL	Autorizzata	Procedura Mutuo riconoscimento o Decentrata	Medicinali soggetti a prescrizione medica limitativa, vendibili al pubblico su prescrizione di centri ospedalieri o di specialisti
050301136	050301	APIXABAN DOC	2,5 MG COMPRESSE RIVESTITE CON FILM- 60 COMPRESSE IN FLACONE HDPE	APIXABAN	APIXABAN	2.5	milligrammi	Compressa rivestita con film	B01AF02	DOC GENERICI SRL	Autorizzata	Procedura Mutuo riconoscimento o Decentrata	Medicinali soggetti a prescrizione medica limitativa, vendibili al pubblico su prescrizione di centri ospedalieri o di specialisti
050301148	050301	APIXABAN DOC	2,5 MG COMPRESSE RIVESTITE CON FILM- 90 COMPRESSE IN FLACONE HDPE	APIXABAN	APIXABAN	2.5	milligrammi	Compressa rivestita con film	B01AF02	DOC GENERICI SRL	Autorizzata	Procedura Mutuo riconoscimento o Decentrata	Medicinali soggetti a prescrizione medica limitativa, vendibili al pubblico su prescrizione di centri ospedalieri o di specialisti
050301151	050301	APIXABAN DOC	2,5 MG COMPRESSE RIVESTITE CON FILM- 100 COMPRESSE IN FLACONE HDPE	APIXABAN	APIXABAN	2.5	milligrammi	Compressa rivestita con film	B01AF02	DOC GENERICI SRL	Autorizzata	Procedura Mutuo riconoscimento o Decentrata	Medicinali soggetti a prescrizione medica limitativa, vendibili al pubblico su prescrizione di centri ospedalieri o di specialisti
050301163	050301	APIXABAN DOC	2,5 MG COMPRESSE RIVESTITE CON FILM- 200 COMPRESSE IN FLACONE HDPE	APIXABAN	APIXABAN	2.5	milligrammi	Compressa rivestita con film	B01AF02	DOC GENERICI SRL	Autorizzata	Procedura Mutuo riconoscimento o Decentrata	Medicinali soggetti a prescrizione medica limitativa, utilizzabili esclusivamente in ambiente ospedaliero o in una struttura ad esso assimilabile
050301175	050301	APIXABAN DOC	2,5 MG COMPRESSE RIVESTITE CON FILM- 250 COMPRESSE IN FLACONE HDPE	APIXABAN	APIXABAN	2.5	milligrammi	Compressa rivestita con film	B01AF02	DOC GENERICI SRL	Autorizzata	Procedura Mutuo riconoscimento o Decentrata	Medicinali soggetti a prescrizione medica limitativa, utilizzabili esclusivamente in ambiente ospedaliero o in una struttura ad esso assimilabile
050301187	050301	APIXABAN DOC	2,5 MG COMPRESSE RIVESTITE CON FILM- 500 COMPRESSE IN FLACONE HDPE	APIXABAN	APIXABAN	2.5	milligrammi	Compressa rivestita con film	B01AF02	DOC GENERICI SRL	Autorizzata	Procedura Mutuo riconoscimento o Decentrata	Medicinali soggetti a prescrizione medica limitativa, utilizzabili esclusivamente in ambiente ospedaliero o in una struttura ad esso assimilabile
050301199	050301	APIXABAN DOC	5 MG COMPRESSE RIVESTITE CON FILM- 10 COMPRESSE IN BLISTER PVC/PVDC/AL	APIXABAN	APIXABAN	5	milligrammi	Compressa rivestita con film	B01AF02	DOC GENERICI SRL	Autorizzata	Procedura Mutuo riconoscimento o Decentrata	Medicinali soggetti a prescrizione medica limitativa, vendibili al pubblico su prescrizione di centri ospedalieri o di specialisti
050301201	050301	APIXABAN DOC	5 MG COMPRESSE RIVESTITE CON FILM- 14 COMPRESSE IN BLISTER PVC/PVDC/AL	APIXABAN	APIXABAN	5	milligrammi	Compressa rivestita con film	B01AF02	DOC GENERICI SRL	Autorizzata	Procedura Mutuo riconoscimento o Decentrata	Medicinali soggetti a prescrizione medica limitativa, vendibili al pubblico su prescrizione di centri ospedalieri o di specialisti
050301213	050301	APIXABAN DOC	5 MG COMPRESSE RIVESTITE CON FILM- 20 COMPRESSE IN BLISTER PVC/PVDC/AL	APIXABAN	APIXABAN	5	milligrammi	Compressa rivestita con film	B01AF02	DOC GENERICI SRL	Autorizzata	Procedura Mutuo riconoscimento o Decentrata	Medicinali soggetti a prescrizione medica limitativa, vendibili al pubblico su prescrizione di centri ospedalieri o di specialisti
050301225	050301	APIXABAN DOC	5 MG COMPRESSE RIVESTITE CON FILM- 28 COMPRESSE IN BLISTER PVC/PVDC/AL	APIXABAN	APIXABAN	5	milligrammi	Compressa rivestita con film	B01AF02	DOC GENERICI SRL	Autorizzata	Procedura Mutuo riconoscimento o Decentrata	Medicinali soggetti a prescrizione medica limitativa, vendibili al pubblico su prescrizione di centri ospedalieri o di specialisti
050301237	050301	APIXABAN DOC	5 MG COMPRESSE RIVESTITE CON FILM- 56 COMPRESSE IN BLISTER PVC/PVDC/AL	APIXABAN	APIXABAN	5	milligrammi	Compressa rivestita con film	B01AF02	DOC GENERICI SRL	Autorizzata	Procedura Mutuo riconoscimento o Decentrata	Medicinali soggetti a prescrizione medica limitativa, vendibili al pubblico su prescrizione di centri ospedalieri o di specialisti
050301249	050301	APIXABAN DOC	5 MG COMPRESSE RIVESTITE CON FILM- 60 COMPRESSE IN BLISTER PVC/PVDC/AL	APIXABAN	APIXABAN	5	milligrammi	Compressa rivestita con film	B01AF02	DOC GENERICI SRL	Autorizzata	Procedura Mutuo riconoscimento o Decentrata	Medicinali soggetti a prescrizione medica limitativa, vendibili al pubblico su prescrizione di centri ospedalieri o di specialisti
050301252	050301	APIXABAN DOC	5 MG COMPRESSE RIVESTITE CON FILM- 100 COMPRESSE IN BLISTER PVC/PVDC/AL	APIXABAN	APIXABAN	5	milligrammi	Compressa rivestita con film	B01AF02	DOC GENERICI SRL	Autorizzata	Procedura Mutuo riconoscimento o Decentrata	Medicinali soggetti a prescrizione medica limitativa, vendibili al pubblico su prescrizione di centri ospedalieri o di specialisti
050301264	050301	APIXABAN DOC	5 MG COMPRESSE RIVESTITE CON FILM- 168 COMPRESSE IN BLISTER PVC/PVDC/AL	APIXABAN	APIXABAN	5	milligrammi	Compressa rivestita con film	B01AF02	DOC GENERICI SRL	Autorizzata	Procedura Mutuo riconoscimento o Decentrata	Medicinali soggetti a prescrizione medica limitativa, vendibili al pubblico su prescrizione di centri ospedalieri o di specialisti
050301276	050301	APIXABAN DOC	5 MG COMPRESSE RIVESTITE CON FILM- 200 COMPRESSE IN BLISTER PVC/PVDC/AL	APIXABAN	APIXABAN	5	milligrammi	Compressa rivestita con film	B01AF02	DOC GENERICI SRL	Autorizzata	Procedura Mutuo riconoscimento o Decentrata	Medicinali soggetti a prescrizione medica limitativa, utilizzabili esclusivamente in ambiente ospedaliero o in una struttura ad esso assimilabile
050301288	050301	APIXABAN DOC	5 MG COMPRESSE RIVESTITE CON FILM- 20 COMPRESSE IN FLACONE HDPE	APIXABAN	APIXABAN	5	milligrammi	Compressa rivestita con film	B01AF02	DOC GENERICI SRL	Autorizzata	Procedura Mutuo riconoscimento o Decentrata	Medicinali soggetti a prescrizione medica limitativa, vendibili al pubblico su prescrizione di centri ospedalieri o di specialisti
050301290	050301	APIXABAN DOC	5 MG COMPRESSE RIVESTITE CON FILM- 30 COMPRESSE IN FLACONE HDPE	APIXABAN	APIXABAN	5	milligrammi	Compressa rivestita con film	B01AF02	DOC GENERICI SRL	Autorizzata	Procedura Mutuo riconoscimento o Decentrata	Medicinali soggetti a prescrizione medica limitativa, vendibili al pubblico su prescrizione di centri ospedalieri o di specialisti
050301302	050301	APIXABAN DOC	5 MG COMPRESSE RIVESTITE CON FILM- 50 COMPRESSE IN FLACONE HDPE	APIXABAN	APIXABAN	5	milligrammi	Compressa rivestita con film	B01AF02	DOC GENERICI SRL	Autorizzata	Procedura Mutuo riconoscimento o Decentrata	Medicinali soggetti a prescrizione medica limitativa, vendibili al pubblico su prescrizione di centri ospedalieri o di specialisti
050301314	050301	APIXABAN DOC	5 MG COMPRESSE RIVESTITE CON FILM- 60 COMPRESSE IN FLACONE HDPE	APIXABAN	APIXABAN	5	milligrammi	Compressa rivestita con film	B01AF02	DOC GENERICI SRL	Autorizzata	Procedura Mutuo riconoscimento o Decentrata	Medicinali soggetti a prescrizione medica limitativa, vendibili al pubblico su prescrizione di centri ospedalieri o di specialisti
050301326	050301	APIXABAN DOC	5 MG COMPRESSE RIVESTITE CON FILM- 90 COMPRESSE IN FLACONE HDPE	APIXABAN	APIXABAN	5	milligrammi	Compressa rivestita con film	B01AF02	DOC GENERICI SRL	Autorizzata	Procedura Mutuo riconoscimento o Decentrata	Medicinali soggetti a prescrizione medica limitativa, vendibili al pubblico su prescrizione di centri ospedalieri o di specialisti
050301338	050301	APIXABAN DOC	5 MG COMPRESSE RIVESTITE CON FILM- 100 COMPRESSE IN FLACONE HDPE	APIXABAN	APIXABAN	5	milligrammi	Compressa rivestita con film	B01AF02	DOC GENERICI SRL	Autorizzata	Procedura Mutuo riconoscimento o Decentrata	Medicinali soggetti a prescrizione medica limitativa, vendibili al pubblico su prescrizione di centri ospedalieri o di specialisti
050301340	050301	APIXABAN DOC	5 MG COMPRESSE RIVESTITE CON FILM- 200 COMPRESSE IN FLACONE HDPE	APIXABAN	APIXABAN	5	milligrammi	Compressa rivestita con film	B01AF02	DOC GENERICI SRL	Autorizzata	Procedura Mutuo riconoscimento o Decentrata	Medicinali soggetti a prescrizione medica limitativa, utilizzabili esclusivamente in ambiente ospedaliero o in una struttura ad esso assimilabile
050301353	050301	APIXABAN DOC	5 MG COMPRESSE RIVESTITE CON FILM- 250 COMPRESSE IN FLACONE HDPE	APIXABAN	APIXABAN	5	milligrammi	Compressa rivestita con film	B01AF02	DOC GENERICI SRL	Autorizzata	Procedura Mutuo riconoscimento o Decentrata	Medicinali soggetti a prescrizione medica limitativa, utilizzabili esclusivamente in ambiente ospedaliero o in una struttura ad esso assimilabile
050301365	050301	APIXABAN DOC	5 MG COMPRESSE RIVESTITE CON FILM- 500 COMPRESSE IN FLACONE HDPE	APIXABAN	APIXABAN	5	milligrammi	Compressa rivestita con film	B01AF02	DOC GENERICI SRL	Autorizzata	Procedura Mutuo riconoscimento o Decentrata	Medicinali soggetti a prescrizione medica limitativa, utilizzabili esclusivamente in ambiente ospedaliero o in una struttura ad esso assimilabile
050512019	050512	APIXABAN DOC GENERICS	2.5 mg COMPRESSE RIVESTITE CON FILM- 10 COMPRESSE IN BLISTER OPA/AL	APIXABAN	APIXABAN			Compressa rivestita con film	B01AF02	DOC GENERICI SRL	Autorizzata	Procedura Mutuo riconoscimento o Decentrata	Medicinali soggetti a prescrizione medica limitativa, vendibili al pubblico su prescrizione di centri ospedalieri o di specialisti
050512021	050512	APIXABAN DOC GENERICS	2.5 mg COMPRESSE RIVESTITE CON FILM- 20 COMPRESSE IN BLISTER OPA/AL	APIXABAN	APIXABAN			Compressa rivestita con film	B01AF02	DOC GENERICI SRL	Autorizzata	Procedura Mutuo riconoscimento o Decentrata	Medicinali soggetti a prescrizione medica limitativa, vendibili al pubblico su prescrizione di centri ospedalieri o di specialisti
050512033	050512	APIXABAN DOC GENERICS	2.5 mg COMPRESSE RIVESTITE CON FILM- 60 COMPRESSE IN BLISTER OPA/AL	APIXABAN	APIXABAN			Compressa rivestita con film	B01AF02	DOC GENERICI SRL	Autorizzata	Procedura Mutuo riconoscimento o Decentrata	Medicinali soggetti a prescrizione medica limitativa, vendibili al pubblico su prescrizione di centri ospedalieri o di specialisti
050512045	050512	APIXABAN DOC GENERICS	5 mg COMPRESSE RIVESTITE CON FILM- 20 COMPRESSE IN BLISTER OPA/AL	APIXABAN	APIXABAN			Compressa rivestita con film	B01AF02	DOC GENERICI SRL	Autorizzata	Procedura Mutuo riconoscimento o Decentrata	Medicinali soggetti a prescrizione medica limitativa, vendibili al pubblico su prescrizione di centri ospedalieri o di specialisti
050512058	050512	APIXABAN DOC GENERICS	5 mg COMPRESSE RIVESTITE CON FILM- 28 COMPRESSE IN BLISTER OPA/AL	APIXABAN	APIXABAN			Compressa rivestita con film	B01AF02	DOC GENERICI SRL	Autorizzata	Procedura Mutuo riconoscimento o Decentrata	Medicinali soggetti a prescrizione medica limitativa, vendibili al pubblico su prescrizione di centri ospedalieri o di specialisti
050512060	050512	APIXABAN DOC GENERICS	5 mg COMPRESSE RIVESTITE CON FILM- 60 COMPRESSE IN BLISTER OPA/AL	APIXABAN	APIXABAN			Compressa rivestita con film	B01AF02	DOC GENERICI SRL	Autorizzata	Procedura Mutuo riconoscimento o Decentrata	Medicinali soggetti a prescrizione medica limitativa, vendibili al pubblico su prescrizione di centri ospedalieri o di specialisti
050513011	050513	APIXABAN TECNIGEN	2.5 mg COMPRESSE RIVESTITE CON FILM- 10 COMPRESSE IN BLISTER OPA/AL	APIXABAN	APIXABAN			Compressa rivestita con film	B01AF02	TECNIGEN S.R.L.	Autorizzata	Procedura Mutuo riconoscimento o Decentrata	Medicinali soggetti a prescrizione medica limitativa, vendibili al pubblico su prescrizione di centri ospedalieri o di specialisti
050513023	050513	APIXABAN TECNIGEN	2.5 mg COMPRESSE RIVESTITE CON FILM- 20 COMPRESSE IN BLISTER OPA/AL	APIXABAN	APIXABAN			Compressa rivestita con film	B01AF02	TECNIGEN S.R.L.	Autorizzata	Procedura Mutuo riconoscimento o Decentrata	Medicinali soggetti a prescrizione medica limitativa, vendibili al pubblico su prescrizione di centri ospedalieri o di specialisti
050513035	050513	APIXABAN TECNIGEN	2.5 mg COMPRESSE RIVESTITE CON FILM- 60 COMPRESSE IN BLISTER OPA/AL	APIXABAN	APIXABAN			Compressa rivestita con film	B01AF02	TECNIGEN S.R.L.	Autorizzata	Procedura Mutuo riconoscimento o Decentrata	Medicinali soggetti a prescrizione medica limitativa, vendibili al pubblico su prescrizione di centri ospedalieri o di specialisti
050513047	050513	APIXABAN TECNIGEN	5 mg COMPRESSE RIVESTITE CON FILM- 20 COMPRESSE IN BLISTER OPA/AL	APIXABAN	APIXABAN			Compressa rivestita con film	B01AF02	TECNIGEN S.R.L.	Autorizzata	Procedura Mutuo riconoscimento o Decentrata	Medicinali soggetti a prescrizione medica limitativa, vendibili al pubblico su prescrizione di centri ospedalieri o di specialisti
050513050	050513	APIXABAN TECNIGEN	5 mg COMPRESSE RIVESTITE CON FILM- 28 COMPRESSE IN BLISTER OPA/AL	APIXABAN	APIXABAN			Compressa rivestita con film	B01AF02	TECNIGEN S.R.L.	Autorizzata	Procedura Mutuo riconoscimento o Decentrata	Medicinali soggetti a prescrizione medica limitativa, vendibili al pubblico su prescrizione di centri ospedalieri o di specialisti
050513062	050513	APIXABAN TECNIGEN	5 mg COMPRESSE RIVESTITE CON FILM- 60 COMPRESSE IN BLISTER OPA/AL	APIXABAN	APIXABAN			Compressa rivestita con film	B01AF02	TECNIGEN S.R.L.	Autorizzata	Procedura Mutuo riconoscimento o Decentrata	Medicinali soggetti a prescrizione medica limitativa, vendibili al pubblico su prescrizione di centri ospedalieri o di specialisti
050601018	050601	APIXABAN ZENTIVA	2,5 MG COMPRESSE RIVESTITE CON FILM- 10 COMPRESSE IN BLISTER PVC/PVDC/AL	APIXABAN	APIXABAN	2.5	milligrammi	Compressa rivestita con film	B01AF02	ZENTIVA ITALIA S.R.L.	Autorizzata	Procedura Mutuo riconoscimento o Decentrata	Medicinali soggetti a prescrizione medica limitativa, vendibili al pubblico su prescrizione di centri ospedalieri o di specialisti
050601020	050601	APIXABAN ZENTIVA	2,5 MG COMPRESSE RIVESTITE CON FILM- 14 COMPRESSE IN BLISTER PVC/PVDC/AL	APIXABAN	APIXABAN	2.5	milligrammi	Compressa rivestita con film	B01AF02	ZENTIVA ITALIA S.R.L.	Autorizzata	Procedura Mutuo riconoscimento o Decentrata	Medicinali soggetti a prescrizione medica limitativa, vendibili al pubblico su prescrizione di centri ospedalieri o di specialisti
050601032	050601	APIXABAN ZENTIVA	2,5 MG COMPRESSE RIVESTITE CON FILM- 20 COMPRESSE IN BLISTER PVC/PVDC/AL	APIXABAN	APIXABAN	2.5	milligrammi	Compressa rivestita con film	B01AF02	ZENTIVA ITALIA S.R.L.	Autorizzata	Procedura Mutuo riconoscimento o Decentrata	Medicinali soggetti a prescrizione medica limitativa, vendibili al pubblico su prescrizione di centri ospedalieri o di specialisti
050601044	050601	APIXABAN ZENTIVA	2,5 MG COMPRESSE RIVESTITE CON FILM- 28 COMPRESSE IN BLISTER PVC/PVDC/AL	APIXABAN	APIXABAN	2.5	milligrammi	Compressa rivestita con film	B01AF02	ZENTIVA ITALIA S.R.L.	Autorizzata	Procedura Mutuo riconoscimento o Decentrata	Medicinali soggetti a prescrizione medica limitativa, vendibili al pubblico su prescrizione di centri ospedalieri o di specialisti
050601057	050601	APIXABAN ZENTIVA	2,5 MG COMPRESSE RIVESTITE CON FILM- 30 COMPRESSE IN BLISTER PVC/PVDC/AL	APIXABAN	APIXABAN	2.5	milligrammi	Compressa rivestita con film	B01AF02	ZENTIVA ITALIA S.R.L.	Autorizzata	Procedura Mutuo riconoscimento o Decentrata	Medicinali soggetti a prescrizione medica limitativa, vendibili al pubblico su prescrizione di centri ospedalieri o di specialisti
050601069	050601	APIXABAN ZENTIVA	2,5 MG COMPRESSE RIVESTITE CON FILM- 56 COMPRESSE IN BLISTER PVC/PVDC/AL	APIXABAN	APIXABAN	2.5	milligrammi	Compressa rivestita con film	B01AF02	ZENTIVA ITALIA S.R.L.	Autorizzata	Procedura Mutuo riconoscimento o Decentrata	Medicinali soggetti a prescrizione medica limitativa, vendibili al pubblico su prescrizione di centri ospedalieri o di specialisti
050601071	050601	APIXABAN ZENTIVA	2,5 MG COMPRESSE RIVESTITE CON FILM- 60 COMPRESSE IN BLISTER PVC/PVDC/AL	APIXABAN	APIXABAN	2.5	milligrammi	Compressa rivestita con film	B01AF02	ZENTIVA ITALIA S.R.L.	Autorizzata	Procedura Mutuo riconoscimento o Decentrata	Medicinali soggetti a prescrizione medica limitativa, vendibili al pubblico su prescrizione di centri ospedalieri o di specialisti
050601083	050601	APIXABAN ZENTIVA	2,5 MG COMPRESSE RIVESTITE CON FILM- 90 COMPRESSE IN BLISTER PVC/PVDC/AL	APIXABAN	APIXABAN	2.5	milligrammi	Compressa rivestita con film	B01AF02	ZENTIVA ITALIA S.R.L.	Autorizzata	Procedura Mutuo riconoscimento o Decentrata	Medicinali soggetti a prescrizione medica limitativa, vendibili al pubblico su prescrizione di centri ospedalieri o di specialisti
050601095	050601	APIXABAN ZENTIVA	2,5 MG COMPRESSE RIVESTITE CON FILM- 100 COMPRESSE IN BLISTER PVC/PVDC/AL	APIXABAN	APIXABAN	2.5	milligrammi	Compressa rivestita con film	B01AF02	ZENTIVA ITALIA S.R.L.	Autorizzata	Procedura Mutuo riconoscimento o Decentrata	Medicinali soggetti a prescrizione medica limitativa, vendibili al pubblico su prescrizione di centri ospedalieri o di specialisti
050601107	050601	APIXABAN ZENTIVA	2,5 MG COMPRESSE RIVESTITE CON FILM- 120 COMPRESSE IN BLISTER PVC/PVDC/AL	APIXABAN	APIXABAN	2.5	milligrammi	Compressa rivestita con film	B01AF02	ZENTIVA ITALIA S.R.L.	Autorizzata	Procedura Mutuo riconoscimento o Decentrata	Medicinali soggetti a prescrizione medica limitativa, vendibili al pubblico su prescrizione di centri ospedalieri o di specialisti
050601119	050601	APIXABAN ZENTIVA	2,5 MG COMPRESSE RIVESTITE CON FILM- 168 COMPRESSE IN BLISTER PVC/PVDC/AL	APIXABAN	APIXABAN	2.5	milligrammi	Compressa rivestita con film	B01AF02	ZENTIVA ITALIA S.R.L.	Autorizzata	Procedura Mutuo riconoscimento o Decentrata	Medicinali soggetti a prescrizione medica limitativa, vendibili al pubblico su prescrizione di centri ospedalieri o di specialisti
050601121	050601	APIXABAN ZENTIVA	2,5 MG COMPRESSE RIVESTITE CON FILM- 200 COMPRESSE IN BLISTER PVC/PVDC/AL	APIXABAN	APIXABAN	2.5	milligrammi	Compressa rivestita con film	B01AF02	ZENTIVA ITALIA S.R.L.	Autorizzata	Procedura Mutuo riconoscimento o Decentrata	Medicinali soggetti a prescrizione medica limitativa, utilizzabili esclusivamente in ambiente ospedaliero o in una struttura ad esso assimilabile
050601133	050601	APIXABAN ZENTIVA	5 MG COMPRESSE RIVESTITE CON FILM- 10 COMPRESSE IN BLISTER PVC/PVDC/AL	APIXABAN	APIXABAN	5	milligrammi	Compressa rivestita con film	B01AF02	ZENTIVA ITALIA S.R.L.	Autorizzata	Procedura Mutuo riconoscimento o Decentrata	Medicinali soggetti a prescrizione medica limitativa, vendibili al pubblico su prescrizione di centri ospedalieri o di specialisti
050601145	050601	APIXABAN ZENTIVA	5 MG COMPRESSE RIVESTITE CON FILM- 14 COMPRESSE IN BLISTER PVC/PVDC/AL	APIXABAN	APIXABAN	5	milligrammi	Compressa rivestita con film	B01AF02	ZENTIVA ITALIA S.R.L.	Autorizzata	Procedura Mutuo riconoscimento o Decentrata	Medicinali soggetti a prescrizione medica limitativa, vendibili al pubblico su prescrizione di centri ospedalieri o di specialisti
050601158	050601	APIXABAN ZENTIVA	5 MG COMPRESSE RIVESTITE CON FILM- 20 COMPRESSE IN BLISTER PVC/PVDC/AL	APIXABAN	APIXABAN	5	milligrammi	Compressa rivestita con film	B01AF02	ZENTIVA ITALIA S.R.L.	Autorizzata	Procedura Mutuo riconoscimento o Decentrata	Medicinali soggetti a prescrizione medica limitativa, vendibili al pubblico su prescrizione di centri ospedalieri o di specialisti
050601160	050601	APIXABAN ZENTIVA	5 MG COMPRESSE RIVESTITE CON FILM- 28 COMPRESSE IN BLISTER PVC/PVDC/AL	APIXABAN	APIXABAN	5	milligrammi	Compressa rivestita con film	B01AF02	ZENTIVA ITALIA S.R.L.	Autorizzata	Procedura Mutuo riconoscimento o Decentrata	Medicinali soggetti a prescrizione medica limitativa, vendibili al pubblico su prescrizione di centri ospedalieri o di specialisti
050601172	050601	APIXABAN ZENTIVA	5 MG COMPRESSE RIVESTITE CON FILM- 30 COMPRESSE IN BLISTER PVC/PVDC/AL	APIXABAN	APIXABAN	5	milligrammi	Compressa rivestita con film	B01AF02	ZENTIVA ITALIA S.R.L.	Autorizzata	Procedura Mutuo riconoscimento o Decentrata	Medicinali soggetti a prescrizione medica limitativa, vendibili al pubblico su prescrizione di centri ospedalieri o di specialisti
050601184	050601	APIXABAN ZENTIVA	5 MG COMPRESSE RIVESTITE CON FILM- 56 COMPRESSE IN BLISTER PVC/PVDC/AL	APIXABAN	APIXABAN	5	milligrammi	Compressa rivestita con film	B01AF02	ZENTIVA ITALIA S.R.L.	Autorizzata	Procedura Mutuo riconoscimento o Decentrata	Medicinali soggetti a prescrizione medica limitativa, vendibili al pubblico su prescrizione di centri ospedalieri o di specialisti
050601196	050601	APIXABAN ZENTIVA	5 MG COMPRESSE RIVESTITE CON FILM- 60 COMPRESSE IN BLISTER PVC/PVDC/AL	APIXABAN	APIXABAN	5	milligrammi	Compressa rivestita con film	B01AF02	ZENTIVA ITALIA S.R.L.	Autorizzata	Procedura Mutuo riconoscimento o Decentrata	Medicinali soggetti a prescrizione medica limitativa, vendibili al pubblico su prescrizione di centri ospedalieri o di specialisti
050601208	050601	APIXABAN ZENTIVA	5 MG COMPRESSE RIVESTITE CON FILM- 90 COMPRESSE IN BLISTER PVC/PVDC/AL	APIXABAN	APIXABAN	5	milligrammi	Compressa rivestita con film	B01AF02	ZENTIVA ITALIA S.R.L.	Autorizzata	Procedura Mutuo riconoscimento o Decentrata	Medicinali soggetti a prescrizione medica limitativa, vendibili al pubblico su prescrizione di centri ospedalieri o di specialisti
050601210	050601	APIXABAN ZENTIVA	5 MG COMPRESSE RIVESTITE CON FILM- 100 COMPRESSE IN BLISTER PVC/PVDC/AL	APIXABAN	APIXABAN	5	milligrammi	Compressa rivestita con film	B01AF02	ZENTIVA ITALIA S.R.L.	Autorizzata	Procedura Mutuo riconoscimento o Decentrata	Medicinali soggetti a prescrizione medica limitativa, vendibili al pubblico su prescrizione di centri ospedalieri o di specialisti
050601222	050601	APIXABAN ZENTIVA	5 MG COMPRESSE RIVESTITE CON FILM- 120 COMPRESSE IN BLISTER PVC/PVDC/AL	APIXABAN	APIXABAN	5	milligrammi	Compressa rivestita con film	B01AF02	ZENTIVA ITALIA S.R.L.	Autorizzata	Procedura Mutuo riconoscimento o Decentrata	Medicinali soggetti a prescrizione medica limitativa, vendibili al pubblico su prescrizione di centri ospedalieri o di specialisti
050601234	050601	APIXABAN ZENTIVA	5 MG COMPRESSE RIVESTITE CON FILM- 168 COMPRESSE IN BLISTER PVC/PVDC/AL	APIXABAN	APIXABAN	5	milligrammi	Compressa rivestita con film	B01AF02	ZENTIVA ITALIA S.R.L.	Autorizzata	Procedura Mutuo riconoscimento o Decentrata	Medicinali soggetti a prescrizione medica limitativa, vendibili al pubblico su prescrizione di centri ospedalieri o di specialisti
050601246	050601	APIXABAN ZENTIVA	5 MG COMPRESSE RIVESTITE CON FILM- 200 COMPRESSE IN BLISTER PVC/PVDC/AL	APIXABAN	APIXABAN	5	milligrammi	Compressa rivestita con film	B01AF02	ZENTIVA ITALIA S.R.L.	Autorizzata	Procedura Mutuo riconoscimento o Decentrata	Medicinali soggetti a prescrizione medica limitativa, utilizzabili esclusivamente in ambiente ospedaliero o in una struttura ad esso assimilabile
050622012	050622	APIXABAN ADAMED	2,5 MG COMPRESSE RIVESTITE CON FILM- 10 COMPRESSE IN BLISTER PVC/PVDC-AL	APIXABAN	APIXABAN	2.5	milligrammi	Compressa rivestita con film	B01AF02	ADAMED S.R.L.	Autorizzata	Procedura Mutuo riconoscimento o Decentrata	Medicinali soggetti a prescrizione medica limitativa, vendibili al pubblico su prescrizione di centri ospedalieri o di specialisti
050622024	050622	APIXABAN ADAMED	2,5 MG COMPRESSE RIVESTITE CON FILM- 20 COMPRESSE IN BLISTER PVC/PVDC-AL	APIXABAN	APIXABAN	2.5	milligrammi	Compressa rivestita con film	B01AF02	ADAMED S.R.L.	Autorizzata	Procedura Mutuo riconoscimento o Decentrata	Medicinali soggetti a prescrizione medica limitativa, vendibili al pubblico su prescrizione di centri ospedalieri o di specialisti
050622036	050622	APIXABAN ADAMED	2,5 MG COMPRESSE RIVESTITE CON FILM- 60 COMPRESSE IN BLISTER PVC/PVDC-AL	APIXABAN	APIXABAN	2.5	milligrammi	Compressa rivestita con film	B01AF02	ADAMED S.R.L.	Autorizzata	Procedura Mutuo riconoscimento o Decentrata	Medicinali soggetti a prescrizione medica limitativa, vendibili al pubblico su prescrizione di centri ospedalieri o di specialisti
050622048	050622	APIXABAN ADAMED	2,5 MG COMPRESSE RIVESTITE CON FILM- 60 COMPRESSE IN BLISTER PVC/PVDC-AL DIVISIBILE PER DOSE UNITARIA	APIXABAN	APIXABAN	2.5	milligrammi	Compressa rivestita con film	B01AF02	ADAMED S.R.L.	Autorizzata	Procedura Mutuo riconoscimento o Decentrata	Medicinali soggetti a prescrizione medica limitativa, vendibili al pubblico su prescrizione di centri ospedalieri o di specialisti
050622051	050622	APIXABAN ADAMED	2,5 MG COMPRESSE RIVESTITE CON FILM- 100 COMPRESSE IN BLISTER PVC/PVDC-AL	APIXABAN	APIXABAN	2.5	milligrammi	Compressa rivestita con film	B01AF02	ADAMED S.R.L.	Autorizzata	Procedura Mutuo riconoscimento o Decentrata	Medicinali soggetti a prescrizione medica limitativa, vendibili al pubblico su prescrizione di centri ospedalieri o di specialisti
050622063	050622	APIXABAN ADAMED	2,5 MG COMPRESSE RIVESTITE CON FILM- 100 COMPRESSE IN BLISTER PVC/PVDC-AL DIVISIBILE PER DOSE UNITARIA	APIXABAN	APIXABAN	2.5	milligrammi	Compressa rivestita con film	B01AF02	ADAMED S.R.L.	Autorizzata	Procedura Mutuo riconoscimento o Decentrata	Medicinali soggetti a prescrizione medica limitativa, vendibili al pubblico su prescrizione di centri ospedalieri o di specialisti
050622075	050622	APIXABAN ADAMED	2,5 MG COMPRESSE RIVESTITE CON FILM- 168 COMPRESSE IN BLISTER PVC/PVDC-AL	APIXABAN	APIXABAN	2.5	milligrammi	Compressa rivestita con film	B01AF02	ADAMED S.R.L.	Autorizzata	Procedura Mutuo riconoscimento o Decentrata	Medicinali soggetti a prescrizione medica limitativa, vendibili al pubblico su prescrizione di centri ospedalieri o di specialisti
050622087	050622	APIXABAN ADAMED	2,5 MG COMPRESSE RIVESTITE CON FILM- 200 COMPRESSE IN BLISTER PVC/PVDC-AL	APIXABAN	APIXABAN	2.5	milligrammi	Compressa rivestita con film	B01AF02	ADAMED S.R.L.	Autorizzata	Procedura Mutuo riconoscimento o Decentrata	Medicinali soggetti a prescrizione medica limitativa, utilizzabili esclusivamente in ambiente ospedaliero o in una struttura ad esso assimilabile
050622099	050622	APIXABAN ADAMED	2,5 MG COMPRESSE RIVESTITE CON FILM- 10 COMPRESSE IN BLISTER PVC/AL	APIXABAN	APIXABAN	2.5	milligrammi	Compressa rivestita con film	B01AF02	ADAMED S.R.L.	Autorizzata	Procedura Mutuo riconoscimento o Decentrata	Medicinali soggetti a prescrizione medica limitativa, vendibili al pubblico su prescrizione di centri ospedalieri o di specialisti
050622101	050622	APIXABAN ADAMED	2,5 MG COMPRESSE RIVESTITE CON FILM- 20 COMPRESSE IN BLISTER PVC/AL	APIXABAN	APIXABAN	2.5	milligrammi	Compressa rivestita con film	B01AF02	ADAMED S.R.L.	Autorizzata	Procedura Mutuo riconoscimento o Decentrata	Medicinali soggetti a prescrizione medica limitativa, vendibili al pubblico su prescrizione di centri ospedalieri o di specialisti
050622113	050622	APIXABAN ADAMED	2,5 MG COMPRESSE RIVESTITE CON FILM- 60 COMPRESSE IN BLISTER PVC/AL	APIXABAN	APIXABAN	2.5	milligrammi	Compressa rivestita con film	B01AF02	ADAMED S.R.L.	Autorizzata	Procedura Mutuo riconoscimento o Decentrata	Medicinali soggetti a prescrizione medica limitativa, vendibili al pubblico su prescrizione di centri ospedalieri o di specialisti
050622125	050622	APIXABAN ADAMED	2,5 MG COMPRESSE RIVESTITE CON FILM- 60 COMPRESSE IN BLISTER PVC/AL DIVISIBILE PER DOSE UNITARIA	APIXABAN	APIXABAN	2.5	milligrammi	Compressa rivestita con film	B01AF02	ADAMED S.R.L.	Autorizzata	Procedura Mutuo riconoscimento o Decentrata	Medicinali soggetti a prescrizione medica limitativa, vendibili al pubblico su prescrizione di centri ospedalieri o di specialisti
050622137	050622	APIXABAN ADAMED	2,5 MG COMPRESSE RIVESTITE CON FILM- 100 COMPRESSE IN BLISTER PVC/AL	APIXABAN	APIXABAN	2.5	milligrammi	Compressa rivestita con film	B01AF02	ADAMED S.R.L.	Autorizzata	Procedura Mutuo riconoscimento o Decentrata	Medicinali soggetti a prescrizione medica limitativa, vendibili al pubblico su prescrizione di centri ospedalieri o di specialisti
050622149	050622	APIXABAN ADAMED	2,5 MG COMPRESSE RIVESTITE CON FILM- 100 COMPRESSE IN BLISTER PVC/AL DIVISIBILE PER DOSE UNITARIA	APIXABAN	APIXABAN	2.5	milligrammi	Compressa rivestita con film	B01AF02	ADAMED S.R.L.	Autorizzata	Procedura Mutuo riconoscimento o Decentrata	Medicinali soggetti a prescrizione medica limitativa, vendibili al pubblico su prescrizione di centri ospedalieri o di specialisti
050622152	050622	APIXABAN ADAMED	2,5 MG COMPRESSE RIVESTITE CON FILM- 168 COMPRESSE IN BLISTER PVC/AL	APIXABAN	APIXABAN	2.5	milligrammi	Compressa rivestita con film	B01AF02	ADAMED S.R.L.	Autorizzata	Procedura Mutuo riconoscimento o Decentrata	Medicinali soggetti a prescrizione medica limitativa, vendibili al pubblico su prescrizione di centri ospedalieri o di specialisti
050622164	050622	APIXABAN ADAMED	2,5 MG COMPRESSE RIVESTITE CON FILM- 200 COMPRESSE IN BLISTER PVC/AL	APIXABAN	APIXABAN	2.5	milligrammi	Compressa rivestita con film	B01AF02	ADAMED S.R.L.	Autorizzata	Procedura Mutuo riconoscimento o Decentrata	Medicinali soggetti a prescrizione medica limitativa, utilizzabili esclusivamente in ambiente ospedaliero o in una struttura ad esso assimilabile
050622176	050622	APIXABAN ADAMED	5 MG COMPRESSE RIVESTITE CON FILM- 14 COMPRESSE IN BLISTER PVC/PVDC-AL	APIXABAN	APIXABAN	5	milligrammi	Compressa rivestita con film	B01AF02	ADAMED S.R.L.	Autorizzata	Procedura Mutuo riconoscimento o Decentrata	Medicinali soggetti a prescrizione medica limitativa, vendibili al pubblico su prescrizione di centri ospedalieri o di specialisti
050622188	050622	APIXABAN ADAMED	5 MG COMPRESSE RIVESTITE CON FILM- 20 COMPRESSE IN BLISTER PVC/PVDC-AL	APIXABAN	APIXABAN	5	milligrammi	Compressa rivestita con film	B01AF02	ADAMED S.R.L.	Autorizzata	Procedura Mutuo riconoscimento o Decentrata	Medicinali soggetti a prescrizione medica limitativa, vendibili al pubblico su prescrizione di centri ospedalieri o di specialisti
050622190	050622	APIXABAN ADAMED	5 MG COMPRESSE RIVESTITE CON FILM- 28 COMPRESSE IN BLISTER PVC/PVDC-AL	APIXABAN	APIXABAN	5	milligrammi	Compressa rivestita con film	B01AF02	ADAMED S.R.L.	Autorizzata	Procedura Mutuo riconoscimento o Decentrata	Medicinali soggetti a prescrizione medica limitativa, vendibili al pubblico su prescrizione di centri ospedalieri o di specialisti
050622202	050622	APIXABAN ADAMED	5 MG COMPRESSE RIVESTITE CON FILM- 56 COMPRESSE IN BLISTER PVC/PVDC-AL	APIXABAN	APIXABAN	5	milligrammi	Compressa rivestita con film	B01AF02	ADAMED S.R.L.	Autorizzata	Procedura Mutuo riconoscimento o Decentrata	Medicinali soggetti a prescrizione medica limitativa, vendibili al pubblico su prescrizione di centri ospedalieri o di specialisti
050622214	050622	APIXABAN ADAMED	5 MG COMPRESSE RIVESTITE CON FILM- 60 COMPRESSE IN BLISTER PVC/PVDC-AL	APIXABAN	APIXABAN	5	milligrammi	Compressa rivestita con film	B01AF02	ADAMED S.R.L.	Autorizzata	Procedura Mutuo riconoscimento o Decentrata	Medicinali soggetti a prescrizione medica limitativa, vendibili al pubblico su prescrizione di centri ospedalieri o di specialisti
050622226	050622	APIXABAN ADAMED	5 MG COMPRESSE RIVESTITE CON FILM- 100 COMPRESSE IN BLISTER PVC/PVDC-AL	APIXABAN	APIXABAN	5	milligrammi	Compressa rivestita con film	B01AF02	ADAMED S.R.L.	Autorizzata	Procedura Mutuo riconoscimento o Decentrata	Medicinali soggetti a prescrizione medica limitativa, vendibili al pubblico su prescrizione di centri ospedalieri o di specialisti
050622238	050622	APIXABAN ADAMED	5 MG COMPRESSE RIVESTITE CON FILM- 100 COMPRESSE IN BLISTER PVC/PVDC-AL DIVISIBILE PER DOSE UNITARIA	APIXABAN	APIXABAN	5	milligrammi	Compressa rivestita con film	B01AF02	ADAMED S.R.L.	Autorizzata	Procedura Mutuo riconoscimento o Decentrata	Medicinali soggetti a prescrizione medica limitativa, vendibili al pubblico su prescrizione di centri ospedalieri o di specialisti
050622240	050622	APIXABAN ADAMED	5 MG COMPRESSE RIVESTITE CON FILM- 168 COMPRESSE IN BLISTER PVC/PVDC-AL	APIXABAN	APIXABAN	5	milligrammi	Compressa rivestita con film	B01AF02	ADAMED S.R.L.	Autorizzata	Procedura Mutuo riconoscimento o Decentrata	Medicinali soggetti a prescrizione medica limitativa, vendibili al pubblico su prescrizione di centri ospedalieri o di specialisti
050622253	050622	APIXABAN ADAMED	5 MG COMPRESSE RIVESTITE CON FILM- 200 COMPRESSE IN BLISTER PVC/PVDC-AL	APIXABAN	APIXABAN	5	milligrammi	Compressa rivestita con film	B01AF02	ADAMED S.R.L.	Autorizzata	Procedura Mutuo riconoscimento o Decentrata	Medicinali soggetti a prescrizione medica limitativa, utilizzabili esclusivamente in ambiente ospedaliero o in una struttura ad esso assimilabile
050622265	050622	APIXABAN ADAMED	5 MG COMPRESSE RIVESTITE CON FILM- 14 COMPRESSE IN BLISTER PVC/AL	APIXABAN	APIXABAN	5	milligrammi	Compressa rivestita con film	B01AF02	ADAMED S.R.L.	Autorizzata	Procedura Mutuo riconoscimento o Decentrata	Medicinali soggetti a prescrizione medica limitativa, vendibili al pubblico su prescrizione di centri ospedalieri o di specialisti
050622277	050622	APIXABAN ADAMED	5 MG COMPRESSE RIVESTITE CON FILM- 20 COMPRESSE IN BLISTER PVC/AL	APIXABAN	APIXABAN	5	milligrammi	Compressa rivestita con film	B01AF02	ADAMED S.R.L.	Autorizzata	Procedura Mutuo riconoscimento o Decentrata	Medicinali soggetti a prescrizione medica limitativa, vendibili al pubblico su prescrizione di centri ospedalieri o di specialisti
050622289	050622	APIXABAN ADAMED	5 MG COMPRESSE RIVESTITE CON FILM- 28 COMPRESSE IN BLISTER PVC/AL	APIXABAN	APIXABAN	5	milligrammi	Compressa rivestita con film	B01AF02	ADAMED S.R.L.	Autorizzata	Procedura Mutuo riconoscimento o Decentrata	Medicinali soggetti a prescrizione medica limitativa, vendibili al pubblico su prescrizione di centri ospedalieri o di specialisti
050622291	050622	APIXABAN ADAMED	5 MG COMPRESSE RIVESTITE CON FILM- 56 COMPRESSE IN BLISTER PVC/AL	APIXABAN	APIXABAN	5	milligrammi	Compressa rivestita con film	B01AF02	ADAMED S.R.L.	Autorizzata	Procedura Mutuo riconoscimento o Decentrata	Medicinali soggetti a prescrizione medica limitativa, vendibili al pubblico su prescrizione di centri ospedalieri o di specialisti
050622303	050622	APIXABAN ADAMED	5 MG COMPRESSE RIVESTITE CON FILM- 60 COMPRESSE IN BLISTER PVC/AL	APIXABAN	APIXABAN	5	milligrammi	Compressa rivestita con film	B01AF02	ADAMED S.R.L.	Autorizzata	Procedura Mutuo riconoscimento o Decentrata	Medicinali soggetti a prescrizione medica limitativa, vendibili al pubblico su prescrizione di centri ospedalieri o di specialisti
050622315	050622	APIXABAN ADAMED	5 MG COMPRESSE RIVESTITE CON FILM- 100 COMPRESSE IN BLISTER PVC/AL	APIXABAN	APIXABAN	5	milligrammi	Compressa rivestita con film	B01AF02	ADAMED S.R.L.	Autorizzata	Procedura Mutuo riconoscimento o Decentrata	Medicinali soggetti a prescrizione medica limitativa, vendibili al pubblico su prescrizione di centri ospedalieri o di specialisti
050622327	050622	APIXABAN ADAMED	5 MG COMPRESSE RIVESTITE CON FILM- 100 COMPRESSE IN BLISTER PVC/AL DIVISIBILE PER DOSE UNITARIA	APIXABAN	APIXABAN	5	milligrammi	Compressa rivestita con film	B01AF02	ADAMED S.R.L.	Autorizzata	Procedura Mutuo riconoscimento o Decentrata	Medicinali soggetti a prescrizione medica limitativa, vendibili al pubblico su prescrizione di centri ospedalieri o di specialisti
050622339	050622	APIXABAN ADAMED	5 MG COMPRESSE RIVESTITE CON FILM- 168 COMPRESSE IN BLISTER PVC/AL	APIXABAN	APIXABAN	5	milligrammi	Compressa rivestita con film	B01AF02	ADAMED S.R.L.	Autorizzata	Procedura Mutuo riconoscimento o Decentrata	Medicinali soggetti a prescrizione medica limitativa, vendibili al pubblico su prescrizione di centri ospedalieri o di specialisti
050622341	050622	APIXABAN ADAMED	5 MG COMPRESSE RIVESTITE CON FILM- 200 COMPRESSE IN BLISTER PVC/AL	APIXABAN	APIXABAN	5	milligrammi	Compressa rivestita con film	B01AF02	ADAMED S.R.L.	Autorizzata	Procedura Mutuo riconoscimento o Decentrata	Medicinali soggetti a prescrizione medica limitativa, utilizzabili esclusivamente in ambiente ospedaliero o in una struttura ad esso assimilabile
050689013	050689	APIXABAN DR. REDDY'S	2,5 MG COMPRESSE RIVESTITE CON FILM- 10 COMPRESSE IN BLISTER AL/PVC/PVDC	APIXABAN	APIXABAN	2.5	milligrammi	Compressa rivestita con film	B01AF02	DR. REDDY'S S.R.L.	Autorizzata	Procedura Mutuo riconoscimento o Decentrata	Medicinali soggetti a prescrizione medica limitativa, vendibili al pubblico su prescrizione di centri ospedalieri o di specialisti
050689025	050689	APIXABAN DR. REDDY'S	2,5 MG COMPRESSE RIVESTITE CON FILM- 20 COMPRESSE IN BLISTER AL/PVC/PVDC	APIXABAN	APIXABAN	2.5	milligrammi	Compressa rivestita con film	B01AF02	DR. REDDY'S S.R.L.	Autorizzata	Procedura Mutuo riconoscimento o Decentrata	Medicinali soggetti a prescrizione medica limitativa, vendibili al pubblico su prescrizione di centri ospedalieri o di specialisti
050689037	050689	APIXABAN DR. REDDY'S	2,5 MG COMPRESSE RIVESTITE CON FILM- 28 COMPRESSE IN BLISTER AL/PVC/PVDC	APIXABAN	APIXABAN	2.5	milligrammi	Compressa rivestita con film	B01AF02	DR. REDDY'S S.R.L.	Autorizzata	Procedura Mutuo riconoscimento o Decentrata	Medicinali soggetti a prescrizione medica limitativa, vendibili al pubblico su prescrizione di centri ospedalieri o di specialisti
050689049	050689	APIXABAN DR. REDDY'S	2,5 MG COMPRESSE RIVESTITE CON FILM- 60 COMPRESSE IN BLISTER AL/PVC/PVDC	APIXABAN	APIXABAN	2.5	milligrammi	Compressa rivestita con film	B01AF02	DR. REDDY'S S.R.L.	Autorizzata	Procedura Mutuo riconoscimento o Decentrata	Medicinali soggetti a prescrizione medica limitativa, vendibili al pubblico su prescrizione di centri ospedalieri o di specialisti
050689052	050689	APIXABAN DR. REDDY'S	2,5 MG COMPRESSE RIVESTITE CON FILM- 100 COMPRESSE IN BLISTER AL/PVC/PVDC	APIXABAN	APIXABAN	2.5	milligrammi	Compressa rivestita con film	B01AF02	DR. REDDY'S S.R.L.	Autorizzata	Procedura Mutuo riconoscimento o Decentrata	Medicinali soggetti a prescrizione medica limitativa, vendibili al pubblico su prescrizione di centri ospedalieri o di specialisti
050689064	050689	APIXABAN DR. REDDY'S	2,5 MG COMPRESSE RIVESTITE CON FILM- 168 COMPRESSE IN BLISTER AL/PVC/PVDC	APIXABAN	APIXABAN	2.5	milligrammi	Compressa rivestita con film	B01AF02	DR. REDDY'S S.R.L.	Autorizzata	Procedura Mutuo riconoscimento o Decentrata	Medicinali soggetti a prescrizione medica limitativa, vendibili al pubblico su prescrizione di centri ospedalieri o di specialisti
050689076	050689	APIXABAN DR. REDDY'S	2,5 MG COMPRESSE RIVESTITE CON FILM- 200 COMPRESSE IN BLISTER AL/PVC/PVDC	APIXABAN	APIXABAN	2.5	milligrammi	Compressa rivestita con film	B01AF02	DR. REDDY'S S.R.L.	Autorizzata	Procedura Mutuo riconoscimento o Decentrata	Medicinali soggetti a prescrizione medica limitativa, vendibili al pubblico su prescrizione di centri ospedalieri o di specialisti
050689088	050689	APIXABAN DR. REDDY'S	5 MG COMPRESSE RIVESTITE CON FILM- 14 COMPRESSE IN BLISTER AL/PVC/PVDC	APIXABAN	APIXABAN	5	milligrammi	Compressa rivestita con film	B01AF02	DR. REDDY'S S.R.L.	Autorizzata	Procedura Mutuo riconoscimento o Decentrata	Medicinali soggetti a prescrizione medica limitativa, vendibili al pubblico su prescrizione di centri ospedalieri o di specialisti
050689090	050689	APIXABAN DR. REDDY'S	5 MG COMPRESSE RIVESTITE CON FILM- 20 COMPRESSE IN BLISTER AL/PVC/PVDC	APIXABAN	APIXABAN	5	milligrammi	Compressa rivestita con film	B01AF02	DR. REDDY'S S.R.L.	Autorizzata	Procedura Mutuo riconoscimento o Decentrata	Medicinali soggetti a prescrizione medica limitativa, vendibili al pubblico su prescrizione di centri ospedalieri o di specialisti
050689102	050689	APIXABAN DR. REDDY'S	5 MG COMPRESSE RIVESTITE CON FILM- 28 COMPRESSE IN BLISTER AL/PVC/PVDC	APIXABAN	APIXABAN	5	milligrammi	Compressa rivestita con film	B01AF02	DR. REDDY'S S.R.L.	Autorizzata	Procedura Mutuo riconoscimento o Decentrata	Medicinali soggetti a prescrizione medica limitativa, vendibili al pubblico su prescrizione di centri ospedalieri o di specialisti
050689114	050689	APIXABAN DR. REDDY'S	5 MG COMPRESSE RIVESTITE CON FILM- 56 COMPRESSE IN BLISTER AL/PVC/PVDC	APIXABAN	APIXABAN	5	milligrammi	Compressa rivestita con film	B01AF02	DR. REDDY'S S.R.L.	Autorizzata	Procedura Mutuo riconoscimento o Decentrata	Medicinali soggetti a prescrizione medica limitativa, vendibili al pubblico su prescrizione di centri ospedalieri o di specialisti
050689126	050689	APIXABAN DR. REDDY'S	5 MG COMPRESSE RIVESTITE CON FILM- 60 COMPRESSE IN BLISTER AL/PVC/PVDC	APIXABAN	APIXABAN	5	milligrammi	Compressa rivestita con film	B01AF02	DR. REDDY'S S.R.L.	Autorizzata	Procedura Mutuo riconoscimento o Decentrata	Medicinali soggetti a prescrizione medica limitativa, vendibili al pubblico su prescrizione di centri ospedalieri o di specialisti
050689138	050689	APIXABAN DR. REDDY'S	5 MG COMPRESSE RIVESTITE CON FILM- 100 COMPRESSE IN BLISTER AL/PVC/PVDC	APIXABAN	APIXABAN	5	milligrammi	Compressa rivestita con film	B01AF02	DR. REDDY'S S.R.L.	Autorizzata	Procedura Mutuo riconoscimento o Decentrata	Medicinali soggetti a prescrizione medica limitativa, vendibili al pubblico su prescrizione di centri ospedalieri o di specialisti
050689140	050689	APIXABAN DR. REDDY'S	5 MG COMPRESSE RIVESTITE CON FILM- 168 COMPRESSE IN BLISTER AL/PVC/PVDC	APIXABAN	APIXABAN	5	milligrammi	Compressa rivestita con film	B01AF02	DR. REDDY'S S.R.L.	Autorizzata	Procedura Mutuo riconoscimento o Decentrata	Medicinali soggetti a prescrizione medica limitativa, vendibili al pubblico su prescrizione di centri ospedalieri o di specialisti
050689153	050689	APIXABAN DR. REDDY'S	5 MG COMPRESSE RIVESTITE CON FILM- 200 COMPRESSE IN BLISTER AL/PVC/PVDC	APIXABAN	APIXABAN	5	milligrammi	Compressa rivestita con film	B01AF02	DR. REDDY'S S.R.L.	Autorizzata	Procedura Mutuo riconoscimento o Decentrata	Medicinali soggetti a prescrizione medica limitativa, vendibili al pubblico su prescrizione di centri ospedalieri o di specialisti
050689165	050689	APIXABAN DR. REDDY'S	2,5 MG COMPRESSE RIVESTITE CON FILM- 14 COMPRESSE IN BLISTER AL/PVC/PVDC	APIXABAN	APIXABAN	2.5	milligrammi	Compressa rivestita con film	B01AF02	DR. REDDY'S S.R.L.	Autorizzata	Procedura Mutuo riconoscimento o Decentrata	Medicinali soggetti a prescrizione medica limitativa, vendibili al pubblico su prescrizione di centri ospedalieri o di specialisti
050689177	050689	APIXABAN DR. REDDY'S	2,5 MG COMPRESSE RIVESTITE CON FILM- 56 COMPRESSE IN BLISTER AL/PVC/PVDC	APIXABAN	APIXABAN	2.5	milligrammi	Compressa rivestita con film	B01AF02	DR. REDDY'S S.R.L.	Autorizzata	Procedura Mutuo riconoscimento o Decentrata	Medicinali soggetti a prescrizione medica limitativa, vendibili al pubblico su prescrizione di centri ospedalieri o di specialisti
050689189	050689	APIXABAN DR. REDDY'S	2,5 MG COMPRESSE RIVESTITE CON FILM- 20 COMPRESSE IN FLACONE HDPE	APIXABAN	APIXABAN	2.5	milligrammi	Compressa rivestita con film	B01AF02	DR. REDDY'S S.R.L.	Autorizzata	Procedura Mutuo riconoscimento o Decentrata	Medicinali soggetti a prescrizione medica limitativa, vendibili al pubblico su prescrizione di centri ospedalieri o di specialisti
050689191	050689	APIXABAN DR. REDDY'S	2,5 MG COMPRESSE RIVESTITE CON FILM- 60 COMPRESSE IN FLACONE HDPE	APIXABAN	APIXABAN	2.5	milligrammi	Compressa rivestita con film	B01AF02	DR. REDDY'S S.R.L.	Autorizzata	Procedura Mutuo riconoscimento o Decentrata	Medicinali soggetti a prescrizione medica limitativa, vendibili al pubblico su prescrizione di centri ospedalieri o di specialisti
050689203	050689	APIXABAN DR. REDDY'S	2,5 MG COMPRESSE RIVESTITE CON FILM- 100 COMPRESSE IN FLACONE HDPE	APIXABAN	APIXABAN	2.5	milligrammi	Compressa rivestita con film	B01AF02	DR. REDDY'S S.R.L.	Autorizzata	Procedura Mutuo riconoscimento o Decentrata	Medicinali soggetti a prescrizione medica limitativa, vendibili al pubblico su prescrizione di centri ospedalieri o di specialisti
050689215	050689	APIXABAN DR. REDDY'S	5 MG COMPRESSE RIVESTITE CON FILM- 10 COMPRESSE IN BLISTER AL/PVC/PVDC	APIXABAN	APIXABAN	5	milligrammi	Compressa rivestita con film	B01AF02	DR. REDDY'S S.R.L.	Autorizzata	Procedura Mutuo riconoscimento o Decentrata	Medicinali soggetti a prescrizione medica limitativa, vendibili al pubblico su prescrizione di centri ospedalieri o di specialisti
050689239	050689	APIXABAN DR. REDDY'S	5 MG COMPRESSE RIVESTITE CON FILM- 20 COMPRESSE IN FLACONE HDPE	APIXABAN	APIXABAN	5	milligrammi	Compressa rivestita con film	B01AF02	DR. REDDY'S S.R.L.	Autorizzata	Procedura Mutuo riconoscimento o Decentrata	Medicinali soggetti a prescrizione medica limitativa, vendibili al pubblico su prescrizione di centri ospedalieri o di specialisti
050689241	050689	APIXABAN DR. REDDY'S	5 MG COMPRESSE RIVESTITE CON FILM- 60 COMPRESSE IN FLACONE HDPE	APIXABAN	APIXABAN	5	milligrammi	Compressa rivestita con film	B01AF02	DR. REDDY'S S.R.L.	Autorizzata	Procedura Mutuo riconoscimento o Decentrata	Medicinali soggetti a prescrizione medica limitativa, vendibili al pubblico su prescrizione di centri ospedalieri o di specialisti
050689254	050689	APIXABAN DR. REDDY'S	5 MG COMPRESSE RIVESTITE CON FILM- 200 COMPRESSE IN FLACONE HDPE	APIXABAN	APIXABAN	5	milligrammi	Compressa rivestita con film	B01AF02	DR. REDDY'S S.R.L.	Autorizzata	Procedura Mutuo riconoscimento o Decentrata	Medicinali soggetti a prescrizione medica limitativa, vendibili al pubblico su prescrizione di centri ospedalieri o di specialisti
050716012	050716	APIXABAN CIPLA	2,5 MG COMPRESSE RIVESTITE CON FILM- 10 COMPRESSE IN BLISTER AL/PVC/PVDC	APIXABAN	APIXABAN	2.5	milligrammi	Compressa rivestita con film	B01AF02	CIPLA EUROPE NV	Autorizzata	Procedura Mutuo riconoscimento o Decentrata	Medicinali soggetti a prescrizione medica limitativa, vendibili al pubblico su prescrizione di centri ospedalieri o di specialisti
050716024	050716	APIXABAN CIPLA	5 MG COMPRESSE RIVESTITE CON FILM- 14 COMPRESSE IN BLISTER AL/PVC/PVDC	APIXABAN	APIXABAN	5	milligrammi	Compressa rivestita con film	B01AF02	CIPLA EUROPE NV	Autorizzata	Procedura Mutuo riconoscimento o Decentrata	Medicinali soggetti a prescrizione medica limitativa, vendibili al pubblico su prescrizione di centri ospedalieri o di specialisti
050990011	050990	APIXABAN BRUNO FARMACEUTICI	2.5 MG COMPRESSE RIVESTITE CON FILM- 60 COMPRESSE IN BLISTER AL/PVDC/PVC	APIXABAN	APIXABAN			Compressa rivestita con film	B01AF02	PHARMACARE S.R.L.	Autorizzata	Procedura Mutuo riconoscimento o Decentrata	Medicinali soggetti a prescrizione medica limitativa, vendibili al pubblico su prescrizione di centri ospedalieri o di specialisti
050990023	050990	APIXABAN BRUNO FARMACEUTICI	5 MG COMPRESSE RIVESTITE CON FILM- 60 COMPRESSE IN BLISTER AL/PVDC/PVC	APIXABAN	APIXABAN			Compressa rivestita con film	B01AF02	PHARMACARE S.R.L.	Autorizzata	Procedura Mutuo riconoscimento o Decentrata	Medicinali soggetti a prescrizione medica limitativa, vendibili al pubblico su prescrizione di centri ospedalieri o di specialisti
050990035	050990	APIXABAN BRUNO FARMACEUTICI	2.5 MG COMPRESSE RIVESTITE CON FILM- 28 COMPRESSE IN BLISTER AL/PVDC/PVC	APIXABAN	APIXABAN			Compressa rivestita con film	B01AF02	PHARMACARE S.R.L.	Autorizzata	Procedura Mutuo riconoscimento o Decentrata	Medicinali soggetti a prescrizione medica limitativa, vendibili al pubblico su prescrizione di centri ospedalieri o di specialisti
050990047	050990	APIXABAN BRUNO FARMACEUTICI	2.5 MG COMPRESSE RIVESTITE CON FILM- 30 COMPRESSE IN BLISTER AL/PVDC/PVC	APIXABAN	APIXABAN			Compressa rivestita con film	B01AF02	PHARMACARE S.R.L.	Autorizzata	Procedura Mutuo riconoscimento o Decentrata	Medicinali soggetti a prescrizione medica limitativa, vendibili al pubblico su prescrizione di centri ospedalieri o di specialisti
050990050	050990	APIXABAN BRUNO FARMACEUTICI	5 MG COMPRESSE RIVESTITE CON FILM- 28 COMPRESSE IN BLISTER AL/PVDC/PVC	APIXABAN	APIXABAN			Compressa rivestita con film	B01AF02	PHARMACARE S.R.L.	Autorizzata	Procedura Mutuo riconoscimento o Decentrata	Medicinali soggetti a prescrizione medica limitativa, vendibili al pubblico su prescrizione di centri ospedalieri o di specialisti
050990062	050990	APIXABAN BRUNO FARMACEUTICI	5 MG COMPRESSE RIVESTITE CON FILM- 30 COMPRESSE IN BLISTER AL/PVDC/PVC	APIXABAN	APIXABAN			Compressa rivestita con film	B01AF02	PHARMACARE S.R.L.	Autorizzata	Procedura Mutuo riconoscimento o Decentrata	Medicinali soggetti a prescrizione medica limitativa, vendibili al pubblico su prescrizione di centri ospedalieri o di specialisti
051037012	051037	APIXABAN TORRENT	?2,5 MG COMPRESSE RIVESTITE CON FILM? 20 COMPRESSE IN BLISTER AL/AL	APIXABAN	APIXABAN	2.5	milligrammi	Compressa rivestita con film	B01AF02	TORRENT PHARMA (MALTA) LIMITED	Autorizzata	Procedura Mutuo riconoscimento o Decentrata	Medicinali soggetti a prescrizione medica limitativa, vendibili al pubblico su prescrizione di centri ospedalieri o di specialisti
051037024	051037	APIXABAN TORRENT	?2,5 MG COMPRESSE RIVESTITE CON FILM? 200 COMPRESSE IN BLISTER AL/AL	APIXABAN	APIXABAN	2.5	milligrammi	Compressa rivestita con film	B01AF02	TORRENT PHARMA (MALTA) LIMITED	Autorizzata	Procedura Mutuo riconoscimento o Decentrata	Medicinali soggetti a prescrizione medica limitativa, utilizzabili esclusivamente in ambiente ospedaliero o in una struttura ad esso assimilabile
051037036	051037	APIXABAN TORRENT	?2,5 MG COMPRESSE RIVESTITE CON FILM? 60 COMPRESSE IN FLACONE HDPE CON TAPPO A PROVA DI BAMBINO	APIXABAN	APIXABAN	2.5	milligrammi	Compressa rivestita con film	B01AF02	TORRENT PHARMA (MALTA) LIMITED	Autorizzata	Procedura Mutuo riconoscimento o Decentrata	Medicinali soggetti a prescrizione medica limitativa, vendibili al pubblico su prescrizione di centri ospedalieri o di specialisti
051037048	051037	APIXABAN TORRENT	?2,5 MG COMPRESSE RIVESTITE CON FILM? 500 COMPRESSE IN FLACONE HDPE CON TAPPO A PROVA DI BAMBINO	APIXABAN	APIXABAN	2.5	milligrammi	Compressa rivestita con film	B01AF02	TORRENT PHARMA (MALTA) LIMITED	Autorizzata	Procedura Mutuo riconoscimento o Decentrata	Medicinali soggetti a prescrizione medica limitativa, utilizzabili esclusivamente in ambiente ospedaliero o in una struttura ad esso assimilabile
051037051	051037	APIXABAN TORRENT	?5 MG COMPRESSE RIVESTITE CON FILM? 20 COMPRESSE IN BLISTER AL/AL	APIXABAN	APIXABAN	5	milligrammi	Compressa rivestita con film	B01AF02	TORRENT PHARMA (MALTA) LIMITED	Autorizzata	Procedura Mutuo riconoscimento o Decentrata	Medicinali soggetti a prescrizione medica limitativa, vendibili al pubblico su prescrizione di centri ospedalieri o di specialisti
051037063	051037	APIXABAN TORRENT	?5 MG COMPRESSE RIVESTITE CON FILM? 200 COMPRESSE IN BLISTER AL/AL	APIXABAN	APIXABAN	5	milligrammi	Compressa rivestita con film	B01AF02	TORRENT PHARMA (MALTA) LIMITED	Autorizzata	Procedura Mutuo riconoscimento o Decentrata	Medicinali soggetti a prescrizione medica limitativa, utilizzabili esclusivamente in ambiente ospedaliero o in una struttura ad esso assimilabile
051037075	051037	APIXABAN TORRENT	?5 MG COMPRESSE RIVESTITE CON FILM? 60 COMPRESSE IN FLACONE HDPE CON TAPPO A PROVA DI BAMBINO	APIXABAN	APIXABAN	5	milligrammi	Compressa rivestita con film	B01AF02	TORRENT PHARMA (MALTA) LIMITED	Autorizzata	Procedura Mutuo riconoscimento o Decentrata	Medicinali soggetti a prescrizione medica limitativa, vendibili al pubblico su prescrizione di centri ospedalieri o di specialisti
051037087	051037	APIXABAN TORRENT	?5 MG COMPRESSE RIVESTITE CON FILM? 500 COMPRESSE IN FLACONE HDPE CON TAPPO A PROVA DI BAMBINO	APIXABAN	APIXABAN	5	milligrammi	Compressa rivestita con film	B01AF02	TORRENT PHARMA (MALTA) LIMITED	Autorizzata	Procedura Mutuo riconoscimento o Decentrata	Medicinali soggetti a prescrizione medica limitativa, utilizzabili esclusivamente in ambiente ospedaliero o in una struttura ad esso assimilabile
051255014	051255	BANXAN	2.5 MG COMPRESSE RIVESTITE CON FILM- 10X1 COMPRESSE IN BLISTER DIVISIBILE PER DOSE UNITARIA AL/PVC/PVDC	APIXABAN	APIXABAN			Compressa rivestita con film	B01AF02	MORGANCEUTICAL S.R.L.	Autorizzata	Procedura Mutuo riconoscimento o Decentrata	Medicinali soggetti a prescrizione medica limitativa, vendibili al pubblico su prescrizione di centri ospedalieri o di specialisti
051255026	051255	BANXAN	2.5 MG COMPRESSE RIVESTITE CON FILM- 20X1 COMPRESSE IN BLISTER DIVISIBILE PER DOSE UNITARIA AL/PVC/PVDC	APIXABAN	APIXABAN			Compressa rivestita con film	B01AF02	MORGANCEUTICAL S.R.L.	Autorizzata	Procedura Mutuo riconoscimento o Decentrata	Medicinali soggetti a prescrizione medica limitativa, vendibili al pubblico su prescrizione di centri ospedalieri o di specialisti
051255038	051255	BANXAN	2.5 MG COMPRESSE RIVESTITE CON FILM- 60X1 COMPRESSE IN BLISTER DIVISIBILE PER DOSE UNITARIA AL/PVC/PVDC	APIXABAN	APIXABAN			Compressa rivestita con film	B01AF02	MORGANCEUTICAL S.R.L.	Autorizzata	Procedura Mutuo riconoscimento o Decentrata	Medicinali soggetti a prescrizione medica limitativa, vendibili al pubblico su prescrizione di centri ospedalieri o di specialisti
051255040	051255	BANXAN	5 MG COMPRESSE RIVESTITE CON FILM- 28X1 COMPRESSE IN BLISTER DIVISIBILE PER DOSE UNITARIA AL/PVC/PVDC	APIXABAN	APIXABAN			Compressa rivestita con film	B01AF02	MORGANCEUTICAL S.R.L.	Autorizzata	Procedura Mutuo riconoscimento o Decentrata	Medicinali soggetti a prescrizione medica limitativa, vendibili al pubblico su prescrizione di centri ospedalieri o di specialisti
051255053	051255	BANXAN	5 MG COMPRESSE RIVESTITE CON FILM- 60X1 COMPRESSE IN BLISTER DIVISIBILE PER DOSE UNITARIA AL/PVC/PVDC	APIXABAN	APIXABAN			Compressa rivestita con film	B01AF02	MORGANCEUTICAL S.R.L.	Autorizzata	Procedura Mutuo riconoscimento o Decentrata	Medicinali soggetti a prescrizione medica limitativa, vendibili al pubblico su prescrizione di centri ospedalieri o di specialisti
051315012	051315	APIXABAN PENSA	?2,5 MG COMPRESSE RIVESTITE CON FILM? 10 COMPRESSE IN BLISTER PVC-PVDC/AL	APIXABAN	APIXABAN	2.5	milligrammi	Compressa rivestita con film	B01AF02	TOWA PHARMACEUTICAL S.P.A.	Autorizzata	Procedura Mutuo riconoscimento o Decentrata	Medicinali soggetti a prescrizione medica limitativa, vendibili al pubblico su prescrizione di centri ospedalieri o di specialisti
051315024	051315	APIXABAN PENSA	?2,5 MG COMPRESSE RIVESTITE CON FILM? 20 COMPRESSE IN BLISTER PVC-PVDC/AL	APIXABAN	APIXABAN	2.5	milligrammi	Compressa rivestita con film	B01AF02	TOWA PHARMACEUTICAL S.P.A.	Autorizzata	Procedura Mutuo riconoscimento o Decentrata	Medicinali soggetti a prescrizione medica limitativa, vendibili al pubblico su prescrizione di centri ospedalieri o di specialisti
051315036	051315	APIXABAN PENSA	?2,5 MG COMPRESSE RIVESTITE CON FILM? 60 COMPRESSE IN BLISTER PVC-PVDC/AL	APIXABAN	APIXABAN	2.5	milligrammi	Compressa rivestita con film	B01AF02	TOWA PHARMACEUTICAL S.P.A.	Autorizzata	Procedura Mutuo riconoscimento o Decentrata	Medicinali soggetti a prescrizione medica limitativa, vendibili al pubblico su prescrizione di centri ospedalieri o di specialisti
051315048	051315	APIXABAN PENSA	?2,5 MG COMPRESSE RIVESTITE CON FILM? 10 COMPRESSE IN FLACONE PE	APIXABAN	APIXABAN	2.5	milligrammi	Compressa rivestita con film	B01AF02	TOWA PHARMACEUTICAL S.P.A.	Autorizzata	Procedura Mutuo riconoscimento o Decentrata	Medicinali soggetti a prescrizione medica limitativa, vendibili al pubblico su prescrizione di centri ospedalieri o di specialisti
051315051	051315	APIXABAN PENSA	?2,5 MG COMPRESSE RIVESTITE CON FILM? 20 COMPRESSE IN FLACONE PE	APIXABAN	APIXABAN	2.5	milligrammi	Compressa rivestita con film	B01AF02	TOWA PHARMACEUTICAL S.P.A.	Autorizzata	Procedura Mutuo riconoscimento o Decentrata	Medicinali soggetti a prescrizione medica limitativa, vendibili al pubblico su prescrizione di centri ospedalieri o di specialisti
051315063	051315	APIXABAN PENSA	?2,5 MG COMPRESSE RIVESTITE CON FILM? 60 COMPRESSE IN FLACONE PE	APIXABAN	APIXABAN	2.5	milligrammi	Compressa rivestita con film	B01AF02	TOWA PHARMACEUTICAL S.P.A.	Autorizzata	Procedura Mutuo riconoscimento o Decentrata	Medicinali soggetti a prescrizione medica limitativa, vendibili al pubblico su prescrizione di centri ospedalieri o di specialisti
051315075	051315	APIXABAN PENSA	?5 MG COMPRESSE RIVESTITE CON FILM? 20 COMPRESSE IN BLISTER PVC-PVDC/AL	APIXABAN	APIXABAN	5	milligrammi	Compressa rivestita con film	B01AF02	TOWA PHARMACEUTICAL S.P.A.	Autorizzata	Procedura Mutuo riconoscimento o Decentrata	Medicinali soggetti a prescrizione medica limitativa, vendibili al pubblico su prescrizione di centri ospedalieri o di specialisti
051315087	051315	APIXABAN PENSA	?5 MG COMPRESSE RIVESTITE CON FILM? 28 COMPRESSE IN BLISTER PVC-PVDC/AL	APIXABAN	APIXABAN	5	milligrammi	Compressa rivestita con film	B01AF02	TOWA PHARMACEUTICAL S.P.A.	Autorizzata	Procedura Mutuo riconoscimento o Decentrata	Medicinali soggetti a prescrizione medica limitativa, vendibili al pubblico su prescrizione di centri ospedalieri o di specialisti
051315099	051315	APIXABAN PENSA	?5 MG COMPRESSE RIVESTITE CON FILM? 60 COMPRESSE IN BLISTER PVC-PVDC/AL	APIXABAN	APIXABAN	5	milligrammi	Compressa rivestita con film	B01AF02	TOWA PHARMACEUTICAL S.P.A.	Autorizzata	Procedura Mutuo riconoscimento o Decentrata	Medicinali soggetti a prescrizione medica limitativa, vendibili al pubblico su prescrizione di centri ospedalieri o di specialisti
051315101	051315	APIXABAN PENSA	?5 MG COMPRESSE RIVESTITE CON FILM? 20 COMPRESSE IN FLACONE PE	APIXABAN	APIXABAN	5	milligrammi	Compressa rivestita con film	B01AF02	TOWA PHARMACEUTICAL S.P.A.	Autorizzata	Procedura Mutuo riconoscimento o Decentrata	Medicinali soggetti a prescrizione medica limitativa, vendibili al pubblico su prescrizione di centri ospedalieri o di specialisti
051315113	051315	APIXABAN PENSA	?5 MG COMPRESSE RIVESTITE CON FILM? 28 COMPRESSE IN FLACONE PE	APIXABAN	APIXABAN	5	milligrammi	Compressa rivestita con film	B01AF02	TOWA PHARMACEUTICAL S.P.A.	Autorizzata	Procedura Mutuo riconoscimento o Decentrata	Medicinali soggetti a prescrizione medica limitativa, vendibili al pubblico su prescrizione di centri ospedalieri o di specialisti
051315125	051315	APIXABAN PENSA	5 MG COMPRESSE RIVESTITE CON FILM? 60 COMPRESSE IN FLACONE PE	APIXABAN	APIXABAN	5	milligrammi	Compressa rivestita con film	B01AF02	TOWA PHARMACEUTICAL S.P.A.	Autorizzata	Procedura Mutuo riconoscimento o Decentrata	Medicinali soggetti a prescrizione medica limitativa, vendibili al pubblico su prescrizione di centri ospedalieri o di specialisti
051366019	051366	APIXABAN OLPHA	2,5 MG COMPRESSE RIVESTITE CON FILM- 20 COMPRESSE IN BLISTER PVC/PVDC/AL	APIXABAN	APIXABAN	2.5	milligrammi	Compressa rivestita con film	B01AF02	OLPHA AS	Autorizzata	Procedura Mutuo riconoscimento o Decentrata	Medicinali soggetti a prescrizione medica limitativa, vendibili al pubblico su prescrizione di centri ospedalieri o di specialisti
051366021	051366	APIXABAN OLPHA	2,5 MG COMPRESSE RIVESTITE CON FILM- 60 COMPRESSE IN BLISTER PVC/PVDC/AL	APIXABAN	APIXABAN	2.5	milligrammi	Compressa rivestita con film	B01AF02	OLPHA AS	Autorizzata	Procedura Mutuo riconoscimento o Decentrata	Medicinali soggetti a prescrizione medica limitativa, vendibili al pubblico su prescrizione di centri ospedalieri o di specialisti
051366033	051366	APIXABAN OLPHA	2,5 MG COMPRESSE RIVESTITE CON FILM- 168 COMPRESSE IN BLISTER PVC/PVDC/AL	APIXABAN	APIXABAN	2.5	milligrammi	Compressa rivestita con film	B01AF02	OLPHA AS	Autorizzata	Procedura Mutuo riconoscimento o Decentrata	Medicinali soggetti a prescrizione medica limitativa, vendibili al pubblico su prescrizione di centri ospedalieri o di specialisti
051366045	051366	APIXABAN OLPHA	2,5 MG COMPRESSE RIVESTITE CON FILM- 200 COMPRESSE INFLACONE HDPE	APIXABAN	APIXABAN	2.5	milligrammi	Compressa rivestita con film	B01AF02	OLPHA AS	Autorizzata	Procedura Mutuo riconoscimento o Decentrata	Medicinali soggetti a prescrizione medica limitativa, vendibili al pubblico su prescrizione di centri ospedalieri o di specialisti
051366058	051366	APIXABAN OLPHA	5 MG COMPRESSE RIVESTITE CON FILM- 28 COMPRESSE IN BLISTER PVC/PVDC/AL	APIXABAN	APIXABAN	5	milligrammi	Compressa rivestita con film	B01AF02	OLPHA AS	Autorizzata	Procedura Mutuo riconoscimento o Decentrata	Medicinali soggetti a prescrizione medica limitativa, vendibili al pubblico su prescrizione di centri ospedalieri o di specialisti
051366060	051366	APIXABAN OLPHA	5 MG COMPRESSE RIVESTITE CON FILM- 56 COMPRESSE IN BLISTER PVC/PVDC/AL	APIXABAN	APIXABAN	5	milligrammi	Compressa rivestita con film	B01AF02	OLPHA AS	Autorizzata	Procedura Mutuo riconoscimento o Decentrata	Medicinali soggetti a prescrizione medica limitativa, vendibili al pubblico su prescrizione di centri ospedalieri o di specialisti
051366072	051366	APIXABAN OLPHA	5 MG COMPRESSE RIVESTITE CON FILM- 60 COMPRESSE IN BLISTER PVC/PVDC/AL	APIXABAN	APIXABAN	5	milligrammi	Compressa rivestita con film	B01AF02	OLPHA AS	Autorizzata	Procedura Mutuo riconoscimento o Decentrata	Medicinali soggetti a prescrizione medica limitativa, vendibili al pubblico su prescrizione di centri ospedalieri o di specialisti
051366084	051366	APIXABAN OLPHA	5 MG COMPRESSE RIVESTITE CON FILM- 168 COMPRESSE IN BLISTER PVC/PVDC/AL	APIXABAN	APIXABAN	5	milligrammi	Compressa rivestita con film	B01AF02	OLPHA AS	Autorizzata	Procedura Mutuo riconoscimento o Decentrata	Medicinali soggetti a prescrizione medica limitativa, vendibili al pubblico su prescrizione di centri ospedalieri o di specialisti
051366096	051366	APIXABAN OLPHA	5 MG COMPRESSE RIVESTITE CON FILM- 200 COMPRESSE IN FLACONE HDPE	APIXABAN	APIXABAN	5	milligrammi	Compressa rivestita con film	B01AF02	OLPHA AS	Autorizzata	Procedura Mutuo riconoscimento o Decentrata	Medicinali soggetti a prescrizione medica limitativa, vendibili al pubblico su prescrizione di centri ospedalieri o di specialisti
051502019	051502	APIXABAN GRINDEKS	2,5 MG COMPRESSE RIVESTITE CON FILM- 10 COMPRESSE IN BLISTER PVC/PVDC-AL	APIXABAN	APIXABAN	2.5	milligrammi	Compressa rivestita con film	B01AF02	AS GRINDEKS	Autorizzata	Procedura Mutuo riconoscimento o Decentrata	Medicinali soggetti a prescrizione medica limitativa, vendibili al pubblico su prescrizione di centri ospedalieri o di specialisti
051502021	051502	APIXABAN GRINDEKS	2,5 MG COMPRESSE RIVESTITE CON FILM- 20 COMPRESSE IN BLISTER PVC/PVDC-AL	APIXABAN	APIXABAN	2.5	milligrammi	Compressa rivestita con film	B01AF02	AS GRINDEKS	Autorizzata	Procedura Mutuo riconoscimento o Decentrata	Medicinali soggetti a prescrizione medica limitativa, vendibili al pubblico su prescrizione di centri ospedalieri o di specialisti
051502033	051502	APIXABAN GRINDEKS	2,5 MG COMPRESSE RIVESTITE CON FILM- 60 COMPRESSE IN BLISTER PVC/PVDC-AL	APIXABAN	APIXABAN	2.5	milligrammi	Compressa rivestita con film	B01AF02	AS GRINDEKS	Autorizzata	Procedura Mutuo riconoscimento o Decentrata	Medicinali soggetti a prescrizione medica limitativa, vendibili al pubblico su prescrizione di centri ospedalieri o di specialisti
051502045	051502	APIXABAN GRINDEKS	2,5 MG COMPRESSE RIVESTITE CON FILM- 168 COMPRESSE IN BLISTER PVC/PVDC-AL	APIXABAN	APIXABAN	2.5	milligrammi	Compressa rivestita con film	B01AF02	AS GRINDEKS	Autorizzata	Procedura Mutuo riconoscimento o Decentrata	Medicinali soggetti a prescrizione medica limitativa, vendibili al pubblico su prescrizione di centri ospedalieri o di specialisti
051502058	051502	APIXABAN GRINDEKS	2,5 MG COMPRESSE RIVESTITE CON FILM- 200 COMPRESSE IN BLISTER PVC/PVDC-AL	APIXABAN	APIXABAN	2.5	milligrammi	Compressa rivestita con film	B01AF02	AS GRINDEKS	Autorizzata	Procedura Mutuo riconoscimento o Decentrata	Medicinali soggetti a prescrizione medica limitativa, utilizzabili esclusivamente in ambiente ospedaliero o in una struttura ad esso assimilabile
051502060	051502	APIXABAN GRINDEKS	5 MG COMPRESSE RIVESTITE CON FILM- 28 COMPRESSE IN BLISTER PVC/PVDC-AL	APIXABAN	APIXABAN	5	milligrammi	Compressa rivestita con film	B01AF02	AS GRINDEKS	Autorizzata	Procedura Mutuo riconoscimento o Decentrata	Medicinali soggetti a prescrizione medica limitativa, vendibili al pubblico su prescrizione di centri ospedalieri o di specialisti
051502072	051502	APIXABAN GRINDEKS	5 MG COMPRESSE RIVESTITE CON FILM- 30 COMPRESSE IN BLISTER PVC/PVDC-AL	APIXABAN	APIXABAN	5	milligrammi	Compressa rivestita con film	B01AF02	AS GRINDEKS	Autorizzata	Procedura Mutuo riconoscimento o Decentrata	Medicinali soggetti a prescrizione medica limitativa, vendibili al pubblico su prescrizione di centri ospedalieri o di specialisti
051502084	051502	APIXABAN GRINDEKS	5 MG COMPRESSE RIVESTITE CON FILM- 56 COMPRESSE IN BLISTER PVC/PVDC-AL	APIXABAN	APIXABAN	5	milligrammi	Compressa rivestita con film	B01AF02	AS GRINDEKS	Autorizzata	Procedura Mutuo riconoscimento o Decentrata	Medicinali soggetti a prescrizione medica limitativa, vendibili al pubblico su prescrizione di centri ospedalieri o di specialisti
051502096	051502	APIXABAN GRINDEKS	5 MG COMPRESSE RIVESTITE CON FILM- 60 COMPRESSE IN BLISTER PVC/PVDC-AL	APIXABAN	APIXABAN	5	milligrammi	Compressa rivestita con film	B01AF02	AS GRINDEKS	Autorizzata	Procedura Mutuo riconoscimento o Decentrata	Medicinali soggetti a prescrizione medica limitativa, vendibili al pubblico su prescrizione di centri ospedalieri o di specialisti
051502108	051502	APIXABAN GRINDEKS	5 MG COMPRESSE RIVESTITE CON FILM- 100 COMPRESSE IN BLISTER PVC/PVDC-AL	APIXABAN	APIXABAN	5	milligrammi	Compressa rivestita con film	B01AF02	AS GRINDEKS	Autorizzata	Procedura Mutuo riconoscimento o Decentrata	Medicinali soggetti a prescrizione medica limitativa, vendibili al pubblico su prescrizione di centri ospedalieri o di specialisti
051502110	051502	APIXABAN GRINDEKS	5 MG COMPRESSE RIVESTITE CON FILM- 168 COMPRESSE IN BLISTER PVC/PVDC-AL	APIXABAN	APIXABAN	5	milligrammi	Compressa rivestita con film	B01AF02	AS GRINDEKS	Autorizzata	Procedura Mutuo riconoscimento o Decentrata	Medicinali soggetti a prescrizione medica limitativa, vendibili al pubblico su prescrizione di centri ospedalieri o di specialisti
051502122	051502	APIXABAN GRINDEKS	5 MG COMPRESSE RIVESTITE CON FILM- 200 COMPRESSE IN BLISTER PVC/PVDC-AL	APIXABAN	APIXABAN	5	milligrammi	Compressa rivestita con film	B01AF02	AS GRINDEKS	Autorizzata	Procedura Mutuo riconoscimento o Decentrata	Medicinali soggetti a prescrizione medica limitativa, utilizzabili esclusivamente in ambiente ospedaliero o in una struttura ad esso assimilabile
051558017	051558	APIXABAN SUN	?2,5 MG COMPRESSE RIVESTITE CON FILM? 60 COMPRESSE IN BLISTER PVC/PVDC/A	APIXABAN	APIXABAN	2.5	milligrammi	Compressa rivestita con film	B01AF02	SUN PHARMACEUTICAL INDUSTRIES (EUROPE) B.V.	Autorizzata	Procedura Mutuo riconoscimento o Decentrata	Medicinali soggetti a prescrizione medica limitativa, vendibili al pubblico su prescrizione di centri ospedalieri o di specialisti
051558031	051558	APIXABAN SUN	?5 MG COMPRESSE RIVESTITE CON FILM? 56 COMPRESSE IN BLISTER PVC/PVDC/AL	APIXABAN	APIXABAN	5	milligrammi	Compressa rivestita con film	B01AF02	SUN PHARMACEUTICAL INDUSTRIES (EUROPE) B.V.	Autorizzata	Procedura Mutuo riconoscimento o Decentrata	Medicinali soggetti a prescrizione medica limitativa, vendibili al pubblico su prescrizione di centri ospedalieri o di specialisti
051558043	051558	APIXABAN SUN	?5 MG COMPRESSE RIVESTITE CON FILM? 60 COMPRESSE IN BLISTER PVC/PVDC/AL	APIXABAN	APIXABAN	5	milligrammi	Compressa rivestita con film	B01AF02	SUN PHARMACEUTICAL INDUSTRIES (EUROPE) B.V.	Autorizzata	Procedura Mutuo riconoscimento o Decentrata	Medicinali soggetti a prescrizione medica limitativa, vendibili al pubblico su prescrizione di centri ospedalieri o di specialisti
051600017	051600	APIXABAN ABDI	?2,5 MG COMPRESSE RIVESTITE CON FILM? 20 COMPRESSE IN BLISTER PVC/PE/PVDC-AL	APIXABAN	APIXABAN	2.5	milligrammi	Compressa rivestita con film	B01AF02	Abdi Farma GmbH	Autorizzata	Procedura Mutuo riconoscimento o Decentrata	Medicinali soggetti a prescrizione medica limitativa, vendibili al pubblico su prescrizione di centri ospedalieri o di specialisti
051600029	051600	APIXABAN ABDI	?2,5 MG COMPRESSE RIVESTITE CON FILM? 60 COMPRESSE IN BLISTER PVC/PE/PVDC-AL	APIXABAN	APIXABAN	2.5	milligrammi	Compressa rivestita con film	B01AF02	Abdi Farma GmbH	Autorizzata	Procedura Mutuo riconoscimento o Decentrata	Medicinali soggetti a prescrizione medica limitativa, vendibili al pubblico su prescrizione di centri ospedalieri o di specialisti
051600031	051600	APIXABAN ABDI	?2,5 MG COMPRESSE RIVESTITE CON FILM? 200 COMPRESSE IN BLISTER PVC/PE/PVDC-AL	APIXABAN	APIXABAN	2.5	milligrammi	Compressa rivestita con film	B01AF02	Abdi Farma GmbH	Autorizzata	Procedura Mutuo riconoscimento o Decentrata	Medicinali soggetti a prescrizione medica limitativa, utilizzabili esclusivamente in ambiente ospedaliero o in una struttura ad esso assimilabile
051600043	051600	APIXABAN ABDI	?5 MG COMPRESSE RIVESTITE CON FILM? 20 COMPRESSE IN BLISTER PVC/PE/PVDC-AL	APIXABAN	APIXABAN	5	milligrammi	Compressa rivestita con film	B01AF02	Abdi Farma GmbH	Autorizzata	Procedura Mutuo riconoscimento o Decentrata	Medicinali soggetti a prescrizione medica limitativa, vendibili al pubblico su prescrizione di centri ospedalieri o di specialisti
051600056	051600	APIXABAN ABDI	?5 MG COMPRESSE RIVESTITE CON FILM? 60 COMPRESSE IN BLISTER PVC/PE/PVDC-AL	APIXABAN	APIXABAN	5	milligrammi	Compressa rivestita con film	B01AF02	Abdi Farma GmbH	Autorizzata	Procedura Mutuo riconoscimento o Decentrata	Medicinali soggetti a prescrizione medica limitativa, vendibili al pubblico su prescrizione di centri ospedalieri o di specialisti
051600068	051600	APIXABAN ABDI	?5 MG COMPRESSE RIVESTITE CON FILM? 200 COMPRESSE IN BLISTER PVC/PE/PVDC-AL	APIXABAN	APIXABAN	5	milligrammi	Compressa rivestita con film	B01AF02	Abdi Farma GmbH	Autorizzata	Procedura Mutuo riconoscimento o Decentrata	Medicinali soggetti a prescrizione medica limitativa, utilizzabili esclusivamente in ambiente ospedaliero o in una struttura ad esso assimilabile
051626012	051626	ERIMPOX	2,5 MG CAPSULE RIGIDE- 20 CAPSULE IN BLISTER OPA/AL/PVC-AL	APIXABAN	APIXABAN	2.5	milligrammi	Capsula rigida	B01AF02	ADAMED S.R.L.	Autorizzata	Procedura Mutuo riconoscimento o Decentrata	Medicinali soggetti a prescrizione medica limitativa, vendibili al pubblico su prescrizione di centri ospedalieri o di specialisti
051626024	051626	ERIMPOX	5 MG CAPSULE RIGIDE- 20 CAPSULE IN BLISTER OPA/AL/PVC-AL	APIXABAN	APIXABAN	5	milligrammi	Capsula rigida	B01AF02	ADAMED S.R.L.	Autorizzata	Procedura Mutuo riconoscimento o Decentrata	Medicinali soggetti a prescrizione medica limitativa, vendibili al pubblico su prescrizione di centri ospedalieri o di specialisti
051626036	051626	ERIMPOX	?2,5 MG CAPSULE RIGIDE? 60 CAPSULE IN BLISTER OPA/AL/PVC-AL	APIXABAN	APIXABAN	2.5	milligrammi	Capsula rigida	B01AF02	ADAMED S.R.L.	Autorizzata	Procedura Mutuo riconoscimento o Decentrata	Medicinali soggetti a prescrizione medica limitativa, vendibili al pubblico su prescrizione di centri ospedalieri o di specialisti
051626048	051626	ERIMPOX	?2,5 MG CAPSULE RIGIDE? 20 CAPSULE IN BLISTER PVC/PVDC-AL	APIXABAN	APIXABAN	2.5	milligrammi	Capsula rigida	B01AF02	ADAMED S.R.L.	Autorizzata	Procedura Mutuo riconoscimento o Decentrata	Medicinali soggetti a prescrizione medica limitativa, vendibili al pubblico su prescrizione di centri ospedalieri o di specialisti
051626051	051626	ERIMPOX	?2,5 MG CAPSULE RIGIDE? 60 CAPSULE IN BLISTER PVC/PVDC-AL	APIXABAN	APIXABAN	2.5	milligrammi	Capsula rigida	B01AF02	ADAMED S.R.L.	Autorizzata	Procedura Mutuo riconoscimento o Decentrata	Medicinali soggetti a prescrizione medica limitativa, vendibili al pubblico su prescrizione di centri ospedalieri o di specialisti
051626063	051626	ERIMPOX	?5 MG CAPSULE RIGIDE? 28 CAPSULE IN BLISTER OPA/AL/PVC-AL	APIXABAN	APIXABAN	5	milligrammi	Capsula rigida	B01AF02	ADAMED S.R.L.	Autorizzata	Procedura Mutuo riconoscimento o Decentrata	Medicinali soggetti a prescrizione medica limitativa, vendibili al pubblico su prescrizione di centri ospedalieri o di specialisti
051626075	051626	ERIMPOX	?5 MG CAPSULE RIGIDE? 56 CAPSULE IN BLISTER OPA/AL/PVC-AL	APIXABAN	APIXABAN	5	milligrammi	Capsula rigida	B01AF02	ADAMED S.R.L.	Autorizzata	Procedura Mutuo riconoscimento o Decentrata	Medicinali soggetti a prescrizione medica limitativa, vendibili al pubblico su prescrizione di centri ospedalieri o di specialisti
051626087	051626	ERIMPOX	?5 MG CAPSULE RIGIDE? 60 CAPSULE IN BLISTER OPA/AL/PVC-AL	APIXABAN	APIXABAN	5	milligrammi	Capsula rigida	B01AF02	ADAMED S.R.L.	Autorizzata	Procedura Mutuo riconoscimento o Decentrata	Medicinali soggetti a prescrizione medica limitativa, vendibili al pubblico su prescrizione di centri ospedalieri o di specialisti
051626099	051626	ERIMPOX	?5 MG CAPSULE RIGIDE? 20 CAPSULE IN BLISTER PVC/PVDC-AL	APIXABAN	APIXABAN	5	milligrammi	Capsula rigida	B01AF02	ADAMED S.R.L.	Autorizzata	Procedura Mutuo riconoscimento o Decentrata	Medicinali soggetti a prescrizione medica limitativa, vendibili al pubblico su prescrizione di centri ospedalieri o di specialisti
051626101	051626	ERIMPOX	?5 MG CAPSULE RIGIDE? 28 CAPSULE IN BLISTER PVC/PVDC-AL	APIXABAN	APIXABAN	5	milligrammi	Capsula rigida	B01AF02	ADAMED S.R.L.	Autorizzata	Procedura Mutuo riconoscimento o Decentrata	Medicinali soggetti a prescrizione medica limitativa, vendibili al pubblico su prescrizione di centri ospedalieri o di specialisti
051626113	051626	ERIMPOX	?5 MG CAPSULE RIGIDE? 56 CAPSULE IN BLISTER PVC/PVDC-AL	APIXABAN	APIXABAN	5	milligrammi	Capsula rigida	B01AF02	ADAMED S.R.L.	Autorizzata	Procedura Mutuo riconoscimento o Decentrata	Medicinali soggetti a prescrizione medica limitativa, vendibili al pubblico su prescrizione di centri ospedalieri o di specialisti
051626125	051626	ERIMPOX	?5 MG CAPSULE RIGIDE? 60 CAPSULE IN BLISTER PVC/PVDC-AL	APIXABAN	APIXABAN	5	milligrammi	Capsula rigida	B01AF02	ADAMED S.R.L.	Autorizzata	Procedura Mutuo riconoscimento o Decentrata	Medicinali soggetti a prescrizione medica limitativa, vendibili al pubblico su prescrizione di centri ospedalieri o di specialisti
051843011	051843	APIXABAN VIVANTA	2,5 MG COMPRESSE RIVESTITE CON FILM- 10 COMPRESSE IN BLISTER PVC/PVDC-AL	APIXABAN	APIXABAN			Compressa rivestita con film	B01AF02	VIVANTA GENERICS S.R.O.	Autorizzata	Procedura Mutuo riconoscimento o Decentrata	Medicinali soggetti a prescrizione medica limitativa, vendibili al pubblico su prescrizione di centri ospedalieri o di specialisti
051843023	051843	APIXABAN VIVANTA	2,5 MG COMPRESSE RIVESTITE CON FILM- 20 COMPRESSE IN BLISTER PVC/PVDC-AL	APIXABAN	APIXABAN			Compressa rivestita con film	B01AF02	VIVANTA GENERICS S.R.O.	Autorizzata	Procedura Mutuo riconoscimento o Decentrata	Medicinali soggetti a prescrizione medica limitativa, vendibili al pubblico su prescrizione di centri ospedalieri o di specialisti
051843035	051843	APIXABAN VIVANTA	2,5 MG COMPRESSE RIVESTITE CON FILM- 60 COMPRESSE IN BLISTER PVC/PVDC-AL	APIXABAN	APIXABAN			Compressa rivestita con film	B01AF02	VIVANTA GENERICS S.R.O.	Autorizzata	Procedura Mutuo riconoscimento o Decentrata	Medicinali soggetti a prescrizione medica limitativa, vendibili al pubblico su prescrizione di centri ospedalieri o di specialisti
051843047	051843	APIXABAN VIVANTA	2,5 MG COMPRESSE RIVESTITE CON FILM- 168 COMPRESSE IN BLISTER PVC/PVDC-AL	APIXABAN	APIXABAN			Compressa rivestita con film	B01AF02	VIVANTA GENERICS S.R.O.	Autorizzata	Procedura Mutuo riconoscimento o Decentrata	Medicinali soggetti a prescrizione medica limitativa, vendibili al pubblico su prescrizione di centri ospedalieri o di specialisti
051843050	051843	APIXABAN VIVANTA	2,5 MG COMPRESSE RIVESTITE CON FILM- 200 COMPRESSE IN BLISTER PVC/PVDC-AL	APIXABAN	APIXABAN			Compressa rivestita con film	B01AF02	VIVANTA GENERICS S.R.O.	Autorizzata	Procedura Mutuo riconoscimento o Decentrata	Medicinali soggetti a prescrizione medica limitativa, utilizzabili esclusivamente in ambiente ospedaliero o in una struttura ad esso assimilabile
051843062	051843	APIXABAN VIVANTA	5 MG COMPRESSE RIVESTITE CON FILM- 14 COMPRESSE IN BLISTER PVC/PVDC-AL	APIXABAN	APIXABAN			Compressa rivestita con film	B01AF02	VIVANTA GENERICS S.R.O.	Autorizzata	Procedura Mutuo riconoscimento o Decentrata	Medicinali soggetti a prescrizione medica limitativa, vendibili al pubblico su prescrizione di centri ospedalieri o di specialisti
051843074	051843	APIXABAN VIVANTA	5 MG COMPRESSE RIVESTITE CON FILM- 20 COMPRESSE IN BLISTER PVC/PVDC-AL	APIXABAN	APIXABAN			Compressa rivestita con film	B01AF02	VIVANTA GENERICS S.R.O.	Autorizzata	Procedura Mutuo riconoscimento o Decentrata	Medicinali soggetti a prescrizione medica limitativa, vendibili al pubblico su prescrizione di centri ospedalieri o di specialisti
051843086	051843	APIXABAN VIVANTA	5 MG COMPRESSE RIVESTITE CON FILM- 28 COMPRESSE IN BLISTER PVC/PVDC-AL	APIXABAN	APIXABAN			Compressa rivestita con film	B01AF02	VIVANTA GENERICS S.R.O.	Autorizzata	Procedura Mutuo riconoscimento o Decentrata	Medicinali soggetti a prescrizione medica limitativa, vendibili al pubblico su prescrizione di centri ospedalieri o di specialisti
051843098	051843	APIXABAN VIVANTA	5 MG COMPRESSE RIVESTITE CON FILM- 56 COMPRESSE IN BLISTER PVC/PVDC-AL	APIXABAN	APIXABAN			Compressa rivestita con film	B01AF02	VIVANTA GENERICS S.R.O.	Autorizzata	Procedura Mutuo riconoscimento o Decentrata	Medicinali soggetti a prescrizione medica limitativa, vendibili al pubblico su prescrizione di centri ospedalieri o di specialisti
051843100	051843	APIXABAN VIVANTA	5 MG COMPRESSE RIVESTITE CON FILM- 60 COMPRESSE IN BLISTER PVC/PVDC-AL	APIXABAN	APIXABAN			Compressa rivestita con film	B01AF02	VIVANTA GENERICS S.R.O.	Autorizzata	Procedura Mutuo riconoscimento o Decentrata	Medicinali soggetti a prescrizione medica limitativa, vendibili al pubblico su prescrizione di centri ospedalieri o di specialisti
051843112	051843	APIXABAN VIVANTA	5 MG COMPRESSE RIVESTITE CON FILM- 168 COMPRESSE IN BLISTER PVC/PVDC-AL	APIXABAN	APIXABAN			Compressa rivestita con film	B01AF02	VIVANTA GENERICS S.R.O.	Autorizzata	Procedura Mutuo riconoscimento o Decentrata	Medicinali soggetti a prescrizione medica limitativa, vendibili al pubblico su prescrizione di centri ospedalieri o di specialisti
051843124	051843	APIXABAN VIVANTA	5 MG COMPRESSE RIVESTITE CON FILM- 200 COMPRESSE IN BLISTER PVC/PVDC-AL	APIXABAN	APIXABAN			Compressa rivestita con film	B01AF02	VIVANTA GENERICS S.R.O.	Autorizzata	Procedura Mutuo riconoscimento o Decentrata	Medicinali soggetti a prescrizione medica limitativa, utilizzabili esclusivamente in ambiente ospedaliero o in una struttura ad esso assimilabile
051931018	051931	APIXABAN ALTER	?2,5 MG COMPRESSE RIVESTITE CON FILM? 20 COMPRESSE IN BLISTER PVC/PVDC-AL	APIXABAN	APIXABAN	2.5	milligrammi	Compressa rivestita con film	B01AF02	LABORATORI ALTER S.R.L.	Autorizzata	Procedura Mutuo riconoscimento o Decentrata	Medicinali soggetti a prescrizione medica limitativa, vendibili al pubblico su prescrizione di centri ospedalieri o di specialisti
051931020	051931	APIXABAN ALTER	?2,5 MG COMPRESSE RIVESTITE CON FILM? 60 COMPRESSE IN BLISTER PVC/PVDC-AL	APIXABAN	APIXABAN	2.5	milligrammi	Compressa rivestita con film	B01AF02	LABORATORI ALTER S.R.L.	Autorizzata	Procedura Mutuo riconoscimento o Decentrata	Medicinali soggetti a prescrizione medica limitativa, vendibili al pubblico su prescrizione di centri ospedalieri o di specialisti
051931032	051931	APIXABAN ALTER	?5 MG COMPRESSE RIVESTITE CON FILM? 28 COMPRESSE IN BLISTER PVC/PVDC-AL	APIXABAN	APIXABAN	5	milligrammi	Compressa rivestita con film	B01AF02	LABORATORI ALTER S.R.L.	Autorizzata	Procedura Mutuo riconoscimento o Decentrata	Medicinali soggetti a prescrizione medica limitativa, vendibili al pubblico su prescrizione di centri ospedalieri o di specialisti
051931044	051931	APIXABAN ALTER	?5 MG COMPRESSE RIVESTITE CON FILM? 60 COMPRESSE IN BLISTER PVC/PVDC-AL	APIXABAN	APIXABAN	5	milligrammi	Compressa rivestita con film	B01AF02	LABORATORI ALTER S.R.L.	Autorizzata	Procedura Mutuo riconoscimento o Decentrata	Medicinali soggetti a prescrizione medica limitativa, vendibili al pubblico su prescrizione di centri ospedalieri o di specialisti
051975011	051975	APIXABAN LABORATORI ALTER	?2,5 MG CAPSULE RIGIDE? 20 CAPSULE IN BLISTER PVC/PVDC-AL	APIXABAN	APIXABAN	2.5	milligrammi	Capsula rigida	B01AF02	LABORATORI ALTER S.R.L.	Autorizzata	Procedura Mutuo riconoscimento o Decentrata	Medicinali soggetti a prescrizione medica limitativa, vendibili al pubblico su prescrizione di centri ospedalieri o di specialisti
051975023	051975	APIXABAN LABORATORI ALTER	?2,5 MG CAPSULE RIGIDE? 60 CAPSULE IN BLISTER PVC/PVDC-AL	APIXABAN	APIXABAN	2.5	milligrammi	Capsula rigida	B01AF02	LABORATORI ALTER S.R.L.	Autorizzata	Procedura Mutuo riconoscimento o Decentrata	Medicinali soggetti a prescrizione medica limitativa, vendibili al pubblico su prescrizione di centri ospedalieri o di specialisti
051975035	051975	APIXABAN LABORATORI ALTER	?5 MG CAPSULE RIGIDE? 28 CAPSULE IN BLISTER PVC/PVDC-AL	APIXABAN	APIXABAN	5	milligrammi	Capsula rigida	B01AF02	LABORATORI ALTER S.R.L.	Autorizzata	Procedura Mutuo riconoscimento o Decentrata	Medicinali soggetti a prescrizione medica limitativa, vendibili al pubblico su prescrizione di centri ospedalieri o di specialisti
051975047	051975	APIXABAN LABORATORI ALTER	?5 MG CAPSULE RIGIDE? 60 CAPSULE IN BLISTER PVC/PVDC-AL	APIXABAN	APIXABAN	5	milligrammi	Capsula rigida	B01AF02	LABORATORI ALTER S.R.L.	Autorizzata	Procedura Mutuo riconoscimento o Decentrata	Medicinali soggetti a prescrizione medica limitativa, vendibili al pubblico su prescrizione di centri ospedalieri o di specialisti
052493018	052493	APIXABAN BIOCON	?2,5 MG COMPRESSE RIVESTITE CON FILM? 10 COMPRESSE IN BLISTER PVC-PVdC/AL	APIXABAN	APIXABAN	2.5	milligrammi	Compressa rivestita con film	B01AF02	biocon pharma malta i limited	Autorizzata	Procedura Mutuo riconoscimento o Decentrata	Medicinali soggetti a prescrizione medica limitativa, vendibili al pubblico su prescrizione di centri ospedalieri o di specialisti
052493020	052493	APIXABAN BIOCON	?2,5 MG COMPRESSE RIVESTITE CON FILM? 14 COMPRESSE IN BLISTER PVC-PVdC/AL	APIXABAN	APIXABAN	2.5	milligrammi	Compressa rivestita con film	B01AF02	biocon pharma malta i limited	Autorizzata	Procedura Mutuo riconoscimento o Decentrata	Medicinali soggetti a prescrizione medica limitativa, vendibili al pubblico su prescrizione di centri ospedalieri o di specialisti
052493032	052493	APIXABAN BIOCON	?2,5 MG COMPRESSE RIVESTITE CON FILM? 20 COMPRESSE IN BLISTER PVC-PVdC/AL	APIXABAN	APIXABAN	2.5	milligrammi	Compressa rivestita con film	B01AF02	biocon pharma malta i limited	Autorizzata	Procedura Mutuo riconoscimento o Decentrata	Medicinali soggetti a prescrizione medica limitativa, vendibili al pubblico su prescrizione di centri ospedalieri o di specialisti
052493044	052493	APIXABAN BIOCON	?2,5 MG COMPRESSE RIVESTITE CON FILM? 56 COMPRESSE IN BLISTER PVC-PVdC/AL	APIXABAN	APIXABAN	2.5	milligrammi	Compressa rivestita con film	B01AF02	biocon pharma malta i limited	Autorizzata	Procedura Mutuo riconoscimento o Decentrata	Medicinali soggetti a prescrizione medica limitativa, vendibili al pubblico su prescrizione di centri ospedalieri o di specialisti
052493057	052493	APIXABAN BIOCON	?2,5 MG COMPRESSE RIVESTITE CON FILM? 60 COMPRESSE IN BLISTER PVC-PVdC/AL	APIXABAN	APIXABAN	2.5	milligrammi	Compressa rivestita con film	B01AF02	biocon pharma malta i limited	Autorizzata	Procedura Mutuo riconoscimento o Decentrata	Medicinali soggetti a prescrizione medica limitativa, vendibili al pubblico su prescrizione di centri ospedalieri o di specialisti
052493069	052493	APIXABAN BIOCON	?2,5 MG COMPRESSE RIVESTITE CON FILM? 168 COMPRESSE IN BLISTER PVC-PVdC/AL	APIXABAN	APIXABAN	2.5	milligrammi	Compressa rivestita con film	B01AF02	biocon pharma malta i limited	Autorizzata	Procedura Mutuo riconoscimento o Decentrata	Medicinali soggetti a prescrizione medica limitativa, vendibili al pubblico su prescrizione di centri ospedalieri o di specialisti
052493071	052493	APIXABAN BIOCON	?2,5 MG COMPRESSE RIVESTITE CON FILM? 200 COMPRESSE IN BLISTER PVC-PVdC/AL	APIXABAN	APIXABAN	2.5	milligrammi	Compressa rivestita con film	B01AF02	biocon pharma malta i limited	Autorizzata	Procedura Mutuo riconoscimento o Decentrata	Medicinali soggetti a prescrizione medica limitativa, utilizzabili esclusivamente in ambiente ospedaliero o in una struttura ad esso assimilabile
052493083	052493	APIXABAN BIOCON	?2,5 MG COMPRESSE RIVESTITE CON FILM? 60X1 COMPRESSE IN BLISTER PVC-PVdC/AL DIVISIBILE PER DOSE UNITARIA	APIXABAN	APIXABAN	2.5	milligrammi	Compressa rivestita con film	B01AF02	biocon pharma malta i limited	Autorizzata	Procedura Mutuo riconoscimento o Decentrata	Medicinali soggetti a prescrizione medica limitativa, vendibili al pubblico su prescrizione di centri ospedalieri o di specialisti
052493095	052493	APIXABAN BIOCON	?2,5 MG COMPRESSE RIVESTITE CON FILM? 100X1 COMPRESSE IN BLISTER PVC-PVdC/AL DIVISIBILE PER DOSE UNITARIA	APIXABAN	APIXABAN	2.5	milligrammi	Compressa rivestita con film	B01AF02	biocon pharma malta i limited	Autorizzata	Procedura Mutuo riconoscimento o Decentrata	Medicinali soggetti a prescrizione medica limitativa, vendibili al pubblico su prescrizione di centri ospedalieri o di specialisti
052493107	052493	APIXABAN BIOCON	?5 MG COMPRESSE RIVESTITE CON FILM? 10 COMPRESSE IN BLISTER PVC-PVdC/AL	APIXABAN	APIXABAN	5	milligrammi	Compressa rivestita con film	B01AF02	biocon pharma malta i limited	Autorizzata	Procedura Mutuo riconoscimento o Decentrata	Medicinali soggetti a prescrizione medica limitativa, vendibili al pubblico su prescrizione di centri ospedalieri o di specialisti
052493119	052493	APIXABAN BIOCON	?5 MG COMPRESSE RIVESTITE CON FILM? 14 COMPRESSE IN BLISTER PVC-PVdC/AL	APIXABAN	APIXABAN	5	milligrammi	Compressa rivestita con film	B01AF02	biocon pharma malta i limited	Autorizzata	Procedura Mutuo riconoscimento o Decentrata	Medicinali soggetti a prescrizione medica limitativa, vendibili al pubblico su prescrizione di centri ospedalieri o di specialisti
052493121	052493	APIXABAN BIOCON	?5 MG COMPRESSE RIVESTITE CON FILM? 20 COMPRESSE IN BLISTER PVC-PVdC/AL	APIXABAN	APIXABAN	5	milligrammi	Compressa rivestita con film	B01AF02	biocon pharma malta i limited	Autorizzata	Procedura Mutuo riconoscimento o Decentrata	Medicinali soggetti a prescrizione medica limitativa, vendibili al pubblico su prescrizione di centri ospedalieri o di specialisti
052493133	052493	APIXABAN BIOCON	?5 MG COMPRESSE RIVESTITE CON FILM? 56 COMPRESSE IN BLISTER PVC-PVdC/AL	APIXABAN	APIXABAN	5	milligrammi	Compressa rivestita con film	B01AF02	biocon pharma malta i limited	Autorizzata	Procedura Mutuo riconoscimento o Decentrata	Medicinali soggetti a prescrizione medica limitativa, vendibili al pubblico su prescrizione di centri ospedalieri o di specialisti
052493145	052493	APIXABAN BIOCON	?5 MG COMPRESSE RIVESTITE CON FILM? 60 COMPRESSE IN BLISTER PVC-PVdC/AL	APIXABAN	APIXABAN	5	milligrammi	Compressa rivestita con film	B01AF02	biocon pharma malta i limited	Autorizzata	Procedura Mutuo riconoscimento o Decentrata	Medicinali soggetti a prescrizione medica limitativa, vendibili al pubblico su prescrizione di centri ospedalieri o di specialisti
052493158	052493	APIXABAN BIOCON	?5 MG COMPRESSE RIVESTITE CON FILM? 168 COMPRESSE IN BLISTER PVC-PVdC/AL	APIXABAN	APIXABAN	5	milligrammi	Compressa rivestita con film	B01AF02	biocon pharma malta i limited	Autorizzata	Procedura Mutuo riconoscimento o Decentrata	Medicinali soggetti a prescrizione medica limitativa, vendibili al pubblico su prescrizione di centri ospedalieri o di specialisti
052493160	052493	APIXABAN BIOCON	?5 MG COMPRESSE RIVESTITE CON FILM? 200 COMPRESSE IN BLISTER PVC-PVdC/AL	APIXABAN	APIXABAN	5	milligrammi	Compressa rivestita con film	B01AF02	biocon pharma malta i limited	Autorizzata	Procedura Mutuo riconoscimento o Decentrata	Medicinali soggetti a prescrizione medica limitativa, utilizzabili esclusivamente in ambiente ospedaliero o in una struttura ad esso assimilabile
052493172	052493	APIXABAN BIOCON	?5 MG COMPRESSE RIVESTITE CON FILM? 60X1 COMPRESSE IN BLISTER PVC-PVdC/AL DIVISIBILE PER DOSE UNITARIA	APIXABAN	APIXABAN	5	milligrammi	Compressa rivestita con film	B01AF02	biocon pharma malta i limited	Autorizzata	Procedura Mutuo riconoscimento o Decentrata	Medicinali soggetti a prescrizione medica limitativa, vendibili al pubblico su prescrizione di centri ospedalieri o di specialisti
052493184	052493	APIXABAN BIOCON	?5 MG COMPRESSE RIVESTITE CON FILM? 100X1 COMPRESSE IN BLISTER PVC-PVdC/AL DIVISIBILE PER DOSE UNITARIA	APIXABAN	APIXABAN	5	milligrammi	Compressa rivestita con film	B01AF02	biocon pharma malta i limited	Autorizzata	Procedura Mutuo riconoscimento o Decentrata	Medicinali soggetti a prescrizione medica limitativa, vendibili al pubblico su prescrizione di centri ospedalieri o di specialisti
052686019	052686	APILION	2,5 MG COMPRESSE RIVESTITE CON FILM- 10 COMPRESSE IN BLISTER PVC/PVDC-AL	APIXABAN	APIXABAN			Compressa rivestita con film	B01AF02	AURORA LICENSING SRL	Autorizzata	Procedura Mutuo riconoscimento o Decentrata	Medicinali soggetti a prescrizione medica limitativa, vendibili al pubblico su prescrizione di centri ospedalieri o di specialisti
052686021	052686	APILION	2,5 MG COMPRESSE RIVESTITE CON FILM- 20 COMPRESSE IN BLISTER PVC/PVDC-AL	APIXABAN	APIXABAN			Compressa rivestita con film	B01AF02	AURORA LICENSING SRL	Autorizzata	Procedura Mutuo riconoscimento o Decentrata	Medicinali soggetti a prescrizione medica limitativa, vendibili al pubblico su prescrizione di centri ospedalieri o di specialisti
052686033	052686	APILION	2,5 MG COMPRESSE RIVESTITE CON FILM- 60 COMPRESSE IN BLISTER PVC/PVDC-AL	APIXABAN	APIXABAN			Compressa rivestita con film	B01AF02	AURORA LICENSING SRL	Autorizzata	Procedura Mutuo riconoscimento o Decentrata	Medicinali soggetti a prescrizione medica limitativa, vendibili al pubblico su prescrizione di centri ospedalieri o di specialisti
052686045	052686	APILION	5 MG COMPRESSE RIVESTITE CON FILM- 28 COMPRESSE IN BLISTER PVC/PVDC-AL	APIXABAN	APIXABAN			Compressa rivestita con film	B01AF02	AURORA LICENSING SRL	Autorizzata	Procedura Mutuo riconoscimento o Decentrata	Medicinali soggetti a prescrizione medica limitativa, vendibili al pubblico su prescrizione di centri ospedalieri o di specialisti
052686058	052686	APILION	5 MG COMPRESSE RIVESTITE CON FILM- 60 COMPRESSE IN BLISTER PVC/PVDC-AL	APIXABAN	APIXABAN			Compressa rivestita con film	B01AF02	AURORA LICENSING SRL	Autorizzata	Procedura Mutuo riconoscimento o Decentrata	Medicinali soggetti a prescrizione medica limitativa, vendibili al pubblico su prescrizione di centri ospedalieri o di specialisti
052687011	052687	OPIXAF	2.5 MG COMPRESSE RIVESTITE CON FILM- 10 COMPRESSE IN BLISTER PVC/PVDC-AL	APIXABAN	APIXABAN			Compressa rivestita con film	B01AF02	FIDIA FARMACEUTICI S.P.A.	Autorizzata	Procedura Mutuo riconoscimento o Decentrata	Medicinali soggetti a prescrizione medica limitativa, vendibili al pubblico su prescrizione di centri ospedalieri o di specialisti
052687023	052687	OPIXAF	2.5 MG COMPRESSE RIVESTITE CON FILM- 20 COMPRESSE IN BLISTER PVC/PVDC-AL	APIXABAN	APIXABAN			Compressa rivestita con film	B01AF02	FIDIA FARMACEUTICI S.P.A.	Autorizzata	Procedura Mutuo riconoscimento o Decentrata	Medicinali soggetti a prescrizione medica limitativa, vendibili al pubblico su prescrizione di centri ospedalieri o di specialisti
052687035	052687	OPIXAF	2.5 MG COMPRESSE RIVESTITE CON FILM- 60 COMPRESSE IN BLISTER PVC/PVDC-AL	APIXABAN	APIXABAN			Compressa rivestita con film	B01AF02	FIDIA FARMACEUTICI S.P.A.	Autorizzata	Procedura Mutuo riconoscimento o Decentrata	Medicinali soggetti a prescrizione medica limitativa, vendibili al pubblico su prescrizione di centri ospedalieri o di specialisti
052687047	052687	OPIXAF	5 MG COMPRESSE RIVESTITE CON FILM- 28 COMPRESSE IN BLISTER PVC/PVDC-AL	APIXABAN	APIXABAN			Compressa rivestita con film	B01AF02	FIDIA FARMACEUTICI S.P.A.	Autorizzata	Procedura Mutuo riconoscimento o Decentrata	Medicinali soggetti a prescrizione medica limitativa, vendibili al pubblico su prescrizione di centri ospedalieri o di specialisti
052687050	052687	OPIXAF	5 MG COMPRESSE RIVESTITE CON FILM- 60 COMPRESSE IN BLISTER PVC/PVDC-AL	APIXABAN	APIXABAN			Compressa rivestita con film	B01AF02	FIDIA FARMACEUTICI S.P.A.	Autorizzata	Procedura Mutuo riconoscimento o Decentrata	Medicinali soggetti a prescrizione medica limitativa, vendibili al pubblico su prescrizione di centri ospedalieri o di specialisti
