codice_aic	cod_farmaco	denominazione	descrizione	pa_associati	principio_attivo	quantita	unita_misura	forma	codice_atc	ragione_sociale	stato_amministrativo	tipo_procedura	fornitura
038919015	038919	VIMPAT	50 MG - COMPRESSE RIVESTITE CON FILM - USO ORALE -BLISTER (PVC/PVDC/ALU)- 14 COMPRESSE	LACOSAMIDE	LACOSAMIDE	50	milligrammi	Compressa rivestita con film	N03AX18	UCB PHARMA S.A.	Autorizzata	Procedura Centralizzata	Medicinali soggetti a prescrizione medica
038919027	038919	VIMPAT	50 MG - COMPRESSE RIVESTITE CON FILM - USO ORALE - BLISTER (PVC/PVDC/ALU)- 56 COMPRESSE	LACOSAMIDE	LACOSAMIDE	50	milligrammi	Compressa rivestita con film	N03AX18	UCB PHARMA S.A.	Autorizzata	Procedura Centralizzata	Medicinali soggetti a prescrizione medica
038919039	038919	VIMPAT	50 MG - COMPRESSE RIVESTITE CON FILM - USO ORALE - BLISTER (PVC/PVDC/ALU)- 168 COMPRESSE	LACOSAMIDE	LACOSAMIDE	50	milligrammi	Compressa rivestita con film	N03AX18	UCB PHARMA S.A.	Autorizzata	Procedura Centralizzata	Medicinali soggetti a prescrizione medica
038919041	038919	VIMPAT	100 MG - COMPRESSE RIVESTITE CON FILM - USO ORALE - BLISTER (PVC/PVDC/ALU)- 14 COMPRESSE	LACOSAMIDE	LACOSAMIDE	100	milligrammi	Compressa rivestita con film	N03AX18	UCB PHARMA S.A.	Autorizzata	Procedura Centralizzata	Medicinali soggetti a prescrizione medica
038919054	038919	VIMPAT	100 MG - COMPRESSE RIVESTITE CON FILM - USO ORALE - BLISTER (PVC/PVDC/ALU)- 56 COMPRESSE	LACOSAMIDE	LACOSAMIDE	100	milligrammi	Compressa rivestita con film	N03AX18	UCB PHARMA S.A.	Autorizzata	Procedura Centralizzata	Medicinali soggetti a prescrizione medica
038919066	038919	VIMPAT	100 MG - COMPRESSE RIVESTITE CON FILM - USO ORALE - BLISTER (PVC/PVDC/ALU)- 168 COMPRESSE	LACOSAMIDE	LACOSAMIDE	100	milligrammi	Compressa rivestita con film	N03AX18	UCB PHARMA S.A.	Autorizzata	Procedura Centralizzata	Medicinali soggetti a prescrizione medica
038919078	038919	VIMPAT	150 MG - COMPRESSE RIVESTITE CON FILM - USO ORALE - BLISTER (PVC/PVDC/ALU)- 14 COMPRESSE	LACOSAMIDE	LACOSAMIDE	150	milligrammi	Compressa rivestita con film	N03AX18	UCB PHARMA S.A.	Autorizzata	Procedura Centralizzata	Medicinali soggetti a prescrizione medica
038919080	038919	VIMPAT	150 MG - COMPRESSE RIVESTITE CON FILM - USO ORALE - BLISTER (PVC/PVDC/ALU)- 56 COMPRESSE	LACOSAMIDE	LACOSAMIDE	150	milligrammi	Compressa rivestita con film	N03AX18	UCB PHARMA S.A.	Autorizzata	Procedura Centralizzata	Medicinali soggetti a prescrizione medica
038919092	038919	VIMPAT	150 MG - COMPRESSE RIVESTITE CON FILM - USO ORALE - BLISTER (PVC/PVDC/ALU)- 168 COMPRESSE	LACOSAMIDE	LACOSAMIDE	150	milligrammi	Compressa rivestita con film	N03AX18	UCB PHARMA S.A.	Autorizzata	Procedura Centralizzata	Medicinali soggetti a prescrizione medica
038919104	038919	VIMPAT	200 MG - COMPRESSE RIVESTITE CON FILM - USO ORALE - BLISTER (PVC/PVDC/ALU)- 14 COMPRESSE	LACOSAMIDE	LACOSAMIDE	200	milligrammi	Compressa rivestita con film	N03AX18	UCB PHARMA S.A.	Autorizzata	Procedura Centralizzata	Medicinali soggetti a prescrizione medica
038919116	038919	VIMPAT	200 MG - COMPRESSE RIVESTITE CON FILM - USO ORALE - BLISTER (PVC/PVDC/ALU)- 56 COMPRESSE	LACOSAMIDE	LACOSAMIDE	200	milligrammi	Compressa rivestita con film	N03AX18	UCB PHARMA S.A.	Autorizzata	Procedura Centralizzata	Medicinali soggetti a prescrizione medica
038919128	038919	VIMPAT	200 MG - COMPRESSE RIVESTITE CON FILM - USO ORALE - BLISTER (PVC/PVDC/ALU)- 168 COMPRESSE	LACOSAMIDE	LACOSAMIDE	200	milligrammi	Compressa rivestita con film	N03AX18	UCB PHARMA S.A.	Autorizzata	Procedura Centralizzata	Medicinali soggetti a prescrizione medica
038919130	038919	VIMPAT	50/100/150/200 MG - COMPRESSE RIVESTITE CON FILM - USO ORALE - BLISTER (PVC/PVDC/ALU)- CONF. DI INIZIO TRATTAMENTO:14 COMPR+14COMPR+14COMPR+14COMPR	LACOSAMIDE	LACOSAMIDE	50	milligrammi	Compressa rivestita con film	N03AX18	UCB PHARMA S.A.	Autorizzata	Procedura Centralizzata	Medicinali soggetti a prescrizione medica
038919167	038919	VIMPAT	10MG/ML - SOLUZIONE PER INFUSIONE - USO ENDOVENOSO - FLACONCINO (VETRO) 20 ML- 1 FLACONE	LACOSAMIDE	LACOSAMIDE			Soluzione per infusione	N03AX18	UCB PHARMA S.A.	Autorizzata	Procedura Centralizzata	Medicinali soggetti a prescrizione medica
038919181	038919	VIMPAT	110 mg/ml - Sciroppo - Uso orale - Flacone (vetro) 200 ml - 1 flacone + 1 bicchiere dosatore da 30 ml + 1 siringa per somministrazione orale da 10 ml + adattatore	LACOSAMIDE	LACOSAMIDE			Sciroppo	N03AX18	UCB PHARMA S.A.	Autorizzata	Procedura Centralizzata	Medicinali soggetti a prescrizione medica
038919205	038919	VIMPAT	50 ML - COMPRESSE RIVESTITE CON FILM - USO ORALE - BLISTER DIVISIBILE (PVC/PVDC/ALU) - 56 X 1 COMPRESSE (DOSE UNITARIA)	LACOSAMIDE	LACOSAMIDE	50	millilitre	Compressa rivestita con film	N03AX18	UCB PHARMA S.A.	Autorizzata	Procedura Centralizzata	Medicinali soggetti a prescrizione medica
038919217	038919	VIMPAT	100 ML - COMPRESSE RIVESTITE CON FILM - USO ORALE - BLISTER DIVISIBILE (PVC/PVDC/ALU) - 56 X 1 COMPRESSE (DOSE UNITARIA)	LACOSAMIDE	LACOSAMIDE	100	millilitre	Compressa rivestita con film	N03AX18	UCB PHARMA S.A.	Autorizzata	Procedura Centralizzata	Medicinali soggetti a prescrizione medica
038919229	038919	VIMPAT	150 ML - COMPRESSE RIVESTITE CON FILM - USO ORALE - BLISTER DIVISIBILE (PVC/PVDC/ALU) - 56 X 1 COMPRESSE (DOSE UNITARIA)	LACOSAMIDE	LACOSAMIDE	150	millilitre	Compressa rivestita con film	N03AX18	UCB PHARMA S.A.	Autorizzata	Procedura Centralizzata	Medicinali soggetti a prescrizione medica
038919231	038919	VIMPAT	200 ML - COMPRESSE RIVESTITE CON FILM - USO ORALE - BLISTER DIVISIBILE (PVC/PVDC/ALU) - 56 X 1 COMPRESSE (DOSE UNITARIA)	LACOSAMIDE	LACOSAMIDE	200	millilitre	Compressa rivestita con film	N03AX18	UCB PHARMA S.A.	Autorizzata	Procedura Centralizzata	Medicinali soggetti a prescrizione medica
038919243	038919	VIMPAT	50 MG - COMPRESSA RIVESTITA CON FILM - USO ORALE - BLISTER (PVC/PVDC/ALU) - 14 X 1 COMPRESSE (DOSE UNITARIA)	LACOSAMIDE	LACOSAMIDE	50	milligrammi	Compressa rivestita con film	N03AX18	UCB PHARMA S.A.	Autorizzata	Procedura Centralizzata	Medicinali soggetti a prescrizione medica
038919256	038919	VIMPAT	50 MG - COMPRESSA RIVESTITA CON FILM - USO ORALE - BLISTER (PVC/PVDC/ALU) - 28 COMPRESSE	LACOSAMIDE	LACOSAMIDE	50	milligrammi	Compressa rivestita con film	N03AX18	UCB PHARMA S.A.	Autorizzata	Procedura Centralizzata	Medicinali soggetti a prescrizione medica
038919268	038919	VIMPAT	100 MG - COMPRESSA RIVESTITA CON FILM - USO ORALE - BLISTER (PVC/PVDC/ALU) - 14 X 1 COMPRESSE (DOSE UNITARIA)	LACOSAMIDE	LACOSAMIDE	100	milligrammi	Compressa rivestita con film	N03AX18	UCB PHARMA S.A.	Autorizzata	Procedura Centralizzata	Medicinali soggetti a prescrizione medica
038919270	038919	VIMPAT	100 MG - COMPRESSA RIVESTITA CON FILM - USO ORALE - BLISTER (PVC/PVDC/ALU) - 28 COMPRESSE	LACOSAMIDE	LACOSAMIDE	100	milligrammi	Compressa rivestita con film	N03AX18	UCB PHARMA S.A.	Autorizzata	Procedura Centralizzata	Medicinali soggetti a prescrizione medica
038919282	038919	VIMPAT	150 MG - COMPRESSA RIVESTITA CON FILM - USO ORALE - BLISTER (PVC/PVDC/ALU) - 14 X 1 COMPRESSE (DOSE UNITARIA)	LACOSAMIDE	LACOSAMIDE	150	milligrammi	Compressa rivestita con film	N03AX18	UCB PHARMA S.A.	Autorizzata	Procedura Centralizzata	Medicinali soggetti a prescrizione medica
038919294	038919	VIMPAT	150 MG - COMPRESSA RIVESTITA CON FILM - USO ORALE - BLISTER (PVC/PVDC/ALU) - 28 COMPRESSE	LACOSAMIDE	LACOSAMIDE	150	milligrammi	Compressa rivestita con film	N03AX18	UCB PHARMA S.A.	Autorizzata	Procedura Centralizzata	Medicinali soggetti a prescrizione medica
038919306	038919	VIMPAT	200 MG - COMPRESSA RIVESTITA CON FILM - USO ORALE - BLISTER (PVC/PVDC/ALU) - 14 X 1 COMPRESSE (DOSE UNITARIA)	LACOSAMIDE	LACOSAMIDE	200	milligrammi	Compressa rivestita con film	N03AX18	UCB PHARMA S.A.	Autorizzata	Procedura Centralizzata	Medicinali soggetti a prescrizione medica
038919318	038919	VIMPAT	200 MG - COMPRESSA RIVESTITA CON FILM - USO ORALE - BLISTER (PVC/PVDC/ALU) - 28 COMPRESSE	LACOSAMIDE	LACOSAMIDE	200	milligrammi	Compressa rivestita con film	N03AX18	UCB PHARMA S.A.	Autorizzata	Procedura Centralizzata	Medicinali soggetti a prescrizione medica
038919320	038919	VIMPAT	50 MG - COMPRESSA RIVESTITA CON FILM - USO ORALE - FLACONE (HDPE) - 60 COMPRESSE	LACOSAMIDE	LACOSAMIDE	50	milligrammi	Compressa rivestita con film	N03AX18	UCB PHARMA S.A.	Autorizzata	Procedura Centralizzata	Medicinali soggetti a prescrizione medica
038919332	038919	VIMPAT	100 MG - COMPRESSA RIVESTITA CON FILM - USO ORALE - FLACONE (HDPE) - 60 COMPRESSE	LACOSAMIDE	LACOSAMIDE	100	milligrammi	Compressa rivestita con film	N03AX18	UCB PHARMA S.A.	Autorizzata	Procedura Centralizzata	Medicinali soggetti a prescrizione medica
038919344	038919	VIMPAT	150 MG - COMPRESSA RIVESTITA CON FILM - USO ORALE - FLACONE (HDPE) - 60 COMPRESSE	LACOSAMIDE	LACOSAMIDE	150	milligrammi	Compressa rivestita con film	N03AX18	UCB PHARMA S.A.	Autorizzata	Procedura Centralizzata	Medicinali soggetti a prescrizione medica
038919357	038919	VIMPAT	200 MG - COMPRESSA RIVESTITA CON FILM - USO ORALE - FLACONE (HDPE) - 60 COMPRESSE	LACOSAMIDE	LACOSAMIDE	200	milligrammi	Compressa rivestita con film	N03AX18	UCB PHARMA S.A.	Autorizzata	Procedura Centralizzata	Medicinali soggetti a prescrizione medica
045519016	045519	OLLAT	50 MG COMPRESSE RIVESTITE CON FILM- 14 COMPRESSE IN BLISTER PVC/PVDC/AL	LACOSAMIDE	LACOSAMIDE	50	milligrammi	Compressa rivestita con film	N03AX18	SO.SE.PHARM S.R.L. SOCIETA' DI SERVIZIO PER L'INDUSTRIA FARMACEUTICA ED AFFINI	Autorizzata	Procedura Mutuo riconoscimento o Decentrata	Medicinali soggetti a prescrizione medica
045519028	045519	OLLAT	50 MG COMPRESSE RIVESTITE CON FILM- 56 COMPRESSE IN BLISTER PVC/PVDC/AL	LACOSAMIDE	LACOSAMIDE	50	milligrammi	Compressa rivestita con film	N03AX18	SO.SE.PHARM S.R.L. SOCIETA' DI SERVIZIO PER L'INDUSTRIA FARMACEUTICA ED AFFINI	Autorizzata	Procedura Mutuo riconoscimento o Decentrata	Medicinali soggetti a prescrizione medica
045519030	045519	OLLAT	50 MG COMPRESSE RIVESTITE CON FILM- 84 COMPRESSE IN BLISTER PVC/PVDC/AL	LACOSAMIDE	LACOSAMIDE	50	milligrammi	Compressa rivestita con film	N03AX18	SO.SE.PHARM S.R.L. SOCIETA' DI SERVIZIO PER L'INDUSTRIA FARMACEUTICA ED AFFINI	Autorizzata	Procedura Mutuo riconoscimento o Decentrata	Medicinali soggetti a prescrizione medica
045519042	045519	OLLAT	100 MG COMPRESSE RIVESTITE CON FILM- 14 COMPRESSE IN BLISTER PVC/PVDC/AL	LACOSAMIDE	LACOSAMIDE	100	milligrammi	Compressa rivestita con film	N03AX18	SO.SE.PHARM S.R.L. SOCIETA' DI SERVIZIO PER L'INDUSTRIA FARMACEUTICA ED AFFINI	Autorizzata	Procedura Mutuo riconoscimento o Decentrata	Medicinali soggetti a prescrizione medica
045519055	045519	OLLAT	100 MG COMPRESSE RIVESTITE CON FILM- 56 COMPRESSE IN BLISTER PVC/PVDC/AL	LACOSAMIDE	LACOSAMIDE	100	milligrammi	Compressa rivestita con film	N03AX18	SO.SE.PHARM S.R.L. SOCIETA' DI SERVIZIO PER L'INDUSTRIA FARMACEUTICA ED AFFINI	Autorizzata	Procedura Mutuo riconoscimento o Decentrata	Medicinali soggetti a prescrizione medica
045519067	045519	OLLAT	100 MG COMPRESSE RIVESTITE CON FILM- 84 COMPRESSE IN BLISTER PVC/PVDC/AL	LACOSAMIDE	LACOSAMIDE	100	milligrammi	Compressa rivestita con film	N03AX18	SO.SE.PHARM S.R.L. SOCIETA' DI SERVIZIO PER L'INDUSTRIA FARMACEUTICA ED AFFINI	Autorizzata	Procedura Mutuo riconoscimento o Decentrata	Medicinali soggetti a prescrizione medica
045519079	045519	OLLAT	150 MG COMPRESSE RIVESTITE CON FILM- 14 COMPRESSE IN BLISTER PVC/PVDC/AL	LACOSAMIDE	LACOSAMIDE	150	milligrammi	Compressa rivestita con film	N03AX18	SO.SE.PHARM S.R.L. SOCIETA' DI SERVIZIO PER L'INDUSTRIA FARMACEUTICA ED AFFINI	Autorizzata	Procedura Mutuo riconoscimento o Decentrata	Medicinali soggetti a prescrizione medica
045519081	045519	OLLAT	150 MG COMPRESSE RIVESTITE CON FILM- 56 COMPRESSE IN BLISTER PVC/PVDC/AL	LACOSAMIDE	LACOSAMIDE	150	milligrammi	Compressa rivestita con film	N03AX18	SO.SE.PHARM S.R.L. SOCIETA' DI SERVIZIO PER L'INDUSTRIA FARMACEUTICA ED AFFINI	Autorizzata	Procedura Mutuo riconoscimento o Decentrata	Medicinali soggetti a prescrizione medica
045519093	045519	OLLAT	150 MG COMPRESSE RIVESTITE CON FILM- 84 COMPRESSE IN BLISTER PVC/PVDC/AL	LACOSAMIDE	LACOSAMIDE	150	milligrammi	Compressa rivestita con film	N03AX18	SO.SE.PHARM S.R.L. SOCIETA' DI SERVIZIO PER L'INDUSTRIA FARMACEUTICA ED AFFINI	Autorizzata	Procedura Mutuo riconoscimento o Decentrata	Medicinali soggetti a prescrizione medica
045519105	045519	OLLAT	200 MG COMPRESSE RIVESTITE CON FILM- 14 COMPRESSE IN BLISTER PVC/PVDC/AL	LACOSAMIDE	LACOSAMIDE	200	milligrammi	Compressa rivestita con film	N03AX18	SO.SE.PHARM S.R.L. SOCIETA' DI SERVIZIO PER L'INDUSTRIA FARMACEUTICA ED AFFINI	Autorizzata	Procedura Mutuo riconoscimento o Decentrata	Medicinali soggetti a prescrizione medica
045519117	045519	OLLAT	200 MG COMPRESSE RIVESTITE CON FILM- 56 COMPRESSE IN BLISTER PVC/PVDC/AL	LACOSAMIDE	LACOSAMIDE	200	milligrammi	Compressa rivestita con film	N03AX18	SO.SE.PHARM S.R.L. SOCIETA' DI SERVIZIO PER L'INDUSTRIA FARMACEUTICA ED AFFINI	Autorizzata	Procedura Mutuo riconoscimento o Decentrata	Medicinali soggetti a prescrizione medica
045519129	045519	OLLAT	200 MG COMPRESSE RIVESTITE CON FILM- 84 COMPRESSE IN BLISTER PVC/PVDC/AL	LACOSAMIDE	LACOSAMIDE	200	milligrammi	Compressa rivestita con film	N03AX18	SO.SE.PHARM S.R.L. SOCIETA' DI SERVIZIO PER L'INDUSTRIA FARMACEUTICA ED AFFINI	Autorizzata	Procedura Mutuo riconoscimento o Decentrata	Medicinali soggetti a prescrizione medica
045536012	045536	LACOSAMIDE EG	50 MG COMPRESSE RIVESTITE CON FILM- 14 COMPRESSE IN BLISTER PVC/PVDC/AL	LACOSAMIDE	LACOSAMIDE	50	milligrammi	Compressa rivestita con film	N03AX18	EG S.P.A.	Autorizzata	Procedura Mutuo riconoscimento o Decentrata	Medicinali soggetti a prescrizione medica
045536024	045536	LACOSAMIDE EG	50 MG COMPRESSE RIVESTITE CON FILM- 56 COMPRESSE IN BLISTER PVC/PVDC/AL	LACOSAMIDE	LACOSAMIDE	50	milligrammi	Compressa rivestita con film	N03AX18	EG S.P.A.	Autorizzata	Procedura Mutuo riconoscimento o Decentrata	Medicinali soggetti a prescrizione medica
045536036	045536	LACOSAMIDE EG	50 MG COMPRESSE RIVESTITE CON FILM- 168 COMPRESSE IN BLISTER PVC/PVDC/AL	LACOSAMIDE	LACOSAMIDE	50	milligrammi	Compressa rivestita con film	N03AX18	EG S.P.A.	Autorizzata	Procedura Mutuo riconoscimento o Decentrata	Medicinali soggetti a prescrizione medica
045536048	045536	LACOSAMIDE EG	100 MG COMPRESSE RIVESTITE CON FILM- 14 COMPRESSE IN BLISTER PVC/PVDC/AL	LACOSAMIDE	LACOSAMIDE	100	milligrammi	Compressa rivestita con film	N03AX18	EG S.P.A.	Autorizzata	Procedura Mutuo riconoscimento o Decentrata	Medicinali soggetti a prescrizione medica
045536051	045536	LACOSAMIDE EG	100 MG COMPRESSE RIVESTITE CON FILM- 56 COMPRESSE IN BLISTER PVC/PVDC/AL	LACOSAMIDE	LACOSAMIDE	100	milligrammi	Compressa rivestita con film	N03AX18	EG S.P.A.	Autorizzata	Procedura Mutuo riconoscimento o Decentrata	Medicinali soggetti a prescrizione medica
045536063	045536	LACOSAMIDE EG	100 MG COMPRESSE RIVESTITE CON FILM- 168 COMPRESSE IN BLISTER PVC/PVDC/AL	LACOSAMIDE	LACOSAMIDE	100	milligrammi	Compressa rivestita con film	N03AX18	EG S.P.A.	Autorizzata	Procedura Mutuo riconoscimento o Decentrata	Medicinali soggetti a prescrizione medica
045536075	045536	LACOSAMIDE EG	150 MG COMPRESSE RIVESTITE CON FILM- 14 COMPRESSE IN BLISTER PVC/PVDC/AL	LACOSAMIDE	LACOSAMIDE	150	milligrammi	Compressa rivestita con film	N03AX18	EG S.P.A.	Autorizzata	Procedura Mutuo riconoscimento o Decentrata	Medicinali soggetti a prescrizione medica
045536087	045536	LACOSAMIDE EG	150 MG COMPRESSE RIVESTITE CON FILM- 56 COMPRESSE IN BLISTER PVC/PVDC/AL	LACOSAMIDE	LACOSAMIDE	150	milligrammi	Compressa rivestita con film	N03AX18	EG S.P.A.	Autorizzata	Procedura Mutuo riconoscimento o Decentrata	Medicinali soggetti a prescrizione medica
045536099	045536	LACOSAMIDE EG	150 MG COMPRESSE RIVESTITE CON FILM- 168 COMPRESSE IN BLISTER PVC/PVDC/AL	LACOSAMIDE	LACOSAMIDE	150	milligrammi	Compressa rivestita con film	N03AX18	EG S.P.A.	Autorizzata	Procedura Mutuo riconoscimento o Decentrata	Medicinali soggetti a prescrizione medica
045536101	045536	LACOSAMIDE EG	200 MG COMPRESSE RIVESTITE CON FILM- 56 COMPRESSE IN BLISTER PVC/PVDC/AL	LACOSAMIDE	LACOSAMIDE	200	milligrammi	Compressa rivestita con film	N03AX18	EG S.P.A.	Autorizzata	Procedura Mutuo riconoscimento o Decentrata	Medicinali soggetti a prescrizione medica
045536113	045536	LACOSAMIDE EG	200 MG COMPRESSE RIVESTITE CON FILM- 168 COMPRESSE IN BLISTER PVC/PVDC/AL	LACOSAMIDE	LACOSAMIDE	200	milligrammi	Compressa rivestita con film	N03AX18	EG S.P.A.	Autorizzata	Procedura Mutuo riconoscimento o Decentrata	Medicinali soggetti a prescrizione medica
045536125	045536	LACOSAMIDE EG	200 MG COMPRESSE RIVESTITE CON FILM- 14 COMPRESSE IN BLISTER PVC/PVDC/AL	LACOSAMIDE	LACOSAMIDE	200	milligrammi	Compressa rivestita con film	N03AX18	EG S.P.A.	Autorizzata	Procedura Mutuo riconoscimento o Decentrata	Medicinali soggetti a prescrizione medica
045648021	045648	LACOSAMIDE SANDOZ	50 MG COMPRESSE RIVESTITE CON FILM- 14 COMPRESSE IN BLISTER PVC/PVDC-AL	LACOSAMIDE	LACOSAMIDE			Compressa rivestita con film	N03AX18	SANDOZ S.P.A.	Autorizzata	Procedura Mutuo riconoscimento o Decentrata	Medicinali soggetti a prescrizione medica
045648045	045648	LACOSAMIDE SANDOZ	50 MG COMPRESSE RIVESTITE CON FILM- 56 COMPRESSE IN BLISTER PVC/PVDC-AL	LACOSAMIDE	LACOSAMIDE			Compressa rivestita con film	N03AX18	SANDOZ S.P.A.	Autorizzata	Procedura Mutuo riconoscimento o Decentrata	Medicinali soggetti a prescrizione medica
045648060	045648	LACOSAMIDE SANDOZ	50 MG COMPRESSE RIVESTITE CON FILM- 168 (3X56) COMPRESSE IN BLISTER PVC/PVDC-AL	LACOSAMIDE	LACOSAMIDE			Compressa rivestita con film	N03AX18	SANDOZ S.P.A.	Autorizzata	Procedura Mutuo riconoscimento o Decentrata	Medicinali soggetti a prescrizione medica
045648096	045648	LACOSAMIDE SANDOZ	100 MG COMPRESSE RIVESTITE CON FILM- 14 COMPRESSE IN BLISTER PVC/PVDC-AL	LACOSAMIDE	LACOSAMIDE			Compressa rivestita con film	N03AX18	SANDOZ S.P.A.	Autorizzata	Procedura Mutuo riconoscimento o Decentrata	Medicinali soggetti a prescrizione medica
045648110	045648	LACOSAMIDE SANDOZ	100 MG COMPRESSE RIVESTITE CON FILM- 56 IN BLISTER PVC/PVDC-AL	LACOSAMIDE	LACOSAMIDE			Compressa rivestita con film	N03AX18	SANDOZ S.P.A.	Autorizzata	Procedura Mutuo riconoscimento o Decentrata	Medicinali soggetti a prescrizione medica
045648134	045648	LACOSAMIDE SANDOZ	100 MG COMPRESSE RIVESTITE CON FILM- 168 (3X56) IN BLISTER PVC/PVDC	LACOSAMIDE	LACOSAMIDE			Compressa rivestita con film	N03AX18	SANDOZ S.P.A.	Autorizzata	Procedura Mutuo riconoscimento o Decentrata	Medicinali soggetti a prescrizione medica
045648161	045648	LACOSAMIDE SANDOZ	150 MG COMPRESSE RIVESTITE CON FILM- 14 COMPRESSE IN BLISTER PVC/PVDC-AL	LACOSAMIDE	LACOSAMIDE			Compressa rivestita con film	N03AX18	SANDOZ S.P.A.	Autorizzata	Procedura Mutuo riconoscimento o Decentrata	Medicinali soggetti a prescrizione medica
045648185	045648	LACOSAMIDE SANDOZ	150 MG COMPRESSE RIVESTITE CON FILM- 56 COMPRESSE IN BLISTER PVC/PVDC-AL	LACOSAMIDE	LACOSAMIDE			Compressa rivestita con film	N03AX18	SANDOZ S.P.A.	Autorizzata	Procedura Mutuo riconoscimento o Decentrata	Medicinali soggetti a prescrizione medica
045648209	045648	LACOSAMIDE SANDOZ	150 MG COMPRESSE RIVESTITE CON FILM- 168 (3X56) COMPRESSE IN BLISTER PVC/PVDC-AL	LACOSAMIDE	LACOSAMIDE			Compressa rivestita con film	N03AX18	SANDOZ S.P.A.	Autorizzata	Procedura Mutuo riconoscimento o Decentrata	Medicinali soggetti a prescrizione medica
045648235	045648	LACOSAMIDE SANDOZ	200 MG COMPRESSE RIVESTITE CON FILM- 14 COMPRESSE  IN BLISTER PVC/PVDC-AL	LACOSAMIDE	LACOSAMIDE			Compressa rivestita con film	N03AX18	SANDOZ S.P.A.	Autorizzata	Procedura Mutuo riconoscimento o Decentrata	Medicinali soggetti a prescrizione medica
045648250	045648	LACOSAMIDE SANDOZ	200 MG COMPRESSE RIVESTITE CON FILM- 56 COMPRESSE IN BLISTER PVC/PVDC-AL	LACOSAMIDE	LACOSAMIDE			Compressa rivestita con film	N03AX18	SANDOZ S.P.A.	Autorizzata	Procedura Mutuo riconoscimento o Decentrata	Medicinali soggetti a prescrizione medica
045648274	045648	LACOSAMIDE SANDOZ	200 MG COMPRESSE RIVESTITE CON FILM- 168 (3X56) COMPRESSE IN BLISTER PVC/PVDC-AL	LACOSAMIDE	LACOSAMIDE			Compressa rivestita con film	N03AX18	SANDOZ S.P.A.	Autorizzata	Procedura Mutuo riconoscimento o Decentrata	Medicinali soggetti a prescrizione medica
045668011	045668	LACOSAMIDE DOC	50 MG COMPRESSE RIVESTITE CON FILM- 14 COMPRESSE IN BLISTER PVC/PVDC-AL	LACOSAMIDE	LACOSAMIDE	50	milligrammi	Compressa rivestita con film	N03AX18	DOC GENERICI SRL	Autorizzata	Procedura Mutuo riconoscimento o Decentrata	Medicinali soggetti a prescrizione medica
045668023	045668	LACOSAMIDE DOC	50 MG COMPRESSE RIVESTITE CON FILM- 56 COMPRESSE IN BLISTER PVC/PVDC-AL	LACOSAMIDE	LACOSAMIDE	50	milligrammi	Compressa rivestita con film	N03AX18	DOC GENERICI SRL	Autorizzata	Procedura Mutuo riconoscimento o Decentrata	Medicinali soggetti a prescrizione medica
045668035	045668	LACOSAMIDE DOC	100 MG COMPRESSE RIVESTITE CON FILM- 14 COMPRESSE IN BLISTER PVC/PVDC-AL	LACOSAMIDE	LACOSAMIDE	100	milligrammi	Compressa rivestita con film	N03AX18	DOC GENERICI SRL	Autorizzata	Procedura Mutuo riconoscimento o Decentrata	Medicinali soggetti a prescrizione medica
045668047	045668	LACOSAMIDE DOC	100 MG COMPRESSE RIVESTITE CON FILM- 56 COMPRESSE IN BLISTER PVC/PVDC-AL	LACOSAMIDE	LACOSAMIDE	100	milligrammi	Compressa rivestita con film	N03AX18	DOC GENERICI SRL	Autorizzata	Procedura Mutuo riconoscimento o Decentrata	Medicinali soggetti a prescrizione medica
045668050	045668	LACOSAMIDE DOC	150 MG COMPRESSE RIVESTITE CON FILM- 14 COMPRESSE IN BLISTER PVC/PVDC-AL	LACOSAMIDE	LACOSAMIDE	150	milligrammi	Compressa rivestita con film	N03AX18	DOC GENERICI SRL	Autorizzata	Procedura Mutuo riconoscimento o Decentrata	Medicinali soggetti a prescrizione medica
045668062	045668	LACOSAMIDE DOC	150 MG COMPRESSE RIVESTITE CON FILM- 56 COMPRESSE IN BLISTER PVC/PVDC-AL	LACOSAMIDE	LACOSAMIDE	150	milligrammi	Compressa rivestita con film	N03AX18	DOC GENERICI SRL	Autorizzata	Procedura Mutuo riconoscimento o Decentrata	Medicinali soggetti a prescrizione medica
045668074	045668	LACOSAMIDE DOC	200 MG COMPRESSE RIVESTITE CON FILM- 14 COMPRESSE IN BLISTER PVC/PVDC-AL	LACOSAMIDE	LACOSAMIDE	200	milligrammi	Compressa rivestita con film	N03AX18	DOC GENERICI SRL	Autorizzata	Procedura Mutuo riconoscimento o Decentrata	Medicinali soggetti a prescrizione medica
045668086	045668	LACOSAMIDE DOC	200 MG COMPRESSE RIVESTITE CON FILM- 56 COMPRESSE IN BLISTER PVC/PVDC-AL	LACOSAMIDE	LACOSAMIDE	200	milligrammi	Compressa rivestita con film	N03AX18	DOC GENERICI SRL	Autorizzata	Procedura Mutuo riconoscimento o Decentrata	Medicinali soggetti a prescrizione medica
045678012	045678	LACOSAMIDE ACCORD	50 MG - COMPRESSA RIVESTITA CON FILM - USO ORALE - BLISTER (PVC/PVDC/ALU) - 14 COMPRESSE	LACOSAMIDE	LACOSAMIDE	50	milligrammi	Compressa rivestita con film	N03AX18	ACCORD HEALTHCARE, S.L.U.	Autorizzata	Procedura Centralizzata	Medicinali soggetti a prescrizione medica
045678024	045678	LACOSAMIDE ACCORD	50 MG - COMPRESSA RIVESTITA CON FILM - USO ORALE - BLISTER (PVC/PVCDC/ALU) - 56 COMPRESSE	LACOSAMIDE	LACOSAMIDE	50	milligrammi	Compressa rivestita con film	N03AX18	ACCORD HEALTHCARE, S.L.U.	Autorizzata	Procedura Centralizzata	Medicinali soggetti a prescrizione medica
045678036	045678	LACOSAMIDE ACCORD	50 MG - COMPRESSA RIVESTITA CON FILM - USO ORALE - BLISTER (PVC/PVCDC/ALU) - 60 COMPRESSE	LACOSAMIDE	LACOSAMIDE	50	milligrammi	Compressa rivestita con film	N03AX18	ACCORD HEALTHCARE, S.L.U.	Autorizzata	Procedura Centralizzata	Medicinali soggetti a prescrizione medica
045678048	045678	LACOSAMIDE ACCORD	50 MG - COMPRESSA RIVESTITA CON FILM - USO ORALE - BLISTER (PVC/PVCDC/ALU) - 168 COMPRESSE	LACOSAMIDE	LACOSAMIDE	50	milligrammi	Compressa rivestita con film	N03AX18	ACCORD HEALTHCARE, S.L.U.	Autorizzata	Procedura Centralizzata	Medicinali soggetti a prescrizione medica
045678051	045678	LACOSAMIDE ACCORD	100 MG - COMPRESSA RIVESTITA CON FILM - USO ORALE - BLISTER (PVC/PVCDC/ALU) - 14 COMPRESSE	LACOSAMIDE	LACOSAMIDE			Compressa rivestita con film	N03AX18	ACCORD HEALTHCARE, S.L.U.	Autorizzata	Procedura Centralizzata	Medicinali soggetti a prescrizione medica
045678063	045678	LACOSAMIDE ACCORD	100 MG - COMPRESSA RIVESTITA CON FILM - USO ORALE - BLISTER (PVC/PVCDC/ALU) - 56 COMPRESSE	LACOSAMIDE	LACOSAMIDE			Compressa rivestita con film	N03AX18	ACCORD HEALTHCARE, S.L.U.	Autorizzata	Procedura Centralizzata	Medicinali soggetti a prescrizione medica
045678075	045678	LACOSAMIDE ACCORD	100 MG - COMPRESSA RIVESTITA CON FILM - USO ORALE - BLISTER (PVC/PVCDC/ALU) - 60 COMPRESSE	LACOSAMIDE	LACOSAMIDE			Compressa rivestita con film	N03AX18	ACCORD HEALTHCARE, S.L.U.	Autorizzata	Procedura Centralizzata	Medicinali soggetti a prescrizione medica
045678087	045678	LACOSAMIDE ACCORD	100 MG - COMPRESSA RIVESTITA CON FILM - USO ORALE - BLISTER (PVC/PVCDC/ALU) - 168 COMPRESSE	LACOSAMIDE	LACOSAMIDE			Compressa rivestita con film	N03AX18	ACCORD HEALTHCARE, S.L.U.	Autorizzata	Procedura Centralizzata	Medicinali soggetti a prescrizione medica
045678099	045678	LACOSAMIDE ACCORD	150 MG - COMPRESSA RIVESTITA CON FILM - USO ORALE - BLISTER (PVC/PVCDC/ALU) - 14 COMPRESSE	LACOSAMIDE	LACOSAMIDE	150	milligrammi	Compressa rivestita con film	N03AX18	ACCORD HEALTHCARE, S.L.U.	Autorizzata	Procedura Centralizzata	Medicinali soggetti a prescrizione medica
045678101	045678	LACOSAMIDE ACCORD	150 MG - COMPRESSA RIVESTITA CON FILM - USO ORALE - BLISTER (PVC/PVCDC/ALU) - 56 COMPRESSE	LACOSAMIDE	LACOSAMIDE	150	milligrammi	Compressa rivestita con film	N03AX18	ACCORD HEALTHCARE, S.L.U.	Autorizzata	Procedura Centralizzata	Medicinali soggetti a prescrizione medica
045678113	045678	LACOSAMIDE ACCORD	150 MG - COMPRESSA RIVESTITA CON FILM - USO ORALE - BLISTER (PVC/PVCDC/ALU) - 60 COMPRESSE	LACOSAMIDE	LACOSAMIDE	150	milligrammi	Compressa rivestita con film	N03AX18	ACCORD HEALTHCARE, S.L.U.	Autorizzata	Procedura Centralizzata	Medicinali soggetti a prescrizione medica
045678125	045678	LACOSAMIDE ACCORD	150 MG - COMPRESSA RIVESTITA CON FILM - USO ORALE - BLISTER (PVC/PVCDC/ALU) - 168 COMPRESSE	LACOSAMIDE	LACOSAMIDE	150	milligrammi	Compressa rivestita con film	N03AX18	ACCORD HEALTHCARE, S.L.U.	Autorizzata	Procedura Centralizzata	Medicinali soggetti a prescrizione medica
045678137	045678	LACOSAMIDE ACCORD	200 MG - COMPRESSA RIVESTITA CON FILM - USO ORALE - BLISTER (PVC/PVCDC/ALU) - 14 COMPRESSE	LACOSAMIDE	LACOSAMIDE	50	milligrammi	Compressa rivestita con film	N03AX18	ACCORD HEALTHCARE, S.L.U.	Autorizzata	Procedura Centralizzata	Medicinali soggetti a prescrizione medica
045678149	045678	LACOSAMIDE ACCORD	200 MG - COMPRESSA RIVESTITA CON FILM - USO ORALE - BLISTER (PVC/PVCDC/ALU) - 56 COMPRESSE	LACOSAMIDE	LACOSAMIDE	50	milligrammi	Compressa rivestita con film	N03AX18	ACCORD HEALTHCARE, S.L.U.	Autorizzata	Procedura Centralizzata	Medicinali soggetti a prescrizione medica
045678152	045678	LACOSAMIDE ACCORD	200 MG - COMPRESSA RIVESTITA CON FILM - USO ORALE - BLISTER (PVC/PVCDC/ALU) - 60 COMPRESSE	LACOSAMIDE	LACOSAMIDE	50	milligrammi	Compressa rivestita con film	N03AX18	ACCORD HEALTHCARE, S.L.U.	Autorizzata	Procedura Centralizzata	Medicinali soggetti a prescrizione medica
045678164	045678	LACOSAMIDE ACCORD	200 MG - COMPRESSA RIVESTITA CON FILM - USO ORALE - BLISTER (PVC/PVCDC/ALU) - 168 COMPRESSE	LACOSAMIDE	LACOSAMIDE	50	milligrammi	Compressa rivestita con film	N03AX18	ACCORD HEALTHCARE, S.L.U.	Autorizzata	Procedura Centralizzata	Medicinali soggetti a prescrizione medica
045678176	045678	LACOSAMIDE ACCORD	50 MG - COMPRESSA RIVESTITA CON FILM - USO ORALE - BLISTER (PVC/PVCDC/ALU) - 14 X 1 COMPRESSE (DOSE UNITARIA)	LACOSAMIDE	LACOSAMIDE	50	milligrammi	Compressa rivestita con film	N03AX18	ACCORD HEALTHCARE, S.L.U.	Autorizzata	Procedura Centralizzata	Medicinali soggetti a prescrizione medica
045678188	045678	LACOSAMIDE ACCORD	50 MG - COMPRESSA RIVESTITA CON FILM - USO ORALE - BLISTER (PVC/PVCDC/ALU) - 56 X 1 COMPRESSE (DOSE UNITARIA)	LACOSAMIDE	LACOSAMIDE	50	milligrammi	Compressa rivestita con film	N03AX18	ACCORD HEALTHCARE, S.L.U.	Autorizzata	Procedura Centralizzata	Medicinali soggetti a prescrizione medica
045678190	045678	LACOSAMIDE ACCORD	100 MG - COMPRESSA RIVESTITA CON FILM - USO ORALE - BLISTER (PVC/PVCDC/ALU) - 14 X 1 COMPRESSE (DOSE UNITARIA)	LACOSAMIDE	LACOSAMIDE			Compressa rivestita con film	N03AX18	ACCORD HEALTHCARE, S.L.U.	Autorizzata	Procedura Centralizzata	Medicinali soggetti a prescrizione medica
045678202	045678	LACOSAMIDE ACCORD	100 MG - COMPRESSA RIVESTITA CON FILM - USO ORALE - BLISTER (PVC/PVCDC/ALU) - 56 X 1 COMPRESSE (DOSE UNITARIA)	LACOSAMIDE	LACOSAMIDE			Compressa rivestita con film	N03AX18	ACCORD HEALTHCARE, S.L.U.	Autorizzata	Procedura Centralizzata	Medicinali soggetti a prescrizione medica
045678214	045678	LACOSAMIDE ACCORD	150 MG - COMPRESSA RIVESTITA CON FILM - USO ORALE - BLISTER (PVC/PVCDC/ALU) - 14 X 1 COMPRESSE (DOSE UNITARIA)	LACOSAMIDE	LACOSAMIDE	150	milligrammi	Compressa rivestita con film	N03AX18	ACCORD HEALTHCARE, S.L.U.	Autorizzata	Procedura Centralizzata	Medicinali soggetti a prescrizione medica
045678226	045678	LACOSAMIDE ACCORD	150 MG - COMPRESSA RIVESTITA CON FILM - USO ORALE - BLISTER (PVC/PVCDC/ALU) - 56 X 1 COMPRESSE (DOSE UNITARIA)	LACOSAMIDE	LACOSAMIDE	150	milligrammi	Compressa rivestita con film	N03AX18	ACCORD HEALTHCARE, S.L.U.	Autorizzata	Procedura Centralizzata	Medicinali soggetti a prescrizione medica
045678238	045678	LACOSAMIDE ACCORD	200 MG - COMPRESSA RIVESTITA CON FILM - USO ORALE - BLISTER (PVC/PVCDC/ALU) - 14 X 1 COMPRESSE (DOSE UNITARIA)	LACOSAMIDE	LACOSAMIDE	50	milligrammi	Compressa rivestita con film	N03AX18	ACCORD HEALTHCARE, S.L.U.	Autorizzata	Procedura Centralizzata	Medicinali soggetti a prescrizione medica
045678240	045678	LACOSAMIDE ACCORD	200 MG - COMPRESSA RIVESTITA CON FILM - USO ORALE - BLISTER (PVC/PVCDC/ALU) - 56 X 1 COMPRESSE (DOSE UNITARIA)	LACOSAMIDE	LACOSAMIDE	50	milligrammi	Compressa rivestita con film	N03AX18	ACCORD HEALTHCARE, S.L.U.	Autorizzata	Procedura Centralizzata	Medicinali soggetti a prescrizione medica
045678253	045678	LACOSAMIDE ACCORD	50/100/150/200 MG - COMPRESSA RIVESTITA CON FILM - USO ORALE - BLISTER (PVC/PVCDC/ALU) - CONFEZIONE DI INIZIO TRATTAMENTO: 14 COMPRESSE + 14 COMPRESSE + 14 COMPRESSE + 14 COMRESSE	LACOSAMIDE	LACOSAMIDE	50	milligrammi	Compressa rivestita con film	N03AX18	ACCORD HEALTHCARE, S.L.U.	Autorizzata	Procedura Centralizzata	Medicinali soggetti a prescrizione medica
045678265	045678	LACOSAMIDE ACCORD	10 mg / ml - Soluzione per infusione - Uso endovenoso - Flaconcino (vetro) 20 ml - 1 flaconcino	LACOSAMIDE	LACOSAMIDE	10	milligram(s)/millilitre	Soluzione per infusione	N03AX18	ACCORD HEALTHCARE, S.L.U.	Autorizzata	Procedura Centralizzata	Medicinali soggetti a prescrizione medica
045678277	045678	LACOSAMIDE ACCORD	10 mg / ml - Soluzione per infusione - Uso endovenoso - Flaconcino (vetro) 20 ml - 5 flaconcini	LACOSAMIDE	LACOSAMIDE	10	milligram(s)/millilitre	Soluzione per infusione	N03AX18	ACCORD HEALTHCARE, S.L.U.	Autorizzata	Procedura Centralizzata	Medicinali soggetti a prescrizione medica
045683012	045683	LACOSAMIDE TEVA	50 MG COMPRESSE RIVESTITE CON FILM- 14 COMPRESSE IN BLISTER PVC/PVDC-AL	LACOSAMIDE	LACOSAMIDE	150	milligrammi	Compressa rivestita con film	N03AX18	TEVA B.V.	Autorizzata	Procedura Mutuo riconoscimento o Decentrata	Medicinali soggetti a prescrizione medica
045683024	045683	LACOSAMIDE TEVA	50 MG COMPRESSE RIVESTITE CON FILM- 14X1COMPRESSE IN BLISTER DIVISIBILE PER DOSE UNITARIA PVC/PVDC-AL	LACOSAMIDE	LACOSAMIDE	50	milligrammi	Compressa rivestita con film	N03AX18	TEVA B.V.	Autorizzata	Procedura Mutuo riconoscimento o Decentrata	Medicinali soggetti a prescrizione medica
045683036	045683	LACOSAMIDE TEVA	50 MG COMPRESSE RIVESTITE CON FILM- 56 COMPRESSE IN BLISTER PVC/PVDC-AL	LACOSAMIDE	LACOSAMIDE	50	milligrammi	Compressa rivestita con film	N03AX18	TEVA B.V.	Autorizzata	Procedura Mutuo riconoscimento o Decentrata	Medicinali soggetti a prescrizione medica
045683048	045683	LACOSAMIDE TEVA	50 MG COMPRESSE RIVESTITE CON FILM- 56X1 COMPRESSE IN BLISTER DIVISIBILE PER DOSE UNITARIA PVC/PVDC-AL	LACOSAMIDE	LACOSAMIDE	50	milligrammi	Compressa rivestita con film	N03AX18	TEVA B.V.	Autorizzata	Procedura Mutuo riconoscimento o Decentrata	Medicinali soggetti a prescrizione medica
045683051	045683	LACOSAMIDE TEVA	50 MG COMPRESSE RIVESTITE CON FILM- 60X1 COMPRESSE IN BLISTER DIVISIBILE PER DOSE UNITARIA PVC/PVDC-AL	LACOSAMIDE	LACOSAMIDE	50	milligrammi	Compressa rivestita con film	N03AX18	TEVA B.V.	Autorizzata	Procedura Mutuo riconoscimento o Decentrata	Medicinali soggetti a prescrizione medica
045683063	045683	LACOSAMIDE TEVA	50 MG COMPRESSE RIVESTITE CON FILM- 98 COMPRESSE IN BLISTER PVC/PVDC-AL	LACOSAMIDE	LACOSAMIDE	50	milligrammi	Compressa rivestita con film	N03AX18	TEVA B.V.	Autorizzata	Procedura Mutuo riconoscimento o Decentrata	Medicinali soggetti a prescrizione medica
045683075	045683	LACOSAMIDE TEVA	50 MG COMPRESSE RIVESTITE CON FILM- 112 COMPRESSE IN BLISTER PVC/PVDC-AL	LACOSAMIDE	LACOSAMIDE	50	milligrammi	Compressa rivestita con film	N03AX18	TEVA B.V.	Autorizzata	Procedura Mutuo riconoscimento o Decentrata	Medicinali soggetti a prescrizione medica
045683087	045683	LACOSAMIDE TEVA	50 MG COMPRESSE RIVESTITE CON FILM- 168 COMPRESSE IN BLISTER PVC/PVDC-AL	LACOSAMIDE	LACOSAMIDE	50	milligrammi	Compressa rivestita con film	N03AX18	TEVA B.V.	Autorizzata	Procedura Mutuo riconoscimento o Decentrata	Medicinali soggetti a prescrizione medica
045683099	045683	LACOSAMIDE TEVA	50 MG COMPRESSE RIVESTITE CON FILM- 200 COMPRESSE IN BLISTER PVC/PVDC-AL	LACOSAMIDE	LACOSAMIDE	50	milligrammi	Compressa rivestita con film	N03AX18	TEVA B.V.	Autorizzata	Procedura Mutuo riconoscimento o Decentrata	Medicinali soggetti a prescrizione medica
045683101	045683	LACOSAMIDE TEVA	50 MG COMPRESSE RIVESTITE CON FILM- 210 COMPRESSE IN BLISTER PVC/PVDC-AL	LACOSAMIDE	LACOSAMIDE	50	milligrammi	Compressa rivestita con film	N03AX18	TEVA B.V.	Autorizzata	Procedura Mutuo riconoscimento o Decentrata	Medicinali soggetti a prescrizione medica
045683113	045683	LACOSAMIDE TEVA	50 MG COMPRESSE RIVESTITE CON FILM- 14 COMPRESSE IN BLISTER OPA/AL/PVC-AL	LACOSAMIDE	LACOSAMIDE	50	milligrammi	Compressa rivestita con film	N03AX18	TEVA B.V.	Autorizzata	Procedura Mutuo riconoscimento o Decentrata	Medicinali soggetti a prescrizione medica
045683125	045683	LACOSAMIDE TEVA	50 MG COMPRESSE RIVESTITE CON FILM- 14X1 COMPRESSE IN BLISTER DIVISIBILE PER DOSE UNITARIA OPA/AL/PVC-AL	LACOSAMIDE	LACOSAMIDE	50	milligrammi	Compressa rivestita con film	N03AX18	TEVA B.V.	Autorizzata	Procedura Mutuo riconoscimento o Decentrata	Medicinali soggetti a prescrizione medica
045683137	045683	LACOSAMIDE TEVA	50 MG COMPRESSE RIVESTITE CON FILM- 56 COMPRESSE IN BLISTER OPA/AL/PVC-AL	LACOSAMIDE	LACOSAMIDE	50	milligrammi	Compressa rivestita con film	N03AX18	TEVA B.V.	Autorizzata	Procedura Mutuo riconoscimento o Decentrata	Medicinali soggetti a prescrizione medica
045683149	045683	LACOSAMIDE TEVA	50 MG COMPRESSE RIVESTITE CON FILM- 56X1 COMPRESSE IN BLISTER DIVISIBILE PER DOSE UNITARIA OPA/AL/PVC-AL	LACOSAMIDE	LACOSAMIDE	50	milligrammi	Compressa rivestita con film	N03AX18	TEVA B.V.	Autorizzata	Procedura Mutuo riconoscimento o Decentrata	Medicinali soggetti a prescrizione medica
045683152	045683	LACOSAMIDE TEVA	50 MG COMPRESSE RIVESTITE CON FILM- 60X1 COMPRESSE IN BLISTER DIVISIBILE PER DOSE UNITARIA OPA/AL/PVC-AL	LACOSAMIDE	LACOSAMIDE	50	milligrammi	Compressa rivestita con film	N03AX18	TEVA B.V.	Autorizzata	Procedura Mutuo riconoscimento o Decentrata	Medicinali soggetti a prescrizione medica
045683164	045683	LACOSAMIDE TEVA	50 MG COMPRESSE RIVESTITE CON FILM- 98 COMPRESSE IN BLISTER OPA/AL/PVC-AL	LACOSAMIDE	LACOSAMIDE	50	milligrammi	Compressa rivestita con film	N03AX18	TEVA B.V.	Autorizzata	Procedura Mutuo riconoscimento o Decentrata	Medicinali soggetti a prescrizione medica
045683176	045683	LACOSAMIDE TEVA	50 MG COMPRESSE RIVESTITE CON FILM- 112 COMPRESSE IN BLISTER OPA/AL/PVC-AL	LACOSAMIDE	LACOSAMIDE	50	milligrammi	Compressa rivestita con film	N03AX18	TEVA B.V.	Autorizzata	Procedura Mutuo riconoscimento o Decentrata	Medicinali soggetti a prescrizione medica
045683188	045683	LACOSAMIDE TEVA	50 MG COMPRESSE RIVESTITE CON FILM- 168 COMPRESSE IN BLISTER OPA/AL/PVC-AL	LACOSAMIDE	LACOSAMIDE	50	milligrammi	Compressa rivestita con film	N03AX18	TEVA B.V.	Autorizzata	Procedura Mutuo riconoscimento o Decentrata	Medicinali soggetti a prescrizione medica
045683190	045683	LACOSAMIDE TEVA	50 MG COMPRESSE RIVESTITE CON FILM- 200 COMPRESSE IN BLISTER OPA/AL/PVC-AL	LACOSAMIDE	LACOSAMIDE	50	milligrammi	Compressa rivestita con film	N03AX18	TEVA B.V.	Autorizzata	Procedura Mutuo riconoscimento o Decentrata	Medicinali soggetti a prescrizione medica
045683202	045683	LACOSAMIDE TEVA	50 MG COMPRESSE RIVESTITE CON FILM- 210 COMPRESSE IN BLISTER OPA/AL/PVC-AL	LACOSAMIDE	LACOSAMIDE	50	milligrammi	Compressa rivestita con film	N03AX18	TEVA B.V.	Autorizzata	Procedura Mutuo riconoscimento o Decentrata	Medicinali soggetti a prescrizione medica
045683214	045683	LACOSAMIDE TEVA	50 MG COMPRESSE RIVESTITE CON FILM- 60 COMPRESSE IN FLACONE HDPE	LACOSAMIDE	LACOSAMIDE	50	milligrammi	Compressa rivestita con film	N03AX18	TEVA B.V.	Autorizzata	Procedura Mutuo riconoscimento o Decentrata	Medicinali soggetti a prescrizione medica
045683226	045683	LACOSAMIDE TEVA	50 MG COMPRESSE RIVESTITE CON FILM- 100 COMPRESSE IN FLACONE HDPE	LACOSAMIDE	LACOSAMIDE	50	milligrammi	Compressa rivestita con film	N03AX18	TEVA B.V.	Autorizzata	Procedura Mutuo riconoscimento o Decentrata	Medicinali soggetti a prescrizione medica
045683238	045683	LACOSAMIDE TEVA	50 MG COMPRESSE RIVESTITE CON FILM- 200 COMPRESSE IN FLACONE HDPE	LACOSAMIDE	LACOSAMIDE	50	milligrammi	Compressa rivestita con film	N03AX18	TEVA B.V.	Autorizzata	Procedura Mutuo riconoscimento o Decentrata	Medicinali soggetti a prescrizione medica
045683240	045683	LACOSAMIDE TEVA	100 MG COMPRESSE RIVESTITE CON FILM- 14 COMPRESSE IN BLISTER PVC/PVDC-AL	LACOSAMIDE	LACOSAMIDE	100	milligrammi	Compressa rivestita con film	N03AX18	TEVA B.V.	Autorizzata	Procedura Mutuo riconoscimento o Decentrata	Medicinali soggetti a prescrizione medica
045683253	045683	LACOSAMIDE TEVA	100 MG COMPRESSE RIVESTITE CON FILM- 14X1 COMPRESSE IN BLISTER DIVISIBILE PER DOSE UNITARIA PVC/PVDC-AL	LACOSAMIDE	LACOSAMIDE	100	milligrammi	Compressa rivestita con film	N03AX18	TEVA B.V.	Autorizzata	Procedura Mutuo riconoscimento o Decentrata	Medicinali soggetti a prescrizione medica
045683265	045683	LACOSAMIDE TEVA	100 MG COMPRESSE RIVESTITE CON FILM- 56 COMPRESSE IN BLISTER PVC/PVDC-AL	LACOSAMIDE	LACOSAMIDE	100	milligrammi	Compressa rivestita con film	N03AX18	TEVA B.V.	Autorizzata	Procedura Mutuo riconoscimento o Decentrata	Medicinali soggetti a prescrizione medica
045683277	045683	LACOSAMIDE TEVA	100 MG COMPRESSE RIVESTITE CON FILM- 56X1 COMPRESSE IN BLISTER DIVISIBILE PER DOSE UNITARIA PVC/PVDC-AL	LACOSAMIDE	LACOSAMIDE	100	milligrammi	Compressa rivestita con film	N03AX18	TEVA B.V.	Autorizzata	Procedura Mutuo riconoscimento o Decentrata	Medicinali soggetti a prescrizione medica
045683289	045683	LACOSAMIDE TEVA	100 MG COMPRESSE RIVESTITE CON FILM- 60X1 COMPRESSE IN BLISTER DIVISIBILE PER DOSE UNITARIA PVC/PVDC-AL	LACOSAMIDE	LACOSAMIDE	100	milligrammi	Compressa rivestita con film	N03AX18	TEVA B.V.	Autorizzata	Procedura Mutuo riconoscimento o Decentrata	Medicinali soggetti a prescrizione medica
045683291	045683	LACOSAMIDE TEVA	100 MG COMPRESSE RIVESTITE CON FILM- 98 COMPRESSE IN BLISTER PVC/PVDC-AL	LACOSAMIDE	LACOSAMIDE	100	milligrammi	Compressa rivestita con film	N03AX18	TEVA B.V.	Autorizzata	Procedura Mutuo riconoscimento o Decentrata	Medicinali soggetti a prescrizione medica
045683303	045683	LACOSAMIDE TEVA	100 MG COMPRESSE RIVESTITE CON FILM- 112 COMPRESSE IN BLISTER PVC/PVDC-AL	LACOSAMIDE	LACOSAMIDE	100	milligrammi	Compressa rivestita con film	N03AX18	TEVA B.V.	Autorizzata	Procedura Mutuo riconoscimento o Decentrata	Medicinali soggetti a prescrizione medica
045683315	045683	LACOSAMIDE TEVA	100 MG COMPRESSE RIVESTITE CON FILM- 168 COMPRESSE IN BLISTER PVC/PVDC-AL	LACOSAMIDE	LACOSAMIDE	100	milligrammi	Compressa rivestita con film	N03AX18	TEVA B.V.	Autorizzata	Procedura Mutuo riconoscimento o Decentrata	Medicinali soggetti a prescrizione medica
045683327	045683	LACOSAMIDE TEVA	100 MG COMPRESSE RIVESTITE CON FILM- 200 COMPRESSE IN BLISTER PVC/PVDC-AL	LACOSAMIDE	LACOSAMIDE	100	milligrammi	Compressa rivestita con film	N03AX18	TEVA B.V.	Autorizzata	Procedura Mutuo riconoscimento o Decentrata	Medicinali soggetti a prescrizione medica
045683339	045683	LACOSAMIDE TEVA	100 MG COMPRESSE RIVESTITE CON FILM- 210 COMPRESSE IN BLISTER PVC/PVDC-AL	LACOSAMIDE	LACOSAMIDE	100	milligrammi	Compressa rivestita con film	N03AX18	TEVA B.V.	Autorizzata	Procedura Mutuo riconoscimento o Decentrata	Medicinali soggetti a prescrizione medica
045683341	045683	LACOSAMIDE TEVA	100 MG COMPRESSE RIVESTITE CON FILM- 14 COMPRESSE IN BLISTER OPA/AL/PC-AL	LACOSAMIDE	LACOSAMIDE	100	milligrammi	Compressa rivestita con film	N03AX18	TEVA B.V.	Autorizzata	Procedura Mutuo riconoscimento o Decentrata	Medicinali soggetti a prescrizione medica
045683354	045683	LACOSAMIDE TEVA	100 MG COMPRESSE RIVESTITE CON FILM- 14X1 COMPRESSE IN BLISTER DIVISIBILE PER DOSE UNITARIA OPA/AL/PC-AL	LACOSAMIDE	LACOSAMIDE	100	milligrammi	Compressa rivestita con film	N03AX18	TEVA B.V.	Autorizzata	Procedura Mutuo riconoscimento o Decentrata	Medicinali soggetti a prescrizione medica
045683366	045683	LACOSAMIDE TEVA	100 MG COMPRESSE RIVESTITE CON FILM- 56 COMPRESSE IN BLISTER OPA/AL/PC-AL	LACOSAMIDE	LACOSAMIDE	100	milligrammi	Compressa rivestita con film	N03AX18	TEVA B.V.	Autorizzata	Procedura Mutuo riconoscimento o Decentrata	Medicinali soggetti a prescrizione medica
045683378	045683	LACOSAMIDE TEVA	100 MG COMPRESSE RIVESTITE CON FILM- 56X1 COMPRESSE IN BLISTER DIVISIBILE PER DOSE UNITARIA OPA/AL/PC-AL	LACOSAMIDE	LACOSAMIDE	100	milligrammi	Compressa rivestita con film	N03AX18	TEVA B.V.	Autorizzata	Procedura Mutuo riconoscimento o Decentrata	Medicinali soggetti a prescrizione medica
045683380	045683	LACOSAMIDE TEVA	100 MG COMPRESSE RIVESTITE CON FILM- 60X1 COMPRESSE IN BLISTER DIVISIBILE PER DOSE UNITARIA OPA/AL/PC-AL	LACOSAMIDE	LACOSAMIDE	100	milligrammi	Compressa rivestita con film	N03AX18	TEVA B.V.	Autorizzata	Procedura Mutuo riconoscimento o Decentrata	Medicinali soggetti a prescrizione medica
045683392	045683	LACOSAMIDE TEVA	100 MG COMPRESSE RIVESTITE CON FILM- 98 COMPRESSE IN BLISTER OPA/AL/PC-AL	LACOSAMIDE	LACOSAMIDE	100	milligrammi	Compressa rivestita con film	N03AX18	TEVA B.V.	Autorizzata	Procedura Mutuo riconoscimento o Decentrata	Medicinali soggetti a prescrizione medica
045683404	045683	LACOSAMIDE TEVA	100 MG COMPRESSE RIVESTITE CON FILM- 112 COMPRESSE IN BLISTER OPA/AL/PC-AL	LACOSAMIDE	LACOSAMIDE	100	milligrammi	Compressa rivestita con film	N03AX18	TEVA B.V.	Autorizzata	Procedura Mutuo riconoscimento o Decentrata	Medicinali soggetti a prescrizione medica
045683416	045683	LACOSAMIDE TEVA	100 MG COMPRESSE RIVESTITE CON FILM- 168 COMPRESSE IN BLISTER OPA/AL/PC-AL	LACOSAMIDE	LACOSAMIDE	100	milligrammi	Compressa rivestita con film	N03AX18	TEVA B.V.	Autorizzata	Procedura Mutuo riconoscimento o Decentrata	Medicinali soggetti a prescrizione medica
045683428	045683	LACOSAMIDE TEVA	100 MG COMPRESSE RIVESTITE CON FILM- 200 COMPRESSE IN BLISTER OPA/AL/PC-AL	LACOSAMIDE	LACOSAMIDE	100	milligrammi	Compressa rivestita con film	N03AX18	TEVA B.V.	Autorizzata	Procedura Mutuo riconoscimento o Decentrata	Medicinali soggetti a prescrizione medica
045683430	045683	LACOSAMIDE TEVA	100 MG COMPRESSE RIVESTITE CON FILM- 210 COMPRESSE IN BLISTER OPA/AL/PC-AL	LACOSAMIDE	LACOSAMIDE	100	milligrammi	Compressa rivestita con film	N03AX18	TEVA B.V.	Autorizzata	Procedura Mutuo riconoscimento o Decentrata	Medicinali soggetti a prescrizione medica
045683442	045683	LACOSAMIDE TEVA	100 MG COMPRESSE RIVESTITE CON FILM- 60 COMPRESSE IN FLACONE HDPE	LACOSAMIDE	LACOSAMIDE	100	milligrammi	Compressa rivestita con film	N03AX18	TEVA B.V.	Autorizzata	Procedura Mutuo riconoscimento o Decentrata	Medicinali soggetti a prescrizione medica
045683455	045683	LACOSAMIDE TEVA	100 MG COMPRESSE RIVESTITE CON FILM- 100 COMPRESSE IN FLACONE HDPE	LACOSAMIDE	LACOSAMIDE	100	milligrammi	Compressa rivestita con film	N03AX18	TEVA B.V.	Autorizzata	Procedura Mutuo riconoscimento o Decentrata	Medicinali soggetti a prescrizione medica
045683467	045683	LACOSAMIDE TEVA	100 MG COMPRESSE RIVESTITE CON FILM- 200 COMPRESSE IN FLACONE HDPE	LACOSAMIDE	LACOSAMIDE	100	milligrammi	Compressa rivestita con film	N03AX18	TEVA B.V.	Autorizzata	Procedura Mutuo riconoscimento o Decentrata	Medicinali soggetti a prescrizione medica
045683479	045683	LACOSAMIDE TEVA	150 MG COMPRESSE RIVESTITE CON FILM- 14 COMPRESSE IN BLISTER PVC/PVDC-AL	LACOSAMIDE	LACOSAMIDE	150	milligrammi	Compressa rivestita con film	N03AX18	TEVA B.V.	Autorizzata	Procedura Mutuo riconoscimento o Decentrata	Medicinali soggetti a prescrizione medica
045683481	045683	LACOSAMIDE TEVA	150 MG COMPRESSE RIVESTITE CON FILM- 14X1 COMPRESSE IN BLISTER DIVISIBILE PER DOSE UNITARIA PVC/PVDC-AL	LACOSAMIDE	LACOSAMIDE	150	milligrammi	Compressa rivestita con film	N03AX18	TEVA B.V.	Autorizzata	Procedura Mutuo riconoscimento o Decentrata	Medicinali soggetti a prescrizione medica
045683493	045683	LACOSAMIDE TEVA	150 MG COMPRESSE RIVESTITE CON FILM- 56 COMPRESSE IN BLISTER PVC/PVDC-AL	LACOSAMIDE	LACOSAMIDE	150	milligrammi	Compressa rivestita con film	N03AX18	TEVA B.V.	Autorizzata	Procedura Mutuo riconoscimento o Decentrata	Medicinali soggetti a prescrizione medica
045683505	045683	LACOSAMIDE TEVA	150 MG COMPRESSE RIVESTITE CON FILM- 56X1 COMPRESSE IN BLISTER DIVISIBILE PER DOSE UNITARIA PVC/PVDC-AL	LACOSAMIDE	LACOSAMIDE	150	milligrammi	Compressa rivestita con film	N03AX18	TEVA B.V.	Autorizzata	Procedura Mutuo riconoscimento o Decentrata	Medicinali soggetti a prescrizione medica
045683517	045683	LACOSAMIDE TEVA	150 MG COMPRESSE RIVESTITE CON FILM- 60X1 COMPRESSE IN BLISTER DIVISIBILE PER DOSE UNITARIA PVC/PVDC-AL	LACOSAMIDE	LACOSAMIDE	150	milligrammi	Compressa rivestita con film	N03AX18	TEVA B.V.	Autorizzata	Procedura Mutuo riconoscimento o Decentrata	Medicinali soggetti a prescrizione medica
045683529	045683	LACOSAMIDE TEVA	150 MG COMPRESSE RIVESTITE CON FILM- 98 COMPRESSE IN BLISTER PVC/PVDC-AL	LACOSAMIDE	LACOSAMIDE	150	milligrammi	Compressa rivestita con film	N03AX18	TEVA B.V.	Autorizzata	Procedura Mutuo riconoscimento o Decentrata	Medicinali soggetti a prescrizione medica
045683531	045683	LACOSAMIDE TEVA	150 MG COMPRESSE RIVESTITE CON FILM- 112 COMPRESSE IN BLISTER PVC/PVDC-AL	LACOSAMIDE	LACOSAMIDE	150	milligrammi	Compressa rivestita con film	N03AX18	TEVA B.V.	Autorizzata	Procedura Mutuo riconoscimento o Decentrata	Medicinali soggetti a prescrizione medica
045683543	045683	LACOSAMIDE TEVA	150 MG COMPRESSE RIVESTITE CON FILM- 168 COMPRESSE IN BLISTER PVC/PVDC-AL	LACOSAMIDE	LACOSAMIDE	150	milligrammi	Compressa rivestita con film	N03AX18	TEVA B.V.	Autorizzata	Procedura Mutuo riconoscimento o Decentrata	Medicinali soggetti a prescrizione medica
045683556	045683	LACOSAMIDE TEVA	150 MG COMPRESSE RIVESTITE CON FILM- 200 COMPRESSE IN BLISTER PVC/PVDC-AL	LACOSAMIDE	LACOSAMIDE	150	milligrammi	Compressa rivestita con film	N03AX18	TEVA B.V.	Autorizzata	Procedura Mutuo riconoscimento o Decentrata	Medicinali soggetti a prescrizione medica
045683568	045683	LACOSAMIDE TEVA	150 MG COMPRESSE RIVESTITE CON FILM- 210 COMPRESSE IN BLISTER PVC/PVDC-AL	LACOSAMIDE	LACOSAMIDE	150	milligrammi	Compressa rivestita con film	N03AX18	TEVA B.V.	Autorizzata	Procedura Mutuo riconoscimento o Decentrata	Medicinali soggetti a prescrizione medica
045683570	045683	LACOSAMIDE TEVA	150 MG COMPRESSE RIVESTITE CON FILM- 14 COMPRESSE IN BLISTER OPA/AL/PVC-AL	LACOSAMIDE	LACOSAMIDE	150	milligrammi	Compressa rivestita con film	N03AX18	TEVA B.V.	Autorizzata	Procedura Mutuo riconoscimento o Decentrata	Medicinali soggetti a prescrizione medica
045683582	045683	LACOSAMIDE TEVA	150 MG COMPRESSE RIVESTITE CON FILM- 14X1 COMPRESSE IN BLISTER DIVISIBILE PER DOSE UNITARIA OPA/AL/PVC-AL	LACOSAMIDE	LACOSAMIDE	150	milligrammi	Compressa rivestita con film	N03AX18	TEVA B.V.	Autorizzata	Procedura Mutuo riconoscimento o Decentrata	Medicinali soggetti a prescrizione medica
045683594	045683	LACOSAMIDE TEVA	150 MG COMPRESSE RIVESTITE CON FILM- 56 COMPRESSE IN BLISTER OPA/AL/PVC-AL	LACOSAMIDE	LACOSAMIDE	150	milligrammi	Compressa rivestita con film	N03AX18	TEVA B.V.	Autorizzata	Procedura Mutuo riconoscimento o Decentrata	Medicinali soggetti a prescrizione medica
045683606	045683	LACOSAMIDE TEVA	150 MG COMPRESSE RIVESTITE CON FILM- 56X1 COMPRESSE IN BLISTER DIVISIBILE PER DOSE UNITARIA OPA/AL/PVC-AL	LACOSAMIDE	LACOSAMIDE	150	milligrammi	Compressa rivestita con film	N03AX18	TEVA B.V.	Autorizzata	Procedura Mutuo riconoscimento o Decentrata	Medicinali soggetti a prescrizione medica
045683618	045683	LACOSAMIDE TEVA	150 MG COMPRESSE RIVESTITE CON FILM- 60X1 COMPRESSE IN BLISTER DIVISIBILE PER DOSE UNITARIA OPA/AL/PVC-AL	LACOSAMIDE	LACOSAMIDE	150	milligrammi	Compressa rivestita con film	N03AX18	TEVA B.V.	Autorizzata	Procedura Mutuo riconoscimento o Decentrata	Medicinali soggetti a prescrizione medica
045683620	045683	LACOSAMIDE TEVA	150 MG COMPRESSE RIVESTITE CON FILM- 98 COMPRESSE IN BLISTER OPA/AL/PVC-AL	LACOSAMIDE	LACOSAMIDE	150	milligrammi	Compressa rivestita con film	N03AX18	TEVA B.V.	Autorizzata	Procedura Mutuo riconoscimento o Decentrata	Medicinali soggetti a prescrizione medica
045683632	045683	LACOSAMIDE TEVA	150 MG COMPRESSE RIVESTITE CON FILM- 112 COMPRESSE IN BLISTER OPA/AL/PVC-AL	LACOSAMIDE	LACOSAMIDE	150	milligrammi	Compressa rivestita con film	N03AX18	TEVA B.V.	Autorizzata	Procedura Mutuo riconoscimento o Decentrata	Medicinali soggetti a prescrizione medica
045683644	045683	LACOSAMIDE TEVA	150 MG COMPRESSE RIVESTITE CON FILM- 168 COMPRESSE IN BLISTER OPA/AL/PVC-AL	LACOSAMIDE	LACOSAMIDE	150	milligrammi	Compressa rivestita con film	N03AX18	TEVA B.V.	Autorizzata	Procedura Mutuo riconoscimento o Decentrata	Medicinali soggetti a prescrizione medica
045683657	045683	LACOSAMIDE TEVA	150 MG COMPRESSE RIVESTITE CON FILM- 200 COMPRESSE IN BLISTER OPA/AL/PVC-AL	LACOSAMIDE	LACOSAMIDE	150	milligrammi	Compressa rivestita con film	N03AX18	TEVA B.V.	Autorizzata	Procedura Mutuo riconoscimento o Decentrata	Medicinali soggetti a prescrizione medica
045683669	045683	LACOSAMIDE TEVA	150 MG COMPRESSE RIVESTITE CON FILM- 210 COMPRESSE IN BLISTER OPA/AL/PVC-AL	LACOSAMIDE	LACOSAMIDE	150	milligrammi	Compressa rivestita con film	N03AX18	TEVA B.V.	Autorizzata	Procedura Mutuo riconoscimento o Decentrata	Medicinali soggetti a prescrizione medica
045683671	045683	LACOSAMIDE TEVA	150 MG COMPRESSE RIVESTITE CON FILM- 60 COMPRESSE IN FLACONE HDPE	LACOSAMIDE	LACOSAMIDE	150	milligrammi	Compressa rivestita con film	N03AX18	TEVA B.V.	Autorizzata	Procedura Mutuo riconoscimento o Decentrata	Medicinali soggetti a prescrizione medica
045683683	045683	LACOSAMIDE TEVA	150 MG COMPRESSE RIVESTITE CON FILM- 100 COMPRESSE IN FLACONE HDPE	LACOSAMIDE	LACOSAMIDE	150	milligrammi	Compressa rivestita con film	N03AX18	TEVA B.V.	Autorizzata	Procedura Mutuo riconoscimento o Decentrata	Medicinali soggetti a prescrizione medica
045683695	045683	LACOSAMIDE TEVA	150 MG COMPRESSE RIVESTITE CON FILM- 200 COMPRESSE IN FLACONE HDPE	LACOSAMIDE	LACOSAMIDE	150	milligrammi	Compressa rivestita con film	N03AX18	TEVA B.V.	Autorizzata	Procedura Mutuo riconoscimento o Decentrata	Medicinali soggetti a prescrizione medica
045683707	045683	LACOSAMIDE TEVA	200 MG COMPRESSE RIVESTITE CON FILM- 14 COMPRESSE IN BLISTER PVC/PVDC-AL	LACOSAMIDE	LACOSAMIDE	200	milligrammi	Compressa rivestita con film	N03AX18	TEVA B.V.	Autorizzata	Procedura Mutuo riconoscimento o Decentrata	Medicinali soggetti a prescrizione medica
045683719	045683	LACOSAMIDE TEVA	200 MG COMPRESSE RIVESTITE CON FILM- 14X1 COMPRESSE IN BLISTER DIVISIBILE PER DOSE UNITARIA PVC/PVDC-AL	LACOSAMIDE	LACOSAMIDE	200	milligrammi	Compressa rivestita con film	N03AX18	TEVA B.V.	Autorizzata	Procedura Mutuo riconoscimento o Decentrata	Medicinali soggetti a prescrizione medica
045683721	045683	LACOSAMIDE TEVA	200 MG COMPRESSE RIVESTITE CON FILM- 56 COMPRESSE IN BLISTER PVC/PVDC-AL	LACOSAMIDE	LACOSAMIDE	200	milligrammi	Compressa rivestita con film	N03AX18	TEVA B.V.	Autorizzata	Procedura Mutuo riconoscimento o Decentrata	Medicinali soggetti a prescrizione medica
045683733	045683	LACOSAMIDE TEVA	200 MG COMPRESSE RIVESTITE CON FILM- 56X1 COMPRESSE IN BLISTER DIVISIBILE PER DOSE UNITARIA PVC/PVDC-AL	LACOSAMIDE	LACOSAMIDE	200	milligrammi	Compressa rivestita con film	N03AX18	TEVA B.V.	Autorizzata	Procedura Mutuo riconoscimento o Decentrata	Medicinali soggetti a prescrizione medica
045683745	045683	LACOSAMIDE TEVA	200 MG COMPRESSE RIVESTITE CON FILM- 60X1 COMPRESSE IN BLISTER DIVISIBILE PER DOSE UNITARIA PVC/PVDC-AL	LACOSAMIDE	LACOSAMIDE	200	milligrammi	Compressa rivestita con film	N03AX18	TEVA B.V.	Autorizzata	Procedura Mutuo riconoscimento o Decentrata	Medicinali soggetti a prescrizione medica
045683758	045683	LACOSAMIDE TEVA	200 MG COMPRESSE RIVESTITE CON FILM- 98 COMPRESSE IN BLISTER PVC/PVDC-AL	LACOSAMIDE	LACOSAMIDE	200	milligrammi	Compressa rivestita con film	N03AX18	TEVA B.V.	Autorizzata	Procedura Mutuo riconoscimento o Decentrata	Medicinali soggetti a prescrizione medica
045683760	045683	LACOSAMIDE TEVA	200 MG COMPRESSE RIVESTITE CON FILM- 112 COMPRESSE IN BLISTER PVC/PVDC-AL	LACOSAMIDE	LACOSAMIDE	200	milligrammi	Compressa rivestita con film	N03AX18	TEVA B.V.	Autorizzata	Procedura Mutuo riconoscimento o Decentrata	Medicinali soggetti a prescrizione medica
045683772	045683	LACOSAMIDE TEVA	200 MG COMPRESSE RIVESTITE CON FILM- 168 COMPRESSE IN BLISTER PVC/PVDC-AL	LACOSAMIDE	LACOSAMIDE	200	milligrammi	Compressa rivestita con film	N03AX18	TEVA B.V.	Autorizzata	Procedura Mutuo riconoscimento o Decentrata	Medicinali soggetti a prescrizione medica
045683784	045683	LACOSAMIDE TEVA	200 MG COMPRESSE RIVESTITE CON FILM- 200 COMPRESSE IN BLISTER PVC/PVDC-AL	LACOSAMIDE	LACOSAMIDE	200	milligrammi	Compressa rivestita con film	N03AX18	TEVA B.V.	Autorizzata	Procedura Mutuo riconoscimento o Decentrata	Medicinali soggetti a prescrizione medica
045683796	045683	LACOSAMIDE TEVA	200 MG COMPRESSE RIVESTITE CON FILM- 210 COMPRESSE IN BLISTER PVC/PVDC-AL	LACOSAMIDE	LACOSAMIDE	200	milligrammi	Compressa rivestita con film	N03AX18	TEVA B.V.	Autorizzata	Procedura Mutuo riconoscimento o Decentrata	Medicinali soggetti a prescrizione medica
045683808	045683	LACOSAMIDE TEVA	200 MG COMPRESSE RIVESTITE CON FILM- 14 COMPRESSE IN BLISTER OPA/AL/PVC-AL	LACOSAMIDE	LACOSAMIDE	200	milligrammi	Compressa rivestita con film	N03AX18	TEVA B.V.	Autorizzata	Procedura Mutuo riconoscimento o Decentrata	Medicinali soggetti a prescrizione medica
045683810	045683	LACOSAMIDE TEVA	200 MG COMPRESSE RIVESTITE CON FILM- 14X1 COMPRESSE IN BLISTER DIVISIBILE PER DOSE UNITARIA OPA/AL/PVC-AL	LACOSAMIDE	LACOSAMIDE	200	milligrammi	Compressa rivestita con film	N03AX18	TEVA B.V.	Autorizzata	Procedura Mutuo riconoscimento o Decentrata	Medicinali soggetti a prescrizione medica
045683822	045683	LACOSAMIDE TEVA	200 MG COMPRESSE RIVESTITE CON FILM- 56 COMPRESSE IN BLISTER OPA/AL/PVC-AL	LACOSAMIDE	LACOSAMIDE	200	milligrammi	Compressa rivestita con film	N03AX18	TEVA B.V.	Autorizzata	Procedura Mutuo riconoscimento o Decentrata	Medicinali soggetti a prescrizione medica
045683834	045683	LACOSAMIDE TEVA	200 MG COMPRESSE RIVESTITE CON FILM- 56X1 COMPRESSE IN BLISTER DIVISIBILE PER DOSE UNITARIA OPA/AL/PVC-AL	LACOSAMIDE	LACOSAMIDE	200	milligrammi	Compressa rivestita con film	N03AX18	TEVA B.V.	Autorizzata	Procedura Mutuo riconoscimento o Decentrata	Medicinali soggetti a prescrizione medica
045683846	045683	LACOSAMIDE TEVA	200 MG COMPRESSE RIVESTITE CON FILM- 60X1 COMPRESSE IN BLISTER DIVISIBILE PER DOSE UNITARIA OPA/AL/PVC-AL	LACOSAMIDE	LACOSAMIDE	200	milligrammi	Compressa rivestita con film	N03AX18	TEVA B.V.	Autorizzata	Procedura Mutuo riconoscimento o Decentrata	Medicinali soggetti a prescrizione medica
045683859	045683	LACOSAMIDE TEVA	200 MG COMPRESSE RIVESTITE CON FILM- 98 COMPRESSE IN BLISTER OPA/AL/PVC-AL	LACOSAMIDE	LACOSAMIDE	200	milligrammi	Compressa rivestita con film	N03AX18	TEVA B.V.	Autorizzata	Procedura Mutuo riconoscimento o Decentrata	Medicinali soggetti a prescrizione medica
045683861	045683	LACOSAMIDE TEVA	200 MG COMPRESSE RIVESTITE CON FILM- 112 COMPRESSE IN BLISTER OPA/AL/PVC-AL	LACOSAMIDE	LACOSAMIDE	200	milligrammi	Compressa rivestita con film	N03AX18	TEVA B.V.	Autorizzata	Procedura Mutuo riconoscimento o Decentrata	Medicinali soggetti a prescrizione medica
045683873	045683	LACOSAMIDE TEVA	200 MG COMPRESSE RIVESTITE CON FILM- 168 COMPRESSE IN BLISTER OPA/AL/PVC-AL	LACOSAMIDE	LACOSAMIDE	200	milligrammi	Compressa rivestita con film	N03AX18	TEVA B.V.	Autorizzata	Procedura Mutuo riconoscimento o Decentrata	Medicinali soggetti a prescrizione medica
045683885	045683	LACOSAMIDE TEVA	200 MG COMPRESSE RIVESTITE CON FILM- 200 COMPRESSE IN BLISTER OPA/AL/PVC-AL	LACOSAMIDE	LACOSAMIDE	200	milligrammi	Compressa rivestita con film	N03AX18	TEVA B.V.	Autorizzata	Procedura Mutuo riconoscimento o Decentrata	Medicinali soggetti a prescrizione medica
045683897	045683	LACOSAMIDE TEVA	200 MG COMPRESSE RIVESTITE CON FILM- 210 COMPRESSE IN BLISTER OPA/AL/PVC-AL	LACOSAMIDE	LACOSAMIDE	200	milligrammi	Compressa rivestita con film	N03AX18	TEVA B.V.	Autorizzata	Procedura Mutuo riconoscimento o Decentrata	Medicinali soggetti a prescrizione medica
045683911	045683	LACOSAMIDE TEVA	200 MG COMPRESSE RIVESTITE CON FILM- 60 COMPRESSE IN FLACONE HDPEL	LACOSAMIDE	LACOSAMIDE	200	milligrammi	Compressa rivestita con film	N03AX18	TEVA B.V.	Autorizzata	Procedura Mutuo riconoscimento o Decentrata	Medicinali soggetti a prescrizione medica
045683923	045683	LACOSAMIDE TEVA	200 MG COMPRESSE RIVESTITE CON FILM- 100 COMPRESSE IN FLACONE HDPEL	LACOSAMIDE	LACOSAMIDE	200	milligrammi	Compressa rivestita con film	N03AX18	TEVA B.V.	Autorizzata	Procedura Mutuo riconoscimento o Decentrata	Medicinali soggetti a prescrizione medica
045683935	045683	LACOSAMIDE TEVA	200 MG COMPRESSE RIVESTITE CON FILM- 200 COMPRESSE IN FLACONE HDPEL	LACOSAMIDE	LACOSAMIDE	200	milligrammi	Compressa rivestita con film	N03AX18	TEVA B.V.	Autorizzata	Procedura Mutuo riconoscimento o Decentrata	Medicinali soggetti a prescrizione medica
045683947	045683	LACOSAMIDE TEVA	50 MG COMPRESSE RIVESTITE CON FILM- 168X1 COMPRESSE IN BLISTER DIVISIBILE PER DOSE UNITARIA OPA/AL/PVC-AL	LACOSAMIDE	LACOSAMIDE	50	milligrammi	Compressa rivestita con film	N03AX18	TEVA B.V.	Autorizzata	Procedura Mutuo riconoscimento o Decentrata	Medicinali soggetti a prescrizione medica
045683950	045683	LACOSAMIDE TEVA	50 MG COMPRESSE RIVESTITE CON FILM- 168X1 COMPRESSE IN BLISTER DIVISIBILE PER DOSE UNITARIA PVC/PVDC-AL	LACOSAMIDE	LACOSAMIDE	50	milligrammi	Compressa rivestita con film	N03AX18	TEVA B.V.	Autorizzata	Procedura Mutuo riconoscimento o Decentrata	Medicinali soggetti a prescrizione medica
045683962	045683	LACOSAMIDE TEVA	100 MG COMPRESSE RIVESTITE CON FILM- 168X1 COMPRESSE IN BLISTER DIVISIBILE PER DOSE UNITARIA OPA/AL/PVC-AL	LACOSAMIDE	LACOSAMIDE	100	milligrammi	Compressa rivestita con film	N03AX18	TEVA B.V.	Autorizzata	Procedura Mutuo riconoscimento o Decentrata	Medicinali soggetti a prescrizione medica
045683974	045683	LACOSAMIDE TEVA	100 MG COMPRESSE RIVESTITE CON FILM- 168X1 COMPRESSE IN BLISTER DIVISIBILE PER DOSE UNITARIA PVC/PVDC-AL	LACOSAMIDE	LACOSAMIDE	100	milligrammi	Compressa rivestita con film	N03AX18	TEVA B.V.	Autorizzata	Procedura Mutuo riconoscimento o Decentrata	Medicinali soggetti a prescrizione medica
045683986	045683	LACOSAMIDE TEVA	150 MG COMPRESSE RIVESTITE CON FILM- 168X1 COMPRESSE IN BLISTER DIVISIBILE PER DOSE UNITARIA OPA/AL/PVC-AL	LACOSAMIDE	LACOSAMIDE	150	milligrammi	Compressa rivestita con film	N03AX18	TEVA B.V.	Autorizzata	Procedura Mutuo riconoscimento o Decentrata	Medicinali soggetti a prescrizione medica
045683998	045683	LACOSAMIDE TEVA	150 MG COMPRESSE RIVESTITE CON FILM- 168X1 COMPRESSE IN BLISTER DIVISIBILE PER DOSE UNITARIA PVC/PVDC-AL	LACOSAMIDE	LACOSAMIDE	150	milligrammi	Compressa rivestita con film	N03AX18	TEVA B.V.	Autorizzata	Procedura Mutuo riconoscimento o Decentrata	Medicinali soggetti a prescrizione medica
045745015	045745	STUTAN	50 MG COMPRESSE RIVESTITE CON FILM- 14 COMPRESSE IN BLISTER OPA/AL/PVC /AL	LACOSAMIDE	LACOSAMIDE	50	milligrammi	Compressa rivestita con film	N03AX18	ECUPHARMA S.R.L.	Autorizzata	Procedura Mutuo riconoscimento o Decentrata	Medicinali soggetti a prescrizione medica
045745027	045745	STUTAN	50 MG COMPRESSE RIVESTITE CON FILM- 56 COMPRESSE IN BLISTER OPA/AL/PVC /AL	LACOSAMIDE	LACOSAMIDE	50	milligrammi	Compressa rivestita con film	N03AX18	ECUPHARMA S.R.L.	Autorizzata	Procedura Mutuo riconoscimento o Decentrata	Medicinali soggetti a prescrizione medica
045745039	045745	STUTAN	100 MG COMPRESSE RIVESTITE CON FILM- 14 COMPRESSE IN BLISTER OPA/AL/PVC /AL	LACOSAMIDE	LACOSAMIDE	100	milligrammi	Compressa rivestita con film	N03AX18	ECUPHARMA S.R.L.	Autorizzata	Procedura Mutuo riconoscimento o Decentrata	Medicinali soggetti a prescrizione medica
045745041	045745	STUTAN	100 MG COMPRESSE RIVESTITE CON FILM- 56 COMPRESSE IN BLISTER OPA/AL/PVC /AL	LACOSAMIDE	LACOSAMIDE	100	milligrammi	Compressa rivestita con film	N03AX18	ECUPHARMA S.R.L.	Autorizzata	Procedura Mutuo riconoscimento o Decentrata	Medicinali soggetti a prescrizione medica
045745054	045745	STUTAN	150 MG COMPRESSE RIVESTITE CON FILM- 14 COMPRESSE IN BLISTER OPA/AL/PVC /AL	LACOSAMIDE	LACOSAMIDE	150	milligrammi	Compressa rivestita con film	N03AX18	ECUPHARMA S.R.L.	Autorizzata	Procedura Mutuo riconoscimento o Decentrata	Medicinali soggetti a prescrizione medica
045745066	045745	STUTAN	150 MG COMPRESSE RIVESTITE CON FILM- 56 COMPRESSE IN BLISTER OPA/AL/PVC /AL	LACOSAMIDE	LACOSAMIDE	150	milligrammi	Compressa rivestita con film	N03AX18	ECUPHARMA S.R.L.	Autorizzata	Procedura Mutuo riconoscimento o Decentrata	Medicinali soggetti a prescrizione medica
045745078	045745	STUTAN	200 MG COMPRESSE RIVESTITE CON FILM- 14 COMPRESSE IN BLISTER OPA/AL/PVC /AL	LACOSAMIDE	LACOSAMIDE	200	milligrammi	Compressa rivestita con film	N03AX18	ECUPHARMA S.R.L.	Autorizzata	Procedura Mutuo riconoscimento o Decentrata	Medicinali soggetti a prescrizione medica
045745080	045745	STUTAN	200 MG COMPRESSE RIVESTITE CON FILM- 56 COMPRESSE IN BLISTER OPA/AL/PVC /AL	LACOSAMIDE	LACOSAMIDE	200	milligrammi	Compressa rivestita con film	N03AX18	ECUPHARMA S.R.L.	Autorizzata	Procedura Mutuo riconoscimento o Decentrata	Medicinali soggetti a prescrizione medica
047010018	047010	LAPRYSTA	50 MG COMPRESSE RIVESTITE CON FILM- 14 COMPRESSE IN BLISTER PVC/PVDC-AL	LACOSAMIDE	LACOSAMIDE	50	milligrammi	Compressa rivestita con film	N03AX18	NEURAXPHARM ITALY S.P.A.	Autorizzata	Procedura Mutuo riconoscimento o Decentrata	Medicinali soggetti a prescrizione medica
047010020	047010	LAPRYSTA	50 MG COMPRESSE RIVESTITE CON FILM- 56 COMPRESSE IN BLISTER PVC/PVDC-AL	LACOSAMIDE	LACOSAMIDE	50	milligrammi	Compressa rivestita con film	N03AX18	NEURAXPHARM ITALY S.P.A.	Autorizzata	Procedura Mutuo riconoscimento o Decentrata	Medicinali soggetti a prescrizione medica
047010032	047010	LAPRYSTA	50 MG COMPRESSE RIVESTITE CON FILM- 84 COMPRESSE IN BLISTER PVC/PVDC-AL	LACOSAMIDE	LACOSAMIDE	50	milligrammi	Compressa rivestita con film	N03AX18	NEURAXPHARM ITALY S.P.A.	Autorizzata	Procedura Mutuo riconoscimento o Decentrata	Medicinali soggetti a prescrizione medica
047010044	047010	LAPRYSTA	100 MG COMPRESSE RIVESTITE CON FILM- 14 COMPRESSE IN BLISTER PVC/PVDC-AL	LACOSAMIDE	LACOSAMIDE	100	milligrammi	Compressa rivestita con film	N03AX18	NEURAXPHARM ITALY S.P.A.	Autorizzata	Procedura Mutuo riconoscimento o Decentrata	Medicinali soggetti a prescrizione medica
047010057	047010	LAPRYSTA	100 MG COMPRESSE RIVESTITE CON FILM- 56 COMPRESSE IN BLISTER PVC/PVDC-AL	LACOSAMIDE	LACOSAMIDE	100	milligrammi	Compressa rivestita con film	N03AX18	NEURAXPHARM ITALY S.P.A.	Autorizzata	Procedura Mutuo riconoscimento o Decentrata	Medicinali soggetti a prescrizione medica
047010069	047010	LAPRYSTA	100 MG COMPRESSE RIVESTITE CON FILM- 84 COMPRESSE IN BLISTER PVC/PVDC-AL	LACOSAMIDE	LACOSAMIDE	100	milligrammi	Compressa rivestita con film	N03AX18	NEURAXPHARM ITALY S.P.A.	Autorizzata	Procedura Mutuo riconoscimento o Decentrata	Medicinali soggetti a prescrizione medica
047010071	047010	LAPRYSTA	150 MG COMPRESSE RIVESTITE CON FILM- 14 COMPRESSE IN BLISTER PVC/PVDC-AL	LACOSAMIDE	LACOSAMIDE	150	milligrammi	Compressa rivestita con film	N03AX18	NEURAXPHARM ITALY S.P.A.	Autorizzata	Procedura Mutuo riconoscimento o Decentrata	Medicinali soggetti a prescrizione medica
047010083	047010	LAPRYSTA	150 MG COMPRESSE RIVESTITE CON FILM- 56 COMPRESSE IN BLISTER PVC/PVDC-AL	LACOSAMIDE	LACOSAMIDE	150	milligrammi	Compressa rivestita con film	N03AX18	NEURAXPHARM ITALY S.P.A.	Autorizzata	Procedura Mutuo riconoscimento o Decentrata	Medicinali soggetti a prescrizione medica
047010095	047010	LAPRYSTA	150 MG COMPRESSE RIVESTITE CON FILM- 84 COMPRESSE IN BLISTER PVC/PVDC-AL	LACOSAMIDE	LACOSAMIDE	150	milligrammi	Compressa rivestita con film	N03AX18	NEURAXPHARM ITALY S.P.A.	Autorizzata	Procedura Mutuo riconoscimento o Decentrata	Medicinali soggetti a prescrizione medica
047010107	047010	LAPRYSTA	200 MG COMPRESSE RIVESTITE CON FILM- 14 COMPRESSE IN BLISTER PVC/PVDC-AL	LACOSAMIDE	LACOSAMIDE	200	milligrammi	Compressa rivestita con film	N03AX18	NEURAXPHARM ITALY S.P.A.	Autorizzata	Procedura Mutuo riconoscimento o Decentrata	Medicinali soggetti a prescrizione medica
047010119	047010	LAPRYSTA	200 MG COMPRESSE RIVESTITE CON FILM- 56 COMPRESSE IN BLISTER PVC/PVDC-AL	LACOSAMIDE	LACOSAMIDE	200	milligrammi	Compressa rivestita con film	N03AX18	NEURAXPHARM ITALY S.P.A.	Autorizzata	Procedura Mutuo riconoscimento o Decentrata	Medicinali soggetti a prescrizione medica
047010121	047010	LAPRYSTA	200 MG COMPRESSE RIVESTITE CON FILM- 84 COMPRESSE IN BLISTER PVC/PVDC-AL	LACOSAMIDE	LACOSAMIDE	200	milligrammi	Compressa rivestita con film	N03AX18	NEURAXPHARM ITALY S.P.A.	Autorizzata	Procedura Mutuo riconoscimento o Decentrata	Medicinali soggetti a prescrizione medica
047010133	047010	LAPRYSTA	10 MG/ML SCIROPPO- UN FLACONE IN VETRO DA 200 ML CON BICCHIERE DOSATORE E SIRINGA DOSATRICE CON ADATTATORE	LACOSAMIDE	LACOSAMIDE			Sciroppo	N03AX18	NEURAXPHARM ITALY S.P.A.	Autorizzata	Procedura Mutuo riconoscimento o Decentrata	Medicinali soggetti a prescrizione medica
048201014	048201	LACOSAMIDE UCB	10 MG/ML SOLUZIONE PER INFUSIONE - USO ENDOVENOSO - FLACONCINO (VETRO) 20 ML - 1 FLACONCINO	LACOSAMIDE	LACOSAMIDE	10	milligram(s)/millilitre	Soluzione per infusione	N03AX18	UCB PHARMA S.A.	Autorizzata	Procedura Centralizzata	Medicinali soggetti a prescrizione medica
048201026	048201	LACOSAMIDE UCB	10 MG/ML SOLUZIONE PER INFUSIONE - USO ENDOVENOSO - FLACONCINO (VETRO) 20 ML - 5 FLACONCINI	LACOSAMIDE	LACOSAMIDE	10	milligram(s)/millilitre	Soluzione per infusione	N03AX18	UCB PHARMA S.A.	Autorizzata	Procedura Centralizzata	Medicinali soggetti a prescrizione medica
048201038	048201	LACOSAMIDE UCB	10 MG/ML SCIROPPO - USO ORALE - FLACONE (VETRO) 200 ML - 1 FLACONE + 1 BICCHIERE DOSATORE + 1 SIRINGA PER SOMMINISTRAZIONE ORALE + 1 ADATTATORE	LACOSAMIDE	LACOSAMIDE	10	milligram(s)/millilitre	Sciroppo	N03AX18	UCB PHARMA S.A.	Autorizzata	Procedura Centralizzata	Medicinali soggetti a prescrizione medica
048201040	048201	LACOSAMIDE UCB	50 MG  COMPRESSA RIVESTITA CON FILM  - USO ORALE -  BLISTER  (PVC/PVDC/ALU) - 14 COMPRESSEIRINGA PER SOMMINISTRAZIONE ORALE + 1 ADATTATORE	LACOSAMIDE	LACOSAMIDE	50	milligrammi	Compressa rivestita con film	N03AX18	UCB PHARMA S.A.	Autorizzata	Procedura Centralizzata	Medicinali soggetti a prescrizione medica
048201053	048201	LACOSAMIDE UCB	50 MG  COMPRESSA RIVESTITA CON FILM  - USO ORALE -  BLISTER  (PVC/PVDC/ALU) - 14 COMPRESSE (DOSE UNITARIA)	LACOSAMIDE	LACOSAMIDE	50	milligrammi	Compressa rivestita con film	N03AX18	UCB PHARMA S.A.	Autorizzata	Procedura Centralizzata	Medicinali soggetti a prescrizione medica
048201065	048201	LACOSAMIDE UCB	50 MG  COMPRESSA RIVESTITA CON FILM  - USO ORALE -  BLISTER  (PVC/PVDC/ALU) - 28 COMPRESSE	LACOSAMIDE	LACOSAMIDE	50	milligrammi	Compressa rivestita con film	N03AX18	UCB PHARMA S.A.	Autorizzata	Procedura Centralizzata	Medicinali soggetti a prescrizione medica
048201077	048201	LACOSAMIDE UCB	50 MG  COMPRESSA RIVESTITA CON FILM  - USO ORALE -  BLISTER  (PVC/PVDC/ALU) - 56 COMPRESSE	LACOSAMIDE	LACOSAMIDE	50	milligrammi	Compressa rivestita con film	N03AX18	UCB PHARMA S.A.	Autorizzata	Procedura Centralizzata	Medicinali soggetti a prescrizione medica
048201089	048201	LACOSAMIDE UCB	50 MG  COMPRESSA RIVESTITA CON FILM  - USO ORALE -  BLISTER  (PVC/PVDC/ALU) - 56 X1  COMPRESSE (DOSE UNITARIA)	LACOSAMIDE	LACOSAMIDE	50	milligrammi	Compressa rivestita con film	N03AX18	UCB PHARMA S.A.	Autorizzata	Procedura Centralizzata	Medicinali soggetti a prescrizione medica
048201091	048201	LACOSAMIDE UCB	50 MG  COMPRESSA RIVESTITA CON FILM  - USO ORALE -  BLISTER  (PVC/PVDC/ALU) - 168  COMPRESSE	LACOSAMIDE	LACOSAMIDE	50	milligrammi	Compressa rivestita con film	N03AX18	UCB PHARMA S.A.	Autorizzata	Procedura Centralizzata	Medicinali soggetti a prescrizione medica
048201103	048201	LACOSAMIDE UCB	100 MG  COMPRESSA RIVESTITA CON FILM  - USO ORALE -  BLISTER  (PVC/PVDC/ALU) - 14  COMPRESSE	LACOSAMIDE	LACOSAMIDE	100	milligrammi	Compressa rivestita con film	N03AX18	UCB PHARMA S.A.	Autorizzata	Procedura Centralizzata	Medicinali soggetti a prescrizione medica
048201115	048201	LACOSAMIDE UCB	100 MG  COMPRESSA RIVESTITA CON FILM  - USO ORALE -  BLISTER  (PVC/PVDC/ALU) - 14 X1 COMPRESSE (DOSE UNITARIA)	LACOSAMIDE	LACOSAMIDE	100	milligrammi	Compressa rivestita con film	N03AX18	UCB PHARMA S.A.	Autorizzata	Procedura Centralizzata	Medicinali soggetti a prescrizione medica
048201127	048201	LACOSAMIDE UCB	100 MG  COMPRESSA RIVESTITA CON FILM  - USO ORALE -  BLISTER  (PVC/PVDC/ALU) - 28 COMPRESSE	LACOSAMIDE	LACOSAMIDE	100	milligrammi	Compressa rivestita con film	N03AX18	UCB PHARMA S.A.	Autorizzata	Procedura Centralizzata	Medicinali soggetti a prescrizione medica
048201139	048201	LACOSAMIDE UCB	100 MG  COMPRESSA RIVESTITA CON FILM  - USO ORALE -  BLISTER  (PVC/PVDC/ALU) - 56 COMPRESSE	LACOSAMIDE	LACOSAMIDE	100	milligrammi	Compressa rivestita con film	N03AX18	UCB PHARMA S.A.	Autorizzata	Procedura Centralizzata	Medicinali soggetti a prescrizione medica
048201141	048201	LACOSAMIDE UCB	100 MG  COMPRESSA RIVESTITA CON FILM  - USO ORALE -  BLISTER  (PVC/PVDC/ALU) - 56 X1 COMPRESSE (DOSE UNITARIA)	LACOSAMIDE	LACOSAMIDE	100	milligrammi	Compressa rivestita con film	N03AX18	UCB PHARMA S.A.	Autorizzata	Procedura Centralizzata	Medicinali soggetti a prescrizione medica
048201154	048201	LACOSAMIDE UCB	100 MG  COMPRESSA RIVESTITA CON FILM  - USO ORALE -  BLISTER  (PVC/PVDC/ALU) - 168 COMPRESSE	LACOSAMIDE	LACOSAMIDE	100	milligrammi	Compressa rivestita con film	N03AX18	UCB PHARMA S.A.	Autorizzata	Procedura Centralizzata	Medicinali soggetti a prescrizione medica
048201166	048201	LACOSAMIDE UCB	150 MG  COMPRESSA RIVESTITA CON FILM  - USO ORALE -  BLISTER  (PVC/PVDC/ALU) - 14 COMPRESSE	LACOSAMIDE	LACOSAMIDE	150	milligrammi	Compressa rivestita con film	N03AX18	UCB PHARMA S.A.	Autorizzata	Procedura Centralizzata	Medicinali soggetti a prescrizione medica
048201178	048201	LACOSAMIDE UCB	150 MG  COMPRESSA RIVESTITA CON FILM  - USO ORALE -  BLISTER  (PVC/PVDC/ALU) - 14 X 1 COMPRESSE (DOSE UNITARIA)	LACOSAMIDE	LACOSAMIDE	150	milligrammi	Compressa rivestita con film	N03AX18	UCB PHARMA S.A.	Autorizzata	Procedura Centralizzata	Medicinali soggetti a prescrizione medica
048201180	048201	LACOSAMIDE UCB	150 MG  COMPRESSA RIVESTITA CON FILM  - USO ORALE -  BLISTER  (PVC/PVDC/ALU) - 28 COMPRESSE	LACOSAMIDE	LACOSAMIDE	150	milligrammi	Compressa rivestita con film	N03AX18	UCB PHARMA S.A.	Autorizzata	Procedura Centralizzata	Medicinali soggetti a prescrizione medica
048201192	048201	LACOSAMIDE UCB	150 MG  COMPRESSA RIVESTITA CON FILM  - USO ORALE -  BLISTER  (PVC/PVDC/ALU) - 56 COMPRESSE	LACOSAMIDE	LACOSAMIDE	150	milligrammi	Compressa rivestita con film	N03AX18	UCB PHARMA S.A.	Autorizzata	Procedura Centralizzata	Medicinali soggetti a prescrizione medica
048201204	048201	LACOSAMIDE UCB	150 MG  COMPRESSA RIVESTITA CON FILM  - USO ORALE -  BLISTER  (PVC/PVDC/ALU) - 56X 1 COMPRESSE (DOSE UNITARIA)	LACOSAMIDE	LACOSAMIDE	150	milligrammi	Compressa rivestita con film	N03AX18	UCB PHARMA S.A.	Autorizzata	Procedura Centralizzata	Medicinali soggetti a prescrizione medica
048201216	048201	LACOSAMIDE UCB	150 MG  COMPRESSA RIVESTITA CON FILM  - USO ORALE -  BLISTER  (PVC/PVDC/ALU) - 168 (3X56) COMPRESSE (CONFEZIONE MULTIPLA)	LACOSAMIDE	LACOSAMIDE	150	milligrammi	Compressa rivestita con film	N03AX18	UCB PHARMA S.A.	Autorizzata	Procedura Centralizzata	Medicinali soggetti a prescrizione medica
048201228	048201	LACOSAMIDE UCB	200 MG  COMPRESSA RIVESTITA CON FILM  - USO ORALE -  BLISTER  (PVC/PVDC/ALU) - 14 COMPRESSE	LACOSAMIDE	LACOSAMIDE	200	milligrammi	Compressa rivestita con film	N03AX18	UCB PHARMA S.A.	Autorizzata	Procedura Centralizzata	Medicinali soggetti a prescrizione medica
048201230	048201	LACOSAMIDE UCB	200 MG  COMPRESSA RIVESTITA CON FILM  - USO ORALE -  BLISTER  (PVC/PVDC/ALU) - 14 X 1 COMPRESSE (DOSE UNITARIA)	LACOSAMIDE	LACOSAMIDE	200	milligrammi	Compressa rivestita con film	N03AX18	UCB PHARMA S.A.	Autorizzata	Procedura Centralizzata	Medicinali soggetti a prescrizione medica
048201242	048201	LACOSAMIDE UCB	200 MG  COMPRESSA RIVESTITA CON FILM  - USO ORALE -  BLISTER  (PVC/PVDC/ALU) - 28 COMPRESSE	LACOSAMIDE	LACOSAMIDE	200	milligrammi	Compressa rivestita con film	N03AX18	UCB PHARMA S.A.	Autorizzata	Procedura Centralizzata	Medicinali soggetti a prescrizione medica
048201255	048201	LACOSAMIDE UCB	200 MG  COMPRESSA RIVESTITA CON FILM  - USO ORALE -  BLISTER  (PVC/PVDC/ALU) - 56 COMPRESSE	LACOSAMIDE	LACOSAMIDE	200	milligrammi	Compressa rivestita con film	N03AX18	UCB PHARMA S.A.	Autorizzata	Procedura Centralizzata	Medicinali soggetti a prescrizione medica
048201267	048201	LACOSAMIDE UCB	200 MG  COMPRESSA RIVESTITA CON FILM  - USO ORALE -  BLISTER  (PVC/PVDC/ALU) - 56 X 1  COMPRESSE (DOSE UNITARIA)	LACOSAMIDE	LACOSAMIDE	200	milligrammi	Compressa rivestita con film	N03AX18	UCB PHARMA S.A.	Autorizzata	Procedura Centralizzata	Medicinali soggetti a prescrizione medica
048201279	048201	LACOSAMIDE UCB	200 MG  COMPRESSA RIVESTITA CON FILM  - USO ORALE -  BLISTER  (PVC/PVDC/ALU) - 168 (3X56)  COMPRESSE (CONFEZIONE MULTIPLA)	LACOSAMIDE	LACOSAMIDE	200	milligrammi	Compressa rivestita con film	N03AX18	UCB PHARMA S.A.	Autorizzata	Procedura Centralizzata	Medicinali soggetti a prescrizione medica
048201281	048201	LACOSAMIDE UCB	50/100/150/200 MG  COMPRESSA RIVESTITA CON FILM  - USO ORALE -  BLISTER  (PVC/PVDC/ALU) - CONFEZIONE DI INIZIO TRATTAMENTO:14 COMPRESSE + 14 COMPRESSE + 14 COMPRESSE + 14 COMPRESSE	LACOSAMIDE	LACOSAMIDE	50	milligrammi	Compressa rivestita con film	N03AX18	UCB PHARMA S.A.	Autorizzata	Procedura Centralizzata	Medicinali soggetti a prescrizione medica
048265019	048265	LACOSAMIDE KRKA	50 MG COMPRESSE RIVESTITE CON FILM- 14 COMPRESSE IN BLISTER PVC/PVDC/AL	LACOSAMIDE	LACOSAMIDE	50	milligrammi	Compressa rivestita con film	N03AX18	KRKA D.D. NOVO MESTO	Autorizzata	Procedura Mutuo riconoscimento o Decentrata	Medicinali soggetti a prescrizione medica
048265021	048265	LACOSAMIDE KRKA	50 MG COMPRESSE RIVESTITE CON FILM- 56 COMPRESSE IN BLISTER PVC/PVDC/AL	LACOSAMIDE	LACOSAMIDE	50	milligrammi	Compressa rivestita con film	N03AX18	KRKA D.D. NOVO MESTO	Autorizzata	Procedura Mutuo riconoscimento o Decentrata	Medicinali soggetti a prescrizione medica
048265033	048265	LACOSAMIDE KRKA	50 MG COMPRESSE RIVESTITE CON FILM- 14 COMPRESSE IN BLISTER PVC/PVDC/AL DIVISIBILE PER DOSE UNITARIA	LACOSAMIDE	LACOSAMIDE	50	milligrammi	Compressa rivestita con film	N03AX18	KRKA D.D. NOVO MESTO	Autorizzata	Procedura Mutuo riconoscimento o Decentrata	Medicinali soggetti a prescrizione medica
048265045	048265	LACOSAMIDE KRKA	50 MG COMPRESSE RIVESTITE CON FILM- 56 COMPRESSE IN BLISTER PVC/PVDC/AL DIVISIBILE PER DOSE UNITARIA	LACOSAMIDE	LACOSAMIDE	50	milligrammi	Compressa rivestita con film	N03AX18	KRKA D.D. NOVO MESTO	Autorizzata	Procedura Mutuo riconoscimento o Decentrata	Medicinali soggetti a prescrizione medica
048265058	048265	LACOSAMIDE KRKA	100 MG COMPRESSE RIVESTITE CON FILM- 14 COMPRESSE IN BLISTER PVC/PVDC/AL	LACOSAMIDE	LACOSAMIDE	100	milligrammi	Compressa rivestita con film	N03AX18	KRKA D.D. NOVO MESTO	Autorizzata	Procedura Mutuo riconoscimento o Decentrata	Medicinali soggetti a prescrizione medica
048265060	048265	LACOSAMIDE KRKA	100 MG COMPRESSE RIVESTITE CON FILM- 56 COMPRESSE IN BLISTER PVC/PVDC/AL	LACOSAMIDE	LACOSAMIDE	100	milligrammi	Compressa rivestita con film	N03AX18	KRKA D.D. NOVO MESTO	Autorizzata	Procedura Mutuo riconoscimento o Decentrata	Medicinali soggetti a prescrizione medica
048265072	048265	LACOSAMIDE KRKA	100 MG COMPRESSE RIVESTITE CON FILM- 14 COMPRESSE IN BLISTER PVC/PVDC/AL DIVISIBILE PER DOSE UNITARIA	LACOSAMIDE	LACOSAMIDE	100	milligrammi	Compressa rivestita con film	N03AX18	KRKA D.D. NOVO MESTO	Autorizzata	Procedura Mutuo riconoscimento o Decentrata	Medicinali soggetti a prescrizione medica
048265084	048265	LACOSAMIDE KRKA	100 MG COMPRESSE RIVESTITE CON FILM- 56 COMPRESSE IN BLISTER PVC/PVDC/AL DIVISIBILE PER DOSE UNITARIA	LACOSAMIDE	LACOSAMIDE	100	milligrammi	Compressa rivestita con film	N03AX18	KRKA D.D. NOVO MESTO	Autorizzata	Procedura Mutuo riconoscimento o Decentrata	Medicinali soggetti a prescrizione medica
048265096	048265	LACOSAMIDE KRKA	150 MG COMPRESSE RIVESTITE CON FILM- 14 COMPRESSE IN BLISTER PVC/PVDC/AL	LACOSAMIDE	LACOSAMIDE	150	milligrammi	Compressa rivestita con film	N03AX18	KRKA D.D. NOVO MESTO	Autorizzata	Procedura Mutuo riconoscimento o Decentrata	Medicinali soggetti a prescrizione medica
048265108	048265	LACOSAMIDE KRKA	150 MG COMPRESSE RIVESTITE CON FILM- 56 COMPRESSE IN BLISTER PVC/PVDC/AL	LACOSAMIDE	LACOSAMIDE	150	milligrammi	Compressa rivestita con film	N03AX18	KRKA D.D. NOVO MESTO	Autorizzata	Procedura Mutuo riconoscimento o Decentrata	Medicinali soggetti a prescrizione medica
048265110	048265	LACOSAMIDE KRKA	150 MG COMPRESSE RIVESTITE CON FILM- 14 COMPRESSE IN BLISTER PVC/PVDC/AL DIVISIBILE PER DOSE UNITARIA	LACOSAMIDE	LACOSAMIDE	150	milligrammi	Compressa rivestita con film	N03AX18	KRKA D.D. NOVO MESTO	Autorizzata	Procedura Mutuo riconoscimento o Decentrata	Medicinali soggetti a prescrizione medica
048265122	048265	LACOSAMIDE KRKA	150 MG COMPRESSE RIVESTITE CON FILM- 56 COMPRESSE IN BLISTER PVC/PVDC/AL DIVISIBILE PER DOSE UNITARIA	LACOSAMIDE	LACOSAMIDE	150	milligrammi	Compressa rivestita con film	N03AX18	KRKA D.D. NOVO MESTO	Autorizzata	Procedura Mutuo riconoscimento o Decentrata	Medicinali soggetti a prescrizione medica
048265134	048265	LACOSAMIDE KRKA	200 MG COMPRESSE RIVESTITE CON FILM- 14 COMPRESSE IN BLISTER PVC/PVDC/AL	LACOSAMIDE	LACOSAMIDE	200	milligrammi	Compressa rivestita con film	N03AX18	KRKA D.D. NOVO MESTO	Autorizzata	Procedura Mutuo riconoscimento o Decentrata	Medicinali soggetti a prescrizione medica
048265146	048265	LACOSAMIDE KRKA	200 MG COMPRESSE RIVESTITE CON FILM- 56 COMPRESSE IN BLISTER PVC/PVDC/AL	LACOSAMIDE	LACOSAMIDE	200	milligrammi	Compressa rivestita con film	N03AX18	KRKA D.D. NOVO MESTO	Autorizzata	Procedura Mutuo riconoscimento o Decentrata	Medicinali soggetti a prescrizione medica
048265159	048265	LACOSAMIDE KRKA	200 MG COMPRESSE RIVESTITE CON FILM- 14 COMPRESSE IN BLISTER PVC/PVDC/AL DIVISIBILE PER DOSE UNITARIA	LACOSAMIDE	LACOSAMIDE	200	milligrammi	Compressa rivestita con film	N03AX18	KRKA D.D. NOVO MESTO	Autorizzata	Procedura Mutuo riconoscimento o Decentrata	Medicinali soggetti a prescrizione medica
048265161	048265	LACOSAMIDE KRKA	200 MG COMPRESSE RIVESTITE CON FILM- 56 COMPRESSE IN BLISTER PVC/PVDC/AL DIVISIBILE PER DOSE UNITARIA	LACOSAMIDE	LACOSAMIDE	200	milligrammi	Compressa rivestita con film	N03AX18	KRKA D.D. NOVO MESTO	Autorizzata	Procedura Mutuo riconoscimento o Decentrata	Medicinali soggetti a prescrizione medica
048959011	048959	LACOSAMIDE ZENTIVA	50 MG COMPRESSE RIVESTITE CON FILM- 14 COMPRESSE IN BLISTER PVC/PVDC/AL	LACOSAMIDE	LACOSAMIDE	50	milligrammi	Compressa rivestita con film	N03AX18	ZENTIVA ITALIA S.R.L.	Autorizzata	Procedura Mutuo riconoscimento o Decentrata	Medicinali soggetti a prescrizione medica
048959023	048959	LACOSAMIDE ZENTIVA	50 MG COMPRESSE RIVESTITE CON FILM- 56 COMPRESSE IN BLISTER PVC/PVDC/AL	LACOSAMIDE	LACOSAMIDE	50	milligrammi	Compressa rivestita con film	N03AX18	ZENTIVA ITALIA S.R.L.	Autorizzata	Procedura Mutuo riconoscimento o Decentrata	Medicinali soggetti a prescrizione medica
048959035	048959	LACOSAMIDE ZENTIVA	50 MG COMPRESSE RIVESTITE CON FILM- 168 COMPRESSE IN BLISTER PVC/PVDC/AL	LACOSAMIDE	LACOSAMIDE	50	milligrammi	Compressa rivestita con film	N03AX18	ZENTIVA ITALIA S.R.L.	Autorizzata	Procedura Mutuo riconoscimento o Decentrata	Medicinali soggetti a prescrizione medica
048959047	048959	LACOSAMIDE ZENTIVA	100 MG COMPRESSE RIVESTITE CON FILM- 14 COMPRESSE IN BLISTER PVC/PVDC/AL	LACOSAMIDE	LACOSAMIDE	100	milligrammi	Compressa rivestita con film	N03AX18	ZENTIVA ITALIA S.R.L.	Autorizzata	Procedura Mutuo riconoscimento o Decentrata	Medicinali soggetti a prescrizione medica
048959050	048959	LACOSAMIDE ZENTIVA	100 MG COMPRESSE RIVESTITE CON FILM- 56 COMPRESSE IN BLISTER PVC/PVDC/AL	LACOSAMIDE	LACOSAMIDE	100	milligrammi	Compressa rivestita con film	N03AX18	ZENTIVA ITALIA S.R.L.	Autorizzata	Procedura Mutuo riconoscimento o Decentrata	Medicinali soggetti a prescrizione medica
048959062	048959	LACOSAMIDE ZENTIVA	100 MG COMPRESSE RIVESTITE CON FILM- 168 COMPRESSE IN BLISTER PVC/PVDC/AL	LACOSAMIDE	LACOSAMIDE	100	milligrammi	Compressa rivestita con film	N03AX18	ZENTIVA ITALIA S.R.L.	Autorizzata	Procedura Mutuo riconoscimento o Decentrata	Medicinali soggetti a prescrizione medica
048959074	048959	LACOSAMIDE ZENTIVA	150 MG COMPRESSE RIVESTITE CON FILM- 14 COMPRESSE IN BLISTER PVC/PVDC/AL	LACOSAMIDE	LACOSAMIDE	150	milligrammi	Compressa rivestita con film	N03AX18	ZENTIVA ITALIA S.R.L.	Autorizzata	Procedura Mutuo riconoscimento o Decentrata	Medicinali soggetti a prescrizione medica
048959086	048959	LACOSAMIDE ZENTIVA	150 MG COMPRESSE RIVESTITE CON FILM- 56 COMPRESSE IN BLISTER PVC/PVDC/AL	LACOSAMIDE	LACOSAMIDE	150	milligrammi	Compressa rivestita con film	N03AX18	ZENTIVA ITALIA S.R.L.	Autorizzata	Procedura Mutuo riconoscimento o Decentrata	Medicinali soggetti a prescrizione medica
048959098	048959	LACOSAMIDE ZENTIVA	150 MG COMPRESSE RIVESTITE CON FILM- 168 COMPRESSE IN BLISTER PVC/PVDC/AL	LACOSAMIDE	LACOSAMIDE	150	milligrammi	Compressa rivestita con film	N03AX18	ZENTIVA ITALIA S.R.L.	Autorizzata	Procedura Mutuo riconoscimento o Decentrata	Medicinali soggetti a prescrizione medica
048959100	048959	LACOSAMIDE ZENTIVA	200 MG COMPRESSE RIVESTITE CON FILM- 14 COMPRESSE IN BLISTER PVC/PVDC/AL	LACOSAMIDE	LACOSAMIDE	200	milligrammi	Compressa rivestita con film	N03AX18	ZENTIVA ITALIA S.R.L.	Autorizzata	Procedura Mutuo riconoscimento o Decentrata	Medicinali soggetti a prescrizione medica
048959112	048959	LACOSAMIDE ZENTIVA	200 MG COMPRESSE RIVESTITE CON FILM- 56 COMPRESSE IN BLISTER PVC/PVDC/AL	LACOSAMIDE	LACOSAMIDE	200	milligrammi	Compressa rivestita con film	N03AX18	ZENTIVA ITALIA S.R.L.	Autorizzata	Procedura Mutuo riconoscimento o Decentrata	Medicinali soggetti a prescrizione medica
048959124	048959	LACOSAMIDE ZENTIVA	200 MG COMPRESSE RIVESTITE CON FILM- 168 COMPRESSE IN BLISTER PVC/PVDC/AL	LACOSAMIDE	LACOSAMIDE	200	milligrammi	Compressa rivestita con film	N03AX18	ZENTIVA ITALIA S.R.L.	Autorizzata	Procedura Mutuo riconoscimento o Decentrata	Medicinali soggetti a prescrizione medica
049058011	049058	LACOSAMIDE MYLAN	50 MG COMPRESSE RIVESTITE CON FILM- 14 COMPRESSE IN BLISTER PVC/PVDC/AL	LACOSAMIDE	LACOSAMIDE			Compressa rivestita con film	N03AX18	MYLAN S.P.A.	Autorizzata	Procedura Mutuo riconoscimento o Decentrata	Medicinali soggetti a prescrizione medica
049058023	049058	LACOSAMIDE MYLAN	50 MG COMPRESSE RIVESTITE CON FILM- 14 COMPRESSE IN BLISTER PVC/PVDC/AL DIVISIBILE PER DOSE UNITARIA	LACOSAMIDE	LACOSAMIDE			Compressa rivestita con film	N03AX18	MYLAN S.P.A.	Autorizzata	Procedura Mutuo riconoscimento o Decentrata	Medicinali soggetti a prescrizione medica
049058035	049058	LACOSAMIDE MYLAN	50 MG COMPRESSE RIVESTITE CON FILM- 28 COMPRESSE IN BLISTER PVC/PVDC/AL	LACOSAMIDE	LACOSAMIDE			Compressa rivestita con film	N03AX18	MYLAN S.P.A.	Autorizzata	Procedura Mutuo riconoscimento o Decentrata	Medicinali soggetti a prescrizione medica
049058047	049058	LACOSAMIDE MYLAN	50 MG COMPRESSE RIVESTITE CON FILM- 56 COMPRESSE IN BLISTER PVC/PVDC/AL	LACOSAMIDE	LACOSAMIDE			Compressa rivestita con film	N03AX18	MYLAN S.P.A.	Autorizzata	Procedura Mutuo riconoscimento o Decentrata	Medicinali soggetti a prescrizione medica
049058050	049058	LACOSAMIDE MYLAN	50 MG COMPRESSE RIVESTITE CON FILM- 56 COMPRESSE IN BLISTER PVC/PVDC/AL DIVISIBILE PER DOSE UNITARIA	LACOSAMIDE	LACOSAMIDE			Compressa rivestita con film	N03AX18	MYLAN S.P.A.	Autorizzata	Procedura Mutuo riconoscimento o Decentrata	Medicinali soggetti a prescrizione medica
049058062	049058	LACOSAMIDE MYLAN	50 MG COMPRESSE RIVESTITE CON FILM- 168 COMPRESSE IN BLISTER PVC/PVDC/AL	LACOSAMIDE	LACOSAMIDE			Compressa rivestita con film	N03AX18	MYLAN S.P.A.	Autorizzata	Procedura Mutuo riconoscimento o Decentrata	Medicinali soggetti a prescrizione medica
049058074	049058	LACOSAMIDE MYLAN	50 MG COMPRESSE RIVESTITE CON FILM- 3 X 56 COMPRESSE IN BLISTER PVC/PVDC/AL	LACOSAMIDE	LACOSAMIDE			Compressa rivestita con film	N03AX18	MYLAN S.P.A.	Autorizzata	Procedura Mutuo riconoscimento o Decentrata	Medicinali soggetti a prescrizione medica
049058086	049058	LACOSAMIDE MYLAN	100 MG COMPRESSE RIVESTITE CON FILM- 14 COMPRESSE IN BLISTER PVC/PVDC/AL	LACOSAMIDE	LACOSAMIDE			Compressa rivestita con film	N03AX18	MYLAN S.P.A.	Autorizzata	Procedura Mutuo riconoscimento o Decentrata	Medicinali soggetti a prescrizione medica
049058098	049058	LACOSAMIDE MYLAN	100 MG COMPRESSE RIVESTITE CON FILM- 14 COMPRESSE IN BLISTER PVC/PVDC/AL DIVISIBILE PER DOSE UNITARIA	LACOSAMIDE	LACOSAMIDE			Compressa rivestita con film	N03AX18	MYLAN S.P.A.	Autorizzata	Procedura Mutuo riconoscimento o Decentrata	Medicinali soggetti a prescrizione medica
049058100	049058	LACOSAMIDE MYLAN	100 MG COMPRESSE RIVESTITE CON FILM- 28 COMPRESSE IN BLISTER PVC/PVDC/AL	LACOSAMIDE	LACOSAMIDE			Compressa rivestita con film	N03AX18	MYLAN S.P.A.	Autorizzata	Procedura Mutuo riconoscimento o Decentrata	Medicinali soggetti a prescrizione medica
049058112	049058	LACOSAMIDE MYLAN	100 MG COMPRESSE RIVESTITE CON FILM- 56 COMPRESSE IN BLISTER PVC/PVDC/AL	LACOSAMIDE	LACOSAMIDE			Compressa rivestita con film	N03AX18	MYLAN S.P.A.	Autorizzata	Procedura Mutuo riconoscimento o Decentrata	Medicinali soggetti a prescrizione medica
049058124	049058	LACOSAMIDE MYLAN	100 MG COMPRESSE RIVESTITE CON FILM- 56 COMPRESSE IN BLISTER PVC/PVDC/AL DIVISIBILE PER DOSE UNITARIA	LACOSAMIDE	LACOSAMIDE			Compressa rivestita con film	N03AX18	MYLAN S.P.A.	Autorizzata	Procedura Mutuo riconoscimento o Decentrata	Medicinali soggetti a prescrizione medica
049058136	049058	LACOSAMIDE MYLAN	100 MG COMPRESSE RIVESTITE CON FILM- 168 COMPRESSE IN BLISTER PVC/PVDC/AL	LACOSAMIDE	LACOSAMIDE			Compressa rivestita con film	N03AX18	MYLAN S.P.A.	Autorizzata	Procedura Mutuo riconoscimento o Decentrata	Medicinali soggetti a prescrizione medica
049058148	049058	LACOSAMIDE MYLAN	100 MG COMPRESSE RIVESTITE CON FILM- 3 X 56 COMPRESSE IN BLISTER PVC/PVDC/AL	LACOSAMIDE	LACOSAMIDE			Compressa rivestita con film	N03AX18	MYLAN S.P.A.	Autorizzata	Procedura Mutuo riconoscimento o Decentrata	Medicinali soggetti a prescrizione medica
049058151	049058	LACOSAMIDE MYLAN	150 MG COMPRESSE RIVESTITE CON FILM- 14 COMPRESSE IN BLISTER PVC/PVDC/AL	LACOSAMIDE	LACOSAMIDE			Compressa rivestita con film	N03AX18	MYLAN S.P.A.	Autorizzata	Procedura Mutuo riconoscimento o Decentrata	Medicinali soggetti a prescrizione medica
049058163	049058	LACOSAMIDE MYLAN	150 MG COMPRESSE RIVESTITE CON FILM- 14 COMPRESSE IN BLISTER PVC/PVDC/AL DIVISIBILE PER DOSE UNITARIA	LACOSAMIDE	LACOSAMIDE			Compressa rivestita con film	N03AX18	MYLAN S.P.A.	Autorizzata	Procedura Mutuo riconoscimento o Decentrata	Medicinali soggetti a prescrizione medica
049058175	049058	LACOSAMIDE MYLAN	150 MG COMPRESSE RIVESTITE CON FILM- 28 COMPRESSE IN BLISTER PVC/PVDC/AL	LACOSAMIDE	LACOSAMIDE			Compressa rivestita con film	N03AX18	MYLAN S.P.A.	Autorizzata	Procedura Mutuo riconoscimento o Decentrata	Medicinali soggetti a prescrizione medica
049058187	049058	LACOSAMIDE MYLAN	150 MG COMPRESSE RIVESTITE CON FILM- 56 COMPRESSE IN BLISTER PVC/PVDC/AL	LACOSAMIDE	LACOSAMIDE			Compressa rivestita con film	N03AX18	MYLAN S.P.A.	Autorizzata	Procedura Mutuo riconoscimento o Decentrata	Medicinali soggetti a prescrizione medica
049058199	049058	LACOSAMIDE MYLAN	150 MG COMPRESSE RIVESTITE CON FILM- 56 COMPRESSE IN BLISTER PVC/PVDC/AL DIVISIBILE PER DOSE UNITARIA	LACOSAMIDE	LACOSAMIDE			Compressa rivestita con film	N03AX18	MYLAN S.P.A.	Autorizzata	Procedura Mutuo riconoscimento o Decentrata	Medicinali soggetti a prescrizione medica
049058201	049058	LACOSAMIDE MYLAN	150 MG COMPRESSE RIVESTITE CON FILM- 168 COMPRESSE IN BLISTER PVC/PVDC/AL	LACOSAMIDE	LACOSAMIDE			Compressa rivestita con film	N03AX18	MYLAN S.P.A.	Autorizzata	Procedura Mutuo riconoscimento o Decentrata	Medicinali soggetti a prescrizione medica
049058213	049058	LACOSAMIDE MYLAN	150 MG COMPRESSE RIVESTITE CON FILM- 3 X 56 COMPRESSE IN BLISTER PVC/PVDC/AL	LACOSAMIDE	LACOSAMIDE			Compressa rivestita con film	N03AX18	MYLAN S.P.A.	Autorizzata	Procedura Mutuo riconoscimento o Decentrata	Medicinali soggetti a prescrizione medica
049058225	049058	LACOSAMIDE MYLAN	200 MG COMPRESSE RIVESTITE CON FILM- 14 COMPRESSE IN BLISTER PVC/PVDC/AL	LACOSAMIDE	LACOSAMIDE			Compressa rivestita con film	N03AX18	MYLAN S.P.A.	Autorizzata	Procedura Mutuo riconoscimento o Decentrata	Medicinali soggetti a prescrizione medica
049058237	049058	LACOSAMIDE MYLAN	200 MG COMPRESSE RIVESTITE CON FILM- 14 COMPRESSE IN BLISTER PVC/PVDC/AL DIVISIBILE PER DOSE UNITARIA	LACOSAMIDE	LACOSAMIDE			Compressa rivestita con film	N03AX18	MYLAN S.P.A.	Autorizzata	Procedura Mutuo riconoscimento o Decentrata	Medicinali soggetti a prescrizione medica
049058249	049058	LACOSAMIDE MYLAN	200 MG COMPRESSE RIVESTITE CON FILM- 28 COMPRESSE IN BLISTER PVC/PVDC/AL	LACOSAMIDE	LACOSAMIDE			Compressa rivestita con film	N03AX18	MYLAN S.P.A.	Autorizzata	Procedura Mutuo riconoscimento o Decentrata	Medicinali soggetti a prescrizione medica
049058252	049058	LACOSAMIDE MYLAN	200 MG COMPRESSE RIVESTITE CON FILM- 56 COMPRESSE IN BLISTER PVC/PVDC/AL	LACOSAMIDE	LACOSAMIDE			Compressa rivestita con film	N03AX18	MYLAN S.P.A.	Autorizzata	Procedura Mutuo riconoscimento o Decentrata	Medicinali soggetti a prescrizione medica
049058264	049058	LACOSAMIDE MYLAN	200 MG COMPRESSE RIVESTITE CON FILM- 56 COMPRESSE IN BLISTER PVC/PVDC/AL DIVISIBILE PER DOSE UNITARIA	LACOSAMIDE	LACOSAMIDE			Compressa rivestita con film	N03AX18	MYLAN S.P.A.	Autorizzata	Procedura Mutuo riconoscimento o Decentrata	Medicinali soggetti a prescrizione medica
049058276	049058	LACOSAMIDE MYLAN	200 MG COMPRESSE RIVESTITE CON FILM- 168 COMPRESSE IN BLISTER PVC/PVDC/AL	LACOSAMIDE	LACOSAMIDE			Compressa rivestita con film	N03AX18	MYLAN S.P.A.	Autorizzata	Procedura Mutuo riconoscimento o Decentrata	Medicinali soggetti a prescrizione medica
049058288	049058	LACOSAMIDE MYLAN	200 MG COMPRESSE RIVESTITE CON FILM- 3 X 56 COMPRESSE IN BLISTER PVC/PVDC/AL	LACOSAMIDE	LACOSAMIDE			Compressa rivestita con film	N03AX18	MYLAN S.P.A.	Autorizzata	Procedura Mutuo riconoscimento o Decentrata	Medicinali soggetti a prescrizione medica
049445012	049445	LACOSAMIDE AUROBINDO	50 MG COMPRESSE RIVESTITE CON FILM- 14 COMPRESSE IN BLISTER PVC/PVDC/AL	LACOSAMIDE	LACOSAMIDE			Compressa rivestita con film	N03AX18	AUROBINDO PHARMA (ITALIA) S.R.L.	Autorizzata	Procedura Mutuo riconoscimento o Decentrata	Medicinali soggetti a prescrizione medica
049445024	049445	LACOSAMIDE AUROBINDO	50 MG COMPRESSE RIVESTITE CON FILM- 28 COMPRESSE IN BLISTER PVC/PVDC/AL	LACOSAMIDE	LACOSAMIDE			Compressa rivestita con film	N03AX18	AUROBINDO PHARMA (ITALIA) S.R.L.	Autorizzata	Procedura Mutuo riconoscimento o Decentrata	Medicinali soggetti a prescrizione medica
049445036	049445	LACOSAMIDE AUROBINDO	50 MG COMPRESSE RIVESTITE CON FILM- 56 COMPRESSE IN BLISTER PVC/PVDC/AL	LACOSAMIDE	LACOSAMIDE			Compressa rivestita con film	N03AX18	AUROBINDO PHARMA (ITALIA) S.R.L.	Autorizzata	Procedura Mutuo riconoscimento o Decentrata	Medicinali soggetti a prescrizione medica
049445048	049445	LACOSAMIDE AUROBINDO	50 MG COMPRESSE RIVESTITE CON FILM- 168 COMPRESSE IN BLISTER PVC/PVDC/AL	LACOSAMIDE	LACOSAMIDE			Compressa rivestita con film	N03AX18	AUROBINDO PHARMA (ITALIA) S.R.L.	Autorizzata	Procedura Mutuo riconoscimento o Decentrata	Medicinali soggetti a prescrizione medica
049445051	049445	LACOSAMIDE AUROBINDO	100 MG COMPRESSE RIVESTITE CON FILM- 14 COMPRESSE IN BLISTER PVC/PVDC/AL	LACOSAMIDE	LACOSAMIDE			Compressa rivestita con film	N03AX18	AUROBINDO PHARMA (ITALIA) S.R.L.	Autorizzata	Procedura Mutuo riconoscimento o Decentrata	Medicinali soggetti a prescrizione medica
049445063	049445	LACOSAMIDE AUROBINDO	100 MG COMPRESSE RIVESTITE CON FILM- 28 COMPRESSE IN BLISTER PVC/PVDC/AL	LACOSAMIDE	LACOSAMIDE			Compressa rivestita con film	N03AX18	AUROBINDO PHARMA (ITALIA) S.R.L.	Autorizzata	Procedura Mutuo riconoscimento o Decentrata	Medicinali soggetti a prescrizione medica
049445075	049445	LACOSAMIDE AUROBINDO	100 MG COMPRESSE RIVESTITE CON FILM- 56 COMPRESSE IN BLISTER PVC/PVDC/AL	LACOSAMIDE	LACOSAMIDE			Compressa rivestita con film	N03AX18	AUROBINDO PHARMA (ITALIA) S.R.L.	Autorizzata	Procedura Mutuo riconoscimento o Decentrata	Medicinali soggetti a prescrizione medica
049445087	049445	LACOSAMIDE AUROBINDO	100 MG COMPRESSE RIVESTITE CON FILM- 168 COMPRESSE IN BLISTER PVC/PVDC/AL	LACOSAMIDE	LACOSAMIDE			Compressa rivestita con film	N03AX18	AUROBINDO PHARMA (ITALIA) S.R.L.	Autorizzata	Procedura Mutuo riconoscimento o Decentrata	Medicinali soggetti a prescrizione medica
049445099	049445	LACOSAMIDE AUROBINDO	150 MG COMPRESSE RIVESTITE CON FILM- 14 COMPRESSE IN BLISTER PVC/PVDC/AL	LACOSAMIDE	LACOSAMIDE			Compressa rivestita con film	N03AX18	AUROBINDO PHARMA (ITALIA) S.R.L.	Autorizzata	Procedura Mutuo riconoscimento o Decentrata	Medicinali soggetti a prescrizione medica
049445101	049445	LACOSAMIDE AUROBINDO	150 MG COMPRESSE RIVESTITE CON FILM- 28 COMPRESSE IN BLISTER PVC/PVDC/AL	LACOSAMIDE	LACOSAMIDE			Compressa rivestita con film	N03AX18	AUROBINDO PHARMA (ITALIA) S.R.L.	Autorizzata	Procedura Mutuo riconoscimento o Decentrata	Medicinali soggetti a prescrizione medica
049445113	049445	LACOSAMIDE AUROBINDO	150 MG COMPRESSE RIVESTITE CON FILM- 56 COMPRESSE IN BLISTER PVC/PVDC/AL	LACOSAMIDE	LACOSAMIDE			Compressa rivestita con film	N03AX18	AUROBINDO PHARMA (ITALIA) S.R.L.	Autorizzata	Procedura Mutuo riconoscimento o Decentrata	Medicinali soggetti a prescrizione medica
049445125	049445	LACOSAMIDE AUROBINDO	150 MG COMPRESSE RIVESTITE CON FILM- 168 COMPRESSE IN BLISTER PVC/PVDC/AL	LACOSAMIDE	LACOSAMIDE			Compressa rivestita con film	N03AX18	AUROBINDO PHARMA (ITALIA) S.R.L.	Autorizzata	Procedura Mutuo riconoscimento o Decentrata	Medicinali soggetti a prescrizione medica
049445137	049445	LACOSAMIDE AUROBINDO	150 MG COMPRESSE RIVESTITE CON FILM- 3 X 56 COMPRESSE IN BLISTER PVC/PVDC/AL	LACOSAMIDE	LACOSAMIDE			Compressa rivestita con film	N03AX18	AUROBINDO PHARMA (ITALIA) S.R.L.	Autorizzata	Procedura Mutuo riconoscimento o Decentrata	Medicinali soggetti a prescrizione medica
049445149	049445	LACOSAMIDE AUROBINDO	200 MG COMPRESSE RIVESTITE CON FILM- 14 COMPRESSE IN BLISTER PVC/PVDC/AL	LACOSAMIDE	LACOSAMIDE			Compressa rivestita con film	N03AX18	AUROBINDO PHARMA (ITALIA) S.R.L.	Autorizzata	Procedura Mutuo riconoscimento o Decentrata	Medicinali soggetti a prescrizione medica
049445152	049445	LACOSAMIDE AUROBINDO	200 MG COMPRESSE RIVESTITE CON FILM- 28 COMPRESSE IN BLISTER PVC/PVDC/AL	LACOSAMIDE	LACOSAMIDE			Compressa rivestita con film	N03AX18	AUROBINDO PHARMA (ITALIA) S.R.L.	Autorizzata	Procedura Mutuo riconoscimento o Decentrata	Medicinali soggetti a prescrizione medica
049445164	049445	LACOSAMIDE AUROBINDO	200 MG COMPRESSE RIVESTITE CON FILM- 56 COMPRESSE IN BLISTER PVC/PVDC/AL	LACOSAMIDE	LACOSAMIDE			Compressa rivestita con film	N03AX18	AUROBINDO PHARMA (ITALIA) S.R.L.	Autorizzata	Procedura Mutuo riconoscimento o Decentrata	Medicinali soggetti a prescrizione medica
049445176	049445	LACOSAMIDE AUROBINDO	200 MG COMPRESSE RIVESTITE CON FILM- 168 COMPRESSE IN BLISTER PVC/PVDC/AL	LACOSAMIDE	LACOSAMIDE			Compressa rivestita con film	N03AX18	AUROBINDO PHARMA (ITALIA) S.R.L.	Autorizzata	Procedura Mutuo riconoscimento o Decentrata	Medicinali soggetti a prescrizione medica
049445188	049445	LACOSAMIDE AUROBINDO	200 MG COMPRESSE RIVESTITE CON FILM- 3 X 56 COMPRESSE IN BLISTER PVC/PVDC/AL	LACOSAMIDE	LACOSAMIDE			Compressa rivestita con film	N03AX18	AUROBINDO PHARMA (ITALIA) S.R.L.	Autorizzata	Procedura Mutuo riconoscimento o Decentrata	Medicinali soggetti a prescrizione medica
049898012	049898	NEPILEX	50 MG COMPRESSA RIVESTITA CON FILM- 14 COMPRESSE IN BLISTER OPA/AL/PVC	LACOSAMIDE	LACOSAMIDE	50	milligrammi	Compressa rivestita con film	N03AX18	S.F. GROUP S.R.L.	Autorizzata	Procedura Mutuo riconoscimento o Decentrata	Medicinali soggetti a prescrizione medica
049898024	049898	NEPILEX	50 MG COMPRESSA RIVESTITA CON FILM- 56 COMPRESSE IN BLISTER OPA/AL/PVC	LACOSAMIDE	LACOSAMIDE	50	milligrammi	Compressa rivestita con film	N03AX18	S.F. GROUP S.R.L.	Autorizzata	Procedura Mutuo riconoscimento o Decentrata	Medicinali soggetti a prescrizione medica
049898036	049898	NEPILEX	100 MG COMPRESSA RIVESTITA CON FILM- 14 COMPRESSE IN BLISTER OPA/AL/PVC	LACOSAMIDE	LACOSAMIDE	100	milligrammi	Compressa rivestita con film	N03AX18	S.F. GROUP S.R.L.	Autorizzata	Procedura Mutuo riconoscimento o Decentrata	Medicinali soggetti a prescrizione medica
049898048	049898	NEPILEX	100 MG COMPRESSA RIVESTITA CON FILM- 56 COMPRESSE IN BLISTER OPA/AL/PVC	LACOSAMIDE	LACOSAMIDE	100	milligrammi	Compressa rivestita con film	N03AX18	S.F. GROUP S.R.L.	Autorizzata	Procedura Mutuo riconoscimento o Decentrata	Medicinali soggetti a prescrizione medica
049898051	049898	NEPILEX	150 MG COMPRESSA RIVESTITA CON FILM- 14 COMPRESSE IN BLISTER OPA/AL/PVC	LACOSAMIDE	LACOSAMIDE	150	milligrammi	Compressa rivestita con film	N03AX18	S.F. GROUP S.R.L.	Autorizzata	Procedura Mutuo riconoscimento o Decentrata	Medicinali soggetti a prescrizione medica
049898063	049898	NEPILEX	150 MG COMPRESSA RIVESTITA CON FILM- 56 COMPRESSE IN BLISTER OPA/AL/PVC	LACOSAMIDE	LACOSAMIDE	150	milligrammi	Compressa rivestita con film	N03AX18	S.F. GROUP S.R.L.	Autorizzata	Procedura Mutuo riconoscimento o Decentrata	Medicinali soggetti a prescrizione medica
049898075	049898	NEPILEX	200 MG COMPRESSA RIVESTITA CON FILM- 14 COMPRESSE IN BLISTER OPA/AL/PVC	LACOSAMIDE	LACOSAMIDE	200	milligrammi	Compressa rivestita con film	N03AX18	S.F. GROUP S.R.L.	Autorizzata	Procedura Mutuo riconoscimento o Decentrata	Medicinali soggetti a prescrizione medica
049898087	049898	NEPILEX	200 MG COMPRESSA RIVESTITA CON FILM- 56 COMPRESSE IN BLISTER OPA/AL/PVC	LACOSAMIDE	LACOSAMIDE	200	milligrammi	Compressa rivestita con film	N03AX18	S.F. GROUP S.R.L.	Autorizzata	Procedura Mutuo riconoscimento o Decentrata	Medicinali soggetti a prescrizione medica
049978012	049978	LACOSAMIDE HIKMA	10 MG/ML SOLUZIONE PER INFUSIONE- 1 FLACONCINO IN VETRO DA 20 ML	LACOSAMIDE	LACOSAMIDE	10	milligram(s)/millilitre	Soluzione per infusione	N03AX18	HIKMA FARMACEUTICA (PORTUGAL) S.A.	Autorizzata	Procedura Mutuo riconoscimento o Decentrata	Medicinali soggetti a prescrizione medica
049986019	049986	LACOSAMIDE TEVA	200 MG COMPRESSE RIVESTITE CON FILM- 168X1 COMPRESSE IN BLISTER DIVISIBILE PER DOSE UNITARIA OPA/AL/PVC-AL	LACOSAMIDE	LACOSAMIDE	200	milligrammi	Compressa rivestita con film	N03AX18	TEVA B.V.	Autorizzata	Procedura Mutuo riconoscimento o Decentrata	Medicinali soggetti a prescrizione medica
049986021	049986	LACOSAMIDE TEVA	200 MG COMPRESSE RIVESTITE CON FILM- 168X1 COMPRESSE IN BLISTER DIVISIBILE PER DOSE UNITARIA PVC/PVDC-AL	LACOSAMIDE	LACOSAMIDE	200	milligrammi	Compressa rivestita con film	N03AX18	TEVA B.V.	Autorizzata	Procedura Mutuo riconoscimento o Decentrata	Medicinali soggetti a prescrizione medica
050049016	050049	LACOSAMIDE FRESENIUS KABI	10 MG/ML SOLUZIONE PER INFUSIONE-1 FLACONCINO IN VETRO DA 20 ML	LACOSAMIDE	LACOSAMIDE	10	milligrammi	Soluzione per infusione	N03AX03	FRESENIUS KABI ITALIA S.R.L.	Autorizzata	Procedura Mutuo riconoscimento o Decentrata	Medicinali soggetti a prescrizione medica
050049028	050049	LACOSAMIDE FRESENIUS KABI	10 MG/ML SOLUZIONE PER INFUSIONE- 5 FLACONCINI IN VETRO DA 20 ML	LACOSAMIDE	LACOSAMIDE	10	milligrammi	Soluzione per infusione	N03AX03	FRESENIUS KABI ITALIA S.R.L.	Autorizzata	Procedura Mutuo riconoscimento o Decentrata	Medicinali soggetti a prescrizione medica
050049030	050049	LACOSAMIDE FRESENIUS KABI	10 MG/ML SOLUZIONE PER INFUSIONE- 10 FLACONCINI IN VETRO DA 20 ML	LACOSAMIDE	LACOSAMIDE	10	milligrammi	Soluzione per infusione	N03AX03	FRESENIUS KABI ITALIA S.R.L.	Autorizzata	Procedura Mutuo riconoscimento o Decentrata	Medicinali soggetti a prescrizione medica
050451018	050451	LACOSAMIDE HAMELN	10 MG/ML SOLUZIONE PER INFUSIONE- 1 FLACONCINO IN VETRO DA 20 ML	LACOSAMIDE	LACOSAMIDE			Soluzione per infusione	N03AX18	HAMELN PHARMA GMBH	Autorizzata	Procedura Mutuo riconoscimento o Decentrata	Medicinali soggetti a prescrizione medica
050451020	050451	LACOSAMIDE HAMELN	10 MG/ML SOLUZIONE PER INFUSIONE- 5 FLACONCINI IN VETRO DA 20 ML	LACOSAMIDE	LACOSAMIDE			Soluzione per infusione	N03AX18	HAMELN PHARMA GMBH	Autorizzata	Procedura Mutuo riconoscimento o Decentrata	Medicinali soggetti a prescrizione medica da rinnovare volta per volta
050588019	050588	LACOSAMIDE TECNIGEN	50 MG COMPRESSE RIVESTITE CON FILM- 14 COMPRESSE IN BLISTER PVC/PE/PVDC-AL	LACOSAMIDE	LACOSAMIDE	50	milligrammi	Compressa rivestita con film	N03AX18	TECNIGEN S.R.L.	Autorizzata	Procedura Mutuo riconoscimento o Decentrata	Medicinali soggetti a prescrizione medica
050588021	050588	LACOSAMIDE TECNIGEN	50 MG COMPRESSE RIVESTITE CON FILM- 56 COMPRESSE IN BLISTER PVC/PE/PVDC-AL	LACOSAMIDE	LACOSAMIDE	50	milligrammi	Compressa rivestita con film	N03AX18	TECNIGEN S.R.L.	Autorizzata	Procedura Mutuo riconoscimento o Decentrata	Medicinali soggetti a prescrizione medica
050588033	050588	LACOSAMIDE TECNIGEN	100 MG COMPRESSE RIVESTITE CON FILM- 14 COMPRESSE IN BLISTER PVC/PE/PVDC-AL	LACOSAMIDE	LACOSAMIDE	100	milligrammi	Compressa rivestita con film	N03AX18	TECNIGEN S.R.L.	Autorizzata	Procedura Mutuo riconoscimento o Decentrata	Medicinali soggetti a prescrizione medica
050588045	050588	LACOSAMIDE TECNIGEN	100 MG COMPRESSE RIVESTITE CON FILM- 56 COMPRESSE IN BLISTER PVC/PE/PVDC-AL	LACOSAMIDE	LACOSAMIDE	100	milligrammi	Compressa rivestita con film	N03AX18	TECNIGEN S.R.L.	Autorizzata	Procedura Mutuo riconoscimento o Decentrata	Medicinali soggetti a prescrizione medica
050588058	050588	LACOSAMIDE TECNIGEN	150 MG COMPRESSE RIVESTITE CON FILM- 14 COMPRESSE IN BLISTER PVC/PE/PVDC-AL	LACOSAMIDE	LACOSAMIDE	150	milligrammi	Compressa rivestita con film	N03AX18	TECNIGEN S.R.L.	Autorizzata	Procedura Mutuo riconoscimento o Decentrata	Medicinali soggetti a prescrizione medica
050588060	050588	LACOSAMIDE TECNIGEN	150 MG COMPRESSE RIVESTITE CON FILM- 56 COMPRESSE IN BLISTER PVC/PE/PVDC-AL	LACOSAMIDE	LACOSAMIDE	150	milligrammi	Compressa rivestita con film	N03AX18	TECNIGEN S.R.L.	Autorizzata	Procedura Mutuo riconoscimento o Decentrata	Medicinali soggetti a prescrizione medica
050588072	050588	LACOSAMIDE TECNIGEN	200 MG COMPRESSE RIVESTITE CON FILM- 56 COMPRESSE IN BLISTER PVC/PE/PVDC-AL	LACOSAMIDE	LACOSAMIDE	200	milligrammi	Compressa rivestita con film	N03AX18	TECNIGEN S.R.L.	Autorizzata	Procedura Mutuo riconoscimento o Decentrata	Medicinali soggetti a prescrizione medica
050588084	050588	LACOSAMIDE TECNIGEN	10 MG/ML SCIROPPO-  1 FLACONE IN VETRO DA 200 ML + 1 BICCHIERE DOSATORE + 1 SIRINGA PER SOMMINISTRAZIONE ORALE	LACOSAMIDE	LACOSAMIDE	10	milligram(s)/millilitre	Sciroppo	N03AX18	TECNIGEN S.R.L.	Autorizzata	Procedura Mutuo riconoscimento o Decentrata	Medicinali soggetti a prescrizione medica
050665013	050665	LACOSAMIDE VIVANTA	10 MG/ML SOLUZIONE PER INFUSIONE- 1 FLACONCINO IN VETRO DA 20 ML	LACOSAMIDE	LACOSAMIDE			Soluzione per infusione	N03AX18	VIVANTA GENERICS S.R.O.	Autorizzata	Procedura Mutuo riconoscimento o Decentrata	Medicinali soggetti a prescrizione medica
050665025	050665	LACOSAMIDE VIVANTA	10 MG/ML SOLUZIONE PER INFUSIONE- 5 FLACONCINI IN VETRO DA 20 ML	LACOSAMIDE	LACOSAMIDE			Soluzione per infusione	N03AX18	VIVANTA GENERICS S.R.O.	Autorizzata	Procedura Mutuo riconoscimento o Decentrata	Medicinali soggetti a prescrizione medica
050708015	050708	LACOSAMIDE ADROIQ	10 mg / ml - soluzione per infusione - Uso endovenoso - Flaconcino (in vetro) 20 ml - 5 flaconcini	LACOSAMIDE	LACOSAMIDE	10	milligram(s)/millilitre	Soluzione per infusione	N03AX18	EXTROVIS EU LTD	Autorizzata	Procedura Centralizzata	Medicinali soggetti a prescrizione medica
050708027	050708	LACOSAMIDE ADROIQ	10 mg/mL - Soluzione per infusione - Uso endovenoso - Flaconcino (in vetro) 20 mL - 1 flaconcino	LACOSAMIDE	LACOSAMIDE	10	milligram(s)/millilitre	Soluzione per infusione	N03AX18	EXTROVIS EU LTD	Autorizzata	Procedura Centralizzata	Medicinali soggetti a prescrizione medica
051051011	051051	LACOSAMIDE DR. REDDY'S	10 MG/ML SOLUZIONE PER INFUSIONE- 1 FLACONCINO IN VETRO DA 20 ML	LACOSAMIDE	LACOSAMIDE	10	milligram(s)/millilitre	Soluzione per infusione	N03AX18	DR. REDDY'S S.R.L.	Autorizzata	Procedura Mutuo riconoscimento o Decentrata	Medicinali soggetti a prescrizione medica
051051023	051051	LACOSAMIDE DR. REDDY'S	10 MG/ML SOLUZIONE PER INFUSIONE- 5 FLACONCINI IN VETRO DA 20 ML	LACOSAMIDE	LACOSAMIDE	10	milligram(s)/millilitre	Soluzione per infusione	N03AX18	DR. REDDY'S S.R.L.	Autorizzata	Procedura Mutuo riconoscimento o Decentrata	Medicinali soggetti a prescrizione medica
051321014	051321	LACOSAMIDE TILLOMED	10 MG/ML SOLUZIONE PER INFUSIONE- 1 FLACONCINO IN VETRO DA 20 ML	LACOSAMIDE	LACOSAMIDE			Soluzione per infusione	N03AX18	TILLOMED ITALIA SRL	Autorizzata	Procedura Mutuo riconoscimento o Decentrata	Medicinali soggetti a prescrizione medica
051321026	051321	LACOSAMIDE TILLOMED	10 MG/ML SOLUZIONE PER INFUSIONE- 5 FLACONCINI IN VETRO DA 20 ML	LACOSAMIDE	LACOSAMIDE			Soluzione per infusione	N03AX18	TILLOMED ITALIA SRL	Autorizzata	Procedura Mutuo riconoscimento o Decentrata	Medicinali soggetti a prescrizione medica
052235013	052235	LACOSAMIDE EUGIA	10 MG/ML SOLUZIONE PER INFUSIONE- 1 FLACONCINO IN VETRO DA 20 ML	LACOSAMIDE	LACOSAMIDE			Soluzione per infusione	N03AX18	Eugia Pharma (Malta) Limited	Autorizzata	Procedura Mutuo riconoscimento o Decentrata	Medicinali soggetti a prescrizione medica
052235025	052235	LACOSAMIDE EUGIA	10 MG/ML SOLUZIONE PER INFUSIONE- 5 FLACONCINI IN VETRO DA 20 ML	LACOSAMIDE	LACOSAMIDE			Soluzione per infusione	N03AX18	Eugia Pharma (Malta) Limited	Autorizzata	Procedura Mutuo riconoscimento o Decentrata	Medicinali soggetti a prescrizione medica
052318019	052318	LACOSAMIDE OLPHA	50 MG COMPRESSE RIVESTITE CON FILM- 14 COMPRESSE IN BLISTER PVC/PVDC-AL	LACOSAMIDE	LACOSAMIDE			Compressa rivestita con film	N03AX18	OLPHA AS	Autorizzata	Procedura Mutuo riconoscimento o Decentrata	Medicinali soggetti a prescrizione medica
052318021	052318	LACOSAMIDE OLPHA	50 MG COMPRESSE RIVESTITE CON FILM- 56 COMPRESSE IN BLISTER PVC/PVDC-AL	LACOSAMIDE	LACOSAMIDE			Compressa rivestita con film	N03AX18	OLPHA AS	Autorizzata	Procedura Mutuo riconoscimento o Decentrata	Medicinali soggetti a prescrizione medica
052318033	052318	LACOSAMIDE OLPHA	50 MG COMPRESSE RIVESTITE CON FILM- 168 COMPRESSE IN BLISTER PVC/PVDC-AL	LACOSAMIDE	LACOSAMIDE			Compressa rivestita con film	N03AX18	OLPHA AS	Autorizzata	Procedura Mutuo riconoscimento o Decentrata	Medicinali soggetti a prescrizione medica
052318045	052318	LACOSAMIDE OLPHA	100 MG COMPRESSE RIVESTITE CON FILM- 14 COMPRESSE IN BLISTER PVC/PVDC-AL	LACOSAMIDE	LACOSAMIDE			Compressa rivestita con film	N03AX18	OLPHA AS	Autorizzata	Procedura Mutuo riconoscimento o Decentrata	Medicinali soggetti a prescrizione medica
052318058	052318	LACOSAMIDE OLPHA	100 MG COMPRESSE RIVESTITE CON FILM- 56 COMPRESSE IN BLISTER PVC/PVDC-AL	LACOSAMIDE	LACOSAMIDE			Compressa rivestita con film	N03AX18	OLPHA AS	Autorizzata	Procedura Mutuo riconoscimento o Decentrata	Medicinali soggetti a prescrizione medica
052318060	052318	LACOSAMIDE OLPHA	100 MG COMPRESSE RIVESTITE CON FILM- 168 COMPRESSE IN BLISTER PVC/PVDC-AL	LACOSAMIDE	LACOSAMIDE			Compressa rivestita con film	N03AX18	OLPHA AS	Autorizzata	Procedura Mutuo riconoscimento o Decentrata	Medicinali soggetti a prescrizione medica
052318072	052318	LACOSAMIDE OLPHA	150 MG COMPRESSE RIVESTITE CON FILM- 56 COMPRESSE IN BLISTER PVC/PVDC-AL	LACOSAMIDE	LACOSAMIDE			Compressa rivestita con film	N03AX18	OLPHA AS	Autorizzata	Procedura Mutuo riconoscimento o Decentrata	Medicinali soggetti a prescrizione medica
052318084	052318	LACOSAMIDE OLPHA	150 MG COMPRESSE RIVESTITE CON FILM- 168 COMPRESSE IN BLISTER PVC/PVDC-AL	LACOSAMIDE	LACOSAMIDE			Compressa rivestita con film	N03AX18	OLPHA AS	Autorizzata	Procedura Mutuo riconoscimento o Decentrata	Medicinali soggetti a prescrizione medica
052318096	052318	LACOSAMIDE OLPHA	200 MG COMPRESSE RIVESTITE CON FILM- 56 COMPRESSE IN BLISTER PVC/PVDC-AL	LACOSAMIDE	LACOSAMIDE			Compressa rivestita con film	N03AX18	OLPHA AS	Autorizzata	Procedura Mutuo riconoscimento o Decentrata	Medicinali soggetti a prescrizione medica
052318108	052318	LACOSAMIDE OLPHA	200 MG COMPRESSE RIVESTITE CON FILM- 168COMPRESSE IN BLISTER PVC/PVDC-AL	LACOSAMIDE	LACOSAMIDE			Compressa rivestita con film	N03AX18	OLPHA AS	Autorizzata	Procedura Mutuo riconoscimento o Decentrata	Medicinali soggetti a prescrizione medica
