codice_aic	cod_farmaco	denominazione	descrizione	pa_associati	principio_attivo	quantita	unita_misura	forma	codice_atc	ragione_sociale	stato_amministrativo	tipo_procedura	fornitura
038605010	038605	DONEPEZIL MYLAN GENERICS	5 MG COMPRESSE RIVESTITE CON FILM- 7 COMPRESSE IN BLISTER PVC/PVDC/AL	DONEPEZIL CLORIDRATO	DONEPEZIL CLORIDRATO	5	milligrammi	Compressa rivestita con film	N06DA02	MYLAN S.P.A.	Autorizzata	Procedura Mutuo riconoscimento o Decentrata	Medicinali soggetti a prescrizione medica limitativa, vendibili al pubblico su prescrizione di centri ospedalieri o di specialisti
038605022	038605	DONEPEZIL MYLAN GENERICS	5 MG COMPRESSE RIVESTITE CON FILM- 10 COMPRESSE IN BLISTER PVC/PVDC/AL	DONEPEZIL CLORIDRATO	DONEPEZIL CLORIDRATO	5	milligrammi	Compressa rivestita con film	N06DA02	MYLAN S.P.A.	Autorizzata	Procedura Mutuo riconoscimento o Decentrata	Medicinali soggetti a prescrizione medica limitativa, vendibili al pubblico su prescrizione di centri ospedalieri o di specialisti
038605034	038605	DONEPEZIL MYLAN GENERICS	5 MG COMPRESSE RIVESTITE CON FILM- 28 COMPRESSE IN BLISTER PVC/PVDC/AL	DONEPEZIL CLORIDRATO	DONEPEZIL CLORIDRATO	5	milligrammi	Compressa rivestita con film	N06DA02	MYLAN S.P.A.	Autorizzata	Procedura Mutuo riconoscimento o Decentrata	Medicinali soggetti a prescrizione medica limitativa, vendibili al pubblico su prescrizione di centri ospedalieri o di specialisti
038605046	038605	DONEPEZIL MYLAN GENERICS	5 MG COMPRESSE RIVESTITE CON FILM- 30 COMPRESSE IN BLISTER PVC/PVDC/AL	DONEPEZIL CLORIDRATO	DONEPEZIL CLORIDRATO	5	milligrammi	Compressa rivestita con film	N06DA02	MYLAN S.P.A.	Autorizzata	Procedura Mutuo riconoscimento o Decentrata	Medicinali soggetti a prescrizione medica limitativa, vendibili al pubblico su prescrizione di centri ospedalieri o di specialisti
038605059	038605	DONEPEZIL MYLAN GENERICS	5 MG COMPRESSE RIVESTITE CON FILM- 56 COMPRESSE IN BLISTER PVC/PVDC/AL	DONEPEZIL CLORIDRATO	DONEPEZIL CLORIDRATO	5	milligrammi	Compressa rivestita con film	N06DA02	MYLAN S.P.A.	Autorizzata	Procedura Mutuo riconoscimento o Decentrata	Medicinali soggetti a prescrizione medica limitativa, vendibili al pubblico su prescrizione di centri ospedalieri o di specialisti
038605061	038605	DONEPEZIL MYLAN GENERICS	5 MG COMPRESSE RIVESTITE CON FILM- 60 COMPRESSE IN BLISTER PVC/PVDC/AL	DONEPEZIL CLORIDRATO	DONEPEZIL CLORIDRATO	5	milligrammi	Compressa rivestita con film	N06DA02	MYLAN S.P.A.	Autorizzata	Procedura Mutuo riconoscimento o Decentrata	Medicinali soggetti a prescrizione medica limitativa, vendibili al pubblico su prescrizione di centri ospedalieri o di specialisti
038605073	038605	DONEPEZIL MYLAN GENERICS	5 MG COMPRESSE RIVESTITE CON FILM- 84 COMPRESSE IN BLISTER PVC/PVDC/AL	DONEPEZIL CLORIDRATO	DONEPEZIL CLORIDRATO	5	milligrammi	Compressa rivestita con film	N06DA02	MYLAN S.P.A.	Autorizzata	Procedura Mutuo riconoscimento o Decentrata	Medicinali soggetti a prescrizione medica limitativa, vendibili al pubblico su prescrizione di centri ospedalieri o di specialisti
038605085	038605	DONEPEZIL MYLAN GENERICS	5 MG COMPRESSE RIVESTITE CON FILM- 98 COMPRESSE IN BLISTER PVC/PVDC/AL	DONEPEZIL CLORIDRATO	DONEPEZIL CLORIDRATO	5	milligrammi	Compressa rivestita con film	N06DA02	MYLAN S.P.A.	Autorizzata	Procedura Mutuo riconoscimento o Decentrata	Medicinali soggetti a prescrizione medica limitativa, vendibili al pubblico su prescrizione di centri ospedalieri o di specialisti
038605097	038605	DONEPEZIL MYLAN GENERICS	5 MG COMPRESSE RIVESTITE CON FILM- 100 COMPRESSE IN BLISTER PVC/PVDC/AL	DONEPEZIL CLORIDRATO	DONEPEZIL CLORIDRATO	5	milligrammi	Compressa rivestita con film	N06DA02	MYLAN S.P.A.	Autorizzata	Procedura Mutuo riconoscimento o Decentrata	Medicinali soggetti a prescrizione medica limitativa, vendibili al pubblico su prescrizione di centri ospedalieri o di specialisti
038605109	038605	DONEPEZIL MYLAN GENERICS	5 MG COMPRESSE RIVESTITE CON FILM- 28 COMPRESSE IN BLISTER PVC/PVDC/AL (CONF. CALENDARIO)	DONEPEZIL CLORIDRATO	DONEPEZIL CLORIDRATO	5	milligrammi	Compressa rivestita con film	N06DA02	MYLAN S.P.A.	Autorizzata	Procedura Mutuo riconoscimento o Decentrata	Medicinali soggetti a prescrizione medica limitativa, vendibili al pubblico su prescrizione di centri ospedalieri o di specialisti
038605111	038605	DONEPEZIL MYLAN GENERICS	5 MG COMPRESSE RIVESTITE CON FILM- 98 COMPRESSE IN BLISTER PVC/PVDC/AL (CONF. CALENDARIO)	DONEPEZIL CLORIDRATO	DONEPEZIL CLORIDRATO	5	milligrammi	Compressa rivestita con film	N06DA02	MYLAN S.P.A.	Autorizzata	Procedura Mutuo riconoscimento o Decentrata	Medicinali soggetti a prescrizione medica limitativa, vendibili al pubblico su prescrizione di centri ospedalieri o di specialisti
038605123	038605	DONEPEZIL MYLAN GENERICS	5 MG COMPRESSE RIVESTITE CON FILM- 50 COMPRESSE IN BLISTER IN DOSE UNITARIA PVC/PVDC/AL	DONEPEZIL CLORIDRATO	DONEPEZIL CLORIDRATO	5	milligrammi	Compressa rivestita con film	N06DA02	MYLAN S.P.A.	Autorizzata	Procedura Mutuo riconoscimento o Decentrata	Medicinali soggetti a prescrizione medica limitativa, vendibili al pubblico su prescrizione di centri ospedalieri o di specialisti
038605135	038605	DONEPEZIL MYLAN GENERICS	5 MG COMPRESSE RIVESTITE CON FILM- 100 COMPRESSE IN CONTENITORE PP	DONEPEZIL CLORIDRATO	DONEPEZIL CLORIDRATO	5	milligrammi	Compressa rivestita con film	N06DA02	MYLAN S.P.A.	Autorizzata	Procedura Mutuo riconoscimento o Decentrata	Medicinali soggetti a prescrizione medica limitativa, vendibili al pubblico su prescrizione di centri ospedalieri o di specialisti
038605147	038605	DONEPEZIL MYLAN GENERICS	5 MG COMPRESSE RIVESTITE CON FILM- 250 COMPRESSE IN CONTENITORE PP	DONEPEZIL CLORIDRATO	DONEPEZIL CLORIDRATO	5	milligrammi	Compressa rivestita con film	N06DA02	MYLAN S.P.A.	Autorizzata	Procedura Mutuo riconoscimento o Decentrata	Medicinali soggetti a prescrizione medica limitativa, vendibili al pubblico su prescrizione di centri ospedalieri o di specialisti
038605150	038605	DONEPEZIL MYLAN GENERICS	10 MG COMPRESSE RIVESTITE CON FILM- 10 COMPRESSE IN BLISTER PVC/PVDC/AL	DONEPEZIL CLORIDRATO	DONEPEZIL CLORIDRATO	10	milligrammi	Compressa rivestita con film	N06DA02	MYLAN S.P.A.	Autorizzata	Procedura Mutuo riconoscimento o Decentrata	Medicinali soggetti a prescrizione medica limitativa, vendibili al pubblico su prescrizione di centri ospedalieri o di specialisti
038605162	038605	DONEPEZIL MYLAN GENERICS	10 MG COMPRESSE RIVESTITE CON FILM- 28 COMPRESSE IN BLISTER PVC/PVDC/AL	DONEPEZIL CLORIDRATO	DONEPEZIL CLORIDRATO	10	milligrammi	Compressa rivestita con film	N06DA02	MYLAN S.P.A.	Autorizzata	Procedura Mutuo riconoscimento o Decentrata	Medicinali soggetti a prescrizione medica limitativa, vendibili al pubblico su prescrizione di centri ospedalieri o di specialisti
038605174	038605	DONEPEZIL MYLAN GENERICS	10 MG COMPRESSE RIVESTITE CON FILM- 30 COMPRESSE IN BLISTER PVC/PVDC/AL	DONEPEZIL CLORIDRATO	DONEPEZIL CLORIDRATO	10	milligrammi	Compressa rivestita con film	N06DA02	MYLAN S.P.A.	Autorizzata	Procedura Mutuo riconoscimento o Decentrata	Medicinali soggetti a prescrizione medica limitativa, vendibili al pubblico su prescrizione di centri ospedalieri o di specialisti
038605186	038605	DONEPEZIL MYLAN GENERICS	10 MG COMPRESSE RIVESTITE CON FILM- 56 COMPRESSE IN BLISTER PVC/PVDC/AL	DONEPEZIL CLORIDRATO	DONEPEZIL CLORIDRATO	10	milligrammi	Compressa rivestita con film	N06DA02	MYLAN S.P.A.	Autorizzata	Procedura Mutuo riconoscimento o Decentrata	Medicinali soggetti a prescrizione medica limitativa, vendibili al pubblico su prescrizione di centri ospedalieri o di specialisti
038605198	038605	DONEPEZIL MYLAN GENERICS	10 MG COMPRESSE RIVESTITE CON FILM- 60 COMPRESSE IN BLISTER PVC/PVDC/AL	DONEPEZIL CLORIDRATO	DONEPEZIL CLORIDRATO	10	milligrammi	Compressa rivestita con film	N06DA02	MYLAN S.P.A.	Autorizzata	Procedura Mutuo riconoscimento o Decentrata	Medicinali soggetti a prescrizione medica limitativa, vendibili al pubblico su prescrizione di centri ospedalieri o di specialisti
038605200	038605	DONEPEZIL MYLAN GENERICS	10 MG COMPRESSE RIVESTITE CON FILM- 84 COMPRESSE IN BLISTER PVC/PVDC/AL	DONEPEZIL CLORIDRATO	DONEPEZIL CLORIDRATO	10	milligrammi	Compressa rivestita con film	N06DA02	MYLAN S.P.A.	Autorizzata	Procedura Mutuo riconoscimento o Decentrata	Medicinali soggetti a prescrizione medica limitativa, vendibili al pubblico su prescrizione di centri ospedalieri o di specialisti
038605212	038605	DONEPEZIL MYLAN GENERICS	10 MG COMPRESSE RIVESTITE CON FILM- 98 COMPRESSE IN BLISTER PVC/PVDC/AL	DONEPEZIL CLORIDRATO	DONEPEZIL CLORIDRATO	10	milligrammi	Compressa rivestita con film	N06DA02	MYLAN S.P.A.	Autorizzata	Procedura Mutuo riconoscimento o Decentrata	Medicinali soggetti a prescrizione medica limitativa, vendibili al pubblico su prescrizione di centri ospedalieri o di specialisti
038605224	038605	DONEPEZIL MYLAN GENERICS	10 MG COMPRESSE RIVESTITE CON FILM- 100 COMPRESSE IN BLISTER PVC/PVDC/AL	DONEPEZIL CLORIDRATO	DONEPEZIL CLORIDRATO	10	milligrammi	Compressa rivestita con film	N06DA02	MYLAN S.P.A.	Autorizzata	Procedura Mutuo riconoscimento o Decentrata	Medicinali soggetti a prescrizione medica limitativa, vendibili al pubblico su prescrizione di centri ospedalieri o di specialisti
038605236	038605	DONEPEZIL MYLAN GENERICS	10 MG COMPRESSE RIVESTITE CON FILM- 28 COMPRESSE IN BLISTER PVC/PVDC/AL (CONFEZIONE CALENDARIO)	DONEPEZIL CLORIDRATO	DONEPEZIL CLORIDRATO	10	milligrammi	Compressa rivestita con film	N06DA02	MYLAN S.P.A.	Autorizzata	Procedura Mutuo riconoscimento o Decentrata	Medicinali soggetti a prescrizione medica limitativa, vendibili al pubblico su prescrizione di centri ospedalieri o di specialisti
038605248	038605	DONEPEZIL MYLAN GENERICS	10 MG COMPRESSE RIVESTITE CON FILM- 98 COMPRESSE IN BLISTER PVC/PVDC/AL (CONFEZIONE CALENDARIO)	DONEPEZIL CLORIDRATO	DONEPEZIL CLORIDRATO	10	milligrammi	Compressa rivestita con film	N06DA02	MYLAN S.P.A.	Autorizzata	Procedura Mutuo riconoscimento o Decentrata	Medicinali soggetti a prescrizione medica limitativa, vendibili al pubblico su prescrizione di centri ospedalieri o di specialisti
038605251	038605	DONEPEZIL MYLAN GENERICS	10 MG COMPRESSE RIVESTITE CON FILM- 50 COMPRESSE IN BLISTER IN DOSE UNITARIA PVC/PVDC/AL	DONEPEZIL CLORIDRATO	DONEPEZIL CLORIDRATO	10	milligrammi	Compressa rivestita con film	N06DA02	MYLAN S.P.A.	Autorizzata	Procedura Mutuo riconoscimento o Decentrata	Medicinali soggetti a prescrizione medica limitativa, vendibili al pubblico su prescrizione di centri ospedalieri o di specialisti
038605263	038605	DONEPEZIL MYLAN GENERICS	10 MG COMPRESSE RIVESTITE CON FILM- 100 COMPRESSE IN CONTENITORE PP	DONEPEZIL CLORIDRATO	DONEPEZIL CLORIDRATO	10	milligrammi	Compressa rivestita con film	N06DA02	MYLAN S.P.A.	Autorizzata	Procedura Mutuo riconoscimento o Decentrata	Medicinali soggetti a prescrizione medica limitativa, vendibili al pubblico su prescrizione di centri ospedalieri o di specialisti
038605275	038605	DONEPEZIL MYLAN GENERICS	10 MG COMPRESSE RIVESTITE CON FILM- 250 COMPRESSE IN CONTENITORE PP	DONEPEZIL CLORIDRATO	DONEPEZIL CLORIDRATO	10	milligrammi	Compressa rivestita con film	N06DA02	MYLAN S.P.A.	Autorizzata	Procedura Mutuo riconoscimento o Decentrata	Medicinali soggetti a prescrizione medica limitativa, vendibili al pubblico su prescrizione di centri ospedalieri o di specialisti
038605287	038605	DONEPEZIL MYLAN GENERICS	5 MG COMPRESSE RIVESTITE CON FILM- 100 COMPRESSE IN FLACONE HDPE	DONEPEZIL CLORIDRATO	DONEPEZIL CLORIDRATO	5	milligrammi	Compressa rivestita con film	N06DA02	MYLAN S.P.A.	Autorizzata	Procedura Mutuo riconoscimento o Decentrata	Medicinali soggetti a prescrizione medica limitativa, vendibili al pubblico su prescrizione di centri ospedalieri o di specialisti
038605299	038605	DONEPEZIL MYLAN GENERICS	5 MG COMPRESSE RIVESTITE CON FILM- 250 COMPRESSE IN FLACONE HDPE	DONEPEZIL CLORIDRATO	DONEPEZIL CLORIDRATO	5	milligrammi	Compressa rivestita con film	N06DA02	MYLAN S.P.A.	Autorizzata	Procedura Mutuo riconoscimento o Decentrata	Medicinali soggetti a prescrizione medica limitativa, vendibili al pubblico su prescrizione di centri ospedalieri o di specialisti
038605301	038605	DONEPEZIL MYLAN GENERICS	10 MG COMPRESSE RIVESTITE CON FILM- 100 COMPRESSE IN FLACONE HDPE	DONEPEZIL CLORIDRATO	DONEPEZIL CLORIDRATO	10	milligrammi	Compressa rivestita con film	N06DA02	MYLAN S.P.A.	Autorizzata	Procedura Mutuo riconoscimento o Decentrata	Medicinali soggetti a prescrizione medica limitativa, vendibili al pubblico su prescrizione di centri ospedalieri o di specialisti
038605313	038605	DONEPEZIL MYLAN GENERICS	10 MG COMPRESSE RIVESTITE CON FILM- 250 COMPRESSE IN FLACONE HDPE	DONEPEZIL CLORIDRATO	DONEPEZIL CLORIDRATO	10	milligrammi	Compressa rivestita con film	N06DA02	MYLAN S.P.A.	Autorizzata	Procedura Mutuo riconoscimento o Decentrata	Medicinali soggetti a prescrizione medica limitativa, vendibili al pubblico su prescrizione di centri ospedalieri o di specialisti
038768014	038768	DONEPEZIL ALMUS	5 MG COMPRESSE RIVESTITE CON FILM- 14 COMPRESSE IN BLISTER PVC/AL	DONEPEZIL CLORIDRATO	DONEPEZIL CLORIDRATO	5	milligrammi	Compressa rivestita con film	N06DA02	ALMUS S.R.L.	Autorizzata	Procedura Mutuo riconoscimento o Decentrata	Medicinali soggetti a prescrizione medica limitativa, vendibili al pubblico su prescrizione di centri ospedalieri o di specialisti
038768026	038768	DONEPEZIL ALMUS	5 MG COMPRESSE RIVESTITE CON FILM- 20 COMPRESSE IN BLISTER PVC/AL	DONEPEZIL CLORIDRATO	DONEPEZIL CLORIDRATO	5	milligrammi	Compressa rivestita con film	N06DA02	ALMUS S.R.L.	Autorizzata	Procedura Mutuo riconoscimento o Decentrata	Medicinali soggetti a prescrizione medica limitativa, vendibili al pubblico su prescrizione di centri ospedalieri o di specialisti
038768038	038768	DONEPEZIL ALMUS	5 MG COMPRESSE RIVESTITE CON FILM- 28 COMPRESSE IN BLISTER PVC/AL	DONEPEZIL CLORIDRATO	DONEPEZIL CLORIDRATO	5	milligrammi	Compressa rivestita con film	N06DA02	ALMUS S.R.L.	Autorizzata	Procedura Mutuo riconoscimento o Decentrata	Medicinali soggetti a prescrizione medica limitativa, vendibili al pubblico su prescrizione di centri ospedalieri o di specialisti
038768040	038768	DONEPEZIL ALMUS	5 MG COMPRESSE RIVESTITE CON FILM- 50 COMPRESSE IN BLISTER PVC/AL	DONEPEZIL CLORIDRATO	DONEPEZIL CLORIDRATO	5	milligrammi	Compressa rivestita con film	N06DA02	ALMUS S.R.L.	Autorizzata	Procedura Mutuo riconoscimento o Decentrata	Medicinali soggetti a prescrizione medica limitativa, vendibili al pubblico su prescrizione di centri ospedalieri o di specialisti
038768053	038768	DONEPEZIL ALMUS	5 MG COMPRESSE RIVESTITE CON FILM- 56 COMPRESSE IN BLISTER PVC/AL	DONEPEZIL CLORIDRATO	DONEPEZIL CLORIDRATO	5	milligrammi	Compressa rivestita con film	N06DA02	ALMUS S.R.L.	Autorizzata	Procedura Mutuo riconoscimento o Decentrata	Medicinali soggetti a prescrizione medica limitativa, vendibili al pubblico su prescrizione di centri ospedalieri o di specialisti
038768065	038768	DONEPEZIL ALMUS	5 MG COMPRESSE RIVESTITE CON FILM- 60 COMPRESSE IN BLISTER PVC/AL	DONEPEZIL CLORIDRATO	DONEPEZIL CLORIDRATO	5	milligrammi	Compressa rivestita con film	N06DA02	ALMUS S.R.L.	Autorizzata	Procedura Mutuo riconoscimento o Decentrata	Medicinali soggetti a prescrizione medica limitativa, vendibili al pubblico su prescrizione di centri ospedalieri o di specialisti
038768077	038768	DONEPEZIL ALMUS	10 MG COMPRESSE RIVESTITE CON FILM- 14 COMPRESSE IN BLISTER PVC/AL	DONEPEZIL CLORIDRATO	DONEPEZIL CLORIDRATO	10	milligrammi	Compressa rivestita con film	N06DA02	ALMUS S.R.L.	Autorizzata	Procedura Mutuo riconoscimento o Decentrata	Medicinali soggetti a prescrizione medica limitativa, vendibili al pubblico su prescrizione di centri ospedalieri o di specialisti
038768089	038768	DONEPEZIL ALMUS	10 MG COMPRESSE RIVESTITE CON FILM- 20 COMPRESSE IN BLISTER PVC/AL	DONEPEZIL CLORIDRATO	DONEPEZIL CLORIDRATO	10	milligrammi	Compressa rivestita con film	N06DA02	ALMUS S.R.L.	Autorizzata	Procedura Mutuo riconoscimento o Decentrata	Medicinali soggetti a prescrizione medica limitativa, vendibili al pubblico su prescrizione di centri ospedalieri o di specialisti
038768091	038768	DONEPEZIL ALMUS	10 MG COMPRESSE RIVESTITE CON FILM- 28 COMPRESSE IN BLISTER PVC/AL	DONEPEZIL CLORIDRATO	DONEPEZIL CLORIDRATO	10	milligrammi	Compressa rivestita con film	N06DA02	ALMUS S.R.L.	Autorizzata	Procedura Mutuo riconoscimento o Decentrata	Medicinali soggetti a prescrizione medica limitativa, vendibili al pubblico su prescrizione di centri ospedalieri o di specialisti
038768103	038768	DONEPEZIL ALMUS	10 MG COMPRESSE RIVESTITE CON FILM- 50 COMPRESSE IN BLISTER PVC/AL	DONEPEZIL CLORIDRATO	DONEPEZIL CLORIDRATO	10	milligrammi	Compressa rivestita con film	N06DA02	ALMUS S.R.L.	Autorizzata	Procedura Mutuo riconoscimento o Decentrata	Medicinali soggetti a prescrizione medica limitativa, vendibili al pubblico su prescrizione di centri ospedalieri o di specialisti
038768115	038768	DONEPEZIL ALMUS	10 MG COMPRESSE RIVESTITE CON FILM- 56 COMPRESSE IN BLISTER PVC/AL	DONEPEZIL CLORIDRATO	DONEPEZIL CLORIDRATO	10	milligrammi	Compressa rivestita con film	N06DA02	ALMUS S.R.L.	Autorizzata	Procedura Mutuo riconoscimento o Decentrata	Medicinali soggetti a prescrizione medica limitativa, vendibili al pubblico su prescrizione di centri ospedalieri o di specialisti
038768127	038768	DONEPEZIL ALMUS	10 MG COMPRESSE RIVESTITE CON FILM- 60 COMPRESSE IN BLISTER PVC/AL	DONEPEZIL CLORIDRATO	DONEPEZIL CLORIDRATO	10	milligrammi	Compressa rivestita con film	N06DA02	ALMUS S.R.L.	Autorizzata	Procedura Mutuo riconoscimento o Decentrata	Medicinali soggetti a prescrizione medica limitativa, vendibili al pubblico su prescrizione di centri ospedalieri o di specialisti
039145014	039145	DONEPEZIL SANDOZ	5 MG COMPRESSE RIVESTITE CON FILM- 7 COMPRESSE IN BLISTER PVC/AL	DONEPEZIL CLORIDRATO	DONEPEZIL CLORIDRATO	5	milligrammi	Compressa rivestita con film	N06DA02	SANDOZ S.P.A.	Autorizzata	Procedura Mutuo riconoscimento o Decentrata	Medicinali soggetti a prescrizione medica limitativa, vendibili al pubblico su prescrizione di centri ospedalieri o di specialisti
039145026	039145	DONEPEZIL SANDOZ	5 MG COMPRESSE RIVESTITE CON FILM- 10 COMPRESSE IN BLISTER PVC/AL	DONEPEZIL CLORIDRATO	DONEPEZIL CLORIDRATO	5	milligrammi	Compressa rivestita con film	N06DA02	SANDOZ S.P.A.	Autorizzata	Procedura Mutuo riconoscimento o Decentrata	Medicinali soggetti a prescrizione medica limitativa, vendibili al pubblico su prescrizione di centri ospedalieri o di specialisti
039145038	039145	DONEPEZIL SANDOZ	5 MG COMPRESSE RIVESTITE CON FILM- 14 COMPRESSE IN BLISTER PVC/AL	DONEPEZIL CLORIDRATO	DONEPEZIL CLORIDRATO	5	milligrammi	Compressa rivestita con film	N06DA02	SANDOZ S.P.A.	Autorizzata	Procedura Mutuo riconoscimento o Decentrata	Medicinali soggetti a prescrizione medica limitativa, vendibili al pubblico su prescrizione di centri ospedalieri o di specialisti
039145040	039145	DONEPEZIL SANDOZ	5 MG COMPRESSE RIVESTITE CON FILM- 28 COMPRESSE IN BLISTER PVC/AL	DONEPEZIL CLORIDRATO	DONEPEZIL CLORIDRATO	5	milligrammi	Compressa rivestita con film	N06DA02	SANDOZ S.P.A.	Autorizzata	Procedura Mutuo riconoscimento o Decentrata	Medicinali soggetti a prescrizione medica limitativa, vendibili al pubblico su prescrizione di centri ospedalieri o di specialisti
039145053	039145	DONEPEZIL SANDOZ	5 MG COMPRESSE RIVESTITE CON FILM- 30 COMPRESSE IN BLISTER PVC/AL	DONEPEZIL CLORIDRATO	DONEPEZIL CLORIDRATO	5	milligrammi	Compressa rivestita con film	N06DA02	SANDOZ S.P.A.	Autorizzata	Procedura Mutuo riconoscimento o Decentrata	Medicinali soggetti a prescrizione medica limitativa, vendibili al pubblico su prescrizione di centri ospedalieri o di specialisti
039145065	039145	DONEPEZIL SANDOZ	5 MG COMPRESSE RIVESTITE CON FILM- 50 COMPRESSE IN BLISTER PVC/AL	DONEPEZIL CLORIDRATO	DONEPEZIL CLORIDRATO	5	milligrammi	Compressa rivestita con film	N06DA02	SANDOZ S.P.A.	Autorizzata	Procedura Mutuo riconoscimento o Decentrata	Medicinali soggetti a prescrizione medica limitativa, vendibili al pubblico su prescrizione di centri ospedalieri o di specialisti
039145077	039145	DONEPEZIL SANDOZ	5 MG COMPRESSE RIVESTITE CON FILM- 56 COMPRESSE IN BLISTER PVC/AL	DONEPEZIL CLORIDRATO	DONEPEZIL CLORIDRATO	5	milligrammi	Compressa rivestita con film	N06DA02	SANDOZ S.P.A.	Autorizzata	Procedura Mutuo riconoscimento o Decentrata	Medicinali soggetti a prescrizione medica limitativa, vendibili al pubblico su prescrizione di centri ospedalieri o di specialisti
039145089	039145	DONEPEZIL SANDOZ	5 MG COMPRESSE RIVESTITE CON FILM- 60 COMPRESSE IN BLISTER PVC/AL	DONEPEZIL CLORIDRATO	DONEPEZIL CLORIDRATO	5	milligrammi	Compressa rivestita con film	N06DA02	SANDOZ S.P.A.	Autorizzata	Procedura Mutuo riconoscimento o Decentrata	Medicinali soggetti a prescrizione medica limitativa, vendibili al pubblico su prescrizione di centri ospedalieri o di specialisti
039145091	039145	DONEPEZIL SANDOZ	5 MG COMPRESSE RIVESTITE CON FILM- 84 COMPRESSE IN BLISTER PVC/AL	DONEPEZIL CLORIDRATO	DONEPEZIL CLORIDRATO	5	milligrammi	Compressa rivestita con film	N06DA02	SANDOZ S.P.A.	Autorizzata	Procedura Mutuo riconoscimento o Decentrata	Medicinali soggetti a prescrizione medica limitativa, vendibili al pubblico su prescrizione di centri ospedalieri o di specialisti
039145103	039145	DONEPEZIL SANDOZ	5 MG COMPRESSE RIVESTITE CON FILM- 90 COMPRESSE IN BLISTER PVC/AL	DONEPEZIL CLORIDRATO	DONEPEZIL CLORIDRATO	5	milligrammi	Compressa rivestita con film	N06DA02	SANDOZ S.P.A.	Autorizzata	Procedura Mutuo riconoscimento o Decentrata	Medicinali soggetti a prescrizione medica limitativa, vendibili al pubblico su prescrizione di centri ospedalieri o di specialisti
039145115	039145	DONEPEZIL SANDOZ	5 MG COMPRESSE RIVESTITE CON FILM- 98 COMPRESSE IN BLISTER PVC/AL	DONEPEZIL CLORIDRATO	DONEPEZIL CLORIDRATO	5	milligrammi	Compressa rivestita con film	N06DA02	SANDOZ S.P.A.	Autorizzata	Procedura Mutuo riconoscimento o Decentrata	Medicinali soggetti a prescrizione medica limitativa, vendibili al pubblico su prescrizione di centri ospedalieri o di specialisti
039145127	039145	DONEPEZIL SANDOZ	5 MG COMPRESSE RIVESTITE CON FILM- 100 COMPRESSE IN BLISTER PVC/AL	DONEPEZIL CLORIDRATO	DONEPEZIL CLORIDRATO	5	milligrammi	Compressa rivestita con film	N06DA02	SANDOZ S.P.A.	Autorizzata	Procedura Mutuo riconoscimento o Decentrata	Medicinali soggetti a prescrizione medica limitativa, vendibili al pubblico su prescrizione di centri ospedalieri o di specialisti
039145139	039145	DONEPEZIL SANDOZ	5 MG COMPRESSE RIVESTITE CON FILM- 100X1 COMPRESSE IN BLISTER PVC/AL	DONEPEZIL CLORIDRATO	DONEPEZIL CLORIDRATO	5	milligrammi	Compressa rivestita con film	N06DA02	SANDOZ S.P.A.	Autorizzata	Procedura Mutuo riconoscimento o Decentrata	Medicinali soggetti a prescrizione medica limitativa, vendibili al pubblico su prescrizione di centri ospedalieri o di specialisti
039145141	039145	DONEPEZIL SANDOZ	5 MG COMPRESSE RIVESTITE CON FILM- 120 COMPRESSE IN BLISTER PVC/AL	DONEPEZIL CLORIDRATO	DONEPEZIL CLORIDRATO	5	milligrammi	Compressa rivestita con film	N06DA02	SANDOZ S.P.A.	Autorizzata	Procedura Mutuo riconoscimento o Decentrata	Medicinali soggetti a prescrizione medica limitativa, vendibili al pubblico su prescrizione di centri ospedalieri o di specialisti
039145154	039145	DONEPEZIL SANDOZ	5 MG COMPRESSE RIVESTITE CON FILM- 100 COMPRESSE IN FLACONE HDPE	DONEPEZIL CLORIDRATO	DONEPEZIL CLORIDRATO	5	milligrammi	Compressa rivestita con film	N06DA02	SANDOZ S.P.A.	Autorizzata	Procedura Mutuo riconoscimento o Decentrata	Medicinali soggetti a prescrizione medica limitativa, vendibili al pubblico su prescrizione di centri ospedalieri o di specialisti
039145166	039145	DONEPEZIL SANDOZ	10 MG COMPRESSE RIVESTITE CON FILM- 7 COMPRESSE IN BLISTER PVC/AL	DONEPEZIL CLORIDRATO	DONEPEZIL CLORIDRATO	10	milligrammi	Compressa rivestita con film	N06DA02	SANDOZ S.P.A.	Autorizzata	Procedura Mutuo riconoscimento o Decentrata	Medicinali soggetti a prescrizione medica limitativa, vendibili al pubblico su prescrizione di centri ospedalieri o di specialisti
039145178	039145	DONEPEZIL SANDOZ	10 MG COMPRESSE RIVESTITE CON FILM- 10 COMPRESSE IN BLISTER PVC/AL	DONEPEZIL CLORIDRATO	DONEPEZIL CLORIDRATO	10	milligrammi	Compressa rivestita con film	N06DA02	SANDOZ S.P.A.	Autorizzata	Procedura Mutuo riconoscimento o Decentrata	Medicinali soggetti a prescrizione medica limitativa, vendibili al pubblico su prescrizione di centri ospedalieri o di specialisti
039145180	039145	DONEPEZIL SANDOZ	10 MG COMPRESSE RIVESTITE CON FILM- 14 COMPRESSE IN BLISTER PVC/AL	DONEPEZIL CLORIDRATO	DONEPEZIL CLORIDRATO	10	milligrammi	Compressa rivestita con film	N06DA02	SANDOZ S.P.A.	Autorizzata	Procedura Mutuo riconoscimento o Decentrata	Medicinali soggetti a prescrizione medica limitativa, vendibili al pubblico su prescrizione di centri ospedalieri o di specialisti
039145192	039145	DONEPEZIL SANDOZ	10 MG COMPRESSE RIVESTITE CON FILM- 28 COMPRESSE IN BLISTER PVC/AL	DONEPEZIL CLORIDRATO	DONEPEZIL CLORIDRATO	10	milligrammi	Compressa rivestita con film	N06DA02	SANDOZ S.P.A.	Autorizzata	Procedura Mutuo riconoscimento o Decentrata	Medicinali soggetti a prescrizione medica limitativa, vendibili al pubblico su prescrizione di centri ospedalieri o di specialisti
039145204	039145	DONEPEZIL SANDOZ	10 MG COMPRESSE RIVESTITE CON FILM- 30 COMPRESSE IN BLISTER PVC/AL	DONEPEZIL CLORIDRATO	DONEPEZIL CLORIDRATO	10	milligrammi	Compressa rivestita con film	N06DA02	SANDOZ S.P.A.	Autorizzata	Procedura Mutuo riconoscimento o Decentrata	Medicinali soggetti a prescrizione medica limitativa, vendibili al pubblico su prescrizione di centri ospedalieri o di specialisti
039145216	039145	DONEPEZIL SANDOZ	10 MG COMPRESSE RIVESTITE CON FILM- 50 COMPRESSE IN BLISTER PVC/AL	DONEPEZIL CLORIDRATO	DONEPEZIL CLORIDRATO	10	milligrammi	Compressa rivestita con film	N06DA02	SANDOZ S.P.A.	Autorizzata	Procedura Mutuo riconoscimento o Decentrata	Medicinali soggetti a prescrizione medica limitativa, vendibili al pubblico su prescrizione di centri ospedalieri o di specialisti
039145228	039145	DONEPEZIL SANDOZ	10 MG COMPRESSE RIVESTITE CON FILM- 56 COMPRESSE IN BLISTER PVC/AL	DONEPEZIL CLORIDRATO	DONEPEZIL CLORIDRATO	10	milligrammi	Compressa rivestita con film	N06DA02	SANDOZ S.P.A.	Autorizzata	Procedura Mutuo riconoscimento o Decentrata	Medicinali soggetti a prescrizione medica limitativa, vendibili al pubblico su prescrizione di centri ospedalieri o di specialisti
039145230	039145	DONEPEZIL SANDOZ	10 MG COMPRESSE RIVESTITE CON FILM- 60 COMPRESSE IN BLISTER PVC/AL	DONEPEZIL CLORIDRATO	DONEPEZIL CLORIDRATO	10	milligrammi	Compressa rivestita con film	N06DA02	SANDOZ S.P.A.	Autorizzata	Procedura Mutuo riconoscimento o Decentrata	Medicinali soggetti a prescrizione medica limitativa, vendibili al pubblico su prescrizione di centri ospedalieri o di specialisti
039145242	039145	DONEPEZIL SANDOZ	10 MG COMPRESSE RIVESTITE CON FILM- 84 COMPRESSE IN BLISTER PVC/AL	DONEPEZIL CLORIDRATO	DONEPEZIL CLORIDRATO	10	milligrammi	Compressa rivestita con film	N06DA02	SANDOZ S.P.A.	Autorizzata	Procedura Mutuo riconoscimento o Decentrata	Medicinali soggetti a prescrizione medica limitativa, vendibili al pubblico su prescrizione di centri ospedalieri o di specialisti
039145255	039145	DONEPEZIL SANDOZ	10 MG COMPRESSE RIVESTITE CON FILM- 90 COMPRESSE IN BLISTER PVC/AL	DONEPEZIL CLORIDRATO	DONEPEZIL CLORIDRATO	10	milligrammi	Compressa rivestita con film	N06DA02	SANDOZ S.P.A.	Autorizzata	Procedura Mutuo riconoscimento o Decentrata	Medicinali soggetti a prescrizione medica limitativa, vendibili al pubblico su prescrizione di centri ospedalieri o di specialisti
039145267	039145	DONEPEZIL SANDOZ	10 MG COMPRESSE RIVESTITE CON FILM- 98 COMPRESSE IN BLISTER PVC/AL	DONEPEZIL CLORIDRATO	DONEPEZIL CLORIDRATO	10	milligrammi	Compressa rivestita con film	N06DA02	SANDOZ S.P.A.	Autorizzata	Procedura Mutuo riconoscimento o Decentrata	Medicinali soggetti a prescrizione medica limitativa, vendibili al pubblico su prescrizione di centri ospedalieri o di specialisti
039145279	039145	DONEPEZIL SANDOZ	10 MG COMPRESSE RIVESTITE CON FILM- 100 COMPRESSE IN BLISTER PVC/AL	DONEPEZIL CLORIDRATO	DONEPEZIL CLORIDRATO	10	milligrammi	Compressa rivestita con film	N06DA02	SANDOZ S.P.A.	Autorizzata	Procedura Mutuo riconoscimento o Decentrata	Medicinali soggetti a prescrizione medica limitativa, vendibili al pubblico su prescrizione di centri ospedalieri o di specialisti
039145281	039145	DONEPEZIL SANDOZ	10 MG COMPRESSE RIVESTITE CON FILM- 100X1 COMPRESSE IN BLISTER PVC/AL	DONEPEZIL CLORIDRATO	DONEPEZIL CLORIDRATO	10	milligrammi	Compressa rivestita con film	N06DA02	SANDOZ S.P.A.	Autorizzata	Procedura Mutuo riconoscimento o Decentrata	Medicinali soggetti a prescrizione medica limitativa, vendibili al pubblico su prescrizione di centri ospedalieri o di specialisti
039145293	039145	DONEPEZIL SANDOZ	10 MG COMPRESSE RIVESTITE CON FILM- 120 COMPRESSE IN BLISTER PVC/AL	DONEPEZIL CLORIDRATO	DONEPEZIL CLORIDRATO	10	milligrammi	Compressa rivestita con film	N06DA02	SANDOZ S.P.A.	Autorizzata	Procedura Mutuo riconoscimento o Decentrata	Medicinali soggetti a prescrizione medica limitativa, vendibili al pubblico su prescrizione di centri ospedalieri o di specialisti
039145305	039145	DONEPEZIL SANDOZ	10 MG COMPRESSE RIVESTITE CON FILM- 100 COMPRESSE IN FLACONE HDPE	DONEPEZIL CLORIDRATO	DONEPEZIL CLORIDRATO	10	milligrammi	Compressa rivestita con film	N06DA02	SANDOZ S.P.A.	Autorizzata	Procedura Mutuo riconoscimento o Decentrata	Medicinali soggetti a prescrizione medica limitativa, vendibili al pubblico su prescrizione di centri ospedalieri o di specialisti
039741018	039741	DONEPEZIL ALTER	5 MG COMPRESSE RIVESTITE CON FILM- 28 COMPRESSE	DONEPEZIL CLORIDRATO	DONEPEZIL CLORIDRATO	5	milligrammi	Compressa rivestita con film	N06DA02	LABORATORI ALTER S.R.L.	Autorizzata	Procedura Nazionale	Medicinali soggetti a prescrizione medica limitativa, vendibili al pubblico su prescrizione di centri ospedalieri o di specialisti
039741020	039741	DONEPEZIL ALTER	10 MG COMPRESSE RIVESTITE CON FILM- 28 COMPRESSE	DONEPEZIL CLORIDRATO	DONEPEZIL CLORIDRATO	10	milligrammi	Compressa rivestita con film	N06DA02	LABORATORI ALTER S.R.L.	Autorizzata	Procedura Nazionale	Medicinali soggetti a prescrizione medica limitativa, vendibili al pubblico su prescrizione di centri ospedalieri o di specialisti
040085019	040085	DONEPEZIL EG	5 MG COMPRESSE RIVESTITE CON FILM- 28 COMPRESSE IN BLISTER PVC/AL	DONEPEZIL CLORIDRATO	DONEPEZIL CLORIDRATO	5	milligrammi	Compressa rivestita con film	N06DA02	EG S.P.A.	Autorizzata	Procedura Mutuo riconoscimento o Decentrata	Medicinali soggetti a prescrizione medica limitativa, vendibili al pubblico su prescrizione di centri ospedalieri o di specialisti
040085021	040085	DONEPEZIL EG	5 MG COMPRESSE RIVESTITE CON FILM- 56 COMPRESSE IN BLISTER PVC/AL	DONEPEZIL CLORIDRATO	DONEPEZIL CLORIDRATO	5	milligrammi	Compressa rivestita con film	N06DA02	EG S.P.A.	Autorizzata	Procedura Mutuo riconoscimento o Decentrata	Medicinali soggetti a prescrizione medica limitativa, vendibili al pubblico su prescrizione di centri ospedalieri o di specialisti
040085033	040085	DONEPEZIL EG	5 MG COMPRESSE RIVESTITE CON FILM- 98 COMPRESSE IN BLISTER PVC/AL	DONEPEZIL CLORIDRATO	DONEPEZIL CLORIDRATO	5	milligrammi	Compressa rivestita con film	N06DA02	EG S.P.A.	Autorizzata	Procedura Mutuo riconoscimento o Decentrata	Medicinali soggetti a prescrizione medica limitativa, vendibili al pubblico su prescrizione di centri ospedalieri o di specialisti
040085045	040085	DONEPEZIL EG	10 MG COMPRESSE RIVESTITE CON FILM- 28 COMPRESSE IN BLISTER PVC/AL	DONEPEZIL CLORIDRATO	DONEPEZIL CLORIDRATO	10	milligrammi	Compressa rivestita con film	N06DA02	EG S.P.A.	Autorizzata	Procedura Mutuo riconoscimento o Decentrata	Medicinali soggetti a prescrizione medica limitativa, vendibili al pubblico su prescrizione di centri ospedalieri o di specialisti
040085058	040085	DONEPEZIL EG	10 MG COMPRESSE RIVESTITE CON FILM- 56 COMPRESSE IN BLISTER PVC/AL	DONEPEZIL CLORIDRATO	DONEPEZIL CLORIDRATO	10	milligrammi	Compressa rivestita con film	N06DA02	EG S.P.A.	Autorizzata	Procedura Mutuo riconoscimento o Decentrata	Medicinali soggetti a prescrizione medica limitativa, vendibili al pubblico su prescrizione di centri ospedalieri o di specialisti
040085060	040085	DONEPEZIL EG	10 MG COMPRESSE RIVESTITE CON FILM- 98 COMPRESSE IN BLISTER PVC/AL	DONEPEZIL CLORIDRATO	DONEPEZIL CLORIDRATO	10	milligrammi	Compressa rivestita con film	N06DA02	EG S.P.A.	Autorizzata	Procedura Mutuo riconoscimento o Decentrata	Medicinali soggetti a prescrizione medica limitativa, vendibili al pubblico su prescrizione di centri ospedalieri o di specialisti
040085072	040085	DONEPEZIL EG	5 MG COMPRESSE RIVESTITE CON FILM- 250 COMPRESSE IN FLACONE HDPE	DONEPEZIL CLORIDRATO	DONEPEZIL CLORIDRATO	5	milligrammi	Compressa rivestita con film	N06DA02	EG S.P.A.	Autorizzata	Procedura Mutuo riconoscimento o Decentrata	Medicinali soggetti a prescrizione medica limitativa, vendibili al pubblico su prescrizione di centri ospedalieri o di specialisti
040085084	040085	DONEPEZIL EG	10 MG COMPRESSE RIVESTITE CON FILM- 250 COMPRESSE IN FLACONE HDPE	DONEPEZIL CLORIDRATO	DONEPEZIL CLORIDRATO	10	milligrammi	Compressa rivestita con film	N06DA02	EG S.P.A.	Autorizzata	Procedura Mutuo riconoscimento o Decentrata	Medicinali soggetti a prescrizione medica limitativa, vendibili al pubblico su prescrizione di centri ospedalieri o di specialisti
040159016	040159	DONEPEZIL ZENTIVA	5 MG COMPRESSE RIVESTITE CON FILM- 7 COMPRESSE IN BLISTER OPA/AL/PVC/AL	DONEPEZIL CLORIDRATO	DONEPEZIL CLORIDRATO	5	milligrammi	Compressa rivestita con film	N06DA02	ZENTIVA ITALIA S.R.L.	Autorizzata	Procedura Mutuo riconoscimento o Decentrata	Medicinali soggetti a prescrizione medica limitativa, vendibili al pubblico su prescrizione di centri ospedalieri o di specialisti
040159028	040159	DONEPEZIL ZENTIVA	5 MG COMPRESSE RIVESTITE CON FILM- 14 COMPRESSE IN BLISTER OPA/AL/PVC/AL	DONEPEZIL CLORIDRATO	DONEPEZIL CLORIDRATO	5	milligrammi	Compressa rivestita con film	N06DA02	ZENTIVA ITALIA S.R.L.	Autorizzata	Procedura Mutuo riconoscimento o Decentrata	Medicinali soggetti a prescrizione medica limitativa, vendibili al pubblico su prescrizione di centri ospedalieri o di specialisti
040159030	040159	DONEPEZIL ZENTIVA	5 MG COMPRESSE RIVESTITE CON FILM- 20 COMPRESSE IN BLISTER OPA/AL/PVC/AL	DONEPEZIL CLORIDRATO	DONEPEZIL CLORIDRATO	5	milligrammi	Compressa rivestita con film	N06DA02	ZENTIVA ITALIA S.R.L.	Autorizzata	Procedura Mutuo riconoscimento o Decentrata	Medicinali soggetti a prescrizione medica limitativa, vendibili al pubblico su prescrizione di centri ospedalieri o di specialisti
040159042	040159	DONEPEZIL ZENTIVA	5 MG COMPRESSE RIVESTITE CON FILM- 28 COMPRESSE IN BLISTER OPA/AL/PVC/AL	DONEPEZIL CLORIDRATO	DONEPEZIL CLORIDRATO	5	milligrammi	Compressa rivestita con film	N06DA02	ZENTIVA ITALIA S.R.L.	Autorizzata	Procedura Mutuo riconoscimento o Decentrata	Medicinali soggetti a prescrizione medica limitativa, vendibili al pubblico su prescrizione di centri ospedalieri o di specialisti
040159055	040159	DONEPEZIL ZENTIVA	5 MG COMPRESSE RIVESTITE CON FILM- 30 COMPRESSE IN BLISTER OPA/AL/PVC/AL	DONEPEZIL CLORIDRATO	DONEPEZIL CLORIDRATO	5	milligrammi	Compressa rivestita con film	N06DA02	ZENTIVA ITALIA S.R.L.	Autorizzata	Procedura Mutuo riconoscimento o Decentrata	Medicinali soggetti a prescrizione medica limitativa, vendibili al pubblico su prescrizione di centri ospedalieri o di specialisti
040159067	040159	DONEPEZIL ZENTIVA	5 MG COMPRESSE RIVESTITE CON FILM- 50 COMPRESSE IN BLISTER OPA/AL/PVC/AL	DONEPEZIL CLORIDRATO	DONEPEZIL CLORIDRATO	5	milligrammi	Compressa rivestita con film	N06DA02	ZENTIVA ITALIA S.R.L.	Autorizzata	Procedura Mutuo riconoscimento o Decentrata	Medicinali soggetti a prescrizione medica limitativa, vendibili al pubblico su prescrizione di centri ospedalieri o di specialisti
040159079	040159	DONEPEZIL ZENTIVA	5 MG COMPRESSE RIVESTITE CON FILM- 56 COMPRESSE IN BLISTER OPA/AL/PVC/AL	DONEPEZIL CLORIDRATO	DONEPEZIL CLORIDRATO	5	milligrammi	Compressa rivestita con film	N06DA02	ZENTIVA ITALIA S.R.L.	Autorizzata	Procedura Mutuo riconoscimento o Decentrata	Medicinali soggetti a prescrizione medica limitativa, vendibili al pubblico su prescrizione di centri ospedalieri o di specialisti
040159081	040159	DONEPEZIL ZENTIVA	5 MG COMPRESSE RIVESTITE CON FILM- 60 COMPRESSE IN BLISTER OPA/AL/PVC/AL	DONEPEZIL CLORIDRATO	DONEPEZIL CLORIDRATO	5	milligrammi	Compressa rivestita con film	N06DA02	ZENTIVA ITALIA S.R.L.	Autorizzata	Procedura Mutuo riconoscimento o Decentrata	Medicinali soggetti a prescrizione medica limitativa, vendibili al pubblico su prescrizione di centri ospedalieri o di specialisti
040159093	040159	DONEPEZIL ZENTIVA	5 MG COMPRESSE RIVESTITE CON FILM- 84 COMPRESSE IN BLISTER OPA/AL/PVC/AL	DONEPEZIL CLORIDRATO	DONEPEZIL CLORIDRATO	5	milligrammi	Compressa rivestita con film	N06DA02	ZENTIVA ITALIA S.R.L.	Autorizzata	Procedura Mutuo riconoscimento o Decentrata	Medicinali soggetti a prescrizione medica limitativa, vendibili al pubblico su prescrizione di centri ospedalieri o di specialisti
040159105	040159	DONEPEZIL ZENTIVA	5 MG COMPRESSE RIVESTITE CON FILM- 90 COMPRESSE IN BLISTER OPA/AL/PVC/AL	DONEPEZIL CLORIDRATO	DONEPEZIL CLORIDRATO	5	milligrammi	Compressa rivestita con film	N06DA02	ZENTIVA ITALIA S.R.L.	Autorizzata	Procedura Mutuo riconoscimento o Decentrata	Medicinali soggetti a prescrizione medica limitativa, vendibili al pubblico su prescrizione di centri ospedalieri o di specialisti
040159117	040159	DONEPEZIL ZENTIVA	5 MG COMPRESSE RIVESTITE CON FILM- 98 COMPRESSE IN BLISTER OPA/AL/PVC/AL	DONEPEZIL CLORIDRATO	DONEPEZIL CLORIDRATO	5	milligrammi	Compressa rivestita con film	N06DA02	ZENTIVA ITALIA S.R.L.	Autorizzata	Procedura Mutuo riconoscimento o Decentrata	Medicinali soggetti a prescrizione medica limitativa, vendibili al pubblico su prescrizione di centri ospedalieri o di specialisti
040159129	040159	DONEPEZIL ZENTIVA	5 MG COMPRESSE RIVESTITE CON FILM- 100 COMPRESSE IN BLISTER OPA/AL/PVC/AL	DONEPEZIL CLORIDRATO	DONEPEZIL CLORIDRATO	5	milligrammi	Compressa rivestita con film	N06DA02	ZENTIVA ITALIA S.R.L.	Autorizzata	Procedura Mutuo riconoscimento o Decentrata	Medicinali soggetti a prescrizione medica limitativa, vendibili al pubblico su prescrizione di centri ospedalieri o di specialisti
040159131	040159	DONEPEZIL ZENTIVA	5 MG COMPRESSE RIVESTITE CON FILM- 112 COMPRESSE IN BLISTER OPA/AL/PVC/AL	DONEPEZIL CLORIDRATO	DONEPEZIL CLORIDRATO	5	milligrammi	Compressa rivestita con film	N06DA02	ZENTIVA ITALIA S.R.L.	Autorizzata	Procedura Mutuo riconoscimento o Decentrata	Medicinali soggetti a prescrizione medica limitativa, vendibili al pubblico su prescrizione di centri ospedalieri o di specialisti
040159143	040159	DONEPEZIL ZENTIVA	5 MG COMPRESSE RIVESTITE CON FILM- 120 COMPRESSE IN BLISTER OPA/AL/PVC/AL	DONEPEZIL CLORIDRATO	DONEPEZIL CLORIDRATO	5	milligrammi	Compressa rivestita con film	N06DA02	ZENTIVA ITALIA S.R.L.	Autorizzata	Procedura Mutuo riconoscimento o Decentrata	Medicinali soggetti a prescrizione medica limitativa, vendibili al pubblico su prescrizione di centri ospedalieri o di specialisti
040159156	040159	DONEPEZIL ZENTIVA	10 MG COMPRESSE RIVESTITE CON FILM- 7 COMPRESSE IN BLISTER OPA/AL/PVC/AL	DONEPEZIL CLORIDRATO	DONEPEZIL CLORIDRATO	10	milligrammi	Compressa rivestita con film	N06DA02	ZENTIVA ITALIA S.R.L.	Autorizzata	Procedura Mutuo riconoscimento o Decentrata	Medicinali soggetti a prescrizione medica limitativa, vendibili al pubblico su prescrizione di centri ospedalieri o di specialisti
040159168	040159	DONEPEZIL ZENTIVA	10 MG COMPRESSE RIVESTITE CON FILM- 14 COMPRESSE IN BLISTER OPA/AL/PVC/AL	DONEPEZIL CLORIDRATO	DONEPEZIL CLORIDRATO	10	milligrammi	Compressa rivestita con film	N06DA02	ZENTIVA ITALIA S.R.L.	Autorizzata	Procedura Mutuo riconoscimento o Decentrata	Medicinali soggetti a prescrizione medica limitativa, vendibili al pubblico su prescrizione di centri ospedalieri o di specialisti
040159170	040159	DONEPEZIL ZENTIVA	10 MG COMPRESSE RIVESTITE CON FILM- 20 COMPRESSE IN BLISTER OPA/AL/PVC/AL	DONEPEZIL CLORIDRATO	DONEPEZIL CLORIDRATO	10	milligrammi	Compressa rivestita con film	N06DA02	ZENTIVA ITALIA S.R.L.	Autorizzata	Procedura Mutuo riconoscimento o Decentrata	Medicinali soggetti a prescrizione medica limitativa, vendibili al pubblico su prescrizione di centri ospedalieri o di specialisti
040159182	040159	DONEPEZIL ZENTIVA	10 MG COMPRESSE RIVESTITE CON FILM- 28 COMPRESSE IN BLISTER OPA/AL/PVC/AL	DONEPEZIL CLORIDRATO	DONEPEZIL CLORIDRATO	10	milligrammi	Compressa rivestita con film	N06DA02	ZENTIVA ITALIA S.R.L.	Autorizzata	Procedura Mutuo riconoscimento o Decentrata	Medicinali soggetti a prescrizione medica limitativa, vendibili al pubblico su prescrizione di centri ospedalieri o di specialisti
040159194	040159	DONEPEZIL ZENTIVA	10 MG COMPRESSE RIVESTITE CON FILM- 30 COMPRESSE IN BLISTER OPA/AL/PVC/AL	DONEPEZIL CLORIDRATO	DONEPEZIL CLORIDRATO	10	milligrammi	Compressa rivestita con film	N06DA02	ZENTIVA ITALIA S.R.L.	Autorizzata	Procedura Mutuo riconoscimento o Decentrata	Medicinali soggetti a prescrizione medica limitativa, vendibili al pubblico su prescrizione di centri ospedalieri o di specialisti
040159206	040159	DONEPEZIL ZENTIVA	10 MG COMPRESSE RIVESTITE CON FILM- 50 COMPRESSE IN BLISTER OPA/AL/PVC/AL	DONEPEZIL CLORIDRATO	DONEPEZIL CLORIDRATO	10	milligrammi	Compressa rivestita con film	N06DA02	ZENTIVA ITALIA S.R.L.	Autorizzata	Procedura Mutuo riconoscimento o Decentrata	Medicinali soggetti a prescrizione medica limitativa, vendibili al pubblico su prescrizione di centri ospedalieri o di specialisti
040159218	040159	DONEPEZIL ZENTIVA	10 MG COMPRESSE RIVESTITE CON FILM- 56 COMPRESSE IN BLISTER OPA/AL/PVC/AL	DONEPEZIL CLORIDRATO	DONEPEZIL CLORIDRATO	10	milligrammi	Compressa rivestita con film	N06DA02	ZENTIVA ITALIA S.R.L.	Autorizzata	Procedura Mutuo riconoscimento o Decentrata	Medicinali soggetti a prescrizione medica limitativa, vendibili al pubblico su prescrizione di centri ospedalieri o di specialisti
040159220	040159	DONEPEZIL ZENTIVA	10 MG COMPRESSE RIVESTITE CON FILM- 60 COMPRESSE IN BLISTER OPA/AL/PVC/AL	DONEPEZIL CLORIDRATO	DONEPEZIL CLORIDRATO	10	milligrammi	Compressa rivestita con film	N06DA02	ZENTIVA ITALIA S.R.L.	Autorizzata	Procedura Mutuo riconoscimento o Decentrata	Medicinali soggetti a prescrizione medica limitativa, vendibili al pubblico su prescrizione di centri ospedalieri o di specialisti
040159232	040159	DONEPEZIL ZENTIVA	10 MG COMPRESSE RIVESTITE CON FILM- 84 COMPRESSE IN BLISTER OPA/AL/PVC/AL	DONEPEZIL CLORIDRATO	DONEPEZIL CLORIDRATO	10	milligrammi	Compressa rivestita con film	N06DA02	ZENTIVA ITALIA S.R.L.	Autorizzata	Procedura Mutuo riconoscimento o Decentrata	Medicinali soggetti a prescrizione medica limitativa, vendibili al pubblico su prescrizione di centri ospedalieri o di specialisti
040159244	040159	DONEPEZIL ZENTIVA	10 MG COMPRESSE RIVESTITE CON FILM- 90 COMPRESSE IN BLISTER OPA/AL/PVC/AL	DONEPEZIL CLORIDRATO	DONEPEZIL CLORIDRATO	10	milligrammi	Compressa rivestita con film	N06DA02	ZENTIVA ITALIA S.R.L.	Autorizzata	Procedura Mutuo riconoscimento o Decentrata	Medicinali soggetti a prescrizione medica limitativa, vendibili al pubblico su prescrizione di centri ospedalieri o di specialisti
040159257	040159	DONEPEZIL ZENTIVA	10 MG COMPRESSE RIVESTITE CON FILM- 98 COMPRESSE IN BLISTER OPA/AL/PVC/AL	DONEPEZIL CLORIDRATO	DONEPEZIL CLORIDRATO	10	milligrammi	Compressa rivestita con film	N06DA02	ZENTIVA ITALIA S.R.L.	Autorizzata	Procedura Mutuo riconoscimento o Decentrata	Medicinali soggetti a prescrizione medica limitativa, vendibili al pubblico su prescrizione di centri ospedalieri o di specialisti
040159269	040159	DONEPEZIL ZENTIVA	10 MG COMPRESSE RIVESTITE CON FILM- 100 COMPRESSE IN BLISTER OPA/AL/PVC/AL	DONEPEZIL CLORIDRATO	DONEPEZIL CLORIDRATO	10	milligrammi	Compressa rivestita con film	N06DA02	ZENTIVA ITALIA S.R.L.	Autorizzata	Procedura Mutuo riconoscimento o Decentrata	Medicinali soggetti a prescrizione medica limitativa, vendibili al pubblico su prescrizione di centri ospedalieri o di specialisti
040159271	040159	DONEPEZIL ZENTIVA	10 MG COMPRESSE RIVESTITE CON FILM- 112 COMPRESSE IN BLISTER OPA/AL/PVC/AL	DONEPEZIL CLORIDRATO	DONEPEZIL CLORIDRATO	10	milligrammi	Compressa rivestita con film	N06DA02	ZENTIVA ITALIA S.R.L.	Autorizzata	Procedura Mutuo riconoscimento o Decentrata	Medicinali soggetti a prescrizione medica limitativa, vendibili al pubblico su prescrizione di centri ospedalieri o di specialisti
040159283	040159	DONEPEZIL ZENTIVA	10 MG COMPRESSE RIVESTITE CON FILM- 120 COMPRESSE IN BLISTER OPA/AL/PVC/AL	DONEPEZIL CLORIDRATO	DONEPEZIL CLORIDRATO	10	milligrammi	Compressa rivestita con film	N06DA02	ZENTIVA ITALIA S.R.L.	Autorizzata	Procedura Mutuo riconoscimento o Decentrata	Medicinali soggetti a prescrizione medica limitativa, vendibili al pubblico su prescrizione di centri ospedalieri o di specialisti
040538011	040538	DONEPEZIL SUN	5MG COMPRESSE RIVESTITE CON FILM- 7 COMPRESSE IN BLISTER PVC/AL	DONEPEZIL CLORIDRATO	DONEPEZIL CLORIDRATO	5	milligrammi	Compressa rivestita con film	N06DA02	SUN PHARMACEUTICAL INDUSTRIES (EUROPE) B.V.	Autorizzata	Procedura Mutuo riconoscimento o Decentrata	Medicinali soggetti a prescrizione medica limitativa, vendibili al pubblico su prescrizione di centri ospedalieri o di specialisti
040538023	040538	DONEPEZIL SUN	5MG COMPRESSE RIVESTITE CON FILM- 28 COMPRESSE IN BLISTER PVC/AL	DONEPEZIL CLORIDRATO	DONEPEZIL CLORIDRATO	5	milligrammi	Compressa rivestita con film	N06DA02	SUN PHARMACEUTICAL INDUSTRIES (EUROPE) B.V.	Autorizzata	Procedura Mutuo riconoscimento o Decentrata	Medicinali soggetti a prescrizione medica limitativa, vendibili al pubblico su prescrizione di centri ospedalieri o di specialisti
040538035	040538	DONEPEZIL SUN	5MG COMPRESSE RIVESTITE CON FILM- 30 COMPRESSE IN BLISTER PVC/AL	DONEPEZIL CLORIDRATO	DONEPEZIL CLORIDRATO	5	milligrammi	Compressa rivestita con film	N06DA02	SUN PHARMACEUTICAL INDUSTRIES (EUROPE) B.V.	Autorizzata	Procedura Mutuo riconoscimento o Decentrata	Medicinali soggetti a prescrizione medica limitativa, vendibili al pubblico su prescrizione di centri ospedalieri o di specialisti
040538047	040538	DONEPEZIL SUN	5MG COMPRESSE RIVESTITE CON FILM- 56 COMPRESSE IN BLISTER PVC/AL	DONEPEZIL CLORIDRATO	DONEPEZIL CLORIDRATO	5	milligrammi	Compressa rivestita con film	N06DA02	SUN PHARMACEUTICAL INDUSTRIES (EUROPE) B.V.	Autorizzata	Procedura Mutuo riconoscimento o Decentrata	Medicinali soggetti a prescrizione medica limitativa, vendibili al pubblico su prescrizione di centri ospedalieri o di specialisti
040538050	040538	DONEPEZIL SUN	5MG COMPRESSE RIVESTITE CON FILM- 98 COMPRESSE IN BLISTER PVC/AL	DONEPEZIL CLORIDRATO	DONEPEZIL CLORIDRATO	5	milligrammi	Compressa rivestita con film	N06DA02	SUN PHARMACEUTICAL INDUSTRIES (EUROPE) B.V.	Autorizzata	Procedura Mutuo riconoscimento o Decentrata	Medicinali soggetti a prescrizione medica limitativa, vendibili al pubblico su prescrizione di centri ospedalieri o di specialisti
040538062	040538	DONEPEZIL SUN	5MG COMPRESSE RIVESTITE CON FILM- 100 COMPRESSE IN BLISTER PVC/AL	DONEPEZIL CLORIDRATO	DONEPEZIL CLORIDRATO	5	milligrammi	Compressa rivestita con film	N06DA02	SUN PHARMACEUTICAL INDUSTRIES (EUROPE) B.V.	Autorizzata	Procedura Mutuo riconoscimento o Decentrata	Medicinali soggetti a prescrizione medica limitativa, vendibili al pubblico su prescrizione di centri ospedalieri o di specialisti
040538074	040538	DONEPEZIL SUN	10MG COMPRESSE RIVESTITE CON FILM- 28 COMPRESSE IN BLISTER PVC/AL	DONEPEZIL CLORIDRATO	DONEPEZIL CLORIDRATO	10	milligrammi	Compressa rivestita con film	N06DA02	SUN PHARMACEUTICAL INDUSTRIES (EUROPE) B.V.	Autorizzata	Procedura Mutuo riconoscimento o Decentrata	Medicinali soggetti a prescrizione medica limitativa, vendibili al pubblico su prescrizione di centri ospedalieri o di specialisti
040538086	040538	DONEPEZIL SUN	10MG COMPRESSE RIVESTITE CON FILM- 30 COMPRESSE IN BLISTER PVC/AL	DONEPEZIL CLORIDRATO	DONEPEZIL CLORIDRATO	10	milligrammi	Compressa rivestita con film	N06DA02	SUN PHARMACEUTICAL INDUSTRIES (EUROPE) B.V.	Autorizzata	Procedura Mutuo riconoscimento o Decentrata	Medicinali soggetti a prescrizione medica limitativa, vendibili al pubblico su prescrizione di centri ospedalieri o di specialisti
040538098	040538	DONEPEZIL SUN	10MG COMPRESSE RIVESTITE CON FILM- 56 COMPRESSE IN BLISTER PVC/AL	DONEPEZIL CLORIDRATO	DONEPEZIL CLORIDRATO	10	milligrammi	Compressa rivestita con film	N06DA02	SUN PHARMACEUTICAL INDUSTRIES (EUROPE) B.V.	Autorizzata	Procedura Mutuo riconoscimento o Decentrata	Medicinali soggetti a prescrizione medica limitativa, vendibili al pubblico su prescrizione di centri ospedalieri o di specialisti
040538100	040538	DONEPEZIL SUN	10MG COMPRESSE RIVESTITE CON FILM- 98 COMPRESSE IN BLISTER PVC/AL	DONEPEZIL CLORIDRATO	DONEPEZIL CLORIDRATO	10	milligrammi	Compressa rivestita con film	N06DA02	SUN PHARMACEUTICAL INDUSTRIES (EUROPE) B.V.	Autorizzata	Procedura Mutuo riconoscimento o Decentrata	Medicinali soggetti a prescrizione medica limitativa, vendibili al pubblico su prescrizione di centri ospedalieri o di specialisti
040538112	040538	DONEPEZIL SUN	10MG COMPRESSE RIVESTITE CON FILM- 100 COMPRESSE IN BLISTER PVC/AL	DONEPEZIL CLORIDRATO	DONEPEZIL CLORIDRATO	10	milligrammi	Compressa rivestita con film	N06DA02	SUN PHARMACEUTICAL INDUSTRIES (EUROPE) B.V.	Autorizzata	Procedura Mutuo riconoscimento o Decentrata	Medicinali soggetti a prescrizione medica limitativa, vendibili al pubblico su prescrizione di centri ospedalieri o di specialisti
040538124	040538	DONEPEZIL SUN	5MG COMPRESSE RIVESTITE CON FILM- 7 COMPRESSE IN BLISTER PVC/PVDC/AL	DONEPEZIL CLORIDRATO	DONEPEZIL CLORIDRATO	5	milligrammi	Compressa rivestita con film	N06DA02	SUN PHARMACEUTICAL INDUSTRIES (EUROPE) B.V.	Autorizzata	Procedura Mutuo riconoscimento o Decentrata	Medicinali soggetti a prescrizione medica limitativa, vendibili al pubblico su prescrizione di centri ospedalieri o di specialisti
040538136	040538	DONEPEZIL SUN	5MG COMPRESSE RIVESTITE CON FILM- 28 COMPRESSE IN BLISTER PVC/PVDC/AL	DONEPEZIL CLORIDRATO	DONEPEZIL CLORIDRATO	5	milligrammi	Compressa rivestita con film	N06DA02	SUN PHARMACEUTICAL INDUSTRIES (EUROPE) B.V.	Autorizzata	Procedura Mutuo riconoscimento o Decentrata	Medicinali soggetti a prescrizione medica limitativa, vendibili al pubblico su prescrizione di centri ospedalieri o di specialisti
040538148	040538	DONEPEZIL SUN	5MG COMPRESSE RIVESTITE CON FILM- 30 COMPRESSE IN BLISTER PVC/PVDC/AL	DONEPEZIL CLORIDRATO	DONEPEZIL CLORIDRATO	5	milligrammi	Compressa rivestita con film	N06DA02	SUN PHARMACEUTICAL INDUSTRIES (EUROPE) B.V.	Autorizzata	Procedura Mutuo riconoscimento o Decentrata	Medicinali soggetti a prescrizione medica limitativa, vendibili al pubblico su prescrizione di centri ospedalieri o di specialisti
040538151	040538	DONEPEZIL SUN	5MG COMPRESSE RIVESTITE CON FILM- 56 COMPRESSE IN BLISTER PVC/PVDC/AL	DONEPEZIL CLORIDRATO	DONEPEZIL CLORIDRATO	5	milligrammi	Compressa rivestita con film	N06DA02	SUN PHARMACEUTICAL INDUSTRIES (EUROPE) B.V.	Autorizzata	Procedura Mutuo riconoscimento o Decentrata	Medicinali soggetti a prescrizione medica limitativa, vendibili al pubblico su prescrizione di centri ospedalieri o di specialisti
040538163	040538	DONEPEZIL SUN	5MG COMPRESSE RIVESTITE CON FILM- 98 COMPRESSE IN BLISTER PVC/PVDC/AL	DONEPEZIL CLORIDRATO	DONEPEZIL CLORIDRATO	5	milligrammi	Compressa rivestita con film	N06DA02	SUN PHARMACEUTICAL INDUSTRIES (EUROPE) B.V.	Autorizzata	Procedura Mutuo riconoscimento o Decentrata	Medicinali soggetti a prescrizione medica limitativa, vendibili al pubblico su prescrizione di centri ospedalieri o di specialisti
040538175	040538	DONEPEZIL SUN	5MG COMPRESSE RIVESTITE CON FILM- 100 COMPRESSE IN BLISTER PVC/PVDC/AL	DONEPEZIL CLORIDRATO	DONEPEZIL CLORIDRATO	5	milligrammi	Compressa rivestita con film	N06DA02	SUN PHARMACEUTICAL INDUSTRIES (EUROPE) B.V.	Autorizzata	Procedura Mutuo riconoscimento o Decentrata	Medicinali soggetti a prescrizione medica limitativa, vendibili al pubblico su prescrizione di centri ospedalieri o di specialisti
040538187	040538	DONEPEZIL SUN	10MG COMPRESSE RIVESTITE CON FILM- 28 COMPRESSE IN BLISTER PVC/PVDC/AL	DONEPEZIL CLORIDRATO	DONEPEZIL CLORIDRATO	10	milligrammi	Compressa rivestita con film	N06DA02	SUN PHARMACEUTICAL INDUSTRIES (EUROPE) B.V.	Autorizzata	Procedura Mutuo riconoscimento o Decentrata	Medicinali soggetti a prescrizione medica limitativa, vendibili al pubblico su prescrizione di centri ospedalieri o di specialisti
040538199	040538	DONEPEZIL SUN	10MG COMPRESSE RIVESTITE CON FILM- 30 COMPRESSE IN BLISTER PVC/PVDC/AL	DONEPEZIL CLORIDRATO	DONEPEZIL CLORIDRATO	10	milligrammi	Compressa rivestita con film	N06DA02	SUN PHARMACEUTICAL INDUSTRIES (EUROPE) B.V.	Autorizzata	Procedura Mutuo riconoscimento o Decentrata	Medicinali soggetti a prescrizione medica limitativa, vendibili al pubblico su prescrizione di centri ospedalieri o di specialisti
040538201	040538	DONEPEZIL SUN	10MG COMPRESSE RIVESTITE CON FILM- 56 COMPRESSE IN BLISTER PVC/PVDC/AL	DONEPEZIL CLORIDRATO	DONEPEZIL CLORIDRATO	10	milligrammi	Compressa rivestita con film	N06DA02	SUN PHARMACEUTICAL INDUSTRIES (EUROPE) B.V.	Autorizzata	Procedura Mutuo riconoscimento o Decentrata	Medicinali soggetti a prescrizione medica limitativa, vendibili al pubblico su prescrizione di centri ospedalieri o di specialisti
040538213	040538	DONEPEZIL SUN	10MG COMPRESSE RIVESTITE CON FILM- 98 COMPRESSE IN BLISTER PVC/PVDC/AL	DONEPEZIL CLORIDRATO	DONEPEZIL CLORIDRATO	10	milligrammi	Compressa rivestita con film	N06DA02	SUN PHARMACEUTICAL INDUSTRIES (EUROPE) B.V.	Autorizzata	Procedura Mutuo riconoscimento o Decentrata	Medicinali soggetti a prescrizione medica limitativa, vendibili al pubblico su prescrizione di centri ospedalieri o di specialisti
040538225	040538	DONEPEZIL SUN	10MG COMPRESSE RIVESTITE CON FILM- 100 COMPRESSE IN BLISTER PVC/PVDC/AL	DONEPEZIL CLORIDRATO	DONEPEZIL CLORIDRATO	10	milligrammi	Compressa rivestita con film	N06DA02	SUN PHARMACEUTICAL INDUSTRIES (EUROPE) B.V.	Autorizzata	Procedura Mutuo riconoscimento o Decentrata	Medicinali soggetti a prescrizione medica limitativa, vendibili al pubblico su prescrizione di centri ospedalieri o di specialisti
040721019	040721	DONEPEZIL DOC GENERICI	5 MG COMPRESSE RIVESTITE CON FILM - 28 COMPRESSE IN BLISTER PVC/AL	DONEPEZIL CLORIDRATO	DONEPEZIL CLORIDRATO	5	milligrammi	Compressa rivestita con film	N06DA02	DOC GENERICI SRL	Autorizzata	Procedura Mutuo riconoscimento o Decentrata	Medicinali soggetti a prescrizione medica limitativa, vendibili al pubblico su prescrizione di centri ospedalieri o di specialisti
040721021	040721	DONEPEZIL DOC GENERICI	5 MG COMPRESSE RIVESTITE CON FILM - 30 COMPRESSE IN BLISTER PVC/AL	DONEPEZIL CLORIDRATO	DONEPEZIL CLORIDRATO	5	milligrammi	Compressa rivestita con film	N06DA02	DOC GENERICI SRL	Autorizzata	Procedura Mutuo riconoscimento o Decentrata	Medicinali soggetti a prescrizione medica limitativa, vendibili al pubblico su prescrizione di centri ospedalieri o di specialisti
040721033	040721	DONEPEZIL DOC GENERICI	5 MG COMPRESSE RIVESTITE CON FILM - 30 COMPRESSE IN FLACONE HDPE	DONEPEZIL CLORIDRATO	DONEPEZIL CLORIDRATO	5	milligrammi	Compressa rivestita con film	N06DA02	DOC GENERICI SRL	Autorizzata	Procedura Mutuo riconoscimento o Decentrata	Medicinali soggetti a prescrizione medica limitativa, vendibili al pubblico su prescrizione di centri ospedalieri o di specialisti
040721045	040721	DONEPEZIL DOC GENERICI	5 MG COMPRESSE RIVESTITE CON FILM - 100 COMPRESSE IN FLACONE HDPE	DONEPEZIL CLORIDRATO	DONEPEZIL CLORIDRATO	5	milligrammi	Compressa rivestita con film	N06DA02	DOC GENERICI SRL	Autorizzata	Procedura Mutuo riconoscimento o Decentrata	Medicinali soggetti a prescrizione medica limitativa, vendibili al pubblico su prescrizione di centri ospedalieri o di specialisti
040721058	040721	DONEPEZIL DOC GENERICI	10 MG COMPRESSE RIVESTITE CON FILM - 30 COMPRESSE IN FLACONE HDPE	DONEPEZIL CLORIDRATO	DONEPEZIL CLORIDRATO	10	milligrammi	Compressa rivestita con film	N06DA02	DOC GENERICI SRL	Autorizzata	Procedura Mutuo riconoscimento o Decentrata	Medicinali soggetti a prescrizione medica limitativa, vendibili al pubblico su prescrizione di centri ospedalieri o di specialisti
040721060	040721	DONEPEZIL DOC GENERICI	10 MG COMPRESSE RIVESTITE CON FILM - 100 COMPRESSE IN FLACONE HDPE	DONEPEZIL CLORIDRATO	DONEPEZIL CLORIDRATO	10	milligrammi	Compressa rivestita con film	N06DA02	DOC GENERICI SRL	Autorizzata	Procedura Mutuo riconoscimento o Decentrata	Medicinali soggetti a prescrizione medica limitativa, vendibili al pubblico su prescrizione di centri ospedalieri o di specialisti
040721072	040721	DONEPEZIL DOC GENERICI	10 MG COMPRESSE RIVESTITE CON FILM - 28 COMPRESSE IN BLISTER PVC/AL	DONEPEZIL CLORIDRATO	DONEPEZIL CLORIDRATO	10	milligrammi	Compressa rivestita con film	N06DA02	DOC GENERICI SRL	Autorizzata	Procedura Mutuo riconoscimento o Decentrata	Medicinali soggetti a prescrizione medica limitativa, vendibili al pubblico su prescrizione di centri ospedalieri o di specialisti
040721084	040721	DONEPEZIL DOC GENERICI	10 MG COMPRESSE RIVESTITE CON FILM - 30 COMPRESSE IN BLISTER PVC/AL	DONEPEZIL CLORIDRATO	DONEPEZIL CLORIDRATO	10	milligrammi	Compressa rivestita con film	N06DA02	DOC GENERICI SRL	Autorizzata	Procedura Mutuo riconoscimento o Decentrata	Medicinali soggetti a prescrizione medica limitativa, vendibili al pubblico su prescrizione di centri ospedalieri o di specialisti
040896019	040896	YASNAL	5 MG COMPRESSE RIVESTITE CON FILM- 7 COMPRESSE IN BLISTER AL/OPA/AL/PVC	DONEPEZIL CLORIDRATO	DONEPEZIL CLORIDRATO	5	milligrammi	Compressa rivestita con film	N06DA02	KRKA D.D. NOVO MESTO	Autorizzata	Procedura Mutuo riconoscimento o Decentrata	Medicinali soggetti a prescrizione medica limitativa, vendibili al pubblico su prescrizione di centri ospedalieri o di specialisti
040896021	040896	YASNAL	5 MG COMPRESSE RIVESTITE CON FILM- 14 COMPRESSE IN BLISTER AL/OPA/AL/PVC	DONEPEZIL CLORIDRATO	DONEPEZIL CLORIDRATO	5	milligrammi	Compressa rivestita con film	N06DA02	KRKA D.D. NOVO MESTO	Autorizzata	Procedura Mutuo riconoscimento o Decentrata	Medicinali soggetti a prescrizione medica limitativa, vendibili al pubblico su prescrizione di centri ospedalieri o di specialisti
040896033	040896	YASNAL	5 MG COMPRESSE RIVESTITE CON FILM- 20 COMPRESSE IN BLISTER AL/OPA/AL/PVC	DONEPEZIL CLORIDRATO	DONEPEZIL CLORIDRATO	5	milligrammi	Compressa rivestita con film	N06DA02	KRKA D.D. NOVO MESTO	Autorizzata	Procedura Mutuo riconoscimento o Decentrata	Medicinali soggetti a prescrizione medica limitativa, vendibili al pubblico su prescrizione di centri ospedalieri o di specialisti
040896045	040896	YASNAL	5 MG COMPRESSE RIVESTITE CON FILM- 28 COMPRESSE IN BLISTER AL/OPA/AL/PVC	DONEPEZIL CLORIDRATO	DONEPEZIL CLORIDRATO	5	milligrammi	Compressa rivestita con film	N06DA02	KRKA D.D. NOVO MESTO	Autorizzata	Procedura Mutuo riconoscimento o Decentrata	Medicinali soggetti a prescrizione medica limitativa, vendibili al pubblico su prescrizione di centri ospedalieri o di specialisti
040896058	040896	YASNAL	5 MG COMPRESSE RIVESTITE CON FILM- 30 COMPRESSE IN BLISTER AL/OPA/AL/PVC	DONEPEZIL CLORIDRATO	DONEPEZIL CLORIDRATO	5	milligrammi	Compressa rivestita con film	N06DA02	KRKA D.D. NOVO MESTO	Autorizzata	Procedura Mutuo riconoscimento o Decentrata	Medicinali soggetti a prescrizione medica limitativa, vendibili al pubblico su prescrizione di centri ospedalieri o di specialisti
040896060	040896	YASNAL	5 MG COMPRESSE RIVESTITE CON FILM- 50 COMPRESSE IN BLISTER AL/OPA/AL/PVC	DONEPEZIL CLORIDRATO	DONEPEZIL CLORIDRATO	5	milligrammi	Compressa rivestita con film	N06DA02	KRKA D.D. NOVO MESTO	Autorizzata	Procedura Mutuo riconoscimento o Decentrata	Medicinali soggetti a prescrizione medica limitativa, vendibili al pubblico su prescrizione di centri ospedalieri o di specialisti
040896072	040896	YASNAL	5 MG COMPRESSE RIVESTITE CON FILM- 56 COMPRESSE IN BLISTER AL/OPA/AL/PVC	DONEPEZIL CLORIDRATO	DONEPEZIL CLORIDRATO	5	milligrammi	Compressa rivestita con film	N06DA02	KRKA D.D. NOVO MESTO	Autorizzata	Procedura Mutuo riconoscimento o Decentrata	Medicinali soggetti a prescrizione medica limitativa, vendibili al pubblico su prescrizione di centri ospedalieri o di specialisti
040896084	040896	YASNAL	5 MG COMPRESSE RIVESTITE CON FILM- 60 COMPRESSE IN BLISTER AL/OPA/AL/PVC	DONEPEZIL CLORIDRATO	DONEPEZIL CLORIDRATO	5	milligrammi	Compressa rivestita con film	N06DA02	KRKA D.D. NOVO MESTO	Autorizzata	Procedura Mutuo riconoscimento o Decentrata	Medicinali soggetti a prescrizione medica limitativa, vendibili al pubblico su prescrizione di centri ospedalieri o di specialisti
040896096	040896	YASNAL	5 MG COMPRESSE RIVESTITE CON FILM- 84 COMPRESSE IN BLISTER AL/OPA/AL/PVC	DONEPEZIL CLORIDRATO	DONEPEZIL CLORIDRATO	5	milligrammi	Compressa rivestita con film	N06DA02	KRKA D.D. NOVO MESTO	Autorizzata	Procedura Mutuo riconoscimento o Decentrata	Medicinali soggetti a prescrizione medica limitativa, vendibili al pubblico su prescrizione di centri ospedalieri o di specialisti
040896108	040896	YASNAL	5 MG COMPRESSE RIVESTITE CON FILM- 98 COMPRESSE IN BLISTER AL/OPA/AL/PVC	DONEPEZIL CLORIDRATO	DONEPEZIL CLORIDRATO	5	milligrammi	Compressa rivestita con film	N06DA02	KRKA D.D. NOVO MESTO	Autorizzata	Procedura Mutuo riconoscimento o Decentrata	Medicinali soggetti a prescrizione medica limitativa, vendibili al pubblico su prescrizione di centri ospedalieri o di specialisti
040896110	040896	YASNAL	5 MG COMPRESSE RIVESTITE CON FILM- 100 COMPRESSE IN BLISTER AL/OPA/AL/PVC	DONEPEZIL CLORIDRATO	DONEPEZIL CLORIDRATO	5	milligrammi	Compressa rivestita con film	N06DA02	KRKA D.D. NOVO MESTO	Autorizzata	Procedura Mutuo riconoscimento o Decentrata	Medicinali soggetti a prescrizione medica limitativa, vendibili al pubblico su prescrizione di centri ospedalieri o di specialisti
040896122	040896	YASNAL	10 MG COMPRESSE RIVESTITE CON FILM- 7 COMPRESSE IN BLISTER AL/OPA/AL/PVC	DONEPEZIL CLORIDRATO	DONEPEZIL CLORIDRATO	10	milligrammi	Compressa rivestita con film	N06DA02	KRKA D.D. NOVO MESTO	Autorizzata	Procedura Mutuo riconoscimento o Decentrata	Medicinali soggetti a prescrizione medica limitativa, vendibili al pubblico su prescrizione di centri ospedalieri o di specialisti
040896134	040896	YASNAL	10 MG COMPRESSE RIVESTITE CON FILM- 14 COMPRESSE IN BLISTER AL/OPA/AL/PVC	DONEPEZIL CLORIDRATO	DONEPEZIL CLORIDRATO	10	milligrammi	Compressa rivestita con film	N06DA02	KRKA D.D. NOVO MESTO	Autorizzata	Procedura Mutuo riconoscimento o Decentrata	Medicinali soggetti a prescrizione medica limitativa, vendibili al pubblico su prescrizione di centri ospedalieri o di specialisti
040896146	040896	YASNAL	10 MG COMPRESSE RIVESTITE CON FILM- 20 COMPRESSE IN BLISTER AL/OPA/AL/PVC	DONEPEZIL CLORIDRATO	DONEPEZIL CLORIDRATO	10	milligrammi	Compressa rivestita con film	N06DA02	KRKA D.D. NOVO MESTO	Autorizzata	Procedura Mutuo riconoscimento o Decentrata	Medicinali soggetti a prescrizione medica limitativa, vendibili al pubblico su prescrizione di centri ospedalieri o di specialisti
040896159	040896	YASNAL	10 MG COMPRESSE RIVESTITE CON FILM- 28 COMPRESSE IN BLISTER AL/OPA/AL/PVC	DONEPEZIL CLORIDRATO	DONEPEZIL CLORIDRATO	10	milligrammi	Compressa rivestita con film	N06DA02	KRKA D.D. NOVO MESTO	Autorizzata	Procedura Mutuo riconoscimento o Decentrata	Medicinali soggetti a prescrizione medica limitativa, vendibili al pubblico su prescrizione di centri ospedalieri o di specialisti
040896161	040896	YASNAL	10 MG COMPRESSE RIVESTITE CON FILM- 30 COMPRESSE IN BLISTER AL/OPA/AL/PVC	DONEPEZIL CLORIDRATO	DONEPEZIL CLORIDRATO	10	milligrammi	Compressa rivestita con film	N06DA02	KRKA D.D. NOVO MESTO	Autorizzata	Procedura Mutuo riconoscimento o Decentrata	Medicinali soggetti a prescrizione medica limitativa, vendibili al pubblico su prescrizione di centri ospedalieri o di specialisti
040896173	040896	YASNAL	10 MG COMPRESSE RIVESTITE CON FILM- 50 COMPRESSE IN BLISTER AL/OPA/AL/PVC	DONEPEZIL CLORIDRATO	DONEPEZIL CLORIDRATO	10	milligrammi	Compressa rivestita con film	N06DA02	KRKA D.D. NOVO MESTO	Autorizzata	Procedura Mutuo riconoscimento o Decentrata	Medicinali soggetti a prescrizione medica limitativa, vendibili al pubblico su prescrizione di centri ospedalieri o di specialisti
040896185	040896	YASNAL	10 MG COMPRESSE RIVESTITE CON FILM- 56 COMPRESSE IN BLISTER AL/OPA/AL/PVC	DONEPEZIL CLORIDRATO	DONEPEZIL CLORIDRATO	10	milligrammi	Compressa rivestita con film	N06DA02	KRKA D.D. NOVO MESTO	Autorizzata	Procedura Mutuo riconoscimento o Decentrata	Medicinali soggetti a prescrizione medica limitativa, vendibili al pubblico su prescrizione di centri ospedalieri o di specialisti
040896197	040896	YASNAL	10 MG COMPRESSE RIVESTITE CON FILM- 60 COMPRESSE IN BLISTER AL/OPA/AL/PVC	DONEPEZIL CLORIDRATO	DONEPEZIL CLORIDRATO	10	milligrammi	Compressa rivestita con film	N06DA02	KRKA D.D. NOVO MESTO	Autorizzata	Procedura Mutuo riconoscimento o Decentrata	Medicinali soggetti a prescrizione medica limitativa, vendibili al pubblico su prescrizione di centri ospedalieri o di specialisti
040896209	040896	YASNAL	10 MG COMPRESSE RIVESTITE CON FILM- 84 COMPRESSE IN BLISTER AL/OPA/AL/PVC	DONEPEZIL CLORIDRATO	DONEPEZIL CLORIDRATO	10	milligrammi	Compressa rivestita con film	N06DA02	KRKA D.D. NOVO MESTO	Autorizzata	Procedura Mutuo riconoscimento o Decentrata	Medicinali soggetti a prescrizione medica limitativa, vendibili al pubblico su prescrizione di centri ospedalieri o di specialisti
040896211	040896	YASNAL	10 MG COMPRESSE RIVESTITE CON FILM- 98 COMPRESSE IN BLISTER AL/OPA/AL/PVC	DONEPEZIL CLORIDRATO	DONEPEZIL CLORIDRATO	10	milligrammi	Compressa rivestita con film	N06DA02	KRKA D.D. NOVO MESTO	Autorizzata	Procedura Mutuo riconoscimento o Decentrata	Medicinali soggetti a prescrizione medica limitativa, vendibili al pubblico su prescrizione di centri ospedalieri o di specialisti
040896223	040896	YASNAL	10 MG COMPRESSE RIVESTITE CON FILM- 100 COMPRESSE IN BLISTER AL/OPA/AL/PVC	DONEPEZIL CLORIDRATO	DONEPEZIL CLORIDRATO	10	milligrammi	Compressa rivestita con film	N06DA02	KRKA D.D. NOVO MESTO	Autorizzata	Procedura Mutuo riconoscimento o Decentrata	Medicinali soggetti a prescrizione medica limitativa, vendibili al pubblico su prescrizione di centri ospedalieri o di specialisti
040896235	040896	YASNAL	5 MG COMPRESSE RIVESTITE CON FILM- 10 COMPRESSE IN BLISTER AL/OPA/AL/PVC	DONEPEZIL CLORIDRATO	DONEPEZIL CLORIDRATO	5	milligrammi	Compressa rivestita con film	N06DA02	KRKA D.D. NOVO MESTO	Autorizzata	Procedura Mutuo riconoscimento o Decentrata	Medicinali soggetti a prescrizione medica limitativa, vendibili al pubblico su prescrizione di centri ospedalieri o di specialisti
040896247	040896	YASNAL	5 MG COMPRESSE RIVESTITE CON FILM- 90 COMPRESSE IN BLISTER AL/OPA/AL/PVC	DONEPEZIL CLORIDRATO	DONEPEZIL CLORIDRATO	5	milligrammi	Compressa rivestita con film	N06DA02	KRKA D.D. NOVO MESTO	Autorizzata	Procedura Mutuo riconoscimento o Decentrata	Medicinali soggetti a prescrizione medica limitativa, vendibili al pubblico su prescrizione di centri ospedalieri o di specialisti
040896250	040896	YASNAL	10 MG COMPRESSE RIVESTITE CON FILM- 10 COMPRESSE IN BLISTER AL/OPA/AL/PVC	DONEPEZIL CLORIDRATO	DONEPEZIL CLORIDRATO	10	milligrammi	Compressa rivestita con film	N06DA02	KRKA D.D. NOVO MESTO	Autorizzata	Procedura Mutuo riconoscimento o Decentrata	Medicinali soggetti a prescrizione medica limitativa, vendibili al pubblico su prescrizione di centri ospedalieri o di specialisti
040896262	040896	YASNAL	10 MG COMPRESSE RIVESTITE CON FILM- 90 COMPRESSE IN BLISTER AL/OPA/AL/PVC	DONEPEZIL CLORIDRATO	DONEPEZIL CLORIDRATO	10	milligrammi	Compressa rivestita con film	N06DA02	KRKA D.D. NOVO MESTO	Autorizzata	Procedura Mutuo riconoscimento o Decentrata	Medicinali soggetti a prescrizione medica limitativa, vendibili al pubblico su prescrizione di centri ospedalieri o di specialisti
041015013	041015	DONEPEZIL ACCORD	5 MG COMPRESSE RIVESTITE CON FILM- 7 COMPRESSE IN BLISTER PVC/AL	DONEPEZIL CLORIDRATO	DONEPEZIL CLORIDRATO	5	milligrammi	Compressa rivestita con film	N06DA02	ACCORD HEALTHCARE, S.L.U.	Autorizzata	Procedura Mutuo riconoscimento o Decentrata	Medicinali soggetti a prescrizione medica limitativa, vendibili al pubblico su prescrizione di centri ospedalieri o di specialisti
041015025	041015	DONEPEZIL ACCORD	5 MG COMPRESSE RIVESTITE CON FILM- 28 COMPRESSE IN BLISTER PVC/AL	DONEPEZIL CLORIDRATO	DONEPEZIL CLORIDRATO	5	milligrammi	Compressa rivestita con film	N06DA02	ACCORD HEALTHCARE, S.L.U.	Autorizzata	Procedura Mutuo riconoscimento o Decentrata	Medicinali soggetti a prescrizione medica limitativa, vendibili al pubblico su prescrizione di centri ospedalieri o di specialisti
041015037	041015	DONEPEZIL ACCORD	5 MG COMPRESSE RIVESTITE CON FILM- 30 COMPRESSE IN BLISTER PVC/AL	DONEPEZIL CLORIDRATO	DONEPEZIL CLORIDRATO	5	milligrammi	Compressa rivestita con film	N06DA02	ACCORD HEALTHCARE, S.L.U.	Autorizzata	Procedura Mutuo riconoscimento o Decentrata	Medicinali soggetti a prescrizione medica limitativa, vendibili al pubblico su prescrizione di centri ospedalieri o di specialisti
041015049	041015	DONEPEZIL ACCORD	5 MG COMPRESSE RIVESTITE CON FILM- 50 COMPRESSE IN BLISTER PVC/AL	DONEPEZIL CLORIDRATO	DONEPEZIL CLORIDRATO	5	milligrammi	Compressa rivestita con film	N06DA02	ACCORD HEALTHCARE, S.L.U.	Autorizzata	Procedura Mutuo riconoscimento o Decentrata	Medicinali soggetti a prescrizione medica limitativa, vendibili al pubblico su prescrizione di centri ospedalieri o di specialisti
041015052	041015	DONEPEZIL ACCORD	5 MG COMPRESSE RIVESTITE CON FILM- 56 COMPRESSE IN BLISTER PVC/AL	DONEPEZIL CLORIDRATO	DONEPEZIL CLORIDRATO	5	milligrammi	Compressa rivestita con film	N06DA02	ACCORD HEALTHCARE, S.L.U.	Autorizzata	Procedura Mutuo riconoscimento o Decentrata	Medicinali soggetti a prescrizione medica limitativa, vendibili al pubblico su prescrizione di centri ospedalieri o di specialisti
041015064	041015	DONEPEZIL ACCORD	5 MG COMPRESSE RIVESTITE CON FILM- 60 COMPRESSE IN BLISTER PVC/AL	DONEPEZIL CLORIDRATO	DONEPEZIL CLORIDRATO	5	milligrammi	Compressa rivestita con film	N06DA02	ACCORD HEALTHCARE, S.L.U.	Autorizzata	Procedura Mutuo riconoscimento o Decentrata	Medicinali soggetti a prescrizione medica limitativa, vendibili al pubblico su prescrizione di centri ospedalieri o di specialisti
041015076	041015	DONEPEZIL ACCORD	5 MG COMPRESSE RIVESTITE CON FILM- 84 COMPRESSE IN BLISTER PVC/AL	DONEPEZIL CLORIDRATO	DONEPEZIL CLORIDRATO	5	milligrammi	Compressa rivestita con film	N06DA02	ACCORD HEALTHCARE, S.L.U.	Autorizzata	Procedura Mutuo riconoscimento o Decentrata	Medicinali soggetti a prescrizione medica limitativa, vendibili al pubblico su prescrizione di centri ospedalieri o di specialisti
041015088	041015	DONEPEZIL ACCORD	5 MG COMPRESSE RIVESTITE CON FILM- 98 COMPRESSE IN BLISTER PVC/AL	DONEPEZIL CLORIDRATO	DONEPEZIL CLORIDRATO	5	milligrammi	Compressa rivestita con film	N06DA02	ACCORD HEALTHCARE, S.L.U.	Autorizzata	Procedura Mutuo riconoscimento o Decentrata	Medicinali soggetti a prescrizione medica limitativa, vendibili al pubblico su prescrizione di centri ospedalieri o di specialisti
041015090	041015	DONEPEZIL ACCORD	5 MG COMPRESSE RIVESTITE CON FILM- 120 COMPRESSE IN BLISTER PVC/AL	DONEPEZIL CLORIDRATO	DONEPEZIL CLORIDRATO	5	milligrammi	Compressa rivestita con film	N06DA02	ACCORD HEALTHCARE, S.L.U.	Autorizzata	Procedura Mutuo riconoscimento o Decentrata	Medicinali soggetti a prescrizione medica limitativa, vendibili al pubblico su prescrizione di centri ospedalieri o di specialisti
041015102	041015	DONEPEZIL ACCORD	5 MG COMPRESSE RIVESTITE CON FILM- 100 COMPRESSE IN FLACONE HDPE	DONEPEZIL CLORIDRATO	DONEPEZIL CLORIDRATO	5	milligrammi	Compressa rivestita con film	N06DA02	ACCORD HEALTHCARE, S.L.U.	Autorizzata	Procedura Mutuo riconoscimento o Decentrata	Medicinali soggetti a prescrizione medica limitativa, vendibili al pubblico su prescrizione di centri ospedalieri o di specialisti
041015114	041015	DONEPEZIL ACCORD	10 MG COMPRESSE RIVESTITE CON FILM- 7 COMPRESSE IN BLISTER PVC/AL	DONEPEZIL CLORIDRATO	DONEPEZIL CLORIDRATO	10	milligrammi	Compressa rivestita con film	N06DA02	ACCORD HEALTHCARE, S.L.U.	Autorizzata	Procedura Mutuo riconoscimento o Decentrata	Medicinali soggetti a prescrizione medica limitativa, vendibili al pubblico su prescrizione di centri ospedalieri o di specialisti
041015126	041015	DONEPEZIL ACCORD	10 MG COMPRESSE RIVESTITE CON FILM- 28 COMPRESSE IN BLISTER PVC/AL	DONEPEZIL CLORIDRATO	DONEPEZIL CLORIDRATO	10	milligrammi	Compressa rivestita con film	N06DA02	ACCORD HEALTHCARE, S.L.U.	Autorizzata	Procedura Mutuo riconoscimento o Decentrata	Medicinali soggetti a prescrizione medica limitativa, vendibili al pubblico su prescrizione di centri ospedalieri o di specialisti
041015138	041015	DONEPEZIL ACCORD	10 MG COMPRESSE RIVESTITE CON FILM- 30 COMPRESSE IN BLISTER PVC/AL	DONEPEZIL CLORIDRATO	DONEPEZIL CLORIDRATO	10	milligrammi	Compressa rivestita con film	N06DA02	ACCORD HEALTHCARE, S.L.U.	Autorizzata	Procedura Mutuo riconoscimento o Decentrata	Medicinali soggetti a prescrizione medica limitativa, vendibili al pubblico su prescrizione di centri ospedalieri o di specialisti
041015140	041015	DONEPEZIL ACCORD	10 MG COMPRESSE RIVESTITE CON FILM- 50 COMPRESSE IN BLISTER PVC/AL	DONEPEZIL CLORIDRATO	DONEPEZIL CLORIDRATO	10	milligrammi	Compressa rivestita con film	N06DA02	ACCORD HEALTHCARE, S.L.U.	Autorizzata	Procedura Mutuo riconoscimento o Decentrata	Medicinali soggetti a prescrizione medica limitativa, vendibili al pubblico su prescrizione di centri ospedalieri o di specialisti
041015153	041015	DONEPEZIL ACCORD	10 MG COMPRESSE RIVESTITE CON FILM- 56 COMPRESSE IN BLISTER PVC/AL	DONEPEZIL CLORIDRATO	DONEPEZIL CLORIDRATO	10	milligrammi	Compressa rivestita con film	N06DA02	ACCORD HEALTHCARE, S.L.U.	Autorizzata	Procedura Mutuo riconoscimento o Decentrata	Medicinali soggetti a prescrizione medica limitativa, vendibili al pubblico su prescrizione di centri ospedalieri o di specialisti
041015165	041015	DONEPEZIL ACCORD	10 MG COMPRESSE RIVESTITE CON FILM- 60 COMPRESSE IN BLISTER PVC/AL	DONEPEZIL CLORIDRATO	DONEPEZIL CLORIDRATO	10	milligrammi	Compressa rivestita con film	N06DA02	ACCORD HEALTHCARE, S.L.U.	Autorizzata	Procedura Mutuo riconoscimento o Decentrata	Medicinali soggetti a prescrizione medica limitativa, vendibili al pubblico su prescrizione di centri ospedalieri o di specialisti
041015177	041015	DONEPEZIL ACCORD	10 MG COMPRESSE RIVESTITE CON FILM- 84 COMPRESSE IN BLISTER PVC/AL	DONEPEZIL CLORIDRATO	DONEPEZIL CLORIDRATO	10	milligrammi	Compressa rivestita con film	N06DA02	ACCORD HEALTHCARE, S.L.U.	Autorizzata	Procedura Mutuo riconoscimento o Decentrata	Medicinali soggetti a prescrizione medica limitativa, vendibili al pubblico su prescrizione di centri ospedalieri o di specialisti
041015189	041015	DONEPEZIL ACCORD	10 MG COMPRESSE RIVESTITE CON FILM- 98 COMPRESSE IN BLISTER PVC/AL	DONEPEZIL CLORIDRATO	DONEPEZIL CLORIDRATO	10	milligrammi	Compressa rivestita con film	N06DA02	ACCORD HEALTHCARE, S.L.U.	Autorizzata	Procedura Mutuo riconoscimento o Decentrata	Medicinali soggetti a prescrizione medica limitativa, vendibili al pubblico su prescrizione di centri ospedalieri o di specialisti
041015191	041015	DONEPEZIL ACCORD	10 MG COMPRESSE RIVESTITE CON FILM- 120 COMPRESSE IN BLISTER PVC/AL	DONEPEZIL CLORIDRATO	DONEPEZIL CLORIDRATO	10	milligrammi	Compressa rivestita con film	N06DA02	ACCORD HEALTHCARE, S.L.U.	Autorizzata	Procedura Mutuo riconoscimento o Decentrata	Medicinali soggetti a prescrizione medica limitativa, vendibili al pubblico su prescrizione di centri ospedalieri o di specialisti
041015203	041015	DONEPEZIL ACCORD	10 MG COMPRESSE RIVESTITE CON FILM- 100 COMPRESSE IN FLACONE HDPE	DONEPEZIL CLORIDRATO	DONEPEZIL CLORIDRATO	10	milligrammi	Compressa rivestita con film	N06DA02	ACCORD HEALTHCARE, S.L.U.	Autorizzata	Procedura Mutuo riconoscimento o Decentrata	Medicinali soggetti a prescrizione medica limitativa, vendibili al pubblico su prescrizione di centri ospedalieri o di specialisti
041015215	041015	DONEPEZIL ACCORD	5 MG COMPRESSE RIVESTITE CON FILM- 10 COMPRESSE IN BLISTER PVC/AL	DONEPEZIL CLORIDRATO	DONEPEZIL CLORIDRATO	5	milligrammi	Compressa rivestita con film	N06DA02	ACCORD HEALTHCARE, S.L.U.	Autorizzata	Procedura Mutuo riconoscimento o Decentrata	Medicinali soggetti a prescrizione medica limitativa, da rinnovare volta per volta, vendibili al pubblico su prescrizione di centri ospedalieri o di specialisti
041015227	041015	DONEPEZIL ACCORD	10 MG COMPRESSE RIVESTITE CON FILM- 10 COMPRESSE IN BLISTER PVC/AL	DONEPEZIL CLORIDRATO	DONEPEZIL CLORIDRATO	10	milligrammi	Compressa rivestita con film	N06DA02	ACCORD HEALTHCARE, S.L.U.	Autorizzata	Procedura Mutuo riconoscimento o Decentrata	Medicinali soggetti a prescrizione medica limitativa, da rinnovare volta per volta, vendibili al pubblico su prescrizione di centri ospedalieri o di specialisti
041088016	041088	DONEPEZIL MYLAN GENERICS ITALIA	5 MG COMPRESSE ORODISPERSIBILI- 7 COMPRESSE IN BLISTER OPA/AL/PVC-AL	DONEPEZIL CLORIDRATO	DONEPEZIL CLORIDRATO	5	milligrammi	Compressa orodispersibile	N06DA02	MYLAN S.P.A.	Autorizzata	Procedura Mutuo riconoscimento o Decentrata	Medicinali soggetti a prescrizione medica limitativa, vendibili al pubblico su prescrizione di centri ospedalieri o di specialisti
041088028	041088	DONEPEZIL MYLAN GENERICS ITALIA	5 MG COMPRESSE ORODISPERSIBILI- 10 COMPRESSE IN BLISTER OPA/AL/PVC-AL	DONEPEZIL CLORIDRATO	DONEPEZIL CLORIDRATO	5	milligrammi	Compressa orodispersibile	N06DA02	MYLAN S.P.A.	Autorizzata	Procedura Mutuo riconoscimento o Decentrata	Medicinali soggetti a prescrizione medica limitativa, vendibili al pubblico su prescrizione di centri ospedalieri o di specialisti
041088030	041088	DONEPEZIL MYLAN GENERICS ITALIA	5 MG COMPRESSE ORODISPERSIBILI- 14 COMPRESSE IN BLISTER OPA/AL/PVC-AL	DONEPEZIL CLORIDRATO	DONEPEZIL CLORIDRATO	5	milligrammi	Compressa orodispersibile	N06DA02	MYLAN S.P.A.	Autorizzata	Procedura Mutuo riconoscimento o Decentrata	Medicinali soggetti a prescrizione medica limitativa, vendibili al pubblico su prescrizione di centri ospedalieri o di specialisti
041088042	041088	DONEPEZIL MYLAN GENERICS ITALIA	5 MG COMPRESSE ORODISPERSIBILI- 28 COMPRESSE IN BLISTER OPA/AL/PVC-AL	DONEPEZIL CLORIDRATO	DONEPEZIL CLORIDRATO	5	milligrammi	Compressa orodispersibile	N06DA02	MYLAN S.P.A.	Autorizzata	Procedura Mutuo riconoscimento o Decentrata	Medicinali soggetti a prescrizione medica limitativa, vendibili al pubblico su prescrizione di centri ospedalieri o di specialisti
041088055	041088	DONEPEZIL MYLAN GENERICS ITALIA	5 MG COMPRESSE ORODISPERSIBILI- 30 COMPRESSE IN BLISTER OPA/AL/PVC-AL	DONEPEZIL CLORIDRATO	DONEPEZIL CLORIDRATO	5	milligrammi	Compressa orodispersibile	N06DA02	MYLAN S.P.A.	Autorizzata	Procedura Mutuo riconoscimento o Decentrata	Medicinali soggetti a prescrizione medica limitativa, vendibili al pubblico su prescrizione di centri ospedalieri o di specialisti
041088067	041088	DONEPEZIL MYLAN GENERICS ITALIA	5 MG COMPRESSE ORODISPERSIBILI- 50 COMPRESSE IN BLISTER OPA/AL/PVC-AL	DONEPEZIL CLORIDRATO	DONEPEZIL CLORIDRATO	5	milligrammi	Compressa orodispersibile	N06DA02	MYLAN S.P.A.	Autorizzata	Procedura Mutuo riconoscimento o Decentrata	Medicinali soggetti a prescrizione medica limitativa, vendibili al pubblico su prescrizione di centri ospedalieri o di specialisti
041088079	041088	DONEPEZIL MYLAN GENERICS ITALIA	5 MG COMPRESSE ORODISPERSIBILI- 56 COMPRESSE IN BLISTER OPA/AL/PVC-AL	DONEPEZIL CLORIDRATO	DONEPEZIL CLORIDRATO	5	milligrammi	Compressa orodispersibile	N06DA02	MYLAN S.P.A.	Autorizzata	Procedura Mutuo riconoscimento o Decentrata	Medicinali soggetti a prescrizione medica limitativa, vendibili al pubblico su prescrizione di centri ospedalieri o di specialisti
041088081	041088	DONEPEZIL MYLAN GENERICS ITALIA	5 MG COMPRESSE ORODISPERSIBILI- 60 COMPRESSE IN BLISTER OPA/AL/PVC-AL	DONEPEZIL CLORIDRATO	DONEPEZIL CLORIDRATO	5	milligrammi	Compressa orodispersibile	N06DA02	MYLAN S.P.A.	Autorizzata	Procedura Mutuo riconoscimento o Decentrata	Medicinali soggetti a prescrizione medica limitativa, vendibili al pubblico su prescrizione di centri ospedalieri o di specialisti
041088093	041088	DONEPEZIL MYLAN GENERICS ITALIA	5 MG COMPRESSE ORODISPERSIBILI- 84 COMPRESSE IN BLISTER OPA/AL/PVC-AL	DONEPEZIL CLORIDRATO	DONEPEZIL CLORIDRATO	5	milligrammi	Compressa orodispersibile	N06DA02	MYLAN S.P.A.	Autorizzata	Procedura Mutuo riconoscimento o Decentrata	Medicinali soggetti a prescrizione medica limitativa, vendibili al pubblico su prescrizione di centri ospedalieri o di specialisti
041088105	041088	DONEPEZIL MYLAN GENERICS ITALIA	5 MG COMPRESSE ORODISPERSIBILI- 98 COMPRESSE IN BLISTER OPA/AL/PVC-AL	DONEPEZIL CLORIDRATO	DONEPEZIL CLORIDRATO	5	milligrammi	Compressa orodispersibile	N06DA02	MYLAN S.P.A.	Autorizzata	Procedura Mutuo riconoscimento o Decentrata	Medicinali soggetti a prescrizione medica limitativa, vendibili al pubblico su prescrizione di centri ospedalieri o di specialisti
041088117	041088	DONEPEZIL MYLAN GENERICS ITALIA	5 MG COMPRESSE ORODISPERSIBILI- 100 COMPRESSE IN BLISTER OPA/AL/PVC-AL	DONEPEZIL CLORIDRATO	DONEPEZIL CLORIDRATO	5	milligrammi	Compressa orodispersibile	N06DA02	MYLAN S.P.A.	Autorizzata	Procedura Mutuo riconoscimento o Decentrata	Medicinali soggetti a prescrizione medica limitativa, vendibili al pubblico su prescrizione di centri ospedalieri o di specialisti
041088129	041088	DONEPEZIL MYLAN GENERICS ITALIA	5 MG COMPRESSE ORODISPERSIBILI- 120 COMPRESSE IN BLISTER OPA/AL/PVC-AL	DONEPEZIL CLORIDRATO	DONEPEZIL CLORIDRATO	5	milligrammi	Compressa orodispersibile	N06DA02	MYLAN S.P.A.	Autorizzata	Procedura Mutuo riconoscimento o Decentrata	Medicinali soggetti a prescrizione medica limitativa, vendibili al pubblico su prescrizione di centri ospedalieri o di specialisti
041088131	041088	DONEPEZIL MYLAN GENERICS ITALIA	5 MG COMPRESSE ORODISPERSIBILI- 180 COMPRESSE IN BLISTER OPA/AL/PVC-AL	DONEPEZIL CLORIDRATO	DONEPEZIL CLORIDRATO	5	milligrammi	Compressa orodispersibile	N06DA02	MYLAN S.P.A.	Autorizzata	Procedura Mutuo riconoscimento o Decentrata	Medicinali soggetti a prescrizione medica limitativa, vendibili al pubblico su prescrizione di centri ospedalieri o di specialisti
041088143	041088	DONEPEZIL MYLAN GENERICS ITALIA	10 MG COMPRESSE ORODISPERSIBILI- 7 COMPRESSE IN BLISTER OPA/AL/PVC-AL	DONEPEZIL CLORIDRATO	DONEPEZIL CLORIDRATO	10	milligrammi	Compressa orodispersibile	N06DA02	MYLAN S.P.A.	Autorizzata	Procedura Mutuo riconoscimento o Decentrata	Medicinali soggetti a prescrizione medica limitativa, vendibili al pubblico su prescrizione di centri ospedalieri o di specialisti
041088156	041088	DONEPEZIL MYLAN GENERICS ITALIA	10 MG COMPRESSE ORODISPERSIBILI- 10 COMPRESSE IN BLISTER OPA/AL/PVC-AL	DONEPEZIL CLORIDRATO	DONEPEZIL CLORIDRATO	10	milligrammi	Compressa orodispersibile	N06DA02	MYLAN S.P.A.	Autorizzata	Procedura Mutuo riconoscimento o Decentrata	Medicinali soggetti a prescrizione medica limitativa, vendibili al pubblico su prescrizione di centri ospedalieri o di specialisti
041088168	041088	DONEPEZIL MYLAN GENERICS ITALIA	10 MG COMPRESSE ORODISPERSIBILI- 14 COMPRESSE IN BLISTER OPA/AL/PVC-AL	DONEPEZIL CLORIDRATO	DONEPEZIL CLORIDRATO	10	milligrammi	Compressa orodispersibile	N06DA02	MYLAN S.P.A.	Autorizzata	Procedura Mutuo riconoscimento o Decentrata	Medicinali soggetti a prescrizione medica limitativa, vendibili al pubblico su prescrizione di centri ospedalieri o di specialisti
041088170	041088	DONEPEZIL MYLAN GENERICS ITALIA	10 MG COMPRESSE ORODISPERSIBILI- 28 COMPRESSE IN BLISTER OPA/AL/PVC-AL	DONEPEZIL CLORIDRATO	DONEPEZIL CLORIDRATO	10	milligrammi	Compressa orodispersibile	N06DA02	MYLAN S.P.A.	Autorizzata	Procedura Mutuo riconoscimento o Decentrata	Medicinali soggetti a prescrizione medica limitativa, vendibili al pubblico su prescrizione di centri ospedalieri o di specialisti
041088182	041088	DONEPEZIL MYLAN GENERICS ITALIA	10 MG COMPRESSE ORODISPERSIBILI- 30 COMPRESSE IN BLISTER OPA/AL/PVC-AL	DONEPEZIL CLORIDRATO	DONEPEZIL CLORIDRATO	10	milligrammi	Compressa orodispersibile	N06DA02	MYLAN S.P.A.	Autorizzata	Procedura Mutuo riconoscimento o Decentrata	Medicinali soggetti a prescrizione medica limitativa, vendibili al pubblico su prescrizione di centri ospedalieri o di specialisti
041088194	041088	DONEPEZIL MYLAN GENERICS ITALIA	10 MG COMPRESSE ORODISPERSIBILI- 50 COMPRESSE IN BLISTER OPA/AL/PVC-AL	DONEPEZIL CLORIDRATO	DONEPEZIL CLORIDRATO	10	milligrammi	Compressa orodispersibile	N06DA02	MYLAN S.P.A.	Autorizzata	Procedura Mutuo riconoscimento o Decentrata	Medicinali soggetti a prescrizione medica limitativa, vendibili al pubblico su prescrizione di centri ospedalieri o di specialisti
041088206	041088	DONEPEZIL MYLAN GENERICS ITALIA	10 MG COMPRESSE ORODISPERSIBILI- 56 COMPRESSE IN BLISTER OPA/AL/PVC-AL	DONEPEZIL CLORIDRATO	DONEPEZIL CLORIDRATO	10	milligrammi	Compressa orodispersibile	N06DA02	MYLAN S.P.A.	Autorizzata	Procedura Mutuo riconoscimento o Decentrata	Medicinali soggetti a prescrizione medica limitativa, vendibili al pubblico su prescrizione di centri ospedalieri o di specialisti
041088218	041088	DONEPEZIL MYLAN GENERICS ITALIA	10 MG COMPRESSE ORODISPERSIBILI- 60 COMPRESSE IN BLISTER OPA/AL/PVC-AL	DONEPEZIL CLORIDRATO	DONEPEZIL CLORIDRATO	10	milligrammi	Compressa orodispersibile	N06DA02	MYLAN S.P.A.	Autorizzata	Procedura Mutuo riconoscimento o Decentrata	Medicinali soggetti a prescrizione medica limitativa, vendibili al pubblico su prescrizione di centri ospedalieri o di specialisti
041088220	041088	DONEPEZIL MYLAN GENERICS ITALIA	10 MG COMPRESSE ORODISPERSIBILI- 84 COMPRESSE IN BLISTER OPA/AL/PVC-AL	DONEPEZIL CLORIDRATO	DONEPEZIL CLORIDRATO	10	milligrammi	Compressa orodispersibile	N06DA02	MYLAN S.P.A.	Autorizzata	Procedura Mutuo riconoscimento o Decentrata	Medicinali soggetti a prescrizione medica limitativa, vendibili al pubblico su prescrizione di centri ospedalieri o di specialisti
041088232	041088	DONEPEZIL MYLAN GENERICS ITALIA	10 MG COMPRESSE ORODISPERSIBILI- 98 COMPRESSE IN BLISTER OPA/AL/PVC-AL	DONEPEZIL CLORIDRATO	DONEPEZIL CLORIDRATO	10	milligrammi	Compressa orodispersibile	N06DA02	MYLAN S.P.A.	Autorizzata	Procedura Mutuo riconoscimento o Decentrata	Medicinali soggetti a prescrizione medica limitativa, vendibili al pubblico su prescrizione di centri ospedalieri o di specialisti
041088244	041088	DONEPEZIL MYLAN GENERICS ITALIA	10 MG COMPRESSE ORODISPERSIBILI- 100 COMPRESSE IN BLISTER OPA/AL/PVC-AL	DONEPEZIL CLORIDRATO	DONEPEZIL CLORIDRATO	10	milligrammi	Compressa orodispersibile	N06DA02	MYLAN S.P.A.	Autorizzata	Procedura Mutuo riconoscimento o Decentrata	Medicinali soggetti a prescrizione medica limitativa, vendibili al pubblico su prescrizione di centri ospedalieri o di specialisti
041088257	041088	DONEPEZIL MYLAN GENERICS ITALIA	10 MG COMPRESSE ORODISPERSIBILI- 120 COMPRESSE IN BLISTER OPA/AL/PVC-AL	DONEPEZIL CLORIDRATO	DONEPEZIL CLORIDRATO	10	milligrammi	Compressa orodispersibile	N06DA02	MYLAN S.P.A.	Autorizzata	Procedura Mutuo riconoscimento o Decentrata	Medicinali soggetti a prescrizione medica limitativa, vendibili al pubblico su prescrizione di centri ospedalieri o di specialisti
041088269	041088	DONEPEZIL MYLAN GENERICS ITALIA	10 MG COMPRESSE ORODISPERSIBILI- 180 COMPRESSE IN BLISTER OPA/AL/PVC-AL	DONEPEZIL CLORIDRATO	DONEPEZIL CLORIDRATO	10	milligrammi	Compressa orodispersibile	N06DA02	MYLAN S.P.A.	Autorizzata	Procedura Mutuo riconoscimento o Decentrata	Medicinali soggetti a prescrizione medica limitativa, vendibili al pubblico su prescrizione di centri ospedalieri o di specialisti
041733015	041733	DONEPEZIL TEVA	5 MG COMPRESSE RIVESTITE CON FILM- 7 COMPRESSE IN BLISTER OPA/AL/PVC/AL	DONEPEZIL CLORIDRATO	DONEPEZIL CLORIDRATO	5	milligrammi	Compressa rivestita con film	N06DA02	TEVA ITALIA S.R.L.	Autorizzata	Procedura Mutuo riconoscimento o Decentrata	Medicinali soggetti a prescrizione medica limitativa, vendibili al pubblico su prescrizione di centri ospedalieri o di specialisti
041733027	041733	DONEPEZIL TEVA	5 MG COMPRESSE RIVESTITE CON FILM- 28 COMPRESSE IN BLISTER OPA/AL/PVC/AL	DONEPEZIL CLORIDRATO	DONEPEZIL CLORIDRATO	5	milligrammi	Compressa rivestita con film	N06DA02	TEVA ITALIA S.R.L.	Autorizzata	Procedura Mutuo riconoscimento o Decentrata	Medicinali soggetti a prescrizione medica limitativa, vendibili al pubblico su prescrizione di centri ospedalieri o di specialisti
041733039	041733	DONEPEZIL TEVA	5 MG COMPRESSE RIVESTITE CON FILM- 30 COMPRESSE IN BLISTER OPA/AL/PVC/AL	DONEPEZIL CLORIDRATO	DONEPEZIL CLORIDRATO	5	milligrammi	Compressa rivestita con film	N06DA02	TEVA ITALIA S.R.L.	Autorizzata	Procedura Mutuo riconoscimento o Decentrata	Medicinali soggetti a prescrizione medica limitativa, vendibili al pubblico su prescrizione di centri ospedalieri o di specialisti
041733041	041733	DONEPEZIL TEVA	5 MG COMPRESSE RIVESTITE CON FILM- 50 COMPRESSE IN BLISTER OPA/AL/PVC/AL	DONEPEZIL CLORIDRATO	DONEPEZIL CLORIDRATO	5	milligrammi	Compressa rivestita con film	N06DA02	TEVA ITALIA S.R.L.	Autorizzata	Procedura Mutuo riconoscimento o Decentrata	Medicinali soggetti a prescrizione medica limitativa, vendibili al pubblico su prescrizione di centri ospedalieri o di specialisti
041733054	041733	DONEPEZIL TEVA	5 MG COMPRESSE RIVESTITE CON FILM- 56 COMPRESSE IN BLISTER OPA/AL/PVC/AL	DONEPEZIL CLORIDRATO	DONEPEZIL CLORIDRATO	5	milligrammi	Compressa rivestita con film	N06DA02	TEVA ITALIA S.R.L.	Autorizzata	Procedura Mutuo riconoscimento o Decentrata	Medicinali soggetti a prescrizione medica limitativa, vendibili al pubblico su prescrizione di centri ospedalieri o di specialisti
041733066	041733	DONEPEZIL TEVA	5 MG COMPRESSE RIVESTITE CON FILM- 60 COMPRESSE IN BLISTER OPA/AL/PVC/AL	DONEPEZIL CLORIDRATO	DONEPEZIL CLORIDRATO	5	milligrammi	Compressa rivestita con film	N06DA02	TEVA ITALIA S.R.L.	Autorizzata	Procedura Mutuo riconoscimento o Decentrata	Medicinali soggetti a prescrizione medica limitativa, vendibili al pubblico su prescrizione di centri ospedalieri o di specialisti
041733078	041733	DONEPEZIL TEVA	5 MG COMPRESSE RIVESTITE CON FILM- 84 COMPRESSE IN BLISTER OPA/AL/PVC/AL	DONEPEZIL CLORIDRATO	DONEPEZIL CLORIDRATO	5	milligrammi	Compressa rivestita con film	N06DA02	TEVA ITALIA S.R.L.	Autorizzata	Procedura Mutuo riconoscimento o Decentrata	Medicinali soggetti a prescrizione medica limitativa, vendibili al pubblico su prescrizione di centri ospedalieri o di specialisti
041733080	041733	DONEPEZIL TEVA	5 MG COMPRESSE RIVESTITE CON FILM- 90 COMPRESSE IN BLISTER OPA/AL/PVC/AL	DONEPEZIL CLORIDRATO	DONEPEZIL CLORIDRATO	5	milligrammi	Compressa rivestita con film	N06DA02	TEVA ITALIA S.R.L.	Autorizzata	Procedura Mutuo riconoscimento o Decentrata	Medicinali soggetti a prescrizione medica limitativa, vendibili al pubblico su prescrizione di centri ospedalieri o di specialisti
041733092	041733	DONEPEZIL TEVA	5 MG COMPRESSE RIVESTITE CON FILM- 98 COMPRESSE IN BLISTER OPA/AL/PVC/AL	DONEPEZIL CLORIDRATO	DONEPEZIL CLORIDRATO	5	milligrammi	Compressa rivestita con film	N06DA02	TEVA ITALIA S.R.L.	Autorizzata	Procedura Mutuo riconoscimento o Decentrata	Medicinali soggetti a prescrizione medica limitativa, vendibili al pubblico su prescrizione di centri ospedalieri o di specialisti
041733104	041733	DONEPEZIL TEVA	5 MG COMPRESSE RIVESTITE CON FILM- 120 COMPRESSE IN BLISTER OPA/AL/PVC/AL	DONEPEZIL CLORIDRATO	DONEPEZIL CLORIDRATO	5	milligrammi	Compressa rivestita con film	N06DA02	TEVA ITALIA S.R.L.	Autorizzata	Procedura Mutuo riconoscimento o Decentrata	Medicinali soggetti a prescrizione medica limitativa, vendibili al pubblico su prescrizione di centri ospedalieri o di specialisti
041733116	041733	DONEPEZIL TEVA	10 MG COMPRESSE RIVESTITE CON FILM- 7 COMPRESSE IN BLISTER OPA/AL/PVC/AL	DONEPEZIL CLORIDRATO	DONEPEZIL CLORIDRATO	10	milligrammi	Compressa rivestita con film	N06DA02	TEVA ITALIA S.R.L.	Autorizzata	Procedura Mutuo riconoscimento o Decentrata	Medicinali soggetti a prescrizione medica limitativa, vendibili al pubblico su prescrizione di centri ospedalieri o di specialisti
041733128	041733	DONEPEZIL TEVA	10 MG COMPRESSE RIVESTITE CON FILM- 28 COMPRESSE IN BLISTER OPA/AL/PVC/AL	DONEPEZIL CLORIDRATO	DONEPEZIL CLORIDRATO	10	milligrammi	Compressa rivestita con film	N06DA02	TEVA ITALIA S.R.L.	Autorizzata	Procedura Mutuo riconoscimento o Decentrata	Medicinali soggetti a prescrizione medica limitativa, vendibili al pubblico su prescrizione di centri ospedalieri o di specialisti
041733130	041733	DONEPEZIL TEVA	10 MG COMPRESSE RIVESTITE CON FILM- 30 COMPRESSE IN BLISTER OPA/AL/PVC/AL	DONEPEZIL CLORIDRATO	DONEPEZIL CLORIDRATO	10	milligrammi	Compressa rivestita con film	N06DA02	TEVA ITALIA S.R.L.	Autorizzata	Procedura Mutuo riconoscimento o Decentrata	Medicinali soggetti a prescrizione medica limitativa, vendibili al pubblico su prescrizione di centri ospedalieri o di specialisti
041733142	041733	DONEPEZIL TEVA	10 MG COMPRESSE RIVESTITE CON FILM- 50 COMPRESSE IN BLISTER OPA/AL/PVC/AL	DONEPEZIL CLORIDRATO	DONEPEZIL CLORIDRATO	10	milligrammi	Compressa rivestita con film	N06DA02	TEVA ITALIA S.R.L.	Autorizzata	Procedura Mutuo riconoscimento o Decentrata	Medicinali soggetti a prescrizione medica limitativa, vendibili al pubblico su prescrizione di centri ospedalieri o di specialisti
041733155	041733	DONEPEZIL TEVA	10 MG COMPRESSE RIVESTITE CON FILM- 56 COMPRESSE IN BLISTER OPA/AL/PVC/AL	DONEPEZIL CLORIDRATO	DONEPEZIL CLORIDRATO	10	milligrammi	Compressa rivestita con film	N06DA02	TEVA ITALIA S.R.L.	Autorizzata	Procedura Mutuo riconoscimento o Decentrata	Medicinali soggetti a prescrizione medica limitativa, vendibili al pubblico su prescrizione di centri ospedalieri o di specialisti
041733167	041733	DONEPEZIL TEVA	10 MG COMPRESSE RIVESTITE CON FILM- 60 COMPRESSE IN BLISTER OPA/AL/PVC/AL	DONEPEZIL CLORIDRATO	DONEPEZIL CLORIDRATO	10	milligrammi	Compressa rivestita con film	N06DA02	TEVA ITALIA S.R.L.	Autorizzata	Procedura Mutuo riconoscimento o Decentrata	Medicinali soggetti a prescrizione medica limitativa, vendibili al pubblico su prescrizione di centri ospedalieri o di specialisti
041733179	041733	DONEPEZIL TEVA	10 MG COMPRESSE RIVESTITE CON FILM- 84 COMPRESSE IN BLISTER OPA/AL/PVC/AL	DONEPEZIL CLORIDRATO	DONEPEZIL CLORIDRATO	10	milligrammi	Compressa rivestita con film	N06DA02	TEVA ITALIA S.R.L.	Autorizzata	Procedura Mutuo riconoscimento o Decentrata	Medicinali soggetti a prescrizione medica limitativa, vendibili al pubblico su prescrizione di centri ospedalieri o di specialisti
041733181	041733	DONEPEZIL TEVA	10 MG COMPRESSE RIVESTITE CON FILM- 90 COMPRESSE IN BLISTER OPA/AL/PVC/AL	DONEPEZIL CLORIDRATO	DONEPEZIL CLORIDRATO	10	milligrammi	Compressa rivestita con film	N06DA02	TEVA ITALIA S.R.L.	Autorizzata	Procedura Mutuo riconoscimento o Decentrata	Medicinali soggetti a prescrizione medica limitativa, vendibili al pubblico su prescrizione di centri ospedalieri o di specialisti
041733193	041733	DONEPEZIL TEVA	10 MG COMPRESSE RIVESTITE CON FILM- 98 COMPRESSE IN BLISTER OPA/AL/PVC/AL	DONEPEZIL CLORIDRATO	DONEPEZIL CLORIDRATO	10	milligrammi	Compressa rivestita con film	N06DA02	TEVA ITALIA S.R.L.	Autorizzata	Procedura Mutuo riconoscimento o Decentrata	Medicinali soggetti a prescrizione medica limitativa, vendibili al pubblico su prescrizione di centri ospedalieri o di specialisti
041733205	041733	DONEPEZIL TEVA	10 MG COMPRESSE RIVESTITE CON FILM- 120 COMPRESSE IN BLISTER OPA/AL/PVC/AL	DONEPEZIL CLORIDRATO	DONEPEZIL CLORIDRATO	10	milligrammi	Compressa rivestita con film	N06DA02	TEVA ITALIA S.R.L.	Autorizzata	Procedura Mutuo riconoscimento o Decentrata	Medicinali soggetti a prescrizione medica limitativa, vendibili al pubblico su prescrizione di centri ospedalieri o di specialisti
041791017	041791	LIZIDRA	5 MG COMPRESSE RIVESTITE CON FILM- 28 COMPRESSE IN BLISTER PVC/AL	DONEPEZIL CLORIDRATO	DONEPEZIL CLORIDRATO	5	milligrammi	Compressa rivestita con film	N06DA02	NEURAXPHARM ITALY S.P.A.	Autorizzata	Procedura Mutuo riconoscimento o Decentrata	Medicinali soggetti a prescrizione medica limitativa, vendibili al pubblico su prescrizione di centri ospedalieri o di specialisti
041791029	041791	LIZIDRA	5 MG COMPRESSE RIVESTITE CON FILM- 50 COMPRESSE IN BLISTER PVC/AL	DONEPEZIL CLORIDRATO	DONEPEZIL CLORIDRATO	5	milligrammi	Compressa rivestita con film	N06DA02	NEURAXPHARM ITALY S.P.A.	Autorizzata	Procedura Mutuo riconoscimento o Decentrata	Medicinali soggetti a prescrizione medica limitativa, vendibili al pubblico su prescrizione di centri ospedalieri o di specialisti
041791031	041791	LIZIDRA	5 MG COMPRESSE RIVESTITE CON FILM- 56 COMPRESSE IN BLISTER PVC/AL	DONEPEZIL CLORIDRATO	DONEPEZIL CLORIDRATO	5	milligrammi	Compressa rivestita con film	N06DA02	NEURAXPHARM ITALY S.P.A.	Autorizzata	Procedura Mutuo riconoscimento o Decentrata	Medicinali soggetti a prescrizione medica limitativa, vendibili al pubblico su prescrizione di centri ospedalieri o di specialisti
041791043	041791	LIZIDRA	5 MG COMPRESSE RIVESTITE CON FILM- 98 COMPRESSE IN BLISTER PVC/AL	DONEPEZIL CLORIDRATO	DONEPEZIL CLORIDRATO	5	milligrammi	Compressa rivestita con film	N06DA02	NEURAXPHARM ITALY S.P.A.	Autorizzata	Procedura Mutuo riconoscimento o Decentrata	Medicinali soggetti a prescrizione medica limitativa, vendibili al pubblico su prescrizione di centri ospedalieri o di specialisti
041791056	041791	LIZIDRA	5 MG COMPRESSE RIVESTITE CON FILM- 100 COMPRESSE IN BLISTER PVC/AL	DONEPEZIL CLORIDRATO	DONEPEZIL CLORIDRATO	5	milligrammi	Compressa rivestita con film	N06DA02	NEURAXPHARM ITALY S.P.A.	Autorizzata	Procedura Mutuo riconoscimento o Decentrata	Medicinali soggetti a prescrizione medica limitativa, vendibili al pubblico su prescrizione di centri ospedalieri o di specialisti
041791068	041791	LIZIDRA	10 MG COMPRESSE RIVESTITE CON FILM- 28 COMPRESSE IN BLISTER PVC/AL	DONEPEZIL CLORIDRATO	DONEPEZIL CLORIDRATO	10	milligrammi	Compressa rivestita con film	N06DA02	NEURAXPHARM ITALY S.P.A.	Autorizzata	Procedura Mutuo riconoscimento o Decentrata	Medicinali soggetti a prescrizione medica limitativa, vendibili al pubblico su prescrizione di centri ospedalieri o di specialisti
041791070	041791	LIZIDRA	10 MG COMPRESSE RIVESTITE CON FILM- 50 COMPRESSE IN BLISTER PVC/AL	DONEPEZIL CLORIDRATO	DONEPEZIL CLORIDRATO	10	milligrammi	Compressa rivestita con film	N06DA02	NEURAXPHARM ITALY S.P.A.	Autorizzata	Procedura Mutuo riconoscimento o Decentrata	Medicinali soggetti a prescrizione medica limitativa, vendibili al pubblico su prescrizione di centri ospedalieri o di specialisti
041791082	041791	LIZIDRA	10 MG COMPRESSE RIVESTITE CON FILM- 56 COMPRESSE IN BLISTER PVC/AL	DONEPEZIL CLORIDRATO	DONEPEZIL CLORIDRATO	10	milligrammi	Compressa rivestita con film	N06DA02	NEURAXPHARM ITALY S.P.A.	Autorizzata	Procedura Mutuo riconoscimento o Decentrata	Medicinali soggetti a prescrizione medica limitativa, vendibili al pubblico su prescrizione di centri ospedalieri o di specialisti
041791094	041791	LIZIDRA	10 MG COMPRESSE RIVESTITE CON FILM- 98 COMPRESSE IN BLISTER PVC/AL	DONEPEZIL CLORIDRATO	DONEPEZIL CLORIDRATO	10	milligrammi	Compressa rivestita con film	N06DA02	NEURAXPHARM ITALY S.P.A.	Autorizzata	Procedura Mutuo riconoscimento o Decentrata	Medicinali soggetti a prescrizione medica limitativa, vendibili al pubblico su prescrizione di centri ospedalieri o di specialisti
041791106	041791	LIZIDRA	10 MG COMPRESSE RIVESTITE CON FILM- 100 COMPRESSE IN BLISTER PVC/AL	DONEPEZIL CLORIDRATO	DONEPEZIL CLORIDRATO	10	milligrammi	Compressa rivestita con film	N06DA02	NEURAXPHARM ITALY S.P.A.	Autorizzata	Procedura Mutuo riconoscimento o Decentrata	Medicinali soggetti a prescrizione medica limitativa, vendibili al pubblico su prescrizione di centri ospedalieri o di specialisti
041796018	041796	YASNORO	5 MG COMPRESSE ORODISPERSIBILI- 10 COMPRESSE IN BLISTER OPA/AL/PVC/PET/AL	DONEPEZIL CLORIDRATO	DONEPEZIL CLORIDRATO	5	milligrammi	Compressa orodispersibile	N06DA02	KRKA D.D. NOVO MESTO	Autorizzata	Procedura Mutuo riconoscimento o Decentrata	Medicinali soggetti a prescrizione medica limitativa, vendibili al pubblico su prescrizione di centri ospedalieri o di specialisti
041796020	041796	YASNORO	5 MG COMPRESSE ORODISPERSIBILI- 28 COMPRESSE IN BLISTER OPA/AL/PVC/PET/AL	DONEPEZIL CLORIDRATO	DONEPEZIL CLORIDRATO	5	milligrammi	Compressa orodispersibile	N06DA02	KRKA D.D. NOVO MESTO	Autorizzata	Procedura Mutuo riconoscimento o Decentrata	Medicinali soggetti a prescrizione medica limitativa, vendibili al pubblico su prescrizione di centri ospedalieri o di specialisti
041796032	041796	YASNORO	5 MG COMPRESSE ORODISPERSIBILI- 30 COMPRESSE IN BLISTER OPA/AL/PVC/PET/AL	DONEPEZIL CLORIDRATO	DONEPEZIL CLORIDRATO	5	milligrammi	Compressa orodispersibile	N06DA02	KRKA D.D. NOVO MESTO	Autorizzata	Procedura Mutuo riconoscimento o Decentrata	Medicinali soggetti a prescrizione medica limitativa, vendibili al pubblico su prescrizione di centri ospedalieri o di specialisti
041796044	041796	YASNORO	5 MG COMPRESSE ORODISPERSIBILI- 50 COMPRESSE IN BLISTER OPA/AL/PVC/PET/AL	DONEPEZIL CLORIDRATO	DONEPEZIL CLORIDRATO	5	milligrammi	Compressa orodispersibile	N06DA02	KRKA D.D. NOVO MESTO	Autorizzata	Procedura Mutuo riconoscimento o Decentrata	Medicinali soggetti a prescrizione medica limitativa, vendibili al pubblico su prescrizione di centri ospedalieri o di specialisti
041796057	041796	YASNORO	5 MG COMPRESSE ORODISPERSIBILI- 56 COMPRESSE IN BLISTER OPA/AL/PVC/PET/AL	DONEPEZIL CLORIDRATO	DONEPEZIL CLORIDRATO	5	milligrammi	Compressa orodispersibile	N06DA02	KRKA D.D. NOVO MESTO	Autorizzata	Procedura Mutuo riconoscimento o Decentrata	Medicinali soggetti a prescrizione medica limitativa, vendibili al pubblico su prescrizione di centri ospedalieri o di specialisti
041796069	041796	YASNORO	5 MG COMPRESSE ORODISPERSIBILI- 60 COMPRESSE IN BLISTER OPA/AL/PVC/PET/AL	DONEPEZIL CLORIDRATO	DONEPEZIL CLORIDRATO	5	milligrammi	Compressa orodispersibile	N06DA02	KRKA D.D. NOVO MESTO	Autorizzata	Procedura Mutuo riconoscimento o Decentrata	Medicinali soggetti a prescrizione medica limitativa, vendibili al pubblico su prescrizione di centri ospedalieri o di specialisti
041796071	041796	YASNORO	5 MG COMPRESSE ORODISPERSIBILI- 84 COMPRESSE IN BLISTER OPA/AL/PVC/PET/AL	DONEPEZIL CLORIDRATO	DONEPEZIL CLORIDRATO	5	milligrammi	Compressa orodispersibile	N06DA02	KRKA D.D. NOVO MESTO	Autorizzata	Procedura Mutuo riconoscimento o Decentrata	Medicinali soggetti a prescrizione medica limitativa, vendibili al pubblico su prescrizione di centri ospedalieri o di specialisti
041796083	041796	YASNORO	5 MG COMPRESSE ORODISPERSIBILI- 90 COMPRESSE IN BLISTER OPA/AL/PVC/PET/AL	DONEPEZIL CLORIDRATO	DONEPEZIL CLORIDRATO	5	milligrammi	Compressa orodispersibile	N06DA02	KRKA D.D. NOVO MESTO	Autorizzata	Procedura Mutuo riconoscimento o Decentrata	Medicinali soggetti a prescrizione medica limitativa, vendibili al pubblico su prescrizione di centri ospedalieri o di specialisti
041796095	041796	YASNORO	5 MG COMPRESSE ORODISPERSIBILI- 98 COMPRESSE IN BLISTER OPA/AL/PVC/PET/AL	DONEPEZIL CLORIDRATO	DONEPEZIL CLORIDRATO	5	milligrammi	Compressa orodispersibile	N06DA02	KRKA D.D. NOVO MESTO	Autorizzata	Procedura Mutuo riconoscimento o Decentrata	Medicinali soggetti a prescrizione medica limitativa, vendibili al pubblico su prescrizione di centri ospedalieri o di specialisti
041796107	041796	YASNORO	5 MG COMPRESSE ORODISPERSIBILI- 100 COMPRESSE IN BLISTER OPA/AL/PVC/PET/AL	DONEPEZIL CLORIDRATO	DONEPEZIL CLORIDRATO	5	milligrammi	Compressa orodispersibile	N06DA02	KRKA D.D. NOVO MESTO	Autorizzata	Procedura Mutuo riconoscimento o Decentrata	Medicinali soggetti a prescrizione medica limitativa, vendibili al pubblico su prescrizione di centri ospedalieri o di specialisti
041796119	041796	YASNORO	10 MG COMPRESSE ORODISPERSIBILI- 10 COMPRESSE IN BLISTER OPA/AL/PVC/PET/AL	DONEPEZIL CLORIDRATO	DONEPEZIL CLORIDRATO	10	milligrammi	Compressa orodispersibile	N06DA02	KRKA D.D. NOVO MESTO	Autorizzata	Procedura Mutuo riconoscimento o Decentrata	Medicinali soggetti a prescrizione medica limitativa, vendibili al pubblico su prescrizione di centri ospedalieri o di specialisti
041796121	041796	YASNORO	10 MG COMPRESSE ORODISPERSIBILI- 28 COMPRESSE IN BLISTER OPA/AL/PVC/PET/AL	DONEPEZIL CLORIDRATO	DONEPEZIL CLORIDRATO	10	milligrammi	Compressa orodispersibile	N06DA02	KRKA D.D. NOVO MESTO	Autorizzata	Procedura Mutuo riconoscimento o Decentrata	Medicinali soggetti a prescrizione medica limitativa, vendibili al pubblico su prescrizione di centri ospedalieri o di specialisti
041796133	041796	YASNORO	10 MG COMPRESSE ORODISPERSIBILI- 30 COMPRESSE IN BLISTER OPA/AL/PVC/PET/AL	DONEPEZIL CLORIDRATO	DONEPEZIL CLORIDRATO	10	milligrammi	Compressa orodispersibile	N06DA02	KRKA D.D. NOVO MESTO	Autorizzata	Procedura Mutuo riconoscimento o Decentrata	Medicinali soggetti a prescrizione medica limitativa, vendibili al pubblico su prescrizione di centri ospedalieri o di specialisti
041796145	041796	YASNORO	10 MG COMPRESSE ORODISPERSIBILI- 50 COMPRESSE IN BLISTER OPA/AL/PVC/PET/AL	DONEPEZIL CLORIDRATO	DONEPEZIL CLORIDRATO	10	milligrammi	Compressa orodispersibile	N06DA02	KRKA D.D. NOVO MESTO	Autorizzata	Procedura Mutuo riconoscimento o Decentrata	Medicinali soggetti a prescrizione medica limitativa, vendibili al pubblico su prescrizione di centri ospedalieri o di specialisti
041796158	041796	YASNORO	10 MG COMPRESSE ORODISPERSIBILI- 56 COMPRESSE IN BLISTER OPA/AL/PVC/PET/AL	DONEPEZIL CLORIDRATO	DONEPEZIL CLORIDRATO	10	milligrammi	Compressa orodispersibile	N06DA02	KRKA D.D. NOVO MESTO	Autorizzata	Procedura Mutuo riconoscimento o Decentrata	Medicinali soggetti a prescrizione medica limitativa, vendibili al pubblico su prescrizione di centri ospedalieri o di specialisti
041796160	041796	YASNORO	10 MG COMPRESSE ORODISPERSIBILI- 60 COMPRESSE IN BLISTER OPA/AL/PVC/PET/AL	DONEPEZIL CLORIDRATO	DONEPEZIL CLORIDRATO	10	milligrammi	Compressa orodispersibile	N06DA02	KRKA D.D. NOVO MESTO	Autorizzata	Procedura Mutuo riconoscimento o Decentrata	Medicinali soggetti a prescrizione medica limitativa, vendibili al pubblico su prescrizione di centri ospedalieri o di specialisti
041796172	041796	YASNORO	10 MG COMPRESSE ORODISPERSIBILI- 84 COMPRESSE IN BLISTER OPA/AL/PVC/PET/AL	DONEPEZIL CLORIDRATO	DONEPEZIL CLORIDRATO	10	milligrammi	Compressa orodispersibile	N06DA02	KRKA D.D. NOVO MESTO	Autorizzata	Procedura Mutuo riconoscimento o Decentrata	Medicinali soggetti a prescrizione medica limitativa, vendibili al pubblico su prescrizione di centri ospedalieri o di specialisti
041796184	041796	YASNORO	10 MG COMPRESSE ORODISPERSIBILI- 90 COMPRESSE IN BLISTER OPA/AL/PVC/PET/AL	DONEPEZIL CLORIDRATO	DONEPEZIL CLORIDRATO	10	milligrammi	Compressa orodispersibile	N06DA02	KRKA D.D. NOVO MESTO	Autorizzata	Procedura Mutuo riconoscimento o Decentrata	Medicinali soggetti a prescrizione medica limitativa, vendibili al pubblico su prescrizione di centri ospedalieri o di specialisti
041796196	041796	YASNORO	10 MG COMPRESSE ORODISPERSIBILI- 98 COMPRESSE IN BLISTER OPA/AL/PVC/PET/AL	DONEPEZIL CLORIDRATO	DONEPEZIL CLORIDRATO	10	milligrammi	Compressa orodispersibile	N06DA02	KRKA D.D. NOVO MESTO	Autorizzata	Procedura Mutuo riconoscimento o Decentrata	Medicinali soggetti a prescrizione medica limitativa, vendibili al pubblico su prescrizione di centri ospedalieri o di specialisti
041796208	041796	YASNORO	10 MG COMPRESSE ORODISPERSIBILI- 100 COMPRESSE IN BLISTER OPA/AL/PVC/PET/AL	DONEPEZIL CLORIDRATO	DONEPEZIL CLORIDRATO	10	milligrammi	Compressa orodispersibile	N06DA02	KRKA D.D. NOVO MESTO	Autorizzata	Procedura Mutuo riconoscimento o Decentrata	Medicinali soggetti a prescrizione medica limitativa, vendibili al pubblico su prescrizione di centri ospedalieri o di specialisti
041885017	041885	DONEPEZIL AUROBINDO	5 MG COMPRESSE RIVESTITE CON FILM- 14 COMPRESSE IN BLISTER PVC/PE/PVDC-AL	DONEPEZIL CLORIDRATO	DONEPEZIL CLORIDRATO	5	milligrammi	Compressa rivestita con film	N06DA02	AUROBINDO PHARMA (ITALIA) S.R.L.	Autorizzata	Procedura Mutuo riconoscimento o Decentrata	Medicinali soggetti a prescrizione medica limitativa, vendibili al pubblico su prescrizione di centri ospedalieri o di specialisti
041885029	041885	DONEPEZIL AUROBINDO	5 MG COMPRESSE RIVESTITE CON FILM- 28 COMPRESSE IN BLISTER PVC/PE/PVDC-AL	DONEPEZIL CLORIDRATO	DONEPEZIL CLORIDRATO	5	milligrammi	Compressa rivestita con film	N06DA02	AUROBINDO PHARMA (ITALIA) S.R.L.	Autorizzata	Procedura Mutuo riconoscimento o Decentrata	Medicinali soggetti a prescrizione medica limitativa, vendibili al pubblico su prescrizione di centri ospedalieri o di specialisti
041885031	041885	DONEPEZIL AUROBINDO	5 MG COMPRESSE RIVESTITE CON FILM- 50 COMPRESSE IN BLISTER PVC/PE/PVDC-AL	DONEPEZIL CLORIDRATO	DONEPEZIL CLORIDRATO	5	milligrammi	Compressa rivestita con film	N06DA02	AUROBINDO PHARMA (ITALIA) S.R.L.	Autorizzata	Procedura Mutuo riconoscimento o Decentrata	Medicinali soggetti a prescrizione medica limitativa, vendibili al pubblico su prescrizione di centri ospedalieri o di specialisti
041885043	041885	DONEPEZIL AUROBINDO	5 MG COMPRESSE RIVESTITE CON FILM- 56 COMPRESSE IN BLISTER PVC/PE/PVDC-AL	DONEPEZIL CLORIDRATO	DONEPEZIL CLORIDRATO	5	milligrammi	Compressa rivestita con film	N06DA02	AUROBINDO PHARMA (ITALIA) S.R.L.	Autorizzata	Procedura Mutuo riconoscimento o Decentrata	Medicinali soggetti a prescrizione medica limitativa, vendibili al pubblico su prescrizione di centri ospedalieri o di specialisti
041885056	041885	DONEPEZIL AUROBINDO	5 MG COMPRESSE RIVESTITE CON FILM- 98 COMPRESSE IN BLISTER PVC/PE/PVDC-AL	DONEPEZIL CLORIDRATO	DONEPEZIL CLORIDRATO	5	milligrammi	Compressa rivestita con film	N06DA02	AUROBINDO PHARMA (ITALIA) S.R.L.	Autorizzata	Procedura Mutuo riconoscimento o Decentrata	Medicinali soggetti a prescrizione medica limitativa, vendibili al pubblico su prescrizione di centri ospedalieri o di specialisti
041885068	041885	DONEPEZIL AUROBINDO	5 MG COMPRESSE RIVESTITE CON FILM- 30 COMPRESSE IN FLACONE HDPE	DONEPEZIL CLORIDRATO	DONEPEZIL CLORIDRATO	5	milligrammi	Compressa rivestita con film	N06DA02	AUROBINDO PHARMA (ITALIA) S.R.L.	Autorizzata	Procedura Mutuo riconoscimento o Decentrata	Medicinali soggetti a prescrizione medica limitativa, vendibili al pubblico su prescrizione di centri ospedalieri o di specialisti
041885070	041885	DONEPEZIL AUROBINDO	5 MG COMPRESSE RIVESTITE CON FILM- 1000 COMPRESSE IN FLACONE HDPE	DONEPEZIL CLORIDRATO	DONEPEZIL CLORIDRATO	5	milligrammi	Compressa rivestita con film	N06DA02	AUROBINDO PHARMA (ITALIA) S.R.L.	Autorizzata	Procedura Mutuo riconoscimento o Decentrata	Medicinali soggetti a prescrizione medica limitativa, utilizzabili esclusivamente in ambiente ospedaliero o in una struttura ad esso assimilabile
041885082	041885	DONEPEZIL AUROBINDO	10 MG COMPRESSE RIVESTITE CON FILM- 14 COMPRESSE IN BLISTER PVC/PE/PVDC-AL	DONEPEZIL CLORIDRATO	DONEPEZIL CLORIDRATO	10	milligrammi	Compressa rivestita con film	N06DA02	AUROBINDO PHARMA (ITALIA) S.R.L.	Autorizzata	Procedura Mutuo riconoscimento o Decentrata	Medicinali soggetti a prescrizione medica limitativa, vendibili al pubblico su prescrizione di centri ospedalieri o di specialisti
041885094	041885	DONEPEZIL AUROBINDO	10 MG COMPRESSE RIVESTITE CON FILM- 28 COMPRESSE IN BLISTER PVC/PE/PVDC-AL	DONEPEZIL CLORIDRATO	DONEPEZIL CLORIDRATO	10	milligrammi	Compressa rivestita con film	N06DA02	AUROBINDO PHARMA (ITALIA) S.R.L.	Autorizzata	Procedura Mutuo riconoscimento o Decentrata	Medicinali soggetti a prescrizione medica limitativa, vendibili al pubblico su prescrizione di centri ospedalieri o di specialisti
041885106	041885	DONEPEZIL AUROBINDO	10 MG COMPRESSE RIVESTITE CON FILM- 50 COMPRESSE IN BLISTER PVC/PE/PVDC-AL	DONEPEZIL CLORIDRATO	DONEPEZIL CLORIDRATO	10	milligrammi	Compressa rivestita con film	N06DA02	AUROBINDO PHARMA (ITALIA) S.R.L.	Autorizzata	Procedura Mutuo riconoscimento o Decentrata	Medicinali soggetti a prescrizione medica limitativa, vendibili al pubblico su prescrizione di centri ospedalieri o di specialisti
041885118	041885	DONEPEZIL AUROBINDO	10 MG COMPRESSE RIVESTITE CON FILM- 56 COMPRESSE IN BLISTER PVC/PE/PVDC-AL	DONEPEZIL CLORIDRATO	DONEPEZIL CLORIDRATO	10	milligrammi	Compressa rivestita con film	N06DA02	AUROBINDO PHARMA (ITALIA) S.R.L.	Autorizzata	Procedura Mutuo riconoscimento o Decentrata	Medicinali soggetti a prescrizione medica limitativa, vendibili al pubblico su prescrizione di centri ospedalieri o di specialisti
041885120	041885	DONEPEZIL AUROBINDO	10 MG COMPRESSE RIVESTITE CON FILM- 98 COMPRESSE IN BLISTER PVC/PE/PVDC-AL	DONEPEZIL CLORIDRATO	DONEPEZIL CLORIDRATO	10	milligrammi	Compressa rivestita con film	N06DA02	AUROBINDO PHARMA (ITALIA) S.R.L.	Autorizzata	Procedura Mutuo riconoscimento o Decentrata	Medicinali soggetti a prescrizione medica limitativa, vendibili al pubblico su prescrizione di centri ospedalieri o di specialisti
041885132	041885	DONEPEZIL AUROBINDO	10 MG COMPRESSE RIVESTITE CON FILM- 30 COMPRESSE IN FLACONE HDPE	DONEPEZIL CLORIDRATO	DONEPEZIL CLORIDRATO	10	milligrammi	Compressa rivestita con film	N06DA02	AUROBINDO PHARMA (ITALIA) S.R.L.	Autorizzata	Procedura Mutuo riconoscimento o Decentrata	Medicinali soggetti a prescrizione medica limitativa, vendibili al pubblico su prescrizione di centri ospedalieri o di specialisti
041885144	041885	DONEPEZIL AUROBINDO	10 MG COMPRESSE RIVESTITE CON FILM- 1000 COMPRESSE IN FLACONE HDPE	DONEPEZIL CLORIDRATO	DONEPEZIL CLORIDRATO	10	milligrammi	Compressa rivestita con film	N06DA02	AUROBINDO PHARMA (ITALIA) S.R.L.	Autorizzata	Procedura Mutuo riconoscimento o Decentrata	Medicinali soggetti a prescrizione medica limitativa, utilizzabili esclusivamente in ambiente ospedaliero o in una struttura ad esso assimilabile
041885157	041885	DONEPEZIL AUROBINDO	5 MG COMPRESSE RIVESTITE CON FILM- 250 COMPRESSE IN FLACONE HDPE	DONEPEZIL CLORIDRATO	DONEPEZIL CLORIDRATO	5	milligrammi	Compressa rivestita con film	N06DA02	AUROBINDO PHARMA (ITALIA) S.R.L.	Autorizzata	Procedura Mutuo riconoscimento o Decentrata	Medicinali soggetti a prescrizione medica limitativa, utilizzabili esclusivamente in ambiente ospedaliero o in una struttura ad esso assimilabile
041885169	041885	DONEPEZIL AUROBINDO	10 MG COMPRESSE RIVESTITE CON FILM- 250 COMPRESSE IN FLACONE HDPE	DONEPEZIL CLORIDRATO	DONEPEZIL CLORIDRATO	10	milligrammi	Compressa rivestita con film	N06DA02	AUROBINDO PHARMA (ITALIA) S.R.L.	Autorizzata	Procedura Mutuo riconoscimento o Decentrata	Medicinali soggetti a prescrizione medica limitativa, utilizzabili esclusivamente in ambiente ospedaliero o in una struttura ad esso assimilabile
043017019	043017	BLIXIE	5MG COMPRESSE RIVESTITE CON FILM- 28 COMPRESSE IN BLISTER PVC/PVDC/AL	DONEPEZIL CLORIDRATO	DONEPEZIL CLORIDRATO	5	milligrammi	Compressa rivestita con film	N06DA02	TECNIGEN S.R.L.	Autorizzata	Procedura Mutuo riconoscimento o Decentrata	Medicinali soggetti a prescrizione medica limitativa, vendibili al pubblico su prescrizione di centri ospedalieri o di specialisti
043017021	043017	BLIXIE	10 MG COMPRESSE RIVESTITE CON FILM- 28 COMPRESSE IN BLISTER PVC/PVDC/AL	DONEPEZIL CLORIDRATO	DONEPEZIL CLORIDRATO	10	milligrammi	Compressa rivestita con film	N06DA02	TECNIGEN S.R.L.	Autorizzata	Procedura Mutuo riconoscimento o Decentrata	Medicinali soggetti a prescrizione medica limitativa, vendibili al pubblico su prescrizione di centri ospedalieri o di specialisti
