codice_aic	cod_farmaco	denominazione	descrizione	pa_associati	principio_attivo	quantita	unita_misura	forma	codice_atc	ragione_sociale	stato_amministrativo	tipo_procedura	fornitura
034076024	034076	VIAGRA	4 COMPRESSE FILM RIVESTITE 25 MG IN BLISTER	SILDENAFIL	SILDENAFIL	50	milligrammi	Compressa	G04BE03	UPJOHN EESV	Autorizzata	Procedura Centralizzata	Medicinali soggetti a prescrizione medica
034076036	034076	VIAGRA	8 COMPRESSE FILM RIVESTITE 25 MG IN BLISTER	SILDENAFIL	SILDENAFIL	50	milligrammi	Compressa	G04BE03	UPJOHN EESV	Autorizzata	Procedura Centralizzata	Medicinali soggetti a prescrizione medica
034076048	034076	VIAGRA	12 COMPRESSE FILM RIVESTITE 25 MG IN BLISTER	SILDENAFIL	SILDENAFIL	50	milligrammi	Compressa	G04BE03	UPJOHN EESV	Autorizzata	Procedura Centralizzata	Medicinali soggetti a prescrizione medica
034076063	034076	VIAGRA	4 COMPRESSE FILM RIVESTITE 50 MG IN BLISTER	SILDENAFIL	SILDENAFIL	50	milligrammi	Compressa	G04BE03	UPJOHN EESV	Autorizzata	Procedura Centralizzata	Medicinali soggetti a prescrizione medica
034076075	034076	VIAGRA	8 COMPRESSE FILM RIVESTITE 50 MG IN BLISTER	SILDENAFIL	SILDENAFIL	50	milligrammi	Compressa	G04BE03	UPJOHN EESV	Autorizzata	Procedura Centralizzata	Medicinali soggetti a prescrizione medica
034076087	034076	VIAGRA	12 COMPRESSE FILM RIVESTITE 50 MG IN BLISTER	SILDENAFIL	SILDENAFIL	50	milligrammi	Compressa	G04BE03	UPJOHN EESV	Autorizzata	Procedura Centralizzata	Medicinali soggetti a prescrizione medica
034076101	034076	VIAGRA	4 COMPRESSE FILM RIVESTITE 100 MG IN BLISTER	SILDENAFIL	SILDENAFIL	50	milligrammi	Compressa	G04BE03	UPJOHN EESV	Autorizzata	Procedura Centralizzata	Medicinali soggetti a prescrizione medica
034076113	034076	VIAGRA	8 COMPRESSE FILM RIVESTITE 100 MG IN BLISTER	SILDENAFIL	SILDENAFIL	50	milligrammi	Compressa	G04BE03	UPJOHN EESV	Autorizzata	Procedura Centralizzata	Medicinali soggetti a prescrizione medica
034076125	034076	VIAGRA	12 COMPRESSE FILM RIVESTITE 100 MG IN BLISTER	SILDENAFIL	SILDENAFIL	50	milligrammi	Compressa	G04BE03	UPJOHN EESV	Autorizzata	Procedura Centralizzata	Medicinali soggetti a prescrizione medica
034076137	034076	VIAGRA	25 MG  COMPRESSA RIVESTITA CON FILMA -USO ORALE -- BLISTER (PVC/ALU) 2 COMPRESSE	SILDENAFIL	SILDENAFIL	50	milligrammi	Compressa	G04BE03	UPJOHN EESV	Autorizzata	Procedura Centralizzata	Medicinali soggetti a prescrizione medica
034076149	034076	VIAGRA	50 MG  COMPRESSA RIVESTITA CON FILM -USO ORALE- BLISTER (PVC/ALU) 2 COMPRESSE	SILDENAFIL	SILDENAFIL	50	milligrammi	Compressa	G04BE03	UPJOHN EESV	Autorizzata	Procedura Centralizzata	Medicinali soggetti a prescrizione medica
034076152	034076	VIAGRA	100 MG  COMPRESSA RIVESTITA CON FILM -USO ORALE- BLISTER (PVC/ALU) 2 COMPRESSE	SILDENAFIL	SILDENAFIL	50	milligrammi	Compressa	G04BE03	UPJOHN EESV	Autorizzata	Procedura Centralizzata	Medicinali soggetti a prescrizione medica
034076202	034076	VIAGRA	50 MG - COMPRESSA ORODISPERSIBILE- USO ORALE - BLISTER (PVC/ALU)- 2 COMPRESSE	SILDENAFIL	SILDENAFIL	50	milligrammi	Compressa	G04BE03	UPJOHN EESV	Autorizzata	Procedura Centralizzata	Medicinali soggetti a prescrizione medica
034076214	034076	VIAGRA	50 MG - COMPRESSA ORODISPERSIBILE- USO ORALE - BLISTER (PVC/ALU)- 4 COMPRESSE	SILDENAFIL	SILDENAFIL	50	milligrammi	Compressa	G04BE03	UPJOHN EESV	Autorizzata	Procedura Centralizzata	Medicinali soggetti a prescrizione medica
034076226	034076	VIAGRA	50 MG - COMPRESSA ORODISPERSIBILE- USO ORALE - BLISTER (PVC/ALU)- 8 COMPRESSE	SILDENAFIL	SILDENAFIL	50	milligrammi	Compressa	G04BE03	UPJOHN EESV	Autorizzata	Procedura Centralizzata	Medicinali soggetti a prescrizione medica
034076238	034076	VIAGRA	50 MG - COMPRESSA ORODISPERSIBILE- USO ORALE - BLISTER (PVC/ALU)- 12 COMPRESSE	SILDENAFIL	SILDENAFIL	50	milligrammi	Compressa	G04BE03	UPJOHN EESV	Autorizzata	Procedura Centralizzata	Medicinali soggetti a prescrizione medica
034076240	034076	VIAGRA	50 MG - COMPRESSA RIVESTITA CON FILM - USO ORALE - BLISTER (PVC/ALU) IN CONFEZIONE - 24 COMPRESSE	SILDENAFIL	SILDENAFIL	50	milligrammi	Compressa	G04BE03	UPJOHN EESV	Autorizzata	Procedura Centralizzata	Medicinali soggetti a prescrizione medica
034076253	034076	VIAGRA	100 MG - COMPRESSA RIVESTITA CON FILM - USO ORALE - BLISTER (PVC/ALU) IN CONFEZIONE - 24 COMPRESSE	SILDENAFIL	SILDENAFIL	100	milligrammi	Compressa	G04BE03	UPJOHN EESV	Autorizzata	Procedura Centralizzata	Medicinali soggetti a prescrizione medica
034076265	034076	VIAGRA	50 mg - Film orodispersibili - Uso orale - busta (PE/alu) - 2 film	SILDENAFIL	SILDENAFIL	50	milligrammi	Film orodispersibile	G04BE03	UPJOHN EESV	Autorizzata	Procedura Centralizzata	Medicinali soggetti a prescrizione medica
034076277	034076	VIAGRA	50 mg - Film orodispersibili - Uso orale - busta (PE/alu) - 4 film	SILDENAFIL	SILDENAFIL	50	milligrammi	Film orodispersibile	G04BE03	UPJOHN EESV	Autorizzata	Procedura Centralizzata	Medicinali soggetti a prescrizione medica
034076289	034076	VIAGRA	50 mg - Film orodispersibili - Uso orale - busta (PE/alu) - 8 film	SILDENAFIL	SILDENAFIL	50	milligrammi	Film orodispersibile	G04BE03	UPJOHN EESV	Autorizzata	Procedura Centralizzata	Medicinali soggetti a prescrizione medica
034076291	034076	VIAGRA	50 mg - Film orodispersibili - Uso orale - busta (PE/alu) - 12 film	SILDENAFIL	SILDENAFIL	50	milligrammi	Film orodispersibile	G04BE03	UPJOHN EESV	Autorizzata	Procedura Centralizzata	Medicinali soggetti a prescrizione medica
040639015	040639	SILDENAFIL EG	25 MG COMPRESSE RIVESTITE CON FILM - 1 COMPRESSA IN BLISTER PVC/PVDC/AL	SILDENAFIL	SILDENAFIL	25	milligrammi	Compressa rivestita con film	G04BE03	EG S.P.A.	Autorizzata	Procedura Mutuo riconoscimento o Decentrata	Medicinali soggetti a prescrizione medica
040639027	040639	SILDENAFIL EG	25 MG COMPRESSE RIVESTITE CON FILM - 2 COMPRESSA IN BLISTER PVC/PVDC/AL	SILDENAFIL	SILDENAFIL	25	milligrammi	Compressa rivestita con film	G04BE03	EG S.P.A.	Autorizzata	Procedura Mutuo riconoscimento o Decentrata	Medicinali soggetti a prescrizione medica
040639039	040639	SILDENAFIL EG	25 MG COMPRESSE RIVESTITE CON FILM - 3 COMPRESSE IN BLISTER PVC/PVDC/AL	SILDENAFIL	SILDENAFIL	25	milligrammi	Compressa rivestita con film	G04BE03	EG S.P.A.	Autorizzata	Procedura Mutuo riconoscimento o Decentrata	Medicinali soggetti a prescrizione medica
040639041	040639	SILDENAFIL EG	25 MG COMPRESSE RIVESTITE CON FILM - 4 COMPRESSE IN BLISTER PVC/PVDC/AL	SILDENAFIL	SILDENAFIL	25	milligrammi	Compressa rivestita con film	G04BE03	EG S.P.A.	Autorizzata	Procedura Mutuo riconoscimento o Decentrata	Medicinali soggetti a prescrizione medica
040639054	040639	SILDENAFIL EG	25 MG COMPRESSE RIVESTITE CON FILM - 8 COMPRESSE IN BLISTER PVC/PVDC/AL	SILDENAFIL	SILDENAFIL	25	milligrammi	Compressa rivestita con film	G04BE03	EG S.P.A.	Autorizzata	Procedura Mutuo riconoscimento o Decentrata	Medicinali soggetti a prescrizione medica
040639066	040639	SILDENAFIL EG	25 MG COMPRESSE RIVESTITE CON FILM - 12 COMPRESSE IN BLISTER PVC/PVDC/AL	SILDENAFIL	SILDENAFIL	25	milligrammi	Compressa rivestita con film	G04BE03	EG S.P.A.	Autorizzata	Procedura Mutuo riconoscimento o Decentrata	Medicinali soggetti a prescrizione medica
040639078	040639	SILDENAFIL EG	50 MG COMPRESSE RIVESTITE CON FILM - 1 COMPRESSA IN BLISTER PVC/PVDC/AL	SILDENAFIL	SILDENAFIL	50	milligrammi	Compressa rivestita con film	G04BE03	EG S.P.A.	Autorizzata	Procedura Mutuo riconoscimento o Decentrata	Medicinali soggetti a prescrizione medica
040639080	040639	SILDENAFIL EG	50 MG COMPRESSE RIVESTITE CON FILM - 2 COMPRESSE IN BLISTER PVC/PVDC/AL	SILDENAFIL	SILDENAFIL	50	milligrammi	Compressa rivestita con film	G04BE03	EG S.P.A.	Autorizzata	Procedura Mutuo riconoscimento o Decentrata	Medicinali soggetti a prescrizione medica
040639092	040639	SILDENAFIL EG	50 MG COMPRESSE RIVESTITE CON FILM - 3 COMPRESSE IN BLISTER PVC/PVDC/AL	SILDENAFIL	SILDENAFIL	50	milligrammi	Compressa rivestita con film	G04BE03	EG S.P.A.	Autorizzata	Procedura Mutuo riconoscimento o Decentrata	Medicinali soggetti a prescrizione medica
040639104	040639	SILDENAFIL EG	50 MG COMPRESSE RIVESTITE CON FILM - 4 COMPRESSE IN BLISTER PVC/PVDC/AL	SILDENAFIL	SILDENAFIL	50	milligrammi	Compressa rivestita con film	G04BE03	EG S.P.A.	Autorizzata	Procedura Mutuo riconoscimento o Decentrata	Medicinali soggetti a prescrizione medica
040639116	040639	SILDENAFIL EG	50 MG COMPRESSE RIVESTITE CON FILM - 8 COMPRESSE IN BLISTER PVC/PVDC/AL	SILDENAFIL	SILDENAFIL	50	milligrammi	Compressa rivestita con film	G04BE03	EG S.P.A.	Autorizzata	Procedura Mutuo riconoscimento o Decentrata	Medicinali soggetti a prescrizione medica
040639128	040639	SILDENAFIL EG	50 MG COMPRESSE RIVESTITE CON FILM - 12 COMPRESSE IN BLISTER PVC/PVDC/AL	SILDENAFIL	SILDENAFIL	50	milligrammi	Compressa rivestita con film	G04BE03	EG S.P.A.	Autorizzata	Procedura Mutuo riconoscimento o Decentrata	Medicinali soggetti a prescrizione medica
040639130	040639	SILDENAFIL EG	100 MG COMPRESSE RIVESTITE CON FILM - 1 COMPRESSA IN BLISTER PVC/PVDC/AL	SILDENAFIL	SILDENAFIL	100	milligrammi	Compressa rivestita con film	G04BE03	EG S.P.A.	Autorizzata	Procedura Mutuo riconoscimento o Decentrata	Medicinali soggetti a prescrizione medica
040639142	040639	SILDENAFIL EG	100 MG COMPRESSE RIVESTITE CON FILM - 2 COMPRESSE IN BLISTER PVC/PVDC/AL	SILDENAFIL	SILDENAFIL	100	milligrammi	Compressa rivestita con film	G04BE03	EG S.P.A.	Autorizzata	Procedura Mutuo riconoscimento o Decentrata	Medicinali soggetti a prescrizione medica
040639155	040639	SILDENAFIL EG	100 MG COMPRESSE RIVESTITE CON FILM - 3 COMPRESSE IN BLISTER PVC/PVDC/AL	SILDENAFIL	SILDENAFIL	100	milligrammi	Compressa rivestita con film	G04BE03	EG S.P.A.	Autorizzata	Procedura Mutuo riconoscimento o Decentrata	Medicinali soggetti a prescrizione medica
040639167	040639	SILDENAFIL EG	100 MG COMPRESSE RIVESTITE CON FILM - 4 COMPRESSE IN BLISTER PVC/PVDC/AL	SILDENAFIL	SILDENAFIL	100	milligrammi	Compressa rivestita con film	G04BE03	EG S.P.A.	Autorizzata	Procedura Mutuo riconoscimento o Decentrata	Medicinali soggetti a prescrizione medica
040639179	040639	SILDENAFIL EG	100 MG COMPRESSE RIVESTITE CON FILM - 8 COMPRESSE IN BLISTER PVC/PVDC/AL	SILDENAFIL	SILDENAFIL	100	milligrammi	Compressa rivestita con film	G04BE03	EG S.P.A.	Autorizzata	Procedura Mutuo riconoscimento o Decentrata	Medicinali soggetti a prescrizione medica
040639181	040639	SILDENAFIL EG	100 MG COMPRESSE RIVESTITE CON FILM - 12 COMPRESSE IN BLISTER PVC/PVDC/AL	SILDENAFIL	SILDENAFIL	100	milligrammi	Compressa rivestita con film	G04BE03	EG S.P.A.	Autorizzata	Procedura Mutuo riconoscimento o Decentrata	Medicinali soggetti a prescrizione medica
040639193	040639	SILDENAFIL EG	25 MG COMPRESSE RIVESTITE CON FILM - 24 COMPRESSE IN BLISTER PVC/PVDC/AL	SILDENAFIL	SILDENAFIL	25	milligrammi	Compressa rivestita con film	G04BE03	EG S.P.A.	Autorizzata	Procedura Mutuo riconoscimento o Decentrata	Medicinali soggetti a prescrizione medica
040639205	040639	SILDENAFIL EG	25 MG COMPRESSE RIVESTITE CON FILM - 36 COMPRESSE IN BLISTER PVC/PVDC/AL	SILDENAFIL	SILDENAFIL	25	milligrammi	Compressa rivestita con film	G04BE03	EG S.P.A.	Autorizzata	Procedura Mutuo riconoscimento o Decentrata	Medicinali soggetti a prescrizione medica
040639217	040639	SILDENAFIL EG	25 MG COMPRESSE RIVESTITE CON FILM - 48 COMPRESSE IN BLISTER PVC/PVDC/AL	SILDENAFIL	SILDENAFIL	25	milligrammi	Compressa rivestita con film	G04BE03	EG S.P.A.	Autorizzata	Procedura Mutuo riconoscimento o Decentrata	Medicinali soggetti a prescrizione medica
040639229	040639	SILDENAFIL EG	25 MG COMPRESSE RIVESTITE CON FILM - 60 COMPRESSE IN BLISTER PVC/PVDC/AL	SILDENAFIL	SILDENAFIL	25	milligrammi	Compressa rivestita con film	G04BE03	EG S.P.A.	Autorizzata	Procedura Mutuo riconoscimento o Decentrata	Medicinali soggetti a prescrizione medica
040639231	040639	SILDENAFIL EG	50 MG COMPRESSE RIVESTITE CON FILM - 24 COMPRESSE IN BLISTER PVC/PVDC/AL	SILDENAFIL	SILDENAFIL	50	milligrammi	Compressa rivestita con film	G04BE03	EG S.P.A.	Autorizzata	Procedura Mutuo riconoscimento o Decentrata	Medicinali soggetti a prescrizione medica
040639243	040639	SILDENAFIL EG	50 MG COMPRESSE RIVESTITE CON FILM - 36 COMPRESSE IN BLISTER PVC/PVDC/AL	SILDENAFIL	SILDENAFIL	100	milligrammi	Compressa rivestita con film	G04BE03	EG S.P.A.	Autorizzata	Procedura Mutuo riconoscimento o Decentrata	Medicinali soggetti a prescrizione medica
040639256	040639	SILDENAFIL EG	50 MG COMPRESSE RIVESTITE CON FILM - 48 COMPRESSE IN BLISTER PVC/PVDC/AL	SILDENAFIL	SILDENAFIL	100	milligrammi	Compressa rivestita con film	G04BE03	EG S.P.A.	Autorizzata	Procedura Mutuo riconoscimento o Decentrata	Medicinali soggetti a prescrizione medica
040639268	040639	SILDENAFIL EG	50 MG COMPRESSE RIVESTITE CON FILM - 60 COMPRESSE IN BLISTER PVC/PVDC/AL	SILDENAFIL	SILDENAFIL	100	milligrammi	Compressa rivestita con film	G04BE03	EG S.P.A.	Autorizzata	Procedura Mutuo riconoscimento o Decentrata	Medicinali soggetti a prescrizione medica
040639270	040639	SILDENAFIL EG	100 MG COMPRESSE RIVESTITE CON FILM - 24 COMPRESSE IN BLISTER PVC/PVDC/AL	SILDENAFIL	SILDENAFIL	100	milligrammi	Compressa rivestita con film	G04BE03	EG S.P.A.	Autorizzata	Procedura Mutuo riconoscimento o Decentrata	Medicinali soggetti a prescrizione medica
040639282	040639	SILDENAFIL EG	100 MG COMPRESSE RIVESTITE CON FILM - 36 COMPRESSE IN BLISTER PVC/PVDC/AL	SILDENAFIL	SILDENAFIL	100	milligrammi	Compressa rivestita con film	G04BE03	EG S.P.A.	Autorizzata	Procedura Mutuo riconoscimento o Decentrata	Medicinali soggetti a prescrizione medica
040639294	040639	SILDENAFIL EG	100 MG COMPRESSE RIVESTITE CON FILM - 48 COMPRESSE IN BLISTER PVC/PVDC/AL	SILDENAFIL	SILDENAFIL	100	milligrammi	Compressa rivestita con film	G04BE03	EG S.P.A.	Autorizzata	Procedura Mutuo riconoscimento o Decentrata	Medicinali soggetti a prescrizione medica
040639306	040639	SILDENAFIL EG	100 MG COMPRESSE RIVESTITE CON FILM - 60 COMPRESSE IN BLISTER PVC/PVDC/AL	SILDENAFIL	SILDENAFIL	100	milligrammi	Compressa rivestita con film	G04BE03	EG S.P.A.	Autorizzata	Procedura Mutuo riconoscimento o Decentrata	Medicinali soggetti a prescrizione medica
040677015	040677	SILDENAFIL MAXMIND	25 MG COMPRESSE RIVESTITE CON FILM- 4 COMPRESSE IN BLISTER PVC/PVDC/AL	SILDENAFIL	SILDENAFIL	25	milligrammi	Compressa rivestita con film	G04BE03	MAXMIND PHARMACEUTICAL GMBH	Autorizzata	Procedura Mutuo riconoscimento o Decentrata	Medicinali soggetti a prescrizione medica
040677027	040677	SILDENAFIL MAXMIND	50 MG COMPRESSE RIVESTITE CON FILM- 4 COMPRESSE IN BLISTER PVC/PVDC/AL	SILDENAFIL	SILDENAFIL	50	milligrammi	Compressa rivestita con film	G04BE03	MAXMIND PHARMACEUTICAL GMBH	Autorizzata	Procedura Mutuo riconoscimento o Decentrata	Medicinali soggetti a prescrizione medica
040677039	040677	SILDENAFIL MAXMIND	100 MG COMPRESSE RIVESTITE CON FILM- 4 COMPRESSE IN BLISTER PVC/PVDC/AL	SILDENAFIL	SILDENAFIL	100	milligrammi	Compressa rivestita con film	G04BE03	MAXMIND PHARMACEUTICAL GMBH	Autorizzata	Procedura Mutuo riconoscimento o Decentrata	Medicinali soggetti a prescrizione medica
040677041	040677	SILDENAFIL MAXMIND	25 MG COMPRESSE RIVESTITE CON FILM- 2 COMPRESSE IN BLISTER PVC/PVDC/AL	SILDENAFIL	SILDENAFIL	25	milligrammi	Compressa rivestita con film	G04BE03	MAXMIND PHARMACEUTICAL GMBH	Autorizzata	Procedura Mutuo riconoscimento o Decentrata	Medicinali soggetti a prescrizione medica
040677054	040677	SILDENAFIL MAXMIND	25 MG COMPRESSE RIVESTITE CON FILM- 8 COMPRESSE IN BLISTER PVC/PVDC/AL	SILDENAFIL	SILDENAFIL	25	milligrammi	Compressa rivestita con film	G04BE03	MAXMIND PHARMACEUTICAL GMBH	Autorizzata	Procedura Mutuo riconoscimento o Decentrata	Medicinali soggetti a prescrizione medica
040677066	040677	SILDENAFIL MAXMIND	25 MG COMPRESSE RIVESTITE CON FILM- 12 COMPRESSE IN BLISTER PVC/PVDC/AL	SILDENAFIL	SILDENAFIL	25	milligrammi	Compressa rivestita con film	G04BE03	MAXMIND PHARMACEUTICAL GMBH	Autorizzata	Procedura Mutuo riconoscimento o Decentrata	Medicinali soggetti a prescrizione medica
040677078	040677	SILDENAFIL MAXMIND	25 MG COMPRESSE RIVESTITE CON FILM- 24 COMPRESSE IN BLISTER PVC/PVDC/AL	SILDENAFIL	SILDENAFIL	25	milligrammi	Compressa rivestita con film	G04BE03	MAXMIND PHARMACEUTICAL GMBH	Autorizzata	Procedura Mutuo riconoscimento o Decentrata	Medicinali soggetti a prescrizione medica
040677080	040677	SILDENAFIL MAXMIND	50 MG COMPRESSE RIVESTITE CON FILM- 2 COMPRESSE IN BLISTER PVC/PVDC/AL	SILDENAFIL	SILDENAFIL	50	milligrammi	Compressa rivestita con film	G04BE03	MAXMIND PHARMACEUTICAL GMBH	Autorizzata	Procedura Mutuo riconoscimento o Decentrata	Medicinali soggetti a prescrizione medica
040677092	040677	SILDENAFIL MAXMIND	50 MG COMPRESSE RIVESTITE CON FILM- 8 COMPRESSE IN BLISTER PVC/PVDC/AL	SILDENAFIL	SILDENAFIL	50	milligrammi	Compressa rivestita con film	G04BE03	MAXMIND PHARMACEUTICAL GMBH	Autorizzata	Procedura Mutuo riconoscimento o Decentrata	Medicinali soggetti a prescrizione medica
040677104	040677	SILDENAFIL MAXMIND	50 MG COMPRESSE RIVESTITE CON FILM- 12 COMPRESSE IN BLISTER PVC/PVDC/AL	SILDENAFIL	SILDENAFIL	50	milligrammi	Compressa rivestita con film	G04BE03	MAXMIND PHARMACEUTICAL GMBH	Autorizzata	Procedura Mutuo riconoscimento o Decentrata	Medicinali soggetti a prescrizione medica
040677116	040677	SILDENAFIL MAXMIND	50 MG COMPRESSE RIVESTITE CON FILM- 24 COMPRESSE IN BLISTER PVC/PVDC/AL	SILDENAFIL	SILDENAFIL	50	milligrammi	Compressa rivestita con film	G04BE03	MAXMIND PHARMACEUTICAL GMBH	Autorizzata	Procedura Mutuo riconoscimento o Decentrata	Medicinali soggetti a prescrizione medica
040677128	040677	SILDENAFIL MAXMIND	100 MG COMPRESSE RIVESTITE CON FILM- 2 COMPRESSE IN BLISTER PVC/PVDC/AL	SILDENAFIL	SILDENAFIL	100	milligrammi	Compressa rivestita con film	G04BE03	MAXMIND PHARMACEUTICAL GMBH	Autorizzata	Procedura Mutuo riconoscimento o Decentrata	Medicinali soggetti a prescrizione medica
040677130	040677	SILDENAFIL MAXMIND	100 MG COMPRESSE RIVESTITE CON FILM- 8 COMPRESSE IN BLISTER PVC/PVDC/AL	SILDENAFIL	SILDENAFIL	100	milligrammi	Compressa rivestita con film	G04BE03	MAXMIND PHARMACEUTICAL GMBH	Autorizzata	Procedura Mutuo riconoscimento o Decentrata	Medicinali soggetti a prescrizione medica
040677142	040677	SILDENAFIL MAXMIND	100 MG COMPRESSE RIVESTITE CON FILM- 12 COMPRESSE IN BLISTER PVC/PVDC/AL	SILDENAFIL	SILDENAFIL	100	milligrammi	Compressa rivestita con film	G04BE03	MAXMIND PHARMACEUTICAL GMBH	Autorizzata	Procedura Mutuo riconoscimento o Decentrata	Medicinali soggetti a prescrizione medica
040677155	040677	SILDENAFIL MAXMIND	100 MG COMPRESSE RIVESTITE CON FILM- 24 COMPRESSE IN BLISTER PVC/PVDC/AL	SILDENAFIL	SILDENAFIL	100	milligrammi	Compressa rivestita con film	G04BE03	MAXMIND PHARMACEUTICAL GMBH	Autorizzata	Procedura Mutuo riconoscimento o Decentrata	Medicinali soggetti a prescrizione medica
040677167	040677	SILDENAFIL MAXMIND	100 MG COMPRESSE RIVESTITE CON FILM- 10 COMPRESSE IN BLISTER PVC/PVDC/AL	SILDENAFIL	SILDENAFIL	100	milligrammi	Compressa rivestita con film	G04BE03	MAXMIND PHARMACEUTICAL GMBH	Autorizzata	Procedura Mutuo riconoscimento o Decentrata	Medicinali soggetti a prescrizione medica
040677179	040677	SILDENAFIL MAXMIND	100 MG COMPRESSE RIVESTITE CON FILM- 30 COMPRESSE IN BLISTER PVC/PVDC/AL	SILDENAFIL	SILDENAFIL	100	milligrammi	Compressa rivestita con film	G04BE03	MAXMIND PHARMACEUTICAL GMBH	Autorizzata	Procedura Mutuo riconoscimento o Decentrata	Medicinali soggetti a prescrizione medica
040677181	040677	SILDENAFIL MAXMIND	100 MG COMPRESSE RIVESTITE CON FILM- 36 COMPRESSE IN BLISTER PVC/PVDC/AL	SILDENAFIL	SILDENAFIL	100	milligrammi	Compressa rivestita con film	G04BE03	MAXMIND PHARMACEUTICAL GMBH	Autorizzata	Procedura Mutuo riconoscimento o Decentrata	Medicinali soggetti a prescrizione medica
040677193	040677	SILDENAFIL MAXMIND	100 MG COMPRESSE RIVESTITE CON FILM- 90 COMPRESSE IN BLISTER PVC/PVDC/AL	SILDENAFIL	SILDENAFIL	100	milligrammi	Compressa rivestita con film	G04BE03	MAXMIND PHARMACEUTICAL GMBH	Autorizzata	Procedura Mutuo riconoscimento o Decentrata	Medicinali soggetti a prescrizione medica
041014010	041014	SILDENAFIL ACTAVIS	25 MG - COMPRESSE RIVESTITE CON FILM - USO ORALE - BLISTER (PVC/PVDC/ALU)- 1 COMPRESSA	SILDENAFIL	SILDENAFIL	25	milligrammi	Compressa rivestita con film	G04BE03	ACTAVIS GROUP PTC EHF	Autorizzata	Procedura Centralizzata	Medicinali soggetti a prescrizione medica
041014022	041014	SILDENAFIL ACTAVIS	25 MG - COMPRESSE RIVESTITE CON FILM - USO ORALE - BLISTER (PVC/PVDC/ALU)- 2 COMPRESSE	SILDENAFIL	SILDENAFIL	25	milligrammi	Compressa rivestita con film	G04BE03	ACTAVIS GROUP PTC EHF	Autorizzata	Procedura Centralizzata	Medicinali soggetti a prescrizione medica
041014034	041014	SILDENAFIL ACTAVIS	25 MG - COMPRESSE RIVESTITE CON FILM - USO ORALE - BLISTER (PVC/PVDC/ALU)- 4 COMPRESSE	SILDENAFIL	SILDENAFIL	25	milligrammi	Compressa rivestita con film	G04BE03	ACTAVIS GROUP PTC EHF	Autorizzata	Procedura Centralizzata	Medicinali soggetti a prescrizione medica
041014046	041014	SILDENAFIL ACTAVIS	25 MG - COMPRESSE RIVESTITE CON FILM - USO ORALE - BLISTER (PVC/PVDC/ALU)- 8 COMPRESSE	SILDENAFIL	SILDENAFIL	25	milligrammi	Compressa rivestita con film	G04BE03	ACTAVIS GROUP PTC EHF	Autorizzata	Procedura Centralizzata	Medicinali soggetti a prescrizione medica
041014059	041014	SILDENAFIL ACTAVIS	25 MG - COMPRESSE RIVESTITE CON FILM - USO ORALE - BLISTER (PVC/PVDC/ALU)- 12  COMPRESSE	SILDENAFIL	SILDENAFIL	25	milligrammi	Compressa rivestita con film	G04BE03	ACTAVIS GROUP PTC EHF	Autorizzata	Procedura Centralizzata	Medicinali soggetti a prescrizione medica
041014061	041014	SILDENAFIL ACTAVIS	50 MG - COMPRESSE RIVESTITE CON FILM - USO ORALE - BLISTER (PVC/PVDC/ALU)- 1 COMPRESSA	SILDENAFIL	SILDENAFIL	50	milligrammi	Compressa rivestita con film	G04BE03	ACTAVIS GROUP PTC EHF	Autorizzata	Procedura Centralizzata	Medicinali soggetti a prescrizione medica
041014073	041014	SILDENAFIL ACTAVIS	50 MG - COMPRESSE RIVESTITE CON FILM - USO ORALE - BLISTER (PVC/PVDC/ALU)- 2 COMPRESSA	SILDENAFIL	SILDENAFIL	50	milligrammi	Compressa rivestita con film	G04BE03	ACTAVIS GROUP PTC EHF	Autorizzata	Procedura Centralizzata	Medicinali soggetti a prescrizione medica
041014085	041014	SILDENAFIL ACTAVIS	50 MG - COMPRESSE RIVESTITE CON FILM - USO ORALE - BLISTER (PVC/PVDC/ALU)- 4 COMPRESSE	SILDENAFIL	SILDENAFIL	50	milligrammi	Compressa rivestita con film	G04BE03	ACTAVIS GROUP PTC EHF	Autorizzata	Procedura Centralizzata	Medicinali soggetti a prescrizione medica
041014097	041014	SILDENAFIL ACTAVIS	50 MG - COMPRESSE RIVESTITE CON FILM - USO ORALE - BLISTER (PVC/PVDC/ALU)- 8 COMPRESSE	SILDENAFIL	SILDENAFIL	50	milligrammi	Compressa rivestita con film	G04BE03	ACTAVIS GROUP PTC EHF	Autorizzata	Procedura Centralizzata	Medicinali soggetti a prescrizione medica
041014109	041014	SILDENAFIL ACTAVIS	50 MG - COMPRESSE RIVESTITE CON FILM - USO ORALE - BLISTER (PVC/PVDC/ALU)- 12 COMPRESSE	SILDENAFIL	SILDENAFIL	50	milligrammi	Compressa rivestita con film	G04BE03	ACTAVIS GROUP PTC EHF	Autorizzata	Procedura Centralizzata	Medicinali soggetti a prescrizione medica
041014111	041014	SILDENAFIL ACTAVIS	100 MG - COMPRESSE RIVESTITE CON FILM - USO ORALE - BLISTER (PVC/PVDC/ALU)- 1 COMPRESSA	SILDENAFIL	SILDENAFIL	100	milligrammi	Compressa rivestita con film	G04BE03	ACTAVIS GROUP PTC EHF	Autorizzata	Procedura Centralizzata	Medicinali soggetti a prescrizione medica
041014123	041014	SILDENAFIL ACTAVIS	100 MG - COMPRESSE RIVESTITE CON FILM - USO ORALE - BLISTER (PVC/PVDC/ALU)- 2 COMPRESSE	SILDENAFIL	SILDENAFIL	100	milligrammi	Compressa rivestita con film	G04BE03	ACTAVIS GROUP PTC EHF	Autorizzata	Procedura Centralizzata	Medicinali soggetti a prescrizione medica
041014135	041014	SILDENAFIL ACTAVIS	100 MG - COMPRESSE RIVESTITE CON FILM - USO ORALE - BLISTER (PVC/PVDC/ALU)- 4 COMPRESSE	SILDENAFIL	SILDENAFIL	100	milligrammi	Compressa rivestita con film	G04BE03	ACTAVIS GROUP PTC EHF	Autorizzata	Procedura Centralizzata	Medicinali soggetti a prescrizione medica
041014147	041014	SILDENAFIL ACTAVIS	100 MG - COMPRESSE RIVESTITE CON FILM - USO ORALE - BLISTER (PVC/PVDC/ALU)- 8 COMPRESSE	SILDENAFIL	SILDENAFIL	100	milligrammi	Compressa rivestita con film	G04BE03	ACTAVIS GROUP PTC EHF	Autorizzata	Procedura Centralizzata	Medicinali soggetti a prescrizione medica
041014150	041014	SILDENAFIL ACTAVIS	100 MG - COMPRESSE RIVESTITE CON FILM - USO ORALE - BLISTER (PVC/PVDC/ALU)- 12 COMPRESSE	SILDENAFIL	SILDENAFIL	100	milligrammi	Compressa rivestita con film	G04BE03	ACTAVIS GROUP PTC EHF	Autorizzata	Procedura Centralizzata	Medicinali soggetti a prescrizione medica
041014162	041014	SILDENAFIL ACTAVIS	25 MG - COMPRESSA RIVESTITA CON FILM - USO ORALE - BLISTER (PVC/PVDC/ALU) - 24 COMPRESSE	SILDENAFIL	SILDENAFIL	25	milligrammi	Compressa rivestita con film	G04BE03	ACTAVIS GROUP PTC EHF	Autorizzata	Procedura Centralizzata	Medicinali soggetti a prescrizione medica
041014174	041014	SILDENAFIL ACTAVIS	50 MG - COMPRESSA RIVESTITA CON FILM - USO ORALE - BLISTER (PVC/PVDC/ALU) - 24 COMPRESSE	SILDENAFIL	SILDENAFIL	50	milligrammi	Compressa rivestita con film	G04BE03	ACTAVIS GROUP PTC EHF	Autorizzata	Procedura Centralizzata	Medicinali soggetti a prescrizione medica
041014186	041014	SILDENAFIL ACTAVIS	100 MG - COMPRESSA RIVESTITA CON FILM - USO ORALE - BLISTER (PVC/PVDC/ALU) - 24 COMPRESSE	SILDENAFIL	SILDENAFIL	100	milligrammi	Compressa rivestita con film	G04BE03	ACTAVIS GROUP PTC EHF	Autorizzata	Procedura Centralizzata	Medicinali soggetti a prescrizione medica
041040015	041040	SILDENAFIL ZENTIVA	25 MG COMPRESSE RIVESTITE CON FILM- 1 COMPRESSA IN BLISTER PVC/AL	SILDENAFIL	SILDENAFIL	25	milligrammi	Compressa rivestita con film	G04BE03	ZENTIVA ITALIA S.R.L.	Autorizzata	Procedura Mutuo riconoscimento o Decentrata	Medicinali soggetti a prescrizione medica
041040027	041040	SILDENAFIL ZENTIVA	25 MG COMPRESSE RIVESTITE CON FILM- 2 COMPRESSE IN BLISTER PVC/AL	SILDENAFIL	SILDENAFIL	25	milligrammi	Compressa rivestita con film	G04BE03	ZENTIVA ITALIA S.R.L.	Autorizzata	Procedura Mutuo riconoscimento o Decentrata	Medicinali soggetti a prescrizione medica
041040039	041040	SILDENAFIL ZENTIVA	25 MG COMPRESSE RIVESTITE CON FILM- 4 COMPRESSE IN BLISTER PVC/AL	SILDENAFIL	SILDENAFIL	25	milligrammi	Compressa rivestita con film	G04BE03	ZENTIVA ITALIA S.R.L.	Autorizzata	Procedura Mutuo riconoscimento o Decentrata	Medicinali soggetti a prescrizione medica
041040041	041040	SILDENAFIL ZENTIVA	25 MG COMPRESSE RIVESTITE CON FILM- 8 COMPRESSE IN BLISTER PVC/AL	SILDENAFIL	SILDENAFIL	25	milligrammi	Compressa rivestita con film	G04BE03	ZENTIVA ITALIA S.R.L.	Autorizzata	Procedura Mutuo riconoscimento o Decentrata	Medicinali soggetti a prescrizione medica
041040054	041040	SILDENAFIL ZENTIVA	50 MG COMPRESSE RIVESTITE CON FILM- 1 COMPRESSA IN BLISTER PVC/AL	SILDENAFIL	SILDENAFIL	50	milligrammi	Compressa rivestita con film	G04BE03	ZENTIVA ITALIA S.R.L.	Autorizzata	Procedura Mutuo riconoscimento o Decentrata	Medicinali soggetti a prescrizione medica
041040066	041040	SILDENAFIL ZENTIVA	50 MG COMPRESSE RIVESTITE CON FILM- 2 COMPRESSE IN BLISTER PVC/AL	SILDENAFIL	SILDENAFIL	50	milligrammi	Compressa rivestita con film	G04BE03	ZENTIVA ITALIA S.R.L.	Autorizzata	Procedura Mutuo riconoscimento o Decentrata	Medicinali soggetti a prescrizione medica
041040078	041040	SILDENAFIL ZENTIVA	50 MG COMPRESSE RIVESTITE CON FILM- 4 COMPRESSE IN BLISTER PVC/AL	SILDENAFIL	SILDENAFIL	50	milligrammi	Compressa rivestita con film	G04BE03	ZENTIVA ITALIA S.R.L.	Autorizzata	Procedura Mutuo riconoscimento o Decentrata	Medicinali soggetti a prescrizione medica
041040080	041040	SILDENAFIL ZENTIVA	50 MG COMPRESSE RIVESTITE CON FILM- 8 COMPRESSE IN BLISTER PVC/AL	SILDENAFIL	SILDENAFIL	50	milligrammi	Compressa rivestita con film	G04BE03	ZENTIVA ITALIA S.R.L.	Autorizzata	Procedura Mutuo riconoscimento o Decentrata	Medicinali soggetti a prescrizione medica
041040092	041040	SILDENAFIL ZENTIVA	100 MG COMPRESSE RIVESTITE CON FILM- 1 COMPRESSA IN BLISTER PVC/AL	SILDENAFIL	SILDENAFIL	100	milligrammi	Compressa rivestita con film	G04BE03	ZENTIVA ITALIA S.R.L.	Autorizzata	Procedura Mutuo riconoscimento o Decentrata	Medicinali soggetti a prescrizione medica
041040104	041040	SILDENAFIL ZENTIVA	100 MG COMPRESSE RIVESTITE CON FILM- 2 COMPRESSE IN BLISTER PVC/AL	SILDENAFIL	SILDENAFIL	100	milligrammi	Compressa rivestita con film	G04BE03	ZENTIVA ITALIA S.R.L.	Autorizzata	Procedura Mutuo riconoscimento o Decentrata	Medicinali soggetti a prescrizione medica
041040116	041040	SILDENAFIL ZENTIVA	100 MG COMPRESSE RIVESTITE CON FILM- 4 COMPRESSE IN BLISTER PVC/AL	SILDENAFIL	SILDENAFIL	100	milligrammi	Compressa rivestita con film	G04BE03	ZENTIVA ITALIA S.R.L.	Autorizzata	Procedura Mutuo riconoscimento o Decentrata	Medicinali soggetti a prescrizione medica
041040128	041040	SILDENAFIL ZENTIVA	100 MG COMPRESSE RIVESTITE CON FILM- 8 COMPRESSE IN BLISTER PVC/AL	SILDENAFIL	SILDENAFIL	100	milligrammi	Compressa rivestita con film	G04BE03	ZENTIVA ITALIA S.R.L.	Autorizzata	Procedura Mutuo riconoscimento o Decentrata	Medicinali soggetti a prescrizione medica
041040130	041040	SILDENAFIL ZENTIVA	25 MG COMPRESSE RIVESTITE CON FILM- 12 COMPRESSE IN BLISTER PVC/AL	SILDENAFIL	SILDENAFIL	25	milligrammi	Compressa rivestita con film	G04BE03	ZENTIVA ITALIA S.R.L.	Autorizzata	Procedura Mutuo riconoscimento o Decentrata	Medicinali soggetti a prescrizione medica
041040142	041040	SILDENAFIL ZENTIVA	50 MG COMPRESSE RIVESTITE CON FILM- 12 COMPRESSE IN BLISTER PVC/AL	SILDENAFIL	SILDENAFIL	50	milligrammi	Compressa rivestita con film	G04BE03	ZENTIVA ITALIA S.R.L.	Autorizzata	Procedura Mutuo riconoscimento o Decentrata	Medicinali soggetti a prescrizione medica
041040155	041040	SILDENAFIL ZENTIVA	100 MG COMPRESSE RIVESTITE CON FILM- 12 COMPRESSE IN BLISTER PVC/AL	SILDENAFIL	SILDENAFIL	100	milligrammi	Compressa rivestita con film	G04BE03	ZENTIVA ITALIA S.R.L.	Autorizzata	Procedura Mutuo riconoscimento o Decentrata	Medicinali soggetti a prescrizione medica
041040167	041040	SILDENAFIL ZENTIVA	25 MG COMPRESSE RIVESTITE CON FILM- 24 COMPRESSE IN BLISTER PVC/AL	SILDENAFIL	SILDENAFIL	25	milligrammi	Compressa rivestita con film	G04BE03	ZENTIVA ITALIA S.R.L.	Autorizzata	Procedura Mutuo riconoscimento o Decentrata	Medicinali soggetti a prescrizione medica
041040179	041040	SILDENAFIL ZENTIVA	50 MG COMPRESSE RIVESTITE CON FILM- 24 COMPRESSE IN BLISTER PVC/AL	SILDENAFIL	SILDENAFIL	50	milligrammi	Compressa rivestita con film	G04BE03	ZENTIVA ITALIA S.R.L.	Autorizzata	Procedura Mutuo riconoscimento o Decentrata	Medicinali soggetti a prescrizione medica
041040181	041040	SILDENAFIL ZENTIVA	100 MG COMPRESSE RIVESTITE CON FILM- 24 COMPRESSE IN BLISTER PVC/AL	SILDENAFIL	SILDENAFIL	100	milligrammi	Compressa rivestita con film	G04BE03	ZENTIVA ITALIA S.R.L.	Autorizzata	Procedura Mutuo riconoscimento o Decentrata	Medicinali soggetti a prescrizione medica
041040193	041040	SILDENAFIL ZENTIVA	50 MG COMPRESSE RIVESTITE CON FILM- 2X24 COMPRESSE IN BLISTER PVC/AL	SILDENAFIL	SILDENAFIL	50	milligrammi	Compressa rivestita con film	G04BE03	ZENTIVA ITALIA S.R.L.	Autorizzata	Procedura Mutuo riconoscimento o Decentrata	Medicinali soggetti a prescrizione medica
041040205	041040	SILDENAFIL ZENTIVA	100 MG COMPRESSE RIVESTITE CON FILM- 2X24 COMPRESSE IN BLISTER PVC/AL	SILDENAFIL	SILDENAFIL	100	milligrammi	Compressa rivestita con film	G04BE03	ZENTIVA ITALIA S.R.L.	Autorizzata	Procedura Mutuo riconoscimento o Decentrata	Medicinali soggetti a prescrizione medica
041040217	041040	SILDENAFIL ZENTIVA	100 MG COMPRESSE RIVESTITE CON FILM- 30 COMPRESSE IN BLISTER PVC/AL	SILDENAFIL	SILDENAFIL	100	milligrammi	Compressa rivestita con film	G04BE03	ZENTIVA ITALIA S.R.L.	Autorizzata	Procedura Mutuo riconoscimento o Decentrata	Medicinali soggetti a prescrizione medica
041040229	041040	SILDENAFIL ZENTIVA	100 MG COMPRESSE RIVESTITE CON FILM- 60 COMPRESSE IN BLISTER PVC/AL	SILDENAFIL	SILDENAFIL	100	milligrammi	Compressa rivestita con film	G04BE03	ZENTIVA ITALIA S.R.L.	Autorizzata	Procedura Mutuo riconoscimento o Decentrata	Medicinali soggetti a prescrizione medica
041047010	041047	SILDENAFIL MYLAN	25 MG COMPRESSE RIVESTITE CON FILM- 1 COMPRESSA IN BLISTER PVC/AL	SILDENAFIL	SILDENAFIL	25	milligrammi	Compressa rivestita con film	G04BE03	MYLAN S.P.A.	Autorizzata	Procedura Mutuo riconoscimento o Decentrata	Medicinali soggetti a prescrizione medica
041047022	041047	SILDENAFIL MYLAN	25 MG COMPRESSE RIVESTITE CON FILM- 2 COMPRESSE IN BLISTER PVC/AL	SILDENAFIL	SILDENAFIL	25	milligrammi	Compressa rivestita con film	G04BE03	MYLAN S.P.A.	Autorizzata	Procedura Mutuo riconoscimento o Decentrata	Medicinali soggetti a prescrizione medica
041047034	041047	SILDENAFIL MYLAN	25 MG COMPRESSE RIVESTITE CON FILM- 4 COMPRESSE IN BLISTER PVC/AL	SILDENAFIL	SILDENAFIL	25	milligrammi	Compressa rivestita con film	G04BE03	MYLAN S.P.A.	Autorizzata	Procedura Mutuo riconoscimento o Decentrata	Medicinali soggetti a prescrizione medica
041047046	041047	SILDENAFIL MYLAN	25 MG COMPRESSE RIVESTITE CON FILM- 8 COMPRESSE IN BLISTER PVC/AL	SILDENAFIL	SILDENAFIL	25	milligrammi	Compressa rivestita con film	G04BE03	MYLAN S.P.A.	Autorizzata	Procedura Mutuo riconoscimento o Decentrata	Medicinali soggetti a prescrizione medica
041047059	041047	SILDENAFIL MYLAN	25 MG COMPRESSE RIVESTITE CON FILM- 12 COMPRESSE IN BLISTER PVC/AL	SILDENAFIL	SILDENAFIL	25	milligrammi	Compressa rivestita con film	G04BE03	MYLAN S.P.A.	Autorizzata	Procedura Mutuo riconoscimento o Decentrata	Medicinali soggetti a prescrizione medica
041047061	041047	SILDENAFIL MYLAN	50 MG COMPRESSE RIVESTITE CON FILM- 12 COMPRESSE IN BLISTER PVC/AL	SILDENAFIL	SILDENAFIL	50	milligrammi	Compressa rivestita con film	G04BE03	MYLAN S.P.A.	Autorizzata	Procedura Mutuo riconoscimento o Decentrata	Medicinali soggetti a prescrizione medica
041047073	041047	SILDENAFIL MYLAN	50 MG COMPRESSE RIVESTITE CON FILM- 8 COMPRESSE IN BLISTER PVC/AL	SILDENAFIL	SILDENAFIL	50	milligrammi	Compressa rivestita con film	G04BE03	MYLAN S.P.A.	Autorizzata	Procedura Mutuo riconoscimento o Decentrata	Medicinali soggetti a prescrizione medica
041047085	041047	SILDENAFIL MYLAN	50 MG COMPRESSE RIVESTITE CON FILM- 4 COMPRESSE IN BLISTER PVC/AL	SILDENAFIL	SILDENAFIL	50	milligrammi	Compressa rivestita con film	G04BE03	MYLAN S.P.A.	Autorizzata	Procedura Mutuo riconoscimento o Decentrata	Medicinali soggetti a prescrizione medica
041047097	041047	SILDENAFIL MYLAN	50 MG COMPRESSE RIVESTITE CON FILM- 2 COMPRESSE IN BLISTER PVC/AL	SILDENAFIL	SILDENAFIL	50	milligrammi	Compressa rivestita con film	G04BE03	MYLAN S.P.A.	Autorizzata	Procedura Mutuo riconoscimento o Decentrata	Medicinali soggetti a prescrizione medica
041047109	041047	SILDENAFIL MYLAN	50 MG COMPRESSE RIVESTITE CON FILM- 1 COMPRESSA IN BLISTER PVC/AL	SILDENAFIL	SILDENAFIL	50	milligrammi	Compressa rivestita con film	G04BE03	MYLAN S.P.A.	Autorizzata	Procedura Mutuo riconoscimento o Decentrata	Medicinali soggetti a prescrizione medica
041047111	041047	SILDENAFIL MYLAN	100 MG COMPRESSE RIVESTITE CON FILM- 1 COMPRESSA IN BLISTER PVC/AL	SILDENAFIL	SILDENAFIL	100	milligrammi	Compressa rivestita con film	G04BE03	MYLAN S.P.A.	Autorizzata	Procedura Mutuo riconoscimento o Decentrata	Medicinali soggetti a prescrizione medica
041047123	041047	SILDENAFIL MYLAN	100 MG COMPRESSE RIVESTITE CON FILM- 2 COMPRESSE IN BLISTER PVC/AL	SILDENAFIL	SILDENAFIL	100	milligrammi	Compressa rivestita con film	G04BE03	MYLAN S.P.A.	Autorizzata	Procedura Mutuo riconoscimento o Decentrata	Medicinali soggetti a prescrizione medica
041047135	041047	SILDENAFIL MYLAN	100 MG COMPRESSE RIVESTITE CON FILM- 4 COMPRESSE IN BLISTER PVC/AL	SILDENAFIL	SILDENAFIL	100	milligrammi	Compressa rivestita con film	G04BE03	MYLAN S.P.A.	Autorizzata	Procedura Mutuo riconoscimento o Decentrata	Medicinali soggetti a prescrizione medica
041047147	041047	SILDENAFIL MYLAN	100 MG COMPRESSE RIVESTITE CON FILM- 8 COMPRESSE IN BLISTER PVC/AL	SILDENAFIL	SILDENAFIL	100	milligrammi	Compressa rivestita con film	G04BE03	MYLAN S.P.A.	Autorizzata	Procedura Mutuo riconoscimento o Decentrata	Medicinali soggetti a prescrizione medica
041047150	041047	SILDENAFIL MYLAN	100 MG COMPRESSE RIVESTITE CON FILM- 12 COMPRESSE IN BLISTER PVC/AL	SILDENAFIL	SILDENAFIL	100	milligrammi	Compressa rivestita con film	G04BE03	MYLAN S.P.A.	Autorizzata	Procedura Mutuo riconoscimento o Decentrata	Medicinali soggetti a prescrizione medica
041047162	041047	SILDENAFIL MYLAN	50 MG COMPRESSE RIVESTITE CON FILM- 24 COMPRESSE IN BLISTER PVC/AL	SILDENAFIL	SILDENAFIL	50	milligrammi	Compressa rivestita con film	G04BE03	MYLAN S.P.A.	Autorizzata	Procedura Mutuo riconoscimento o Decentrata	Medicinali soggetti a prescrizione medica
041047174	041047	SILDENAFIL MYLAN	50 MG COMPRESSE RIVESTITE CON FILM- 36 COMPRESSE IN BLISTER PVC/AL	SILDENAFIL	SILDENAFIL	50	milligrammi	Compressa rivestita con film	G04BE03	MYLAN S.P.A.	Autorizzata	Procedura Mutuo riconoscimento o Decentrata	Medicinali soggetti a prescrizione medica
041047186	041047	SILDENAFIL MYLAN	100 MG COMPRESSE RIVESTITE CON FILM- 24 COMPRESSE IN BLISTER PVC/AL	SILDENAFIL	SILDENAFIL	100	milligrammi	Compressa rivestita con film	G04BE03	MYLAN S.P.A.	Autorizzata	Procedura Mutuo riconoscimento o Decentrata	Medicinali soggetti a prescrizione medica
041047198	041047	SILDENAFIL MYLAN	100 MG COMPRESSE RIVESTITE CON FILM- 36 COMPRESSE IN BLISTER PVC/AL	SILDENAFIL	SILDENAFIL	100	milligrammi	Compressa rivestita con film	G04BE03	MYLAN S.P.A.	Autorizzata	Procedura Mutuo riconoscimento o Decentrata	Medicinali soggetti a prescrizione medica
041047200	041047	SILDENAFIL MYLAN	50 MG COMPRESSE RIVESTITE CON FILM- 48 COMPRESSE IN BLISTER PVC/AL	SILDENAFIL	SILDENAFIL	50	milligrammi	Compressa rivestita con film	G04BE03	MYLAN S.P.A.	Autorizzata	Procedura Mutuo riconoscimento o Decentrata	Medicinali soggetti a prescrizione medica
041047212	041047	SILDENAFIL MYLAN	100 MG COMPRESSE RIVESTITE CON FILM- 48 COMPRESSE IN BLISTER PVC/AL	SILDENAFIL	SILDENAFIL	100	milligrammi	Compressa rivestita con film	G04BE03	MYLAN S.P.A.	Autorizzata	Procedura Mutuo riconoscimento o Decentrata	Medicinali soggetti a prescrizione medica
041063013	041063	SILDENAFIL PENSA PHARMA	25 MG COMPRESSE MASTICABILI- 4 COMPRESSE IN BLISTER PVC/PCTFE-AL	SILDENAFIL	SILDENAFIL	25	milligrammi	Compressa masticabile	G04BE03	TOWA PHARMACEUTICAL S.P.A.	Autorizzata	Procedura Mutuo riconoscimento o Decentrata	Medicinali soggetti a prescrizione medica
041063025	041063	SILDENAFIL PENSA PHARMA	25 MG COMPRESSE MASTICABILI- 8 COMPRESSE IN BLISTER PVC/PCTFE-AL	SILDENAFIL	SILDENAFIL	25	milligrammi	Compressa masticabile	G04BE03	TOWA PHARMACEUTICAL S.P.A.	Autorizzata	Procedura Mutuo riconoscimento o Decentrata	Medicinali soggetti a prescrizione medica
041063037	041063	SILDENAFIL PENSA PHARMA	25 MG COMPRESSE MASTICABILI- 12 COMPRESSE IN BLISTER PVC/PCTFE-AL	SILDENAFIL	SILDENAFIL	25	milligrammi	Compressa masticabile	G04BE03	TOWA PHARMACEUTICAL S.P.A.	Autorizzata	Procedura Mutuo riconoscimento o Decentrata	Medicinali soggetti a prescrizione medica
041063049	041063	SILDENAFIL PENSA PHARMA	50 MG COMPRESSE MASTICABILI- 4 COMPRESSE IN BLISTER PVC/PCTFE-AL	SILDENAFIL	SILDENAFIL	50	milligrammi	Compressa masticabile	G04BE03	TOWA PHARMACEUTICAL S.P.A.	Autorizzata	Procedura Mutuo riconoscimento o Decentrata	Medicinali soggetti a prescrizione medica
041063052	041063	SILDENAFIL PENSA PHARMA	50 MG COMPRESSE MASTICABILI- 8 COMPRESSE IN BLISTER PVC/PCTFE-AL	SILDENAFIL	SILDENAFIL	50	milligrammi	Compressa masticabile	G04BE03	TOWA PHARMACEUTICAL S.P.A.	Autorizzata	Procedura Mutuo riconoscimento o Decentrata	Medicinali soggetti a prescrizione medica
041063064	041063	SILDENAFIL PENSA PHARMA	50 MG COMPRESSE MASTICABILI- 12 COMPRESSE IN BLISTER PVC/PCTFE-AL	SILDENAFIL	SILDENAFIL	50	milligrammi	Compressa masticabile	G04BE03	TOWA PHARMACEUTICAL S.P.A.	Autorizzata	Procedura Mutuo riconoscimento o Decentrata	Medicinali soggetti a prescrizione medica
041063076	041063	SILDENAFIL PENSA PHARMA	100 MG COMPRESSE MASTICABILI- 4 COMPRESSE IN BLISTER PVC/PCTFE-AL	SILDENAFIL	SILDENAFIL	100	milligrammi	Compressa masticabile	G04BE03	TOWA PHARMACEUTICAL S.P.A.	Autorizzata	Procedura Mutuo riconoscimento o Decentrata	Medicinali soggetti a prescrizione medica
041063088	041063	SILDENAFIL PENSA PHARMA	100 MG COMPRESSE MASTICABILI- 8 COMPRESSE IN BLISTER PVC/PCTFE-AL	SILDENAFIL	SILDENAFIL	100	milligrammi	Compressa masticabile	G04BE03	TOWA PHARMACEUTICAL S.P.A.	Autorizzata	Procedura Mutuo riconoscimento o Decentrata	Medicinali soggetti a prescrizione medica
041063090	041063	SILDENAFIL PENSA PHARMA	100 MG COMPRESSE MASTICABILI- 12 COMPRESSE IN BLISTER PVC/PCTFE-AL	SILDENAFIL	SILDENAFIL	100	milligrammi	Compressa masticabile	G04BE03	TOWA PHARMACEUTICAL S.P.A.	Autorizzata	Procedura Mutuo riconoscimento o Decentrata	Medicinali soggetti a prescrizione medica
041135017	041135	SILDENAFIL TECNIGEN	25 MG COMPRESSE RIVESTITE CON FILM- 1 COMPRESSA IN BLISTER PVC-PVDC/AL-PVDC	SILDENAFIL	SILDENAFIL	25	milligrammi	Compressa rivestita con film	G04BE03	TECNIGEN S.R.L.	Autorizzata	Procedura Mutuo riconoscimento o Decentrata	Medicinali soggetti a prescrizione medica
041135029	041135	SILDENAFIL TECNIGEN	25 MG COMPRESSE RIVESTITE CON FILM- 4 COMPRESSE IN BLISTER PVC-PVDC/AL-PVDC	SILDENAFIL	SILDENAFIL	25	milligrammi	Compressa rivestita con film	G04BE03	TECNIGEN S.R.L.	Autorizzata	Procedura Mutuo riconoscimento o Decentrata	Medicinali soggetti a prescrizione medica
041135031	041135	SILDENAFIL TECNIGEN	25 MG COMPRESSE RIVESTITE CON FILM- 8 COMPRESSE IN BLISTER PVC-PVDC/AL-PVDC	SILDENAFIL	SILDENAFIL	25	milligrammi	Compressa rivestita con film	G04BE03	TECNIGEN S.R.L.	Autorizzata	Procedura Mutuo riconoscimento o Decentrata	Medicinali soggetti a prescrizione medica
041135043	041135	SILDENAFIL TECNIGEN	25 MG COMPRESSE RIVESTITE CON FILM- 12 COMPRESSE IN BLISTER PVC-PVDC/AL-PVDC	SILDENAFIL	SILDENAFIL	25	milligrammi	Compressa rivestita con film	G04BE03	TECNIGEN S.R.L.	Autorizzata	Procedura Mutuo riconoscimento o Decentrata	Medicinali soggetti a prescrizione medica
041135056	041135	SILDENAFIL TECNIGEN	50 MG COMPRESSE RIVESTITE CON FILM- 1 COMPRESSA IN BLISTER PVC-PVDC/AL-PVDC	SILDENAFIL	SILDENAFIL	50	milligrammi	Compressa rivestita con film	G04BE03	TECNIGEN S.R.L.	Autorizzata	Procedura Mutuo riconoscimento o Decentrata	Medicinali soggetti a prescrizione medica
041135068	041135	SILDENAFIL TECNIGEN	50 MG COMPRESSE RIVESTITE CON FILM- 4 COMPRESSE IN BLISTER PVC-PVDC/AL-PVDC	SILDENAFIL	SILDENAFIL	50	milligrammi	Compressa rivestita con film	G04BE03	TECNIGEN S.R.L.	Autorizzata	Procedura Mutuo riconoscimento o Decentrata	Medicinali soggetti a prescrizione medica
041135070	041135	SILDENAFIL TECNIGEN	50 MG COMPRESSE RIVESTITE CON FILM- 8 COMPRESSE IN BLISTER PVC-PVDC/AL-PVDC	SILDENAFIL	SILDENAFIL	50	milligrammi	Compressa rivestita con film	G04BE03	TECNIGEN S.R.L.	Autorizzata	Procedura Mutuo riconoscimento o Decentrata	Medicinali soggetti a prescrizione medica
041135082	041135	SILDENAFIL TECNIGEN	50 MG COMPRESSE RIVESTITE CON FILM- 12 COMPRESSE IN BLISTER PVC-PVDC/AL-PVDC	SILDENAFIL	SILDENAFIL	50	milligrammi	Compressa rivestita con film	G04BE03	TECNIGEN S.R.L.	Autorizzata	Procedura Mutuo riconoscimento o Decentrata	Medicinali soggetti a prescrizione medica
041135094	041135	SILDENAFIL TECNIGEN	100 MG COMPRESSE RIVESTITE CON FILM- 1 COMPRESSA IN BLISTER PVC-PVDC/AL-PVDC	SILDENAFIL	SILDENAFIL	100	milligrammi	Compressa rivestita con film	G04BE03	TECNIGEN S.R.L.	Autorizzata	Procedura Mutuo riconoscimento o Decentrata	Medicinali soggetti a prescrizione medica
041135106	041135	SILDENAFIL TECNIGEN	100 MG COMPRESSE RIVESTITE CON FILM- 4 COMPRESSE IN BLISTER PVC-PVDC/AL-PVDC	SILDENAFIL	SILDENAFIL	100	milligrammi	Compressa rivestita con film	G04BE03	TECNIGEN S.R.L.	Autorizzata	Procedura Mutuo riconoscimento o Decentrata	Medicinali soggetti a prescrizione medica
041135118	041135	SILDENAFIL TECNIGEN	100 MG COMPRESSE RIVESTITE CON FILM- 8 COMPRESSE IN BLISTER PVC-PVDC/AL-PVDC	SILDENAFIL	SILDENAFIL	100	milligrammi	Compressa rivestita con film	G04BE03	TECNIGEN S.R.L.	Autorizzata	Procedura Mutuo riconoscimento o Decentrata	Medicinali soggetti a prescrizione medica
041135120	041135	SILDENAFIL TECNIGEN	100 MG COMPRESSE RIVESTITE CON FILM- 12 COMPRESSE IN BLISTER PVC-PVDC/AL-PVDC	SILDENAFIL	SILDENAFIL	100	milligrammi	Compressa rivestita con film	G04BE03	TECNIGEN S.R.L.	Autorizzata	Procedura Mutuo riconoscimento o Decentrata	Medicinali soggetti a prescrizione medica
041135132	041135	SILDENAFIL TECNIGEN	25 MG COMPRESSE RIVESTITE CON FILM- 2 COMPRESSE IN BLISTER PVC-PVDC/AL-PVDC	SILDENAFIL	SILDENAFIL	25	milligrammi	Compressa rivestita con film	G04BE03	TECNIGEN S.R.L.	Autorizzata	Procedura Mutuo riconoscimento o Decentrata	Medicinali soggetti a prescrizione medica
041135144	041135	SILDENAFIL TECNIGEN	50 MG COMPRESSE RIVESTITE CON FILM- 2 COMPRESSE IN BLISTER PVC-PVDC/AL-PVDC	SILDENAFIL	SILDENAFIL	50	milligrammi	Compressa rivestita con film	G04BE03	TECNIGEN S.R.L.	Autorizzata	Procedura Mutuo riconoscimento o Decentrata	Medicinali soggetti a prescrizione medica
041135157	041135	SILDENAFIL TECNIGEN	100 MG COMPRESSE RIVESTITE CON FILM- 2 COMPRESSE IN BLISTER PVC-PVDC/AL-PVDC	SILDENAFIL	SILDENAFIL	100	milligrammi	Compressa rivestita con film	G04BE03	TECNIGEN S.R.L.	Autorizzata	Procedura Mutuo riconoscimento o Decentrata	Medicinali soggetti a prescrizione medica
041175011	041175	PRESCOFIL	25 MG COMPRESSE RIVESTITE CON FILM - 1 COMPRESSA IN BLISTER PVC/PVDC/AL	SILDENAFIL	SILDENAFIL	25	milligrammi	Compressa rivestita con film	G04BE03	S.F. GROUP S.R.L.	Autorizzata	Procedura Mutuo riconoscimento o Decentrata	Medicinali soggetti a prescrizione medica
041175023	041175	PRESCOFIL	25 MG COMPRESSE RIVESTITE CON FILM - 4 COMPRESSA IN BLISTER PVC/PVDC/AL	SILDENAFIL	SILDENAFIL	25	milligrammi	Compressa rivestita con film	G04BE03	S.F. GROUP S.R.L.	Autorizzata	Procedura Mutuo riconoscimento o Decentrata	Medicinali soggetti a prescrizione medica
041175035	041175	PRESCOFIL	25 MG COMPRESSE RIVESTITE CON FILM - 8 COMPRESSA IN BLISTER PVC/PVDC/AL	SILDENAFIL	SILDENAFIL	25	milligrammi	Compressa rivestita con film	G04BE03	S.F. GROUP S.R.L.	Autorizzata	Procedura Mutuo riconoscimento o Decentrata	Medicinali soggetti a prescrizione medica
041175047	041175	PRESCOFIL	25 MG COMPRESSE RIVESTITE CON FILM - 12 COMPRESSA IN BLISTER PVC/PVDC/AL	SILDENAFIL	SILDENAFIL	25	milligrammi	Compressa rivestita con film	G04BE03	S.F. GROUP S.R.L.	Autorizzata	Procedura Mutuo riconoscimento o Decentrata	Medicinali soggetti a prescrizione medica
041175050	041175	PRESCOFIL	50 MG COMPRESSE RIVESTITE CON FILM - 1 COMPRESSA IN BLISTER PVC/PVDC/AL	SILDENAFIL	SILDENAFIL	50	milligrammi	Compressa rivestita con film	G04BE03	S.F. GROUP S.R.L.	Autorizzata	Procedura Mutuo riconoscimento o Decentrata	Medicinali soggetti a prescrizione medica
041175062	041175	PRESCOFIL	50 MG COMPRESSE RIVESTITE CON FILM - 4 COMPRESSA IN BLISTER PVC/PVDC/AL	SILDENAFIL	SILDENAFIL	50	milligrammi	Compressa rivestita con film	G04BE03	S.F. GROUP S.R.L.	Autorizzata	Procedura Mutuo riconoscimento o Decentrata	Medicinali soggetti a prescrizione medica
041175074	041175	PRESCOFIL	50 MG COMPRESSE RIVESTITE CON FILM - 8 COMPRESSA IN BLISTER PVC/PVDC/AL	SILDENAFIL	SILDENAFIL	50	milligrammi	Compressa rivestita con film	G04BE03	S.F. GROUP S.R.L.	Autorizzata	Procedura Mutuo riconoscimento o Decentrata	Medicinali soggetti a prescrizione medica
041175086	041175	PRESCOFIL	50 MG COMPRESSE RIVESTITE CON FILM - 12 COMPRESSA IN BLISTER PVC/PVDC/AL	SILDENAFIL	SILDENAFIL	50	milligrammi	Compressa rivestita con film	G04BE03	S.F. GROUP S.R.L.	Autorizzata	Procedura Mutuo riconoscimento o Decentrata	Medicinali soggetti a prescrizione medica
041175098	041175	PRESCOFIL	100 MG COMPRESSE RIVESTITE CON FILM - 1 COMPRESSA IN BLISTER PVC/PVDC/AL	SILDENAFIL	SILDENAFIL	100	milligrammi	Compressa rivestita con film	G04BE03	S.F. GROUP S.R.L.	Autorizzata	Procedura Mutuo riconoscimento o Decentrata	Medicinali soggetti a prescrizione medica
041175100	041175	PRESCOFIL	100 MG COMPRESSE RIVESTITE CON FILM - 4 COMPRESSA IN BLISTER PVC/PVDC/AL	SILDENAFIL	SILDENAFIL	100	milligrammi	Compressa rivestita con film	G04BE03	S.F. GROUP S.R.L.	Autorizzata	Procedura Mutuo riconoscimento o Decentrata	Medicinali soggetti a prescrizione medica
041175112	041175	PRESCOFIL	100 MG COMPRESSE RIVESTITE CON FILM - 8 COMPRESSA IN BLISTER PVC/PVDC/AL	SILDENAFIL	SILDENAFIL	100	milligrammi	Compressa rivestita con film	G04BE03	S.F. GROUP S.R.L.	Autorizzata	Procedura Mutuo riconoscimento o Decentrata	Medicinali soggetti a prescrizione medica
041175124	041175	PRESCOFIL	100 MG COMPRESSE RIVESTITE CON FILM - 12 COMPRESSA IN BLISTER PVC/PVDC/AL	SILDENAFIL	SILDENAFIL	100	milligrammi	Compressa rivestita con film	G04BE03	S.F. GROUP S.R.L.	Autorizzata	Procedura Mutuo riconoscimento o Decentrata	Medicinali soggetti a prescrizione medica
041269010	041269	SILDENAFIL ACCORD	25 MG COMPRESSE RIVESTITE CON FILM- 2 COMPRESSE IN BLISTER PVC/AL	SILDENAFIL	SILDENAFIL	25	milligrammi	Compressa rivestita con film	G04BE03	ACCORD HEALTHCARE, S.L.U.	Autorizzata	Procedura Mutuo riconoscimento o Decentrata	Medicinali soggetti a prescrizione medica
041269022	041269	SILDENAFIL ACCORD	25 MG COMPRESSE RIVESTITE CON FILM- 4 COMPRESSE IN BLISTER PVC/AL	SILDENAFIL	SILDENAFIL	25	milligrammi	Compressa rivestita con film	G04BE03	ACCORD HEALTHCARE, S.L.U.	Autorizzata	Procedura Mutuo riconoscimento o Decentrata	Medicinali soggetti a prescrizione medica
041269034	041269	SILDENAFIL ACCORD	25 MG COMPRESSE RIVESTITE CON FILM- 8 COMPRESSE IN BLISTER PVC/AL	SILDENAFIL	SILDENAFIL	25	milligrammi	Compressa rivestita con film	G04BE03	ACCORD HEALTHCARE, S.L.U.	Autorizzata	Procedura Mutuo riconoscimento o Decentrata	Medicinali soggetti a prescrizione medica
041269046	041269	SILDENAFIL ACCORD	25 MG COMPRESSE RIVESTITE CON FILM- 12 COMPRESSE IN BLISTER PVC/AL	SILDENAFIL	SILDENAFIL	25	milligrammi	Compressa rivestita con film	G04BE03	ACCORD HEALTHCARE, S.L.U.	Autorizzata	Procedura Mutuo riconoscimento o Decentrata	Medicinali soggetti a prescrizione medica
041269059	041269	SILDENAFIL ACCORD	50 MG COMPRESSE RIVESTITE CON FILM- 2 COMPRESSE IN BLISTER PVC/AL	SILDENAFIL	SILDENAFIL	50	milligrammi	Compressa rivestita con film	G04BE03	ACCORD HEALTHCARE, S.L.U.	Autorizzata	Procedura Mutuo riconoscimento o Decentrata	Medicinali soggetti a prescrizione medica
041269061	041269	SILDENAFIL ACCORD	50 MG COMPRESSE RIVESTITE CON FILM- 4 COMPRESSE IN BLISTER PVC/AL	SILDENAFIL	SILDENAFIL	50	milligrammi	Compressa rivestita con film	G04BE03	ACCORD HEALTHCARE, S.L.U.	Autorizzata	Procedura Mutuo riconoscimento o Decentrata	Medicinali soggetti a prescrizione medica
041269073	041269	SILDENAFIL ACCORD	50 MG COMPRESSE RIVESTITE CON FILM- 8 COMPRESSE IN BLISTER PVC/AL	SILDENAFIL	SILDENAFIL	50	milligrammi	Compressa rivestita con film	G04BE03	ACCORD HEALTHCARE, S.L.U.	Autorizzata	Procedura Mutuo riconoscimento o Decentrata	Medicinali soggetti a prescrizione medica
041269085	041269	SILDENAFIL ACCORD	50 MG COMPRESSE RIVESTITE CON FILM- 12 COMPRESSE IN BLISTER PVC/AL	SILDENAFIL	SILDENAFIL	50	milligrammi	Compressa rivestita con film	G04BE03	ACCORD HEALTHCARE, S.L.U.	Autorizzata	Procedura Mutuo riconoscimento o Decentrata	Medicinali soggetti a prescrizione medica
041269097	041269	SILDENAFIL ACCORD	100 MG COMPRESSE RIVESTITE CON FILM- 2 COMPRESSE IN BLISTER PVC/AL	SILDENAFIL	SILDENAFIL	100	milligrammi	Compressa rivestita con film	G04BE03	ACCORD HEALTHCARE, S.L.U.	Autorizzata	Procedura Mutuo riconoscimento o Decentrata	Medicinali soggetti a prescrizione medica
041269109	041269	SILDENAFIL ACCORD	100 MG COMPRESSE RIVESTITE CON FILM- 4 COMPRESSE IN BLISTER PVC/AL	SILDENAFIL	SILDENAFIL	100	milligrammi	Compressa rivestita con film	G04BE03	ACCORD HEALTHCARE, S.L.U.	Autorizzata	Procedura Mutuo riconoscimento o Decentrata	Medicinali soggetti a prescrizione medica
041269111	041269	SILDENAFIL ACCORD	100 MG COMPRESSE RIVESTITE CON FILM- 8 COMPRESSE IN BLISTER PVC/AL	SILDENAFIL	SILDENAFIL	100	milligrammi	Compressa rivestita con film	G04BE03	ACCORD HEALTHCARE, S.L.U.	Autorizzata	Procedura Mutuo riconoscimento o Decentrata	Medicinali soggetti a prescrizione medica
041269123	041269	SILDENAFIL ACCORD	100 MG COMPRESSE RIVESTITE CON FILM- 12 COMPRESSE IN BLISTER PVC/AL	SILDENAFIL	SILDENAFIL	100	milligrammi	Compressa rivestita con film	G04BE03	ACCORD HEALTHCARE, S.L.U.	Autorizzata	Procedura Mutuo riconoscimento o Decentrata	Medicinali soggetti a prescrizione medica
041269135	041269	SILDENAFIL ACCORD	50 MG COMPRESSE RIVESTITE CON FILM- 24 COMPRESSE IN BLISTER PVC/AL	SILDENAFIL	SILDENAFIL	50	milligrammi	Compressa rivestita con film	G04BE03	ACCORD HEALTHCARE, S.L.U.	Autorizzata	Procedura Mutuo riconoscimento o Decentrata	Medicinali soggetti a prescrizione medica
041269147	041269	SILDENAFIL ACCORD	100 MG COMPRESSE RIVESTITE CON FILM- 24 COMPRESSE IN BLISTER PVC/AL	SILDENAFIL	SILDENAFIL	100	milligrammi	Compressa rivestita con film	G04BE03	ACCORD HEALTHCARE, S.L.U.	Autorizzata	Procedura Mutuo riconoscimento o Decentrata	Medicinali soggetti a prescrizione medica
041306010	041306	SILDENAFIL SANDOZ	25 MG COMPRESSE- 1 COMPRESSA IN BLISTER ACLAR/AL	SILDENAFIL	SILDENAFIL	25	milligrammi	Compressa	G04BE03	SANDOZ S.P.A.	Autorizzata	Procedura Mutuo riconoscimento o Decentrata	Medicinali soggetti a prescrizione medica
041306022	041306	SILDENAFIL SANDOZ	25 MG COMPRESSE- 2 COMPRESSE IN BLISTER ACLAR/AL	SILDENAFIL	SILDENAFIL	25	milligrammi	Compressa	G04BE03	SANDOZ S.P.A.	Autorizzata	Procedura Mutuo riconoscimento o Decentrata	Medicinali soggetti a prescrizione medica
041306034	041306	SILDENAFIL SANDOZ	25 MG COMPRESSE- 4 COMPRESSE IN BLISTER ACLAR/AL	SILDENAFIL	SILDENAFIL	25	milligrammi	Compressa	G04BE03	SANDOZ S.P.A.	Autorizzata	Procedura Mutuo riconoscimento o Decentrata	Medicinali soggetti a prescrizione medica
041306046	041306	SILDENAFIL SANDOZ	25 MG COMPRESSE- 6 COMPRESSE IN BLISTER ACLAR/AL	SILDENAFIL	SILDENAFIL	25	milligrammi	Compressa	G04BE03	SANDOZ S.P.A.	Autorizzata	Procedura Mutuo riconoscimento o Decentrata	Medicinali soggetti a prescrizione medica
041306059	041306	SILDENAFIL SANDOZ	25 MG COMPRESSE- 8 COMPRESSE IN BLISTER ACLAR/AL	SILDENAFIL	SILDENAFIL	25	milligrammi	Compressa	G04BE03	SANDOZ S.P.A.	Autorizzata	Procedura Mutuo riconoscimento o Decentrata	Medicinali soggetti a prescrizione medica
041306061	041306	SILDENAFIL SANDOZ	25 MG COMPRESSE- 10 COMPRESSE IN BLISTER ACLAR/AL	SILDENAFIL	SILDENAFIL	25	milligrammi	Compressa	G04BE03	SANDOZ S.P.A.	Autorizzata	Procedura Mutuo riconoscimento o Decentrata	Medicinali soggetti a prescrizione medica
041306073	041306	SILDENAFIL SANDOZ	25 MG COMPRESSE- 12 COMPRESSE IN BLISTER ACLAR/AL	SILDENAFIL	SILDENAFIL	25	milligrammi	Compressa	G04BE03	SANDOZ S.P.A.	Autorizzata	Procedura Mutuo riconoscimento o Decentrata	Medicinali soggetti a prescrizione medica
041306085	041306	SILDENAFIL SANDOZ	25 MG COMPRESSE- 16 COMPRESSE IN BLISTER ACLAR/AL	SILDENAFIL	SILDENAFIL	25	milligrammi	Compressa	G04BE03	SANDOZ S.P.A.	Autorizzata	Procedura Mutuo riconoscimento o Decentrata	Medicinali soggetti a prescrizione medica
041306097	041306	SILDENAFIL SANDOZ	25 MG COMPRESSE- 20 COMPRESSE IN BLISTER ACLAR/AL	SILDENAFIL	SILDENAFIL	25	milligrammi	Compressa	G04BE03	SANDOZ S.P.A.	Autorizzata	Procedura Mutuo riconoscimento o Decentrata	Medicinali soggetti a prescrizione medica
041306109	041306	SILDENAFIL SANDOZ	25 MG COMPRESSE- 24 COMPRESSE IN BLISTER ACLAR/AL	SILDENAFIL	SILDENAFIL	25	milligrammi	Compressa	G04BE03	SANDOZ S.P.A.	Autorizzata	Procedura Mutuo riconoscimento o Decentrata	Medicinali soggetti a prescrizione medica
041306111	041306	SILDENAFIL SANDOZ	25 MG COMPRESSE- 28 COMPRESSE IN BLISTER ACLAR/AL	SILDENAFIL	SILDENAFIL	25	milligrammi	Compressa	G04BE03	SANDOZ S.P.A.	Autorizzata	Procedura Mutuo riconoscimento o Decentrata	Medicinali soggetti a prescrizione medica
041306123	041306	SILDENAFIL SANDOZ	50 MG COMPRESSE- 1 COMPRESSA IN BLISTER ACLAR/AL	SILDENAFIL	SILDENAFIL	50	milligrammi	Compressa	G04BE03	SANDOZ S.P.A.	Autorizzata	Procedura Mutuo riconoscimento o Decentrata	Medicinali soggetti a prescrizione medica
041306135	041306	SILDENAFIL SANDOZ	50 MG COMPRESSE- 2 COMPRESSE IN BLISTER ACLAR/AL	SILDENAFIL	SILDENAFIL	50	milligrammi	Compressa	G04BE03	SANDOZ S.P.A.	Autorizzata	Procedura Mutuo riconoscimento o Decentrata	Medicinali soggetti a prescrizione medica
041306147	041306	SILDENAFIL SANDOZ	50 MG COMPRESSE- 4 COMPRESSE IN BLISTER ACLAR/AL	SILDENAFIL	SILDENAFIL	50	milligrammi	Compressa	G04BE03	SANDOZ S.P.A.	Autorizzata	Procedura Mutuo riconoscimento o Decentrata	Medicinali soggetti a prescrizione medica
041306150	041306	SILDENAFIL SANDOZ	50 MG COMPRESSE- 6 COMPRESSE IN BLISTER ACLAR/AL	SILDENAFIL	SILDENAFIL	50	milligrammi	Compressa	G04BE03	SANDOZ S.P.A.	Autorizzata	Procedura Mutuo riconoscimento o Decentrata	Medicinali soggetti a prescrizione medica
041306162	041306	SILDENAFIL SANDOZ	50 MG COMPRESSE- 8 COMPRESSE IN BLISTER ACLAR/AL	SILDENAFIL	SILDENAFIL	50	milligrammi	Compressa	G04BE03	SANDOZ S.P.A.	Autorizzata	Procedura Mutuo riconoscimento o Decentrata	Medicinali soggetti a prescrizione medica
041306174	041306	SILDENAFIL SANDOZ	50 MG COMPRESSE- 10 COMPRESSE IN BLISTER ACLAR/AL	SILDENAFIL	SILDENAFIL	50	milligrammi	Compressa	G04BE03	SANDOZ S.P.A.	Autorizzata	Procedura Mutuo riconoscimento o Decentrata	Medicinali soggetti a prescrizione medica
041306186	041306	SILDENAFIL SANDOZ	50 MG COMPRESSE- 12 COMPRESSE IN BLISTER ACLAR/AL	SILDENAFIL	SILDENAFIL	50	milligrammi	Compressa	G04BE03	SANDOZ S.P.A.	Autorizzata	Procedura Mutuo riconoscimento o Decentrata	Medicinali soggetti a prescrizione medica
041306198	041306	SILDENAFIL SANDOZ	50 MG COMPRESSE- 16 COMPRESSE IN BLISTER ACLAR/AL	SILDENAFIL	SILDENAFIL	50	milligrammi	Compressa	G04BE03	SANDOZ S.P.A.	Autorizzata	Procedura Mutuo riconoscimento o Decentrata	Medicinali soggetti a prescrizione medica
041306200	041306	SILDENAFIL SANDOZ	50 MG COMPRESSE- 20 COMPRESSE IN BLISTER ACLAR/AL	SILDENAFIL	SILDENAFIL	50	milligrammi	Compressa	G04BE03	SANDOZ S.P.A.	Autorizzata	Procedura Mutuo riconoscimento o Decentrata	Medicinali soggetti a prescrizione medica
041306212	041306	SILDENAFIL SANDOZ	50 MG COMPRESSE- 24 COMPRESSE IN BLISTER ACLAR/AL	SILDENAFIL	SILDENAFIL	50	milligrammi	Compressa	G04BE03	SANDOZ S.P.A.	Autorizzata	Procedura Mutuo riconoscimento o Decentrata	Medicinali soggetti a prescrizione medica
041306224	041306	SILDENAFIL SANDOZ	50 MG COMPRESSE- 28 COMPRESSE IN BLISTER ACLAR/AL	SILDENAFIL	SILDENAFIL	50	milligrammi	Compressa	G04BE03	SANDOZ S.P.A.	Autorizzata	Procedura Mutuo riconoscimento o Decentrata	Medicinali soggetti a prescrizione medica
041306236	041306	SILDENAFIL SANDOZ	100 MG COMPRESSE- 1 COMPRESSA IN BLISTER ACLAR/AL	SILDENAFIL	SILDENAFIL	100	milligrammi	Compressa	G04BE03	SANDOZ S.P.A.	Autorizzata	Procedura Mutuo riconoscimento o Decentrata	Medicinali soggetti a prescrizione medica
041306248	041306	SILDENAFIL SANDOZ	100 MG COMPRESSE- 2 COMPRESSE IN BLISTER ACLAR/AL	SILDENAFIL	SILDENAFIL	100	milligrammi	Compressa	G04BE03	SANDOZ S.P.A.	Autorizzata	Procedura Mutuo riconoscimento o Decentrata	Medicinali soggetti a prescrizione medica
041306251	041306	SILDENAFIL SANDOZ	100 MG COMPRESSE- 4 COMPRESSE IN BLISTER ACLAR/AL	SILDENAFIL	SILDENAFIL	100	milligrammi	Compressa	G04BE03	SANDOZ S.P.A.	Autorizzata	Procedura Mutuo riconoscimento o Decentrata	Medicinali soggetti a prescrizione medica
041306263	041306	SILDENAFIL SANDOZ	100 MG COMPRESSE- 6 COMPRESSE IN BLISTER ACLAR/AL	SILDENAFIL	SILDENAFIL	100	milligrammi	Compressa	G04BE03	SANDOZ S.P.A.	Autorizzata	Procedura Mutuo riconoscimento o Decentrata	Medicinali soggetti a prescrizione medica
041306275	041306	SILDENAFIL SANDOZ	100 MG COMPRESSE- 8 COMPRESSE IN BLISTER ACLAR/AL	SILDENAFIL	SILDENAFIL	100	milligrammi	Compressa	G04BE03	SANDOZ S.P.A.	Autorizzata	Procedura Mutuo riconoscimento o Decentrata	Medicinali soggetti a prescrizione medica
041306287	041306	SILDENAFIL SANDOZ	100 MG COMPRESSE- 10 COMPRESSE IN BLISTER ACLAR/AL	SILDENAFIL	SILDENAFIL	100	milligrammi	Compressa	G04BE03	SANDOZ S.P.A.	Autorizzata	Procedura Mutuo riconoscimento o Decentrata	Medicinali soggetti a prescrizione medica
041306299	041306	SILDENAFIL SANDOZ	100 MG COMPRESSE- 12 COMPRESSE IN BLISTER ACLAR/AL	SILDENAFIL	SILDENAFIL	100	milligrammi	Compressa	G04BE03	SANDOZ S.P.A.	Autorizzata	Procedura Mutuo riconoscimento o Decentrata	Medicinali soggetti a prescrizione medica
041306301	041306	SILDENAFIL SANDOZ	100 MG COMPRESSE- 16 COMPRESSE IN BLISTER ACLAR/AL	SILDENAFIL	SILDENAFIL	100	milligrammi	Compressa	G04BE03	SANDOZ S.P.A.	Autorizzata	Procedura Mutuo riconoscimento o Decentrata	Medicinali soggetti a prescrizione medica
041306313	041306	SILDENAFIL SANDOZ	100 MG COMPRESSE- 20 COMPRESSE IN BLISTER ACLAR/AL	SILDENAFIL	SILDENAFIL	100	milligrammi	Compressa	G04BE03	SANDOZ S.P.A.	Autorizzata	Procedura Mutuo riconoscimento o Decentrata	Medicinali soggetti a prescrizione medica
041306325	041306	SILDENAFIL SANDOZ	100 MG COMPRESSE- 24 COMPRESSE IN BLISTER ACLAR/AL	SILDENAFIL	SILDENAFIL	100	milligrammi	Compressa	G04BE03	SANDOZ S.P.A.	Autorizzata	Procedura Mutuo riconoscimento o Decentrata	Medicinali soggetti a prescrizione medica
041306337	041306	SILDENAFIL SANDOZ	100 MG COMPRESSE- 28 COMPRESSE IN BLISTER ACLAR/AL	SILDENAFIL	SILDENAFIL	100	milligrammi	Compressa	G04BE03	SANDOZ S.P.A.	Autorizzata	Procedura Mutuo riconoscimento o Decentrata	Medicinali soggetti a prescrizione medica
041306349	041306	SILDENAFIL SANDOZ	25 MG COMPRESSE- 1 COMPRESSA IN BLISTER PVC/PVDC/AL	SILDENAFIL	SILDENAFIL	25	milligrammi	Compressa	G04BE03	SANDOZ S.P.A.	Autorizzata	Procedura Mutuo riconoscimento o Decentrata	Medicinali soggetti a prescrizione medica
041306352	041306	SILDENAFIL SANDOZ	25 MG COMPRESSE- 2 COMPRESSE IN BLISTER PVC/PVDC/AL	SILDENAFIL	SILDENAFIL	25	milligrammi	Compressa	G04BE03	SANDOZ S.P.A.	Autorizzata	Procedura Mutuo riconoscimento o Decentrata	Medicinali soggetti a prescrizione medica
041306364	041306	SILDENAFIL SANDOZ	25 MG COMPRESSE- 4 COMPRESSE IN BLISTER PVC/PVDC/AL	SILDENAFIL	SILDENAFIL	25	milligrammi	Compressa	G04BE03	SANDOZ S.P.A.	Autorizzata	Procedura Mutuo riconoscimento o Decentrata	Medicinali soggetti a prescrizione medica
041306376	041306	SILDENAFIL SANDOZ	25 MG COMPRESSE- 6 COMPRESSE IN BLISTER PVC/PVDC/AL	SILDENAFIL	SILDENAFIL	25	milligrammi	Compressa	G04BE03	SANDOZ S.P.A.	Autorizzata	Procedura Mutuo riconoscimento o Decentrata	Medicinali soggetti a prescrizione medica
041306388	041306	SILDENAFIL SANDOZ	25 MG COMPRESSE- 8 COMPRESSE IN BLISTER PVC/PVDC/AL	SILDENAFIL	SILDENAFIL	25	milligrammi	Compressa	G04BE03	SANDOZ S.P.A.	Autorizzata	Procedura Mutuo riconoscimento o Decentrata	Medicinali soggetti a prescrizione medica
041306390	041306	SILDENAFIL SANDOZ	25 MG COMPRESSE- 10 COMPRESSE IN BLISTER PVC/PVDC/AL	SILDENAFIL	SILDENAFIL	25	milligrammi	Compressa	G04BE03	SANDOZ S.P.A.	Autorizzata	Procedura Mutuo riconoscimento o Decentrata	Medicinali soggetti a prescrizione medica
041306402	041306	SILDENAFIL SANDOZ	25 MG COMPRESSE- 12 COMPRESSE IN BLISTER PVC/PVDC/AL	SILDENAFIL	SILDENAFIL	25	milligrammi	Compressa	G04BE03	SANDOZ S.P.A.	Autorizzata	Procedura Mutuo riconoscimento o Decentrata	Medicinali soggetti a prescrizione medica
041306414	041306	SILDENAFIL SANDOZ	25 MG COMPRESSE- 16 COMPRESSE IN BLISTER PVC/PVDC/AL	SILDENAFIL	SILDENAFIL	25	milligrammi	Compressa	G04BE03	SANDOZ S.P.A.	Autorizzata	Procedura Mutuo riconoscimento o Decentrata	Medicinali soggetti a prescrizione medica
041306426	041306	SILDENAFIL SANDOZ	25 MG COMPRESSE- 20 COMPRESSE IN BLISTER PVC/PVDC/AL	SILDENAFIL	SILDENAFIL	25	milligrammi	Compressa	G04BE03	SANDOZ S.P.A.	Autorizzata	Procedura Mutuo riconoscimento o Decentrata	Medicinali soggetti a prescrizione medica
041306438	041306	SILDENAFIL SANDOZ	25 MG COMPRESSE- 24 COMPRESSE IN BLISTER PVC/PVDC/AL	SILDENAFIL	SILDENAFIL	25	milligrammi	Compressa	G04BE03	SANDOZ S.P.A.	Autorizzata	Procedura Mutuo riconoscimento o Decentrata	Medicinali soggetti a prescrizione medica
041306440	041306	SILDENAFIL SANDOZ	25 MG COMPRESSE- 28 COMPRESSE IN BLISTER PVC/PVDC/AL	SILDENAFIL	SILDENAFIL	25	milligrammi	Compressa	G04BE03	SANDOZ S.P.A.	Autorizzata	Procedura Mutuo riconoscimento o Decentrata	Medicinali soggetti a prescrizione medica
041306453	041306	SILDENAFIL SANDOZ	50 MG COMPRESSE- 1 COMPRESSA IN BLISTER PVC/PVDC/AL	SILDENAFIL	SILDENAFIL	50	milligrammi	Compressa	G04BE03	SANDOZ S.P.A.	Autorizzata	Procedura Mutuo riconoscimento o Decentrata	Medicinali soggetti a prescrizione medica
041306465	041306	SILDENAFIL SANDOZ	50 MG COMPRESSE- 2 COMPRESSE IN BLISTER PVC/PVDC/AL	SILDENAFIL	SILDENAFIL	50	milligrammi	Compressa	G04BE03	SANDOZ S.P.A.	Autorizzata	Procedura Mutuo riconoscimento o Decentrata	Medicinali soggetti a prescrizione medica
041306477	041306	SILDENAFIL SANDOZ	50 MG COMPRESSE- 4 COMPRESSE IN BLISTER PVC/PVDC/AL	SILDENAFIL	SILDENAFIL	50	milligrammi	Compressa	G04BE03	SANDOZ S.P.A.	Autorizzata	Procedura Mutuo riconoscimento o Decentrata	Medicinali soggetti a prescrizione medica
041306489	041306	SILDENAFIL SANDOZ	50 MG COMPRESSE- 6 COMPRESSE IN BLISTER PVC/PVDC/AL	SILDENAFIL	SILDENAFIL	50	milligrammi	Compressa	G04BE03	SANDOZ S.P.A.	Autorizzata	Procedura Mutuo riconoscimento o Decentrata	Medicinali soggetti a prescrizione medica
041306491	041306	SILDENAFIL SANDOZ	50 MG COMPRESSE- 8 COMPRESSE IN BLISTER PVC/PVDC/AL	SILDENAFIL	SILDENAFIL	50	milligrammi	Compressa	G04BE03	SANDOZ S.P.A.	Autorizzata	Procedura Mutuo riconoscimento o Decentrata	Medicinali soggetti a prescrizione medica
041306503	041306	SILDENAFIL SANDOZ	50 MG COMPRESSE- 10 COMPRESSE IN BLISTER PVC/PVDC/AL	SILDENAFIL	SILDENAFIL	50	milligrammi	Compressa	G04BE03	SANDOZ S.P.A.	Autorizzata	Procedura Mutuo riconoscimento o Decentrata	Medicinali soggetti a prescrizione medica
041306515	041306	SILDENAFIL SANDOZ	50 MG COMPRESSE- 12 COMPRESSE IN BLISTER PVC/PVDC/AL	SILDENAFIL	SILDENAFIL	50	milligrammi	Compressa	G04BE03	SANDOZ S.P.A.	Autorizzata	Procedura Mutuo riconoscimento o Decentrata	Medicinali soggetti a prescrizione medica
041306527	041306	SILDENAFIL SANDOZ	50 MG COMPRESSE- 16 COMPRESSE IN BLISTER PVC/PVDC/AL	SILDENAFIL	SILDENAFIL	50	milligrammi	Compressa	G04BE03	SANDOZ S.P.A.	Autorizzata	Procedura Mutuo riconoscimento o Decentrata	Medicinali soggetti a prescrizione medica
041306539	041306	SILDENAFIL SANDOZ	50 MG COMPRESSE- 20 COMPRESSE IN BLISTER PVC/PVDC/AL	SILDENAFIL	SILDENAFIL	50	milligrammi	Compressa	G04BE03	SANDOZ S.P.A.	Autorizzata	Procedura Mutuo riconoscimento o Decentrata	Medicinali soggetti a prescrizione medica
041306541	041306	SILDENAFIL SANDOZ	50 MG COMPRESSE- 24 COMPRESSE IN BLISTER PVC/PVDC/AL	SILDENAFIL	SILDENAFIL	50	milligrammi	Compressa	G04BE03	SANDOZ S.P.A.	Autorizzata	Procedura Mutuo riconoscimento o Decentrata	Medicinali soggetti a prescrizione medica
041306554	041306	SILDENAFIL SANDOZ	50 MG COMPRESSE- 28 COMPRESSE IN BLISTER PVC/PVDC/AL	SILDENAFIL	SILDENAFIL	50	milligrammi	Compressa	G04BE03	SANDOZ S.P.A.	Autorizzata	Procedura Mutuo riconoscimento o Decentrata	Medicinali soggetti a prescrizione medica
041306566	041306	SILDENAFIL SANDOZ	100 MG COMPRESSE- 1 COMPRESSA IN BLISTER PVC/PVDC/AL	SILDENAFIL	SILDENAFIL	100	milligrammi	Compressa	G04BE03	SANDOZ S.P.A.	Autorizzata	Procedura Mutuo riconoscimento o Decentrata	Medicinali soggetti a prescrizione medica
041306578	041306	SILDENAFIL SANDOZ	100 MG COMPRESSE- 2 COMPRESSE IN BLISTER PVC/PVDC/AL	SILDENAFIL	SILDENAFIL	100	milligrammi	Compressa	G04BE03	SANDOZ S.P.A.	Autorizzata	Procedura Mutuo riconoscimento o Decentrata	Medicinali soggetti a prescrizione medica
041306580	041306	SILDENAFIL SANDOZ	100 MG COMPRESSE- 4 COMPRESSE IN BLISTER PVC/PVDC/AL	SILDENAFIL	SILDENAFIL	100	milligrammi	Compressa	G04BE03	SANDOZ S.P.A.	Autorizzata	Procedura Mutuo riconoscimento o Decentrata	Medicinali soggetti a prescrizione medica
041306592	041306	SILDENAFIL SANDOZ	100 MG COMPRESSE- 6 COMPRESSE IN BLISTER PVC/PVDC/AL	SILDENAFIL	SILDENAFIL	100	milligrammi	Compressa	G04BE03	SANDOZ S.P.A.	Autorizzata	Procedura Mutuo riconoscimento o Decentrata	Medicinali soggetti a prescrizione medica
041306604	041306	SILDENAFIL SANDOZ	100 MG COMPRESSE- 8 COMPRESSE IN BLISTER PVC/PVDC/AL	SILDENAFIL	SILDENAFIL	100	milligrammi	Compressa	G04BE03	SANDOZ S.P.A.	Autorizzata	Procedura Mutuo riconoscimento o Decentrata	Medicinali soggetti a prescrizione medica
041306616	041306	SILDENAFIL SANDOZ	100 MG COMPRESSE- 10 COMPRESSE IN BLISTER PVC/PVDC/AL	SILDENAFIL	SILDENAFIL	100	milligrammi	Compressa	G04BE03	SANDOZ S.P.A.	Autorizzata	Procedura Mutuo riconoscimento o Decentrata	Medicinali soggetti a prescrizione medica
041306628	041306	SILDENAFIL SANDOZ	100 MG COMPRESSE- 12 COMPRESSE IN BLISTER PVC/PVDC/AL	SILDENAFIL	SILDENAFIL	100	milligrammi	Compressa	G04BE03	SANDOZ S.P.A.	Autorizzata	Procedura Mutuo riconoscimento o Decentrata	Medicinali soggetti a prescrizione medica
041306630	041306	SILDENAFIL SANDOZ	100 MG COMPRESSE- 16 COMPRESSE IN BLISTER PVC/PVDC/AL	SILDENAFIL	SILDENAFIL	100	milligrammi	Compressa	G04BE03	SANDOZ S.P.A.	Autorizzata	Procedura Mutuo riconoscimento o Decentrata	Medicinali soggetti a prescrizione medica
041306642	041306	SILDENAFIL SANDOZ	100 MG COMPRESSE- 20 COMPRESSE IN BLISTER PVC/PVDC/AL	SILDENAFIL	SILDENAFIL	100	milligrammi	Compressa	G04BE03	SANDOZ S.P.A.	Autorizzata	Procedura Mutuo riconoscimento o Decentrata	Medicinali soggetti a prescrizione medica
041306655	041306	SILDENAFIL SANDOZ	100 MG COMPRESSE- 24 COMPRESSE IN BLISTER PVC/PVDC/AL	SILDENAFIL	SILDENAFIL	100	milligrammi	Compressa	G04BE03	SANDOZ S.P.A.	Autorizzata	Procedura Mutuo riconoscimento o Decentrata	Medicinali soggetti a prescrizione medica
041306667	041306	SILDENAFIL SANDOZ	100 MG COMPRESSE- 28 COMPRESSE IN BLISTER PVC/PVDC/AL	SILDENAFIL	SILDENAFIL	100	milligrammi	Compressa	G04BE03	SANDOZ S.P.A.	Autorizzata	Procedura Mutuo riconoscimento o Decentrata	Medicinali soggetti a prescrizione medica
041573015	041573	SILDENAFIL DOC GENERICS	25 MG COMPRESSE MASTICABILI- 1 COMPRESSA IN BLISTER PVC/PCTFE/AL	SILDENAFIL	SILDENAFIL	25	milligrammi	Compressa masticabile	G04BE03	DOC GENERICI SRL	Autorizzata	Procedura Mutuo riconoscimento o Decentrata	Medicinali soggetti a prescrizione medica
041573027	041573	SILDENAFIL DOC GENERICS	25 MG COMPRESSE MASTICABILI- 2 COMPRESSE IN BLISTER PVC/PCTFE/AL	SILDENAFIL	SILDENAFIL	25	milligrammi	Compressa masticabile	G04BE03	DOC GENERICI SRL	Autorizzata	Procedura Mutuo riconoscimento o Decentrata	Medicinali soggetti a prescrizione medica
041573039	041573	SILDENAFIL DOC GENERICS	25 MG COMPRESSE MASTICABILI- 4 COMPRESSE IN BLISTER PVC/PCTFE/AL	SILDENAFIL	SILDENAFIL	25	milligrammi	Compressa masticabile	G04BE03	DOC GENERICI SRL	Autorizzata	Procedura Mutuo riconoscimento o Decentrata	Medicinali soggetti a prescrizione medica
041573041	041573	SILDENAFIL DOC GENERICS	25 MG COMPRESSE MASTICABILI- 8 COMPRESSE IN BLISTER PVC/PCTFE/AL	SILDENAFIL	SILDENAFIL	25	milligrammi	Compressa masticabile	G04BE03	DOC GENERICI SRL	Autorizzata	Procedura Mutuo riconoscimento o Decentrata	Medicinali soggetti a prescrizione medica
041573054	041573	SILDENAFIL DOC GENERICS	50 MG COMPRESSE MASTICABILI- 1 COMPRESSA IN BLISTER PVC/PCTFE/AL	SILDENAFIL	SILDENAFIL	50	milligrammi	Compressa masticabile	G04BE03	DOC GENERICI SRL	Autorizzata	Procedura Mutuo riconoscimento o Decentrata	Medicinali soggetti a prescrizione medica
041573066	041573	SILDENAFIL DOC GENERICS	50 MG COMPRESSE MASTICABILI- 2 COMPRESSE IN BLISTER PVC/PCTFE/AL	SILDENAFIL	SILDENAFIL	50	milligrammi	Compressa masticabile	G04BE03	DOC GENERICI SRL	Autorizzata	Procedura Mutuo riconoscimento o Decentrata	Medicinali soggetti a prescrizione medica
041573078	041573	SILDENAFIL DOC GENERICS	50 MG COMPRESSE MASTICABILI- 4 COMPRESSE IN BLISTER PVC/PCTFE/AL	SILDENAFIL	SILDENAFIL	50	milligrammi	Compressa masticabile	G04BE03	DOC GENERICI SRL	Autorizzata	Procedura Mutuo riconoscimento o Decentrata	Medicinali soggetti a prescrizione medica
041573080	041573	SILDENAFIL DOC GENERICS	50 MG COMPRESSE MASTICABILI- 8 COMPRESSE IN BLISTER PVC/PCTFE/AL	SILDENAFIL	SILDENAFIL	50	milligrammi	Compressa masticabile	G04BE03	DOC GENERICI SRL	Autorizzata	Procedura Mutuo riconoscimento o Decentrata	Medicinali soggetti a prescrizione medica
041573092	041573	SILDENAFIL DOC GENERICS	100 MG COMPRESSE MASTICABILI- 1 COMPRESSA IN BLISTER PVC/PCTFE/AL	SILDENAFIL	SILDENAFIL	100	milligrammi	Compressa masticabile	G04BE03	DOC GENERICI SRL	Autorizzata	Procedura Mutuo riconoscimento o Decentrata	Medicinali soggetti a prescrizione medica
041573104	041573	SILDENAFIL DOC GENERICS	100 MG COMPRESSE MASTICABILI- 2 COMPRESSE IN BLISTER PVC/PCTFE/AL	SILDENAFIL	SILDENAFIL	100	milligrammi	Compressa masticabile	G04BE03	DOC GENERICI SRL	Autorizzata	Procedura Mutuo riconoscimento o Decentrata	Medicinali soggetti a prescrizione medica
041573116	041573	SILDENAFIL DOC GENERICS	100 MG COMPRESSE MASTICABILI- 4 COMPRESSE IN BLISTER PVC/PCTFE/AL	SILDENAFIL	SILDENAFIL	100	milligrammi	Compressa masticabile	G04BE03	DOC GENERICI SRL	Autorizzata	Procedura Mutuo riconoscimento o Decentrata	Medicinali soggetti a prescrizione medica
041573128	041573	SILDENAFIL DOC GENERICS	100 MG COMPRESSE MASTICABILI- 8 COMPRESSE IN BLISTER PVC/PCTFE/AL	SILDENAFIL	SILDENAFIL	100	milligrammi	Compressa masticabile	G04BE03	DOC GENERICI SRL	Autorizzata	Procedura Mutuo riconoscimento o Decentrata	Medicinali soggetti a prescrizione medica
041742014	041742	SILDENAFIL ABC	25 MG COMPRESSE RIVESTITE CON FILM- 4 COMPRESSE IN BLISTER PVC/PVDC/AL	SILDENAFIL	SILDENAFIL	25	milligrammi	Compressa rivestita con film	G04BE03	ICE S.P.A	Autorizzata	Procedura Mutuo riconoscimento o Decentrata	Medicinali soggetti a prescrizione medica
041742026	041742	SILDENAFIL ABC	25 MG COMPRESSE RIVESTITE CON FILM- 8 COMPRESSE IN BLISTER PVC/PVDC/AL	SILDENAFIL	SILDENAFIL	25	milligrammi	Compressa rivestita con film	G04BE03	ICE S.P.A	Autorizzata	Procedura Mutuo riconoscimento o Decentrata	Medicinali soggetti a prescrizione medica
041742038	041742	SILDENAFIL ABC	25 MG COMPRESSE RIVESTITE CON FILM- 12 COMPRESSE IN BLISTER PVC/PVDC/AL	SILDENAFIL	SILDENAFIL	25	milligrammi	Compressa rivestita con film	G04BE03	ICE S.P.A	Autorizzata	Procedura Mutuo riconoscimento o Decentrata	Medicinali soggetti a prescrizione medica
041742040	041742	SILDENAFIL ABC	50 MG COMPRESSE RIVESTITE CON FILM- 4 COMPRESSE IN BLISTER PVC/PVDC/AL	SILDENAFIL	SILDENAFIL	50	milligrammi	Compressa rivestita con film	G04BE03	ICE S.P.A	Autorizzata	Procedura Mutuo riconoscimento o Decentrata	Medicinali soggetti a prescrizione medica
041742053	041742	SILDENAFIL ABC	50 MG COMPRESSE RIVESTITE CON FILM- 8 COMPRESSE IN BLISTER PVC/PVDC/AL	SILDENAFIL	SILDENAFIL	50	milligrammi	Compressa rivestita con film	G04BE03	ICE S.P.A	Autorizzata	Procedura Mutuo riconoscimento o Decentrata	Medicinali soggetti a prescrizione medica
041742065	041742	SILDENAFIL ABC	50 MG COMPRESSE RIVESTITE CON FILM- 12 COMPRESSE IN BLISTER PVC/PVDC/AL	SILDENAFIL	SILDENAFIL	50	milligrammi	Compressa rivestita con film	G04BE03	ICE S.P.A	Autorizzata	Procedura Mutuo riconoscimento o Decentrata	Medicinali soggetti a prescrizione medica
041742077	041742	SILDENAFIL ABC	100 MG COMPRESSE RIVESTITE CON FILM- 4 COMPRESSE IN BLISTER PVC/PVDC/AL	SILDENAFIL	SILDENAFIL	100	milligrammi	Compressa rivestita con film	G04BE03	ICE S.P.A	Autorizzata	Procedura Mutuo riconoscimento o Decentrata	Medicinali soggetti a prescrizione medica
041742089	041742	SILDENAFIL ABC	100 MG COMPRESSE RIVESTITE CON FILM- 8 COMPRESSE IN BLISTER PVC/PVDC/AL	SILDENAFIL	SILDENAFIL	100	milligrammi	Compressa rivestita con film	G04BE03	ICE S.P.A	Autorizzata	Procedura Mutuo riconoscimento o Decentrata	Medicinali soggetti a prescrizione medica
041742091	041742	SILDENAFIL ABC	100 MG COMPRESSE RIVESTITE CON FILM- 12 COMPRESSE IN BLISTER PVC/PVDC/AL	SILDENAFIL	SILDENAFIL	100	milligrammi	Compressa rivestita con film	G04BE03	ICE S.P.A	Autorizzata	Procedura Mutuo riconoscimento o Decentrata	Medicinali soggetti a prescrizione medica
041742103	041742	SILDENAFIL ABC	50 MG COMPRESSE RIVESTITE CON FILM- 24 COMPRESSE IN BLISTER PVC/PVDC/AL	SILDENAFIL	SILDENAFIL	50	milligrammi	Compressa rivestita con film	G04BE03	ICE S.P.A	Autorizzata	Procedura Mutuo riconoscimento o Decentrata	Medicinali soggetti a prescrizione medica
041742115	041742	SILDENAFIL ABC	100 MG COMPRESSE RIVESTITE CON FILM- 24 COMPRESSE IN BLISTER PVC/PVDC/AL	SILDENAFIL	SILDENAFIL	100	milligrammi	Compressa rivestita con film	G04BE03	ICE S.P.A	Autorizzata	Procedura Mutuo riconoscimento o Decentrata	Medicinali soggetti a prescrizione medica
041742127	041742	SILDENAFIL ABC	50 MG COMPRESSE RIVESTITE CON FILM- 48 COMPRESSE IN BLISTER PVC/PVDC/AL	SILDENAFIL	SILDENAFIL	50	milligrammi	Compressa rivestita con film	G04BE03	ICE S.P.A	Autorizzata	Procedura Mutuo riconoscimento o Decentrata	Medicinali soggetti a prescrizione medica
041742139	041742	SILDENAFIL ABC	50 MG COMPRESSE RIVESTITE CON FILM- 60 COMPRESSE IN BLISTER PVC/PVDC/AL	SILDENAFIL	SILDENAFIL	50	milligrammi	Compressa rivestita con film	G04BE03	ICE S.P.A	Autorizzata	Procedura Mutuo riconoscimento o Decentrata	Medicinali soggetti a prescrizione medica
041742141	041742	SILDENAFIL ABC	50 MG COMPRESSE RIVESTITE CON FILM- 90 COMPRESSE IN BLISTER PVC/PVDC/AL	SILDENAFIL	SILDENAFIL	50	milligrammi	Compressa rivestita con film	G04BE03	ICE S.P.A	Autorizzata	Procedura Mutuo riconoscimento o Decentrata	Medicinali soggetti a prescrizione medica
041742154	041742	SILDENAFIL ABC	100 MG COMPRESSE RIVESTITE CON FILM- 48 COMPRESSE IN BLISTER PVC/PVDC/AL	SILDENAFIL	SILDENAFIL	100	milligrammi	Compressa rivestita con film	G04BE03	ICE S.P.A	Autorizzata	Procedura Mutuo riconoscimento o Decentrata	Medicinali soggetti a prescrizione medica
041742166	041742	SILDENAFIL ABC	100 MG COMPRESSE RIVESTITE CON FILM- 60 COMPRESSE IN BLISTER PVC/PVDC/AL	SILDENAFIL	SILDENAFIL	100	milligrammi	Compressa rivestita con film	G04BE03	ICE S.P.A	Autorizzata	Procedura Mutuo riconoscimento o Decentrata	Medicinali soggetti a prescrizione medica
041742178	041742	SILDENAFIL ABC	100 MG COMPRESSE RIVESTITE CON FILM- 90 COMPRESSE IN BLISTER PVC/PVDC/AL	SILDENAFIL	SILDENAFIL	100	milligrammi	Compressa rivestita con film	G04BE03	ICE S.P.A	Autorizzata	Procedura Mutuo riconoscimento o Decentrata	Medicinali soggetti a prescrizione medica
041914019	041914	SILDENAFIL VIATRIS	25 MG COMPRESSE RIVESTITE CON FILM- 2 COMPRESSE IN BLISTER PVC/AL	SILDENAFIL	SILDENAFIL	25	milligrammi	Compressa rivestita con film	G04BE03	VIATRIS PHARMA S.R.L.	Autorizzata	Procedura Mutuo riconoscimento o Decentrata	Medicinali soggetti a prescrizione medica
041914021	041914	SILDENAFIL VIATRIS	25 MG COMPRESSE RIVESTITE CON FILM- 4 COMPRESSE IN BLISTER PVC/AL	SILDENAFIL	SILDENAFIL	25	milligrammi	Compressa rivestita con film	G04BE03	VIATRIS PHARMA S.R.L.	Autorizzata	Procedura Mutuo riconoscimento o Decentrata	Medicinali soggetti a prescrizione medica
041914033	041914	SILDENAFIL VIATRIS	25 MG COMPRESSE RIVESTITE CON FILM- 8 COMPRESSE IN BLISTER PVC/AL	SILDENAFIL	SILDENAFIL	25	milligrammi	Compressa rivestita con film	G04BE03	VIATRIS PHARMA S.R.L.	Autorizzata	Procedura Mutuo riconoscimento o Decentrata	Medicinali soggetti a prescrizione medica
041914045	041914	SILDENAFIL VIATRIS	25 MG COMPRESSE RIVESTITE CON FILM- 12 COMPRESSE IN BLISTER PVC/AL	SILDENAFIL	SILDENAFIL	25	milligrammi	Compressa rivestita con film	G04BE03	VIATRIS PHARMA S.R.L.	Autorizzata	Procedura Mutuo riconoscimento o Decentrata	Medicinali soggetti a prescrizione medica
041914058	041914	SILDENAFIL VIATRIS	25 MG COMPRESSE RIVESTITE CON FILM- 24 COMPRESSE IN BLISTER PVC/AL	SILDENAFIL	SILDENAFIL	25	milligrammi	Compressa rivestita con film	G04BE03	VIATRIS PHARMA S.R.L.	Autorizzata	Procedura Mutuo riconoscimento o Decentrata	Medicinali soggetti a prescrizione medica
041914060	041914	SILDENAFIL VIATRIS	50 MG COMPRESSE RIVESTITE CON FILM- 2 COMPRESSE IN BLISTER PVC/AL	SILDENAFIL	SILDENAFIL	50	milligrammi	Compressa rivestita con film	G04BE03	VIATRIS PHARMA S.R.L.	Autorizzata	Procedura Mutuo riconoscimento o Decentrata	Medicinali soggetti a prescrizione medica
041914072	041914	SILDENAFIL VIATRIS	50 MG COMPRESSE RIVESTITE CON FILM- 4 COMPRESSE IN BLISTER PVC/AL	SILDENAFIL	SILDENAFIL	50	milligrammi	Compressa rivestita con film	G04BE03	VIATRIS PHARMA S.R.L.	Autorizzata	Procedura Mutuo riconoscimento o Decentrata	Medicinali soggetti a prescrizione medica
041914084	041914	SILDENAFIL VIATRIS	50 MG COMPRESSE RIVESTITE CON FILM- 8 COMPRESSE IN BLISTER PVC/AL	SILDENAFIL	SILDENAFIL	50	milligrammi	Compressa rivestita con film	G04BE03	VIATRIS PHARMA S.R.L.	Autorizzata	Procedura Mutuo riconoscimento o Decentrata	Medicinali soggetti a prescrizione medica
041914096	041914	SILDENAFIL VIATRIS	50 MG COMPRESSE RIVESTITE CON FILM- 12 COMPRESSE IN BLISTER PVC/AL	SILDENAFIL	SILDENAFIL	50	milligrammi	Compressa rivestita con film	G04BE03	VIATRIS PHARMA S.R.L.	Autorizzata	Procedura Mutuo riconoscimento o Decentrata	Medicinali soggetti a prescrizione medica
041914108	041914	SILDENAFIL VIATRIS	50 MG COMPRESSE RIVESTITE CON FILM- 24 COMPRESSE IN BLISTER PVC/AL	SILDENAFIL	SILDENAFIL	50	milligrammi	Compressa rivestita con film	G04BE03	VIATRIS PHARMA S.R.L.	Autorizzata	Procedura Mutuo riconoscimento o Decentrata	Medicinali soggetti a prescrizione medica
041914110	041914	SILDENAFIL VIATRIS	100 MG COMPRESSE RIVESTITE CON FILM- 2 COMPRESSE IN BLISTER PVC/AL	SILDENAFIL	SILDENAFIL	100	milligrammi	Compressa rivestita con film	G04BE03	VIATRIS PHARMA S.R.L.	Autorizzata	Procedura Mutuo riconoscimento o Decentrata	Medicinali soggetti a prescrizione medica
041914122	041914	SILDENAFIL VIATRIS	100 MG COMPRESSE RIVESTITE CON FILM- 4 COMPRESSE IN BLISTER PVC/AL	SILDENAFIL	SILDENAFIL	100	milligrammi	Compressa rivestita con film	G04BE03	VIATRIS PHARMA S.R.L.	Autorizzata	Procedura Mutuo riconoscimento o Decentrata	Medicinali soggetti a prescrizione medica
041914134	041914	SILDENAFIL VIATRIS	100 MG COMPRESSE RIVESTITE CON FILM- 8 COMPRESSE IN BLISTER PVC/AL	SILDENAFIL	SILDENAFIL	100	milligrammi	Compressa rivestita con film	G04BE03	VIATRIS PHARMA S.R.L.	Autorizzata	Procedura Mutuo riconoscimento o Decentrata	Medicinali soggetti a prescrizione medica
041914146	041914	SILDENAFIL VIATRIS	100 MG COMPRESSE RIVESTITE CON FILM- 12 COMPRESSE IN BLISTER PVC/AL	SILDENAFIL	SILDENAFIL	100	milligrammi	Compressa rivestita con film	G04BE03	VIATRIS PHARMA S.R.L.	Autorizzata	Procedura Mutuo riconoscimento o Decentrata	Medicinali soggetti a prescrizione medica
041914159	041914	SILDENAFIL VIATRIS	100 MG COMPRESSE RIVESTITE CON FILM- 24 COMPRESSE IN BLISTER PVC/AL	SILDENAFIL	SILDENAFIL	100	milligrammi	Compressa rivestita con film	G04BE03	VIATRIS PHARMA S.R.L.	Autorizzata	Procedura Mutuo riconoscimento o Decentrata	Medicinali soggetti a prescrizione medica
042078016	042078	SILDENAFIL AUROBINDO	50 MG COMPRESSE RIVESTITE CON FILM-  1 COMPRESSA IN BLISTER PVC/PVDC-AL	SILDENAFIL	SILDENAFIL	50	milligrammi	Compressa rivestita con film	G04BE03	AUROBINDO PHARMA (ITALIA) S.R.L.	Autorizzata	Procedura Mutuo riconoscimento o Decentrata	Medicinali soggetti a prescrizione medica
042078028	042078	SILDENAFIL AUROBINDO	50 MG COMPRESSE RIVESTITE CON FILM-  2 COMPRESSE IN BLISTER PVC/PVDC-AL	SILDENAFIL	SILDENAFIL	50	milligrammi	Compressa rivestita con film	G04BE03	AUROBINDO PHARMA (ITALIA) S.R.L.	Autorizzata	Procedura Mutuo riconoscimento o Decentrata	Medicinali soggetti a prescrizione medica
042078030	042078	SILDENAFIL AUROBINDO	50 MG COMPRESSE RIVESTITE CON FILM-  4 COMPRESSE IN BLISTER PVC/PVDC-AL	SILDENAFIL	SILDENAFIL	50	milligrammi	Compressa rivestita con film	G04BE03	AUROBINDO PHARMA (ITALIA) S.R.L.	Autorizzata	Procedura Mutuo riconoscimento o Decentrata	Medicinali soggetti a prescrizione medica
042078042	042078	SILDENAFIL AUROBINDO	50 MG COMPRESSE RIVESTITE CON FILM-  8 COMPRESSE IN BLISTER PVC/PVDC-AL	SILDENAFIL	SILDENAFIL	50	milligrammi	Compressa rivestita con film	G04BE03	AUROBINDO PHARMA (ITALIA) S.R.L.	Autorizzata	Procedura Mutuo riconoscimento o Decentrata	Medicinali soggetti a prescrizione medica
042078055	042078	SILDENAFIL AUROBINDO	50 MG COMPRESSE RIVESTITE CON FILM- 12 COMPRESSE IN BLISTER PVC/PVDC-AL	SILDENAFIL	SILDENAFIL	50	milligrammi	Compressa rivestita con film	G04BE03	AUROBINDO PHARMA (ITALIA) S.R.L.	Autorizzata	Procedura Mutuo riconoscimento o Decentrata	Medicinali soggetti a prescrizione medica
042078067	042078	SILDENAFIL AUROBINDO	50 MG COMPRESSE RIVESTITE CON FILM- 30 COMPRESSE IN FLACONE HDPE	SILDENAFIL	SILDENAFIL	50	milligrammi	Compressa rivestita con film	G04BE03	AUROBINDO PHARMA (ITALIA) S.R.L.	Autorizzata	Procedura Mutuo riconoscimento o Decentrata	Medicinali soggetti a prescrizione medica da rinnovare volta per volta
042078079	042078	SILDENAFIL AUROBINDO	50 MG COMPRESSE RIVESTITE CON FILM- 1000 COMPRESSE IN FLACONE HDPE	SILDENAFIL	SILDENAFIL	50	milligrammi	Compressa rivestita con film	G04BE03	AUROBINDO PHARMA (ITALIA) S.R.L.	Autorizzata	Procedura Mutuo riconoscimento o Decentrata	Medicinali soggetti a prescrizione medica da rinnovare volta per volta
042078081	042078	SILDENAFIL AUROBINDO	100 MG COMPRESSE RIVESTITE CON FILM- 1 COMPRESSA IN BLISTER PVC/PVDC-AL	SILDENAFIL	SILDENAFIL	100	milligrammi	Compressa rivestita con film	G04BE03	AUROBINDO PHARMA (ITALIA) S.R.L.	Autorizzata	Procedura Mutuo riconoscimento o Decentrata	Medicinali soggetti a prescrizione medica
042078093	042078	SILDENAFIL AUROBINDO	100 MG COMPRESSE RIVESTITE CON FILM- 2 COMPRESSE IN BLISTER PVC/PVDC-AL	SILDENAFIL	SILDENAFIL	100	milligrammi	Compressa rivestita con film	G04BE03	AUROBINDO PHARMA (ITALIA) S.R.L.	Autorizzata	Procedura Mutuo riconoscimento o Decentrata	Medicinali soggetti a prescrizione medica
042078105	042078	SILDENAFIL AUROBINDO	100 MG COMPRESSE RIVESTITE CON FILM- 4 COMPRESSE IN BLISTER PVC/PVDC-AL	SILDENAFIL	SILDENAFIL	100	milligrammi	Compressa rivestita con film	G04BE03	AUROBINDO PHARMA (ITALIA) S.R.L.	Autorizzata	Procedura Mutuo riconoscimento o Decentrata	Medicinali soggetti a prescrizione medica
042078117	042078	SILDENAFIL AUROBINDO	100 MG COMPRESSE RIVESTITE CON FILM- 8 COMPRESSE IN BLISTER PVC/PVDC-AL	SILDENAFIL	SILDENAFIL	100	milligrammi	Compressa rivestita con film	G04BE03	AUROBINDO PHARMA (ITALIA) S.R.L.	Autorizzata	Procedura Mutuo riconoscimento o Decentrata	Medicinali soggetti a prescrizione medica
042078129	042078	SILDENAFIL AUROBINDO	100 MG COMPRESSE RIVESTITE CON FILM- 12 COMPRESSE IN BLISTER PVC/PVDC-AL	SILDENAFIL	SILDENAFIL	100	milligrammi	Compressa rivestita con film	G04BE03	AUROBINDO PHARMA (ITALIA) S.R.L.	Autorizzata	Procedura Mutuo riconoscimento o Decentrata	Medicinali soggetti a prescrizione medica
042078131	042078	SILDENAFIL AUROBINDO	100 MG COMPRESSE RIVESTITE CON FILM- 30 COMPRESSE IN FLACONE HDPE	SILDENAFIL	SILDENAFIL	100	milligrammi	Compressa rivestita con film	G04BE03	AUROBINDO PHARMA (ITALIA) S.R.L.	Autorizzata	Procedura Mutuo riconoscimento o Decentrata	Medicinali soggetti a prescrizione medica da rinnovare volta per volta
042078143	042078	SILDENAFIL AUROBINDO	100 MG COMPRESSE RIVESTITE CON FILM- 500 COMPRESSE IN FLACONE HDPE	SILDENAFIL	SILDENAFIL	100	milligrammi	Compressa rivestita con film	G04BE03	AUROBINDO PHARMA (ITALIA) S.R.L.	Autorizzata	Procedura Mutuo riconoscimento o Decentrata	Medicinali soggetti a prescrizione medica da rinnovare volta per volta
042078156	042078	SILDENAFIL AUROBINDO	25 MG COMPRESSE RIVESTITE CON FILM- 2 COMPRESSE IN BLISTER PVC/PVDC/AL	SILDENAFIL	SILDENAFIL	25	milligrammi	Compressa rivestita con film	G04BE03	AUROBINDO PHARMA (ITALIA) S.R.L.	Autorizzata	Procedura Mutuo riconoscimento o Decentrata	Medicinali soggetti a prescrizione medica
042078168	042078	SILDENAFIL AUROBINDO	25 MG COMPRESSE RIVESTITE CON FILM- 4 COMPRESSE IN BLISTER PVC/PVDC/AL	SILDENAFIL	SILDENAFIL	25	milligrammi	Compressa rivestita con film	G04BE03	AUROBINDO PHARMA (ITALIA) S.R.L.	Autorizzata	Procedura Mutuo riconoscimento o Decentrata	Medicinali soggetti a prescrizione medica
042078170	042078	SILDENAFIL AUROBINDO	25 MG COMPRESSE RIVESTITE CON FILM- 8 COMPRESSE IN BLISTER PVC/PVDC/AL	SILDENAFIL	SILDENAFIL	25	milligrammi	Compressa rivestita con film	G04BE03	AUROBINDO PHARMA (ITALIA) S.R.L.	Autorizzata	Procedura Mutuo riconoscimento o Decentrata	Medicinali soggetti a prescrizione medica
042078182	042078	SILDENAFIL AUROBINDO	25 MG COMPRESSE RIVESTITE CON FILM- 12 COMPRESSE IN BLISTER PVC/PVDC/AL	SILDENAFIL	SILDENAFIL	25	milligrammi	Compressa rivestita con film	G04BE03	AUROBINDO PHARMA (ITALIA) S.R.L.	Autorizzata	Procedura Mutuo riconoscimento o Decentrata	Medicinali soggetti a prescrizione medica
042078194	042078	SILDENAFIL AUROBINDO	25 MG COMPRESSE RIVESTITE CON FILM- 24 COMPRESSE IN BLISTER PVC/PVDC/AL	SILDENAFIL	SILDENAFIL	25	milligrammi	Compressa rivestita con film	G04BE03	AUROBINDO PHARMA (ITALIA) S.R.L.	Autorizzata	Procedura Mutuo riconoscimento o Decentrata	Medicinali soggetti a prescrizione medica
042078206	042078	SILDENAFIL AUROBINDO	50 MG COMPRESSE RIVESTITE CON FILM- 24 COMPRESSE IN BLISTER PVC/PVDC/AL	SILDENAFIL	SILDENAFIL	50	milligrammi	Compressa rivestita con film	G04BE03	AUROBINDO PHARMA (ITALIA) S.R.L.	Autorizzata	Procedura Mutuo riconoscimento o Decentrata	Medicinali soggetti a prescrizione medica
042078218	042078	SILDENAFIL AUROBINDO	100 MG COMPRESSE RIVESTITE CON FILM- 24 COMPRESSE IN BLISTER PVC/PVDC/AL	SILDENAFIL	SILDENAFIL	100	milligrammi	Compressa rivestita con film	G04BE03	AUROBINDO PHARMA (ITALIA) S.R.L.	Autorizzata	Procedura Mutuo riconoscimento o Decentrata	Medicinali soggetti a prescrizione medica
042088017	042088	SILDENAFIL TEVA	25 MG - COMPRESSA RIVESTITA CON FILM - USO ORALE - BLISTER (PVC/ALU)- 2 COMPRESSE	SILDENAFIL	SILDENAFIL	25	milligrammi	Compressa rivestita con film	G04BE03	TEVA B.V.	Autorizzata	Procedura Centralizzata	Medicinali soggetti a prescrizione medica
042088029	042088	SILDENAFIL TEVA	25 MG - COMPRESSA RIVESTITA CON FILM - USO ORALE - BLISTER (PVC/ALU)- 4 COMPRESSE	SILDENAFIL	SILDENAFIL	25	milligrammi	Compressa rivestita con film	G04BE03	TEVA B.V.	Autorizzata	Procedura Centralizzata	Medicinali soggetti a prescrizione medica
042088031	042088	SILDENAFIL TEVA	25 MG - COMPRESSA RIVESTITA CON FILM - USO ORALE - BLISTER (PVC/ALU)- 8 COMPRESSE	SILDENAFIL	SILDENAFIL	25	milligrammi	Compressa rivestita con film	G04BE03	TEVA B.V.	Autorizzata	Procedura Centralizzata	Medicinali soggetti a prescrizione medica
042088043	042088	SILDENAFIL TEVA	25 MG - COMPRESSA RIVESTITA CON FILM - USO ORALE - BLISTER (PVC/ALU)- 12 COMPRESSE	SILDENAFIL	SILDENAFIL	25	milligrammi	Compressa rivestita con film	G04BE03	TEVA B.V.	Autorizzata	Procedura Centralizzata	Medicinali soggetti a prescrizione medica
042088056	042088	SILDENAFIL TEVA	25 MG - COMPRESSA RIVESTITA CON FILM - USO ORALE - BLISTER (PVC/ALU)- 10 X 1 COMPRESSA	SILDENAFIL	SILDENAFIL	25	milligrammi	Compressa rivestita con film	G04BE03	TEVA B.V.	Autorizzata	Procedura Centralizzata	Medicinali soggetti a prescrizione medica
042088068	042088	SILDENAFIL TEVA	50 MG - COMPRESSA RIVESTITA CON FILM - USO ORALE - BLISTER (PVC/ALU)- 2 COMPRESSE	SILDENAFIL	SILDENAFIL	50	milligrammi	Compressa rivestita con film	G04BE03	TEVA B.V.	Autorizzata	Procedura Centralizzata	Medicinali soggetti a prescrizione medica
042088070	042088	SILDENAFIL TEVA	50 MG - COMPRESSA RIVESTITA CON FILM - USO ORALE - BLISTER (PVC/ALU)- 4 COMPRESSE	SILDENAFIL	SILDENAFIL	50	milligrammi	Compressa rivestita con film	G04BE03	TEVA B.V.	Autorizzata	Procedura Centralizzata	Medicinali soggetti a prescrizione medica
042088082	042088	SILDENAFIL TEVA	50 MG - COMPRESSA RIVESTITA CON FILM - USO ORALE - BLISTER (PVC/ALU)- 8 COMPRESSE	SILDENAFIL	SILDENAFIL	50	milligrammi	Compressa rivestita con film	G04BE03	TEVA B.V.	Autorizzata	Procedura Centralizzata	Medicinali soggetti a prescrizione medica
042088094	042088	SILDENAFIL TEVA	50 MG - COMPRESSA RIVESTITA CON FILM - USO ORALE - BLISTER (PVC/ALU)- 12 COMPRESSE	SILDENAFIL	SILDENAFIL	50	milligrammi	Compressa rivestita con film	G04BE03	TEVA B.V.	Autorizzata	Procedura Centralizzata	Medicinali soggetti a prescrizione medica
042088106	042088	SILDENAFIL TEVA	50 MG - COMPRESSA RIVESTITA CON FILM - USO ORALE - BLISTER (PVC/ALU)- 10 X 1 COMPRESSA	SILDENAFIL	SILDENAFIL	50	milligrammi	Compressa rivestita con film	G04BE03	TEVA B.V.	Autorizzata	Procedura Centralizzata	Medicinali soggetti a prescrizione medica
042088118	042088	SILDENAFIL TEVA	100 MG - COMPRESSA RIVESTITA CON FILM - USO ORALE - BLISTER (PVC/ALU)- 2 COMPRESSE	SILDENAFIL	SILDENAFIL	100	milligrammi	Compressa rivestita con film	G04BE03	TEVA B.V.	Autorizzata	Procedura Centralizzata	Medicinali soggetti a prescrizione medica
042088120	042088	SILDENAFIL TEVA	100 MG - COMPRESSA RIVESTITA CON FILM - USO ORALE - BLISTER (PVC/ALU)- 4 COMPRESSE	SILDENAFIL	SILDENAFIL	100	milligrammi	Compressa rivestita con film	G04BE03	TEVA B.V.	Autorizzata	Procedura Centralizzata	Medicinali soggetti a prescrizione medica
042088132	042088	SILDENAFIL TEVA	100 MG - COMPRESSA RIVESTITA CON FILM - USO ORALE - BLISTER (PVC/ALU)- 8 COMPRESSE	SILDENAFIL	SILDENAFIL	100	milligrammi	Compressa rivestita con film	G04BE03	TEVA B.V.	Autorizzata	Procedura Centralizzata	Medicinali soggetti a prescrizione medica
042088144	042088	SILDENAFIL TEVA	100 MG - COMPRESSA RIVESTITA CON FILM - USO ORALE - BLISTER (PVC/ALU)- 12 COMPRESSE	SILDENAFIL	SILDENAFIL	100	milligrammi	Compressa rivestita con film	G04BE03	TEVA B.V.	Autorizzata	Procedura Centralizzata	Medicinali soggetti a prescrizione medica
042088157	042088	SILDENAFIL TEVA	100 MG - COMPRESSA RIVESTITA CON FILM - USO ORALE - BLISTER (PVC/ALU)- 10 X 1 COMPRESSA	SILDENAFIL	SILDENAFIL	100	milligrammi	Compressa rivestita con film	G04BE03	TEVA B.V.	Autorizzata	Procedura Centralizzata	Medicinali soggetti a prescrizione medica
042088169	042088	SILDENAFIL TEVA	50 MG - COMPRESSA RIVESTITA CON FILM - USO ORALE - BLISTER (PVC/ALU) - 24 COMPRESSE	SILDENAFIL	SILDENAFIL	100	milligrammi	Compressa rivestita con film	G04BE03	TEVA B.V.	Autorizzata	Procedura Centralizzata	Medicinali soggetti a prescrizione medica
042088171	042088	SILDENAFIL TEVA	100 MG - COMPRESSA RIVESTITA CON FILM - USO ORALE - BLISTER (PVC/ALU) - 24 COMPRESSE	SILDENAFIL	SILDENAFIL	100	milligrammi	Compressa rivestita con film	G04BE03	TEVA B.V.	Autorizzata	Procedura Centralizzata	Medicinali soggetti a prescrizione medica
042092015	042092	SILDENAFIL RATIOPHARM	25 MG - COMPRESSA RIVESTITA CON FILM - USO ORALE - BLISTER (PVDC/PVC/ALU- 1 COMPRESSA	SILDENAFIL	SILDENAFIL	25	milligrammi	Compressa rivestita con film	G04BE03	RATIOPHARM GMBH	Autorizzata	Procedura Centralizzata	Medicinali soggetti a prescrizione medica
042092027	042092	SILDENAFIL RATIOPHARM	25 MG - COMPRESSA RIVESTITA CON FILM - USO ORALE - BLISTER (PVDC/PVC/ALU- 4 COMPRESSE	SILDENAFIL	SILDENAFIL	25	milligrammi	Compressa rivestita con film	G04BE03	RATIOPHARM GMBH	Autorizzata	Procedura Centralizzata	Medicinali soggetti a prescrizione medica
042092039	042092	SILDENAFIL RATIOPHARM	25 MG - COMPRESSA RIVESTITA CON FILM - USO ORALE - BLISTER (PVDC/PVC/ALU- 8 COMPRESSE	SILDENAFIL	SILDENAFIL	25	milligrammi	Compressa rivestita con film	G04BE03	RATIOPHARM GMBH	Autorizzata	Procedura Centralizzata	Medicinali soggetti a prescrizione medica
042092041	042092	SILDENAFIL RATIOPHARM	25 MG - COMPRESSA RIVESTITA CON FILM - USO ORALE - BLISTER (PVDC/PVC/ALU- 12 COMPRESSE	SILDENAFIL	SILDENAFIL	25	milligrammi	Compressa rivestita con film	G04BE03	RATIOPHARM GMBH	Autorizzata	Procedura Centralizzata	Medicinali soggetti a prescrizione medica
042092054	042092	SILDENAFIL RATIOPHARM	50 MG - COMPRESSA RIVESTITA CON FILM - USO ORALE - BLISTER (PVDC/PVC/ALU- 1 COMPRESSA	SILDENAFIL	SILDENAFIL	50	milligrammi	Compressa rivestita con film	G04BE03	RATIOPHARM GMBH	Autorizzata	Procedura Centralizzata	Medicinali soggetti a prescrizione medica
042092066	042092	SILDENAFIL RATIOPHARM	50 MG - COMPRESSA RIVESTITA CON FILM - USO ORALE - BLISTER (PVDC/PVC/ALU- 4 COMPRESSE	SILDENAFIL	SILDENAFIL	50	milligrammi	Compressa rivestita con film	G04BE03	RATIOPHARM GMBH	Autorizzata	Procedura Centralizzata	Medicinali soggetti a prescrizione medica
042092078	042092	SILDENAFIL RATIOPHARM	50 MG - COMPRESSA RIVESTITA CON FILM - USO ORALE - BLISTER (PVDC/PVC/ALU- 8 COMPRESSE	SILDENAFIL	SILDENAFIL	50	milligrammi	Compressa rivestita con film	G04BE03	RATIOPHARM GMBH	Autorizzata	Procedura Centralizzata	Medicinali soggetti a prescrizione medica
042092080	042092	SILDENAFIL RATIOPHARM	50 MG - COMPRESSA RIVESTITA CON FILM - USO ORALE - BLISTER (PVDC/PVC/ALU- 12 COMPRESSE	SILDENAFIL	SILDENAFIL	50	milligrammi	Compressa rivestita con film	G04BE03	RATIOPHARM GMBH	Autorizzata	Procedura Centralizzata	Medicinali soggetti a prescrizione medica
042092092	042092	SILDENAFIL RATIOPHARM	100 MG - COMPRESSA RIVESTITA CON FILM - USO ORALE - BLISTER (PVDC/PVC/ALU- 1 COMPRESSA	SILDENAFIL	SILDENAFIL	100	milligrammi	Compressa rivestita con film	G04BE03	RATIOPHARM GMBH	Autorizzata	Procedura Centralizzata	Medicinali soggetti a prescrizione medica
042092104	042092	SILDENAFIL RATIOPHARM	100 MG - COMPRESSA RIVESTITA CON FILM - USO ORALE - BLISTER (PVDC/PVC/ALU- 4 COMPRESSE	SILDENAFIL	SILDENAFIL	25	milligrammi	Compressa rivestita con film	G04BE03	RATIOPHARM GMBH	Autorizzata	Procedura Centralizzata	Medicinali soggetti a prescrizione medica
042092116	042092	SILDENAFIL RATIOPHARM	100 MG - COMPRESSA RIVESTITA CON FILM - USO ORALE - BLISTER (PVDC/PVC/ALU- 8 COMPRESSE	SILDENAFIL	SILDENAFIL	25	milligrammi	Compressa rivestita con film	G04BE03	RATIOPHARM GMBH	Autorizzata	Procedura Centralizzata	Medicinali soggetti a prescrizione medica
042092128	042092	SILDENAFIL RATIOPHARM	100 MG - COMPRESSA RIVESTITA CON FILM - USO ORALE - BLISTER (PVDC/PVC/ALU- 12 COMPRESSE	SILDENAFIL	SILDENAFIL	25	milligrammi	Compressa rivestita con film	G04BE03	RATIOPHARM GMBH	Autorizzata	Procedura Centralizzata	Medicinali soggetti a prescrizione medica
042092130	042092	SILDENAFIL RATIOPHARM	25 MG - COMPRESSA RIVESTITA CON FILM - USO ORALE - BLISTER (PVDC/PVC/ALU- 2 COMPRESSE	SILDENAFIL	SILDENAFIL	25	milligrammi	Compressa rivestita con film	G04BE03	RATIOPHARM GMBH	Autorizzata	Procedura Centralizzata	Medicinali soggetti a prescrizione medica
042092142	042092	SILDENAFIL RATIOPHARM	50 MG - COMPRESSA RIVESTITA CON FILM - USO ORALE - BLISTER (PVDC/PVC/ALU- 2 COMPRESSE	SILDENAFIL	SILDENAFIL	50	milligrammi	Compressa rivestita con film	G04BE03	RATIOPHARM GMBH	Autorizzata	Procedura Centralizzata	Medicinali soggetti a prescrizione medica
042092155	042092	SILDENAFIL RATIOPHARM	100 MG - COMPRESSA RIVESTITA CON FILM - USO ORALE - BLISTER (PVDC/PVC/ALU- 2 COMPRESSE	SILDENAFIL	SILDENAFIL	25	milligrammi	Compressa rivestita con film	G04BE03	RATIOPHARM GMBH	Autorizzata	Procedura Centralizzata	Medicinali soggetti a prescrizione medica
042092167	042092	SILDENAFIL RATIOPHARM	100 MG - COMPRESSA RIVESTITA CON FILM - USO ORALE - BLISTER (PVDC/PVC/ALU) - 24 COMPRESSE	SILDENAFIL	SILDENAFIL	100	milligrammi	Compressa rivestita con film	G04BE03	RATIOPHARM GMBH	Autorizzata	Procedura Centralizzata	Medicinali soggetti a prescrizione medica
042092179	042092	SILDENAFIL RATIOPHARM	50 MG - COMPRESSA RIVESTITA CON FILM - USO ORALE - BLISTER (PVDC/PVC/ALU) - 24 COMPRESSE	SILDENAFIL	SILDENAFIL	50	milligrammi	Compressa rivestita con film	G04BE03	RATIOPHARM GMBH	Autorizzata	Procedura Centralizzata	Medicinali soggetti a prescrizione medica
042092181	042092	SILDENAFIL RATIOPHARM	100 MG - COMPRESSA RIVESTITA CON FILM - USO ORALE - BLISTER (PVDC/PVC/ALU) - 48 COMPRESSE	SILDENAFIL	SILDENAFIL	100	milligrammi	Compressa rivestita con film	G04BE03	RATIOPHARM GMBH	Autorizzata	Procedura Centralizzata	Medicinali soggetti a prescrizione medica
042217012	042217	PRELUD	25 MG COMPRESSA RIVESTITA CON FILM- 2 COMPRESSE IN BLISTER PVC/AL	SILDENAFIL	SILDENAFIL	25	milligrammi	Compressa rivestita con film	G04BE03	A.G.I.P.S. FARMACEUTICI SRL	Autorizzata	Procedura Nazionale	Medicinali soggetti a prescrizione medica
042217024	042217	PRELUD	25 MG COMPRESSA RIVESTITA CON FILM- 4 COMPRESSE IN BLISTER PVC/AL	SILDENAFIL	SILDENAFIL	25	milligrammi	Compressa rivestita con film	G04BE03	A.G.I.P.S. FARMACEUTICI SRL	Autorizzata	Procedura Nazionale	Medicinali soggetti a prescrizione medica
042217036	042217	PRELUD	50 MG COMPRESSA RIVESTITA CON FILM- 2 COMPRESSE IN BLISTER PVC/AL	SILDENAFIL	SILDENAFIL	50	milligrammi	Compressa rivestita con film	G04BE03	A.G.I.P.S. FARMACEUTICI SRL	Autorizzata	Procedura Nazionale	Medicinali soggetti a prescrizione medica
042217048	042217	PRELUD	50 MG COMPRESSA RIVESTITA CON FILM- 4 COMPRESSE IN BLISTER PVC/AL	SILDENAFIL	SILDENAFIL	50	milligrammi	Compressa rivestita con film	G04BE03	A.G.I.P.S. FARMACEUTICI SRL	Autorizzata	Procedura Nazionale	Medicinali soggetti a prescrizione medica
042217051	042217	PRELUD	50 MG COMPRESSA RIVESTITA CON FILM- 8 COMPRESSE IN BLISTER PVC/AL	SILDENAFIL	SILDENAFIL	50	milligrammi	Compressa rivestita con film	G04BE03	A.G.I.P.S. FARMACEUTICI SRL	Autorizzata	Procedura Nazionale	Medicinali soggetti a prescrizione medica
042217063	042217	PRELUD	100 MG COMPRESSA RIVESTITA CON FILM- 4 COMPRESSE IN BLISTER PVC/AL	SILDENAFIL	SILDENAFIL	100	milligrammi	Compressa rivestita con film	G04BE03	A.G.I.P.S. FARMACEUTICI SRL	Autorizzata	Procedura Nazionale	Medicinali soggetti a prescrizione medica
042217075	042217	PRELUD	100 MG COMPRESSA RIVESTITA CON FILM- 8 COMPRESSE IN BLISTER PVC/AL	SILDENAFIL	SILDENAFIL	100	milligrammi	Compressa rivestita con film	G04BE03	A.G.I.P.S. FARMACEUTICI SRL	Autorizzata	Procedura Nazionale	Medicinali soggetti a prescrizione medica
042288011	042288	VIZARSIN	25 MG - COMPRESSA RIVESTITA CON FILM - USO ORALE - BLISTER (PVC/AL)- 1 COMPRESSA	SILDENAFIL	SILDENAFIL	25	milligrammi	Compressa rivestita con film	G04BE03	KRKA D.D. NOVO MESTO	Autorizzata	Procedura Centralizzata	Medicinali soggetti a prescrizione medica
042288023	042288	VIZARSIN	25 MG - COMPRESSA RIVESTITA CON FILM - USO ORALE - BLISTER (PVC/AL)- 4X1 COMPRESSA	SILDENAFIL	SILDENAFIL	25	milligrammi	Compressa rivestita con film	G04BE03	KRKA D.D. NOVO MESTO	Autorizzata	Procedura Centralizzata	Medicinali soggetti a prescrizione medica
042288035	042288	VIZARSIN	25 MG - COMPRESSA RIVESTITA CON FILM - USO ORALE - BLISTER (PVC/AL)- 8X1 COMPRESSA	SILDENAFIL	SILDENAFIL	25	milligrammi	Compressa rivestita con film	G04BE03	KRKA D.D. NOVO MESTO	Autorizzata	Procedura Centralizzata	Medicinali soggetti a prescrizione medica
042288047	042288	VIZARSIN	25 MG - COMPRESSA RIVESTITA CON FILM - USO ORALE - BLISTER (PVC/AL)- 12X1 COMPRESSA	SILDENAFIL	SILDENAFIL	25	milligrammi	Compressa rivestita con film	G04BE03	KRKA D.D. NOVO MESTO	Autorizzata	Procedura Centralizzata	Medicinali soggetti a prescrizione medica
042288050	042288	VIZARSIN	50 MG - COMPRESSA RIVESTITA CON FILM - USO ORALE - BLISTER (PVC/AL)- 1 COMPRESSA	SILDENAFIL	SILDENAFIL	50	milligrammi	Compressa rivestita con film	G04BE03	KRKA D.D. NOVO MESTO	Autorizzata	Procedura Centralizzata	Medicinali soggetti a prescrizione medica
042288062	042288	VIZARSIN	50 MG - COMPRESSA RIVESTITA CON FILM - USO ORALE - BLISTER (PVC/AL)- 4X1 COMPRESSA	SILDENAFIL	SILDENAFIL	50	milligrammi	Compressa rivestita con film	G04BE03	KRKA D.D. NOVO MESTO	Autorizzata	Procedura Centralizzata	Medicinali soggetti a prescrizione medica
042288074	042288	VIZARSIN	50 MG - COMPRESSA RIVESTITA CON FILM - USO ORALE - BLISTER (PVC/AL)- 8X1 COMPRESSA	SILDENAFIL	SILDENAFIL	50	milligrammi	Compressa rivestita con film	G04BE03	KRKA D.D. NOVO MESTO	Autorizzata	Procedura Centralizzata	Medicinali soggetti a prescrizione medica
042288086	042288	VIZARSIN	50 MG - COMPRESSA RIVESTITA CON FILM - USO ORALE - BLISTER (PVC/AL)- 12X1 COMPRESSA	SILDENAFIL	SILDENAFIL	50	milligrammi	Compressa rivestita con film	G04BE03	KRKA D.D. NOVO MESTO	Autorizzata	Procedura Centralizzata	Medicinali soggetti a prescrizione medica
042288098	042288	VIZARSIN	100 MG - COMPRESSA RIVESTITA CON FILM - USO ORALE - BLISTER (PVC/AL)- 1 COMPRESSA	SILDENAFIL	SILDENAFIL	100	milligrammi	Compressa rivestita con film	G04BE03	KRKA D.D. NOVO MESTO	Autorizzata	Procedura Centralizzata	Medicinali soggetti a prescrizione medica
042288100	042288	VIZARSIN	100 MG - COMPRESSA RIVESTITA CON FILM - USO ORALE - BLISTER (PVC/AL)- 4X1 COMPRESSA	SILDENAFIL	SILDENAFIL	100	milligrammi	Compressa rivestita con film	G04BE03	KRKA D.D. NOVO MESTO	Autorizzata	Procedura Centralizzata	Medicinali soggetti a prescrizione medica
042288112	042288	VIZARSIN	100 MG - COMPRESSA RIVESTITA CON FILM - USO ORALE - BLISTER (PVC/AL)- 8X1 COMPRESSA	SILDENAFIL	SILDENAFIL	100	milligrammi	Compressa rivestita con film	G04BE03	KRKA D.D. NOVO MESTO	Autorizzata	Procedura Centralizzata	Medicinali soggetti a prescrizione medica
042288124	042288	VIZARSIN	100 MG - COMPRESSA RIVESTITA CON FILM - USO ORALE - BLISTER (PVC/AL)- 12X1 COMPRESSA	SILDENAFIL	SILDENAFIL	100	milligrammi	Compressa rivestita con film	G04BE03	KRKA D.D. NOVO MESTO	Autorizzata	Procedura Centralizzata	Medicinali soggetti a prescrizione medica
042288136	042288	VIZARSIN	25 MG - COMPRESSA OROSOLUBILE - USO ORALE - BLISTER (OPA/AL/PVC//PET/AL)- 1 COMPRESSA	SILDENAFIL	SILDENAFIL	25	milligrammi	Compressa rivestita con film	G04BE03	KRKA D.D. NOVO MESTO	Autorizzata	Procedura Centralizzata	Medicinali soggetti a prescrizione medica
042288148	042288	VIZARSIN	25 MG - COMPRESSA OROSOLUBILE - USO ORALE - BLISTER (OPA/AL/PVC//PET/AL)- 2X1 COMPRESSA	SILDENAFIL	SILDENAFIL	25	milligrammi	Compressa rivestita con film	G04BE03	KRKA D.D. NOVO MESTO	Autorizzata	Procedura Centralizzata	Medicinali soggetti a prescrizione medica
042288151	042288	VIZARSIN	25 MG - COMPRESSA OROSOLUBILE - USO ORALE - BLISTER (OPA/AL/PVC//PET/AL)- 4X1 COMPRESSA	SILDENAFIL	SILDENAFIL	25	milligrammi	Compressa rivestita con film	G04BE03	KRKA D.D. NOVO MESTO	Autorizzata	Procedura Centralizzata	Medicinali soggetti a prescrizione medica
042288163	042288	VIZARSIN	25 MG - COMPRESSA OROSOLUBILE - USO ORALE - BLISTER (OPA/AL/PVC//PET/AL)- 8X1 COMPRESSA	SILDENAFIL	SILDENAFIL	25	milligrammi	Compressa rivestita con film	G04BE03	KRKA D.D. NOVO MESTO	Autorizzata	Procedura Centralizzata	Medicinali soggetti a prescrizione medica
042288175	042288	VIZARSIN	25 MG - COMPRESSA OROSOLUBILE - USO ORALE - BLISTER (OPA/AL/PVC//PET/AL)- 12X1 COMPRESSA	SILDENAFIL	SILDENAFIL	25	milligrammi	Compressa rivestita con film	G04BE03	KRKA D.D. NOVO MESTO	Autorizzata	Procedura Centralizzata	Medicinali soggetti a prescrizione medica
042288187	042288	VIZARSIN	50 MG - COMPRESSA OROSOLUBILE - USO ORALE - BLISTER (OPA/AL/PVC//PET/AL)- 1 COMPRESSA	SILDENAFIL	SILDENAFIL	50	milligrammi	Compressa rivestita con film	G04BE03	KRKA D.D. NOVO MESTO	Autorizzata	Procedura Centralizzata	Medicinali soggetti a prescrizione medica
042288199	042288	VIZARSIN	50 MG - COMPRESSA OROSOLUBILE - USO ORALE - BLISTER (OPA/ALU/PVC//PET/ALU)- 2X1 COMPRESSA	SILDENAFIL	SILDENAFIL	50	milligrammi	Compressa rivestita con film	G04BE03	KRKA D.D. NOVO MESTO	Autorizzata	Procedura Centralizzata	Medicinali soggetti a prescrizione medica
042288201	042288	VIZARSIN	50 MG - COMPRESSA OROSOLUBILE - USO ORALE - BLISTER (OPA/AL/PVC//PET/AL)- 4X1 COMPRESSA	SILDENAFIL	SILDENAFIL	50	milligrammi	Compressa rivestita con film	G04BE03	KRKA D.D. NOVO MESTO	Autorizzata	Procedura Centralizzata	Medicinali soggetti a prescrizione medica
042288213	042288	VIZARSIN	50 MG - COMPRESSA OROSOLUBILE - USO ORALE - BLISTER (OPA/AL/PVC//PET/AL)- 8X1 COMPRESSA	SILDENAFIL	SILDENAFIL	50	milligrammi	Compressa rivestita con film	G04BE03	KRKA D.D. NOVO MESTO	Autorizzata	Procedura Centralizzata	Medicinali soggetti a prescrizione medica
042288225	042288	VIZARSIN	50 MG - COMPRESSA OROSOLUBILE - USO ORALE - BLISTER (OPA/AL/PVC//PET/AL)- 12X1 COMPRESSA	SILDENAFIL	SILDENAFIL	50	milligrammi	Compressa rivestita con film	G04BE03	KRKA D.D. NOVO MESTO	Autorizzata	Procedura Centralizzata	Medicinali soggetti a prescrizione medica
042288237	042288	VIZARSIN	100 MG - COMPRESSA OROSOLUBILE - USO ORALE - BLISTER (OPA/ALU/PVC//PET/ALU)- 1 COMPRESSA	SILDENAFIL	SILDENAFIL	100	milligrammi	Compressa rivestita con film	G04BE03	KRKA D.D. NOVO MESTO	Autorizzata	Procedura Centralizzata	Medicinali soggetti a prescrizione medica
042288249	042288	VIZARSIN	100 MG - COMPRESSA OROSOLUBILE - USO ORALE - BLISTER (OPA/AL/PVC//PET/AL)- 2X1 COMPRESSA	SILDENAFIL	SILDENAFIL	100	milligrammi	Compressa rivestita con film	G04BE03	KRKA D.D. NOVO MESTO	Autorizzata	Procedura Centralizzata	Medicinali soggetti a prescrizione medica
042288252	042288	VIZARSIN	100 MG - COMPRESSA OROSOLUBILE - USO ORALE - BLISTER (OPA/AL/PVC//PET/AL)- 4X1 COMPRESSA	SILDENAFIL	SILDENAFIL	100	milligrammi	Compressa rivestita con film	G04BE03	KRKA D.D. NOVO MESTO	Autorizzata	Procedura Centralizzata	Medicinali soggetti a prescrizione medica
042288264	042288	VIZARSIN	100 MG - COMPRESSA OROSOLUBILE - USO ORALE - BLISTER (OPA/AL/PVC//PET/AL)- 8X1 COMPRESSA	SILDENAFIL	SILDENAFIL	100	milligrammi	Compressa rivestita con film	G04BE03	KRKA D.D. NOVO MESTO	Autorizzata	Procedura Centralizzata	Medicinali soggetti a prescrizione medica
042288276	042288	VIZARSIN	100 MG - COMPRESSA OROSOLUBILE - USO ORALE - BLISTER (OPA/AL/PVC//PET/AL)- 12X1 COMPRESSA	SILDENAFIL	SILDENAFIL	100	milligrammi	Compressa rivestita con film	G04BE03	KRKA D.D. NOVO MESTO	Autorizzata	Procedura Centralizzata	Medicinali soggetti a prescrizione medica
042288288	042288	VIZARSIN	50 MG - COMPRESSA OROSOLUBILE - USO ORALE - BLISTER (OPA/AL/PVC/PET/AL) - 24 X 1 COMPRESSE (MONODOSE)	SILDENAFIL	SILDENAFIL	50	milligrammi	Compressa orosolubile	G04BE03	KRKA D.D. NOVO MESTO	Autorizzata	Procedura Centralizzata	Medicinali soggetti a prescrizione medica
042288290	042288	VIZARSIN	100 MG - COMPRESSA OROSOLUBILE - USO ORALE - BLISTER (OPA/AL/PVC/PET/AL) - 24 X 1 COMPRESSE (MONODOSE)	SILDENAFIL	SILDENAFIL	100	milligrammi	Compressa orosolubile	G04BE03	KRKA D.D. NOVO MESTO	Autorizzata	Procedura Centralizzata	Medicinali soggetti a prescrizione medica
042740011	042740	SILDENAFIL DOC	25 MG COMPRESSE RIVESTITE CON FILM- 4 COMPRESSE	SILDENAFIL	SILDENAFIL	25	milligrammi	Compressa rivestita con film	G04BE03	DOC GENERICI SRL	Autorizzata	Procedura Nazionale	Medicinali soggetti a prescrizione medica
042740023	042740	SILDENAFIL DOC	25 MG COMPRESSE RIVESTITE CON FILM- 8 COMPRESSE	SILDENAFIL	SILDENAFIL	25	milligrammi	Compressa rivestita con film	G04BE03	DOC GENERICI SRL	Autorizzata	Procedura Nazionale	Medicinali soggetti a prescrizione medica
042740035	042740	SILDENAFIL DOC	50 MG COMPRESSE RIVESTITE CON FILM- 4 COMPRESSE	SILDENAFIL	SILDENAFIL	50	milligrammi	Compressa rivestita con film	G04BE03	DOC GENERICI SRL	Autorizzata	Procedura Nazionale	Medicinali soggetti a prescrizione medica
042740047	042740	SILDENAFIL DOC	50 MG COMPRESSE RIVESTITE CON FILM- 8 COMPRESSE	SILDENAFIL	SILDENAFIL	50	milligrammi	Compressa rivestita con film	G04BE03	DOC GENERICI SRL	Autorizzata	Procedura Nazionale	Medicinali soggetti a prescrizione medica
042740050	042740	SILDENAFIL DOC	100 MG COMPRESSE RIVESTITE CON FILM- 4 COMPRESSE	SILDENAFIL	SILDENAFIL	100	milligrammi	Compressa rivestita con film	G04BE03	DOC GENERICI SRL	Autorizzata	Procedura Nazionale	Medicinali soggetti a prescrizione medica
042740062	042740	SILDENAFIL DOC	100 MG COMPRESSE RIVESTITE CON FILM- 8 COMPRESSE	SILDENAFIL	SILDENAFIL	100	milligrammi	Compressa rivestita con film	G04BE03	DOC GENERICI SRL	Autorizzata	Procedura Nazionale	Medicinali soggetti a prescrizione medica
043765015	043765	VIAGRA	4 COMPRESSE FILM RIVESTITE 100 MG IN BLISTER	SILDENAFIL	SILDENAFIL	100	milligrammi	Compressa rivestita con film	G04BE03	PRICETAG SPA	Autorizzata	Importazione Parallela	Medicinali soggetti a prescrizione medica
044162030	044162	ZAKFIL	50 MG COMPRESSA RIVESTITA CON FILM- 4 COMPRESSE IN BLISTER PVC/PVDC/AL	SILDENAFIL	SILDENAFIL	50	milligrammi	Compressa rivestita con film	G04BE03	DYMALIFE PHARMACEUTICAL S.R.L.	Autorizzata	Procedura Nazionale	Medicinali soggetti a prescrizione medica
044162042	044162	ZAKFIL	50 MG COMPRESSA RIVESTITA CON FILM- 8 COMPRESSE IN BLISTER PVC/PVDC/AL	SILDENAFIL	SILDENAFIL	50	milligrammi	Compressa rivestita con film	G04BE03	DYMALIFE PHARMACEUTICAL S.R.L.	Autorizzata	Procedura Nazionale	Medicinali soggetti a prescrizione medica
044162055	044162	ZAKFIL	100 MG COMPRESSA RIVESTITA CON FILM- 4 COMPRESSE IN BLISTER PVC/PVDC/AL	SILDENAFIL	SILDENAFIL	100	milligrammi	Compressa rivestita con film	G04BE03	DYMALIFE PHARMACEUTICAL S.R.L.	Autorizzata	Procedura Nazionale	Medicinali soggetti a prescrizione medica
044162067	044162	ZAKFIL	100 MG COMPRESSA RIVESTITA CON FILM- 8 COMPRESSE IN BLISTER PVC/PVDC/AL	SILDENAFIL	SILDENAFIL	100	milligrammi	Compressa rivestita con film	G04BE03	DYMALIFE PHARMACEUTICAL S.R.L.	Autorizzata	Procedura Nazionale	Medicinali soggetti a prescrizione medica
044358012	044358	SILER	25 MG FILM ORODISPERSIBILE - 2 FILM ORODISPERSIBILI IN BUSTINA AL/PET	SILDENAFIL	SILDENAFIL	25	milligrammi	Compressa orodispersibile	G04BE03	ALFASIGMA S.P.A.	Autorizzata	Procedura Mutuo riconoscimento o Decentrata	Medicinali soggetti a prescrizione medica
044358024	044358	SILER	25 MG FILM ORODISPERSIBILE - 4 FILM ORODISPERSIBILI IN BUSTINA AL/PET	SILDENAFIL	SILDENAFIL	25	milligrammi	Compressa orodispersibile	G04BE03	ALFASIGMA S.P.A.	Autorizzata	Procedura Mutuo riconoscimento o Decentrata	Medicinali soggetti a prescrizione medica
044358036	044358	SILER	25 MG FILM ORODISPERSIBILE - 8 FILM ORODISPERSIBILI IN BUSTINA AL/PET	SILDENAFIL	SILDENAFIL	25	milligrammi	Compressa orodispersibile	G04BE03	ALFASIGMA S.P.A.	Autorizzata	Procedura Mutuo riconoscimento o Decentrata	Medicinali soggetti a prescrizione medica
044358048	044358	SILER	25 MG FILM ORODISPERSIBILE - 12 FILM ORODISPERSIBILI IN BUSTINA AL/PET	SILDENAFIL	SILDENAFIL	25	milligrammi	Compressa orodispersibile	G04BE03	ALFASIGMA S.P.A.	Autorizzata	Procedura Mutuo riconoscimento o Decentrata	Medicinali soggetti a prescrizione medica
044358051	044358	SILER	50 MG FILM ORODISPERSIBILE - 2 FILM ORODISPERSIBILI IN BUSTINA AL/PET	SILDENAFIL	SILDENAFIL	50	milligrammi	Compressa orodispersibile	G04BE03	ALFASIGMA S.P.A.	Autorizzata	Procedura Mutuo riconoscimento o Decentrata	Medicinali soggetti a prescrizione medica
044358063	044358	SILER	50 MG FILM ORODISPERSIBILE - 4 FILM ORODISPERSIBILI IN BUSTINA AL/PET	SILDENAFIL	SILDENAFIL	50	milligrammi	Compressa orodispersibile	G04BE03	ALFASIGMA S.P.A.	Autorizzata	Procedura Mutuo riconoscimento o Decentrata	Medicinali soggetti a prescrizione medica
044358075	044358	SILER	50 MG FILM ORODISPERSIBILE - 8 FILM ORODISPERSIBILI IN BUSTINA AL/PET	SILDENAFIL	SILDENAFIL	50	milligrammi	Compressa orodispersibile	G04BE03	ALFASIGMA S.P.A.	Autorizzata	Procedura Mutuo riconoscimento o Decentrata	Medicinali soggetti a prescrizione medica
044358087	044358	SILER	50 MG FILM ORODISPERSIBILE - 12 FILM ORODISPERSIBILI IN BUSTINA AL/PET	SILDENAFIL	SILDENAFIL	50	milligrammi	Compressa orodispersibile	G04BE03	ALFASIGMA S.P.A.	Autorizzata	Procedura Mutuo riconoscimento o Decentrata	Medicinali soggetti a prescrizione medica
044358099	044358	SILER	75 MG FILM ORODISPERSIBILE - 2 FILM ORODISPERSIBILI IN BUSTINA AL/PET	SILDENAFIL	SILDENAFIL	75	milligrammi	Compressa orodispersibile	G04BE03	ALFASIGMA S.P.A.	Autorizzata	Procedura Mutuo riconoscimento o Decentrata	Medicinali soggetti a prescrizione medica
044358101	044358	SILER	75 MG FILM ORODISPERSIBILE - 4 FILM ORODISPERSIBILI IN BUSTINA AL/PET	SILDENAFIL	SILDENAFIL	75	milligrammi	Compressa orodispersibile	G04BE03	ALFASIGMA S.P.A.	Autorizzata	Procedura Mutuo riconoscimento o Decentrata	Medicinali soggetti a prescrizione medica
044358113	044358	SILER	75 MG FILM ORODISPERSIBILE - 8 FILM ORODISPERSIBILI IN BUSTINA AL/PET	SILDENAFIL	SILDENAFIL	75	milligrammi	Compressa orodispersibile	G04BE03	ALFASIGMA S.P.A.	Autorizzata	Procedura Mutuo riconoscimento o Decentrata	Medicinali soggetti a prescrizione medica
044358125	044358	SILER	75 MG FILM ORODISPERSIBILE - 12 FILM  ORODISPERSIBILI IN BUSTINA AL/PET	SILDENAFIL	SILDENAFIL	75	milligrammi	Compressa orodispersibile	G04BE03	ALFASIGMA S.P.A.	Autorizzata	Procedura Mutuo riconoscimento o Decentrata	Medicinali soggetti a prescrizione medica
044358137	044358	SILER	100 MG FILM ORODISPERSIBILE - 2 FILM ORODISPERSIBILI IN BUSTINA AL/PET	SILDENAFIL	SILDENAFIL	100	milligrammi	Compressa orodispersibile	G04BE03	ALFASIGMA S.P.A.	Autorizzata	Procedura Mutuo riconoscimento o Decentrata	Medicinali soggetti a prescrizione medica
044358149	044358	SILER	100 MG FILM ORODISPERSIBILE - 4 FILM  ORODISPERSIBILI IN BUSTINA AL/PET	SILDENAFIL	SILDENAFIL	100	milligrammi	Compressa orodispersibile	G04BE03	ALFASIGMA S.P.A.	Autorizzata	Procedura Mutuo riconoscimento o Decentrata	Medicinali soggetti a prescrizione medica
044358152	044358	SILER	100 MG FILM ORODISPERSIBILE - 8 FILM ORODISPERSIBILI IN BUSTINA AL/PET	SILDENAFIL	SILDENAFIL	100	milligrammi	Compressa orodispersibile	G04BE03	ALFASIGMA S.P.A.	Autorizzata	Procedura Mutuo riconoscimento o Decentrata	Medicinali soggetti a prescrizione medica
044358164	044358	SILER	100 MG FILM ORODISPERSIBILE - 12 FILM ORODISPERSIBILI IN BUSTINA AL/PET	SILDENAFIL	SILDENAFIL	100	milligrammi	Compressa orodispersibile	G04BE03	ALFASIGMA S.P.A.	Autorizzata	Procedura Mutuo riconoscimento o Decentrata	Medicinali soggetti a prescrizione medica
044548016	044548	VIAGRA	4 COMPRESSE FILM RIVESTITE 100 MG IN BLISTER	SILDENAFIL	SILDENAFIL	100	milligrammi	Compressa rivestita con film	G04BE03	DIFARMED SOCIEDAD LIMITADA UNIPERSONAL	Autorizzata	Importazione Parallela	Medicinali soggetti a prescrizione medica
044675015	044675	BALCOGA	20 MG COMPRESSE RIVESTITE CON FILM- 30 COMPRESSE IN BLISTER PVC/ACLAR/AL	SILDENAFIL	SILDENAFIL			Compressa rivestita con film	G04BE03	SANDOZ GMBH	Autorizzata	Procedura Mutuo riconoscimento o Decentrata	Medicinali soggetti a prescrizione medica limitativa, vendibili al pubblico su prescrizione di centri ospedalieri o di specialisti
044675027	044675	BALCOGA	20 MG COMPRESSE RIVESTITE CON FILM- 90 COMPRESSE IN BLISTER PVC/ACLAR/AL	SILDENAFIL	SILDENAFIL			Compressa rivestita con film	G04BE03	SANDOZ GMBH	Autorizzata	Procedura Mutuo riconoscimento o Decentrata	Medicinali soggetti a prescrizione medica limitativa, vendibili al pubblico su prescrizione di centri ospedalieri o di specialisti
044675039	044675	BALCOGA	20 MG COMPRESSE RIVESTITE CON FILM- 100 COMPRESSE IN BLISTER PVC/ACLAR/AL	SILDENAFIL	SILDENAFIL			Compressa rivestita con film	G04BE03	SANDOZ GMBH	Autorizzata	Procedura Mutuo riconoscimento o Decentrata	Medicinali soggetti a prescrizione medica limitativa, vendibili al pubblico su prescrizione di centri ospedalieri o di specialisti
044675041	044675	BALCOGA	20 MG COMPRESSE RIVESTITE CON FILM- 300 COMPRESSE IN BLISTER PVC/ACLAR/AL	SILDENAFIL	SILDENAFIL			Compressa rivestita con film	G04BE03	SANDOZ GMBH	Autorizzata	Procedura Mutuo riconoscimento o Decentrata	Medicinali soggetti a prescrizione medica limitativa, vendibili al pubblico su prescrizione di centri ospedalieri o di specialisti
044675054	044675	BALCOGA	20 MG COMPRESSE RIVESTITE CON FILM- 150 COMPRESSE IN BLISTER PVC/ACLAR/AL	SILDENAFIL	SILDENAFIL			Compressa rivestita con film	G04BE03	SANDOZ GMBH	Autorizzata	Procedura Mutuo riconoscimento o Decentrata	Medicinali soggetti a prescrizione medica limitativa, vendibili al pubblico su prescrizione di centri ospedalieri o di specialisti
044675066	044675	BALCOGA	20 MG COMPRESSE RIVESTITE CON FILM- 300 COMPRESSE (2X150 CONFEZIONE MULTIPLA) IN BLISTER PVC/ACLAR/AL	SILDENAFIL	SILDENAFIL			Compressa rivestita con film	G04BE03	SANDOZ GMBH	Autorizzata	Procedura Mutuo riconoscimento o Decentrata	Medicinali soggetti a prescrizione medica limitativa, vendibili al pubblico su prescrizione di centri ospedalieri o di specialisti
044675078	044675	BALCOGA	20 MG COMPRESSE RIVESTITE CON FILM- 300 COMPRESSE (3X100 CONFEZIONE MULTIPLA) IN BLISTER PVC/ACLAR/AL	SILDENAFIL	SILDENAFIL			Compressa rivestita con film	G04BE03	SANDOZ GMBH	Autorizzata	Procedura Mutuo riconoscimento o Decentrata	Medicinali soggetti a prescrizione medica limitativa, vendibili al pubblico su prescrizione di centri ospedalieri o di specialisti
044679013	044679	SILDENAFIL ALTER	25 MG COMPRESSE MASTICABILI- 4 COMPRESSE IN BLISTER PVC/PCTFE/AL	SILDENAFIL	SILDENAFIL	25	milligrammi	Compressa masticabile	G04BE03	LABORATORI ALTER S.R.L.	Autorizzata	Procedura Mutuo riconoscimento o Decentrata	Medicinali soggetti a prescrizione medica
044679025	044679	SILDENAFIL ALTER	50 MG COMPRESSE MASTICABILI- 4 COMPRESSE IN BLISTER PVC/PCTFE/AL	SILDENAFIL	SILDENAFIL	50	milligrammi	Compressa masticabile	G04BE03	LABORATORI ALTER S.R.L.	Autorizzata	Procedura Mutuo riconoscimento o Decentrata	Medicinali soggetti a prescrizione medica
044679037	044679	SILDENAFIL ALTER	100 MG COMPRESSE MASTICABILI- 4 COMPRESSE IN BLISTER PVC/PCTFE/AL	SILDENAFIL	SILDENAFIL	100	milligrammi	Compressa masticabile	G04BE03	LABORATORI ALTER S.R.L.	Autorizzata	Procedura Mutuo riconoscimento o Decentrata	Medicinali soggetti a prescrizione medica
044679049	044679	SILDENAFIL ALTER	50 MG COMPRESSE MASTICABILI- 8 COMPRESSE IN BLISTER PVC/PCTFE-AL	SILDENAFIL	SILDENAFIL	50	milligrammi	Compressa masticabile	G04BE03	LABORATORI ALTER S.R.L.	Autorizzata	Procedura Mutuo riconoscimento o Decentrata	Medicinali soggetti a prescrizione medica
044679052	044679	SILDENAFIL ALTER	100 MG COMPRESSE MASTICABILI- 8 COMPRESSE IN BLISTER PVC/PCTFE-AL	SILDENAFIL	SILDENAFIL	100	milligrammi	Compressa masticabile	G04BE03	LABORATORI ALTER S.R.L.	Autorizzata	Procedura Mutuo riconoscimento o Decentrata	Medicinali soggetti a prescrizione medica
045184013	045184	GRANPIDAM	20 MG - COMPRESSA RIVESTITA CON FILM - USO ORALE - BLISTER (PVC/ALL) - 90 COMPRESSE	SILDENAFIL	SILDENAFIL	20	milligrammi	Compressa rivestita con film	G04BE03	ACCORD HEALTHCARE, S.L.U.	Autorizzata	Procedura Centralizzata	Medicinali soggetti a prescrizione medica limitativa, vendibili al pubblico su prescrizione di centri ospedalieri o di specialisti
045184025	045184	GRANPIDAM	20 MG - COMPRESSA RIVESTITA CON FILM - USO ORALE - BLISTER (PVC/ALL) - 300 COMPRESSE	SILDENAFIL	SILDENAFIL	20	milligrammi	Compressa rivestita con film	G04BE03	ACCORD HEALTHCARE, S.L.U.	Autorizzata	Procedura Centralizzata	Medicinali soggetti a prescrizione medica limitativa, utilizzabili esclusivamente in ambiente ospedaliero o in una struttura ad esso assimilabile
045184037	045184	GRANPIDAM	20 MG - COMPRESSA RIVESTITA CON FILM - USO ORALE - BLISTER (PVC/ALU) - 15 X 1 COMPRESSE (DOSE UNTIARIA)	SILDENAFIL	SILDENAFIL	20	milligrammi	Compressa rivestita con film	G04BE03	ACCORD HEALTHCARE, S.L.U.	Autorizzata	Procedura Centralizzata	Medicinali soggetti a prescrizione medica limitativa, vendibili al pubblico su prescrizione di centri ospedalieri o di specialisti
045184049	045184	GRANPIDAM	20 MG - COMPRESSA RIVESTITA CON FILM - USO ORALE - BLISTER (PVC/ALL) - 90 X 1 COMPRESSE (DOSE UNITARIA)	SILDENAFIL	SILDENAFIL	20	milligrammi	Compressa rivestita con film	G04BE03	ACCORD HEALTHCARE, S.L.U.	Autorizzata	Procedura Centralizzata	Medicinali soggetti a prescrizione medica limitativa, vendibili al pubblico su prescrizione di centri ospedalieri o di specialisti
045184052	045184	GRANPIDAM	20 MG - COMPRESSA RIVESTITA CON FILM - USO ORALE - BLISTER (PVC/ALL) - 300 X 1 COMPRESSE (DOSE UNITARIA)	SILDENAFIL	SILDENAFIL	20	milligrammi	Compressa rivestita con film	G04BE03	ACCORD HEALTHCARE, S.L.U.	Autorizzata	Procedura Centralizzata	Medicinali soggetti a prescrizione medica limitativa, utilizzabili esclusivamente in ambiente ospedaliero o in una struttura ad esso assimilabile
045404011	045404	VIAGRA	4 COMPRESSE FILM RIVESTITE 50 MG IN BLISTER	SILDENAFIL	SILDENAFIL	50	milligrammi	Compressa rivestita con film	G04BE03	FARMA 1000 S.R.L.	Autorizzata	Importazione Parallela	Medicinali soggetti a prescrizione medica
045404023	045404	VIAGRA	4 COMPRESSE FILM RIVESTITE 100 MG IN BLISTER	SILDENAFIL	SILDENAFIL	50	milligrammi	Compressa rivestita con film	G04BE03	FARMA 1000 S.R.L.	Autorizzata	Importazione Parallela	Medicinali soggetti a prescrizione medica
046089013	046089	AZURVIG	12,5 MG/EROGAZIONE, SOSPENSIONE ORALE- 1 FLACONE HDPE DA 30 ML CON POMPA DOSATRICE 0,5 ML	SILDENAFIL	SILDENAFIL			Sospensione orale	G04BE03	NEOPHARMED GENTILI S.P.A.	Autorizzata	Procedura Mutuo riconoscimento o Decentrata	Medicinali soggetti a prescrizione medica
048342012	048342	SILDENAFIL ALMUS	25 MG COMPRESSE RIVESTITE CON FILM- 4 COMPRESSE IN BLISTER AL/PVDC/PVC/PVDC	SILDENAFIL	SILDENAFIL	25	milligrammi	Compressa rivestita con film	G04BE03	ALMUS S.R.L.	Autorizzata	Procedura Mutuo riconoscimento o Decentrata	Medicinali soggetti a prescrizione medica
048342024	048342	SILDENAFIL ALMUS	25 MG COMPRESSE RIVESTITE CON FILM- 8 COMPRESSE IN BLISTER AL/PVDC/PVC/PVDC	SILDENAFIL	SILDENAFIL	25	milligrammi	Compressa rivestita con film	G04BE03	ALMUS S.R.L.	Autorizzata	Procedura Mutuo riconoscimento o Decentrata	Medicinali soggetti a prescrizione medica
048342036	048342	SILDENAFIL ALMUS	50 MG COMPRESSE RIVESTITE CON FILM- 4 COMPRESSE IN BLISTER AL/PVDC/PVC/PVDC	SILDENAFIL	SILDENAFIL	50	milligrammi	Compressa rivestita con film	G04BE03	ALMUS S.R.L.	Autorizzata	Procedura Mutuo riconoscimento o Decentrata	Medicinali soggetti a prescrizione medica
048342048	048342	SILDENAFIL ALMUS	50 MG COMPRESSE RIVESTITE CON FILM- 8 COMPRESSE IN BLISTER AL/PVDC/PVC/PVDC	SILDENAFIL	SILDENAFIL	50	milligrammi	Compressa rivestita con film	G04BE03	ALMUS S.R.L.	Autorizzata	Procedura Mutuo riconoscimento o Decentrata	Medicinali soggetti a prescrizione medica
048342051	048342	SILDENAFIL ALMUS	50 MG COMPRESSE RIVESTITE CON FILM- 12 COMPRESSE IN BLISTER AL/PVDC/PVC/PVDC	SILDENAFIL	SILDENAFIL	50	milligrammi	Compressa rivestita con film	G04BE03	ALMUS S.R.L.	Autorizzata	Procedura Mutuo riconoscimento o Decentrata	Medicinali soggetti a prescrizione medica
048342063	048342	SILDENAFIL ALMUS	50 MG COMPRESSE RIVESTITE CON FILM- 24 COMPRESSE IN BLISTER AL/PVDC/PVC/PVDC	SILDENAFIL	SILDENAFIL	50	milligrammi	Compressa rivestita con film	G04BE03	ALMUS S.R.L.	Autorizzata	Procedura Mutuo riconoscimento o Decentrata	Medicinali soggetti a prescrizione medica
048342075	048342	SILDENAFIL ALMUS	100 MG COMPRESSE RIVESTITE CON FILM- 4 COMPRESSE IN BLISTER AL/PVDC/PVC/PVDC	SILDENAFIL	SILDENAFIL	100	milligrammi	Compressa rivestita con film	G04BE03	ALMUS S.R.L.	Autorizzata	Procedura Mutuo riconoscimento o Decentrata	Medicinali soggetti a prescrizione medica
048342087	048342	SILDENAFIL ALMUS	100 MG COMPRESSE RIVESTITE CON FILM- 8 COMPRESSE IN BLISTER AL/PVDC/PVC/PVDC	SILDENAFIL	SILDENAFIL	100	milligrammi	Compressa rivestita con film	G04BE03	ALMUS S.R.L.	Autorizzata	Procedura Mutuo riconoscimento o Decentrata	Medicinali soggetti a prescrizione medica
048342099	048342	SILDENAFIL ALMUS	100 MG COMPRESSE RIVESTITE CON FILM- 12 COMPRESSE IN BLISTER AL/PVDC/PVC/PVDC	SILDENAFIL	SILDENAFIL	100	milligrammi	Compressa rivestita con film	G04BE03	ALMUS S.R.L.	Autorizzata	Procedura Mutuo riconoscimento o Decentrata	Medicinali soggetti a prescrizione medica
048342101	048342	SILDENAFIL ALMUS	100 MG COMPRESSE RIVESTITE CON FILM- 24 COMPRESSE IN BLISTER AL/PVDC/PVC/PVDC	SILDENAFIL	SILDENAFIL	100	milligrammi	Compressa rivestita con film	G04BE03	ALMUS S.R.L.	Autorizzata	Procedura Mutuo riconoscimento o Decentrata	Medicinali soggetti a prescrizione medica
049472018	049472	SELADIK	50 MG COMPRESSE RIVESTITE CON FILM- 2 COMPRESSE IN BLISTER PVC/PVDC/AL	SILDENAFIL	SILDENAFIL	50	milligrammi	Compressa rivestita con film	G04BE03	ADAMED S.R.L.	Autorizzata	Procedura Nazionale	Medicinali soggetti a prescrizione medica
049472020	049472	SELADIK	50 MG COMPRESSE RIVESTITE CON FILM- 4 COMPRESSE IN BLISTER PVC/PVDC/AL	SILDENAFIL	SILDENAFIL	50	milligrammi	Compressa rivestita con film	G04BE03	ADAMED S.R.L.	Autorizzata	Procedura Nazionale	Medicinali soggetti a prescrizione medica
049472032	049472	SELADIK	50 MG COMPRESSE RIVESTITE CON FILM- 8 COMPRESSE IN BLISTER PVC/PVDC/AL	SILDENAFIL	SILDENAFIL	50	milligrammi	Compressa rivestita con film	G04BE03	ADAMED S.R.L.	Autorizzata	Procedura Nazionale	Medicinali soggetti a prescrizione medica
049472044	049472	SELADIK	100 MG COMPRESSE RIVESTITE CON FILM- 2 COMPRESSE IN BLISTER PVC/PVDC/AL	SILDENAFIL	SILDENAFIL	50	milligrammi	Compressa rivestita con film	G04BE03	ADAMED S.R.L.	Autorizzata	Procedura Nazionale	Medicinali soggetti a prescrizione medica
049472057	049472	SELADIK	100 MG COMPRESSE RIVESTITE CON FILM- 4 COMPRESSE IN BLISTER PVC/PVDC/AL	SILDENAFIL	SILDENAFIL	50	milligrammi	Compressa rivestita con film	G04BE03	ADAMED S.R.L.	Autorizzata	Procedura Nazionale	Medicinali soggetti a prescrizione medica
049472069	049472	SELADIK	100 MG COMPRESSE RIVESTITE CON FILM- 8 COMPRESSE IN BLISTER PVC/PVDC/AL	SILDENAFIL	SILDENAFIL	50	milligrammi	Compressa rivestita con film	G04BE03	ADAMED S.R.L.	Autorizzata	Procedura Nazionale	Medicinali soggetti a prescrizione medica
049474012	049474	SELDEK	25 MG COMPRESSE RIVESTITE CON FILM- 2 COMPRESSE IN BLISTER PVC/PVDC/AL	SILDENAFIL	SILDENAFIL	25	milligrammi	Compressa rivestita con film	G04BE03	ADAMED S.R.L.	Autorizzata	Procedura Nazionale	Medicinali soggetti a prescrizione medica
049474024	049474	SELDEK	25 MG COMPRESSE RIVESTITE CON FILM- 4 COMPRESSE IN BLISTER PVC/PVDC/AL	SILDENAFIL	SILDENAFIL	25	milligrammi	Compressa rivestita con film	G04BE03	ADAMED S.R.L.	Autorizzata	Procedura Nazionale	Medicinali soggetti a prescrizione medica
049519010	049519	SEROCKFIL	25 MG COMPRESSE RIVESTITE CON FILM- 2 COMPRESSE IN BLISTER PVC/PVDC/AL	SILDENAFIL	SILDENAFIL	25	milligrammi	Compressa rivestita con film	G04BE03	ADAMED PHARMA S.A.	Autorizzata	Procedura Nazionale	Medicinali soggetti a prescrizione medica
049519022	049519	SEROCKFIL	25 MG COMPRESSE RIVESTITE CON FILM- 4 COMPRESSE IN BLISTER PVC/PVDC/AL	SILDENAFIL	SILDENAFIL	25	milligrammi	Compressa rivestita con film	G04BE03	ADAMED PHARMA S.A.	Autorizzata	Procedura Nazionale	Medicinali soggetti a prescrizione medica
049520012	049520	PIOFELEK	50 MG COMPRESSE RIVESTITE CON FILM- 2 COMPRESSE IN BLISTER PVC/PVDC/AL	SILDENAFIL	SILDENAFIL	50	milligrammi	Compressa rivestita con film	G04BE03	ADAMED PHARMA S.A.	Autorizzata	Procedura Nazionale	Medicinali soggetti a prescrizione medica
049520024	049520	PIOFELEK	50 MG COMPRESSE RIVESTITE CON FILM- 4 COMPRESSE IN BLISTER PVC/PVDC/AL	SILDENAFIL	SILDENAFIL	50	milligrammi	Compressa rivestita con film	G04BE03	ADAMED PHARMA S.A.	Autorizzata	Procedura Nazionale	Medicinali soggetti a prescrizione medica
049520036	049520	PIOFELEK	50 MG COMPRESSE RIVESTITE CON FILM- 8 COMPRESSE IN BLISTER PVC/PVDC/AL	SILDENAFIL	SILDENAFIL	50	milligrammi	Compressa rivestita con film	G04BE03	ADAMED PHARMA S.A.	Autorizzata	Procedura Nazionale	Medicinali soggetti a prescrizione medica
049520048	049520	PIOFELEK	100 MG COMPRESSE RIVESTITE CON FILM- 2 COMPRESSE IN BLISTER PVC/PVDC/AL	SILDENAFIL	SILDENAFIL	100	milligrammi	Compressa rivestita con film	G04BE03	ADAMED PHARMA S.A.	Autorizzata	Procedura Nazionale	Medicinali soggetti a prescrizione medica
049520051	049520	PIOFELEK	100 MG COMPRESSE RIVESTITE CON FILM- 4 COMPRESSE IN BLISTER PVC/PVDC/AL	SILDENAFIL	SILDENAFIL	100	milligrammi	Compressa rivestita con film	G04BE03	ADAMED PHARMA S.A.	Autorizzata	Procedura Nazionale	Medicinali soggetti a prescrizione medica
049520063	049520	PIOFELEK	100 MG COMPRESSE RIVESTITE CON FILM- 8 COMPRESSE IN BLISTER PVC/PVDC/AL	SILDENAFIL	SILDENAFIL	100	milligrammi	Compressa rivestita con film	G04BE03	ADAMED PHARMA S.A.	Autorizzata	Procedura Nazionale	Medicinali soggetti a prescrizione medica
049589017	049589	VIAGRA	100 MG COMPRESSE RIVESTITE FILM- 4 COMPRESSE IN BLISTER	SILDENAFIL	SILDENAFIL			Compressa rivestita con film	G04BE03	FARMED S.R.L.	Autorizzata	Importazione Parallela	Medicinali soggetti a prescrizione medica
049589029	049589	VIAGRA	50 MG COMPRESSE RIVESTITE CON FILM- 4 COMPRESSE IN BLISTER	SILDENAFIL	SILDENAFIL			Compressa rivestita con film	G04BE03	FARMED S.R.L.	Autorizzata	Importazione Parallela	Medicinali soggetti a prescrizione medica
050067014	050067	VIAGRA	100 MG COMPRESSE RIVESTITE FILM- 4 COMPRESSE IN BLISTER	SILDENAFIL	SILDENAFIL	50	milligrammi	Compressa	G04BE03	PROGRAMMI SANITARI INTEGRATI S.R.L.	Autorizzata	Importazione Parallela	Medicinali soggetti a prescrizione medica
050550019	050550	VIAGRAVIL	50 mg COMPRESSE RIVESTITE CON FILM- 2 COMPRESSE IN BLISTER PVC/AL	SILDENAFIL	SILDENAFIL			Compressa rivestita con film	G04BE03	VIATRIS PHARMA S.R.L.	Autorizzata	Procedura Mutuo riconoscimento o Decentrata	Medicinali soggetti a prescrizione medica
050550021	050550	VIAGRAVIL	50 mg COMPRESSE RIVESTITE CON FILM- 4 COMPRESSE IN BLISTER PVC/AL	SILDENAFIL	SILDENAFIL			Compressa rivestita con film	G04BE03	VIATRIS PHARMA S.R.L.	Autorizzata	Procedura Mutuo riconoscimento o Decentrata	Medicinali soggetti a prescrizione medica
050550033	050550	VIAGRAVIL	50 mg COMPRESSE RIVESTITE CON FILM- 8 COMPRESSE IN BLISTER PVC/AL	SILDENAFIL	SILDENAFIL			Compressa rivestita con film	G04BE03	VIATRIS PHARMA S.R.L.	Autorizzata	Procedura Mutuo riconoscimento o Decentrata	Medicinali soggetti a prescrizione medica
050829011	050829	VIAGRA	4 COMPRESSE FILM RIVESTITE 100 MG IN BLISTER	SILDENAFIL	SILDENAFIL	50	milligrammi	Compressa	G04BE03	ABACUS MEDICINE A/S	Autorizzata	Importazione Parallela	Medicinali soggetti a prescrizione medica
050829023	050829	VIAGRA	50 MG COMPRESSE RIVESTITE CON FILM- 8 COMPRESSE IN BLISTER	SILDENAFIL	SILDENAFIL	50	milligrammi	Compressa	G04BE03	ABACUS MEDICINE A/S	Autorizzata	Importazione Parallela	Medicinali soggetti a prescrizione medica
051185015	051185	VIAGRA	50 MG COMPRESSE RIVESTITE CON FILM- 4 COMPRESSE IN BLISTER	SILDENAFIL	SILDENAFIL	50	milligrammi	Compressa	G04BE03	BB FARMA S.R.L.	Autorizzata	Importazione Parallela	Medicinali soggetti a prescrizione medica
