codice_aic	cod_farmaco	denominazione	descrizione	pa_associati	principio_attivo	quantita	unita_misura	forma	codice_atc	ragione_sociale	stato_amministrativo	tipo_procedura	fornitura
026783086	026783	MEPRAL	10 MG CAPSULE RIGIDE GASTRORESISTENTI - 14 CAPSULE	OMEPRAZOLO	OMEPRAZOLO	10	milligrammi	Capsula rigida gastroresistente	A02BC01	CHEPLAPHARM ARZNEIMITTEL GMBH	Autorizzata	Procedura Mutuo riconoscimento o Decentrata	Medicinali soggetti a prescrizione medica
026783098	026783	MEPRAL	20 MG CAPSULE RIGIDE GASTRORESISTENTI- 14 CAPSULE	OMEPRAZOLO	OMEPRAZOLO	20	milligrammi	Capsula rigida gastroresistente	A02BC01	CHEPLAPHARM ARZNEIMITTEL GMBH	Autorizzata	Procedura Mutuo riconoscimento o Decentrata	Medicinali soggetti a prescrizione medica
026803080	026803	OMEPRAZEN	<10 MG CAPSULE RIGIDE GASTRORESISTENTI> 14 CAPSULE IN BLISTER	OMEPRAZOLO	OMEPRAZOLO	10	milligrammi	Capsula rigida gastroresistente	A02BC01	MALESCI ISTITUTO FARMACOBIOLOGICO S.P.A.	Autorizzata	Procedura Nazionale	Medicinali soggetti a prescrizione medica
026803092	026803	OMEPRAZEN	<10 MG CAPSULE RIGIDE GASTRORESISTENTI> 28 CAPSULE IN BLISTER	OMEPRAZOLO	OMEPRAZOLO	10	milligrammi	Capsula rigida gastroresistente	A02BC01	MALESCI ISTITUTO FARMACOBIOLOGICO S.P.A.	Autorizzata	Procedura Nazionale	Medicinali soggetti a prescrizione medica
026803104	026803	OMEPRAZEN	<20 MG CAPSULE RIGIDE GASTRORESISTENTI> 14 CAPSULE IN BLISTER	OMEPRAZOLO	OMEPRAZOLO	20	milligrammi	Capsula rigida gastroresistente	A02BC01	MALESCI ISTITUTO FARMACOBIOLOGICO S.P.A.	Autorizzata	Procedura Nazionale	Medicinali soggetti a prescrizione medica
026803116	026803	OMEPRAZEN	<10 MG CAPSULE RIGIDE GASTRORESISTENTI> 35 CAPSULE IN BLISTER	OMEPRAZOLO	OMEPRAZOLO	10	milligrammi	Capsula rigida gastroresistente	A02BC01	MALESCI ISTITUTO FARMACOBIOLOGICO S.P.A.	Autorizzata	Procedura Nazionale	Medicinali soggetti a prescrizione medica
026803205	026803	OMEPRAZEN	20 MG CAPSULE RIGIDE GASTRORESISTENTI- 28 CAPSULE IN BLISTER AL	OMEPRAZOLO	OMEPRAZOLO	20	milligrammi	Capsula rigida gastroresistente	A02BC01	MALESCI ISTITUTO FARMACOBIOLOGICO S.P.A.	Autorizzata	Procedura Mutuo riconoscimento o Decentrata	Medicinali soggetti a prescrizione medica
026804082	026804	LOSEC	10 MG CAPSULE RIGIDE GASTRORESISTENTI- 14 CAPSULE	OMEPRAZOLO	OMEPRAZOLO			Capsula rigida gastroresistente	A02BC01	CHEPLAPHARM ARZNEIMITTEL GMBH	Autorizzata	Procedura Nazionale	Medicinali soggetti a prescrizione medica
026804106	026804	LOSEC	20 MG CAPSULE RIGIDE GASTRORESISTENTI- 14 CAPSULE	OMEPRAZOLO	OMEPRAZOLO			Capsula rigida gastroresistente	A02BC01	CHEPLAPHARM ARZNEIMITTEL GMBH	Autorizzata	Procedura Mutuo riconoscimento o Decentrata	Medicinali soggetti a prescrizione medica
028245090	028245	ANTRA	20 MG CAPSULE RIGIDE GASTRORESISTENTI- 14 CAPSULE IN BLISTER AL	OMEPRAZOLO	OMEPRAZOLO			Capsula rigida gastroresistente	A02BC01	CHEPLAPHARM ARZNEIMITTEL GMBH	Autorizzata	Procedura Nazionale	Medicinali soggetti a prescrizione medica
028245114	028245	ANTRA	10 MG CAPSULE RIGIDE GASTRORESISTENTI- 14 CAPSULE IN BLISTER AL	OMEPRAZOLO	OMEPRAZOLO			Capsula rigida gastroresistente	A02BC01	CHEPLAPHARM ARZNEIMITTEL GMBH	Autorizzata	Procedura Nazionale	Medicinali soggetti a prescrizione medica
037176017	037176	OMEPRAZOLO ALTER	<10 MG CAPSULE RIGIDE GASTRORESISTENTI> 14 CAPSULE IN FLACONE IN POLIETILENE	OMEPRAZOLO	OMEPRAZOLO	10	milligrammi	Capsula rigida gastroresistente	A02BC01	LABORATORI ALTER S.R.L.	Autorizzata	Procedura Nazionale	Medicinali soggetti a prescrizione medica
037176029	037176	OMEPRAZOLO ALTER	<20 MG CAPSULE RIGIDE GASTRORESISTENTI> 14 CAPSULE IN FLACONE  IN POLIETILENE	OMEPRAZOLO	OMEPRAZOLO	20	milligrammi	Capsula rigida gastroresistente	A02BC01	LABORATORI ALTER S.R.L.	Autorizzata	Procedura Nazionale	Medicinali soggetti a prescrizione medica
037176031	037176	OMEPRAZOLO ALTER	10 MG CAPSULE RIGIDE GASTRORESISTENTI- 28 CAPSULE IN FLACONE PE	OMEPRAZOLO	OMEPRAZOLO	10	milligrammi	Capsula rigida gastroresistente	A02BC01	LABORATORI ALTER S.R.L.	Autorizzata	Procedura Nazionale	Medicinali soggetti a prescrizione medica
037176043	037176	OMEPRAZOLO ALTER	20 MG CAPSULE RIGIDE GASTRORESISTENTI- 28 CAPSULE IN FLACONE PE	OMEPRAZOLO	OMEPRAZOLO	20	milligrammi	Capsula rigida gastroresistente	A02BC01	LABORATORI ALTER S.R.L.	Autorizzata	Procedura Nazionale	Medicinali soggetti a prescrizione medica
037176056	037176	OMEPRAZOLO ALTER	10 MG CAPSULE RIGIDE GASTRORESISTENTI- 14 CAPSULE IN BLISTER PVC-PVDC/AL	OMEPRAZOLO	OMEPRAZOLO	10	milligrammi	Capsula rigida gastroresistente	A02BC01	LABORATORI ALTER S.R.L.	Autorizzata	Procedura Nazionale	Medicinali soggetti a prescrizione medica
037176068	037176	OMEPRAZOLO ALTER	20 MG CAPSULE RIGIDE GASTRORESISTENTI- 14 CAPSULE IN BLISTER PVC-PVDC/AL	OMEPRAZOLO	OMEPRAZOLO	20	milligrammi	Capsula rigida gastroresistente	A02BC01	LABORATORI ALTER S.R.L.	Autorizzata	Procedura Nazionale	Medicinali soggetti a prescrizione medica
037176070	037176	OMEPRAZOLO ALTER	10 MG CAPSULE RIGIDE GASTRORESISTENTI- 28 CAPSULE IN BLISTER PVC-PVDC/AL	OMEPRAZOLO	OMEPRAZOLO	10	milligrammi	Capsula rigida gastroresistente	A02BC01	LABORATORI ALTER S.R.L.	Autorizzata	Procedura Nazionale	Medicinali soggetti a prescrizione medica
037176082	037176	OMEPRAZOLO ALTER	20 MG CAPSULE RIGIDE GASTRORESISTENTI- 28 CAPSULE IN BLISTER PVC-PVDC/AL	OMEPRAZOLO	OMEPRAZOLO	20	milligrammi	Capsula rigida gastroresistente	A02BC01	LABORATORI ALTER S.R.L.	Autorizzata	Procedura Nazionale	Medicinali soggetti a prescrizione medica
037623016	037623	OMEPRAZOLO PENSA	10 MG CAPSULE RIGIDE GASTRORESISTENTI - 14 CAPSULE IN  FLACONE	OMEPRAZOLO	OMEPRAZOLO	10	milligrammi	Capsula rigida gastroresistente	A02BC01	TOWA PHARMACEUTICAL S.P.A.	Autorizzata	Procedura Nazionale	Medicinali soggetti a prescrizione medica
037623028	037623	OMEPRAZOLO PENSA	20 MG CAPSULE RIGIDE GASTRORESISTENTI - 14 CAPSULE IN  FLACONE	OMEPRAZOLO	OMEPRAZOLO	20	milligrammi	Capsula rigida gastroresistente	A02BC01	TOWA PHARMACEUTICAL S.P.A.	Autorizzata	Procedura Nazionale	Medicinali soggetti a prescrizione medica
037623030	037623	OMEPRAZOLO PENSA	40 MG CAPSULE RIGIDE GASTRORESISTENTI - 14 CAPSULE IN FLACONE	OMEPRAZOLO	OMEPRAZOLO	40	milligrammi	Capsula rigida gastroresistente	A02BC01	TOWA PHARMACEUTICAL S.P.A.	Autorizzata	Procedura Nazionale	Medicinali soggetti a prescrizione medica
037623042	037623	OMEPRAZOLO PENSA	10 MG CAPSULE RIGIDE GASTRORESISTENTI- 14 CAPSULE IN BLISTER PVC-PVDC/AL	OMEPRAZOLO	OMEPRAZOLO	10	milligrammi	Capsula rigida gastroresistente	A02BC01	TOWA PHARMACEUTICAL S.P.A.	Autorizzata	Procedura Nazionale	Medicinali soggetti a prescrizione medica
037623055	037623	OMEPRAZOLO PENSA	20 MG CAPSULE RIGIDE GASTRORESISTENTI- 14 CAPSULE IN BLISTER PVC-PVDC/AL	OMEPRAZOLO	OMEPRAZOLO	20	milligrammi	Capsula rigida gastroresistente	A02BC01	TOWA PHARMACEUTICAL S.P.A.	Autorizzata	Procedura Nazionale	Medicinali soggetti a prescrizione medica
037623067	037623	OMEPRAZOLO PENSA	10 MG CAPSULE RIGIDE GASTRORESISTENTI- 28 CAPSULE IN FLACONE HDPE	OMEPRAZOLO	OMEPRAZOLO	10	milligrammi	Capsula rigida gastroresistente	A02BC01	TOWA PHARMACEUTICAL S.P.A.	Autorizzata	Procedura Nazionale	Medicinali soggetti a prescrizione medica
037623079	037623	OMEPRAZOLO PENSA	20 MG CAPSULE RIGIDE GASTRORESISTENTI- 28 CAPSULE IN FLACONE HDPE	OMEPRAZOLO	OMEPRAZOLO	20	milligrammi	Capsula rigida gastroresistente	A02BC01	TOWA PHARMACEUTICAL S.P.A.	Autorizzata	Procedura Nazionale	Medicinali soggetti a prescrizione medica
037623081	037623	OMEPRAZOLO PENSA	10 MG CAPSULE RIGIDE GASTRORESISTENTI- 28 CAPSULE IN BLISTER AL/AL	OMEPRAZOLO	OMEPRAZOLO	10	milligrammi	Capsula rigida gastroresistente	A02BC01	TOWA PHARMACEUTICAL S.P.A.	Autorizzata	Procedura Nazionale	Medicinali soggetti a prescrizione medica
037623093	037623	OMEPRAZOLO PENSA	20 MG CAPSULE RIGIDE GASTRORESISTENTI- 28 CAPSULE IN BLISTER AL/AL	OMEPRAZOLO	OMEPRAZOLO	20	milligrammi	Capsula rigida gastroresistente	A02BC01	TOWA PHARMACEUTICAL S.P.A.	Autorizzata	Procedura Nazionale	Medicinali soggetti a prescrizione medica
037623105	037623	OMEPRAZOLO PENSA	10 MG CAPSULE RIGIDE GASTRORESISTENTI- 56 CAPSULE IN FLACONE HDPE	OMEPRAZOLO	OMEPRAZOLO	10	milligrammi	Capsula rigida gastroresistente	A02BC01	TOWA PHARMACEUTICAL S.P.A.	Autorizzata	Procedura Nazionale	Medicinali soggetti a prescrizione medica
037623117	037623	OMEPRAZOLO PENSA	20 MG CAPSULE RIGIDE GASTRORESISTENTI- 56 CAPSULE IN FLACONE HDPE	OMEPRAZOLO	OMEPRAZOLO	20	milligrammi	Capsula rigida gastroresistente	A02BC01	TOWA PHARMACEUTICAL S.P.A.	Autorizzata	Procedura Nazionale	Medicinali soggetti a prescrizione medica
037623129	037623	OMEPRAZOLO PENSA	10 MG CAPSULE RIGIDE GASTRORESISTENTI- 56 CAPSULE IN BLISTER PVC-PVDC/AL	OMEPRAZOLO	OMEPRAZOLO	10	milligrammi	Capsula rigida gastroresistente	A02BC01	TOWA PHARMACEUTICAL S.P.A.	Autorizzata	Procedura Nazionale	Medicinali soggetti a prescrizione medica
037623131	037623	OMEPRAZOLO PENSA	20 MG CAPSULE RIGIDE GASTRORESISTENTI- 56 CAPSULE IN BLISTER PVC-PVDC/AL	OMEPRAZOLO	OMEPRAZOLO	20	milligrammi	Capsula rigida gastroresistente	A02BC01	TOWA PHARMACEUTICAL S.P.A.	Autorizzata	Procedura Nazionale	Medicinali soggetti a prescrizione medica
037665015	037665	OMEPRAZOLO ABC	10 MG CAPSULE RIGIDE GASTRORESISTENTI- 14 CAPSULE	OMEPRAZOLO	OMEPRAZOLO			Capsula rigida gastroresistente	A02BC01	ICE S.P.A	Autorizzata	Procedura Nazionale	Medicinali soggetti a prescrizione medica
037665027	037665	OMEPRAZOLO ABC	20 MG CAPSULE RIGIDE GASTRORESISTENTI-  14 CAPSULE	OMEPRAZOLO	OMEPRAZOLO			Capsula rigida gastroresistente	A02BC01	ICE S.P.A	Autorizzata	Procedura Nazionale	Medicinali soggetti a prescrizione medica
037665039	037665	OMEPRAZOLO ABC	10 MG CAPSULE RIGIDE GASTRORESISTENTI- 14 CAPSULE IN BLISTER PVC-PVDC/AL	OMEPRAZOLO	OMEPRAZOLO			Capsula rigida gastroresistente	A02BC01	ICE S.P.A	Autorizzata	Procedura Nazionale	Medicinali soggetti a prescrizione medica
037665041	037665	OMEPRAZOLO ABC	10 MG CAPSULE RIGIDE GASTRORESISTENTI- 28 CAPSULE IN BLISTER PVC-PVDC/AL	OMEPRAZOLO	OMEPRAZOLO			Capsula rigida gastroresistente	A02BC01	ICE S.P.A	Autorizzata	Procedura Nazionale	Medicinali soggetti a prescrizione medica
037665054	037665	OMEPRAZOLO ABC	20 MG CAPSULE RIGIDE GASTRORESISTENTI- 14 CAPSULE IN BLISTER AL-PVC-PVDC	OMEPRAZOLO	OMEPRAZOLO			Capsula rigida gastroresistente	A02BC01	ICE S.P.A	Autorizzata	Procedura Nazionale	Medicinali soggetti a prescrizione medica
037665066	037665	OMEPRAZOLO ABC	20 MG CAPSULE RIGIDE GASTRORESISTENTI- 28 CAPSULE IN BLISTER PVC-PVDC/AL	OMEPRAZOLO	OMEPRAZOLO			Capsula rigida gastroresistente	A02BC01	ICE S.P.A	Autorizzata	Procedura Nazionale	Medicinali soggetti a prescrizione medica
037759014	037759	KOMEZOL	20 MG CAPSULE RIGIDE GASTRORESISTENTI- 14 CAPSULE	OMEPRAZOLO	OMEPRAZOLO			Capsula rigida gastroresistente	A02BC01	KONPHARMA S.R.L.	Autorizzata	Procedura Nazionale	Medicinali soggetti a prescrizione medica
037759026	037759	KOMEZOL	20 MG CAPSULE RIGIDE GASTRORESISTENTI- 28 CAPSULE IN BLISTER PVC-AL-PA/AL-AL	OMEPRAZOLO	OMEPRAZOLO	20	milligrammi	Capsula rigida gastroresistente	A02BC01	KONPHARMA S.R.L.	Autorizzata	Procedura Nazionale	Medicinali soggetti a prescrizione medica
037760016	037760	PROTEC	20 CAPSULE RIGIDE GASTRORESISTENTI- 14 CAPSULE	OMEPRAZOLO	OMEPRAZOLO	20	milligrammi	Capsula rigida gastroresistente	A02BC01	A.G.I.P.S. FARMACEUTICI SRL	Autorizzata	Procedura Nazionale	Medicinali soggetti a prescrizione medica
037760028	037760	PROTEC	20 MG CAPSULE RIGIDE GASTRORESISTENTI- 28 CAPSULE IN BLISTER PVC/AL/PA/AL/AL	OMEPRAZOLO	OMEPRAZOLO	20	milligrammi	Capsula rigida gastroresistente	A02BC01	A.G.I.P.S. FARMACEUTICI SRL	Autorizzata	Procedura Nazionale	Medicinali soggetti a prescrizione medica
037818010	037818	KRUXAGON	20 MG CAPSULE RIGIDE GASTRORESISTENTI- 14 CAPSULE	OMEPRAZOLO	OMEPRAZOLO	20	milligrammi	Capsula rigida gastroresistente	A02BC01	LANOVA FARMACEUTICI S.R.L.	Autorizzata	Procedura Nazionale	Medicinali soggetti a prescrizione medica
037818022	037818	KRUXAGON	20 MG CAPSULE RIGIDE GASTRORESISTENTI- 28 CAPSULE IN BLISTER PVC/AL/PA-AL/AL	OMEPRAZOLO	OMEPRAZOLO	20	milligrammi	Capsula rigida gastroresistente	A02BC01	LANOVA FARMACEUTICI S.R.L.	Autorizzata	Procedura Nazionale	Medicinali soggetti a prescrizione medica
037865019	037865	CLETUS	20 MG CAPSULE RIGIDE GASTRORESISTENTI- 14 CAPUSLE	OMEPRAZOLO	OMEPRAZOLO	20	milligrammi	Capsula rigida gastroresistente	A02BC01	SO.SE.PHARM S.R.L. SOCIETA' DI SERVIZIO PER L'INDUSTRIA FARMACEUTICA ED AFFINI	Autorizzata	Procedura Nazionale	Medicinali soggetti a prescrizione medica
037865021	037865	CLETUS	20 MG CAPSULE RIGIDE GASTRORESISTENTI- 28 CAPSULE IN BLISTER IN BLISTER PVC-AL-PA/AL-AL	OMEPRAZOLO	OMEPRAZOLO	20	milligrammi	Capsula rigida gastroresistente	A02BC01	SO.SE.PHARM S.R.L. SOCIETA' DI SERVIZIO PER L'INDUSTRIA FARMACEUTICA ED AFFINI	Autorizzata	Procedura Nazionale	Medicinali soggetti a prescrizione medica
037903010	037903	MARICRIO	20 MG CAPSULE RIGIDE GASTRORESISTENTI- 14 CAPSULE	OMEPRAZOLO	OMEPRAZOLO			Capsula rigida gastroresistente	A02BC01	NEOPHARMED GENTILI S.P.A.	Autorizzata	Procedura Nazionale	Medicinali soggetti a prescrizione medica
037905015	037905	IBIMEZOLO	20 MG CAPSULE RIGIDE GASTRORESISTENTI- 14 CAPSULE	OMEPRAZOLO	OMEPRAZOLO	20	milligrammi	Capsula rigida gastroresistente	A02BC01	I.B.N. SAVIO S.R.L	Autorizzata	Procedura Nazionale	Medicinali soggetti a prescrizione medica
037905027	037905	IBIMEZOLO	20 MG CAPSULE RIGIDE GASTRORESISTENTI- 28 CAPSULE IN BLISTER PVC/AL/PA/AL/AL	OMEPRAZOLO	OMEPRAZOLO	20	milligrammi	Capsula rigida gastroresistente	A02BC01	I.B.N. SAVIO S.R.L	Autorizzata	Procedura Nazionale	Medicinali soggetti a prescrizione medica
037906017	037906	ANADIR	20 MG CAPSULE RIGIDE GASTRORESISTENTI- 14 CAPSULE	OMEPRAZOLO	OMEPRAZOLO			Capsula rigida gastroresistente	A02BC01	S.F. GROUP S.R.L.	Autorizzata	Procedura Nazionale	Medicinali soggetti a prescrizione medica
037906029	037906	ANADIR	20 MG CAPSULE RIGIDE GASTRORESISTENTI- 28 CAPSULE IN BLISTER PVC-AL-PA/AL-AL	OMEPRAZOLO	OMEPRAZOLO			Capsula rigida gastroresistente	A02BC01	S.F. GROUP S.R.L.	Autorizzata	Procedura Nazionale	Medicinali soggetti a prescrizione medica
037907019	037907	NANSEN	20 MG CAPSULE RIGIDE GASTRORESISTENTI- 14 CAPSULE	OMEPRAZOLO	OMEPRAZOLO			Capsula rigida gastroresistente	A02BC01	S.F. GROUP S.R.L.	Autorizzata	Procedura Nazionale	Medicinali soggetti a prescrizione medica
037907021	037907	NANSEN	20 MG CAPSULE RIGIDE GASTRORESISTENTI- 28 CAPSULE IN BLISTER PVC-AL-PA/AL-AL	OMEPRAZOLO	OMEPRAZOLO	20	milligrammi	Capsula rigida gastroresistente	A02BC01	S.F. GROUP S.R.L.	Autorizzata	Procedura Nazionale	Medicinali soggetti a prescrizione medica
037942012	037942	LIMNOS	20 MG CAPSULE RIGIDE GASTRORESISTENTI- 14 CAPSULE	OMEPRAZOLO	OMEPRAZOLO			Capsula rigida gastroresistente	A02BC01	LABORATORIO FARMACEUTICO C.T. S.R.L.	Autorizzata	Procedura Nazionale	Medicinali soggetti a prescrizione medica
037942024	037942	LIMNOS	20 MG CAPSULE RIGIDE GASTRORESISTENTI- 28 CAPSULE IN BLISTER PVC/AL-PA/AL-AL	OMEPRAZOLO	OMEPRAZOLO			Capsula rigida gastroresistente	A02BC01	LABORATORIO FARMACEUTICO C.T. S.R.L.	Autorizzata	Procedura Nazionale	Medicinali soggetti a prescrizione medica
038003012	038003	OMOLIN	10 MG CAPSULE RIGIDE GASTRORESISTENTI- 7 CAPSULE IN BLISTER AL/AL	OMEPRAZOLO	OMEPRAZOLO	10	milligrammi	Capsula rigida gastroresistente	A02BC01	S.F. GROUP S.R.L.	Autorizzata	Procedura Mutuo riconoscimento o Decentrata	Medicinali soggetti a prescrizione medica
038003024	038003	OMOLIN	10 MG CAPSULE RIGIDE GASTRORESISTENTI- 14 CAPSULE IN BLISTER AL/AL	OMEPRAZOLO	OMEPRAZOLO	10	milligrammi	Capsula rigida gastroresistente	A02BC01	S.F. GROUP S.R.L.	Autorizzata	Procedura Mutuo riconoscimento o Decentrata	Medicinali soggetti a prescrizione medica
038003036	038003	OMOLIN	10 MG CAPSULE RIGIDE GASTRORESISTENTI- 15 CAPSULE IN BLISTER AL/AL	OMEPRAZOLO	OMEPRAZOLO	10	milligrammi	Capsula rigida gastroresistente	A02BC01	S.F. GROUP S.R.L.	Autorizzata	Procedura Mutuo riconoscimento o Decentrata	Medicinali soggetti a prescrizione medica
038003048	038003	OMOLIN	10 MG CAPSULE RIGIDE GASTRORESISTENTI- 28 CAPSULE IN BLISTER AL/AL	OMEPRAZOLO	OMEPRAZOLO	10	milligrammi	Capsula rigida gastroresistente	A02BC01	S.F. GROUP S.R.L.	Autorizzata	Procedura Mutuo riconoscimento o Decentrata	Medicinali soggetti a prescrizione medica
038003051	038003	OMOLIN	10 MG CAPSULE RIGIDE GASTRORESISTENTI- 30 CAPSULE IN BLISTER AL/AL	OMEPRAZOLO	OMEPRAZOLO	10	milligrammi	Capsula rigida gastroresistente	A02BC01	S.F. GROUP S.R.L.	Autorizzata	Procedura Mutuo riconoscimento o Decentrata	Medicinali soggetti a prescrizione medica
038003063	038003	OMOLIN	10 MG CAPSULE RIGIDE GASTRORESISTENTI- 50 CAPSULE IN BLISTER AL/AL	OMEPRAZOLO	OMEPRAZOLO	10	milligrammi	Capsula rigida gastroresistente	A02BC01	S.F. GROUP S.R.L.	Autorizzata	Procedura Mutuo riconoscimento o Decentrata	Medicinali soggetti a prescrizione medica
038003075	038003	OMOLIN	10 MG CAPSULE RIGIDE GASTRORESISTENTI- 56 CAPSULE IN BLISTER AL/AL	OMEPRAZOLO	OMEPRAZOLO	10	milligrammi	Capsula rigida gastroresistente	A02BC01	S.F. GROUP S.R.L.	Autorizzata	Procedura Mutuo riconoscimento o Decentrata	Medicinali soggetti a prescrizione medica
038003087	038003	OMOLIN	10 MG CAPSULE RIGIDE GASTRORESISTENTI- 60 CAPSULE IN BLISTER AL/AL	OMEPRAZOLO	OMEPRAZOLO	10	milligrammi	Capsula rigida gastroresistente	A02BC01	S.F. GROUP S.R.L.	Autorizzata	Procedura Mutuo riconoscimento o Decentrata	Medicinali soggetti a prescrizione medica
038003099	038003	OMOLIN	10 MG CAPSULE RIGIDE GASTRORESISTENTI- 90 CAPSULE IN BLISTER AL/AL	OMEPRAZOLO	OMEPRAZOLO	10	milligrammi	Capsula rigida gastroresistente	A02BC01	S.F. GROUP S.R.L.	Autorizzata	Procedura Mutuo riconoscimento o Decentrata	Medicinali soggetti a prescrizione medica
038003101	038003	OMOLIN	10 MG CAPSULE RIGIDE GASTRORESISTENTI- 100 CAPSULE IN BLISTER AL/AL	OMEPRAZOLO	OMEPRAZOLO	10	milligrammi	Capsula rigida gastroresistente	A02BC01	S.F. GROUP S.R.L.	Autorizzata	Procedura Mutuo riconoscimento o Decentrata	Medicinali soggetti a prescrizione medica
038003113	038003	OMOLIN	10 MG CAPSULE RIGIDE GASTRORESISTENTI- 140 CAPSULE IN BLISTER AL/AL	OMEPRAZOLO	OMEPRAZOLO	10	milligrammi	Capsula rigida gastroresistente	A02BC01	S.F. GROUP S.R.L.	Autorizzata	Procedura Mutuo riconoscimento o Decentrata	Medicinali soggetti a prescrizione medica
038003125	038003	OMOLIN	10 MG CAPSULE RIGIDE GASTRORESISTENTI- 280 CAPSULE IN BLISTER AL/AL	OMEPRAZOLO	OMEPRAZOLO	10	milligrammi	Capsula rigida gastroresistente	A02BC01	S.F. GROUP S.R.L.	Autorizzata	Procedura Mutuo riconoscimento o Decentrata	Medicinali soggetti a prescrizione medica
038003137	038003	OMOLIN	10 MG CAPSULE RIGIDE GASTRORESISTENTI- 500 CAPSULE IN BLISTER AL/AL	OMEPRAZOLO	OMEPRAZOLO	10	milligrammi	Capsula rigida gastroresistente	A02BC01	S.F. GROUP S.R.L.	Autorizzata	Procedura Mutuo riconoscimento o Decentrata	Medicinali soggetti a prescrizione medica
038003149	038003	OMOLIN	10 MG CAPSULE RIGIDE GASTRORESISTENTI- 5 CAPSULE IN FLACONE HDPE	OMEPRAZOLO	OMEPRAZOLO	10	milligrammi	Capsula rigida gastroresistente	A02BC01	S.F. GROUP S.R.L.	Autorizzata	Procedura Mutuo riconoscimento o Decentrata	Medicinali soggetti a prescrizione medica
038003152	038003	OMOLIN	10 MG CAPSULE RIGIDE GASTRORESISTENTI- 7 CAPSULE IN FLACONE HDPE	OMEPRAZOLO	OMEPRAZOLO	10	milligrammi	Capsula rigida gastroresistente	A02BC01	S.F. GROUP S.R.L.	Autorizzata	Procedura Mutuo riconoscimento o Decentrata	Medicinali soggetti a prescrizione medica
038003164	038003	OMOLIN	10 MG CAPSULE RIGIDE GASTRORESISTENTI- 14 CAPSULE IN FLACONE HDPE	OMEPRAZOLO	OMEPRAZOLO	10	milligrammi	Capsula rigida gastroresistente	A02BC01	S.F. GROUP S.R.L.	Autorizzata	Procedura Mutuo riconoscimento o Decentrata	Medicinali soggetti a prescrizione medica
038003176	038003	OMOLIN	10 MG CAPSULE RIGIDE GASTRORESISTENTI- 28 CAPSULE IN FLACONE HDPE	OMEPRAZOLO	OMEPRAZOLO	10	milligrammi	Capsula rigida gastroresistente	A02BC01	S.F. GROUP S.R.L.	Autorizzata	Procedura Mutuo riconoscimento o Decentrata	Medicinali soggetti a prescrizione medica
038003188	038003	OMOLIN	10 MG CAPSULE RIGIDE GASTRORESISTENTI- 30 CAPSULE IN FLACONE HDPE	OMEPRAZOLO	OMEPRAZOLO	10	milligrammi	Capsula rigida gastroresistente	A02BC01	S.F. GROUP S.R.L.	Autorizzata	Procedura Mutuo riconoscimento o Decentrata	Medicinali soggetti a prescrizione medica
038003190	038003	OMOLIN	10 MG CAPSULE RIGIDE GASTRORESISTENTI- 56 CAPSULE IN FLACONE HDPE	OMEPRAZOLO	OMEPRAZOLO	10	milligrammi	Capsula rigida gastroresistente	A02BC01	S.F. GROUP S.R.L.	Autorizzata	Procedura Mutuo riconoscimento o Decentrata	Medicinali soggetti a prescrizione medica
038003202	038003	OMOLIN	10 MG CAPSULE RIGIDE GASTRORESISTENTI- 60 CAPSULE IN FLACONE HDPE	OMEPRAZOLO	OMEPRAZOLO	10	milligrammi	Capsula rigida gastroresistente	A02BC01	S.F. GROUP S.R.L.	Autorizzata	Procedura Mutuo riconoscimento o Decentrata	Medicinali soggetti a prescrizione medica
038003214	038003	OMOLIN	10 MG CAPSULE RIGIDE GASTRORESISTENTI- 90 CAPSULE IN FLACONE HDPE	OMEPRAZOLO	OMEPRAZOLO	10	milligrammi	Capsula rigida gastroresistente	A02BC01	S.F. GROUP S.R.L.	Autorizzata	Procedura Mutuo riconoscimento o Decentrata	Medicinali soggetti a prescrizione medica
038003226	038003	OMOLIN	10 MG CAPSULE RIGIDE GASTRORESISTENTI- 500 CAPSULE IN FLACONE HDPE	OMEPRAZOLO	OMEPRAZOLO	10	milligrammi	Capsula rigida gastroresistente	A02BC01	S.F. GROUP S.R.L.	Autorizzata	Procedura Mutuo riconoscimento o Decentrata	Medicinali soggetti a prescrizione medica
038003238	038003	OMOLIN	20 MG CAPSULE RIGIDE GASTRORESISTENTI- 7 CAPSULE IN BLISTER AL/AL	OMEPRAZOLO	OMEPRAZOLO	20	milligrammi	Capsula rigida gastroresistente	A02BC01	S.F. GROUP S.R.L.	Autorizzata	Procedura Mutuo riconoscimento o Decentrata	Medicinali soggetti a prescrizione medica
038003240	038003	OMOLIN	20 MG CAPSULE RIGIDE GASTRORESISTENTI- 14 CAPSULE IN BLISTER AL/AL	OMEPRAZOLO	OMEPRAZOLO	20	milligrammi	Capsula rigida gastroresistente	A02BC01	S.F. GROUP S.R.L.	Autorizzata	Procedura Mutuo riconoscimento o Decentrata	Medicinali soggetti a prescrizione medica
038003253	038003	OMOLIN	20 MG CAPSULE RIGIDE GASTRORESISTENTI- 15 CAPSULE IN BLISTER AL/AL	OMEPRAZOLO	OMEPRAZOLO	20	milligrammi	Capsula rigida gastroresistente	A02BC01	S.F. GROUP S.R.L.	Autorizzata	Procedura Mutuo riconoscimento o Decentrata	Medicinali soggetti a prescrizione medica
038003265	038003	OMOLIN	20 MG CAPSULE RIGIDE GASTRORESISTENTI- 28 CAPSULE IN BLISTER AL/AL	OMEPRAZOLO	OMEPRAZOLO	20	milligrammi	Capsula rigida gastroresistente	A02BC01	S.F. GROUP S.R.L.	Autorizzata	Procedura Mutuo riconoscimento o Decentrata	Medicinali soggetti a prescrizione medica
038003277	038003	OMOLIN	20 MG CAPSULE RIGIDE GASTRORESISTENTI- 30 CAPSULE IN BLISTER AL/AL	OMEPRAZOLO	OMEPRAZOLO	20	milligrammi	Capsula rigida gastroresistente	A02BC01	S.F. GROUP S.R.L.	Autorizzata	Procedura Mutuo riconoscimento o Decentrata	Medicinali soggetti a prescrizione medica
038003289	038003	OMOLIN	20 MG CAPSULE RIGIDE GASTRORESISTENTI- 50 CAPSULE IN BLISTER AL/AL	OMEPRAZOLO	OMEPRAZOLO	20	milligrammi	Capsula rigida gastroresistente	A02BC01	S.F. GROUP S.R.L.	Autorizzata	Procedura Mutuo riconoscimento o Decentrata	Medicinali soggetti a prescrizione medica
038003291	038003	OMOLIN	20 MG CAPSULE RIGIDE GASTRORESISTENTI- 56 CAPSULE IN BLISTER AL/AL	OMEPRAZOLO	OMEPRAZOLO	20	milligrammi	Capsula rigida gastroresistente	A02BC01	S.F. GROUP S.R.L.	Autorizzata	Procedura Mutuo riconoscimento o Decentrata	Medicinali soggetti a prescrizione medica
038003303	038003	OMOLIN	20 MG CAPSULE RIGIDE GASTRORESISTENTI- 60 CAPSULE IN BLISTER AL/AL	OMEPRAZOLO	OMEPRAZOLO	20	milligrammi	Capsula rigida gastroresistente	A02BC01	S.F. GROUP S.R.L.	Autorizzata	Procedura Mutuo riconoscimento o Decentrata	Medicinali soggetti a prescrizione medica
038003315	038003	OMOLIN	20 MG CAPSULE RIGIDE GASTRORESISTENTI- 90 CAPSULE IN BLISTER AL/AL	OMEPRAZOLO	OMEPRAZOLO	20	milligrammi	Capsula rigida gastroresistente	A02BC01	S.F. GROUP S.R.L.	Autorizzata	Procedura Mutuo riconoscimento o Decentrata	Medicinali soggetti a prescrizione medica
038003327	038003	OMOLIN	20 MG CAPSULE RIGIDE GASTRORESISTENTI- 100 CAPSULE IN BLISTER AL/AL	OMEPRAZOLO	OMEPRAZOLO	20	milligrammi	Capsula rigida gastroresistente	A02BC01	S.F. GROUP S.R.L.	Autorizzata	Procedura Mutuo riconoscimento o Decentrata	Medicinali soggetti a prescrizione medica
038003339	038003	OMOLIN	20 MG CAPSULE RIGIDE GASTRORESISTENTI- 140 CAPSULE IN BLISTER AL/AL	OMEPRAZOLO	OMEPRAZOLO	20	milligrammi	Capsula rigida gastroresistente	A02BC01	S.F. GROUP S.R.L.	Autorizzata	Procedura Mutuo riconoscimento o Decentrata	Medicinali soggetti a prescrizione medica
038003341	038003	OMOLIN	20 MG CAPSULE RIGIDE GASTRORESISTENTI- 280 CAPSULE IN BLISTER AL/AL	OMEPRAZOLO	OMEPRAZOLO	20	milligrammi	Capsula rigida gastroresistente	A02BC01	S.F. GROUP S.R.L.	Autorizzata	Procedura Mutuo riconoscimento o Decentrata	Medicinali soggetti a prescrizione medica
038003354	038003	OMOLIN	20 MG CAPSULE RIGIDE GASTRORESISTENTI- 500 CAPSULE IN BLISTER AL/AL	OMEPRAZOLO	OMEPRAZOLO	20	milligrammi	Capsula rigida gastroresistente	A02BC01	S.F. GROUP S.R.L.	Autorizzata	Procedura Mutuo riconoscimento o Decentrata	Medicinali soggetti a prescrizione medica
038003366	038003	OMOLIN	20 MG CAPSULE RIGIDE GASTRORESISTENTI- 5 CAPSULE IN FLACONE HDPE	OMEPRAZOLO	OMEPRAZOLO	20	milligrammi	Capsula rigida gastroresistente	A02BC01	S.F. GROUP S.R.L.	Autorizzata	Procedura Mutuo riconoscimento o Decentrata	Medicinali soggetti a prescrizione medica
038003378	038003	OMOLIN	20 MG CAPSULE RIGIDE GASTRORESISTENTI- 7 CAPSULE IN FLACONE HDPE	OMEPRAZOLO	OMEPRAZOLO	20	milligrammi	Capsula rigida gastroresistente	A02BC01	S.F. GROUP S.R.L.	Autorizzata	Procedura Mutuo riconoscimento o Decentrata	Medicinali soggetti a prescrizione medica
038003380	038003	OMOLIN	20 MG CAPSULE RIGIDE GASTRORESISTENTI- 14 CAPSULE IN FLACONE HDPE	OMEPRAZOLO	OMEPRAZOLO	20	milligrammi	Capsula rigida gastroresistente	A02BC01	S.F. GROUP S.R.L.	Autorizzata	Procedura Mutuo riconoscimento o Decentrata	Medicinali soggetti a prescrizione medica
038003392	038003	OMOLIN	20 MG CAPSULE RIGIDE GASTRORESISTENTI- 28 CAPSULE IN FLACONE HDPE	OMEPRAZOLO	OMEPRAZOLO	20	milligrammi	Capsula rigida gastroresistente	A02BC01	S.F. GROUP S.R.L.	Autorizzata	Procedura Mutuo riconoscimento o Decentrata	Medicinali soggetti a prescrizione medica
038003404	038003	OMOLIN	20 MG CAPSULE RIGIDE GASTRORESISTENTI- 30 CAPSULE IN FLACONE HDPE	OMEPRAZOLO	OMEPRAZOLO	20	milligrammi	Capsula rigida gastroresistente	A02BC01	S.F. GROUP S.R.L.	Autorizzata	Procedura Mutuo riconoscimento o Decentrata	Medicinali soggetti a prescrizione medica
038003416	038003	OMOLIN	20 MG CAPSULE RIGIDE GASTRORESISTENTI- 56 CAPSULE IN FLACONE HDPE	OMEPRAZOLO	OMEPRAZOLO	20	milligrammi	Capsula rigida gastroresistente	A02BC01	S.F. GROUP S.R.L.	Autorizzata	Procedura Mutuo riconoscimento o Decentrata	Medicinali soggetti a prescrizione medica
038003428	038003	OMOLIN	20 MG CAPSULE RIGIDE GASTRORESISTENTI- 60 CAPSULE IN FLACONE HDPE	OMEPRAZOLO	OMEPRAZOLO	20	milligrammi	Capsula rigida gastroresistente	A02BC01	S.F. GROUP S.R.L.	Autorizzata	Procedura Mutuo riconoscimento o Decentrata	Medicinali soggetti a prescrizione medica
038003430	038003	OMOLIN	20 MG CAPSULE RIGIDE GASTRORESISTENTI- 90 CAPSULE IN FLACONE HDPE	OMEPRAZOLO	OMEPRAZOLO	20	milligrammi	Capsula rigida gastroresistente	A02BC01	S.F. GROUP S.R.L.	Autorizzata	Procedura Mutuo riconoscimento o Decentrata	Medicinali soggetti a prescrizione medica
038003442	038003	OMOLIN	20 MG CAPSULE RIGIDE GASTRORESISTENTI- 500 CAPSULE IN FLACONE HDPE	OMEPRAZOLO	OMEPRAZOLO	20	milligrammi	Capsula rigida gastroresistente	A02BC01	S.F. GROUP S.R.L.	Autorizzata	Procedura Mutuo riconoscimento o Decentrata	Medicinali soggetti a prescrizione medica
038082018	038082	OMEPRAZOLO DOC GENERICI	10 MG CAPSULE RIGIDE GASTRORESISTENTI- 7 CAPSULE IN BLISTER AL/AL	OMEPRAZOLO	OMEPRAZOLO	10	milligrammi	Capsula rigida gastroresistente	A02BC01	DOC GENERICI SRL	Autorizzata	Procedura Mutuo riconoscimento o Decentrata	Medicinali soggetti a prescrizione medica
038082020	038082	OMEPRAZOLO DOC GENERICI	10 MG CAPSULE RIGIDE GASTRORESISTENTI- 14 CAPSULE IN BLISTER AL/AL	OMEPRAZOLO	OMEPRAZOLO	10	milligrammi	Capsula rigida gastroresistente	A02BC01	DOC GENERICI SRL	Autorizzata	Procedura Mutuo riconoscimento o Decentrata	Medicinali soggetti a prescrizione medica
038082032	038082	OMEPRAZOLO DOC GENERICI	10 MG CAPSULE RIGIDE GASTRORESISTENTI- 15 CAPSULE IN BLISTER AL/AL	OMEPRAZOLO	OMEPRAZOLO	10	milligrammi	Capsula rigida gastroresistente	A02BC01	DOC GENERICI SRL	Autorizzata	Procedura Mutuo riconoscimento o Decentrata	Medicinali soggetti a prescrizione medica
038082044	038082	OMEPRAZOLO DOC GENERICI	10 MG CAPSULE RIGIDE GASTRORESISTENTI- 28 CAPSULE IN BLISTER AL/AL	OMEPRAZOLO	OMEPRAZOLO	10	milligrammi	Capsula rigida gastroresistente	A02BC01	DOC GENERICI SRL	Autorizzata	Procedura Mutuo riconoscimento o Decentrata	Medicinali soggetti a prescrizione medica
038082057	038082	OMEPRAZOLO DOC GENERICI	10 MG CAPSULE RIGIDE GASTRORESISTENTI- 30 CAPSULE IN BLISTER AL/AL	OMEPRAZOLO	OMEPRAZOLO	10	milligrammi	Capsula rigida gastroresistente	A02BC01	DOC GENERICI SRL	Autorizzata	Procedura Mutuo riconoscimento o Decentrata	Medicinali soggetti a prescrizione medica
038082069	038082	OMEPRAZOLO DOC GENERICI	10 MG CAPSULE RIGIDE GASTRORESISTENTI- 50 CAPSULE IN BLISTER AL/AL	OMEPRAZOLO	OMEPRAZOLO	10	milligrammi	Capsula rigida gastroresistente	A02BC01	DOC GENERICI SRL	Autorizzata	Procedura Mutuo riconoscimento o Decentrata	Medicinali soggetti a prescrizione medica
038082071	038082	OMEPRAZOLO DOC GENERICI	10 MG CAPSULE RIGIDE GASTRORESISTENTI- 56 CAPSULE IN BLISTER AL/AL	OMEPRAZOLO	OMEPRAZOLO	10	milligrammi	Capsula rigida gastroresistente	A02BC01	DOC GENERICI SRL	Autorizzata	Procedura Mutuo riconoscimento o Decentrata	Medicinali soggetti a prescrizione medica
038082083	038082	OMEPRAZOLO DOC GENERICI	10 MG CAPSULE RIGIDE GASTRORESISTENTI- 60 CAPSULE IN BLISTER AL/AL	OMEPRAZOLO	OMEPRAZOLO	10	milligrammi	Capsula rigida gastroresistente	A02BC01	DOC GENERICI SRL	Autorizzata	Procedura Mutuo riconoscimento o Decentrata	Medicinali soggetti a prescrizione medica
038082095	038082	OMEPRAZOLO DOC GENERICI	10 MG CAPSULE RIGIDE GASTRORESISTENTI- 90 CAPSULE IN BLISTER AL/AL	OMEPRAZOLO	OMEPRAZOLO	10	milligrammi	Capsula rigida gastroresistente	A02BC01	DOC GENERICI SRL	Autorizzata	Procedura Mutuo riconoscimento o Decentrata	Medicinali soggetti a prescrizione medica
038082107	038082	OMEPRAZOLO DOC GENERICI	10 MG CAPSULE RIGIDE GASTRORESISTENTI- 98 CAPSULE IN BLISTER AL/AL	OMEPRAZOLO	OMEPRAZOLO	10	milligrammi	Capsula rigida gastroresistente	A02BC01	DOC GENERICI SRL	Autorizzata	Procedura Mutuo riconoscimento o Decentrata	Medicinali soggetti a prescrizione medica
038082119	038082	OMEPRAZOLO DOC GENERICI	10 MG CAPSULE RIGIDE GASTRORESISTENTI- 100 CAPSULE IN BLISTER AL/AL	OMEPRAZOLO	OMEPRAZOLO	10	milligrammi	Capsula rigida gastroresistente	A02BC01	DOC GENERICI SRL	Autorizzata	Procedura Mutuo riconoscimento o Decentrata	Medicinali soggetti a prescrizione medica
038082121	038082	OMEPRAZOLO DOC GENERICI	10 MG CAPSULE RIGIDE GASTRORESISTENTI- 140 CAPSULE IN BLISTER AL/AL	OMEPRAZOLO	OMEPRAZOLO	10	milligrammi	Capsula rigida gastroresistente	A02BC01	DOC GENERICI SRL	Autorizzata	Procedura Mutuo riconoscimento o Decentrata	Medicinali soggetti a prescrizione medica
038082133	038082	OMEPRAZOLO DOC GENERICI	10 MG CAPSULE RIGIDE GASTRORESISTENTI- 280 CAPSULE IN BLISTER AL/AL	OMEPRAZOLO	OMEPRAZOLO	10	milligrammi	Capsula rigida gastroresistente	A02BC01	DOC GENERICI SRL	Autorizzata	Procedura Mutuo riconoscimento o Decentrata	Medicinali soggetti a prescrizione medica
038082145	038082	OMEPRAZOLO DOC GENERICI	10 MG CAPSULE RIGIDE GASTRORESISTENTI- 500 CAPSULE IN BLISTER AL/AL	OMEPRAZOLO	OMEPRAZOLO	10	milligrammi	Capsula rigida gastroresistente	A02BC01	DOC GENERICI SRL	Autorizzata	Procedura Mutuo riconoscimento o Decentrata	Medicinali soggetti a prescrizione medica
038082158	038082	OMEPRAZOLO DOC GENERICI	10 MG CAPSULE RIGIDE GASTRORESISTENTI- 5 CAPSULE IN FLACONE HDPE	OMEPRAZOLO	OMEPRAZOLO	10	milligrammi	Capsula rigida gastroresistente	A02BC01	DOC GENERICI SRL	Autorizzata	Procedura Mutuo riconoscimento o Decentrata	Medicinali soggetti a prescrizione medica
038082160	038082	OMEPRAZOLO DOC GENERICI	10 MG CAPSULE RIGIDE GASTRORESISTENTI- 7 CAPSULE IN FLACONE HDPE	OMEPRAZOLO	OMEPRAZOLO	10	milligrammi	Capsula rigida gastroresistente	A02BC01	DOC GENERICI SRL	Autorizzata	Procedura Mutuo riconoscimento o Decentrata	Medicinali soggetti a prescrizione medica
038082172	038082	OMEPRAZOLO DOC GENERICI	10 MG CAPSULE RIGIDE GASTRORESISTENTI- 14 CAPSULE IN FLACONE HDPE	OMEPRAZOLO	OMEPRAZOLO	10	milligrammi	Capsula rigida gastroresistente	A02BC01	DOC GENERICI SRL	Autorizzata	Procedura Mutuo riconoscimento o Decentrata	Medicinali soggetti a prescrizione medica
038082184	038082	OMEPRAZOLO DOC GENERICI	10 MG CAPSULE RIGIDE GASTRORESISTENTI- 15 CAPSULE IN FLACONE HDPE	OMEPRAZOLO	OMEPRAZOLO	10	milligrammi	Capsula rigida gastroresistente	A02BC01	DOC GENERICI SRL	Autorizzata	Procedura Mutuo riconoscimento o Decentrata	Medicinali soggetti a prescrizione medica
038082196	038082	OMEPRAZOLO DOC GENERICI	10 MG CAPSULE RIGIDE GASTRORESISTENTI- 28 CAPSULE IN FLACONE HDPE	OMEPRAZOLO	OMEPRAZOLO	10	milligrammi	Capsula rigida gastroresistente	A02BC01	DOC GENERICI SRL	Autorizzata	Procedura Mutuo riconoscimento o Decentrata	Medicinali soggetti a prescrizione medica
038082208	038082	OMEPRAZOLO DOC GENERICI	10 MG CAPSULE RIGIDE GASTRORESISTENTI- 30 CAPSULE IN FLACONE HDPE	OMEPRAZOLO	OMEPRAZOLO	10	milligrammi	Capsula rigida gastroresistente	A02BC01	DOC GENERICI SRL	Autorizzata	Procedura Mutuo riconoscimento o Decentrata	Medicinali soggetti a prescrizione medica
038082210	038082	OMEPRAZOLO DOC GENERICI	10 MG CAPSULE RIGIDE GASTRORESISTENTI- 50 CAPSULE IN FLACONE HDPE	OMEPRAZOLO	OMEPRAZOLO	10	milligrammi	Capsula rigida gastroresistente	A02BC01	DOC GENERICI SRL	Autorizzata	Procedura Mutuo riconoscimento o Decentrata	Medicinali soggetti a prescrizione medica
038082222	038082	OMEPRAZOLO DOC GENERICI	10 MG CAPSULE RIGIDE GASTRORESISTENTI- 56 CAPSULE IN FLACONE HDPE	OMEPRAZOLO	OMEPRAZOLO	10	milligrammi	Capsula rigida gastroresistente	A02BC01	DOC GENERICI SRL	Autorizzata	Procedura Mutuo riconoscimento o Decentrata	Medicinali soggetti a prescrizione medica
038082234	038082	OMEPRAZOLO DOC GENERICI	10 MG CAPSULE RIGIDE GASTRORESISTENTI- 60 CAPSULE IN FLACONE HDPE	OMEPRAZOLO	OMEPRAZOLO	10	milligrammi	Capsula rigida gastroresistente	A02BC01	DOC GENERICI SRL	Autorizzata	Procedura Mutuo riconoscimento o Decentrata	Medicinali soggetti a prescrizione medica
038082246	038082	OMEPRAZOLO DOC GENERICI	10 MG CAPSULE RIGIDE GASTRORESISTENTI- 90 CAPSULE IN FLACONE HDPE	OMEPRAZOLO	OMEPRAZOLO	10	milligrammi	Capsula rigida gastroresistente	A02BC01	DOC GENERICI SRL	Autorizzata	Procedura Mutuo riconoscimento o Decentrata	Medicinali soggetti a prescrizione medica
038082259	038082	OMEPRAZOLO DOC GENERICI	10 MG CAPSULE RIGIDE GASTRORESISTENTI- 100 CAPSULE IN FLACONE HDPE	OMEPRAZOLO	OMEPRAZOLO	10	milligrammi	Capsula rigida gastroresistente	A02BC01	DOC GENERICI SRL	Autorizzata	Procedura Mutuo riconoscimento o Decentrata	Medicinali soggetti a prescrizione medica
038082261	038082	OMEPRAZOLO DOC GENERICI	10 MG CAPSULE RIGIDE GASTRORESISTENTI- 500 CAPSULE IN FLACONE HDPE	OMEPRAZOLO	OMEPRAZOLO	10	milligrammi	Capsula rigida gastroresistente	A02BC01	DOC GENERICI SRL	Autorizzata	Procedura Mutuo riconoscimento o Decentrata	Medicinali soggetti a prescrizione medica
038082273	038082	OMEPRAZOLO DOC GENERICI	20 MG CAPSULE RIGIDE GASTRORESISTENTI- 7 CAPSULE IN BLISTER AL/AL	OMEPRAZOLO	OMEPRAZOLO	20	milligrammi	Capsula rigida gastroresistente	A02BC01	DOC GENERICI SRL	Autorizzata	Procedura Mutuo riconoscimento o Decentrata	Medicinali soggetti a prescrizione medica
038082285	038082	OMEPRAZOLO DOC GENERICI	20 MG CAPSULE RIGIDE GASTRORESISTENTI- 14 CAPSULE IN BLISTER AL/AL	OMEPRAZOLO	OMEPRAZOLO	20	milligrammi	Capsula rigida gastroresistente	A02BC01	DOC GENERICI SRL	Autorizzata	Procedura Mutuo riconoscimento o Decentrata	Medicinali soggetti a prescrizione medica
038082297	038082	OMEPRAZOLO DOC GENERICI	20 MG CAPSULE RIGIDE GASTRORESISTENTI- 15 CAPSULE IN BLISTER AL/AL	OMEPRAZOLO	OMEPRAZOLO	20	milligrammi	Capsula rigida gastroresistente	A02BC01	DOC GENERICI SRL	Autorizzata	Procedura Mutuo riconoscimento o Decentrata	Medicinali soggetti a prescrizione medica
038082309	038082	OMEPRAZOLO DOC GENERICI	20 MG CAPSULE RIGIDE GASTRORESISTENTI- 28 CAPSULE IN BLISTER AL/AL	OMEPRAZOLO	OMEPRAZOLO	20	milligrammi	Capsula rigida gastroresistente	A02BC01	DOC GENERICI SRL	Autorizzata	Procedura Mutuo riconoscimento o Decentrata	Medicinali soggetti a prescrizione medica
038082311	038082	OMEPRAZOLO DOC GENERICI	20 MG CAPSULE RIGIDE GASTRORESISTENTI- 30 CAPSULE IN BLISTER AL/AL	OMEPRAZOLO	OMEPRAZOLO	20	milligrammi	Capsula rigida gastroresistente	A02BC01	DOC GENERICI SRL	Autorizzata	Procedura Mutuo riconoscimento o Decentrata	Medicinali soggetti a prescrizione medica
038082323	038082	OMEPRAZOLO DOC GENERICI	20 MG CAPSULE RIGIDE GASTRORESISTENTI- 50 CAPSULE IN BLISTER AL/AL	OMEPRAZOLO	OMEPRAZOLO	20	milligrammi	Capsula rigida gastroresistente	A02BC01	DOC GENERICI SRL	Autorizzata	Procedura Mutuo riconoscimento o Decentrata	Medicinali soggetti a prescrizione medica
038082335	038082	OMEPRAZOLO DOC GENERICI	20 MG CAPSULE RIGIDE GASTRORESISTENTI- 56 CAPSULE IN BLISTER AL/AL	OMEPRAZOLO	OMEPRAZOLO	20	milligrammi	Capsula rigida gastroresistente	A02BC01	DOC GENERICI SRL	Autorizzata	Procedura Mutuo riconoscimento o Decentrata	Medicinali soggetti a prescrizione medica
038082347	038082	OMEPRAZOLO DOC GENERICI	20 MG CAPSULE RIGIDE GASTRORESISTENTI- 60 CAPSULE IN BLISTER AL/AL	OMEPRAZOLO	OMEPRAZOLO	20	milligrammi	Capsula rigida gastroresistente	A02BC01	DOC GENERICI SRL	Autorizzata	Procedura Mutuo riconoscimento o Decentrata	Medicinali soggetti a prescrizione medica
038082350	038082	OMEPRAZOLO DOC GENERICI	20 MG CAPSULE RIGIDE GASTRORESISTENTI- 90 CAPSULE IN BLISTER AL/AL	OMEPRAZOLO	OMEPRAZOLO	20	milligrammi	Capsula rigida gastroresistente	A02BC01	DOC GENERICI SRL	Autorizzata	Procedura Mutuo riconoscimento o Decentrata	Medicinali soggetti a prescrizione medica
038082362	038082	OMEPRAZOLO DOC GENERICI	20 MG CAPSULE RIGIDE GASTRORESISTENTI- 98 CAPSULE IN BLISTER AL/AL	OMEPRAZOLO	OMEPRAZOLO	20	milligrammi	Capsula rigida gastroresistente	A02BC01	DOC GENERICI SRL	Autorizzata	Procedura Mutuo riconoscimento o Decentrata	Medicinali soggetti a prescrizione medica
038082374	038082	OMEPRAZOLO DOC GENERICI	20 MG CAPSULE RIGIDE GASTRORESISTENTI- 100 CAPSULE IN BLISTER AL/AL	OMEPRAZOLO	OMEPRAZOLO	20	milligrammi	Capsula rigida gastroresistente	A02BC01	DOC GENERICI SRL	Autorizzata	Procedura Mutuo riconoscimento o Decentrata	Medicinali soggetti a prescrizione medica
038082386	038082	OMEPRAZOLO DOC GENERICI	20 MG CAPSULE RIGIDE GASTRORESISTENTI- 140 CAPSULE IN BLISTER AL/AL	OMEPRAZOLO	OMEPRAZOLO	20	milligrammi	Capsula rigida gastroresistente	A02BC01	DOC GENERICI SRL	Autorizzata	Procedura Mutuo riconoscimento o Decentrata	Medicinali soggetti a prescrizione medica
038082398	038082	OMEPRAZOLO DOC GENERICI	20 MG CAPSULE RIGIDE GASTRORESISTENTI- 280 CAPSULE IN BLISTER AL/AL	OMEPRAZOLO	OMEPRAZOLO	20	milligrammi	Capsula rigida gastroresistente	A02BC01	DOC GENERICI SRL	Autorizzata	Procedura Mutuo riconoscimento o Decentrata	Medicinali soggetti a prescrizione medica
038082400	038082	OMEPRAZOLO DOC GENERICI	20 MG CAPSULE RIGIDE GASTRORESISTENTI- 500 CAPSULE IN BLISTER AL/AL	OMEPRAZOLO	OMEPRAZOLO	20	milligrammi	Capsula rigida gastroresistente	A02BC01	DOC GENERICI SRL	Autorizzata	Procedura Mutuo riconoscimento o Decentrata	Medicinali soggetti a prescrizione medica
038082412	038082	OMEPRAZOLO DOC GENERICI	20 MG CAPSULE RIGIDE GASTRORESISTENTI- 5 CAPSULE IN FLACONE HDPE	OMEPRAZOLO	OMEPRAZOLO	20	milligrammi	Capsula rigida gastroresistente	A02BC01	DOC GENERICI SRL	Autorizzata	Procedura Mutuo riconoscimento o Decentrata	Medicinali soggetti a prescrizione medica
038082424	038082	OMEPRAZOLO DOC GENERICI	20 MG CAPSULE RIGIDE GASTRORESISTENTI- 7 CAPSULE IN FLACONE HDPE	OMEPRAZOLO	OMEPRAZOLO	20	milligrammi	Capsula rigida gastroresistente	A02BC01	DOC GENERICI SRL	Autorizzata	Procedura Mutuo riconoscimento o Decentrata	Medicinali soggetti a prescrizione medica
038082436	038082	OMEPRAZOLO DOC GENERICI	20 MG CAPSULE RIGIDE GASTRORESISTENTI- 14 CAPSULE IN FLACONE HDPE	OMEPRAZOLO	OMEPRAZOLO	20	milligrammi	Capsula rigida gastroresistente	A02BC01	DOC GENERICI SRL	Autorizzata	Procedura Mutuo riconoscimento o Decentrata	Medicinali soggetti a prescrizione medica
038082448	038082	OMEPRAZOLO DOC GENERICI	20 MG CAPSULE RIGIDE GASTRORESISTENTI- 15 CAPSULE IN FLACONE HDPE	OMEPRAZOLO	OMEPRAZOLO	20	milligrammi	Capsula rigida gastroresistente	A02BC01	DOC GENERICI SRL	Autorizzata	Procedura Mutuo riconoscimento o Decentrata	Medicinali soggetti a prescrizione medica
038082451	038082	OMEPRAZOLO DOC GENERICI	20 MG CAPSULE RIGIDE GASTRORESISTENTI- 28 CAPSULE IN FLACONE HDPE	OMEPRAZOLO	OMEPRAZOLO	20	milligrammi	Capsula rigida gastroresistente	A02BC01	DOC GENERICI SRL	Autorizzata	Procedura Mutuo riconoscimento o Decentrata	Medicinali soggetti a prescrizione medica
038082463	038082	OMEPRAZOLO DOC GENERICI	20 MG CAPSULE RIGIDE GASTRORESISTENTI- 30 CAPSULE IN FLACONE HDPE	OMEPRAZOLO	OMEPRAZOLO	20	milligrammi	Capsula rigida gastroresistente	A02BC01	DOC GENERICI SRL	Autorizzata	Procedura Mutuo riconoscimento o Decentrata	Medicinali soggetti a prescrizione medica
038082475	038082	OMEPRAZOLO DOC GENERICI	20 MG CAPSULE RIGIDE GASTRORESISTENTI- 50 CAPSULE IN FLACONE HDPE	OMEPRAZOLO	OMEPRAZOLO	20	milligrammi	Capsula rigida gastroresistente	A02BC01	DOC GENERICI SRL	Autorizzata	Procedura Mutuo riconoscimento o Decentrata	Medicinali soggetti a prescrizione medica
038082487	038082	OMEPRAZOLO DOC GENERICI	20 MG CAPSULE RIGIDE GASTRORESISTENTI- 56 CAPSULE IN FLACONE HDPE	OMEPRAZOLO	OMEPRAZOLO	20	milligrammi	Capsula rigida gastroresistente	A02BC01	DOC GENERICI SRL	Autorizzata	Procedura Mutuo riconoscimento o Decentrata	Medicinali soggetti a prescrizione medica
038082499	038082	OMEPRAZOLO DOC GENERICI	20 MG CAPSULE RIGIDE GASTRORESISTENTI- 60 CAPSULE IN FLACONE HDPE	OMEPRAZOLO	OMEPRAZOLO	20	milligrammi	Capsula rigida gastroresistente	A02BC01	DOC GENERICI SRL	Autorizzata	Procedura Mutuo riconoscimento o Decentrata	Medicinali soggetti a prescrizione medica
038082501	038082	OMEPRAZOLO DOC GENERICI	20 MG CAPSULE RIGIDE GASTRORESISTENTI- 90 CAPSULE IN FLACONE HDPE	OMEPRAZOLO	OMEPRAZOLO	20	milligrammi	Capsula rigida gastroresistente	A02BC01	DOC GENERICI SRL	Autorizzata	Procedura Mutuo riconoscimento o Decentrata	Medicinali soggetti a prescrizione medica
038082513	038082	OMEPRAZOLO DOC GENERICI	20 MG CAPSULE RIGIDE GASTRORESISTENTI- 100 CAPSULE IN FLACONE HDPE	OMEPRAZOLO	OMEPRAZOLO	20	milligrammi	Capsula rigida gastroresistente	A02BC01	DOC GENERICI SRL	Autorizzata	Procedura Mutuo riconoscimento o Decentrata	Medicinali soggetti a prescrizione medica
038082525	038082	OMEPRAZOLO DOC GENERICI	20 MG CAPSULE RIGIDE GASTRORESISTENTI- 500 CAPSULE IN FLACONE HDPE	OMEPRAZOLO	OMEPRAZOLO	20	milligrammi	Capsula rigida gastroresistente	A02BC01	DOC GENERICI SRL	Autorizzata	Procedura Mutuo riconoscimento o Decentrata	Medicinali soggetti a prescrizione medica
038082537	038082	OMEPRAZOLO DOC GENERICI	10 MG CAPSULE RIGIDE GASTRORESISTENTI- 35 CAPSULE IN BLISTER AL/AL	OMEPRAZOLO	OMEPRAZOLO	10	milligrammi	Capsula rigida gastroresistente	A02BC01	DOC GENERICI SRL	Autorizzata	Procedura Mutuo riconoscimento o Decentrata	Medicinali soggetti a prescrizione medica
038082549	038082	OMEPRAZOLO DOC GENERICI	20 MG CAPSULE RIGIDE GASTRORESISTENTI- 35 CAPSULE IN BLISTER AL/AL	OMEPRAZOLO	OMEPRAZOLO	20	milligrammi	Capsula rigida gastroresistente	A02BC01	DOC GENERICI SRL	Autorizzata	Procedura Mutuo riconoscimento o Decentrata	Medicinali soggetti a prescrizione medica
038239012	038239	ULCEZOL	20 MG CAPSULE RIGIDE GASTRORESISTENTI- 14 CAPSULE	OMEPRAZOLO	OMEPRAZOLO			Capsula rigida gastroresistente	A02BC01	S.F. GROUP S.R.L.	Autorizzata	Procedura Nazionale	Medicinali soggetti a prescrizione medica
038239024	038239	ULCEZOL	20 MG CAPSULE RIGIDE GASTRORESISTENTI- 28 CAPSULE IN BLISTER PVC-AL-PA/AL-AL	OMEPRAZOLO	OMEPRAZOLO			Capsula rigida gastroresistente	A02BC01	S.F. GROUP S.R.L.	Autorizzata	Procedura Nazionale	Medicinali soggetti a prescrizione medica
038258012	038258	OMEPRAZOLO FG	20 MG CAPSULE RIGIDE GASTRORESISTENTI- 14 CAPSULE	OMEPRAZOLO	OMEPRAZOLO	20	milligrammi	Capsula rigida gastroresistente	A02BC01	FG S.R.L.	Autorizzata	Procedura Nazionale	Medicinali soggetti a prescrizione medica
038258024	038258	OMEPRAZOLO FG	20 MG CAPSULE RIGIDE GASTRORESISTENTI- 28 CAPSULE IN BLISTER PVC/AL/PA/AL/AL	OMEPRAZOLO	OMEPRAZOLO	20	milligrammi	Capsula rigida gastroresistente	A02BC01	FG S.R.L.	Autorizzata	Procedura Nazionale	Medicinali soggetti a prescrizione medica
038341018	038341	OMEPRAZOLO SANDOZ GMBH	10 MG CAPSULE RIGIDE GASTRORESISTENTI- 14 CAPSULE IN BLISTER AL/AL	OMEPRAZOLO	OMEPRAZOLO	10	milligrammi	Capsula rigida gastroresistente	A02BC01	SANDOZ GMBH	Autorizzata	Procedura Mutuo riconoscimento o Decentrata	Medicinali soggetti a prescrizione medica
038341020	038341	OMEPRAZOLO SANDOZ GMBH	20 MG CAPSULE RIGIDE GASTRORESISTENTI- 14 CAPSULE IN BLISTER AL/AL	OMEPRAZOLO	OMEPRAZOLO	20	milligrammi	Capsula rigida gastroresistente	A02BC01	SANDOZ GMBH	Autorizzata	Procedura Mutuo riconoscimento o Decentrata	Medicinali soggetti a prescrizione medica
038341032	038341	OMEPRAZOLO SANDOZ GMBH	20 MG CAPSULE RIGIDE GASTRORESISTENTI- 28 CAPSULE IN BLISTER AL/AL	OMEPRAZOLO	OMEPRAZOLO	20	milligrammi	Capsula rigida gastroresistente	A02BC01	SANDOZ GMBH	Autorizzata	Procedura Mutuo riconoscimento o Decentrata	Medicinali soggetti a prescrizione medica
038341044	038341	OMEPRAZOLO SANDOZ GMBH	20 MG CAPSULE RIGIDE GASTRORESISTENTI- 15 CAPSULE IN CONTENITORE HDPE	OMEPRAZOLO	OMEPRAZOLO	20	milligrammi	Capsula rigida gastroresistente	A02BC01	SANDOZ GMBH	Autorizzata	Procedura Mutuo riconoscimento o Decentrata	Medicinali soggetti a prescrizione medica
038341057	038341	OMEPRAZOLO SANDOZ GMBH	10 MG CAPSULE RIGIDE GASTRORESISTENTI- 14 CAPSULE IN CONTENITORE HDPE	OMEPRAZOLO	OMEPRAZOLO	10	milligrammi	Capsula rigida gastroresistente	A02BC01	SANDOZ GMBH	Autorizzata	Procedura Mutuo riconoscimento o Decentrata	Medicinali soggetti a prescrizione medica
038341069	038341	OMEPRAZOLO SANDOZ GMBH	10 MG CAPSULE RIGIDE GASTRORESISTENTI- 28 CAPSULE IN CONTENITORE HDPE	OMEPRAZOLO	OMEPRAZOLO	10	milligrammi	Capsula rigida gastroresistente	A02BC01	SANDOZ GMBH	Autorizzata	Procedura Mutuo riconoscimento o Decentrata	Medicinali soggetti a prescrizione medica
038341071	038341	OMEPRAZOLO SANDOZ GMBH	20 MG CAPSULE RIGIDE GASTRORESISTENTI- 14 CAPSULE IN CONTENITORE HDPE	OMEPRAZOLO	OMEPRAZOLO	20	milligrammi	Capsula rigida gastroresistente	A02BC01	SANDOZ GMBH	Autorizzata	Procedura Mutuo riconoscimento o Decentrata	Medicinali soggetti a prescrizione medica
038341083	038341	OMEPRAZOLO SANDOZ GMBH	20 MG CAPSULE RIGIDE GASTRORESISTENTI- 28 CAPSULE IN CONTENITORE HDPE	OMEPRAZOLO	OMEPRAZOLO	20	milligrammi	Capsula rigida gastroresistente	A02BC01	SANDOZ GMBH	Autorizzata	Procedura Mutuo riconoscimento o Decentrata	Medicinali soggetti a prescrizione medica
038965012	038965	OMEPRAZOLO EG STADA	10 MG CAPSULE RIGIDE GASTRORESISTENTI- 7 CAPSULE IN BLISTER OPA/AL/PVC-AL	OMEPRAZOLO	OMEPRAZOLO			Capsula rigida gastroresistente	A02BC01	EG S.P.A.	Autorizzata	Procedura Mutuo riconoscimento o Decentrata	Medicinali soggetti a prescrizione medica
038965024	038965	OMEPRAZOLO EG STADA	10 MG CAPSULE RIGIDE GASTRORESISTENTI- 14 CAPSULE IN BLISTER OPA/AL/PVC-AL	OMEPRAZOLO	OMEPRAZOLO			Capsula rigida gastroresistente	A02BC01	EG S.P.A.	Autorizzata	Procedura Mutuo riconoscimento o Decentrata	Medicinali soggetti a prescrizione medica
038965036	038965	OMEPRAZOLO EG STADA	10 MG CAPSULE RIGIDE GASTRORESISTENTI- 15 CAPSULE IN BLISTER OPA/AL/PVC-AL	OMEPRAZOLO	OMEPRAZOLO			Capsula rigida gastroresistente	A02BC01	EG S.P.A.	Autorizzata	Procedura Mutuo riconoscimento o Decentrata	Medicinali soggetti a prescrizione medica
038965048	038965	OMEPRAZOLO EG STADA	10 MG CAPSULE RIGIDE GASTRORESISTENTI- 28 CAPSULE IN BLISTER OPA/AL/PVC-AL	OMEPRAZOLO	OMEPRAZOLO			Capsula rigida gastroresistente	A02BC01	EG S.P.A.	Autorizzata	Procedura Mutuo riconoscimento o Decentrata	Medicinali soggetti a prescrizione medica
038965051	038965	OMEPRAZOLO EG STADA	10 MG CAPSULE RIGIDE GASTRORESISTENTI- 30 CAPSULE IN BLISTER OPA/AL/PVC-AL	OMEPRAZOLO	OMEPRAZOLO			Capsula rigida gastroresistente	A02BC01	EG S.P.A.	Autorizzata	Procedura Mutuo riconoscimento o Decentrata	Medicinali soggetti a prescrizione medica
038965063	038965	OMEPRAZOLO EG STADA	10 MG CAPSULE RIGIDE GASTRORESISTENTI- 50 CAPSULE IN BLISTER OPA/AL/PVC-AL	OMEPRAZOLO	OMEPRAZOLO			Capsula rigida gastroresistente	A02BC01	EG S.P.A.	Autorizzata	Procedura Mutuo riconoscimento o Decentrata	Medicinali soggetti a prescrizione medica
038965075	038965	OMEPRAZOLO EG STADA	10 MG CAPSULE RIGIDE GASTRORESISTENTI- 56 CAPSULE IN BLISTER OPA/AL/PVC-AL	OMEPRAZOLO	OMEPRAZOLO			Capsula rigida gastroresistente	A02BC01	EG S.P.A.	Autorizzata	Procedura Mutuo riconoscimento o Decentrata	Medicinali soggetti a prescrizione medica
038965087	038965	OMEPRAZOLO EG STADA	10 MG CAPSULE RIGIDE GASTRORESISTENTI- 60 CAPSULE IN BLISTER OPA/AL/PVC-AL	OMEPRAZOLO	OMEPRAZOLO			Capsula rigida gastroresistente	A02BC01	EG S.P.A.	Autorizzata	Procedura Mutuo riconoscimento o Decentrata	Medicinali soggetti a prescrizione medica
038965099	038965	OMEPRAZOLO EG STADA	10 MG CAPSULE RIGIDE GASTRORESISTENTI- 90 CAPSULE IN BLISTER OPA/AL/PVC-AL	OMEPRAZOLO	OMEPRAZOLO			Capsula rigida gastroresistente	A02BC01	EG S.P.A.	Autorizzata	Procedura Mutuo riconoscimento o Decentrata	Medicinali soggetti a prescrizione medica
038965101	038965	OMEPRAZOLO EG STADA	10 MG CAPSULE RIGIDE GASTRORESISTENTI- 98 CAPSULE IN BLISTER OPA/AL/PVC-AL	OMEPRAZOLO	OMEPRAZOLO			Capsula rigida gastroresistente	A02BC01	EG S.P.A.	Autorizzata	Procedura Mutuo riconoscimento o Decentrata	Medicinali soggetti a prescrizione medica
038965113	038965	OMEPRAZOLO EG STADA	10 MG CAPSULE RIGIDE GASTRORESISTENTI- 100 CAPSULE IN BLISTER OPA/AL/PVC-AL	OMEPRAZOLO	OMEPRAZOLO			Capsula rigida gastroresistente	A02BC01	EG S.P.A.	Autorizzata	Procedura Mutuo riconoscimento o Decentrata	Medicinali soggetti a prescrizione medica
038965125	038965	OMEPRAZOLO EG STADA	10 MG CAPSULE RIGIDE GASTRORESISTENTI- 140 CAPSULE IN BLISTER OPA/AL/PVC-AL	OMEPRAZOLO	OMEPRAZOLO			Capsula rigida gastroresistente	A02BC01	EG S.P.A.	Autorizzata	Procedura Mutuo riconoscimento o Decentrata	Medicinali soggetti a prescrizione medica
038965137	038965	OMEPRAZOLO EG STADA	10 MG CAPSULE RIGIDE GASTRORESISTENTI- 280 CAPSULE IN BLISTER OPA/AL/PVC-AL	OMEPRAZOLO	OMEPRAZOLO			Capsula rigida gastroresistente	A02BC01	EG S.P.A.	Autorizzata	Procedura Mutuo riconoscimento o Decentrata	Medicinali soggetti a prescrizione medica
038965149	038965	OMEPRAZOLO EG STADA	10 MG CAPSULE RIGIDE GASTRORESISTENTI- 500 CAPSULE IN BLISTER OPA/AL/PVC-AL	OMEPRAZOLO	OMEPRAZOLO			Capsula rigida gastroresistente	A02BC01	EG S.P.A.	Autorizzata	Procedura Mutuo riconoscimento o Decentrata	Medicinali soggetti a prescrizione medica
038965152	038965	OMEPRAZOLO EG STADA	10 MG CAPSULE RIGIDE GASTRORESISTENTI- 5 CAPSULE IN FLACONE HDPE	OMEPRAZOLO	OMEPRAZOLO			Capsula rigida gastroresistente	A02BC01	EG S.P.A.	Autorizzata	Procedura Mutuo riconoscimento o Decentrata	Medicinali soggetti a prescrizione medica
038965164	038965	OMEPRAZOLO EG STADA	10 MG CAPSULE RIGIDE GASTRORESISTENTI- 7 CAPSULE IN FLACONE HDPE	OMEPRAZOLO	OMEPRAZOLO			Capsula rigida gastroresistente	A02BC01	EG S.P.A.	Autorizzata	Procedura Mutuo riconoscimento o Decentrata	Medicinali soggetti a prescrizione medica
038965176	038965	OMEPRAZOLO EG STADA	10 MG CAPSULE RIGIDE GASTRORESISTENTI- 14 CAPSULE IN FLACONE HDPE	OMEPRAZOLO	OMEPRAZOLO			Capsula rigida gastroresistente	A02BC01	EG S.P.A.	Autorizzata	Procedura Mutuo riconoscimento o Decentrata	Medicinali soggetti a prescrizione medica
038965188	038965	OMEPRAZOLO EG STADA	10 MG CAPSULE RIGIDE GASTRORESISTENTI- 15 CAPSULE IN FLACONE HDPE	OMEPRAZOLO	OMEPRAZOLO			Capsula rigida gastroresistente	A02BC01	EG S.P.A.	Autorizzata	Procedura Mutuo riconoscimento o Decentrata	Medicinali soggetti a prescrizione medica
038965190	038965	OMEPRAZOLO EG STADA	10 MG CAPSULE RIGIDE GASTRORESISTENTI- 28 CAPSULE IN FLACONE HDPE	OMEPRAZOLO	OMEPRAZOLO			Capsula rigida gastroresistente	A02BC01	EG S.P.A.	Autorizzata	Procedura Mutuo riconoscimento o Decentrata	Medicinali soggetti a prescrizione medica
038965202	038965	OMEPRAZOLO EG STADA	10 MG CAPSULE RIGIDE GASTRORESISTENTI- 30 CAPSULE IN FLACONE HDPE	OMEPRAZOLO	OMEPRAZOLO			Capsula rigida gastroresistente	A02BC01	EG S.P.A.	Autorizzata	Procedura Mutuo riconoscimento o Decentrata	Medicinali soggetti a prescrizione medica
038965214	038965	OMEPRAZOLO EG STADA	10 MG CAPSULE RIGIDE GASTRORESISTENTI- 50 CAPSULE IN FLACONE HDPE	OMEPRAZOLO	OMEPRAZOLO			Capsula rigida gastroresistente	A02BC01	EG S.P.A.	Autorizzata	Procedura Mutuo riconoscimento o Decentrata	Medicinali soggetti a prescrizione medica
038965226	038965	OMEPRAZOLO EG STADA	10 MG CAPSULE RIGIDE GASTRORESISTENTI- 56 CAPSULE IN FLACONE HDPE	OMEPRAZOLO	OMEPRAZOLO			Capsula rigida gastroresistente	A02BC01	EG S.P.A.	Autorizzata	Procedura Mutuo riconoscimento o Decentrata	Medicinali soggetti a prescrizione medica
038965238	038965	OMEPRAZOLO EG STADA	10 MG CAPSULE RIGIDE GASTRORESISTENTI- 60 CAPSULE IN FLACONE HDPE	OMEPRAZOLO	OMEPRAZOLO			Capsula rigida gastroresistente	A02BC01	EG S.P.A.	Autorizzata	Procedura Mutuo riconoscimento o Decentrata	Medicinali soggetti a prescrizione medica
038965240	038965	OMEPRAZOLO EG STADA	10 MG CAPSULE RIGIDE GASTRORESISTENTI- 90 CAPSULE IN FLACONE HDPE	OMEPRAZOLO	OMEPRAZOLO			Capsula rigida gastroresistente	A02BC01	EG S.P.A.	Autorizzata	Procedura Mutuo riconoscimento o Decentrata	Medicinali soggetti a prescrizione medica
038965253	038965	OMEPRAZOLO EG STADA	10 MG CAPSULE RIGIDE GASTRORESISTENTI- 100 CAPSULE IN FLACONE HDPE	OMEPRAZOLO	OMEPRAZOLO			Capsula rigida gastroresistente	A02BC01	EG S.P.A.	Autorizzata	Procedura Mutuo riconoscimento o Decentrata	Medicinali soggetti a prescrizione medica
038965265	038965	OMEPRAZOLO EG STADA	20 MG CAPSULE RIGIDE GASTRORESISTENTI- 7 CAPSULE IN BLISTER OPA/AL/PVC-AL	OMEPRAZOLO	OMEPRAZOLO			Capsula rigida gastroresistente	A02BC01	EG S.P.A.	Autorizzata	Procedura Mutuo riconoscimento o Decentrata	Medicinali soggetti a prescrizione medica
038965277	038965	OMEPRAZOLO EG STADA	20 MG CAPSULE RIGIDE GASTRORESISTENTI- 14 CAPSULE IN BLISTER OPA/AL/PVC-AL	OMEPRAZOLO	OMEPRAZOLO			Capsula rigida gastroresistente	A02BC01	EG S.P.A.	Autorizzata	Procedura Mutuo riconoscimento o Decentrata	Medicinali soggetti a prescrizione medica
038965289	038965	OMEPRAZOLO EG STADA	20 MG CAPSULE RIGIDE GASTRORESISTENTI- 15 CAPSULE IN BLISTER OPA/AL/PVC-AL	OMEPRAZOLO	OMEPRAZOLO			Capsula rigida gastroresistente	A02BC01	EG S.P.A.	Autorizzata	Procedura Mutuo riconoscimento o Decentrata	Medicinali soggetti a prescrizione medica
038965291	038965	OMEPRAZOLO EG STADA	20 MG CAPSULE RIGIDE GASTRORESISTENTI- 28 CAPSULE IN BLISTER OPA/AL/PVC-AL	OMEPRAZOLO	OMEPRAZOLO			Capsula rigida gastroresistente	A02BC01	EG S.P.A.	Autorizzata	Procedura Mutuo riconoscimento o Decentrata	Medicinali soggetti a prescrizione medica
038965303	038965	OMEPRAZOLO EG STADA	20 MG CAPSULE RIGIDE GASTRORESISTENTI- 30 CAPSULE IN BLISTER OPA/AL/PVC-AL	OMEPRAZOLO	OMEPRAZOLO			Capsula rigida gastroresistente	A02BC01	EG S.P.A.	Autorizzata	Procedura Mutuo riconoscimento o Decentrata	Medicinali soggetti a prescrizione medica
038965315	038965	OMEPRAZOLO EG STADA	20 MG CAPSULE RIGIDE GASTRORESISTENTI- 50 CAPSULE IN BLISTER OPA/AL/PVC-AL	OMEPRAZOLO	OMEPRAZOLO			Capsula rigida gastroresistente	A02BC01	EG S.P.A.	Autorizzata	Procedura Mutuo riconoscimento o Decentrata	Medicinali soggetti a prescrizione medica
038965327	038965	OMEPRAZOLO EG STADA	20 MG CAPSULE RIGIDE GASTRORESISTENTI- 56 CAPSULE IN BLISTER OPA/AL/PVC-AL	OMEPRAZOLO	OMEPRAZOLO			Capsula rigida gastroresistente	A02BC01	EG S.P.A.	Autorizzata	Procedura Mutuo riconoscimento o Decentrata	Medicinali soggetti a prescrizione medica
038965339	038965	OMEPRAZOLO EG STADA	20 MG CAPSULE RIGIDE GASTRORESISTENTI- 60 CAPSULE IN BLISTER OPA/AL/PVC-AL	OMEPRAZOLO	OMEPRAZOLO			Capsula rigida gastroresistente	A02BC01	EG S.P.A.	Autorizzata	Procedura Mutuo riconoscimento o Decentrata	Medicinali soggetti a prescrizione medica
038965341	038965	OMEPRAZOLO EG STADA	20 MG CAPSULE RIGIDE GASTRORESISTENTI- 90 CAPSULE IN BLISTER OPA/AL/PVC-AL	OMEPRAZOLO	OMEPRAZOLO			Capsula rigida gastroresistente	A02BC01	EG S.P.A.	Autorizzata	Procedura Mutuo riconoscimento o Decentrata	Medicinali soggetti a prescrizione medica
038965354	038965	OMEPRAZOLO EG STADA	20 MG CAPSULE RIGIDE GASTRORESISTENTI- 98 CAPSULE IN BLISTER OPA/AL/PVC-AL	OMEPRAZOLO	OMEPRAZOLO			Capsula rigida gastroresistente	A02BC01	EG S.P.A.	Autorizzata	Procedura Mutuo riconoscimento o Decentrata	Medicinali soggetti a prescrizione medica
038965366	038965	OMEPRAZOLO EG STADA	20 MG CAPSULE RIGIDE GASTRORESISTENTI- 100 CAPSULE IN BLISTER OPA/AL/PVC-AL	OMEPRAZOLO	OMEPRAZOLO			Capsula rigida gastroresistente	A02BC01	EG S.P.A.	Autorizzata	Procedura Mutuo riconoscimento o Decentrata	Medicinali soggetti a prescrizione medica
038965378	038965	OMEPRAZOLO EG STADA	20 MG CAPSULE RIGIDE GASTRORESISTENTI- 140 CAPSULE IN BLISTER OPA/AL/PVC-AL	OMEPRAZOLO	OMEPRAZOLO			Capsula rigida gastroresistente	A02BC01	EG S.P.A.	Autorizzata	Procedura Mutuo riconoscimento o Decentrata	Medicinali soggetti a prescrizione medica
038965380	038965	OMEPRAZOLO EG STADA	20 MG CAPSULE RIGIDE GASTRORESISTENTI- 280 CAPSULE IN BLISTER OPA/AL/PVC-AL	OMEPRAZOLO	OMEPRAZOLO			Capsula rigida gastroresistente	A02BC01	EG S.P.A.	Autorizzata	Procedura Mutuo riconoscimento o Decentrata	Medicinali soggetti a prescrizione medica
038965392	038965	OMEPRAZOLO EG STADA	20 MG CAPSULE RIGIDE GASTRORESISTENTI- 500 CAPSULE IN BLISTER OPA/AL/PVC-AL	OMEPRAZOLO	OMEPRAZOLO			Capsula rigida gastroresistente	A02BC01	EG S.P.A.	Autorizzata	Procedura Mutuo riconoscimento o Decentrata	Medicinali soggetti a prescrizione medica
038965404	038965	OMEPRAZOLO EG STADA	20 MG CAPSULE RIGIDE GASTRORESISTENTI- 5 CAPSULE IN FLACONE HDPE	OMEPRAZOLO	OMEPRAZOLO			Capsula rigida gastroresistente	A02BC01	EG S.P.A.	Autorizzata	Procedura Mutuo riconoscimento o Decentrata	Medicinali soggetti a prescrizione medica
038965416	038965	OMEPRAZOLO EG STADA	20 MG CAPSULE RIGIDE GASTRORESISTENTI- 7 CAPSULE IN FLACONE HDPE	OMEPRAZOLO	OMEPRAZOLO			Capsula rigida gastroresistente	A02BC01	EG S.P.A.	Autorizzata	Procedura Mutuo riconoscimento o Decentrata	Medicinali soggetti a prescrizione medica
038965428	038965	OMEPRAZOLO EG STADA	20 MG CAPSULE RIGIDE GASTRORESISTENTI- 14 CAPSULE IN FLACONE HDPE	OMEPRAZOLO	OMEPRAZOLO			Capsula rigida gastroresistente	A02BC01	EG S.P.A.	Autorizzata	Procedura Mutuo riconoscimento o Decentrata	Medicinali soggetti a prescrizione medica
038965430	038965	OMEPRAZOLO EG STADA	20 MG CAPSULE RIGIDE GASTRORESISTENTI- 15 CAPSULE IN FLACONE HDPE	OMEPRAZOLO	OMEPRAZOLO			Capsula rigida gastroresistente	A02BC01	EG S.P.A.	Autorizzata	Procedura Mutuo riconoscimento o Decentrata	Medicinali soggetti a prescrizione medica
038965442	038965	OMEPRAZOLO EG STADA	20 MG CAPSULE RIGIDE GASTRORESISTENTI- 28 CAPSULE IN FLACONE HDPE	OMEPRAZOLO	OMEPRAZOLO			Capsula rigida gastroresistente	A02BC01	EG S.P.A.	Autorizzata	Procedura Mutuo riconoscimento o Decentrata	Medicinali soggetti a prescrizione medica
038965455	038965	OMEPRAZOLO EG STADA	20 MG CAPSULE RIGIDE GASTRORESISTENTI- 30 CAPSULE IN FLACONE HDPE	OMEPRAZOLO	OMEPRAZOLO			Capsula rigida gastroresistente	A02BC01	EG S.P.A.	Autorizzata	Procedura Mutuo riconoscimento o Decentrata	Medicinali soggetti a prescrizione medica
038965467	038965	OMEPRAZOLO EG STADA	20 MG CAPSULE RIGIDE GASTRORESISTENTI- 50 CAPSULE IN FLACONE HDPE	OMEPRAZOLO	OMEPRAZOLO			Capsula rigida gastroresistente	A02BC01	EG S.P.A.	Autorizzata	Procedura Mutuo riconoscimento o Decentrata	Medicinali soggetti a prescrizione medica
038965479	038965	OMEPRAZOLO EG STADA	20 MG CAPSULE RIGIDE GASTRORESISTENTI- 56 CAPSULE IN FLACONE HDPE	OMEPRAZOLO	OMEPRAZOLO			Capsula rigida gastroresistente	A02BC01	EG S.P.A.	Autorizzata	Procedura Mutuo riconoscimento o Decentrata	Medicinali soggetti a prescrizione medica
038965481	038965	OMEPRAZOLO EG STADA	20 MG CAPSULE RIGIDE GASTRORESISTENTI- 60 CAPSULE IN FLACONE HDPE	OMEPRAZOLO	OMEPRAZOLO			Capsula rigida gastroresistente	A02BC01	EG S.P.A.	Autorizzata	Procedura Mutuo riconoscimento o Decentrata	Medicinali soggetti a prescrizione medica
038965493	038965	OMEPRAZOLO EG STADA	20 MG CAPSULE RIGIDE GASTRORESISTENTI- 90 CAPSULE IN FLACONE HDPE	OMEPRAZOLO	OMEPRAZOLO			Capsula rigida gastroresistente	A02BC01	EG S.P.A.	Autorizzata	Procedura Mutuo riconoscimento o Decentrata	Medicinali soggetti a prescrizione medica
038965505	038965	OMEPRAZOLO EG STADA	20 MG CAPSULE RIGIDE GASTRORESISTENTI- 100 CAPSULE IN FLACONE HDPE	OMEPRAZOLO	OMEPRAZOLO			Capsula rigida gastroresistente	A02BC01	EG S.P.A.	Autorizzata	Procedura Mutuo riconoscimento o Decentrata	Medicinali soggetti a prescrizione medica
038965529	038965	OMEPRAZOLO EG STADA	20 MG CAPSULE RIGIDE GASTRORESISTENTI- 250 CAPSULE IN FLACONE HDPE	OMEPRAZOLO	OMEPRAZOLO			Capsula rigida gastroresistente	A02BC01	EG S.P.A.	Autorizzata	Procedura Mutuo riconoscimento o Decentrata	Medicinali soggetti a prescrizione medica da rinnovare volta per volta
039610011	039610	OMEPRAZOLO HEXAL A/S	10 MG CAPSULE RIGIDE GASTRORESISTENTI- 7 CAPSULE IN BLISTER AL/AL	OMEPRAZOLO	OMEPRAZOLO	10	milligrammi	Capsula rigida gastroresistente	A02BC01	HEXAL A/S	Autorizzata	Procedura Mutuo riconoscimento o Decentrata	Medicinali soggetti a prescrizione medica
039610023	039610	OMEPRAZOLO HEXAL A/S	10 MG CAPSULE RIGIDE GASTRORESISTENTI- 14 CAPSULE IN BLISTER AL/AL	OMEPRAZOLO	OMEPRAZOLO	10	milligrammi	Capsula rigida gastroresistente	A02BC01	HEXAL A/S	Autorizzata	Procedura Mutuo riconoscimento o Decentrata	Medicinali soggetti a prescrizione medica
039610035	039610	OMEPRAZOLO HEXAL A/S	10 MG CAPSULE RIGIDE GASTRORESISTENTI- 28 CAPSULE IN BLISTER AL/AL	OMEPRAZOLO	OMEPRAZOLO	10	milligrammi	Capsula rigida gastroresistente	A02BC01	HEXAL A/S	Autorizzata	Procedura Mutuo riconoscimento o Decentrata	Medicinali soggetti a prescrizione medica
039610047	039610	OMEPRAZOLO HEXAL A/S	20 MG CAPSULE RIGIDE GASTRORESISTENTI- 7 CAPSULE IN BLISTER AL/AL	OMEPRAZOLO	OMEPRAZOLO	20	milligrammi	Capsula rigida gastroresistente	A02BC01	HEXAL A/S	Autorizzata	Procedura Mutuo riconoscimento o Decentrata	Medicinali soggetti a prescrizione medica
039610050	039610	OMEPRAZOLO HEXAL A/S	20 MG CAPSULE RIGIDE GASTRORESISTENTI- 14 CAPSULE IN BLISTER AL/AL	OMEPRAZOLO	OMEPRAZOLO	20	milligrammi	Capsula rigida gastroresistente	A02BC01	HEXAL A/S	Autorizzata	Procedura Mutuo riconoscimento o Decentrata	Medicinali soggetti a prescrizione medica
039610062	039610	OMEPRAZOLO HEXAL A/S	20 MG CAPSULE RIGIDE GASTRORESISTENTI- 28 CAPSULE IN BLISTER AL/AL	OMEPRAZOLO	OMEPRAZOLO	20	milligrammi	Capsula rigida gastroresistente	A02BC01	HEXAL A/S	Autorizzata	Procedura Mutuo riconoscimento o Decentrata	Medicinali soggetti a prescrizione medica
039610074	039610	OMEPRAZOLO HEXAL A/S	10 MG CAPSULE RIGIDE GASTRORESISTENTI- 14 CAPSULE IN FLACONE HDPE	OMEPRAZOLO	OMEPRAZOLO	10	milligrammi	Capsula rigida gastroresistente	A02BC01	HEXAL A/S	Autorizzata	Procedura Mutuo riconoscimento o Decentrata	Medicinali soggetti a prescrizione medica
039610086	039610	OMEPRAZOLO HEXAL A/S	10 MG CAPSULE RIGIDE GASTRORESISTENTI- 28 CAPSULE IN FLACONE HDPE	OMEPRAZOLO	OMEPRAZOLO	10	milligrammi	Capsula rigida gastroresistente	A02BC01	HEXAL A/S	Autorizzata	Procedura Mutuo riconoscimento o Decentrata	Medicinali soggetti a prescrizione medica
039610098	039610	OMEPRAZOLO HEXAL A/S	20 MG CAPSULE RIGIDE GASTRORESISTENTI- 7 CAPSULE IN FLACONE HDPE	OMEPRAZOLO	OMEPRAZOLO	20	milligrammi	Capsula rigida gastroresistente	A02BC01	HEXAL A/S	Autorizzata	Procedura Mutuo riconoscimento o Decentrata	Medicinali soggetti a prescrizione medica
039610100	039610	OMEPRAZOLO HEXAL A/S	20 MG CAPSULE RIGIDE GASTRORESISTENTI- 14 CAPSULE IN FLACONE HDPE	OMEPRAZOLO	OMEPRAZOLO	20	milligrammi	Capsula rigida gastroresistente	A02BC01	HEXAL A/S	Autorizzata	Procedura Mutuo riconoscimento o Decentrata	Medicinali soggetti a prescrizione medica
039610112	039610	OMEPRAZOLO HEXAL A/S	20 MG CAPSULE RIGIDE GASTRORESISTENTI- 28 CAPSULE IN FLACONE HDPE	OMEPRAZOLO	OMEPRAZOLO	20	milligrammi	Capsula rigida gastroresistente	A02BC01	HEXAL A/S	Autorizzata	Procedura Mutuo riconoscimento o Decentrata	Medicinali soggetti a prescrizione medica
039758014	039758	OMEPRAZOLO AUROBINDO PHARMA ITALIA	10 MG CAPSULE RIGIDE GASTRORESISTENTI - 7 CAPSULE IN BLISTER OPA-ALU-PVC/ALU	OMEPRAZOLO	OMEPRAZOLO	10	milligrammi	Capsula rigida gastroresistente	A02BC01	AUROBINDO PHARMA (ITALIA) S.R.L.	Autorizzata	Procedura Mutuo riconoscimento o Decentrata	Medicinali soggetti a prescrizione medica
039758026	039758	OMEPRAZOLO AUROBINDO PHARMA ITALIA	10 MG CAPSULE RIGIDE GASTRORESISTENTI - 14 CAPSULE IN BLISTER OPA-ALU-PVC/ALU	OMEPRAZOLO	OMEPRAZOLO	10	milligrammi	Capsula rigida gastroresistente	A02BC01	AUROBINDO PHARMA (ITALIA) S.R.L.	Autorizzata	Procedura Mutuo riconoscimento o Decentrata	Medicinali soggetti a prescrizione medica
039758038	039758	OMEPRAZOLO AUROBINDO PHARMA ITALIA	10 MG CAPSULE RIGIDE GASTRORESISTENTI - 15 CAPSULE IN BLISTER OPA-ALU-PVC/ALU	OMEPRAZOLO	OMEPRAZOLO	10	milligrammi	Capsula rigida gastroresistente	A02BC01	AUROBINDO PHARMA (ITALIA) S.R.L.	Autorizzata	Procedura Mutuo riconoscimento o Decentrata	Medicinali soggetti a prescrizione medica
039758040	039758	OMEPRAZOLO AUROBINDO PHARMA ITALIA	10 MG CAPSULE RIGIDE GASTRORESISTENTI - 28 CAPSULE IN BLISTER OPA-ALU-PVC/ALU	OMEPRAZOLO	OMEPRAZOLO	10	milligrammi	Capsula rigida gastroresistente	A02BC01	AUROBINDO PHARMA (ITALIA) S.R.L.	Autorizzata	Procedura Mutuo riconoscimento o Decentrata	Medicinali soggetti a prescrizione medica
039758053	039758	OMEPRAZOLO AUROBINDO PHARMA ITALIA	10 MG CAPSULE RIGIDE GASTRORESISTENTI - 30 CAPSULE IN BLISTER OPA-ALU-PVC/ALU	OMEPRAZOLO	OMEPRAZOLO	10	milligrammi	Capsula rigida gastroresistente	A02BC01	AUROBINDO PHARMA (ITALIA) S.R.L.	Autorizzata	Procedura Mutuo riconoscimento o Decentrata	Medicinali soggetti a prescrizione medica
039758065	039758	OMEPRAZOLO AUROBINDO PHARMA ITALIA	10 MG CAPSULE RIGIDE GASTRORESISTENTI - 50 CAPSULE IN BLISTER OPA-ALU-PVC/ALU	OMEPRAZOLO	OMEPRAZOLO	10	milligrammi	Capsula rigida gastroresistente	A02BC01	AUROBINDO PHARMA (ITALIA) S.R.L.	Autorizzata	Procedura Mutuo riconoscimento o Decentrata	Medicinali soggetti a prescrizione medica
039758077	039758	OMEPRAZOLO AUROBINDO PHARMA ITALIA	10 MG CAPSULE RIGIDE GASTRORESISTENTI - 56 CAPSULE IN BLISTER OPA-ALU-PVC/ALU	OMEPRAZOLO	OMEPRAZOLO	10	milligrammi	Capsula rigida gastroresistente	A02BC01	AUROBINDO PHARMA (ITALIA) S.R.L.	Autorizzata	Procedura Mutuo riconoscimento o Decentrata	Medicinali soggetti a prescrizione medica
039758089	039758	OMEPRAZOLO AUROBINDO PHARMA ITALIA	10 MG CAPSULE RIGIDE GASTRORESISTENTI - 60 CAPSULE IN BLISTER OPA-ALU-PVC/ALU	OMEPRAZOLO	OMEPRAZOLO	10	milligrammi	Capsula rigida gastroresistente	A02BC01	AUROBINDO PHARMA (ITALIA) S.R.L.	Autorizzata	Procedura Mutuo riconoscimento o Decentrata	Medicinali soggetti a prescrizione medica
039758091	039758	OMEPRAZOLO AUROBINDO PHARMA ITALIA	10 MG CAPSULE RIGIDE GASTRORESISTENTI - 90 CAPSULE IN BLISTER OPA-ALU-PVC/ALU	OMEPRAZOLO	OMEPRAZOLO	10	milligrammi	Capsula rigida gastroresistente	A02BC01	AUROBINDO PHARMA (ITALIA) S.R.L.	Autorizzata	Procedura Mutuo riconoscimento o Decentrata	Medicinali soggetti a prescrizione medica
039758103	039758	OMEPRAZOLO AUROBINDO PHARMA ITALIA	10 MG CAPSULE RIGIDE GASTRORESISTENTI - 98 CAPSULE IN BLISTER OPA-ALU-PVC/ALU	OMEPRAZOLO	OMEPRAZOLO	10	milligrammi	Capsula rigida gastroresistente	A02BC01	AUROBINDO PHARMA (ITALIA) S.R.L.	Autorizzata	Procedura Mutuo riconoscimento o Decentrata	Medicinali soggetti a prescrizione medica
039758115	039758	OMEPRAZOLO AUROBINDO PHARMA ITALIA	10 MG CAPSULE RIGIDE GASTRORESISTENTI - 100 CAPSULE IN BLISTER OPA-ALU-PVC/ALU	OMEPRAZOLO	OMEPRAZOLO	10	milligrammi	Capsula rigida gastroresistente	A02BC01	AUROBINDO PHARMA (ITALIA) S.R.L.	Autorizzata	Procedura Mutuo riconoscimento o Decentrata	Medicinali soggetti a prescrizione medica
039758127	039758	OMEPRAZOLO AUROBINDO PHARMA ITALIA	10 MG CAPSULE RIGIDE GASTRORESISTENTI - 140 CAPSULE IN BLISTER OPA-ALU-PVC/ALU	OMEPRAZOLO	OMEPRAZOLO	10	milligrammi	Capsula rigida gastroresistente	A02BC01	AUROBINDO PHARMA (ITALIA) S.R.L.	Autorizzata	Procedura Mutuo riconoscimento o Decentrata	Medicinali soggetti a prescrizione medica
039758139	039758	OMEPRAZOLO AUROBINDO PHARMA ITALIA	10 MG CAPSULE RIGIDE GASTRORESISTENTI - 280 CAPSULE IN BLISTER OPA-ALU-PVC/ALU	OMEPRAZOLO	OMEPRAZOLO	10	milligrammi	Capsula rigida gastroresistente	A02BC01	AUROBINDO PHARMA (ITALIA) S.R.L.	Autorizzata	Procedura Mutuo riconoscimento o Decentrata	Medicinali soggetti a prescrizione medica
039758141	039758	OMEPRAZOLO AUROBINDO PHARMA ITALIA	10 MG CAPSULE RIGIDE GASTRORESISTENTI - 500 CAPSULE IN BLISTER OPA-ALU-PVC/ALU	OMEPRAZOLO	OMEPRAZOLO	10	milligrammi	Capsula rigida gastroresistente	A02BC01	AUROBINDO PHARMA (ITALIA) S.R.L.	Autorizzata	Procedura Mutuo riconoscimento o Decentrata	Medicinali soggetti a prescrizione medica
039758154	039758	OMEPRAZOLO AUROBINDO PHARMA ITALIA	10 MG CAPSULE RIGIDE GASTRORESISTENTI - 7  CAPSULE IN CONTENITORE  HDPE	OMEPRAZOLO	OMEPRAZOLO	10	milligrammi	Capsula rigida gastroresistente	A02BC01	AUROBINDO PHARMA (ITALIA) S.R.L.	Autorizzata	Procedura Mutuo riconoscimento o Decentrata	Medicinali soggetti a prescrizione medica
039758166	039758	OMEPRAZOLO AUROBINDO PHARMA ITALIA	10 MG CAPSULE RIGIDE GASTRORESISTENTI - 14  CAPSULE IN CONTENITORE  HDPE	OMEPRAZOLO	OMEPRAZOLO	10	milligrammi	Capsula rigida gastroresistente	A02BC01	AUROBINDO PHARMA (ITALIA) S.R.L.	Autorizzata	Procedura Mutuo riconoscimento o Decentrata	Medicinali soggetti a prescrizione medica
039758178	039758	OMEPRAZOLO AUROBINDO PHARMA ITALIA	10 MG CAPSULE RIGIDE GASTRORESISTENTI - 28  CAPSULE IN CONTENITORE  HDPE	OMEPRAZOLO	OMEPRAZOLO	10	milligrammi	Capsula rigida gastroresistente	A02BC01	AUROBINDO PHARMA (ITALIA) S.R.L.	Autorizzata	Procedura Mutuo riconoscimento o Decentrata	Medicinali soggetti a prescrizione medica
039758180	039758	OMEPRAZOLO AUROBINDO PHARMA ITALIA	10 MG CAPSULE RIGIDE GASTRORESISTENTI - 30  CAPSULE IN CONTENITORE  HDPE	OMEPRAZOLO	OMEPRAZOLO	10	milligrammi	Capsula rigida gastroresistente	A02BC01	AUROBINDO PHARMA (ITALIA) S.R.L.	Autorizzata	Procedura Mutuo riconoscimento o Decentrata	Medicinali soggetti a prescrizione medica
039758192	039758	OMEPRAZOLO AUROBINDO PHARMA ITALIA	10 MG CAPSULE RIGIDE GASTRORESISTENTI - 56  CAPSULE IN CONTENITORE  HDPE	OMEPRAZOLO	OMEPRAZOLO	10	milligrammi	Capsula rigida gastroresistente	A02BC01	AUROBINDO PHARMA (ITALIA) S.R.L.	Autorizzata	Procedura Mutuo riconoscimento o Decentrata	Medicinali soggetti a prescrizione medica
039758204	039758	OMEPRAZOLO AUROBINDO PHARMA ITALIA	10 MG CAPSULE RIGIDE GASTRORESISTENTI - 60  CAPSULE IN CONTENITORE  HDPE	OMEPRAZOLO	OMEPRAZOLO	10	milligrammi	Capsula rigida gastroresistente	A02BC01	AUROBINDO PHARMA (ITALIA) S.R.L.	Autorizzata	Procedura Mutuo riconoscimento o Decentrata	Medicinali soggetti a prescrizione medica
039758216	039758	OMEPRAZOLO AUROBINDO PHARMA ITALIA	10 MG CAPSULE RIGIDE GASTRORESISTENTI - 90  CAPSULE IN CONTENITORE  HDPE	OMEPRAZOLO	OMEPRAZOLO	10	milligrammi	Capsula rigida gastroresistente	A02BC01	AUROBINDO PHARMA (ITALIA) S.R.L.	Autorizzata	Procedura Mutuo riconoscimento o Decentrata	Medicinali soggetti a prescrizione medica
039758228	039758	OMEPRAZOLO AUROBINDO PHARMA ITALIA	10 MG CAPSULE RIGIDE GASTRORESISTENTI - 100  CAPSULE IN CONTENITORE  HDPE	OMEPRAZOLO	OMEPRAZOLO	10	milligrammi	Capsula rigida gastroresistente	A02BC01	AUROBINDO PHARMA (ITALIA) S.R.L.	Autorizzata	Procedura Mutuo riconoscimento o Decentrata	Medicinali soggetti a prescrizione medica
039758230	039758	OMEPRAZOLO AUROBINDO PHARMA ITALIA	10 MG CAPSULE RIGIDE GASTRORESISTENTI - 500  CAPSULE IN CONTENITORE  HDPE	OMEPRAZOLO	OMEPRAZOLO	10	milligrammi	Capsula rigida gastroresistente	A02BC01	AUROBINDO PHARMA (ITALIA) S.R.L.	Autorizzata	Procedura Mutuo riconoscimento o Decentrata	Medicinali soggetti a prescrizione medica
039758242	039758	OMEPRAZOLO AUROBINDO PHARMA ITALIA	20 MG CAPSULE RIGIDE GASTRORESISTENTI - 500  CAPSULE IN CONTENITORE  HDPE	OMEPRAZOLO	OMEPRAZOLO	20	milligrammi	Capsula rigida gastroresistente	A02BC01	AUROBINDO PHARMA (ITALIA) S.R.L.	Autorizzata	Procedura Mutuo riconoscimento o Decentrata	Medicinali soggetti a prescrizione medica
039758255	039758	OMEPRAZOLO AUROBINDO PHARMA ITALIA	20 MG CAPSULE RIGIDE GASTRORESISTENTI - 100  CAPSULE IN CONTENITORE  HDPE	OMEPRAZOLO	OMEPRAZOLO	20	milligrammi	Capsula rigida gastroresistente	A02BC01	AUROBINDO PHARMA (ITALIA) S.R.L.	Autorizzata	Procedura Mutuo riconoscimento o Decentrata	Medicinali soggetti a prescrizione medica
039758267	039758	OMEPRAZOLO AUROBINDO PHARMA ITALIA	20 MG CAPSULE RIGIDE GASTRORESISTENTI - 90  CAPSULE IN CONTENITORE  HDPE	OMEPRAZOLO	OMEPRAZOLO	20	milligrammi	Capsula rigida gastroresistente	A02BC01	AUROBINDO PHARMA (ITALIA) S.R.L.	Autorizzata	Procedura Mutuo riconoscimento o Decentrata	Medicinali soggetti a prescrizione medica
039758279	039758	OMEPRAZOLO AUROBINDO PHARMA ITALIA	20 MG CAPSULE RIGIDE GASTRORESISTENTI - 60  CAPSULE IN CONTENITORE  HDPE	OMEPRAZOLO	OMEPRAZOLO	20	milligrammi	Capsula rigida gastroresistente	A02BC01	AUROBINDO PHARMA (ITALIA) S.R.L.	Autorizzata	Procedura Mutuo riconoscimento o Decentrata	Medicinali soggetti a prescrizione medica
039758281	039758	OMEPRAZOLO AUROBINDO PHARMA ITALIA	20 MG CAPSULE RIGIDE GASTRORESISTENTI - 56  CAPSULE IN CONTENITORE  HDPE	OMEPRAZOLO	OMEPRAZOLO	20	milligrammi	Capsula rigida gastroresistente	A02BC01	AUROBINDO PHARMA (ITALIA) S.R.L.	Autorizzata	Procedura Mutuo riconoscimento o Decentrata	Medicinali soggetti a prescrizione medica
039758293	039758	OMEPRAZOLO AUROBINDO PHARMA ITALIA	20 MG CAPSULE RIGIDE GASTRORESISTENTI - 30 CAPSULE IN CONTENITORE HDPE	OMEPRAZOLO	OMEPRAZOLO	20	milligrammi	Capsula rigida gastroresistente	A02BC01	AUROBINDO PHARMA (ITALIA) S.R.L.	Autorizzata	Procedura Mutuo riconoscimento o Decentrata	Medicinali soggetti a prescrizione medica
039758305	039758	OMEPRAZOLO AUROBINDO PHARMA ITALIA	20 MG CAPSULE RIGIDE GASTRORESISTENTI - 30 CAPSULE IN CONTENITORE HDPE	OMEPRAZOLO	OMEPRAZOLO	20	milligrammi	Capsula rigida gastroresistente	A02BC01	AUROBINDO PHARMA (ITALIA) S.R.L.	Autorizzata	Procedura Mutuo riconoscimento o Decentrata	Medicinali soggetti a prescrizione medica
039758317	039758	OMEPRAZOLO AUROBINDO PHARMA ITALIA	20 MG CAPSULE RIGIDE GASTRORESISTENTI - 28 CAPSULE IN CONTENITORE HDPE	OMEPRAZOLO	OMEPRAZOLO	20	milligrammi	Capsula rigida gastroresistente	A02BC01	AUROBINDO PHARMA (ITALIA) S.R.L.	Autorizzata	Procedura Mutuo riconoscimento o Decentrata	Medicinali soggetti a prescrizione medica
039758329	039758	OMEPRAZOLO AUROBINDO PHARMA ITALIA	20 MG CAPSULE RIGIDE GASTRORESISTENTI - 14 CAPSULE IN CONTENITORE HDPE	OMEPRAZOLO	OMEPRAZOLO	20	milligrammi	Capsula rigida gastroresistente	A02BC01	AUROBINDO PHARMA (ITALIA) S.R.L.	Autorizzata	Procedura Mutuo riconoscimento o Decentrata	Medicinali soggetti a prescrizione medica
039758331	039758	OMEPRAZOLO AUROBINDO PHARMA ITALIA	20 MG CAPSULE RIGIDE GASTRORESISTENTI - 7 CAPSULE IN CONTENITORE HDPE	OMEPRAZOLO	OMEPRAZOLO	20	milligrammi	Capsula rigida gastroresistente	A02BC01	AUROBINDO PHARMA (ITALIA) S.R.L.	Autorizzata	Procedura Mutuo riconoscimento o Decentrata	Medicinali soggetti a prescrizione medica
039758343	039758	OMEPRAZOLO AUROBINDO PHARMA ITALIA	20 MG CAPSULE RIGIDE GASTRORESISTENTI - 7 CAPSULE IN BLISTER OPA/ALU/PVC/ALU	OMEPRAZOLO	OMEPRAZOLO	20	milligrammi	Capsula rigida gastroresistente	A02BC01	AUROBINDO PHARMA (ITALIA) S.R.L.	Autorizzata	Procedura Mutuo riconoscimento o Decentrata	Medicinali soggetti a prescrizione medica
039758356	039758	OMEPRAZOLO AUROBINDO PHARMA ITALIA	20 MG CAPSULE RIGIDE GASTRORESISTENTI - 14 CAPSULE IN BLISTER OPA/ALU/PVC/ALU	OMEPRAZOLO	OMEPRAZOLO	20	milligrammi	Capsula rigida gastroresistente	A02BC01	AUROBINDO PHARMA (ITALIA) S.R.L.	Autorizzata	Procedura Mutuo riconoscimento o Decentrata	Medicinali soggetti a prescrizione medica
039758368	039758	OMEPRAZOLO AUROBINDO PHARMA ITALIA	20 MG CAPSULE RIGIDE GASTRORESISTENTI - 15 CAPSULE IN BLISTER OPA/ALU/PVC/ALU	OMEPRAZOLO	OMEPRAZOLO	20	milligrammi	Capsula rigida gastroresistente	A02BC01	AUROBINDO PHARMA (ITALIA) S.R.L.	Autorizzata	Procedura Mutuo riconoscimento o Decentrata	Medicinali soggetti a prescrizione medica
039758370	039758	OMEPRAZOLO AUROBINDO PHARMA ITALIA	20 MG CAPSULE RIGIDE GASTRORESISTENTI - 28 CAPSULE IN BLISTER OPA/ALU/PVC/ALU	OMEPRAZOLO	OMEPRAZOLO	20	milligrammi	Capsula rigida gastroresistente	A02BC01	AUROBINDO PHARMA (ITALIA) S.R.L.	Autorizzata	Procedura Mutuo riconoscimento o Decentrata	Medicinali soggetti a prescrizione medica
039758382	039758	OMEPRAZOLO AUROBINDO PHARMA ITALIA	20 MG CAPSULE RIGIDE GASTRORESISTENTI - 30 CAPSULE IN BLISTER OPA/ALU/PVC/ALU	OMEPRAZOLO	OMEPRAZOLO	20	milligrammi	Capsula rigida gastroresistente	A02BC01	AUROBINDO PHARMA (ITALIA) S.R.L.	Autorizzata	Procedura Mutuo riconoscimento o Decentrata	Medicinali soggetti a prescrizione medica
039758394	039758	OMEPRAZOLO AUROBINDO PHARMA ITALIA	20 MG CAPSULE RIGIDE GASTRORESISTENTI - 50 CAPSULE IN BLISTER OPA/ALU/PVC/ALU	OMEPRAZOLO	OMEPRAZOLO	20	milligrammi	Capsula rigida gastroresistente	A02BC01	AUROBINDO PHARMA (ITALIA) S.R.L.	Autorizzata	Procedura Mutuo riconoscimento o Decentrata	Medicinali soggetti a prescrizione medica
039758406	039758	OMEPRAZOLO AUROBINDO PHARMA ITALIA	20 MG CAPSULE RIGIDE GASTRORESISTENTI - 56 CAPSULE IN BLISTER OPA/ALU/PVC/ALU	OMEPRAZOLO	OMEPRAZOLO	20	milligrammi	Capsula rigida gastroresistente	A02BC01	AUROBINDO PHARMA (ITALIA) S.R.L.	Autorizzata	Procedura Mutuo riconoscimento o Decentrata	Medicinali soggetti a prescrizione medica
039758418	039758	OMEPRAZOLO AUROBINDO PHARMA ITALIA	20 MG CAPSULE RIGIDE GASTRORESISTENTI - 60 CAPSULE IN BLISTER OPA/ALU/PVC/ALU	OMEPRAZOLO	OMEPRAZOLO	20	milligrammi	Capsula rigida gastroresistente	A02BC01	AUROBINDO PHARMA (ITALIA) S.R.L.	Autorizzata	Procedura Mutuo riconoscimento o Decentrata	Medicinali soggetti a prescrizione medica
039758420	039758	OMEPRAZOLO AUROBINDO PHARMA ITALIA	20 MG CAPSULE RIGIDE GASTRORESISTENTI - 90 CAPSULE IN BLISTER OPA/ALU/PVC/ALU	OMEPRAZOLO	OMEPRAZOLO	20	milligrammi	Capsula rigida gastroresistente	A02BC01	AUROBINDO PHARMA (ITALIA) S.R.L.	Autorizzata	Procedura Mutuo riconoscimento o Decentrata	Medicinali soggetti a prescrizione medica
039758432	039758	OMEPRAZOLO AUROBINDO PHARMA ITALIA	20 MG CAPSULE RIGIDE GASTRORESISTENTI - 98 CAPSULE IN BLISTER OPA/ALU/PVC/ALU	OMEPRAZOLO	OMEPRAZOLO	20	milligrammi	Capsula rigida gastroresistente	A02BC01	AUROBINDO PHARMA (ITALIA) S.R.L.	Autorizzata	Procedura Mutuo riconoscimento o Decentrata	Medicinali soggetti a prescrizione medica
039758444	039758	OMEPRAZOLO AUROBINDO PHARMA ITALIA	20 MG CAPSULE RIGIDE GASTRORESISTENTI - 100 CAPSULE IN BLISTER OPA/ALU/PVC/ALU	OMEPRAZOLO	OMEPRAZOLO	20	milligrammi	Capsula rigida gastroresistente	A02BC01	AUROBINDO PHARMA (ITALIA) S.R.L.	Autorizzata	Procedura Mutuo riconoscimento o Decentrata	Medicinali soggetti a prescrizione medica
039758457	039758	OMEPRAZOLO AUROBINDO PHARMA ITALIA	20 MG CAPSULE RIGIDE GASTRORESISTENTI - 140 CAPSULE IN BLISTER OPA/ALU/PVC/ALU	OMEPRAZOLO	OMEPRAZOLO	20	milligrammi	Capsula rigida gastroresistente	A02BC01	AUROBINDO PHARMA (ITALIA) S.R.L.	Autorizzata	Procedura Mutuo riconoscimento o Decentrata	Medicinali soggetti a prescrizione medica
039758469	039758	OMEPRAZOLO AUROBINDO PHARMA ITALIA	20 MG CAPSULE RIGIDE GASTRORESISTENTI - 280 CAPSULE IN BLISTER OPA/ALU/PVC/ALU	OMEPRAZOLO	OMEPRAZOLO	20	milligrammi	Capsula rigida gastroresistente	A02BC01	AUROBINDO PHARMA (ITALIA) S.R.L.	Autorizzata	Procedura Mutuo riconoscimento o Decentrata	Medicinali soggetti a prescrizione medica
039758471	039758	OMEPRAZOLO AUROBINDO PHARMA ITALIA	20 MG CAPSULE RIGIDE GASTRORESISTENTI - 500 CAPSULE IN BLISTER OPA/ALU/PVC/ALU	OMEPRAZOLO	OMEPRAZOLO	20	milligrammi	Capsula rigida gastroresistente	A02BC01	AUROBINDO PHARMA (ITALIA) S.R.L.	Autorizzata	Procedura Mutuo riconoscimento o Decentrata	Medicinali soggetti a prescrizione medica
040880015	040880	OMEPRAZOLO  SUN	20 MG CAPSULE RIGIDE GASTRORESISTENTI- 7 CAPSULE IN BLISTER PA/AL/PE	OMEPRAZOLO	OMEPRAZOLO			Capsula rigida gastroresistente	A02BC01	SUN PHARMACEUTICAL INDUSTRIES (EUROPE) B.V.	Autorizzata	Procedura Mutuo riconoscimento o Decentrata	Medicinali soggetti a prescrizione medica
040880027	040880	OMEPRAZOLO  SUN	20 MG CAPSULE RIGIDE GASTRORESISTENTI- 10 CAPSULE IN BLISTER PA/AL/PE	OMEPRAZOLO	OMEPRAZOLO			Capsula rigida gastroresistente	A02BC01	SUN PHARMACEUTICAL INDUSTRIES (EUROPE) B.V.	Autorizzata	Procedura Mutuo riconoscimento o Decentrata	Medicinali soggetti a prescrizione medica
040880039	040880	OMEPRAZOLO  SUN	20 MG CAPSULE RIGIDE GASTRORESISTENTI- 14 CAPSULE IN BLISTER PA/AL/PE	OMEPRAZOLO	OMEPRAZOLO			Capsula rigida gastroresistente	A02BC01	SUN PHARMACEUTICAL INDUSTRIES (EUROPE) B.V.	Autorizzata	Procedura Mutuo riconoscimento o Decentrata	Medicinali soggetti a prescrizione medica
040880041	040880	OMEPRAZOLO  SUN	20 MG CAPSULE RIGIDE GASTRORESISTENTI- 15 CAPSULE IN BLISTER PA/AL/PE	OMEPRAZOLO	OMEPRAZOLO			Capsula rigida gastroresistente	A02BC01	SUN PHARMACEUTICAL INDUSTRIES (EUROPE) B.V.	Autorizzata	Procedura Mutuo riconoscimento o Decentrata	Medicinali soggetti a prescrizione medica
040880054	040880	OMEPRAZOLO  SUN	20 MG CAPSULE RIGIDE GASTRORESISTENTI- 20 CAPSULE IN BLISTER PA/AL/PE	OMEPRAZOLO	OMEPRAZOLO			Capsula rigida gastroresistente	A02BC01	SUN PHARMACEUTICAL INDUSTRIES (EUROPE) B.V.	Autorizzata	Procedura Mutuo riconoscimento o Decentrata	Medicinali soggetti a prescrizione medica
040880066	040880	OMEPRAZOLO  SUN	20 MG CAPSULE RIGIDE GASTRORESISTENTI- 28 CAPSULE IN BLISTER PA/AL/PE	OMEPRAZOLO	OMEPRAZOLO			Capsula rigida gastroresistente	A02BC01	SUN PHARMACEUTICAL INDUSTRIES (EUROPE) B.V.	Autorizzata	Procedura Mutuo riconoscimento o Decentrata	Medicinali soggetti a prescrizione medica
040880078	040880	OMEPRAZOLO  SUN	20 MG CAPSULE RIGIDE GASTRORESISTENTI- 30 CAPSULE IN BLISTER PA/AL/PE	OMEPRAZOLO	OMEPRAZOLO			Capsula rigida gastroresistente	A02BC01	SUN PHARMACEUTICAL INDUSTRIES (EUROPE) B.V.	Autorizzata	Procedura Mutuo riconoscimento o Decentrata	Medicinali soggetti a prescrizione medica
040880080	040880	OMEPRAZOLO  SUN	20 MG CAPSULE RIGIDE GASTRORESISTENTI- 50 CAPSULE IN BLISTER PA/AL/PE	OMEPRAZOLO	OMEPRAZOLO			Capsula rigida gastroresistente	A02BC01	SUN PHARMACEUTICAL INDUSTRIES (EUROPE) B.V.	Autorizzata	Procedura Mutuo riconoscimento o Decentrata	Medicinali soggetti a prescrizione medica
040880092	040880	OMEPRAZOLO  SUN	20 MG CAPSULE RIGIDE GASTRORESISTENTI- 56 CAPSULE IN BLISTER PA/AL/PE	OMEPRAZOLO	OMEPRAZOLO			Capsula rigida gastroresistente	A02BC01	SUN PHARMACEUTICAL INDUSTRIES (EUROPE) B.V.	Autorizzata	Procedura Mutuo riconoscimento o Decentrata	Medicinali soggetti a prescrizione medica
040880104	040880	OMEPRAZOLO  SUN	20 MG CAPSULE RIGIDE GASTRORESISTENTI- 60 CAPSULE IN BLISTER PA/AL/PE	OMEPRAZOLO	OMEPRAZOLO			Capsula rigida gastroresistente	A02BC01	SUN PHARMACEUTICAL INDUSTRIES (EUROPE) B.V.	Autorizzata	Procedura Mutuo riconoscimento o Decentrata	Medicinali soggetti a prescrizione medica
040880116	040880	OMEPRAZOLO  SUN	20 MG CAPSULE RIGIDE GASTRORESISTENTI- 90 CAPSULE IN BLISTER PA/AL/PE	OMEPRAZOLO	OMEPRAZOLO			Capsula rigida gastroresistente	A02BC01	SUN PHARMACEUTICAL INDUSTRIES (EUROPE) B.V.	Autorizzata	Procedura Mutuo riconoscimento o Decentrata	Medicinali soggetti a prescrizione medica
040880128	040880	OMEPRAZOLO  SUN	20 MG CAPSULE RIGIDE GASTRORESISTENTI- 98 CAPSULE IN BLISTER PA/AL/PE	OMEPRAZOLO	OMEPRAZOLO			Capsula rigida gastroresistente	A02BC01	SUN PHARMACEUTICAL INDUSTRIES (EUROPE) B.V.	Autorizzata	Procedura Mutuo riconoscimento o Decentrata	Medicinali soggetti a prescrizione medica
040880130	040880	OMEPRAZOLO  SUN	20 MG CAPSULE RIGIDE GASTRORESISTENTI- 100 CAPSULE IN BLISTER PA/AL/PE	OMEPRAZOLO	OMEPRAZOLO			Capsula rigida gastroresistente	A02BC01	SUN PHARMACEUTICAL INDUSTRIES (EUROPE) B.V.	Autorizzata	Procedura Mutuo riconoscimento o Decentrata	Medicinali soggetti a prescrizione medica
040880142	040880	OMEPRAZOLO  SUN	20 MG CAPSULE RIGIDE GASTRORESISTENTI- 100 CAPSULE IN FLACONE HDPE	OMEPRAZOLO	OMEPRAZOLO			Capsula rigida gastroresistente	A02BC01	SUN PHARMACEUTICAL INDUSTRIES (EUROPE) B.V.	Autorizzata	Procedura Mutuo riconoscimento o Decentrata	Medicinali soggetti a prescrizione medica
040880155	040880	OMEPRAZOLO  SUN	20 MG CAPSULE RIGIDE GASTRORESISTENTI- 98 CAPSULE IN FLACONE HDPE	OMEPRAZOLO	OMEPRAZOLO			Capsula rigida gastroresistente	A02BC01	SUN PHARMACEUTICAL INDUSTRIES (EUROPE) B.V.	Autorizzata	Procedura Mutuo riconoscimento o Decentrata	Medicinali soggetti a prescrizione medica
040880167	040880	OMEPRAZOLO  SUN	20 MG CAPSULE RIGIDE GASTRORESISTENTI- 90 CAPSULE IN FLACONE HDPE	OMEPRAZOLO	OMEPRAZOLO			Capsula rigida gastroresistente	A02BC01	SUN PHARMACEUTICAL INDUSTRIES (EUROPE) B.V.	Autorizzata	Procedura Mutuo riconoscimento o Decentrata	Medicinali soggetti a prescrizione medica
040880179	040880	OMEPRAZOLO  SUN	20 MG CAPSULE RIGIDE GASTRORESISTENTI- 60 CAPSULE IN FLACONE HDPE	OMEPRAZOLO	OMEPRAZOLO			Capsula rigida gastroresistente	A02BC01	SUN PHARMACEUTICAL INDUSTRIES (EUROPE) B.V.	Autorizzata	Procedura Mutuo riconoscimento o Decentrata	Medicinali soggetti a prescrizione medica
040880181	040880	OMEPRAZOLO  SUN	20 MG CAPSULE RIGIDE GASTRORESISTENTI- 56 CAPSULE IN FLACONE HDPE	OMEPRAZOLO	OMEPRAZOLO			Capsula rigida gastroresistente	A02BC01	SUN PHARMACEUTICAL INDUSTRIES (EUROPE) B.V.	Autorizzata	Procedura Mutuo riconoscimento o Decentrata	Medicinali soggetti a prescrizione medica
040880193	040880	OMEPRAZOLO  SUN	20 MG CAPSULE RIGIDE GASTRORESISTENTI- 50 CAPSULE IN FLACONE HDPE	OMEPRAZOLO	OMEPRAZOLO			Capsula rigida gastroresistente	A02BC01	SUN PHARMACEUTICAL INDUSTRIES (EUROPE) B.V.	Autorizzata	Procedura Mutuo riconoscimento o Decentrata	Medicinali soggetti a prescrizione medica
040880205	040880	OMEPRAZOLO  SUN	20 MG CAPSULE RIGIDE GASTRORESISTENTI- 30 CAPSULE IN FLACONE HDPE	OMEPRAZOLO	OMEPRAZOLO			Capsula rigida gastroresistente	A02BC01	SUN PHARMACEUTICAL INDUSTRIES (EUROPE) B.V.	Autorizzata	Procedura Mutuo riconoscimento o Decentrata	Medicinali soggetti a prescrizione medica
040880217	040880	OMEPRAZOLO  SUN	20 MG CAPSULE RIGIDE GASTRORESISTENTI- 28 CAPSULE IN FLACONE HDPE	OMEPRAZOLO	OMEPRAZOLO			Capsula rigida gastroresistente	A02BC01	SUN PHARMACEUTICAL INDUSTRIES (EUROPE) B.V.	Autorizzata	Procedura Mutuo riconoscimento o Decentrata	Medicinali soggetti a prescrizione medica
040880229	040880	OMEPRAZOLO  SUN	20 MG CAPSULE RIGIDE GASTRORESISTENTI- 20 CAPSULE IN FLACONE HDPE	OMEPRAZOLO	OMEPRAZOLO			Capsula rigida gastroresistente	A02BC01	SUN PHARMACEUTICAL INDUSTRIES (EUROPE) B.V.	Autorizzata	Procedura Mutuo riconoscimento o Decentrata	Medicinali soggetti a prescrizione medica
040880231	040880	OMEPRAZOLO  SUN	20 MG CAPSULE RIGIDE GASTRORESISTENTI- 15 CAPSULE IN FLACONE HDPE	OMEPRAZOLO	OMEPRAZOLO			Capsula rigida gastroresistente	A02BC01	SUN PHARMACEUTICAL INDUSTRIES (EUROPE) B.V.	Autorizzata	Procedura Mutuo riconoscimento o Decentrata	Medicinali soggetti a prescrizione medica
040880243	040880	OMEPRAZOLO  SUN	20 MG CAPSULE RIGIDE GASTRORESISTENTI- 14 CAPSULE IN FLACONE HDPE	OMEPRAZOLO	OMEPRAZOLO			Capsula rigida gastroresistente	A02BC01	SUN PHARMACEUTICAL INDUSTRIES (EUROPE) B.V.	Autorizzata	Procedura Mutuo riconoscimento o Decentrata	Medicinali soggetti a prescrizione medica
040880256	040880	OMEPRAZOLO  SUN	20 MG CAPSULE RIGIDE GASTRORESISTENTI- 10 CAPSULE IN FLACONE HDPE	OMEPRAZOLO	OMEPRAZOLO			Capsula rigida gastroresistente	A02BC01	SUN PHARMACEUTICAL INDUSTRIES (EUROPE) B.V.	Autorizzata	Procedura Mutuo riconoscimento o Decentrata	Medicinali soggetti a prescrizione medica
040880268	040880	OMEPRAZOLO  SUN	20 MG CAPSULE RIGIDE GASTRORESISTENTI- 7 CAPSULE IN FLACONE HDPE	OMEPRAZOLO	OMEPRAZOLO			Capsula rigida gastroresistente	A02BC01	SUN PHARMACEUTICAL INDUSTRIES (EUROPE) B.V.	Autorizzata	Procedura Mutuo riconoscimento o Decentrata	Medicinali soggetti a prescrizione medica
040880270	040880	OMEPRAZOLO  SUN	10 MG CAPSULE RIGIDE GASTRORESISTENTI- 14 CAPSULE IN BLISTER OPA/AL/PE/HDPE/AL	OMEPRAZOLO	OMEPRAZOLO			Capsula rigida gastroresistente	A02BC01	SUN PHARMACEUTICAL INDUSTRIES (EUROPE) B.V.	Autorizzata	Procedura Mutuo riconoscimento o Decentrata	Medicinali soggetti a prescrizione medica
040880282	040880	OMEPRAZOLO  SUN	10 MG CAPSULE RIGIDE GASTRORESISTENTI- 15 CAPSULE IN BLISTER OPA/AL/PE/HDPE/AL	OMEPRAZOLO	OMEPRAZOLO			Capsula rigida gastroresistente	A02BC01	SUN PHARMACEUTICAL INDUSTRIES (EUROPE) B.V.	Autorizzata	Procedura Mutuo riconoscimento o Decentrata	Medicinali soggetti a prescrizione medica
040880294	040880	OMEPRAZOLO  SUN	10 MG CAPSULE RIGIDE GASTRORESISTENTI- 28 CAPSULE IN BLISTER OPA/AL/PE/HDPE/AL	OMEPRAZOLO	OMEPRAZOLO			Capsula rigida gastroresistente	A02BC01	SUN PHARMACEUTICAL INDUSTRIES (EUROPE) B.V.	Autorizzata	Procedura Mutuo riconoscimento o Decentrata	Medicinali soggetti a prescrizione medica
040880306	040880	OMEPRAZOLO  SUN	10 MG CAPSULE RIGIDE GASTRORESISTENTI- 30 CAPSULE IN BLISTER OPA/AL/PE/HDPE/AL	OMEPRAZOLO	OMEPRAZOLO			Capsula rigida gastroresistente	A02BC01	SUN PHARMACEUTICAL INDUSTRIES (EUROPE) B.V.	Autorizzata	Procedura Mutuo riconoscimento o Decentrata	Medicinali soggetti a prescrizione medica
040880318	040880	OMEPRAZOLO  SUN	10 MG CAPSULE RIGIDE GASTRORESISTENTI- 50 CAPSULE IN BLISTER OPA/AL/PE/HDPE/AL	OMEPRAZOLO	OMEPRAZOLO			Capsula rigida gastroresistente	A02BC01	SUN PHARMACEUTICAL INDUSTRIES (EUROPE) B.V.	Autorizzata	Procedura Mutuo riconoscimento o Decentrata	Medicinali soggetti a prescrizione medica
040880320	040880	OMEPRAZOLO  SUN	10 MG CAPSULE RIGIDE GASTRORESISTENTI- 60 CAPSULE IN BLISTER OPA/AL/PE/HDPE/AL	OMEPRAZOLO	OMEPRAZOLO			Capsula rigida gastroresistente	A02BC01	SUN PHARMACEUTICAL INDUSTRIES (EUROPE) B.V.	Autorizzata	Procedura Mutuo riconoscimento o Decentrata	Medicinali soggetti a prescrizione medica
040880332	040880	OMEPRAZOLO  SUN	10 MG CAPSULE RIGIDE GASTRORESISTENTI- 90 CAPSULE IN BLISTER OPA/AL/PE/HDPE/AL	OMEPRAZOLO	OMEPRAZOLO			Capsula rigida gastroresistente	A02BC01	SUN PHARMACEUTICAL INDUSTRIES (EUROPE) B.V.	Autorizzata	Procedura Mutuo riconoscimento o Decentrata	Medicinali soggetti a prescrizione medica
040880344	040880	OMEPRAZOLO  SUN	10 MG CAPSULE RIGIDE GASTRORESISTENTI- 100 CAPSULE IN BLISTER OPA/AL/PE/HDPE/AL	OMEPRAZOLO	OMEPRAZOLO			Capsula rigida gastroresistente	A02BC01	SUN PHARMACEUTICAL INDUSTRIES (EUROPE) B.V.	Autorizzata	Procedura Mutuo riconoscimento o Decentrata	Medicinali soggetti a prescrizione medica
040880357	040880	OMEPRAZOLO  SUN	10 MG CAPSULE RIGIDE GASTRORESISTENTI- 14 CAPSULE IN FLACONE HDPE	OMEPRAZOLO	OMEPRAZOLO			Capsula rigida gastroresistente	A02BC01	SUN PHARMACEUTICAL INDUSTRIES (EUROPE) B.V.	Autorizzata	Procedura Mutuo riconoscimento o Decentrata	Medicinali soggetti a prescrizione medica
040880369	040880	OMEPRAZOLO  SUN	10 MG CAPSULE RIGIDE GASTRORESISTENTI- 15 CAPSULE IN FLACONE HDPE	OMEPRAZOLO	OMEPRAZOLO			Capsula rigida gastroresistente	A02BC01	SUN PHARMACEUTICAL INDUSTRIES (EUROPE) B.V.	Autorizzata	Procedura Mutuo riconoscimento o Decentrata	Medicinali soggetti a prescrizione medica
040880371	040880	OMEPRAZOLO  SUN	10 MG CAPSULE RIGIDE GASTRORESISTENTI- 28 CAPSULE IN FLACONE HDPE	OMEPRAZOLO	OMEPRAZOLO			Capsula rigida gastroresistente	A02BC01	SUN PHARMACEUTICAL INDUSTRIES (EUROPE) B.V.	Autorizzata	Procedura Mutuo riconoscimento o Decentrata	Medicinali soggetti a prescrizione medica
040880383	040880	OMEPRAZOLO  SUN	10 MG CAPSULE RIGIDE GASTRORESISTENTI- 30 CAPSULE IN FLACONE HDPE	OMEPRAZOLO	OMEPRAZOLO			Capsula rigida gastroresistente	A02BC01	SUN PHARMACEUTICAL INDUSTRIES (EUROPE) B.V.	Autorizzata	Procedura Mutuo riconoscimento o Decentrata	Medicinali soggetti a prescrizione medica
040880395	040880	OMEPRAZOLO  SUN	10 MG CAPSULE RIGIDE GASTRORESISTENTI- 50 CAPSULE IN FLACONE HDPE	OMEPRAZOLO	OMEPRAZOLO			Capsula rigida gastroresistente	A02BC01	SUN PHARMACEUTICAL INDUSTRIES (EUROPE) B.V.	Autorizzata	Procedura Mutuo riconoscimento o Decentrata	Medicinali soggetti a prescrizione medica
040880407	040880	OMEPRAZOLO  SUN	10 MG CAPSULE RIGIDE GASTRORESISTENTI- 60 CAPSULE IN FLACONE HDPE	OMEPRAZOLO	OMEPRAZOLO			Capsula rigida gastroresistente	A02BC01	SUN PHARMACEUTICAL INDUSTRIES (EUROPE) B.V.	Autorizzata	Procedura Mutuo riconoscimento o Decentrata	Medicinali soggetti a prescrizione medica
040880419	040880	OMEPRAZOLO  SUN	10 MG CAPSULE RIGIDE GASTRORESISTENTI- 90 CAPSULE IN FLACONE HDPE	OMEPRAZOLO	OMEPRAZOLO			Capsula rigida gastroresistente	A02BC01	SUN PHARMACEUTICAL INDUSTRIES (EUROPE) B.V.	Autorizzata	Procedura Mutuo riconoscimento o Decentrata	Medicinali soggetti a prescrizione medica
040880421	040880	OMEPRAZOLO  SUN	10 MG CAPSULE RIGIDE GASTRORESISTENTI- 100 CAPSULE IN FLACONE HDPE	OMEPRAZOLO	OMEPRAZOLO			Capsula rigida gastroresistente	A02BC01	SUN PHARMACEUTICAL INDUSTRIES (EUROPE) B.V.	Autorizzata	Procedura Mutuo riconoscimento o Decentrata	Medicinali soggetti a prescrizione medica
042104012	042104	OMEPRAZOLO ZENTIVA ITALIA	10 MG CAPSULE RIGIDE GASTRORESISTENTI- 7 CAPSULE IN FLACONE IN VETRO	OMEPRAZOLO	OMEPRAZOLO	10	milligrammi	Capsula rigida gastroresistente	A02BC01	ZENTIVA ITALIA S.R.L.	Autorizzata	Procedura Mutuo riconoscimento o Decentrata	Medicinali soggetti a prescrizione medica
042104024	042104	OMEPRAZOLO ZENTIVA ITALIA	10 MG CAPSULE RIGIDE GASTRORESISTENTI- 14 CAPSULE IN FLACONE IN VETRO	OMEPRAZOLO	OMEPRAZOLO	10	milligrammi	Capsula rigida gastroresistente	A02BC01	ZENTIVA ITALIA S.R.L.	Autorizzata	Procedura Mutuo riconoscimento o Decentrata	Medicinali soggetti a prescrizione medica
042104036	042104	OMEPRAZOLO ZENTIVA ITALIA	10 MG CAPSULE RIGIDE GASTRORESISTENTI- 15 CAPSULE IN FLACONE IN VETRO	OMEPRAZOLO	OMEPRAZOLO	10	milligrammi	Capsula rigida gastroresistente	A02BC01	ZENTIVA ITALIA S.R.L.	Autorizzata	Procedura Mutuo riconoscimento o Decentrata	Medicinali soggetti a prescrizione medica
042104048	042104	OMEPRAZOLO ZENTIVA ITALIA	10 MG CAPSULE RIGIDE GASTRORESISTENTI- 28 CAPSULE IN FLACONE IN VETRO	OMEPRAZOLO	OMEPRAZOLO	10	milligrammi	Capsula rigida gastroresistente	A02BC01	ZENTIVA ITALIA S.R.L.	Autorizzata	Procedura Mutuo riconoscimento o Decentrata	Medicinali soggetti a prescrizione medica
042104051	042104	OMEPRAZOLO ZENTIVA ITALIA	10 MG CAPSULE RIGIDE GASTRORESISTENTI- 30 CAPSULE IN FLACONE IN VETRO	OMEPRAZOLO	OMEPRAZOLO	10	milligrammi	Capsula rigida gastroresistente	A02BC01	ZENTIVA ITALIA S.R.L.	Autorizzata	Procedura Mutuo riconoscimento o Decentrata	Medicinali soggetti a prescrizione medica
042104063	042104	OMEPRAZOLO ZENTIVA ITALIA	10 MG CAPSULE RIGIDE GASTRORESISTENTI- 50 CAPSULE IN FLACONE IN VETRO	OMEPRAZOLO	OMEPRAZOLO	10	milligrammi	Capsula rigida gastroresistente	A02BC01	ZENTIVA ITALIA S.R.L.	Autorizzata	Procedura Mutuo riconoscimento o Decentrata	Medicinali soggetti a prescrizione medica
042104075	042104	OMEPRAZOLO ZENTIVA ITALIA	10 MG CAPSULE RIGIDE GASTRORESISTENTI- 60 CAPSULE IN FLACONE IN VETRO	OMEPRAZOLO	OMEPRAZOLO	10	milligrammi	Capsula rigida gastroresistente	A02BC01	ZENTIVA ITALIA S.R.L.	Autorizzata	Procedura Mutuo riconoscimento o Decentrata	Medicinali soggetti a prescrizione medica
042104087	042104	OMEPRAZOLO ZENTIVA ITALIA	10 MG CAPSULE RIGIDE GASTRORESISTENTI- 90 CAPSULE IN FLACONE IN VETRO	OMEPRAZOLO	OMEPRAZOLO	10	milligrammi	Capsula rigida gastroresistente	A02BC01	ZENTIVA ITALIA S.R.L.	Autorizzata	Procedura Mutuo riconoscimento o Decentrata	Medicinali soggetti a prescrizione medica
042104099	042104	OMEPRAZOLO ZENTIVA ITALIA	10 MG CAPSULE RIGIDE GASTRORESISTENTI- 100 CAPSULE IN FLACONE IN VETRO	OMEPRAZOLO	OMEPRAZOLO	10	milligrammi	Capsula rigida gastroresistente	A02BC01	ZENTIVA ITALIA S.R.L.	Autorizzata	Procedura Mutuo riconoscimento o Decentrata	Medicinali soggetti a prescrizione medica
042104101	042104	OMEPRAZOLO ZENTIVA ITALIA	20 MG CAPSULE RIGIDE GASTRORESISTENTI- 7 CAPSULE IN FLACONE IN VETRO	OMEPRAZOLO	OMEPRAZOLO	20	milligrammi	Capsula rigida gastroresistente	A02BC01	ZENTIVA ITALIA S.R.L.	Autorizzata	Procedura Mutuo riconoscimento o Decentrata	Medicinali soggetti a prescrizione medica
042104113	042104	OMEPRAZOLO ZENTIVA ITALIA	20 MG CAPSULE RIGIDE GASTRORESISTENTI- 14 CAPSULE IN FLACONE IN VETRO	OMEPRAZOLO	OMEPRAZOLO	20	milligrammi	Capsula rigida gastroresistente	A02BC01	ZENTIVA ITALIA S.R.L.	Autorizzata	Procedura Mutuo riconoscimento o Decentrata	Medicinali soggetti a prescrizione medica
042104125	042104	OMEPRAZOLO ZENTIVA ITALIA	20 MG CAPSULE RIGIDE GASTRORESISTENTI- 15 CAPSULE IN FLACONE IN VETRO	OMEPRAZOLO	OMEPRAZOLO	20	milligrammi	Capsula rigida gastroresistente	A02BC01	ZENTIVA ITALIA S.R.L.	Autorizzata	Procedura Mutuo riconoscimento o Decentrata	Medicinali soggetti a prescrizione medica
042104137	042104	OMEPRAZOLO ZENTIVA ITALIA	20 MG CAPSULE RIGIDE GASTRORESISTENTI- 28 CAPSULE IN FLACONE IN VETRO	OMEPRAZOLO	OMEPRAZOLO	20	milligrammi	Capsula rigida gastroresistente	A02BC01	ZENTIVA ITALIA S.R.L.	Autorizzata	Procedura Mutuo riconoscimento o Decentrata	Medicinali soggetti a prescrizione medica
042104149	042104	OMEPRAZOLO ZENTIVA ITALIA	20 MG CAPSULE RIGIDE GASTRORESISTENTI- 30 CAPSULE IN FLACONE IN VETRO	OMEPRAZOLO	OMEPRAZOLO	20	milligrammi	Capsula rigida gastroresistente	A02BC01	ZENTIVA ITALIA S.R.L.	Autorizzata	Procedura Mutuo riconoscimento o Decentrata	Medicinali soggetti a prescrizione medica
042104152	042104	OMEPRAZOLO ZENTIVA ITALIA	20 MG CAPSULE RIGIDE GASTRORESISTENTI- 50 CAPSULE IN FLACONE IN VETRO	OMEPRAZOLO	OMEPRAZOLO	20	milligrammi	Capsula rigida gastroresistente	A02BC01	ZENTIVA ITALIA S.R.L.	Autorizzata	Procedura Mutuo riconoscimento o Decentrata	Medicinali soggetti a prescrizione medica
042104164	042104	OMEPRAZOLO ZENTIVA ITALIA	20 MG CAPSULE RIGIDE GASTRORESISTENTI- 60 CAPSULE IN FLACONE IN VETRO	OMEPRAZOLO	OMEPRAZOLO	20	milligrammi	Capsula rigida gastroresistente	A02BC01	ZENTIVA ITALIA S.R.L.	Autorizzata	Procedura Mutuo riconoscimento o Decentrata	Medicinali soggetti a prescrizione medica
042104176	042104	OMEPRAZOLO ZENTIVA ITALIA	20 MG CAPSULE RIGIDE GASTRORESISTENTI- 90 CAPSULE IN FLACONE IN VETRO	OMEPRAZOLO	OMEPRAZOLO	20	milligrammi	Capsula rigida gastroresistente	A02BC01	ZENTIVA ITALIA S.R.L.	Autorizzata	Procedura Mutuo riconoscimento o Decentrata	Medicinali soggetti a prescrizione medica
042104188	042104	OMEPRAZOLO ZENTIVA ITALIA	20 MG CAPSULE RIGIDE GASTRORESISTENTI- 100 CAPSULE IN FLACONE IN VETRO	OMEPRAZOLO	OMEPRAZOLO	20	milligrammi	Capsula rigida gastroresistente	A02BC01	ZENTIVA ITALIA S.R.L.	Autorizzata	Procedura Mutuo riconoscimento o Decentrata	Medicinali soggetti a prescrizione medica
042104289	042104	OMEPRAZOLO ZENTIVA ITALIA	10 MG CAPSULE RIGIDE GASTRORESISTENTI- 7 CAPSULE IN FLACONE HDPE	OMEPRAZOLO	OMEPRAZOLO	10	milligrammi	Capsula rigida gastroresistente	A02BC01	ZENTIVA ITALIA S.R.L.	Autorizzata	Procedura Mutuo riconoscimento o Decentrata	Medicinali soggetti a prescrizione medica
042104291	042104	OMEPRAZOLO ZENTIVA ITALIA	10 MG CAPSULE RIGIDE GASTRORESISTENTI- 15 CAPSULE IN FLACONE HDPE	OMEPRAZOLO	OMEPRAZOLO	10	milligrammi	Capsula rigida gastroresistente	A02BC01	ZENTIVA ITALIA S.R.L.	Autorizzata	Procedura Mutuo riconoscimento o Decentrata	Medicinali soggetti a prescrizione medica
042104303	042104	OMEPRAZOLO ZENTIVA ITALIA	10 MG CAPSULE RIGIDE GASTRORESISTENTI- 30 CAPSULE IN FLACONE HDPE	OMEPRAZOLO	OMEPRAZOLO	10	milligrammi	Capsula rigida gastroresistente	A02BC01	ZENTIVA ITALIA S.R.L.	Autorizzata	Procedura Mutuo riconoscimento o Decentrata	Medicinali soggetti a prescrizione medica
042104315	042104	OMEPRAZOLO ZENTIVA ITALIA	10 MG CAPSULE RIGIDE GASTRORESISTENTI- 50 CAPSULE IN FLACONE HDPE	OMEPRAZOLO	OMEPRAZOLO	10	milligrammi	Capsula rigida gastroresistente	A02BC01	ZENTIVA ITALIA S.R.L.	Autorizzata	Procedura Mutuo riconoscimento o Decentrata	Medicinali soggetti a prescrizione medica
042104327	042104	OMEPRAZOLO ZENTIVA ITALIA	10 MG CAPSULE RIGIDE GASTRORESISTENTI- 60 CAPSULE IN FLACONE HDPE	OMEPRAZOLO	OMEPRAZOLO	10	milligrammi	Capsula rigida gastroresistente	A02BC01	ZENTIVA ITALIA S.R.L.	Autorizzata	Procedura Mutuo riconoscimento o Decentrata	Medicinali soggetti a prescrizione medica
042104339	042104	OMEPRAZOLO ZENTIVA ITALIA	10 MG CAPSULE RIGIDE GASTRORESISTENTI- 100 CAPSULE IN FLACONE HDPE	OMEPRAZOLO	OMEPRAZOLO	10	milligrammi	Capsula rigida gastroresistente	A02BC01	ZENTIVA ITALIA S.R.L.	Autorizzata	Procedura Mutuo riconoscimento o Decentrata	Medicinali soggetti a prescrizione medica
042104341	042104	OMEPRAZOLO ZENTIVA ITALIA	20 MG CAPSULE RIGIDE GASTRORESISTENTI- 7 CAPSULE IN FLACONE HDPE	OMEPRAZOLO	OMEPRAZOLO	20	milligrammi	Capsula rigida gastroresistente	A02BC01	ZENTIVA ITALIA S.R.L.	Autorizzata	Procedura Mutuo riconoscimento o Decentrata	Medicinali soggetti a prescrizione medica
042104354	042104	OMEPRAZOLO ZENTIVA ITALIA	20 MG CAPSULE RIGIDE GASTRORESISTENTI- 15 CAPSULE IN FLACONE HDPE	OMEPRAZOLO	OMEPRAZOLO	20	milligrammi	Capsula rigida gastroresistente	A02BC01	ZENTIVA ITALIA S.R.L.	Autorizzata	Procedura Mutuo riconoscimento o Decentrata	Medicinali soggetti a prescrizione medica
042104366	042104	OMEPRAZOLO ZENTIVA ITALIA	20 MG CAPSULE RIGIDE GASTRORESISTENTI- 30 CAPSULE IN FLACONE HDPE	OMEPRAZOLO	OMEPRAZOLO	20	milligrammi	Capsula rigida gastroresistente	A02BC01	ZENTIVA ITALIA S.R.L.	Autorizzata	Procedura Mutuo riconoscimento o Decentrata	Medicinali soggetti a prescrizione medica
042104378	042104	OMEPRAZOLO ZENTIVA ITALIA	20 MG CAPSULE RIGIDE GASTRORESISTENTI- 50 CAPSULE IN FLACONE HDPE	OMEPRAZOLO	OMEPRAZOLO	20	milligrammi	Capsula rigida gastroresistente	A02BC01	ZENTIVA ITALIA S.R.L.	Autorizzata	Procedura Mutuo riconoscimento o Decentrata	Medicinali soggetti a prescrizione medica
042104380	042104	OMEPRAZOLO ZENTIVA ITALIA	20 MG CAPSULE RIGIDE GASTRORESISTENTI- 60 CAPSULE IN FLACONE HDPE	OMEPRAZOLO	OMEPRAZOLO	20	milligrammi	Capsula rigida gastroresistente	A02BC01	ZENTIVA ITALIA S.R.L.	Autorizzata	Procedura Mutuo riconoscimento o Decentrata	Medicinali soggetti a prescrizione medica
042104392	042104	OMEPRAZOLO ZENTIVA ITALIA	20 MG CAPSULE RIGIDE GASTRORESISTENTI- 100 CAPSULE IN FLACONE HDPE	OMEPRAZOLO	OMEPRAZOLO	20	milligrammi	Capsula rigida gastroresistente	A02BC01	ZENTIVA ITALIA S.R.L.	Autorizzata	Procedura Mutuo riconoscimento o Decentrata	Medicinali soggetti a prescrizione medica
042104467	042104	OMEPRAZOLO ZENTIVA ITALIA	10 MG CAPSULE RIGIDE GASTRORESISTENTI- 7 CAPSULE IN BLISTER AL/OPA/AL/HDPE/PE	OMEPRAZOLO	OMEPRAZOLO	10	milligrammi	Capsula rigida gastroresistente	A02BC01	ZENTIVA ITALIA S.R.L.	Autorizzata	Procedura Mutuo riconoscimento o Decentrata	Medicinali soggetti a prescrizione medica
042104479	042104	OMEPRAZOLO ZENTIVA ITALIA	10 MG CAPSULE RIGIDE GASTRORESISTENTI- 14 CAPSULE IN BLISTER AL/OPA/AL/HDPE/PE	OMEPRAZOLO	OMEPRAZOLO	10	milligrammi	Capsula rigida gastroresistente	A02BC01	ZENTIVA ITALIA S.R.L.	Autorizzata	Procedura Mutuo riconoscimento o Decentrata	Medicinali soggetti a prescrizione medica
042104481	042104	OMEPRAZOLO ZENTIVA ITALIA	10 MG CAPSULE RIGIDE GASTRORESISTENTI- 28 CAPSULE IN BLISTER AL/OPA/AL/HDPE/PE	OMEPRAZOLO	OMEPRAZOLO	10	milligrammi	Capsula rigida gastroresistente	A02BC01	ZENTIVA ITALIA S.R.L.	Autorizzata	Procedura Mutuo riconoscimento o Decentrata	Medicinali soggetti a prescrizione medica
042104493	042104	OMEPRAZOLO ZENTIVA ITALIA	20 MG CAPSULE RIGIDE GASTRORESISTENTI- 7 CAPSULE IN BLISTER AL/OPA/AL/HDPE/PE	OMEPRAZOLO	OMEPRAZOLO	20	milligrammi	Capsula rigida gastroresistente	A02BC01	ZENTIVA ITALIA S.R.L.	Autorizzata	Procedura Mutuo riconoscimento o Decentrata	Medicinali soggetti a prescrizione medica
042104505	042104	OMEPRAZOLO ZENTIVA ITALIA	20 MG CAPSULE RIGIDE GASTRORESISTENTI- 14 CAPSULE IN BLISTER AL/OPA/AL/HDPE/PE	OMEPRAZOLO	OMEPRAZOLO	20	milligrammi	Capsula rigida gastroresistente	A02BC01	ZENTIVA ITALIA S.R.L.	Autorizzata	Procedura Mutuo riconoscimento o Decentrata	Medicinali soggetti a prescrizione medica
042104517	042104	OMEPRAZOLO ZENTIVA ITALIA	20 MG CAPSULE RIGIDE GASTRORESISTENTI- 28 CAPSULE IN BLISTER AL/OPA/AL/HDPE/PE	OMEPRAZOLO	OMEPRAZOLO	20	milligrammi	Capsula rigida gastroresistente	A02BC01	ZENTIVA ITALIA S.R.L.	Autorizzata	Procedura Mutuo riconoscimento o Decentrata	Medicinali soggetti a prescrizione medica
042104556	042104	OMEPRAZOLO ZENTIVA ITALIA	10 MG CAPSULE RIGIDE GASTRORESISTENTI- 14 CAPSULE IN FLACONE HDPE	OMEPRAZOLO	OMEPRAZOLO	10	milligrammi	Capsula rigida gastroresistente	A02BC01	ZENTIVA ITALIA S.R.L.	Autorizzata	Procedura Mutuo riconoscimento o Decentrata	Medicinali soggetti a prescrizione medica
042104568	042104	OMEPRAZOLO ZENTIVA ITALIA	10 MG CAPSULE RIGIDE GASTRORESISTENTI- 28 CAPSULE IN FLACONE HDPE	OMEPRAZOLO	OMEPRAZOLO	10	milligrammi	Capsula rigida gastroresistente	A02BC01	ZENTIVA ITALIA S.R.L.	Autorizzata	Procedura Mutuo riconoscimento o Decentrata	Medicinali soggetti a prescrizione medica
042104570	042104	OMEPRAZOLO ZENTIVA ITALIA	20 MG CAPSULE RIGIDE GASTRORESISTENTI- 14 CAPSULE IN FLACONE HDPE	OMEPRAZOLO	OMEPRAZOLO	20	milligrammi	Capsula rigida gastroresistente	A02BC01	ZENTIVA ITALIA S.R.L.	Autorizzata	Procedura Mutuo riconoscimento o Decentrata	Medicinali soggetti a prescrizione medica
042104582	042104	OMEPRAZOLO ZENTIVA ITALIA	20 MG CAPSULE RIGIDE GASTRORESISTENTI- 28 CAPSULE IN FLACONE HDPE	OMEPRAZOLO	OMEPRAZOLO	20	milligrammi	Capsula rigida gastroresistente	A02BC01	ZENTIVA ITALIA S.R.L.	Autorizzata	Procedura Mutuo riconoscimento o Decentrata	Medicinali soggetti a prescrizione medica
042104618	042104	OMEPRAZOLO ZENTIVA ITALIA	10 MG CAPSULE RIGIDE GASTRORESISTENTI- 56 CAPSULE IN BLISTER AL/OPA/AL/HDPE/PE	OMEPRAZOLO	OMEPRAZOLO	10	milligrammi	Capsula rigida gastroresistente	A02BC01	ZENTIVA ITALIA S.R.L.	Autorizzata	Procedura Mutuo riconoscimento o Decentrata	Medicinali soggetti a prescrizione medica
042104620	042104	OMEPRAZOLO ZENTIVA ITALIA	20 MG CAPSULE RIGIDE GASTRORESISTENTI- 56 CAPSULE IN BLISTER AL/OPA/AL/HDPE/PE	OMEPRAZOLO	OMEPRAZOLO	20	milligrammi	Capsula rigida gastroresistente	A02BC01	ZENTIVA ITALIA S.R.L.	Autorizzata	Procedura Mutuo riconoscimento o Decentrata	Medicinali soggetti a prescrizione medica
042104644	042104	OMEPRAZOLO ZENTIVA ITALIA	10 MG CAPSULE RIGIDE GASTRORESISTENTI- 7 CAPSULE IN BLISTER OPA/AL/PVC/AL	OMEPRAZOLO	OMEPRAZOLO	10	milligrammi	Capsula rigida gastroresistente	A02BC01	ZENTIVA ITALIA S.R.L.	Autorizzata	Procedura Mutuo riconoscimento o Decentrata	Medicinali soggetti a prescrizione medica
042104657	042104	OMEPRAZOLO ZENTIVA ITALIA	10 MG CAPSULE RIGIDE GASTRORESISTENTI- 14 CAPSULE IN BLISTER OPA/AL/PVC/AL	OMEPRAZOLO	OMEPRAZOLO	10	milligrammi	Capsula rigida gastroresistente	A02BC01	ZENTIVA ITALIA S.R.L.	Autorizzata	Procedura Mutuo riconoscimento o Decentrata	Medicinali soggetti a prescrizione medica
042104669	042104	OMEPRAZOLO ZENTIVA ITALIA	10 MG CAPSULE RIGIDE GASTRORESISTENTI- 28 CAPSULE IN BLISTER OPA/AL/PVC/AL	OMEPRAZOLO	OMEPRAZOLO	10	milligrammi	Capsula rigida gastroresistente	A02BC01	ZENTIVA ITALIA S.R.L.	Autorizzata	Procedura Mutuo riconoscimento o Decentrata	Medicinali soggetti a prescrizione medica
042104671	042104	OMEPRAZOLO ZENTIVA ITALIA	20 MG CAPSULE RIGIDE GASTRORESISTENTI- 7 CAPSULE IN BLISTER OPA/AL/PVC/AL	OMEPRAZOLO	OMEPRAZOLO	20	milligrammi	Capsula rigida gastroresistente	A02BC01	ZENTIVA ITALIA S.R.L.	Autorizzata	Procedura Mutuo riconoscimento o Decentrata	Medicinali soggetti a prescrizione medica
042104683	042104	OMEPRAZOLO ZENTIVA ITALIA	20 MG CAPSULE RIGIDE GASTRORESISTENTI- 14 CAPSULE IN BLISTER OPA/AL/PVC/AL	OMEPRAZOLO	OMEPRAZOLO	20	milligrammi	Capsula rigida gastroresistente	A02BC01	ZENTIVA ITALIA S.R.L.	Autorizzata	Procedura Mutuo riconoscimento o Decentrata	Medicinali soggetti a prescrizione medica
042104695	042104	OMEPRAZOLO ZENTIVA ITALIA	20 MG CAPSULE RIGIDE GASTRORESISTENTI- 28 CAPSULE IN BLISTER OPA/AL/PVC/AL	OMEPRAZOLO	OMEPRAZOLO	20	milligrammi	Capsula rigida gastroresistente	A02BC01	ZENTIVA ITALIA S.R.L.	Autorizzata	Procedura Mutuo riconoscimento o Decentrata	Medicinali soggetti a prescrizione medica
042104733	042104	OMEPRAZOLO ZENTIVA ITALIA	10 MG CAPSULE RIGIDE GASTRORESISTENTI- 56 CAPSULE IN BLISTER OPA/AL/PVC/AL	OMEPRAZOLO	OMEPRAZOLO	10	milligrammi	Capsula rigida gastroresistente	A02BC01	ZENTIVA ITALIA S.R.L.	Autorizzata	Procedura Mutuo riconoscimento o Decentrata	Medicinali soggetti a prescrizione medica
042104745	042104	OMEPRAZOLO ZENTIVA ITALIA	20 MG CAPSULE RIGIDE GASTRORESISTENTI- 56 CAPSULE IN BLISTER OPA/AL/PVC/AL	OMEPRAZOLO	OMEPRAZOLO	20	milligrammi	Capsula rigida gastroresistente	A02BC01	ZENTIVA ITALIA S.R.L.	Autorizzata	Procedura Mutuo riconoscimento o Decentrata	Medicinali soggetti a prescrizione medica
042236012	042236	OMEPRAZOLO TEVA ITALIA	10 MG CAPSULE RIGIDE GASTRORESISTENTI- 5 CAPSULE IN BLISTER AL/AL	OMEPRAZOLO	OMEPRAZOLO	10	milligrammi	Capsula rigida gastroresistente	A02BC01	TEVA ITALIA S.R.L.	Autorizzata	Procedura Mutuo riconoscimento o Decentrata	Medicinali soggetti a prescrizione medica
042236024	042236	OMEPRAZOLO TEVA ITALIA	10 MG CAPSULE RIGIDE GASTRORESISTENTI- 7 CAPSULE IN BLISTER AL/AL	OMEPRAZOLO	OMEPRAZOLO	10	milligrammi	Capsula rigida gastroresistente	A02BC01	TEVA ITALIA S.R.L.	Autorizzata	Procedura Mutuo riconoscimento o Decentrata	Medicinali soggetti a prescrizione medica
042236036	042236	OMEPRAZOLO TEVA ITALIA	10 MG CAPSULE RIGIDE GASTRORESISTENTI- 14 CAPSULE IN BLISTER AL/AL	OMEPRAZOLO	OMEPRAZOLO	10	milligrammi	Capsula rigida gastroresistente	A02BC01	TEVA ITALIA S.R.L.	Autorizzata	Procedura Mutuo riconoscimento o Decentrata	Medicinali soggetti a prescrizione medica
042236048	042236	OMEPRAZOLO TEVA ITALIA	10 MG CAPSULE RIGIDE GASTRORESISTENTI- 15 CAPSULE IN BLISTER AL/AL	OMEPRAZOLO	OMEPRAZOLO	10	milligrammi	Capsula rigida gastroresistente	A02BC01	TEVA ITALIA S.R.L.	Autorizzata	Procedura Mutuo riconoscimento o Decentrata	Medicinali soggetti a prescrizione medica
042236051	042236	OMEPRAZOLO TEVA ITALIA	10 MG CAPSULE RIGIDE GASTRORESISTENTI- 20 CAPSULE IN BLISTER AL/AL	OMEPRAZOLO	OMEPRAZOLO	10	milligrammi	Capsula rigida gastroresistente	A02BC01	TEVA ITALIA S.R.L.	Autorizzata	Procedura Mutuo riconoscimento o Decentrata	Medicinali soggetti a prescrizione medica
042236063	042236	OMEPRAZOLO TEVA ITALIA	10 MG CAPSULE RIGIDE GASTRORESISTENTI- 21 CAPSULE IN BLISTER AL/AL	OMEPRAZOLO	OMEPRAZOLO	10	milligrammi	Capsula rigida gastroresistente	A02BC01	TEVA ITALIA S.R.L.	Autorizzata	Procedura Mutuo riconoscimento o Decentrata	Medicinali soggetti a prescrizione medica
042236075	042236	OMEPRAZOLO TEVA ITALIA	10 MG CAPSULE RIGIDE GASTRORESISTENTI- 25 CAPSULE IN BLISTER AL/AL	OMEPRAZOLO	OMEPRAZOLO	10	milligrammi	Capsula rigida gastroresistente	A02BC01	TEVA ITALIA S.R.L.	Autorizzata	Procedura Mutuo riconoscimento o Decentrata	Medicinali soggetti a prescrizione medica
042236087	042236	OMEPRAZOLO TEVA ITALIA	10 MG CAPSULE RIGIDE GASTRORESISTENTI- 28 CAPSULE IN BLISTER AL/AL	OMEPRAZOLO	OMEPRAZOLO	10	milligrammi	Capsula rigida gastroresistente	A02BC01	TEVA ITALIA S.R.L.	Autorizzata	Procedura Mutuo riconoscimento o Decentrata	Medicinali soggetti a prescrizione medica
042236099	042236	OMEPRAZOLO TEVA ITALIA	10 MG CAPSULE RIGIDE GASTRORESISTENTI- 30 CAPSULE IN BLISTER AL/AL	OMEPRAZOLO	OMEPRAZOLO	10	milligrammi	Capsula rigida gastroresistente	A02BC01	TEVA ITALIA S.R.L.	Autorizzata	Procedura Mutuo riconoscimento o Decentrata	Medicinali soggetti a prescrizione medica
042236101	042236	OMEPRAZOLO TEVA ITALIA	10 MG CAPSULE RIGIDE GASTRORESISTENTI- 35 CAPSULE IN BLISTER AL/AL	OMEPRAZOLO	OMEPRAZOLO	10	milligrammi	Capsula rigida gastroresistente	A02BC01	TEVA ITALIA S.R.L.	Autorizzata	Procedura Mutuo riconoscimento o Decentrata	Medicinali soggetti a prescrizione medica
042236113	042236	OMEPRAZOLO TEVA ITALIA	10 MG CAPSULE RIGIDE GASTRORESISTENTI- 42 CAPSULE IN BLISTER AL/AL	OMEPRAZOLO	OMEPRAZOLO	10	milligrammi	Capsula rigida gastroresistente	A02BC01	TEVA ITALIA S.R.L.	Autorizzata	Procedura Mutuo riconoscimento o Decentrata	Medicinali soggetti a prescrizione medica
042236125	042236	OMEPRAZOLO TEVA ITALIA	10 MG CAPSULE RIGIDE GASTRORESISTENTI- 50 CAPSULE IN BLISTER AL/AL	OMEPRAZOLO	OMEPRAZOLO	10	milligrammi	Capsula rigida gastroresistente	A02BC01	TEVA ITALIA S.R.L.	Autorizzata	Procedura Mutuo riconoscimento o Decentrata	Medicinali soggetti a prescrizione medica
042236137	042236	OMEPRAZOLO TEVA ITALIA	10 MG CAPSULE RIGIDE GASTRORESISTENTI- 50 X 1 CAPSULE IN BLISTER AL/AL CONFEZIONE OSPEDALIERA	OMEPRAZOLO	OMEPRAZOLO	10	milligrammi	Capsula rigida gastroresistente	A02BC01	TEVA ITALIA S.R.L.	Autorizzata	Procedura Mutuo riconoscimento o Decentrata	Medicinali soggetti a prescrizione medica
042236149	042236	OMEPRAZOLO TEVA ITALIA	10 MG CAPSULE RIGIDE GASTRORESISTENTI- 56 CAPSULE IN BLISTER AL/AL	OMEPRAZOLO	OMEPRAZOLO	10	milligrammi	Capsula rigida gastroresistente	A02BC01	TEVA ITALIA S.R.L.	Autorizzata	Procedura Mutuo riconoscimento o Decentrata	Medicinali soggetti a prescrizione medica
042236152	042236	OMEPRAZOLO TEVA ITALIA	10 MG CAPSULE RIGIDE GASTRORESISTENTI- 60 CAPSULE IN BLISTER AL/AL	OMEPRAZOLO	OMEPRAZOLO	10	milligrammi	Capsula rigida gastroresistente	A02BC01	TEVA ITALIA S.R.L.	Autorizzata	Procedura Mutuo riconoscimento o Decentrata	Medicinali soggetti a prescrizione medica
042236164	042236	OMEPRAZOLO TEVA ITALIA	10 MG CAPSULE RIGIDE GASTRORESISTENTI- 98 CAPSULE IN BLISTER AL/AL	OMEPRAZOLO	OMEPRAZOLO	10	milligrammi	Capsula rigida gastroresistente	A02BC01	TEVA ITALIA S.R.L.	Autorizzata	Procedura Mutuo riconoscimento o Decentrata	Medicinali soggetti a prescrizione medica
042236176	042236	OMEPRAZOLO TEVA ITALIA	10 MG CAPSULE RIGIDE GASTRORESISTENTI- 100 CAPSULE IN BLISTER AL/AL	OMEPRAZOLO	OMEPRAZOLO	10	milligrammi	Capsula rigida gastroresistente	A02BC01	TEVA ITALIA S.R.L.	Autorizzata	Procedura Mutuo riconoscimento o Decentrata	Medicinali soggetti a prescrizione medica
042236188	042236	OMEPRAZOLO TEVA ITALIA	10 MG CAPSULE RIGIDE GASTRORESISTENTI- 5 CAPSULE IN FLACONE HDPE	OMEPRAZOLO	OMEPRAZOLO	10	milligrammi	Capsula rigida gastroresistente	A02BC01	TEVA ITALIA S.R.L.	Autorizzata	Procedura Mutuo riconoscimento o Decentrata	Medicinali soggetti a prescrizione medica
042236190	042236	OMEPRAZOLO TEVA ITALIA	10 MG CAPSULE RIGIDE GASTRORESISTENTI- 7 CAPSULE IN FLACONE HDPE	OMEPRAZOLO	OMEPRAZOLO	10	milligrammi	Capsula rigida gastroresistente	A02BC01	TEVA ITALIA S.R.L.	Autorizzata	Procedura Mutuo riconoscimento o Decentrata	Medicinali soggetti a prescrizione medica
042236202	042236	OMEPRAZOLO TEVA ITALIA	10 MG CAPSULE RIGIDE GASTRORESISTENTI- 14 CAPSULE IN FLACONE HDPE	OMEPRAZOLO	OMEPRAZOLO	10	milligrammi	Capsula rigida gastroresistente	A02BC01	TEVA ITALIA S.R.L.	Autorizzata	Procedura Mutuo riconoscimento o Decentrata	Medicinali soggetti a prescrizione medica
042236214	042236	OMEPRAZOLO TEVA ITALIA	10 MG CAPSULE RIGIDE GASTRORESISTENTI- 15 CAPSULE IN FLACONE HDPE	OMEPRAZOLO	OMEPRAZOLO	10	milligrammi	Capsula rigida gastroresistente	A02BC01	TEVA ITALIA S.R.L.	Autorizzata	Procedura Mutuo riconoscimento o Decentrata	Medicinali soggetti a prescrizione medica
042236226	042236	OMEPRAZOLO TEVA ITALIA	10 MG CAPSULE RIGIDE GASTRORESISTENTI- 20 CAPSULE IN FLACONE HDPE	OMEPRAZOLO	OMEPRAZOLO	10	milligrammi	Capsula rigida gastroresistente	A02BC01	TEVA ITALIA S.R.L.	Autorizzata	Procedura Mutuo riconoscimento o Decentrata	Medicinali soggetti a prescrizione medica
042236238	042236	OMEPRAZOLO TEVA ITALIA	10 MG CAPSULE RIGIDE GASTRORESISTENTI- 21 CAPSULE IN FLACONE HDPE	OMEPRAZOLO	OMEPRAZOLO	10	milligrammi	Capsula rigida gastroresistente	A02BC01	TEVA ITALIA S.R.L.	Autorizzata	Procedura Mutuo riconoscimento o Decentrata	Medicinali soggetti a prescrizione medica
042236240	042236	OMEPRAZOLO TEVA ITALIA	10 MG CAPSULE RIGIDE GASTRORESISTENTI- 28 CAPSULE IN FLACONE HDPE	OMEPRAZOLO	OMEPRAZOLO	10	milligrammi	Capsula rigida gastroresistente	A02BC01	TEVA ITALIA S.R.L.	Autorizzata	Procedura Mutuo riconoscimento o Decentrata	Medicinali soggetti a prescrizione medica
042236253	042236	OMEPRAZOLO TEVA ITALIA	10 MG CAPSULE RIGIDE GASTRORESISTENTI- 30 CAPSULE IN FLACONE HDPE	OMEPRAZOLO	OMEPRAZOLO	10	milligrammi	Capsula rigida gastroresistente	A02BC01	TEVA ITALIA S.R.L.	Autorizzata	Procedura Mutuo riconoscimento o Decentrata	Medicinali soggetti a prescrizione medica
042236265	042236	OMEPRAZOLO TEVA ITALIA	10 MG CAPSULE RIGIDE GASTRORESISTENTI- 42 CAPSULE IN FLACONE HDPE	OMEPRAZOLO	OMEPRAZOLO	10	milligrammi	Capsula rigida gastroresistente	A02BC01	TEVA ITALIA S.R.L.	Autorizzata	Procedura Mutuo riconoscimento o Decentrata	Medicinali soggetti a prescrizione medica
042236277	042236	OMEPRAZOLO TEVA ITALIA	10 MG CAPSULE RIGIDE GASTRORESISTENTI- 50 CAPSULE IN FLACONE HDPE	OMEPRAZOLO	OMEPRAZOLO	10	milligrammi	Capsula rigida gastroresistente	A02BC01	TEVA ITALIA S.R.L.	Autorizzata	Procedura Mutuo riconoscimento o Decentrata	Medicinali soggetti a prescrizione medica
042236289	042236	OMEPRAZOLO TEVA ITALIA	10 mg capsule rigide  gastroresistenti-  56  (2?28) capsule in flacone HDPE	OMEPRAZOLO	OMEPRAZOLO	10	milligrammi	Capsula rigida gastroresistente	A02BC01	TEVA ITALIA S.R.L.	Autorizzata	Procedura Mutuo riconoscimento o Decentrata	Medicinali soggetti a prescrizione medica
042236291	042236	OMEPRAZOLO TEVA ITALIA	10 MG CAPSULE RIGIDE GASTRORESISTENTI- 60 CAPSULE IN FLACONE HDPE	OMEPRAZOLO	OMEPRAZOLO	10	milligrammi	Capsula rigida gastroresistente	A02BC01	TEVA ITALIA S.R.L.	Autorizzata	Procedura Mutuo riconoscimento o Decentrata	Medicinali soggetti a prescrizione medica
042236303	042236	OMEPRAZOLO TEVA ITALIA	10 MG CAPSULE RIGIDE GASTRORESISTENTI- 84 CAPSULE IN FLACONE HDPE	OMEPRAZOLO	OMEPRAZOLO	10	milligrammi	Capsula rigida gastroresistente	A02BC01	TEVA ITALIA S.R.L.	Autorizzata	Procedura Mutuo riconoscimento o Decentrata	Medicinali soggetti a prescrizione medica
042236315	042236	OMEPRAZOLO TEVA ITALIA	10 MG CAPSULE RIGIDE GASTRORESISTENTI- 90 (3X30) CAPSULE IN FLACONE HDPE	OMEPRAZOLO	OMEPRAZOLO	10	milligrammi	Capsula rigida gastroresistente	A02BC01	TEVA ITALIA S.R.L.	Autorizzata	Procedura Mutuo riconoscimento o Decentrata	Medicinali soggetti a prescrizione medica
042236327	042236	OMEPRAZOLO TEVA ITALIA	10 MG CAPSULE RIGIDE GASTRORESISTENTI- 98 CAPSULE IN FLACONE HDPE	OMEPRAZOLO	OMEPRAZOLO	10	milligrammi	Capsula rigida gastroresistente	A02BC01	TEVA ITALIA S.R.L.	Autorizzata	Procedura Mutuo riconoscimento o Decentrata	Medicinali soggetti a prescrizione medica
042236339	042236	OMEPRAZOLO TEVA ITALIA	10 MG CAPSULE RIGIDE GASTRORESISTENTI- 100 CAPSULE IN FLACONE HDPE	OMEPRAZOLO	OMEPRAZOLO	10	milligrammi	Capsula rigida gastroresistente	A02BC01	TEVA ITALIA S.R.L.	Autorizzata	Procedura Mutuo riconoscimento o Decentrata	Medicinali soggetti a prescrizione medica
042236341	042236	OMEPRAZOLO TEVA ITALIA	10 MG CAPSULE RIGIDE GASTRORESISTENTI- 250 CAPSULE IN FLACONE HDPE	OMEPRAZOLO	OMEPRAZOLO	10	milligrammi	Capsula rigida gastroresistente	A02BC01	TEVA ITALIA S.R.L.	Autorizzata	Procedura Mutuo riconoscimento o Decentrata	Medicinali soggetti a prescrizione medica
042236354	042236	OMEPRAZOLO TEVA ITALIA	10 MG CAPSULE RIGIDE GASTRORESISTENTI- 500 CAPSULE IN FLACONE HDPE	OMEPRAZOLO	OMEPRAZOLO	10	milligrammi	Capsula rigida gastroresistente	A02BC01	TEVA ITALIA S.R.L.	Autorizzata	Procedura Mutuo riconoscimento o Decentrata	Medicinali soggetti a prescrizione medica
042236366	042236	OMEPRAZOLO TEVA ITALIA	20 MG CAPSULE RIGIDE GASTRORESISTENTI- 5 CAPSULE IN BLISTER AL/AL	OMEPRAZOLO	OMEPRAZOLO	20	milligrammi	Capsula rigida gastroresistente	A02BC01	TEVA ITALIA S.R.L.	Autorizzata	Procedura Mutuo riconoscimento o Decentrata	Medicinali soggetti a prescrizione medica
042236378	042236	OMEPRAZOLO TEVA ITALIA	20 MG CAPSULE RIGIDE GASTRORESISTENTI- 7 CAPSULE IN BLISTER AL/AL	OMEPRAZOLO	OMEPRAZOLO	20	milligrammi	Capsula rigida gastroresistente	A02BC01	TEVA ITALIA S.R.L.	Autorizzata	Procedura Mutuo riconoscimento o Decentrata	Medicinali soggetti a prescrizione medica
042236380	042236	OMEPRAZOLO TEVA ITALIA	20 MG CAPSULE RIGIDE GASTRORESISTENTI- 14 CAPSULE IN BLISTER AL/AL	OMEPRAZOLO	OMEPRAZOLO	20	milligrammi	Capsula rigida gastroresistente	A02BC01	TEVA ITALIA S.R.L.	Autorizzata	Procedura Mutuo riconoscimento o Decentrata	Medicinali soggetti a prescrizione medica
042236392	042236	OMEPRAZOLO TEVA ITALIA	20 MG CAPSULE RIGIDE GASTRORESISTENTI- 15 CAPSULE IN BLISTER AL/AL	OMEPRAZOLO	OMEPRAZOLO	20	milligrammi	Capsula rigida gastroresistente	A02BC01	TEVA ITALIA S.R.L.	Autorizzata	Procedura Mutuo riconoscimento o Decentrata	Medicinali soggetti a prescrizione medica
042236404	042236	OMEPRAZOLO TEVA ITALIA	20 MG CAPSULE RIGIDE GASTRORESISTENTI- 20 CAPSULE IN BLISTER AL/AL	OMEPRAZOLO	OMEPRAZOLO	20	milligrammi	Capsula rigida gastroresistente	A02BC01	TEVA ITALIA S.R.L.	Autorizzata	Procedura Mutuo riconoscimento o Decentrata	Medicinali soggetti a prescrizione medica
042236416	042236	OMEPRAZOLO TEVA ITALIA	20 MG CAPSULE RIGIDE GASTRORESISTENTI- 21 CAPSULE IN BLISTER AL/AL	OMEPRAZOLO	OMEPRAZOLO	20	milligrammi	Capsula rigida gastroresistente	A02BC01	TEVA ITALIA S.R.L.	Autorizzata	Procedura Mutuo riconoscimento o Decentrata	Medicinali soggetti a prescrizione medica
042236428	042236	OMEPRAZOLO TEVA ITALIA	20 MG CAPSULE RIGIDE GASTRORESISTENTI- 25 CAPSULE IN BLISTER AL/AL	OMEPRAZOLO	OMEPRAZOLO	20	milligrammi	Capsula rigida gastroresistente	A02BC01	TEVA ITALIA S.R.L.	Autorizzata	Procedura Mutuo riconoscimento o Decentrata	Medicinali soggetti a prescrizione medica
042236430	042236	OMEPRAZOLO TEVA ITALIA	20 MG CAPSULE RIGIDE GASTRORESISTENTI- 28 CAPSULE IN BLISTER AL/AL	OMEPRAZOLO	OMEPRAZOLO	20	milligrammi	Capsula rigida gastroresistente	A02BC01	TEVA ITALIA S.R.L.	Autorizzata	Procedura Mutuo riconoscimento o Decentrata	Medicinali soggetti a prescrizione medica
042236442	042236	OMEPRAZOLO TEVA ITALIA	20 MG CAPSULE RIGIDE GASTRORESISTENTI- 30 CAPSULE IN BLISTER AL/AL	OMEPRAZOLO	OMEPRAZOLO	20	milligrammi	Capsula rigida gastroresistente	A02BC01	TEVA ITALIA S.R.L.	Autorizzata	Procedura Mutuo riconoscimento o Decentrata	Medicinali soggetti a prescrizione medica
042236455	042236	OMEPRAZOLO TEVA ITALIA	20 MG CAPSULE RIGIDE GASTRORESISTENTI- 35 CAPSULE IN BLISTER AL/AL	OMEPRAZOLO	OMEPRAZOLO	20	milligrammi	Capsula rigida gastroresistente	A02BC01	TEVA ITALIA S.R.L.	Autorizzata	Procedura Mutuo riconoscimento o Decentrata	Medicinali soggetti a prescrizione medica
042236467	042236	OMEPRAZOLO TEVA ITALIA	20 MG CAPSULE RIGIDE GASTRORESISTENTI- 42 CAPSULE IN BLISTER AL/AL	OMEPRAZOLO	OMEPRAZOLO	20	milligrammi	Capsula rigida gastroresistente	A02BC01	TEVA ITALIA S.R.L.	Autorizzata	Procedura Mutuo riconoscimento o Decentrata	Medicinali soggetti a prescrizione medica
042236479	042236	OMEPRAZOLO TEVA ITALIA	20 MG CAPSULE RIGIDE GASTRORESISTENTI- 50 CAPSULE IN BLISTER AL/AL	OMEPRAZOLO	OMEPRAZOLO	20	milligrammi	Capsula rigida gastroresistente	A02BC01	TEVA ITALIA S.R.L.	Autorizzata	Procedura Mutuo riconoscimento o Decentrata	Medicinali soggetti a prescrizione medica
042236481	042236	OMEPRAZOLO TEVA ITALIA	20 MG CAPSULE RIGIDE GASTRORESISTENTI- 50 X 1 CAPSULE IN BLISTER AL/AL CONFEZIONE OSPEDALIERA	OMEPRAZOLO	OMEPRAZOLO	20	milligrammi	Capsula rigida gastroresistente	A02BC01	TEVA ITALIA S.R.L.	Autorizzata	Procedura Mutuo riconoscimento o Decentrata	Medicinali soggetti a prescrizione medica
042236493	042236	OMEPRAZOLO TEVA ITALIA	20 MG CAPSULE RIGIDE GASTRORESISTENTI- 56 CAPSULE IN BLISTER AL/AL	OMEPRAZOLO	OMEPRAZOLO	20	milligrammi	Capsula rigida gastroresistente	A02BC01	TEVA ITALIA S.R.L.	Autorizzata	Procedura Mutuo riconoscimento o Decentrata	Medicinali soggetti a prescrizione medica
042236505	042236	OMEPRAZOLO TEVA ITALIA	20 MG CAPSULE RIGIDE GASTRORESISTENTI- 60 CAPSULE IN BLISTER AL/AL	OMEPRAZOLO	OMEPRAZOLO	20	milligrammi	Capsula rigida gastroresistente	A02BC01	TEVA ITALIA S.R.L.	Autorizzata	Procedura Mutuo riconoscimento o Decentrata	Medicinali soggetti a prescrizione medica
042236517	042236	OMEPRAZOLO TEVA ITALIA	20 MG CAPSULE RIGIDE GASTRORESISTENTI- 98 CAPSULE IN BLISTER AL/AL	OMEPRAZOLO	OMEPRAZOLO	20	milligrammi	Capsula rigida gastroresistente	A02BC01	TEVA ITALIA S.R.L.	Autorizzata	Procedura Mutuo riconoscimento o Decentrata	Medicinali soggetti a prescrizione medica
042236529	042236	OMEPRAZOLO TEVA ITALIA	20 MG CAPSULE RIGIDE GASTRORESISTENTI- 100 CAPSULE IN BLISTER AL/AL	OMEPRAZOLO	OMEPRAZOLO	20	milligrammi	Capsula rigida gastroresistente	A02BC01	TEVA ITALIA S.R.L.	Autorizzata	Procedura Mutuo riconoscimento o Decentrata	Medicinali soggetti a prescrizione medica
042236531	042236	OMEPRAZOLO TEVA ITALIA	20 MG CAPSULE RIGIDE GASTRORESISTENTI- 5 CAPSULE IN FLACONE HDPE	OMEPRAZOLO	OMEPRAZOLO	20	milligrammi	Capsula rigida gastroresistente	A02BC01	TEVA ITALIA S.R.L.	Autorizzata	Procedura Mutuo riconoscimento o Decentrata	Medicinali soggetti a prescrizione medica
042236543	042236	OMEPRAZOLO TEVA ITALIA	20 MG CAPSULE RIGIDE GASTRORESISTENTI- 7 CAPSULE IN FLACONE HDPE	OMEPRAZOLO	OMEPRAZOLO	20	milligrammi	Capsula rigida gastroresistente	A02BC01	TEVA ITALIA S.R.L.	Autorizzata	Procedura Mutuo riconoscimento o Decentrata	Medicinali soggetti a prescrizione medica
042236556	042236	OMEPRAZOLO TEVA ITALIA	20 MG CAPSULE RIGIDE GASTRORESISTENTI- 14 CAPSULE IN FLACONE HDPE	OMEPRAZOLO	OMEPRAZOLO	20	milligrammi	Capsula rigida gastroresistente	A02BC01	TEVA ITALIA S.R.L.	Autorizzata	Procedura Mutuo riconoscimento o Decentrata	Medicinali soggetti a prescrizione medica
042236568	042236	OMEPRAZOLO TEVA ITALIA	20 MG CAPSULE RIGIDE GASTRORESISTENTI- 15 CAPSULE IN FLACONE HDPE	OMEPRAZOLO	OMEPRAZOLO	20	milligrammi	Capsula rigida gastroresistente	A02BC01	TEVA ITALIA S.R.L.	Autorizzata	Procedura Mutuo riconoscimento o Decentrata	Medicinali soggetti a prescrizione medica
042236570	042236	OMEPRAZOLO TEVA ITALIA	20 MG CAPSULE RIGIDE GASTRORESISTENTI- 20 CAPSULE IN FLACONE HDPE	OMEPRAZOLO	OMEPRAZOLO	20	milligrammi	Capsula rigida gastroresistente	A02BC01	TEVA ITALIA S.R.L.	Autorizzata	Procedura Mutuo riconoscimento o Decentrata	Medicinali soggetti a prescrizione medica
042236582	042236	OMEPRAZOLO TEVA ITALIA	20 MG CAPSULE RIGIDE GASTRORESISTENTI- 21 CAPSULE IN FLACONE HDPE	OMEPRAZOLO	OMEPRAZOLO	20	milligrammi	Capsula rigida gastroresistente	A02BC01	TEVA ITALIA S.R.L.	Autorizzata	Procedura Mutuo riconoscimento o Decentrata	Medicinali soggetti a prescrizione medica
042236594	042236	OMEPRAZOLO TEVA ITALIA	20 MG CAPSULE RIGIDE GASTRORESISTENTI- 28 CAPSULE IN FLACONE HDPE	OMEPRAZOLO	OMEPRAZOLO	20	milligrammi	Capsula rigida gastroresistente	A02BC01	TEVA ITALIA S.R.L.	Autorizzata	Procedura Mutuo riconoscimento o Decentrata	Medicinali soggetti a prescrizione medica
042236606	042236	OMEPRAZOLO TEVA ITALIA	20 MG CAPSULE RIGIDE GASTRORESISTENTI- 30 CAPSULE IN FLACONE HDPE	OMEPRAZOLO	OMEPRAZOLO	20	milligrammi	Capsula rigida gastroresistente	A02BC01	TEVA ITALIA S.R.L.	Autorizzata	Procedura Mutuo riconoscimento o Decentrata	Medicinali soggetti a prescrizione medica
042236618	042236	OMEPRAZOLO TEVA ITALIA	20 MG CAPSULE RIGIDE GASTRORESISTENTI- 42 CAPSULE IN FLACONE HDPE	OMEPRAZOLO	OMEPRAZOLO	20	milligrammi	Capsula rigida gastroresistente	A02BC01	TEVA ITALIA S.R.L.	Autorizzata	Procedura Mutuo riconoscimento o Decentrata	Medicinali soggetti a prescrizione medica
042236620	042236	OMEPRAZOLO TEVA ITALIA	20 MG CAPSULE RIGIDE GASTRORESISTENTI- 50 CAPSULE IN FLACONE HDPE	OMEPRAZOLO	OMEPRAZOLO	20	milligrammi	Capsula rigida gastroresistente	A02BC01	TEVA ITALIA S.R.L.	Autorizzata	Procedura Mutuo riconoscimento o Decentrata	Medicinali soggetti a prescrizione medica
042236632	042236	OMEPRAZOLO TEVA ITALIA	20 mg capsule rigide  gastroresistentI-  56  (2?28) capsule in flacone HDPE	OMEPRAZOLO	OMEPRAZOLO	20	milligrammi	Capsula rigida gastroresistente	A02BC01	TEVA ITALIA S.R.L.	Autorizzata	Procedura Mutuo riconoscimento o Decentrata	Medicinali soggetti a prescrizione medica
042236644	042236	OMEPRAZOLO TEVA ITALIA	20 MG CAPSULE RIGIDE GASTRORESISTENTI- 60 CAPSULE IN FLACONE HDPE	OMEPRAZOLO	OMEPRAZOLO	20	milligrammi	Capsula rigida gastroresistente	A02BC01	TEVA ITALIA S.R.L.	Autorizzata	Procedura Mutuo riconoscimento o Decentrata	Medicinali soggetti a prescrizione medica
042236657	042236	OMEPRAZOLO TEVA ITALIA	20 MG CAPSULE RIGIDE GASTRORESISTENTI- 84 CAPSULE IN FLACONE HDPE	OMEPRAZOLO	OMEPRAZOLO	20	milligrammi	Capsula rigida gastroresistente	A02BC01	TEVA ITALIA S.R.L.	Autorizzata	Procedura Mutuo riconoscimento o Decentrata	Medicinali soggetti a prescrizione medica
042236669	042236	OMEPRAZOLO TEVA ITALIA	20 MG CAPSULE RIGIDE GASTRORESISTENTI- 90 (3X30) CAPSULE IN FLACONE HDPE	OMEPRAZOLO	OMEPRAZOLO	20	milligrammi	Capsula rigida gastroresistente	A02BC01	TEVA ITALIA S.R.L.	Autorizzata	Procedura Mutuo riconoscimento o Decentrata	Medicinali soggetti a prescrizione medica
042236671	042236	OMEPRAZOLO TEVA ITALIA	20 MG CAPSULE RIGIDE GASTRORESISTENTI- 98 CAPSULE IN FLACONE HDPE	OMEPRAZOLO	OMEPRAZOLO	20	milligrammi	Capsula rigida gastroresistente	A02BC01	TEVA ITALIA S.R.L.	Autorizzata	Procedura Mutuo riconoscimento o Decentrata	Medicinali soggetti a prescrizione medica
042236683	042236	OMEPRAZOLO TEVA ITALIA	20 MG CAPSULE RIGIDE GASTRORESISTENTI- 100 CAPSULE IN FLACONE HDPE	OMEPRAZOLO	OMEPRAZOLO	20	milligrammi	Capsula rigida gastroresistente	A02BC01	TEVA ITALIA S.R.L.	Autorizzata	Procedura Mutuo riconoscimento o Decentrata	Medicinali soggetti a prescrizione medica
042236695	042236	OMEPRAZOLO TEVA ITALIA	20 MG CAPSULE RIGIDE GASTRORESISTENTI- 250 CAPSULE IN FLACONE HDPE	OMEPRAZOLO	OMEPRAZOLO	20	milligrammi	Capsula rigida gastroresistente	A02BC01	TEVA ITALIA S.R.L.	Autorizzata	Procedura Mutuo riconoscimento o Decentrata	Medicinali soggetti a prescrizione medica
042236707	042236	OMEPRAZOLO TEVA ITALIA	20 MG CAPSULE RIGIDE GASTRORESISTENTI- 500 CAPSULE IN FLACONE HDPE	OMEPRAZOLO	OMEPRAZOLO	20	milligrammi	Capsula rigida gastroresistente	A02BC01	TEVA ITALIA S.R.L.	Autorizzata	Procedura Mutuo riconoscimento o Decentrata	Medicinali soggetti a prescrizione medica
042236719	042236	OMEPRAZOLO TEVA ITALIA	40 MG CAPSULE RIGIDE GASTRORESISTENTI- 5 CAPSULE IN BLISTER AL/AL	OMEPRAZOLO	OMEPRAZOLO	40	milligrammi	Capsula rigida gastroresistente	A02BC01	TEVA ITALIA S.R.L.	Autorizzata	Procedura Mutuo riconoscimento o Decentrata	Medicinali soggetti a prescrizione medica
042236721	042236	OMEPRAZOLO TEVA ITALIA	40 MG CAPSULE RIGIDE GASTRORESISTENTI- 7 CAPSULE IN BLISTER AL/AL	OMEPRAZOLO	OMEPRAZOLO	40	milligrammi	Capsula rigida gastroresistente	A02BC01	TEVA ITALIA S.R.L.	Autorizzata	Procedura Mutuo riconoscimento o Decentrata	Medicinali soggetti a prescrizione medica
042236733	042236	OMEPRAZOLO TEVA ITALIA	40 MG CAPSULE RIGIDE GASTRORESISTENTI- 14 CAPSULE IN BLISTER AL/AL	OMEPRAZOLO	OMEPRAZOLO	40	milligrammi	Capsula rigida gastroresistente	A02BC01	TEVA ITALIA S.R.L.	Autorizzata	Procedura Mutuo riconoscimento o Decentrata	Medicinali soggetti a prescrizione medica
042236745	042236	OMEPRAZOLO TEVA ITALIA	40 MG CAPSULE RIGIDE GASTRORESISTENTI- 15 CAPSULE IN BLISTER AL/AL	OMEPRAZOLO	OMEPRAZOLO	40	milligrammi	Capsula rigida gastroresistente	A02BC01	TEVA ITALIA S.R.L.	Autorizzata	Procedura Mutuo riconoscimento o Decentrata	Medicinali soggetti a prescrizione medica
042236758	042236	OMEPRAZOLO TEVA ITALIA	40 MG CAPSULE RIGIDE GASTRORESISTENTI- 20 CAPSULE IN BLISTER AL/AL	OMEPRAZOLO	OMEPRAZOLO	40	milligrammi	Capsula rigida gastroresistente	A02BC01	TEVA ITALIA S.R.L.	Autorizzata	Procedura Mutuo riconoscimento o Decentrata	Medicinali soggetti a prescrizione medica
042236760	042236	OMEPRAZOLO TEVA ITALIA	40 MG CAPSULE RIGIDE GASTRORESISTENTI- 21 CAPSULE IN BLISTER AL/AL	OMEPRAZOLO	OMEPRAZOLO	40	milligrammi	Capsula rigida gastroresistente	A02BC01	TEVA ITALIA S.R.L.	Autorizzata	Procedura Mutuo riconoscimento o Decentrata	Medicinali soggetti a prescrizione medica
042236772	042236	OMEPRAZOLO TEVA ITALIA	40 MG CAPSULE RIGIDE GASTRORESISTENTI- 25 CAPSULE IN BLISTER AL/AL	OMEPRAZOLO	OMEPRAZOLO	40	milligrammi	Capsula rigida gastroresistente	A02BC01	TEVA ITALIA S.R.L.	Autorizzata	Procedura Mutuo riconoscimento o Decentrata	Medicinali soggetti a prescrizione medica
042236784	042236	OMEPRAZOLO TEVA ITALIA	40 MG CAPSULE RIGIDE GASTRORESISTENTI- 28 CAPSULE IN BLISTER AL/AL	OMEPRAZOLO	OMEPRAZOLO	40	milligrammi	Capsula rigida gastroresistente	A02BC01	TEVA ITALIA S.R.L.	Autorizzata	Procedura Mutuo riconoscimento o Decentrata	Medicinali soggetti a prescrizione medica
042236796	042236	OMEPRAZOLO TEVA ITALIA	40 MG CAPSULE RIGIDE GASTRORESISTENTI- 30 CAPSULE IN BLISTER AL/AL	OMEPRAZOLO	OMEPRAZOLO	40	milligrammi	Capsula rigida gastroresistente	A02BC01	TEVA ITALIA S.R.L.	Autorizzata	Procedura Mutuo riconoscimento o Decentrata	Medicinali soggetti a prescrizione medica
042236808	042236	OMEPRAZOLO TEVA ITALIA	40 MG CAPSULE RIGIDE GASTRORESISTENTI- 35 CAPSULE IN BLISTER AL/AL	OMEPRAZOLO	OMEPRAZOLO	40	milligrammi	Capsula rigida gastroresistente	A02BC01	TEVA ITALIA S.R.L.	Autorizzata	Procedura Mutuo riconoscimento o Decentrata	Medicinali soggetti a prescrizione medica
042236810	042236	OMEPRAZOLO TEVA ITALIA	40 MG CAPSULE RIGIDE GASTRORESISTENTI- 42 CAPSULE IN BLISTER AL/AL	OMEPRAZOLO	OMEPRAZOLO	40	milligrammi	Capsula rigida gastroresistente	A02BC01	TEVA ITALIA S.R.L.	Autorizzata	Procedura Mutuo riconoscimento o Decentrata	Medicinali soggetti a prescrizione medica
042236822	042236	OMEPRAZOLO TEVA ITALIA	40 MG CAPSULE RIGIDE GASTRORESISTENTI- 50 CAPSULE IN BLISTER AL/AL	OMEPRAZOLO	OMEPRAZOLO	40	milligrammi	Capsula rigida gastroresistente	A02BC01	TEVA ITALIA S.R.L.	Autorizzata	Procedura Mutuo riconoscimento o Decentrata	Medicinali soggetti a prescrizione medica
042236834	042236	OMEPRAZOLO TEVA ITALIA	40 MG CAPSULE RIGIDE GASTRORESISTENTI- 50 X 1 CAPSULE IN BLISTER AL/AL CONFEZIONE OSPEDALIERA	OMEPRAZOLO	OMEPRAZOLO	40	milligrammi	Capsula rigida gastroresistente	A02BC01	TEVA ITALIA S.R.L.	Autorizzata	Procedura Mutuo riconoscimento o Decentrata	Medicinali soggetti a prescrizione medica
042236846	042236	OMEPRAZOLO TEVA ITALIA	40 MG CAPSULE RIGIDE GASTRORESISTENTI- 56 CAPSULE IN BLISTER AL/AL	OMEPRAZOLO	OMEPRAZOLO	40	milligrammi	Capsula rigida gastroresistente	A02BC01	TEVA ITALIA S.R.L.	Autorizzata	Procedura Mutuo riconoscimento o Decentrata	Medicinali soggetti a prescrizione medica
042236859	042236	OMEPRAZOLO TEVA ITALIA	40 MG CAPSULE RIGIDE GASTRORESISTENTI- 60 CAPSULE IN BLISTER AL/AL	OMEPRAZOLO	OMEPRAZOLO	40	milligrammi	Capsula rigida gastroresistente	A02BC01	TEVA ITALIA S.R.L.	Autorizzata	Procedura Mutuo riconoscimento o Decentrata	Medicinali soggetti a prescrizione medica
042236861	042236	OMEPRAZOLO TEVA ITALIA	40 MG CAPSULE RIGIDE GASTRORESISTENTI- 98 CAPSULE IN BLISTER AL/AL	OMEPRAZOLO	OMEPRAZOLO	40	milligrammi	Capsula rigida gastroresistente	A02BC01	TEVA ITALIA S.R.L.	Autorizzata	Procedura Mutuo riconoscimento o Decentrata	Medicinali soggetti a prescrizione medica
042236873	042236	OMEPRAZOLO TEVA ITALIA	40 MG CAPSULE RIGIDE GASTRORESISTENTI- 100 CAPSULE IN BLISTER AL/AL	OMEPRAZOLO	OMEPRAZOLO	40	milligrammi	Capsula rigida gastroresistente	A02BC01	TEVA ITALIA S.R.L.	Autorizzata	Procedura Mutuo riconoscimento o Decentrata	Medicinali soggetti a prescrizione medica
042236885	042236	OMEPRAZOLO TEVA ITALIA	40 MG CAPSULE RIGIDE GASTRORESISTENTI- 5 CAPSULE IN FLACONE HDPE	OMEPRAZOLO	OMEPRAZOLO	40	milligrammi	Capsula rigida gastroresistente	A02BC01	TEVA ITALIA S.R.L.	Autorizzata	Procedura Mutuo riconoscimento o Decentrata	Medicinali soggetti a prescrizione medica
042236897	042236	OMEPRAZOLO TEVA ITALIA	40 MG CAPSULE RIGIDE GASTRORESISTENTI- 7 CAPSULE IN FLACONE HDPE	OMEPRAZOLO	OMEPRAZOLO	40	milligrammi	Capsula rigida gastroresistente	A02BC01	TEVA ITALIA S.R.L.	Autorizzata	Procedura Mutuo riconoscimento o Decentrata	Medicinali soggetti a prescrizione medica
042236909	042236	OMEPRAZOLO TEVA ITALIA	40 MG CAPSULE RIGIDE GASTRORESISTENTI- 14 CAPSULE IN FLACONE HDPE	OMEPRAZOLO	OMEPRAZOLO	40	milligrammi	Capsula rigida gastroresistente	A02BC01	TEVA ITALIA S.R.L.	Autorizzata	Procedura Mutuo riconoscimento o Decentrata	Medicinali soggetti a prescrizione medica
042236911	042236	OMEPRAZOLO TEVA ITALIA	40 MG CAPSULE RIGIDE GASTRORESISTENTI- 15 CAPSULE IN FLACONE HDPE	OMEPRAZOLO	OMEPRAZOLO	40	milligrammi	Capsula rigida gastroresistente	A02BC01	TEVA ITALIA S.R.L.	Autorizzata	Procedura Mutuo riconoscimento o Decentrata	Medicinali soggetti a prescrizione medica
042236923	042236	OMEPRAZOLO TEVA ITALIA	40 MG CAPSULE RIGIDE GASTRORESISTENTI- 20 CAPSULE IN FLACONE HDPE	OMEPRAZOLO	OMEPRAZOLO	40	milligrammi	Capsula rigida gastroresistente	A02BC01	TEVA ITALIA S.R.L.	Autorizzata	Procedura Mutuo riconoscimento o Decentrata	Medicinali soggetti a prescrizione medica
042236935	042236	OMEPRAZOLO TEVA ITALIA	40 MG CAPSULE RIGIDE GASTRORESISTENTI- 21 CAPSULE IN FLACONE HDPE	OMEPRAZOLO	OMEPRAZOLO	40	milligrammi	Capsula rigida gastroresistente	A02BC01	TEVA ITALIA S.R.L.	Autorizzata	Procedura Mutuo riconoscimento o Decentrata	Medicinali soggetti a prescrizione medica
042236947	042236	OMEPRAZOLO TEVA ITALIA	40 MG CAPSULE RIGIDE GASTRORESISTENTI- 28 CAPSULE IN FLACONE HDPE	OMEPRAZOLO	OMEPRAZOLO	40	milligrammi	Capsula rigida gastroresistente	A02BC01	TEVA ITALIA S.R.L.	Autorizzata	Procedura Mutuo riconoscimento o Decentrata	Medicinali soggetti a prescrizione medica
042236950	042236	OMEPRAZOLO TEVA ITALIA	40 MG CAPSULE RIGIDE GASTRORESISTENTI- 30 CAPSULE IN FLACONE HDPE	OMEPRAZOLO	OMEPRAZOLO	40	milligrammi	Capsula rigida gastroresistente	A02BC01	TEVA ITALIA S.R.L.	Autorizzata	Procedura Mutuo riconoscimento o Decentrata	Medicinali soggetti a prescrizione medica
042236962	042236	OMEPRAZOLO TEVA ITALIA	40 MG CAPSULE RIGIDE GASTRORESISTENTI- 42 CAPSULE IN FLACONE HDPE	OMEPRAZOLO	OMEPRAZOLO	40	milligrammi	Capsula rigida gastroresistente	A02BC01	TEVA ITALIA S.R.L.	Autorizzata	Procedura Mutuo riconoscimento o Decentrata	Medicinali soggetti a prescrizione medica
042236974	042236	OMEPRAZOLO TEVA ITALIA	40 MG CAPSULE RIGIDE GASTRORESISTENTI- 50 CAPSULE IN FLACONE HDPE	OMEPRAZOLO	OMEPRAZOLO	40	milligrammi	Capsula rigida gastroresistente	A02BC01	TEVA ITALIA S.R.L.	Autorizzata	Procedura Mutuo riconoscimento o Decentrata	Medicinali soggetti a prescrizione medica
042236986	042236	OMEPRAZOLO TEVA ITALIA	40 mg capsule rigide  gastroresistenti- 56  (2?28) capsule in flacone HDPE	OMEPRAZOLO	OMEPRAZOLO	40	milligrammi	Capsula rigida gastroresistente	A02BC01	TEVA ITALIA S.R.L.	Autorizzata	Procedura Mutuo riconoscimento o Decentrata	Medicinali soggetti a prescrizione medica
042236998	042236	OMEPRAZOLO TEVA ITALIA	40 MG CAPSULE RIGIDE GASTRORESISTENTI- 60 CAPSULE IN FLACONE HDPE	OMEPRAZOLO	OMEPRAZOLO	40	milligrammi	Capsula rigida gastroresistente	A02BC01	TEVA ITALIA S.R.L.	Autorizzata	Procedura Mutuo riconoscimento o Decentrata	Medicinali soggetti a prescrizione medica
042237014	042237	OMEPRAZOLO TEVA ITALIA	40 MG CAPSULE RIGIDE GASTRORESISTENTI- 84 CAPSULE IN FLACONE HDPE	OMEPRAZOLO	OMEPRAZOLO	40	milligrammi	Capsula rigida gastroresistente	A02BC01	TEVA ITALIA S.R.L.	Autorizzata	Procedura Mutuo riconoscimento o Decentrata	Medicinali soggetti a prescrizione medica
042237026	042237	OMEPRAZOLO TEVA ITALIA	40 MG CAPSULE RIGIDE GASTRORESISTENTI- 90 (3X30) CAPSULE IN FLACONE HDPE	OMEPRAZOLO	OMEPRAZOLO	40	milligrammi	Capsula rigida gastroresistente	A02BC01	TEVA ITALIA S.R.L.	Autorizzata	Procedura Mutuo riconoscimento o Decentrata	Medicinali soggetti a prescrizione medica
042237038	042237	OMEPRAZOLO TEVA ITALIA	40 MG CAPSULE RIGIDE GASTRORESISTENTI- 98 CAPSULE IN FLACONE HDPE	OMEPRAZOLO	OMEPRAZOLO	40	milligrammi	Capsula rigida gastroresistente	A02BC01	TEVA ITALIA S.R.L.	Autorizzata	Procedura Mutuo riconoscimento o Decentrata	Medicinali soggetti a prescrizione medica
042237040	042237	OMEPRAZOLO TEVA ITALIA	40 MG CAPSULE RIGIDE GASTRORESISTENTI- 100 CAPSULE IN FLACONE HDPE	OMEPRAZOLO	OMEPRAZOLO	40	milligrammi	Capsula rigida gastroresistente	A02BC01	TEVA ITALIA S.R.L.	Autorizzata	Procedura Mutuo riconoscimento o Decentrata	Medicinali soggetti a prescrizione medica
042237053	042237	OMEPRAZOLO TEVA ITALIA	40 MG CAPSULE RIGIDE GASTRORESISTENTI- 250 CAPSULE IN FLACONE HDPE	OMEPRAZOLO	OMEPRAZOLO	40	milligrammi	Capsula rigida gastroresistente	A02BC01	TEVA ITALIA S.R.L.	Autorizzata	Procedura Mutuo riconoscimento o Decentrata	Medicinali soggetti a prescrizione medica
042237065	042237	OMEPRAZOLO TEVA ITALIA	40 MG CAPSULE RIGIDE GASTRORESISTENTI- 500 CAPSULE IN FLACONE HDPE	OMEPRAZOLO	OMEPRAZOLO	40	milligrammi	Capsula rigida gastroresistente	A02BC01	TEVA ITALIA S.R.L.	Autorizzata	Procedura Mutuo riconoscimento o Decentrata	Medicinali soggetti a prescrizione medica
042237089	042237	OMEPRAZOLO TEVA ITALIA	20 MG CAPSULE RIGIDE GASTRORESISTENTI- 250 CAPSULE IN FLACONE HDPE	OMEPRAZOLO	OMEPRAZOLO	20	milligrammi	Capsula rigida gastroresistente	A02BC01	TEVA ITALIA S.R.L.	Autorizzata	Procedura Mutuo riconoscimento o Decentrata	Medicinali soggetti a prescrizione medica
042237091	042237	OMEPRAZOLO TEVA ITALIA	10 MG CAPSULE RIGIDE GASTRORESISTENTI- 90 CAPSULE IN FLACONE HDPE	OMEPRAZOLO	OMEPRAZOLO	10	milligrammi	Capsula rigida gastroresistente	A02BC01	TEVA ITALIA S.R.L.	Autorizzata	Procedura Mutuo riconoscimento o Decentrata	Medicinali soggetti a prescrizione medica
042237103	042237	OMEPRAZOLO TEVA ITALIA	20 MG CAPSULE RIGIDE GASTRORESISTENTI- 90 CAPSULE IN FLACONE HDPE	OMEPRAZOLO	OMEPRAZOLO	20	milligrammi	Capsula rigida gastroresistente	A02BC01	TEVA ITALIA S.R.L.	Autorizzata	Procedura Mutuo riconoscimento o Decentrata	Medicinali soggetti a prescrizione medica
042237115	042237	OMEPRAZOLO TEVA ITALIA	40 MG CAPSULE RIGIDE GASTRORESISTENTI- 90 CAPSULE IN FLACONE HDPE	OMEPRAZOLO	OMEPRAZOLO	40	milligrammi	Capsula rigida gastroresistente	A02BC01	TEVA ITALIA S.R.L.	Autorizzata	Procedura Mutuo riconoscimento o Decentrata	Medicinali soggetti a prescrizione medica
042237127	042237	OMEPRAZOLO TEVA ITALIA	10 MG CAPSULE RIGIDE GASTRORESISTENTI- 56 CAPSULE IN FLACONE HDPE	OMEPRAZOLO	OMEPRAZOLO	10	milligrammi	Capsula rigida gastroresistente	A02BC01	TEVA ITALIA S.R.L.	Autorizzata	Procedura Mutuo riconoscimento o Decentrata	Medicinali soggetti a prescrizione medica
042237139	042237	OMEPRAZOLO TEVA ITALIA	20 MG CAPSULE RIGIDE GASTRORESISTENTI- 56 CAPSULE IN FLACONE HDPE	OMEPRAZOLO	OMEPRAZOLO	20	milligrammi	Capsula rigida gastroresistente	A02BC01	TEVA ITALIA S.R.L.	Autorizzata	Procedura Mutuo riconoscimento o Decentrata	Medicinali soggetti a prescrizione medica
042237141	042237	OMEPRAZOLO TEVA ITALIA	40 MG CAPSULE RIGIDE GASTRORESISTENTI- 56 CAPSULE IN FLACONE HDPE	OMEPRAZOLO	OMEPRAZOLO	40	milligrammi	Capsula rigida gastroresistente	A02BC01	TEVA ITALIA S.R.L.	Autorizzata	Procedura Mutuo riconoscimento o Decentrata	Medicinali soggetti a prescrizione medica
042275014	042275	OMEPRAZOLO GIT	10 MG CAPSULE RIGIDE GASTRORESISTENTI- 14 CAPSULE	OMEPRAZOLO	OMEPRAZOLO	10	milligrammi	Capsula rigida gastroresistente	A02BC01	S.F. GROUP S.R.L.	Autorizzata	Procedura Nazionale	Medicinali soggetti a prescrizione medica
042275026	042275	OMEPRAZOLO GIT	20 MG CAPSULE RIGIDE GASTRORESISTENTI- 14 CAPSULE	OMEPRAZOLO	OMEPRAZOLO	20	milligrammi	Capsula rigida gastroresistente	A02BC01	S.F. GROUP S.R.L.	Autorizzata	Procedura Nazionale	Medicinali soggetti a prescrizione medica
042275038	042275	OMEPRAZOLO GIT	40 MG CAPSULE RIGIDE GASTRORESISTENTI- 14 CAPSULE	OMEPRAZOLO	OMEPRAZOLO	40	milligrammi	Capsula rigida gastroresistente	A02BC01	S.F. GROUP S.R.L.	Autorizzata	Procedura Nazionale	Medicinali soggetti a prescrizione medica
042275040	042275	OMEPRAZOLO GIT	10 MG CAPSULE RIGIDE GASTRORESISTENTI- 28 CAPSULE IN BLISTER AL/AL	OMEPRAZOLO	OMEPRAZOLO	10	milligrammi	Capsula rigida gastroresistente	A02BC01	S.F. GROUP S.R.L.	Autorizzata	Procedura Nazionale	Medicinali soggetti a prescrizione medica
042275053	042275	OMEPRAZOLO GIT	20 MG CAPSULE RIGIDE GASTRORESISTENTI- 28 CAPSULE IN BLISTER AL/AL	OMEPRAZOLO	OMEPRAZOLO	20	milligrammi	Capsula rigida gastroresistente	A02BC01	S.F. GROUP S.R.L.	Autorizzata	Procedura Nazionale	Medicinali soggetti a prescrizione medica
042275065	042275	OMEPRAZOLO GIT	40 MG CAPSULE RIGIDE GASTRORESISTENTI- 28 CAPSULE IN BLISTER AL/AL	OMEPRAZOLO	OMEPRAZOLO	40	milligrammi	Capsula rigida gastroresistente	A02BC01	S.F. GROUP S.R.L.	Autorizzata	Procedura Nazionale	Medicinali soggetti a prescrizione medica
042276016	042276	OMEPRAZOLO PHARMACARE	10 MG CAPSULE RIGIDE GASTRORESISTENTI-  14 CAPSULE IN BLISTER ALU/ALU	OMEPRAZOLO	OMEPRAZOLO	10	milligrammi	Capsula rigida gastroresistente	A02BC01	PHARMACARE S.R.L.	Autorizzata	Procedura Nazionale	Medicinali soggetti a prescrizione medica
042276028	042276	OMEPRAZOLO PHARMACARE	20 MG CAPSULE RIGIDE GASTRORESISTENTI- 14 CAPSULE IN BLISTER ALU/ALU	OMEPRAZOLO	OMEPRAZOLO	20	milligrammi	Capsula rigida gastroresistente	A02BC01	PHARMACARE S.R.L.	Autorizzata	Procedura Nazionale	Medicinali soggetti a prescrizione medica
042276030	042276	OMEPRAZOLO PHARMACARE	40 MG CAPSULE RIGIDE GASTRORESISTENTI- 14 CAPSULE IN BLISTER ALU/ALU	OMEPRAZOLO	OMEPRAZOLO	40	milligrammi	Capsula rigida gastroresistente	A02BC01	PHARMACARE S.R.L.	Autorizzata	Procedura Nazionale	Medicinali soggetti a prescrizione medica
042276042	042276	OMEPRAZOLO PHARMACARE	10 MG CAPSULE RIGIDE GASTRORESISTENTI- 28 CAPSULE IN BLISTER ALU/ALU	OMEPRAZOLO	OMEPRAZOLO	10	milligrammi	Capsula rigida gastroresistente	A02BC01	PHARMACARE S.R.L.	Autorizzata	Procedura Nazionale	Medicinali soggetti a prescrizione medica
042276055	042276	OMEPRAZOLO PHARMACARE	20 MG CAPSULE RIGIDE GASTRORESISTENTI- 28 CAPSULE IN BLISTER ALU/ALU	OMEPRAZOLO	OMEPRAZOLO	20	milligrammi	Capsula rigida gastroresistente	A02BC01	PHARMACARE S.R.L.	Autorizzata	Procedura Nazionale	Medicinali soggetti a prescrizione medica
042276067	042276	OMEPRAZOLO PHARMACARE	40 MG CAPSULE RIGIDE GASTRORESISTENTI- 28 CAPSULE IN BLISTER ALU/ALU	OMEPRAZOLO	OMEPRAZOLO	40	milligrammi	Capsula rigida gastroresistente	A02BC01	PHARMACARE S.R.L.	Autorizzata	Procedura Nazionale	Medicinali soggetti a prescrizione medica
042666014	042666	OMASEPT	10 MG CAPSULA RIGIDA GASTRORESISTENTE- 14 CAPSULE IN BLISTER	OMEPRAZOLO	OMEPRAZOLO	10	milligrammi	Capsula rigida gastroresistente	A02BC01	PHARMACARE S.R.L.	Autorizzata	Procedura Nazionale	Medicinali soggetti a prescrizione medica
042666026	042666	OMASEPT	10 MG CAPSULA RIGIDA GASTRORESISTENTE- 14 CAPSULE IN FLACONE	OMEPRAZOLO	OMEPRAZOLO	10	milligrammi	Capsula rigida gastroresistente	A02BC01	PHARMACARE S.R.L.	Autorizzata	Procedura Nazionale	Medicinali soggetti a prescrizione medica
042666038	042666	OMASEPT	20 MG CAPSULA RIGIDA GASTRORESISTENTE- 14 CAPSULE IN BLISTER	OMEPRAZOLO	OMEPRAZOLO	20	milligrammi	Capsula rigida gastroresistente	A02BC01	PHARMACARE S.R.L.	Autorizzata	Procedura Nazionale	Medicinali soggetti a prescrizione medica
042666040	042666	OMASEPT	20 MG CAPSULA RIGIDA GASTRORESISTENTE- 14 CAPSULE IN FLACONE	OMEPRAZOLO	OMEPRAZOLO	20	milligrammi	Capsula rigida gastroresistente	A02BC01	PHARMACARE S.R.L.	Autorizzata	Procedura Nazionale	Medicinali soggetti a prescrizione medica
042666053	042666	OMASEPT	40 MG CAPSULA RIGIDA GASTRORESISTENTE- 14 CAPSULE IN BLISTER	OMEPRAZOLO	OMEPRAZOLO	40	milligrammi	Capsula rigida gastroresistente	A02BC01	PHARMACARE S.R.L.	Autorizzata	Procedura Nazionale	Medicinali soggetti a prescrizione medica
042666065	042666	OMASEPT	40 MG CAPSULA RIGIDA GASTRORESISTENTE- 14 CAPSULE IN FLACONE	OMEPRAZOLO	OMEPRAZOLO	40	milligrammi	Capsula rigida gastroresistente	A02BC01	PHARMACARE S.R.L.	Autorizzata	Procedura Nazionale	Medicinali soggetti a prescrizione medica
042666077	042666	OMASEPT	10 MG CAPSULA RIGIDA GASTRORESISTENTE- 28 CAPSULE IN BLISTER AL/AL	OMEPRAZOLO	OMEPRAZOLO	10	milligrammi	Capsula rigida gastroresistente	A02BC01	PHARMACARE S.R.L.	Autorizzata	Procedura Nazionale	Medicinali soggetti a prescrizione medica
042666089	042666	OMASEPT	20 MG CAPSULA RIGIDA GASTRORESISTENTE- 28 CAPSULE IN BLISTER AL/AL	OMEPRAZOLO	OMEPRAZOLO	20	milligrammi	Capsula rigida gastroresistente	A02BC01	PHARMACARE S.R.L.	Autorizzata	Procedura Nazionale	Medicinali soggetti a prescrizione medica
043490010	043490	OMEPRAZOLO MYLAN PHARMA	10MG CAPSULE RIGIDE GASTRORESISTENTI - 14 CAPSULE IN FLACONE HDPE	OMEPRAZOLO	OMEPRAZOLO	10	milligrammi	Capsula rigida gastroresistente	A02BC01	MYLAN S.P.A.	Autorizzata	Procedura Mutuo riconoscimento o Decentrata	Medicinali soggetti a prescrizione medica
043490022	043490	OMEPRAZOLO MYLAN PHARMA	10MG CAPSULE RIGIDE GASTRORESISTENTI - 28 CAPSULE IN FLACONE HDPE	OMEPRAZOLO	OMEPRAZOLO	10	milligrammi	Capsula rigida gastroresistente	A02BC01	MYLAN S.P.A.	Autorizzata	Procedura Mutuo riconoscimento o Decentrata	Medicinali soggetti a prescrizione medica
043490034	043490	OMEPRAZOLO MYLAN PHARMA	10MG CAPSULE RIGIDE GASTRORESISTENTI - 14 CAPSULE IN BLISTER AL/AL	OMEPRAZOLO	OMEPRAZOLO	10	milligrammi	Capsula rigida gastroresistente	A02BC01	MYLAN S.P.A.	Autorizzata	Procedura Mutuo riconoscimento o Decentrata	Medicinali soggetti a prescrizione medica
043490046	043490	OMEPRAZOLO MYLAN PHARMA	10MG CAPSULE RIGIDE GASTRORESISTENTI - 28 CAPSULE IN BLISTER AL/AL	OMEPRAZOLO	OMEPRAZOLO	10	milligrammi	Capsula rigida gastroresistente	A02BC01	MYLAN S.P.A.	Autorizzata	Procedura Mutuo riconoscimento o Decentrata	Medicinali soggetti a prescrizione medica
043490059	043490	OMEPRAZOLO MYLAN PHARMA	20MG CAPSULE RIGIDE GASTRORESISTENTI - 14 CAPSULE IN FLACONE HDPE	OMEPRAZOLO	OMEPRAZOLO	20	milligrammi	Capsula rigida gastroresistente	A02BC01	MYLAN S.P.A.	Autorizzata	Procedura Mutuo riconoscimento o Decentrata	Medicinali soggetti a prescrizione medica
043490061	043490	OMEPRAZOLO MYLAN PHARMA	20MG CAPSULE RIGIDE GASTRORESISTENTI - 28 CAPSULE IN FLACONE HDPE	OMEPRAZOLO	OMEPRAZOLO	20	milligrammi	Capsula rigida gastroresistente	A02BC01	MYLAN S.P.A.	Autorizzata	Procedura Mutuo riconoscimento o Decentrata	Medicinali soggetti a prescrizione medica
043490073	043490	OMEPRAZOLO MYLAN PHARMA	20MG CAPSULE RIGIDE GASTRORESISTENTI - 14 CAPSULE IN BLISTER AL/AL	OMEPRAZOLO	OMEPRAZOLO	20	milligrammi	Capsula rigida gastroresistente	A02BC01	MYLAN S.P.A.	Autorizzata	Procedura Mutuo riconoscimento o Decentrata	Medicinali soggetti a prescrizione medica
043490085	043490	OMEPRAZOLO MYLAN PHARMA	20MG CAPSULE RIGIDE GASTRORESISTENTI - 28 CAPSULE IN BLISTER AL/AL	OMEPRAZOLO	OMEPRAZOLO	20	milligrammi	Capsula rigida gastroresistente	A02BC01	MYLAN S.P.A.	Autorizzata	Procedura Mutuo riconoscimento o Decentrata	Medicinali soggetti a prescrizione medica
043490097	043490	OMEPRAZOLO MYLAN PHARMA	40 MG CAPSULE RIGIDE GASTRORESISTENTI - 14 CAPSULE IN FLACONE HDPE	OMEPRAZOLO	OMEPRAZOLO	40	milligrammi	Capsula rigida gastroresistente	A02BC01	MYLAN S.P.A.	Autorizzata	Procedura Mutuo riconoscimento o Decentrata	Medicinali soggetti a prescrizione medica
043490109	043490	OMEPRAZOLO MYLAN PHARMA	40 MG CAPSULE RIGIDE GASTRORESISTENTI - 28 CAPSULE IN FLACONE HDPE	OMEPRAZOLO	OMEPRAZOLO	40	milligrammi	Capsula rigida gastroresistente	A02BC01	MYLAN S.P.A.	Autorizzata	Procedura Mutuo riconoscimento o Decentrata	Medicinali soggetti a prescrizione medica
043490111	043490	OMEPRAZOLO MYLAN PHARMA	40 MG CAPSULE RIGIDE GASTRORESISTENTI - 14 CAPSULE IN BLISTER AL/AL	OMEPRAZOLO	OMEPRAZOLO	40	milligrammi	Capsula rigida gastroresistente	A02BC01	MYLAN S.P.A.	Autorizzata	Procedura Mutuo riconoscimento o Decentrata	Medicinali soggetti a prescrizione medica
043490123	043490	OMEPRAZOLO MYLAN PHARMA	40 MG CAPSULE RIGIDE GASTRORESISTENTI - 28 CAPSULE IN BLISTER AL/AL	OMEPRAZOLO	OMEPRAZOLO	40	milligrammi	Capsula rigida gastroresistente	A02BC01	MYLAN S.P.A.	Autorizzata	Procedura Mutuo riconoscimento o Decentrata	Medicinali soggetti a prescrizione medica
043490135	043490	OMEPRAZOLO MYLAN PHARMA	10MG CAPSULE RIGIDE GASTRORESISTENTI- 14 CAPSULE IN BLISTER PVC/PVDC/AL	OMEPRAZOLO	OMEPRAZOLO	10	milligrammi	Capsula rigida gastroresistente	A02BC01	MYLAN S.P.A.	Autorizzata	Procedura Mutuo riconoscimento o Decentrata	Medicinali soggetti a prescrizione medica
043490147	043490	OMEPRAZOLO MYLAN PHARMA	10MG CAPSULE RIGIDE GASTRORESISTENTI- 28 CAPSULE IN BLISTER PVC/PVDC/AL	OMEPRAZOLO	OMEPRAZOLO	10	milligrammi	Capsula rigida gastroresistente	A02BC01	MYLAN S.P.A.	Autorizzata	Procedura Mutuo riconoscimento o Decentrata	Medicinali soggetti a prescrizione medica
043490150	043490	OMEPRAZOLO MYLAN PHARMA	20MG CAPSULE RIGIDE GASTRORESISTENTI- 14 CAPSULE IN BLISTER PVC/PVDC/AL	OMEPRAZOLO	OMEPRAZOLO	20	milligrammi	Capsula rigida gastroresistente	A02BC01	MYLAN S.P.A.	Autorizzata	Procedura Mutuo riconoscimento o Decentrata	Medicinali soggetti a prescrizione medica
043490162	043490	OMEPRAZOLO MYLAN PHARMA	20MG CAPSULE RIGIDE GASTRORESISTENTI- 28 CAPSULE IN BLISTER PVC/PVDC/AL	OMEPRAZOLO	OMEPRAZOLO	20	milligrammi	Capsula rigida gastroresistente	A02BC01	MYLAN S.P.A.	Autorizzata	Procedura Mutuo riconoscimento o Decentrata	Medicinali soggetti a prescrizione medica
043490174	043490	OMEPRAZOLO MYLAN PHARMA	40MG CAPSULE RIGIDE GASTRORESISTENTI- 14 CAPSULE IN BLISTER PVC/PVDC/AL	OMEPRAZOLO	OMEPRAZOLO	40	milligrammi	Capsula rigida gastroresistente	A02BC01	MYLAN S.P.A.	Autorizzata	Procedura Mutuo riconoscimento o Decentrata	Medicinali soggetti a prescrizione medica
043490186	043490	OMEPRAZOLO MYLAN PHARMA	40MG CAPSULE RIGIDE GASTRORESISTENTI- 28 CAPSULE IN BLISTER PVC/PVDC/AL	OMEPRAZOLO	OMEPRAZOLO	40	milligrammi	Capsula rigida gastroresistente	A02BC01	MYLAN S.P.A.	Autorizzata	Procedura Mutuo riconoscimento o Decentrata	Medicinali soggetti a prescrizione medica
043490198	043490	OMEPRAZOLO MYLAN PHARMA	10 MG CAPSULE RIGIDE GASTRORESISTENTI- 100 CAPSULE IN FLACONE HDPE	OMEPRAZOLO	OMEPRAZOLO	10	milligrammi	Capsula rigida gastroresistente	A02BC01	MYLAN S.P.A.	Autorizzata	Procedura Mutuo riconoscimento o Decentrata	Medicinali soggetti a prescrizione medica
043490200	043490	OMEPRAZOLO MYLAN PHARMA	20 MG CAPSULE RIGIDE GASTRORESISTENTI- 100 CAPSULE IN FLACONE HDPE	OMEPRAZOLO	OMEPRAZOLO	20	milligrammi	Capsula rigida gastroresistente	A02BC01	MYLAN S.P.A.	Autorizzata	Procedura Mutuo riconoscimento o Decentrata	Medicinali soggetti a prescrizione medica
043490212	043490	OMEPRAZOLO MYLAN PHARMA	40 MG CAPSULE RIGIDE GASTRORESISTENTI- 100 CAPSULE IN FLACONE HDPE	OMEPRAZOLO	OMEPRAZOLO	40	milligrammi	Capsula rigida gastroresistente	A02BC01	MYLAN S.P.A.	Autorizzata	Procedura Mutuo riconoscimento o Decentrata	Medicinali soggetti a prescrizione medica
043490224	043490	OMEPRAZOLO MYLAN PHARMA	10 MG CAPSULE RIGIDE GASTRORESISTENTI- 30 CAPSULE IN BLISTER PVC/PVDC/AL	OMEPRAZOLO	OMEPRAZOLO	10	milligrammi	Capsula rigida gastroresistente	A02BC01	MYLAN S.P.A.	Autorizzata	Procedura Mutuo riconoscimento o Decentrata	Medicinali soggetti a prescrizione medica
043490236	043490	OMEPRAZOLO MYLAN PHARMA	20 MG CAPSULE RIGIDE GASTRORESISTENTI- 30 CAPSULE IN BLISTER PVC/PVDC/AL	OMEPRAZOLO	OMEPRAZOLO	20	milligrammi	Capsula rigida gastroresistente	A02BC01	MYLAN S.P.A.	Autorizzata	Procedura Mutuo riconoscimento o Decentrata	Medicinali soggetti a prescrizione medica
043490248	043490	OMEPRAZOLO MYLAN PHARMA	40 MG CAPSULE RIGIDE GASTRORESISTENTI- 30 CAPSULE IN BLISTER PVC/PVDC/AL	OMEPRAZOLO	OMEPRAZOLO	40	milligrammi	Capsula rigida gastroresistente	A02BC01	MYLAN S.P.A.	Autorizzata	Procedura Mutuo riconoscimento o Decentrata	Medicinali soggetti a prescrizione medica
043490251	043490	OMEPRAZOLO MYLAN PHARMA	10 MG CAPSULE RIGIDE GASTRORESISTENTI- 90 CAPSULE IN FLACONE HDPE	OMEPRAZOLO	OMEPRAZOLO	10	milligrammi	Capsula rigida gastroresistente	A02BC01	MYLAN S.P.A.	Autorizzata	Procedura Mutuo riconoscimento o Decentrata	Medicinali soggetti a prescrizione medica
043490263	043490	OMEPRAZOLO MYLAN PHARMA	20 MG CAPSULE RIGIDE GASTRORESISTENTI- 90 CAPSULE IN FLACONE HDPE	OMEPRAZOLO	OMEPRAZOLO	20	milligrammi	Capsula rigida gastroresistente	A02BC01	MYLAN S.P.A.	Autorizzata	Procedura Mutuo riconoscimento o Decentrata	Medicinali soggetti a prescrizione medica
043490275	043490	OMEPRAZOLO MYLAN PHARMA	40 MG CAPSULE RIGIDE GASTRORESISTENTI- 90 CAPSULE IN FLACONE HDPE	OMEPRAZOLO	OMEPRAZOLO	40	milligrammi	Capsula rigida gastroresistente	A02BC01	MYLAN S.P.A.	Autorizzata	Procedura Mutuo riconoscimento o Decentrata	Medicinali soggetti a prescrizione medica
043490287	043490	OMEPRAZOLO MYLAN PHARMA	10 MG CAPSULE RIGIDE GASTRORESISTENTI- 100 CAPSULE IN BLISTER PVC/PVDC/AL	OMEPRAZOLO	OMEPRAZOLO	10	milligrammi	Capsula rigida gastroresistente	A02BC01	MYLAN S.P.A.	Autorizzata	Procedura Mutuo riconoscimento o Decentrata	Medicinali soggetti a prescrizione medica
043490299	043490	OMEPRAZOLO MYLAN PHARMA	20 MG CAPSULE RIGIDE GASTRORESISTENTI- 100 CAPSULE IN BLISTER PVC/PVDC/AL	OMEPRAZOLO	OMEPRAZOLO	20	milligrammi	Capsula rigida gastroresistente	A02BC01	MYLAN S.P.A.	Autorizzata	Procedura Mutuo riconoscimento o Decentrata	Medicinali soggetti a prescrizione medica
043490301	043490	OMEPRAZOLO MYLAN PHARMA	40 MG CAPSULE RIGIDE GASTRORESISTENTI- 100 CAPSULE IN BLISTER PVC/PVDC/AL	OMEPRAZOLO	OMEPRAZOLO	40	milligrammi	Capsula rigida gastroresistente	A02BC01	MYLAN S.P.A.	Autorizzata	Procedura Mutuo riconoscimento o Decentrata	Medicinali soggetti a prescrizione medica
043498017	043498	OMEPRAZOLO ALMUS PHARMA	10 MG CAPSULE RIGIDE GASTRORESISTENTI- 14 CAPSULE IN BLISTER AL/AL	OMEPRAZOLO	OMEPRAZOLO	10	milligrammi	Capsula rigida gastroresistente	A02BC01	PHARMACARE S.R.L.	Autorizzata	Procedura Nazionale	Medicinali soggetti a prescrizione medica
043498029	043498	OMEPRAZOLO ALMUS PHARMA	20 MG CAPSULE RIGIDE GASTRORESISTENTI- 14 CAPSULE IN BLISTER AL/AL	OMEPRAZOLO	OMEPRAZOLO	20	milligrammi	Capsula rigida gastroresistente	A02BC01	PHARMACARE S.R.L.	Autorizzata	Procedura Nazionale	Medicinali soggetti a prescrizione medica
043498031	043498	OMEPRAZOLO ALMUS PHARMA	40 MG CAPSULE RIGIDE GASTRORESISTENTI- 14 CAPSULE IN BLISTER AL/AL	OMEPRAZOLO	OMEPRAZOLO	40	milligrammi	Capsula rigida gastroresistente	A02BC01	PHARMACARE S.R.L.	Autorizzata	Procedura Nazionale	Medicinali soggetti a prescrizione medica
043498043	043498	OMEPRAZOLO ALMUS PHARMA	10 MG CAPSULE RIGIDE GASTRORESISTENTI- 28 CAPSULE IN BLISTER AL/AL	OMEPRAZOLO	OMEPRAZOLO	10	milligrammi	Capsula rigida gastroresistente	A02BC01	PHARMACARE S.R.L.	Autorizzata	Procedura Nazionale	Medicinali soggetti a prescrizione medica
043498056	043498	OMEPRAZOLO ALMUS PHARMA	20 MG CAPSULE RIGIDE GASTRORESISTENTI- 28 CAPSULE IN BLISTER AL/AL	OMEPRAZOLO	OMEPRAZOLO	20	milligrammi	Capsula rigida gastroresistente	A02BC01	PHARMACARE S.R.L.	Autorizzata	Procedura Nazionale	Medicinali soggetti a prescrizione medica
043499019	043499	OMEPRAZOLO P-CARE	10 MG CAPSULE RIGIDE GASTRORESISTENTI- 14 CAPSULE IN BLISTER AL/AL	OMEPRAZOLO	OMEPRAZOLO	10	milligrammi	Capsula rigida gastroresistente	A02BC01	PHARMACARE S.R.L.	Autorizzata	Procedura Nazionale	Medicinali soggetti a prescrizione medica
043499021	043499	OMEPRAZOLO P-CARE	20 MG CAPSULE RIGIDE GASTRORESISTENTI- 14 CAPSULE IN BLISTER AL/AL	OMEPRAZOLO	OMEPRAZOLO	20	milligrammi	Capsula rigida gastroresistente	A02BC01	PHARMACARE S.R.L.	Autorizzata	Procedura Nazionale	Medicinali soggetti a prescrizione medica
043499033	043499	OMEPRAZOLO P-CARE	40 MG CAPSULE RIGIDE GASTRORESISTENTI- 14 CAPSULE IN BLISTER AL/AL	OMEPRAZOLO	OMEPRAZOLO	40	milligrammi	Capsula rigida gastroresistente	A02BC01	PHARMACARE S.R.L.	Autorizzata	Procedura Nazionale	Medicinali soggetti a prescrizione medica
043499045	043499	OMEPRAZOLO P-CARE	10 MG CAPSULE RIGIDE GASTRORESISTENTI- 28 CAPSULE IN BLISTER AL/AL	OMEPRAZOLO	OMEPRAZOLO	10	milligrammi	Capsula rigida gastroresistente	A02BC01	PHARMACARE S.R.L.	Autorizzata	Procedura Nazionale	Medicinali soggetti a prescrizione medica
043499058	043499	OMEPRAZOLO P-CARE	20 MG CAPSULE RIGIDE GASTRORESISTENTI- 28 CAPSULE IN BLISTER AL/AL	OMEPRAZOLO	OMEPRAZOLO	20	milligrammi	Capsula rigida gastroresistente	A02BC01	PHARMACARE S.R.L.	Autorizzata	Procedura Nazionale	Medicinali soggetti a prescrizione medica
047056015	047056	OMEPRAZOLO ARISTO PHARMA	10 MG CAPSULE RIGIDE GASTRORESISTENTI- 14 CAPSULE IN BLISTER PVC/PVDC/AL	OMEPRAZOLO	OMEPRAZOLO	10	milligrammi	Capsula rigida gastroresistente	A02BC01	ARISTO PHARMA GMBH	Autorizzata	Procedura Mutuo riconoscimento o Decentrata	Medicinali soggetti a prescrizione medica
047056027	047056	OMEPRAZOLO ARISTO PHARMA	10 MG CAPSULE RIGIDE GASTRORESISTENTI- 28 CAPSULE IN BLISTER PVC/PVDC/AL	OMEPRAZOLO	OMEPRAZOLO	10	milligrammi	Capsula rigida gastroresistente	A02BC01	ARISTO PHARMA GMBH	Autorizzata	Procedura Mutuo riconoscimento o Decentrata	Medicinali soggetti a prescrizione medica
047056039	047056	OMEPRAZOLO ARISTO PHARMA	10 MG CAPSULE RIGIDE GASTRORESISTENTI- 30 CAPSULE IN BLISTER PVC/PVDC/AL	OMEPRAZOLO	OMEPRAZOLO	10	milligrammi	Capsula rigida gastroresistente	A02BC01	ARISTO PHARMA GMBH	Autorizzata	Procedura Mutuo riconoscimento o Decentrata	Medicinali soggetti a prescrizione medica
047056041	047056	OMEPRAZOLO ARISTO PHARMA	10 MG CAPSULE RIGIDE GASTRORESISTENTI- 100 CAPSULE IN BLISTER PVC/PVDC/AL	OMEPRAZOLO	OMEPRAZOLO	10	milligrammi	Capsula rigida gastroresistente	A02BC01	ARISTO PHARMA GMBH	Autorizzata	Procedura Mutuo riconoscimento o Decentrata	Medicinali soggetti a prescrizione medica
047056054	047056	OMEPRAZOLO ARISTO PHARMA	10 MG CAPSULE RIGIDE GASTRORESISTENTI- 14 CAPSULE IN BLISTER AL/AL	OMEPRAZOLO	OMEPRAZOLO	10	milligrammi	Capsula rigida gastroresistente	A02BC01	ARISTO PHARMA GMBH	Autorizzata	Procedura Mutuo riconoscimento o Decentrata	Medicinali soggetti a prescrizione medica
047056066	047056	OMEPRAZOLO ARISTO PHARMA	10 MG CAPSULE RIGIDE GASTRORESISTENTI- 28 CAPSULE IN BLISTER AL/AL	OMEPRAZOLO	OMEPRAZOLO	10	milligrammi	Capsula rigida gastroresistente	A02BC01	ARISTO PHARMA GMBH	Autorizzata	Procedura Mutuo riconoscimento o Decentrata	Medicinali soggetti a prescrizione medica
047056078	047056	OMEPRAZOLO ARISTO PHARMA	10 MG CAPSULE RIGIDE GASTRORESISTENTI- 14 CAPSULE IN FLACONE HDPE	OMEPRAZOLO	OMEPRAZOLO	10	milligrammi	Capsula rigida gastroresistente	A02BC01	ARISTO PHARMA GMBH	Autorizzata	Procedura Mutuo riconoscimento o Decentrata	Medicinali soggetti a prescrizione medica
047056080	047056	OMEPRAZOLO ARISTO PHARMA	10 MG CAPSULE RIGIDE GASTRORESISTENTI- 28 CAPSULE IN FLACONE HDPE	OMEPRAZOLO	OMEPRAZOLO	10	milligrammi	Capsula rigida gastroresistente	A02BC01	ARISTO PHARMA GMBH	Autorizzata	Procedura Mutuo riconoscimento o Decentrata	Medicinali soggetti a prescrizione medica
047056092	047056	OMEPRAZOLO ARISTO PHARMA	10 MG CAPSULE RIGIDE GASTRORESISTENTI- 90 CAPSULE IN FLACONE HDPE	OMEPRAZOLO	OMEPRAZOLO	10	milligrammi	Capsula rigida gastroresistente	A02BC01	ARISTO PHARMA GMBH	Autorizzata	Procedura Mutuo riconoscimento o Decentrata	Medicinali soggetti a prescrizione medica
047056104	047056	OMEPRAZOLO ARISTO PHARMA	10 MG CAPSULE RIGIDE GASTRORESISTENTI- 100 CAPSULE IN FLACONE HDPE	OMEPRAZOLO	OMEPRAZOLO	10	milligrammi	Capsula rigida gastroresistente	A02BC01	ARISTO PHARMA GMBH	Autorizzata	Procedura Mutuo riconoscimento o Decentrata	Medicinali soggetti a prescrizione medica
047056116	047056	OMEPRAZOLO ARISTO PHARMA	20 MG CAPSULE RIGIDE GASTRORESISTENTI- 14 CAPSULE IN BLISTER PVC/PVDC/AL	OMEPRAZOLO	OMEPRAZOLO	20	milligrammi	Capsula rigida gastroresistente	A02BC01	ARISTO PHARMA GMBH	Autorizzata	Procedura Mutuo riconoscimento o Decentrata	Medicinali soggetti a prescrizione medica
047056128	047056	OMEPRAZOLO ARISTO PHARMA	20 MG CAPSULE RIGIDE GASTRORESISTENTI- 28 CAPSULE IN BLISTER PVC/PVDC/AL	OMEPRAZOLO	OMEPRAZOLO	20	milligrammi	Capsula rigida gastroresistente	A02BC01	ARISTO PHARMA GMBH	Autorizzata	Procedura Mutuo riconoscimento o Decentrata	Medicinali soggetti a prescrizione medica
047056130	047056	OMEPRAZOLO ARISTO PHARMA	20 MG CAPSULE RIGIDE GASTRORESISTENTI- 30 CAPSULE IN BLISTER PVC/PVDC/AL	OMEPRAZOLO	OMEPRAZOLO	20	milligrammi	Capsula rigida gastroresistente	A02BC01	ARISTO PHARMA GMBH	Autorizzata	Procedura Mutuo riconoscimento o Decentrata	Medicinali soggetti a prescrizione medica
047056142	047056	OMEPRAZOLO ARISTO PHARMA	20 MG CAPSULE RIGIDE GASTRORESISTENTI- 100 CAPSULE IN BLISTER PVC/PVDC/AL	OMEPRAZOLO	OMEPRAZOLO	20	milligrammi	Capsula rigida gastroresistente	A02BC01	ARISTO PHARMA GMBH	Autorizzata	Procedura Mutuo riconoscimento o Decentrata	Medicinali soggetti a prescrizione medica
047056155	047056	OMEPRAZOLO ARISTO PHARMA	20 MG CAPSULE RIGIDE GASTRORESISTENTI- 14 CAPSULE IN BLISTER AL/AL	OMEPRAZOLO	OMEPRAZOLO	20	milligrammi	Capsula rigida gastroresistente	A02BC01	ARISTO PHARMA GMBH	Autorizzata	Procedura Mutuo riconoscimento o Decentrata	Medicinali soggetti a prescrizione medica
047056167	047056	OMEPRAZOLO ARISTO PHARMA	20 MG CAPSULE RIGIDE GASTRORESISTENTI- 28 CAPSULE IN BLISTER AL/AL	OMEPRAZOLO	OMEPRAZOLO	20	milligrammi	Capsula rigida gastroresistente	A02BC01	ARISTO PHARMA GMBH	Autorizzata	Procedura Mutuo riconoscimento o Decentrata	Medicinali soggetti a prescrizione medica
047056179	047056	OMEPRAZOLO ARISTO PHARMA	20 MG CAPSULE RIGIDE GASTRORESISTENTI- 14 CAPSULE IN FLACONE HDPE	OMEPRAZOLO	OMEPRAZOLO	20	milligrammi	Capsula rigida gastroresistente	A02BC01	ARISTO PHARMA GMBH	Autorizzata	Procedura Mutuo riconoscimento o Decentrata	Medicinali soggetti a prescrizione medica
047056181	047056	OMEPRAZOLO ARISTO PHARMA	20 MG CAPSULE RIGIDE GASTRORESISTENTI- 28 CAPSULE IN FLACONE HDPE	OMEPRAZOLO	OMEPRAZOLO	20	milligrammi	Capsula rigida gastroresistente	A02BC01	ARISTO PHARMA GMBH	Autorizzata	Procedura Mutuo riconoscimento o Decentrata	Medicinali soggetti a prescrizione medica
047056193	047056	OMEPRAZOLO ARISTO PHARMA	20 MG CAPSULE RIGIDE GASTRORESISTENTI- 90 CAPSULE IN FLACONE HDPE	OMEPRAZOLO	OMEPRAZOLO	20	milligrammi	Capsula rigida gastroresistente	A02BC01	ARISTO PHARMA GMBH	Autorizzata	Procedura Mutuo riconoscimento o Decentrata	Medicinali soggetti a prescrizione medica
047056205	047056	OMEPRAZOLO ARISTO PHARMA	20 MG CAPSULE RIGIDE GASTRORESISTENTI- 100 CAPSULE IN FLACONE HDPE	OMEPRAZOLO	OMEPRAZOLO	20	milligrammi	Capsula rigida gastroresistente	A02BC01	ARISTO PHARMA GMBH	Autorizzata	Procedura Mutuo riconoscimento o Decentrata	Medicinali soggetti a prescrizione medica
050178019	050178	PEDIPPI	2 MG/ML POLVERE PER SOSPENSIONE ORALE- 1 FLACONE IN PET DA 47 MG/90 ML CON SIRINGA GRADUATA E ADATTATORE	OMEPRAZOLO	OMEPRAZOLO	2	milligram(s)/millilitre	Polvere per sospensione orale	A02BC01	XEOLAS PHARMACEUTICALS LIMITED	Autorizzata	Procedura Mutuo riconoscimento o Decentrata	Medicinali soggetti a prescrizione medica limitativa, vendibili al pubblico su prescrizione di centri ospedalieri o di specialisti
050178021	050178	PEDIPPI	2 MG/ML POLVERE PER SOSPENSIONE ORALE- 2 FLACONI IN PET DA 47 MG/90 ML CON SIRINGA GRADUATA E ADATTATORE	OMEPRAZOLO	OMEPRAZOLO	2	milligram(s)/millilitre	Polvere per sospensione orale	A02BC01	XEOLAS PHARMACEUTICALS LIMITED	Autorizzata	Procedura Mutuo riconoscimento o Decentrata	Medicinali soggetti a prescrizione medica limitativa, vendibili al pubblico su prescrizione di centri ospedalieri o di specialisti
050872011	050872	OMEPRAZOLO LICONSA	?10 MG CAPSULE RIGIDE GASTRORESISTENTI? 7 CAPSULE IN BLISTER PVC/PE/PVDC/AL	OMEPRAZOLO	OMEPRAZOLO	10	milligrammi	Capsula rigida gastroresistente	A02BC01	LABORATORIOS LICONSA, S.A.	Autorizzata	Procedura Mutuo riconoscimento o Decentrata	Medicinali soggetti a prescrizione medica
050872023	050872	OMEPRAZOLO LICONSA	?10 MG CAPSULE RIGIDE GASTRORESISTENTI? 14 CAPSULE IN BLISTER PVC/PE/PVDC/AL	OMEPRAZOLO	OMEPRAZOLO	10	milligrammi	Capsula rigida gastroresistente	A02BC01	LABORATORIOS LICONSA, S.A.	Autorizzata	Procedura Mutuo riconoscimento o Decentrata	Medicinali soggetti a prescrizione medica
050872035	050872	OMEPRAZOLO LICONSA	?10 MG CAPSULE RIGIDE GASTRORESISTENTI? 15 CAPSULE IN BLISTER PVC/PE/PVDC/AL	OMEPRAZOLO	OMEPRAZOLO	10	milligrammi	Capsula rigida gastroresistente	A02BC01	LABORATORIOS LICONSA, S.A.	Autorizzata	Procedura Mutuo riconoscimento o Decentrata	Medicinali soggetti a prescrizione medica
050872047	050872	OMEPRAZOLO LICONSA	10 MG CAPSULE RIGIDE GASTRORESISTENTI? 28 CAPSULE IN BLISTER PVC/PE/PVDC/AL	OMEPRAZOLO	OMEPRAZOLO	10	milligrammi	Capsula rigida gastroresistente	A02BC01	LABORATORIOS LICONSA, S.A.	Autorizzata	Procedura Mutuo riconoscimento o Decentrata	Medicinali soggetti a prescrizione medica
050872050	050872	OMEPRAZOLO LICONSA	?10 MG CAPSULE RIGIDE GASTRORESISTENTI? 30 CAPSULE IN BLISTER PVC/PE/PVDC/AL	OMEPRAZOLO	OMEPRAZOLO	10	milligrammi	Capsula rigida gastroresistente	A02BC01	LABORATORIOS LICONSA, S.A.	Autorizzata	Procedura Mutuo riconoscimento o Decentrata	Medicinali soggetti a prescrizione medica
050872062	050872	OMEPRAZOLO LICONSA	?10 MG CAPSULE RIGIDE GASTRORESISTENTI? 56 CAPSULE IN BLISTER PVC/PE/PVDC/AL	OMEPRAZOLO	OMEPRAZOLO	10	milligrammi	Capsula rigida gastroresistente	A02BC01	LABORATORIOS LICONSA, S.A.	Autorizzata	Procedura Mutuo riconoscimento o Decentrata	Medicinali soggetti a prescrizione medica
050872074	050872	OMEPRAZOLO LICONSA	?10 MG CAPSULE RIGIDE GASTRORESISTENTI? 100 CAPSULE IN BLISTER PVC/PE/PVDC/AL	OMEPRAZOLO	OMEPRAZOLO	10	milligrammi	Capsula rigida gastroresistente	A02BC01	LABORATORIOS LICONSA, S.A.	Autorizzata	Procedura Mutuo riconoscimento o Decentrata	Medicinali soggetti a prescrizione medica
050872086	050872	OMEPRAZOLO LICONSA	20 MG CAPSULE RIGIDE GASTRORESISTENTI? 7 CAPSULE IN BLISTER PVC/PE/PVDC/AL	OMEPRAZOLO	OMEPRAZOLO	20	milligrammi	Capsula rigida gastroresistente	A02BC01	LABORATORIOS LICONSA, S.A.	Autorizzata	Procedura Mutuo riconoscimento o Decentrata	Medicinali soggetti a prescrizione medica
050872098	050872	OMEPRAZOLO LICONSA	?20 MG CAPSULE RIGIDE GASTRORESISTENTI? 14 CAPSULE IN BLISTER PVC/PE/PVDC/AL	OMEPRAZOLO	OMEPRAZOLO	20	milligrammi	Capsula rigida gastroresistente	A02BC01	LABORATORIOS LICONSA, S.A.	Autorizzata	Procedura Mutuo riconoscimento o Decentrata	Medicinali soggetti a prescrizione medica
050872100	050872	OMEPRAZOLO LICONSA	?20 MG CAPSULE RIGIDE GASTRORESISTENTI? 15 CAPSULE IN BLISTER PVC/PE/PVDC/AL	OMEPRAZOLO	OMEPRAZOLO	20	milligrammi	Capsula rigida gastroresistente	A02BC01	LABORATORIOS LICONSA, S.A.	Autorizzata	Procedura Mutuo riconoscimento o Decentrata	Medicinali soggetti a prescrizione medica
050872112	050872	OMEPRAZOLO LICONSA	?20 MG CAPSULE RIGIDE GASTRORESISTENTI? 28 CAPSULE IN BLISTER PVC/PE/PVDC/AL	OMEPRAZOLO	OMEPRAZOLO	20	milligrammi	Capsula rigida gastroresistente	A02BC01	LABORATORIOS LICONSA, S.A.	Autorizzata	Procedura Mutuo riconoscimento o Decentrata	Medicinali soggetti a prescrizione medica
050872124	050872	OMEPRAZOLO LICONSA	?20 MG CAPSULE RIGIDE GASTRORESISTENTI? 30 CAPSULE IN BLISTER PVC/PE/PVDC/AL	OMEPRAZOLO	OMEPRAZOLO	20	milligrammi	Capsula rigida gastroresistente	A02BC01	LABORATORIOS LICONSA, S.A.	Autorizzata	Procedura Mutuo riconoscimento o Decentrata	Medicinali soggetti a prescrizione medica
050872136	050872	OMEPRAZOLO LICONSA	?20 MG CAPSULE RIGIDE GASTRORESISTENTI? 56 CAPSULE IN BLISTER PVC/PE/PVDC/AL	OMEPRAZOLO	OMEPRAZOLO	20	milligrammi	Capsula rigida gastroresistente	A02BC01	LABORATORIOS LICONSA, S.A.	Autorizzata	Procedura Mutuo riconoscimento o Decentrata	Medicinali soggetti a prescrizione medica
050872148	050872	OMEPRAZOLO LICONSA	?20 MG CAPSULE RIGIDE GASTRORESISTENTI? 100 CAPSULE IN BLISTER PVC/PE/PVDC/AL	OMEPRAZOLO	OMEPRAZOLO	20	milligrammi	Capsula rigida gastroresistente	A02BC01	LABORATORIOS LICONSA, S.A.	Autorizzata	Procedura Mutuo riconoscimento o Decentrata	Medicinali soggetti a prescrizione medica
050872151	050872	OMEPRAZOLO LICONSA	?40 MG CAPSULE RIGIDE GASTRORESISTENTI? 7 CAPSULE IN BLISTER PVC/PE/PVDC/AL	OMEPRAZOLO	OMEPRAZOLO	40	milligrammi	Capsula rigida gastroresistente	A02BC01	LABORATORIOS LICONSA, S.A.	Autorizzata	Procedura Mutuo riconoscimento o Decentrata	Medicinali soggetti a prescrizione medica
050872163	050872	OMEPRAZOLO LICONSA	?40 MG CAPSULE RIGIDE GASTRORESISTENTI? 14 CAPSULE IN BLISTER PVC/PE/PVDC/AL	OMEPRAZOLO	OMEPRAZOLO	40	milligrammi	Capsula rigida gastroresistente	A02BC01	LABORATORIOS LICONSA, S.A.	Autorizzata	Procedura Mutuo riconoscimento o Decentrata	Medicinali soggetti a prescrizione medica
050872175	050872	OMEPRAZOLO LICONSA	?40 MG CAPSULE RIGIDE GASTRORESISTENTI? 15 CAPSULE IN BLISTER PVC/PE/PVDC/AL	OMEPRAZOLO	OMEPRAZOLO	40	milligrammi	Capsula rigida gastroresistente	A02BC01	LABORATORIOS LICONSA, S.A.	Autorizzata	Procedura Mutuo riconoscimento o Decentrata	Medicinali soggetti a prescrizione medica
050872187	050872	OMEPRAZOLO LICONSA	?40 MG CAPSULE RIGIDE GASTRORESISTENTI? 28 CAPSULE IN BLISTER PVC/PE/PVDC/AL	OMEPRAZOLO	OMEPRAZOLO	40	milligrammi	Capsula rigida gastroresistente	A02BC01	LABORATORIOS LICONSA, S.A.	Autorizzata	Procedura Mutuo riconoscimento o Decentrata	Medicinali soggetti a prescrizione medica
050872199	050872	OMEPRAZOLO LICONSA	?40 MG CAPSULE RIGIDE GASTRORESISTENTI? 30 CAPSULE IN BLISTER PVC/PE/PVDC/AL	OMEPRAZOLO	OMEPRAZOLO	40	milligrammi	Capsula rigida gastroresistente	A02BC01	LABORATORIOS LICONSA, S.A.	Autorizzata	Procedura Mutuo riconoscimento o Decentrata	Medicinali soggetti a prescrizione medica
050872201	050872	OMEPRAZOLO LICONSA	?40 MG CAPSULE RIGIDE GASTRORESISTENTI? 56 CAPSULE IN BLISTER PVC/PE/PVDC/AL	OMEPRAZOLO	OMEPRAZOLO	40	milligrammi	Capsula rigida gastroresistente	A02BC01	LABORATORIOS LICONSA, S.A.	Autorizzata	Procedura Mutuo riconoscimento o Decentrata	Medicinali soggetti a prescrizione medica
050872213	050872	OMEPRAZOLO LICONSA	?40 MG CAPSULE RIGIDE GASTRORESISTENTI? 100 CAPSULE IN BLISTER PVC/PE/PVDC/AL	OMEPRAZOLO	OMEPRAZOLO	40	milligrammi	Capsula rigida gastroresistente	A02BC01	LABORATORIOS LICONSA, S.A.	Autorizzata	Procedura Mutuo riconoscimento o Decentrata	Medicinali soggetti a prescrizione medica
050941018	050941	OMEPRAZOLO AUROBINDO	10 MG CAPSULE RIGIDE GASTRORESISTENTI- 7 CAPSULE IN BLISTER PVC/PE/PVDC/AL	OMEPRAZOLO	OMEPRAZOLO			Capsula rigida gastroresistente	A02BC01	AUROBINDO PHARMA (ITALIA) S.R.L.	Autorizzata	Procedura Mutuo riconoscimento o Decentrata	Medicinali soggetti a prescrizione medica
050941020	050941	OMEPRAZOLO AUROBINDO	10 MG CAPSULE RIGIDE GASTRORESISTENTI- 14 CAPSULE IN BLISTER PVC/PE/PVDC/AL	OMEPRAZOLO	OMEPRAZOLO			Capsula rigida gastroresistente	A02BC01	AUROBINDO PHARMA (ITALIA) S.R.L.	Autorizzata	Procedura Mutuo riconoscimento o Decentrata	Medicinali soggetti a prescrizione medica
050941032	050941	OMEPRAZOLO AUROBINDO	10 MG CAPSULE RIGIDE GASTRORESISTENTI- 15 CAPSULE IN BLISTER PVC/PE/PVDC/AL	OMEPRAZOLO	OMEPRAZOLO			Capsula rigida gastroresistente	A02BC01	AUROBINDO PHARMA (ITALIA) S.R.L.	Autorizzata	Procedura Mutuo riconoscimento o Decentrata	Medicinali soggetti a prescrizione medica
050941044	050941	OMEPRAZOLO AUROBINDO	10 MG CAPSULE RIGIDE GASTRORESISTENTI- 28 CAPSULE IN BLISTER PVC/PE/PVDC/AL	OMEPRAZOLO	OMEPRAZOLO			Capsula rigida gastroresistente	A02BC01	AUROBINDO PHARMA (ITALIA) S.R.L.	Autorizzata	Procedura Mutuo riconoscimento o Decentrata	Medicinali soggetti a prescrizione medica
050941057	050941	OMEPRAZOLO AUROBINDO	10 MG CAPSULE RIGIDE GASTRORESISTENTI- 30 CAPSULE IN BLISTER PVC/PE/PVDC/AL	OMEPRAZOLO	OMEPRAZOLO			Capsula rigida gastroresistente	A02BC01	AUROBINDO PHARMA (ITALIA) S.R.L.	Autorizzata	Procedura Mutuo riconoscimento o Decentrata	Medicinali soggetti a prescrizione medica
050941069	050941	OMEPRAZOLO AUROBINDO	20 MG CAPSULE RIGIDE GASTRORESISTENTI- 7 CAPSULE IN BLISTER PVC/PE/PVDC/AL	OMEPRAZOLO	OMEPRAZOLO			Capsula rigida gastroresistente	A02BC01	AUROBINDO PHARMA (ITALIA) S.R.L.	Autorizzata	Procedura Mutuo riconoscimento o Decentrata	Medicinali soggetti a prescrizione medica
050941071	050941	OMEPRAZOLO AUROBINDO	20 MG CAPSULE RIGIDE GASTRORESISTENTI- 14 CAPSULE IN BLISTER PVC/PE/PVDC/AL	OMEPRAZOLO	OMEPRAZOLO			Capsula rigida gastroresistente	A02BC01	AUROBINDO PHARMA (ITALIA) S.R.L.	Autorizzata	Procedura Mutuo riconoscimento o Decentrata	Medicinali soggetti a prescrizione medica
050941083	050941	OMEPRAZOLO AUROBINDO	20 MG CAPSULE RIGIDE GASTRORESISTENTI- 15 CAPSULE IN BLISTER PVC/PE/PVDC/AL	OMEPRAZOLO	OMEPRAZOLO			Capsula rigida gastroresistente	A02BC01	AUROBINDO PHARMA (ITALIA) S.R.L.	Autorizzata	Procedura Mutuo riconoscimento o Decentrata	Medicinali soggetti a prescrizione medica
050941095	050941	OMEPRAZOLO AUROBINDO	20 MG CAPSULE RIGIDE GASTRORESISTENTI- 28 CAPSULE IN BLISTER PVC/PE/PVDC/AL	OMEPRAZOLO	OMEPRAZOLO			Capsula rigida gastroresistente	A02BC01	AUROBINDO PHARMA (ITALIA) S.R.L.	Autorizzata	Procedura Mutuo riconoscimento o Decentrata	Medicinali soggetti a prescrizione medica
050941107	050941	OMEPRAZOLO AUROBINDO	20 MG CAPSULE RIGIDE GASTRORESISTENTI- 30 CAPSULE IN BLISTER PVC/PE/PVDC/AL	OMEPRAZOLO	OMEPRAZOLO			Capsula rigida gastroresistente	A02BC01	AUROBINDO PHARMA (ITALIA) S.R.L.	Autorizzata	Procedura Mutuo riconoscimento o Decentrata	Medicinali soggetti a prescrizione medica
050941119	050941	OMEPRAZOLO AUROBINDO	40 MG CAPSULE RIGIDE GASTRORESISTENTI- 7 CAPSULE IN BLISTER PVC/PE/PVDC/AL	OMEPRAZOLO	OMEPRAZOLO			Capsula rigida gastroresistente	A02BC01	AUROBINDO PHARMA (ITALIA) S.R.L.	Autorizzata	Procedura Mutuo riconoscimento o Decentrata	Medicinali soggetti a prescrizione medica
050941121	050941	OMEPRAZOLO AUROBINDO	40 MG CAPSULE RIGIDE GASTRORESISTENTI- 14 CAPSULE IN BLISTER PVC/PE/PVDC/AL	OMEPRAZOLO	OMEPRAZOLO			Capsula rigida gastroresistente	A02BC01	AUROBINDO PHARMA (ITALIA) S.R.L.	Autorizzata	Procedura Mutuo riconoscimento o Decentrata	Medicinali soggetti a prescrizione medica
050941133	050941	OMEPRAZOLO AUROBINDO	40 MG CAPSULE RIGIDE GASTRORESISTENTI- 15 CAPSULE IN BLISTER PVC/PE/PVDC/AL	OMEPRAZOLO	OMEPRAZOLO			Capsula rigida gastroresistente	A02BC01	AUROBINDO PHARMA (ITALIA) S.R.L.	Autorizzata	Procedura Mutuo riconoscimento o Decentrata	Medicinali soggetti a prescrizione medica
050941145	050941	OMEPRAZOLO AUROBINDO	40 MG CAPSULE RIGIDE GASTRORESISTENTI- 28 CAPSULE IN BLISTER PVC/PE/PVDC/AL	OMEPRAZOLO	OMEPRAZOLO			Capsula rigida gastroresistente	A02BC01	AUROBINDO PHARMA (ITALIA) S.R.L.	Autorizzata	Procedura Mutuo riconoscimento o Decentrata	Medicinali soggetti a prescrizione medica
050941158	050941	OMEPRAZOLO AUROBINDO	40 MG CAPSULE RIGIDE GASTRORESISTENTI- 30 CAPSULE IN BLISTER PVC/PE/PVDC/AL	OMEPRAZOLO	OMEPRAZOLO			Capsula rigida gastroresistente	A02BC01	AUROBINDO PHARMA (ITALIA) S.R.L.	Autorizzata	Procedura Mutuo riconoscimento o Decentrata	Medicinali soggetti a prescrizione medica
050941160	050941	OMEPRAZOLO AUROBINDO	10 MG CAPSULE RIGIDE GASTRORESISTENTI- 7 CAPSULE IN FLACONE HDPE	OMEPRAZOLO	OMEPRAZOLO			Capsula rigida gastroresistente	A02BC01	AUROBINDO PHARMA (ITALIA) S.R.L.	Autorizzata	Procedura Mutuo riconoscimento o Decentrata	Medicinali soggetti a prescrizione medica
050941172	050941	OMEPRAZOLO AUROBINDO	10 MG CAPSULE RIGIDE GASTRORESISTENTI- 14 CAPSULE IN FLACONE HDPE	OMEPRAZOLO	OMEPRAZOLO			Capsula rigida gastroresistente	A02BC01	AUROBINDO PHARMA (ITALIA) S.R.L.	Autorizzata	Procedura Mutuo riconoscimento o Decentrata	Medicinali soggetti a prescrizione medica
050941184	050941	OMEPRAZOLO AUROBINDO	10 MG CAPSULE RIGIDE GASTRORESISTENTI- 15 CAPSULE IN FLACONE HDPE	OMEPRAZOLO	OMEPRAZOLO			Capsula rigida gastroresistente	A02BC01	AUROBINDO PHARMA (ITALIA) S.R.L.	Autorizzata	Procedura Mutuo riconoscimento o Decentrata	Medicinali soggetti a prescrizione medica
050941196	050941	OMEPRAZOLO AUROBINDO	10 MG CAPSULE RIGIDE GASTRORESISTENTI- 28 CAPSULE IN FLACONE HDPE	OMEPRAZOLO	OMEPRAZOLO			Capsula rigida gastroresistente	A02BC01	AUROBINDO PHARMA (ITALIA) S.R.L.	Autorizzata	Procedura Mutuo riconoscimento o Decentrata	Medicinali soggetti a prescrizione medica
050941208	050941	OMEPRAZOLO AUROBINDO	10 MG CAPSULE RIGIDE GASTRORESISTENTI- 30 CAPSULE IN FLACONE HDPE	OMEPRAZOLO	OMEPRAZOLO			Capsula rigida gastroresistente	A02BC01	AUROBINDO PHARMA (ITALIA) S.R.L.	Autorizzata	Procedura Mutuo riconoscimento o Decentrata	Medicinali soggetti a prescrizione medica
050941210	050941	OMEPRAZOLO AUROBINDO	20 MG CAPSULE RIGIDE GASTRORESISTENTI- 7 CAPSULE IN FLACONE HDPE	OMEPRAZOLO	OMEPRAZOLO			Capsula rigida gastroresistente	A02BC01	AUROBINDO PHARMA (ITALIA) S.R.L.	Autorizzata	Procedura Mutuo riconoscimento o Decentrata	Medicinali soggetti a prescrizione medica
050941222	050941	OMEPRAZOLO AUROBINDO	20 MG CAPSULE RIGIDE GASTRORESISTENTI- 14 CAPSULE IN FLACONE HDPE	OMEPRAZOLO	OMEPRAZOLO			Capsula rigida gastroresistente	A02BC01	AUROBINDO PHARMA (ITALIA) S.R.L.	Autorizzata	Procedura Mutuo riconoscimento o Decentrata	Medicinali soggetti a prescrizione medica
050941234	050941	OMEPRAZOLO AUROBINDO	20 MG CAPSULE RIGIDE GASTRORESISTENTI- 15 CAPSULE IN FLACONE HDPE	OMEPRAZOLO	OMEPRAZOLO			Capsula rigida gastroresistente	A02BC01	AUROBINDO PHARMA (ITALIA) S.R.L.	Autorizzata	Procedura Mutuo riconoscimento o Decentrata	Medicinali soggetti a prescrizione medica
050941246	050941	OMEPRAZOLO AUROBINDO	20 MG CAPSULE RIGIDE GASTRORESISTENTI- 28 CAPSULE IN FLACONE HDPE	OMEPRAZOLO	OMEPRAZOLO			Capsula rigida gastroresistente	A02BC01	AUROBINDO PHARMA (ITALIA) S.R.L.	Autorizzata	Procedura Mutuo riconoscimento o Decentrata	Medicinali soggetti a prescrizione medica
050941259	050941	OMEPRAZOLO AUROBINDO	20 MG CAPSULE RIGIDE GASTRORESISTENTI- 30 CAPSULE IN FLACONE HDPE	OMEPRAZOLO	OMEPRAZOLO			Capsula rigida gastroresistente	A02BC01	AUROBINDO PHARMA (ITALIA) S.R.L.	Autorizzata	Procedura Mutuo riconoscimento o Decentrata	Medicinali soggetti a prescrizione medica
050941261	050941	OMEPRAZOLO AUROBINDO	40 MG CAPSULE RIGIDE GASTRORESISTENTI- 7 CAPSULE IN FLACONE HDPE	OMEPRAZOLO	OMEPRAZOLO			Capsula rigida gastroresistente	A02BC01	AUROBINDO PHARMA (ITALIA) S.R.L.	Autorizzata	Procedura Mutuo riconoscimento o Decentrata	Medicinali soggetti a prescrizione medica
050941273	050941	OMEPRAZOLO AUROBINDO	40 MG CAPSULE RIGIDE GASTRORESISTENTI- 14 CAPSULE IN FLACONE HDPE	OMEPRAZOLO	OMEPRAZOLO			Capsula rigida gastroresistente	A02BC01	AUROBINDO PHARMA (ITALIA) S.R.L.	Autorizzata	Procedura Mutuo riconoscimento o Decentrata	Medicinali soggetti a prescrizione medica
050941285	050941	OMEPRAZOLO AUROBINDO	40 MG CAPSULE RIGIDE GASTRORESISTENTI- 15 CAPSULE IN FLACONE HDPE	OMEPRAZOLO	OMEPRAZOLO			Capsula rigida gastroresistente	A02BC01	AUROBINDO PHARMA (ITALIA) S.R.L.	Autorizzata	Procedura Mutuo riconoscimento o Decentrata	Medicinali soggetti a prescrizione medica
050941297	050941	OMEPRAZOLO AUROBINDO	40 MG CAPSULE RIGIDE GASTRORESISTENTI- 28 CAPSULE IN FLACONE HDPE	OMEPRAZOLO	OMEPRAZOLO			Capsula rigida gastroresistente	A02BC01	AUROBINDO PHARMA (ITALIA) S.R.L.	Autorizzata	Procedura Mutuo riconoscimento o Decentrata	Medicinali soggetti a prescrizione medica
050941309	050941	OMEPRAZOLO AUROBINDO	40 MG CAPSULE RIGIDE GASTRORESISTENTI- 30 CAPSULE IN FLACONE HDPE	OMEPRAZOLO	OMEPRAZOLO			Capsula rigida gastroresistente	A02BC01	AUROBINDO PHARMA (ITALIA) S.R.L.	Autorizzata	Procedura Mutuo riconoscimento o Decentrata	Medicinali soggetti a prescrizione medica
050952011	050952	OMEPRAZOLO TECNIGEN ITALIA	?20 MG CAPSULE RIGIDE GASTRORESISTENTI? 14 CAPSULE IN BLISTER PVC-PVDC/AL	OMEPRAZOLO	OMEPRAZOLO	20	milligrammi	Capsula rigida gastroresistente	A02BC01	TECNIGEN S.R.L.	Autorizzata	Procedura Mutuo riconoscimento o Decentrata	Medicinali soggetti a prescrizione medica
050952023	050952	OMEPRAZOLO TECNIGEN ITALIA	?20 MG CAPSULE RIGIDE GASTRORESISTENTI? 28 CAPSULE IN BLISTER PVC-PVDC/AL	OMEPRAZOLO	OMEPRAZOLO	20	milligrammi	Capsula rigida gastroresistente	A02BC01	TECNIGEN S.R.L.	Autorizzata	Procedura Mutuo riconoscimento o Decentrata	Medicinali soggetti a prescrizione medica
050952035	050952	OMEPRAZOLO TECNIGEN ITALIA	?20 MG CAPSULE RIGIDE GASTRORESISTENTI? 60 CAPSULE IN BLISTER PVC-PVDC/AL	OMEPRAZOLO	OMEPRAZOLO	20	milligrammi	Capsula rigida gastroresistente	A02BC01	TECNIGEN S.R.L.	Autorizzata	Procedura Mutuo riconoscimento o Decentrata	Medicinali soggetti a prescrizione medica
050952047	050952	OMEPRAZOLO TECNIGEN ITALIA	?20 MG CAPSULE RIGIDE GASTRORESISTENTI? 15 CAPSULE IN BLISTER PVC-PVDC/AL	OMEPRAZOLO	OMEPRAZOLO	20	milligrammi	Capsula rigida gastroresistente	A02BC01	TECNIGEN S.R.L.	Autorizzata	Procedura Mutuo riconoscimento o Decentrata	Medicinali soggetti a prescrizione medica
051151013	051151	GASTROSCHOUM REFLUSSO	20 mg CAPSULE RIGIDE- 7 CAPSULE IN BLISTER PVC/PVDC-AL	OMEPRAZOLO	OMEPRAZOLO			Capsula rigida	A02BC01	ZENTIVA ITALIA S.R.L.	Autorizzata	Procedura Mutuo riconoscimento o Decentrata	Medicinali non soggetti a prescrizione medica, da banco.
051151025	051151	GASTROSCHOUM REFLUSSO	20 mg CAPSULE RIGIDE- 14 CAPSULE IN BLISTER PVC/PVDC-AL	OMEPRAZOLO	OMEPRAZOLO			Capsula rigida	A02BC01	ZENTIVA ITALIA S.R.L.	Autorizzata	Procedura Mutuo riconoscimento o Decentrata	Medicinali non soggetti a prescrizione medica, da banco.
