codice_aic	cod_farmaco	denominazione	descrizione	pa_associati	principio_attivo	quantita	unita_misura	forma	codice_atc	ragione_sociale	stato_amministrativo	tipo_procedura	fornitura
033263017	033263	KARVEA	28 COMPRESSE 75 MG	IRBESARTAN	IRBESARTAN			Compressa	C09CA04	SANOFI WINTHROP INDUSTRIE	Autorizzata	Procedura Centralizzata	Medicinali soggetti a prescrizione medica
033263029	033263	KARVEA	56 COMPRESSE 75 MG	IRBESARTAN	IRBESARTAN			Compressa	C09CA04	SANOFI WINTHROP INDUSTRIE	Autorizzata	Procedura Centralizzata	Medicinali soggetti a prescrizione medica
033263031	033263	KARVEA	98 COMPRESSE 75 MG	IRBESARTAN	IRBESARTAN			Compressa	C09CA04	SANOFI WINTHROP INDUSTRIE	Autorizzata	Procedura Centralizzata	Medicinali soggetti a prescrizione medica
033263043	033263	KARVEA	28 COMPRESSE 150 MG	IRBESARTAN	IRBESARTAN			Compressa	C09CA04	SANOFI WINTHROP INDUSTRIE	Autorizzata	Procedura Centralizzata	Medicinali soggetti a prescrizione medica
033263056	033263	KARVEA	56 COMPRESSE 150 MG	IRBESARTAN	IRBESARTAN			Compressa	C09CA04	SANOFI WINTHROP INDUSTRIE	Autorizzata	Procedura Centralizzata	Medicinali soggetti a prescrizione medica
033263068	033263	KARVEA	98 COMPRESSE 150 MG	IRBESARTAN	IRBESARTAN			Compressa	C09CA04	SANOFI WINTHROP INDUSTRIE	Autorizzata	Procedura Centralizzata	Medicinali soggetti a prescrizione medica
033263070	033263	KARVEA	28 COMPRESSE 300 MG	IRBESARTAN	IRBESARTAN			Compressa	C09CA04	SANOFI WINTHROP INDUSTRIE	Autorizzata	Procedura Centralizzata	Medicinali soggetti a prescrizione medica
033263082	033263	KARVEA	56 COMPRESSE 300 MG	IRBESARTAN	IRBESARTAN			Compressa	C09CA04	SANOFI WINTHROP INDUSTRIE	Autorizzata	Procedura Centralizzata	Medicinali soggetti a prescrizione medica
033263094	033263	KARVEA	98 COMPRESSE 300 MG	IRBESARTAN	IRBESARTAN			Compressa	C09CA04	SANOFI WINTHROP INDUSTRIE	Autorizzata	Procedura Centralizzata	Medicinali soggetti a prescrizione medica
033263106	033263	KARVEA	75 MG - COMPRESSA - USO ORALE - BLISTER (PVC/PVDC/ALLUMINIO) - 14 COMPRESSE	IRBESARTAN	IRBESARTAN			Compressa	C09CA04	SANOFI WINTHROP INDUSTRIE	Autorizzata	Procedura Centralizzata	Medicinali soggetti a prescrizione medica
033263118	033263	KARVEA	150 MG - COMPRESSA - USO ORALE - BLISTER (PVC/PVDC/ALLUMINIO) - 14 COMPRESSE	IRBESARTAN	IRBESARTAN			Compressa	C09CA04	SANOFI WINTHROP INDUSTRIE	Autorizzata	Procedura Centralizzata	Medicinali soggetti a prescrizione medica
033263120	033263	KARVEA	300 MG - COMPRESSA - USO ORALE - BLISTER (PVC/PVDC/ALLUMINIO) - 14 COMPRESSE	IRBESARTAN	IRBESARTAN			Compressa	C09CA04	SANOFI WINTHROP INDUSTRIE	Autorizzata	Procedura Centralizzata	Medicinali soggetti a prescrizione medica
033263132	033263	KARVEA	75 MG - COMPRESSA - USO ORALE - BLISTER (PVC/PVDC/ALLUMINIO) - 56 X 1 COMPRESSE	IRBESARTAN	IRBESARTAN			Compressa	C09CA04	SANOFI WINTHROP INDUSTRIE	Autorizzata	Procedura Centralizzata	Medicinali soggetti a prescrizione medica
033263144	033263	KARVEA	150 MG - COMPRESSA - USO ORALE - BLISTER (PVC/PVDC/ALLUMINIO) - 56 X 1 COMPRESSE	IRBESARTAN	IRBESARTAN			Compressa	C09CA04	SANOFI WINTHROP INDUSTRIE	Autorizzata	Procedura Centralizzata	Medicinali soggetti a prescrizione medica
033263157	033263	KARVEA	300 MG - COMPRESSA - USO ORALE - BLISTER (PVC/PVDC/ALLUMINIO) - 56 X 1 COMPRESSE	IRBESARTAN	IRBESARTAN			Compressa	C09CA04	SANOFI WINTHROP INDUSTRIE	Autorizzata	Procedura Centralizzata	Medicinali soggetti a prescrizione medica
033263169	033263	KARVEA	75 MG - COMPRESSA RIVESTITA CON FILM- USO ORALE - BLISTER (PVC/PVDC/ALLUMINIO) - 14 COMPRESSE	IRBESARTAN	IRBESARTAN			Compressa rivestita con film	C09CA04	SANOFI WINTHROP INDUSTRIE	Autorizzata	Procedura Centralizzata	Medicinali soggetti a prescrizione medica
033263171	033263	KARVEA	75 MG - COMPRESSA RIVESTITA CON FILM- USO ORALE - BLISTER (PVC/PVDC/ALLUMINIO) - 28 COMPRESSE	IRBESARTAN	IRBESARTAN			Compressa rivestita con film	C09CA04	SANOFI WINTHROP INDUSTRIE	Autorizzata	Procedura Centralizzata	Medicinali soggetti a prescrizione medica
033263183	033263	KARVEA	75 MG - COMPRESSA RIVESTITA CON FILM- USO ORALE - BLISTER (PVC/PVDC/ALLUMINIO) - 56 COMPRESSE	IRBESARTAN	IRBESARTAN			Compressa rivestita con film	C09CA04	SANOFI WINTHROP INDUSTRIE	Autorizzata	Procedura Centralizzata	Medicinali soggetti a prescrizione medica
033263195	033263	KARVEA	75 MG - COMPRESSA RIVESTITA CON FILM- USO ORALE - BLISTER (PVC/PVDC/ALLUMINIO) - 56 X 1 COMPRESSE	IRBESARTAN	IRBESARTAN			Compressa rivestita con film	C09CA04	SANOFI WINTHROP INDUSTRIE	Autorizzata	Procedura Centralizzata	Medicinali soggetti a prescrizione medica
033263207	033263	KARVEA	75 MG - COMPRESSA RIVESTITA CON FILM- USO ORALE - BLISTER (PVC/PVDC/ALLUMINIO) - 98 COMPRESSE	IRBESARTAN	IRBESARTAN			Compressa rivestita con film	C09CA04	SANOFI WINTHROP INDUSTRIE	Autorizzata	Procedura Centralizzata	Medicinali soggetti a prescrizione medica
033263219	033263	KARVEA	150 MG - COMPRESSA RIVESTITA CON FILM- USO ORALE - BLISTER (PVC/PVDC/ALLUMINIO) - 14 COMPRESSE	IRBESARTAN	IRBESARTAN			Compressa rivestita con film	C09CA04	SANOFI WINTHROP INDUSTRIE	Autorizzata	Procedura Centralizzata	Medicinali soggetti a prescrizione medica
033263221	033263	KARVEA	150 MG - COMPRESSA RIVESTITA CON FILM- USO ORALE - BLISTER (PVC/PVDC/ALLUMINIO) - 28 COMPRESSE	IRBESARTAN	IRBESARTAN			Compressa rivestita con film	C09CA04	SANOFI WINTHROP INDUSTRIE	Autorizzata	Procedura Centralizzata	Medicinali soggetti a prescrizione medica
033263233	033263	KARVEA	150 MG - COMPRESSA RIVESTITA CON FILM- USO ORALE - BLISTER (PVC/PVDC/ALLUMINIO) - 56 COMPRESSE	IRBESARTAN	IRBESARTAN			Compressa rivestita con film	C09CA04	SANOFI WINTHROP INDUSTRIE	Autorizzata	Procedura Centralizzata	Medicinali soggetti a prescrizione medica
033263245	033263	KARVEA	150 MG - COMPRESSA RIVESTITA CON FILM- USO ORALE - BLISTER (PVC/PVDC/ALLUMINIO) - 56 X 1 COMPRESSE	IRBESARTAN	IRBESARTAN			Compressa rivestita con film	C09CA04	SANOFI WINTHROP INDUSTRIE	Autorizzata	Procedura Centralizzata	Medicinali soggetti a prescrizione medica
033263258	033263	KARVEA	150 MG - COMPRESSA RIVESTITA CON FILM- USO ORALE - BLISTER (PVC/PVDC/ALLUMINIO) - 98 COMPRESSE	IRBESARTAN	IRBESARTAN			Compressa rivestita con film	C09CA04	SANOFI WINTHROP INDUSTRIE	Autorizzata	Procedura Centralizzata	Medicinali soggetti a prescrizione medica
033263260	033263	KARVEA	300 MG - COMPRESSA RIVESTITA CON FILM- USO ORALE - BLISTER (PVC/PVDC/ALLUMINIO) - 14 COMPRESSE	IRBESARTAN	IRBESARTAN			Compressa rivestita con film	C09CA04	SANOFI WINTHROP INDUSTRIE	Autorizzata	Procedura Centralizzata	Medicinali soggetti a prescrizione medica
033263272	033263	KARVEA	300 MG - COMPRESSA RIVESTITA CON FILM- USO ORALE - BLISTER (PVC/PVDC/ALLUMINIO) - 28 COMPRESSE	IRBESARTAN	IRBESARTAN			Compressa rivestita con film	C09CA04	SANOFI WINTHROP INDUSTRIE	Autorizzata	Procedura Centralizzata	Medicinali soggetti a prescrizione medica
033263284	033263	KARVEA	300 MG - COMPRESSA RIVESTITA CON FILM- USO ORALE - BLISTER (PVC/PVDC/ALLUMINIO) - 56 COMPRESSE	IRBESARTAN	IRBESARTAN			Compressa rivestita con film	C09CA04	SANOFI WINTHROP INDUSTRIE	Autorizzata	Procedura Centralizzata	Medicinali soggetti a prescrizione medica
033263296	033263	KARVEA	300 MG - COMPRESSA RIVESTITA CON FILM- USO ORALE - BLISTER (PVC/PVDC/ALLUMINIO) - 56 X 1 COMPRESSE	IRBESARTAN	IRBESARTAN			Compressa rivestita con film	C09CA04	SANOFI WINTHROP INDUSTRIE	Autorizzata	Procedura Centralizzata	Medicinali soggetti a prescrizione medica
033263308	033263	KARVEA	300 MG - COMPRESSA RIVESTITA CON FILM- USO ORALE - BLISTER (PVC/PVDC/ALLUMINIO) - 98 COMPRESSE	IRBESARTAN	IRBESARTAN			Compressa rivestita con film	C09CA04	SANOFI WINTHROP INDUSTRIE	Autorizzata	Procedura Centralizzata	Medicinali soggetti a prescrizione medica
033263310	033263	KARVEA	75 MG - COMPRESSA RIVESTITA CON FILM- USO ORALE - BLISTER (PVC/PVDC/ALLUMINIO) - 84 COMPRESSE	IRBESARTAN	IRBESARTAN			Compressa rivestita con film	C09CA04	SANOFI WINTHROP INDUSTRIE	Autorizzata	Procedura Centralizzata	Medicinali soggetti a prescrizione medica
033263322	033263	KARVEA	150 MG - COMPRESSA RIVESTITA CON FILM- USO ORALE - BLISTER (PVC/PVDC/ALLUMINIO) - 84 COMPRESSE	IRBESARTAN	IRBESARTAN			Compressa rivestita con film	C09CA04	SANOFI WINTHROP INDUSTRIE	Autorizzata	Procedura Centralizzata	Medicinali soggetti a prescrizione medica
033263334	033263	KARVEA	300 MG - COMPRESSA RIVESTITA CON FILM- USO ORALE - BLISTER (PVC/PVDC/ALLUMINIO) - 84 COMPRESSE	IRBESARTAN	IRBESARTAN			Compressa rivestita con film	C09CA04	SANOFI WINTHROP INDUSTRIE	Autorizzata	Procedura Centralizzata	Medicinali soggetti a prescrizione medica
033263346	033263	KARVEA	75 MG - COMPRESSA RIVESTITA CON FILM- USO ORALE - BLISTER (PVC/PVDC/ALLUMINIO) - 30 COMPRESSE	IRBESARTAN	IRBESARTAN			Compressa rivestita con film	C09CA04	SANOFI WINTHROP INDUSTRIE	Autorizzata	Procedura Centralizzata	Medicinali soggetti a prescrizione medica
033263359	033263	KARVEA	150 MG - COMPRESSA RIVESTITA CON FILM- USO ORALE - BLISTER (PVC/PVDC/ALLUMINIO) - 30 COMPRESSE	IRBESARTAN	IRBESARTAN			Compressa rivestita con film	C09CA04	SANOFI WINTHROP INDUSTRIE	Autorizzata	Procedura Centralizzata	Medicinali soggetti a prescrizione medica
033263361	033263	KARVEA	300 MG - COMPRESSA RIVESTITA CON FILM- USO ORALE - BLISTER (PVC/PVDC/ALLUMINIO) - 30 COMPRESSE	IRBESARTAN	IRBESARTAN			Compressa rivestita con film	C09CA04	SANOFI WINTHROP INDUSTRIE	Autorizzata	Procedura Centralizzata	Medicinali soggetti a prescrizione medica
033263373	033263	KARVEA	75 MG - COMPRESSA RIVESTITA CON FILM - USO ORALE - BLISTER (PVC/PVDC/ALLUMINIO) - 90 COMPRESSE	IRBESARTAN	IRBESARTAN			Compressa rivestita con film	C09CA04	SANOFI WINTHROP INDUSTRIE	Autorizzata	Procedura Centralizzata	Medicinali soggetti a prescrizione medica
033263385	033263	KARVEA	150 MG - COMPRESSA RIVESTITA CON FILM - USO ORALE - BLISTER (PVC/PVDC/ALLUMINIO) - 90 COMPRESSE	IRBESARTAN	IRBESARTAN			Compressa rivestita con film	C09CA04	SANOFI WINTHROP INDUSTRIE	Autorizzata	Procedura Centralizzata	Medicinali soggetti a prescrizione medica
033263397	033263	KARVEA	300 MG - COMPRESSA RIVESTITA CON FILM - USO ORALE - BLISTER (PVC/PVDC/ALLUMINIO) - 90 COMPRESSE	IRBESARTAN	IRBESARTAN			Compressa rivestita con film	C09CA04	SANOFI WINTHROP INDUSTRIE	Autorizzata	Procedura Centralizzata	Medicinali soggetti a prescrizione medica
033264019	033264	APROVEL	28 COMPRESSE 75 MG	IRBESARTAN	IRBESARTAN	75	milligrammi	Compressa	C09CA04	SANOFI WINTHROP INDUSTRIE	Autorizzata	Procedura Centralizzata	Medicinali soggetti a prescrizione medica
033264021	033264	APROVEL	56 COMPRESSE 75 MG	IRBESARTAN	IRBESARTAN	75	milligrammi	Compressa	C09CA04	SANOFI WINTHROP INDUSTRIE	Autorizzata	Procedura Centralizzata	Medicinali soggetti a prescrizione medica
033264033	033264	APROVEL	98 COMPRESSE 75 MG	IRBESARTAN	IRBESARTAN	75	milligrammi	Compressa	C09CA04	SANOFI WINTHROP INDUSTRIE	Autorizzata	Procedura Centralizzata	Medicinali soggetti a prescrizione medica
033264045	033264	APROVEL	28 COMPRESSE 150 MG	IRBESARTAN	IRBESARTAN	150	milligrammi	Compressa	C09CA04	SANOFI WINTHROP INDUSTRIE	Autorizzata	Procedura Centralizzata	Medicinali soggetti a prescrizione medica
033264058	033264	APROVEL	56 COMPRESSE 150 MG	IRBESARTAN	IRBESARTAN	150	milligrammi	Compressa	C09CA04	SANOFI WINTHROP INDUSTRIE	Autorizzata	Procedura Centralizzata	Medicinali soggetti a prescrizione medica
033264060	033264	APROVEL	98 COMPRESSE 150 MG	IRBESARTAN	IRBESARTAN	150	milligrammi	Compressa	C09CA04	SANOFI WINTHROP INDUSTRIE	Autorizzata	Procedura Centralizzata	Medicinali soggetti a prescrizione medica
033264072	033264	APROVEL	28 COMPRESSE 300 MG	IRBESARTAN	IRBESARTAN	300	milligrammi	Compressa	C09CA04	SANOFI WINTHROP INDUSTRIE	Autorizzata	Procedura Centralizzata	Medicinali soggetti a prescrizione medica
033264084	033264	APROVEL	56 COMPRESSE 300 MG	IRBESARTAN	IRBESARTAN	300	milligrammi	Compressa	C09CA04	SANOFI WINTHROP INDUSTRIE	Autorizzata	Procedura Centralizzata	Medicinali soggetti a prescrizione medica
033264096	033264	APROVEL	98 COMPRESSE 300 MG	IRBESARTAN	IRBESARTAN	300	milligrammi	Compressa	C09CA04	SANOFI WINTHROP INDUSTRIE	Autorizzata	Procedura Centralizzata	Medicinali soggetti a prescrizione medica
033264108	033264	APROVEL	75 MG - COMPRESSA - USO ORALE - BLISTER (PVC/PVDC/ALLUMINIO)  - 14 COMPRESSE	IRBESARTAN	IRBESARTAN	75	milligrammi	Compressa	C09CA04	SANOFI WINTHROP INDUSTRIE	Autorizzata	Procedura Centralizzata	Medicinali soggetti a prescrizione medica
033264110	033264	APROVEL	150 MG - COMPRESSA - USO ORALE - BLISTER (PVC/PVDC/ALLUMINIO)  - 14 COMPRESSE	IRBESARTAN	IRBESARTAN	150	milligrammi	Compressa	C09CA04	SANOFI WINTHROP INDUSTRIE	Autorizzata	Procedura Centralizzata	Medicinali soggetti a prescrizione medica
033264122	033264	APROVEL	300 MG - COMPRESSA - USO ORALE - BLISTER (PVC/PVDC/ALLUMINIO)  - 14 COMPRESSE	IRBESARTAN	IRBESARTAN	300	milligrammi	Compressa	C09CA04	SANOFI WINTHROP INDUSTRIE	Autorizzata	Procedura Centralizzata	Medicinali soggetti a prescrizione medica
033264134	033264	APROVEL	75 MG - COMPRESSA - USO ORALE - BLISTER (PVC/PVDC/ALLUMINIO)  - 56 X 1 COMPRESSE	IRBESARTAN	IRBESARTAN	75	milligrammi	Compressa	C09CA04	SANOFI WINTHROP INDUSTRIE	Autorizzata	Procedura Centralizzata	Medicinali soggetti a prescrizione medica
033264146	033264	APROVEL	150 MG - COMPRESSA - USO ORALE - BLISTER (PVC/PVDC/ALLUMINIO)  - 56 X 1 COMPRESSE	IRBESARTAN	IRBESARTAN	150	milligrammi	Compressa	C09CA04	SANOFI WINTHROP INDUSTRIE	Autorizzata	Procedura Centralizzata	Medicinali soggetti a prescrizione medica
033264159	033264	APROVEL	300 MG - COMPRESSA - USO ORALE - BLISTER (PVC/PVDC/ALLUMINIO)  - 56 X 1 COMPRESSE	IRBESARTAN	IRBESARTAN	300	milligrammi	Compressa	C09CA04	SANOFI WINTHROP INDUSTRIE	Autorizzata	Procedura Centralizzata	Medicinali soggetti a prescrizione medica
033264161	033264	APROVEL	75 MG - COMPRESSA RIVESTITA CON FILM - USO ORALE - BLISTER (PVC/PVDC/ALLUMINIO)  - 14 COMPRESSE	IRBESARTAN	IRBESARTAN	75	milligrammi	Compressa rivestita con film	C09CA04	SANOFI WINTHROP INDUSTRIE	Autorizzata	Procedura Centralizzata	Medicinali soggetti a prescrizione medica
033264173	033264	APROVEL	75 MG - COMPRESSA RIVESTITA CON FILM - USO ORALE - BLISTER (PVC/PVDC/ALLUMINIO)  - 28 COMPRESSE	IRBESARTAN	IRBESARTAN	75	milligrammi	Compressa rivestita con film	C09CA04	SANOFI WINTHROP INDUSTRIE	Autorizzata	Procedura Centralizzata	Medicinali soggetti a prescrizione medica
033264185	033264	APROVEL	75 MG - COMPRESSA RIVESTITA CON FILM - USO ORALE - BLISTER (PVC/PVDC/ALLUMINIO)  - 56 COMPRESSE	IRBESARTAN	IRBESARTAN	75	milligrammi	Compressa rivestita con film	C09CA04	SANOFI WINTHROP INDUSTRIE	Autorizzata	Procedura Centralizzata	Medicinali soggetti a prescrizione medica
033264197	033264	APROVEL	75 MG - COMPRESSA RIVESTITA CON FILM - USO ORALE - BLISTER (PVC/PVDC/ALLUMINIO)  - 56 X 1 COMPRESSE	IRBESARTAN	IRBESARTAN	75	milligrammi	Compressa rivestita con film	C09CA04	SANOFI WINTHROP INDUSTRIE	Autorizzata	Procedura Centralizzata	Medicinali soggetti a prescrizione medica
033264209	033264	APROVEL	75 MG - COMPRESSA RIVESTITA CON FILM - USO ORALE - BLISTER (PVC/PVDC/ALLUMINIO)  - 98 COMPRESSE	IRBESARTAN	IRBESARTAN	75	milligrammi	Compressa rivestita con film	C09CA04	SANOFI WINTHROP INDUSTRIE	Autorizzata	Procedura Centralizzata	Medicinali soggetti a prescrizione medica
033264211	033264	APROVEL	150 MG - COMPRESSA RIVESTITA CON FILM - USO ORALE - BLISTER (PVC/PVDC/ALLUMINIO)  - 14 COMPRESSE	IRBESARTAN	IRBESARTAN	150	milligrammi	Compressa rivestita con film	C09CA04	SANOFI WINTHROP INDUSTRIE	Autorizzata	Procedura Centralizzata	Medicinali soggetti a prescrizione medica
033264223	033264	APROVEL	150 MG - COMPRESSA RIVESTITA CON FILM - USO ORALE - BLISTER (PVC/PVDC/ALLUMINIO)  - 28 COMPRESSE	IRBESARTAN	IRBESARTAN	150	milligrammi	Compressa rivestita con film	C09CA04	SANOFI WINTHROP INDUSTRIE	Autorizzata	Procedura Centralizzata	Medicinali soggetti a prescrizione medica
033264235	033264	APROVEL	150 MG - COMPRESSA RIVESTITA CON FILM - USO ORALE - BLISTER (PVC/PVDC/ALLUMINIO)  - 56 COMPRESSE	IRBESARTAN	IRBESARTAN	150	milligrammi	Compressa rivestita con film	C09CA04	SANOFI WINTHROP INDUSTRIE	Autorizzata	Procedura Centralizzata	Medicinali soggetti a prescrizione medica
033264247	033264	APROVEL	150 MG - COMPRESSA RIVESTITA CON FILM - USO ORALE - BLISTER (PVC/PVDC/ALLUMINIO)  - 56 X 1 COMPRESSE	IRBESARTAN	IRBESARTAN	150	milligrammi	Compressa rivestita con film	C09CA04	SANOFI WINTHROP INDUSTRIE	Autorizzata	Procedura Centralizzata	Medicinali soggetti a prescrizione medica
033264250	033264	APROVEL	150 MG - COMPRESSA RIVESTITA CON FILM - USO ORALE - BLISTER (PVC/PVDC/ALLUMINIO)  - 98 COMPRESSE	IRBESARTAN	IRBESARTAN	150	milligrammi	Compressa rivestita con film	C09CA04	SANOFI WINTHROP INDUSTRIE	Autorizzata	Procedura Centralizzata	Medicinali soggetti a prescrizione medica
033264262	033264	APROVEL	300 MG - COMPRESSA RIVESTITA CON FILM - USO ORALE - BLISTER (PVC/PVDC/ALLUMINIO)  - 14 COMPRESSE	IRBESARTAN	IRBESARTAN	300	milligrammi	Compressa rivestita con film	C09CA04	SANOFI WINTHROP INDUSTRIE	Autorizzata	Procedura Centralizzata	Medicinali soggetti a prescrizione medica
033264274	033264	APROVEL	300 MG - COMPRESSA RIVESTITA CON FILM - USO ORALE - BLISTER (PVC/PVDC/ALLUMINIO)  - 28 COMPRESSE	IRBESARTAN	IRBESARTAN	300	milligrammi	Compressa rivestita con film	C09CA04	SANOFI WINTHROP INDUSTRIE	Autorizzata	Procedura Centralizzata	Medicinali soggetti a prescrizione medica
033264286	033264	APROVEL	300 MG - COMPRESSA RIVESTITA CON FILM - USO ORALE - BLISTER (PVC/PVDC/ALLUMINIO)  - 56 COMPRESSE	IRBESARTAN	IRBESARTAN	300	milligrammi	Compressa rivestita con film	C09CA04	SANOFI WINTHROP INDUSTRIE	Autorizzata	Procedura Centralizzata	Medicinali soggetti a prescrizione medica
033264298	033264	APROVEL	300 MG - COMPRESSA RIVESTITA CON FILM - USO ORALE - BLISTER (PVC/PVDC/ALLUMINIO)  - 56 X 1 COMPRESSE	IRBESARTAN	IRBESARTAN	300	milligrammi	Compressa rivestita con film	C09CA04	SANOFI WINTHROP INDUSTRIE	Autorizzata	Procedura Centralizzata	Medicinali soggetti a prescrizione medica
033264300	033264	APROVEL	300 MG - COMPRESSA RIVESTITA CON FILM - USO ORALE - BLISTER (PVC/PVDC/ALLUMINIO)  - 98 COMPRESSE	IRBESARTAN	IRBESARTAN	300	milligrammi	Compressa rivestita con film	C09CA04	SANOFI WINTHROP INDUSTRIE	Autorizzata	Procedura Centralizzata	Medicinali soggetti a prescrizione medica
033264312	033264	APROVEL	75 MG - COMPRESSA RIVESTITA CON FILM - USO ORALE - BLISTER (PVC/PVDC/ALLUMINIO)  - 84 COMPRESSE	IRBESARTAN	IRBESARTAN	75	milligrammi	Compressa rivestita con film	C09CA04	SANOFI WINTHROP INDUSTRIE	Autorizzata	Procedura Centralizzata	Medicinali soggetti a prescrizione medica
033264324	033264	APROVEL	150 MG - COMPRESSA RIVESTITA CON FILM - USO ORALE - BLISTER (PVC/PVDC/ALLUMINIO)  - 84 COMPRESSE	IRBESARTAN	IRBESARTAN	150	milligrammi	Compressa rivestita con film	C09CA04	SANOFI WINTHROP INDUSTRIE	Autorizzata	Procedura Centralizzata	Medicinali soggetti a prescrizione medica
033264336	033264	APROVEL	300 MG - COMPRESSA RIVESTITA CON FILM - USO ORALE - BLISTER (PVC/PVDC/ALLUMINIO)  - 84 COMPRESSE	IRBESARTAN	IRBESARTAN	300	milligrammi	Compressa rivestita con film	C09CA04	SANOFI WINTHROP INDUSTRIE	Autorizzata	Procedura Centralizzata	Medicinali soggetti a prescrizione medica
033264348	033264	APROVEL	75 MG - COMPRESSA RIVESTITA CON FILM - USO ORALE - BLISTER (PVC/PVDC/ALLUMINIO)  - 30 COMPRESSE	IRBESARTAN	IRBESARTAN	75	milligrammi	Compressa rivestita con film	C09CA04	SANOFI WINTHROP INDUSTRIE	Autorizzata	Procedura Centralizzata	Medicinali soggetti a prescrizione medica
033264351	033264	APROVEL	150 MG - COMPRESSA RIVESTITA CON FILM - USO ORALE - BLISTER (PVC/PVDC/ALLUMINIO)  - 30 COMPRESSE	IRBESARTAN	IRBESARTAN	150	milligrammi	Compressa rivestita con film	C09CA04	SANOFI WINTHROP INDUSTRIE	Autorizzata	Procedura Centralizzata	Medicinali soggetti a prescrizione medica
033264363	033264	APROVEL	300 MG - COMPRESSA RIVESTITA CON FILM - USO ORALE - BLISTER (PVC/PVDC/ALLUMINIO)  - 30 COMPRESSE	IRBESARTAN	IRBESARTAN	300	milligrammi	Compressa rivestita con film	C09CA04	SANOFI WINTHROP INDUSTRIE	Autorizzata	Procedura Centralizzata	Medicinali soggetti a prescrizione medica
033264375	033264	APROVEL	75 MG - COMPRESSA RIVESTITA CON FILM - USO ORALE - BLISTER (PVC/PVDC/ALLUMINIO)  - 90 COMPRESSE	IRBESARTAN	IRBESARTAN	75	milligrammi	Compressa rivestita con film	C09CA04	SANOFI WINTHROP INDUSTRIE	Autorizzata	Procedura Centralizzata	Medicinali soggetti a prescrizione medica
033264387	033264	APROVEL	150 MG - COMPRESSA RIVESTITA CON FILM - USO ORALE - BLISTER (PVC/PVDC/ALLUMINIO)  - 90 COMPRESSE	IRBESARTAN	IRBESARTAN	150	milligrammi	Compressa rivestita con film	C09CA04	SANOFI WINTHROP INDUSTRIE	Autorizzata	Procedura Centralizzata	Medicinali soggetti a prescrizione medica
033264399	033264	APROVEL	300 MG - COMPRESSA RIVESTITA CON FILM - USO ORALE - BLISTER (PVC/PVDC/ALLUMINIO)  - 90 COMPRESSE	IRBESARTAN	IRBESARTAN	300	milligrammi	Compressa rivestita con film	C09CA04	SANOFI WINTHROP INDUSTRIE	Autorizzata	Procedura Centralizzata	Medicinali soggetti a prescrizione medica
039734013	039734	RABESAT	150 MG COMPRESSE RIVESTITE CON FILM- 28 COMPRESSE	IRBESARTAN	IRBESARTAN	150	milligrammi	Compressa rivestita con film	C09CA04	GENETIC S.P.A.	Autorizzata	Procedura Nazionale	Medicinali soggetti a prescrizione medica
039734025	039734	RABESAT	300 MG COMPRESSE RIVESTITE CON FILM- 28 COMPRESSE	IRBESARTAN	IRBESARTAN	300	milligrammi	Compressa rivestita con film	C09CA04	GENETIC S.P.A.	Autorizzata	Procedura Nazionale	Medicinali soggetti a prescrizione medica
039735016	039735	RETENSIR	150 MG COMPRESSE RIVESTITE CON FILM- 28 COMPRESSE	IRBESARTAN	IRBESARTAN	150	milligrammi	Compressa rivestita con film	C09CA04	S.F. GROUP S.R.L.	Autorizzata	Procedura Nazionale	Medicinali soggetti a prescrizione medica
039735028	039735	RETENSIR	300 MG COMPRESSE RIVESTITE CON FILM- 28 COMPRESSE	IRBESARTAN	IRBESARTAN	300	milligrammi	Compressa rivestita con film	C09CA04	S.F. GROUP S.R.L.	Autorizzata	Procedura Nazionale	Medicinali soggetti a prescrizione medica
039735030	039735	RETENSIR	75 MG COMPRESSE RIVESTITE CON FILM- 28 COMPRESSE	IRBESARTAN	IRBESARTAN	75	milligrammi	Compressa rivestita con film	C09CA04	S.F. GROUP S.R.L.	Autorizzata	Procedura Nazionale	Medicinali soggetti a prescrizione medica
040755011	040755	IRBESARTAN EG	75 MG COMPRESSE RIVESTITE CON FILM- 14 COMPRESSE IN BLISTER PVC/PVDC/AL	IRBESARTAN	IRBESARTAN	75	milligrammi	Compressa rivestita con film	C09CA04	EG S.P.A.	Autorizzata	Procedura Mutuo riconoscimento o Decentrata	Medicinali soggetti a prescrizione medica
040755023	040755	IRBESARTAN EG	75 MG COMPRESSE RIVESTITE CON FILM- 28 COMPRESSE IN BLISTER PVC/PVDC/AL	IRBESARTAN	IRBESARTAN	75	milligrammi	Compressa rivestita con film	C09CA04	EG S.P.A.	Autorizzata	Procedura Mutuo riconoscimento o Decentrata	Medicinali soggetti a prescrizione medica
040755035	040755	IRBESARTAN EG	75 MG COMPRESSE RIVESTITE CON FILM- 30 COMPRESSE IN BLISTER PVC/PVDC/AL	IRBESARTAN	IRBESARTAN	75	milligrammi	Compressa rivestita con film	C09CA04	EG S.P.A.	Autorizzata	Procedura Mutuo riconoscimento o Decentrata	Medicinali soggetti a prescrizione medica
040755047	040755	IRBESARTAN EG	75 MG COMPRESSE RIVESTITE CON FILM- 50 COMPRESSE IN BLISTER PVC/PVDC/AL	IRBESARTAN	IRBESARTAN	75	milligrammi	Compressa rivestita con film	C09CA04	EG S.P.A.	Autorizzata	Procedura Mutuo riconoscimento o Decentrata	Medicinali soggetti a prescrizione medica
040755050	040755	IRBESARTAN EG	75 MG COMPRESSE RIVESTITE CON FILM- 56 COMPRESSE IN BLISTER PVC/PVDC/AL	IRBESARTAN	IRBESARTAN	75	milligrammi	Compressa rivestita con film	C09CA04	EG S.P.A.	Autorizzata	Procedura Mutuo riconoscimento o Decentrata	Medicinali soggetti a prescrizione medica
040755062	040755	IRBESARTAN EG	75 MG COMPRESSE RIVESTITE CON FILM- 98 COMPRESSE IN BLISTER PVC/PVDC/AL	IRBESARTAN	IRBESARTAN	75	milligrammi	Compressa rivestita con film	C09CA04	EG S.P.A.	Autorizzata	Procedura Mutuo riconoscimento o Decentrata	Medicinali soggetti a prescrizione medica
040755074	040755	IRBESARTAN EG	150 MG COMPRESSE RIVESTITE CON FILM- 14 COMPRESSE IN BLISTER PVC/PVDC/AL	IRBESARTAN	IRBESARTAN	150	milligrammi	Compressa rivestita con film	C09CA04	EG S.P.A.	Autorizzata	Procedura Mutuo riconoscimento o Decentrata	Medicinali soggetti a prescrizione medica
040755086	040755	IRBESARTAN EG	150 MG COMPRESSE RIVESTITE CON FILM- 28 COMPRESSE IN BLISTER PVC/PVDC/AL	IRBESARTAN	IRBESARTAN	75	milligrammi	Compressa rivestita con film	C09CA04	EG S.P.A.	Autorizzata	Procedura Mutuo riconoscimento o Decentrata	Medicinali soggetti a prescrizione medica
040755098	040755	IRBESARTAN EG	150 MG COMPRESSE RIVESTITE CON FILM- 30 COMPRESSE IN BLISTER PVC/PVDC/AL	IRBESARTAN	IRBESARTAN	75	milligrammi	Compressa rivestita con film	C09CA04	EG S.P.A.	Autorizzata	Procedura Mutuo riconoscimento o Decentrata	Medicinali soggetti a prescrizione medica
040755100	040755	IRBESARTAN EG	150 MG COMPRESSE RIVESTITE CON FILM- 50 COMPRESSE IN BLISTER PVC/PVDC/AL	IRBESARTAN	IRBESARTAN	75	milligrammi	Compressa rivestita con film	C09CA04	EG S.P.A.	Autorizzata	Procedura Mutuo riconoscimento o Decentrata	Medicinali soggetti a prescrizione medica
040755112	040755	IRBESARTAN EG	150 MG COMPRESSE RIVESTITE CON FILM- 56 COMPRESSE IN BLISTER PVC/PVDC/AL	IRBESARTAN	IRBESARTAN	75	milligrammi	Compressa rivestita con film	C09CA04	EG S.P.A.	Autorizzata	Procedura Mutuo riconoscimento o Decentrata	Medicinali soggetti a prescrizione medica
040755124	040755	IRBESARTAN EG	150 MG COMPRESSE RIVESTITE CON FILM- 98 COMPRESSE IN BLISTER PVC/PVDC/AL	IRBESARTAN	IRBESARTAN	75	milligrammi	Compressa rivestita con film	C09CA04	EG S.P.A.	Autorizzata	Procedura Mutuo riconoscimento o Decentrata	Medicinali soggetti a prescrizione medica
040755136	040755	IRBESARTAN EG	300 MG COMPRESSE RIVESTITE CON FILM- 14 COMPRESSE IN BLISTER PVC/PVDC/AL	IRBESARTAN	IRBESARTAN	300	milligrammi	Compressa rivestita con film	C09CA04	EG S.P.A.	Autorizzata	Procedura Mutuo riconoscimento o Decentrata	Medicinali soggetti a prescrizione medica
040755148	040755	IRBESARTAN EG	300 MG COMPRESSE RIVESTITE CON FILM- 28 COMPRESSE IN BLISTER PVC/PVDC/AL	IRBESARTAN	IRBESARTAN	300	milligrammi	Compressa rivestita con film	C09CA04	EG S.P.A.	Autorizzata	Procedura Mutuo riconoscimento o Decentrata	Medicinali soggetti a prescrizione medica
040755151	040755	IRBESARTAN EG	300 MG COMPRESSE RIVESTITE CON FILM- 30 COMPRESSE IN BLISTER PVC/PVDC/AL	IRBESARTAN	IRBESARTAN	300	milligrammi	Compressa rivestita con film	C09CA04	EG S.P.A.	Autorizzata	Procedura Mutuo riconoscimento o Decentrata	Medicinali soggetti a prescrizione medica
040755163	040755	IRBESARTAN EG	300 MG COMPRESSE RIVESTITE CON FILM- 50 COMPRESSE IN BLISTER PVC/PVDC/AL	IRBESARTAN	IRBESARTAN	300	milligrammi	Compressa rivestita con film	C09CA04	EG S.P.A.	Autorizzata	Procedura Mutuo riconoscimento o Decentrata	Medicinali soggetti a prescrizione medica
040755175	040755	IRBESARTAN EG	300 MG COMPRESSE RIVESTITE CON FILM- 56 COMPRESSE IN BLISTER PVC/PVDC/AL	IRBESARTAN	IRBESARTAN	300	milligrammi	Compressa rivestita con film	C09CA04	EG S.P.A.	Autorizzata	Procedura Mutuo riconoscimento o Decentrata	Medicinali soggetti a prescrizione medica
040755187	040755	IRBESARTAN EG	300 MG COMPRESSE RIVESTITE CON FILM- 98 COMPRESSE IN BLISTER PVC/PVDC/AL	IRBESARTAN	IRBESARTAN	300	milligrammi	Compressa rivestita con film	C09CA04	EG S.P.A.	Autorizzata	Procedura Mutuo riconoscimento o Decentrata	Medicinali soggetti a prescrizione medica
040836013	040836	IRBESARTAN SANDOZ	75 MG COMPRESSE RIVESTITE CON FILM- 7 COMPRESSE IN BLISTER OPA/AL/PVC//AL	IRBESARTAN	IRBESARTAN	75	milligrammi	Compressa rivestita con film	C09CA04	SANDOZ S.P.A.	Autorizzata	Procedura Mutuo riconoscimento o Decentrata	Medicinali soggetti a prescrizione medica
040836025	040836	IRBESARTAN SANDOZ	75 MG COMPRESSE RIVESTITE CON FILM- 10 COMPRESSE IN BLISTER OPA/AL/PVC//AL	IRBESARTAN	IRBESARTAN	75	milligrammi	Compressa rivestita con film	C09CA04	SANDOZ S.P.A.	Autorizzata	Procedura Mutuo riconoscimento o Decentrata	Medicinali soggetti a prescrizione medica
040836037	040836	IRBESARTAN SANDOZ	75 MG COMPRESSE RIVESTITE CON FILM- 14 COMPRESSE IN BLISTER OPA/AL/PVC//AL	IRBESARTAN	IRBESARTAN	75	milligrammi	Compressa rivestita con film	C09CA04	SANDOZ S.P.A.	Autorizzata	Procedura Mutuo riconoscimento o Decentrata	Medicinali soggetti a prescrizione medica
040836049	040836	IRBESARTAN SANDOZ	75 MG COMPRESSE RIVESTITE CON FILM- 20 COMPRESSE IN BLISTER OPA/AL/PVC//AL	IRBESARTAN	IRBESARTAN	75	milligrammi	Compressa rivestita con film	C09CA04	SANDOZ S.P.A.	Autorizzata	Procedura Mutuo riconoscimento o Decentrata	Medicinali soggetti a prescrizione medica
040836052	040836	IRBESARTAN SANDOZ	75 MG COMPRESSE RIVESTITE CON FILM- 28 COMPRESSE IN BLISTER OPA/AL/PVC//AL	IRBESARTAN	IRBESARTAN	75	milligrammi	Compressa rivestita con film	C09CA04	SANDOZ S.P.A.	Autorizzata	Procedura Mutuo riconoscimento o Decentrata	Medicinali soggetti a prescrizione medica
040836064	040836	IRBESARTAN SANDOZ	75 MG COMPRESSE RIVESTITE CON FILM- 30 COMPRESSE IN BLISTER OPA/AL/PVC//AL	IRBESARTAN	IRBESARTAN	75	milligrammi	Compressa rivestita con film	C09CA04	SANDOZ S.P.A.	Autorizzata	Procedura Mutuo riconoscimento o Decentrata	Medicinali soggetti a prescrizione medica
040836076	040836	IRBESARTAN SANDOZ	75 MG COMPRESSE RIVESTITE CON FILM- 56 COMPRESSE IN BLISTER OPA/AL/PVC//AL	IRBESARTAN	IRBESARTAN	75	milligrammi	Compressa rivestita con film	C09CA04	SANDOZ S.P.A.	Autorizzata	Procedura Mutuo riconoscimento o Decentrata	Medicinali soggetti a prescrizione medica
040836088	040836	IRBESARTAN SANDOZ	75 MG COMPRESSE RIVESTITE CON FILM- 60 COMPRESSE IN BLISTER OPA/AL/PVC//AL	IRBESARTAN	IRBESARTAN	75	milligrammi	Compressa rivestita con film	C09CA04	SANDOZ S.P.A.	Autorizzata	Procedura Mutuo riconoscimento o Decentrata	Medicinali soggetti a prescrizione medica
040836090	040836	IRBESARTAN SANDOZ	75 MG COMPRESSE RIVESTITE CON FILM- 84 COMPRESSE IN BLISTER OPA/AL/PVC//AL	IRBESARTAN	IRBESARTAN	75	milligrammi	Compressa rivestita con film	C09CA04	SANDOZ S.P.A.	Autorizzata	Procedura Mutuo riconoscimento o Decentrata	Medicinali soggetti a prescrizione medica
040836102	040836	IRBESARTAN SANDOZ	75 MG COMPRESSE RIVESTITE CON FILM- 90 COMPRESSE IN BLISTER OPA/AL/PVC//AL	IRBESARTAN	IRBESARTAN	75	milligrammi	Compressa rivestita con film	C09CA04	SANDOZ S.P.A.	Autorizzata	Procedura Mutuo riconoscimento o Decentrata	Medicinali soggetti a prescrizione medica
040836114	040836	IRBESARTAN SANDOZ	75 MG COMPRESSE RIVESTITE CON FILM- 98 COMPRESSE IN BLISTER OPA/AL/PVC//AL	IRBESARTAN	IRBESARTAN	75	milligrammi	Compressa rivestita con film	C09CA04	SANDOZ S.P.A.	Autorizzata	Procedura Mutuo riconoscimento o Decentrata	Medicinali soggetti a prescrizione medica
040836126	040836	IRBESARTAN SANDOZ	75 MG COMPRESSE RIVESTITE CON FILM- 100 COMPRESSE IN BLISTER OPA/AL/PVC//AL	IRBESARTAN	IRBESARTAN	75	milligrammi	Compressa rivestita con film	C09CA04	SANDOZ S.P.A.	Autorizzata	Procedura Mutuo riconoscimento o Decentrata	Medicinali soggetti a prescrizione medica
040836138	040836	IRBESARTAN SANDOZ	75 MG COMPRESSE RIVESTITE CON FILM- 100 COMPRESSE IN BLISTER PVC/PVDC//AL	IRBESARTAN	IRBESARTAN	75	milligrammi	Compressa rivestita con film	C09CA04	SANDOZ S.P.A.	Autorizzata	Procedura Mutuo riconoscimento o Decentrata	Medicinali soggetti a prescrizione medica
040836140	040836	IRBESARTAN SANDOZ	75 MG COMPRESSE RIVESTITE CON FILM- 98 COMPRESSE IN BLISTER PVC/PVDC//AL	IRBESARTAN	IRBESARTAN	75	milligrammi	Compressa rivestita con film	C09CA04	SANDOZ S.P.A.	Autorizzata	Procedura Mutuo riconoscimento o Decentrata	Medicinali soggetti a prescrizione medica
040836153	040836	IRBESARTAN SANDOZ	75 MG COMPRESSE RIVESTITE CON FILM- 90 COMPRESSE IN BLISTER PVC/PVDC//AL	IRBESARTAN	IRBESARTAN	75	milligrammi	Compressa rivestita con film	C09CA04	SANDOZ S.P.A.	Autorizzata	Procedura Mutuo riconoscimento o Decentrata	Medicinali soggetti a prescrizione medica
040836165	040836	IRBESARTAN SANDOZ	75 MG COMPRESSE RIVESTITE CON FILM- 84 COMPRESSE IN BLISTER PVC/PVDC//AL	IRBESARTAN	IRBESARTAN	75	milligrammi	Compressa rivestita con film	C09CA04	SANDOZ S.P.A.	Autorizzata	Procedura Mutuo riconoscimento o Decentrata	Medicinali soggetti a prescrizione medica
040836177	040836	IRBESARTAN SANDOZ	75 MG COMPRESSE RIVESTITE CON FILM- 60 COMPRESSE IN BLISTER PVC/PVDC//AL	IRBESARTAN	IRBESARTAN	75	milligrammi	Compressa rivestita con film	C09CA04	SANDOZ S.P.A.	Autorizzata	Procedura Mutuo riconoscimento o Decentrata	Medicinali soggetti a prescrizione medica
040836189	040836	IRBESARTAN SANDOZ	75 MG COMPRESSE RIVESTITE CON FILM- 56 COMPRESSE IN BLISTER PVC/PVDC//AL	IRBESARTAN	IRBESARTAN	75	milligrammi	Compressa rivestita con film	C09CA04	SANDOZ S.P.A.	Autorizzata	Procedura Mutuo riconoscimento o Decentrata	Medicinali soggetti a prescrizione medica
040836191	040836	IRBESARTAN SANDOZ	75 MG COMPRESSE RIVESTITE CON FILM- 30 COMPRESSE IN BLISTER PVC/PVDC//AL	IRBESARTAN	IRBESARTAN	75	milligrammi	Compressa rivestita con film	C09CA04	SANDOZ S.P.A.	Autorizzata	Procedura Mutuo riconoscimento o Decentrata	Medicinali soggetti a prescrizione medica
040836203	040836	IRBESARTAN SANDOZ	75 MG COMPRESSE RIVESTITE CON FILM- 28 COMPRESSE IN BLISTER PVC/PVDC//AL	IRBESARTAN	IRBESARTAN	75	milligrammi	Compressa rivestita con film	C09CA04	SANDOZ S.P.A.	Autorizzata	Procedura Mutuo riconoscimento o Decentrata	Medicinali soggetti a prescrizione medica
040836215	040836	IRBESARTAN SANDOZ	75 MG COMPRESSE RIVESTITE CON FILM- 20 COMPRESSE IN BLISTER PVC/PVDC//AL	IRBESARTAN	IRBESARTAN	75	milligrammi	Compressa rivestita con film	C09CA04	SANDOZ S.P.A.	Autorizzata	Procedura Mutuo riconoscimento o Decentrata	Medicinali soggetti a prescrizione medica
040836227	040836	IRBESARTAN SANDOZ	75 MG COMPRESSE RIVESTITE CON FILM- 14 COMPRESSE IN BLISTER PVC/PVDC//AL	IRBESARTAN	IRBESARTAN	75	milligrammi	Compressa rivestita con film	C09CA04	SANDOZ S.P.A.	Autorizzata	Procedura Mutuo riconoscimento o Decentrata	Medicinali soggetti a prescrizione medica
040836239	040836	IRBESARTAN SANDOZ	75 MG COMPRESSE RIVESTITE CON FILM- 10 COMPRESSE IN BLISTER PVC/PVDC//AL	IRBESARTAN	IRBESARTAN	75	milligrammi	Compressa rivestita con film	C09CA04	SANDOZ S.P.A.	Autorizzata	Procedura Mutuo riconoscimento o Decentrata	Medicinali soggetti a prescrizione medica
040836241	040836	IRBESARTAN SANDOZ	75 MG COMPRESSE RIVESTITE CON FILM- 7 COMPRESSE IN BLISTER PVC/PVDC//AL	IRBESARTAN	IRBESARTAN	75	milligrammi	Compressa rivestita con film	C09CA04	SANDOZ S.P.A.	Autorizzata	Procedura Mutuo riconoscimento o Decentrata	Medicinali soggetti a prescrizione medica
040836254	040836	IRBESARTAN SANDOZ	150 MG COMPRESSE RIVESTITE CON FILM- 7 COMPRESSE IN BLISTER PVC/PVDC//AL	IRBESARTAN	IRBESARTAN	150	milligrammi	Compressa rivestita con film	C09CA04	SANDOZ S.P.A.	Autorizzata	Procedura Mutuo riconoscimento o Decentrata	Medicinali soggetti a prescrizione medica
040836266	040836	IRBESARTAN SANDOZ	150 MG COMPRESSE RIVESTITE CON FILM- 10 COMPRESSE IN BLISTER PVC/PVDC//AL	IRBESARTAN	IRBESARTAN	150	milligrammi	Compressa rivestita con film	C09CA04	SANDOZ S.P.A.	Autorizzata	Procedura Mutuo riconoscimento o Decentrata	Medicinali soggetti a prescrizione medica
040836278	040836	IRBESARTAN SANDOZ	150 MG COMPRESSE RIVESTITE CON FILM- 14 COMPRESSE IN BLISTER PVC/PVDC//AL	IRBESARTAN	IRBESARTAN	150	milligrammi	Compressa rivestita con film	C09CA04	SANDOZ S.P.A.	Autorizzata	Procedura Mutuo riconoscimento o Decentrata	Medicinali soggetti a prescrizione medica
040836280	040836	IRBESARTAN SANDOZ	150 MG COMPRESSE RIVESTITE CON FILM- 20 COMPRESSE IN BLISTER PVC/PVDC//AL	IRBESARTAN	IRBESARTAN	150	milligrammi	Compressa rivestita con film	C09CA04	SANDOZ S.P.A.	Autorizzata	Procedura Mutuo riconoscimento o Decentrata	Medicinali soggetti a prescrizione medica
040836292	040836	IRBESARTAN SANDOZ	150 MG COMPRESSE RIVESTITE CON FILM- 28 COMPRESSE IN BLISTER PVC/PVDC//AL	IRBESARTAN	IRBESARTAN	150	milligrammi	Compressa rivestita con film	C09CA04	SANDOZ S.P.A.	Autorizzata	Procedura Mutuo riconoscimento o Decentrata	Medicinali soggetti a prescrizione medica
040836304	040836	IRBESARTAN SANDOZ	150 MG COMPRESSE RIVESTITE CON FILM- 30 COMPRESSE IN BLISTER PVC/PVDC//AL	IRBESARTAN	IRBESARTAN	150	milligrammi	Compressa rivestita con film	C09CA04	SANDOZ S.P.A.	Autorizzata	Procedura Mutuo riconoscimento o Decentrata	Medicinali soggetti a prescrizione medica
040836316	040836	IRBESARTAN SANDOZ	150 MG COMPRESSE RIVESTITE CON FILM- 56 COMPRESSE IN BLISTER PVC/PVDC//AL	IRBESARTAN	IRBESARTAN	150	milligrammi	Compressa rivestita con film	C09CA04	SANDOZ S.P.A.	Autorizzata	Procedura Mutuo riconoscimento o Decentrata	Medicinali soggetti a prescrizione medica
040836328	040836	IRBESARTAN SANDOZ	150 MG COMPRESSE RIVESTITE CON FILM- 60 COMPRESSE IN BLISTER PVC/PVDC//AL	IRBESARTAN	IRBESARTAN	150	milligrammi	Compressa rivestita con film	C09CA04	SANDOZ S.P.A.	Autorizzata	Procedura Mutuo riconoscimento o Decentrata	Medicinali soggetti a prescrizione medica
040836330	040836	IRBESARTAN SANDOZ	150 MG COMPRESSE RIVESTITE CON FILM- 84 COMPRESSE IN BLISTER PVC/PVDC//AL	IRBESARTAN	IRBESARTAN	150	milligrammi	Compressa rivestita con film	C09CA04	SANDOZ S.P.A.	Autorizzata	Procedura Mutuo riconoscimento o Decentrata	Medicinali soggetti a prescrizione medica
040836342	040836	IRBESARTAN SANDOZ	150 MG COMPRESSE RIVESTITE CON FILM- 90 COMPRESSE IN BLISTER PVC/PVDC//AL	IRBESARTAN	IRBESARTAN	150	milligrammi	Compressa rivestita con film	C09CA04	SANDOZ S.P.A.	Autorizzata	Procedura Mutuo riconoscimento o Decentrata	Medicinali soggetti a prescrizione medica
040836355	040836	IRBESARTAN SANDOZ	150 MG COMPRESSE RIVESTITE CON FILM- 98 COMPRESSE IN BLISTER PVC/PVDC//AL	IRBESARTAN	IRBESARTAN	150	milligrammi	Compressa rivestita con film	C09CA04	SANDOZ S.P.A.	Autorizzata	Procedura Mutuo riconoscimento o Decentrata	Medicinali soggetti a prescrizione medica
040836367	040836	IRBESARTAN SANDOZ	150 MG COMPRESSE RIVESTITE CON FILM- 100 COMPRESSE IN BLISTER PVC/PVDC//AL	IRBESARTAN	IRBESARTAN	150	milligrammi	Compressa rivestita con film	C09CA04	SANDOZ S.P.A.	Autorizzata	Procedura Mutuo riconoscimento o Decentrata	Medicinali soggetti a prescrizione medica
040836379	040836	IRBESARTAN SANDOZ	150 MG COMPRESSE RIVESTITE CON FILM- 100 COMPRESSE IN BLISTER OPA/AL/PVC//AL	IRBESARTAN	IRBESARTAN	150	milligrammi	Compressa rivestita con film	C09CA04	SANDOZ S.P.A.	Autorizzata	Procedura Mutuo riconoscimento o Decentrata	Medicinali soggetti a prescrizione medica
040836381	040836	IRBESARTAN SANDOZ	150 MG COMPRESSE RIVESTITE CON FILM- 98 COMPRESSE IN BLISTER OPA/AL/PVC//AL	IRBESARTAN	IRBESARTAN	150	milligrammi	Compressa rivestita con film	C09CA04	SANDOZ S.P.A.	Autorizzata	Procedura Mutuo riconoscimento o Decentrata	Medicinali soggetti a prescrizione medica
040836393	040836	IRBESARTAN SANDOZ	150 MG COMPRESSE RIVESTITE CON FILM- 90 COMPRESSE IN BLISTER OPA/AL/PVC//AL	IRBESARTAN	IRBESARTAN	150	milligrammi	Compressa rivestita con film	C09CA04	SANDOZ S.P.A.	Autorizzata	Procedura Mutuo riconoscimento o Decentrata	Medicinali soggetti a prescrizione medica
040836405	040836	IRBESARTAN SANDOZ	150 MG COMPRESSE RIVESTITE CON FILM- 84 COMPRESSE IN BLISTER OPA/AL/PVC//AL	IRBESARTAN	IRBESARTAN	150	milligrammi	Compressa rivestita con film	C09CA04	SANDOZ S.P.A.	Autorizzata	Procedura Mutuo riconoscimento o Decentrata	Medicinali soggetti a prescrizione medica
040836417	040836	IRBESARTAN SANDOZ	150 MG COMPRESSE RIVESTITE CON FILM- 60 COMPRESSE IN BLISTER OPA/AL/PVC//AL	IRBESARTAN	IRBESARTAN	150	milligrammi	Compressa rivestita con film	C09CA04	SANDOZ S.P.A.	Autorizzata	Procedura Mutuo riconoscimento o Decentrata	Medicinali soggetti a prescrizione medica
040836429	040836	IRBESARTAN SANDOZ	150 MG COMPRESSE RIVESTITE CON FILM- 56 COMPRESSE IN BLISTER OPA/AL/PVC//AL	IRBESARTAN	IRBESARTAN	150	milligrammi	Compressa rivestita con film	C09CA04	SANDOZ S.P.A.	Autorizzata	Procedura Mutuo riconoscimento o Decentrata	Medicinali soggetti a prescrizione medica
040836431	040836	IRBESARTAN SANDOZ	150 MG COMPRESSE RIVESTITE CON FILM- 30 COMPRESSE IN BLISTER OPA/AL/PVC//AL	IRBESARTAN	IRBESARTAN	150	milligrammi	Compressa rivestita con film	C09CA04	SANDOZ S.P.A.	Autorizzata	Procedura Mutuo riconoscimento o Decentrata	Medicinali soggetti a prescrizione medica
040836443	040836	IRBESARTAN SANDOZ	150 MG COMPRESSE RIVESTITE CON FILM- 28 COMPRESSE IN BLISTER OPA/AL/PVC//AL	IRBESARTAN	IRBESARTAN	150	milligrammi	Compressa rivestita con film	C09CA04	SANDOZ S.P.A.	Autorizzata	Procedura Mutuo riconoscimento o Decentrata	Medicinali soggetti a prescrizione medica
040836456	040836	IRBESARTAN SANDOZ	150 MG COMPRESSE RIVESTITE CON FILM- 20 COMPRESSE IN BLISTER OPA/AL/PVC//AL	IRBESARTAN	IRBESARTAN	150	milligrammi	Compressa rivestita con film	C09CA04	SANDOZ S.P.A.	Autorizzata	Procedura Mutuo riconoscimento o Decentrata	Medicinali soggetti a prescrizione medica
040836468	040836	IRBESARTAN SANDOZ	150 MG COMPRESSE RIVESTITE CON FILM- 14 COMPRESSE IN BLISTER OPA/AL/PVC//AL	IRBESARTAN	IRBESARTAN	150	milligrammi	Compressa rivestita con film	C09CA04	SANDOZ S.P.A.	Autorizzata	Procedura Mutuo riconoscimento o Decentrata	Medicinali soggetti a prescrizione medica
040836470	040836	IRBESARTAN SANDOZ	150 MG COMPRESSE RIVESTITE CON FILM- 10 COMPRESSE IN BLISTER OPA/AL/PVC//AL	IRBESARTAN	IRBESARTAN	150	milligrammi	Compressa rivestita con film	C09CA04	SANDOZ S.P.A.	Autorizzata	Procedura Mutuo riconoscimento o Decentrata	Medicinali soggetti a prescrizione medica
040836482	040836	IRBESARTAN SANDOZ	150 MG COMPRESSE RIVESTITE CON FILM- 7 COMPRESSE IN BLISTER OPA/AL/PVC//AL	IRBESARTAN	IRBESARTAN	150	milligrammi	Compressa rivestita con film	C09CA04	SANDOZ S.P.A.	Autorizzata	Procedura Mutuo riconoscimento o Decentrata	Medicinali soggetti a prescrizione medica
040836494	040836	IRBESARTAN SANDOZ	300 MG COMPRESSE RIVESTITE CON FILM- 7 COMPRESSE IN BLISTER OPA/AL/PVC//AL	IRBESARTAN	IRBESARTAN	300	milligrammi	Compressa rivestita con film	C09CA04	SANDOZ S.P.A.	Autorizzata	Procedura Mutuo riconoscimento o Decentrata	Medicinali soggetti a prescrizione medica
040836506	040836	IRBESARTAN SANDOZ	300 MG COMPRESSE RIVESTITE CON FILM- 10 COMPRESSE IN BLISTER OPA/AL/PVC//AL	IRBESARTAN	IRBESARTAN	300	milligrammi	Compressa rivestita con film	C09CA04	SANDOZ S.P.A.	Autorizzata	Procedura Mutuo riconoscimento o Decentrata	Medicinali soggetti a prescrizione medica
040836518	040836	IRBESARTAN SANDOZ	300 MG COMPRESSE RIVESTITE CON FILM- 14 COMPRESSE IN BLISTER OPA/AL/PVC//AL	IRBESARTAN	IRBESARTAN	300	milligrammi	Compressa rivestita con film	C09CA04	SANDOZ S.P.A.	Autorizzata	Procedura Mutuo riconoscimento o Decentrata	Medicinali soggetti a prescrizione medica
040836520	040836	IRBESARTAN SANDOZ	300 MG COMPRESSE RIVESTITE CON FILM- 20 COMPRESSE IN BLISTER OPA/AL/PVC//AL	IRBESARTAN	IRBESARTAN	300	milligrammi	Compressa rivestita con film	C09CA04	SANDOZ S.P.A.	Autorizzata	Procedura Mutuo riconoscimento o Decentrata	Medicinali soggetti a prescrizione medica
040836532	040836	IRBESARTAN SANDOZ	300 MG COMPRESSE RIVESTITE CON FILM- 28 COMPRESSE IN BLISTER OPA/AL/PVC//AL	IRBESARTAN	IRBESARTAN	300	milligrammi	Compressa rivestita con film	C09CA04	SANDOZ S.P.A.	Autorizzata	Procedura Mutuo riconoscimento o Decentrata	Medicinali soggetti a prescrizione medica
040836544	040836	IRBESARTAN SANDOZ	300 MG COMPRESSE RIVESTITE CON FILM- 30 COMPRESSE IN BLISTER OPA/AL/PVC//AL	IRBESARTAN	IRBESARTAN	300	milligrammi	Compressa rivestita con film	C09CA04	SANDOZ S.P.A.	Autorizzata	Procedura Mutuo riconoscimento o Decentrata	Medicinali soggetti a prescrizione medica
040836557	040836	IRBESARTAN SANDOZ	300 MG COMPRESSE RIVESTITE CON FILM- 56 COMPRESSE IN BLISTER OPA/AL/PVC//AL	IRBESARTAN	IRBESARTAN	300	milligrammi	Compressa rivestita con film	C09CA04	SANDOZ S.P.A.	Autorizzata	Procedura Mutuo riconoscimento o Decentrata	Medicinali soggetti a prescrizione medica
040836569	040836	IRBESARTAN SANDOZ	300 MG COMPRESSE RIVESTITE CON FILM- 60 COMPRESSE IN BLISTER OPA/AL/PVC//AL	IRBESARTAN	IRBESARTAN	300	milligrammi	Compressa rivestita con film	C09CA04	SANDOZ S.P.A.	Autorizzata	Procedura Mutuo riconoscimento o Decentrata	Medicinali soggetti a prescrizione medica
040836571	040836	IRBESARTAN SANDOZ	300 MG COMPRESSE RIVESTITE CON FILM- 84 COMPRESSE IN BLISTER OPA/AL/PVC//AL	IRBESARTAN	IRBESARTAN	300	milligrammi	Compressa rivestita con film	C09CA04	SANDOZ S.P.A.	Autorizzata	Procedura Mutuo riconoscimento o Decentrata	Medicinali soggetti a prescrizione medica
040836583	040836	IRBESARTAN SANDOZ	300 MG COMPRESSE RIVESTITE CON FILM- 90 COMPRESSE IN BLISTER OPA/AL/PVC//AL	IRBESARTAN	IRBESARTAN	300	milligrammi	Compressa rivestita con film	C09CA04	SANDOZ S.P.A.	Autorizzata	Procedura Mutuo riconoscimento o Decentrata	Medicinali soggetti a prescrizione medica
040836595	040836	IRBESARTAN SANDOZ	300 MG COMPRESSE RIVESTITE CON FILM- 98 COMPRESSE IN BLISTER OPA/AL/PVC//AL	IRBESARTAN	IRBESARTAN	300	milligrammi	Compressa rivestita con film	C09CA04	SANDOZ S.P.A.	Autorizzata	Procedura Mutuo riconoscimento o Decentrata	Medicinali soggetti a prescrizione medica
040836607	040836	IRBESARTAN SANDOZ	300 MG COMPRESSE RIVESTITE CON FILM- 100 COMPRESSE IN BLISTER OPA/AL/PVC//AL	IRBESARTAN	IRBESARTAN	300	milligrammi	Compressa rivestita con film	C09CA04	SANDOZ S.P.A.	Autorizzata	Procedura Mutuo riconoscimento o Decentrata	Medicinali soggetti a prescrizione medica
040836619	040836	IRBESARTAN SANDOZ	300 MG COMPRESSE RIVESTITE CON FILM- 100 COMPRESSE IN BLISTER PVC/PVDC//AL	IRBESARTAN	IRBESARTAN	300	milligrammi	Compressa rivestita con film	C09CA04	SANDOZ S.P.A.	Autorizzata	Procedura Mutuo riconoscimento o Decentrata	Medicinali soggetti a prescrizione medica
040836621	040836	IRBESARTAN SANDOZ	300 MG COMPRESSE RIVESTITE CON FILM- 98 COMPRESSE IN BLISTER PVC/PVDC//AL	IRBESARTAN	IRBESARTAN	300	milligrammi	Compressa rivestita con film	C09CA04	SANDOZ S.P.A.	Autorizzata	Procedura Mutuo riconoscimento o Decentrata	Medicinali soggetti a prescrizione medica
040836633	040836	IRBESARTAN SANDOZ	300 MG COMPRESSE RIVESTITE CON FILM- 90 COMPRESSE IN BLISTER PVC/PVDC//AL	IRBESARTAN	IRBESARTAN	300	milligrammi	Compressa rivestita con film	C09CA04	SANDOZ S.P.A.	Autorizzata	Procedura Mutuo riconoscimento o Decentrata	Medicinali soggetti a prescrizione medica
040836645	040836	IRBESARTAN SANDOZ	300 MG COMPRESSE RIVESTITE CON FILM- 84 COMPRESSE IN BLISTER PVC/PVDC//AL	IRBESARTAN	IRBESARTAN	300	milligrammi	Compressa rivestita con film	C09CA04	SANDOZ S.P.A.	Autorizzata	Procedura Mutuo riconoscimento o Decentrata	Medicinali soggetti a prescrizione medica
040836658	040836	IRBESARTAN SANDOZ	300 MG COMPRESSE RIVESTITE CON FILM- 60 COMPRESSE IN BLISTER PVC/PVDC//AL	IRBESARTAN	IRBESARTAN	300	milligrammi	Compressa rivestita con film	C09CA04	SANDOZ S.P.A.	Autorizzata	Procedura Mutuo riconoscimento o Decentrata	Medicinali soggetti a prescrizione medica
040836660	040836	IRBESARTAN SANDOZ	300 MG COMPRESSE RIVESTITE CON FILM- 56 COMPRESSE IN BLISTER PVC/PVDC//AL	IRBESARTAN	IRBESARTAN	300	milligrammi	Compressa rivestita con film	C09CA04	SANDOZ S.P.A.	Autorizzata	Procedura Mutuo riconoscimento o Decentrata	Medicinali soggetti a prescrizione medica
040836672	040836	IRBESARTAN SANDOZ	300 MG COMPRESSE RIVESTITE CON FILM- 30 COMPRESSE IN BLISTER PVC/PVDC//AL	IRBESARTAN	IRBESARTAN	300	milligrammi	Compressa rivestita con film	C09CA04	SANDOZ S.P.A.	Autorizzata	Procedura Mutuo riconoscimento o Decentrata	Medicinali soggetti a prescrizione medica
040836684	040836	IRBESARTAN SANDOZ	300 MG COMPRESSE RIVESTITE CON FILM- 28 COMPRESSE IN BLISTER PVC/PVDC//AL	IRBESARTAN	IRBESARTAN	300	milligrammi	Compressa rivestita con film	C09CA04	SANDOZ S.P.A.	Autorizzata	Procedura Mutuo riconoscimento o Decentrata	Medicinali soggetti a prescrizione medica
040836696	040836	IRBESARTAN SANDOZ	300 MG COMPRESSE RIVESTITE CON FILM- 20 COMPRESSE IN BLISTER PVC/PVDC//AL	IRBESARTAN	IRBESARTAN	300	milligrammi	Compressa rivestita con film	C09CA04	SANDOZ S.P.A.	Autorizzata	Procedura Mutuo riconoscimento o Decentrata	Medicinali soggetti a prescrizione medica
040836708	040836	IRBESARTAN SANDOZ	300 MG COMPRESSE RIVESTITE CON FILM- 14 COMPRESSE IN BLISTER PVC/PVDC//AL	IRBESARTAN	IRBESARTAN	300	milligrammi	Compressa rivestita con film	C09CA04	SANDOZ S.P.A.	Autorizzata	Procedura Mutuo riconoscimento o Decentrata	Medicinali soggetti a prescrizione medica
040836710	040836	IRBESARTAN SANDOZ	300 MG COMPRESSE RIVESTITE CON FILM- 10 COMPRESSE IN BLISTER PVC/PVDC//AL	IRBESARTAN	IRBESARTAN	300	milligrammi	Compressa rivestita con film	C09CA04	SANDOZ S.P.A.	Autorizzata	Procedura Mutuo riconoscimento o Decentrata	Medicinali soggetti a prescrizione medica
040836722	040836	IRBESARTAN SANDOZ	300 MG COMPRESSE RIVESTITE CON FILM- 7 COMPRESSE IN BLISTER PVC/PVDC//AL	IRBESARTAN	IRBESARTAN	300	milligrammi	Compressa rivestita con film	C09CA04	SANDOZ S.P.A.	Autorizzata	Procedura Mutuo riconoscimento o Decentrata	Medicinali soggetti a prescrizione medica
040836734	040836	IRBESARTAN SANDOZ	300 MG COMPRESSE RIVESTITE CON FILM- 56X1 COMPRESSE IN BLISTER MONODOSE OPA/AL/PVC//AL	IRBESARTAN	IRBESARTAN	300	milligrammi	Compressa rivestita con film	C09CA04	SANDOZ S.P.A.	Autorizzata	Procedura Mutuo riconoscimento o Decentrata	Medicinali soggetti a prescrizione medica
040836746	040836	IRBESARTAN SANDOZ	150 MG COMPRESSE RIVESTITE CON FILM- 56X1 COMPRESSE IN BLISTER MONODOSE OPA/AL/PVC//AL	IRBESARTAN	IRBESARTAN	150	milligrammi	Compressa rivestita con film	C09CA04	SANDOZ S.P.A.	Autorizzata	Procedura Mutuo riconoscimento o Decentrata	Medicinali soggetti a prescrizione medica
040836759	040836	IRBESARTAN SANDOZ	75 MG COMPRESSE RIVESTITE CON FILM- 56X1 COMPRESSE IN BLISTER MONODOSE OPA/AL/PVC//AL	IRBESARTAN	IRBESARTAN	75	milligrammi	Compressa rivestita con film	C09CA04	SANDOZ S.P.A.	Autorizzata	Procedura Mutuo riconoscimento o Decentrata	Medicinali soggetti a prescrizione medica
040836761	040836	IRBESARTAN SANDOZ	75 MG COMPRESSE RIVESTITE CON FILM- 100X1 COMPRESSE IN BLISTER MONODOSE OPA/AL/PVC//AL	IRBESARTAN	IRBESARTAN	75	milligrammi	Compressa rivestita con film	C09CA04	SANDOZ S.P.A.	Autorizzata	Procedura Mutuo riconoscimento o Decentrata	Medicinali soggetti a prescrizione medica
040836773	040836	IRBESARTAN SANDOZ	150 MG COMPRESSE RIVESTITE CON FILM- 100X1 COMPRESSE IN BLISTER MONODOSE OPA/AL/PVC//AL	IRBESARTAN	IRBESARTAN	150	milligrammi	Compressa rivestita con film	C09CA04	SANDOZ S.P.A.	Autorizzata	Procedura Mutuo riconoscimento o Decentrata	Medicinali soggetti a prescrizione medica
040836785	040836	IRBESARTAN SANDOZ	300 MG COMPRESSE RIVESTITE CON FILM- 100X1 COMPRESSE IN BLISTER MONODOSE OPA/AL/PVC//AL	IRBESARTAN	IRBESARTAN	300	milligrammi	Compressa rivestita con film	C09CA04	SANDOZ S.P.A.	Autorizzata	Procedura Mutuo riconoscimento o Decentrata	Medicinali soggetti a prescrizione medica
040836797	040836	IRBESARTAN SANDOZ	300 MG COMPRESSE RIVESTITE CON FILM- 100X1 COMPRESSE IN BLISTER MONODOSE PVC/PVDC//AL	IRBESARTAN	IRBESARTAN	300	milligrammi	Compressa rivestita con film	C09CA04	SANDOZ S.P.A.	Autorizzata	Procedura Mutuo riconoscimento o Decentrata	Medicinali soggetti a prescrizione medica
040836809	040836	IRBESARTAN SANDOZ	150 MG COMPRESSE RIVESTITE CON FILM- 100X1 COMPRESSE IN BLISTER MONODOSE PVC/PVDC//AL	IRBESARTAN	IRBESARTAN	150	milligrammi	Compressa rivestita con film	C09CA04	SANDOZ S.P.A.	Autorizzata	Procedura Mutuo riconoscimento o Decentrata	Medicinali soggetti a prescrizione medica
040836811	040836	IRBESARTAN SANDOZ	75 MG COMPRESSE RIVESTITE CON FILM- 100X1 COMPRESSE IN BLISTER MONODOSE PVC/PVDC//AL	IRBESARTAN	IRBESARTAN	75	milligrammi	Compressa rivestita con film	C09CA04	SANDOZ S.P.A.	Autorizzata	Procedura Mutuo riconoscimento o Decentrata	Medicinali soggetti a prescrizione medica
040836823	040836	IRBESARTAN SANDOZ	75 MG COMPRESSE RIVESTITE CON FILM- 56X1 COMPRESSE IN BLISTER MONODOSE PVC/PVDC//AL	IRBESARTAN	IRBESARTAN	75	milligrammi	Compressa rivestita con film	C09CA04	SANDOZ S.P.A.	Autorizzata	Procedura Mutuo riconoscimento o Decentrata	Medicinali soggetti a prescrizione medica
040836835	040836	IRBESARTAN SANDOZ	150 MG COMPRESSE RIVESTITE CON FILM- 56X1 COMPRESSE IN BLISTER MONODOSE PVC/PVDC//AL	IRBESARTAN	IRBESARTAN	150	milligrammi	Compressa rivestita con film	C09CA04	SANDOZ S.P.A.	Autorizzata	Procedura Mutuo riconoscimento o Decentrata	Medicinali soggetti a prescrizione medica
040836847	040836	IRBESARTAN SANDOZ	300 MG COMPRESSE RIVESTITE CON FILM- 56X1 COMPRESSE IN BLISTER MONODOSE PVC/PVDC//AL	IRBESARTAN	IRBESARTAN	300	milligrammi	Compressa rivestita con film	C09CA04	SANDOZ S.P.A.	Autorizzata	Procedura Mutuo riconoscimento o Decentrata	Medicinali soggetti a prescrizione medica
040836850	040836	IRBESARTAN SANDOZ	300 MG COMPRESSE RIVESTITE CON FILM- 100 COMPRESSE IN FLACONE HDPE	IRBESARTAN	IRBESARTAN	300	milligrammi	Compressa rivestita con film	C09CA04	SANDOZ S.P.A.	Autorizzata	Procedura Mutuo riconoscimento o Decentrata	Medicinali soggetti a prescrizione medica
040836862	040836	IRBESARTAN SANDOZ	300 MG COMPRESSE RIVESTITE CON FILM- 250 COMPRESSE IN FLACONE HDPE	IRBESARTAN	IRBESARTAN	300	milligrammi	Compressa rivestita con film	C09CA04	SANDOZ S.P.A.	Autorizzata	Procedura Mutuo riconoscimento o Decentrata	Medicinali soggetti a prescrizione medica
040836874	040836	IRBESARTAN SANDOZ	150 MG COMPRESSE RIVESTITE CON FILM- 250 COMPRESSE IN FLACONE HDPE	IRBESARTAN	IRBESARTAN	150	milligrammi	Compressa rivestita con film	C09CA04	SANDOZ S.P.A.	Autorizzata	Procedura Mutuo riconoscimento o Decentrata	Medicinali soggetti a prescrizione medica
040836886	040836	IRBESARTAN SANDOZ	150 MG COMPRESSE RIVESTITE CON FILM- 100 COMPRESSE IN FLACONE HDPE	IRBESARTAN	IRBESARTAN	150	milligrammi	Compressa rivestita con film	C09CA04	SANDOZ S.P.A.	Autorizzata	Procedura Mutuo riconoscimento o Decentrata	Medicinali soggetti a prescrizione medica
040836898	040836	IRBESARTAN SANDOZ	75 MG COMPRESSE RIVESTITE CON FILM- 100 COMPRESSE IN FLACONE HDPE	IRBESARTAN	IRBESARTAN	75	milligrammi	Compressa rivestita con film	C09CA04	SANDOZ S.P.A.	Autorizzata	Procedura Mutuo riconoscimento o Decentrata	Medicinali soggetti a prescrizione medica
040836900	040836	IRBESARTAN SANDOZ	75 MG COMPRESSE RIVESTITE CON FILM- 250 COMPRESSE IN FLACONE HDPE	IRBESARTAN	IRBESARTAN	75	milligrammi	Compressa rivestita con film	C09CA04	SANDOZ S.P.A.	Autorizzata	Procedura Mutuo riconoscimento o Decentrata	Medicinali soggetti a prescrizione medica
040865014	040865	IRBESARTAN DOC GENERICI	75 MG COMPRESSE- 14 COMPRESSE IN BLISTER PVC-PVDC/AL	IRBESARTAN	IRBESARTAN	75	milligrammi	Compressa	C09CA04	DOC GENERICI SRL	Autorizzata	Procedura Mutuo riconoscimento o Decentrata	Medicinali soggetti a prescrizione medica
040865026	040865	IRBESARTAN DOC GENERICI	75 MG COMPRESSE- 28 COMPRESSE IN BLISTER PVC-PVDC/AL	IRBESARTAN	IRBESARTAN	75	milligrammi	Compressa	C09CA04	DOC GENERICI SRL	Autorizzata	Procedura Mutuo riconoscimento o Decentrata	Medicinali soggetti a prescrizione medica
040865038	040865	IRBESARTAN DOC GENERICI	75 MG COMPRESSE- 56 COMPRESSE IN BLISTER PVC-PVDC/AL	IRBESARTAN	IRBESARTAN	75	milligrammi	Compressa	C09CA04	DOC GENERICI SRL	Autorizzata	Procedura Mutuo riconoscimento o Decentrata	Medicinali soggetti a prescrizione medica
040865040	040865	IRBESARTAN DOC GENERICI	75 MG COMPRESSE- 98 COMPRESSE IN BLISTER PVC-PVDC/AL	IRBESARTAN	IRBESARTAN	75	milligrammi	Compressa	C09CA04	DOC GENERICI SRL	Autorizzata	Procedura Mutuo riconoscimento o Decentrata	Medicinali soggetti a prescrizione medica
040865053	040865	IRBESARTAN DOC GENERICI	150 MG COMPRESSE- 14 COMPRESSE IN BLISTER PVC-PVDC/AL	IRBESARTAN	IRBESARTAN	150	milligrammi	Compressa	C09CA04	DOC GENERICI SRL	Autorizzata	Procedura Mutuo riconoscimento o Decentrata	Medicinali soggetti a prescrizione medica
040865065	040865	IRBESARTAN DOC GENERICI	150 MG COMPRESSE- 28 COMPRESSE IN BLISTER PVC-PVDC/AL	IRBESARTAN	IRBESARTAN	150	milligrammi	Compressa	C09CA04	DOC GENERICI SRL	Autorizzata	Procedura Mutuo riconoscimento o Decentrata	Medicinali soggetti a prescrizione medica
040865077	040865	IRBESARTAN DOC GENERICI	150 MG COMPRESSE- 56 COMPRESSE IN BLISTER PVC-PVDC/AL	IRBESARTAN	IRBESARTAN	150	milligrammi	Compressa	C09CA04	DOC GENERICI SRL	Autorizzata	Procedura Mutuo riconoscimento o Decentrata	Medicinali soggetti a prescrizione medica
040865089	040865	IRBESARTAN DOC GENERICI	150 MG COMPRESSE- 98 COMPRESSE IN BLISTER PVC-PVDC/AL	IRBESARTAN	IRBESARTAN	150	milligrammi	Compressa	C09CA04	DOC GENERICI SRL	Autorizzata	Procedura Mutuo riconoscimento o Decentrata	Medicinali soggetti a prescrizione medica
040865091	040865	IRBESARTAN DOC GENERICI	300 MG COMPRESSE- 14 COMPRESSE IN BLISTER PVC-PVDC/AL	IRBESARTAN	IRBESARTAN	300	milligrammi	Compressa	C09CA04	DOC GENERICI SRL	Autorizzata	Procedura Mutuo riconoscimento o Decentrata	Medicinali soggetti a prescrizione medica
040865103	040865	IRBESARTAN DOC GENERICI	300 MG COMPRESSE- 28 COMPRESSE IN BLISTER PVC-PVDC/AL	IRBESARTAN	IRBESARTAN	300	milligrammi	Compressa	C09CA04	DOC GENERICI SRL	Autorizzata	Procedura Mutuo riconoscimento o Decentrata	Medicinali soggetti a prescrizione medica
040865115	040865	IRBESARTAN DOC GENERICI	300 MG COMPRESSE- 56 COMPRESSE IN BLISTER PVC-PVDC/AL	IRBESARTAN	IRBESARTAN	300	milligrammi	Compressa	C09CA04	DOC GENERICI SRL	Autorizzata	Procedura Mutuo riconoscimento o Decentrata	Medicinali soggetti a prescrizione medica
040865127	040865	IRBESARTAN DOC GENERICI	300 MG COMPRESSE- 98 COMPRESSE IN BLISTER PVC-PVDC/AL	IRBESARTAN	IRBESARTAN	300	milligrammi	Compressa	C09CA04	DOC GENERICI SRL	Autorizzata	Procedura Mutuo riconoscimento o Decentrata	Medicinali soggetti a prescrizione medica
040915086	040915	ABESART	150 MG COMPRESSE RIVESTITE CON FILM- 14 COMPRESSE IN BLISTER PVC/PVDC/AL	IRBESARTAN	IRBESARTAN	150	milligrammi	Compressa rivestita con film	C09CA04	GENETIC S.P.A.	Autorizzata	Procedura Mutuo riconoscimento o Decentrata	Medicinali soggetti a prescrizione medica
040915098	040915	ABESART	150 MG COMPRESSE RIVESTITE CON FILM- 28 COMPRESSE IN BLISTER PVC/PVDC/AL	IRBESARTAN	IRBESARTAN	150	milligrammi	Compressa rivestita con film	C09CA04	GENETIC S.P.A.	Autorizzata	Procedura Mutuo riconoscimento o Decentrata	Medicinali soggetti a prescrizione medica
040915100	040915	ABESART	150 MG COMPRESSE RIVESTITE CON FILM- 30 COMPRESSE IN BLISTER PVC/PVDC/AL	IRBESARTAN	IRBESARTAN	150	milligrammi	Compressa rivestita con film	C09CA04	GENETIC S.P.A.	Autorizzata	Procedura Mutuo riconoscimento o Decentrata	Medicinali soggetti a prescrizione medica
040915112	040915	ABESART	150 MG COMPRESSE RIVESTITE CON FILM- 56 COMPRESSE IN BLISTER PVC/PVDC/AL	IRBESARTAN	IRBESARTAN	150	milligrammi	Compressa rivestita con film	C09CA04	GENETIC S.P.A.	Autorizzata	Procedura Mutuo riconoscimento o Decentrata	Medicinali soggetti a prescrizione medica
040915124	040915	ABESART	150 MG COMPRESSE RIVESTITE CON FILM- 84 COMPRESSE IN BLISTER PVC/PVDC/AL	IRBESARTAN	IRBESARTAN	150	milligrammi	Compressa rivestita con film	C09CA04	GENETIC S.P.A.	Autorizzata	Procedura Mutuo riconoscimento o Decentrata	Medicinali soggetti a prescrizione medica
040915136	040915	ABESART	150 MG COMPRESSE RIVESTITE CON FILM- 90 COMPRESSE IN BLISTER PVC/PVDC/AL	IRBESARTAN	IRBESARTAN	150	milligrammi	Compressa rivestita con film	C09CA04	GENETIC S.P.A.	Autorizzata	Procedura Mutuo riconoscimento o Decentrata	Medicinali soggetti a prescrizione medica
040915148	040915	ABESART	150 MG COMPRESSE RIVESTITE CON FILM- 98 COMPRESSE IN BLISTER PVC/PVDC/AL	IRBESARTAN	IRBESARTAN	150	milligrammi	Compressa rivestita con film	C09CA04	GENETIC S.P.A.	Autorizzata	Procedura Mutuo riconoscimento o Decentrata	Medicinali soggetti a prescrizione medica
040915151	040915	ABESART	300 MG COMPRESSE RIVESTITE CON FILM- 14 COMPRESSE IN BLISTER PVC/PVDC/AL	IRBESARTAN	IRBESARTAN	300	milligrammi	Compressa rivestita con film	C09CA04	GENETIC S.P.A.	Autorizzata	Procedura Mutuo riconoscimento o Decentrata	Medicinali soggetti a prescrizione medica
040915163	040915	ABESART	300 MG COMPRESSE RIVESTITE CON FILM- 28 COMPRESSE IN BLISTER PVC/PVDC/AL	IRBESARTAN	IRBESARTAN	300	milligrammi	Compressa rivestita con film	C09CA04	GENETIC S.P.A.	Autorizzata	Procedura Mutuo riconoscimento o Decentrata	Medicinali soggetti a prescrizione medica
040915175	040915	ABESART	300 MG COMPRESSE RIVESTITE CON FILM- 30 COMPRESSE IN BLISTER PVC/PVDC/AL	IRBESARTAN	IRBESARTAN	300	milligrammi	Compressa rivestita con film	C09CA04	GENETIC S.P.A.	Autorizzata	Procedura Mutuo riconoscimento o Decentrata	Medicinali soggetti a prescrizione medica
040915187	040915	ABESART	300 MG COMPRESSE RIVESTITE CON FILM- 56 COMPRESSE IN BLISTER PVC/PVDC/AL	IRBESARTAN	IRBESARTAN	300	milligrammi	Compressa rivestita con film	C09CA04	GENETIC S.P.A.	Autorizzata	Procedura Mutuo riconoscimento o Decentrata	Medicinali soggetti a prescrizione medica
040915199	040915	ABESART	300 MG COMPRESSE RIVESTITE CON FILM- 84 COMPRESSE IN BLISTER PVC/PVDC/AL	IRBESARTAN	IRBESARTAN	300	milligrammi	Compressa rivestita con film	C09CA04	GENETIC S.P.A.	Autorizzata	Procedura Mutuo riconoscimento o Decentrata	Medicinali soggetti a prescrizione medica
040915201	040915	ABESART	300 MG COMPRESSE RIVESTITE CON FILM- 90 COMPRESSE IN BLISTER PVC/PVDC/AL	IRBESARTAN	IRBESARTAN	300	milligrammi	Compressa rivestita con film	C09CA04	GENETIC S.P.A.	Autorizzata	Procedura Mutuo riconoscimento o Decentrata	Medicinali soggetti a prescrizione medica
040915213	040915	ABESART	300 MG COMPRESSE RIVESTITE CON FILM- 98 COMPRESSE IN BLISTER PVC/PVDC/AL	IRBESARTAN	IRBESARTAN	300	milligrammi	Compressa rivestita con film	C09CA04	GENETIC S.P.A.	Autorizzata	Procedura Mutuo riconoscimento o Decentrata	Medicinali soggetti a prescrizione medica
040936015	040936	IRBESARTAN MACLEODS PHARMA	75 MG COMPRESSE RIVESTITE CON FILM- 28 COMPRESSE IN BLISTER PVDC/PVC/PE/AL	IRBESARTAN	IRBESARTAN	75	milligrammi	Compressa rivestita con film	C09CA04	MACLEODS PHARMA ESPANA, S.L.U.	Autorizzata	Procedura Mutuo riconoscimento o Decentrata	Medicinali soggetti a prescrizione medica
040936027	040936	IRBESARTAN MACLEODS PHARMA	150 MG COMPRESSE RIVESTITE CON FILM- 28 COMPRESSE IN BLISTER PVDC/PVC/PE/AL	IRBESARTAN	IRBESARTAN	150	milligrammi	Compressa rivestita con film	C09CA04	MACLEODS PHARMA ESPANA, S.L.U.	Autorizzata	Procedura Mutuo riconoscimento o Decentrata	Medicinali soggetti a prescrizione medica
040936039	040936	IRBESARTAN MACLEODS PHARMA	300 MG COMPRESSE RIVESTITE CON FILM- 28 COMPRESSE IN BLISTER PVDC/PVC/PE/AL	IRBESARTAN	IRBESARTAN	300	milligrammi	Compressa rivestita con film	C09CA04	MACLEODS PHARMA ESPANA, S.L.U.	Autorizzata	Procedura Mutuo riconoscimento o Decentrata	Medicinali soggetti a prescrizione medica
040936041	040936	IRBESARTAN MACLEODS PHARMA	75 MG COMPRESSE RIVESTITE CON FILM- 56 COMPRESSE IN BLISTER PVDC/PVC/PE/AL	IRBESARTAN	IRBESARTAN	75	milligrammi	Compressa rivestita con film	C09CA04	MACLEODS PHARMA ESPANA, S.L.U.	Autorizzata	Procedura Mutuo riconoscimento o Decentrata	Medicinali soggetti a prescrizione medica
040936054	040936	IRBESARTAN MACLEODS PHARMA	75 MG COMPRESSE RIVESTITE CON FILM- 98 COMPRESSE IN BLISTER PVDC/PVC/PE/AL	IRBESARTAN	IRBESARTAN	75	milligrammi	Compressa rivestita con film	C09CA04	MACLEODS PHARMA ESPANA, S.L.U.	Autorizzata	Procedura Mutuo riconoscimento o Decentrata	Medicinali soggetti a prescrizione medica
040936066	040936	IRBESARTAN MACLEODS PHARMA	150 MG COMPRESSE RIVESTITE CON FILM- 56 COMPRESSE IN BLISTER PVDC/PVC/PE/AL	IRBESARTAN	IRBESARTAN	150	milligrammi	Compressa rivestita con film	C09CA04	MACLEODS PHARMA ESPANA, S.L.U.	Autorizzata	Procedura Mutuo riconoscimento o Decentrata	Medicinali soggetti a prescrizione medica
040936078	040936	IRBESARTAN MACLEODS PHARMA	150 MG COMPRESSE RIVESTITE CON FILM- 98 COMPRESSE IN BLISTER PVDC/PVC/PE/AL	IRBESARTAN	IRBESARTAN	150	milligrammi	Compressa rivestita con film	C09CA04	MACLEODS PHARMA ESPANA, S.L.U.	Autorizzata	Procedura Mutuo riconoscimento o Decentrata	Medicinali soggetti a prescrizione medica
040936080	040936	IRBESARTAN MACLEODS PHARMA	300 MG COMPRESSE RIVESTITE CON FILM- 56 COMPRESSE IN BLISTER PVDC/PVC/PE/AL	IRBESARTAN	IRBESARTAN	300	milligrammi	Compressa rivestita con film	C09CA04	MACLEODS PHARMA ESPANA, S.L.U.	Autorizzata	Procedura Mutuo riconoscimento o Decentrata	Medicinali soggetti a prescrizione medica
040936092	040936	IRBESARTAN MACLEODS PHARMA	300 MG COMPRESSE RIVESTITE CON FILM- 98 COMPRESSE IN BLISTER PVDC/PVC/PE/AL	IRBESARTAN	IRBESARTAN	300	milligrammi	Compressa rivestita con film	C09CA04	MACLEODS PHARMA ESPANA, S.L.U.	Autorizzata	Procedura Mutuo riconoscimento o Decentrata	Medicinali soggetti a prescrizione medica
041139015	041139	IRBESARTAN TECNIGEN	75 MG COMPRESSE RIVESTITE CON FILM - 14 COMPRESSE IN BLISTER PVC/PVDC/AL/PVDC	IRBESARTAN	IRBESARTAN	75	milligrammi	Compressa rivestita con film	C09CA04	TECNIGEN S.R.L.	Autorizzata	Procedura Mutuo riconoscimento o Decentrata	Medicinali soggetti a prescrizione medica
041139027	041139	IRBESARTAN TECNIGEN	75 MG COMPRESSE RIVESTITE CON FILM - 28 COMPRESSE IN BLISTER PVC/PVDC/AL/PVDC	IRBESARTAN	IRBESARTAN	75	milligrammi	Compressa rivestita con film	C09CA04	TECNIGEN S.R.L.	Autorizzata	Procedura Mutuo riconoscimento o Decentrata	Medicinali soggetti a prescrizione medica
041139039	041139	IRBESARTAN TECNIGEN	75 MG COMPRESSE RIVESTITE CON FILM - 30 COMPRESSE IN BLISTER PVC/PVDC/AL/PVDC	IRBESARTAN	IRBESARTAN	75	milligrammi	Compressa rivestita con film	C09CA04	TECNIGEN S.R.L.	Autorizzata	Procedura Mutuo riconoscimento o Decentrata	Medicinali soggetti a prescrizione medica
041139041	041139	IRBESARTAN TECNIGEN	75 MG COMPRESSE RIVESTITE CON FILM - 56 COMPRESSE IN BLISTER PVC/PVDC/AL/PVDC	IRBESARTAN	IRBESARTAN	75	milligrammi	Compressa rivestita con film	C09CA04	TECNIGEN S.R.L.	Autorizzata	Procedura Mutuo riconoscimento o Decentrata	Medicinali soggetti a prescrizione medica
041139054	041139	IRBESARTAN TECNIGEN	75 MG COMPRESSE RIVESTITE CON FILM - 90 COMPRESSE IN BLISTER PVC/PVDC/AL/PVDC	IRBESARTAN	IRBESARTAN	75	milligrammi	Compressa rivestita con film	C09CA04	TECNIGEN S.R.L.	Autorizzata	Procedura Mutuo riconoscimento o Decentrata	Medicinali soggetti a prescrizione medica
041139066	041139	IRBESARTAN TECNIGEN	150 MG COMPRESSE RIVESTITE CON FILM - 14 COMPRESSE IN BLISTER PVC/PVDC/AL/PVDC	IRBESARTAN	IRBESARTAN	150	milligrammi	Compressa rivestita con film	C09CA04	TECNIGEN S.R.L.	Autorizzata	Procedura Mutuo riconoscimento o Decentrata	Medicinali soggetti a prescrizione medica
041139078	041139	IRBESARTAN TECNIGEN	150 MG COMPRESSE RIVESTITE CON FILM - 28 COMPRESSE IN BLISTER PVC/PVDC/AL/PVDC	IRBESARTAN	IRBESARTAN	150	milligrammi	Compressa rivestita con film	C09CA04	TECNIGEN S.R.L.	Autorizzata	Procedura Mutuo riconoscimento o Decentrata	Medicinali soggetti a prescrizione medica
041139080	041139	IRBESARTAN TECNIGEN	150 MG COMPRESSE RIVESTITE CON FILM - 30 COMPRESSE IN BLISTER PVC/PVDC/AL/PVDC	IRBESARTAN	IRBESARTAN	150	milligrammi	Compressa rivestita con film	C09CA04	TECNIGEN S.R.L.	Autorizzata	Procedura Mutuo riconoscimento o Decentrata	Medicinali soggetti a prescrizione medica
041139092	041139	IRBESARTAN TECNIGEN	150 MG COMPRESSE RIVESTITE CON FILM - 56 COMPRESSE IN BLISTER PVC/PVDC/AL/PVDC	IRBESARTAN	IRBESARTAN	150	milligrammi	Compressa rivestita con film	C09CA04	TECNIGEN S.R.L.	Autorizzata	Procedura Mutuo riconoscimento o Decentrata	Medicinali soggetti a prescrizione medica
041139104	041139	IRBESARTAN TECNIGEN	150 MG COMPRESSE RIVESTITE CON FILM - 90 COMPRESSE IN BLISTER PVC/PVDC/AL/PVDC	IRBESARTAN	IRBESARTAN	150	milligrammi	Compressa rivestita con film	C09CA04	TECNIGEN S.R.L.	Autorizzata	Procedura Mutuo riconoscimento o Decentrata	Medicinali soggetti a prescrizione medica
041139116	041139	IRBESARTAN TECNIGEN	300 MG COMPRESSE RIVESTITE CON FILM - 14 COMPRESSE IN BLISTER PVC/PVDC/AL/PVDC	IRBESARTAN	IRBESARTAN	300	milligrammi	Compressa rivestita con film	C09CA04	TECNIGEN S.R.L.	Autorizzata	Procedura Mutuo riconoscimento o Decentrata	Medicinali soggetti a prescrizione medica
041139128	041139	IRBESARTAN TECNIGEN	300 MG COMPRESSE RIVESTITE CON FILM - 28 COMPRESSE IN BLISTER PVC/PVDC/AL/PVDC	IRBESARTAN	IRBESARTAN	300	milligrammi	Compressa rivestita con film	C09CA04	TECNIGEN S.R.L.	Autorizzata	Procedura Mutuo riconoscimento o Decentrata	Medicinali soggetti a prescrizione medica
041139130	041139	IRBESARTAN TECNIGEN	300 MG COMPRESSE RIVESTITE CON FILM - 30 COMPRESSE IN BLISTER PVC/PVDC/AL/PVDC	IRBESARTAN	IRBESARTAN	300	milligrammi	Compressa rivestita con film	C09CA04	TECNIGEN S.R.L.	Autorizzata	Procedura Mutuo riconoscimento o Decentrata	Medicinali soggetti a prescrizione medica
041139142	041139	IRBESARTAN TECNIGEN	300 MG COMPRESSE RIVESTITE CON FILM - 56 COMPRESSE IN BLISTER PVC/PVDC/AL/PVDC	IRBESARTAN	IRBESARTAN	300	milligrammi	Compressa rivestita con film	C09CA04	TECNIGEN S.R.L.	Autorizzata	Procedura Mutuo riconoscimento o Decentrata	Medicinali soggetti a prescrizione medica
041139155	041139	IRBESARTAN TECNIGEN	300 MG COMPRESSE RIVESTITE CON FILM - 90 COMPRESSE IN BLISTER PVC/PVDC/AL/PVDC	IRBESARTAN	IRBESARTAN	300	milligrammi	Compressa rivestita con film	C09CA04	TECNIGEN S.R.L.	Autorizzata	Procedura Mutuo riconoscimento o Decentrata	Medicinali soggetti a prescrizione medica
041458011	041458	IRBESARTAN MYLAN	75 MG COMPRESSE- 10 COMPRESSE IN BLISTER ACLAR/PVC/AL	IRBESARTAN	IRBESARTAN	75	milligrammi	Compressa	C09CA04	MYLAN S.P.A.	Autorizzata	Procedura Mutuo riconoscimento o Decentrata	Medicinali soggetti a prescrizione medica
041458023	041458	IRBESARTAN MYLAN	75 MG COMPRESSE- 14 COMPRESSE IN BLISTER ACLAR/PVC/AL	IRBESARTAN	IRBESARTAN	75	milligrammi	Compressa	C09CA04	MYLAN S.P.A.	Autorizzata	Procedura Mutuo riconoscimento o Decentrata	Medicinali soggetti a prescrizione medica
041458035	041458	IRBESARTAN MYLAN	75 MG COMPRESSE- 28 COMPRESSE IN BLISTER ACLAR/PVC/AL	IRBESARTAN	IRBESARTAN	75	milligrammi	Compressa	C09CA04	MYLAN S.P.A.	Autorizzata	Procedura Mutuo riconoscimento o Decentrata	Medicinali soggetti a prescrizione medica
041458047	041458	IRBESARTAN MYLAN	75 MG COMPRESSE- 30 COMPRESSE IN BLISTER ACLAR/PVC/AL	IRBESARTAN	IRBESARTAN	75	milligrammi	Compressa	C09CA04	MYLAN S.P.A.	Autorizzata	Procedura Mutuo riconoscimento o Decentrata	Medicinali soggetti a prescrizione medica
041458050	041458	IRBESARTAN MYLAN	75 MG COMPRESSE- 56 COMPRESSE IN BLISTER ACLAR/PVC/AL	IRBESARTAN	IRBESARTAN	75	milligrammi	Compressa	C09CA04	MYLAN S.P.A.	Autorizzata	Procedura Mutuo riconoscimento o Decentrata	Medicinali soggetti a prescrizione medica
041458062	041458	IRBESARTAN MYLAN	75 MG COMPRESSE- 57 COMPRESSE IN BLISTER ACLAR/PVC/AL	IRBESARTAN	IRBESARTAN	75	milligrammi	Compressa	C09CA04	MYLAN S.P.A.	Autorizzata	Procedura Mutuo riconoscimento o Decentrata	Medicinali soggetti a prescrizione medica
041458074	041458	IRBESARTAN MYLAN	75 MG COMPRESSE- 58 COMPRESSE IN BLISTER ACLAR/PVC/AL	IRBESARTAN	IRBESARTAN	75	milligrammi	Compressa	C09CA04	MYLAN S.P.A.	Autorizzata	Procedura Mutuo riconoscimento o Decentrata	Medicinali soggetti a prescrizione medica
041458086	041458	IRBESARTAN MYLAN	75 MG COMPRESSE- 60 COMPRESSE IN BLISTER ACLAR/PVC/AL	IRBESARTAN	IRBESARTAN	75	milligrammi	Compressa	C09CA04	MYLAN S.P.A.	Autorizzata	Procedura Mutuo riconoscimento o Decentrata	Medicinali soggetti a prescrizione medica
041458098	041458	IRBESARTAN MYLAN	75 MG COMPRESSE- 84 COMPRESSE IN BLISTER ACLAR/PVC/AL	IRBESARTAN	IRBESARTAN	75	milligrammi	Compressa	C09CA04	MYLAN S.P.A.	Autorizzata	Procedura Mutuo riconoscimento o Decentrata	Medicinali soggetti a prescrizione medica
041458100	041458	IRBESARTAN MYLAN	75 MG COMPRESSE- 90 COMPRESSE IN BLISTER ACLAR/PVC/AL	IRBESARTAN	IRBESARTAN	75	milligrammi	Compressa	C09CA04	MYLAN S.P.A.	Autorizzata	Procedura Mutuo riconoscimento o Decentrata	Medicinali soggetti a prescrizione medica
041458112	041458	IRBESARTAN MYLAN	75 MG COMPRESSE- 98 COMPRESSE IN BLISTER ACLAR/PVC/AL	IRBESARTAN	IRBESARTAN	75	milligrammi	Compressa	C09CA04	MYLAN S.P.A.	Autorizzata	Procedura Mutuo riconoscimento o Decentrata	Medicinali soggetti a prescrizione medica
041458124	041458	IRBESARTAN MYLAN	75 MG COMPRESSE- 100 COMPRESSE IN BLISTER ACLAR/PVC/AL	IRBESARTAN	IRBESARTAN	75	milligrammi	Compressa	C09CA04	MYLAN S.P.A.	Autorizzata	Procedura Mutuo riconoscimento o Decentrata	Medicinali soggetti a prescrizione medica
041458136	041458	IRBESARTAN MYLAN	75 MG COMPRESSE- 500 COMPRESSE IN FLACONE HDPE	IRBESARTAN	IRBESARTAN	75	milligrammi	Compressa	C09CA04	MYLAN S.P.A.	Autorizzata	Procedura Mutuo riconoscimento o Decentrata	Medicinali soggetti a prescrizione medica
041458148	041458	IRBESARTAN MYLAN	75 MG COMPRESSE- 1000 COMPRESSE IN FLACONE HDPE	IRBESARTAN	IRBESARTAN	75	milligrammi	Compressa	C09CA04	MYLAN S.P.A.	Autorizzata	Procedura Mutuo riconoscimento o Decentrata	Medicinali soggetti a prescrizione medica
041458151	041458	IRBESARTAN MYLAN	150 MG COMPRESSE- 10 COMPRESSE IN BLISTER ACLAR/PVC/AL	IRBESARTAN	IRBESARTAN	150	milligrammi	Compressa	C09CA04	MYLAN S.P.A.	Autorizzata	Procedura Mutuo riconoscimento o Decentrata	Medicinali soggetti a prescrizione medica
041458163	041458	IRBESARTAN MYLAN	150 MG COMPRESSE- 14 COMPRESSE IN BLISTER ACLAR/PVC/AL	IRBESARTAN	IRBESARTAN	150	milligrammi	Compressa	C09CA04	MYLAN S.P.A.	Autorizzata	Procedura Mutuo riconoscimento o Decentrata	Medicinali soggetti a prescrizione medica
041458175	041458	IRBESARTAN MYLAN	150 MG COMPRESSE- 28 COMPRESSE IN BLISTER ACLAR/PVC/AL	IRBESARTAN	IRBESARTAN	150	milligrammi	Compressa	C09CA04	MYLAN S.P.A.	Autorizzata	Procedura Mutuo riconoscimento o Decentrata	Medicinali soggetti a prescrizione medica
041458187	041458	IRBESARTAN MYLAN	150 MG COMPRESSE- 30 COMPRESSE IN BLISTER ACLAR/PVC/AL	IRBESARTAN	IRBESARTAN	150	milligrammi	Compressa	C09CA04	MYLAN S.P.A.	Autorizzata	Procedura Mutuo riconoscimento o Decentrata	Medicinali soggetti a prescrizione medica
041458199	041458	IRBESARTAN MYLAN	150 MG COMPRESSE- 56 COMPRESSE IN BLISTER ACLAR/PVC/AL	IRBESARTAN	IRBESARTAN	150	milligrammi	Compressa	C09CA04	MYLAN S.P.A.	Autorizzata	Procedura Mutuo riconoscimento o Decentrata	Medicinali soggetti a prescrizione medica
041458201	041458	IRBESARTAN MYLAN	150 MG COMPRESSE- 57 COMPRESSE IN BLISTER ACLAR/PVC/AL	IRBESARTAN	IRBESARTAN	150	milligrammi	Compressa	C09CA04	MYLAN S.P.A.	Autorizzata	Procedura Mutuo riconoscimento o Decentrata	Medicinali soggetti a prescrizione medica
041458213	041458	IRBESARTAN MYLAN	150 MG COMPRESSE- 58 COMPRESSE IN BLISTER ACLAR/PVC/AL	IRBESARTAN	IRBESARTAN	150	milligrammi	Compressa	C09CA04	MYLAN S.P.A.	Autorizzata	Procedura Mutuo riconoscimento o Decentrata	Medicinali soggetti a prescrizione medica
041458225	041458	IRBESARTAN MYLAN	150 MG COMPRESSE- 60 COMPRESSE IN BLISTER ACLAR/PVC/AL	IRBESARTAN	IRBESARTAN	150	milligrammi	Compressa	C09CA04	MYLAN S.P.A.	Autorizzata	Procedura Mutuo riconoscimento o Decentrata	Medicinali soggetti a prescrizione medica
041458237	041458	IRBESARTAN MYLAN	150 MG COMPRESSE- 84 COMPRESSE IN BLISTER ACLAR/PVC/AL	IRBESARTAN	IRBESARTAN	150	milligrammi	Compressa	C09CA04	MYLAN S.P.A.	Autorizzata	Procedura Mutuo riconoscimento o Decentrata	Medicinali soggetti a prescrizione medica
041458249	041458	IRBESARTAN MYLAN	150 MG COMPRESSE- 90 COMPRESSE IN BLISTER ACLAR/PVC/AL	IRBESARTAN	IRBESARTAN	150	milligrammi	Compressa	C09CA04	MYLAN S.P.A.	Autorizzata	Procedura Mutuo riconoscimento o Decentrata	Medicinali soggetti a prescrizione medica
041458252	041458	IRBESARTAN MYLAN	150 MG COMPRESSE- 98 COMPRESSE IN BLISTER ACLAR/PVC/AL	IRBESARTAN	IRBESARTAN	150	milligrammi	Compressa	C09CA04	MYLAN S.P.A.	Autorizzata	Procedura Mutuo riconoscimento o Decentrata	Medicinali soggetti a prescrizione medica
041458264	041458	IRBESARTAN MYLAN	150 MG COMPRESSE- 100 COMPRESSE IN BLISTER ACLAR/PVC/AL	IRBESARTAN	IRBESARTAN	150	milligrammi	Compressa	C09CA04	MYLAN S.P.A.	Autorizzata	Procedura Mutuo riconoscimento o Decentrata	Medicinali soggetti a prescrizione medica
041458276	041458	IRBESARTAN MYLAN	150 MG COMPRESSE- 500 COMPRESSE IN FLACONE HDPE	IRBESARTAN	IRBESARTAN	150	milligrammi	Compressa	C09CA04	MYLAN S.P.A.	Autorizzata	Procedura Mutuo riconoscimento o Decentrata	Medicinali soggetti a prescrizione medica
041458288	041458	IRBESARTAN MYLAN	150 MG COMPRESSE- 1000 COMPRESSE IN FLACONE HDPE	IRBESARTAN	IRBESARTAN	150	milligrammi	Compressa	C09CA04	MYLAN S.P.A.	Autorizzata	Procedura Mutuo riconoscimento o Decentrata	Medicinali soggetti a prescrizione medica
041458290	041458	IRBESARTAN MYLAN	300 MG COMPRESSE- 10 COMPRESSE IN BLISTER ACLAR/PVC/AL	IRBESARTAN	IRBESARTAN	300	milligrammi	Compressa	C09CA04	MYLAN S.P.A.	Autorizzata	Procedura Mutuo riconoscimento o Decentrata	Medicinali soggetti a prescrizione medica
041458302	041458	IRBESARTAN MYLAN	300 MG COMPRESSE- 14 COMPRESSE IN BLISTER ACLAR/PVC/AL	IRBESARTAN	IRBESARTAN	300	milligrammi	Compressa	C09CA04	MYLAN S.P.A.	Autorizzata	Procedura Mutuo riconoscimento o Decentrata	Medicinali soggetti a prescrizione medica
041458314	041458	IRBESARTAN MYLAN	300 MG COMPRESSE- 28 COMPRESSE IN BLISTER ACLAR/PVC/AL	IRBESARTAN	IRBESARTAN	300	milligrammi	Compressa	C09CA04	MYLAN S.P.A.	Autorizzata	Procedura Mutuo riconoscimento o Decentrata	Medicinali soggetti a prescrizione medica
041458326	041458	IRBESARTAN MYLAN	300 MG COMPRESSE- 30 COMPRESSE IN BLISTER ACLAR/PVC/AL	IRBESARTAN	IRBESARTAN	300	milligrammi	Compressa	C09CA04	MYLAN S.P.A.	Autorizzata	Procedura Mutuo riconoscimento o Decentrata	Medicinali soggetti a prescrizione medica
041458338	041458	IRBESARTAN MYLAN	300 MG COMPRESSE- 56 COMPRESSE IN BLISTER ACLAR/PVC/AL	IRBESARTAN	IRBESARTAN	300	milligrammi	Compressa	C09CA04	MYLAN S.P.A.	Autorizzata	Procedura Mutuo riconoscimento o Decentrata	Medicinali soggetti a prescrizione medica
041458340	041458	IRBESARTAN MYLAN	300 MG COMPRESSE- 57 COMPRESSE IN BLISTER ACLAR/PVC/AL	IRBESARTAN	IRBESARTAN	300	milligrammi	Compressa	C09CA04	MYLAN S.P.A.	Autorizzata	Procedura Mutuo riconoscimento o Decentrata	Medicinali soggetti a prescrizione medica
041458353	041458	IRBESARTAN MYLAN	300 MG COMPRESSE- 58 COMPRESSE IN BLISTER ACLAR/PVC/AL	IRBESARTAN	IRBESARTAN	300	milligrammi	Compressa	C09CA04	MYLAN S.P.A.	Autorizzata	Procedura Mutuo riconoscimento o Decentrata	Medicinali soggetti a prescrizione medica
041458365	041458	IRBESARTAN MYLAN	300 MG COMPRESSE- 60 COMPRESSE IN BLISTER ACLAR/PVC/AL	IRBESARTAN	IRBESARTAN	300	milligrammi	Compressa	C09CA04	MYLAN S.P.A.	Autorizzata	Procedura Mutuo riconoscimento o Decentrata	Medicinali soggetti a prescrizione medica
041458377	041458	IRBESARTAN MYLAN	300 MG COMPRESSE- 84 COMPRESSE IN BLISTER ACLAR/PVC/AL	IRBESARTAN	IRBESARTAN	300	milligrammi	Compressa	C09CA04	MYLAN S.P.A.	Autorizzata	Procedura Mutuo riconoscimento o Decentrata	Medicinali soggetti a prescrizione medica
041458389	041458	IRBESARTAN MYLAN	300 MG COMPRESSE- 90 COMPRESSE IN BLISTER ACLAR/PVC/AL	IRBESARTAN	IRBESARTAN	300	milligrammi	Compressa	C09CA04	MYLAN S.P.A.	Autorizzata	Procedura Mutuo riconoscimento o Decentrata	Medicinali soggetti a prescrizione medica
041458391	041458	IRBESARTAN MYLAN	300 MG COMPRESSE- 98 COMPRESSE IN BLISTER ACLAR/PVC/AL	IRBESARTAN	IRBESARTAN	300	milligrammi	Compressa	C09CA04	MYLAN S.P.A.	Autorizzata	Procedura Mutuo riconoscimento o Decentrata	Medicinali soggetti a prescrizione medica
041458403	041458	IRBESARTAN MYLAN	300 MG COMPRESSE- 100 COMPRESSE IN BLISTER ACLAR/PVC/AL	IRBESARTAN	IRBESARTAN	300	milligrammi	Compressa	C09CA04	MYLAN S.P.A.	Autorizzata	Procedura Mutuo riconoscimento o Decentrata	Medicinali soggetti a prescrizione medica
041458415	041458	IRBESARTAN MYLAN	300 MG COMPRESSE- 500 COMPRESSE IN FLACONE HDPE	IRBESARTAN	IRBESARTAN	300	milligrammi	Compressa	C09CA04	MYLAN S.P.A.	Autorizzata	Procedura Mutuo riconoscimento o Decentrata	Medicinali soggetti a prescrizione medica
041458427	041458	IRBESARTAN MYLAN	300 MG COMPRESSE- 1000 COMPRESSE IN FLACONE HDPE	IRBESARTAN	IRBESARTAN	300	milligrammi	Compressa	C09CA04	MYLAN S.P.A.	Autorizzata	Procedura Mutuo riconoscimento o Decentrata	Medicinali soggetti a prescrizione medica
041458581	041458	IRBESARTAN MYLAN	150 MG COMPRESSE- 30 COMPRESSE IN FLACONE HDPE	IRBESARTAN	IRBESARTAN	150	milligrammi	Compressa	C09CA04	MYLAN S.P.A.	Autorizzata	Procedura Mutuo riconoscimento o Decentrata	Medicinali soggetti a prescrizione medica
041458593	041458	IRBESARTAN MYLAN	300 MG COMPRESSE- 30 COMPRESSE IN FLACONE HDPE	IRBESARTAN	IRBESARTAN	300	milligrammi	Compressa	C09CA04	MYLAN S.P.A.	Autorizzata	Procedura Mutuo riconoscimento o Decentrata	Medicinali soggetti a prescrizione medica
041666013	041666	IFIRMASTA	75 MG - COMPRESSA RIVESTITA CON FILM - USO ORALE - BLISTER (PVC/PE/PVDC/AL)- 14 COMPRESSE	IRBESARTAN	IRBESARTAN	75	milligrammi	Compressa rivestita con film	C09CA04	KRKA D.D. NOVO MESTO	Autorizzata	Procedura Centralizzata	Medicinali soggetti a prescrizione medica
041666025	041666	IFIRMASTA	75 MG - COMPRESSA RIVESTITA CON FILM - USO ORALE - BLISTER (PVC/PE/PVDC/AL)- 28 COMPRESSE	IRBESARTAN	IRBESARTAN	75	milligrammi	Compressa rivestita con film	C09CA04	KRKA D.D. NOVO MESTO	Autorizzata	Procedura Centralizzata	Medicinali soggetti a prescrizione medica
041666037	041666	IFIRMASTA	75 MG - COMPRESSA RIVESTITA CON FILM - USO ORALE - BLISTER (PVC/PE/PVDC/AL)- 56 COMPRESSE	IRBESARTAN	IRBESARTAN	75	milligrammi	Compressa rivestita con film	C09CA04	KRKA D.D. NOVO MESTO	Autorizzata	Procedura Centralizzata	Medicinali soggetti a prescrizione medica
041666049	041666	IFIRMASTA	75 MG - COMPRESSA RIVESTITA CON FILM - USO ORALE - BLISTER (PVC/PE/PVDC/AL)- 56 X 1 COMPRESSE	IRBESARTAN	IRBESARTAN	75	milligrammi	Compressa rivestita con film	C09CA04	KRKA D.D. NOVO MESTO	Autorizzata	Procedura Centralizzata	Medicinali soggetti a prescrizione medica
041666052	041666	IFIRMASTA	75 MG - COMPRESSA RIVESTITA CON FILM - USO ORALE - BLISTER (PVC/PE/PVDC/AL)- 84 COMPRESSE	IRBESARTAN	IRBESARTAN	75	milligrammi	Compressa rivestita con film	C09CA04	KRKA D.D. NOVO MESTO	Autorizzata	Procedura Centralizzata	Medicinali soggetti a prescrizione medica
041666064	041666	IFIRMASTA	75 MG - COMPRESSA RIVESTITA CON FILM - USO ORALE - BLISTER (PVC/PE/PVDC/AL)- 98 COMPRESSE	IRBESARTAN	IRBESARTAN	75	milligrammi	Compressa rivestita con film	C09CA04	KRKA D.D. NOVO MESTO	Autorizzata	Procedura Centralizzata	Medicinali soggetti a prescrizione medica
041666076	041666	IFIRMASTA	150 MG - COMPRESSA RIVESTITA CON FILM - USO ORALE - BLISTER (PVC/PE/PVDC/AL)- 14 COMPRESSE	IRBESARTAN	IRBESARTAN	150	milligrammi	Compressa rivestita con film	C09CA04	KRKA D.D. NOVO MESTO	Autorizzata	Procedura Centralizzata	Medicinali soggetti a prescrizione medica
041666088	041666	IFIRMASTA	150 MG - COMPRESSA RIVESTITA CON FILM - USO ORALE - BLISTER (PVC/PE/PVDC/AL)- 28 COMPRESSE	IRBESARTAN	IRBESARTAN	150	milligrammi	Compressa rivestita con film	C09CA04	KRKA D.D. NOVO MESTO	Autorizzata	Procedura Centralizzata	Medicinali soggetti a prescrizione medica
041666090	041666	IFIRMASTA	150 MG - COMPRESSA RIVESTITA CON FILM - USO ORALE - BLISTER (PVC/PE/PVDC/AL)- 56 COMPRESSE	IRBESARTAN	IRBESARTAN	150	milligrammi	Compressa rivestita con film	C09CA04	KRKA D.D. NOVO MESTO	Autorizzata	Procedura Centralizzata	Medicinali soggetti a prescrizione medica
041666102	041666	IFIRMASTA	150 MG - COMPRESSA RIVESTITA CON FILM - USO ORALE - BLISTER (PVC/PE/PVDC/AL)- 56 X 1 COMPRESSE	IRBESARTAN	IRBESARTAN	150	milligrammi	Compressa rivestita con film	C09CA04	KRKA D.D. NOVO MESTO	Autorizzata	Procedura Centralizzata	Medicinali soggetti a prescrizione medica
041666114	041666	IFIRMASTA	150 MG - COMPRESSA RIVESTITA CON FILM - USO ORALE - BLISTER (PVC/PE/PVDC/AL)- 84 COMPRESSE	IRBESARTAN	IRBESARTAN	150	milligrammi	Compressa rivestita con film	C09CA04	KRKA D.D. NOVO MESTO	Autorizzata	Procedura Centralizzata	Medicinali soggetti a prescrizione medica
041666126	041666	IFIRMASTA	150 MG - COMPRESSA RIVESTITA CON FILM - USO ORALE - BLISTER (PVC/PE/PVDC/AL)- 98 COMPRESSE	IRBESARTAN	IRBESARTAN	150	milligrammi	Compressa rivestita con film	C09CA04	KRKA D.D. NOVO MESTO	Autorizzata	Procedura Centralizzata	Medicinali soggetti a prescrizione medica
041666138	041666	IFIRMASTA	300 MG - COMPRESSA RIVESTITA CON FILM - USO ORALE - BLISTER (PVC/PE/PVDC/AL)- 14 COMPRESSE	IRBESARTAN	IRBESARTAN	300	milligrammi	Compressa rivestita con film	C09CA04	KRKA D.D. NOVO MESTO	Autorizzata	Procedura Centralizzata	Medicinali soggetti a prescrizione medica
041666140	041666	IFIRMASTA	300 MG - COMPRESSA RIVESTITA CON FILM - USO ORALE - BLISTER (PVC/PE/PVDC/AL)- 28 COMPRESSE	IRBESARTAN	IRBESARTAN	300	milligrammi	Compressa rivestita con film	C09CA04	KRKA D.D. NOVO MESTO	Autorizzata	Procedura Centralizzata	Medicinali soggetti a prescrizione medica
041666153	041666	IFIRMASTA	300 MG - COMPRESSA RIVESTITA CON FILM - USO ORALE - BLISTER (PVC/PE/PVDC/AL)- 56 COMPRESSE	IRBESARTAN	IRBESARTAN	300	milligrammi	Compressa rivestita con film	C09CA04	KRKA D.D. NOVO MESTO	Autorizzata	Procedura Centralizzata	Medicinali soggetti a prescrizione medica
041666165	041666	IFIRMASTA	300 MG - COMPRESSA RIVESTITA CON FILM - USO ORALE - BLISTER (PVC/PE/PVDC/AL)- 56 X 1 COMPRESSE	IRBESARTAN	IRBESARTAN	300	milligrammi	Compressa rivestita con film	C09CA04	KRKA D.D. NOVO MESTO	Autorizzata	Procedura Centralizzata	Medicinali soggetti a prescrizione medica
041666177	041666	IFIRMASTA	300 MG - COMPRESSA RIVESTITA CON FILM - USO ORALE - BLISTER (PVC/PE/PVDC/AL)- 84 COMPRESSE	IRBESARTAN	IRBESARTAN	300	milligrammi	Compressa rivestita con film	C09CA04	KRKA D.D. NOVO MESTO	Autorizzata	Procedura Centralizzata	Medicinali soggetti a prescrizione medica
041666189	041666	IFIRMASTA	300 MG - COMPRESSA RIVESTITA CON FILM - USO ORALE - BLISTER (PVC/PE/PVDC/AL)- 98 COMPRESSE	IRBESARTAN	IRBESARTAN	300	milligrammi	Compressa rivestita con film	C09CA04	KRKA D.D. NOVO MESTO	Autorizzata	Procedura Centralizzata	Medicinali soggetti a prescrizione medica
041763018	041763	IRBESARTAN TEVA	75 MG - COMPRESSA RIVESTITA CON FILM - USO ORALE - BLISTER (PVC/PVDC/ALU)- 7	IRBESARTAN	IRBESARTAN	75	milligrammi	Compressa rivestita con film	C09CA04	TEVA B.V.	Autorizzata	Procedura Centralizzata	Medicinali soggetti a prescrizione medica
041763020	041763	IRBESARTAN TEVA	75 MG - COMPRESSA RIVESTITA CON FILM - USO ORALE - BLISTER (PVC/PVDC/ALU)- 14	IRBESARTAN	IRBESARTAN	75	milligrammi	Compressa rivestita con film	C09CA04	TEVA B.V.	Autorizzata	Procedura Centralizzata	Medicinali soggetti a prescrizione medica
041763032	041763	IRBESARTAN TEVA	75 MG - COMPRESSA RIVESTITA CON FILM - USO ORALE - BLISTER (PVC/PVDC/ALU)- 28	IRBESARTAN	IRBESARTAN	75	milligrammi	Compressa rivestita con film	C09CA04	TEVA B.V.	Autorizzata	Procedura Centralizzata	Medicinali soggetti a prescrizione medica
041763044	041763	IRBESARTAN TEVA	75 MG - COMPRESSA RIVESTITA CON FILM - USO ORALE - BLISTER (PVC/PVDC/ALU)- 30	IRBESARTAN	IRBESARTAN	75	milligrammi	Compressa rivestita con film	C09CA04	TEVA B.V.	Autorizzata	Procedura Centralizzata	Medicinali soggetti a prescrizione medica
041763057	041763	IRBESARTAN TEVA	75 MG - COMPRESSA RIVESTITA CON FILM - USO ORALE - BLISTER (PVC/PVDC/ALU)- 56	IRBESARTAN	IRBESARTAN	75	milligrammi	Compressa rivestita con film	C09CA04	TEVA B.V.	Autorizzata	Procedura Centralizzata	Medicinali soggetti a prescrizione medica
041763069	041763	IRBESARTAN TEVA	75 MG - COMPRESSA RIVESTITA CON FILM - USO ORALE - BLISTER (PVC/PVDC/ALU)- 60	IRBESARTAN	IRBESARTAN	75	milligrammi	Compressa rivestita con film	C09CA04	TEVA B.V.	Autorizzata	Procedura Centralizzata	Medicinali soggetti a prescrizione medica
041763071	041763	IRBESARTAN TEVA	75 MG - COMPRESSA RIVESTITA CON FILM - USO ORALE - BLISTER (PVC/PVDC/ALU)- 80	IRBESARTAN	IRBESARTAN	75	milligrammi	Compressa rivestita con film	C09CA04	TEVA B.V.	Autorizzata	Procedura Centralizzata	Medicinali soggetti a prescrizione medica
041763083	041763	IRBESARTAN TEVA	75 MG - COMPRESSA RIVESTITA CON FILM - USO ORALE - BLISTER (PVC/PVDC/ALU)- 84	IRBESARTAN	IRBESARTAN	75	milligrammi	Compressa rivestita con film	C09CA04	TEVA B.V.	Autorizzata	Procedura Centralizzata	Medicinali soggetti a prescrizione medica
041763095	041763	IRBESARTAN TEVA	75 MG - COMPRESSA RIVESTITA CON FILM - USO ORALE - BLISTER (PVC/PVDC/ALU)- 90	IRBESARTAN	IRBESARTAN	75	milligrammi	Compressa rivestita con film	C09CA04	TEVA B.V.	Autorizzata	Procedura Centralizzata	Medicinali soggetti a prescrizione medica
041763107	041763	IRBESARTAN TEVA	75 MG - COMPRESSA RIVESTITA CON FILM - USO ORALE - BLISTER (PVC/PVDC/ALU)- 98	IRBESARTAN	IRBESARTAN	75	milligrammi	Compressa rivestita con film	C09CA04	TEVA B.V.	Autorizzata	Procedura Centralizzata	Medicinali soggetti a prescrizione medica
041763119	041763	IRBESARTAN TEVA	75 MG - COMPRESSA RIVESTITA CON FILM - USO ORALE - BLISTER (PVC/PVDC/ALU)- 100	IRBESARTAN	IRBESARTAN	75	milligrammi	Compressa rivestita con film	C09CA04	TEVA B.V.	Autorizzata	Procedura Centralizzata	Medicinali soggetti a prescrizione medica
041763121	041763	IRBESARTAN TEVA	75 MG - COMPRESSA RIVESTITA CON FILM - USO ORALE - BLISTER (PVC/PVDC/ALU)- 50 X 1 (DOSE UNITARIA)	IRBESARTAN	IRBESARTAN	75	milligrammi	Compressa rivestita con film	C09CA04	TEVA B.V.	Autorizzata	Procedura Centralizzata	Medicinali soggetti a prescrizione medica
041763133	041763	IRBESARTAN TEVA	75 MG - COMPRESSA RIVESTITA CON FILM - USO ORALE - BLISTER (PVC/PVDC/ALU)- 56 X 1 (DOSE UNITARIA)	IRBESARTAN	IRBESARTAN	75	milligrammi	Compressa rivestita con film	C09CA04	TEVA B.V.	Autorizzata	Procedura Centralizzata	Medicinali soggetti a prescrizione medica
041763145	041763	IRBESARTAN TEVA	150 MG - COMPRESSA RIVESTITA CON FILM - USO ORALE - BLISTER (PVC/PVDC/ALU)- 7	IRBESARTAN	IRBESARTAN	150	milligrammi	Compressa rivestita con film	C09CA04	TEVA B.V.	Autorizzata	Procedura Centralizzata	Medicinali soggetti a prescrizione medica
041763158	041763	IRBESARTAN TEVA	150 MG - COMPRESSA RIVESTITA CON FILM - USO ORALE - BLISTER (PVC/PVDC/ALU)- 14	IRBESARTAN	IRBESARTAN	150	milligrammi	Compressa rivestita con film	C09CA04	TEVA B.V.	Autorizzata	Procedura Centralizzata	Medicinali soggetti a prescrizione medica
041763160	041763	IRBESARTAN TEVA	150 MG - COMPRESSA RIVESTITA CON FILM - USO ORALE - BLISTER (PVC/PVDC/ALU)- 28	IRBESARTAN	IRBESARTAN	150	milligrammi	Compressa rivestita con film	C09CA04	TEVA B.V.	Autorizzata	Procedura Centralizzata	Medicinali soggetti a prescrizione medica
041763172	041763	IRBESARTAN TEVA	150 MG - COMPRESSA RIVESTITA CON FILM - USO ORALE - BLISTER (PVC/PVDC/ALU)- 30	IRBESARTAN	IRBESARTAN	150	milligrammi	Compressa rivestita con film	C09CA04	TEVA B.V.	Autorizzata	Procedura Centralizzata	Medicinali soggetti a prescrizione medica
041763184	041763	IRBESARTAN TEVA	150 MG - COMPRESSA RIVESTITA CON FILM - USO ORALE - BLISTER (PVC/PVDC/ALU)- 56	IRBESARTAN	IRBESARTAN	150	milligrammi	Compressa rivestita con film	C09CA04	TEVA B.V.	Autorizzata	Procedura Centralizzata	Medicinali soggetti a prescrizione medica
041763196	041763	IRBESARTAN TEVA	150 MG - COMPRESSA RIVESTITA CON FILM - USO ORALE - BLISTER (PVC/PVDC/ALU)- 60	IRBESARTAN	IRBESARTAN	150	milligrammi	Compressa rivestita con film	C09CA04	TEVA B.V.	Autorizzata	Procedura Centralizzata	Medicinali soggetti a prescrizione medica
041763208	041763	IRBESARTAN TEVA	150 MG - COMPRESSA RIVESTITA CON FILM - USO ORALE - BLISTER (PVC/PVDC/ALU)- 80	IRBESARTAN	IRBESARTAN	150	milligrammi	Compressa rivestita con film	C09CA04	TEVA B.V.	Autorizzata	Procedura Centralizzata	Medicinali soggetti a prescrizione medica
041763210	041763	IRBESARTAN TEVA	150 MG - COMPRESSA RIVESTITA CON FILM - USO ORALE - BLISTER (PVC/PVDC/ALU)- 84	IRBESARTAN	IRBESARTAN	150	milligrammi	Compressa rivestita con film	C09CA04	TEVA B.V.	Autorizzata	Procedura Centralizzata	Medicinali soggetti a prescrizione medica
041763222	041763	IRBESARTAN TEVA	150 MG - COMPRESSA RIVESTITA CON FILM - USO ORALE - BLISTER (PVC/PVDC/ALU)- 90	IRBESARTAN	IRBESARTAN	150	milligrammi	Compressa rivestita con film	C09CA04	TEVA B.V.	Autorizzata	Procedura Centralizzata	Medicinali soggetti a prescrizione medica
041763234	041763	IRBESARTAN TEVA	150 MG - COMPRESSA RIVESTITA CON FILM - USO ORALE - BLISTER (PVC/PVDC/ALU)- 98	IRBESARTAN	IRBESARTAN	150	milligrammi	Compressa rivestita con film	C09CA04	TEVA B.V.	Autorizzata	Procedura Centralizzata	Medicinali soggetti a prescrizione medica
041763246	041763	IRBESARTAN TEVA	150 MG - COMPRESSA RIVESTITA CON FILM - USO ORALE - BLISTER (PVC/PVDC/ALU)- 100	IRBESARTAN	IRBESARTAN	150	milligrammi	Compressa rivestita con film	C09CA04	TEVA B.V.	Autorizzata	Procedura Centralizzata	Medicinali soggetti a prescrizione medica
041763259	041763	IRBESARTAN TEVA	150 MG - COMPRESSA RIVESTITA CON FILM - USO ORALE - BLISTER (PVC/PVDC/ALU)- 50 X 1 (DOSE UNITARIA)	IRBESARTAN	IRBESARTAN	150	milligrammi	Compressa rivestita con film	C09CA04	TEVA B.V.	Autorizzata	Procedura Centralizzata	Medicinali soggetti a prescrizione medica
041763261	041763	IRBESARTAN TEVA	150 MG - COMPRESSA RIVESTITA CON FILM - USO ORALE - BLISTER (PVC/PVDC/ALU)- 56 X 1 (DOSE UNITARIA)	IRBESARTAN	IRBESARTAN	150	milligrammi	Compressa rivestita con film	C09CA04	TEVA B.V.	Autorizzata	Procedura Centralizzata	Medicinali soggetti a prescrizione medica
041763273	041763	IRBESARTAN TEVA	300 MG - COMPRESSA RIVESTITA CON FILM - USO ORALE - BLISTER (PVC/PVDC/ALU)- 7	IRBESARTAN	IRBESARTAN	300	milligrammi	Compressa rivestita con film	C09CA04	TEVA B.V.	Autorizzata	Procedura Centralizzata	Medicinali soggetti a prescrizione medica
041763285	041763	IRBESARTAN TEVA	300 MG - COMPRESSA RIVESTITA CON FILM - USO ORALE - BLISTER (PVC/PVDC/ALU)- 14	IRBESARTAN	IRBESARTAN	300	milligrammi	Compressa rivestita con film	C09CA04	TEVA B.V.	Autorizzata	Procedura Centralizzata	Medicinali soggetti a prescrizione medica
041763297	041763	IRBESARTAN TEVA	300 MG - COMPRESSA RIVESTITA CON FILM - USO ORALE - BLISTER (PVC/PVDC/ALU)- 28	IRBESARTAN	IRBESARTAN	300	milligrammi	Compressa rivestita con film	C09CA04	TEVA B.V.	Autorizzata	Procedura Centralizzata	Medicinali soggetti a prescrizione medica
041763309	041763	IRBESARTAN TEVA	300 MG - COMPRESSA RIVESTITA CON FILM - USO ORALE - BLISTER (PVC/PVDC/ALU)- 30	IRBESARTAN	IRBESARTAN	300	milligrammi	Compressa rivestita con film	C09CA04	TEVA B.V.	Autorizzata	Procedura Centralizzata	Medicinali soggetti a prescrizione medica
041763311	041763	IRBESARTAN TEVA	300 MG - COMPRESSA RIVESTITA CON FILM - USO ORALE - BLISTER (PVC/PVDC/ALU)- 56	IRBESARTAN	IRBESARTAN	300	milligrammi	Compressa rivestita con film	C09CA04	TEVA B.V.	Autorizzata	Procedura Centralizzata	Medicinali soggetti a prescrizione medica
041763323	041763	IRBESARTAN TEVA	300 MG - COMPRESSA RIVESTITA CON FILM - USO ORALE - BLISTER (PVC/PVDC/ALU)- 60	IRBESARTAN	IRBESARTAN	300	milligrammi	Compressa rivestita con film	C09CA04	TEVA B.V.	Autorizzata	Procedura Centralizzata	Medicinali soggetti a prescrizione medica
041763335	041763	IRBESARTAN TEVA	300 MG - COMPRESSA RIVESTITA CON FILM - USO ORALE - BLISTER (PVC/PVDC/ALU)- 80	IRBESARTAN	IRBESARTAN	300	milligrammi	Compressa rivestita con film	C09CA04	TEVA B.V.	Autorizzata	Procedura Centralizzata	Medicinali soggetti a prescrizione medica
041763347	041763	IRBESARTAN TEVA	300 MG - COMPRESSA RIVESTITA CON FILM - USO ORALE - BLISTER (PVC/PVDC/ALU)- 84	IRBESARTAN	IRBESARTAN	300	milligrammi	Compressa rivestita con film	C09CA04	TEVA B.V.	Autorizzata	Procedura Centralizzata	Medicinali soggetti a prescrizione medica
041763350	041763	IRBESARTAN TEVA	300 MG - COMPRESSA RIVESTITA CON FILM - USO ORALE - BLISTER (PVC/PVDC/ALU)- 90	IRBESARTAN	IRBESARTAN	300	milligrammi	Compressa rivestita con film	C09CA04	TEVA B.V.	Autorizzata	Procedura Centralizzata	Medicinali soggetti a prescrizione medica
041763362	041763	IRBESARTAN TEVA	300 MG - COMPRESSA RIVESTITA CON FILM - USO ORALE - BLISTER (PVC/PVDC/ALU)- 98	IRBESARTAN	IRBESARTAN	300	milligrammi	Compressa rivestita con film	C09CA04	TEVA B.V.	Autorizzata	Procedura Centralizzata	Medicinali soggetti a prescrizione medica
041763374	041763	IRBESARTAN TEVA	300 MG - COMPRESSA RIVESTITA CON FILM - USO ORALE - BLISTER (PVC/PVDC/ALU)- 100	IRBESARTAN	IRBESARTAN	300	milligrammi	Compressa rivestita con film	C09CA04	TEVA B.V.	Autorizzata	Procedura Centralizzata	Medicinali soggetti a prescrizione medica
041763386	041763	IRBESARTAN TEVA	300 MG - COMPRESSA RIVESTITA CON FILM - USO ORALE - BLISTER (PVC/PVDC/ALU)- 50 X 1 (DOSE UNITARIA)	IRBESARTAN	IRBESARTAN	300	milligrammi	Compressa rivestita con film	C09CA04	TEVA B.V.	Autorizzata	Procedura Centralizzata	Medicinali soggetti a prescrizione medica
041763398	041763	IRBESARTAN TEVA	300 MG - COMPRESSA RIVESTITA CON FILM - USO ORALE - BLISTER (PVC/PVDC/ALU)- 56 X 1 (DOSE UNITARIA)	IRBESARTAN	IRBESARTAN	300	milligrammi	Compressa rivestita con film	C09CA04	TEVA B.V.	Autorizzata	Procedura Centralizzata	Medicinali soggetti a prescrizione medica
041763400	041763	IRBESARTAN TEVA	75 MG - COMPRESSA RIVESTITA CON FILM - USO ORALE - BLISTER CALENDARIO (PVC/PVDC/ALU)- 28 COMPRESSE	IRBESARTAN	IRBESARTAN	75	milligrammi	Compressa rivestita con film	C09CA04	TEVA B.V.	Autorizzata	Procedura Centralizzata	Medicinali soggetti a prescrizione medica
041763412	041763	IRBESARTAN TEVA	150 MG - COMPRESSA RIVESTITA CON FILM - USO ORALE - BLISTER CALENDARIO (PVC/PVDC/ALU)- 28 COMPRESSE	IRBESARTAN	IRBESARTAN	150	milligrammi	Compressa rivestita con film	C09CA04	TEVA B.V.	Autorizzata	Procedura Centralizzata	Medicinali soggetti a prescrizione medica
041763424	041763	IRBESARTAN TEVA	300 MG - COMPRESSA RIVESTITA CON FILM - USO ORALE - BLISTER CALENDARIO (PVC/PVDC/ALU)- 28 COMPRESSE	IRBESARTAN	IRBESARTAN	300	milligrammi	Compressa rivestita con film	C09CA04	TEVA B.V.	Autorizzata	Procedura Centralizzata	Medicinali soggetti a prescrizione medica
041870015	041870	IRBESARTAN ACCORD	75 MG COMPRESSE RIVESTITE CON FILM- 8 COMPRESSE IN BLISTER PVC/PVDC/AL	IRBESARTAN	IRBESARTAN	75	milligrammi	Compressa rivestita con film	C09CA04	ACCORD HEALTHCARE, S.L.U.	Autorizzata	Procedura Mutuo riconoscimento o Decentrata	Medicinali soggetti a prescrizione medica
041870027	041870	IRBESARTAN ACCORD	75 MG COMPRESSE RIVESTITE CON FILM- 14 COMPRESSE IN BLISTER PVC/PVDC/AL	IRBESARTAN	IRBESARTAN	75	milligrammi	Compressa rivestita con film	C09CA04	ACCORD HEALTHCARE, S.L.U.	Autorizzata	Procedura Mutuo riconoscimento o Decentrata	Medicinali soggetti a prescrizione medica
041870039	041870	IRBESARTAN ACCORD	75 MG COMPRESSE RIVESTITE CON FILM- 28 COMPRESSE IN BLISTER PVC/PVDC/AL	IRBESARTAN	IRBESARTAN	75	milligrammi	Compressa rivestita con film	C09CA04	ACCORD HEALTHCARE, S.L.U.	Autorizzata	Procedura Mutuo riconoscimento o Decentrata	Medicinali soggetti a prescrizione medica
041870041	041870	IRBESARTAN ACCORD	75 MG COMPRESSE RIVESTITE CON FILM- 56 COMPRESSE IN BLISTER PVC/PVDC/AL	IRBESARTAN	IRBESARTAN	75	milligrammi	Compressa rivestita con film	C09CA04	ACCORD HEALTHCARE, S.L.U.	Autorizzata	Procedura Mutuo riconoscimento o Decentrata	Medicinali soggetti a prescrizione medica
041870054	041870	IRBESARTAN ACCORD	75 MG COMPRESSE RIVESTITE CON FILM- 64 COMPRESSE IN BLISTER PVC/PVDC/AL	IRBESARTAN	IRBESARTAN	75	milligrammi	Compressa rivestita con film	C09CA04	ACCORD HEALTHCARE, S.L.U.	Autorizzata	Procedura Mutuo riconoscimento o Decentrata	Medicinali soggetti a prescrizione medica
041870066	041870	IRBESARTAN ACCORD	75 MG COMPRESSE RIVESTITE CON FILM- 98 COMPRESSE IN BLISTER PVC/PVDC/AL	IRBESARTAN	IRBESARTAN	75	milligrammi	Compressa rivestita con film	C09CA04	ACCORD HEALTHCARE, S.L.U.	Autorizzata	Procedura Mutuo riconoscimento o Decentrata	Medicinali soggetti a prescrizione medica
041870078	041870	IRBESARTAN ACCORD	150 MG COMPRESSE RIVESTITE CON FILM- 8 COMPRESSE IN BLISTER PVC/PVDC/AL	IRBESARTAN	IRBESARTAN	150	milligrammi	Compressa rivestita con film	C09CA04	ACCORD HEALTHCARE, S.L.U.	Autorizzata	Procedura Mutuo riconoscimento o Decentrata	Medicinali soggetti a prescrizione medica
041870080	041870	IRBESARTAN ACCORD	150 MG COMPRESSE RIVESTITE CON FILM- 14 COMPRESSE IN BLISTER PVC/PVDC/AL	IRBESARTAN	IRBESARTAN	150	milligrammi	Compressa rivestita con film	C09CA04	ACCORD HEALTHCARE, S.L.U.	Autorizzata	Procedura Mutuo riconoscimento o Decentrata	Medicinali soggetti a prescrizione medica
041870092	041870	IRBESARTAN ACCORD	150 MG COMPRESSE RIVESTITE CON FILM- 28 COMPRESSE IN BLISTER PVC/PVDC/AL	IRBESARTAN	IRBESARTAN	150	milligrammi	Compressa rivestita con film	C09CA04	ACCORD HEALTHCARE, S.L.U.	Autorizzata	Procedura Mutuo riconoscimento o Decentrata	Medicinali soggetti a prescrizione medica
041870104	041870	IRBESARTAN ACCORD	150 MG COMPRESSE RIVESTITE CON FILM- 56 COMPRESSE IN BLISTER PVC/PVDC/AL	IRBESARTAN	IRBESARTAN	150	milligrammi	Compressa rivestita con film	C09CA04	ACCORD HEALTHCARE, S.L.U.	Autorizzata	Procedura Mutuo riconoscimento o Decentrata	Medicinali soggetti a prescrizione medica
041870116	041870	IRBESARTAN ACCORD	150 MG COMPRESSE RIVESTITE CON FILM- 64 COMPRESSE IN BLISTER PVC/PVDC/AL	IRBESARTAN	IRBESARTAN	150	milligrammi	Compressa rivestita con film	C09CA04	ACCORD HEALTHCARE, S.L.U.	Autorizzata	Procedura Mutuo riconoscimento o Decentrata	Medicinali soggetti a prescrizione medica
041870128	041870	IRBESARTAN ACCORD	150 MG COMPRESSE RIVESTITE CON FILM- 98 COMPRESSE IN BLISTER PVC/PVDC/AL	IRBESARTAN	IRBESARTAN	150	milligrammi	Compressa rivestita con film	C09CA04	ACCORD HEALTHCARE, S.L.U.	Autorizzata	Procedura Mutuo riconoscimento o Decentrata	Medicinali soggetti a prescrizione medica
041870130	041870	IRBESARTAN ACCORD	300 MG COMPRESSE RIVESTITE CON FILM- 8 COMPRESSE IN BLISTER PVC/PVDC/AL	IRBESARTAN	IRBESARTAN	300	milligrammi	Compressa rivestita con film	C09CA04	ACCORD HEALTHCARE, S.L.U.	Autorizzata	Procedura Mutuo riconoscimento o Decentrata	Medicinali soggetti a prescrizione medica
041870142	041870	IRBESARTAN ACCORD	300 MG COMPRESSE RIVESTITE CON FILM- 14 COMPRESSE IN BLISTER PVC/PVDC/AL	IRBESARTAN	IRBESARTAN	300	milligrammi	Compressa rivestita con film	C09CA04	ACCORD HEALTHCARE, S.L.U.	Autorizzata	Procedura Mutuo riconoscimento o Decentrata	Medicinali soggetti a prescrizione medica
041870155	041870	IRBESARTAN ACCORD	300 MG COMPRESSE RIVESTITE CON FILM- 28 COMPRESSE IN BLISTER PVC/PVDC/AL	IRBESARTAN	IRBESARTAN	300	milligrammi	Compressa rivestita con film	C09CA04	ACCORD HEALTHCARE, S.L.U.	Autorizzata	Procedura Mutuo riconoscimento o Decentrata	Medicinali soggetti a prescrizione medica
041870167	041870	IRBESARTAN ACCORD	300 MG COMPRESSE RIVESTITE CON FILM- 56 COMPRESSE IN BLISTER PVC/PVDC/AL	IRBESARTAN	IRBESARTAN	300	milligrammi	Compressa rivestita con film	C09CA04	ACCORD HEALTHCARE, S.L.U.	Autorizzata	Procedura Mutuo riconoscimento o Decentrata	Medicinali soggetti a prescrizione medica
041870179	041870	IRBESARTAN ACCORD	300 MG COMPRESSE RIVESTITE CON FILM- 64 COMPRESSE IN BLISTER PVC/PVDC/AL	IRBESARTAN	IRBESARTAN	300	milligrammi	Compressa rivestita con film	C09CA04	ACCORD HEALTHCARE, S.L.U.	Autorizzata	Procedura Mutuo riconoscimento o Decentrata	Medicinali soggetti a prescrizione medica
041870181	041870	IRBESARTAN ACCORD	300 MG COMPRESSE RIVESTITE CON FILM- 98 COMPRESSE IN BLISTER PVC/PVDC/AL	IRBESARTAN	IRBESARTAN	300	milligrammi	Compressa rivestita con film	C09CA04	ACCORD HEALTHCARE, S.L.U.	Autorizzata	Procedura Mutuo riconoscimento o Decentrata	Medicinali soggetti a prescrizione medica
041870193	041870	IRBESARTAN ACCORD	75 MG COMPRESSE RIVESTITE CON FILM- 30 COMPRESSE IN BLISTER PVC/PVDC/AL	IRBESARTAN	IRBESARTAN	75	milligrammi	Compressa rivestita con film	C09CA04	ACCORD HEALTHCARE, S.L.U.	Autorizzata	Procedura Mutuo riconoscimento o Decentrata	Medicinali soggetti a prescrizione medica
041870205	041870	IRBESARTAN ACCORD	75 MG COMPRESSE RIVESTITE CON FILM- 90 COMPRESSE IN BLISTER PVC/PVDC/AL	IRBESARTAN	IRBESARTAN	75	milligrammi	Compressa rivestita con film	C09CA04	ACCORD HEALTHCARE, S.L.U.	Autorizzata	Procedura Mutuo riconoscimento o Decentrata	Medicinali soggetti a prescrizione medica
041870217	041870	IRBESARTAN ACCORD	150 MG COMPRESSE RIVESTITE CON FILM- 30 COMPRESSE IN BLISTER PVC/PVDC/AL	IRBESARTAN	IRBESARTAN	150	milligrammi	Compressa rivestita con film	C09CA04	ACCORD HEALTHCARE, S.L.U.	Autorizzata	Procedura Mutuo riconoscimento o Decentrata	Medicinali soggetti a prescrizione medica
041870229	041870	IRBESARTAN ACCORD	150 MG COMPRESSE RIVESTITE CON FILM- 90 COMPRESSE IN BLISTER PVC/PVDC/AL	IRBESARTAN	IRBESARTAN	150	milligrammi	Compressa rivestita con film	C09CA04	ACCORD HEALTHCARE, S.L.U.	Autorizzata	Procedura Mutuo riconoscimento o Decentrata	Medicinali soggetti a prescrizione medica
041870231	041870	IRBESARTAN ACCORD	300 MG COMPRESSE RIVESTITE CON FILM- 30 COMPRESSE IN BLISTER PVC/PVDC/AL	IRBESARTAN	IRBESARTAN	300	milligrammi	Compressa rivestita con film	C09CA04	ACCORD HEALTHCARE, S.L.U.	Autorizzata	Procedura Mutuo riconoscimento o Decentrata	Medicinali soggetti a prescrizione medica
041870243	041870	IRBESARTAN ACCORD	300 MG COMPRESSE RIVESTITE CON FILM- 90 COMPRESSE IN BLISTER PVC/PVDC/AL	IRBESARTAN	IRBESARTAN	300	milligrammi	Compressa rivestita con film	C09CA04	ACCORD HEALTHCARE, S.L.U.	Autorizzata	Procedura Mutuo riconoscimento o Decentrata	Medicinali soggetti a prescrizione medica
041888025	041888	IRBETENS	150 MG COMPRESSE RIVESTITE CON FILM- 28 COMPRESSE	IRBESARTAN	IRBESARTAN	150	milligrammi	Compressa rivestita con film	C09CA04	LANOVA FARMACEUTICI S.R.L.	Autorizzata	Procedura Nazionale	Medicinali soggetti a prescrizione medica
041888037	041888	IRBETENS	300 MG COMPRESSE RIVESTITE CON FILM- 28 COMPRESSE	IRBESARTAN	IRBESARTAN	300	milligrammi	Compressa rivestita con film	C09CA04	LANOVA FARMACEUTICI S.R.L.	Autorizzata	Procedura Nazionale	Medicinali soggetti a prescrizione medica
041974015	041974	IRBESARTAN ZENTIVA	75 MG - COMPRESSA - USO ORALE - BLISTER (PVC/PVDC/ALU)- 14 COMPRESSE	IRBESARTAN	IRBESARTAN	75	milligrammi	Compressa	C09CA04	ZENTIVA K.S.	Autorizzata	Procedura Centralizzata	Medicinali soggetti a prescrizione medica
041974027	041974	IRBESARTAN ZENTIVA	75 MG - COMPRESSA - USO ORALE - BLISTER (PVC/PVDC/ALU)- 28 COMPRESSE	IRBESARTAN	IRBESARTAN	75	milligrammi	Compressa	C09CA04	ZENTIVA K.S.	Autorizzata	Procedura Centralizzata	Medicinali soggetti a prescrizione medica
041974039	041974	IRBESARTAN ZENTIVA	75 MG - COMPRESSA - USO ORALE - BLISTER (PVC/PVDC/ALU)- 56 COMPRESSE	IRBESARTAN	IRBESARTAN	75	milligrammi	Compressa	C09CA04	ZENTIVA K.S.	Autorizzata	Procedura Centralizzata	Medicinali soggetti a prescrizione medica
041974041	041974	IRBESARTAN ZENTIVA	75 MG - COMPRESSA - USO ORALE - BLISTER (PVC/PVDC/ALU)- 56 X 1 COMPRESSA	IRBESARTAN	IRBESARTAN	75	milligrammi	Compressa	C09CA04	ZENTIVA K.S.	Autorizzata	Procedura Centralizzata	Medicinali soggetti a prescrizione medica
041974054	041974	IRBESARTAN ZENTIVA	75 MG - COMPRESSA - USO ORALE - BLISTER (PVC/PVDC/ALU)- 98 COMPRESSE	IRBESARTAN	IRBESARTAN	75	milligrammi	Compressa	C09CA04	ZENTIVA K.S.	Autorizzata	Procedura Centralizzata	Medicinali soggetti a prescrizione medica
041974066	041974	IRBESARTAN ZENTIVA	150 MG - COMPRESSA - USO ORALE - BLISTER (PVC/PVDC/ALU)- 14 COMPRESSE	IRBESARTAN	IRBESARTAN	150	milligrammi	Compressa	C09CA04	ZENTIVA K.S.	Autorizzata	Procedura Centralizzata	Medicinali soggetti a prescrizione medica
041974078	041974	IRBESARTAN ZENTIVA	150 MG - COMPRESSA - USO ORALE - BLISTER (PVC/PVDC/ALU)- 28 COMPRESSE	IRBESARTAN	IRBESARTAN	150	milligrammi	Compressa	C09CA04	ZENTIVA K.S.	Autorizzata	Procedura Centralizzata	Medicinali soggetti a prescrizione medica
041974080	041974	IRBESARTAN ZENTIVA	150 MG - COMPRESSA - USO ORALE - BLISTER (PVC/PVDC/ALU)- 56 COMPRESSE	IRBESARTAN	IRBESARTAN	150	milligrammi	Compressa	C09CA04	ZENTIVA K.S.	Autorizzata	Procedura Centralizzata	Medicinali soggetti a prescrizione medica
041974092	041974	IRBESARTAN ZENTIVA	150 MG - COMPRESSA - USO ORALE - BLISTER (PVC/PVDC/ALU)- 56 X 1 COMPRESSA	IRBESARTAN	IRBESARTAN	150	milligrammi	Compressa	C09CA04	ZENTIVA K.S.	Autorizzata	Procedura Centralizzata	Medicinali soggetti a prescrizione medica
041974104	041974	IRBESARTAN ZENTIVA	150 MG - COMPRESSA - USO ORALE - BLISTER (PVC/PVDC/ALU)- 98 COMPRESSE	IRBESARTAN	IRBESARTAN	150	milligrammi	Compressa	C09CA04	ZENTIVA K.S.	Autorizzata	Procedura Centralizzata	Medicinali soggetti a prescrizione medica
041974128	041974	IRBESARTAN ZENTIVA	300 MG - COMPRESSA - USO ORALE - BLISTER (PVC/PVDC/ALU)- 14 COMPRESSE	IRBESARTAN	IRBESARTAN	300	milligrammi	Compressa	C09CA04	ZENTIVA K.S.	Autorizzata	Procedura Centralizzata	Medicinali soggetti a prescrizione medica
041974130	041974	IRBESARTAN ZENTIVA	300 MG - COMPRESSA - USO ORALE - BLISTER (PVC/PVDC/ALU)- 28 COMPRESSE	IRBESARTAN	IRBESARTAN	300	milligrammi	Compressa	C09CA04	ZENTIVA K.S.	Autorizzata	Procedura Centralizzata	Medicinali soggetti a prescrizione medica
041974142	041974	IRBESARTAN ZENTIVA	300 MG - COMPRESSA - USO ORALE - BLISTER (PVC/PVDC/ALU)- 56 COMPRESSE	IRBESARTAN	IRBESARTAN	300	milligrammi	Compressa	C09CA04	ZENTIVA K.S.	Autorizzata	Procedura Centralizzata	Medicinali soggetti a prescrizione medica
041974155	041974	IRBESARTAN ZENTIVA	300 MG - COMPRESSA - USO ORALE - BLISTER (PVC/PVDC/ALU)- 56 X 1 COMPRESSA	IRBESARTAN	IRBESARTAN	300	milligrammi	Compressa	C09CA04	ZENTIVA K.S.	Autorizzata	Procedura Centralizzata	Medicinali soggetti a prescrizione medica
041974167	041974	IRBESARTAN ZENTIVA	300 MG - COMPRESSA - USO ORALE - BLISTER (PVC/PVDC/ALU)- 98 COMPRESSE	IRBESARTAN	IRBESARTAN	300	milligrammi	Compressa	C09CA04	ZENTIVA K.S.	Autorizzata	Procedura Centralizzata	Medicinali soggetti a prescrizione medica
041974179	041974	IRBESARTAN ZENTIVA	75 MG - COMPRESSA RIVESTITA CON FILM - USO ORALE - BLISTER (PVC/PVDC/ALU)- 14 COMPRESSE	IRBESARTAN	IRBESARTAN	75	milligrammi	Compressa rivestita con film	C09CA04	ZENTIVA K.S.	Autorizzata	Procedura Centralizzata	Medicinali soggetti a prescrizione medica
041974181	041974	IRBESARTAN ZENTIVA	75 MG - COMPRESSA RIVESTITA CON FILM - USO ORALE - BLISTER (PVC/PVDC/ALU)- 28 COMPRESSE	IRBESARTAN	IRBESARTAN	75	milligrammi	Compressa rivestita con film	C09CA04	ZENTIVA K.S.	Autorizzata	Procedura Centralizzata	Medicinali soggetti a prescrizione medica
041974193	041974	IRBESARTAN ZENTIVA	75 MG - COMPRESSA RIVESTITA CON FILM - USO ORALE - BLISTER (PVC/PVDC/ALU)- 56 COMPRESSE	IRBESARTAN	IRBESARTAN	75	milligrammi	Compressa rivestita con film	C09CA04	ZENTIVA K.S.	Autorizzata	Procedura Centralizzata	Medicinali soggetti a prescrizione medica
041974205	041974	IRBESARTAN ZENTIVA	75 MG - COMPRESSA RIVESTITA CON FILM - USO ORALE - BLISTER (PVC/PVDC/ALU)- 56 X 1 COMPRESSA	IRBESARTAN	IRBESARTAN	75	milligrammi	Compressa rivestita con film	C09CA04	ZENTIVA K.S.	Autorizzata	Procedura Centralizzata	Medicinali soggetti a prescrizione medica
041974217	041974	IRBESARTAN ZENTIVA	75 MG - COMPRESSA RIVESTITA CON FILM - USO ORALE - BLISTER (PVC/PVDC/ALU)- 84 COMPRESSA	IRBESARTAN	IRBESARTAN	75	milligrammi	Compressa rivestita con film	C09CA04	ZENTIVA K.S.	Autorizzata	Procedura Centralizzata	Medicinali soggetti a prescrizione medica
041974229	041974	IRBESARTAN ZENTIVA	75 MG - COMPRESSA RIVESTITA CON FILM - USO ORALE - BLISTER (PVC/PVDC/ALU)- 98 COMPRESSA	IRBESARTAN	IRBESARTAN	75	milligrammi	Compressa rivestita con film	C09CA04	ZENTIVA K.S.	Autorizzata	Procedura Centralizzata	Medicinali soggetti a prescrizione medica
041974231	041974	IRBESARTAN ZENTIVA	150 MG - COMPRESSA RIVESTITA CON FILM - USO ORALE - BLISTER (PVC/PVDC/ALU)- 14 COMPRESSE	IRBESARTAN	IRBESARTAN	150	milligrammi	Compressa rivestita con film	C09CA04	ZENTIVA K.S.	Autorizzata	Procedura Centralizzata	Medicinali soggetti a prescrizione medica
041974243	041974	IRBESARTAN ZENTIVA	150 MG - COMPRESSA RIVESTITA CON FILM - USO ORALE - BLISTER (PVC/PVDC/ALU)- 28  COMPRESSE	IRBESARTAN	IRBESARTAN	150	milligrammi	Compressa rivestita con film	C09CA04	ZENTIVA K.S.	Autorizzata	Procedura Centralizzata	Medicinali soggetti a prescrizione medica
041974256	041974	IRBESARTAN ZENTIVA	150 MG - COMPRESSA RIVESTITA CON FILM - USO ORALE - BLISTER (PVC/PVDC/ALU)- 56 COMPRESSE	IRBESARTAN	IRBESARTAN	150	milligrammi	Compressa rivestita con film	C09CA04	ZENTIVA K.S.	Autorizzata	Procedura Centralizzata	Medicinali soggetti a prescrizione medica
041974268	041974	IRBESARTAN ZENTIVA	150 MG - COMPRESSA RIVESTITA CON FILM - USO ORALE - BLISTER (PVC/PVDC/ALU)- 56 X 1 COMPRESSA	IRBESARTAN	IRBESARTAN	150	milligrammi	Compressa rivestita con film	C09CA04	ZENTIVA K.S.	Autorizzata	Procedura Centralizzata	Medicinali soggetti a prescrizione medica
041974270	041974	IRBESARTAN ZENTIVA	150 MG - COMPRESSA RIVESTITA CON FILM - USO ORALE - BLISTER (PVC/PVDC/ALU)- 84 COMPRESSE	IRBESARTAN	IRBESARTAN	150	milligrammi	Compressa rivestita con film	C09CA04	ZENTIVA K.S.	Autorizzata	Procedura Centralizzata	Medicinali soggetti a prescrizione medica
041974282	041974	IRBESARTAN ZENTIVA	150 MG - COMPRESSA RIVESTITA CON FILM - USO ORALE - BLISTER (PVC/PVDC/ALU)- 98 COMPRESSE	IRBESARTAN	IRBESARTAN	150	milligrammi	Compressa rivestita con film	C09CA04	ZENTIVA K.S.	Autorizzata	Procedura Centralizzata	Medicinali soggetti a prescrizione medica
041974294	041974	IRBESARTAN ZENTIVA	300 MG - COMPRESSA RIVESTITA CON FILM - USO ORALE - BLISTER (PVC/PVDC/ALU)- 14 COMPRESSE	IRBESARTAN	IRBESARTAN	300	milligrammi	Compressa rivestita con film	C09CA04	ZENTIVA K.S.	Autorizzata	Procedura Centralizzata	Medicinali soggetti a prescrizione medica
041974306	041974	IRBESARTAN ZENTIVA	300 MG - COMPRESSA RIVESTITA CON FILM - USO ORALE - BLISTER (PVC/PVDC/ALU)- 28 COMPRESSE	IRBESARTAN	IRBESARTAN	300	milligrammi	Compressa rivestita con film	C09CA04	ZENTIVA K.S.	Autorizzata	Procedura Centralizzata	Medicinali soggetti a prescrizione medica
041974318	041974	IRBESARTAN ZENTIVA	300 MG - COMPRESSA RIVESTITA CON FILM - USO ORALE - BLISTER (PVC/PVDC/ALU)- 56 COMPRESSE	IRBESARTAN	IRBESARTAN	300	milligrammi	Compressa rivestita con film	C09CA04	ZENTIVA K.S.	Autorizzata	Procedura Centralizzata	Medicinali soggetti a prescrizione medica
041974320	041974	IRBESARTAN ZENTIVA	300 MG - COMPRESSA RIVESTITA CON FILM - USO ORALE - BLISTER (PVC/PVDC/ALU)- 56 X 1 COMPRESSA	IRBESARTAN	IRBESARTAN	300	milligrammi	Compressa rivestita con film	C09CA04	ZENTIVA K.S.	Autorizzata	Procedura Centralizzata	Medicinali soggetti a prescrizione medica
041974332	041974	IRBESARTAN ZENTIVA	300 MG - COMPRESSA RIVESTITA CON FILM - USO ORALE - BLISTER (PVC/PVDC/ALU)- 84 COMPRESSE	IRBESARTAN	IRBESARTAN	300	milligrammi	Compressa rivestita con film	C09CA04	ZENTIVA K.S.	Autorizzata	Procedura Centralizzata	Medicinali soggetti a prescrizione medica
041974344	041974	IRBESARTAN ZENTIVA	300 MG - COMPRESSA RIVESTITA CON FILM - USO ORALE - BLISTER (PVC/PVDC/ALU)- 98 COMPRESSE	IRBESARTAN	IRBESARTAN	300	milligrammi	Compressa rivestita con film	C09CA04	ZENTIVA K.S.	Autorizzata	Procedura Centralizzata	Medicinali soggetti a prescrizione medica
041974357	041974	IRBESARTAN ZENTIVA	75 MG - COMPRESSA RIVESTITA CON FILM - USO ORALE - BLISTER (PVC/PVDC/ALU)- 30 COMPRESSE	IRBESARTAN	IRBESARTAN	75	milligrammi	Compressa rivestita con film	C09CA04	ZENTIVA K.S.	Autorizzata	Procedura Centralizzata	Medicinali soggetti a prescrizione medica
041974369	041974	IRBESARTAN ZENTIVA	75 MG - COMPRESSA RIVESTITA CON FILM - USO ORALE - BLISTER (PVC/PVDC/ALU)- 90 COMPRESSE	IRBESARTAN	IRBESARTAN	75	milligrammi	Compressa rivestita con film	C09CA04	ZENTIVA K.S.	Autorizzata	Procedura Centralizzata	Medicinali soggetti a prescrizione medica
041974371	041974	IRBESARTAN ZENTIVA	150 MG - COMPRESSA RIVESTITA CON FILM - USO ORALE - BLISTER (PVC/PVDC/ALU)- 30 COMPRESSE	IRBESARTAN	IRBESARTAN	150	milligrammi	Compressa rivestita con film	C09CA04	ZENTIVA K.S.	Autorizzata	Procedura Centralizzata	Medicinali soggetti a prescrizione medica
041974383	041974	IRBESARTAN ZENTIVA	150 MG - COMPRESSA RIVESTITA CON FILM - USO ORALE - BLISTER (PVC/PVDC/ALU)- 90 COMPRESSE	IRBESARTAN	IRBESARTAN	150	milligrammi	Compressa rivestita con film	C09CA04	ZENTIVA K.S.	Autorizzata	Procedura Centralizzata	Medicinali soggetti a prescrizione medica
041974395	041974	IRBESARTAN ZENTIVA	300 MG - COMPRESSA RIVESTITA CON FILM - USO ORALE - BLISTER (PVC/PVDC/ALU)- 30 COMPRESSE	IRBESARTAN	IRBESARTAN	300	milligrammi	Compressa rivestita con film	C09CA04	ZENTIVA K.S.	Autorizzata	Procedura Centralizzata	Medicinali soggetti a prescrizione medica
041974407	041974	IRBESARTAN ZENTIVA	300 MG - COMPRESSA RIVESTITA CON FILM - USO ORALE - BLISTER (PVC/PVDC/ALU)- 90 COMPRESSE	IRBESARTAN	IRBESARTAN	300	milligrammi	Compressa rivestita con film	C09CA04	ZENTIVA K.S.	Autorizzata	Procedura Centralizzata	Medicinali soggetti a prescrizione medica
042107019	042107	IRBESARTAN AUROBINDO	150 MG COMPRESSE- 28 COMPRESSE IN BLISTER PVC/PVDC/AL	IRBESARTAN	IRBESARTAN	150	milligrammi	Compressa	C09CA04	AUROBINDO PHARMA (ITALIA) S.R.L.	Autorizzata	Procedura Mutuo riconoscimento o Decentrata	Medicinali soggetti a prescrizione medica
042107021	042107	IRBESARTAN AUROBINDO	150 MG COMPRESSE- 30 COMPRESSE IN FLACONE HDPE	IRBESARTAN	IRBESARTAN	150	milligrammi	Compressa	C09CA04	AUROBINDO PHARMA (ITALIA) S.R.L.	Autorizzata	Procedura Mutuo riconoscimento o Decentrata	Medicinali soggetti a prescrizione medica
042107033	042107	IRBESARTAN AUROBINDO	150 MG COMPRESSE- 500 COMPRESSE IN FLACONE HDPE	IRBESARTAN	IRBESARTAN	150	milligrammi	Compressa	C09CA04	AUROBINDO PHARMA (ITALIA) S.R.L.	Autorizzata	Procedura Mutuo riconoscimento o Decentrata	Medicinali soggetti a prescrizione medica
042107045	042107	IRBESARTAN AUROBINDO	300 MG COMPRESSE- 28 COMPRESSE IN BLISTER PVC/PVDC/AL	IRBESARTAN	IRBESARTAN	300	milligrammi	Compressa	C09CA04	AUROBINDO PHARMA (ITALIA) S.R.L.	Autorizzata	Procedura Mutuo riconoscimento o Decentrata	Medicinali soggetti a prescrizione medica
042107058	042107	IRBESARTAN AUROBINDO	300 MG COMPRESSE- 30 COMPRESSE IN FLACONE HDPE	IRBESARTAN	IRBESARTAN	300	milligrammi	Compressa	C09CA04	AUROBINDO PHARMA (ITALIA) S.R.L.	Autorizzata	Procedura Mutuo riconoscimento o Decentrata	Medicinali soggetti a prescrizione medica
042107060	042107	IRBESARTAN AUROBINDO	300 MG COMPRESSE- 500 COMPRESSE IN FLACONE HDPE	IRBESARTAN	IRBESARTAN	300	milligrammi	Compressa	C09CA04	AUROBINDO PHARMA (ITALIA) S.R.L.	Autorizzata	Procedura Mutuo riconoscimento o Decentrata	Medicinali soggetti a prescrizione medica
042107072	042107	IRBESARTAN AUROBINDO	150 MG COMPRESSE- 250 COMPRESSE IN FLACONE HDPE	IRBESARTAN	IRBESARTAN	150	milligrammi	Compressa	C09CA04	AUROBINDO PHARMA (ITALIA) S.R.L.	Autorizzata	Procedura Mutuo riconoscimento o Decentrata	Medicinali soggetti a prescrizione medica limitativa, utilizzabili esclusivamente in ambiente ospedaliero o in una struttura ad esso assimilabile
042107084	042107	IRBESARTAN AUROBINDO	300 MG COMPRESSE- 250 COMPRESSE IN FLACONE HDPE	IRBESARTAN	IRBESARTAN	300	milligrammi	Compressa	C09CA04	AUROBINDO PHARMA (ITALIA) S.R.L.	Autorizzata	Procedura Mutuo riconoscimento o Decentrata	Medicinali soggetti a prescrizione medica limitativa, utilizzabili esclusivamente in ambiente ospedaliero o in una struttura ad esso assimilabile
042107096	042107	IRBESARTAN AUROBINDO	150 MG COMPRESSE- 90 COMPRESSE IN BLISTER PVC/PVDC/A	IRBESARTAN	IRBESARTAN	150	milligrammi	Compressa	C09CA04	AUROBINDO PHARMA (ITALIA) S.R.L.	Autorizzata	Procedura Mutuo riconoscimento o Decentrata	Medicinali soggetti a prescrizione medica
042107108	042107	IRBESARTAN AUROBINDO	300 MG COMPRESSE- 90 COMPRESSE IN BLISTER PVC/PVDC/A	IRBESARTAN	IRBESARTAN	300	milligrammi	Compressa	C09CA04	AUROBINDO PHARMA (ITALIA) S.R.L.	Autorizzata	Procedura Mutuo riconoscimento o Decentrata	Medicinali soggetti a prescrizione medica
