codice_aic	cod_farmaco	denominazione	descrizione	pa_associati	principio_attivo	quantita	unita_misura	forma	codice_atc	ragione_sociale	stato_amministrativo	tipo_procedura	fornitura
038016010	038016	REVLIMID	5 MG CAPSULA RIGIDA  - USO ORALE- BLISTER (PCTFE/PVC/ALU) 21 CASPULE	LENALIDOMIDE	LENALIDOMIDE	5	milligrammi	Capsula rigida	L04AX04	BRISTOL-MYERS SQUIBB PHARMA EEIG	Autorizzata	Procedura Centralizzata	Medicinali soggetti a prescrizione medica limitativa, da rinnovare volta per volta, vendibili al pubblico su prescrizione di centri ospedalieri o di specialisti
038016022	038016	REVLIMID	10 MG CAPSULA RIGIDA - USO ORALE- BLISTER  (PCTFE/PVC/ALU) 21 CAPSULE	LENALIDOMIDE	LENALIDOMIDE	10	milligrammi	Capsula rigida	L04AX04	BRISTOL-MYERS SQUIBB PHARMA EEIG	Autorizzata	Procedura Centralizzata	Medicinali soggetti a prescrizione medica limitativa, da rinnovare volta per volta, vendibili al pubblico su prescrizione di centri ospedalieri o di specialisti
038016034	038016	REVLIMID	15 MG CAPSULA RIGIDA - USO ORALE- BLISTER  (PCTFE/PVC/ALU) 21 CAPSULE	LENALIDOMIDE	LENALIDOMIDE	15	milligrammi	Capsula rigida	L04AX04	BRISTOL-MYERS SQUIBB PHARMA EEIG	Autorizzata	Procedura Centralizzata	Medicinali soggetti a prescrizione medica limitativa, da rinnovare volta per volta, vendibili al pubblico su prescrizione di centri ospedalieri o di specialisti
038016046	038016	REVLIMID	25 MG CAPSULA RIGIDA - USO ORALE- BLISTER  (PCTFE/PVC/ALU) 21 CAPSULE	LENALIDOMIDE	LENALIDOMIDE	25	milligrammi	Capsula rigida	L04AX04	BRISTOL-MYERS SQUIBB PHARMA EEIG	Autorizzata	Procedura Centralizzata	Medicinali soggetti a prescrizione medica limitativa, da rinnovare volta per volta, vendibili al pubblico su prescrizione di centri ospedalieri o di specialisti
038016059	038016	REVLIMID	2,5 MG - CAPSULA RIGIDA - USO ORALE - BLISTER (PCTFE/PVC/ALLUMINIO) - 21 CAPSULE	LENALIDOMIDE	LENALIDOMIDE	2.5	milligrammi	Capsula rigida	L04AX04	BRISTOL-MYERS SQUIBB PHARMA EEIG	Autorizzata	Procedura Centralizzata	Medicinali soggetti a prescrizione medica limitativa, da rinnovare volta per volta, vendibili al pubblico su prescrizione di centri ospedalieri o di specialisti
038016061	038016	REVLIMID	7,5 MG - CAPSULA RIGIDA - USO ORALE - BLISTER (PCTFE/PVC/ALLUMINIO) - 21 CAPSULE	LENALIDOMIDE	LENALIDOMIDE	7.5	milligrammi	Capsula rigida	L04AX04	BRISTOL-MYERS SQUIBB PHARMA EEIG	Autorizzata	Procedura Centralizzata	Medicinali soggetti a prescrizione medica limitativa, da rinnovare volta per volta, vendibili al pubblico su prescrizione di centri ospedalieri o di specialisti
038016073	038016	REVLIMID	2,5 MG - CAPSULA RIGIDA - USO ORALE - BLISTER (PCTFE/PVC/ALLUMINIO) - 7 CAPSULE	LENALIDOMIDE	LENALIDOMIDE	2.5	milligrammi	Capsula rigida	L04AX04	BRISTOL-MYERS SQUIBB PHARMA EEIG	Autorizzata	Procedura Centralizzata	Medicinali soggetti a prescrizione medica limitativa, da rinnovare volta per volta, vendibili al pubblico su prescrizione di centri ospedalieri o di specialisti
038016085	038016	REVLIMID	5 MG - CAPSULA RIGIDA - USO ORALE - BLISTER (PCTFE/PVC/ALLUMINIO) - 7 CAPSULE	LENALIDOMIDE	LENALIDOMIDE	5	milligrammi	Capsula rigida	L04AX04	BRISTOL-MYERS SQUIBB PHARMA EEIG	Autorizzata	Procedura Centralizzata	Medicinali soggetti a prescrizione medica limitativa, da rinnovare volta per volta, vendibili al pubblico su prescrizione di centri ospedalieri o di specialisti
038016097	038016	REVLIMID	20 MG - CAPSULA RIGIDA- USO ORALE - BLISTER (PCTFE/PVC/ALU)  - 21 CAPSULE	LENALIDOMIDE	LENALIDOMIDE	20	milligrammi	Capsula rigida	L04AX04	BRISTOL-MYERS SQUIBB PHARMA EEIG	Autorizzata	Procedura Centralizzata	Medicinali soggetti a prescrizione medica limitativa, da rinnovare volta per volta, vendibili al pubblico su prescrizione di centri ospedalieri o di specialisti
038016109	038016	REVLIMID	10 MG - CAPSULA RIGIDA - USO ORALE - BLISTER (PCTFE/PVC/ALLUMINIO) - 7 CAPSULE	LENALIDOMIDE	LENALIDOMIDE	10	milligrammi	Capsula rigida	L04AX04	BRISTOL-MYERS SQUIBB PHARMA EEIG	Autorizzata	Procedura Centralizzata	Medicinali soggetti a prescrizione medica limitativa, da rinnovare volta per volta, vendibili al pubblico su prescrizione di centri ospedalieri o di specialisti
038016111	038016	REVLIMID	15 MG - CAPSULA RIGIDA - USO ORALE - BLISTER (PCTFE/PVC/ALLUMINIO) - 7 CAPSULE	LENALIDOMIDE	LENALIDOMIDE	15	milligrammi	Capsula rigida	L04AX04	BRISTOL-MYERS SQUIBB PHARMA EEIG	Autorizzata	Procedura Centralizzata	Medicinali soggetti a prescrizione medica limitativa, da rinnovare volta per volta, vendibili al pubblico su prescrizione di centri ospedalieri o di specialisti
038016123	038016	REVLIMID	7,5 MG - CAPSULA RIGIDA - USO ORALE - BLISTER (PCTFE/PVC/ALLUMINIO) - 7 CAPSULE	LENALIDOMIDE	LENALIDOMIDE	15	milligrammi	Capsula rigida	L04AX04	BRISTOL-MYERS SQUIBB PHARMA EEIG	Autorizzata	Procedura Centralizzata	Medicinali soggetti a prescrizione medica limitativa, da rinnovare volta per volta, vendibili al pubblico su prescrizione di centri ospedalieri o di specialisti
038016135	038016	REVLIMID	20 MG - CAPSULA RIGIDA - USO ORALE - BLISTER (PCTFE/PVC/ALLUMINIO) - 7 CAPSULE	LENALIDOMIDE	LENALIDOMIDE	20	milligrammi	Capsula rigida	L04AX04	BRISTOL-MYERS SQUIBB PHARMA EEIG	Autorizzata	Procedura Centralizzata	Medicinali soggetti a prescrizione medica limitativa, da rinnovare volta per volta, vendibili al pubblico su prescrizione di centri ospedalieri o di specialisti
038016147	038016	REVLIMID	25 MG - CAPSULA RIGIDA - USO ORALE - BLISTER (PCTFE/PVC/ALLUMINIO) - 7 CAPSULE	LENALIDOMIDE	LENALIDOMIDE	25	milligrammi	Capsula rigida	L04AX04	BRISTOL-MYERS SQUIBB PHARMA EEIG	Autorizzata	Procedura Centralizzata	Medicinali soggetti a prescrizione medica limitativa, da rinnovare volta per volta, vendibili al pubblico su prescrizione di centri ospedalieri o di specialisti
045985013	045985	LENALIDOMIDE TEVA	2,5 MG CAPSULE RIGIDE- 7 CAPSULE IN BLISTER OPA/AL/PVC/AL	LENALIDOMIDE	LENALIDOMIDE			Capsula rigida	L04AX04	TEVA B.V.	Autorizzata	Procedura Mutuo riconoscimento o Decentrata	Medicinali soggetti a prescrizione medica limitativa, da rinnovare volta per volta, vendibili al pubblico su prescrizione di centri ospedalieri o di specialisti
045985025	045985	LENALIDOMIDE TEVA	2,5 MG CAPSULE RIGIDE- 7 CAPSULE IN BLISTER OPA/AL/PVC/AL DIVISIBILE PER DOSE UNITARIA	LENALIDOMIDE	LENALIDOMIDE			Capsula rigida	L04AX04	TEVA B.V.	Autorizzata	Procedura Mutuo riconoscimento o Decentrata	Medicinali soggetti a prescrizione medica limitativa, da rinnovare volta per volta, vendibili al pubblico su prescrizione di centri ospedalieri o di specialisti
045985037	045985	LENALIDOMIDE TEVA	2,5 MG CAPSULE RIGIDE- 21 CAPSULE IN BLISTER OPA/AL/PVC/AL	LENALIDOMIDE	LENALIDOMIDE			Capsula rigida	L04AX04	TEVA B.V.	Autorizzata	Procedura Mutuo riconoscimento o Decentrata	Medicinali soggetti a prescrizione medica limitativa, da rinnovare volta per volta, vendibili al pubblico su prescrizione di centri ospedalieri o di specialisti
045985049	045985	LENALIDOMIDE TEVA	2,5 MG CAPSULE RIGIDE- 21 CAPSULE IN BLISTER OPA/AL/PVC/AL DIVISIBILE PER DOSE UNITARIA	LENALIDOMIDE	LENALIDOMIDE			Capsula rigida	L04AX04	TEVA B.V.	Autorizzata	Procedura Mutuo riconoscimento o Decentrata	Medicinali soggetti a prescrizione medica limitativa, da rinnovare volta per volta, vendibili al pubblico su prescrizione di centri ospedalieri o di specialisti
045985052	045985	LENALIDOMIDE TEVA	5 MG CAPSULE RIGIDE- 7 CAPSULE IN BLISTER OPA/AL/PVC/AL	LENALIDOMIDE	LENALIDOMIDE			Capsula rigida	L04AX04	TEVA B.V.	Autorizzata	Procedura Mutuo riconoscimento o Decentrata	Medicinali soggetti a prescrizione medica limitativa, da rinnovare volta per volta, vendibili al pubblico su prescrizione di centri ospedalieri o di specialisti
045985064	045985	LENALIDOMIDE TEVA	5 MG CAPSULE RIGIDE- 7 CAPSULE IN BLISTER OPA/AL/PVC/AL DIVISIBILE PER DOSE UNITARIA	LENALIDOMIDE	LENALIDOMIDE			Capsula rigida	L04AX04	TEVA B.V.	Autorizzata	Procedura Mutuo riconoscimento o Decentrata	Medicinali soggetti a prescrizione medica limitativa, da rinnovare volta per volta, vendibili al pubblico su prescrizione di centri ospedalieri o di specialisti
045985076	045985	LENALIDOMIDE TEVA	5 MG CAPSULE RIGIDE- 21 CAPSULE IN BLISTER OPA/AL/PVC/AL	LENALIDOMIDE	LENALIDOMIDE			Capsula rigida	L04AX04	TEVA B.V.	Autorizzata	Procedura Mutuo riconoscimento o Decentrata	Medicinali soggetti a prescrizione medica limitativa, da rinnovare volta per volta, vendibili al pubblico su prescrizione di centri ospedalieri o di specialisti
045985088	045985	LENALIDOMIDE TEVA	5 MG CAPSULE RIGIDE- 21 CAPSULE IN BLISTER OPA/AL/PVC/AL DIVISIBILE PER DOSE UNITARIA	LENALIDOMIDE	LENALIDOMIDE			Capsula rigida	L04AX04	TEVA B.V.	Autorizzata	Procedura Mutuo riconoscimento o Decentrata	Medicinali soggetti a prescrizione medica limitativa, da rinnovare volta per volta, vendibili al pubblico su prescrizione di centri ospedalieri o di specialisti
045985090	045985	LENALIDOMIDE TEVA	7,5 MG CAPSULE RIGIDE- 21 CAPSULE IN BLISTER OPA/AL/PVC/AL	LENALIDOMIDE	LENALIDOMIDE			Capsula rigida	L04AX04	TEVA B.V.	Autorizzata	Procedura Mutuo riconoscimento o Decentrata	Medicinali soggetti a prescrizione medica limitativa, da rinnovare volta per volta, vendibili al pubblico su prescrizione di centri ospedalieri o di specialisti
045985102	045985	LENALIDOMIDE TEVA	7,5 MG CAPSULE RIGIDE- 21 CAPSULE IN BLISTER OPA/AL/PVC/AL DIVISIBILE PER DOSE UNITARIA	LENALIDOMIDE	LENALIDOMIDE			Capsula rigida	L04AX04	TEVA B.V.	Autorizzata	Procedura Mutuo riconoscimento o Decentrata	Medicinali soggetti a prescrizione medica limitativa, da rinnovare volta per volta, vendibili al pubblico su prescrizione di centri ospedalieri o di specialisti
045985114	045985	LENALIDOMIDE TEVA	10 MG CAPSULE RIGIDE- 7 CAPSULE IN BLISTER OPA/AL/PVC/AL	LENALIDOMIDE	LENALIDOMIDE			Capsula rigida	L04AX04	TEVA B.V.	Autorizzata	Procedura Mutuo riconoscimento o Decentrata	Medicinali soggetti a prescrizione medica limitativa, da rinnovare volta per volta, vendibili al pubblico su prescrizione di centri ospedalieri o di specialisti
045985126	045985	LENALIDOMIDE TEVA	10 MG CAPSULE RIGIDE- 7 CAPSULE IN BLISTER OPA/AL/PVC/AL DIVISIBILE PER DOSE UNITARIA	LENALIDOMIDE	LENALIDOMIDE			Capsula rigida	L04AX04	TEVA B.V.	Autorizzata	Procedura Mutuo riconoscimento o Decentrata	Medicinali soggetti a prescrizione medica limitativa, da rinnovare volta per volta, vendibili al pubblico su prescrizione di centri ospedalieri o di specialisti
045985138	045985	LENALIDOMIDE TEVA	10 MG CAPSULE RIGIDE- 21 CAPSULE IN BLISTER OPA/AL/PVC/AL	LENALIDOMIDE	LENALIDOMIDE			Capsula rigida	L04AX04	TEVA B.V.	Autorizzata	Procedura Mutuo riconoscimento o Decentrata	Medicinali soggetti a prescrizione medica limitativa, da rinnovare volta per volta, vendibili al pubblico su prescrizione di centri ospedalieri o di specialisti
045985140	045985	LENALIDOMIDE TEVA	10 MG CAPSULE RIGIDE- 21 CAPSULE IN BLISTER OPA/AL/PVC/AL DIVISIBILE PER DOSE UNITARIA	LENALIDOMIDE	LENALIDOMIDE			Capsula rigida	L04AX04	TEVA B.V.	Autorizzata	Procedura Mutuo riconoscimento o Decentrata	Medicinali soggetti a prescrizione medica limitativa, da rinnovare volta per volta, vendibili al pubblico su prescrizione di centri ospedalieri o di specialisti
045985153	045985	LENALIDOMIDE TEVA	15 MG CAPSULE RIGIDE- 7 CAPSULE IN BLISTER OPA/AL/PVC/AL	LENALIDOMIDE	LENALIDOMIDE			Capsula rigida	L04AX04	TEVA B.V.	Autorizzata	Procedura Mutuo riconoscimento o Decentrata	Medicinali soggetti a prescrizione medica limitativa, da rinnovare volta per volta, vendibili al pubblico su prescrizione di centri ospedalieri o di specialisti
045985165	045985	LENALIDOMIDE TEVA	15 MG CAPSULE RIGIDE- 7 CAPSULE IN BLISTER OPA/AL/PVC/AL DIVISIBILE PER DOSE UNITARIA	LENALIDOMIDE	LENALIDOMIDE			Capsula rigida	L04AX04	TEVA B.V.	Autorizzata	Procedura Mutuo riconoscimento o Decentrata	Medicinali soggetti a prescrizione medica limitativa, da rinnovare volta per volta, vendibili al pubblico su prescrizione di centri ospedalieri o di specialisti
045985177	045985	LENALIDOMIDE TEVA	15 MG CAPSULE RIGIDE- 21 CAPSULE IN BLISTER OPA/AL/PVC/AL	LENALIDOMIDE	LENALIDOMIDE			Capsula rigida	L04AX04	TEVA B.V.	Autorizzata	Procedura Mutuo riconoscimento o Decentrata	Medicinali soggetti a prescrizione medica limitativa, da rinnovare volta per volta, vendibili al pubblico su prescrizione di centri ospedalieri o di specialisti
045985189	045985	LENALIDOMIDE TEVA	15 MG CAPSULE RIGIDE- 21 CAPSULE IN BLISTER OPA/AL/PVC/AL DIVISIBILE PER DOSE UNITARIA	LENALIDOMIDE	LENALIDOMIDE			Capsula rigida	L04AX04	TEVA B.V.	Autorizzata	Procedura Mutuo riconoscimento o Decentrata	Medicinali soggetti a prescrizione medica limitativa, da rinnovare volta per volta, vendibili al pubblico su prescrizione di centri ospedalieri o di specialisti
045985191	045985	LENALIDOMIDE TEVA	20 MG CAPSULE RIGIDE- 21 CAPSULE IN BLISTER OPA/AL/PVC/AL	LENALIDOMIDE	LENALIDOMIDE			Capsula rigida	L04AX04	TEVA B.V.	Autorizzata	Procedura Mutuo riconoscimento o Decentrata	Medicinali soggetti a prescrizione medica limitativa, da rinnovare volta per volta, vendibili al pubblico su prescrizione di centri ospedalieri o di specialisti
045985203	045985	LENALIDOMIDE TEVA	20 MG CAPSULE RIGIDE- 21 CAPSULE IN BLISTER OPA/AL/PVC/AL DIVISIBILE PER DOSE UNITARIA	LENALIDOMIDE	LENALIDOMIDE			Capsula rigida	L04AX04	TEVA B.V.	Autorizzata	Procedura Mutuo riconoscimento o Decentrata	Medicinali soggetti a prescrizione medica limitativa, da rinnovare volta per volta, vendibili al pubblico su prescrizione di centri ospedalieri o di specialisti
045985215	045985	LENALIDOMIDE TEVA	25 MG CAPSULE RIGIDE- 21 CAPSULE IN BLISTER OPA/AL/PVC/AL	LENALIDOMIDE	LENALIDOMIDE			Capsula rigida	L04AX04	TEVA B.V.	Autorizzata	Procedura Mutuo riconoscimento o Decentrata	Medicinali soggetti a prescrizione medica limitativa, da rinnovare volta per volta, vendibili al pubblico su prescrizione di centri ospedalieri o di specialisti
045985227	045985	LENALIDOMIDE TEVA	25 MG CAPSULE RIGIDE- 21 CAPSULE IN BLISTER OPA/AL/PVC/AL DIVISIBILE PER DOSE UNITARIA	LENALIDOMIDE	LENALIDOMIDE			Capsula rigida	L04AX04	TEVA B.V.	Autorizzata	Procedura Mutuo riconoscimento o Decentrata	Medicinali soggetti a prescrizione medica limitativa, da rinnovare volta per volta, vendibili al pubblico su prescrizione di centri ospedalieri o di specialisti
045985239	045985	LENALIDOMIDE TEVA	25 MG CAPSULE RIGIDE- 7 CAPSULE IN BLISTER OPA/AL/PVC/AL	LENALIDOMIDE	LENALIDOMIDE			Capsula rigida	L04AX04	TEVA B.V.	Autorizzata	Procedura Mutuo riconoscimento o Decentrata	Medicinali soggetti a prescrizione medica limitativa, da rinnovare volta per volta, vendibili al pubblico su prescrizione di centri ospedalieri o di specialisti
045985241	045985	LENALIDOMIDE TEVA	25 MG CAPSULE RIGIDE- 7X1 CAPSULE IN BLISTER DIVISIBILE PER DOSE UNITARIA IN OPA/AL/PVC/AL	LENALIDOMIDE	LENALIDOMIDE			Capsula rigida	L04AX04	TEVA B.V.	Autorizzata	Procedura Mutuo riconoscimento o Decentrata	Medicinali soggetti a prescrizione medica limitativa, da rinnovare volta per volta, vendibili al pubblico su prescrizione di centri ospedalieri o di specialisti
045985292	045985	LENALIDOMIDE TEVA	2,5 MG CAPSULE RIGIDE- 63 CAPSULE IN BLISTER OPA/AL/PVC/AL	LENALIDOMIDE	LENALIDOMIDE			Capsula rigida	L04AX04	TEVA B.V.	Autorizzata	Procedura Mutuo riconoscimento o Decentrata	Medicinali soggetti a prescrizione medica limitativa, da rinnovare volta per volta, vendibili al pubblico su prescrizione di centri ospedalieri o di specialisti
045985304	045985	LENALIDOMIDE TEVA	2,5 MG CAPSULE RIGIDE- 63 X 1 CAPSULE IN BLISTER DIVISIBILE PER DOSE UNITARIA IN OPA/AL/PVC/AL	LENALIDOMIDE	LENALIDOMIDE			Capsula rigida	L04AX04	TEVA B.V.	Autorizzata	Procedura Mutuo riconoscimento o Decentrata	Medicinali soggetti a prescrizione medica limitativa, da rinnovare volta per volta, vendibili al pubblico su prescrizione di centri ospedalieri o di specialisti
045985316	045985	LENALIDOMIDE TEVA	5 MG CAPSULE RIGIDE- 63 CAPSULE IN BLISTER OPA/AL/PVC/AL	LENALIDOMIDE	LENALIDOMIDE			Capsula rigida	L04AX04	TEVA B.V.	Autorizzata	Procedura Mutuo riconoscimento o Decentrata	Medicinali soggetti a prescrizione medica limitativa, da rinnovare volta per volta, vendibili al pubblico su prescrizione di centri ospedalieri o di specialisti
045985328	045985	LENALIDOMIDE TEVA	5 MG CAPSULE RIGIDE- 63 X 1 CAPSULE IN BLISTER DIVISIBILE PER DOSE UNITARIA IN OPA/AL/PVC/AL	LENALIDOMIDE	LENALIDOMIDE			Capsula rigida	L04AX04	TEVA B.V.	Autorizzata	Procedura Mutuo riconoscimento o Decentrata	Medicinali soggetti a prescrizione medica limitativa, da rinnovare volta per volta, vendibili al pubblico su prescrizione di centri ospedalieri o di specialisti
045985330	045985	LENALIDOMIDE TEVA	7,5 MG CAPSULE RIGIDE- 63 CAPSULE IN BLISTER OPA/AL/PVC/AL	LENALIDOMIDE	LENALIDOMIDE			Capsula rigida	L04AX04	TEVA B.V.	Autorizzata	Procedura Mutuo riconoscimento o Decentrata	Medicinali soggetti a prescrizione medica limitativa, da rinnovare volta per volta, vendibili al pubblico su prescrizione di centri ospedalieri o di specialisti
045985342	045985	LENALIDOMIDE TEVA	7,5 MG CAPSULE RIGIDE- 63 X 1 CAPSULE IN BLISTER DIVISIBILE PER DOSE UNITARIA IN OPA/AL/PVC/AL	LENALIDOMIDE	LENALIDOMIDE			Capsula rigida	L04AX04	TEVA B.V.	Autorizzata	Procedura Mutuo riconoscimento o Decentrata	Medicinali soggetti a prescrizione medica limitativa, da rinnovare volta per volta, vendibili al pubblico su prescrizione di centri ospedalieri o di specialisti
045985355	045985	LENALIDOMIDE TEVA	10 MG CAPSULE RIGIDE- 63 CAPSULE IN BLISTER OPA/AL/PVC/AL	LENALIDOMIDE	LENALIDOMIDE			Capsula rigida	L04AX04	TEVA B.V.	Autorizzata	Procedura Mutuo riconoscimento o Decentrata	Medicinali soggetti a prescrizione medica limitativa, da rinnovare volta per volta, vendibili al pubblico su prescrizione di centri ospedalieri o di specialisti
045985367	045985	LENALIDOMIDE TEVA	10 MG CAPSULE RIGIDE-  63 X 1 CAPSULE IN BLISTER DIVISIBILE PER DOSE UNITARIA IN OPA/AL/PVC/AL	LENALIDOMIDE	LENALIDOMIDE			Capsula rigida	L04AX04	TEVA B.V.	Autorizzata	Procedura Mutuo riconoscimento o Decentrata	Medicinali soggetti a prescrizione medica limitativa, da rinnovare volta per volta, vendibili al pubblico su prescrizione di centri ospedalieri o di specialisti
045985379	045985	LENALIDOMIDE TEVA	15 MG CAPSULE RIGIDE-  63 CAPSULE IN BLISTER OPA/AL/PVC/AL	LENALIDOMIDE	LENALIDOMIDE			Capsula rigida	L04AX04	TEVA B.V.	Autorizzata	Procedura Mutuo riconoscimento o Decentrata	Medicinali soggetti a prescrizione medica limitativa, da rinnovare volta per volta, vendibili al pubblico su prescrizione di centri ospedalieri o di specialisti
045985381	045985	LENALIDOMIDE TEVA	15 MG CAPSULE RIGIDE-   63 X 1 CAPSULE IN BLISTER DIVISIBILE PER DOSE UNITARIA IN OPA/AL/PVC/AL	LENALIDOMIDE	LENALIDOMIDE			Capsula rigida	L04AX04	TEVA B.V.	Autorizzata	Procedura Mutuo riconoscimento o Decentrata	Medicinali soggetti a prescrizione medica limitativa, da rinnovare volta per volta, vendibili al pubblico su prescrizione di centri ospedalieri o di specialisti
045985393	045985	LENALIDOMIDE TEVA	20 MG CAPSULE RIGIDE-   63 CAPSULE IN BLISTER OPA/AL/PVC/AL	LENALIDOMIDE	LENALIDOMIDE			Capsula rigida	L04AX04	TEVA B.V.	Autorizzata	Procedura Mutuo riconoscimento o Decentrata	Medicinali soggetti a prescrizione medica limitativa, da rinnovare volta per volta, vendibili al pubblico su prescrizione di centri ospedalieri o di specialisti
045985405	045985	LENALIDOMIDE TEVA	20 MG CAPSULE RIGIDE- 63 X 1 CAPSULE IN BLISTER DIVISIBILE PER DOSE UNITARIA IN OPA/AL/PVC/AL	LENALIDOMIDE	LENALIDOMIDE			Capsula rigida	L04AX04	TEVA B.V.	Autorizzata	Procedura Mutuo riconoscimento o Decentrata	Medicinali soggetti a prescrizione medica limitativa, da rinnovare volta per volta, vendibili al pubblico su prescrizione di centri ospedalieri o di specialisti
045985417	045985	LENALIDOMIDE TEVA	25 MG CAPSULE RIGIDE- 63 CAPSULE IN BLISTER OPA/AL/PVC/AL	LENALIDOMIDE	LENALIDOMIDE			Capsula rigida	L04AX04	TEVA B.V.	Autorizzata	Procedura Mutuo riconoscimento o Decentrata	Medicinali soggetti a prescrizione medica limitativa, da rinnovare volta per volta, vendibili al pubblico su prescrizione di centri ospedalieri o di specialisti
045985429	045985	LENALIDOMIDE TEVA	25 MG CAPSULE RIGIDE- 63 X 1 CAPSULE IN BLISTER DIVISIBILE PER DOSE UNITARIA IN OPA/AL/PVC/AL	LENALIDOMIDE	LENALIDOMIDE			Capsula rigida	L04AX04	TEVA B.V.	Autorizzata	Procedura Mutuo riconoscimento o Decentrata	Medicinali soggetti a prescrizione medica limitativa, da rinnovare volta per volta, vendibili al pubblico su prescrizione di centri ospedalieri o di specialisti
045986015	045986	LENALIDOMIDE SANDOZ	2,5 MG CAPSULE RIGIDE- 7 CAPSULE IN BLISTER OPA/AL/PVC/AL	LENALIDOMIDE	LENALIDOMIDE			Capsula rigida	L04AX04	SANDOZ S.P.A.	Autorizzata	Procedura Mutuo riconoscimento o Decentrata	Medicinali soggetti a prescrizione medica limitativa, da rinnovare volta per volta, vendibili al pubblico su prescrizione di centri ospedalieri o di specialisti
045986027	045986	LENALIDOMIDE SANDOZ	2,5 MG CAPSULE RIGIDE- 14 CAPSULE IN BLISTER OPA/AL/PVC/AL	LENALIDOMIDE	LENALIDOMIDE			Capsula rigida	L04AX04	SANDOZ S.P.A.	Autorizzata	Procedura Mutuo riconoscimento o Decentrata	Medicinali soggetti a prescrizione medica limitativa, da rinnovare volta per volta, vendibili al pubblico su prescrizione di centri ospedalieri o di specialisti
045986039	045986	LENALIDOMIDE SANDOZ	2,5 MG CAPSULE RIGIDE- 21 CAPSULE IN BLISTER OPA/AL/PVC/AL	LENALIDOMIDE	LENALIDOMIDE			Capsula rigida	L04AX04	SANDOZ S.P.A.	Autorizzata	Procedura Mutuo riconoscimento o Decentrata	Medicinali soggetti a prescrizione medica limitativa, da rinnovare volta per volta, vendibili al pubblico su prescrizione di centri ospedalieri o di specialisti
045986041	045986	LENALIDOMIDE SANDOZ	2,5 MG CAPSULE RIGIDE- 28 CAPSULE IN BLISTER OPA/AL/PVC/AL	LENALIDOMIDE	LENALIDOMIDE			Capsula rigida	L04AX04	SANDOZ S.P.A.	Autorizzata	Procedura Mutuo riconoscimento o Decentrata	Medicinali soggetti a prescrizione medica limitativa, da rinnovare volta per volta, vendibili al pubblico su prescrizione di centri ospedalieri o di specialisti
045986054	045986	LENALIDOMIDE SANDOZ	2,5 MG CAPSULE RIGIDE- 42 CAPSULE IN BLISTER OPA/AL/PVC/AL	LENALIDOMIDE	LENALIDOMIDE			Capsula rigida	L04AX04	SANDOZ S.P.A.	Autorizzata	Procedura Mutuo riconoscimento o Decentrata	Medicinali soggetti a prescrizione medica limitativa, da rinnovare volta per volta, vendibili al pubblico su prescrizione di centri ospedalieri o di specialisti
045986066	045986	LENALIDOMIDE SANDOZ	5 MG CAPSULE RIGIDE- 7 CAPSULE IN BLISTER OPA/AL/PVC/AL	LENALIDOMIDE	LENALIDOMIDE			Capsula rigida	L04AX04	SANDOZ S.P.A.	Autorizzata	Procedura Mutuo riconoscimento o Decentrata	Medicinali soggetti a prescrizione medica limitativa, da rinnovare volta per volta, vendibili al pubblico su prescrizione di centri ospedalieri o di specialisti
045986078	045986	LENALIDOMIDE SANDOZ	5 MG CAPSULE RIGIDE- 14 CAPSULE IN BLISTER OPA/AL/PVC/AL	LENALIDOMIDE	LENALIDOMIDE			Capsula rigida	L04AX04	SANDOZ S.P.A.	Autorizzata	Procedura Mutuo riconoscimento o Decentrata	Medicinali soggetti a prescrizione medica limitativa, da rinnovare volta per volta, vendibili al pubblico su prescrizione di centri ospedalieri o di specialisti
045986080	045986	LENALIDOMIDE SANDOZ	5 MG CAPSULE RIGIDE- 21 CAPSULE IN BLISTER OPA/AL/PVC/AL	LENALIDOMIDE	LENALIDOMIDE			Capsula rigida	L04AX04	SANDOZ S.P.A.	Autorizzata	Procedura Mutuo riconoscimento o Decentrata	Medicinali soggetti a prescrizione medica limitativa, da rinnovare volta per volta, vendibili al pubblico su prescrizione di centri ospedalieri o di specialisti
045986092	045986	LENALIDOMIDE SANDOZ	5 MG CAPSULE RIGIDE- 28 CAPSULE IN BLISTER OPA/AL/PVC/AL	LENALIDOMIDE	LENALIDOMIDE			Capsula rigida	L04AX04	SANDOZ S.P.A.	Autorizzata	Procedura Mutuo riconoscimento o Decentrata	Medicinali soggetti a prescrizione medica limitativa, da rinnovare volta per volta, vendibili al pubblico su prescrizione di centri ospedalieri o di specialisti
045986104	045986	LENALIDOMIDE SANDOZ	5 MG CAPSULE RIGIDE- 42 CAPSULE IN BLISTER OPA/AL/PVC/AL	LENALIDOMIDE	LENALIDOMIDE			Capsula rigida	L04AX04	SANDOZ S.P.A.	Autorizzata	Procedura Mutuo riconoscimento o Decentrata	Medicinali soggetti a prescrizione medica limitativa, da rinnovare volta per volta, vendibili al pubblico su prescrizione di centri ospedalieri o di specialisti
045986116	045986	LENALIDOMIDE SANDOZ	10 MG CAPSULE RIGIDE- 7 CAPSULE IN BLISTER OPA/AL/PVC/AL	LENALIDOMIDE	LENALIDOMIDE			Capsula rigida	L04AX04	SANDOZ S.P.A.	Autorizzata	Procedura Mutuo riconoscimento o Decentrata	Medicinali soggetti a prescrizione medica limitativa, da rinnovare volta per volta, vendibili al pubblico su prescrizione di centri ospedalieri o di specialisti
045986128	045986	LENALIDOMIDE SANDOZ	10 MG CAPSULE RIGIDE- 14 CAPSULE IN BLISTER OPA/AL/PVC/AL	LENALIDOMIDE	LENALIDOMIDE			Capsula rigida	L04AX04	SANDOZ S.P.A.	Autorizzata	Procedura Mutuo riconoscimento o Decentrata	Medicinali soggetti a prescrizione medica limitativa, da rinnovare volta per volta, vendibili al pubblico su prescrizione di centri ospedalieri o di specialisti
045986130	045986	LENALIDOMIDE SANDOZ	10 MG CAPSULE RIGIDE- 21 CAPSULE IN BLISTER OPA/AL/PVC/AL	LENALIDOMIDE	LENALIDOMIDE			Capsula rigida	L04AX04	SANDOZ S.P.A.	Autorizzata	Procedura Mutuo riconoscimento o Decentrata	Medicinali soggetti a prescrizione medica limitativa, da rinnovare volta per volta, vendibili al pubblico su prescrizione di centri ospedalieri o di specialisti
045986142	045986	LENALIDOMIDE SANDOZ	10 MG CAPSULE RIGIDE- 28 CAPSULE IN BLISTER OPA/AL/PVC/AL	LENALIDOMIDE	LENALIDOMIDE			Capsula rigida	L04AX04	SANDOZ S.P.A.	Autorizzata	Procedura Mutuo riconoscimento o Decentrata	Medicinali soggetti a prescrizione medica limitativa, da rinnovare volta per volta, vendibili al pubblico su prescrizione di centri ospedalieri o di specialisti
045986155	045986	LENALIDOMIDE SANDOZ	10 MG CAPSULE RIGIDE- 42 CAPSULE IN BLISTER OPA/AL/PVC/AL	LENALIDOMIDE	LENALIDOMIDE			Capsula rigida	L04AX04	SANDOZ S.P.A.	Autorizzata	Procedura Mutuo riconoscimento o Decentrata	Medicinali soggetti a prescrizione medica limitativa, da rinnovare volta per volta, vendibili al pubblico su prescrizione di centri ospedalieri o di specialisti
045986167	045986	LENALIDOMIDE SANDOZ	15 MG CAPSULE RIGIDE- 7 CAPSULE IN BLISTER OPA/AL/PVC/AL	LENALIDOMIDE	LENALIDOMIDE			Capsula rigida	L04AX04	SANDOZ S.P.A.	Autorizzata	Procedura Mutuo riconoscimento o Decentrata	Medicinali soggetti a prescrizione medica limitativa, da rinnovare volta per volta, vendibili al pubblico su prescrizione di centri ospedalieri o di specialisti
045986179	045986	LENALIDOMIDE SANDOZ	15 MG CAPSULE RIGIDE- 14 CAPSULE IN BLISTER OPA/AL/PVC/AL	LENALIDOMIDE	LENALIDOMIDE			Capsula rigida	L04AX04	SANDOZ S.P.A.	Autorizzata	Procedura Mutuo riconoscimento o Decentrata	Medicinali soggetti a prescrizione medica limitativa, da rinnovare volta per volta, vendibili al pubblico su prescrizione di centri ospedalieri o di specialisti
045986181	045986	LENALIDOMIDE SANDOZ	15 MG CAPSULE RIGIDE- 21 CAPSULE IN BLISTER OPA/AL/PVC/AL	LENALIDOMIDE	LENALIDOMIDE			Capsula rigida	L04AX04	SANDOZ S.P.A.	Autorizzata	Procedura Mutuo riconoscimento o Decentrata	Medicinali soggetti a prescrizione medica limitativa, da rinnovare volta per volta, vendibili al pubblico su prescrizione di centri ospedalieri o di specialisti
045986193	045986	LENALIDOMIDE SANDOZ	15 MG CAPSULE RIGIDE- 28 CAPSULE IN BLISTER OPA/AL/PVC/AL	LENALIDOMIDE	LENALIDOMIDE			Capsula rigida	L04AX04	SANDOZ S.P.A.	Autorizzata	Procedura Mutuo riconoscimento o Decentrata	Medicinali soggetti a prescrizione medica limitativa, da rinnovare volta per volta, vendibili al pubblico su prescrizione di centri ospedalieri o di specialisti
045986205	045986	LENALIDOMIDE SANDOZ	15 MG CAPSULE RIGIDE- 42 CAPSULE IN BLISTER OPA/AL/PVC/AL	LENALIDOMIDE	LENALIDOMIDE			Capsula rigida	L04AX04	SANDOZ S.P.A.	Autorizzata	Procedura Mutuo riconoscimento o Decentrata	Medicinali soggetti a prescrizione medica limitativa, da rinnovare volta per volta, vendibili al pubblico su prescrizione di centri ospedalieri o di specialisti
045986217	045986	LENALIDOMIDE SANDOZ	25 MG CAPSULE RIGIDE- 7 CAPSULE IN BLISTER OPA/AL/PVC/AL	LENALIDOMIDE	LENALIDOMIDE			Capsula rigida	L04AX04	SANDOZ S.P.A.	Autorizzata	Procedura Mutuo riconoscimento o Decentrata	Medicinali soggetti a prescrizione medica limitativa, da rinnovare volta per volta, vendibili al pubblico su prescrizione di centri ospedalieri o di specialisti
045986229	045986	LENALIDOMIDE SANDOZ	25 MG CAPSULE RIGIDE- 14 CAPSULE IN BLISTER OPA/AL/PVC/AL	LENALIDOMIDE	LENALIDOMIDE			Capsula rigida	L04AX04	SANDOZ S.P.A.	Autorizzata	Procedura Mutuo riconoscimento o Decentrata	Medicinali soggetti a prescrizione medica limitativa, da rinnovare volta per volta, vendibili al pubblico su prescrizione di centri ospedalieri o di specialisti
045986231	045986	LENALIDOMIDE SANDOZ	25 MG CAPSULE RIGIDE- 21 CAPSULE IN BLISTER OPA/AL/PVC/AL	LENALIDOMIDE	LENALIDOMIDE			Capsula rigida	L04AX04	SANDOZ S.P.A.	Autorizzata	Procedura Mutuo riconoscimento o Decentrata	Medicinali soggetti a prescrizione medica limitativa, da rinnovare volta per volta, vendibili al pubblico su prescrizione di centri ospedalieri o di specialisti
045986243	045986	LENALIDOMIDE SANDOZ	25 MG CAPSULE RIGIDE- 28 CAPSULE IN BLISTER OPA/AL/PVC/AL	LENALIDOMIDE	LENALIDOMIDE			Capsula rigida	L04AX04	SANDOZ S.P.A.	Autorizzata	Procedura Mutuo riconoscimento o Decentrata	Medicinali soggetti a prescrizione medica limitativa, da rinnovare volta per volta, vendibili al pubblico su prescrizione di centri ospedalieri o di specialisti
045986256	045986	LENALIDOMIDE SANDOZ	25 MG CAPSULE RIGIDE- 42 CAPSULE IN BLISTER OPA/AL/PVC/AL	LENALIDOMIDE	LENALIDOMIDE			Capsula rigida	L04AX04	SANDOZ S.P.A.	Autorizzata	Procedura Mutuo riconoscimento o Decentrata	Medicinali soggetti a prescrizione medica limitativa, da rinnovare volta per volta, vendibili al pubblico su prescrizione di centri ospedalieri o di specialisti
045986268	045986	LENALIDOMIDE SANDOZ	2,5 MG CAPSULE RIGIDE- 14 CAPSULE IN BLISTER OPA/AL/PVC/AL CON CALENDARIO	LENALIDOMIDE	LENALIDOMIDE	2.5	milligrammi	Capsula rigida	L04AX04	SANDOZ S.P.A.	Autorizzata	Procedura Mutuo riconoscimento o Decentrata	Medicinali soggetti a prescrizione medica limitativa, da rinnovare volta per volta, vendibili al pubblico su prescrizione di centri ospedalieri o di specialisti
045986270	045986	LENALIDOMIDE SANDOZ	2,5 MG CAPSULE RIGIDE- 21 CAPSULE IN BLISTER OPA/AL/PVC/AL CON CALENDARIO	LENALIDOMIDE	LENALIDOMIDE	2.5	milligrammi	Capsula rigida	L04AX04	SANDOZ S.P.A.	Autorizzata	Procedura Mutuo riconoscimento o Decentrata	Medicinali soggetti a prescrizione medica limitativa, da rinnovare volta per volta, vendibili al pubblico su prescrizione di centri ospedalieri o di specialisti
045986282	045986	LENALIDOMIDE SANDOZ	2,5 MG CAPSULE RIGIDE- 28 CAPSULE IN BLISTER OPA/AL/PVC/AL CON CALENDARIO	LENALIDOMIDE	LENALIDOMIDE	2.5	milligrammi	Capsula rigida	L04AX04	SANDOZ S.P.A.	Autorizzata	Procedura Mutuo riconoscimento o Decentrata	Medicinali soggetti a prescrizione medica limitativa, da rinnovare volta per volta, vendibili al pubblico su prescrizione di centri ospedalieri o di specialisti
045986294	045986	LENALIDOMIDE SANDOZ	2,5 MG CAPSULE RIGIDE- 42 CAPSULE IN BLISTER OPA/AL/PVC/AL CON CALENDARIO	LENALIDOMIDE	LENALIDOMIDE	2.5	milligrammi	Capsula rigida	L04AX04	SANDOZ S.P.A.	Autorizzata	Procedura Mutuo riconoscimento o Decentrata	Medicinali soggetti a prescrizione medica limitativa, da rinnovare volta per volta, vendibili al pubblico su prescrizione di centri ospedalieri o di specialisti
045986306	045986	LENALIDOMIDE SANDOZ	2,5 MG CAPSULE RIGIDE- 7X1 CAPSULE IN BLISTER DIVISIBILE PER DOSE UNITARIA OPA/AL/PVC/AL	LENALIDOMIDE	LENALIDOMIDE	2.5	milligrammi	Capsula rigida	L04AX04	SANDOZ S.P.A.	Autorizzata	Procedura Mutuo riconoscimento o Decentrata	Medicinali soggetti a prescrizione medica limitativa, da rinnovare volta per volta, vendibili al pubblico su prescrizione di centri ospedalieri o di specialisti
045986318	045986	LENALIDOMIDE SANDOZ	2,5 MG CAPSULE RIGIDE- 14X1 CAPSULE IN BLISTER DIVISIBILE PER DOSE UNITARIA OPA/AL/PVC/AL	LENALIDOMIDE	LENALIDOMIDE	2.5	milligrammi	Capsula rigida	L04AX04	SANDOZ S.P.A.	Autorizzata	Procedura Mutuo riconoscimento o Decentrata	Medicinali soggetti a prescrizione medica limitativa, da rinnovare volta per volta, vendibili al pubblico su prescrizione di centri ospedalieri o di specialisti
045986320	045986	LENALIDOMIDE SANDOZ	2,5 MG CAPSULE RIGIDE- 21X1 CAPSULE IN BLISTER DIVISIBILE PER DOSE UNITARIA OPA/AL/PVC/AL	LENALIDOMIDE	LENALIDOMIDE	2.5	milligrammi	Capsula rigida	L04AX04	SANDOZ S.P.A.	Autorizzata	Procedura Mutuo riconoscimento o Decentrata	Medicinali soggetti a prescrizione medica limitativa, da rinnovare volta per volta, vendibili al pubblico su prescrizione di centri ospedalieri o di specialisti
045986332	045986	LENALIDOMIDE SANDOZ	2,5 MG CAPSULE RIGIDE- 28X1 CAPSULE IN BLISTER DIVISIBILE PER DOSE UNITARIA OPA/AL/PVC/AL	LENALIDOMIDE	LENALIDOMIDE	2.5	milligrammi	Capsula rigida	L04AX04	SANDOZ S.P.A.	Autorizzata	Procedura Mutuo riconoscimento o Decentrata	Medicinali soggetti a prescrizione medica limitativa, da rinnovare volta per volta, vendibili al pubblico su prescrizione di centri ospedalieri o di specialisti
045986357	045986	LENALIDOMIDE SANDOZ	2,5 MG CAPSULE RIGIDE- 7X1 CAPSULE IN BLISTER DIVISIBILE PER DOSE UNITARIA OPA/AL/PVC/AL CON CALENDARIO	LENALIDOMIDE	LENALIDOMIDE	2.5	milligrammi	Capsula rigida	L04AX04	SANDOZ S.P.A.	Autorizzata	Procedura Mutuo riconoscimento o Decentrata	Medicinali soggetti a prescrizione medica limitativa, da rinnovare volta per volta, vendibili al pubblico su prescrizione di centri ospedalieri o di specialisti
045986369	045986	LENALIDOMIDE SANDOZ	2,5 MG CAPSULE RIGIDE- 14X1 CAPSULE IN BLISTER DIVISIBILE PER DOSE UNITARIA OPA/AL/PVC/AL CON CALENDARIO	LENALIDOMIDE	LENALIDOMIDE	2.5	milligrammi	Capsula rigida	L04AX04	SANDOZ S.P.A.	Autorizzata	Procedura Mutuo riconoscimento o Decentrata	Medicinali soggetti a prescrizione medica limitativa, da rinnovare volta per volta, vendibili al pubblico su prescrizione di centri ospedalieri o di specialisti
045986371	045986	LENALIDOMIDE SANDOZ	2,5 MG CAPSULE RIGIDE- 21X1 CAPSULE IN BLISTER DIVISIBILE PER DOSE UNITARIA OPA/AL/PVC/AL CON CALENDARIO	LENALIDOMIDE	LENALIDOMIDE	2.5	milligrammi	Capsula rigida	L04AX04	SANDOZ S.P.A.	Autorizzata	Procedura Mutuo riconoscimento o Decentrata	Medicinali soggetti a prescrizione medica limitativa, da rinnovare volta per volta, vendibili al pubblico su prescrizione di centri ospedalieri o di specialisti
045986383	045986	LENALIDOMIDE SANDOZ	2,5 MG CAPSULE RIGIDE- 28X1 CAPSULE IN BLISTER DIVISIBILE PER DOSE UNITARIA OPA/AL/PVC/AL CON CALENDARIO	LENALIDOMIDE	LENALIDOMIDE	2.5	milligrammi	Capsula rigida	L04AX04	SANDOZ S.P.A.	Autorizzata	Procedura Mutuo riconoscimento o Decentrata	Medicinali soggetti a prescrizione medica limitativa, da rinnovare volta per volta, vendibili al pubblico su prescrizione di centri ospedalieri o di specialisti
045986407	045986	LENALIDOMIDE SANDOZ	5 MG CAPSULE RIGIDE- 7 CAPSULE IN BLISTER OPA/AL/PVC/AL CON CALENDARIO	LENALIDOMIDE	LENALIDOMIDE	5	milligrammi	Capsula rigida	L04AX04	SANDOZ S.P.A.	Autorizzata	Procedura Mutuo riconoscimento o Decentrata	Medicinali soggetti a prescrizione medica limitativa, da rinnovare volta per volta, vendibili al pubblico su prescrizione di centri ospedalieri o di specialisti
045986419	045986	LENALIDOMIDE SANDOZ	5 MG CAPSULE RIGIDE- 14 CAPSULE IN BLISTER OPA/AL/PVC/AL CON CALENDARIO	LENALIDOMIDE	LENALIDOMIDE	5	milligrammi	Capsula rigida	L04AX04	SANDOZ S.P.A.	Autorizzata	Procedura Mutuo riconoscimento o Decentrata	Medicinali soggetti a prescrizione medica limitativa, da rinnovare volta per volta, vendibili al pubblico su prescrizione di centri ospedalieri o di specialisti
045986421	045986	LENALIDOMIDE SANDOZ	5 MG CAPSULE RIGIDE- 21 CAPSULE IN BLISTER OPA/AL/PVC/AL CON CALENDARIO	LENALIDOMIDE	LENALIDOMIDE	5	milligrammi	Capsula rigida	L04AX04	SANDOZ S.P.A.	Autorizzata	Procedura Mutuo riconoscimento o Decentrata	Medicinali soggetti a prescrizione medica limitativa, da rinnovare volta per volta, vendibili al pubblico su prescrizione di centri ospedalieri o di specialisti
045986433	045986	LENALIDOMIDE SANDOZ	5 MG CAPSULE RIGIDE- 28 CAPSULE IN BLISTER OPA/AL/PVC/AL CON CALENDARIO	LENALIDOMIDE	LENALIDOMIDE	5	milligrammi	Capsula rigida	L04AX04	SANDOZ S.P.A.	Autorizzata	Procedura Mutuo riconoscimento o Decentrata	Medicinali soggetti a prescrizione medica limitativa, da rinnovare volta per volta, vendibili al pubblico su prescrizione di centri ospedalieri o di specialisti
045986445	045986	LENALIDOMIDE SANDOZ	5 MG CAPSULE RIGIDE- 42 CAPSULE IN BLISTER OPA/AL/PVC/AL CON CALENDARIO	LENALIDOMIDE	LENALIDOMIDE	5	milligrammi	Capsula rigida	L04AX04	SANDOZ S.P.A.	Autorizzata	Procedura Mutuo riconoscimento o Decentrata	Medicinali soggetti a prescrizione medica limitativa, da rinnovare volta per volta, vendibili al pubblico su prescrizione di centri ospedalieri o di specialisti
045986458	045986	LENALIDOMIDE SANDOZ	5 MG CAPSULE RIGIDE- 7X1 CAPSULE IN BLISTER DIVISIBILE PER DOSE UNITARIA OPA/AL/PVC/AL	LENALIDOMIDE	LENALIDOMIDE	5	milligrammi	Capsula rigida	L04AX04	SANDOZ S.P.A.	Autorizzata	Procedura Mutuo riconoscimento o Decentrata	Medicinali soggetti a prescrizione medica limitativa, da rinnovare volta per volta, vendibili al pubblico su prescrizione di centri ospedalieri o di specialisti
045986460	045986	LENALIDOMIDE SANDOZ	5 MG CAPSULE RIGIDE- 14X1 CAPSULE IN BLISTER DIVISIBILE PER DOSE UNITARIA OPA/AL/PVC/AL	LENALIDOMIDE	LENALIDOMIDE	5	milligrammi	Capsula rigida	L04AX04	SANDOZ S.P.A.	Autorizzata	Procedura Mutuo riconoscimento o Decentrata	Medicinali soggetti a prescrizione medica limitativa, da rinnovare volta per volta, vendibili al pubblico su prescrizione di centri ospedalieri o di specialisti
045986472	045986	LENALIDOMIDE SANDOZ	5 MG CAPSULE RIGIDE- 21X1 CAPSULE IN BLISTER DIVISIBILE PER DOSE UNITARIA OPA/AL/PVC/AL	LENALIDOMIDE	LENALIDOMIDE	5	milligrammi	Capsula rigida	L04AX04	SANDOZ S.P.A.	Autorizzata	Procedura Mutuo riconoscimento o Decentrata	Medicinali soggetti a prescrizione medica limitativa, da rinnovare volta per volta, vendibili al pubblico su prescrizione di centri ospedalieri o di specialisti
045986484	045986	LENALIDOMIDE SANDOZ	5 MG CAPSULE RIGIDE- 28X1 CAPSULE IN BLISTER DIVISIBILE PER DOSE UNITARIA OPA/AL/PVC/AL	LENALIDOMIDE	LENALIDOMIDE	5	milligrammi	Capsula rigida	L04AX04	SANDOZ S.P.A.	Autorizzata	Procedura Mutuo riconoscimento o Decentrata	Medicinali soggetti a prescrizione medica limitativa, da rinnovare volta per volta, vendibili al pubblico su prescrizione di centri ospedalieri o di specialisti
045986508	045986	LENALIDOMIDE SANDOZ	5 MG CAPSULE RIGIDE- 7X1 CAPSULE IN BLISTER DIVISIBILE PER DOSE UNITARIA OPA/AL/PVC/AL CON CALENDARIO	LENALIDOMIDE	LENALIDOMIDE	5	milligrammi	Capsula rigida	L04AX04	SANDOZ S.P.A.	Autorizzata	Procedura Mutuo riconoscimento o Decentrata	Medicinali soggetti a prescrizione medica limitativa, da rinnovare volta per volta, vendibili al pubblico su prescrizione di centri ospedalieri o di specialisti
045986510	045986	LENALIDOMIDE SANDOZ	5 MG CAPSULE RIGIDE- 14X1 CAPSULE IN BLISTER DIVISIBILE PER DOSE UNITARIA OPA/AL/PVC/AL CON CALENDARIO	LENALIDOMIDE	LENALIDOMIDE	5	milligrammi	Capsula rigida	L04AX04	SANDOZ S.P.A.	Autorizzata	Procedura Mutuo riconoscimento o Decentrata	Medicinali soggetti a prescrizione medica limitativa, da rinnovare volta per volta, vendibili al pubblico su prescrizione di centri ospedalieri o di specialisti
045986522	045986	LENALIDOMIDE SANDOZ	5 MG CAPSULE RIGIDE- 21X1 CAPSULE IN BLISTER DIVISIBILE PER DOSE UNITARIA OPA/AL/PVC/AL CON CALENDARIO	LENALIDOMIDE	LENALIDOMIDE	5	milligrammi	Capsula rigida	L04AX04	SANDOZ S.P.A.	Autorizzata	Procedura Mutuo riconoscimento o Decentrata	Medicinali soggetti a prescrizione medica limitativa, da rinnovare volta per volta, vendibili al pubblico su prescrizione di centri ospedalieri o di specialisti
045986534	045986	LENALIDOMIDE SANDOZ	5 MG CAPSULE RIGIDE- 28X1 CAPSULE IN BLISTER DIVISIBILE PER DOSE UNITARIA OPA/AL/PVC/AL CON CALENDARIO	LENALIDOMIDE	LENALIDOMIDE	5	milligrammi	Capsula rigida	L04AX04	SANDOZ S.P.A.	Autorizzata	Procedura Mutuo riconoscimento o Decentrata	Medicinali soggetti a prescrizione medica limitativa, da rinnovare volta per volta, vendibili al pubblico su prescrizione di centri ospedalieri o di specialisti
045986559	045986	LENALIDOMIDE SANDOZ	10 MG CAPSULE RIGIDE- 7 CAPSULE IN BLISTER OPA/AL/PVC/AL CON CALENDARIO	LENALIDOMIDE	LENALIDOMIDE	10	milligrammi	Capsula rigida	L04AX04	SANDOZ S.P.A.	Autorizzata	Procedura Mutuo riconoscimento o Decentrata	Medicinali soggetti a prescrizione medica limitativa, da rinnovare volta per volta, vendibili al pubblico su prescrizione di centri ospedalieri o di specialisti
045986561	045986	LENALIDOMIDE SANDOZ	10 MG CAPSULE RIGIDE- 14 CAPSULE IN BLISTER OPA/AL/PVC/AL CON CALENDARIO	LENALIDOMIDE	LENALIDOMIDE	10	milligrammi	Capsula rigida	L04AX04	SANDOZ S.P.A.	Autorizzata	Procedura Mutuo riconoscimento o Decentrata	Medicinali soggetti a prescrizione medica limitativa, da rinnovare volta per volta, vendibili al pubblico su prescrizione di centri ospedalieri o di specialisti
045986573	045986	LENALIDOMIDE SANDOZ	10 MG CAPSULE RIGIDE- 21 CAPSULE IN BLISTER OPA/AL/PVC/AL CON CALENDARIO	LENALIDOMIDE	LENALIDOMIDE	10	milligrammi	Capsula rigida	L04AX04	SANDOZ S.P.A.	Autorizzata	Procedura Mutuo riconoscimento o Decentrata	Medicinali soggetti a prescrizione medica limitativa, da rinnovare volta per volta, vendibili al pubblico su prescrizione di centri ospedalieri o di specialisti
045986585	045986	LENALIDOMIDE SANDOZ	10 MG CAPSULE RIGIDE- 28 CAPSULE IN BLISTER OPA/AL/PVC/AL CON CALENDARIO	LENALIDOMIDE	LENALIDOMIDE	10	milligrammi	Capsula rigida	L04AX04	SANDOZ S.P.A.	Autorizzata	Procedura Mutuo riconoscimento o Decentrata	Medicinali soggetti a prescrizione medica limitativa, da rinnovare volta per volta, vendibili al pubblico su prescrizione di centri ospedalieri o di specialisti
045986597	045986	LENALIDOMIDE SANDOZ	10 MG CAPSULE RIGIDE- 42 CAPSULE IN BLISTER OPA/AL/PVC/AL CON CALENDARIO	LENALIDOMIDE	LENALIDOMIDE	10	milligrammi	Capsula rigida	L04AX04	SANDOZ S.P.A.	Autorizzata	Procedura Mutuo riconoscimento o Decentrata	Medicinali soggetti a prescrizione medica limitativa, da rinnovare volta per volta, vendibili al pubblico su prescrizione di centri ospedalieri o di specialisti
045986609	045986	LENALIDOMIDE SANDOZ	10 MG CAPSULE RIGIDE- 7X1 CAPSULE IN BLISTER DIVISIBILE PER DOSE UNITARIA OPA/AL/PVC/AL	LENALIDOMIDE	LENALIDOMIDE	10	milligrammi	Capsula rigida	L04AX04	SANDOZ S.P.A.	Autorizzata	Procedura Mutuo riconoscimento o Decentrata	Medicinali soggetti a prescrizione medica limitativa, da rinnovare volta per volta, vendibili al pubblico su prescrizione di centri ospedalieri o di specialisti
045986611	045986	LENALIDOMIDE SANDOZ	10 MG CAPSULE RIGIDE- 14X1 CAPSULE IN BLISTER DIVISIBILE PER DOSE UNITARIA OPA/AL/PVC/AL	LENALIDOMIDE	LENALIDOMIDE	10	milligrammi	Capsula rigida	L04AX04	SANDOZ S.P.A.	Autorizzata	Procedura Mutuo riconoscimento o Decentrata	Medicinali soggetti a prescrizione medica limitativa, da rinnovare volta per volta, vendibili al pubblico su prescrizione di centri ospedalieri o di specialisti
045986623	045986	LENALIDOMIDE SANDOZ	10 MG CAPSULE RIGIDE- 21X1 CAPSULE IN BLISTER DIVISIBILE PER DOSE UNITARIA OPA/AL/PVC/AL	LENALIDOMIDE	LENALIDOMIDE	10	milligrammi	Capsula rigida	L04AX04	SANDOZ S.P.A.	Autorizzata	Procedura Mutuo riconoscimento o Decentrata	Medicinali soggetti a prescrizione medica limitativa, da rinnovare volta per volta, vendibili al pubblico su prescrizione di centri ospedalieri o di specialisti
045986635	045986	LENALIDOMIDE SANDOZ	10 MG CAPSULE RIGIDE- 28X1 CAPSULE IN BLISTER DIVISIBILE PER DOSE UNITARIA OPA/AL/PVC/AL	LENALIDOMIDE	LENALIDOMIDE	10	milligrammi	Capsula rigida	L04AX04	SANDOZ S.P.A.	Autorizzata	Procedura Mutuo riconoscimento o Decentrata	Medicinali soggetti a prescrizione medica limitativa, da rinnovare volta per volta, vendibili al pubblico su prescrizione di centri ospedalieri o di specialisti
045986650	045986	LENALIDOMIDE SANDOZ	10 MG CAPSULE RIGIDE- 7X1 CAPSULE IN BLISTER DIVISIBILE PER DOSE UNITARIA OPA/AL/PVC/AL CON CALENDARIO	LENALIDOMIDE	LENALIDOMIDE	10	milligrammi	Capsula rigida	L04AX04	SANDOZ S.P.A.	Autorizzata	Procedura Mutuo riconoscimento o Decentrata	Medicinali soggetti a prescrizione medica limitativa, da rinnovare volta per volta, vendibili al pubblico su prescrizione di centri ospedalieri o di specialisti
045986662	045986	LENALIDOMIDE SANDOZ	10 MG CAPSULE RIGIDE- 14X1 CAPSULE IN BLISTER DIVISIBILE PER DOSE UNITARIA OPA/AL/PVC/AL CON CALENDARIO	LENALIDOMIDE	LENALIDOMIDE	10	milligrammi	Capsula rigida	L04AX04	SANDOZ S.P.A.	Autorizzata	Procedura Mutuo riconoscimento o Decentrata	Medicinali soggetti a prescrizione medica limitativa, da rinnovare volta per volta, vendibili al pubblico su prescrizione di centri ospedalieri o di specialisti
045986674	045986	LENALIDOMIDE SANDOZ	10 MG CAPSULE RIGIDE- 21X1 CAPSULE IN BLISTER DIVISIBILE PER DOSE UNITARIA OPA/AL/PVC/AL CON CALENDARIO	LENALIDOMIDE	LENALIDOMIDE	10	milligrammi	Capsula rigida	L04AX04	SANDOZ S.P.A.	Autorizzata	Procedura Mutuo riconoscimento o Decentrata	Medicinali soggetti a prescrizione medica limitativa, da rinnovare volta per volta, vendibili al pubblico su prescrizione di centri ospedalieri o di specialisti
045986686	045986	LENALIDOMIDE SANDOZ	10 MG CAPSULE RIGIDE- 28X1 CAPSULE IN BLISTER DIVISIBILE PER DOSE UNITARIA OPA/AL/PVC/AL CON CALENDARIO	LENALIDOMIDE	LENALIDOMIDE	10	milligrammi	Capsula rigida	L04AX04	SANDOZ S.P.A.	Autorizzata	Procedura Mutuo riconoscimento o Decentrata	Medicinali soggetti a prescrizione medica limitativa, da rinnovare volta per volta, vendibili al pubblico su prescrizione di centri ospedalieri o di specialisti
045986700	045986	LENALIDOMIDE SANDOZ	15 MG CAPSULE RIGIDE- 7 CAPSULE IN BLISTER OPA/AL/PVC/AL CON CALENDARIO	LENALIDOMIDE	LENALIDOMIDE			Capsula rigida	L04AX04	SANDOZ S.P.A.	Autorizzata	Procedura Mutuo riconoscimento o Decentrata	Medicinali soggetti a prescrizione medica limitativa, da rinnovare volta per volta, vendibili al pubblico su prescrizione di centri ospedalieri o di specialisti
045986712	045986	LENALIDOMIDE SANDOZ	15 MG CAPSULE RIGIDE- 14 CAPSULE IN BLISTER OPA/AL/PVC/AL CON CALENDARIO	LENALIDOMIDE	LENALIDOMIDE			Capsula rigida	L04AX04	SANDOZ S.P.A.	Autorizzata	Procedura Mutuo riconoscimento o Decentrata	Medicinali soggetti a prescrizione medica limitativa, da rinnovare volta per volta, vendibili al pubblico su prescrizione di centri ospedalieri o di specialisti
045986724	045986	LENALIDOMIDE SANDOZ	15 MG CAPSULE RIGIDE- 21 CAPSULE IN BLISTER OPA/AL/PVC/AL CON CALENDARIO	LENALIDOMIDE	LENALIDOMIDE			Capsula rigida	L04AX04	SANDOZ S.P.A.	Autorizzata	Procedura Mutuo riconoscimento o Decentrata	Medicinali soggetti a prescrizione medica limitativa, da rinnovare volta per volta, vendibili al pubblico su prescrizione di centri ospedalieri o di specialisti
045986736	045986	LENALIDOMIDE SANDOZ	15 MG CAPSULE RIGIDE- 28 CAPSULE IN BLISTER OPA/AL/PVC/AL CON CALENDARIO	LENALIDOMIDE	LENALIDOMIDE			Capsula rigida	L04AX04	SANDOZ S.P.A.	Autorizzata	Procedura Mutuo riconoscimento o Decentrata	Medicinali soggetti a prescrizione medica limitativa, da rinnovare volta per volta, vendibili al pubblico su prescrizione di centri ospedalieri o di specialisti
045986748	045986	LENALIDOMIDE SANDOZ	15 MG CAPSULE RIGIDE- 42 CAPSULE IN BLISTER OPA/AL/PVC/AL CON CALENDARIO	LENALIDOMIDE	LENALIDOMIDE			Capsula rigida	L04AX04	SANDOZ S.P.A.	Autorizzata	Procedura Mutuo riconoscimento o Decentrata	Medicinali soggetti a prescrizione medica limitativa, da rinnovare volta per volta, vendibili al pubblico su prescrizione di centri ospedalieri o di specialisti
045986751	045986	LENALIDOMIDE SANDOZ	15 MG CAPSULE RIGIDE- 7X1 CAPSULE IN BLISTER DIVISIBILE PER DOSE UNITARIA OPA/AL/PVC/AL	LENALIDOMIDE	LENALIDOMIDE			Capsula rigida	L04AX04	SANDOZ S.P.A.	Autorizzata	Procedura Mutuo riconoscimento o Decentrata	Medicinali soggetti a prescrizione medica limitativa, da rinnovare volta per volta, vendibili al pubblico su prescrizione di centri ospedalieri o di specialisti
045986763	045986	LENALIDOMIDE SANDOZ	15 MG CAPSULE RIGIDE- 14X1 CAPSULE IN BLISTER DIVISIBILE PER DOSE UNITARIA OPA/AL/PVC/AL	LENALIDOMIDE	LENALIDOMIDE			Capsula rigida	L04AX04	SANDOZ S.P.A.	Autorizzata	Procedura Mutuo riconoscimento o Decentrata	Medicinali soggetti a prescrizione medica limitativa, da rinnovare volta per volta, vendibili al pubblico su prescrizione di centri ospedalieri o di specialisti
045986775	045986	LENALIDOMIDE SANDOZ	15 MG CAPSULE RIGIDE- 21X1 CAPSULE IN BLISTER DIVISIBILE PER DOSE UNITARIA OPA/AL/PVC/AL	LENALIDOMIDE	LENALIDOMIDE			Capsula rigida	L04AX04	SANDOZ S.P.A.	Autorizzata	Procedura Mutuo riconoscimento o Decentrata	Medicinali soggetti a prescrizione medica limitativa, da rinnovare volta per volta, vendibili al pubblico su prescrizione di centri ospedalieri o di specialisti
045986787	045986	LENALIDOMIDE SANDOZ	15 MG CAPSULE RIGIDE- 28X1 CAPSULE IN BLISTER DIVISIBILE PER DOSE UNITARIA OPA/AL/PVC/AL	LENALIDOMIDE	LENALIDOMIDE			Capsula rigida	L04AX04	SANDOZ S.P.A.	Autorizzata	Procedura Mutuo riconoscimento o Decentrata	Medicinali soggetti a prescrizione medica limitativa, da rinnovare volta per volta, vendibili al pubblico su prescrizione di centri ospedalieri o di specialisti
045986801	045986	LENALIDOMIDE SANDOZ	15 MG CAPSULE RIGIDE- 7X1 CAPSULE IN BLISTER DIVISIBILE PER DOSE UNITARIA OPA/AL/PVC/AL CON CALENDARIO	LENALIDOMIDE	LENALIDOMIDE			Capsula rigida	L04AX04	SANDOZ S.P.A.	Autorizzata	Procedura Mutuo riconoscimento o Decentrata	Medicinali soggetti a prescrizione medica limitativa, da rinnovare volta per volta, vendibili al pubblico su prescrizione di centri ospedalieri o di specialisti
045986813	045986	LENALIDOMIDE SANDOZ	15 MG CAPSULE RIGIDE- 14X1 CAPSULE IN BLISTER DIVISIBILE PER DOSE UNITARIA OPA/AL/PVC/AL CON CALENDARIO	LENALIDOMIDE	LENALIDOMIDE			Capsula rigida	L04AX04	SANDOZ S.P.A.	Autorizzata	Procedura Mutuo riconoscimento o Decentrata	Medicinali soggetti a prescrizione medica limitativa, da rinnovare volta per volta, vendibili al pubblico su prescrizione di centri ospedalieri o di specialisti
045986825	045986	LENALIDOMIDE SANDOZ	15 MG CAPSULE RIGIDE- 21X1 CAPSULE IN BLISTER DIVISIBILE PER DOSE UNITARIA OPA/AL/PVC/AL CON CALENDARIO	LENALIDOMIDE	LENALIDOMIDE			Capsula rigida	L04AX04	SANDOZ S.P.A.	Autorizzata	Procedura Mutuo riconoscimento o Decentrata	Medicinali soggetti a prescrizione medica limitativa, da rinnovare volta per volta, vendibili al pubblico su prescrizione di centri ospedalieri o di specialisti
045986837	045986	LENALIDOMIDE SANDOZ	15 MG CAPSULE RIGIDE- 28X1 CAPSULE IN BLISTER DIVISIBILE PER DOSE UNITARIA OPA/AL/PVC/AL CON CALENDARIO	LENALIDOMIDE	LENALIDOMIDE			Capsula rigida	L04AX04	SANDOZ S.P.A.	Autorizzata	Procedura Mutuo riconoscimento o Decentrata	Medicinali soggetti a prescrizione medica limitativa, da rinnovare volta per volta, vendibili al pubblico su prescrizione di centri ospedalieri o di specialisti
045986852	045986	LENALIDOMIDE SANDOZ	25 MG CAPSULE RIGIDE- 7 CAPSULE IN BLISTER OPA/AL/PVC/AL CON CALENDARIO	LENALIDOMIDE	LENALIDOMIDE			Capsula rigida	L04AX04	SANDOZ S.P.A.	Autorizzata	Procedura Mutuo riconoscimento o Decentrata	Medicinali soggetti a prescrizione medica limitativa, da rinnovare volta per volta, vendibili al pubblico su prescrizione di centri ospedalieri o di specialisti
045986864	045986	LENALIDOMIDE SANDOZ	25 MG CAPSULE RIGIDE- 14 CAPSULE IN BLISTER OPA/AL/PVC/AL CON CALENDARIO	LENALIDOMIDE	LENALIDOMIDE			Capsula rigida	L04AX04	SANDOZ S.P.A.	Autorizzata	Procedura Mutuo riconoscimento o Decentrata	Medicinali soggetti a prescrizione medica limitativa, da rinnovare volta per volta, vendibili al pubblico su prescrizione di centri ospedalieri o di specialisti
045986876	045986	LENALIDOMIDE SANDOZ	25 MG CAPSULE RIGIDE- 21 CAPSULE IN BLISTER OPA/AL/PVC/AL CON CALENDARIO	LENALIDOMIDE	LENALIDOMIDE			Capsula rigida	L04AX04	SANDOZ S.P.A.	Autorizzata	Procedura Mutuo riconoscimento o Decentrata	Medicinali soggetti a prescrizione medica limitativa, da rinnovare volta per volta, vendibili al pubblico su prescrizione di centri ospedalieri o di specialisti
045986888	045986	LENALIDOMIDE SANDOZ	25 MG CAPSULE RIGIDE- 28 CAPSULE IN BLISTER OPA/AL/PVC/AL CON CALENDARIO	LENALIDOMIDE	LENALIDOMIDE			Capsula rigida	L04AX04	SANDOZ S.P.A.	Autorizzata	Procedura Mutuo riconoscimento o Decentrata	Medicinali soggetti a prescrizione medica limitativa, da rinnovare volta per volta, vendibili al pubblico su prescrizione di centri ospedalieri o di specialisti
045986890	045986	LENALIDOMIDE SANDOZ	25 MG CAPSULE RIGIDE- 42 CAPSULE IN BLISTER OPA/AL/PVC/AL CON CALENDARIO	LENALIDOMIDE	LENALIDOMIDE			Capsula rigida	L04AX04	SANDOZ S.P.A.	Autorizzata	Procedura Mutuo riconoscimento o Decentrata	Medicinali soggetti a prescrizione medica limitativa, da rinnovare volta per volta, vendibili al pubblico su prescrizione di centri ospedalieri o di specialisti
045986902	045986	LENALIDOMIDE SANDOZ	25 MG CAPSULE RIGIDE- 7X1 CAPSULE IN BLISTER DIVISIBILE PER DOSE UNITARIA OPA/AL/PVC/AL	LENALIDOMIDE	LENALIDOMIDE			Capsula rigida	L04AX04	SANDOZ S.P.A.	Autorizzata	Procedura Mutuo riconoscimento o Decentrata	Medicinali soggetti a prescrizione medica limitativa, da rinnovare volta per volta, vendibili al pubblico su prescrizione di centri ospedalieri o di specialisti
045986914	045986	LENALIDOMIDE SANDOZ	25 MG CAPSULE RIGIDE- 14X1 CAPSULE IN BLISTER DIVISIBILE PER DOSE UNITARIA OPA/AL/PVC/AL	LENALIDOMIDE	LENALIDOMIDE			Capsula rigida	L04AX04	SANDOZ S.P.A.	Autorizzata	Procedura Mutuo riconoscimento o Decentrata	Medicinali soggetti a prescrizione medica limitativa, da rinnovare volta per volta, vendibili al pubblico su prescrizione di centri ospedalieri o di specialisti
045986926	045986	LENALIDOMIDE SANDOZ	25 MG CAPSULE RIGIDE- 21X1 CAPSULE IN BLISTER DIVISIBILE PER DOSE UNITARIA OPA/AL/PVC/AL	LENALIDOMIDE	LENALIDOMIDE			Capsula rigida	L04AX04	SANDOZ S.P.A.	Autorizzata	Procedura Mutuo riconoscimento o Decentrata	Medicinali soggetti a prescrizione medica limitativa, da rinnovare volta per volta, vendibili al pubblico su prescrizione di centri ospedalieri o di specialisti
045986938	045986	LENALIDOMIDE SANDOZ	25 MG CAPSULE RIGIDE- 28X1 CAPSULE IN BLISTER DIVISIBILE PER DOSE UNITARIA OPA/AL/PVC/AL	LENALIDOMIDE	LENALIDOMIDE			Capsula rigida	L04AX04	SANDOZ S.P.A.	Autorizzata	Procedura Mutuo riconoscimento o Decentrata	Medicinali soggetti a prescrizione medica limitativa, da rinnovare volta per volta, vendibili al pubblico su prescrizione di centri ospedalieri o di specialisti
045986953	045986	LENALIDOMIDE SANDOZ	25 MG CAPSULE RIGIDE- 7X1 CAPSULE IN BLISTER DIVISIBILE PER DOSE UNITARIA OPA/AL/PVC/AL CON CALENDARIO	LENALIDOMIDE	LENALIDOMIDE			Capsula rigida	L04AX04	SANDOZ S.P.A.	Autorizzata	Procedura Mutuo riconoscimento o Decentrata	Medicinali soggetti a prescrizione medica limitativa, da rinnovare volta per volta, vendibili al pubblico su prescrizione di centri ospedalieri o di specialisti
045986965	045986	LENALIDOMIDE SANDOZ	25 MG CAPSULE RIGIDE- 14X1 CAPSULE IN BLISTER DIVISIBILE PER DOSE UNITARIA OPA/AL/PVC/AL CON CALENDARIO	LENALIDOMIDE	LENALIDOMIDE			Capsula rigida	L04AX04	SANDOZ S.P.A.	Autorizzata	Procedura Mutuo riconoscimento o Decentrata	Medicinali soggetti a prescrizione medica limitativa, da rinnovare volta per volta, vendibili al pubblico su prescrizione di centri ospedalieri o di specialisti
045986977	045986	LENALIDOMIDE SANDOZ	25 MG CAPSULE RIGIDE- 21X1 CAPSULE IN BLISTER DIVISIBILE PER DOSE UNITARIA OPA/AL/PVC/AL CON CALENDARIO	LENALIDOMIDE	LENALIDOMIDE			Capsula rigida	L04AX04	SANDOZ S.P.A.	Autorizzata	Procedura Mutuo riconoscimento o Decentrata	Medicinali soggetti a prescrizione medica limitativa, da rinnovare volta per volta, vendibili al pubblico su prescrizione di centri ospedalieri o di specialisti
045986989	045986	LENALIDOMIDE SANDOZ	25 MG CAPSULE RIGIDE- 28X1 CAPSULE IN BLISTER DIVISIBILE PER DOSE UNITARIA OPA/AL/PVC/AL CON CALENDARIO	LENALIDOMIDE	LENALIDOMIDE			Capsula rigida	L04AX04	SANDOZ S.P.A.	Autorizzata	Procedura Mutuo riconoscimento o Decentrata	Medicinali soggetti a prescrizione medica limitativa, da rinnovare volta per volta, vendibili al pubblico su prescrizione di centri ospedalieri o di specialisti
047188014	047188	LENALIDOMIDE ACCORD	2,5 MG - CAPSULA RIGIDA - USO ORALE - BLISTER (OPA/ALU/PVC/ALU) 7X1 CAPSULE (DOSE UNITARIA)	LENALIDOMIDE	LENALIDOMIDE	2.5	milligrammi	Capsula rigida	L04AX04	ACCORD HEALTHCARE, S.L.U.	Autorizzata	Procedura Centralizzata	Medicinali soggetti a prescrizione medica limitativa, da rinnovare volta per volta, vendibili al pubblico su prescrizione di centri ospedalieri o di specialisti
047188026	047188	LENALIDOMIDE ACCORD	2,5 MG - CAPSULA RIGIDA - USO ORALE - BLISTER (OPA/ALU/PVC/ALU) - 21 X 1 CAPSULE (DOSE UNITARIA)	LENALIDOMIDE	LENALIDOMIDE	2.5	milligrammi	Capsula rigida	L04AX04	ACCORD HEALTHCARE, S.L.U.	Autorizzata	Procedura Centralizzata	Medicinali soggetti a prescrizione medica limitativa, da rinnovare volta per volta, vendibili al pubblico su prescrizione di centri ospedalieri o di specialisti
047188038	047188	LENALIDOMIDE ACCORD	5 MG - CAPSULA RIGIDA - USO ORALE - BLISTER (OPA/ALU/PVC/ALU) - 7 X 1 CAPSULE (DOSE UNITARIA)	LENALIDOMIDE	LENALIDOMIDE	5	milligrammi	Capsula rigida	L04AX04	ACCORD HEALTHCARE, S.L.U.	Autorizzata	Procedura Centralizzata	Medicinali soggetti a prescrizione medica limitativa, da rinnovare volta per volta, vendibili al pubblico su prescrizione di centri ospedalieri o di specialisti
047188040	047188	LENALIDOMIDE ACCORD	5 MG - CAPSULA RIGIDA - USO ORALE - BLISTER (OPA/ALU/PVC/ALU) - 21 X 1 CAPSULE (DOSE UNITARIA)	LENALIDOMIDE	LENALIDOMIDE	5	milligrammi	Capsula rigida	L04AX04	ACCORD HEALTHCARE, S.L.U.	Autorizzata	Procedura Centralizzata	Medicinali soggetti a prescrizione medica limitativa, da rinnovare volta per volta, vendibili al pubblico su prescrizione di centri ospedalieri o di specialisti
047188053	047188	LENALIDOMIDE ACCORD	7,5 MG - CAPSULA RIGIDA - USO ORALE - BLISTER (OPA/ALU/PVC/ALU) - 21 X 1 CAPSULE (DOSE UNITARIA)	LENALIDOMIDE	LENALIDOMIDE	7.5	milligrammi	Capsula rigida	L04AX04	ACCORD HEALTHCARE, S.L.U.	Autorizzata	Procedura Centralizzata	Medicinali soggetti a prescrizione medica limitativa, da rinnovare volta per volta, vendibili al pubblico su prescrizione di centri ospedalieri o di specialisti
047188065	047188	LENALIDOMIDE ACCORD	10 MG - CAPSULA RIGIDA - USO ORALE - BLISTER (OPA/ALU/PVC/ALU) - 7 X 1 CAPSULE (DOSE UNITARIA)	LENALIDOMIDE	LENALIDOMIDE	10	milligrammi	Capsula rigida	L04AX04	ACCORD HEALTHCARE, S.L.U.	Autorizzata	Procedura Centralizzata	Medicinali soggetti a prescrizione medica limitativa, da rinnovare volta per volta, vendibili al pubblico su prescrizione di centri ospedalieri o di specialisti
047188077	047188	LENALIDOMIDE ACCORD	10 MG - CAPSULA RIGIDA - USO ORALE - BLISTER (OPA/ALU/PVC/ALU) - 21 X 1 CAPSULE (DOSE UNITARIA)	LENALIDOMIDE	LENALIDOMIDE	10	milligrammi	Capsula rigida	L04AX04	ACCORD HEALTHCARE, S.L.U.	Autorizzata	Procedura Centralizzata	Medicinali soggetti a prescrizione medica limitativa, da rinnovare volta per volta, vendibili al pubblico su prescrizione di centri ospedalieri o di specialisti
047188089	047188	LENALIDOMIDE ACCORD	15 MG - CAPSULA RIGIDA - USO ORALE - BLISTER (OPA/ALU/PVC/ALU) - 7 X 1 CAPSULE (DOSE UNITARIA)	LENALIDOMIDE	LENALIDOMIDE	15	milligrammi	Capsula rigida	L04AX04	ACCORD HEALTHCARE, S.L.U.	Autorizzata	Procedura Centralizzata	Medicinali soggetti a prescrizione medica limitativa, da rinnovare volta per volta, vendibili al pubblico su prescrizione di centri ospedalieri o di specialisti
047188091	047188	LENALIDOMIDE ACCORD	15 MG - CAPSULA RIGIDA - USO ORALE - BLISTER (OPA/ALU/PVC/ALU) - 21 X 1 CAPSULE (DOSE UNITARIA)	LENALIDOMIDE	LENALIDOMIDE	15	milligrammi	Capsula rigida	L04AX04	ACCORD HEALTHCARE, S.L.U.	Autorizzata	Procedura Centralizzata	Medicinali soggetti a prescrizione medica limitativa, da rinnovare volta per volta, vendibili al pubblico su prescrizione di centri ospedalieri o di specialisti
047188103	047188	LENALIDOMIDE ACCORD	20 MG - CAPSULA RIGIDA - USO ORALE - BLISTER (OPA/ALU/PVC/ALU) - 21 X 1 CAPSULE (DOSE UNITARIA)	LENALIDOMIDE	LENALIDOMIDE	20	milligrammi	Capsula rigida	L04AX04	ACCORD HEALTHCARE, S.L.U.	Autorizzata	Procedura Centralizzata	Medicinali soggetti a prescrizione medica limitativa, da rinnovare volta per volta, vendibili al pubblico su prescrizione di centri ospedalieri o di specialisti
047188115	047188	LENALIDOMIDE ACCORD	25 MG - CAPSULA RIGIDA - USO ORALE - BLISTER (OPA/ALU/PVC/ALU) - 21 X 1 CAPSULE (DOSE UNITARIA)	LENALIDOMIDE	LENALIDOMIDE	25	milligrammi	Capsula rigida	L04AX04	ACCORD HEALTHCARE, S.L.U.	Autorizzata	Procedura Centralizzata	Medicinali soggetti a prescrizione medica limitativa, da rinnovare volta per volta, vendibili al pubblico su prescrizione di centri ospedalieri o di specialisti
047188127	047188	LENALIDOMIDE ACCORD	7,5 MG - CAPSULA RIGIDA - USO ORALE - BLISTER (OPA/AL/PVC/AL) - 7 X 1 CAPSULE (DOSE UNITARIA)	LENALIDOMIDE	LENALIDOMIDE	7.5	milligrammi	Capsula rigida	L04AX04	ACCORD HEALTHCARE, S.L.U.	Autorizzata	Procedura Centralizzata	Medicinali soggetti a prescrizione medica limitativa, da rinnovare volta per volta, vendibili al pubblico su prescrizione di centri ospedalieri o di specialisti
047188139	047188	LENALIDOMIDE ACCORD	20 MG - CAPSULA RIGIDA - USO ORALE - BLISTER (OPA/AL/PVC/AL) - 7 X 1 CAPSULE (DOSE UNITARIA)	LENALIDOMIDE	LENALIDOMIDE	20	milligrammi	Capsula rigida	L04AX04	ACCORD HEALTHCARE, S.L.U.	Autorizzata	Procedura Centralizzata	Medicinali soggetti a prescrizione medica limitativa, da rinnovare volta per volta, vendibili al pubblico su prescrizione di centri ospedalieri o di specialisti
047188141	047188	LENALIDOMIDE ACCORD	25 MG - CAPSULA RIGIDA - USO ORALE - BLISTER (OPA/AL/PVC/AL) - 7 X 1 CAPSULE (DOSE UNITARIA)	LENALIDOMIDE	LENALIDOMIDE	25	milligrammi	Capsula rigida	L04AX04	ACCORD HEALTHCARE, S.L.U.	Autorizzata	Procedura Centralizzata	Medicinali soggetti a prescrizione medica limitativa, da rinnovare volta per volta, vendibili al pubblico su prescrizione di centri ospedalieri o di specialisti
048350019	048350	LENALIDOMIDE ZENTIVA	2,5 MG CAPSULE RIGIDE- 7 CAPSULE IN BLISTER OPA/AL/PVC/AL	LENALIDOMIDE	LENALIDOMIDE			Capsula rigida	L04AX04	ZENTIVA ITALIA S.R.L.	Autorizzata	Procedura Mutuo riconoscimento o Decentrata	Medicinali soggetti a prescrizione medica limitativa, da rinnovare volta per volta, vendibili al pubblico su prescrizione di centri ospedalieri o di specialisti
048350021	048350	LENALIDOMIDE ZENTIVA	2,5 MG CAPSULE RIGIDE- 21 CAPSULE IN BLISTER OPA/AL/PVC/AL	LENALIDOMIDE	LENALIDOMIDE			Capsula rigida	L04AX04	ZENTIVA ITALIA S.R.L.	Autorizzata	Procedura Mutuo riconoscimento o Decentrata	Medicinali soggetti a prescrizione medica limitativa, da rinnovare volta per volta, vendibili al pubblico su prescrizione di centri ospedalieri o di specialisti
048350033	048350	LENALIDOMIDE ZENTIVA	5 MG CAPSULE RIGIDE- 7 CAPSULE IN BLISTER OPA/AL/PVC/AL	LENALIDOMIDE	LENALIDOMIDE			Capsula rigida	L04AX04	ZENTIVA ITALIA S.R.L.	Autorizzata	Procedura Mutuo riconoscimento o Decentrata	Medicinali soggetti a prescrizione medica limitativa, da rinnovare volta per volta, vendibili al pubblico su prescrizione di centri ospedalieri o di specialisti
048350045	048350	LENALIDOMIDE ZENTIVA	5 MG CAPSULE RIGIDE- 21 CAPSULE IN BLISTER OPA/AL/PVC/AL	LENALIDOMIDE	LENALIDOMIDE			Capsula rigida	L04AX04	ZENTIVA ITALIA S.R.L.	Autorizzata	Procedura Mutuo riconoscimento o Decentrata	Medicinali soggetti a prescrizione medica limitativa, da rinnovare volta per volta, vendibili al pubblico su prescrizione di centri ospedalieri o di specialisti
048350058	048350	LENALIDOMIDE ZENTIVA	7,5 MG CAPSULE RIGIDE- 7 CAPSULE IN BLISTER OPA/AL/PVC/AL	LENALIDOMIDE	LENALIDOMIDE			Capsula rigida	L04AX04	ZENTIVA ITALIA S.R.L.	Autorizzata	Procedura Mutuo riconoscimento o Decentrata	Medicinali soggetti a prescrizione medica limitativa, da rinnovare volta per volta, vendibili al pubblico su prescrizione di centri ospedalieri o di specialisti
048350060	048350	LENALIDOMIDE ZENTIVA	7,5 MG CAPSULE RIGIDE- 21 CAPSULE IN BLISTER OPA/AL/PVC/AL	LENALIDOMIDE	LENALIDOMIDE			Capsula rigida	L04AX04	ZENTIVA ITALIA S.R.L.	Autorizzata	Procedura Mutuo riconoscimento o Decentrata	Medicinali soggetti a prescrizione medica limitativa, da rinnovare volta per volta, vendibili al pubblico su prescrizione di centri ospedalieri o di specialisti
048350072	048350	LENALIDOMIDE ZENTIVA	10 MG CAPSULE RIGIDE- 7 CAPSULE IN BLISTER OPA/AL/PVC/AL	LENALIDOMIDE	LENALIDOMIDE			Capsula rigida	L04AX04	ZENTIVA ITALIA S.R.L.	Autorizzata	Procedura Mutuo riconoscimento o Decentrata	Medicinali soggetti a prescrizione medica limitativa, da rinnovare volta per volta, vendibili al pubblico su prescrizione di centri ospedalieri o di specialisti
048350084	048350	LENALIDOMIDE ZENTIVA	10 MG CAPSULE RIGIDE- 21 CAPSULE IN BLISTER OPA/AL/PVC/AL	LENALIDOMIDE	LENALIDOMIDE			Capsula rigida	L04AX04	ZENTIVA ITALIA S.R.L.	Autorizzata	Procedura Mutuo riconoscimento o Decentrata	Medicinali soggetti a prescrizione medica limitativa, da rinnovare volta per volta, vendibili al pubblico su prescrizione di centri ospedalieri o di specialisti
048350096	048350	LENALIDOMIDE ZENTIVA	15 MG CAPSULE RIGIDE- 7 CAPSULE IN BLISTER OPA/AL/PVC/AL	LENALIDOMIDE	LENALIDOMIDE			Capsula rigida	L04AX04	ZENTIVA ITALIA S.R.L.	Autorizzata	Procedura Mutuo riconoscimento o Decentrata	Medicinali soggetti a prescrizione medica limitativa, da rinnovare volta per volta, vendibili al pubblico su prescrizione di centri ospedalieri o di specialisti
048350108	048350	LENALIDOMIDE ZENTIVA	15 MG CAPSULE RIGIDE- 21 CAPSULE IN BLISTER OPA/AL/PVC/AL	LENALIDOMIDE	LENALIDOMIDE			Capsula rigida	L04AX04	ZENTIVA ITALIA S.R.L.	Autorizzata	Procedura Mutuo riconoscimento o Decentrata	Medicinali soggetti a prescrizione medica limitativa, da rinnovare volta per volta, vendibili al pubblico su prescrizione di centri ospedalieri o di specialisti
048350110	048350	LENALIDOMIDE ZENTIVA	20 MG CAPSULE RIGIDE- 7 CAPSULE IN BLISTER OPA/AL/PVC/AL	LENALIDOMIDE	LENALIDOMIDE			Capsula rigida	L04AX04	ZENTIVA ITALIA S.R.L.	Autorizzata	Procedura Mutuo riconoscimento o Decentrata	Medicinali soggetti a prescrizione medica limitativa, da rinnovare volta per volta, vendibili al pubblico su prescrizione di centri ospedalieri o di specialisti
048350122	048350	LENALIDOMIDE ZENTIVA	20 MG CAPSULE RIGIDE- 21 CAPSULE IN BLISTER OPA/AL/PVC/AL	LENALIDOMIDE	LENALIDOMIDE			Capsula rigida	L04AX04	ZENTIVA ITALIA S.R.L.	Autorizzata	Procedura Mutuo riconoscimento o Decentrata	Medicinali soggetti a prescrizione medica limitativa, da rinnovare volta per volta, vendibili al pubblico su prescrizione di centri ospedalieri o di specialisti
048350134	048350	LENALIDOMIDE ZENTIVA	25 MG CAPSULE RIGIDE- 7 CAPSULE IN BLISTER OPA/AL/PVC/AL	LENALIDOMIDE	LENALIDOMIDE			Capsula rigida	L04AX04	ZENTIVA ITALIA S.R.L.	Autorizzata	Procedura Mutuo riconoscimento o Decentrata	Medicinali soggetti a prescrizione medica limitativa, da rinnovare volta per volta, vendibili al pubblico su prescrizione di centri ospedalieri o di specialisti
048350146	048350	LENALIDOMIDE ZENTIVA	25 MG CAPSULE RIGIDE- 21 CAPSULE IN BLISTER OPA/AL/PVC/AL	LENALIDOMIDE	LENALIDOMIDE			Capsula rigida	L04AX04	ZENTIVA ITALIA S.R.L.	Autorizzata	Procedura Mutuo riconoscimento o Decentrata	Medicinali soggetti a prescrizione medica limitativa, da rinnovare volta per volta, vendibili al pubblico su prescrizione di centri ospedalieri o di specialisti
048467017	048467	KLEDER	2,5 MG CAPSULE RIGIDE- 7 CAPSULE IN BLISTER PVC/PCTFE/AL	LENALIDOMIDE	LENALIDOMIDE			Capsula rigida	L04AX04	EG S.P.A.	Autorizzata	Procedura Mutuo riconoscimento o Decentrata	Medicinali soggetti a prescrizione medica limitativa, da rinnovare volta per volta, vendibili al pubblico su prescrizione di centri ospedalieri o di specialisti
048467029	048467	KLEDER	2,5 MG CAPSULE RIGIDE- 21 CAPSULE IN BLISTER PVC/PCTFE/AL	LENALIDOMIDE	LENALIDOMIDE			Capsula rigida	L04AX04	EG S.P.A.	Autorizzata	Procedura Mutuo riconoscimento o Decentrata	Medicinali soggetti a prescrizione medica limitativa, da rinnovare volta per volta, vendibili al pubblico su prescrizione di centri ospedalieri o di specialisti
048467031	048467	KLEDER	5 MG CAPSULE RIGIDE- 7 CAPSULE IN BLISTER PVC/PCTFE/AL	LENALIDOMIDE	LENALIDOMIDE			Capsula rigida	L04AX04	EG S.P.A.	Autorizzata	Procedura Mutuo riconoscimento o Decentrata	Medicinali soggetti a prescrizione medica limitativa, da rinnovare volta per volta, vendibili al pubblico su prescrizione di centri ospedalieri o di specialisti
048467043	048467	KLEDER	5 MG CAPSULE RIGIDE- 21 CAPSULE IN BLISTER PVC/PCTFE/AL	LENALIDOMIDE	LENALIDOMIDE			Capsula rigida	L04AX04	EG S.P.A.	Autorizzata	Procedura Mutuo riconoscimento o Decentrata	Medicinali soggetti a prescrizione medica limitativa, da rinnovare volta per volta, vendibili al pubblico su prescrizione di centri ospedalieri o di specialisti
048467068	048467	KLEDER	7,5 MG CAPSULE RIGIDE- 21 CAPSULE IN BLISTER PVC/PCTFE/AL	LENALIDOMIDE	LENALIDOMIDE			Capsula rigida	L04AX04	EG S.P.A.	Autorizzata	Procedura Mutuo riconoscimento o Decentrata	Medicinali soggetti a prescrizione medica limitativa, da rinnovare volta per volta, vendibili al pubblico su prescrizione di centri ospedalieri o di specialisti
048467070	048467	KLEDER	10 MG CAPSULE RIGIDE- 7 CAPSULE IN BLISTER PVC/PCTFE/AL	LENALIDOMIDE	LENALIDOMIDE			Capsula rigida	L04AX04	EG S.P.A.	Autorizzata	Procedura Mutuo riconoscimento o Decentrata	Medicinali soggetti a prescrizione medica limitativa, da rinnovare volta per volta, vendibili al pubblico su prescrizione di centri ospedalieri o di specialisti
048467082	048467	KLEDER	10 MG CAPSULE RIGIDE- 21 CAPSULE IN BLISTER PVC/PCTFE/AL	LENALIDOMIDE	LENALIDOMIDE			Capsula rigida	L04AX04	EG S.P.A.	Autorizzata	Procedura Mutuo riconoscimento o Decentrata	Medicinali soggetti a prescrizione medica limitativa, da rinnovare volta per volta, vendibili al pubblico su prescrizione di centri ospedalieri o di specialisti
048467094	048467	KLEDER	15 MG CAPSULE RIGIDE- 7 CAPSULE IN BLISTER PVC/PCTFE/AL	LENALIDOMIDE	LENALIDOMIDE			Capsula rigida	L04AX04	EG S.P.A.	Autorizzata	Procedura Mutuo riconoscimento o Decentrata	Medicinali soggetti a prescrizione medica limitativa, da rinnovare volta per volta, vendibili al pubblico su prescrizione di centri ospedalieri o di specialisti
048467106	048467	KLEDER	15 MG CAPSULE RIGIDE- 21 CAPSULE IN BLISTER PVC/PCTFE/AL	LENALIDOMIDE	LENALIDOMIDE			Capsula rigida	L04AX04	EG S.P.A.	Autorizzata	Procedura Mutuo riconoscimento o Decentrata	Medicinali soggetti a prescrizione medica limitativa, da rinnovare volta per volta, vendibili al pubblico su prescrizione di centri ospedalieri o di specialisti
048467118	048467	KLEDER	20 MG CAPSULE RIGIDE- 21 CAPSULE IN BLISTER PVC/PCTFE/AL	LENALIDOMIDE	LENALIDOMIDE			Capsula rigida	L04AX04	EG S.P.A.	Autorizzata	Procedura Mutuo riconoscimento o Decentrata	Medicinali soggetti a prescrizione medica limitativa, da rinnovare volta per volta, vendibili al pubblico su prescrizione di centri ospedalieri o di specialisti
048467120	048467	KLEDER	25 MG CAPSULE RIGIDE- 21 CAPSULE IN BLISTER PVC/PCTFE/AL	LENALIDOMIDE	LENALIDOMIDE			Capsula rigida	L04AX04	EG S.P.A.	Autorizzata	Procedura Mutuo riconoscimento o Decentrata	Medicinali soggetti a prescrizione medica limitativa, da rinnovare volta per volta, vendibili al pubblico su prescrizione di centri ospedalieri o di specialisti
048750018	048750	LENALIDOMIDE OLPHA	2,5 MG CAPSULE RIGIDE- 7 CAPSULE IN BLISTER PVC/PCTFE/AL	LENALIDOMIDE	LENALIDOMIDE			Capsula rigida	L04AX04	OLPHA AS	Autorizzata	Procedura Mutuo riconoscimento o Decentrata	Medicinali soggetti a prescrizione medica limitativa, da rinnovare volta per volta, vendibili al pubblico su prescrizione di centri ospedalieri o di specialisti
048750020	048750	LENALIDOMIDE OLPHA	2,5 MG CAPSULE RIGIDE- 21 CAPSULE IN BLISTER PVC/PCTFE/AL	LENALIDOMIDE	LENALIDOMIDE			Capsula rigida	L04AX04	OLPHA AS	Autorizzata	Procedura Mutuo riconoscimento o Decentrata	Medicinali soggetti a prescrizione medica limitativa, da rinnovare volta per volta, vendibili al pubblico su prescrizione di centri ospedalieri o di specialisti
048750032	048750	LENALIDOMIDE OLPHA	5 MG CAPSULE RIGIDE- 7 CAPSULE IN BLISTER PVC/PCTFE/AL	LENALIDOMIDE	LENALIDOMIDE			Capsula rigida	L04AX04	OLPHA AS	Autorizzata	Procedura Mutuo riconoscimento o Decentrata	Medicinali soggetti a prescrizione medica limitativa, da rinnovare volta per volta, vendibili al pubblico su prescrizione di centri ospedalieri o di specialisti
048750044	048750	LENALIDOMIDE OLPHA	5 MG CAPSULE RIGIDE- 21 CAPSULE IN BLISTER PVC/PCTFE/AL	LENALIDOMIDE	LENALIDOMIDE			Capsula rigida	L04AX04	OLPHA AS	Autorizzata	Procedura Mutuo riconoscimento o Decentrata	Medicinali soggetti a prescrizione medica limitativa, da rinnovare volta per volta, vendibili al pubblico su prescrizione di centri ospedalieri o di specialisti
048750057	048750	LENALIDOMIDE OLPHA	7,5 MG CAPSULE RIGIDE- 7 CAPSULE IN BLISTER PVC/PCTFE/AL	LENALIDOMIDE	LENALIDOMIDE			Capsula rigida	L04AX04	OLPHA AS	Autorizzata	Procedura Mutuo riconoscimento o Decentrata	Medicinali soggetti a prescrizione medica limitativa, da rinnovare volta per volta, vendibili al pubblico su prescrizione di centri ospedalieri o di specialisti
048750069	048750	LENALIDOMIDE OLPHA	7,5 MG CAPSULE RIGIDE- 21 CAPSULE IN BLISTER PVC/PCTFE/AL	LENALIDOMIDE	LENALIDOMIDE			Capsula rigida	L04AX04	OLPHA AS	Autorizzata	Procedura Mutuo riconoscimento o Decentrata	Medicinali soggetti a prescrizione medica limitativa, da rinnovare volta per volta, vendibili al pubblico su prescrizione di centri ospedalieri o di specialisti
048750071	048750	LENALIDOMIDE OLPHA	10 MG CAPSULE RIGIDE- 7 CAPSULE IN BLISTER PVC/PCTFE/AL	LENALIDOMIDE	LENALIDOMIDE			Capsula rigida	L04AX04	OLPHA AS	Autorizzata	Procedura Mutuo riconoscimento o Decentrata	Medicinali soggetti a prescrizione medica limitativa, da rinnovare volta per volta, vendibili al pubblico su prescrizione di centri ospedalieri o di specialisti
048750083	048750	LENALIDOMIDE OLPHA	10 MG CAPSULE RIGIDE- 21 CAPSULE IN BLISTER PVC/PCTFE/AL	LENALIDOMIDE	LENALIDOMIDE			Capsula rigida	L04AX04	OLPHA AS	Autorizzata	Procedura Mutuo riconoscimento o Decentrata	Medicinali soggetti a prescrizione medica limitativa, da rinnovare volta per volta, vendibili al pubblico su prescrizione di centri ospedalieri o di specialisti
048750095	048750	LENALIDOMIDE OLPHA	15 MG CAPSULE RIGIDE- 7 CAPSULE IN BLISTER PVC/PCTFE/AL	LENALIDOMIDE	LENALIDOMIDE			Capsula rigida	L04AX04	OLPHA AS	Autorizzata	Procedura Mutuo riconoscimento o Decentrata	Medicinali soggetti a prescrizione medica limitativa, da rinnovare volta per volta, vendibili al pubblico su prescrizione di centri ospedalieri o di specialisti
048750107	048750	LENALIDOMIDE OLPHA	15 MG CAPSULE RIGIDE- 21 CAPSULE IN BLISTER PVC/PCTFE/AL	LENALIDOMIDE	LENALIDOMIDE			Capsula rigida	L04AX04	OLPHA AS	Autorizzata	Procedura Mutuo riconoscimento o Decentrata	Medicinali soggetti a prescrizione medica limitativa, da rinnovare volta per volta, vendibili al pubblico su prescrizione di centri ospedalieri o di specialisti
048750119	048750	LENALIDOMIDE OLPHA	20 MG CAPSULE RIGIDE- 7 CAPSULE IN BLISTER PVC/PCTFE/AL	LENALIDOMIDE	LENALIDOMIDE			Capsula rigida	L04AX04	OLPHA AS	Autorizzata	Procedura Mutuo riconoscimento o Decentrata	Medicinali soggetti a prescrizione medica limitativa, da rinnovare volta per volta, vendibili al pubblico su prescrizione di centri ospedalieri o di specialisti
048750121	048750	LENALIDOMIDE OLPHA	20 MG CAPSULE RIGIDE- 21 CAPSULE IN BLISTER PVC/PCTFE/AL	LENALIDOMIDE	LENALIDOMIDE			Capsula rigida	L04AX04	OLPHA AS	Autorizzata	Procedura Mutuo riconoscimento o Decentrata	Medicinali soggetti a prescrizione medica limitativa, da rinnovare volta per volta, vendibili al pubblico su prescrizione di centri ospedalieri o di specialisti
048750133	048750	LENALIDOMIDE OLPHA	25 MG CAPSULE RIGIDE- 7 CAPSULE IN BLISTER PVC/PCTFE/AL	LENALIDOMIDE	LENALIDOMIDE			Capsula rigida	L04AX04	OLPHA AS	Autorizzata	Procedura Mutuo riconoscimento o Decentrata	Medicinali soggetti a prescrizione medica limitativa, da rinnovare volta per volta, vendibili al pubblico su prescrizione di centri ospedalieri o di specialisti
048750145	048750	LENALIDOMIDE OLPHA	25 MG CAPSULE RIGIDE- 21 CAPSULE IN BLISTER PVC/PCTFE/AL	LENALIDOMIDE	LENALIDOMIDE			Capsula rigida	L04AX04	OLPHA AS	Autorizzata	Procedura Mutuo riconoscimento o Decentrata	Medicinali soggetti a prescrizione medica limitativa, da rinnovare volta per volta, vendibili al pubblico su prescrizione di centri ospedalieri o di specialisti
049282015	049282	LENALIDOMIDE MYLAN	2,5 MG - CAPSULA RIGIDA - USO ORALE - BLISTER (PVC/ACLAR/ALU) - 7 CAPSULE	LENALIDOMIDE	LENALIDOMIDE	2.5	milligrammi	Capsula rigida	L04AX04	MYLAN PHARMACEUTICALS LIMITED	Autorizzata	Procedura Centralizzata	Medicinali soggetti a prescrizione medica limitativa, da rinnovare volta per volta, vendibili al pubblico su prescrizione di centri ospedalieri o di specialisti
049282027	049282	LENALIDOMIDE MYLAN	2,5 MG - CAPSULA RIGIDA - USO ORALE - BLISTER (PVC/ACLAR/ALU) - 21 CAPSULE	LENALIDOMIDE	LENALIDOMIDE	2.5	milligrammi	Capsula rigida	L04AX04	MYLAN PHARMACEUTICALS LIMITED	Autorizzata	Procedura Centralizzata	Medicinali soggetti a prescrizione medica limitativa, da rinnovare volta per volta, vendibili al pubblico su prescrizione di centri ospedalieri o di specialisti
049282039	049282	LENALIDOMIDE MYLAN	2,5 MG - CAPSULA RIGIDA - USO ORALE - BLISTER (PVC/ACLAR/ALU) - 21 X 1 CAPSULE (DOSE UNITARIA)	LENALIDOMIDE	LENALIDOMIDE	2.5	milligrammi	Capsula rigida	L04AX04	MYLAN PHARMACEUTICALS LIMITED	Autorizzata	Procedura Centralizzata	Medicinali soggetti a prescrizione medica limitativa, da rinnovare volta per volta, vendibili al pubblico su prescrizione di centri ospedalieri o di specialisti
049282041	049282	LENALIDOMIDE MYLAN	5 MG - CAPSULA RIGIDA - USO ORALE - BLISTER (PVC/ACLAR/ALU) - 21 CAPSULE	LENALIDOMIDE	LENALIDOMIDE	5	milligrammi	Capsula rigida	L04AX04	MYLAN PHARMACEUTICALS LIMITED	Autorizzata	Procedura Centralizzata	Medicinali soggetti a prescrizione medica limitativa, da rinnovare volta per volta, vendibili al pubblico su prescrizione di centri ospedalieri o di specialisti
049282054	049282	LENALIDOMIDE MYLAN	5 MG - CAPSULA RIGIDA - USO ORALE - BLISTER (PVC/ACLAR/ALU) - 21 X 1 CAPSULE (DOSE UNITARIA)	LENALIDOMIDE	LENALIDOMIDE	5	milligrammi	Capsula rigida	L04AX04	MYLAN PHARMACEUTICALS LIMITED	Autorizzata	Procedura Centralizzata	Medicinali soggetti a prescrizione medica limitativa, da rinnovare volta per volta, vendibili al pubblico su prescrizione di centri ospedalieri o di specialisti
049282066	049282	LENALIDOMIDE MYLAN	7,5 MG - CAPSULA RIGIDA - USO ORALE - BLISTER (PVC/ACLAR/ALU) - 7 CAPSULE	LENALIDOMIDE	LENALIDOMIDE	7.5	milligrammi	Capsula rigida	L04AX04	MYLAN PHARMACEUTICALS LIMITED	Autorizzata	Procedura Centralizzata	Medicinali soggetti a prescrizione medica limitativa, da rinnovare volta per volta, vendibili al pubblico su prescrizione di centri ospedalieri o di specialisti
049282078	049282	LENALIDOMIDE MYLAN	7,5 MG - CAPSULA RIGIDA - USO ORALE - BLISTER (PVC/ACLAR/ALU) - 21 CAPSULE	LENALIDOMIDE	LENALIDOMIDE	7.5	milligrammi	Capsula rigida	L04AX04	MYLAN PHARMACEUTICALS LIMITED	Autorizzata	Procedura Centralizzata	Medicinali soggetti a prescrizione medica limitativa, da rinnovare volta per volta, vendibili al pubblico su prescrizione di centri ospedalieri o di specialisti
049282080	049282	LENALIDOMIDE MYLAN	7,5 MG - CAPSULA RIGIDA - USO ORALE - BLISTER (PVC/ACLAR/ALU) - 21 X 1 CAPSULE (DOSE UNITARIA)	LENALIDOMIDE	LENALIDOMIDE	7.5	milligrammi	Capsula rigida	L04AX04	MYLAN PHARMACEUTICALS LIMITED	Autorizzata	Procedura Centralizzata	Medicinali soggetti a prescrizione medica limitativa, da rinnovare volta per volta, vendibili al pubblico su prescrizione di centri ospedalieri o di specialisti
049282092	049282	LENALIDOMIDE MYLAN	10 MG - CAPSULA RIGIDA - USO ORALE - BLISTER (PVC/ACLAR/ALU) - 21 CAPSULE	LENALIDOMIDE	LENALIDOMIDE	10	milligrammi	Capsula rigida	L04AX04	MYLAN PHARMACEUTICALS LIMITED	Autorizzata	Procedura Centralizzata	Medicinali soggetti a prescrizione medica limitativa, da rinnovare volta per volta, vendibili al pubblico su prescrizione di centri ospedalieri o di specialisti
049282104	049282	LENALIDOMIDE MYLAN	10 MG - CAPSULA RIGIDA - USO ORALE - BLISTER (PVC/ACLAR/ALU) - 21 X 1 CAPSULE (DOSE UNITARIA)	LENALIDOMIDE	LENALIDOMIDE	10	milligrammi	Capsula rigida	L04AX04	MYLAN PHARMACEUTICALS LIMITED	Autorizzata	Procedura Centralizzata	Medicinali soggetti a prescrizione medica limitativa, da rinnovare volta per volta, vendibili al pubblico su prescrizione di centri ospedalieri o di specialisti
049282116	049282	LENALIDOMIDE MYLAN	15 MG - CAPSULA RIGIDA - USO ORALE - BLISTER (PVC/ACLAR/ALU) - 21 CAPSULE	LENALIDOMIDE	LENALIDOMIDE	15	milligrammi	Capsula rigida	L04AX04	MYLAN PHARMACEUTICALS LIMITED	Autorizzata	Procedura Centralizzata	Medicinali soggetti a prescrizione medica limitativa, da rinnovare volta per volta, vendibili al pubblico su prescrizione di centri ospedalieri o di specialisti
049282128	049282	LENALIDOMIDE MYLAN	15 MG - CAPSULA RIGIDA - USO ORALE - BLISTER (PVC/ACLAR/ALU) - 21 X 1 CAPSULE (DOSE UNITARIA)	LENALIDOMIDE	LENALIDOMIDE	15	milligrammi	Capsula rigida	L04AX04	MYLAN PHARMACEUTICALS LIMITED	Autorizzata	Procedura Centralizzata	Medicinali soggetti a prescrizione medica limitativa, da rinnovare volta per volta, vendibili al pubblico su prescrizione di centri ospedalieri o di specialisti
049282130	049282	LENALIDOMIDE MYLAN	20 MG - CAPSULA RIGIDA - USO ORALE - BLISTER (PVC/ACLAR/ALU) - 7 CAPSULE	LENALIDOMIDE	LENALIDOMIDE	20	milligrammi	Capsula rigida	L04AX04	MYLAN PHARMACEUTICALS LIMITED	Autorizzata	Procedura Centralizzata	Medicinali soggetti a prescrizione medica limitativa, da rinnovare volta per volta, vendibili al pubblico su prescrizione di centri ospedalieri o di specialisti
049282142	049282	LENALIDOMIDE MYLAN	20 MG - CAPSULA RIGIDA - USO ORALE - BLISTER (PVC/ACLAR/ALU) - 21 CAPSULE	LENALIDOMIDE	LENALIDOMIDE	20	milligrammi	Capsula rigida	L04AX04	MYLAN PHARMACEUTICALS LIMITED	Autorizzata	Procedura Centralizzata	Medicinali soggetti a prescrizione medica limitativa, da rinnovare volta per volta, vendibili al pubblico su prescrizione di centri ospedalieri o di specialisti
049282155	049282	LENALIDOMIDE MYLAN	20 MG - CAPSULA RIGIDA - USO ORALE - BLISTER (PVC/ACLAR/ALU) - 21 X 1 CAPSULE (DOSE UNITARIA)	LENALIDOMIDE	LENALIDOMIDE	20	milligrammi	Capsula rigida	L04AX04	MYLAN PHARMACEUTICALS LIMITED	Autorizzata	Procedura Centralizzata	Medicinali soggetti a prescrizione medica limitativa, da rinnovare volta per volta, vendibili al pubblico su prescrizione di centri ospedalieri o di specialisti
049282167	049282	LENALIDOMIDE MYLAN	25 MG - CAPSULA RIGIDA - USO ORALE - BLISTER (PVC/ACLAR/ALU) - 7 CAPSULE	LENALIDOMIDE	LENALIDOMIDE	25	milligrammi	Capsula rigida	L04AX04	MYLAN PHARMACEUTICALS LIMITED	Autorizzata	Procedura Centralizzata	Medicinali soggetti a prescrizione medica limitativa, da rinnovare volta per volta, vendibili al pubblico su prescrizione di centri ospedalieri o di specialisti
049282179	049282	LENALIDOMIDE MYLAN	25 MG - CAPSULA RIGIDA - USO ORALE - BLISTER (PVC/ACLAR/ALU) - 21 CAPSULE	LENALIDOMIDE	LENALIDOMIDE	25	milligrammi	Capsula rigida	L04AX04	MYLAN PHARMACEUTICALS LIMITED	Autorizzata	Procedura Centralizzata	Medicinali soggetti a prescrizione medica limitativa, da rinnovare volta per volta, vendibili al pubblico su prescrizione di centri ospedalieri o di specialisti
049282181	049282	LENALIDOMIDE MYLAN	25 MG - CAPSULA RIGIDA - USO ORALE - BLISTER (PVC/ACLAR/ALU) - 21 X 1 CAPSULE (DOSE UNITARIA)	LENALIDOMIDE	LENALIDOMIDE	25	milligrammi	Capsula rigida	L04AX04	MYLAN PHARMACEUTICALS LIMITED	Autorizzata	Procedura Centralizzata	Medicinali soggetti a prescrizione medica limitativa, da rinnovare volta per volta, vendibili al pubblico su prescrizione di centri ospedalieri o di specialisti
049282193	049282	LENALIDOMIDE MYLAN	2.5 mg - Capsula rigida - Uso orale - blister (PVC/Aclar/alu) - 7 x 1 capsule (dose unitaria)	LENALIDOMIDE	LENALIDOMIDE	2.5	milligrammi	Capsula rigida	L04AX04	MYLAN PHARMACEUTICALS LIMITED	Autorizzata	Procedura Centralizzata	Medicinali soggetti a prescrizione medica limitativa, da rinnovare volta per volta, vendibili al pubblico su prescrizione di centri ospedalieri o di specialisti
049282205	049282	LENALIDOMIDE MYLAN	5 mg - Capsula rigida - Uso orale - blister (PVC/Aclar/alu) - 7 x 1 capsule (dose unitaria)	LENALIDOMIDE	LENALIDOMIDE	5	milligrammi	Capsula rigida	L04AX04	MYLAN PHARMACEUTICALS LIMITED	Autorizzata	Procedura Centralizzata	Medicinali soggetti a prescrizione medica limitativa, da rinnovare volta per volta, vendibili al pubblico su prescrizione di centri ospedalieri o di specialisti
049282217	049282	LENALIDOMIDE MYLAN	7.5 mg - Capsula rigida - Uso orale - blister (PVC/Aclar/alu) - 7 x 1 capsule (dose unitaria)	LENALIDOMIDE	LENALIDOMIDE	7.5	milligrammi	Capsula rigida	L04AX04	MYLAN PHARMACEUTICALS LIMITED	Autorizzata	Procedura Centralizzata	Medicinali soggetti a prescrizione medica limitativa, da rinnovare volta per volta, vendibili al pubblico su prescrizione di centri ospedalieri o di specialisti
049282229	049282	LENALIDOMIDE MYLAN	10 mg - Capsula rigida - Uso orale - blister (PVC/Aclar/alu) - 7 capsule	LENALIDOMIDE	LENALIDOMIDE	10	milligrammi	Capsula rigida	L04AX04	MYLAN PHARMACEUTICALS LIMITED	Autorizzata	Procedura Centralizzata	Medicinali soggetti a prescrizione medica limitativa, da rinnovare volta per volta, vendibili al pubblico su prescrizione di centri ospedalieri o di specialisti
049282231	049282	LENALIDOMIDE MYLAN	10 mg - Capsula rigida - Uso orale - blister (PVC/Aclar/alu) - 7 x 1 capsule (dose unitaria)	LENALIDOMIDE	LENALIDOMIDE	10	milligrammi	Capsula rigida	L04AX04	MYLAN PHARMACEUTICALS LIMITED	Autorizzata	Procedura Centralizzata	Medicinali soggetti a prescrizione medica limitativa, da rinnovare volta per volta, vendibili al pubblico su prescrizione di centri ospedalieri o di specialisti
049282243	049282	LENALIDOMIDE MYLAN	15 mg - Capsula rigida - Uso orale - blister (PVC/Aclar/alu) - 7 x 1 capsule (dose unitaria)	LENALIDOMIDE	LENALIDOMIDE	15	milligrammi	Capsula rigida	L04AX04	MYLAN PHARMACEUTICALS LIMITED	Autorizzata	Procedura Centralizzata	Medicinali soggetti a prescrizione medica limitativa, da rinnovare volta per volta, vendibili al pubblico su prescrizione di centri ospedalieri o di specialisti
049282256	049282	LENALIDOMIDE MYLAN	20 mg - Capsula rigida - Uso orale - blister (PVC/Aclar/alu) - 7 x 1 capsule (dose unitaria)	LENALIDOMIDE	LENALIDOMIDE	20	milligrammi	Capsula rigida	L04AX04	MYLAN PHARMACEUTICALS LIMITED	Autorizzata	Procedura Centralizzata	Medicinali soggetti a prescrizione medica limitativa, da rinnovare volta per volta, vendibili al pubblico su prescrizione di centri ospedalieri o di specialisti
049282268	049282	LENALIDOMIDE MYLAN	25 mg - Capsula rigida - Uso orale - blister (PVC/Aclar/alu) - 7 x 1 capsule (dose unitaria)	LENALIDOMIDE	LENALIDOMIDE	25	milligrammi	Capsula rigida	L04AX04	MYLAN PHARMACEUTICALS LIMITED	Autorizzata	Procedura Centralizzata	Medicinali soggetti a prescrizione medica limitativa, da rinnovare volta per volta, vendibili al pubblico su prescrizione di centri ospedalieri o di specialisti
049360011	049360	LENALIDOMIDE GRINDEKS	2,5 MG CAPSULE RIGIDE- 7 CAPSULE IN BLISTER AL/PVC/ACLAR/PVC	LENALIDOMIDE	LENALIDOMIDE			Capsula rigida	L04AX04	AS GRINDEKS	Autorizzata	Procedura Mutuo riconoscimento o Decentrata	Medicinali soggetti a prescrizione medica limitativa, da rinnovare volta per volta, vendibili al pubblico su prescrizione di centri ospedalieri o di specialisti
049360023	049360	LENALIDOMIDE GRINDEKS	2,5 MG CAPSULE RIGIDE- 21 CAPSULE IN BLISTER AL/PVC/ACLAR/PVC	LENALIDOMIDE	LENALIDOMIDE			Capsula rigida	L04AX04	AS GRINDEKS	Autorizzata	Procedura Mutuo riconoscimento o Decentrata	Medicinali soggetti a prescrizione medica limitativa, da rinnovare volta per volta, vendibili al pubblico su prescrizione di centri ospedalieri o di specialisti
049360035	049360	LENALIDOMIDE GRINDEKS	5 MG CAPSULE RIGIDE- 7 CAPSULE IN BLISTER AL/PVC/ACLAR/PVC	LENALIDOMIDE	LENALIDOMIDE			Capsula rigida	L04AX04	AS GRINDEKS	Autorizzata	Procedura Mutuo riconoscimento o Decentrata	Medicinali soggetti a prescrizione medica limitativa, da rinnovare volta per volta, vendibili al pubblico su prescrizione di centri ospedalieri o di specialisti
049360047	049360	LENALIDOMIDE GRINDEKS	5 MG CAPSULE RIGIDE- 21 CAPSULE IN BLISTER AL/PVC/ACLAR/PVC	LENALIDOMIDE	LENALIDOMIDE			Capsula rigida	L04AX04	AS GRINDEKS	Autorizzata	Procedura Mutuo riconoscimento o Decentrata	Medicinali soggetti a prescrizione medica limitativa, da rinnovare volta per volta, vendibili al pubblico su prescrizione di centri ospedalieri o di specialisti
049360050	049360	LENALIDOMIDE GRINDEKS	7,5 MG CAPSULE RIGIDE- 7 CAPSULE IN BLISTER AL/PVC/ACLAR/PVC	LENALIDOMIDE	LENALIDOMIDE			Capsula rigida	L04AX04	AS GRINDEKS	Autorizzata	Procedura Mutuo riconoscimento o Decentrata	Medicinali soggetti a prescrizione medica limitativa, da rinnovare volta per volta, vendibili al pubblico su prescrizione di centri ospedalieri o di specialisti
049360062	049360	LENALIDOMIDE GRINDEKS	7,5 MG CAPSULE RIGIDE- 21 CAPSULE IN BLISTER AL/PVC/ACLAR/PVC	LENALIDOMIDE	LENALIDOMIDE			Capsula rigida	L04AX04	AS GRINDEKS	Autorizzata	Procedura Mutuo riconoscimento o Decentrata	Medicinali soggetti a prescrizione medica limitativa, da rinnovare volta per volta, vendibili al pubblico su prescrizione di centri ospedalieri o di specialisti
049360074	049360	LENALIDOMIDE GRINDEKS	10 MG CAPSULE RIGIDE- 7 CAPSULE IN BLISTER AL/PVC/ACLAR/PVC	LENALIDOMIDE	LENALIDOMIDE			Capsula rigida	L04AX04	AS GRINDEKS	Autorizzata	Procedura Mutuo riconoscimento o Decentrata	Medicinali soggetti a prescrizione medica limitativa, da rinnovare volta per volta, vendibili al pubblico su prescrizione di centri ospedalieri o di specialisti
049360086	049360	LENALIDOMIDE GRINDEKS	10 MG CAPSULE RIGIDE- 21 CAPSULE IN BLISTER AL/PVC/ACLAR/PVC	LENALIDOMIDE	LENALIDOMIDE			Capsula rigida	L04AX04	AS GRINDEKS	Autorizzata	Procedura Mutuo riconoscimento o Decentrata	Medicinali soggetti a prescrizione medica limitativa, da rinnovare volta per volta, vendibili al pubblico su prescrizione di centri ospedalieri o di specialisti
049360098	049360	LENALIDOMIDE GRINDEKS	15 MG CAPSULE RIGIDE- 7 CAPSULE IN BLISTER AL/PVC/ACLAR/PVC	LENALIDOMIDE	LENALIDOMIDE			Capsula rigida	L04AX04	AS GRINDEKS	Autorizzata	Procedura Mutuo riconoscimento o Decentrata	Medicinali soggetti a prescrizione medica limitativa, da rinnovare volta per volta, vendibili al pubblico su prescrizione di centri ospedalieri o di specialisti
049360100	049360	LENALIDOMIDE GRINDEKS	15 MG CAPSULE RIGIDE- 21 CAPSULE IN BLISTER AL/PVC/ACLAR/PVC	LENALIDOMIDE	LENALIDOMIDE			Capsula rigida	L04AX04	AS GRINDEKS	Autorizzata	Procedura Mutuo riconoscimento o Decentrata	Medicinali soggetti a prescrizione medica limitativa, da rinnovare volta per volta, vendibili al pubblico su prescrizione di centri ospedalieri o di specialisti
049360112	049360	LENALIDOMIDE GRINDEKS	20 MG CAPSULE RIGIDE- 7 CAPSULE IN BLISTER AL/PVC/ACLAR/PVC	LENALIDOMIDE	LENALIDOMIDE			Capsula rigida	L04AX04	AS GRINDEKS	Autorizzata	Procedura Mutuo riconoscimento o Decentrata	Medicinali soggetti a prescrizione medica limitativa, da rinnovare volta per volta, vendibili al pubblico su prescrizione di centri ospedalieri o di specialisti
049360124	049360	LENALIDOMIDE GRINDEKS	20 MG CAPSULE RIGIDE- 21 CAPSULE IN BLISTER AL/PVC/ACLAR/PVC	LENALIDOMIDE	LENALIDOMIDE			Capsula rigida	L04AX04	AS GRINDEKS	Autorizzata	Procedura Mutuo riconoscimento o Decentrata	Medicinali soggetti a prescrizione medica limitativa, da rinnovare volta per volta, vendibili al pubblico su prescrizione di centri ospedalieri o di specialisti
049360136	049360	LENALIDOMIDE GRINDEKS	25 MG CAPSULE RIGIDE- 7 CAPSULE IN BLISTER AL/PVC/ACLAR/PVC	LENALIDOMIDE	LENALIDOMIDE			Capsula rigida	L04AX04	AS GRINDEKS	Autorizzata	Procedura Mutuo riconoscimento o Decentrata	Medicinali soggetti a prescrizione medica limitativa, da rinnovare volta per volta, vendibili al pubblico su prescrizione di centri ospedalieri o di specialisti
049360148	049360	LENALIDOMIDE GRINDEKS	25 MG CAPSULE RIGIDE- 21 CAPSULE IN BLISTER AL/PVC/ACLAR/PVC	LENALIDOMIDE	LENALIDOMIDE			Capsula rigida	L04AX04	AS GRINDEKS	Autorizzata	Procedura Mutuo riconoscimento o Decentrata	Medicinali soggetti a prescrizione medica limitativa, da rinnovare volta per volta, vendibili al pubblico su prescrizione di centri ospedalieri o di specialisti
049379011	049379	LENALIDOMIDE KRKA	2,5 MG - CAPSULA RIGIDA - USO ORALE - BLISTER (OPA/AL/PVC/PET/AL) - 7 X 1 CAPSULE (BLISTER DIVISIBILE PER DOSE UNITARIA)	LENALIDOMIDE	LENALIDOMIDE			Capsula rigida	L04AX04	KRKA D.D. NOVO MESTO	Autorizzata	Procedura Centralizzata	Medicinali soggetti a prescrizione medica limitativa, da rinnovare volta per volta, vendibili al pubblico su prescrizione di centri ospedalieri o di specialisti
049379023	049379	LENALIDOMIDE KRKA	2,5 MG - CAPSULA RIGIDA - USO ORALE - BLISTER (OPA/AL/PVC/PET/AL) - 21 X 1 CAPSULE (BLISTER DIVISIBILE PER DOSE UNITARIA)	LENALIDOMIDE	LENALIDOMIDE			Capsula rigida	L04AX04	KRKA D.D. NOVO MESTO	Autorizzata	Procedura Centralizzata	Medicinali soggetti a prescrizione medica limitativa, da rinnovare volta per volta, vendibili al pubblico su prescrizione di centri ospedalieri o di specialisti
049379035	049379	LENALIDOMIDE KRKA	5 MG - CAPSULA RIGIDA - USO ORALE - BLISTER (OPA/AL/PVC/PET/AL) - 7 X 1 CAPSULE (BLISTER DIVISIBILE PER DOSE UNITARIA)	LENALIDOMIDE	LENALIDOMIDE			Capsula rigida	L04AX04	KRKA D.D. NOVO MESTO	Autorizzata	Procedura Centralizzata	Medicinali soggetti a prescrizione medica limitativa, da rinnovare volta per volta, vendibili al pubblico su prescrizione di centri ospedalieri o di specialisti
049379047	049379	LENALIDOMIDE KRKA	5 MG - CAPSULA RIGIDA - USO ORALE - BLISTER (OPA/AL/PVC/PET/AL) - 21 X 1 CAPSULE (BLISTER DIVISIBILE PER DOSE UNITARIA)	LENALIDOMIDE	LENALIDOMIDE			Capsula rigida	L04AX04	KRKA D.D. NOVO MESTO	Autorizzata	Procedura Centralizzata	Medicinali soggetti a prescrizione medica limitativa, da rinnovare volta per volta, vendibili al pubblico su prescrizione di centri ospedalieri o di specialisti
049379050	049379	LENALIDOMIDE KRKA	7,5 MG - CAPSULA RIGIDA - USO ORALE - BLISTER (OPA/AL/PVC/PET/AL) - 7 X 1 CAPSULE (BLISTER DIVISIBILE PER DOSE UNITARIA)	LENALIDOMIDE	LENALIDOMIDE			Capsula rigida	L04AX04	KRKA D.D. NOVO MESTO	Autorizzata	Procedura Centralizzata	Medicinali soggetti a prescrizione medica limitativa, da rinnovare volta per volta, vendibili al pubblico su prescrizione di centri ospedalieri o di specialisti
049379062	049379	LENALIDOMIDE KRKA	7,5 MG - CAPSULA RIGIDA - USO ORALE - BLISTER (OPA/AL/PVC/PET/AL) - 21 X 1 CAPSULE (BLISTER DIVISIBILE PER DOSE UNITARIA)	LENALIDOMIDE	LENALIDOMIDE			Capsula rigida	L04AX04	KRKA D.D. NOVO MESTO	Autorizzata	Procedura Centralizzata	Medicinali soggetti a prescrizione medica limitativa, da rinnovare volta per volta, vendibili al pubblico su prescrizione di centri ospedalieri o di specialisti
049379074	049379	LENALIDOMIDE KRKA	10 MG - CAPSULA RIGIDA - USO ORALE - BLISTER (OPA/AL/PVC/PET/AL) - 7 X 1 CAPSULE (BLISTER DIVISIBILE PER DOSE UNITARIA)	LENALIDOMIDE	LENALIDOMIDE			Capsula rigida	L04AX04	KRKA D.D. NOVO MESTO	Autorizzata	Procedura Centralizzata	Medicinali soggetti a prescrizione medica limitativa, da rinnovare volta per volta, vendibili al pubblico su prescrizione di centri ospedalieri o di specialisti
049379086	049379	LENALIDOMIDE KRKA	10 MG - CAPSULA RIGIDA - USO ORALE - BLISTER (OPA/AL/PVC/PET/AL) - 21 X 1 CAPSULE (BLISTER DIVISIBILE PER DOSE UNITARIA)	LENALIDOMIDE	LENALIDOMIDE			Capsula rigida	L04AX04	KRKA D.D. NOVO MESTO	Autorizzata	Procedura Centralizzata	Medicinali soggetti a prescrizione medica limitativa, da rinnovare volta per volta, vendibili al pubblico su prescrizione di centri ospedalieri o di specialisti
049379098	049379	LENALIDOMIDE KRKA	15 MG - CAPSULA RIGIDA - USO ORALE - BLISTER (OPA/AL/PVC/PET/AL) - 7 X 1 CAPSULE (BLISTER DIVISIBILE PER DOSE UNITARIA)	LENALIDOMIDE	LENALIDOMIDE			Capsula rigida	L04AX04	KRKA D.D. NOVO MESTO	Autorizzata	Procedura Centralizzata	Medicinali soggetti a prescrizione medica limitativa, da rinnovare volta per volta, vendibili al pubblico su prescrizione di centri ospedalieri o di specialisti
049379100	049379	LENALIDOMIDE KRKA	15 MG - CAPSULA RIGIDA - USO ORALE - BLISTER (OPA/AL/PVC/PET/AL) - 21 X 1 CAPSULE (BLISTER DIVISIBILE PER DOSE UNITARIA)	LENALIDOMIDE	LENALIDOMIDE			Capsula rigida	L04AX04	KRKA D.D. NOVO MESTO	Autorizzata	Procedura Centralizzata	Medicinali soggetti a prescrizione medica limitativa, da rinnovare volta per volta, vendibili al pubblico su prescrizione di centri ospedalieri o di specialisti
049379112	049379	LENALIDOMIDE KRKA	20 MG - CAPSULA RIGIDA - USO ORALE - BLISTER (OPA/AL/PVC/PET/AL) - 7 X 1 CAPSULE (BLISTER DIVISIBILE PER DOSE UNITARIA)	LENALIDOMIDE	LENALIDOMIDE			Capsula rigida	L04AX04	KRKA D.D. NOVO MESTO	Autorizzata	Procedura Centralizzata	Medicinali soggetti a prescrizione medica limitativa, da rinnovare volta per volta, vendibili al pubblico su prescrizione di centri ospedalieri o di specialisti
049379124	049379	LENALIDOMIDE KRKA	20 MG - CAPSULA RIGIDA - USO ORALE - BLISTER (OPA/AL/PVC/PET/AL) - 21 X 1 CAPSULE (BLISTER DIVISIBILE PER DOSE UNITARIA)	LENALIDOMIDE	LENALIDOMIDE			Capsula rigida	L04AX04	KRKA D.D. NOVO MESTO	Autorizzata	Procedura Centralizzata	Medicinali soggetti a prescrizione medica limitativa, da rinnovare volta per volta, vendibili al pubblico su prescrizione di centri ospedalieri o di specialisti
049379136	049379	LENALIDOMIDE KRKA	25 MG - CAPSULA RIGIDA - USO ORALE - BLISTER (OPA/AL/PVC/PET/AL) - 7 X 1 CAPSULE (BLISTER DIVISIBILE PER DOSE UNITARIA)	LENALIDOMIDE	LENALIDOMIDE			Capsula rigida	L04AX04	KRKA D.D. NOVO MESTO	Autorizzata	Procedura Centralizzata	Medicinali soggetti a prescrizione medica limitativa, da rinnovare volta per volta, vendibili al pubblico su prescrizione di centri ospedalieri o di specialisti
049379148	049379	LENALIDOMIDE KRKA	25 MG - CAPSULA RIGIDA - USO ORALE - BLISTER (OPA/AL/PVC/PET/AL) - 21 X 1 CAPSULE (BLISTER DIVISIBILE PER DOSE UNITARIA)	LENALIDOMIDE	LENALIDOMIDE			Capsula rigida	L04AX04	KRKA D.D. NOVO MESTO	Autorizzata	Procedura Centralizzata	Medicinali soggetti a prescrizione medica limitativa, da rinnovare volta per volta, vendibili al pubblico su prescrizione di centri ospedalieri o di specialisti
049486018	049486	LENALIDOMIDE BIOCON	2,5 MG CAPSULE RIGIDE- 7 CAPSULE IN BLISTER PVC/PE/PCTFE/AL	LENALIDOMIDE	LENALIDOMIDE	2.5	milligrammi	Capsula rigida	L04AX04	biocon pharma malta i limited	Autorizzata	Procedura Mutuo riconoscimento o Decentrata	Medicinali soggetti a prescrizione medica limitativa, da rinnovare volta per volta, vendibili al pubblico su prescrizione di centri ospedalieri o di specialisti
049486020	049486	LENALIDOMIDE BIOCON	2,5 MG CAPSULE RIGIDE- 21 CAPSULE IN BLISTER PVC/PE/PCTFE/AL	LENALIDOMIDE	LENALIDOMIDE	2.5	milligrammi	Capsula rigida	L04AX04	biocon pharma malta i limited	Autorizzata	Procedura Mutuo riconoscimento o Decentrata	Medicinali soggetti a prescrizione medica limitativa, da rinnovare volta per volta, vendibili al pubblico su prescrizione di centri ospedalieri o di specialisti
049486032	049486	LENALIDOMIDE BIOCON	5 MG CAPSULE RIGIDE- 7 CAPSULE IN BLISTER PVC/PE/PCTFE/AL	LENALIDOMIDE	LENALIDOMIDE	2.5	milligrammi	Capsula rigida	L04AX04	biocon pharma malta i limited	Autorizzata	Procedura Mutuo riconoscimento o Decentrata	Medicinali soggetti a prescrizione medica limitativa, da rinnovare volta per volta, vendibili al pubblico su prescrizione di centri ospedalieri o di specialisti
049486044	049486	LENALIDOMIDE BIOCON	5 MG CAPSULE RIGIDE- 21 CAPSULE IN BLISTER PVC/PE/PCTFE/AL	LENALIDOMIDE	LENALIDOMIDE	2.5	milligrammi	Capsula rigida	L04AX04	biocon pharma malta i limited	Autorizzata	Procedura Mutuo riconoscimento o Decentrata	Medicinali soggetti a prescrizione medica limitativa, da rinnovare volta per volta, vendibili al pubblico su prescrizione di centri ospedalieri o di specialisti
049486057	049486	LENALIDOMIDE BIOCON	7,5 MG CAPSULE RIGIDE- 21 CAPSULE IN BLISTER PVC/PE/PCTFE/AL	LENALIDOMIDE	LENALIDOMIDE	2.5	milligrammi	Capsula rigida	L04AX04	biocon pharma malta i limited	Autorizzata	Procedura Mutuo riconoscimento o Decentrata	Medicinali soggetti a prescrizione medica limitativa, da rinnovare volta per volta, vendibili al pubblico su prescrizione di centri ospedalieri o di specialisti
049486069	049486	LENALIDOMIDE BIOCON	10 MG CAPSULE RIGIDE- 7 CAPSULE IN BLISTER PVC/PE/PCTFE/AL	LENALIDOMIDE	LENALIDOMIDE	2.5	milligrammi	Capsula rigida	L04AX04	biocon pharma malta i limited	Autorizzata	Procedura Mutuo riconoscimento o Decentrata	Medicinali soggetti a prescrizione medica limitativa, da rinnovare volta per volta, vendibili al pubblico su prescrizione di centri ospedalieri o di specialisti
049486071	049486	LENALIDOMIDE BIOCON	10 MG CAPSULE RIGIDE- 21 CAPSULE IN BLISTER PVC/PE/PCTFE/AL	LENALIDOMIDE	LENALIDOMIDE	2.5	milligrammi	Capsula rigida	L04AX04	biocon pharma malta i limited	Autorizzata	Procedura Mutuo riconoscimento o Decentrata	Medicinali soggetti a prescrizione medica limitativa, da rinnovare volta per volta, vendibili al pubblico su prescrizione di centri ospedalieri o di specialisti
049486083	049486	LENALIDOMIDE BIOCON	15 MG CAPSULE RIGIDE- 7 CAPSULE IN BLISTER PVC/PE/PCTFE/AL	LENALIDOMIDE	LENALIDOMIDE	2.5	milligrammi	Capsula rigida	L04AX04	biocon pharma malta i limited	Autorizzata	Procedura Mutuo riconoscimento o Decentrata	Medicinali soggetti a prescrizione medica limitativa, da rinnovare volta per volta, vendibili al pubblico su prescrizione di centri ospedalieri o di specialisti
049486095	049486	LENALIDOMIDE BIOCON	15 MG CAPSULE RIGIDE- 21 CAPSULE IN BLISTER PVC/PE/PCTFE/AL	LENALIDOMIDE	LENALIDOMIDE	2.5	milligrammi	Capsula rigida	L04AX04	biocon pharma malta i limited	Autorizzata	Procedura Mutuo riconoscimento o Decentrata	Medicinali soggetti a prescrizione medica limitativa, da rinnovare volta per volta, vendibili al pubblico su prescrizione di centri ospedalieri o di specialisti
049486107	049486	LENALIDOMIDE BIOCON	20 MG CAPSULE RIGIDE- 21 CAPSULE IN BLISTER PVC/PE/PCTFE/AL	LENALIDOMIDE	LENALIDOMIDE	2.5	milligrammi	Capsula rigida	L04AX04	biocon pharma malta i limited	Autorizzata	Procedura Mutuo riconoscimento o Decentrata	Medicinali soggetti a prescrizione medica limitativa, da rinnovare volta per volta, vendibili al pubblico su prescrizione di centri ospedalieri o di specialisti
049486119	049486	LENALIDOMIDE BIOCON	25 MG CAPSULE RIGIDE- 21 CAPSULE IN BLISTER PVC/PE/PCTFE/AL	LENALIDOMIDE	LENALIDOMIDE	25	milligrammi	Capsula rigida	L04AX04	biocon pharma malta i limited	Autorizzata	Procedura Mutuo riconoscimento o Decentrata	Medicinali soggetti a prescrizione medica limitativa, da rinnovare volta per volta, vendibili al pubblico su prescrizione di centri ospedalieri o di specialisti
049522016	049522	LENALIDOMIDE SANDOZ	2,5 MG CAPSULE RIGIDE- 7 CAPSULE IN BLISTER OPA/AL/PVC/AL CON CALENDARIO	LENALIDOMIDE	LENALIDOMIDE			Capsula rigida	L04AX04	SANDOZ S.P.A.	Autorizzata	Procedura Mutuo riconoscimento o Decentrata	Medicinali soggetti a prescrizione medica limitativa, da rinnovare volta per volta, vendibili al pubblico su prescrizione di centri ospedalieri o di specialisti
049522028	049522	LENALIDOMIDE SANDOZ	20 MG CAPSULE RIGIDE- 7 CAPSULE IN BLISTER OPA/AL/PVC/AL	LENALIDOMIDE	LENALIDOMIDE	20	milligrammi	Capsula rigida	L04AX04	SANDOZ S.P.A.	Autorizzata	Procedura Mutuo riconoscimento o Decentrata	Medicinali soggetti a prescrizione medica limitativa, da rinnovare volta per volta, vendibili al pubblico su prescrizione di centri ospedalieri o di specialisti
049522030	049522	LENALIDOMIDE SANDOZ	20 MG CAPSULE RIGIDE- 14 CAPSULE IN BLISTER OPA/AL/PVC/AL	LENALIDOMIDE	LENALIDOMIDE	20	milligrammi	Capsula rigida	L04AX04	SANDOZ S.P.A.	Autorizzata	Procedura Mutuo riconoscimento o Decentrata	Medicinali soggetti a prescrizione medica limitativa, da rinnovare volta per volta, vendibili al pubblico su prescrizione di centri ospedalieri o di specialisti
049522042	049522	LENALIDOMIDE SANDOZ	20 MG CAPSULE RIGIDE- 21 CAPSULE IN BLISTER OPA/AL/PVC/AL	LENALIDOMIDE	LENALIDOMIDE	20	milligrammi	Capsula rigida	L04AX04	SANDOZ S.P.A.	Autorizzata	Procedura Mutuo riconoscimento o Decentrata	Medicinali soggetti a prescrizione medica limitativa, da rinnovare volta per volta, vendibili al pubblico su prescrizione di centri ospedalieri o di specialisti
049522055	049522	LENALIDOMIDE SANDOZ	20 MG CAPSULE RIGIDE- 28 CAPSULE IN BLISTER OPA/AL/PVC/AL	LENALIDOMIDE	LENALIDOMIDE	20	milligrammi	Capsula rigida	L04AX04	SANDOZ S.P.A.	Autorizzata	Procedura Mutuo riconoscimento o Decentrata	Medicinali soggetti a prescrizione medica limitativa, da rinnovare volta per volta, vendibili al pubblico su prescrizione di centri ospedalieri o di specialisti
049522067	049522	LENALIDOMIDE SANDOZ	20 MG CAPSULE RIGIDE- 42 CAPSULE IN BLISTER OPA/AL/PVC/AL	LENALIDOMIDE	LENALIDOMIDE	20	milligrammi	Capsula rigida	L04AX04	SANDOZ S.P.A.	Autorizzata	Procedura Mutuo riconoscimento o Decentrata	Medicinali soggetti a prescrizione medica limitativa, da rinnovare volta per volta, vendibili al pubblico su prescrizione di centri ospedalieri o di specialisti
049522079	049522	LENALIDOMIDE SANDOZ	20 MG CAPSULE RIGIDE- 7 CAPSULE IN BLISTER OPA/AL/PVC/AL CON CALENDARIO	LENALIDOMIDE	LENALIDOMIDE	20	milligrammi	Capsula rigida	L04AX04	SANDOZ S.P.A.	Autorizzata	Procedura Mutuo riconoscimento o Decentrata	Medicinali soggetti a prescrizione medica limitativa, da rinnovare volta per volta, vendibili al pubblico su prescrizione di centri ospedalieri o di specialisti
049522081	049522	LENALIDOMIDE SANDOZ	20 MG CAPSULE RIGIDE- 14 CAPSULE IN BLISTER OPA/AL/PVC/AL CON CALENDARIO	LENALIDOMIDE	LENALIDOMIDE	20	milligrammi	Capsula rigida	L04AX04	SANDOZ S.P.A.	Autorizzata	Procedura Mutuo riconoscimento o Decentrata	Medicinali soggetti a prescrizione medica limitativa, da rinnovare volta per volta, vendibili al pubblico su prescrizione di centri ospedalieri o di specialisti
049522093	049522	LENALIDOMIDE SANDOZ	20 MG CAPSULE RIGIDE- 21 CAPSULE IN BLISTER OPA/AL/PVC/AL CON CALENDARIO	LENALIDOMIDE	LENALIDOMIDE	20	milligrammi	Capsula rigida	L04AX04	SANDOZ S.P.A.	Autorizzata	Procedura Mutuo riconoscimento o Decentrata	Medicinali soggetti a prescrizione medica limitativa, da rinnovare volta per volta, vendibili al pubblico su prescrizione di centri ospedalieri o di specialisti
049522105	049522	LENALIDOMIDE SANDOZ	20 MG CAPSULE RIGIDE- 28 CAPSULE IN BLISTER OPA/AL/PVC/AL CON CALENDARIO	LENALIDOMIDE	LENALIDOMIDE	20	milligrammi	Capsula rigida	L04AX04	SANDOZ S.P.A.	Autorizzata	Procedura Mutuo riconoscimento o Decentrata	Medicinali soggetti a prescrizione medica limitativa, da rinnovare volta per volta, vendibili al pubblico su prescrizione di centri ospedalieri o di specialisti
049522117	049522	LENALIDOMIDE SANDOZ	20 MG CAPSULE RIGIDE- 42 CAPSULE IN BLISTER OPA/AL/PVC/AL CON CALENDARIO	LENALIDOMIDE	LENALIDOMIDE	20	milligrammi	Capsula rigida	L04AX04	SANDOZ S.P.A.	Autorizzata	Procedura Mutuo riconoscimento o Decentrata	Medicinali soggetti a prescrizione medica limitativa, da rinnovare volta per volta, vendibili al pubblico su prescrizione di centri ospedalieri o di specialisti
049522129	049522	LENALIDOMIDE SANDOZ	20 MG CAPSULE RIGIDE- 7 CAPSULE IN BLISTER OPA/AL/PVC/AL DIVISIBILE PER DOSE UNITARIA	LENALIDOMIDE	LENALIDOMIDE	20	milligrammi	Capsula rigida	L04AX04	SANDOZ S.P.A.	Autorizzata	Procedura Mutuo riconoscimento o Decentrata	Medicinali soggetti a prescrizione medica limitativa, da rinnovare volta per volta, vendibili al pubblico su prescrizione di centri ospedalieri o di specialisti
049522131	049522	LENALIDOMIDE SANDOZ	20 MG CAPSULE RIGIDE- 14 CAPSULE IN BLISTER OPA/AL/PVC/AL DIVISIBILE PER DOSE UNITARIA	LENALIDOMIDE	LENALIDOMIDE	20	milligrammi	Capsula rigida	L04AX04	SANDOZ S.P.A.	Autorizzata	Procedura Mutuo riconoscimento o Decentrata	Medicinali soggetti a prescrizione medica limitativa, da rinnovare volta per volta, vendibili al pubblico su prescrizione di centri ospedalieri o di specialisti
049522143	049522	LENALIDOMIDE SANDOZ	20 MG CAPSULE RIGIDE- 21 CAPSULE IN BLISTER OPA/AL/PVC/AL DIVISIBILE PER DOSE UNITARIA	LENALIDOMIDE	LENALIDOMIDE	20	milligrammi	Capsula rigida	L04AX04	SANDOZ S.P.A.	Autorizzata	Procedura Mutuo riconoscimento o Decentrata	Medicinali soggetti a prescrizione medica limitativa, da rinnovare volta per volta, vendibili al pubblico su prescrizione di centri ospedalieri o di specialisti
049522156	049522	LENALIDOMIDE SANDOZ	20 MG CAPSULE RIGIDE- 28 CAPSULE IN BLISTER OPA/AL/PVC/AL DIVISIBILE PER DOSE UNITARIA	LENALIDOMIDE	LENALIDOMIDE	20	milligrammi	Capsula rigida	L04AX04	SANDOZ S.P.A.	Autorizzata	Procedura Mutuo riconoscimento o Decentrata	Medicinali soggetti a prescrizione medica limitativa, da rinnovare volta per volta, vendibili al pubblico su prescrizione di centri ospedalieri o di specialisti
049522168	049522	LENALIDOMIDE SANDOZ	20 MG CAPSULE RIGIDE- 7 CAPSULE IN BLISTER OPA/AL/PVC/AL DIVISIBILE PER DOSE UNITARIA CON CALENDARIO	LENALIDOMIDE	LENALIDOMIDE	20	milligrammi	Capsula rigida	L04AX04	SANDOZ S.P.A.	Autorizzata	Procedura Mutuo riconoscimento o Decentrata	Medicinali soggetti a prescrizione medica limitativa, da rinnovare volta per volta, vendibili al pubblico su prescrizione di centri ospedalieri o di specialisti
049522170	049522	LENALIDOMIDE SANDOZ	20 MG CAPSULE RIGIDE- 14 CAPSULE IN BLISTER OPA/AL/PVC/AL DIVISIBILE PER DOSE UNITARIA CON CALENDARIO	LENALIDOMIDE	LENALIDOMIDE	20	milligrammi	Capsula rigida	L04AX04	SANDOZ S.P.A.	Autorizzata	Procedura Mutuo riconoscimento o Decentrata	Medicinali soggetti a prescrizione medica limitativa, da rinnovare volta per volta, vendibili al pubblico su prescrizione di centri ospedalieri o di specialisti
049522182	049522	LENALIDOMIDE SANDOZ	20 MG CAPSULE RIGIDE- 21 CAPSULE IN BLISTER OPA/AL/PVC/AL DIVISIBILE PER DOSE UNITARIA CON CALENDARIO	LENALIDOMIDE	LENALIDOMIDE	20	milligrammi	Capsula rigida	L04AX04	SANDOZ S.P.A.	Autorizzata	Procedura Mutuo riconoscimento o Decentrata	Medicinali soggetti a prescrizione medica limitativa, da rinnovare volta per volta, vendibili al pubblico su prescrizione di centri ospedalieri o di specialisti
049522194	049522	LENALIDOMIDE SANDOZ	20 MG CAPSULE RIGIDE- 28 CAPSULE IN BLISTER OPA/AL/PVC/AL DIVISIBILE PER DOSE UNITARIA CON CALENDARIO	LENALIDOMIDE	LENALIDOMIDE	20	milligrammi	Capsula rigida	L04AX04	SANDOZ S.P.A.	Autorizzata	Procedura Mutuo riconoscimento o Decentrata	Medicinali soggetti a prescrizione medica limitativa, da rinnovare volta per volta, vendibili al pubblico su prescrizione di centri ospedalieri o di specialisti
049623010	049623	LENALIDOMIDE SUN	2,5 MG CAPSULE RIGIDE -7 CAPSULE IN BLISTER PVC/PCTFE/AL-	LENALIDOMIDE	LENALIDOMIDE			Capsula rigida	L04AX04	SUN PHARMACEUTICAL INDUSTRIES (EUROPE) B.V.	Autorizzata	Procedura Mutuo riconoscimento o Decentrata	Medicinali soggetti a prescrizione medica limitativa, da rinnovare volta per volta, vendibili al pubblico su prescrizione di centri ospedalieri o di specialisti
049623022	049623	LENALIDOMIDE SUN	2,5 MG CAPSULE RIGIDE -14 CAPSULE IN BLISTER PVC/PCTFE/AL	LENALIDOMIDE	LENALIDOMIDE			Capsula rigida	L04AX04	SUN PHARMACEUTICAL INDUSTRIES (EUROPE) B.V.	Autorizzata	Procedura Mutuo riconoscimento o Decentrata	Medicinali soggetti a prescrizione medica limitativa, da rinnovare volta per volta, vendibili al pubblico su prescrizione di centri ospedalieri o di specialisti
049623034	049623	LENALIDOMIDE SUN	2,5 MG CAPSULE RIGIDE -21 CAPSULE IN BLISTER PVC/PCTFE/AL	LENALIDOMIDE	LENALIDOMIDE			Capsula rigida	L04AX04	SUN PHARMACEUTICAL INDUSTRIES (EUROPE) B.V.	Autorizzata	Procedura Mutuo riconoscimento o Decentrata	Medicinali soggetti a prescrizione medica limitativa, da rinnovare volta per volta, vendibili al pubblico su prescrizione di centri ospedalieri o di specialisti
049623046	049623	LENALIDOMIDE SUN	2,5 MG CAPSULE RIGIDE -28 CAPSULE IN BLISTER PVC/PCTFE/AL	LENALIDOMIDE	LENALIDOMIDE			Capsula rigida	L04AX04	SUN PHARMACEUTICAL INDUSTRIES (EUROPE) B.V.	Autorizzata	Procedura Mutuo riconoscimento o Decentrata	Medicinali soggetti a prescrizione medica limitativa, da rinnovare volta per volta, vendibili al pubblico su prescrizione di centri ospedalieri o di specialisti
049623059	049623	LENALIDOMIDE SUN	2,5 MG CAPSULE RIGIDE -42 CAPSULE IN BLISTER PVC/PCTFE/AL	LENALIDOMIDE	LENALIDOMIDE			Capsula rigida	L04AX04	SUN PHARMACEUTICAL INDUSTRIES (EUROPE) B.V.	Autorizzata	Procedura Mutuo riconoscimento o Decentrata	Medicinali soggetti a prescrizione medica limitativa, da rinnovare volta per volta, vendibili al pubblico su prescrizione di centri ospedalieri o di specialisti
049623061	049623	LENALIDOMIDE SUN	5 MG CAPSULE RIGIDE - 7 CAPSULE IN BLISTER PVC/PCTFE/AL	LENALIDOMIDE	LENALIDOMIDE			Capsula rigida	L04AX04	SUN PHARMACEUTICAL INDUSTRIES (EUROPE) B.V.	Autorizzata	Procedura Mutuo riconoscimento o Decentrata	Medicinali soggetti a prescrizione medica limitativa, da rinnovare volta per volta, vendibili al pubblico su prescrizione di centri ospedalieri o di specialisti
049623073	049623	LENALIDOMIDE SUN	5 MG CAPSULE RIGIDE - 14 CAPSULE IN BLISTER PVC/PCTFE/AL	LENALIDOMIDE	LENALIDOMIDE			Capsula rigida	L04AX04	SUN PHARMACEUTICAL INDUSTRIES (EUROPE) B.V.	Autorizzata	Procedura Mutuo riconoscimento o Decentrata	Medicinali soggetti a prescrizione medica limitativa, da rinnovare volta per volta, vendibili al pubblico su prescrizione di centri ospedalieri o di specialisti
049623085	049623	LENALIDOMIDE SUN	5 MG CAPSULE RIGIDE - 21 CAPSULE IN BLISTER PVC/PCTFE/AL	LENALIDOMIDE	LENALIDOMIDE			Capsula rigida	L04AX04	SUN PHARMACEUTICAL INDUSTRIES (EUROPE) B.V.	Autorizzata	Procedura Mutuo riconoscimento o Decentrata	Medicinali soggetti a prescrizione medica limitativa, da rinnovare volta per volta, vendibili al pubblico su prescrizione di centri ospedalieri o di specialisti
049623097	049623	LENALIDOMIDE SUN	5 MG CAPSULE RIGIDE - 28 CAPSULE IN BLISTER PVC/PCTFE/AL	LENALIDOMIDE	LENALIDOMIDE			Capsula rigida	L04AX04	SUN PHARMACEUTICAL INDUSTRIES (EUROPE) B.V.	Autorizzata	Procedura Mutuo riconoscimento o Decentrata	Medicinali soggetti a prescrizione medica limitativa, da rinnovare volta per volta, vendibili al pubblico su prescrizione di centri ospedalieri o di specialisti
049623109	049623	LENALIDOMIDE SUN	5 MG CAPSULE RIGIDE - 42 CAPSULE IN BLISTER PVC/PCTFE/AL	LENALIDOMIDE	LENALIDOMIDE			Capsula rigida	L04AX04	SUN PHARMACEUTICAL INDUSTRIES (EUROPE) B.V.	Autorizzata	Procedura Mutuo riconoscimento o Decentrata	Medicinali soggetti a prescrizione medica limitativa, da rinnovare volta per volta, vendibili al pubblico su prescrizione di centri ospedalieri o di specialisti
049623111	049623	LENALIDOMIDE SUN	7,5 MG CAPSULE RIGIDE - 7 CAPSULE IN BLISTER PVC/PCTFE/AL	LENALIDOMIDE	LENALIDOMIDE			Capsula rigida	L04AX04	SUN PHARMACEUTICAL INDUSTRIES (EUROPE) B.V.	Autorizzata	Procedura Mutuo riconoscimento o Decentrata	Medicinali soggetti a prescrizione medica limitativa, da rinnovare volta per volta, vendibili al pubblico su prescrizione di centri ospedalieri o di specialisti
049623123	049623	LENALIDOMIDE SUN	7,5 MG CAPSULE RIGIDE -14 CAPSULE IN BLISTER PVC/PCTFE/AL	LENALIDOMIDE	LENALIDOMIDE			Capsula rigida	L04AX04	SUN PHARMACEUTICAL INDUSTRIES (EUROPE) B.V.	Autorizzata	Procedura Mutuo riconoscimento o Decentrata	Medicinali soggetti a prescrizione medica limitativa, da rinnovare volta per volta, vendibili al pubblico su prescrizione di centri ospedalieri o di specialisti
049623135	049623	LENALIDOMIDE SUN	7,5 MG CAPSULE RIGIDE -21 CAPSULE IN BLISTER PVC/PCTFE/AL	LENALIDOMIDE	LENALIDOMIDE			Capsula rigida	L04AX04	SUN PHARMACEUTICAL INDUSTRIES (EUROPE) B.V.	Autorizzata	Procedura Mutuo riconoscimento o Decentrata	Medicinali soggetti a prescrizione medica limitativa, da rinnovare volta per volta, vendibili al pubblico su prescrizione di centri ospedalieri o di specialisti
049623147	049623	LENALIDOMIDE SUN	7,5 MG CAPSULE RIGIDE -28 CAPSULE IN BLISTER PVC/PCTFE/AL	LENALIDOMIDE	LENALIDOMIDE			Capsula rigida	L04AX04	SUN PHARMACEUTICAL INDUSTRIES (EUROPE) B.V.	Autorizzata	Procedura Mutuo riconoscimento o Decentrata	Medicinali soggetti a prescrizione medica limitativa, da rinnovare volta per volta, vendibili al pubblico su prescrizione di centri ospedalieri o di specialisti
049623150	049623	LENALIDOMIDE SUN	7,5 MG CAPSULE RIGIDE - 42 CAPSULE IN BLISTER PVC/PCTFE/AL	LENALIDOMIDE	LENALIDOMIDE			Capsula rigida	L04AX04	SUN PHARMACEUTICAL INDUSTRIES (EUROPE) B.V.	Autorizzata	Procedura Mutuo riconoscimento o Decentrata	Medicinali soggetti a prescrizione medica limitativa, da rinnovare volta per volta, vendibili al pubblico su prescrizione di centri ospedalieri o di specialisti
049623162	049623	LENALIDOMIDE SUN	10 MG CAPSULE RIGIDE - 7 CAPSULE IN BLISTER PVC/PCTFE/AL	LENALIDOMIDE	LENALIDOMIDE			Capsula rigida	L04AX04	SUN PHARMACEUTICAL INDUSTRIES (EUROPE) B.V.	Autorizzata	Procedura Mutuo riconoscimento o Decentrata	Medicinali soggetti a prescrizione medica limitativa, da rinnovare volta per volta, vendibili al pubblico su prescrizione di centri ospedalieri o di specialisti
049623174	049623	LENALIDOMIDE SUN	10 MG CAPSULE RIGIDE - 14 CAPSULE IN BLISTER PVC/PCTFE/AL	LENALIDOMIDE	LENALIDOMIDE			Capsula rigida	L04AX04	SUN PHARMACEUTICAL INDUSTRIES (EUROPE) B.V.	Autorizzata	Procedura Mutuo riconoscimento o Decentrata	Medicinali soggetti a prescrizione medica limitativa, da rinnovare volta per volta, vendibili al pubblico su prescrizione di centri ospedalieri o di specialisti
049623186	049623	LENALIDOMIDE SUN	10 MG CAPSULE RIGIDE - 21 CAPSULE IN BLISTER PVC/PCTFE/AL	LENALIDOMIDE	LENALIDOMIDE			Capsula rigida	L04AX04	SUN PHARMACEUTICAL INDUSTRIES (EUROPE) B.V.	Autorizzata	Procedura Mutuo riconoscimento o Decentrata	Medicinali soggetti a prescrizione medica limitativa, da rinnovare volta per volta, vendibili al pubblico su prescrizione di centri ospedalieri o di specialisti
049623198	049623	LENALIDOMIDE SUN	10 MG CAPSULE RIGIDE - 28 CAPSULE IN BLISTER PVC/PCTFE/AL	LENALIDOMIDE	LENALIDOMIDE			Capsula rigida	L04AX04	SUN PHARMACEUTICAL INDUSTRIES (EUROPE) B.V.	Autorizzata	Procedura Mutuo riconoscimento o Decentrata	Medicinali soggetti a prescrizione medica limitativa, da rinnovare volta per volta, vendibili al pubblico su prescrizione di centri ospedalieri o di specialisti
049623200	049623	LENALIDOMIDE SUN	10 MG CAPSULE RIGIDE - 42 CAPSULE IN BLISTER PVC/PCTFE/AL	LENALIDOMIDE	LENALIDOMIDE			Capsula rigida	L04AX04	SUN PHARMACEUTICAL INDUSTRIES (EUROPE) B.V.	Autorizzata	Procedura Mutuo riconoscimento o Decentrata	Medicinali soggetti a prescrizione medica limitativa, da rinnovare volta per volta, vendibili al pubblico su prescrizione di centri ospedalieri o di specialisti
049623212	049623	LENALIDOMIDE SUN	15 MG CAPSULE RIGIDE - 7 CAPSULE IN BLISTER PVC/PCTFE/AL	LENALIDOMIDE	LENALIDOMIDE			Capsula rigida	L04AX04	SUN PHARMACEUTICAL INDUSTRIES (EUROPE) B.V.	Autorizzata	Procedura Mutuo riconoscimento o Decentrata	Medicinali soggetti a prescrizione medica limitativa, da rinnovare volta per volta, vendibili al pubblico su prescrizione di centri ospedalieri o di specialisti
049623224	049623	LENALIDOMIDE SUN	15 MG CAPSULE RIGIDE - 14 CAPSULE IN BLISTER PVC/PCTFE/AL	LENALIDOMIDE	LENALIDOMIDE			Capsula rigida	L04AX04	SUN PHARMACEUTICAL INDUSTRIES (EUROPE) B.V.	Autorizzata	Procedura Mutuo riconoscimento o Decentrata	Medicinali soggetti a prescrizione medica limitativa, da rinnovare volta per volta, vendibili al pubblico su prescrizione di centri ospedalieri o di specialisti
049623236	049623	LENALIDOMIDE SUN	15 MG CAPSULE RIGIDE - 21 CAPSULE IN BLISTER PVC/PCTFE/AL	LENALIDOMIDE	LENALIDOMIDE			Capsula rigida	L04AX04	SUN PHARMACEUTICAL INDUSTRIES (EUROPE) B.V.	Autorizzata	Procedura Mutuo riconoscimento o Decentrata	Medicinali soggetti a prescrizione medica limitativa, da rinnovare volta per volta, vendibili al pubblico su prescrizione di centri ospedalieri o di specialisti
049623248	049623	LENALIDOMIDE SUN	15 MG CAPSULE RIGIDE - 28 CAPSULE IN BLISTER PVC/PCTFE/AL	LENALIDOMIDE	LENALIDOMIDE			Capsula rigida	L04AX04	SUN PHARMACEUTICAL INDUSTRIES (EUROPE) B.V.	Autorizzata	Procedura Mutuo riconoscimento o Decentrata	Medicinali soggetti a prescrizione medica limitativa, da rinnovare volta per volta, vendibili al pubblico su prescrizione di centri ospedalieri o di specialisti
049623251	049623	LENALIDOMIDE SUN	15 MG CAPSULE RIGIDE - 42 CAPSULE IN BLISTER PVC/PCTFE/AL	LENALIDOMIDE	LENALIDOMIDE			Capsula rigida	L04AX04	SUN PHARMACEUTICAL INDUSTRIES (EUROPE) B.V.	Autorizzata	Procedura Mutuo riconoscimento o Decentrata	Medicinali soggetti a prescrizione medica limitativa, da rinnovare volta per volta, vendibili al pubblico su prescrizione di centri ospedalieri o di specialisti
049623263	049623	LENALIDOMIDE SUN	20 MG CAPSULE RIGIDE - 7 CAPSULE IN BLISTER PVC/PCTFE/AL	LENALIDOMIDE	LENALIDOMIDE			Capsula rigida	L04AX04	SUN PHARMACEUTICAL INDUSTRIES (EUROPE) B.V.	Autorizzata	Procedura Mutuo riconoscimento o Decentrata	Medicinali soggetti a prescrizione medica limitativa, da rinnovare volta per volta, vendibili al pubblico su prescrizione di centri ospedalieri o di specialisti
049623275	049623	LENALIDOMIDE SUN	20 MG CAPSULE RIGIDE - 14 CAPSULE IN BLISTER PVC/PCTFE/AL	LENALIDOMIDE	LENALIDOMIDE			Capsula rigida	L04AX04	SUN PHARMACEUTICAL INDUSTRIES (EUROPE) B.V.	Autorizzata	Procedura Mutuo riconoscimento o Decentrata	Medicinali soggetti a prescrizione medica limitativa, da rinnovare volta per volta, vendibili al pubblico su prescrizione di centri ospedalieri o di specialisti
049623287	049623	LENALIDOMIDE SUN	20 MG CAPSULE RIGIDE - 21 CAPSULE IN BLISTER PVC/PCTFE/AL	LENALIDOMIDE	LENALIDOMIDE			Capsula rigida	L04AX04	SUN PHARMACEUTICAL INDUSTRIES (EUROPE) B.V.	Autorizzata	Procedura Mutuo riconoscimento o Decentrata	Medicinali soggetti a prescrizione medica limitativa, da rinnovare volta per volta, vendibili al pubblico su prescrizione di centri ospedalieri o di specialisti
049623299	049623	LENALIDOMIDE SUN	20 MG CAPSULE RIGIDE - 28 CAPSULE IN BLISTER PVC/PCTFE/AL	LENALIDOMIDE	LENALIDOMIDE			Capsula rigida	L04AX04	SUN PHARMACEUTICAL INDUSTRIES (EUROPE) B.V.	Autorizzata	Procedura Mutuo riconoscimento o Decentrata	Medicinali soggetti a prescrizione medica limitativa, da rinnovare volta per volta, vendibili al pubblico su prescrizione di centri ospedalieri o di specialisti
049623301	049623	LENALIDOMIDE SUN	20 MG CAPSULE RIGIDE - 42 CAPSULE IN BLISTER PVC/PCTFE/AL	LENALIDOMIDE	LENALIDOMIDE			Capsula rigida	L04AX04	SUN PHARMACEUTICAL INDUSTRIES (EUROPE) B.V.	Autorizzata	Procedura Mutuo riconoscimento o Decentrata	Medicinali soggetti a prescrizione medica limitativa, da rinnovare volta per volta, vendibili al pubblico su prescrizione di centri ospedalieri o di specialisti
049623313	049623	LENALIDOMIDE SUN	25 MG CAPSULE RIGIDE - 7 CAPSULE IN BLISTER PVC/PCTFE/AL	LENALIDOMIDE	LENALIDOMIDE			Capsula rigida	L04AX04	SUN PHARMACEUTICAL INDUSTRIES (EUROPE) B.V.	Autorizzata	Procedura Mutuo riconoscimento o Decentrata	Medicinali soggetti a prescrizione medica limitativa, da rinnovare volta per volta, vendibili al pubblico su prescrizione di centri ospedalieri o di specialisti
049623325	049623	LENALIDOMIDE SUN	25 MG CAPSULE RIGIDE - 14 CAPSULE IN BLISTER PVC/PCTFE/AL	LENALIDOMIDE	LENALIDOMIDE			Capsula rigida	L04AX04	SUN PHARMACEUTICAL INDUSTRIES (EUROPE) B.V.	Autorizzata	Procedura Mutuo riconoscimento o Decentrata	Medicinali soggetti a prescrizione medica limitativa, da rinnovare volta per volta, vendibili al pubblico su prescrizione di centri ospedalieri o di specialisti
049623337	049623	LENALIDOMIDE SUN	25 MG CAPSULE RIGIDE - 21 CAPSULE IN BLISTER PVC/PCTFE/AL	LENALIDOMIDE	LENALIDOMIDE			Capsula rigida	L04AX04	SUN PHARMACEUTICAL INDUSTRIES (EUROPE) B.V.	Autorizzata	Procedura Mutuo riconoscimento o Decentrata	Medicinali soggetti a prescrizione medica limitativa, da rinnovare volta per volta, vendibili al pubblico su prescrizione di centri ospedalieri o di specialisti
049623349	049623	LENALIDOMIDE SUN	25 MG CAPSULE RIGIDE - 28 CAPSULE IN BLISTER PVC/PCTFE/AL	LENALIDOMIDE	LENALIDOMIDE			Capsula rigida	L04AX04	SUN PHARMACEUTICAL INDUSTRIES (EUROPE) B.V.	Autorizzata	Procedura Mutuo riconoscimento o Decentrata	Medicinali soggetti a prescrizione medica limitativa, da rinnovare volta per volta, vendibili al pubblico su prescrizione di centri ospedalieri o di specialisti
049623352	049623	LENALIDOMIDE SUN	25 MG CAPSULE RIGIDE - 42 CAPSULE IN BLISTER PVC/PCTFE/AL	LENALIDOMIDE	LENALIDOMIDE			Capsula rigida	L04AX04	SUN PHARMACEUTICAL INDUSTRIES (EUROPE) B.V.	Autorizzata	Procedura Mutuo riconoscimento o Decentrata	Medicinali soggetti a prescrizione medica limitativa, da rinnovare volta per volta, vendibili al pubblico su prescrizione di centri ospedalieri o di specialisti
049623364	049623	LENALIDOMIDE SUN	2,5 MG CAPSULE RIGIDE - 7X1 capsule in blister divisibile per dose unitaria PVC/PCTFE/Al	LENALIDOMIDE	LENALIDOMIDE			Capsula rigida	L04AX04	SUN PHARMACEUTICAL INDUSTRIES (EUROPE) B.V.	Autorizzata	Procedura Mutuo riconoscimento o Decentrata	Medicinali soggetti a prescrizione medica limitativa, da rinnovare volta per volta, vendibili al pubblico su prescrizione di centri ospedalieri o di specialisti
049623376	049623	LENALIDOMIDE SUN	2,5 MG CAPSULE RIGIDE - 14X1 capsule in blister divisibile per dose unitaria PVC/PCTFE/Al	LENALIDOMIDE	LENALIDOMIDE			Capsula rigida	L04AX04	SUN PHARMACEUTICAL INDUSTRIES (EUROPE) B.V.	Autorizzata	Procedura Mutuo riconoscimento o Decentrata	Medicinali soggetti a prescrizione medica limitativa, da rinnovare volta per volta, vendibili al pubblico su prescrizione di centri ospedalieri o di specialisti
049623388	049623	LENALIDOMIDE SUN	2,5 MG CAPSULE RIGIDE - 21X1 capsule in blister divisibile per dose unitaria PVC/PCTFE/Al	LENALIDOMIDE	LENALIDOMIDE			Capsula rigida	L04AX04	SUN PHARMACEUTICAL INDUSTRIES (EUROPE) B.V.	Autorizzata	Procedura Mutuo riconoscimento o Decentrata	Medicinali soggetti a prescrizione medica limitativa, da rinnovare volta per volta, vendibili al pubblico su prescrizione di centri ospedalieri o di specialisti
049623390	049623	LENALIDOMIDE SUN	2,5 MG CAPSULE RIGIDE - 28X1 capsule in blister divisibile per dose unitaria PVC/PCTFE/Al	LENALIDOMIDE	LENALIDOMIDE			Capsula rigida	L04AX04	SUN PHARMACEUTICAL INDUSTRIES (EUROPE) B.V.	Autorizzata	Procedura Mutuo riconoscimento o Decentrata	Medicinali soggetti a prescrizione medica limitativa, da rinnovare volta per volta, vendibili al pubblico su prescrizione di centri ospedalieri o di specialisti
049623402	049623	LENALIDOMIDE SUN	2,5 MG CAPSULE RIGIDE - 42X1 capsule in blister divisibile per dose unitaria PVC/PCTFE/Al	LENALIDOMIDE	LENALIDOMIDE			Capsula rigida	L04AX04	SUN PHARMACEUTICAL INDUSTRIES (EUROPE) B.V.	Autorizzata	Procedura Mutuo riconoscimento o Decentrata	Medicinali soggetti a prescrizione medica limitativa, da rinnovare volta per volta, vendibili al pubblico su prescrizione di centri ospedalieri o di specialisti
049623414	049623	LENALIDOMIDE SUN	5 MG CAPSULE RIGIDE - 7X1 capsule in blister divisibile per dose unitaria PVC/PCTFE/Al	LENALIDOMIDE	LENALIDOMIDE			Capsula rigida	L04AX04	SUN PHARMACEUTICAL INDUSTRIES (EUROPE) B.V.	Autorizzata	Procedura Mutuo riconoscimento o Decentrata	Medicinali soggetti a prescrizione medica limitativa, da rinnovare volta per volta, vendibili al pubblico su prescrizione di centri ospedalieri o di specialisti
049623426	049623	LENALIDOMIDE SUN	5 MG CAPSULE RIGIDE - 14X1 capsule in blister divisibile per dose unitaria PVC/PCTFE/Al	LENALIDOMIDE	LENALIDOMIDE			Capsula rigida	L04AX04	SUN PHARMACEUTICAL INDUSTRIES (EUROPE) B.V.	Autorizzata	Procedura Mutuo riconoscimento o Decentrata	Medicinali soggetti a prescrizione medica limitativa, da rinnovare volta per volta, vendibili al pubblico su prescrizione di centri ospedalieri o di specialisti
049623438	049623	LENALIDOMIDE SUN	5 MG CAPSULE RIGIDE - 21X1 capsule in blister divisibile per dose unitaria PVC/PCTFE/Al	LENALIDOMIDE	LENALIDOMIDE			Capsula rigida	L04AX04	SUN PHARMACEUTICAL INDUSTRIES (EUROPE) B.V.	Autorizzata	Procedura Mutuo riconoscimento o Decentrata	Medicinali soggetti a prescrizione medica limitativa, da rinnovare volta per volta, vendibili al pubblico su prescrizione di centri ospedalieri o di specialisti
049623440	049623	LENALIDOMIDE SUN	5 MG CAPSULE RIGIDE - 28X1 capsule in blister divisibile per dose unitaria PVC/PCTFE/Al	LENALIDOMIDE	LENALIDOMIDE			Capsula rigida	L04AX04	SUN PHARMACEUTICAL INDUSTRIES (EUROPE) B.V.	Autorizzata	Procedura Mutuo riconoscimento o Decentrata	Medicinali soggetti a prescrizione medica limitativa, da rinnovare volta per volta, vendibili al pubblico su prescrizione di centri ospedalieri o di specialisti
049623453	049623	LENALIDOMIDE SUN	5 MG CAPSULE RIGIDE - 42X1 capsule in blister divisibile per dose unitaria PVC/PCTFE/Al	LENALIDOMIDE	LENALIDOMIDE			Capsula rigida	L04AX04	SUN PHARMACEUTICAL INDUSTRIES (EUROPE) B.V.	Autorizzata	Procedura Mutuo riconoscimento o Decentrata	Medicinali soggetti a prescrizione medica limitativa, da rinnovare volta per volta, vendibili al pubblico su prescrizione di centri ospedalieri o di specialisti
049623465	049623	LENALIDOMIDE SUN	7,5 MG CAPSULE RIGIDE - 7X1 capsule in blister divisibile per dose unitaria PVC/PCTFE/Al	LENALIDOMIDE	LENALIDOMIDE			Capsula rigida	L04AX04	SUN PHARMACEUTICAL INDUSTRIES (EUROPE) B.V.	Autorizzata	Procedura Mutuo riconoscimento o Decentrata	Medicinali soggetti a prescrizione medica limitativa, da rinnovare volta per volta, vendibili al pubblico su prescrizione di centri ospedalieri o di specialisti
049623477	049623	LENALIDOMIDE SUN	7,5 MG CAPSULE RIGIDE - 14X1 CAPSULE IN BLISTER IN DOSE UNITARIA PVC/PCTFE/Al	LENALIDOMIDE	LENALIDOMIDE			Capsula rigida	L04AX04	SUN PHARMACEUTICAL INDUSTRIES (EUROPE) B.V.	Autorizzata	Procedura Mutuo riconoscimento o Decentrata	Medicinali soggetti a prescrizione medica limitativa, da rinnovare volta per volta, vendibili al pubblico su prescrizione di centri ospedalieri o di specialisti
049623489	049623	LENALIDOMIDE SUN	7,5 MG CAPSULE RIGIDE - 21X1 CAPSULE IN BLISTER IN DOSE UNITARIA PVC/PCTFE/Al	LENALIDOMIDE	LENALIDOMIDE			Capsula rigida	L04AX04	SUN PHARMACEUTICAL INDUSTRIES (EUROPE) B.V.	Autorizzata	Procedura Mutuo riconoscimento o Decentrata	Medicinali soggetti a prescrizione medica limitativa, da rinnovare volta per volta, vendibili al pubblico su prescrizione di centri ospedalieri o di specialisti
049623491	049623	LENALIDOMIDE SUN	7,5 MG CAPSULE RIGIDE - 28X1 CAPSULE IN BLISTER IN DOSE UNITARIA PVC/PCTFE/Al	LENALIDOMIDE	LENALIDOMIDE			Capsula rigida	L04AX04	SUN PHARMACEUTICAL INDUSTRIES (EUROPE) B.V.	Autorizzata	Procedura Mutuo riconoscimento o Decentrata	Medicinali soggetti a prescrizione medica limitativa, da rinnovare volta per volta, vendibili al pubblico su prescrizione di centri ospedalieri o di specialisti
049623503	049623	LENALIDOMIDE SUN	7,5 MG CAPSULE RIGIDE - 42X1 CAPSULE IN BLISTER IN DOSE UNITARIA PVC/PCTFE/Al	LENALIDOMIDE	LENALIDOMIDE			Capsula rigida	L04AX04	SUN PHARMACEUTICAL INDUSTRIES (EUROPE) B.V.	Autorizzata	Procedura Mutuo riconoscimento o Decentrata	Medicinali soggetti a prescrizione medica limitativa, da rinnovare volta per volta, vendibili al pubblico su prescrizione di centri ospedalieri o di specialisti
049623515	049623	LENALIDOMIDE SUN	10 MG CAPSULE RIGIDE - 7X1 CAPSULE IN BLISTER IN DOSE UNITARIA PVC/PCTFE/Al	LENALIDOMIDE	LENALIDOMIDE			Capsula rigida	L04AX04	SUN PHARMACEUTICAL INDUSTRIES (EUROPE) B.V.	Autorizzata	Procedura Mutuo riconoscimento o Decentrata	Medicinali soggetti a prescrizione medica limitativa, da rinnovare volta per volta, vendibili al pubblico su prescrizione di centri ospedalieri o di specialisti
049623527	049623	LENALIDOMIDE SUN	10 MG CAPSULE RIGIDE - 14X1 CAPSULE IN BLISTER IN DOSE UNITARIA PVC/PCTFE/Al	LENALIDOMIDE	LENALIDOMIDE			Capsula rigida	L04AX04	SUN PHARMACEUTICAL INDUSTRIES (EUROPE) B.V.	Autorizzata	Procedura Mutuo riconoscimento o Decentrata	Medicinali soggetti a prescrizione medica limitativa, da rinnovare volta per volta, vendibili al pubblico su prescrizione di centri ospedalieri o di specialisti
049623539	049623	LENALIDOMIDE SUN	10 MG CAPSULE RIGIDE - 21X1 CAPSULE IN BLISTER IN DOSE UNITARIA PVC/PCTFE/Al	LENALIDOMIDE	LENALIDOMIDE			Capsula rigida	L04AX04	SUN PHARMACEUTICAL INDUSTRIES (EUROPE) B.V.	Autorizzata	Procedura Mutuo riconoscimento o Decentrata	Medicinali soggetti a prescrizione medica limitativa, da rinnovare volta per volta, vendibili al pubblico su prescrizione di centri ospedalieri o di specialisti
049623541	049623	LENALIDOMIDE SUN	10 MG CAPSULE RIGIDE - 28X1 CAPSULE IN BLISTER IN DOSE UNITARIA PVC/PCTFE/Al	LENALIDOMIDE	LENALIDOMIDE			Capsula rigida	L04AX04	SUN PHARMACEUTICAL INDUSTRIES (EUROPE) B.V.	Autorizzata	Procedura Mutuo riconoscimento o Decentrata	Medicinali soggetti a prescrizione medica limitativa, da rinnovare volta per volta, vendibili al pubblico su prescrizione di centri ospedalieri o di specialisti
049623554	049623	LENALIDOMIDE SUN	10 MG CAPSULE RIGIDE - 42X1 CAPSULE IN BLISTER IN DOSE UNITARIA PVC/PCTFE/Al	LENALIDOMIDE	LENALIDOMIDE			Capsula rigida	L04AX04	SUN PHARMACEUTICAL INDUSTRIES (EUROPE) B.V.	Autorizzata	Procedura Mutuo riconoscimento o Decentrata	Medicinali soggetti a prescrizione medica limitativa, da rinnovare volta per volta, vendibili al pubblico su prescrizione di centri ospedalieri o di specialisti
049623566	049623	LENALIDOMIDE SUN	15 MG CAPSULE RIGIDE - 7X1 CAPSULE IN BLISTER IN DOSE UNITARIA PVC/PCTFE/Al	LENALIDOMIDE	LENALIDOMIDE			Capsula rigida	L04AX04	SUN PHARMACEUTICAL INDUSTRIES (EUROPE) B.V.	Autorizzata	Procedura Mutuo riconoscimento o Decentrata	Medicinali soggetti a prescrizione medica limitativa, da rinnovare volta per volta, vendibili al pubblico su prescrizione di centri ospedalieri o di specialisti
049623578	049623	LENALIDOMIDE SUN	15 MG CAPSULE RIGIDE - 14X1 CAPSULE IN BLISTER IN DOSE UNITARIA PVC/PCTFE/Al	LENALIDOMIDE	LENALIDOMIDE			Capsula rigida	L04AX04	SUN PHARMACEUTICAL INDUSTRIES (EUROPE) B.V.	Autorizzata	Procedura Mutuo riconoscimento o Decentrata	Medicinali soggetti a prescrizione medica limitativa, da rinnovare volta per volta, vendibili al pubblico su prescrizione di centri ospedalieri o di specialisti
049623580	049623	LENALIDOMIDE SUN	15 MG CAPSULE RIGIDE - 21X1 CAPSULE IN BLISTER IN DOSE UNITARIA PVC/PCTFE/Al	LENALIDOMIDE	LENALIDOMIDE			Capsula rigida	L04AX04	SUN PHARMACEUTICAL INDUSTRIES (EUROPE) B.V.	Autorizzata	Procedura Mutuo riconoscimento o Decentrata	Medicinali soggetti a prescrizione medica limitativa, da rinnovare volta per volta, vendibili al pubblico su prescrizione di centri ospedalieri o di specialisti
049623592	049623	LENALIDOMIDE SUN	15 MG CAPSULE RIGIDE - 28X1 CAPSULE IN BLISTER IN DOSE UNITARIA PVC/PCTFE/Al	LENALIDOMIDE	LENALIDOMIDE			Capsula rigida	L04AX04	SUN PHARMACEUTICAL INDUSTRIES (EUROPE) B.V.	Autorizzata	Procedura Mutuo riconoscimento o Decentrata	Medicinali soggetti a prescrizione medica limitativa, da rinnovare volta per volta, vendibili al pubblico su prescrizione di centri ospedalieri o di specialisti
049623604	049623	LENALIDOMIDE SUN	15 MG CAPSULE RIGIDE - 42X1 CAPSULE IN BLISTER IN DOSE UNITARIA PVC/PCTFE/Al	LENALIDOMIDE	LENALIDOMIDE			Capsula rigida	L04AX04	SUN PHARMACEUTICAL INDUSTRIES (EUROPE) B.V.	Autorizzata	Procedura Mutuo riconoscimento o Decentrata	Medicinali soggetti a prescrizione medica limitativa, da rinnovare volta per volta, vendibili al pubblico su prescrizione di centri ospedalieri o di specialisti
049623616	049623	LENALIDOMIDE SUN	20 MG CAPSULE RIGIDE - 7X1 CAPSULE IN BLISTER IN DOSE UNITARIA PVC/PCTFE/Al	LENALIDOMIDE	LENALIDOMIDE			Capsula rigida	L04AX04	SUN PHARMACEUTICAL INDUSTRIES (EUROPE) B.V.	Autorizzata	Procedura Mutuo riconoscimento o Decentrata	Medicinali soggetti a prescrizione medica limitativa, da rinnovare volta per volta, vendibili al pubblico su prescrizione di centri ospedalieri o di specialisti
049623628	049623	LENALIDOMIDE SUN	20 MG CAPSULE RIGIDE - 14X1 CAPSULE IN BLISTER IN DOSE UNITARIA PVC/PCTFE/Al	LENALIDOMIDE	LENALIDOMIDE			Capsula rigida	L04AX04	SUN PHARMACEUTICAL INDUSTRIES (EUROPE) B.V.	Autorizzata	Procedura Mutuo riconoscimento o Decentrata	Medicinali soggetti a prescrizione medica limitativa, da rinnovare volta per volta, vendibili al pubblico su prescrizione di centri ospedalieri o di specialisti
049623630	049623	LENALIDOMIDE SUN	20 MG CAPSULE RIGIDE - 21X1 CAPSULE IN BLISTER IN DOSE UNITARIA PVC/PCTFE/Al	LENALIDOMIDE	LENALIDOMIDE			Capsula rigida	L04AX04	SUN PHARMACEUTICAL INDUSTRIES (EUROPE) B.V.	Autorizzata	Procedura Mutuo riconoscimento o Decentrata	Medicinali soggetti a prescrizione medica limitativa, da rinnovare volta per volta, vendibili al pubblico su prescrizione di centri ospedalieri o di specialisti
049623642	049623	LENALIDOMIDE SUN	20 MG CAPSULE RIGIDE - 28X1 CAPSULE IN BLISTER IN DOSE UNITARIA PVC/PCTFE/Al	LENALIDOMIDE	LENALIDOMIDE			Capsula rigida	L04AX04	SUN PHARMACEUTICAL INDUSTRIES (EUROPE) B.V.	Autorizzata	Procedura Mutuo riconoscimento o Decentrata	Medicinali soggetti a prescrizione medica limitativa, da rinnovare volta per volta, vendibili al pubblico su prescrizione di centri ospedalieri o di specialisti
049623655	049623	LENALIDOMIDE SUN	20 MG CAPSULE RIGIDE - 42X1 CAPSULE IN BLISTER IN DOSE UNITARIA PVC/PCTFE/Al	LENALIDOMIDE	LENALIDOMIDE			Capsula rigida	L04AX04	SUN PHARMACEUTICAL INDUSTRIES (EUROPE) B.V.	Autorizzata	Procedura Mutuo riconoscimento o Decentrata	Medicinali soggetti a prescrizione medica limitativa, da rinnovare volta per volta, vendibili al pubblico su prescrizione di centri ospedalieri o di specialisti
049623667	049623	LENALIDOMIDE SUN	25 MG CAPSULE RIGIDE - 7X1 CAPSULE IN BLISTER IN DOSE UNITARIA PVC/PCTFE/Al	LENALIDOMIDE	LENALIDOMIDE			Capsula rigida	L04AX04	SUN PHARMACEUTICAL INDUSTRIES (EUROPE) B.V.	Autorizzata	Procedura Mutuo riconoscimento o Decentrata	Medicinali soggetti a prescrizione medica limitativa, da rinnovare volta per volta, vendibili al pubblico su prescrizione di centri ospedalieri o di specialisti
049623679	049623	LENALIDOMIDE SUN	25 MG CAPSULE RIGIDE - 14X1 CAPSULE IN BLISTER IN DOSE UNITARIA PVC/PCTFE/Al	LENALIDOMIDE	LENALIDOMIDE			Capsula rigida	L04AX04	SUN PHARMACEUTICAL INDUSTRIES (EUROPE) B.V.	Autorizzata	Procedura Mutuo riconoscimento o Decentrata	Medicinali soggetti a prescrizione medica limitativa, da rinnovare volta per volta, vendibili al pubblico su prescrizione di centri ospedalieri o di specialisti
049623681	049623	LENALIDOMIDE SUN	25 MG CAPSULE RIGIDE - 21X1 CAPSULE IN BLISTER IN DOSE UNITARIA PVC/PCTFE/Al	LENALIDOMIDE	LENALIDOMIDE			Capsula rigida	L04AX04	SUN PHARMACEUTICAL INDUSTRIES (EUROPE) B.V.	Autorizzata	Procedura Mutuo riconoscimento o Decentrata	Medicinali soggetti a prescrizione medica limitativa, da rinnovare volta per volta, vendibili al pubblico su prescrizione di centri ospedalieri o di specialisti
049623693	049623	LENALIDOMIDE SUN	25 MG CAPSULE RIGIDE - 28X1 CAPSULE IN BLISTER IN DOSE UNITARIA PVC/PCTFE/Al	LENALIDOMIDE	LENALIDOMIDE			Capsula rigida	L04AX04	SUN PHARMACEUTICAL INDUSTRIES (EUROPE) B.V.	Autorizzata	Procedura Mutuo riconoscimento o Decentrata	Medicinali soggetti a prescrizione medica limitativa, da rinnovare volta per volta, vendibili al pubblico su prescrizione di centri ospedalieri o di specialisti
049623705	049623	LENALIDOMIDE SUN	25 MG CAPSULE RIGIDE - 42X1 CAPSULE IN BLISTER IN DOSE UNITARIA PVC/PCTFE/Al	LENALIDOMIDE	LENALIDOMIDE			Capsula rigida	L04AX04	SUN PHARMACEUTICAL INDUSTRIES (EUROPE) B.V.	Autorizzata	Procedura Mutuo riconoscimento o Decentrata	Medicinali soggetti a prescrizione medica limitativa, da rinnovare volta per volta, vendibili al pubblico su prescrizione di centri ospedalieri o di specialisti
049727011	049727	LENALIDOMIDE AUROBINDO	2,5 MG CAPSULE RIGIDE- 7 CAPSULE IN BLISTER PVC/ACLAR-AL	LENALIDOMIDE	LENALIDOMIDE			Capsula rigida	L04AX04	Eugia Pharma (Malta) Limited	Autorizzata	Procedura Mutuo riconoscimento o Decentrata	Medicinali soggetti a prescrizione medica limitativa, da rinnovare volta per volta, vendibili al pubblico su prescrizione di centri ospedalieri o di specialisti
049727023	049727	LENALIDOMIDE AUROBINDO	2,5 MG CAPSULE RIGIDE- 14 CAPSULE IN BLISTER PVC/ACLAR-AL	LENALIDOMIDE	LENALIDOMIDE			Capsula rigida	L04AX04	Eugia Pharma (Malta) Limited	Autorizzata	Procedura Mutuo riconoscimento o Decentrata	Medicinali soggetti a prescrizione medica limitativa, da rinnovare volta per volta, vendibili al pubblico su prescrizione di centri ospedalieri o di specialisti
049727035	049727	LENALIDOMIDE AUROBINDO	2,5 MG CAPSULE RIGIDE- 21 CAPSULE IN BLISTER PVC/ACLAR-AL	LENALIDOMIDE	LENALIDOMIDE			Capsula rigida	L04AX04	Eugia Pharma (Malta) Limited	Autorizzata	Procedura Mutuo riconoscimento o Decentrata	Medicinali soggetti a prescrizione medica limitativa, da rinnovare volta per volta, vendibili al pubblico su prescrizione di centri ospedalieri o di specialisti
049727047	049727	LENALIDOMIDE AUROBINDO	2,5 MG CAPSULE RIGIDE- 28 CAPSULE IN BLISTER PVC/ACLAR-AL	LENALIDOMIDE	LENALIDOMIDE			Capsula rigida	L04AX04	Eugia Pharma (Malta) Limited	Autorizzata	Procedura Mutuo riconoscimento o Decentrata	Medicinali soggetti a prescrizione medica limitativa, da rinnovare volta per volta, vendibili al pubblico su prescrizione di centri ospedalieri o di specialisti
049727050	049727	LENALIDOMIDE AUROBINDO	2,5 MG CAPSULE RIGIDE- 42 CAPSULE IN BLISTER PVC/ACLAR-AL	LENALIDOMIDE	LENALIDOMIDE			Capsula rigida	L04AX04	Eugia Pharma (Malta) Limited	Autorizzata	Procedura Mutuo riconoscimento o Decentrata	Medicinali soggetti a prescrizione medica limitativa, da rinnovare volta per volta, vendibili al pubblico su prescrizione di centri ospedalieri o di specialisti
049727062	049727	LENALIDOMIDE AUROBINDO	5 MG CAPSULE RIGIDE- 7 CAPSULE IN BLISTER PVC/ACLAR-AL	LENALIDOMIDE	LENALIDOMIDE			Capsula rigida	L04AX04	Eugia Pharma (Malta) Limited	Autorizzata	Procedura Mutuo riconoscimento o Decentrata	Medicinali soggetti a prescrizione medica limitativa, da rinnovare volta per volta, vendibili al pubblico su prescrizione di centri ospedalieri o di specialisti
049727074	049727	LENALIDOMIDE AUROBINDO	5 MG CAPSULE RIGIDE- 14 CAPSULE IN BLISTER PVC/ACLAR-AL	LENALIDOMIDE	LENALIDOMIDE			Capsula rigida	L04AX04	Eugia Pharma (Malta) Limited	Autorizzata	Procedura Mutuo riconoscimento o Decentrata	Medicinali soggetti a prescrizione medica limitativa, da rinnovare volta per volta, vendibili al pubblico su prescrizione di centri ospedalieri o di specialisti
049727086	049727	LENALIDOMIDE AUROBINDO	5 MG CAPSULE RIGIDE- 21 CAPSULE IN BLISTER PVC/ACLAR-AL	LENALIDOMIDE	LENALIDOMIDE			Capsula rigida	L04AX04	Eugia Pharma (Malta) Limited	Autorizzata	Procedura Mutuo riconoscimento o Decentrata	Medicinali soggetti a prescrizione medica limitativa, da rinnovare volta per volta, vendibili al pubblico su prescrizione di centri ospedalieri o di specialisti
049727098	049727	LENALIDOMIDE AUROBINDO	5 MG CAPSULE RIGIDE- 28 CAPSULE IN BLISTER PVC/ACLAR-AL	LENALIDOMIDE	LENALIDOMIDE			Capsula rigida	L04AX04	Eugia Pharma (Malta) Limited	Autorizzata	Procedura Mutuo riconoscimento o Decentrata	Medicinali soggetti a prescrizione medica limitativa, da rinnovare volta per volta, vendibili al pubblico su prescrizione di centri ospedalieri o di specialisti
049727100	049727	LENALIDOMIDE AUROBINDO	5 MG CAPSULE RIGIDE- 42 CAPSULE IN BLISTER PVC/ACLAR-AL	LENALIDOMIDE	LENALIDOMIDE			Capsula rigida	L04AX04	Eugia Pharma (Malta) Limited	Autorizzata	Procedura Mutuo riconoscimento o Decentrata	Medicinali soggetti a prescrizione medica limitativa, da rinnovare volta per volta, vendibili al pubblico su prescrizione di centri ospedalieri o di specialisti
049727112	049727	LENALIDOMIDE AUROBINDO	10 MG CAPSULE RIGIDE- 7 CAPSULE IN BLISTER PVC/ACLAR-AL	LENALIDOMIDE	LENALIDOMIDE			Capsula rigida	L04AX04	Eugia Pharma (Malta) Limited	Autorizzata	Procedura Mutuo riconoscimento o Decentrata	Medicinali soggetti a prescrizione medica limitativa, da rinnovare volta per volta, vendibili al pubblico su prescrizione di centri ospedalieri o di specialisti
049727124	049727	LENALIDOMIDE AUROBINDO	10 MG CAPSULE RIGIDE- 14 CAPSULE IN BLISTER PVC/ACLAR-AL	LENALIDOMIDE	LENALIDOMIDE			Capsula rigida	L04AX04	Eugia Pharma (Malta) Limited	Autorizzata	Procedura Mutuo riconoscimento o Decentrata	Medicinali soggetti a prescrizione medica limitativa, da rinnovare volta per volta, vendibili al pubblico su prescrizione di centri ospedalieri o di specialisti
049727136	049727	LENALIDOMIDE AUROBINDO	10 MG CAPSULE RIGIDE- 21 CAPSULE IN BLISTER PVC/ACLAR-AL	LENALIDOMIDE	LENALIDOMIDE			Capsula rigida	L04AX04	Eugia Pharma (Malta) Limited	Autorizzata	Procedura Mutuo riconoscimento o Decentrata	Medicinali soggetti a prescrizione medica limitativa, da rinnovare volta per volta, vendibili al pubblico su prescrizione di centri ospedalieri o di specialisti
049727148	049727	LENALIDOMIDE AUROBINDO	10 MG CAPSULE RIGIDE- 28 CAPSULE IN BLISTER PVC/ACLAR-AL	LENALIDOMIDE	LENALIDOMIDE			Capsula rigida	L04AX04	Eugia Pharma (Malta) Limited	Autorizzata	Procedura Mutuo riconoscimento o Decentrata	Medicinali soggetti a prescrizione medica limitativa, da rinnovare volta per volta, vendibili al pubblico su prescrizione di centri ospedalieri o di specialisti
049727151	049727	LENALIDOMIDE AUROBINDO	10 MG CAPSULE RIGIDE- 42 CAPSULE IN BLISTER PVC/ACLAR-AL	LENALIDOMIDE	LENALIDOMIDE			Capsula rigida	L04AX04	Eugia Pharma (Malta) Limited	Autorizzata	Procedura Mutuo riconoscimento o Decentrata	Medicinali soggetti a prescrizione medica limitativa, da rinnovare volta per volta, vendibili al pubblico su prescrizione di centri ospedalieri o di specialisti
049727163	049727	LENALIDOMIDE AUROBINDO	15 MG CAPSULE RIGIDE- 7 CAPSULE IN BLISTER PVC/ACLAR-AL	LENALIDOMIDE	LENALIDOMIDE			Capsula rigida	L04AX04	Eugia Pharma (Malta) Limited	Autorizzata	Procedura Mutuo riconoscimento o Decentrata	Medicinali soggetti a prescrizione medica limitativa, da rinnovare volta per volta, vendibili al pubblico su prescrizione di centri ospedalieri o di specialisti
049727175	049727	LENALIDOMIDE AUROBINDO	15 MG CAPSULE RIGIDE- 14 CAPSULE IN BLISTER PVC/ACLAR-AL	LENALIDOMIDE	LENALIDOMIDE			Capsula rigida	L04AX04	Eugia Pharma (Malta) Limited	Autorizzata	Procedura Mutuo riconoscimento o Decentrata	Medicinali soggetti a prescrizione medica limitativa, da rinnovare volta per volta, vendibili al pubblico su prescrizione di centri ospedalieri o di specialisti
049727187	049727	LENALIDOMIDE AUROBINDO	15 MG CAPSULE RIGIDE- 21 CAPSULE IN BLISTER PVC/ACLAR-AL	LENALIDOMIDE	LENALIDOMIDE			Capsula rigida	L04AX04	Eugia Pharma (Malta) Limited	Autorizzata	Procedura Mutuo riconoscimento o Decentrata	Medicinali soggetti a prescrizione medica limitativa, da rinnovare volta per volta, vendibili al pubblico su prescrizione di centri ospedalieri o di specialisti
049727199	049727	LENALIDOMIDE AUROBINDO	15 MG CAPSULE RIGIDE- 28 CAPSULE IN BLISTER PVC/ACLAR-AL	LENALIDOMIDE	LENALIDOMIDE			Capsula rigida	L04AX04	Eugia Pharma (Malta) Limited	Autorizzata	Procedura Mutuo riconoscimento o Decentrata	Medicinali soggetti a prescrizione medica limitativa, da rinnovare volta per volta, vendibili al pubblico su prescrizione di centri ospedalieri o di specialisti
049727201	049727	LENALIDOMIDE AUROBINDO	15 MG CAPSULE RIGIDE- 42 CAPSULE IN BLISTER PVC/ACLAR-AL	LENALIDOMIDE	LENALIDOMIDE			Capsula rigida	L04AX04	Eugia Pharma (Malta) Limited	Autorizzata	Procedura Mutuo riconoscimento o Decentrata	Medicinali soggetti a prescrizione medica limitativa, da rinnovare volta per volta, vendibili al pubblico su prescrizione di centri ospedalieri o di specialisti
049727213	049727	LENALIDOMIDE AUROBINDO	20 MG CAPSULE RIGIDE- 7 CAPSULE IN BLISTER PVC/ACLAR-AL	LENALIDOMIDE	LENALIDOMIDE			Capsula rigida	L04AX04	Eugia Pharma (Malta) Limited	Autorizzata	Procedura Mutuo riconoscimento o Decentrata	Medicinali soggetti a prescrizione medica limitativa, da rinnovare volta per volta, vendibili al pubblico su prescrizione di centri ospedalieri o di specialisti
049727225	049727	LENALIDOMIDE AUROBINDO	20 MG CAPSULE RIGIDE- 14 CAPSULE IN BLISTER PVC/ACLAR-AL	LENALIDOMIDE	LENALIDOMIDE			Capsula rigida	L04AX04	Eugia Pharma (Malta) Limited	Autorizzata	Procedura Mutuo riconoscimento o Decentrata	Medicinali soggetti a prescrizione medica limitativa, da rinnovare volta per volta, vendibili al pubblico su prescrizione di centri ospedalieri o di specialisti
049727237	049727	LENALIDOMIDE AUROBINDO	20 MG CAPSULE RIGIDE- 21 CAPSULE IN BLISTER PVC/ACLAR-AL	LENALIDOMIDE	LENALIDOMIDE			Capsula rigida	L04AX04	Eugia Pharma (Malta) Limited	Autorizzata	Procedura Mutuo riconoscimento o Decentrata	Medicinali soggetti a prescrizione medica limitativa, da rinnovare volta per volta, vendibili al pubblico su prescrizione di centri ospedalieri o di specialisti
049727249	049727	LENALIDOMIDE AUROBINDO	20 MG CAPSULE RIGIDE- 28 CAPSULE IN BLISTER PVC/ACLAR-AL	LENALIDOMIDE	LENALIDOMIDE			Capsula rigida	L04AX04	Eugia Pharma (Malta) Limited	Autorizzata	Procedura Mutuo riconoscimento o Decentrata	Medicinali soggetti a prescrizione medica limitativa, da rinnovare volta per volta, vendibili al pubblico su prescrizione di centri ospedalieri o di specialisti
049727252	049727	LENALIDOMIDE AUROBINDO	20 MG CAPSULE RIGIDE- 42 CAPSULE IN BLISTER PVC/ACLAR-AL	LENALIDOMIDE	LENALIDOMIDE			Capsula rigida	L04AX04	Eugia Pharma (Malta) Limited	Autorizzata	Procedura Mutuo riconoscimento o Decentrata	Medicinali soggetti a prescrizione medica limitativa, da rinnovare volta per volta, vendibili al pubblico su prescrizione di centri ospedalieri o di specialisti
049727264	049727	LENALIDOMIDE AUROBINDO	25 MG CAPSULE RIGIDE- 7 CAPSULE IN BLISTER PVC/ACLAR-AL	LENALIDOMIDE	LENALIDOMIDE			Capsula rigida	L04AX04	Eugia Pharma (Malta) Limited	Autorizzata	Procedura Mutuo riconoscimento o Decentrata	Medicinali soggetti a prescrizione medica limitativa, da rinnovare volta per volta, vendibili al pubblico su prescrizione di centri ospedalieri o di specialisti
049727276	049727	LENALIDOMIDE AUROBINDO	25 MG CAPSULE RIGIDE- 14 CAPSULE IN BLISTER PVC/ACLAR-AL	LENALIDOMIDE	LENALIDOMIDE			Capsula rigida	L04AX04	Eugia Pharma (Malta) Limited	Autorizzata	Procedura Mutuo riconoscimento o Decentrata	Medicinali soggetti a prescrizione medica limitativa, da rinnovare volta per volta, vendibili al pubblico su prescrizione di centri ospedalieri o di specialisti
049727288	049727	LENALIDOMIDE AUROBINDO	25 MG CAPSULE RIGIDE- 21 CAPSULE IN BLISTER PVC/ACLAR-AL	LENALIDOMIDE	LENALIDOMIDE			Capsula rigida	L04AX04	Eugia Pharma (Malta) Limited	Autorizzata	Procedura Mutuo riconoscimento o Decentrata	Medicinali soggetti a prescrizione medica limitativa, da rinnovare volta per volta, vendibili al pubblico su prescrizione di centri ospedalieri o di specialisti
049727290	049727	LENALIDOMIDE AUROBINDO	25 MG CAPSULE RIGIDE- 28 CAPSULE IN BLISTER PVC/ACLAR-AL	LENALIDOMIDE	LENALIDOMIDE			Capsula rigida	L04AX04	Eugia Pharma (Malta) Limited	Autorizzata	Procedura Mutuo riconoscimento o Decentrata	Medicinali soggetti a prescrizione medica limitativa, da rinnovare volta per volta, vendibili al pubblico su prescrizione di centri ospedalieri o di specialisti
049727302	049727	LENALIDOMIDE AUROBINDO	25 MG CAPSULE RIGIDE- 42 CAPSULE IN BLISTER PVC/ACLAR-AL	LENALIDOMIDE	LENALIDOMIDE			Capsula rigida	L04AX04	Eugia Pharma (Malta) Limited	Autorizzata	Procedura Mutuo riconoscimento o Decentrata	Medicinali soggetti a prescrizione medica limitativa, da rinnovare volta per volta, vendibili al pubblico su prescrizione di centri ospedalieri o di specialisti
050173018	050173	LENALIDOMIDE QILU	2,5 MG CAPSULE RIGIDE- 7 X 1 CAPSULE IN BLISTER PVC/PCTFE/AL DIVISIBILE PER DOSE UNITARIA	LENALIDOMIDE	LENALIDOMIDE	2.5	milligrammi	Capsula rigida	L04AX04	QILU PHARMA SPAIN S.L.	Autorizzata	Procedura Mutuo riconoscimento o Decentrata	Medicinali soggetti a prescrizione medica limitativa, da rinnovare volta per volta, vendibili al pubblico su prescrizione di centri ospedalieri o di specialisti
050173020	050173	LENALIDOMIDE QILU	2,5 MG CAPSULE RIGIDE- 21 X 1 CAPSULE IN BLISTER PVC/PCTFE/AL DIVISIBILE PER DOSE UNITARIA	LENALIDOMIDE	LENALIDOMIDE	2.5	milligrammi	Capsula rigida	L04AX04	QILU PHARMA SPAIN S.L.	Autorizzata	Procedura Mutuo riconoscimento o Decentrata	Medicinali soggetti a prescrizione medica limitativa, da rinnovare volta per volta, vendibili al pubblico su prescrizione di centri ospedalieri o di specialisti
050173032	050173	LENALIDOMIDE QILU	5 MG CAPSULE RIGIDE- 7 X 1 CAPSULE IN BLISTER PVC/PCTFE/AL DIVISIBILE PER DOSE UNITARIA	LENALIDOMIDE	LENALIDOMIDE	5	milligrammi	Capsula rigida	L04AX04	QILU PHARMA SPAIN S.L.	Autorizzata	Procedura Mutuo riconoscimento o Decentrata	Medicinali soggetti a prescrizione medica limitativa, da rinnovare volta per volta, vendibili al pubblico su prescrizione di centri ospedalieri o di specialisti
050173044	050173	LENALIDOMIDE QILU	5 MG CAPSULE RIGIDE- 21 X 1 CAPSULE IN BLISTER PVC/PCTFE/AL DIVISIBILE PER DOSE UNITARIA	LENALIDOMIDE	LENALIDOMIDE	5	milligrammi	Capsula rigida	L04AX04	QILU PHARMA SPAIN S.L.	Autorizzata	Procedura Mutuo riconoscimento o Decentrata	Medicinali soggetti a prescrizione medica limitativa, da rinnovare volta per volta, vendibili al pubblico su prescrizione di centri ospedalieri o di specialisti
050173057	050173	LENALIDOMIDE QILU	7,5 MG CAPSULE RIGIDE- 7 X 1 CAPSULE IN BLISTER PVC/PCTFE/AL DIVISIBILE PER DOSE UNITARIA	LENALIDOMIDE	LENALIDOMIDE	7.5	milligrammi	Capsula rigida	L04AX04	QILU PHARMA SPAIN S.L.	Autorizzata	Procedura Mutuo riconoscimento o Decentrata	Medicinali soggetti a prescrizione medica limitativa, da rinnovare volta per volta, vendibili al pubblico su prescrizione di centri ospedalieri o di specialisti
050173069	050173	LENALIDOMIDE QILU	7,5 MG CAPSULE RIGIDE- 21 X 1 CAPSULE IN BLISTER PVC/PCTFE/AL DIVISIBILE PER DOSE UNITARIA	LENALIDOMIDE	LENALIDOMIDE	7.5	milligrammi	Capsula rigida	L04AX04	QILU PHARMA SPAIN S.L.	Autorizzata	Procedura Mutuo riconoscimento o Decentrata	Medicinali soggetti a prescrizione medica limitativa, da rinnovare volta per volta, vendibili al pubblico su prescrizione di centri ospedalieri o di specialisti
050173071	050173	LENALIDOMIDE QILU	10 MG CAPSULE RIGIDE- 7 X 1 CAPSULE IN BLISTER PVC/PCTFE/AL DIVISIBILE PER DOSE UNITARIA	LENALIDOMIDE	LENALIDOMIDE	10	milligrammi	Capsula rigida	L04AX04	QILU PHARMA SPAIN S.L.	Autorizzata	Procedura Mutuo riconoscimento o Decentrata	Medicinali soggetti a prescrizione medica limitativa, da rinnovare volta per volta, vendibili al pubblico su prescrizione di centri ospedalieri o di specialisti
050173083	050173	LENALIDOMIDE QILU	10 MG CAPSULE RIGIDE- 21 X 1 CAPSULE IN BLISTER PVC/PCTFE/AL DIVISIBILE PER DOSE UNITARIA	LENALIDOMIDE	LENALIDOMIDE	10	milligrammi	Capsula rigida	L04AX04	QILU PHARMA SPAIN S.L.	Autorizzata	Procedura Mutuo riconoscimento o Decentrata	Medicinali soggetti a prescrizione medica limitativa, da rinnovare volta per volta, vendibili al pubblico su prescrizione di centri ospedalieri o di specialisti
050173095	050173	LENALIDOMIDE QILU	15 MG CAPSULE RIGIDE- 7 X 1 CAPSULE IN BLISTER PVC/PCTFE/AL DIVISIBILE PER DOSE UNITARIA	LENALIDOMIDE	LENALIDOMIDE	15	milligrammi	Capsula rigida	L04AX04	QILU PHARMA SPAIN S.L.	Autorizzata	Procedura Mutuo riconoscimento o Decentrata	Medicinali soggetti a prescrizione medica limitativa, da rinnovare volta per volta, vendibili al pubblico su prescrizione di centri ospedalieri o di specialisti
050173107	050173	LENALIDOMIDE QILU	15 MG CAPSULE RIGIDE- 21 X 1 CAPSULE IN BLISTER PVC/PCTFE/AL DIVISIBILE PER DOSE UNITARIA	LENALIDOMIDE	LENALIDOMIDE	15	milligrammi	Capsula rigida	L04AX04	QILU PHARMA SPAIN S.L.	Autorizzata	Procedura Mutuo riconoscimento o Decentrata	Medicinali soggetti a prescrizione medica limitativa, da rinnovare volta per volta, vendibili al pubblico su prescrizione di centri ospedalieri o di specialisti
050173119	050173	LENALIDOMIDE QILU	20 MG CAPSULE RIGIDE- 7 X 1 CAPSULE IN BLISTER PVC/PCTFE/AL DIVISIBILE PER DOSE UNITARIA	LENALIDOMIDE	LENALIDOMIDE	20	milligrammi	Capsula rigida	L04AX04	QILU PHARMA SPAIN S.L.	Autorizzata	Procedura Mutuo riconoscimento o Decentrata	Medicinali soggetti a prescrizione medica limitativa, da rinnovare volta per volta, vendibili al pubblico su prescrizione di centri ospedalieri o di specialisti
050173121	050173	LENALIDOMIDE QILU	20 MG CAPSULE RIGIDE- 21 X 1 CAPSULE IN BLISTER PVC/PCTFE/AL DIVISIBILE PER DOSE UNITARIA	LENALIDOMIDE	LENALIDOMIDE	20	milligrammi	Capsula rigida	L04AX04	QILU PHARMA SPAIN S.L.	Autorizzata	Procedura Mutuo riconoscimento o Decentrata	Medicinali soggetti a prescrizione medica limitativa, da rinnovare volta per volta, vendibili al pubblico su prescrizione di centri ospedalieri o di specialisti
050173133	050173	LENALIDOMIDE QILU	25 MG CAPSULE RIGIDE- 7 X 1 CAPSULE IN BLISTER PVC/PCTFE/AL DIVISIBILE PER DOSE UNITARIA	LENALIDOMIDE	LENALIDOMIDE	25	milligrammi	Capsula rigida	L04AX04	QILU PHARMA SPAIN S.L.	Autorizzata	Procedura Mutuo riconoscimento o Decentrata	Medicinali soggetti a prescrizione medica limitativa, da rinnovare volta per volta, vendibili al pubblico su prescrizione di centri ospedalieri o di specialisti
050173145	050173	LENALIDOMIDE QILU	25 MG CAPSULE RIGIDE- 21 X 1 CAPSULE IN BLISTER PVC/PCTFE/AL DIVISIBILE PER DOSE UNITARIA	LENALIDOMIDE	LENALIDOMIDE	25	milligrammi	Capsula rigida	L04AX04	QILU PHARMA SPAIN S.L.	Autorizzata	Procedura Mutuo riconoscimento o Decentrata	Medicinali soggetti a prescrizione medica limitativa, da rinnovare volta per volta, vendibili al pubblico su prescrizione di centri ospedalieri o di specialisti
050330012	050330	LENALIDOMIDE GLENMARK	2,5 MG CAPSULE RIGIDE- 7 CAPSULE IN BLISTER OPA/AL/PVC/AL	LENALIDOMIDE	LENALIDOMIDE	2.5	milligrammi	Capsula rigida	L04AX04	GLENMARK PHARMACEUTICALS S.R.O.	Autorizzata	Procedura Mutuo riconoscimento o Decentrata	Medicinali soggetti a prescrizione medica limitativa, da rinnovare volta per volta, vendibili al pubblico su prescrizione di centri ospedalieri o di specialisti
050330024	050330	LENALIDOMIDE GLENMARK	2,5 MG CAPSULE RIGIDE- 21 CAPSULE IN BLISTER OPA/AL/PVC/AL	LENALIDOMIDE	LENALIDOMIDE	2.5	milligrammi	Capsula rigida	L04AX04	GLENMARK PHARMACEUTICALS S.R.O.	Autorizzata	Procedura Mutuo riconoscimento o Decentrata	Medicinali soggetti a prescrizione medica limitativa, da rinnovare volta per volta, vendibili al pubblico su prescrizione di centri ospedalieri o di specialisti
050330036	050330	LENALIDOMIDE GLENMARK	5 MG CAPSULE RIGIDE- 7 CAPSULE IN BLISTER OPA/AL/PVC/AL	LENALIDOMIDE	LENALIDOMIDE	5	milligrammi	Capsula rigida	L04AX04	GLENMARK PHARMACEUTICALS S.R.O.	Autorizzata	Procedura Mutuo riconoscimento o Decentrata	Medicinali soggetti a prescrizione medica limitativa, da rinnovare volta per volta, vendibili al pubblico su prescrizione di centri ospedalieri o di specialisti
050330048	050330	LENALIDOMIDE GLENMARK	5 MG CAPSULE RIGIDE- 21 CAPSULE IN BLISTER OPA/AL/PVC/AL	LENALIDOMIDE	LENALIDOMIDE	5	milligrammi	Capsula rigida	L04AX04	GLENMARK PHARMACEUTICALS S.R.O.	Autorizzata	Procedura Mutuo riconoscimento o Decentrata	Medicinali soggetti a prescrizione medica limitativa, da rinnovare volta per volta, vendibili al pubblico su prescrizione di centri ospedalieri o di specialisti
050330051	050330	LENALIDOMIDE GLENMARK	7,5 MG CAPSULE RIGIDE- 7 CAPSULE IN BLISTER OPA/AL/PVC/AL	LENALIDOMIDE	LENALIDOMIDE	7.5	milligrammi	Capsula rigida	L04AX04	GLENMARK PHARMACEUTICALS S.R.O.	Autorizzata	Procedura Mutuo riconoscimento o Decentrata	Medicinali soggetti a prescrizione medica limitativa, da rinnovare volta per volta, vendibili al pubblico su prescrizione di centri ospedalieri o di specialisti
050330063	050330	LENALIDOMIDE GLENMARK	7,5 MG CAPSULE RIGIDE- 21 CAPSULE IN BLISTER OPA/AL/PVC/AL	LENALIDOMIDE	LENALIDOMIDE	7.5	milligrammi	Capsula rigida	L04AX04	GLENMARK PHARMACEUTICALS S.R.O.	Autorizzata	Procedura Mutuo riconoscimento o Decentrata	Medicinali soggetti a prescrizione medica limitativa, da rinnovare volta per volta, vendibili al pubblico su prescrizione di centri ospedalieri o di specialisti
050330075	050330	LENALIDOMIDE GLENMARK	10 MG CAPSULE RIGIDE- 7 CAPSULE IN BLISTER OPA/AL/PVC/AL	LENALIDOMIDE	LENALIDOMIDE	10	milligrammi	Capsula rigida	L04AX04	GLENMARK PHARMACEUTICALS S.R.O.	Autorizzata	Procedura Mutuo riconoscimento o Decentrata	Medicinali soggetti a prescrizione medica limitativa, da rinnovare volta per volta, vendibili al pubblico su prescrizione di centri ospedalieri o di specialisti
050330087	050330	LENALIDOMIDE GLENMARK	10 MG CAPSULE RIGIDE- 21 CAPSULE IN BLISTER OPA/AL/PVC/AL	LENALIDOMIDE	LENALIDOMIDE	10	milligrammi	Capsula rigida	L04AX04	GLENMARK PHARMACEUTICALS S.R.O.	Autorizzata	Procedura Mutuo riconoscimento o Decentrata	Medicinali soggetti a prescrizione medica limitativa, da rinnovare volta per volta, vendibili al pubblico su prescrizione di centri ospedalieri o di specialisti
050330099	050330	LENALIDOMIDE GLENMARK	15 MG CAPSULE RIGIDE- 7 CAPSULE IN BLISTER OPA/AL/PVC/AL	LENALIDOMIDE	LENALIDOMIDE	15	milligrammi	Capsula rigida	L04AX04	GLENMARK PHARMACEUTICALS S.R.O.	Autorizzata	Procedura Mutuo riconoscimento o Decentrata	Medicinali soggetti a prescrizione medica limitativa, da rinnovare volta per volta, vendibili al pubblico su prescrizione di centri ospedalieri o di specialisti
050330101	050330	LENALIDOMIDE GLENMARK	15 MG CAPSULE RIGIDE- 21 CAPSULE IN BLISTER OPA/AL/PVC/AL	LENALIDOMIDE	LENALIDOMIDE	15	milligrammi	Capsula rigida	L04AX04	GLENMARK PHARMACEUTICALS S.R.O.	Autorizzata	Procedura Mutuo riconoscimento o Decentrata	Medicinali soggetti a prescrizione medica limitativa, da rinnovare volta per volta, vendibili al pubblico su prescrizione di centri ospedalieri o di specialisti
050330113	050330	LENALIDOMIDE GLENMARK	20 MG CAPSULE RIGIDE- 7 CAPSULE IN BLISTER OPA/AL/PVC/AL	LENALIDOMIDE	LENALIDOMIDE	20	milligrammi	Capsula rigida	L04AX04	GLENMARK PHARMACEUTICALS S.R.O.	Autorizzata	Procedura Mutuo riconoscimento o Decentrata	Medicinali soggetti a prescrizione medica limitativa, da rinnovare volta per volta, vendibili al pubblico su prescrizione di centri ospedalieri o di specialisti
050330125	050330	LENALIDOMIDE GLENMARK	20 MG CAPSULE RIGIDE- 21 CAPSULE IN BLISTER OPA/AL/PVC/AL	LENALIDOMIDE	LENALIDOMIDE	20	milligrammi	Capsula rigida	L04AX04	GLENMARK PHARMACEUTICALS S.R.O.	Autorizzata	Procedura Mutuo riconoscimento o Decentrata	Medicinali soggetti a prescrizione medica limitativa, da rinnovare volta per volta, vendibili al pubblico su prescrizione di centri ospedalieri o di specialisti
050330137	050330	LENALIDOMIDE GLENMARK	25 MG CAPSULE RIGIDE- 7 CAPSULE IN BLISTER OPA/AL/PVC/AL	LENALIDOMIDE	LENALIDOMIDE	25	milligrammi	Capsula rigida	L04AX04	GLENMARK PHARMACEUTICALS S.R.O.	Autorizzata	Procedura Mutuo riconoscimento o Decentrata	Medicinali soggetti a prescrizione medica limitativa, da rinnovare volta per volta, vendibili al pubblico su prescrizione di centri ospedalieri o di specialisti
050330149	050330	LENALIDOMIDE GLENMARK	25 MG CAPSULE RIGIDE- 21 CAPSULE IN BLISTER OPA/AL/PVC/AL	LENALIDOMIDE	LENALIDOMIDE	25	milligrammi	Capsula rigida	L04AX04	GLENMARK PHARMACEUTICALS S.R.O.	Autorizzata	Procedura Mutuo riconoscimento o Decentrata	Medicinali soggetti a prescrizione medica limitativa, da rinnovare volta per volta, vendibili al pubblico su prescrizione di centri ospedalieri o di specialisti
