codice_aic	cod_farmaco	denominazione	descrizione	pa_associati	principio_attivo	quantita	unita_misura	forma	codice_atc	ragione_sociale	stato_amministrativo	tipo_procedura	fornitura
029863014	029863	GLUCOSIO GALENICA SENESE	5% SOLUZIONE PER INFUSIONE- FIALA 10 ML	GLUCOSIO (DESTROSIO) MONOIDRATO	GLUCOSIO (DESTROSIO) MONOIDRATO	55	grammi	Soluzione iniettabile	B05BA03	INDUSTRIA FARMACEUTICA GALENICA SENESE S.R.L.	Autorizzata	Procedura Nazionale	Medicinali soggetti a prescrizione medica
029863026	029863	GLUCOSIO GALENICA SENESE	5% SOLUZIONE PER INFUSIONE- FIALA 20 ML	GLUCOSIO (DESTROSIO) MONOIDRATO	GLUCOSIO (DESTROSIO) MONOIDRATO	55	grammi	Soluzione iniettabile	B05BA03	INDUSTRIA FARMACEUTICA GALENICA SENESE S.R.L.	Autorizzata	Procedura Nazionale	Medicinali soggetti a prescrizione medica
029863038	029863	GLUCOSIO GALENICA SENESE	5% SOLUZIONE PER INFUSIONE- FLACONCINO 50 ML	GLUCOSIO (DESTROSIO) MONOIDRATO	GLUCOSIO (DESTROSIO) MONOIDRATO	55	grammi	Soluzione per infusione	B05BA03	INDUSTRIA FARMACEUTICA GALENICA SENESE S.R.L.	Autorizzata	Procedura Nazionale	Medicinali soggetti a prescrizione medica
029863040	029863	GLUCOSIO GALENICA SENESE	5% SOLUZIONE PER INFUSIONE- FLACONCINO 100 ML	GLUCOSIO (DESTROSIO) MONOIDRATO	GLUCOSIO (DESTROSIO) MONOIDRATO	55	grammi	Soluzione per infusione	B05BA03	INDUSTRIA FARMACEUTICA GALENICA SENESE S.R.L.	Autorizzata	Procedura Nazionale	Medicinali soggetti a prescrizione medica
029863053	029863	GLUCOSIO GALENICA SENESE	5% SOLUZIONE PER INFUSIONE- FLACONCINO 250 ML	GLUCOSIO (DESTROSIO) MONOIDRATO	GLUCOSIO (DESTROSIO) MONOIDRATO	55	grammi	Soluzione per infusione	B05BA03	INDUSTRIA FARMACEUTICA GALENICA SENESE S.R.L.	Autorizzata	Procedura Nazionale	Medicinali soggetti a prescrizione medica
029863065	029863	GLUCOSIO GALENICA SENESE	5% SOLUZIONE PER INFUSIONE- FLACONCINO 500 ML	GLUCOSIO (DESTROSIO) MONOIDRATO	GLUCOSIO (DESTROSIO) MONOIDRATO	55	grammi	Soluzione per infusione	B05BA03	INDUSTRIA FARMACEUTICA GALENICA SENESE S.R.L.	Autorizzata	Procedura Nazionale	Medicinali soggetti a prescrizione medica
029863077	029863	GLUCOSIO GALENICA SENESE	5% SOLUZIONE PER INFUSIONE- FLACONCINO 1000 ML	GLUCOSIO (DESTROSIO) MONOIDRATO	GLUCOSIO (DESTROSIO) MONOIDRATO	55	grammi	Soluzione per infusione	B05BA03	INDUSTRIA FARMACEUTICA GALENICA SENESE S.R.L.	Autorizzata	Procedura Nazionale	Medicinali soggetti a prescrizione medica
029863089	029863	GLUCOSIO GALENICA SENESE	5% SOLUZIONE PER INFUSIONE- SACCA 50 ML	GLUCOSIO (DESTROSIO) MONOIDRATO	GLUCOSIO (DESTROSIO) MONOIDRATO	55	grammi	Soluzione per infusione	B05BA03	INDUSTRIA FARMACEUTICA GALENICA SENESE S.R.L.	Autorizzata	Procedura Nazionale	Medicinali soggetti a prescrizione medica
029863091	029863	GLUCOSIO GALENICA SENESE	5% SOLUZIONE PER INFUSIONE- SACCA 100 ML	GLUCOSIO (DESTROSIO) MONOIDRATO	GLUCOSIO (DESTROSIO) MONOIDRATO	55	grammi	Soluzione per infusione	B05BA03	INDUSTRIA FARMACEUTICA GALENICA SENESE S.R.L.	Autorizzata	Procedura Nazionale	Medicinali soggetti a prescrizione medica
029863103	029863	GLUCOSIO GALENICA SENESE	5% SOLUZIONE PER INFUSIONE- SACCA 250 ML	GLUCOSIO (DESTROSIO) MONOIDRATO	GLUCOSIO (DESTROSIO) MONOIDRATO	55	grammi	Soluzione per infusione	B05BA03	INDUSTRIA FARMACEUTICA GALENICA SENESE S.R.L.	Autorizzata	Procedura Nazionale	Medicinali soggetti a prescrizione medica
029863115	029863	GLUCOSIO GALENICA SENESE	5% SOLUZIONE PER IFUSIONE- SACCA 500 ML	GLUCOSIO (DESTROSIO) MONOIDRATO	GLUCOSIO (DESTROSIO) MONOIDRATO	55	grammi	Soluzione per infusione	B05BA03	INDUSTRIA FARMACEUTICA GALENICA SENESE S.R.L.	Autorizzata	Procedura Nazionale	Medicinali soggetti a prescrizione medica
029863127	029863	GLUCOSIO GALENICA SENESE	5% SOLUZIONE PER INFUSIONE- SACCA 1000 ML	GLUCOSIO (DESTROSIO) MONOIDRATO	GLUCOSIO (DESTROSIO) MONOIDRATO	55	grammi	Soluzione per infusione	B05BA03	INDUSTRIA FARMACEUTICA GALENICA SENESE S.R.L.	Autorizzata	Procedura Nazionale	Medicinali soggetti a prescrizione medica
029863139	029863	GLUCOSIO GALENICA SENESE	10% SOLUZIONE PER INFUSIONE- FIALA 10 ML	GLUCOSIO (DESTROSIO) MONOIDRATO	GLUCOSIO (DESTROSIO) MONOIDRATO	110	grammi	Soluzione iniettabile	B05BA03	INDUSTRIA FARMACEUTICA GALENICA SENESE S.R.L.	Autorizzata	Procedura Nazionale	Medicinali soggetti a prescrizione medica
029863141	029863	GLUCOSIO GALENICA SENESE	10% SOLUZIONE PER INFUSIONE- FIALA 20 ML	GLUCOSIO (DESTROSIO) MONOIDRATO	GLUCOSIO (DESTROSIO) MONOIDRATO	110	grammi	Soluzione iniettabile	B05BA03	INDUSTRIA FARMACEUTICA GALENICA SENESE S.R.L.	Autorizzata	Procedura Nazionale	Medicinali soggetti a prescrizione medica
029863154	029863	GLUCOSIO GALENICA SENESE	10% SOLUZIONE PER INFUSIONE- FLACONCINO 50 ML	GLUCOSIO (DESTROSIO) MONOIDRATO	GLUCOSIO (DESTROSIO) MONOIDRATO	110		Soluzione per infusione	B05BA03	INDUSTRIA FARMACEUTICA GALENICA SENESE S.R.L.	Autorizzata	Procedura Nazionale	Medicinali soggetti a prescrizione medica
029863166	029863	GLUCOSIO GALENICA SENESE	10% SOLUZIONE PER INFUSIONE- FLACONCINO 100 ML	GLUCOSIO (DESTROSIO) MONOIDRATO	GLUCOSIO (DESTROSIO) MONOIDRATO	110		Soluzione per infusione	B05BA03	INDUSTRIA FARMACEUTICA GALENICA SENESE S.R.L.	Autorizzata	Procedura Nazionale	Medicinali soggetti a prescrizione medica
029863178	029863	GLUCOSIO GALENICA SENESE	10% SOLUZIONE PER INFUSIONE- FLACONCINO 250 ML	GLUCOSIO (DESTROSIO) MONOIDRATO	GLUCOSIO (DESTROSIO) MONOIDRATO	110	grammi	Soluzione per infusione	B05BA03	INDUSTRIA FARMACEUTICA GALENICA SENESE S.R.L.	Autorizzata	Procedura Nazionale	Medicinali soggetti a prescrizione medica
029863180	029863	GLUCOSIO GALENICA SENESE	10% SOLUZIONE PER INFUSIONE- FLACONCINO 500 ML	GLUCOSIO (DESTROSIO) MONOIDRATO	GLUCOSIO (DESTROSIO) MONOIDRATO	110	grammi	Soluzione per infusione	B05BA03	INDUSTRIA FARMACEUTICA GALENICA SENESE S.R.L.	Autorizzata	Procedura Nazionale	Medicinali soggetti a prescrizione medica
029863192	029863	GLUCOSIO GALENICA SENESE	10% SOLUZIONE PER INFUSIONE- FLACONCINO 1000 ML	GLUCOSIO (DESTROSIO) MONOIDRATO	GLUCOSIO (DESTROSIO) MONOIDRATO	110		Soluzione per infusione	B05BA03	INDUSTRIA FARMACEUTICA GALENICA SENESE S.R.L.	Autorizzata	Procedura Nazionale	Medicinali soggetti a prescrizione medica
029863204	029863	GLUCOSIO GALENICA SENESE	10% SOLUZIONE PER INFUSIONE- SACCA 50 ML	GLUCOSIO (DESTROSIO) MONOIDRATO	GLUCOSIO (DESTROSIO) MONOIDRATO	110		Soluzione per infusione	B05BA03	INDUSTRIA FARMACEUTICA GALENICA SENESE S.R.L.	Autorizzata	Procedura Nazionale	Medicinali soggetti a prescrizione medica
029863216	029863	GLUCOSIO GALENICA SENESE	10% SOLUZIONE PER INFUSIONE- SACCA 100 ML	GLUCOSIO (DESTROSIO) MONOIDRATO	GLUCOSIO (DESTROSIO) MONOIDRATO	110		Soluzione per infusione	B05BA03	INDUSTRIA FARMACEUTICA GALENICA SENESE S.R.L.	Autorizzata	Procedura Nazionale	Medicinali soggetti a prescrizione medica
029863228	029863	GLUCOSIO GALENICA SENESE	10% SOLUZIONE PER INFUSIONE- SACCA 250 ML	GLUCOSIO (DESTROSIO) MONOIDRATO	GLUCOSIO (DESTROSIO) MONOIDRATO	110		Soluzione per infusione	B05BA03	INDUSTRIA FARMACEUTICA GALENICA SENESE S.R.L.	Autorizzata	Procedura Nazionale	Medicinali soggetti a prescrizione medica
029863230	029863	GLUCOSIO GALENICA SENESE	10% SOLUZIONE PER INFUSIONE- SACCA 500 ML	GLUCOSIO (DESTROSIO) MONOIDRATO	GLUCOSIO (DESTROSIO) MONOIDRATO	110		Soluzione per infusione	B05BA03	INDUSTRIA FARMACEUTICA GALENICA SENESE S.R.L.	Autorizzata	Procedura Nazionale	Medicinali soggetti a prescrizione medica
029863242	029863	GLUCOSIO GALENICA SENESE	10% SOLUZIONE PER INFUSIONE- SACCA 1000 ML	GLUCOSIO (DESTROSIO) MONOIDRATO	GLUCOSIO (DESTROSIO) MONOIDRATO	110		Soluzione per infusione	B05BA03	INDUSTRIA FARMACEUTICA GALENICA SENESE S.R.L.	Autorizzata	Procedura Nazionale	Medicinali soggetti a prescrizione medica
029863255	029863	GLUCOSIO GALENICA SENESE	20% SOLUZIONE PER INFUSIONE- FIALA 10 ML	GLUCOSIO (DESTROSIO) MONOIDRATO	GLUCOSIO (DESTROSIO) MONOIDRATO	220	grammi	Soluzione iniettabile	B05BA03	INDUSTRIA FARMACEUTICA GALENICA SENESE S.R.L.	Autorizzata	Procedura Nazionale	Medicinali soggetti a prescrizione medica
029863267	029863	GLUCOSIO GALENICA SENESE	20% SOLUZIONE PER INFUSIONE- FLACONCINO 50 ML	GLUCOSIO (DESTROSIO) MONOIDRATO	GLUCOSIO (DESTROSIO) MONOIDRATO	220		Soluzione per infusione	B05BA03	INDUSTRIA FARMACEUTICA GALENICA SENESE S.R.L.	Autorizzata	Procedura Nazionale	Medicinali soggetti a prescrizione medica
029863279	029863	GLUCOSIO GALENICA SENESE	20% SOLUZIONE PER INFUSIONE- FLACONCINO 100 ML	GLUCOSIO (DESTROSIO) MONOIDRATO	GLUCOSIO (DESTROSIO) MONOIDRATO	220		Soluzione per infusione	B05BA03	INDUSTRIA FARMACEUTICA GALENICA SENESE S.R.L.	Autorizzata	Procedura Nazionale	Medicinali soggetti a prescrizione medica
029863281	029863	GLUCOSIO GALENICA SENESE	20% SOLUZIONE PER INFUSIONE- FLACONCINO 250 ML	GLUCOSIO (DESTROSIO) MONOIDRATO	GLUCOSIO (DESTROSIO) MONOIDRATO	220		Soluzione per infusione	B05BA03	INDUSTRIA FARMACEUTICA GALENICA SENESE S.R.L.	Autorizzata	Procedura Nazionale	Medicinali soggetti a prescrizione medica
029863293	029863	GLUCOSIO GALENICA SENESE	20% SOLUZIONE PER INFUSIONE- FLACONCINO 500 ML	GLUCOSIO (DESTROSIO) MONOIDRATO	GLUCOSIO (DESTROSIO) MONOIDRATO	220		Soluzione per infusione	B05BA03	INDUSTRIA FARMACEUTICA GALENICA SENESE S.R.L.	Autorizzata	Procedura Nazionale	Medicinali soggetti a prescrizione medica
029863305	029863	GLUCOSIO GALENICA SENESE	20% SOLUZIONE PER INFUSIONE- FLACONCINO 1000 ML	GLUCOSIO (DESTROSIO) MONOIDRATO	GLUCOSIO (DESTROSIO) MONOIDRATO	220		Soluzione per infusione	B05BA03	INDUSTRIA FARMACEUTICA GALENICA SENESE S.R.L.	Autorizzata	Procedura Nazionale	Medicinali soggetti a prescrizione medica
029863317	029863	GLUCOSIO GALENICA SENESE	20% SOLUZIONE PER INFUSIONE- SACCA 50 ML	GLUCOSIO (DESTROSIO) MONOIDRATO	GLUCOSIO (DESTROSIO) MONOIDRATO	220		Soluzione per infusione	B05BA03	INDUSTRIA FARMACEUTICA GALENICA SENESE S.R.L.	Autorizzata	Procedura Nazionale	Medicinali soggetti a prescrizione medica
029863329	029863	GLUCOSIO GALENICA SENESE	20% SOLUZIONE PER INFUSIONE- SACCA 100 ML	GLUCOSIO (DESTROSIO) MONOIDRATO	GLUCOSIO (DESTROSIO) MONOIDRATO	220		Soluzione per infusione	B05BA03	INDUSTRIA FARMACEUTICA GALENICA SENESE S.R.L.	Autorizzata	Procedura Nazionale	Medicinali soggetti a prescrizione medica
029863331	029863	GLUCOSIO GALENICA SENESE	20% SOLUZIONE PER INFUSIONE- SACCA 250 ML	GLUCOSIO (DESTROSIO) MONOIDRATO	GLUCOSIO (DESTROSIO) MONOIDRATO	220		Soluzione per infusione	B05BA03	INDUSTRIA FARMACEUTICA GALENICA SENESE S.R.L.	Autorizzata	Procedura Nazionale	Medicinali soggetti a prescrizione medica
029863343	029863	GLUCOSIO GALENICA SENESE	20% SOLUZIONE PER INFUSIONE- SACCA 500 ML	GLUCOSIO (DESTROSIO) MONOIDRATO	GLUCOSIO (DESTROSIO) MONOIDRATO	220		Soluzione per infusione	B05BA03	INDUSTRIA FARMACEUTICA GALENICA SENESE S.R.L.	Autorizzata	Procedura Nazionale	Medicinali soggetti a prescrizione medica
029863356	029863	GLUCOSIO GALENICA SENESE	20% SOLUZIONE PER INFUSIONE- SACCA 1000 ML	GLUCOSIO (DESTROSIO) MONOIDRATO	GLUCOSIO (DESTROSIO) MONOIDRATO	220		Soluzione per infusione	B05BA03	INDUSTRIA FARMACEUTICA GALENICA SENESE S.R.L.	Autorizzata	Procedura Nazionale	Medicinali soggetti a prescrizione medica
029863368	029863	GLUCOSIO GALENICA SENESE	30% SOLUZIONE PER INFUSIONE- FLACONCINO 50 ML	GLUCOSIO (DESTROSIO) MONOIDRATO	GLUCOSIO (DESTROSIO) MONOIDRATO	330		Soluzione per infusione	B05BA03	INDUSTRIA FARMACEUTICA GALENICA SENESE S.R.L.	Autorizzata	Procedura Nazionale	Medicinali soggetti a prescrizione medica
029863370	029863	GLUCOSIO GALENICA SENESE	30% SOLUZIONE PER INFUSIONE- FLACONCINO 100 ML	GLUCOSIO (DESTROSIO) MONOIDRATO	GLUCOSIO (DESTROSIO) MONOIDRATO	330		Soluzione per infusione	B05BA03	INDUSTRIA FARMACEUTICA GALENICA SENESE S.R.L.	Autorizzata	Procedura Nazionale	Medicinali soggetti a prescrizione medica
029863382	029863	GLUCOSIO GALENICA SENESE	30% SOLUZIONE PER INFUSIONE- FLACONCINO 250 ML	GLUCOSIO (DESTROSIO) MONOIDRATO	GLUCOSIO (DESTROSIO) MONOIDRATO	330		Soluzione per infusione	B05BA03	INDUSTRIA FARMACEUTICA GALENICA SENESE S.R.L.	Autorizzata	Procedura Nazionale	Medicinali soggetti a prescrizione medica
029863394	029863	GLUCOSIO GALENICA SENESE	30% SOLUZIONE PER INFUSIONE- FLACONCINO 500 ML	GLUCOSIO (DESTROSIO) MONOIDRATO	GLUCOSIO (DESTROSIO) MONOIDRATO	330		Soluzione per infusione	B05BA03	INDUSTRIA FARMACEUTICA GALENICA SENESE S.R.L.	Autorizzata	Procedura Nazionale	Medicinali soggetti a prescrizione medica
029863406	029863	GLUCOSIO GALENICA SENESE	30% SOLUZIONE PER INFUSIONE- FLACONCINO 1000 ML	GLUCOSIO (DESTROSIO) MONOIDRATO	GLUCOSIO (DESTROSIO) MONOIDRATO	330		Soluzione per infusione	B05BA03	INDUSTRIA FARMACEUTICA GALENICA SENESE S.R.L.	Autorizzata	Procedura Nazionale	Medicinali soggetti a prescrizione medica
029863418	029863	GLUCOSIO GALENICA SENESE	30% SOLUZIONE PER INFUSIONE- SACCA 50 ML	GLUCOSIO (DESTROSIO) MONOIDRATO	GLUCOSIO (DESTROSIO) MONOIDRATO	330		Soluzione per infusione	B05BA03	INDUSTRIA FARMACEUTICA GALENICA SENESE S.R.L.	Autorizzata	Procedura Nazionale	Medicinali soggetti a prescrizione medica
029863420	029863	GLUCOSIO GALENICA SENESE	30% SOLUZIONE PER INFUSIONE- SACCA 100 ML	GLUCOSIO (DESTROSIO) MONOIDRATO	GLUCOSIO (DESTROSIO) MONOIDRATO	330		Soluzione per infusione	B05BA03	INDUSTRIA FARMACEUTICA GALENICA SENESE S.R.L.	Autorizzata	Procedura Nazionale	Medicinali soggetti a prescrizione medica
029863432	029863	GLUCOSIO GALENICA SENESE	30% SOLUZIONE PER INFUSIONE- SACCA 250 ML	GLUCOSIO (DESTROSIO) MONOIDRATO	GLUCOSIO (DESTROSIO) MONOIDRATO	330		Soluzione per infusione	B05BA03	INDUSTRIA FARMACEUTICA GALENICA SENESE S.R.L.	Autorizzata	Procedura Nazionale	Medicinali soggetti a prescrizione medica
029863444	029863	GLUCOSIO GALENICA SENESE	30% SOLUZIONE PER INFUSIONE- SACCA 500 ML	GLUCOSIO (DESTROSIO) MONOIDRATO	GLUCOSIO (DESTROSIO) MONOIDRATO	330		Soluzione per infusione	B05BA03	INDUSTRIA FARMACEUTICA GALENICA SENESE S.R.L.	Autorizzata	Procedura Nazionale	Medicinali soggetti a prescrizione medica
029863457	029863	GLUCOSIO GALENICA SENESE	30% SOLUZIONE PER INFUSIONE- SACCA 1000 ML	GLUCOSIO (DESTROSIO) MONOIDRATO	GLUCOSIO (DESTROSIO) MONOIDRATO	330		Soluzione per infusione	B05BA03	INDUSTRIA FARMACEUTICA GALENICA SENESE S.R.L.	Autorizzata	Procedura Nazionale	Medicinali soggetti a prescrizione medica
029863469	029863	GLUCOSIO GALENICA SENESE	33% SOLUZIONE PER INFUSIONE- FIALA 5 ML	GLUCOSIO (DESTROSIO) MONOIDRATO	GLUCOSIO (DESTROSIO) MONOIDRATO	363	grammi	Soluzione iniettabile	B05BA03	INDUSTRIA FARMACEUTICA GALENICA SENESE S.R.L.	Autorizzata	Procedura Nazionale	Medicinali soggetti a prescrizione medica
029863471	029863	GLUCOSIO GALENICA SENESE	33% SOLUZIONE PER INFUSIONE- FIALA 10 ML	GLUCOSIO (DESTROSIO) MONOIDRATO	GLUCOSIO (DESTROSIO) MONOIDRATO	363	grammi	Soluzione iniettabile	B05BA03	INDUSTRIA FARMACEUTICA GALENICA SENESE S.R.L.	Autorizzata	Procedura Nazionale	Medicinali soggetti a prescrizione medica
029863483	029863	GLUCOSIO GALENICA SENESE	33% SOLUZIONE PER INFUSIONE- FLACONE 50 ML	GLUCOSIO (DESTROSIO) MONOIDRATO	GLUCOSIO (DESTROSIO) MONOIDRATO	363		Soluzione per infusione	B05BA03	INDUSTRIA FARMACEUTICA GALENICA SENESE S.R.L.	Autorizzata	Procedura Nazionale	Medicinali soggetti a prescrizione medica
029863495	029863	GLUCOSIO GALENICA SENESE	33% SOLUZIONE PER INFUSIONE- FLACONCINO 100 ML	GLUCOSIO (DESTROSIO) MONOIDRATO	GLUCOSIO (DESTROSIO) MONOIDRATO	363		Soluzione per infusione	B05BA03	INDUSTRIA FARMACEUTICA GALENICA SENESE S.R.L.	Autorizzata	Procedura Nazionale	Medicinali soggetti a prescrizione medica
029863507	029863	GLUCOSIO GALENICA SENESE	33% SOLUZIONE PER INFUSIONE- FLACONCINO 200 ML	GLUCOSIO (DESTROSIO) MONOIDRATO	GLUCOSIO (DESTROSIO) MONOIDRATO	363		Soluzione per infusione	B05BA03	INDUSTRIA FARMACEUTICA GALENICA SENESE S.R.L.	Autorizzata	Procedura Nazionale	Medicinali soggetti a prescrizione medica
029863519	029863	GLUCOSIO GALENICA SENESE	33% SOLUZIONE PER INFUSIONE- FLACONCINO 250 ML	GLUCOSIO (DESTROSIO) MONOIDRATO	GLUCOSIO (DESTROSIO) MONOIDRATO	363		Soluzione per infusione	B05BA03	INDUSTRIA FARMACEUTICA GALENICA SENESE S.R.L.	Autorizzata	Procedura Nazionale	Medicinali soggetti a prescrizione medica
029863521	029863	GLUCOSIO GALENICA SENESE	33% SOLUZIONE PER INFUSIONE- FLACONCINO 500 ML	GLUCOSIO (DESTROSIO) MONOIDRATO	GLUCOSIO (DESTROSIO) MONOIDRATO	363		Soluzione per infusione	B05BA03	INDUSTRIA FARMACEUTICA GALENICA SENESE S.R.L.	Autorizzata	Procedura Nazionale	Medicinali soggetti a prescrizione medica
029863533	029863	GLUCOSIO GALENICA SENESE	33% SOLUZIONE PER INFUSIONE- FLACONCINO 1000 ML	GLUCOSIO (DESTROSIO) MONOIDRATO	GLUCOSIO (DESTROSIO) MONOIDRATO	363		Soluzione per infusione	B05BA03	INDUSTRIA FARMACEUTICA GALENICA SENESE S.R.L.	Autorizzata	Procedura Nazionale	Medicinali soggetti a prescrizione medica
029863545	029863	GLUCOSIO GALENICA SENESE	33% SOLUZIONE PER INFUSIONE- SACCA 50 ML	GLUCOSIO (DESTROSIO) MONOIDRATO	GLUCOSIO (DESTROSIO) MONOIDRATO	363		Soluzione per infusione	B05BA03	INDUSTRIA FARMACEUTICA GALENICA SENESE S.R.L.	Autorizzata	Procedura Nazionale	Medicinali soggetti a prescrizione medica
029863558	029863	GLUCOSIO GALENICA SENESE	33% SOLUZIONE PER INFUSIONE- SACCA 100 ML	GLUCOSIO (DESTROSIO) MONOIDRATO	GLUCOSIO (DESTROSIO) MONOIDRATO	363		Soluzione per infusione	B05BA03	INDUSTRIA FARMACEUTICA GALENICA SENESE S.R.L.	Autorizzata	Procedura Nazionale	Medicinali soggetti a prescrizione medica
029863560	029863	GLUCOSIO GALENICA SENESE	33% SOLUZIONE PER INFUSIONE- 200 ML	GLUCOSIO (DESTROSIO) MONOIDRATO	GLUCOSIO (DESTROSIO) MONOIDRATO	363		Soluzione per infusione	B05BA03	INDUSTRIA FARMACEUTICA GALENICA SENESE S.R.L.	Autorizzata	Procedura Nazionale	Medicinali soggetti a prescrizione medica
029863572	029863	GLUCOSIO GALENICA SENESE	33% SOLUZIONE PER INFUSIONE- SACCA 250 ML	GLUCOSIO (DESTROSIO) MONOIDRATO	GLUCOSIO (DESTROSIO) MONOIDRATO	363		Soluzione per infusione	B05BA03	INDUSTRIA FARMACEUTICA GALENICA SENESE S.R.L.	Autorizzata	Procedura Nazionale	Medicinali soggetti a prescrizione medica
029863584	029863	GLUCOSIO GALENICA SENESE	33% SOLUZIONE PER INFUSIONE- SACCA 500 ML	GLUCOSIO (DESTROSIO) MONOIDRATO	GLUCOSIO (DESTROSIO) MONOIDRATO	363		Soluzione per infusione	B05BA03	INDUSTRIA FARMACEUTICA GALENICA SENESE S.R.L.	Autorizzata	Procedura Nazionale	Medicinali soggetti a prescrizione medica
029863596	029863	GLUCOSIO GALENICA SENESE	33% SOLUZIONE PER INFUSIONE- SACCA 1000 ML	GLUCOSIO (DESTROSIO) MONOIDRATO	GLUCOSIO (DESTROSIO) MONOIDRATO	363		Soluzione per infusione	B05BA03	INDUSTRIA FARMACEUTICA GALENICA SENESE S.R.L.	Autorizzata	Procedura Nazionale	Medicinali soggetti a prescrizione medica
029863608	029863	GLUCOSIO GALENICA SENESE	50% SOLUZIONE PER INFUSIONE- FLACONCINO 50 ML	GLUCOSIO (DESTROSIO) MONOIDRATO	GLUCOSIO (DESTROSIO) MONOIDRATO	550		Soluzione per infusione	B05BA03	INDUSTRIA FARMACEUTICA GALENICA SENESE S.R.L.	Autorizzata	Procedura Nazionale	Medicinali soggetti a prescrizione medica
029863610	029863	GLUCOSIO GALENICA SENESE	50% SOLUZIONE PER INFUSIONE- FLACONCINO 100 ML	GLUCOSIO (DESTROSIO) MONOIDRATO	GLUCOSIO (DESTROSIO) MONOIDRATO	550		Soluzione per infusione	B05BA03	INDUSTRIA FARMACEUTICA GALENICA SENESE S.R.L.	Autorizzata	Procedura Nazionale	Medicinali soggetti a prescrizione medica
029863622	029863	GLUCOSIO GALENICA SENESE	50% SOLUZIONE PER INFUSIONE- FLACONCINO 250 ML	GLUCOSIO (DESTROSIO) MONOIDRATO	GLUCOSIO (DESTROSIO) MONOIDRATO	550		Soluzione per infusione	B05BA03	INDUSTRIA FARMACEUTICA GALENICA SENESE S.R.L.	Autorizzata	Procedura Nazionale	Medicinali soggetti a prescrizione medica
029863634	029863	GLUCOSIO GALENICA SENESE	50% SOLUZIONE PER INFUSIONE- FLACONCINO 500 ML	GLUCOSIO (DESTROSIO) MONOIDRATO	GLUCOSIO (DESTROSIO) MONOIDRATO	550		Soluzione per infusione	B05BA03	INDUSTRIA FARMACEUTICA GALENICA SENESE S.R.L.	Autorizzata	Procedura Nazionale	Medicinali soggetti a prescrizione medica
029863646	029863	GLUCOSIO GALENICA SENESE	50% SOLUZIONE PER INFUSIONE- FLACONCINO 1000 ML	GLUCOSIO (DESTROSIO) MONOIDRATO	GLUCOSIO (DESTROSIO) MONOIDRATO	550		Soluzione per infusione	B05BA03	INDUSTRIA FARMACEUTICA GALENICA SENESE S.R.L.	Autorizzata	Procedura Nazionale	Medicinali soggetti a prescrizione medica
029863711	029863	GLUCOSIO GALENICA SENESE	70% SOLUZIONE PER INFUSIONE- FLACONCINO 50 ML	GLUCOSIO (DESTROSIO) MONOIDRATO	GLUCOSIO (DESTROSIO) MONOIDRATO	770		Soluzione per infusione	B05BA03	INDUSTRIA FARMACEUTICA GALENICA SENESE S.R.L.	Autorizzata	Procedura Nazionale	Medicinali soggetti a prescrizione medica
029863723	029863	GLUCOSIO GALENICA SENESE	70% SOLUZIONE PER INFUSIONE- FLACONCINO 100 ML	GLUCOSIO (DESTROSIO) MONOIDRATO	GLUCOSIO (DESTROSIO) MONOIDRATO	770		Soluzione per infusione	B05BA03	INDUSTRIA FARMACEUTICA GALENICA SENESE S.R.L.	Autorizzata	Procedura Nazionale	Medicinali soggetti a prescrizione medica
029863735	029863	GLUCOSIO GALENICA SENESE	70% SOLUZIONE PER INFUSIONE- FLACONCINO 250 ML	GLUCOSIO (DESTROSIO) MONOIDRATO	GLUCOSIO (DESTROSIO) MONOIDRATO	770		Soluzione per infusione	B05BA03	INDUSTRIA FARMACEUTICA GALENICA SENESE S.R.L.	Autorizzata	Procedura Nazionale	Medicinali soggetti a prescrizione medica
029863747	029863	GLUCOSIO GALENICA SENESE	70% SOLUZIONE PER INFUSIONE- FLACONCINO 500 ML	GLUCOSIO (DESTROSIO) MONOIDRATO	GLUCOSIO (DESTROSIO) MONOIDRATO	770		Soluzione per infusione	B05BA03	INDUSTRIA FARMACEUTICA GALENICA SENESE S.R.L.	Autorizzata	Procedura Nazionale	Medicinali soggetti a prescrizione medica
029863750	029863	GLUCOSIO GALENICA SENESE	70% SOLUZIONE PER INFUSIONE- FLACONCINO 1000 ML	GLUCOSIO (DESTROSIO) MONOIDRATO	GLUCOSIO (DESTROSIO) MONOIDRATO	770		Soluzione per infusione	B05BA03	INDUSTRIA FARMACEUTICA GALENICA SENESE S.R.L.	Autorizzata	Procedura Nazionale	Medicinali soggetti a prescrizione medica
029863988	029863	GLUCOSIO GALENICA SENESE	10 % SOLUZIONE PER INFUSIONE- FLACONCINO IN PP DA 500 ML	GLUCOSIO (DESTROSIO) MONOIDRATO	GLUCOSIO (DESTROSIO) MONOIDRATO	110		Soluzione per infusione	B05BA03	INDUSTRIA FARMACEUTICA GALENICA SENESE S.R.L.	Autorizzata	Procedura Nazionale	Medicinali soggetti a prescrizione medica
029863990	029863	GLUCOSIO GALENICA SENESE	10% SOLUZIONE PER INFUSIONE- 20 FLACONCINI IN PP DA 500 ML	GLUCOSIO (DESTROSIO) MONOIDRATO	GLUCOSIO (DESTROSIO) MONOIDRATO	110		Soluzione per infusione	B05BA03	INDUSTRIA FARMACEUTICA GALENICA SENESE S.R.L.	Autorizzata	Procedura Nazionale	Medicinali soggetti a prescrizione medica limitativa, utilizzabili esclusivamente in ambiente ospedaliero o in una struttura ad esso assimilabile
030672149	030672	GLUCOSIO S.A.L.F.	5%  SOLUZIONE INIETTABILE- 1 FIALA 100 ML	GLUCOSIO (DESTROSIO) MONOIDRATO	GLUCOSIO (DESTROSIO) MONOIDRATO	55	gram(s)/litre	Soluzione per infusione	B05BA03	S.A.L.F. SPA  LABORATORIO FARMACOLOGICO	Autorizzata	Procedura Nazionale	Medicinali soggetti a prescrizione medica
030672152	030672	GLUCOSIO S.A.L.F.	5% SOLUZIONE INIETTABILE- 1 FLACONCINO 250 ML	GLUCOSIO (DESTROSIO) MONOIDRATO	GLUCOSIO (DESTROSIO) MONOIDRATO	55	gram(s)/litre	Soluzione per infusione	B05BA03	S.A.L.F. SPA  LABORATORIO FARMACOLOGICO	Autorizzata	Procedura Nazionale	Medicinali soggetti a prescrizione medica
030672164	030672	GLUCOSIO S.A.L.F.	5%  SOLUZIONE INIETTABILE- 1 FLACONCINO 500 ML	GLUCOSIO (DESTROSIO) MONOIDRATO	GLUCOSIO (DESTROSIO) MONOIDRATO	55	gram(s)/litre	Soluzione per infusione	B05BA03	S.A.L.F. SPA  LABORATORIO FARMACOLOGICO	Autorizzata	Procedura Nazionale	Medicinali soggetti a prescrizione medica
030672202	030672	GLUCOSIO S.A.L.F.	10% SOLUZIONE INIETTABILE- 1 FIALA 250 ML	GLUCOSIO (DESTROSIO) MONOIDRATO	GLUCOSIO (DESTROSIO) MONOIDRATO	110	gram(s)/litre	Soluzione per infusione	B05BA03	S.A.L.F. SPA  LABORATORIO FARMACOLOGICO	Autorizzata	Procedura Nazionale	Medicinali soggetti a prescrizione medica
030672214	030672	GLUCOSIO S.A.L.F.	10% SOLUZIONE INIETTABILE- 1 FIALA 500 ML	GLUCOSIO (DESTROSIO) MONOIDRATO	GLUCOSIO (DESTROSIO) MONOIDRATO	110	gram(s)/litre	Soluzione per infusione	B05BA03	S.A.L.F. SPA  LABORATORIO FARMACOLOGICO	Autorizzata	Procedura Nazionale	Medicinali soggetti a prescrizione medica
030672240	030672	GLUCOSIO S.A.L.F.	20% SOLUZIONE INIETTABILE- 1 FLACONCINO 500 ML	GLUCOSIO (DESTROSIO) MONOIDRATO	GLUCOSIO (DESTROSIO) MONOIDRATO	220	gram(s)/litre	Soluzione per infusione	B05BA03	S.A.L.F. SPA  LABORATORIO FARMACOLOGICO	Autorizzata	Procedura Nazionale	Medicinali soggetti a prescrizione medica
030672277	030672	GLUCOSIO S.A.L.F.	33% SOLUZIONE INIETTABILE- 1 FLACONCINO 500 ML	GLUCOSIO (DESTROSIO) MONOIDRATO	GLUCOSIO (DESTROSIO) MONOIDRATO	363	gram(s)/litre	Soluzione per infusione	B05BA03	S.A.L.F. SPA  LABORATORIO FARMACOLOGICO	Autorizzata	Procedura Nazionale	Medicinali soggetti a prescrizione medica
030672291	030672	GLUCOSIO S.A.L.F.	50% SOLUZIONE INIETTABILE- 1 FLACONCINO 100 ML	GLUCOSIO (DESTROSIO) MONOIDRATO	GLUCOSIO (DESTROSIO) MONOIDRATO	550	gram(s)/litre	Soluzione per infusione	B05BA03	S.A.L.F. SPA  LABORATORIO FARMACOLOGICO	Autorizzata	Procedura Nazionale	Medicinali soggetti a prescrizione medica
030672303	030672	GLUCOSIO S.A.L.F.	50% SOLUZIONE INIETTABILE- 1 FLACONCINO 250 ML	GLUCOSIO (DESTROSIO) MONOIDRATO	GLUCOSIO (DESTROSIO) MONOIDRATO	550	gram(s)/litre	Soluzione per infusione	B05BA03	S.A.L.F. SPA  LABORATORIO FARMACOLOGICO	Autorizzata	Procedura Nazionale	Medicinali soggetti a prescrizione medica
030672315	030672	GLUCOSIO S.A.L.F.	50% SOLUZIONE INIETTABILE- 1 FLACONCINO 500 ML	GLUCOSIO (DESTROSIO) MONOIDRATO	GLUCOSIO (DESTROSIO) MONOIDRATO	550	gram(s)/litre	Soluzione per infusione	B05BA03	S.A.L.F. SPA  LABORATORIO FARMACOLOGICO	Autorizzata	Procedura Nazionale	Medicinali soggetti a prescrizione medica
030672341	030672	GLUCOSIO S.A.L.F.	70% SOLUZIONE INIETTABILE- 1 FLACONCINO 500 ML	GLUCOSIO (DESTROSIO) MONOIDRATO	GLUCOSIO (DESTROSIO) MONOIDRATO	770	gram(s)/litre	Soluzione per infusione	B05BA03	S.A.L.F. SPA  LABORATORIO FARMACOLOGICO	Autorizzata	Procedura Nazionale	Medicinali soggetti a prescrizione medica
030672695	030672	GLUCOSIO S.A.L.F.	50% SOLUZIONE INIETTABILE- 1 SACCA 3000 ML	GLUCOSIO (DESTROSIO) MONOIDRATO	GLUCOSIO (DESTROSIO) MONOIDRATO	550	gram(s)/litre	Soluzione per infusione	B05BA03	S.A.L.F. SPA  LABORATORIO FARMACOLOGICO	Autorizzata	Procedura Nazionale	Medicinali soggetti a prescrizione medica
030672758	030672	GLUCOSIO S.A.L.F.	5% SOLUZIONE INIETTABILE- FLACONCINO 500 ML	GLUCOSIO (DESTROSIO) MONOIDRATO	GLUCOSIO (DESTROSIO) MONOIDRATO	55	gram(s)/litre	Soluzione per infusione	B05BA03	S.A.L.F. SPA  LABORATORIO FARMACOLOGICO	Autorizzata	Procedura Nazionale	Medicinali soggetti a prescrizione medica
030672760	030672	GLUCOSIO S.A.L.F.	5% SOLUZIONE INIETTABILE- FLACONCINO 250 ML	GLUCOSIO (DESTROSIO) MONOIDRATO	GLUCOSIO (DESTROSIO) MONOIDRATO	55	gram(s)/litre	Soluzione per infusione	B05BA03	S.A.L.F. SPA  LABORATORIO FARMACOLOGICO	Autorizzata	Procedura Nazionale	Medicinali soggetti a prescrizione medica
030672772	030672	GLUCOSIO S.A.L.F.	5% SOLUZIONE INIETTABILE- FLACONCINO 100 ML	GLUCOSIO (DESTROSIO) MONOIDRATO	GLUCOSIO (DESTROSIO) MONOIDRATO	55	gram(s)/litre	Soluzione per infusione	B05BA03	S.A.L.F. SPA  LABORATORIO FARMACOLOGICO	Autorizzata	Procedura Nazionale	Medicinali soggetti a prescrizione medica
030672784	030672	GLUCOSIO S.A.L.F.	10 % SOLUZIONE INIETTABILE - 5 FIALE DA 10 ML	GLUCOSIO (DESTROSIO) MONOIDRATO	GLUCOSIO (DESTROSIO) MONOIDRATO	550	gram(s)/litre	Soluzione per infusione	B05BA03	S.A.L.F. SPA  LABORATORIO FARMACOLOGICO	Autorizzata	Procedura Nazionale	Medicinali soggetti a prescrizione medica
030672796	030672	GLUCOSIO S.A.L.F.	33 % SOLUZIONE INIETTABILE - 5 FIALE DA 10 ML	GLUCOSIO (DESTROSIO) MONOIDRATO	GLUCOSIO (DESTROSIO) MONOIDRATO	363	gram(s)/litre	Soluzione per infusione	B05BA03	S.A.L.F. SPA  LABORATORIO FARMACOLOGICO	Autorizzata	Procedura Nazionale	Medicinali soggetti a prescrizione medica limitativa, utilizzabili esclusivamente in ambiente ospedaliero o in una struttura ad esso assimilabile
030672810	030672	GLUCOSIO S.A.L.F.	5 % SOLUZIONE INIETTABILE - 5 FIALE DA 10 ML	GLUCOSIO (DESTROSIO) MONOIDRATO	GLUCOSIO (DESTROSIO) MONOIDRATO	55	gram(s)/litre	Soluzione per infusione	B05BA03	S.A.L.F. SPA  LABORATORIO FARMACOLOGICO	Autorizzata	Procedura Nazionale	Medicinali soggetti a prescrizione medica
030672822	030672	GLUCOSIO S.A.L.F.	5% SOLUZIONE PER INFUSIONE- 20 SACCHE PVC FREE 100 ML	GLUCOSIO (DESTROSIO) MONOIDRATO	GLUCOSIO (DESTROSIO) MONOIDRATO	55	gram(s)/litre	Soluzione per infusione	B05BA03	S.A.L.F. SPA  LABORATORIO FARMACOLOGICO	Autorizzata	Procedura Nazionale	Medicinali soggetti a prescrizione medica
030672834	030672	GLUCOSIO S.A.L.F.	5% SOLUZIONE PER INFUSIONE- 20 SACCHE PVC FREE 250 ML	GLUCOSIO (DESTROSIO) MONOIDRATO	GLUCOSIO (DESTROSIO) MONOIDRATO	55	gram(s)/litre	Soluzione per infusione	B05BA03	S.A.L.F. SPA  LABORATORIO FARMACOLOGICO	Autorizzata	Procedura Nazionale	Medicinali soggetti a prescrizione medica
030672846	030672	GLUCOSIO S.A.L.F.	5% SOLUZIONE PER INFUSIONE- 15 SACCHE PVC FREE 500 ML	GLUCOSIO (DESTROSIO) MONOIDRATO	GLUCOSIO (DESTROSIO) MONOIDRATO	55	gram(s)/litre	Soluzione per infusione	B05BA03	S.A.L.F. SPA  LABORATORIO FARMACOLOGICO	Autorizzata	Procedura Nazionale	Medicinali soggetti a prescrizione medica
030672859	030672	GLUCOSIO S.A.L.F.	5% SOLUZIONE PER INFUSIONE- 10 SACCHE PVC FREE 1000 ML	GLUCOSIO (DESTROSIO) MONOIDRATO	GLUCOSIO (DESTROSIO) MONOIDRATO	55	gram(s)/litre	Soluzione per infusione	B05BA03	S.A.L.F. SPA  LABORATORIO FARMACOLOGICO	Autorizzata	Procedura Nazionale	Medicinali soggetti a prescrizione medica
030672861	030672	GLUCOSIO S.A.L.F.	5% SOLUZIONE PER INFUSIONE- 5 SACCHE PVC FREE 2000 ML	GLUCOSIO (DESTROSIO) MONOIDRATO	GLUCOSIO (DESTROSIO) MONOIDRATO	55	gram(s)/litre	Soluzione per infusione	B05BA03	S.A.L.F. SPA  LABORATORIO FARMACOLOGICO	Autorizzata	Procedura Nazionale	Medicinali soggetti a prescrizione medica
030793018	030793	GLUCOSIO MONICO	5% SOLUZIONE PER INFUSIONE- 10 FIALE 10 ML	GLUCOSIO (DESTROSIO) MONOIDRATO	GLUCOSIO (DESTROSIO) MONOIDRATO			Soluzione per infusione	B05BA03	MONICO S.P.A.	Autorizzata	Procedura Nazionale	Medicinali soggetti a prescrizione medica
030793020	030793	GLUCOSIO MONICO	10% SOLUZIONE PER INFUSIONE- FIALA DA 10 ML	GLUCOSIO (DESTROSIO) MONOIDRATO	GLUCOSIO (DESTROSIO) MONOIDRATO			Soluzione per infusione	B05BA03	MONICO S.P.A.	Autorizzata	Procedura Nazionale	Medicinali soggetti a prescrizione medica
030793032	030793	GLUCOSIO MONICO	10% SOLUZIONE PER INFUSIONE- 10 FIALE DA 10 ML	GLUCOSIO (DESTROSIO) MONOIDRATO	GLUCOSIO (DESTROSIO) MONOIDRATO			Soluzione per infusione	B05BA03	MONICO S.P.A.	Autorizzata	Procedura Nazionale	Medicinali soggetti a prescrizione medica
030793044	030793	GLUCOSIO MONICO	20% SOLUZIONE PER INFUSIONE- FIALA DA 10 ML	GLUCOSIO (DESTROSIO) MONOIDRATO	GLUCOSIO (DESTROSIO) MONOIDRATO			Soluzione per infusione	B05BA03	MONICO S.P.A.	Autorizzata	Procedura Nazionale	Medicinali soggetti a prescrizione medica
030793057	030793	GLUCOSIO MONICO	20% SOLUZIONE PER INFUSIONE- 10 FIALE DA 10 ML	GLUCOSIO (DESTROSIO) MONOIDRATO	GLUCOSIO (DESTROSIO) MONOIDRATO			Soluzione per infusione	B05BA03	MONICO S.P.A.	Autorizzata	Procedura Nazionale	Medicinali soggetti a prescrizione medica limitativa, utilizzabili esclusivamente in ambiente ospedaliero o in una struttura ad esso assimilabile
030793069	030793	GLUCOSIO MONICO	33% SOLUZIONE PER INFUSIONE- FIALA DA 10 ML	GLUCOSIO (DESTROSIO) MONOIDRATO	GLUCOSIO (DESTROSIO) MONOIDRATO			Soluzione per infusione	B05BA03	MONICO S.P.A.	Autorizzata	Procedura Nazionale	Medicinali soggetti a prescrizione medica
030793071	030793	GLUCOSIO MONICO	33% SOLUZIONE PER INFUSIONE- 10 FIALE DA 10 ML	GLUCOSIO (DESTROSIO) MONOIDRATO	GLUCOSIO (DESTROSIO) MONOIDRATO			Soluzione per infusione	B05BA03	MONICO S.P.A.	Autorizzata	Procedura Nazionale	Medicinali soggetti a prescrizione medica limitativa, utilizzabili esclusivamente in ambiente ospedaliero o in una struttura ad esso assimilabile
030793083	030793	GLUCOSIO MONICO	5% SOLUZIONE PER INFUSIONE- FLACONCINO DA 10 ML	GLUCOSIO (DESTROSIO) MONOIDRATO	GLUCOSIO (DESTROSIO) MONOIDRATO			Soluzione per infusione	B05BA03	MONICO S.P.A.	Autorizzata	Procedura Nazionale	Medicinali soggetti a prescrizione medica
030793095	030793	GLUCOSIO MONICO	5% SOLUZIONE PER INFUSIONE- FLACONCINO DA 100 ML	GLUCOSIO (DESTROSIO) MONOIDRATO	GLUCOSIO (DESTROSIO) MONOIDRATO			Soluzione per infusione	B05BA03	MONICO S.P.A.	Autorizzata	Procedura Nazionale	Medicinali soggetti a prescrizione medica
030793107	030793	GLUCOSIO MONICO	5% SOLUZIONE PER INFUSIONE- FLACONCINO DA 250 ML	GLUCOSIO (DESTROSIO) MONOIDRATO	GLUCOSIO (DESTROSIO) MONOIDRATO			Soluzione per infusione	B05BA03	MONICO S.P.A.	Autorizzata	Procedura Nazionale	Medicinali soggetti a prescrizione medica
030793119	030793	GLUCOSIO MONICO	5% SOLUZIONE PER INFUSIONE- FLACONCINO DA 500 ML	GLUCOSIO (DESTROSIO) MONOIDRATO	GLUCOSIO (DESTROSIO) MONOIDRATO			Soluzione per infusione	B05BA03	MONICO S.P.A.	Autorizzata	Procedura Nazionale	Medicinali soggetti a prescrizione medica
030793121	030793	GLUCOSIO MONICO	5% SOLUZIONE PER INFUSIONE- FLACONCINO DA 1000 ML	GLUCOSIO (DESTROSIO) MONOIDRATO	GLUCOSIO (DESTROSIO) MONOIDRATO			Soluzione per infusione	B05BA03	MONICO S.P.A.	Autorizzata	Procedura Nazionale	Medicinali soggetti a prescrizione medica
030793133	030793	GLUCOSIO MONICO	10% SOLUZIONE PER INFUSIONE- FLACONCINO DA 50 ML	GLUCOSIO (DESTROSIO) MONOIDRATO	GLUCOSIO (DESTROSIO) MONOIDRATO			Soluzione per infusione	B05BA03	MONICO S.P.A.	Autorizzata	Procedura Nazionale	Medicinali soggetti a prescrizione medica
030793145	030793	GLUCOSIO MONICO	10% SOLUZIONE PER INFUSIONE- FLACONCINO DA 100 ML	GLUCOSIO (DESTROSIO) MONOIDRATO	GLUCOSIO (DESTROSIO) MONOIDRATO			Soluzione per infusione	B05BA03	MONICO S.P.A.	Autorizzata	Procedura Nazionale	Medicinali soggetti a prescrizione medica
030793158	030793	GLUCOSIO MONICO	10% SOLUZIONE PER INFUSIONE- FLACONCINO DA 250 ML	GLUCOSIO (DESTROSIO) MONOIDRATO	GLUCOSIO (DESTROSIO) MONOIDRATO			Soluzione per infusione	B05BA03	MONICO S.P.A.	Autorizzata	Procedura Nazionale	Medicinali soggetti a prescrizione medica
030793160	030793	GLUCOSIO MONICO	10% SOLUZIONE PER INFUSIONE- FLACONCINO DA 500 ML	GLUCOSIO (DESTROSIO) MONOIDRATO	GLUCOSIO (DESTROSIO) MONOIDRATO			Soluzione per infusione	B05BA03	MONICO S.P.A.	Autorizzata	Procedura Nazionale	Medicinali soggetti a prescrizione medica
030793172	030793	GLUCOSIO MONICO	10% SOLUZIONE PER INFUSIONE- FLACONCINO DA 1000 ML	GLUCOSIO (DESTROSIO) MONOIDRATO	GLUCOSIO (DESTROSIO) MONOIDRATO			Soluzione per infusione	B05BA03	MONICO S.P.A.	Autorizzata	Procedura Nazionale	Medicinali soggetti a prescrizione medica
030793184	030793	GLUCOSIO MONICO	20% SOLUZIONE PER INFUSIONE- FLACONCINO DA 50 ML	GLUCOSIO (DESTROSIO) MONOIDRATO	GLUCOSIO (DESTROSIO) MONOIDRATO			Soluzione per infusione	B05BA03	MONICO S.P.A.	Autorizzata	Procedura Nazionale	Medicinali soggetti a prescrizione medica
030793196	030793	GLUCOSIO MONICO	20% SOLUZIONE PER INFUSIONE- FLACONCINO DA 100 ML	GLUCOSIO (DESTROSIO) MONOIDRATO	GLUCOSIO (DESTROSIO) MONOIDRATO			Soluzione per infusione	B05BA03	MONICO S.P.A.	Autorizzata	Procedura Nazionale	Medicinali soggetti a prescrizione medica
030793208	030793	GLUCOSIO MONICO	20% SOLUZIONE PER INFUSIONE- FLACONCINO DA 250 ML	GLUCOSIO (DESTROSIO) MONOIDRATO	GLUCOSIO (DESTROSIO) MONOIDRATO			Soluzione per infusione	B05BA03	MONICO S.P.A.	Autorizzata	Procedura Nazionale	Medicinali soggetti a prescrizione medica
030793210	030793	GLUCOSIO MONICO	20% SOLUZIONE PER INFUSIONE- FLACONCINO DA 500 ML	GLUCOSIO (DESTROSIO) MONOIDRATO	GLUCOSIO (DESTROSIO) MONOIDRATO			Soluzione per infusione	B05BA03	MONICO S.P.A.	Autorizzata	Procedura Nazionale	Medicinali soggetti a prescrizione medica
030793222	030793	GLUCOSIO MONICO	20% SOLUZIONE PER INFUSIONE- FLACONCINO DA 1000 ML	GLUCOSIO (DESTROSIO) MONOIDRATO	GLUCOSIO (DESTROSIO) MONOIDRATO			Soluzione per infusione	B05BA03	MONICO S.P.A.	Autorizzata	Procedura Nazionale	Medicinali soggetti a prescrizione medica
030793234	030793	GLUCOSIO MONICO	33% SOLUZIONE PER INFUSIONE- FLACONCINO DA 50 ML	GLUCOSIO (DESTROSIO) MONOIDRATO	GLUCOSIO (DESTROSIO) MONOIDRATO			Soluzione per infusione	B05BA03	MONICO S.P.A.	Autorizzata	Procedura Nazionale	Medicinali soggetti a prescrizione medica
030793246	030793	GLUCOSIO MONICO	33% SOLUZIONE PER INFUSIONE- FLACONCINO DA 100 ML	GLUCOSIO (DESTROSIO) MONOIDRATO	GLUCOSIO (DESTROSIO) MONOIDRATO			Soluzione per infusione	B05BA03	MONICO S.P.A.	Autorizzata	Procedura Nazionale	Medicinali soggetti a prescrizione medica
030793259	030793	GLUCOSIO MONICO	33% SOLUZIONE PER INFUSIONE- FLACONCINO DA 250 ML	GLUCOSIO (DESTROSIO) MONOIDRATO	GLUCOSIO (DESTROSIO) MONOIDRATO			Soluzione per infusione	B05BA03	MONICO S.P.A.	Autorizzata	Procedura Nazionale	Medicinali soggetti a prescrizione medica
030793261	030793	GLUCOSIO MONICO	33% SOLUZIONE PER INFUSIONE- FLACONCINO DA 500 ML	GLUCOSIO (DESTROSIO) MONOIDRATO	GLUCOSIO (DESTROSIO) MONOIDRATO			Soluzione per infusione	B05BA03	MONICO S.P.A.	Autorizzata	Procedura Nazionale	Medicinali soggetti a prescrizione medica
030793273	030793	GLUCOSIO MONICO	33% SOLUZIONE PER INFUSIONE- FLACONCINO DA 1000 ML	GLUCOSIO (DESTROSIO) MONOIDRATO	GLUCOSIO (DESTROSIO) MONOIDRATO			Soluzione per infusione	B05BA03	MONICO S.P.A.	Autorizzata	Procedura Nazionale	Medicinali soggetti a prescrizione medica
030793285	030793	GLUCOSIO MONICO	50% SOLUZIONE PER INFUSIONE- FLACONCINO DA 50 ML	GLUCOSIO (DESTROSIO) MONOIDRATO	GLUCOSIO (DESTROSIO) MONOIDRATO			Soluzione per infusione	B05BA03	MONICO S.P.A.	Autorizzata	Procedura Nazionale	Medicinali soggetti a prescrizione medica
030793297	030793	GLUCOSIO MONICO	50% SOLUZIONE PER INFUSIONE- FLACONE 100 ML	GLUCOSIO (DESTROSIO) MONOIDRATO	GLUCOSIO (DESTROSIO) MONOIDRATO			Soluzione per infusione	B05BA03	MONICO S.P.A.	Autorizzata	Procedura Nazionale	Medicinali soggetti a prescrizione medica
030793309	030793	GLUCOSIO MONICO	50% SOLUZIONE PER INFUSIONE- FLACONCINO DA 250 ML	GLUCOSIO (DESTROSIO) MONOIDRATO	GLUCOSIO (DESTROSIO) MONOIDRATO			Soluzione per infusione	B05BA03	MONICO S.P.A.	Autorizzata	Procedura Nazionale	Medicinali soggetti a prescrizione medica
030793311	030793	GLUCOSIO MONICO	50% SOLUZIONE PER INFUSIONE- FLACONCINO DA 500 ML	GLUCOSIO (DESTROSIO) MONOIDRATO	GLUCOSIO (DESTROSIO) MONOIDRATO			Soluzione per infusione	B05BA03	MONICO S.P.A.	Autorizzata	Procedura Nazionale	Medicinali soggetti a prescrizione medica
030793323	030793	GLUCOSIO MONICO	50% SOLUZIONE PER INFUSIONE- FLACONCINO DA 1000 ML	GLUCOSIO (DESTROSIO) MONOIDRATO	GLUCOSIO (DESTROSIO) MONOIDRATO			Soluzione per infusione	B05BA03	MONICO S.P.A.	Autorizzata	Procedura Nazionale	Medicinali soggetti a prescrizione medica
030793335	030793	GLUCOSIO MONICO	70% SOLUZIONE PER INFUSIONE- FLACONCINO DA 50 ML	GLUCOSIO (DESTROSIO) MONOIDRATO	GLUCOSIO (DESTROSIO) MONOIDRATO			Soluzione per infusione	B05BA03	MONICO S.P.A.	Autorizzata	Procedura Nazionale	Medicinali soggetti a prescrizione medica
030793347	030793	GLUCOSIO MONICO	70% SOLUZIONE PER INFUSIONE- FLACONCINO DA 100 ML	GLUCOSIO (DESTROSIO) MONOIDRATO	GLUCOSIO (DESTROSIO) MONOIDRATO			Soluzione per infusione	B05BA03	MONICO S.P.A.	Autorizzata	Procedura Nazionale	Medicinali soggetti a prescrizione medica
030793350	030793	GLUCOSIO MONICO	70% SOLUZIONE PER INFUSIONE- FLACONCINO DA 250 ML	GLUCOSIO (DESTROSIO) MONOIDRATO	GLUCOSIO (DESTROSIO) MONOIDRATO			Soluzione per infusione	B05BA03	MONICO S.P.A.	Autorizzata	Procedura Nazionale	Medicinali soggetti a prescrizione medica
030793362	030793	GLUCOSIO MONICO	70% SOLUZIONE PER INFUSIONE- FLACONCINO DA 500 ML	GLUCOSIO (DESTROSIO) MONOIDRATO	GLUCOSIO (DESTROSIO) MONOIDRATO			Soluzione per infusione	B05BA03	MONICO S.P.A.	Autorizzata	Procedura Nazionale	Medicinali soggetti a prescrizione medica
030793374	030793	GLUCOSIO MONICO	70% SOLUZIONE PER INFUSIONE- FLACONCINO DA 1000 ML	GLUCOSIO (DESTROSIO) MONOIDRATO	GLUCOSIO (DESTROSIO) MONOIDRATO			Soluzione per infusione	B05BA03	MONICO S.P.A.	Autorizzata	Procedura Nazionale	Medicinali soggetti a prescrizione medica
030793386	030793	GLUCOSIO MONICO	5% SOLUZIONE PER INFUSIONE- 50 ML IN FLACONCINO DA 100 ML	GLUCOSIO (DESTROSIO) MONOIDRATO	GLUCOSIO (DESTROSIO) MONOIDRATO			Soluzione per infusione	B05BA03	MONICO S.P.A.	Autorizzata	Procedura Nazionale	Medicinali soggetti a prescrizione medica
030793398	030793	GLUCOSIO MONICO	5% SOLUZIONE PER INFUSIONE- 100 ML IN FLACONCINO DA 250 ML	GLUCOSIO (DESTROSIO) MONOIDRATO	GLUCOSIO (DESTROSIO) MONOIDRATO			Soluzione per infusione	B05BA03	MONICO S.P.A.	Autorizzata	Procedura Nazionale	Medicinali soggetti a prescrizione medica
030793400	030793	GLUCOSIO MONICO	5% SOLUZIONE PER INFUSIONE- 250 ML IN FLACONCINO DA 500 ML	GLUCOSIO (DESTROSIO) MONOIDRATO	GLUCOSIO (DESTROSIO) MONOIDRATO			Soluzione per infusione	B05BA03	MONICO S.P.A.	Autorizzata	Procedura Nazionale	Medicinali soggetti a prescrizione medica
030793412	030793	GLUCOSIO MONICO	5% SOLUZIONE PER INFUSIONE- 500 ML IN FLACONCINO DA 1000 ML	GLUCOSIO (DESTROSIO) MONOIDRATO	GLUCOSIO (DESTROSIO) MONOIDRATO			Soluzione per infusione	B05BA03	MONICO S.P.A.	Autorizzata	Procedura Nazionale	Medicinali soggetti a prescrizione medica
030793424	030793	GLUCOSIO MONICO	10% SOLUZIONE PER INFUSIONE- 50 ML IN FLACONCINO DA 100 ML	GLUCOSIO (DESTROSIO) MONOIDRATO	GLUCOSIO (DESTROSIO) MONOIDRATO			Soluzione per infusione	B05BA03	MONICO S.P.A.	Autorizzata	Procedura Nazionale	Medicinali soggetti a prescrizione medica
030793436	030793	GLUCOSIO MONICO	10% SOLUZIONE PER INFUSIONE- 100 ML IN FLACONCINO DA 250 ML	GLUCOSIO (DESTROSIO) MONOIDRATO	GLUCOSIO (DESTROSIO) MONOIDRATO			Soluzione per infusione	B05BA03	MONICO S.P.A.	Autorizzata	Procedura Nazionale	Medicinali soggetti a prescrizione medica
030793448	030793	GLUCOSIO MONICO	10% SOLUZIONE PER INFUSIONE- 250 ML IN FLACONCINO DA 500 ML	GLUCOSIO (DESTROSIO) MONOIDRATO	GLUCOSIO (DESTROSIO) MONOIDRATO			Soluzione per infusione	B05BA03	MONICO S.P.A.	Autorizzata	Procedura Nazionale	Medicinali soggetti a prescrizione medica
030793451	030793	GLUCOSIO MONICO	10% SOLUZIONE PER INFUSIONE- 500 ML IN FLACONCINO DA 1000 ML	GLUCOSIO (DESTROSIO) MONOIDRATO	GLUCOSIO (DESTROSIO) MONOIDRATO			Soluzione per infusione	B05BA03	MONICO S.P.A.	Autorizzata	Procedura Nazionale	Medicinali soggetti a prescrizione medica
030793463	030793	GLUCOSIO MONICO	20% SOLUZIONE PER INFUSIONE- 50 ML IN FLACONCINO DA 100 ML	GLUCOSIO (DESTROSIO) MONOIDRATO	GLUCOSIO (DESTROSIO) MONOIDRATO			Soluzione per infusione	B05BA03	MONICO S.P.A.	Autorizzata	Procedura Nazionale	Medicinali soggetti a prescrizione medica
030793475	030793	GLUCOSIO MONICO	20% SOLUZIONE PER INFUSIONE- 100 ML IN FLACONCINO DA 250 ML	GLUCOSIO (DESTROSIO) MONOIDRATO	GLUCOSIO (DESTROSIO) MONOIDRATO			Soluzione per infusione	B05BA03	MONICO S.P.A.	Autorizzata	Procedura Nazionale	Medicinali soggetti a prescrizione medica
030793487	030793	GLUCOSIO MONICO	20% SOLUZIONE PER INFUSIONE- 250 ML IN FLACONCINO DA 500 ML	GLUCOSIO (DESTROSIO) MONOIDRATO	GLUCOSIO (DESTROSIO) MONOIDRATO			Soluzione per infusione	B05BA03	MONICO S.P.A.	Autorizzata	Procedura Nazionale	Medicinali soggetti a prescrizione medica
030793499	030793	GLUCOSIO MONICO	20% SOLUZIONE PER INFUSIONE- 500 ML IN FLACONCINO DA 1000 ML	GLUCOSIO (DESTROSIO) MONOIDRATO	GLUCOSIO (DESTROSIO) MONOIDRATO			Soluzione per infusione	B05BA03	MONICO S.P.A.	Autorizzata	Procedura Nazionale	Medicinali soggetti a prescrizione medica
030793501	030793	GLUCOSIO MONICO	33% SOLUZIONE PER INFUSIONE- 50 ML IN FLACONCINO DA 100 ML	GLUCOSIO (DESTROSIO) MONOIDRATO	GLUCOSIO (DESTROSIO) MONOIDRATO			Soluzione per infusione	B05BA03	MONICO S.P.A.	Autorizzata	Procedura Nazionale	Medicinali soggetti a prescrizione medica
030793513	030793	GLUCOSIO MONICO	33% SOLUZIONE PER INFUSIONE- 100 ML IN FLACONCINO DA 250 ML	GLUCOSIO (DESTROSIO) MONOIDRATO	GLUCOSIO (DESTROSIO) MONOIDRATO			Soluzione per infusione	B05BA03	MONICO S.P.A.	Autorizzata	Procedura Nazionale	Medicinali soggetti a prescrizione medica
030793525	030793	GLUCOSIO MONICO	33% SOLUZIONE PER INFUSIONE- 250 ML IN FLACONCINO DA 500 ML	GLUCOSIO (DESTROSIO) MONOIDRATO	GLUCOSIO (DESTROSIO) MONOIDRATO			Soluzione per infusione	B05BA03	MONICO S.P.A.	Autorizzata	Procedura Nazionale	Medicinali soggetti a prescrizione medica
030793537	030793	GLUCOSIO MONICO	33% SOLUZIONE PER INFUSIONE- 500 ML IN FLACONCINO DA 1000 ML	GLUCOSIO (DESTROSIO) MONOIDRATO	GLUCOSIO (DESTROSIO) MONOIDRATO			Soluzione per infusione	B05BA03	MONICO S.P.A.	Autorizzata	Procedura Nazionale	Medicinali soggetti a prescrizione medica
030793549	030793	GLUCOSIO MONICO	50% SOLUZIONE PER INFUSIONE- 50 ML IN FLACONCINO DA 100 ML	GLUCOSIO (DESTROSIO) MONOIDRATO	GLUCOSIO (DESTROSIO) MONOIDRATO			Soluzione per infusione	B05BA03	MONICO S.P.A.	Autorizzata	Procedura Nazionale	Medicinali soggetti a prescrizione medica
030793552	030793	GLUCOSIO MONICO	50% SOLUZIONE PER INFUSIONE- 100 ML IN FLACONCINO DA 250 ML	GLUCOSIO (DESTROSIO) MONOIDRATO	GLUCOSIO (DESTROSIO) MONOIDRATO			Soluzione per infusione	B05BA03	MONICO S.P.A.	Autorizzata	Procedura Nazionale	Medicinali soggetti a prescrizione medica
030793564	030793	GLUCOSIO MONICO	50% SOLUZIONE PER INFUSIONE- 250 ML IN FLACONCINO DA 500 ML	GLUCOSIO (DESTROSIO) MONOIDRATO	GLUCOSIO (DESTROSIO) MONOIDRATO			Soluzione per infusione	B05BA03	MONICO S.P.A.	Autorizzata	Procedura Nazionale	Medicinali soggetti a prescrizione medica
030793576	030793	GLUCOSIO MONICO	50% SOLUZIONE PER INFUSIONE- 500 ML IN FLACONCINO DA 1000 ML	GLUCOSIO (DESTROSIO) MONOIDRATO	GLUCOSIO (DESTROSIO) MONOIDRATO			Soluzione per infusione	B05BA03	MONICO S.P.A.	Autorizzata	Procedura Nazionale	Medicinali soggetti a prescrizione medica
030793588	030793	GLUCOSIO MONICO	70% SOLUZIONE PER INFUSIONE- 50 ML IN FLACONCINO DA 100 ML	GLUCOSIO (DESTROSIO) MONOIDRATO	GLUCOSIO (DESTROSIO) MONOIDRATO			Soluzione per infusione	B05BA03	MONICO S.P.A.	Autorizzata	Procedura Nazionale	Medicinali soggetti a prescrizione medica
030793590	030793	GLUCOSIO MONICO	70% SOLUZIONE PER INFUSIONE- 100 ML IN FLACONCINO DA 250 ML	GLUCOSIO (DESTROSIO) MONOIDRATO	GLUCOSIO (DESTROSIO) MONOIDRATO			Soluzione per infusione	B05BA03	MONICO S.P.A.	Autorizzata	Procedura Nazionale	Medicinali soggetti a prescrizione medica
030793602	030793	GLUCOSIO MONICO	70% SOLUZIONE PER INFUSIONE- 250 ML IN FLACONCINO DA 500 ML	GLUCOSIO (DESTROSIO) MONOIDRATO	GLUCOSIO (DESTROSIO) MONOIDRATO			Soluzione per infusione	B05BA03	MONICO S.P.A.	Autorizzata	Procedura Nazionale	Medicinali soggetti a prescrizione medica
030793614	030793	GLUCOSIO MONICO	70% SOLUZIONE PER INFUSIONE- 500 ML IN FLACONCINO DA 1000 ML	GLUCOSIO (DESTROSIO) MONOIDRATO	GLUCOSIO (DESTROSIO) MONOIDRATO			Soluzione per infusione	B05BA03	MONICO S.P.A.	Autorizzata	Procedura Nazionale	Medicinali soggetti a prescrizione medica
030793626	030793	GLUCOSIO MONICO	5% SOLUZIONE PER INFUSIONE- FIALA DA 10 ML	GLUCOSIO (DESTROSIO) MONOIDRATO	GLUCOSIO (DESTROSIO) MONOIDRATO			Soluzione per infusione	B05BA03	MONICO S.P.A.	Autorizzata	Procedura Nazionale	Medicinali soggetti a prescrizione medica
030793638	030793	GLUCOSIO MONICO	5% SOLUZIONE PER INFUSIONE- SACCA DA 50 ML	GLUCOSIO (DESTROSIO) MONOIDRATO	GLUCOSIO (DESTROSIO) MONOIDRATO			Soluzione per infusione	B05BA03	MONICO S.P.A.	Autorizzata	Procedura Nazionale	Medicinali soggetti a prescrizione medica
030793640	030793	GLUCOSIO MONICO	5% SOLUZIONE PER INFUSIONE- SACCA DA 100 ML	GLUCOSIO (DESTROSIO) MONOIDRATO	GLUCOSIO (DESTROSIO) MONOIDRATO			Soluzione per infusione	B05BA03	MONICO S.P.A.	Autorizzata	Procedura Nazionale	Medicinali soggetti a prescrizione medica
030793653	030793	GLUCOSIO MONICO	5% SOLUZIONE PER INFUSIONE- 1 SACCA DA 250 ML	GLUCOSIO (DESTROSIO) MONOIDRATO	GLUCOSIO (DESTROSIO) MONOIDRATO			Soluzione per infusione	B05BA03	MONICO S.P.A.	Autorizzata	Procedura Nazionale	Medicinali soggetti a prescrizione medica
030793665	030793	GLUCOSIO MONICO	5% SOLUZIONE PER INFUSIONE- 1 SACCA DA 500 ML	GLUCOSIO (DESTROSIO) MONOIDRATO	GLUCOSIO (DESTROSIO) MONOIDRATO			Soluzione per infusione	B05BA03	MONICO S.P.A.	Autorizzata	Procedura Nazionale	Medicinali soggetti a prescrizione medica
030793677	030793	GLUCOSIO MONICO	5% SOLUZIONE PER INFUSIONE- SACCA DA 1000 ML	GLUCOSIO (DESTROSIO) MONOIDRATO	GLUCOSIO (DESTROSIO) MONOIDRATO			Soluzione per infusione	B05BA03	MONICO S.P.A.	Autorizzata	Procedura Nazionale	Medicinali soggetti a prescrizione medica
030793689	030793	GLUCOSIO MONICO	5% SOLUZIONE PER INFUSIONE- SACCA DA 2000 ML	GLUCOSIO (DESTROSIO) MONOIDRATO	GLUCOSIO (DESTROSIO) MONOIDRATO			Soluzione per infusione	B05BA03	MONICO S.P.A.	Autorizzata	Procedura Nazionale	Medicinali soggetti a prescrizione medica
030793691	030793	GLUCOSIO MONICO	10% SOLUZIONE PER INFUSIONE- SACCA DA 50 ML	GLUCOSIO (DESTROSIO) MONOIDRATO	GLUCOSIO (DESTROSIO) MONOIDRATO			Soluzione per infusione	B05BA03	MONICO S.P.A.	Autorizzata	Procedura Nazionale	Medicinali soggetti a prescrizione medica
030793703	030793	GLUCOSIO MONICO	10% SOLUZIONE PER INFUSIONE- SACCA DA 100 ML	GLUCOSIO (DESTROSIO) MONOIDRATO	GLUCOSIO (DESTROSIO) MONOIDRATO			Soluzione per infusione	B05BA03	MONICO S.P.A.	Autorizzata	Procedura Nazionale	Medicinali soggetti a prescrizione medica
030793715	030793	GLUCOSIO MONICO	10% SOLUZIONE PER INFUSIONE- SACCA DA 250 ML	GLUCOSIO (DESTROSIO) MONOIDRATO	GLUCOSIO (DESTROSIO) MONOIDRATO			Soluzione per infusione	B05BA03	MONICO S.P.A.	Autorizzata	Procedura Nazionale	Medicinali soggetti a prescrizione medica
030793727	030793	GLUCOSIO MONICO	10% SOLUZIONE PER INFUSIONE- SACCA DA 500 ML	GLUCOSIO (DESTROSIO) MONOIDRATO	GLUCOSIO (DESTROSIO) MONOIDRATO			Soluzione per infusione	B05BA03	MONICO S.P.A.	Autorizzata	Procedura Nazionale	Medicinali soggetti a prescrizione medica
030793739	030793	GLUCOSIO MONICO	10% SOLUZIONE PER INFUSIONE- SACCA DA 1000 ML	GLUCOSIO (DESTROSIO) MONOIDRATO	GLUCOSIO (DESTROSIO) MONOIDRATO			Soluzione per infusione	B05BA03	MONICO S.P.A.	Autorizzata	Procedura Nazionale	Medicinali soggetti a prescrizione medica
030793741	030793	GLUCOSIO MONICO	10% SOLUZIONE PER INFUSIONE- SACCA DA 200 ML	GLUCOSIO (DESTROSIO) MONOIDRATO	GLUCOSIO (DESTROSIO) MONOIDRATO			Soluzione per infusione	B05BA03	MONICO S.P.A.	Autorizzata	Procedura Nazionale	Medicinali soggetti a prescrizione medica
030793754	030793	GLUCOSIO MONICO	20% SOLUZIONE PER INFUSIONE- SACCA DA 50 ML	GLUCOSIO (DESTROSIO) MONOIDRATO	GLUCOSIO (DESTROSIO) MONOIDRATO			Soluzione per infusione	B05BA03	MONICO S.P.A.	Autorizzata	Procedura Nazionale	Medicinali soggetti a prescrizione medica
030793766	030793	GLUCOSIO MONICO	20% SOLUZIONE PER INFUSIONE- SACCA DA 100 ML	GLUCOSIO (DESTROSIO) MONOIDRATO	GLUCOSIO (DESTROSIO) MONOIDRATO			Soluzione per infusione	B05BA03	MONICO S.P.A.	Autorizzata	Procedura Nazionale	Medicinali soggetti a prescrizione medica
030793778	030793	GLUCOSIO MONICO	20% SOLUZIONE PER INFUSIONE- SACCA DA 250 ML	GLUCOSIO (DESTROSIO) MONOIDRATO	GLUCOSIO (DESTROSIO) MONOIDRATO			Soluzione per infusione	B05BA03	MONICO S.P.A.	Autorizzata	Procedura Nazionale	Medicinali soggetti a prescrizione medica
030793780	030793	GLUCOSIO MONICO	20% SOLUZIONE PER INFUSIONE- SACCA DA 500 ML	GLUCOSIO (DESTROSIO) MONOIDRATO	GLUCOSIO (DESTROSIO) MONOIDRATO			Soluzione per infusione	B05BA03	MONICO S.P.A.	Autorizzata	Procedura Nazionale	Medicinali soggetti a prescrizione medica
030793792	030793	GLUCOSIO MONICO	20% SOLUZIONE PER INFUSIONE- SACCA DA 1000 ML	GLUCOSIO (DESTROSIO) MONOIDRATO	GLUCOSIO (DESTROSIO) MONOIDRATO			Soluzione per infusione	B05BA03	MONICO S.P.A.	Autorizzata	Procedura Nazionale	Medicinali soggetti a prescrizione medica
030793804	030793	GLUCOSIO MONICO	20% SOLUZIONE PER INFUSIONE- SACCA DA 2000 ML	GLUCOSIO (DESTROSIO) MONOIDRATO	GLUCOSIO (DESTROSIO) MONOIDRATO			Soluzione per infusione	B05BA03	MONICO S.P.A.	Autorizzata	Procedura Nazionale	Medicinali soggetti a prescrizione medica
030793816	030793	GLUCOSIO MONICO	33% SOLUZIONE PER INFUSIONE- SACCA DA 50 ML	GLUCOSIO (DESTROSIO) MONOIDRATO	GLUCOSIO (DESTROSIO) MONOIDRATO			Soluzione per infusione	B05BA03	MONICO S.P.A.	Autorizzata	Procedura Nazionale	Medicinali soggetti a prescrizione medica
030793828	030793	GLUCOSIO MONICO	33% SOLUZIONE PER INFUSIONE- SACCA DA 100 ML	GLUCOSIO (DESTROSIO) MONOIDRATO	GLUCOSIO (DESTROSIO) MONOIDRATO			Soluzione per infusione	B05BA03	MONICO S.P.A.	Autorizzata	Procedura Nazionale	Medicinali soggetti a prescrizione medica
030793830	030793	GLUCOSIO MONICO	33% SOLUZIONE PER INFUSIONE- SACCA DA 250 ML	GLUCOSIO (DESTROSIO) MONOIDRATO	GLUCOSIO (DESTROSIO) MONOIDRATO			Soluzione per infusione	B05BA03	MONICO S.P.A.	Autorizzata	Procedura Nazionale	Medicinali soggetti a prescrizione medica
030793842	030793	GLUCOSIO MONICO	33% SOLUZIONE PER INFUSIONE- SACCA DA 500 ML	GLUCOSIO (DESTROSIO) MONOIDRATO	GLUCOSIO (DESTROSIO) MONOIDRATO			Soluzione per infusione	B05BA03	MONICO S.P.A.	Autorizzata	Procedura Nazionale	Medicinali soggetti a prescrizione medica
030793855	030793	GLUCOSIO MONICO	33% SOLUZIONE PER INFUSIONE- SACCA DA 1000 ML	GLUCOSIO (DESTROSIO) MONOIDRATO	GLUCOSIO (DESTROSIO) MONOIDRATO			Soluzione per infusione	B05BA03	MONICO S.P.A.	Autorizzata	Procedura Nazionale	Medicinali soggetti a prescrizione medica
030793867	030793	GLUCOSIO MONICO	33% SOLUZIONE PER INFUSIONE- SACCA DA 2000 ML	GLUCOSIO (DESTROSIO) MONOIDRATO	GLUCOSIO (DESTROSIO) MONOIDRATO			Soluzione per infusione	B05BA03	MONICO S.P.A.	Autorizzata	Procedura Nazionale	Medicinali soggetti a prescrizione medica
030793879	030793	GLUCOSIO MONICO	50% SOLUZIONE PER INFUSIONE- SACCA DA 50 ML	GLUCOSIO (DESTROSIO) MONOIDRATO	GLUCOSIO (DESTROSIO) MONOIDRATO			Soluzione per infusione	B05BA03	MONICO S.P.A.	Autorizzata	Procedura Nazionale	Medicinali soggetti a prescrizione medica
030793881	030793	GLUCOSIO MONICO	50% SOLUZIONE PER INFUSIONE- SACCA DA 100 ML	GLUCOSIO (DESTROSIO) MONOIDRATO	GLUCOSIO (DESTROSIO) MONOIDRATO			Soluzione per infusione	B05BA03	MONICO S.P.A.	Autorizzata	Procedura Nazionale	Medicinali soggetti a prescrizione medica
030793893	030793	GLUCOSIO MONICO	50% SOLUZIONE PER INFUSIONE- SACCA DA 250 ML	GLUCOSIO (DESTROSIO) MONOIDRATO	GLUCOSIO (DESTROSIO) MONOIDRATO			Soluzione per infusione	B05BA03	MONICO S.P.A.	Autorizzata	Procedura Nazionale	Medicinali soggetti a prescrizione medica
030793905	030793	GLUCOSIO MONICO	50% SOLUZIONE PER INFUSIONE- SACCA DA 500 ML	GLUCOSIO (DESTROSIO) MONOIDRATO	GLUCOSIO (DESTROSIO) MONOIDRATO			Soluzione per infusione	B05BA03	MONICO S.P.A.	Autorizzata	Procedura Nazionale	Medicinali soggetti a prescrizione medica
030793917	030793	GLUCOSIO MONICO	50% SOLUZIONE PER INFUSIONE- SACCA DA 1000 ML	GLUCOSIO (DESTROSIO) MONOIDRATO	GLUCOSIO (DESTROSIO) MONOIDRATO			Soluzione per infusione	B05BA03	MONICO S.P.A.	Autorizzata	Procedura Nazionale	Medicinali soggetti a prescrizione medica
030793929	030793	GLUCOSIO MONICO	50% SOLUZIONE PER INFUSIONE- SACCA DA 2000 ML	GLUCOSIO (DESTROSIO) MONOIDRATO	GLUCOSIO (DESTROSIO) MONOIDRATO			Soluzione per infusione	B05BA03	MONICO S.P.A.	Autorizzata	Procedura Nazionale	Medicinali soggetti a prescrizione medica
030793931	030793	GLUCOSIO MONICO	70% SOLUZIONE PER INFUSIONE- SACCA DA 50 ML	GLUCOSIO (DESTROSIO) MONOIDRATO	GLUCOSIO (DESTROSIO) MONOIDRATO			Soluzione per infusione	B05BA03	MONICO S.P.A.	Autorizzata	Procedura Nazionale	Medicinali soggetti a prescrizione medica
030793943	030793	GLUCOSIO MONICO	70% SOLUZIONE PER INFUSIONE- SACCA DA 100 ML	GLUCOSIO (DESTROSIO) MONOIDRATO	GLUCOSIO (DESTROSIO) MONOIDRATO			Soluzione per infusione	B05BA03	MONICO S.P.A.	Autorizzata	Procedura Nazionale	Medicinali soggetti a prescrizione medica
030793956	030793	GLUCOSIO MONICO	70% SOLUZIONE PER INFUSIONE- SACCA DA 250 ML	GLUCOSIO (DESTROSIO) MONOIDRATO	GLUCOSIO (DESTROSIO) MONOIDRATO			Soluzione per infusione	B05BA03	MONICO S.P.A.	Autorizzata	Procedura Nazionale	Medicinali soggetti a prescrizione medica
030793968	030793	GLUCOSIO MONICO	70% SOLUZIONE PER INFUSIONE- SACCA DA 500 ML	GLUCOSIO (DESTROSIO) MONOIDRATO	GLUCOSIO (DESTROSIO) MONOIDRATO			Soluzione per infusione	B05BA03	MONICO S.P.A.	Autorizzata	Procedura Nazionale	Medicinali soggetti a prescrizione medica
030793970	030793	GLUCOSIO MONICO	70% SOLUZIONE PER INFUSIONE- SACCA DA 1000 ML	GLUCOSIO (DESTROSIO) MONOIDRATO	GLUCOSIO (DESTROSIO) MONOIDRATO			Soluzione per infusione	B05BA03	MONICO S.P.A.	Autorizzata	Procedura Nazionale	Medicinali soggetti a prescrizione medica
030793982	030793	GLUCOSIO MONICO	5 % SOLUZIONE PER INFUSIONE - 30 FLACONI 100 ML	GLUCOSIO (DESTROSIO) MONOIDRATO	GLUCOSIO (DESTROSIO) MONOIDRATO			Soluzione per infusione	B05BA03	MONICO S.P.A.	Autorizzata	Procedura Nazionale	Medicinali soggetti a prescrizione medica limitativa, utilizzabili esclusivamente in ambiente ospedaliero o in una struttura ad esso assimilabile
030793994	030793	GLUCOSIO MONICO	5 % SOLUZIONE PER INFUSIONE - 20 FLACONI 250 ML	GLUCOSIO (DESTROSIO) MONOIDRATO	GLUCOSIO (DESTROSIO) MONOIDRATO			Soluzione per infusione	B05BA03	MONICO S.P.A.	Autorizzata	Procedura Nazionale	Medicinali soggetti a prescrizione medica limitativa, utilizzabili esclusivamente in ambiente ospedaliero o in una struttura ad esso assimilabile
030899013	030899	GLUCOSIO B. BRAUN	5% SOLUZIONE PER INFUSIONE- FLACONCINO DA 50 ML	GLUCOSIO (DESTROSIO) MONOIDRATO	GLUCOSIO (DESTROSIO) MONOIDRATO	5.5		Soluzione per infusione	B05BA03	B. BRAUN MELSUNGEN AG	Autorizzata	Procedura Nazionale	Medicinali soggetti a prescrizione medica
030899025	030899	GLUCOSIO B. BRAUN	5% SOLUZIONE PER INFUSIONE- FLACONCINO DA 100 ML	GLUCOSIO (DESTROSIO) MONOIDRATO	GLUCOSIO (DESTROSIO) MONOIDRATO	5.5	grammi	Soluzione per infusione	B05BA03	B. BRAUN MELSUNGEN AG	Autorizzata	Procedura Nazionale	Medicinali soggetti a prescrizione medica
030899037	030899	GLUCOSIO B. BRAUN	5% SOLUZIONE PER INFUSIONE- FLACONCINO DA 250 ML	GLUCOSIO (DESTROSIO) MONOIDRATO	GLUCOSIO (DESTROSIO) MONOIDRATO	5.5	grammi	Soluzione per infusione	B05BA03	B. BRAUN MELSUNGEN AG	Autorizzata	Procedura Nazionale	Medicinali soggetti a prescrizione medica
030899049	030899	GLUCOSIO B. BRAUN	5% SOLUZIONE PER INFUSIONE- FLACONCINO DA 500 ML	GLUCOSIO (DESTROSIO) MONOIDRATO	GLUCOSIO (DESTROSIO) MONOIDRATO	5.5	grammi	Soluzione per infusione	B05BA03	B. BRAUN MELSUNGEN AG	Autorizzata	Procedura Nazionale	Medicinali soggetti a prescrizione medica
030899052	030899	GLUCOSIO B. BRAUN	5% SOLUZIONE PER INFUSIONE- FLACONCINO DA 1000 ML	GLUCOSIO (DESTROSIO) MONOIDRATO	GLUCOSIO (DESTROSIO) MONOIDRATO	5.5	grammi	Soluzione per infusione	B05BA03	B. BRAUN MELSUNGEN AG	Autorizzata	Procedura Nazionale	Medicinali soggetti a prescrizione medica
030899064	030899	GLUCOSIO B. BRAUN	5% SOLUZIONE PER INFUSIONE- SACCA DA 100 ML	GLUCOSIO (DESTROSIO) MONOIDRATO	GLUCOSIO (DESTROSIO) MONOIDRATO	5.5		Soluzione per infusione	B05BA03	B. BRAUN MELSUNGEN AG	Autorizzata	Procedura Nazionale	Medicinali soggetti a prescrizione medica
030899076	030899	GLUCOSIO B. BRAUN	5% SOLUZIONE PER INFUSIONE- SACCA DA 250 ML	GLUCOSIO (DESTROSIO) MONOIDRATO	GLUCOSIO (DESTROSIO) MONOIDRATO	5.5		Soluzione per infusione	B05BA03	B. BRAUN MELSUNGEN AG	Autorizzata	Procedura Nazionale	Medicinali soggetti a prescrizione medica
030899088	030899	GLUCOSIO B. BRAUN	5% SOLUZIONE PER INFUSIONE- SACCA DA 500 ML	GLUCOSIO (DESTROSIO) MONOIDRATO	GLUCOSIO (DESTROSIO) MONOIDRATO	5.5		Soluzione per infusione	B05BA03	B. BRAUN MELSUNGEN AG	Autorizzata	Procedura Nazionale	Medicinali soggetti a prescrizione medica
030899090	030899	GLUCOSIO B. BRAUN	5% SOLUZIONE PER INFUSIONE- SACCA DA 1000 ML	GLUCOSIO (DESTROSIO) MONOIDRATO	GLUCOSIO (DESTROSIO) MONOIDRATO	5.5		Soluzione per infusione	B05BA03	B. BRAUN MELSUNGEN AG	Autorizzata	Procedura Nazionale	Medicinali soggetti a prescrizione medica
030899102	030899	GLUCOSIO B. BRAUN	10% SOLUZIONE PER INFUSIONE- FLACONCINO DA 100 ML	GLUCOSIO (DESTROSIO) MONOIDRATO	GLUCOSIO (DESTROSIO) MONOIDRATO	11	grammi	Soluzione per infusione	B05BA03	B. BRAUN MELSUNGEN AG	Autorizzata	Procedura Nazionale	Medicinali soggetti a prescrizione medica
030899114	030899	GLUCOSIO B. BRAUN	10% SOLUZIONE PER INFUSIONE- FLACONCINO DA 250 ML	GLUCOSIO (DESTROSIO) MONOIDRATO	GLUCOSIO (DESTROSIO) MONOIDRATO	11	grammi	Soluzione per infusione	B05BA03	B. BRAUN MELSUNGEN AG	Autorizzata	Procedura Nazionale	Medicinali soggetti a prescrizione medica
030899126	030899	GLUCOSIO B. BRAUN	10% SOLUZIONE PER INFUSIONE- FLACONCINO DA 500 ML	GLUCOSIO (DESTROSIO) MONOIDRATO	GLUCOSIO (DESTROSIO) MONOIDRATO	11	grammi	Soluzione per infusione	B05BA03	B. BRAUN MELSUNGEN AG	Autorizzata	Procedura Nazionale	Medicinali soggetti a prescrizione medica
030899138	030899	GLUCOSIO B. BRAUN	10% SOLUZIONE PER INFUSIONE- SACCA DA 100 ML	GLUCOSIO (DESTROSIO) MONOIDRATO	GLUCOSIO (DESTROSIO) MONOIDRATO	11		Soluzione per infusione	B05BA03	B. BRAUN MELSUNGEN AG	Autorizzata	Procedura Nazionale	Medicinali soggetti a prescrizione medica
030899140	030899	GLUCOSIO B. BRAUN	10% SOLUZIONE PER INFUSIONE- SACCA DA 250 ML	GLUCOSIO (DESTROSIO) MONOIDRATO	GLUCOSIO (DESTROSIO) MONOIDRATO	11		Soluzione per infusione	B05BA03	B. BRAUN MELSUNGEN AG	Autorizzata	Procedura Nazionale	Medicinali soggetti a prescrizione medica
030899153	030899	GLUCOSIO B. BRAUN	10% SOLUZIONE PER INFUSIONE- SACCA DA 500 ML	GLUCOSIO (DESTROSIO) MONOIDRATO	GLUCOSIO (DESTROSIO) MONOIDRATO	11		Soluzione per infusione	B05BA03	B. BRAUN MELSUNGEN AG	Autorizzata	Procedura Nazionale	Medicinali soggetti a prescrizione medica
030899165	030899	GLUCOSIO B. BRAUN	10% SOLUZIONE PER INFUSIONE- SACCA DA 1000 ML	GLUCOSIO (DESTROSIO) MONOIDRATO	GLUCOSIO (DESTROSIO) MONOIDRATO	11		Soluzione per infusione	B05BA03	B. BRAUN MELSUNGEN AG	Autorizzata	Procedura Nazionale	Medicinali soggetti a prescrizione medica
030899177	030899	GLUCOSIO B. BRAUN	20% SOLUZIONE PER INFUSIONE- FLACONCINO DA 100 ML	GLUCOSIO (DESTROSIO) MONOIDRATO	GLUCOSIO (DESTROSIO) MONOIDRATO	22	grammi	Soluzione per infusione	B05BA03	B. BRAUN MELSUNGEN AG	Autorizzata	Procedura Nazionale	Medicinali soggetti a prescrizione medica
030899189	030899	GLUCOSIO B. BRAUN	20% SOLUZIONE PER INFUSIONE- FLACONCINO DA 250 ML	GLUCOSIO (DESTROSIO) MONOIDRATO	GLUCOSIO (DESTROSIO) MONOIDRATO	22	grammi	Soluzione per infusione	B05BA03	B. BRAUN MELSUNGEN AG	Autorizzata	Procedura Nazionale	Medicinali soggetti a prescrizione medica
030899191	030899	GLUCOSIO B. BRAUN	20% SOLUZIONE PER INFUSIONE- FLACONCINO DA 500 ML	GLUCOSIO (DESTROSIO) MONOIDRATO	GLUCOSIO (DESTROSIO) MONOIDRATO	22	grammi	Soluzione per infusione	B05BA03	B. BRAUN MELSUNGEN AG	Autorizzata	Procedura Nazionale	Medicinali soggetti a prescrizione medica
030899316	030899	GLUCOSIO B. BRAUN	5% SOLUZIONE INIETTABILE- FIALA DA 10 ML	GLUCOSIO (DESTROSIO) MONOIDRATO	GLUCOSIO (DESTROSIO) MONOIDRATO	55	grammi	Soluzione iniettabile	B05BA03	B. BRAUN MELSUNGEN AG	Autorizzata	Procedura Nazionale	Medicinali soggetti a prescrizione medica
030899328	030899	GLUCOSIO B. BRAUN	5% SOLUZIONE INIETTABILE- FIALA DA 20 ML	GLUCOSIO (DESTROSIO) MONOIDRATO	GLUCOSIO (DESTROSIO) MONOIDRATO	55	grammi	Soluzione iniettabile	B05BA03	B. BRAUN MELSUNGEN AG	Autorizzata	Procedura Nazionale	Medicinali soggetti a prescrizione medica
030899330	030899	GLUCOSIO B. BRAUN	10% SOLUZIONE INIETTABILE- FIALA DA 10 ML	GLUCOSIO (DESTROSIO) MONOIDRATO	GLUCOSIO (DESTROSIO) MONOIDRATO	110	grammi	Soluzione iniettabile	B05BA03	B. BRAUN MELSUNGEN AG	Autorizzata	Procedura Nazionale	Medicinali soggetti a prescrizione medica
030899342	030899	GLUCOSIO B. BRAUN	10 % SOLUZIONE INIETTABILE- FIALA DA 20 ML	GLUCOSIO (DESTROSIO) MONOIDRATO	GLUCOSIO (DESTROSIO) MONOIDRATO	110	grammi	Soluzione iniettabile	B05BA03	B. BRAUN MELSUNGEN AG	Autorizzata	Procedura Nazionale	Medicinali soggetti a prescrizione medica
030899355	030899	GLUCOSIO B. BRAUN	20% SOLUZIONE INIETTABILE- FIALA DA 5 ML	GLUCOSIO (DESTROSIO) MONOIDRATO	GLUCOSIO (DESTROSIO) MONOIDRATO	220		Soluzione iniettabile	B05BA03	B. BRAUN MELSUNGEN AG	Autorizzata	Procedura Nazionale	Medicinali soggetti a prescrizione medica
030899367	030899	GLUCOSIO B. BRAUN	20% SOLUZIONE INIETTABILE- FIALA DA 10 ML	GLUCOSIO (DESTROSIO) MONOIDRATO	GLUCOSIO (DESTROSIO) MONOIDRATO	220	grammi	Soluzione iniettabile	B05BA03	B. BRAUN MELSUNGEN AG	Autorizzata	Procedura Nazionale	Medicinali soggetti a prescrizione medica
030899393	030899	GLUCOSIO B. BRAUN	10 % SOLUZIONE PER INFUSIONE- 20 FLACONCINI DA 100 ML	GLUCOSIO (DESTROSIO) MONOIDRATO	GLUCOSIO (DESTROSIO) MONOIDRATO	110	grammi	Soluzione iniettabile	B05BA03	B. BRAUN MELSUNGEN AG	Autorizzata	Procedura Nazionale	Medicinali soggetti a prescrizione medica limitativa, utilizzabili esclusivamente in ambiente ospedaliero o in una struttura ad esso assimilabile
030899405	030899	GLUCOSIO B. BRAUN	10% SOLUZIONE PER INFUSIONE- 20 FLACONCINI DA 250 ML	GLUCOSIO (DESTROSIO) MONOIDRATO	GLUCOSIO (DESTROSIO) MONOIDRATO	110		Soluzione iniettabile	B05BA03	B. BRAUN MELSUNGEN AG	Autorizzata	Procedura Nazionale	Medicinali soggetti a prescrizione medica limitativa, utilizzabili esclusivamente in ambiente ospedaliero o in una struttura ad esso assimilabile
030899417	030899	GLUCOSIO B. BRAUN	10% SOLUZIONE PER INFUSIONE- 10 FLACONCINI DA 500 ML	GLUCOSIO (DESTROSIO) MONOIDRATO	GLUCOSIO (DESTROSIO) MONOIDRATO	110		Soluzione iniettabile	B05BA03	B. BRAUN MELSUNGEN AG	Autorizzata	Procedura Nazionale	Medicinali soggetti a prescrizione medica limitativa, utilizzabili esclusivamente in ambiente ospedaliero o in una struttura ad esso assimilabile
030899429	030899	GLUCOSIO B. BRAUN	5% SOLUZIONE PER INFUSIONE- 20 FLACONCINI DA 50 ML	GLUCOSIO (DESTROSIO) MONOIDRATO	GLUCOSIO (DESTROSIO) MONOIDRATO	55		Soluzione iniettabile	B05BA03	B. BRAUN MELSUNGEN AG	Autorizzata	Procedura Nazionale	Medicinali soggetti a prescrizione medica limitativa, utilizzabili esclusivamente in ambiente ospedaliero o in una struttura ad esso assimilabile
030899431	030899	GLUCOSIO B. BRAUN	5% SOLUZIONE PER INFUSIONE- 20 FLACONCINI DA 100 ML	GLUCOSIO (DESTROSIO) MONOIDRATO	GLUCOSIO (DESTROSIO) MONOIDRATO	55		Soluzione iniettabile	B05BA03	B. BRAUN MELSUNGEN AG	Autorizzata	Procedura Nazionale	Medicinali soggetti a prescrizione medica limitativa, utilizzabili esclusivamente in ambiente ospedaliero o in una struttura ad esso assimilabile
030899443	030899	GLUCOSIO B. BRAUN	5% SOLUZIONE PER INFUSIONE- 20 FLACONCINI DA 250 ML	GLUCOSIO (DESTROSIO) MONOIDRATO	GLUCOSIO (DESTROSIO) MONOIDRATO	55		Soluzione iniettabile	B05BA03	B. BRAUN MELSUNGEN AG	Autorizzata	Procedura Nazionale	Medicinali soggetti a prescrizione medica limitativa, utilizzabili esclusivamente in ambiente ospedaliero o in una struttura ad esso assimilabile
030899456	030899	GLUCOSIO B. BRAUN	5% SOLUZIONE PER INFUSIONE- 10 FLACONCINI DA 500 ML	GLUCOSIO (DESTROSIO) MONOIDRATO	GLUCOSIO (DESTROSIO) MONOIDRATO	55		Soluzione iniettabile	B05BA03	B. BRAUN MELSUNGEN AG	Autorizzata	Procedura Nazionale	Medicinali soggetti a prescrizione medica limitativa, utilizzabili esclusivamente in ambiente ospedaliero o in una struttura ad esso assimilabile
030899468	030899	GLUCOSIO B. BRAUN	5% SOLUZIONE PER INFUSIONE- 10 FLACONCINI DA 1000 ML	GLUCOSIO (DESTROSIO) MONOIDRATO	GLUCOSIO (DESTROSIO) MONOIDRATO	55		Soluzione iniettabile	B05BA03	B. BRAUN MELSUNGEN AG	Autorizzata	Procedura Nazionale	Medicinali soggetti a prescrizione medica limitativa, utilizzabili esclusivamente in ambiente ospedaliero o in una struttura ad esso assimilabile
030899470	030899	GLUCOSIO B. BRAUN	20% SOLUZIONE PER INFUSIONE- 20 FLACONCINI DA 100 ML	GLUCOSIO (DESTROSIO) MONOIDRATO	GLUCOSIO (DESTROSIO) MONOIDRATO	220	grammi	Soluzione iniettabile	B05BA03	B. BRAUN MELSUNGEN AG	Autorizzata	Procedura Nazionale	Medicinali soggetti a prescrizione medica limitativa, utilizzabili esclusivamente in ambiente ospedaliero o in una struttura ad esso assimilabile
030899482	030899	GLUCOSIO B. BRAUN	20% SOLUZIONE PER INFUSIONE- 20 FLACONCINI DA 250 ML	GLUCOSIO (DESTROSIO) MONOIDRATO	GLUCOSIO (DESTROSIO) MONOIDRATO	220		Soluzione iniettabile	B05BA03	B. BRAUN MELSUNGEN AG	Autorizzata	Procedura Nazionale	Medicinali soggetti a prescrizione medica limitativa, utilizzabili esclusivamente in ambiente ospedaliero o in una struttura ad esso assimilabile
030899494	030899	GLUCOSIO B. BRAUN	20% SOLUZIONE PER INFUSIONE- 10 FLACONCINI DA 500 ML	GLUCOSIO (DESTROSIO) MONOIDRATO	GLUCOSIO (DESTROSIO) MONOIDRATO	220		Soluzione iniettabile	B05BA03	B. BRAUN MELSUNGEN AG	Autorizzata	Procedura Nazionale	Medicinali soggetti a prescrizione medica limitativa, utilizzabili esclusivamente in ambiente ospedaliero o in una struttura ad esso assimilabile
030899569	030899	GLUCOSIO B. BRAUN	5 % SOLUZIONE INIETTABILE - 20 FIALE 10 ML	GLUCOSIO (DESTROSIO) MONOIDRATO	GLUCOSIO (DESTROSIO) MONOIDRATO	55	grammi	Soluzione iniettabile	B05BA03	B. BRAUN MELSUNGEN AG	Autorizzata	Procedura Nazionale	Medicinali soggetti a prescrizione medica limitativa, utilizzabili esclusivamente in ambiente ospedaliero o in una struttura ad esso assimilabile
030899571	030899	GLUCOSIO B. BRAUN	5 % SOLUZIONE INIETTABILE - 20 FIALE 20 ML	GLUCOSIO (DESTROSIO) MONOIDRATO	GLUCOSIO (DESTROSIO) MONOIDRATO	55	grammi	Soluzione iniettabile	B05BA03	B. BRAUN MELSUNGEN AG	Autorizzata	Procedura Nazionale	Medicinali soggetti a prescrizione medica limitativa, utilizzabili esclusivamente in ambiente ospedaliero o in una struttura ad esso assimilabile
030899583	030899	GLUCOSIO B. BRAUN	10 % SOLUZIONE INIETTABILE - 20 FIALE 10 ML	GLUCOSIO (DESTROSIO) MONOIDRATO	GLUCOSIO (DESTROSIO) MONOIDRATO	110	grammi	Soluzione iniettabile	B05BA03	B. BRAUN MELSUNGEN AG	Autorizzata	Procedura Nazionale	Medicinali soggetti a prescrizione medica limitativa, utilizzabili esclusivamente in ambiente ospedaliero o in una struttura ad esso assimilabile
030899595	030899	GLUCOSIO B. BRAUN	10 % SOLUZIONE INIETTABILE - 20 FIALE 20 ML	GLUCOSIO (DESTROSIO) MONOIDRATO	GLUCOSIO (DESTROSIO) MONOIDRATO	110	grammi	Soluzione iniettabile	B05BA03	B. BRAUN MELSUNGEN AG	Autorizzata	Procedura Nazionale	Medicinali soggetti a prescrizione medica limitativa, utilizzabili esclusivamente in ambiente ospedaliero o in una struttura ad esso assimilabile
030899607	030899	GLUCOSIO B. BRAUN	20 % SOLUZIONE INIETTABILE - 20 FIALE 5 ML	GLUCOSIO (DESTROSIO) MONOIDRATO	GLUCOSIO (DESTROSIO) MONOIDRATO	220		Soluzione iniettabile	B05BA03	B. BRAUN MELSUNGEN AG	Autorizzata	Procedura Nazionale	Medicinali soggetti a prescrizione medica limitativa, utilizzabili esclusivamente in ambiente ospedaliero o in una struttura ad esso assimilabile
030899619	030899	GLUCOSIO B. BRAUN	20 % SOLUZIONE INIETTABILE - 20 FIALE 10 ML	GLUCOSIO (DESTROSIO) MONOIDRATO	GLUCOSIO (DESTROSIO) MONOIDRATO	220		Soluzione iniettabile	B05BA03	B. BRAUN MELSUNGEN AG	Autorizzata	Procedura Nazionale	Medicinali soggetti a prescrizione medica limitativa, utilizzabili esclusivamente in ambiente ospedaliero o in una struttura ad esso assimilabile
030923015	030923	GLUCOSIO BAXTER S.P.A.	5% SOLUZIONE PER INFUSIONE- FLACONCINO DA 50 ML	GLUCOSIO (DESTROSIO) MONOIDRATO	GLUCOSIO (DESTROSIO) MONOIDRATO	5.5	grammi	Soluzione per infusione	B05BA03	BAXTER S.P.A.	Autorizzata	Procedura Nazionale	Medicinali soggetti a prescrizione medica
030923027	030923	GLUCOSIO BAXTER S.P.A.	5% SOLUZIONE PER INFUSIONE- FLACONCINO DA 100 ML	GLUCOSIO (DESTROSIO) MONOIDRATO	GLUCOSIO (DESTROSIO) MONOIDRATO	5.5	grammi	Soluzione per infusione	B05BA03	BAXTER S.P.A.	Autorizzata	Procedura Nazionale	Medicinali soggetti a prescrizione medica
030923039	030923	GLUCOSIO BAXTER S.P.A.	5% SOLUZIONE PER INFUSIONE- FLACONCINO DA 250 ML	GLUCOSIO (DESTROSIO) MONOIDRATO	GLUCOSIO (DESTROSIO) MONOIDRATO	5.5	grammi	Soluzione per infusione	B05BA03	BAXTER S.P.A.	Autorizzata	Procedura Nazionale	Medicinali soggetti a prescrizione medica
030923041	030923	GLUCOSIO BAXTER S.P.A.	5% SOLUZIONE PER INFUSIONE- FLACONCINO DA 500 ML	GLUCOSIO (DESTROSIO) MONOIDRATO	GLUCOSIO (DESTROSIO) MONOIDRATO	5.5	grammi	Soluzione per infusione	B05BA03	BAXTER S.P.A.	Autorizzata	Procedura Nazionale	Medicinali soggetti a prescrizione medica
030923066	030923	GLUCOSIO BAXTER S.P.A.	5% SOLUZIONE PER INFUSIONE- SACCA CLEAR-FLEX 100 ML	GLUCOSIO (DESTROSIO) MONOIDRATO	GLUCOSIO (DESTROSIO) MONOIDRATO	5.5	grammi	Soluzione per infusione	B05BA03	BAXTER S.P.A.	Autorizzata	Procedura Nazionale	Medicinali soggetti a prescrizione medica
030923078	030923	GLUCOSIO BAXTER S.P.A.	5% SOLUZIONE PER INFUSIONE- SACCA CLEAR-FLEX 250 ML	GLUCOSIO (DESTROSIO) MONOIDRATO	GLUCOSIO (DESTROSIO) MONOIDRATO	5.5	grammi	Soluzione per infusione	B05BA03	BAXTER S.P.A.	Autorizzata	Procedura Nazionale	Medicinali soggetti a prescrizione medica
030923080	030923	GLUCOSIO BAXTER S.P.A.	5% SOLUZIONE PER INFUSIONE- SACCA CLEAR-FLEX 500 ML	GLUCOSIO (DESTROSIO) MONOIDRATO	GLUCOSIO (DESTROSIO) MONOIDRATO	5.5	grammi	Soluzione per infusione	B05BA03	BAXTER S.P.A.	Autorizzata	Procedura Nazionale	Medicinali soggetti a prescrizione medica
030923092	030923	GLUCOSIO BAXTER S.P.A.	5% SOLUZIONE PER INFUSIONE- SACCA CLEAR-FLEX 1000 ML	GLUCOSIO (DESTROSIO) MONOIDRATO	GLUCOSIO (DESTROSIO) MONOIDRATO	5.5	grammi	Soluzione per infusione	B05BA03	BAXTER S.P.A.	Autorizzata	Procedura Nazionale	Medicinali soggetti a prescrizione medica
030923104	030923	GLUCOSIO BAXTER S.P.A.	10% SOLUZIONE PER INFUSIONE- FLACONCINO DA 50 ML	GLUCOSIO (DESTROSIO) MONOIDRATO	GLUCOSIO (DESTROSIO) MONOIDRATO	11	grammi	Soluzione per infusione	B05BA03	BAXTER S.P.A.	Autorizzata	Procedura Nazionale	Medicinali soggetti a prescrizione medica
030923116	030923	GLUCOSIO BAXTER S.P.A.	10% SOLUZIONE PER INFUSIONE- FLACONCINO DA 100 ML	GLUCOSIO (DESTROSIO) MONOIDRATO	GLUCOSIO (DESTROSIO) MONOIDRATO	11	grammi	Soluzione per infusione	B05BA03	BAXTER S.P.A.	Autorizzata	Procedura Nazionale	Medicinali soggetti a prescrizione medica
030923128	030923	GLUCOSIO BAXTER S.P.A.	10% SOLUZIONE PER INFUSIONE- FLACONCINO DA 250 ML	GLUCOSIO (DESTROSIO) MONOIDRATO	GLUCOSIO (DESTROSIO) MONOIDRATO	11	grammi	Soluzione per infusione	B05BA03	BAXTER S.P.A.	Autorizzata	Procedura Nazionale	Medicinali soggetti a prescrizione medica
030923130	030923	GLUCOSIO BAXTER S.P.A.	10% SOLUZIONE PER INFUSIONE- FLACONCINO DA 500 ML	GLUCOSIO (DESTROSIO) MONOIDRATO	GLUCOSIO (DESTROSIO) MONOIDRATO	11	grammi	Soluzione per infusione	B05BA03	BAXTER S.P.A.	Autorizzata	Procedura Nazionale	Medicinali soggetti a prescrizione medica
030923142	030923	GLUCOSIO BAXTER S.P.A.	10% SOLUZIONE PER INFUSIONE- SACCA CLEAR-FLEX 100 ML	GLUCOSIO (DESTROSIO) MONOIDRATO	GLUCOSIO (DESTROSIO) MONOIDRATO	11	grammi	Soluzione per infusione	B05BA03	BAXTER S.P.A.	Autorizzata	Procedura Nazionale	Medicinali soggetti a prescrizione medica
030923155	030923	GLUCOSIO BAXTER S.P.A.	10% SOLUZIONE PER INFUSIONE- SACCA CLEAR-FLEX 250 ML	GLUCOSIO (DESTROSIO) MONOIDRATO	GLUCOSIO (DESTROSIO) MONOIDRATO	11	grammi	Soluzione per infusione	B05BA03	BAXTER S.P.A.	Autorizzata	Procedura Nazionale	Medicinali soggetti a prescrizione medica
030923167	030923	GLUCOSIO BAXTER S.P.A.	10% SOLUZIONE PER INFUSIONE- SACCA CLEAR-FLEX DA 500 ML	GLUCOSIO (DESTROSIO) MONOIDRATO	GLUCOSIO (DESTROSIO) MONOIDRATO	11	grammi	Soluzione per infusione	B05BA03	BAXTER S.P.A.	Autorizzata	Procedura Nazionale	Medicinali soggetti a prescrizione medica
030923179	030923	GLUCOSIO BAXTER S.P.A.	10% SOLUZIONE PER INFUSIONE- SACCA CLEAR-FLEX 1000 ML	GLUCOSIO (DESTROSIO) MONOIDRATO	GLUCOSIO (DESTROSIO) MONOIDRATO	11	grammi	Soluzione per infusione	B05BA03	BAXTER S.P.A.	Autorizzata	Procedura Nazionale	Medicinali soggetti a prescrizione medica
030923181	030923	GLUCOSIO BAXTER S.P.A.	20% SOLUZIONE PER INFUSIONE- FLACONCINO 50 ML	GLUCOSIO (DESTROSIO) MONOIDRATO	GLUCOSIO (DESTROSIO) MONOIDRATO	22		Soluzione per infusione	B05BA03	BAXTER S.P.A.	Autorizzata	Procedura Nazionale	Medicinali soggetti a prescrizione medica
030923193	030923	GLUCOSIO BAXTER S.P.A.	20% SOLUZIONE PER INFUSIONE-  FLACONCINO 100 ML	GLUCOSIO (DESTROSIO) MONOIDRATO	GLUCOSIO (DESTROSIO) MONOIDRATO	22		Soluzione per infusione	B05BA03	BAXTER S.P.A.	Autorizzata	Procedura Nazionale	Medicinali soggetti a prescrizione medica
030923205	030923	GLUCOSIO BAXTER S.P.A.	20% SOLUZIONE PER INFUSIONE- FLACONCINO 250 ML	GLUCOSIO (DESTROSIO) MONOIDRATO	GLUCOSIO (DESTROSIO) MONOIDRATO	22		Soluzione per infusione	B05BA03	BAXTER S.P.A.	Autorizzata	Procedura Nazionale	Medicinali soggetti a prescrizione medica
030923217	030923	GLUCOSIO BAXTER S.P.A.	20% SOLUZIONE PER INFUSIONE- FLACONCINO 500 ML	GLUCOSIO (DESTROSIO) MONOIDRATO	GLUCOSIO (DESTROSIO) MONOIDRATO	22		Soluzione per infusione	B05BA03	BAXTER S.P.A.	Autorizzata	Procedura Nazionale	Medicinali soggetti a prescrizione medica
030923229	030923	GLUCOSIO BAXTER S.P.A.	20% SOLUZIONE PER INFUSIONE- SACCA CLEAR-FLEX 100 ML	GLUCOSIO (DESTROSIO) MONOIDRATO	GLUCOSIO (DESTROSIO) MONOIDRATO	22		Soluzione per infusione	B05BA03	BAXTER S.P.A.	Autorizzata	Procedura Nazionale	Medicinali soggetti a prescrizione medica
030923231	030923	GLUCOSIO BAXTER S.P.A.	20% SOLUZIONE PER INFUSIONE- SACCA CLEAR-FLEX 250 ML	GLUCOSIO (DESTROSIO) MONOIDRATO	GLUCOSIO (DESTROSIO) MONOIDRATO	22		Soluzione per infusione	B05BA03	BAXTER S.P.A.	Autorizzata	Procedura Nazionale	Medicinali soggetti a prescrizione medica
030923243	030923	GLUCOSIO BAXTER S.P.A.	20% SOLUZIONE PER INFUSIONE- SACCA CLEAR-FLEX 500 ML	GLUCOSIO (DESTROSIO) MONOIDRATO	GLUCOSIO (DESTROSIO) MONOIDRATO	22		Soluzione per infusione	B05BA03	BAXTER S.P.A.	Autorizzata	Procedura Nazionale	Medicinali soggetti a prescrizione medica
030923256	030923	GLUCOSIO BAXTER S.P.A.	20% SOLUZIONE PER INFUSIONE- SACCA CLEAR-FLEX 1000 ML	GLUCOSIO (DESTROSIO) MONOIDRATO	GLUCOSIO (DESTROSIO) MONOIDRATO	22		Soluzione per infusione	B05BA03	BAXTER S.P.A.	Autorizzata	Procedura Nazionale	Medicinali soggetti a prescrizione medica
030923344	030923	GLUCOSIO BAXTER S.P.A.	33%  SOLUZIONE PER INFUSIONE- FLACONCINO 50 ML	GLUCOSIO (DESTROSIO) MONOIDRATO	GLUCOSIO (DESTROSIO) MONOIDRATO	36.3	grammi	Soluzione per infusione	B05BA03	BAXTER S.P.A.	Autorizzata	Procedura Nazionale	Medicinali soggetti a prescrizione medica
030923357	030923	GLUCOSIO BAXTER S.P.A.	33% SOLUZIONE PER INFUSIONE- FLACONCINO 100 ML	GLUCOSIO (DESTROSIO) MONOIDRATO	GLUCOSIO (DESTROSIO) MONOIDRATO	36.3	grammi	Soluzione per infusione	B05BA03	BAXTER S.P.A.	Autorizzata	Procedura Nazionale	Medicinali soggetti a prescrizione medica
030923369	030923	GLUCOSIO BAXTER S.P.A.	33% SOLUZIONE PER INFUSIONE- FLACONCINO 250 ML	GLUCOSIO (DESTROSIO) MONOIDRATO	GLUCOSIO (DESTROSIO) MONOIDRATO	36.3	grammi	Soluzione per infusione	B05BA03	BAXTER S.P.A.	Autorizzata	Procedura Nazionale	Medicinali soggetti a prescrizione medica
030923371	030923	GLUCOSIO BAXTER S.P.A.	33% SOLUZIONE PER INFUSIONE- FLACONCINO 500 ML	GLUCOSIO (DESTROSIO) MONOIDRATO	GLUCOSIO (DESTROSIO) MONOIDRATO	36.3	grammi	Soluzione per infusione	B05BA03	BAXTER S.P.A.	Autorizzata	Procedura Nazionale	Medicinali soggetti a prescrizione medica
030923383	030923	GLUCOSIO BAXTER S.P.A.	33% SOLUZIONE PER INFUSIONE- SACCA CLEAR-FLEX 100 ML	GLUCOSIO (DESTROSIO) MONOIDRATO	GLUCOSIO (DESTROSIO) MONOIDRATO	36.3	grammi	Soluzione per infusione	B05BA03	BAXTER S.P.A.	Autorizzata	Procedura Nazionale	Medicinali soggetti a prescrizione medica
030923395	030923	GLUCOSIO BAXTER S.P.A.	33% SOLUZIONE PER INFUSIONE- SACCA CLEAR-FLEX 250 ML	GLUCOSIO (DESTROSIO) MONOIDRATO	GLUCOSIO (DESTROSIO) MONOIDRATO	36.3	grammi	Soluzione per infusione	B05BA03	BAXTER S.P.A.	Autorizzata	Procedura Nazionale	Medicinali soggetti a prescrizione medica
030923407	030923	GLUCOSIO BAXTER S.P.A.	33% SOLUZIONE PER INFUSIONE- SACCA CLEAR-FLEX 500 ML	GLUCOSIO (DESTROSIO) MONOIDRATO	GLUCOSIO (DESTROSIO) MONOIDRATO	36.3	grammi	Soluzione per infusione	B05BA03	BAXTER S.P.A.	Autorizzata	Procedura Nazionale	Medicinali soggetti a prescrizione medica
030923419	030923	GLUCOSIO BAXTER S.P.A.	33% SOLUZIONE PER INFUSIONE- SACCA CLEAR-FLEX 1000 ML	GLUCOSIO (DESTROSIO) MONOIDRATO	GLUCOSIO (DESTROSIO) MONOIDRATO	36.3	grammi	Soluzione per infusione	B05BA03	BAXTER S.P.A.	Autorizzata	Procedura Nazionale	Medicinali soggetti a prescrizione medica
030923421	030923	GLUCOSIO BAXTER S.P.A.	50% SOLUZIONE PER INFUSIONE- FLACONCINO 50 ML	GLUCOSIO (DESTROSIO) MONOIDRATO	GLUCOSIO (DESTROSIO) MONOIDRATO	55		Soluzione per infusione	B05BA03	BAXTER S.P.A.	Autorizzata	Procedura Nazionale	Medicinali soggetti a prescrizione medica
030923433	030923	GLUCOSIO BAXTER S.P.A.	50% SOLUZIONE PER INFUSIONE- FLACONCINO 100 ML	GLUCOSIO (DESTROSIO) MONOIDRATO	GLUCOSIO (DESTROSIO) MONOIDRATO	55		Soluzione per infusione	B05BA03	BAXTER S.P.A.	Autorizzata	Procedura Nazionale	Medicinali soggetti a prescrizione medica
030923445	030923	GLUCOSIO BAXTER S.P.A.	50% SOLUZIONE PER INFUSIONE- FLACONCINO 250 ML	GLUCOSIO (DESTROSIO) MONOIDRATO	GLUCOSIO (DESTROSIO) MONOIDRATO	55		Soluzione per infusione	B05BA03	BAXTER S.P.A.	Autorizzata	Procedura Nazionale	Medicinali soggetti a prescrizione medica
030923458	030923	GLUCOSIO BAXTER S.P.A.	50% SOLUZIONE PER INFUSIONE- FLACONCINO 500 ML	GLUCOSIO (DESTROSIO) MONOIDRATO	GLUCOSIO (DESTROSIO) MONOIDRATO	55		Soluzione per infusione	B05BA03	BAXTER S.P.A.	Autorizzata	Procedura Nazionale	Medicinali soggetti a prescrizione medica
030923460	030923	GLUCOSIO BAXTER S.P.A.	50% SOLUZIONE PER INFUSIONE- SACCA CLEAR-FLEX 100 ML	GLUCOSIO (DESTROSIO) MONOIDRATO	GLUCOSIO (DESTROSIO) MONOIDRATO	55		Soluzione per infusione	B05BA03	BAXTER S.P.A.	Autorizzata	Procedura Nazionale	Medicinali soggetti a prescrizione medica
030923472	030923	GLUCOSIO BAXTER S.P.A.	50% SOLUZIONE PER INFUSIONE- SACCA CLEAR-FLEX 500 ML	GLUCOSIO (DESTROSIO) MONOIDRATO	GLUCOSIO (DESTROSIO) MONOIDRATO	55		Soluzione per infusione	B05BA03	BAXTER S.P.A.	Autorizzata	Procedura Nazionale	Medicinali soggetti a prescrizione medica
030923484	030923	GLUCOSIO BAXTER S.P.A.	50% SOLUZIONE PER INFUSIONE- SACCA CLEAR-FLEX 1000 ML	GLUCOSIO (DESTROSIO) MONOIDRATO	GLUCOSIO (DESTROSIO) MONOIDRATO	55		Soluzione per infusione	B05BA03	BAXTER S.P.A.	Autorizzata	Procedura Nazionale	Medicinali soggetti a prescrizione medica
030923496	030923	GLUCOSIO BAXTER S.P.A.	50% SOLUZIONE PER INFUSIONE- SACCA CLEAR-FLEX 250 ML	GLUCOSIO (DESTROSIO) MONOIDRATO	GLUCOSIO (DESTROSIO) MONOIDRATO	55		Soluzione per infusione	B05BA03	BAXTER S.P.A.	Autorizzata	Procedura Nazionale	Medicinali soggetti a prescrizione medica
030923508	030923	GLUCOSIO BAXTER S.P.A.	5% SOLUZIONE PER INFUSIONE- FIALA 1 ML	GLUCOSIO (DESTROSIO) MONOIDRATO	GLUCOSIO (DESTROSIO) MONOIDRATO	5.5	grammi	Soluzione per infusione	B05BA03	BAXTER S.P.A.	Autorizzata	Procedura Nazionale	Medicinali soggetti a prescrizione medica
030923510	030923	GLUCOSIO BAXTER S.P.A.	5% SOLUZIONE PER INFUSIONE- FIALA 2 ML	GLUCOSIO (DESTROSIO) MONOIDRATO	GLUCOSIO (DESTROSIO) MONOIDRATO	5.5	grammi	Soluzione per infusione	B05BA03	BAXTER S.P.A.	Autorizzata	Procedura Nazionale	Medicinali soggetti a prescrizione medica
030923522	030923	GLUCOSIO BAXTER S.P.A.	5% SOLUZIONE PER INFUSIONE- FIALA 5 ML	GLUCOSIO (DESTROSIO) MONOIDRATO	GLUCOSIO (DESTROSIO) MONOIDRATO	5.5	grammi	Soluzione per infusione	B05BA03	BAXTER S.P.A.	Autorizzata	Procedura Nazionale	Medicinali soggetti a prescrizione medica
030923534	030923	GLUCOSIO BAXTER S.P.A.	5% SOLUZIONE PER INFUSIONE- FIALA 10 ML	GLUCOSIO (DESTROSIO) MONOIDRATO	GLUCOSIO (DESTROSIO) MONOIDRATO	5.5	grammi	Soluzione per infusione	B05BA03	BAXTER S.P.A.	Autorizzata	Procedura Nazionale	Medicinali soggetti a prescrizione medica
030923546	030923	GLUCOSIO BAXTER S.P.A.	5% SOLUZIONE PER INFUSIONE- FIALA 20 ML	GLUCOSIO (DESTROSIO) MONOIDRATO	GLUCOSIO (DESTROSIO) MONOIDRATO	5.5	grammi	Soluzione per infusione	B05BA03	BAXTER S.P.A.	Autorizzata	Procedura Nazionale	Medicinali soggetti a prescrizione medica
030923559	030923	GLUCOSIO BAXTER S.P.A.	10% SOLUZIONE PER INFUSIONE- FIALA 1 ML	GLUCOSIO (DESTROSIO) MONOIDRATO	GLUCOSIO (DESTROSIO) MONOIDRATO	11	grammi	Soluzione per infusione	B05BA03	BAXTER S.P.A.	Autorizzata	Procedura Nazionale	Medicinali soggetti a prescrizione medica
030923561	030923	GLUCOSIO BAXTER S.P.A.	10% SOLUZIONE PER INFUSIONE- FIALA 2 ML	GLUCOSIO (DESTROSIO) MONOIDRATO	GLUCOSIO (DESTROSIO) MONOIDRATO	11	grammi	Soluzione per infusione	B05BA03	BAXTER S.P.A.	Autorizzata	Procedura Nazionale	Medicinali soggetti a prescrizione medica
030923585	030923	GLUCOSIO BAXTER S.P.A.	10% SOLUZIONE PER INFUSIONE- FIALA 5 ML	GLUCOSIO (DESTROSIO) MONOIDRATO	GLUCOSIO (DESTROSIO) MONOIDRATO	11	grammi	Soluzione per infusione	B05BA03	BAXTER S.P.A.	Autorizzata	Procedura Nazionale	Medicinali soggetti a prescrizione medica
030923597	030923	GLUCOSIO BAXTER S.P.A.	10% SOLUZIONE PER INFUSIONE- FIALA 10 ML	GLUCOSIO (DESTROSIO) MONOIDRATO	GLUCOSIO (DESTROSIO) MONOIDRATO	11	grammi	Soluzione per infusione	B05BA03	BAXTER S.P.A.	Autorizzata	Procedura Nazionale	Medicinali soggetti a prescrizione medica
030923609	030923	GLUCOSIO BAXTER S.P.A.	10% SOLUZIONE PER INFUSIONE- FIALA 20 ML	GLUCOSIO (DESTROSIO) MONOIDRATO	GLUCOSIO (DESTROSIO) MONOIDRATO	11	grammi	Soluzione per infusione	B05BA03	BAXTER S.P.A.	Autorizzata	Procedura Nazionale	Medicinali soggetti a prescrizione medica
030923611	030923	GLUCOSIO BAXTER S.P.A.	33% SOLUZIONE PER INFUSIONE- FIALA 1 ML	GLUCOSIO (DESTROSIO) MONOIDRATO	GLUCOSIO (DESTROSIO) MONOIDRATO	36.3	grammi	Soluzione per infusione	B05BA03	BAXTER S.P.A.	Autorizzata	Procedura Nazionale	Medicinali soggetti a prescrizione medica
030923623	030923	GLUCOSIO BAXTER S.P.A.	33% SOLUZIONE PER INFUSIONE- FIALA 2 ML	GLUCOSIO (DESTROSIO) MONOIDRATO	GLUCOSIO (DESTROSIO) MONOIDRATO	36.3	grammi	Soluzione per infusione	B05BA03	BAXTER S.P.A.	Autorizzata	Procedura Nazionale	Medicinali soggetti a prescrizione medica
030923635	030923	GLUCOSIO BAXTER S.P.A.	33% SOLUZIONE PER INFUSIONE- FIALA 5 ML	GLUCOSIO (DESTROSIO) MONOIDRATO	GLUCOSIO (DESTROSIO) MONOIDRATO	36.3	grammi	Soluzione per infusione	B05BA03	BAXTER S.P.A.	Autorizzata	Procedura Nazionale	Medicinali soggetti a prescrizione medica
030923647	030923	GLUCOSIO BAXTER S.P.A.	33% SOLUZIONE PER INFUSIONE- FIALA 10 ML	GLUCOSIO (DESTROSIO) MONOIDRATO	GLUCOSIO (DESTROSIO) MONOIDRATO	36.3	grammi	Soluzione per infusione	B05BA03	BAXTER S.P.A.	Autorizzata	Procedura Nazionale	Medicinali soggetti a prescrizione medica
030923650	030923	GLUCOSIO BAXTER S.P.A.	33% SOLUZIONE PER INFUSIONE- FIALA 20 ML	GLUCOSIO (DESTROSIO) MONOIDRATO	GLUCOSIO (DESTROSIO) MONOIDRATO	36.3	grammi	Soluzione per infusione	B05BA03	BAXTER S.P.A.	Autorizzata	Procedura Nazionale	Medicinali soggetti a prescrizione medica
031055015	031055	GLUCOSIO BIOINDUSTRIA L.I.M	5% SOLUZIONE PER INFUSIONE- FLACONCINO DA 50 ML	GLUCOSIO (DESTROSIO) MONOIDRATO	GLUCOSIO (DESTROSIO) MONOIDRATO	55	grammi	Soluzione per infusione	B05BA03	BIOINDUSTRIA LABORATORIO ITALIANO MEDICINALI S.P.A.	Autorizzata	Procedura Nazionale	Medicinali soggetti a prescrizione medica
031055078	031055	GLUCOSIO BIOINDUSTRIA L.I.M	5% SOLUZIONE PER INFUSIONE- 50 ML IN FLACONCINO DA 100 ML	GLUCOSIO (DESTROSIO) MONOIDRATO	GLUCOSIO (DESTROSIO) MONOIDRATO	55	grammi	Soluzione per infusione	B05BA03	BIOINDUSTRIA LABORATORIO ITALIANO MEDICINALI S.P.A.	Autorizzata	Procedura Nazionale	Medicinali soggetti a prescrizione medica
031055116	031055	GLUCOSIO BIOINDUSTRIA L.I.M	5% SOLUZIONE PER INFUSIONE- 100 ML IN FLACONCINO DA 250 ML	GLUCOSIO (DESTROSIO) MONOIDRATO	GLUCOSIO (DESTROSIO) MONOIDRATO	55	grammi	Soluzione per infusione	B05BA03	BIOINDUSTRIA LABORATORIO ITALIANO MEDICINALI S.P.A.	Autorizzata	Procedura Nazionale	Medicinali soggetti a prescrizione medica
031055155	031055	GLUCOSIO BIOINDUSTRIA L.I.M	5% SOLUZIONE PER INFUSIONE- 250 ML IN FLACONCINO DA 500 ML	GLUCOSIO (DESTROSIO) MONOIDRATO	GLUCOSIO (DESTROSIO) MONOIDRATO	55	grammi	Soluzione per infusione	B05BA03	BIOINDUSTRIA LABORATORIO ITALIANO MEDICINALI S.P.A.	Autorizzata	Procedura Nazionale	Medicinali soggetti a prescrizione medica
031055167	031055	GLUCOSIO BIOINDUSTRIA L.I.M	10% SOLUZIONE PER INFUSIONE- FLACONCINO DA 50 ML	GLUCOSIO (DESTROSIO) MONOIDRATO	GLUCOSIO (DESTROSIO) MONOIDRATO	110	grammi	Soluzione per infusione	B05BA03	BIOINDUSTRIA LABORATORIO ITALIANO MEDICINALI S.P.A.	Autorizzata	Procedura Nazionale	Medicinali soggetti a prescrizione medica
031055217	031055	GLUCOSIO BIOINDUSTRIA L.I.M	10% SOLUZIONE PER INFUSIONE- 50 ML IN FLACONCINO DA 100 ML	GLUCOSIO (DESTROSIO) MONOIDRATO	GLUCOSIO (DESTROSIO) MONOIDRATO	110	grammi	Soluzione per infusione	B05BA03	BIOINDUSTRIA LABORATORIO ITALIANO MEDICINALI S.P.A.	Autorizzata	Procedura Nazionale	Medicinali soggetti a prescrizione medica
031055256	031055	GLUCOSIO BIOINDUSTRIA L.I.M	10% SOLUZIONE PER INFUSIONE- 100 ML IN FLACONCINO DA 250 ML	GLUCOSIO (DESTROSIO) MONOIDRATO	GLUCOSIO (DESTROSIO) MONOIDRATO	110	grammi	Soluzione per infusione	B05BA03	BIOINDUSTRIA LABORATORIO ITALIANO MEDICINALI S.P.A.	Autorizzata	Procedura Nazionale	Medicinali soggetti a prescrizione medica
031055282	031055	GLUCOSIO BIOINDUSTRIA L.I.M	10% SOLUZIONE PER INFUSIONE- 250 ML IN FLACONCINO DA 500 ML	GLUCOSIO (DESTROSIO) MONOIDRATO	GLUCOSIO (DESTROSIO) MONOIDRATO	110	grammi	Soluzione per infusione	B05BA03	BIOINDUSTRIA LABORATORIO ITALIANO MEDICINALI S.P.A.	Autorizzata	Procedura Nazionale	Medicinali soggetti a prescrizione medica
031055294	031055	GLUCOSIO BIOINDUSTRIA L.I.M	20% SOLUZIONE PER INFUSIONE- FLACONCINO DA 50 ML	GLUCOSIO (DESTROSIO) MONOIDRATO	GLUCOSIO (DESTROSIO) MONOIDRATO	220	grammi	Soluzione per infusione	B05BA03	BIOINDUSTRIA LABORATORIO ITALIANO MEDICINALI S.P.A.	Autorizzata	Procedura Nazionale	Medicinali soggetti a prescrizione medica
031055344	031055	GLUCOSIO BIOINDUSTRIA L.I.M	20% SOLUZIONE PER INFUSIONE- 50 ML IN FLACONCINO DA 100 ML	GLUCOSIO (DESTROSIO) MONOIDRATO	GLUCOSIO (DESTROSIO) MONOIDRATO	220	grammi	Soluzione per infusione	B05BA03	BIOINDUSTRIA LABORATORIO ITALIANO MEDICINALI S.P.A.	Autorizzata	Procedura Nazionale	Medicinali soggetti a prescrizione medica
031055383	031055	GLUCOSIO BIOINDUSTRIA L.I.M	20% SOLUZIONE PER INFUSIONE- 100 ML IN FLACONCINO DA 250 ML	GLUCOSIO (DESTROSIO) MONOIDRATO	GLUCOSIO (DESTROSIO) MONOIDRATO	220	grammi	Soluzione per infusione	B05BA03	BIOINDUSTRIA LABORATORIO ITALIANO MEDICINALI S.P.A.	Autorizzata	Procedura Nazionale	Medicinali soggetti a prescrizione medica
031055421	031055	GLUCOSIO BIOINDUSTRIA L.I.M	20% SOLUZIONE PER INFUSIONE- 250 ML IN FLACONCINO DA 500 ML	GLUCOSIO (DESTROSIO) MONOIDRATO	GLUCOSIO (DESTROSIO) MONOIDRATO	220	grammi	Soluzione per infusione	B05BA03	BIOINDUSTRIA LABORATORIO ITALIANO MEDICINALI S.P.A.	Autorizzata	Procedura Nazionale	Medicinali soggetti a prescrizione medica
031055573	031055	GLUCOSIO BIOINDUSTRIA L.I.M	50% SOLUZIONE PER INFUSIONE- FLACONCINO DA 50 ML	GLUCOSIO (DESTROSIO) MONOIDRATO	GLUCOSIO (DESTROSIO) MONOIDRATO	550	grammi	Soluzione per infusione	B05BA03	BIOINDUSTRIA LABORATORIO ITALIANO MEDICINALI S.P.A.	Autorizzata	Procedura Nazionale	Medicinali soggetti a prescrizione medica
031055623	031055	GLUCOSIO BIOINDUSTRIA L.I.M	50% SOLUZIONE PER INFUSIONE- 50 ML IN FLACONCINO DA 100 ML	GLUCOSIO (DESTROSIO) MONOIDRATO	GLUCOSIO (DESTROSIO) MONOIDRATO	550	grammi	Soluzione per infusione	B05BA03	BIOINDUSTRIA LABORATORIO ITALIANO MEDICINALI S.P.A.	Autorizzata	Procedura Nazionale	Medicinali soggetti a prescrizione medica
031055662	031055	GLUCOSIO BIOINDUSTRIA L.I.M	50% SOLUZIONE PER INFUSIONE- 100 ML IN FLACONCINO DA 250 ML	GLUCOSIO (DESTROSIO) MONOIDRATO	GLUCOSIO (DESTROSIO) MONOIDRATO	550	grammi	Soluzione per infusione	B05BA03	BIOINDUSTRIA LABORATORIO ITALIANO MEDICINALI S.P.A.	Autorizzata	Procedura Nazionale	Medicinali soggetti a prescrizione medica
031055686	031055	GLUCOSIO BIOINDUSTRIA L.I.M	50% SOLUZIONE PER INFUSIONE- 250 ML IN FLACONCINO DA 500 ML	GLUCOSIO (DESTROSIO) MONOIDRATO	GLUCOSIO (DESTROSIO) MONOIDRATO	550	grammi	Soluzione per infusione	B05BA03	BIOINDUSTRIA LABORATORIO ITALIANO MEDICINALI S.P.A.	Autorizzata	Procedura Nazionale	Medicinali soggetti a prescrizione medica
031055698	031055	GLUCOSIO BIOINDUSTRIA L.I.M	33% SOLUZIONE PER INFUSIONE- FLACONCINO DA 50 ML	GLUCOSIO (DESTROSIO) MONOIDRATO	GLUCOSIO (DESTROSIO) MONOIDRATO	363	grammi	Soluzione per infusione	B05BA03	BIOINDUSTRIA LABORATORIO ITALIANO MEDICINALI S.P.A.	Autorizzata	Procedura Nazionale	Medicinali soggetti a prescrizione medica
031055748	031055	GLUCOSIO BIOINDUSTRIA L.I.M	33% SOLUZIONE PER INFUSIONE- 50 ML IN FLACONCINO DA 100 ML	GLUCOSIO (DESTROSIO) MONOIDRATO	GLUCOSIO (DESTROSIO) MONOIDRATO	363	grammi	Soluzione per infusione	B05BA03	BIOINDUSTRIA LABORATORIO ITALIANO MEDICINALI S.P.A.	Autorizzata	Procedura Nazionale	Medicinali soggetti a prescrizione medica
031055787	031055	GLUCOSIO BIOINDUSTRIA L.I.M	33% SOLUZIONE PER INFUSIONE- 100 ML IN FLACONCINO DA 250 ML	GLUCOSIO (DESTROSIO) MONOIDRATO	GLUCOSIO (DESTROSIO) MONOIDRATO	363	grammi	Soluzione per infusione	B05BA03	BIOINDUSTRIA LABORATORIO ITALIANO MEDICINALI S.P.A.	Autorizzata	Procedura Nazionale	Medicinali soggetti a prescrizione medica
031055825	031055	GLUCOSIO BIOINDUSTRIA L.I.M	33% SOLUZIONE PER INFUSIONE- 250 ML IN FLACONCINO DA 500 ML	GLUCOSIO (DESTROSIO) MONOIDRATO	GLUCOSIO (DESTROSIO) MONOIDRATO	363	grammi	Soluzione per infusione	B05BA03	BIOINDUSTRIA LABORATORIO ITALIANO MEDICINALI S.P.A.	Autorizzata	Procedura Nazionale	Medicinali soggetti a prescrizione medica
031055864	031055	GLUCOSIO BIOINDUSTRIA L.I.M	5% SOLUZIONE PER INFUSIONE- 5 FIALE DA 20 ML	GLUCOSIO (DESTROSIO) MONOIDRATO	GLUCOSIO (DESTROSIO) MONOIDRATO	0.1	grammi	Soluzione iniettabile	B05BA03	BIOINDUSTRIA LABORATORIO ITALIANO MEDICINALI S.P.A.	Autorizzata	Procedura Nazionale	Medicinali soggetti a prescrizione medica
031055876	031055	GLUCOSIO BIOINDUSTRIA L.I.M	5% SOLUZIONE PER INFUSIONE- 10 FIALE DA 5 ML	GLUCOSIO (DESTROSIO) MONOIDRATO	GLUCOSIO (DESTROSIO) MONOIDRATO	0.1	grammi	Soluzione iniettabile	B05BA03	BIOINDUSTRIA LABORATORIO ITALIANO MEDICINALI S.P.A.	Autorizzata	Procedura Nazionale	Medicinali soggetti a prescrizione medica
031055888	031055	GLUCOSIO BIOINDUSTRIA L.I.M	5% SOLUZIONE PER INFUSIONE- 10 FIALE 10 ML	GLUCOSIO (DESTROSIO) MONOIDRATO	GLUCOSIO (DESTROSIO) MONOIDRATO	0.1	grammi	Soluzione iniettabile	B05BA03	BIOINDUSTRIA LABORATORIO ITALIANO MEDICINALI S.P.A.	Autorizzata	Procedura Nazionale	Medicinali soggetti a prescrizione medica
031055989	031055	GLUCOSIO BIOINDUSTRIA L.I.M	10% SOLUZIONE PER INFUSIONE-  5 FIALE DA 20 ML	GLUCOSIO (DESTROSIO) MONOIDRATO	GLUCOSIO (DESTROSIO) MONOIDRATO	0.1	grammi	Soluzione iniettabile	B05BA03	BIOINDUSTRIA LABORATORIO ITALIANO MEDICINALI S.P.A.	Autorizzata	Procedura Nazionale	Medicinali soggetti a prescrizione medica
031055991	031055	GLUCOSIO BIOINDUSTRIA L.I.M	10% SOLUZIONE PER INFUSIONE- 10 FIALE DA 5 ML	GLUCOSIO (DESTROSIO) MONOIDRATO	GLUCOSIO (DESTROSIO) MONOIDRATO	0.1	grammi	Soluzione iniettabile	B05BA03	BIOINDUSTRIA LABORATORIO ITALIANO MEDICINALI S.P.A.	Autorizzata	Procedura Nazionale	Medicinali soggetti a prescrizione medica
031181011	031181	GLUCOSIO BIOINDUSTRIA L.I.M..	10% SOLUZIONE PER INFUSIONE- 10 FIALE DA 10 ML	GLUCOSIO (DESTROSIO) MONOIDRATO	GLUCOSIO (DESTROSIO) MONOIDRATO	0.1		Soluzione iniettabile	B05BA03	BIOINDUSTRIA LABORATORIO ITALIANO MEDICINALI S.P.A.	Autorizzata	Procedura Nazionale	Medicinali soggetti a prescrizione medica
031181112	031181	GLUCOSIO BIOINDUSTRIA L.I.M..	20% SOLUZIONE PER INFUSIONE- 5 FIALE DA 20 ML	GLUCOSIO (DESTROSIO) MONOIDRATO	GLUCOSIO (DESTROSIO) MONOIDRATO	0.2		Soluzione iniettabile	B05BA03	BIOINDUSTRIA LABORATORIO ITALIANO MEDICINALI S.P.A.	Autorizzata	Procedura Nazionale	Medicinali soggetti a prescrizione medica limitativa, utilizzabili esclusivamente in ambiente ospedaliero o in una struttura ad esso assimilabile
031181124	031181	GLUCOSIO BIOINDUSTRIA L.I.M..	20% SOLUZIONE PER INFUSIONE-  10 FIALE DA 5 ML	GLUCOSIO (DESTROSIO) MONOIDRATO	GLUCOSIO (DESTROSIO) MONOIDRATO	0.2		Soluzione iniettabile	B05BA03	BIOINDUSTRIA LABORATORIO ITALIANO MEDICINALI S.P.A.	Autorizzata	Procedura Nazionale	Medicinali soggetti a prescrizione medica limitativa, utilizzabili esclusivamente in ambiente ospedaliero o in una struttura ad esso assimilabile
031181136	031181	GLUCOSIO BIOINDUSTRIA L.I.M..	20% SOLUZIONE PER INFUSIONE- 10 FIALE DA 10 ML	GLUCOSIO (DESTROSIO) MONOIDRATO	GLUCOSIO (DESTROSIO) MONOIDRATO	0.2		Soluzione iniettabile	B05BA03	BIOINDUSTRIA LABORATORIO ITALIANO MEDICINALI S.P.A.	Autorizzata	Procedura Nazionale	Medicinali soggetti a prescrizione medica limitativa, utilizzabili esclusivamente in ambiente ospedaliero o in una struttura ad esso assimilabile
031181237	031181	GLUCOSIO BIOINDUSTRIA L.I.M..	33% SOLUZIONE PER INFUSIONE- 5 FIALE DA 20 ML	GLUCOSIO (DESTROSIO) MONOIDRATO	GLUCOSIO (DESTROSIO) MONOIDRATO	0.4		Soluzione iniettabile	B05BA03	BIOINDUSTRIA LABORATORIO ITALIANO MEDICINALI S.P.A.	Autorizzata	Procedura Nazionale	Medicinali soggetti a prescrizione medica limitativa, utilizzabili esclusivamente in ambiente ospedaliero o in una struttura ad esso assimilabile
031181249	031181	GLUCOSIO BIOINDUSTRIA L.I.M..	33% SOLUZIONE PER INFUSIONE- 10 FIALE DA 5 ML	GLUCOSIO (DESTROSIO) MONOIDRATO	GLUCOSIO (DESTROSIO) MONOIDRATO	0.4		Soluzione iniettabile	B05BA03	BIOINDUSTRIA LABORATORIO ITALIANO MEDICINALI S.P.A.	Autorizzata	Procedura Nazionale	Medicinali soggetti a prescrizione medica limitativa, utilizzabili esclusivamente in ambiente ospedaliero o in una struttura ad esso assimilabile
031181252	031181	GLUCOSIO BIOINDUSTRIA L.I.M..	33% SOLUZIONE PER INFUSIONE- 10 FIALE DA 10 ML	GLUCOSIO (DESTROSIO) MONOIDRATO	GLUCOSIO (DESTROSIO) MONOIDRATO	0.4		Soluzione iniettabile	B05BA03	BIOINDUSTRIA LABORATORIO ITALIANO MEDICINALI S.P.A.	Autorizzata	Procedura Nazionale	Medicinali soggetti a prescrizione medica limitativa, utilizzabili esclusivamente in ambiente ospedaliero o in una struttura ad esso assimilabile
032183016	032183	GLUCOSIO EUROSPITAL	5% SOLUZIONE PER INFUSIONE- FLACONE 100 ML	GLUCOSIO (DESTROSIO) MONOIDRATO	GLUCOSIO (DESTROSIO) MONOIDRATO	55		Soluzione iniettabile	B05BA03	EUROSPITAL S.P.A.	Autorizzata	Procedura Nazionale	Medicinali soggetti a prescrizione medica
032183028	032183	GLUCOSIO EUROSPITAL	5% SOLUZIONE PER INFUSIONE- FLACONE 250 ML	GLUCOSIO (DESTROSIO) MONOIDRATO	GLUCOSIO (DESTROSIO) MONOIDRATO	55	grammi	Soluzione iniettabile	B05BA03	EUROSPITAL S.P.A.	Autorizzata	Procedura Nazionale	Medicinali soggetti a prescrizione medica
032183030	032183	GLUCOSIO EUROSPITAL	5% SOLUZIONE PER INFUSIONE- FLACONE 500 ML	GLUCOSIO (DESTROSIO) MONOIDRATO	GLUCOSIO (DESTROSIO) MONOIDRATO	55	grammi	Soluzione iniettabile	B05BA03	EUROSPITAL S.P.A.	Autorizzata	Procedura Nazionale	Medicinali soggetti a prescrizione medica
032183042	032183	GLUCOSIO EUROSPITAL	5% FLACONE 1000 ML	GLUCOSIO (DESTROSIO) MONOIDRATO	GLUCOSIO (DESTROSIO) MONOIDRATO	55		Soluzione iniettabile	B05BA03	EUROSPITAL S.P.A.	Autorizzata	Procedura Nazionale	Medicinali soggetti a prescrizione medica
032183055	032183	GLUCOSIO EUROSPITAL	10% SOLUZIONE PER INFUSIONE- FLACONE 500 ML	GLUCOSIO (DESTROSIO) MONOIDRATO	GLUCOSIO (DESTROSIO) MONOIDRATO	110	grammi	Soluzione iniettabile	B05BA03	EUROSPITAL S.P.A.	Autorizzata	Procedura Nazionale	Medicinali soggetti a prescrizione medica
032183067	032183	GLUCOSIO EUROSPITAL	20% FLACONE 500 ML	GLUCOSIO (DESTROSIO) MONOIDRATO	GLUCOSIO (DESTROSIO) MONOIDRATO	220		Soluzione iniettabile	B05BA03	EUROSPITAL S.P.A.	Autorizzata	Procedura Nazionale	Medicinali soggetti a prescrizione medica
032387019	032387	GLUCOSIO BIOINDUSTRIA L.I.M.	5% SOLUZIONE PER INFUSIONE- FLACONCINO DA 100 ML	GLUCOSIO (DESTROSIO) MONOIDRATO	GLUCOSIO (DESTROSIO) MONOIDRATO	55		Soluzione per infusione	B05BA03	BIOINDUSTRIA LABORATORIO ITALIANO MEDICINALI S.P.A.	Autorizzata	Procedura Nazionale	Medicinali soggetti a prescrizione medica
032387021	032387	GLUCOSIO BIOINDUSTRIA L.I.M.	5% SOLUZIONE PER INFUSIONE- FLACONCINO DA 250 ML	GLUCOSIO (DESTROSIO) MONOIDRATO	GLUCOSIO (DESTROSIO) MONOIDRATO	55		Soluzione per infusione	B05BA03	BIOINDUSTRIA LABORATORIO ITALIANO MEDICINALI S.P.A.	Autorizzata	Procedura Nazionale	Medicinali soggetti a prescrizione medica
032387033	032387	GLUCOSIO BIOINDUSTRIA L.I.M.	5% SOLUZIONE PER INFUSIONE- FLACONCINO DA 500 ML	GLUCOSIO (DESTROSIO) MONOIDRATO	GLUCOSIO (DESTROSIO) MONOIDRATO	55		Soluzione per infusione	B05BA03	BIOINDUSTRIA LABORATORIO ITALIANO MEDICINALI S.P.A.	Autorizzata	Procedura Nazionale	Medicinali soggetti a prescrizione medica
032387045	032387	GLUCOSIO BIOINDUSTRIA L.I.M.	10% SOLUZIONE PER INFUSIONE- FLACONCINO DA 100 ML	GLUCOSIO (DESTROSIO) MONOIDRATO	GLUCOSIO (DESTROSIO) MONOIDRATO	110		Soluzione per infusione	B05BA03	BIOINDUSTRIA LABORATORIO ITALIANO MEDICINALI S.P.A.	Autorizzata	Procedura Nazionale	Medicinali soggetti a prescrizione medica
032387058	032387	GLUCOSIO BIOINDUSTRIA L.I.M.	10% SOLUZIONE PER INFUSIONE- FLACONCINO DA 250 ML	GLUCOSIO (DESTROSIO) MONOIDRATO	GLUCOSIO (DESTROSIO) MONOIDRATO	110		Soluzione per infusione	B05BA03	BIOINDUSTRIA LABORATORIO ITALIANO MEDICINALI S.P.A.	Autorizzata	Procedura Nazionale	Medicinali soggetti a prescrizione medica
032387060	032387	GLUCOSIO BIOINDUSTRIA L.I.M.	10% SOLUZIONE PER INFUSIONE- FLACONCINO DA 500 ML	GLUCOSIO (DESTROSIO) MONOIDRATO	GLUCOSIO (DESTROSIO) MONOIDRATO	110		Soluzione per infusione	B05BA03	BIOINDUSTRIA LABORATORIO ITALIANO MEDICINALI S.P.A.	Autorizzata	Procedura Nazionale	Medicinali soggetti a prescrizione medica
032387072	032387	GLUCOSIO BIOINDUSTRIA L.I.M.	20% SOLUZIONE PER INFUSIONE- FLACONCINO DA 100 ML	GLUCOSIO (DESTROSIO) MONOIDRATO	GLUCOSIO (DESTROSIO) MONOIDRATO	220		Soluzione per infusione	B05BA03	BIOINDUSTRIA LABORATORIO ITALIANO MEDICINALI S.P.A.	Autorizzata	Procedura Nazionale	Medicinali soggetti a prescrizione medica
032387084	032387	GLUCOSIO BIOINDUSTRIA L.I.M.	20% SOLUZIONE PER INFUSIONE- FLACONCINO DA 250 ML	GLUCOSIO (DESTROSIO) MONOIDRATO	GLUCOSIO (DESTROSIO) MONOIDRATO	220		Soluzione per infusione	B05BA03	BIOINDUSTRIA LABORATORIO ITALIANO MEDICINALI S.P.A.	Autorizzata	Procedura Nazionale	Medicinali soggetti a prescrizione medica
032387096	032387	GLUCOSIO BIOINDUSTRIA L.I.M.	20% SOLUZIONE PER INFUSIONE- FLACONCINO DA 500 ML	GLUCOSIO (DESTROSIO) MONOIDRATO	GLUCOSIO (DESTROSIO) MONOIDRATO	220		Soluzione per infusione	B05BA03	BIOINDUSTRIA LABORATORIO ITALIANO MEDICINALI S.P.A.	Autorizzata	Procedura Nazionale	Medicinali soggetti a prescrizione medica
032387134	032387	GLUCOSIO BIOINDUSTRIA L.I.M.	50% SOLUZIONE PER INFUSIONE- FLACONCINO DA 100 ML	GLUCOSIO (DESTROSIO) MONOIDRATO	GLUCOSIO (DESTROSIO) MONOIDRATO	550		Soluzione per infusione	B05BA03	BIOINDUSTRIA LABORATORIO ITALIANO MEDICINALI S.P.A.	Autorizzata	Procedura Nazionale	Medicinali soggetti a prescrizione medica
032387146	032387	GLUCOSIO BIOINDUSTRIA L.I.M.	50% SOLUZIONE PER INFUSIONE- FLACONCINO DA 250 ML	GLUCOSIO (DESTROSIO) MONOIDRATO	GLUCOSIO (DESTROSIO) MONOIDRATO	550		Soluzione per infusione	B05BA03	BIOINDUSTRIA LABORATORIO ITALIANO MEDICINALI S.P.A.	Autorizzata	Procedura Nazionale	Medicinali soggetti a prescrizione medica
032387159	032387	GLUCOSIO BIOINDUSTRIA L.I.M.	50% SOLUZIONE PER INFUSIONE- FLACONCINO DA 500 ML	GLUCOSIO (DESTROSIO) MONOIDRATO	GLUCOSIO (DESTROSIO) MONOIDRATO	550		Soluzione per infusione	B05BA03	BIOINDUSTRIA LABORATORIO ITALIANO MEDICINALI S.P.A.	Autorizzata	Procedura Nazionale	Medicinali soggetti a prescrizione medica
032387161	032387	GLUCOSIO BIOINDUSTRIA L.I.M.	33% SOLUZIONE PER INFUSIONE- FLACONCINO DA 100 ML	GLUCOSIO (DESTROSIO) MONOIDRATO	GLUCOSIO (DESTROSIO) MONOIDRATO	363		Soluzione per infusione	B05BA03	BIOINDUSTRIA LABORATORIO ITALIANO MEDICINALI S.P.A.	Autorizzata	Procedura Nazionale	Medicinali soggetti a prescrizione medica
032387173	032387	GLUCOSIO BIOINDUSTRIA L.I.M.	33% SOLUZIONE PER INFUSIONE- FLACONCINO DA 250 ML	GLUCOSIO (DESTROSIO) MONOIDRATO	GLUCOSIO (DESTROSIO) MONOIDRATO	363		Soluzione per infusione	B05BA03	BIOINDUSTRIA LABORATORIO ITALIANO MEDICINALI S.P.A.	Autorizzata	Procedura Nazionale	Medicinali soggetti a prescrizione medica
032387185	032387	GLUCOSIO BIOINDUSTRIA L.I.M.	33% SOLUZIONE PER INFUSIONE- FLACONCINO DA 500 ML	GLUCOSIO (DESTROSIO) MONOIDRATO	GLUCOSIO (DESTROSIO) MONOIDRATO	363		Soluzione per infusione	B05BA03	BIOINDUSTRIA LABORATORIO ITALIANO MEDICINALI S.P.A.	Autorizzata	Procedura Nazionale	Medicinali soggetti a prescrizione medica
032390270	032390	GLUCOSIO BAXTER S.P.A.	50 G/1000 ML SOLUZIONE PER INFUSIONE- SACCA DA 50 ML	GLUCOSIO (DESTROSIO) MONOIDRATO	GLUCOSIO (DESTROSIO) MONOIDRATO	5.5	grammi	Soluzione per infusione	B05BA03	BAXTER S.P.A.	Autorizzata	Procedura Nazionale	Medicinali soggetti a prescrizione medica
032390282	032390	GLUCOSIO BAXTER S.P.A.	5% SOLUZIONE PER INFUSIONE- 20 SACCHE CLEAR-FLEX DA 500 ML	GLUCOSIO (DESTROSIO) MONOIDRATO	GLUCOSIO (DESTROSIO) MONOIDRATO	5	percent	Soluzione per infusione	B05BA03	BAXTER S.P.A.	Autorizzata	Procedura Nazionale	Medicinali soggetti a prescrizione medica limitativa, utilizzabili esclusivamente in ambiente ospedaliero o in una struttura ad esso assimilabile
032390294	032390	GLUCOSIO BAXTER S.P.A.	5% SOLUZIONE PER INFUSIONE- 12 SACCHE CLEAR-FLEX DA 1000 ML	GLUCOSIO (DESTROSIO) MONOIDRATO	GLUCOSIO (DESTROSIO) MONOIDRATO	5	percent	Soluzione per infusione	B05BA03	BAXTER S.P.A.	Autorizzata	Procedura Nazionale	Medicinali soggetti a prescrizione medica limitativa, utilizzabili esclusivamente in ambiente ospedaliero o in una struttura ad esso assimilabile
032390306	032390	GLUCOSIO BAXTER S.P.A.	10% SOLUZIONE PER INFUSIONE- 30 FLACONCINI DA 250 ML	GLUCOSIO (DESTROSIO) MONOIDRATO	GLUCOSIO (DESTROSIO) MONOIDRATO	10	percent	Soluzione per infusione	B05BA03	BAXTER S.P.A.	Autorizzata	Procedura Nazionale	Medicinali soggetti a prescrizione medica limitativa, utilizzabili esclusivamente in ambiente ospedaliero o in una struttura ad esso assimilabile
032390318	032390	GLUCOSIO BAXTER S.P.A.	10% SOLUZIONE PER INFUSIONE- 20 FLACONCINI DA 500 ML	GLUCOSIO (DESTROSIO) MONOIDRATO	GLUCOSIO (DESTROSIO) MONOIDRATO	10	percent	Soluzione per infusione	B05BA03	BAXTER S.P.A.	Autorizzata	Procedura Nazionale	Medicinali soggetti a prescrizione medica limitativa, utilizzabili esclusivamente in ambiente ospedaliero o in una struttura ad esso assimilabile
032390320	032390	GLUCOSIO BAXTER S.P.A.	20% SOLUZIONE PER INFUSIONE- 20 FLACONCINI DA 500 ML	GLUCOSIO (DESTROSIO) MONOIDRATO	GLUCOSIO (DESTROSIO) MONOIDRATO	20	percent	Soluzione per infusione	B05BA03	BAXTER S.P.A.	Autorizzata	Procedura Nazionale	Medicinali soggetti a prescrizione medica limitativa, utilizzabili esclusivamente in ambiente ospedaliero o in una struttura ad esso assimilabile
032390332	032390	GLUCOSIO BAXTER S.P.A.	20 % SOLUZIONE PER INFUSIONE- 20 SACCHE CLEAR-FLEX DA 500 ML	GLUCOSIO (DESTROSIO) MONOIDRATO	GLUCOSIO (DESTROSIO) MONOIDRATO	20	percent	Soluzione per infusione	B05BA03	BAXTER S.P.A.	Autorizzata	Procedura Nazionale	Medicinali soggetti a prescrizione medica limitativa, utilizzabili esclusivamente in ambiente ospedaliero o in una struttura ad esso assimilabile
032390344	032390	GLUCOSIO BAXTER S.P.A.	33% SOLUZIONE PER INFUSIONE- 20 FLACONCINI DA 500 ML	GLUCOSIO (DESTROSIO) MONOIDRATO	GLUCOSIO (DESTROSIO) MONOIDRATO	33	percent	Soluzione per infusione	B05BA03	BAXTER S.P.A.	Autorizzata	Procedura Nazionale	Medicinali soggetti a prescrizione medica limitativa, utilizzabili esclusivamente in ambiente ospedaliero o in una struttura ad esso assimilabile
032390357	032390	GLUCOSIO BAXTER S.P.A.	33 % SOLUZIONE PER INFUSIONE- 20 SACCHE CLEAR-FLEX DA 500 ML	GLUCOSIO (DESTROSIO) MONOIDRATO	GLUCOSIO (DESTROSIO) MONOIDRATO	33	percent	Soluzione per infusione	B05BA03	BAXTER S.P.A.	Autorizzata	Procedura Nazionale	Medicinali soggetti a prescrizione medica limitativa, utilizzabili esclusivamente in ambiente ospedaliero o in una struttura ad esso assimilabile
032390369	032390	GLUCOSIO BAXTER S.P.A.	50 % SOLUZIONE PER INFUSIONE- 20 FLACONCINI DA 500 ML	GLUCOSIO (DESTROSIO) MONOIDRATO	GLUCOSIO (DESTROSIO) MONOIDRATO	50	percent	Soluzione per infusione	B05BA03	BAXTER S.P.A.	Autorizzata	Procedura Nazionale	Medicinali soggetti a prescrizione medica limitativa, utilizzabili esclusivamente in ambiente ospedaliero o in una struttura ad esso assimilabile
032390371	032390	GLUCOSIO BAXTER S.P.A.	50 % SOLUZIONE PER INFUSIONE- 20 SACCHE CLEAR-FLEX DA 500 ML	GLUCOSIO (DESTROSIO) MONOIDRATO	GLUCOSIO (DESTROSIO) MONOIDRATO	50	percent	Soluzione per infusione	B05BA03	BAXTER S.P.A.	Autorizzata	Procedura Nazionale	Medicinali soggetti a prescrizione medica limitativa, utilizzabili esclusivamente in ambiente ospedaliero o in una struttura ad esso assimilabile
032390383	032390	GLUCOSIO BAXTER S.P.A.	5% SOLUZIONE PER INFUSIONE- 25 FLACONCINI DA 50 ML	GLUCOSIO (DESTROSIO) MONOIDRATO	GLUCOSIO (DESTROSIO) MONOIDRATO	5	percent	Soluzione per infusione	B05BA03	BAXTER S.P.A.	Autorizzata	Procedura Nazionale	Medicinali soggetti a prescrizione medica limitativa, utilizzabili esclusivamente in ambiente ospedaliero o in una struttura ad esso assimilabile
032390395	032390	GLUCOSIO BAXTER S.P.A.	5% SOLUZIONE PER INFUSIONE- 25 FLACONCINI DA 100 ML	GLUCOSIO (DESTROSIO) MONOIDRATO	GLUCOSIO (DESTROSIO) MONOIDRATO	5	percent	Soluzione per infusione	B05BA03	BAXTER S.P.A.	Autorizzata	Procedura Nazionale	Medicinali soggetti a prescrizione medica limitativa, utilizzabili esclusivamente in ambiente ospedaliero o in una struttura ad esso assimilabile
032390407	032390	GLUCOSIO BAXTER S.P.A.	5% SOLUZIONE PER INFUSIONE- 30 FLACONCINI DA 250 ML	GLUCOSIO (DESTROSIO) MONOIDRATO	GLUCOSIO (DESTROSIO) MONOIDRATO	5	percent	Soluzione per infusione	B05BA03	BAXTER S.P.A.	Autorizzata	Procedura Nazionale	Medicinali soggetti a prescrizione medica limitativa, utilizzabili esclusivamente in ambiente ospedaliero o in una struttura ad esso assimilabile
032390419	032390	GLUCOSIO BAXTER S.P.A.	5% SOLUZIONE PER INFUSIONE- 20 FLACONCINI DA 500 ML	GLUCOSIO (DESTROSIO) MONOIDRATO	GLUCOSIO (DESTROSIO) MONOIDRATO	5	percent	Soluzione per infusione	B05BA03	BAXTER S.P.A.	Autorizzata	Procedura Nazionale	Medicinali soggetti a prescrizione medica limitativa, utilizzabili esclusivamente in ambiente ospedaliero o in una struttura ad esso assimilabile
032390421	032390	GLUCOSIO BAXTER S.P.A.	5% SOLUZIONE PER INFUSIONE- 50 SACCHE CLEAR-FLEX DA 50 ML	GLUCOSIO (DESTROSIO) MONOIDRATO	GLUCOSIO (DESTROSIO) MONOIDRATO	5	percent	Soluzione per infusione	B05BA03	BAXTER S.P.A.	Autorizzata	Procedura Nazionale	Medicinali soggetti a prescrizione medica limitativa, utilizzabili esclusivamente in ambiente ospedaliero o in una struttura ad esso assimilabile
032390433	032390	GLUCOSIO BAXTER S.P.A.	5% SOLUZIONE PER INFUSIONE- 50 SACCHE CLEAR-FLEX DA 100 ML	GLUCOSIO (DESTROSIO) MONOIDRATO	GLUCOSIO (DESTROSIO) MONOIDRATO	5	percent	Soluzione per infusione	B05BA03	BAXTER S.P.A.	Autorizzata	Procedura Nazionale	Medicinali soggetti a prescrizione medica limitativa, utilizzabili esclusivamente in ambiente ospedaliero o in una struttura ad esso assimilabile
032390445	032390	GLUCOSIO BAXTER S.P.A.	5% SOLUZIONE PER INFUSIONE- 36 SACCHE DA 250 ML	GLUCOSIO (DESTROSIO) MONOIDRATO	GLUCOSIO (DESTROSIO) MONOIDRATO	5	percent	Soluzione per infusione	B05BA03	BAXTER S.P.A.	Autorizzata	Procedura Nazionale	Medicinali soggetti a prescrizione medica limitativa, utilizzabili esclusivamente in ambiente ospedaliero o in una struttura ad esso assimilabile
033216019	033216	GLUCOSIO SCLAVO DIAGNOSTICS	75 MG/150 ML SCIROPPO- 1 FLACONE DA 150 ML	GLUCOSIO (DESTROSIO) MONOIDRATO	GLUCOSIO (DESTROSIO) MONOIDRATO	75		Sciroppo	V04CA02	SCLAVO DIAGNOSTICS INTERNATIONAL S.R.L.	Autorizzata	Procedura Nazionale	Medicinali soggetti a prescrizione medica
033851015	033851	GLUCOSIO DIACO	5% SOLUZIONE PER INFUSIONE- FLACONCINO VETRO 50 ML	GLUCOSIO (DESTROSIO) MONOIDRATO	GLUCOSIO (DESTROSIO) MONOIDRATO	2.75		Soluzione per infusione	B05BA03	DIACO BIOFARMACEUTICI S.R.L.	Autorizzata	Procedura Nazionale	Medicinali soggetti a prescrizione medica
033851027	033851	GLUCOSIO DIACO	5% SOLUZIONE PER INFUSIONE- FLACONCINO VETRO 100 ML	GLUCOSIO (DESTROSIO) MONOIDRATO	GLUCOSIO (DESTROSIO) MONOIDRATO	5.5		Soluzione per infusione	B05BA03	DIACO BIOFARMACEUTICI S.R.L.	Autorizzata	Procedura Nazionale	Medicinali soggetti a prescrizione medica
033851039	033851	GLUCOSIO DIACO	5% SOLUZIONE PER INFUSIONE- FLACONCINO VETRO 250 ML	GLUCOSIO (DESTROSIO) MONOIDRATO	GLUCOSIO (DESTROSIO) MONOIDRATO	13.75		Soluzione per infusione	B05BA03	DIACO BIOFARMACEUTICI S.R.L.	Autorizzata	Procedura Nazionale	Medicinali soggetti a prescrizione medica
033851041	033851	GLUCOSIO DIACO	5% SOLUZIONE PER INFUSIONE- FLACONCINO VETRO 500 ML	GLUCOSIO (DESTROSIO) MONOIDRATO	GLUCOSIO (DESTROSIO) MONOIDRATO	27.5		Soluzione per infusione	B05BA03	DIACO BIOFARMACEUTICI S.R.L.	Autorizzata	Procedura Nazionale	Medicinali soggetti a prescrizione medica
033851054	033851	GLUCOSIO DIACO	5% SOLUZIONE PER INFUSIONE- FLACONCINO VETRO 1000 ML	GLUCOSIO (DESTROSIO) MONOIDRATO	GLUCOSIO (DESTROSIO) MONOIDRATO	55		Soluzione per infusione	B05BA03	DIACO BIOFARMACEUTICI S.R.L.	Autorizzata	Procedura Nazionale	Medicinali soggetti a prescrizione medica
033851066	033851	GLUCOSIO DIACO	10% SOLUZIONE PER INFUSIONE- FLACONCINO VETRO 50 ML	GLUCOSIO (DESTROSIO) MONOIDRATO	GLUCOSIO (DESTROSIO) MONOIDRATO	5.5		Soluzione per infusione	B05BA03	DIACO BIOFARMACEUTICI S.R.L.	Autorizzata	Procedura Nazionale	Medicinali soggetti a prescrizione medica
033851078	033851	GLUCOSIO DIACO	10% SOLUZIONE PER INFUSIONE- FLACONCINO VETRO 100 ML	GLUCOSIO (DESTROSIO) MONOIDRATO	GLUCOSIO (DESTROSIO) MONOIDRATO	11		Soluzione per infusione	B05BA03	DIACO BIOFARMACEUTICI S.R.L.	Autorizzata	Procedura Nazionale	Medicinali soggetti a prescrizione medica
033851080	033851	GLUCOSIO DIACO	10% SOLUZIONE PER INFUSIONE- FLACONCINO VETRO 250 ML	GLUCOSIO (DESTROSIO) MONOIDRATO	GLUCOSIO (DESTROSIO) MONOIDRATO	27.5	grammi	Soluzione per infusione	B05BA03	DIACO BIOFARMACEUTICI S.R.L.	Autorizzata	Procedura Nazionale	Medicinali soggetti a prescrizione medica
033851092	033851	GLUCOSIO DIACO	10% SOLUZIONE PER INFUSIONE- FLACONCINO VETRO 500 ML	GLUCOSIO (DESTROSIO) MONOIDRATO	GLUCOSIO (DESTROSIO) MONOIDRATO	55		Soluzione per infusione	B05BA03	DIACO BIOFARMACEUTICI S.R.L.	Autorizzata	Procedura Nazionale	Medicinali soggetti a prescrizione medica
033851104	033851	GLUCOSIO DIACO	10% SOLUZIONE PER INFUSIONE- FLACONCINO VETRO 1000 ML	GLUCOSIO (DESTROSIO) MONOIDRATO	GLUCOSIO (DESTROSIO) MONOIDRATO	110		Soluzione per infusione	B05BA03	DIACO BIOFARMACEUTICI S.R.L.	Autorizzata	Procedura Nazionale	Medicinali soggetti a prescrizione medica
035714017	035714	GLUCOSIO 5% BAXTER	SOLUZIONE PER INFUSIONE- 50 SACCHE  VIAFLO  DA  50 ML	GLUCOSIO (DESTROSIO) MONOIDRATO	GLUCOSIO (DESTROSIO) MONOIDRATO	50	millilitre	Soluzione per infusione	B05BA03	BAXTER S.P.A.	Autorizzata	Procedura Mutuo riconoscimento o Decentrata	Medicinali soggetti a prescrizione medica limitativa, utilizzabili esclusivamente in ambiente ospedaliero o in una struttura ad esso assimilabile
035714029	035714	GLUCOSIO 5% BAXTER	SOLUZIONE PER INFUSIONE- 50 SACCHE VIAFLO  DA  100 ML	GLUCOSIO (DESTROSIO) MONOIDRATO	GLUCOSIO (DESTROSIO) MONOIDRATO	100	millilitre	Soluzione per infusione	B05BA03	BAXTER S.P.A.	Autorizzata	Procedura Mutuo riconoscimento o Decentrata	Medicinali soggetti a prescrizione medica limitativa, utilizzabili esclusivamente in ambiente ospedaliero o in una struttura ad esso assimilabile
035714031	035714	GLUCOSIO 5% BAXTER	SOLUZIONE PER INFUSIONE- 30 SACCHE VIAFLO  DA  250 ML	GLUCOSIO (DESTROSIO) MONOIDRATO	GLUCOSIO (DESTROSIO) MONOIDRATO	250	millilitre	Soluzione per infusione	B05BA03	BAXTER S.P.A.	Autorizzata	Procedura Mutuo riconoscimento o Decentrata	Medicinali soggetti a prescrizione medica limitativa, utilizzabili esclusivamente in ambiente ospedaliero o in una struttura ad esso assimilabile
035714043	035714	GLUCOSIO 5% BAXTER	SOLUZIONE PER INFUSIONE- 20 SACCHE VIAFLO  DA  500 ML	GLUCOSIO (DESTROSIO) MONOIDRATO	GLUCOSIO (DESTROSIO) MONOIDRATO	500	millilitre	Soluzione per infusione	B05BA03	BAXTER S.P.A.	Autorizzata	Procedura Mutuo riconoscimento o Decentrata	Medicinali soggetti a prescrizione medica limitativa, utilizzabili esclusivamente in ambiente ospedaliero o in una struttura ad esso assimilabile
035714056	035714	GLUCOSIO 5% BAXTER	SOLUZIONE PER INFUSIONE- 10 SACCHE VIAFLO DA  1000 ML	GLUCOSIO (DESTROSIO) MONOIDRATO	GLUCOSIO (DESTROSIO) MONOIDRATO	1000	millilitre	Soluzione per infusione	B05BA03	BAXTER S.P.A.	Autorizzata	Procedura Mutuo riconoscimento o Decentrata	Medicinali soggetti a prescrizione medica limitativa, utilizzabili esclusivamente in ambiente ospedaliero o in una struttura ad esso assimilabile
035714070	035714	GLUCOSIO 5% BAXTER	SOLUZIONE PER INFUSIONE- 1 SACCA VIAFLO DA 50 ML	GLUCOSIO (DESTROSIO) MONOIDRATO	GLUCOSIO (DESTROSIO) MONOIDRATO	150	millilitre	Soluzione per infusione	B05BA03	BAXTER S.P.A.	Autorizzata	Procedura Mutuo riconoscimento o Decentrata	Medicinali soggetti a prescrizione medica
035714082	035714	GLUCOSIO 5% BAXTER	SOLUZIONE PER INFUSIONE- 1 SACCA VIAFLO DA 100 ML	GLUCOSIO (DESTROSIO) MONOIDRATO	GLUCOSIO (DESTROSIO) MONOIDRATO	150	millilitre	Soluzione per infusione	B05BA03	BAXTER S.P.A.	Autorizzata	Procedura Mutuo riconoscimento o Decentrata	Medicinali soggetti a prescrizione medica
035714094	035714	GLUCOSIO 5% BAXTER	SOLUZIONE PER INFUSIONE- 1 SACCA VIAFLO DA 250 ML	GLUCOSIO (DESTROSIO) MONOIDRATO	GLUCOSIO (DESTROSIO) MONOIDRATO	150	millilitre	Soluzione per infusione	B05BA03	BAXTER S.P.A.	Autorizzata	Procedura Mutuo riconoscimento o Decentrata	Medicinali soggetti a prescrizione medica
035714106	035714	GLUCOSIO 5% BAXTER	SOLUZIONE PER INFUSIONE- 1 SACCA VIAFLO DA 500 ML	GLUCOSIO (DESTROSIO) MONOIDRATO	GLUCOSIO (DESTROSIO) MONOIDRATO	150	millilitre	Soluzione per infusione	B05BA03	BAXTER S.P.A.	Autorizzata	Procedura Mutuo riconoscimento o Decentrata	Medicinali soggetti a prescrizione medica
035714118	035714	GLUCOSIO 5% BAXTER	SOLUZIONE PER INFUSIONE- 1 SACCA VIAFLO DA 1000 ML	GLUCOSIO (DESTROSIO) MONOIDRATO	GLUCOSIO (DESTROSIO) MONOIDRATO			Soluzione per infusione	B05BA03	BAXTER S.P.A.	Autorizzata	Procedura Mutuo riconoscimento o Decentrata	Medicinali soggetti a prescrizione medica
035714120	035714	GLUCOSIO 5% BAXTER	SOLUZIONE PER INFUSIONE- 75 SACCHE VIAFLO DA 50 ML	GLUCOSIO (DESTROSIO) MONOIDRATO	GLUCOSIO (DESTROSIO) MONOIDRATO			Soluzione per infusione	B05BA03	BAXTER S.P.A.	Autorizzata	Procedura Mutuo riconoscimento o Decentrata	Medicinali soggetti a prescrizione medica limitativa, utilizzabili esclusivamente in ambiente ospedaliero o in una struttura ad esso assimilabile
035714132	035714	GLUCOSIO 5% BAXTER	SOLUZIONE PER INFUSIONE- 60 SACCHE VIAFLO DA 100 ML	GLUCOSIO (DESTROSIO) MONOIDRATO	GLUCOSIO (DESTROSIO) MONOIDRATO			Soluzione per infusione	B05BA03	BAXTER S.P.A.	Autorizzata	Procedura Mutuo riconoscimento o Decentrata	Medicinali soggetti a prescrizione medica limitativa, utilizzabili esclusivamente in ambiente ospedaliero o in una struttura ad esso assimilabile
035714144	035714	GLUCOSIO 5% BAXTER	SOLUZIONE PER INFUSIONE- 12 SACCHE VIAFLO DA 1000 ML	GLUCOSIO (DESTROSIO) MONOIDRATO	GLUCOSIO (DESTROSIO) MONOIDRATO	1000	millilitre	Soluzione per infusione	B05BA03	BAXTER S.P.A.	Autorizzata	Procedura Mutuo riconoscimento o Decentrata	Medicinali soggetti a prescrizione medica limitativa, utilizzabili esclusivamente in ambiente ospedaliero o in una struttura ad esso assimilabile
036709018	036709	GLUCOSIO MONICO	5 % SOLUZIONE PER INFUSIONE - 12 FLACONI 500 ML	GLUCOSIO (DESTROSIO) MONOIDRATO	GLUCOSIO (DESTROSIO) MONOIDRATO	5	percent	Soluzione per infusione	B05CX01	MONICO S.P.A.	Autorizzata	Procedura Nazionale	Medicinali soggetti a prescrizione medica limitativa, utilizzabili esclusivamente in ambiente ospedaliero o in una struttura ad esso assimilabile
036709020	036709	GLUCOSIO MONICO	5 % SOLUZIONE PER INFUSIONE - 20 FLACONI 500 ML	GLUCOSIO (DESTROSIO) MONOIDRATO	GLUCOSIO (DESTROSIO) MONOIDRATO	5	percent	Soluzione per infusione	B05CX01	MONICO S.P.A.	Autorizzata	Procedura Nazionale	Medicinali soggetti a prescrizione medica limitativa, utilizzabili esclusivamente in ambiente ospedaliero o in una struttura ad esso assimilabile
036709032	036709	GLUCOSIO MONICO	5 % SOLUZIONE PER INFUSIONE - 6 FLACONI 1000 ML	GLUCOSIO (DESTROSIO) MONOIDRATO	GLUCOSIO (DESTROSIO) MONOIDRATO	5	percent	Soluzione per infusione	B05CX01	MONICO S.P.A.	Autorizzata	Procedura Nazionale	Medicinali soggetti a prescrizione medica limitativa, utilizzabili esclusivamente in ambiente ospedaliero o in una struttura ad esso assimilabile
036709044	036709	GLUCOSIO MONICO	5 % SOLUZIONE PER INFUSIONE - 12 FLACONI 1000 ML	GLUCOSIO (DESTROSIO) MONOIDRATO	GLUCOSIO (DESTROSIO) MONOIDRATO	5	percent	Soluzione per infusione	B05CX01	MONICO S.P.A.	Autorizzata	Procedura Nazionale	Medicinali soggetti a prescrizione medica limitativa, utilizzabili esclusivamente in ambiente ospedaliero o in una struttura ad esso assimilabile
036709057	036709	GLUCOSIO MONICO	5 % SOLUZIONE PER INFUSIONE - 30 FLACONI 50 ML IN 100 ML	GLUCOSIO (DESTROSIO) MONOIDRATO	GLUCOSIO (DESTROSIO) MONOIDRATO	5	percent	Soluzione per infusione	B05CX01	MONICO S.P.A.	Autorizzata	Procedura Nazionale	Medicinali soggetti a prescrizione medica limitativa, utilizzabili esclusivamente in ambiente ospedaliero o in una struttura ad esso assimilabile
036709069	036709	GLUCOSIO MONICO	5 % SOLUZIONE PER INFUSIONE - 50 SACCHE 100 ML	GLUCOSIO (DESTROSIO) MONOIDRATO	GLUCOSIO (DESTROSIO) MONOIDRATO	5	percent	Soluzione per infusione	B05CX01	MONICO S.P.A.	Autorizzata	Procedura Nazionale	Medicinali soggetti a prescrizione medica limitativa, utilizzabili esclusivamente in ambiente ospedaliero o in una struttura ad esso assimilabile
036709071	036709	GLUCOSIO MONICO	5 % SOLUZIONE PER INFUSIONE - 20 SACCHE 250 ML	GLUCOSIO (DESTROSIO) MONOIDRATO	GLUCOSIO (DESTROSIO) MONOIDRATO	5	percent	Soluzione per infusione	B05CX01	MONICO S.P.A.	Autorizzata	Procedura Nazionale	Medicinali soggetti a prescrizione medica limitativa, utilizzabili esclusivamente in ambiente ospedaliero o in una struttura ad esso assimilabile
036709083	036709	GLUCOSIO MONICO	5 % SOLUZIONE PER INFUSIONE - 20 SACCHE 500 ML	GLUCOSIO (DESTROSIO) MONOIDRATO	GLUCOSIO (DESTROSIO) MONOIDRATO	5	percent	Soluzione per infusione	B05CX01	MONICO S.P.A.	Autorizzata	Procedura Nazionale	Medicinali soggetti a prescrizione medica limitativa, utilizzabili esclusivamente in ambiente ospedaliero o in una struttura ad esso assimilabile
036709095	036709	GLUCOSIO MONICO	5 % SOLUZIONE PER INFUSIONE - 12 SACCHE 1000 ML	GLUCOSIO (DESTROSIO) MONOIDRATO	GLUCOSIO (DESTROSIO) MONOIDRATO	5	percent	Soluzione per infusione	B05CX01	MONICO S.P.A.	Autorizzata	Procedura Nazionale	Medicinali soggetti a prescrizione medica limitativa, utilizzabili esclusivamente in ambiente ospedaliero o in una struttura ad esso assimilabile
036709107	036709	GLUCOSIO MONICO	10 % SOLUZIONE PER INFUSIONE - 30 FLACONI 100 ML	GLUCOSIO (DESTROSIO) MONOIDRATO	GLUCOSIO (DESTROSIO) MONOIDRATO	5	percent	Soluzione per infusione	B05BA03	MONICO S.P.A.	Autorizzata	Procedura Nazionale	Medicinali soggetti a prescrizione medica limitativa, utilizzabili esclusivamente in ambiente ospedaliero o in una struttura ad esso assimilabile
036709119	036709	GLUCOSIO MONICO	10 % SOLUZIONE PER INFUSIONE - 20 FLACONI 250 ML	GLUCOSIO (DESTROSIO) MONOIDRATO	GLUCOSIO (DESTROSIO) MONOIDRATO	5	percent	Soluzione per infusione	B05BA03	MONICO S.P.A.	Autorizzata	Procedura Nazionale	Medicinali soggetti a prescrizione medica limitativa, utilizzabili esclusivamente in ambiente ospedaliero o in una struttura ad esso assimilabile
036709121	036709	GLUCOSIO MONICO	10 % SOLUZIONE PER INFUSIONE - 12 FLACONI 500 ML	GLUCOSIO (DESTROSIO) MONOIDRATO	GLUCOSIO (DESTROSIO) MONOIDRATO	5	percent	Soluzione per infusione	B05BA03	MONICO S.P.A.	Autorizzata	Procedura Nazionale	Medicinali soggetti a prescrizione medica limitativa, utilizzabili esclusivamente in ambiente ospedaliero o in una struttura ad esso assimilabile
036709133	036709	GLUCOSIO MONICO	10 % SOLUZIONE PER INFUSIONE - 20 FLACONI 500 ML	GLUCOSIO (DESTROSIO) MONOIDRATO	GLUCOSIO (DESTROSIO) MONOIDRATO	5	percent	Soluzione per infusione	B05BA03	MONICO S.P.A.	Autorizzata	Procedura Nazionale	Medicinali soggetti a prescrizione medica limitativa, utilizzabili esclusivamente in ambiente ospedaliero o in una struttura ad esso assimilabile
036709145	036709	GLUCOSIO MONICO	10 % SOLUZIONE PER INFUSIONE - 6 FLACONI 1000 ML	GLUCOSIO (DESTROSIO) MONOIDRATO	GLUCOSIO (DESTROSIO) MONOIDRATO	5	percent	Soluzione per infusione	B05BA03	MONICO S.P.A.	Autorizzata	Procedura Nazionale	Medicinali soggetti a prescrizione medica limitativa, utilizzabili esclusivamente in ambiente ospedaliero o in una struttura ad esso assimilabile
036709158	036709	GLUCOSIO MONICO	10 % SOLUZIONE PER INFUSIONE - 12 FLACONI 1000 ML	GLUCOSIO (DESTROSIO) MONOIDRATO	GLUCOSIO (DESTROSIO) MONOIDRATO	5	percent	Soluzione per infusione	B05BA03	MONICO S.P.A.	Autorizzata	Procedura Nazionale	Medicinali soggetti a prescrizione medica limitativa, utilizzabili esclusivamente in ambiente ospedaliero o in una struttura ad esso assimilabile
036709160	036709	GLUCOSIO MONICO	10 % SOLUZIONE PER INFUSIONE - 50 SACCHE 100 ML	GLUCOSIO (DESTROSIO) MONOIDRATO	GLUCOSIO (DESTROSIO) MONOIDRATO	5	percent	Soluzione per infusione	B05BA03	MONICO S.P.A.	Autorizzata	Procedura Nazionale	Medicinali soggetti a prescrizione medica limitativa, utilizzabili esclusivamente in ambiente ospedaliero o in una struttura ad esso assimilabile
036709172	036709	GLUCOSIO MONICO	10 % SOLUZIONE PER INFUSIONE - 20 SACCHE 250 ML	GLUCOSIO (DESTROSIO) MONOIDRATO	GLUCOSIO (DESTROSIO) MONOIDRATO	5	percent	Soluzione per infusione	B05BA03	MONICO S.P.A.	Autorizzata	Procedura Nazionale	Medicinali soggetti a prescrizione medica limitativa, utilizzabili esclusivamente in ambiente ospedaliero o in una struttura ad esso assimilabile
036709184	036709	GLUCOSIO MONICO	10 % SOLUZIONE PER INFUSIONE - 20 SACCHE 500 ML	GLUCOSIO (DESTROSIO) MONOIDRATO	GLUCOSIO (DESTROSIO) MONOIDRATO	5	percent	Soluzione per infusione	B05BA03	MONICO S.P.A.	Autorizzata	Procedura Nazionale	Medicinali soggetti a prescrizione medica limitativa, utilizzabili esclusivamente in ambiente ospedaliero o in una struttura ad esso assimilabile
036709196	036709	GLUCOSIO MONICO	10 % SOLUZIONE PER INFUSIONE - 12 SACCHE 1000 ML	GLUCOSIO (DESTROSIO) MONOIDRATO	GLUCOSIO (DESTROSIO) MONOIDRATO	5	percent	Soluzione per infusione	B05BA03	MONICO S.P.A.	Autorizzata	Procedura Nazionale	Medicinali soggetti a prescrizione medica limitativa, utilizzabili esclusivamente in ambiente ospedaliero o in una struttura ad esso assimilabile
036709208	036709	GLUCOSIO MONICO	20 % SOLUZIONE PER INFUSIONE - 30 FLACONI 100 ML	GLUCOSIO (DESTROSIO) MONOIDRATO	GLUCOSIO (DESTROSIO) MONOIDRATO	5	percent	Soluzione per infusione	B05BA03	MONICO S.P.A.	Autorizzata	Procedura Nazionale	Medicinali soggetti a prescrizione medica limitativa, utilizzabili esclusivamente in ambiente ospedaliero o in una struttura ad esso assimilabile
036709210	036709	GLUCOSIO MONICO	20 % SOLUZIONE PER INFUSIONE - 20 FLACONI 250 ML	GLUCOSIO (DESTROSIO) MONOIDRATO	GLUCOSIO (DESTROSIO) MONOIDRATO	5	percent	Soluzione per infusione	B05BA03	MONICO S.P.A.	Autorizzata	Procedura Nazionale	Medicinali soggetti a prescrizione medica limitativa, utilizzabili esclusivamente in ambiente ospedaliero o in una struttura ad esso assimilabile
036709222	036709	GLUCOSIO MONICO	20 % SOLUZIONE PER INFUSIONE - 12 FLACONI 500 ML	GLUCOSIO (DESTROSIO) MONOIDRATO	GLUCOSIO (DESTROSIO) MONOIDRATO	5	percent	Soluzione per infusione	B05BA03	MONICO S.P.A.	Autorizzata	Procedura Nazionale	Medicinali soggetti a prescrizione medica limitativa, utilizzabili esclusivamente in ambiente ospedaliero o in una struttura ad esso assimilabile
036709234	036709	GLUCOSIO MONICO	20 % SOLUZIONE PER INFUSIONE - 20 FLACONI 500 ML	GLUCOSIO (DESTROSIO) MONOIDRATO	GLUCOSIO (DESTROSIO) MONOIDRATO	5	percent	Soluzione per infusione	B05BA03	MONICO S.P.A.	Autorizzata	Procedura Nazionale	Medicinali soggetti a prescrizione medica limitativa, utilizzabili esclusivamente in ambiente ospedaliero o in una struttura ad esso assimilabile
036709246	036709	GLUCOSIO MONICO	20 % SOLUZIONE PER INFUSIONE - 6 FLACONI 1000 ML	GLUCOSIO (DESTROSIO) MONOIDRATO	GLUCOSIO (DESTROSIO) MONOIDRATO	5	percent	Soluzione per infusione	B05BA03	MONICO S.P.A.	Autorizzata	Procedura Nazionale	Medicinali soggetti a prescrizione medica limitativa, utilizzabili esclusivamente in ambiente ospedaliero o in una struttura ad esso assimilabile
036709259	036709	GLUCOSIO MONICO	20 % SOLUZIONE PER INFUSIONE - 12 FLACONI 1000 ML	GLUCOSIO (DESTROSIO) MONOIDRATO	GLUCOSIO (DESTROSIO) MONOIDRATO	5	percent	Soluzione per infusione	B05BA03	MONICO S.P.A.	Autorizzata	Procedura Nazionale	Medicinali soggetti a prescrizione medica limitativa, utilizzabili esclusivamente in ambiente ospedaliero o in una struttura ad esso assimilabile
036709261	036709	GLUCOSIO MONICO	20 % SOLUZIONE PER INFUSIONE - 50 SACCHE 100 ML	GLUCOSIO (DESTROSIO) MONOIDRATO	GLUCOSIO (DESTROSIO) MONOIDRATO	5	percent	Soluzione per infusione	B05BA03	MONICO S.P.A.	Autorizzata	Procedura Nazionale	Medicinali soggetti a prescrizione medica limitativa, utilizzabili esclusivamente in ambiente ospedaliero o in una struttura ad esso assimilabile
036709273	036709	GLUCOSIO MONICO	20 % SOLUZIONE PER INFUSIONE - 20 SACCHE 250 ML	GLUCOSIO (DESTROSIO) MONOIDRATO	GLUCOSIO (DESTROSIO) MONOIDRATO	5	percent	Soluzione per infusione	B05BA03	MONICO S.P.A.	Autorizzata	Procedura Nazionale	Medicinali soggetti a prescrizione medica limitativa, utilizzabili esclusivamente in ambiente ospedaliero o in una struttura ad esso assimilabile
036709285	036709	GLUCOSIO MONICO	20 % SOLUZIONE PER INFUSIONE - 20 SACCHE 500 ML	GLUCOSIO (DESTROSIO) MONOIDRATO	GLUCOSIO (DESTROSIO) MONOIDRATO	5	percent	Soluzione per infusione	B05BA03	MONICO S.P.A.	Autorizzata	Procedura Nazionale	Medicinali soggetti a prescrizione medica limitativa, utilizzabili esclusivamente in ambiente ospedaliero o in una struttura ad esso assimilabile
036709297	036709	GLUCOSIO MONICO	20 % SOLUZIONE PER INFUSIONE - 12 SACCHE 1000 ML	GLUCOSIO (DESTROSIO) MONOIDRATO	GLUCOSIO (DESTROSIO) MONOIDRATO	5	percent	Soluzione per infusione	B05BA03	MONICO S.P.A.	Autorizzata	Procedura Nazionale	Medicinali soggetti a prescrizione medica limitativa, utilizzabili esclusivamente in ambiente ospedaliero o in una struttura ad esso assimilabile
036709309	036709	GLUCOSIO MONICO	33 % SOLUZIONE PER INFUSIONE - 30 FLACONI 100 ML	GLUCOSIO (DESTROSIO) MONOIDRATO	GLUCOSIO (DESTROSIO) MONOIDRATO	5	percent	Soluzione per infusione	B05BA03	MONICO S.P.A.	Autorizzata	Procedura Nazionale	Medicinali soggetti a prescrizione medica limitativa, utilizzabili esclusivamente in ambiente ospedaliero o in una struttura ad esso assimilabile
036709311	036709	GLUCOSIO MONICO	33 % SOLUZIONE PER INFUSIONE - 20 FLACONI 250 ML	GLUCOSIO (DESTROSIO) MONOIDRATO	GLUCOSIO (DESTROSIO) MONOIDRATO	5	percent	Soluzione per infusione	B05BA03	MONICO S.P.A.	Autorizzata	Procedura Nazionale	Medicinali soggetti a prescrizione medica limitativa, utilizzabili esclusivamente in ambiente ospedaliero o in una struttura ad esso assimilabile
036709323	036709	GLUCOSIO MONICO	33 % SOLUZIONE PER INFUSIONE - 12 FLACONI 500 ML	GLUCOSIO (DESTROSIO) MONOIDRATO	GLUCOSIO (DESTROSIO) MONOIDRATO	5	percent	Soluzione per infusione	B05BA03	MONICO S.P.A.	Autorizzata	Procedura Nazionale	Medicinali soggetti a prescrizione medica limitativa, utilizzabili esclusivamente in ambiente ospedaliero o in una struttura ad esso assimilabile
036709335	036709	GLUCOSIO MONICO	33 % SOLUZIONE PER INFUSIONE - 20 FLACONI 500 ML	GLUCOSIO (DESTROSIO) MONOIDRATO	GLUCOSIO (DESTROSIO) MONOIDRATO	5	percent	Soluzione per infusione	B05BA03	MONICO S.P.A.	Autorizzata	Procedura Nazionale	Medicinali soggetti a prescrizione medica limitativa, utilizzabili esclusivamente in ambiente ospedaliero o in una struttura ad esso assimilabile
036709347	036709	GLUCOSIO MONICO	33 % SOLUZIONE PER INFUSIONE - 6 FLACONI 1000 ML	GLUCOSIO (DESTROSIO) MONOIDRATO	GLUCOSIO (DESTROSIO) MONOIDRATO	5	percent	Soluzione per infusione	B05BA03	MONICO S.P.A.	Autorizzata	Procedura Nazionale	Medicinali soggetti a prescrizione medica limitativa, utilizzabili esclusivamente in ambiente ospedaliero o in una struttura ad esso assimilabile
036709350	036709	GLUCOSIO MONICO	33 % SOLUZIONE PER INFUSIONE - 12 FLACONI 1000 ML	GLUCOSIO (DESTROSIO) MONOIDRATO	GLUCOSIO (DESTROSIO) MONOIDRATO	5	percent	Soluzione per infusione	B05BA03	MONICO S.P.A.	Autorizzata	Procedura Nazionale	Medicinali soggetti a prescrizione medica limitativa, utilizzabili esclusivamente in ambiente ospedaliero o in una struttura ad esso assimilabile
036709362	036709	GLUCOSIO MONICO	33 % SOLUZIONE PER INFUSIONE - 50 SACCHE 100 ML	GLUCOSIO (DESTROSIO) MONOIDRATO	GLUCOSIO (DESTROSIO) MONOIDRATO	5	percent	Soluzione per infusione	B05BA03	MONICO S.P.A.	Autorizzata	Procedura Nazionale	Medicinali soggetti a prescrizione medica limitativa, utilizzabili esclusivamente in ambiente ospedaliero o in una struttura ad esso assimilabile
036709374	036709	GLUCOSIO MONICO	33 % SOLUZIONE PER INFUSIONE - 20 SACCHE 250 ML	GLUCOSIO (DESTROSIO) MONOIDRATO	GLUCOSIO (DESTROSIO) MONOIDRATO	5	percent	Soluzione per infusione	B05BA03	MONICO S.P.A.	Autorizzata	Procedura Nazionale	Medicinali soggetti a prescrizione medica limitativa, utilizzabili esclusivamente in ambiente ospedaliero o in una struttura ad esso assimilabile
036709386	036709	GLUCOSIO MONICO	33 % SOLUZIONE PER INFUSIONE - 20 SACCHE 500 ML	GLUCOSIO (DESTROSIO) MONOIDRATO	GLUCOSIO (DESTROSIO) MONOIDRATO	5	percent	Soluzione per infusione	B05BA03	MONICO S.P.A.	Autorizzata	Procedura Nazionale	Medicinali soggetti a prescrizione medica limitativa, utilizzabili esclusivamente in ambiente ospedaliero o in una struttura ad esso assimilabile
036709398	036709	GLUCOSIO MONICO	33 % SOLUZIONE PER INFUSIONE - 12 SACCHE 1000 ML	GLUCOSIO (DESTROSIO) MONOIDRATO	GLUCOSIO (DESTROSIO) MONOIDRATO	5	percent	Soluzione per infusione	B05BA03	MONICO S.P.A.	Autorizzata	Procedura Nazionale	Medicinali soggetti a prescrizione medica limitativa, utilizzabili esclusivamente in ambiente ospedaliero o in una struttura ad esso assimilabile
036709400	036709	GLUCOSIO MONICO	50 % SOLUZIONE PER INFUSIONE - 30 FLACONI 100 ML	GLUCOSIO (DESTROSIO) MONOIDRATO	GLUCOSIO (DESTROSIO) MONOIDRATO	5	percent	Soluzione per infusione	B05BA03	MONICO S.P.A.	Autorizzata	Procedura Nazionale	Medicinali soggetti a prescrizione medica limitativa, utilizzabili esclusivamente in ambiente ospedaliero o in una struttura ad esso assimilabile
036709412	036709	GLUCOSIO MONICO	50 % SOLUZIONE PER INFUSIONE - 20 FLACONI 250 ML	GLUCOSIO (DESTROSIO) MONOIDRATO	GLUCOSIO (DESTROSIO) MONOIDRATO	5	percent	Soluzione per infusione	B05BA03	MONICO S.P.A.	Autorizzata	Procedura Nazionale	Medicinali soggetti a prescrizione medica limitativa, utilizzabili esclusivamente in ambiente ospedaliero o in una struttura ad esso assimilabile
036709424	036709	GLUCOSIO MONICO	50 % SOLUZIONE PER INFUSIONE - 12 FLACONI 500 ML	GLUCOSIO (DESTROSIO) MONOIDRATO	GLUCOSIO (DESTROSIO) MONOIDRATO	5	percent	Soluzione per infusione	B05BA03	MONICO S.P.A.	Autorizzata	Procedura Nazionale	Medicinali soggetti a prescrizione medica limitativa, utilizzabili esclusivamente in ambiente ospedaliero o in una struttura ad esso assimilabile
036709436	036709	GLUCOSIO MONICO	50 % SOLUZIONE PER INFUSIONE - 20 FLACONI 500 ML	GLUCOSIO (DESTROSIO) MONOIDRATO	GLUCOSIO (DESTROSIO) MONOIDRATO	5	percent	Soluzione per infusione	B05BA03	MONICO S.P.A.	Autorizzata	Procedura Nazionale	Medicinali soggetti a prescrizione medica limitativa, utilizzabili esclusivamente in ambiente ospedaliero o in una struttura ad esso assimilabile
036709448	036709	GLUCOSIO MONICO	50 % SOLUZIONE PER INFUSIONE - 6 FLACONI 1000 ML	GLUCOSIO (DESTROSIO) MONOIDRATO	GLUCOSIO (DESTROSIO) MONOIDRATO	5	percent	Soluzione per infusione	B05BA03	MONICO S.P.A.	Autorizzata	Procedura Nazionale	Medicinali soggetti a prescrizione medica limitativa, utilizzabili esclusivamente in ambiente ospedaliero o in una struttura ad esso assimilabile
036709451	036709	GLUCOSIO MONICO	50 % SOLUZIONE PER INFUSIONE - 12 FLACONI 1000 ML	GLUCOSIO (DESTROSIO) MONOIDRATO	GLUCOSIO (DESTROSIO) MONOIDRATO	5	percent	Soluzione per infusione	B05BA03	MONICO S.P.A.	Autorizzata	Procedura Nazionale	Medicinali soggetti a prescrizione medica limitativa, utilizzabili esclusivamente in ambiente ospedaliero o in una struttura ad esso assimilabile
036709463	036709	GLUCOSIO MONICO	50 % SOLUZIONE PER INFUSIONE - 50 SACCHE 100 ML	GLUCOSIO (DESTROSIO) MONOIDRATO	GLUCOSIO (DESTROSIO) MONOIDRATO	5	percent	Soluzione per infusione	B05BA03	MONICO S.P.A.	Autorizzata	Procedura Nazionale	Medicinali soggetti a prescrizione medica limitativa, utilizzabili esclusivamente in ambiente ospedaliero o in una struttura ad esso assimilabile
036709475	036709	GLUCOSIO MONICO	50 % SOLUZIONE PER INFUSIONE - 20 SACCHE 250 ML	GLUCOSIO (DESTROSIO) MONOIDRATO	GLUCOSIO (DESTROSIO) MONOIDRATO	5	percent	Soluzione per infusione	B05BA03	MONICO S.P.A.	Autorizzata	Procedura Nazionale	Medicinali soggetti a prescrizione medica limitativa, utilizzabili esclusivamente in ambiente ospedaliero o in una struttura ad esso assimilabile
036709487	036709	GLUCOSIO MONICO	50 % SOLUZIONE PER INFUSIONE - 20 SACCHE 500 ML	GLUCOSIO (DESTROSIO) MONOIDRATO	GLUCOSIO (DESTROSIO) MONOIDRATO	5	percent	Soluzione per infusione	B05BA03	MONICO S.P.A.	Autorizzata	Procedura Nazionale	Medicinali soggetti a prescrizione medica limitativa, utilizzabili esclusivamente in ambiente ospedaliero o in una struttura ad esso assimilabile
036709499	036709	GLUCOSIO MONICO	50 % SOLUZIONE PER INFUSIONE - 12 SACCHE 1000 ML	GLUCOSIO (DESTROSIO) MONOIDRATO	GLUCOSIO (DESTROSIO) MONOIDRATO	5	percent	Soluzione per infusione	B05BA03	MONICO S.P.A.	Autorizzata	Procedura Nazionale	Medicinali soggetti a prescrizione medica limitativa, utilizzabili esclusivamente in ambiente ospedaliero o in una struttura ad esso assimilabile
036709501	036709	GLUCOSIO MONICO	50 % SOLUZIONE PER INFUSIONE - 6 FLACONI 500 ML IN 1000 ML	GLUCOSIO (DESTROSIO) MONOIDRATO	GLUCOSIO (DESTROSIO) MONOIDRATO	5	percent	Soluzione per infusione	B05BA03	MONICO S.P.A.	Autorizzata	Procedura Nazionale	Medicinali soggetti a prescrizione medica limitativa, utilizzabili esclusivamente in ambiente ospedaliero o in una struttura ad esso assimilabile
036709513	036709	GLUCOSIO MONICO	50 % SOLUZIONE PER INFUSIONE - 12 FLACONI500 ML IN 1000 ML	GLUCOSIO (DESTROSIO) MONOIDRATO	GLUCOSIO (DESTROSIO) MONOIDRATO	5	percent	Soluzione per infusione	B05BA03	MONICO S.P.A.	Autorizzata	Procedura Nazionale	Medicinali soggetti a prescrizione medica limitativa, utilizzabili esclusivamente in ambiente ospedaliero o in una struttura ad esso assimilabile
036709525	036709	GLUCOSIO MONICO	70 % SOLUZIONE PER INFUSIONE - 6 FLACONI 500 ML IN 1000 ML	GLUCOSIO (DESTROSIO) MONOIDRATO	GLUCOSIO (DESTROSIO) MONOIDRATO	5	percent	Soluzione per infusione	B05BA03	MONICO S.P.A.	Autorizzata	Procedura Nazionale	Medicinali soggetti a prescrizione medica limitativa, utilizzabili esclusivamente in ambiente ospedaliero o in una struttura ad esso assimilabile
036709537	036709	GLUCOSIO MONICO	70 % SOLUZIONE PER INFUSIONE - 12 FLACONI 500 ML IN 1000 ML	GLUCOSIO (DESTROSIO) MONOIDRATO	GLUCOSIO (DESTROSIO) MONOIDRATO	5	percent	Soluzione per infusione	B05BA03	MONICO S.P.A.	Autorizzata	Procedura Nazionale	Medicinali soggetti a prescrizione medica limitativa, utilizzabili esclusivamente in ambiente ospedaliero o in una struttura ad esso assimilabile
036709549	036709	GLUCOSIO MONICO	70 % SOLUZIONE PER INFUSIONE - 30 FLACONI 100 ML	GLUCOSIO (DESTROSIO) MONOIDRATO	GLUCOSIO (DESTROSIO) MONOIDRATO	5	percent	Soluzione per infusione	B05BA03	MONICO S.P.A.	Autorizzata	Procedura Nazionale	Medicinali soggetti a prescrizione medica limitativa, utilizzabili esclusivamente in ambiente ospedaliero o in una struttura ad esso assimilabile
036709552	036709	GLUCOSIO MONICO	70 % SOLUZIONE PER INFUSIONE - 20 FLACONI 250 ML	GLUCOSIO (DESTROSIO) MONOIDRATO	GLUCOSIO (DESTROSIO) MONOIDRATO	5	percent	Soluzione per infusione	B05BA03	MONICO S.P.A.	Autorizzata	Procedura Nazionale	Medicinali soggetti a prescrizione medica limitativa, utilizzabili esclusivamente in ambiente ospedaliero o in una struttura ad esso assimilabile
036709564	036709	GLUCOSIO MONICO	70 % SOLUZIONE PER INFUSIONE - 12 FLACONI 500 ML	GLUCOSIO (DESTROSIO) MONOIDRATO	GLUCOSIO (DESTROSIO) MONOIDRATO	5	percent	Soluzione per infusione	B05BA03	MONICO S.P.A.	Autorizzata	Procedura Nazionale	Medicinali soggetti a prescrizione medica limitativa, utilizzabili esclusivamente in ambiente ospedaliero o in una struttura ad esso assimilabile
036709576	036709	GLUCOSIO MONICO	70 % SOLUZIONE PER INFUSIONE - 20 FLACONI 500 ML	GLUCOSIO (DESTROSIO) MONOIDRATO	GLUCOSIO (DESTROSIO) MONOIDRATO	5	percent	Soluzione per infusione	B05BA03	MONICO S.P.A.	Autorizzata	Procedura Nazionale	Medicinali soggetti a prescrizione medica limitativa, utilizzabili esclusivamente in ambiente ospedaliero o in una struttura ad esso assimilabile
036709588	036709	GLUCOSIO MONICO	70 % SOLUZIONE PER INFUSIONE - 6 FLACONI 1000 ML	GLUCOSIO (DESTROSIO) MONOIDRATO	GLUCOSIO (DESTROSIO) MONOIDRATO	5	percent	Soluzione per infusione	B05BA03	MONICO S.P.A.	Autorizzata	Procedura Nazionale	Medicinali soggetti a prescrizione medica limitativa, utilizzabili esclusivamente in ambiente ospedaliero o in una struttura ad esso assimilabile
036709590	036709	GLUCOSIO MONICO	70 % SOLUZIONE PER INFUSIONE - 12 FLACONI 1000 ML	GLUCOSIO (DESTROSIO) MONOIDRATO	GLUCOSIO (DESTROSIO) MONOIDRATO	5	percent	Soluzione per infusione	B05BA03	MONICO S.P.A.	Autorizzata	Procedura Nazionale	Medicinali soggetti a prescrizione medica limitativa, utilizzabili esclusivamente in ambiente ospedaliero o in una struttura ad esso assimilabile
036709602	036709	GLUCOSIO MONICO	70 % SOLUZIONE PER INFUSIONE - 50 SACCHE 100 ML	GLUCOSIO (DESTROSIO) MONOIDRATO	GLUCOSIO (DESTROSIO) MONOIDRATO	5	percent	Soluzione per infusione	B05BA03	MONICO S.P.A.	Autorizzata	Procedura Nazionale	Medicinali soggetti a prescrizione medica limitativa, utilizzabili esclusivamente in ambiente ospedaliero o in una struttura ad esso assimilabile
036709614	036709	GLUCOSIO MONICO	70 % SOLUZIONE PER INFUSIONE - 20 SACCHE 250 ML	GLUCOSIO (DESTROSIO) MONOIDRATO	GLUCOSIO (DESTROSIO) MONOIDRATO	5	percent	Soluzione per infusione	B05BA03	MONICO S.P.A.	Autorizzata	Procedura Nazionale	Medicinali soggetti a prescrizione medica limitativa, utilizzabili esclusivamente in ambiente ospedaliero o in una struttura ad esso assimilabile
036709626	036709	GLUCOSIO MONICO	70 % SOLUZIONE PER INFUSIONE - 20 SACCHE 500 ML	GLUCOSIO (DESTROSIO) MONOIDRATO	GLUCOSIO (DESTROSIO) MONOIDRATO	5	percent	Soluzione per infusione	B05BA03	MONICO S.P.A.	Autorizzata	Procedura Nazionale	Medicinali soggetti a prescrizione medica limitativa, utilizzabili esclusivamente in ambiente ospedaliero o in una struttura ad esso assimilabile
036709638	036709	GLUCOSIO MONICO	70 % SOLUZIONE PER INFUSIONE - 12 SACCHE 1000 ML	GLUCOSIO (DESTROSIO) MONOIDRATO	GLUCOSIO (DESTROSIO) MONOIDRATO	5	percent	Soluzione per infusione	B05BA03	MONICO S.P.A.	Autorizzata	Procedura Nazionale	Medicinali soggetti a prescrizione medica limitativa, utilizzabili esclusivamente in ambiente ospedaliero o in una struttura ad esso assimilabile
036709640	036709	GLUCOSIO MONICO	50% SOLUZIONE PER INFUSIONE- 1 SACCA IN PP DA 3000 ML	GLUCOSIO (DESTROSIO) MONOIDRATO	GLUCOSIO (DESTROSIO) MONOIDRATO	5	percent	Soluzione per infusione	B05BA03	MONICO S.P.A.	Autorizzata	Procedura Nazionale	Medicinali soggetti a prescrizione medica limitativa, utilizzabili esclusivamente in ambiente ospedaliero o in una struttura ad esso assimilabile
038129019	038129	GLUCOSIO GALENICA SENESE	5 % SOLUZIONE PER INFUSIONE- FLACONCINO IN PP DA 500 ML	GLUCOSIO (DESTROSIO) MONOIDRATO	GLUCOSIO (DESTROSIO) MONOIDRATO	55	grammi	Soluzione per infusione	B05BA03	INDUSTRIA FARMACEUTICA GALENICA SENESE S.R.L.	Autorizzata	Procedura Nazionale	Medicinali soggetti a prescrizione medica
038129021	038129	GLUCOSIO GALENICA SENESE	5% SOLUZIONE PER INFUSIONE- 20 FLACONCINI IN PP DA 500 ML	GLUCOSIO (DESTROSIO) MONOIDRATO	GLUCOSIO (DESTROSIO) MONOIDRATO	55	grammi	Soluzione per infusione	B05BA03	INDUSTRIA FARMACEUTICA GALENICA SENESE S.R.L.	Autorizzata	Procedura Nazionale	Medicinali soggetti a prescrizione medica limitativa, utilizzabili esclusivamente in ambiente ospedaliero o in una struttura ad esso assimilabile
038129033	038129	GLUCOSIO GALENICA SENESE	10 % SOLUZIONE INIETTABILE- 10 FIALE DA 20 ML	GLUCOSIO (DESTROSIO) MONOIDRATO	GLUCOSIO (DESTROSIO) MONOIDRATO	10	percent	Soluzione per infusione	B05CX01	INDUSTRIA FARMACEUTICA GALENICA SENESE S.R.L.	Autorizzata	Procedura Nazionale	Medicinali soggetti a prescrizione medica
038129045	038129	GLUCOSIO GALENICA SENESE	10 % SOLUZIONE INIETTABILE- 10 FIALE DA 10 ML	GLUCOSIO (DESTROSIO) MONOIDRATO	GLUCOSIO (DESTROSIO) MONOIDRATO	10	percent	Soluzione per infusione	B05CX01	INDUSTRIA FARMACEUTICA GALENICA SENESE S.R.L.	Autorizzata	Procedura Nazionale	Medicinali soggetti a prescrizione medica
038129058	038129	GLUCOSIO GALENICA SENESE	5 % SOLUZIONE INIETTABILE- 10 FIALE DA 10 ML	GLUCOSIO (DESTROSIO) MONOIDRATO	GLUCOSIO (DESTROSIO) MONOIDRATO	55	grammi	Soluzione per infusione	B05BA03	INDUSTRIA FARMACEUTICA GALENICA SENESE S.R.L.	Autorizzata	Procedura Nazionale	Medicinali soggetti a prescrizione medica
038129060	038129	GLUCOSIO GALENICA SENESE	5 % SOLUZIONE INIETTABILE- 10 FIALE DA 20 ML	GLUCOSIO (DESTROSIO) MONOIDRATO	GLUCOSIO (DESTROSIO) MONOIDRATO	55	grammi	Soluzione per infusione	B05BA03	INDUSTRIA FARMACEUTICA GALENICA SENESE S.R.L.	Autorizzata	Procedura Nazionale	Medicinali soggetti a prescrizione medica
038129072	038129	GLUCOSIO GALENICA SENESE	20 % SOLUZIONE INIETTABILE- 10 FIALE DA 10 ML	GLUCOSIO (DESTROSIO) MONOIDRATO	GLUCOSIO (DESTROSIO) MONOIDRATO	20	percent	Soluzione per infusione	B05BA03	INDUSTRIA FARMACEUTICA GALENICA SENESE S.R.L.	Autorizzata	Procedura Nazionale	Medicinali soggetti a prescrizione medica
038129084	038129	GLUCOSIO GALENICA SENESE	33 % SOLUZIONE INIETTABILE- 10 FIALE DA 10 ML	GLUCOSIO (DESTROSIO) MONOIDRATO	GLUCOSIO (DESTROSIO) MONOIDRATO	33	percent	Soluzione per infusione	B05BA03	INDUSTRIA FARMACEUTICA GALENICA SENESE S.R.L.	Autorizzata	Procedura Nazionale	Medicinali soggetti a prescrizione medica limitativa, utilizzabili esclusivamente in ambiente ospedaliero o in una struttura ad esso assimilabile
038129096	038129	GLUCOSIO GALENICA SENESE	33 % SOLUZIONE INIETTABILE- 10 FIALE DA 5 ML	GLUCOSIO (DESTROSIO) MONOIDRATO	GLUCOSIO (DESTROSIO) MONOIDRATO	33	percent	Soluzione per infusione	B05BA03	INDUSTRIA FARMACEUTICA GALENICA SENESE S.R.L.	Autorizzata	Procedura Nazionale	Medicinali soggetti a prescrizione medica limitativa, utilizzabili esclusivamente in ambiente ospedaliero o in una struttura ad esso assimilabile
040258016	040258	GLUCOSIO BAXTER	10%  SOLUZIONE PER INFUSIONE- 30 SACCHE VIAFLO DA 250 ML	GLUCOSIO (DESTROSIO) MONOIDRATO	GLUCOSIO (DESTROSIO) MONOIDRATO	10	percent	Soluzione per infusione	B05BA03	BAXTER S.P.A.	Autorizzata	Procedura Mutuo riconoscimento o Decentrata	Medicinali soggetti a prescrizione medica limitativa, utilizzabili esclusivamente in ambiente ospedaliero o in una struttura ad esso assimilabile
040258028	040258	GLUCOSIO BAXTER	10%  SOLUZIONE PER INFUSIONE- 36 SACCHE VIAFLO DA 250 ML	GLUCOSIO (DESTROSIO) MONOIDRATO	GLUCOSIO (DESTROSIO) MONOIDRATO	10	percent	Soluzione per infusione	B05BA03	BAXTER S.P.A.	Autorizzata	Procedura Mutuo riconoscimento o Decentrata	Medicinali soggetti a prescrizione medica limitativa, utilizzabili esclusivamente in ambiente ospedaliero o in una struttura ad esso assimilabile
040258030	040258	GLUCOSIO BAXTER	10%  SOLUZIONE PER INFUSIONE- 20 SACCHE VIAFLO DA 500 ML	GLUCOSIO (DESTROSIO) MONOIDRATO	GLUCOSIO (DESTROSIO) MONOIDRATO	10	percent	Soluzione per infusione	B05BA03	BAXTER S.P.A.	Autorizzata	Procedura Mutuo riconoscimento o Decentrata	Medicinali soggetti a prescrizione medica limitativa, utilizzabili esclusivamente in ambiente ospedaliero o in una struttura ad esso assimilabile
040258042	040258	GLUCOSIO BAXTER	10%  SOLUZIONE PER INFUSIONE- 24 SACCHE VIAFLO DA 500 ML	GLUCOSIO (DESTROSIO) MONOIDRATO	GLUCOSIO (DESTROSIO) MONOIDRATO	10	percent	Soluzione per infusione	B05BA03	BAXTER S.P.A.	Autorizzata	Procedura Mutuo riconoscimento o Decentrata	Medicinali soggetti a prescrizione medica limitativa, utilizzabili esclusivamente in ambiente ospedaliero o in una struttura ad esso assimilabile
040258055	040258	GLUCOSIO BAXTER	10%  SOLUZIONE PER INFUSIONE- 10 SACCHE VIAFLO DA 1000 ML	GLUCOSIO (DESTROSIO) MONOIDRATO	GLUCOSIO (DESTROSIO) MONOIDRATO	10	percent	Soluzione per infusione	B05BA03	BAXTER S.P.A.	Autorizzata	Procedura Mutuo riconoscimento o Decentrata	Medicinali soggetti a prescrizione medica limitativa, utilizzabili esclusivamente in ambiente ospedaliero o in una struttura ad esso assimilabile
040258067	040258	GLUCOSIO BAXTER	10%  SOLUZIONE PER INFUSIONE- 12 SACCHE VIAFLO DA 1000 ML	GLUCOSIO (DESTROSIO) MONOIDRATO	GLUCOSIO (DESTROSIO) MONOIDRATO	10	percent	Soluzione per infusione	B05BA03	BAXTER S.P.A.	Autorizzata	Procedura Mutuo riconoscimento o Decentrata	Medicinali soggetti a prescrizione medica limitativa, utilizzabili esclusivamente in ambiente ospedaliero o in una struttura ad esso assimilabile
040258079	040258	GLUCOSIO BAXTER	10% SOLUZIONE PER INFUSIONE- 1 SACCA VIAFLO DA 250 ML	GLUCOSIO (DESTROSIO) MONOIDRATO	GLUCOSIO (DESTROSIO) MONOIDRATO	10	percent	Soluzione per infusione	B05BA03	BAXTER S.P.A.	Autorizzata	Procedura Mutuo riconoscimento o Decentrata	Medicinali soggetti a prescrizione medica
040258081	040258	GLUCOSIO BAXTER	10% SOLUZIONE PER INFUSIONE- 1 SACCA VIAFLO DA 500 ML	GLUCOSIO (DESTROSIO) MONOIDRATO	GLUCOSIO (DESTROSIO) MONOIDRATO	10	percent	Soluzione per infusione	B05BA03	BAXTER S.P.A.	Autorizzata	Procedura Mutuo riconoscimento o Decentrata	Medicinali soggetti a prescrizione medica
040258093	040258	GLUCOSIO BAXTER	10% SOLUZIONE PER INFUSIONE- 1 SACCA VIAFLO DA 1000 ML	GLUCOSIO (DESTROSIO) MONOIDRATO	GLUCOSIO (DESTROSIO) MONOIDRATO	10	percent	Soluzione per infusione	B05BA03	BAXTER S.P.A.	Autorizzata	Procedura Mutuo riconoscimento o Decentrata	Medicinali soggetti a prescrizione medica
