codice_aic	cod_farmaco	denominazione	descrizione	pa_associati	principio_attivo	quantita	unita_misura	forma	codice_atc	ragione_sociale	stato_amministrativo	tipo_procedura	fornitura
036025017	036025	PLAUNAC	28 COMPRESSE RIVESTITE CON FILM IN BLISTER AL/AL DA  10 MG	OLMESARTAN MEDOXOMIL	OLMESARTAN MEDOXOMIL	10	milligrammi	Compressa rivestita con film	C09CA08	MENARINI INTERNATIONAL OPERATIONS LUXEMBOURG S.A.	Autorizzata	Procedura Mutuo riconoscimento o Decentrata	Medicinali soggetti a prescrizione medica
036025029	036025	PLAUNAC	56 COMPRESSE RIVESTITE CON FILM IN BLISTER AL/AL DA  10 MG	OLMESARTAN MEDOXOMIL	OLMESARTAN MEDOXOMIL			Compressa rivestita con film	C09CA08	MENARINI INTERNATIONAL OPERATIONS LUXEMBOURG S.A.	Autorizzata	Procedura Mutuo riconoscimento o Decentrata	Medicinali soggetti a prescrizione medica
036025031	036025	PLAUNAC	98 COMPRESSE RIVESTITE CON FILM IN BLISTER AL/AL DA  10 MG	OLMESARTAN MEDOXOMIL	OLMESARTAN MEDOXOMIL			Compressa rivestita con film	C09CA08	MENARINI INTERNATIONAL OPERATIONS LUXEMBOURG S.A.	Autorizzata	Procedura Mutuo riconoscimento o Decentrata	Medicinali soggetti a prescrizione medica
036025043	036025	PLAUNAC	28X10 COMPRESSE RIVESTITE CON FILM IN BLISTER AL/AL DA  10 MG	OLMESARTAN MEDOXOMIL	OLMESARTAN MEDOXOMIL			Compressa rivestita con film	C09CA08	MENARINI INTERNATIONAL OPERATIONS LUXEMBOURG S.A.	Autorizzata	Procedura Mutuo riconoscimento o Decentrata	Medicinali soggetti a prescrizione medica
036025056	036025	PLAUNAC	50 COMPRESSE RIVESTITE CON FILM IN BLISTER AL/AL DA  10 MG	OLMESARTAN MEDOXOMIL	OLMESARTAN MEDOXOMIL			Compressa rivestita con film	C09CA08	MENARINI INTERNATIONAL OPERATIONS LUXEMBOURG S.A.	Autorizzata	Procedura Mutuo riconoscimento o Decentrata	Medicinali soggetti a prescrizione medica
036025068	036025	PLAUNAC	28 COMPRESSE RIVESTITE CON FILM IN BLISTER AL/AL DA  20 MG	OLMESARTAN MEDOXOMIL	OLMESARTAN MEDOXOMIL	20	milligrammi	Compressa rivestita con film	C09CA08	MENARINI INTERNATIONAL OPERATIONS LUXEMBOURG S.A.	Autorizzata	Procedura Mutuo riconoscimento o Decentrata	Medicinali soggetti a prescrizione medica
036025070	036025	PLAUNAC	56 COMPRESSE RIVESTITE CON FILM IN BLISTER AL/AL DA  20 MG	OLMESARTAN MEDOXOMIL	OLMESARTAN MEDOXOMIL			Compressa rivestita con film	C09CA08	MENARINI INTERNATIONAL OPERATIONS LUXEMBOURG S.A.	Autorizzata	Procedura Mutuo riconoscimento o Decentrata	Medicinali soggetti a prescrizione medica
036025082	036025	PLAUNAC	98 COMPRESSE RIVESTITE CON FILM IN BLISTER AL/AL DA  20 MG	OLMESARTAN MEDOXOMIL	OLMESARTAN MEDOXOMIL			Compressa rivestita con film	C09CA08	MENARINI INTERNATIONAL OPERATIONS LUXEMBOURG S.A.	Autorizzata	Procedura Mutuo riconoscimento o Decentrata	Medicinali soggetti a prescrizione medica
036025094	036025	PLAUNAC	28X10 COMPRESSE RIVESTITE CON FILM IN BLISTER AL/AL DA  20 MG	OLMESARTAN MEDOXOMIL	OLMESARTAN MEDOXOMIL			Compressa rivestita con film	C09CA08	MENARINI INTERNATIONAL OPERATIONS LUXEMBOURG S.A.	Autorizzata	Procedura Mutuo riconoscimento o Decentrata	Medicinali soggetti a prescrizione medica
036025106	036025	PLAUNAC	50 COMPRESSE RIVESTITE CON FILM IN BLISTER AL/AL DA  20 MG	OLMESARTAN MEDOXOMIL	OLMESARTAN MEDOXOMIL			Compressa rivestita con film	C09CA08	MENARINI INTERNATIONAL OPERATIONS LUXEMBOURG S.A.	Autorizzata	Procedura Mutuo riconoscimento o Decentrata	Medicinali soggetti a prescrizione medica
036025118	036025	PLAUNAC	28 COMPRESSE RIVESTITE CON FILM IN BLISTER AL/AL DA  40 MG	OLMESARTAN MEDOXOMIL	OLMESARTAN MEDOXOMIL			Compressa rivestita con film	C09CA08	MENARINI INTERNATIONAL OPERATIONS LUXEMBOURG S.A.	Autorizzata	Procedura Mutuo riconoscimento o Decentrata	Medicinali soggetti a prescrizione medica
036025120	036025	PLAUNAC	56 COMPRESSE RIVESTITE CON FILM IN BLISTER AL/AL DA  40 MG	OLMESARTAN MEDOXOMIL	OLMESARTAN MEDOXOMIL			Compressa rivestita con film	C09CA08	MENARINI INTERNATIONAL OPERATIONS LUXEMBOURG S.A.	Autorizzata	Procedura Mutuo riconoscimento o Decentrata	Medicinali soggetti a prescrizione medica
036025132	036025	PLAUNAC	98 COMPRESSE RIVESTITE CON FILM IN BLISTER AL/AL DA  40 MG	OLMESARTAN MEDOXOMIL	OLMESARTAN MEDOXOMIL			Compressa rivestita con film	C09CA08	MENARINI INTERNATIONAL OPERATIONS LUXEMBOURG S.A.	Autorizzata	Procedura Mutuo riconoscimento o Decentrata	Medicinali soggetti a prescrizione medica
036025144	036025	PLAUNAC	28X10 COMPRESSE RIVESTITE CON FILM IN BLISTER AL/AL DA  40 MG	OLMESARTAN MEDOXOMIL	OLMESARTAN MEDOXOMIL			Compressa rivestita con film	C09CA08	MENARINI INTERNATIONAL OPERATIONS LUXEMBOURG S.A.	Autorizzata	Procedura Mutuo riconoscimento o Decentrata	Medicinali soggetti a prescrizione medica
036025157	036025	PLAUNAC	50 COMPRESSE RIVESTITE CON FILM IN BLISTER AL/AL DA  40 MG	OLMESARTAN MEDOXOMIL	OLMESARTAN MEDOXOMIL			Compressa rivestita con film	C09CA08	MENARINI INTERNATIONAL OPERATIONS LUXEMBOURG S.A.	Autorizzata	Procedura Mutuo riconoscimento o Decentrata	Medicinali soggetti a prescrizione medica
036026019	036026	OLPRESS	28 COMPRESSE RIVESTITE CON FILM IN BLISTER AL/AL DA  10 MG	OLMESARTAN MEDOXOMIL	OLMESARTAN MEDOXOMIL	10	milligrammi	Compressa rivestita con film	C09CA08	MENARINI INTERNATIONAL OPERATIONS LUXEMBOURG S.A.	Autorizzata	Procedura Mutuo riconoscimento o Decentrata	Medicinali soggetti a prescrizione medica
036026021	036026	OLPRESS	56 COMPRESSE RIVESTITE CON FILM IN BLISTER AL/AL DA  10 MG	OLMESARTAN MEDOXOMIL	OLMESARTAN MEDOXOMIL			Compressa rivestita con film	C09CA08	MENARINI INTERNATIONAL OPERATIONS LUXEMBOURG S.A.	Autorizzata	Procedura Mutuo riconoscimento o Decentrata	Medicinali soggetti a prescrizione medica
036026033	036026	OLPRESS	98 COMPRESSE RIVESTITE CON FILM IN BLISTER AL/AL DA  10 MG	OLMESARTAN MEDOXOMIL	OLMESARTAN MEDOXOMIL			Compressa rivestita con film	C09CA08	MENARINI INTERNATIONAL OPERATIONS LUXEMBOURG S.A.	Autorizzata	Procedura Mutuo riconoscimento o Decentrata	Medicinali soggetti a prescrizione medica
036026045	036026	OLPRESS	28X10 COMPRESSE RIVESTITE CON FILM IN BLISTER AL/AL DA  10 MG	OLMESARTAN MEDOXOMIL	OLMESARTAN MEDOXOMIL			Compressa rivestita con film	C09CA08	MENARINI INTERNATIONAL OPERATIONS LUXEMBOURG S.A.	Autorizzata	Procedura Mutuo riconoscimento o Decentrata	Medicinali soggetti a prescrizione medica
036026058	036026	OLPRESS	50 COMPRESSE RIVESTITE CON FILM IN BLISTER AL/AL DA  10 MG	OLMESARTAN MEDOXOMIL	OLMESARTAN MEDOXOMIL			Compressa rivestita con film	C09CA08	MENARINI INTERNATIONAL OPERATIONS LUXEMBOURG S.A.	Autorizzata	Procedura Mutuo riconoscimento o Decentrata	Medicinali soggetti a prescrizione medica
036026060	036026	OLPRESS	28 COMPRESSE RIVESTITE CON FILM IN BLISTER AL/AL DA  20 MG	OLMESARTAN MEDOXOMIL	OLMESARTAN MEDOXOMIL	20	milligrammi	Compressa rivestita con film	C09CA08	MENARINI INTERNATIONAL OPERATIONS LUXEMBOURG S.A.	Autorizzata	Procedura Mutuo riconoscimento o Decentrata	Medicinali soggetti a prescrizione medica
036026072	036026	OLPRESS	56 COMPRESSE RIVESTITE CON FILM IN BLISTER AL/AL DA  20 MG	OLMESARTAN MEDOXOMIL	OLMESARTAN MEDOXOMIL			Compressa rivestita con film	C09CA08	MENARINI INTERNATIONAL OPERATIONS LUXEMBOURG S.A.	Autorizzata	Procedura Mutuo riconoscimento o Decentrata	Medicinali soggetti a prescrizione medica
036026084	036026	OLPRESS	98 COMPRESSE RIVESTITE CON FILM IN BLISTER AL/AL DA  20 MG	OLMESARTAN MEDOXOMIL	OLMESARTAN MEDOXOMIL			Compressa rivestita con film	C09CA08	MENARINI INTERNATIONAL OPERATIONS LUXEMBOURG S.A.	Autorizzata	Procedura Mutuo riconoscimento o Decentrata	Medicinali soggetti a prescrizione medica
036026096	036026	OLPRESS	28X10 COMPRESSE RIVESTITE CON FILM IN BLISTER AL/AL DA  20 MG	OLMESARTAN MEDOXOMIL	OLMESARTAN MEDOXOMIL			Compressa rivestita con film	C09CA08	MENARINI INTERNATIONAL OPERATIONS LUXEMBOURG S.A.	Autorizzata	Procedura Mutuo riconoscimento o Decentrata	Medicinali soggetti a prescrizione medica
036026108	036026	OLPRESS	50 COMPRESSE RIVESTITE CON FILM IN BLISTER AL/AL DA  20 MG	OLMESARTAN MEDOXOMIL	OLMESARTAN MEDOXOMIL			Compressa rivestita con film	C09CA08	MENARINI INTERNATIONAL OPERATIONS LUXEMBOURG S.A.	Autorizzata	Procedura Mutuo riconoscimento o Decentrata	Medicinali soggetti a prescrizione medica
036026110	036026	OLPRESS	28 COMPRESSE RIVESTITE CON FILM IN BLISTER AL/AL DA  40 MG	OLMESARTAN MEDOXOMIL	OLMESARTAN MEDOXOMIL	40	milligrammi	Compressa rivestita con film	C09CA08	MENARINI INTERNATIONAL OPERATIONS LUXEMBOURG S.A.	Autorizzata	Procedura Mutuo riconoscimento o Decentrata	Medicinali soggetti a prescrizione medica
036026122	036026	OLPRESS	56 COMPRESSE RIVESTITE CON FILM IN BLISTER AL/AL DA  40 MG	OLMESARTAN MEDOXOMIL	OLMESARTAN MEDOXOMIL			Compressa rivestita con film	C09CA08	MENARINI INTERNATIONAL OPERATIONS LUXEMBOURG S.A.	Autorizzata	Procedura Mutuo riconoscimento o Decentrata	Medicinali soggetti a prescrizione medica
036026134	036026	OLPRESS	98 COMPRESSE RIVESTITE CON FILM IN BLISTER AL/AL DA  40 MG	OLMESARTAN MEDOXOMIL	OLMESARTAN MEDOXOMIL			Compressa rivestita con film	C09CA08	MENARINI INTERNATIONAL OPERATIONS LUXEMBOURG S.A.	Autorizzata	Procedura Mutuo riconoscimento o Decentrata	Medicinali soggetti a prescrizione medica
036026146	036026	OLPRESS	28X10 COMPRESSE RIVESTITE CON FILM IN BLISTER AL/AL DA 40 MG	OLMESARTAN MEDOXOMIL	OLMESARTAN MEDOXOMIL			Compressa rivestita con film	C09CA08	MENARINI INTERNATIONAL OPERATIONS LUXEMBOURG S.A.	Autorizzata	Procedura Mutuo riconoscimento o Decentrata	Medicinali soggetti a prescrizione medica
036026159	036026	OLPRESS	50 COMPRESSE RIVESTITE CON FILM IN BLISTER AL/AL DA  40 MG	OLMESARTAN MEDOXOMIL	OLMESARTAN MEDOXOMIL			Compressa rivestita con film	C09CA08	MENARINI INTERNATIONAL OPERATIONS LUXEMBOURG S.A.	Autorizzata	Procedura Mutuo riconoscimento o Decentrata	Medicinali soggetti a prescrizione medica
036027011	036027	OLMETEC	28 COMPRESSE RIVESTITE CON FILM IN BLISTER AL/AL DA  10 MG	OLMESARTAN MEDOXOMIL	OLMESARTAN MEDOXOMIL			Compressa rivestita con film	C09CA08	DAIICHI SANKYO ITALIA S.P.A.	Autorizzata	Procedura Mutuo riconoscimento o Decentrata	Medicinali soggetti a prescrizione medica
036027023	036027	OLMETEC	56 COMPRESSE RIVESTITE CON FILM IN BLISTER AL/AL DA  10 MG	OLMESARTAN MEDOXOMIL	OLMESARTAN MEDOXOMIL	100	milligrammi	Compressa rivestita con film	C09CA08	DAIICHI SANKYO ITALIA S.P.A.	Autorizzata	Procedura Mutuo riconoscimento o Decentrata	Medicinali soggetti a prescrizione medica
036027035	036027	OLMETEC	98 COMPRESSE RIVESTITE CON FILM IN BLISTER AL/AL DA  10 MG	OLMESARTAN MEDOXOMIL	OLMESARTAN MEDOXOMIL			Compressa rivestita con film	C09CA08	DAIICHI SANKYO ITALIA S.P.A.	Autorizzata	Procedura Mutuo riconoscimento o Decentrata	Medicinali soggetti a prescrizione medica
036027047	036027	OLMETEC	28X10 COMPRESSE RIVESTITE CON FILM IN BLISTER AL/AL DA  10 MG	OLMESARTAN MEDOXOMIL	OLMESARTAN MEDOXOMIL	100	milligrammi	Compressa rivestita con film	C09CA08	DAIICHI SANKYO ITALIA S.P.A.	Autorizzata	Procedura Mutuo riconoscimento o Decentrata	Medicinali soggetti a prescrizione medica
036027050	036027	OLMETEC	50 COMPRESSE RIVESTITE CON FILM IN BLISTER AL/AL DA  10 MG	OLMESARTAN MEDOXOMIL	OLMESARTAN MEDOXOMIL	100	milligrammi	Compressa rivestita con film	C09CA08	DAIICHI SANKYO ITALIA S.P.A.	Autorizzata	Procedura Mutuo riconoscimento o Decentrata	Medicinali soggetti a prescrizione medica
036027062	036027	OLMETEC	28 COMPRESSE RIVESTITE CON FILM IN BLISTER AL/AL DA 20 MG	OLMESARTAN MEDOXOMIL	OLMESARTAN MEDOXOMIL			Compressa rivestita con film	C09CA08	DAIICHI SANKYO ITALIA S.P.A.	Autorizzata	Procedura Mutuo riconoscimento o Decentrata	Medicinali soggetti a prescrizione medica
036027074	036027	OLMETEC	56 COMPRESSE RIVESTITE CON FILM IN BLISTER AL/AL DA  20 MG	OLMESARTAN MEDOXOMIL	OLMESARTAN MEDOXOMIL	200	milligrammi	Compressa rivestita con film	C09CA08	DAIICHI SANKYO ITALIA S.P.A.	Autorizzata	Procedura Mutuo riconoscimento o Decentrata	Medicinali soggetti a prescrizione medica
036027086	036027	OLMETEC	98 COMPRESSE RIVESTITE CON FILM IN BLISTER AL/AL DA  20 MG	OLMESARTAN MEDOXOMIL	OLMESARTAN MEDOXOMIL	200	milligrammi	Compressa rivestita con film	C09CA08	DAIICHI SANKYO ITALIA S.P.A.	Autorizzata	Procedura Mutuo riconoscimento o Decentrata	Medicinali soggetti a prescrizione medica
036027098	036027	OLMETEC	28X10  COMPRESSE RIVESTITE CON FILM IN BLISTER AL/AL DA  20 MG	OLMESARTAN MEDOXOMIL	OLMESARTAN MEDOXOMIL	200	milligrammi	Compressa rivestita con film	C09CA08	DAIICHI SANKYO ITALIA S.P.A.	Autorizzata	Procedura Mutuo riconoscimento o Decentrata	Medicinali soggetti a prescrizione medica
036027100	036027	OLMETEC	50 COMPRESSE RIVESTITE CON FILM IN BLISTER AL/AL DA  20 MG	OLMESARTAN MEDOXOMIL	OLMESARTAN MEDOXOMIL	200	milligrammi	Compressa rivestita con film	C09CA08	DAIICHI SANKYO ITALIA S.P.A.	Autorizzata	Procedura Mutuo riconoscimento o Decentrata	Medicinali soggetti a prescrizione medica
036027112	036027	OLMETEC	28 COMPRESSE RIVESTITE CON FILM IN BLISTER AL/AL DA  40 MG	OLMESARTAN MEDOXOMIL	OLMESARTAN MEDOXOMIL			Compressa rivestita con film	C09CA08	DAIICHI SANKYO ITALIA S.P.A.	Autorizzata	Procedura Mutuo riconoscimento o Decentrata	Medicinali soggetti a prescrizione medica
036027124	036027	OLMETEC	56 COMPRESSE RIVESTITE CON FILM IN BLISTER AL/AL DA  40 MG	OLMESARTAN MEDOXOMIL	OLMESARTAN MEDOXOMIL	400	milligrammi	Compressa rivestita con film	C09CA08	DAIICHI SANKYO ITALIA S.P.A.	Autorizzata	Procedura Mutuo riconoscimento o Decentrata	Medicinali soggetti a prescrizione medica
036027136	036027	OLMETEC	98 COMPRESSE RIVESTITE CON FILM IN BLISTER AL/AL DA  40 MG	OLMESARTAN MEDOXOMIL	OLMESARTAN MEDOXOMIL	400	milligrammi	Compressa rivestita con film	C09CA08	DAIICHI SANKYO ITALIA S.P.A.	Autorizzata	Procedura Mutuo riconoscimento o Decentrata	Medicinali soggetti a prescrizione medica
036027148	036027	OLMETEC	28X10 COMPRESSE RIVESTITE CON FILM IN BLISTER AL/AL DA  40 MG	OLMESARTAN MEDOXOMIL	OLMESARTAN MEDOXOMIL	400	milligrammi	Compressa rivestita con film	C09CA08	DAIICHI SANKYO ITALIA S.P.A.	Autorizzata	Procedura Mutuo riconoscimento o Decentrata	Medicinali soggetti a prescrizione medica
036027151	036027	OLMETEC	50 COMPRESSE RIVESTITE CON FILM IN BLISTER AL/AL DA  40 MG	OLMESARTAN MEDOXOMIL	OLMESARTAN MEDOXOMIL	400	milligrammi	Compressa rivestita con film	C09CA08	DAIICHI SANKYO ITALIA S.P.A.	Autorizzata	Procedura Mutuo riconoscimento o Decentrata	Medicinali soggetti a prescrizione medica
037108014	037108	PLAUNAZIDE	20 MG/12,5 MG COMPRESSE RIVESTITE CON FILM- 14 COMPRESSE IN BLISTER PA/AL/PVC/AL	OLMESARTAN MEDOXOMIL	OLMESARTAN MEDOXOMIL			Compressa rivestita con film	C09DA08	MENARINI INTERNATIONAL OPERATIONS LUXEMBOURG S.A.	Autorizzata	Procedura Mutuo riconoscimento o Decentrata	Medicinali soggetti a prescrizione medica
037108026	037108	PLAUNAZIDE	20 MG/12,5 MG COMPRESSE RIVESTITE CON FILM- 28 COMPRESSE IN BLISTER PA/AL/PVC/AL	OLMESARTAN MEDOXOMIL	OLMESARTAN MEDOXOMIL			Compressa rivestita con film	C09DA08	MENARINI INTERNATIONAL OPERATIONS LUXEMBOURG S.A.	Autorizzata	Procedura Mutuo riconoscimento o Decentrata	Medicinali soggetti a prescrizione medica
037108038	037108	PLAUNAZIDE	20 MG/12,5 MG COMPRESSE RIVESTITE CON FILM- 30 COMPRESSE IN BLISTER PA/AL/PVC/AL	OLMESARTAN MEDOXOMIL	OLMESARTAN MEDOXOMIL			Compressa rivestita con film	C09DA08	MENARINI INTERNATIONAL OPERATIONS LUXEMBOURG S.A.	Autorizzata	Procedura Mutuo riconoscimento o Decentrata	Medicinali soggetti a prescrizione medica
037108040	037108	PLAUNAZIDE	20 MG/12,5 MG COMPRESSE RIVESTITE CON FILM- 56 COMPRESSE IN BLISTER PA/AL/PVC/AL	OLMESARTAN MEDOXOMIL	OLMESARTAN MEDOXOMIL			Compressa rivestita con film	C09DA08	MENARINI INTERNATIONAL OPERATIONS LUXEMBOURG S.A.	Autorizzata	Procedura Mutuo riconoscimento o Decentrata	Medicinali soggetti a prescrizione medica
037108053	037108	PLAUNAZIDE	20 MG/12,5 MG COMPRESSE RIVESTITE CON FILM- 84 COMPRESSE IN BLISTER PA/AL/PVC/AL	OLMESARTAN MEDOXOMIL	OLMESARTAN MEDOXOMIL			Compressa rivestita con film	C09DA08	MENARINI INTERNATIONAL OPERATIONS LUXEMBOURG S.A.	Autorizzata	Procedura Mutuo riconoscimento o Decentrata	Medicinali soggetti a prescrizione medica
037108065	037108	PLAUNAZIDE	20 MG/12,5 MG COMPRESSE RIVESTITE CON FILM- 90 COMPRESSE IN BLISTER PA/AL/PVC/AL	OLMESARTAN MEDOXOMIL	OLMESARTAN MEDOXOMIL			Compressa rivestita con film	C09DA08	MENARINI INTERNATIONAL OPERATIONS LUXEMBOURG S.A.	Autorizzata	Procedura Mutuo riconoscimento o Decentrata	Medicinali soggetti a prescrizione medica
037108077	037108	PLAUNAZIDE	20 MG/12,5 MG COMPRESSE RIVESTITE CON FILM- 10X28 COMPRESSE IN BLISTER PA/AL/PVC/AL	OLMESARTAN MEDOXOMIL	OLMESARTAN MEDOXOMIL			Compressa rivestita con film	C09DA08	MENARINI INTERNATIONAL OPERATIONS LUXEMBOURG S.A.	Autorizzata	Procedura Mutuo riconoscimento o Decentrata	Medicinali soggetti a prescrizione medica
037108089	037108	PLAUNAZIDE	20 MG/12,5 MG COMPRESSE RIVESTITE CON FILM- 98 COMPRESSE IN BLISTER PA/AL/PVC/AL	OLMESARTAN MEDOXOMIL	OLMESARTAN MEDOXOMIL			Compressa rivestita con film	C09DA08	MENARINI INTERNATIONAL OPERATIONS LUXEMBOURG S.A.	Autorizzata	Procedura Mutuo riconoscimento o Decentrata	Medicinali soggetti a prescrizione medica
037108091	037108	PLAUNAZIDE	20 MG/12,5 MG COMPRESSE RIVESTITE CON FILM- 50 COMPRESSE IN BLISTER PA/AL/PVC/AL  DOSE UNITARIA	OLMESARTAN MEDOXOMIL	OLMESARTAN MEDOXOMIL			Compressa rivestita con film	C09DA08	MENARINI INTERNATIONAL OPERATIONS LUXEMBOURG S.A.	Autorizzata	Procedura Mutuo riconoscimento o Decentrata	Medicinali soggetti a prescrizione medica
037108103	037108	PLAUNAZIDE	20 MG/12,5 MG COMPRESSE RIVESTITE CON FILM- 10 COMPRESSE IN BLISTER PA/AL/PVC/AL  DOSE UNITARIA	OLMESARTAN MEDOXOMIL	OLMESARTAN MEDOXOMIL			Compressa rivestita con film	C09DA08	MENARINI INTERNATIONAL OPERATIONS LUXEMBOURG S.A.	Autorizzata	Procedura Mutuo riconoscimento o Decentrata	Medicinali soggetti a prescrizione medica
037108115	037108	PLAUNAZIDE	20 MG/12,5 MG COMPRESSE RIVESTITE CON FILM- 500 COMPRESSE IN BLISTER PA/AL/PVC/AL  DOSE UNITARIA	OLMESARTAN MEDOXOMIL	OLMESARTAN MEDOXOMIL			Compressa rivestita con film	C09DA08	MENARINI INTERNATIONAL OPERATIONS LUXEMBOURG S.A.	Autorizzata	Procedura Mutuo riconoscimento o Decentrata	Medicinali soggetti a prescrizione medica
037108127	037108	PLAUNAZIDE	20 MG/25 MG COMPRESSE RIVESTITE CON FILM- 14 COMPRESSE IN BLISTER PA/AL/PVC/AL	OLMESARTAN MEDOXOMIL	OLMESARTAN MEDOXOMIL			Compressa rivestita con film	C09DA08	MENARINI INTERNATIONAL OPERATIONS LUXEMBOURG S.A.	Autorizzata	Procedura Mutuo riconoscimento o Decentrata	Medicinali soggetti a prescrizione medica
037108139	037108	PLAUNAZIDE	20 MG/25 MG COMPRESSE RIVESTITE CON FILM- 28 COMPRESSE IN BLISTER PA/AL/PVC/AL	OLMESARTAN MEDOXOMIL	OLMESARTAN MEDOXOMIL			Compressa rivestita con film	C09DA08	MENARINI INTERNATIONAL OPERATIONS LUXEMBOURG S.A.	Autorizzata	Procedura Mutuo riconoscimento o Decentrata	Medicinali soggetti a prescrizione medica
037108141	037108	PLAUNAZIDE	20 MG/25 MG COMPRESSE RIVESTITE CON FILM- 30 COMPRESSE IN BLISTER PA/AL/PVC/AL	OLMESARTAN MEDOXOMIL	OLMESARTAN MEDOXOMIL			Compressa rivestita con film	C09DA08	MENARINI INTERNATIONAL OPERATIONS LUXEMBOURG S.A.	Autorizzata	Procedura Mutuo riconoscimento o Decentrata	Medicinali soggetti a prescrizione medica
037108154	037108	PLAUNAZIDE	20 MG/25 MG COMPRESSE RIVESTITE CON FILM- 56 COMPRESSE IN BLISTER PA/AL/PVC/AL	OLMESARTAN MEDOXOMIL	OLMESARTAN MEDOXOMIL			Compressa rivestita con film	C09DA08	MENARINI INTERNATIONAL OPERATIONS LUXEMBOURG S.A.	Autorizzata	Procedura Mutuo riconoscimento o Decentrata	Medicinali soggetti a prescrizione medica
037108166	037108	PLAUNAZIDE	20 MG/25 MG COMPRESSE RIVESTITE CON FILM- 84 COMPRESSE IN BLISTER PA/AL/PVC/AL	OLMESARTAN MEDOXOMIL	OLMESARTAN MEDOXOMIL			Compressa rivestita con film	C09DA08	MENARINI INTERNATIONAL OPERATIONS LUXEMBOURG S.A.	Autorizzata	Procedura Mutuo riconoscimento o Decentrata	Medicinali soggetti a prescrizione medica
037108178	037108	PLAUNAZIDE	20 MG/25 MG COMPRESSE RIVESTITE CON FILM- 90 COMPRESSE IN BLISTER PA/AL/PVC/AL	OLMESARTAN MEDOXOMIL	OLMESARTAN MEDOXOMIL			Compressa rivestita con film	C09DA08	MENARINI INTERNATIONAL OPERATIONS LUXEMBOURG S.A.	Autorizzata	Procedura Mutuo riconoscimento o Decentrata	Medicinali soggetti a prescrizione medica
037108180	037108	PLAUNAZIDE	20 MG/25 MG COMPRESSE RIVESTITE CON FILM- 98 COMPRESSE IN BLISTER PA/AL/PVC/AL	OLMESARTAN MEDOXOMIL	OLMESARTAN MEDOXOMIL			Compressa rivestita con film	C09DA08	MENARINI INTERNATIONAL OPERATIONS LUXEMBOURG S.A.	Autorizzata	Procedura Mutuo riconoscimento o Decentrata	Medicinali soggetti a prescrizione medica
037108192	037108	PLAUNAZIDE	20 MG/25 MG COMPRESSE RIVESTITE CON FILM- 10X28 COMPRESSE IN BLISTER PA/AL/PVC/AL	OLMESARTAN MEDOXOMIL	OLMESARTAN MEDOXOMIL			Compressa rivestita con film	C09DA08	MENARINI INTERNATIONAL OPERATIONS LUXEMBOURG S.A.	Autorizzata	Procedura Mutuo riconoscimento o Decentrata	Medicinali soggetti a prescrizione medica
037108204	037108	PLAUNAZIDE	20 MG/25 MG COMPRESSE RIVESTITE CON FILM- 10 COMPRESSE IN BLISTER PA/AL/PVC/AL DOSE UNITARIA	OLMESARTAN MEDOXOMIL	OLMESARTAN MEDOXOMIL			Compressa rivestita con film	C09DA08	MENARINI INTERNATIONAL OPERATIONS LUXEMBOURG S.A.	Autorizzata	Procedura Mutuo riconoscimento o Decentrata	Medicinali soggetti a prescrizione medica
037108216	037108	PLAUNAZIDE	20 MG/25 MG COMPRESSE RIVESTITE CON FILM- 50 COMPRESSE IN BLISTER PA/AL/PVC/AL DOSE UNITARIA	OLMESARTAN MEDOXOMIL	OLMESARTAN MEDOXOMIL			Compressa rivestita con film	C09DA08	MENARINI INTERNATIONAL OPERATIONS LUXEMBOURG S.A.	Autorizzata	Procedura Mutuo riconoscimento o Decentrata	Medicinali soggetti a prescrizione medica
037108228	037108	PLAUNAZIDE	20 MG/25 MG COMPRESSE RIVESTITE CON FILM- 500 COMPRESSE IN BLISTER PA/AL/PVC/AL DOSE UNITARIA	OLMESARTAN MEDOXOMIL	OLMESARTAN MEDOXOMIL			Compressa rivestita con film	C09DA08	MENARINI INTERNATIONAL OPERATIONS LUXEMBOURG S.A.	Autorizzata	Procedura Mutuo riconoscimento o Decentrata	Medicinali soggetti a prescrizione medica
037108230	037108	PLAUNAZIDE	40MG/12,5MG COMPRESSE RIVESTITE CON FILM- 14 COMPRESSE IN BLISTER PA/AL/PVC/AL	OLMESARTAN MEDOXOMIL	OLMESARTAN MEDOXOMIL			Compressa rivestita con film	C09DA08	MENARINI INTERNATIONAL OPERATIONS LUXEMBOURG S.A.	Autorizzata	Procedura Mutuo riconoscimento o Decentrata	Medicinali soggetti a prescrizione medica
037108242	037108	PLAUNAZIDE	40MG/12,5MG COMPRESSE RIVESTITE CON FILM- 28 COMPRESSE IN BLISTER PA/AL/PVC/AL	OLMESARTAN MEDOXOMIL	OLMESARTAN MEDOXOMIL			Compressa rivestita con film	C09DA08	MENARINI INTERNATIONAL OPERATIONS LUXEMBOURG S.A.	Autorizzata	Procedura Mutuo riconoscimento o Decentrata	Medicinali soggetti a prescrizione medica
037108255	037108	PLAUNAZIDE	40MG/12,5MG COMPRESSE RIVESTITE CON FILM- 30 COMPRESSE IN BLISTER PA/AL/PVC/AL	OLMESARTAN MEDOXOMIL	OLMESARTAN MEDOXOMIL			Compressa rivestita con film	C09DA08	MENARINI INTERNATIONAL OPERATIONS LUXEMBOURG S.A.	Autorizzata	Procedura Mutuo riconoscimento o Decentrata	Medicinali soggetti a prescrizione medica
037108267	037108	PLAUNAZIDE	40MG/12,5MG COMPRESSE RIVESTITE CON FILM- 56 COMPRESSE IN BLISTER PA/AL/PVC/AL	OLMESARTAN MEDOXOMIL	OLMESARTAN MEDOXOMIL			Compressa rivestita con film	C09DA08	MENARINI INTERNATIONAL OPERATIONS LUXEMBOURG S.A.	Autorizzata	Procedura Mutuo riconoscimento o Decentrata	Medicinali soggetti a prescrizione medica
037108279	037108	PLAUNAZIDE	40MG/12,5MG COMPRESSE RIVESTITE CON FILM- 84 COMPRESSE IN BLISTER PA/AL/PVC/AL	OLMESARTAN MEDOXOMIL	OLMESARTAN MEDOXOMIL			Compressa rivestita con film	C09DA08	MENARINI INTERNATIONAL OPERATIONS LUXEMBOURG S.A.	Autorizzata	Procedura Mutuo riconoscimento o Decentrata	Medicinali soggetti a prescrizione medica
037108281	037108	PLAUNAZIDE	40MG/12,5MG COMPRESSE RIVESTITE CON FILM- 90 COMPRESSE IN BLISTER PA/AL/PVC/AL	OLMESARTAN MEDOXOMIL	OLMESARTAN MEDOXOMIL			Compressa rivestita con film	C09DA08	MENARINI INTERNATIONAL OPERATIONS LUXEMBOURG S.A.	Autorizzata	Procedura Mutuo riconoscimento o Decentrata	Medicinali soggetti a prescrizione medica
037108293	037108	PLAUNAZIDE	40MG/12,5MG COMPRESSE RIVESTITE CON FILM- 98 COMPRESSE IN BLISTER PA/AL/PVC/AL	OLMESARTAN MEDOXOMIL	OLMESARTAN MEDOXOMIL			Compressa rivestita con film	C09DA08	MENARINI INTERNATIONAL OPERATIONS LUXEMBOURG S.A.	Autorizzata	Procedura Mutuo riconoscimento o Decentrata	Medicinali soggetti a prescrizione medica
037108305	037108	PLAUNAZIDE	40MG/12,5MG COMPRESSE RIVESTITE CON FILM- 10X28 COMPRESSE IN BLISTER PA/AL/PVC/AL	OLMESARTAN MEDOXOMIL	OLMESARTAN MEDOXOMIL			Compressa rivestita con film	C09DA08	MENARINI INTERNATIONAL OPERATIONS LUXEMBOURG S.A.	Autorizzata	Procedura Mutuo riconoscimento o Decentrata	Medicinali soggetti a prescrizione medica
037108317	037108	PLAUNAZIDE	40MG/12,5MG COMPRESSE RIVESTITE CON FILM- 10X30 COMPRESSE IN BLISTER PA/AL/PVC/AL	OLMESARTAN MEDOXOMIL	OLMESARTAN MEDOXOMIL			Compressa rivestita con film	C09DA08	MENARINI INTERNATIONAL OPERATIONS LUXEMBOURG S.A.	Autorizzata	Procedura Mutuo riconoscimento o Decentrata	Medicinali soggetti a prescrizione medica
037108329	037108	PLAUNAZIDE	40MG/12,5MG COMPRESSE RIVESTITE CON FILM- 10X1 COMPRESSE IN BLISTER PA/AL/PVC/AL	OLMESARTAN MEDOXOMIL	OLMESARTAN MEDOXOMIL			Compressa rivestita con film	C09DA08	MENARINI INTERNATIONAL OPERATIONS LUXEMBOURG S.A.	Autorizzata	Procedura Mutuo riconoscimento o Decentrata	Medicinali soggetti a prescrizione medica
037108331	037108	PLAUNAZIDE	40MG/12,5MG COMPRESSE RIVESTITE CON FILM- 50X1 COMPRESSE IN BLISTER PA/AL/PVC/AL	OLMESARTAN MEDOXOMIL	OLMESARTAN MEDOXOMIL			Compressa rivestita con film	C09DA08	MENARINI INTERNATIONAL OPERATIONS LUXEMBOURG S.A.	Autorizzata	Procedura Mutuo riconoscimento o Decentrata	Medicinali soggetti a prescrizione medica
037108343	037108	PLAUNAZIDE	40MG/12,5MG COMPRESSE RIVESTITE CON FILM- 500X1 COMPRESSE IN BLISTER PA/AL/PVC/AL	OLMESARTAN MEDOXOMIL	OLMESARTAN MEDOXOMIL			Compressa rivestita con film	C09DA08	MENARINI INTERNATIONAL OPERATIONS LUXEMBOURG S.A.	Autorizzata	Procedura Mutuo riconoscimento o Decentrata	Medicinali soggetti a prescrizione medica
037108356	037108	PLAUNAZIDE	40MG/25MG COMPRESSE RIVESTITE CON FILM- 14 COMPRESSE IN BLISTER PA/AL/PVC/AL	OLMESARTAN MEDOXOMIL	OLMESARTAN MEDOXOMIL			Compressa rivestita con film	C09DA08	MENARINI INTERNATIONAL OPERATIONS LUXEMBOURG S.A.	Autorizzata	Procedura Mutuo riconoscimento o Decentrata	Medicinali soggetti a prescrizione medica
037108368	037108	PLAUNAZIDE	40MG/25MG COMPRESSE RIVESTITE CON FILM- 28 COMPRESSE IN BLISTER PA/AL/PVC/AL	OLMESARTAN MEDOXOMIL	OLMESARTAN MEDOXOMIL			Compressa rivestita con film	C09DA08	MENARINI INTERNATIONAL OPERATIONS LUXEMBOURG S.A.	Autorizzata	Procedura Mutuo riconoscimento o Decentrata	Medicinali soggetti a prescrizione medica
037108370	037108	PLAUNAZIDE	40MG/25MG COMPRESSE RIVESTITE CON FILM- 30 COMPRESSE IN BLISTER PA/AL/PVC/AL	OLMESARTAN MEDOXOMIL	OLMESARTAN MEDOXOMIL			Compressa rivestita con film	C09DA08	MENARINI INTERNATIONAL OPERATIONS LUXEMBOURG S.A.	Autorizzata	Procedura Mutuo riconoscimento o Decentrata	Medicinali soggetti a prescrizione medica
037108382	037108	PLAUNAZIDE	40MG/25MG COMPRESSE RIVESTITE CON FILM- 56 COMPRESSE IN BLISTER PA/AL/PVC/AL	OLMESARTAN MEDOXOMIL	OLMESARTAN MEDOXOMIL			Compressa rivestita con film	C09DA08	MENARINI INTERNATIONAL OPERATIONS LUXEMBOURG S.A.	Autorizzata	Procedura Mutuo riconoscimento o Decentrata	Medicinali soggetti a prescrizione medica
037108394	037108	PLAUNAZIDE	40MG/25MG COMPRESSE RIVESTITE CON FILM- 84 COMPRESSE IN BLISTER PA/AL/PVC/AL	OLMESARTAN MEDOXOMIL	OLMESARTAN MEDOXOMIL			Compressa rivestita con film	C09DA08	MENARINI INTERNATIONAL OPERATIONS LUXEMBOURG S.A.	Autorizzata	Procedura Mutuo riconoscimento o Decentrata	Medicinali soggetti a prescrizione medica
037108406	037108	PLAUNAZIDE	40MG/25MG COMPRESSE RIVESTITE CON FILM- 90 COMPRESSE IN BLISTER PA/AL/PVC/AL	OLMESARTAN MEDOXOMIL	OLMESARTAN MEDOXOMIL			Compressa rivestita con film	C09DA08	MENARINI INTERNATIONAL OPERATIONS LUXEMBOURG S.A.	Autorizzata	Procedura Mutuo riconoscimento o Decentrata	Medicinali soggetti a prescrizione medica
037108418	037108	PLAUNAZIDE	40MG/25MG COMPRESSE RIVESTITE CON FILM- 98 COMPRESSE IN BLISTER PA/AL/PVC/AL	OLMESARTAN MEDOXOMIL	OLMESARTAN MEDOXOMIL			Compressa rivestita con film	C09DA08	MENARINI INTERNATIONAL OPERATIONS LUXEMBOURG S.A.	Autorizzata	Procedura Mutuo riconoscimento o Decentrata	Medicinali soggetti a prescrizione medica
037108420	037108	PLAUNAZIDE	40MG/25MG COMPRESSE RIVESTITE CON FILM- 10X28 COMPRESSE IN BLISTER PA/AL/PVC/AL	OLMESARTAN MEDOXOMIL	OLMESARTAN MEDOXOMIL			Compressa rivestita con film	C09DA08	MENARINI INTERNATIONAL OPERATIONS LUXEMBOURG S.A.	Autorizzata	Procedura Mutuo riconoscimento o Decentrata	Medicinali soggetti a prescrizione medica
037108432	037108	PLAUNAZIDE	40MG/25MG COMPRESSE RIVESTITE CON FILM- 10X30 COMPRESSE IN BLISTER PA/AL/PVC/AL	OLMESARTAN MEDOXOMIL	OLMESARTAN MEDOXOMIL			Compressa rivestita con film	C09DA08	MENARINI INTERNATIONAL OPERATIONS LUXEMBOURG S.A.	Autorizzata	Procedura Mutuo riconoscimento o Decentrata	Medicinali soggetti a prescrizione medica
037108444	037108	PLAUNAZIDE	40MG/25MG COMPRESSE RIVESTITE CON FILM- 10X1 COMPRESSE IN BLISTER PA/AL/PVC/AL	OLMESARTAN MEDOXOMIL	OLMESARTAN MEDOXOMIL			Compressa rivestita con film	C09DA08	MENARINI INTERNATIONAL OPERATIONS LUXEMBOURG S.A.	Autorizzata	Procedura Mutuo riconoscimento o Decentrata	Medicinali soggetti a prescrizione medica
037108457	037108	PLAUNAZIDE	40MG/25MG COMPRESSE RIVESTITE CON FILM- 50X1 COMPRESSE IN BLISTER PA/AL/PVC/AL	OLMESARTAN MEDOXOMIL	OLMESARTAN MEDOXOMIL			Compressa rivestita con film	C09DA08	MENARINI INTERNATIONAL OPERATIONS LUXEMBOURG S.A.	Autorizzata	Procedura Mutuo riconoscimento o Decentrata	Medicinali soggetti a prescrizione medica
037108469	037108	PLAUNAZIDE	40MG/25MG COMPRESSE RIVESTITE CON FILM- 500X1 COMPRESSE IN BLISTER PA/AL/PVC/AL	OLMESARTAN MEDOXOMIL	OLMESARTAN MEDOXOMIL			Compressa rivestita con film	C09DA08	MENARINI INTERNATIONAL OPERATIONS LUXEMBOURG S.A.	Autorizzata	Procedura Mutuo riconoscimento o Decentrata	Medicinali soggetti a prescrizione medica
037109016	037109	OLPREZIDE	20 MG/12,5 MG COMPRESSE RIVESTITE CON FILM- 14 COMPRESSE  IN BLISTER PA/AL/PVC/AL	OLMESARTAN MEDOXOMIL	OLMESARTAN MEDOXOMIL			Compressa rivestita con film	C09DA08	MENARINI INTERNATIONAL OPERATIONS LUXEMBOURG S.A.	Autorizzata	Procedura Mutuo riconoscimento o Decentrata	Medicinali soggetti a prescrizione medica
037109028	037109	OLPREZIDE	20 MG/12,5 MG COMPRESSE RIVESTITE CON FILM- 28 COMPRESSE  IN BLISTER PA/AL/PVC/AL	OLMESARTAN MEDOXOMIL	OLMESARTAN MEDOXOMIL			Compressa rivestita con film	C09DA08	MENARINI INTERNATIONAL OPERATIONS LUXEMBOURG S.A.	Autorizzata	Procedura Mutuo riconoscimento o Decentrata	Medicinali soggetti a prescrizione medica
037109030	037109	OLPREZIDE	20 MG/12,5 MG COMPRESSE RIVESTITE CON FILM- 30 COMPRESSE  IN BLISTER PA/AL/PVC/AL	OLMESARTAN MEDOXOMIL	OLMESARTAN MEDOXOMIL			Compressa rivestita con film	C09DA08	MENARINI INTERNATIONAL OPERATIONS LUXEMBOURG S.A.	Autorizzata	Procedura Mutuo riconoscimento o Decentrata	Medicinali soggetti a prescrizione medica
037109042	037109	OLPREZIDE	20 MG/12,5 MG COMPRESSE RIVESTITE CON FILM- 56 COMPRESSE  IN BLISTER PA/AL/PVC/AL	OLMESARTAN MEDOXOMIL	OLMESARTAN MEDOXOMIL			Compressa rivestita con film	C09DA08	MENARINI INTERNATIONAL OPERATIONS LUXEMBOURG S.A.	Autorizzata	Procedura Mutuo riconoscimento o Decentrata	Medicinali soggetti a prescrizione medica
037109055	037109	OLPREZIDE	20 MG/12,5 MG COMPRESSE RIVESTITE CON FILM- 84 COMPRESSE  IN BLISTER PA/AL/PVC/AL	OLMESARTAN MEDOXOMIL	OLMESARTAN MEDOXOMIL			Compressa rivestita con film	C09DA08	MENARINI INTERNATIONAL OPERATIONS LUXEMBOURG S.A.	Autorizzata	Procedura Mutuo riconoscimento o Decentrata	Medicinali soggetti a prescrizione medica
037109067	037109	OLPREZIDE	20 MG/12,5 MG COMPRESSE RIVESTITE CON FILM- 90 COMPRESSE  IN BLISTER PA/AL/PVC/AL	OLMESARTAN MEDOXOMIL	OLMESARTAN MEDOXOMIL			Compressa rivestita con film	C09DA08	MENARINI INTERNATIONAL OPERATIONS LUXEMBOURG S.A.	Autorizzata	Procedura Mutuo riconoscimento o Decentrata	Medicinali soggetti a prescrizione medica
037109079	037109	OLPREZIDE	20 MG/12,5 MG COMPRESSE RIVESTITE CON FILM- 98 COMPRESSE  IN BLISTER PA/AL/PVC/AL	OLMESARTAN MEDOXOMIL	OLMESARTAN MEDOXOMIL			Compressa rivestita con film	C09DA08	MENARINI INTERNATIONAL OPERATIONS LUXEMBOURG S.A.	Autorizzata	Procedura Mutuo riconoscimento o Decentrata	Medicinali soggetti a prescrizione medica
037109081	037109	OLPREZIDE	20 MG/12,5 MG COMPRESSE RIVESTITE CON FILM- 10X28 COMPRESSE  IN BLISTER PA/AL/PVC/AL	OLMESARTAN MEDOXOMIL	OLMESARTAN MEDOXOMIL			Compressa rivestita con film	C09DA08	MENARINI INTERNATIONAL OPERATIONS LUXEMBOURG S.A.	Autorizzata	Procedura Mutuo riconoscimento o Decentrata	Medicinali soggetti a prescrizione medica
037109093	037109	OLPREZIDE	20 MG/12,5 MG COMPRESSE RIVESTITE CON FILM- 10 COMPRESSE  IN BLISTER PA/AL/PVC/AL DOSE UNITARIA	OLMESARTAN MEDOXOMIL	OLMESARTAN MEDOXOMIL			Compressa rivestita con film	C09DA08	MENARINI INTERNATIONAL OPERATIONS LUXEMBOURG S.A.	Autorizzata	Procedura Mutuo riconoscimento o Decentrata	Medicinali soggetti a prescrizione medica
037109105	037109	OLPREZIDE	20 MG/12,5 MG COMPRESSE RIVESTITE CON FILM- 50 COMPRESSE  IN BLISTER PA/AL/PVC/AL DOSE UNITARIA	OLMESARTAN MEDOXOMIL	OLMESARTAN MEDOXOMIL			Compressa rivestita con film	C09DA08	MENARINI INTERNATIONAL OPERATIONS LUXEMBOURG S.A.	Autorizzata	Procedura Mutuo riconoscimento o Decentrata	Medicinali soggetti a prescrizione medica
037109117	037109	OLPREZIDE	20 MG/12,5 MG COMPRESSE RIVESTITE CON FILM- 500 COMPRESSE  IN BLISTER PA/AL/PVC/AL DOSE UNITARIA	OLMESARTAN MEDOXOMIL	OLMESARTAN MEDOXOMIL			Compressa rivestita con film	C09DA08	MENARINI INTERNATIONAL OPERATIONS LUXEMBOURG S.A.	Autorizzata	Procedura Mutuo riconoscimento o Decentrata	Medicinali soggetti a prescrizione medica
037109129	037109	OLPREZIDE	20 MG/25 MG COMPRESSE RIVESTITE CON FILM- 14 COMPRESSE  IN BLISTER PA/AL/PVC/AL	OLMESARTAN MEDOXOMIL	OLMESARTAN MEDOXOMIL			Compressa rivestita con film	C09DA08	MENARINI INTERNATIONAL OPERATIONS LUXEMBOURG S.A.	Autorizzata	Procedura Mutuo riconoscimento o Decentrata	Medicinali soggetti a prescrizione medica
037109131	037109	OLPREZIDE	20 MG/25 MG COMPRESSE RIVESTITE CON FILM- 28 COMPRESSE  IN BLISTER PA/AL/PVC/AL	OLMESARTAN MEDOXOMIL	OLMESARTAN MEDOXOMIL			Compressa rivestita con film	C09DA08	MENARINI INTERNATIONAL OPERATIONS LUXEMBOURG S.A.	Autorizzata	Procedura Mutuo riconoscimento o Decentrata	Medicinali soggetti a prescrizione medica
037109143	037109	OLPREZIDE	20 MG/25 MG COMPRESSE RIVESTITE CON FILM- 30 COMPRESSE  IN BLISTER PA/AL/PVC/AL	OLMESARTAN MEDOXOMIL	OLMESARTAN MEDOXOMIL			Compressa rivestita con film	C09DA08	MENARINI INTERNATIONAL OPERATIONS LUXEMBOURG S.A.	Autorizzata	Procedura Mutuo riconoscimento o Decentrata	Medicinali soggetti a prescrizione medica
037109156	037109	OLPREZIDE	20 MG/25 MG COMPRESSE RIVESTITE CON FILM- 56 COMPRESSE  IN BLISTER PA/AL/PVC/AL	OLMESARTAN MEDOXOMIL	OLMESARTAN MEDOXOMIL			Compressa rivestita con film	C09DA08	MENARINI INTERNATIONAL OPERATIONS LUXEMBOURG S.A.	Autorizzata	Procedura Mutuo riconoscimento o Decentrata	Medicinali soggetti a prescrizione medica
037109168	037109	OLPREZIDE	20 MG/25 MG COMPRESSE RIVESTITE CON FILM- 84 COMPRESSE  IN BLISTER PA/AL/PVC/AL	OLMESARTAN MEDOXOMIL	OLMESARTAN MEDOXOMIL			Compressa rivestita con film	C09DA08	MENARINI INTERNATIONAL OPERATIONS LUXEMBOURG S.A.	Autorizzata	Procedura Mutuo riconoscimento o Decentrata	Medicinali soggetti a prescrizione medica
037109170	037109	OLPREZIDE	20 MG/25 MG COMPRESSE RIVESTITE CON FILM- 90 COMPRESSE  IN BLISTER PA/AL/PVC/AL	OLMESARTAN MEDOXOMIL	OLMESARTAN MEDOXOMIL			Compressa rivestita con film	C09DA08	MENARINI INTERNATIONAL OPERATIONS LUXEMBOURG S.A.	Autorizzata	Procedura Mutuo riconoscimento o Decentrata	Medicinali soggetti a prescrizione medica
037109182	037109	OLPREZIDE	20 MG/25 MG COMPRESSE RIVESTITE CON FILM- 98 COMPRESSE  IN BLISTER PA/AL/PVC/AL	OLMESARTAN MEDOXOMIL	OLMESARTAN MEDOXOMIL			Compressa rivestita con film	C09DA08	MENARINI INTERNATIONAL OPERATIONS LUXEMBOURG S.A.	Autorizzata	Procedura Mutuo riconoscimento o Decentrata	Medicinali soggetti a prescrizione medica
037109194	037109	OLPREZIDE	20 MG/25 MG COMPRESSE RIVESTITE CON FILM- 10X28 COMPRESSE  IN BLISTER PA/AL/PVC/AL	OLMESARTAN MEDOXOMIL	OLMESARTAN MEDOXOMIL			Compressa rivestita con film	C09DA08	MENARINI INTERNATIONAL OPERATIONS LUXEMBOURG S.A.	Autorizzata	Procedura Mutuo riconoscimento o Decentrata	Medicinali soggetti a prescrizione medica
037109206	037109	OLPREZIDE	20 MG/25 MG COMPRESSE RIVESTITE CON FILM- 10 COMPRESSE  IN BLISTER PA/AL/PVC/AL DOSE UNITARIA	OLMESARTAN MEDOXOMIL	OLMESARTAN MEDOXOMIL			Compressa rivestita con film	C09DA08	MENARINI INTERNATIONAL OPERATIONS LUXEMBOURG S.A.	Autorizzata	Procedura Mutuo riconoscimento o Decentrata	Medicinali soggetti a prescrizione medica
037109218	037109	OLPREZIDE	20 MG/25 MG COMPRESSE RIVESTITE CON FILM- 50 COMPRESSE IN BLISTER PA/AL/PVC/AL DOSE UNITARIA	OLMESARTAN MEDOXOMIL	OLMESARTAN MEDOXOMIL			Compressa rivestita con film	C09DA08	MENARINI INTERNATIONAL OPERATIONS LUXEMBOURG S.A.	Autorizzata	Procedura Mutuo riconoscimento o Decentrata	Medicinali soggetti a prescrizione medica
037109220	037109	OLPREZIDE	20 MG/25 MG COMPRESSE RIVESTITE CON FILM- 500 COMPRESSE IN BLISTER PA/AL/PVC/AL DOSE UNITARIA	OLMESARTAN MEDOXOMIL	OLMESARTAN MEDOXOMIL			Compressa rivestita con film	C09DA08	MENARINI INTERNATIONAL OPERATIONS LUXEMBOURG S.A.	Autorizzata	Procedura Mutuo riconoscimento o Decentrata	Medicinali soggetti a prescrizione medica
037109232	037109	OLPREZIDE	40MG/12,5MG COMPRESSE RIVESTITE CON FILM - 14 COMPRESSE IN BLISTER PA/AL/PVC/AL	OLMESARTAN MEDOXOMIL	OLMESARTAN MEDOXOMIL			Compressa rivestita con film	C09DA08	MENARINI INTERNATIONAL OPERATIONS LUXEMBOURG S.A.	Autorizzata	Procedura Mutuo riconoscimento o Decentrata	Medicinali soggetti a prescrizione medica
037109244	037109	OLPREZIDE	40MG/12,5MG COMPRESSE RIVESTITE CON FILM - 28 COMPRESSE IN BLISTER PA/AL/PVC/AL	OLMESARTAN MEDOXOMIL	OLMESARTAN MEDOXOMIL			Compressa rivestita con film	C09DA08	MENARINI INTERNATIONAL OPERATIONS LUXEMBOURG S.A.	Autorizzata	Procedura Mutuo riconoscimento o Decentrata	Medicinali soggetti a prescrizione medica
037109257	037109	OLPREZIDE	40MG/12,5MG COMPRESSE RIVESTITE CON FILM - 30 COMPRESSE IN BLISTER PA/AL/PVC/AL	OLMESARTAN MEDOXOMIL	OLMESARTAN MEDOXOMIL			Compressa rivestita con film	C09DA08	MENARINI INTERNATIONAL OPERATIONS LUXEMBOURG S.A.	Autorizzata	Procedura Mutuo riconoscimento o Decentrata	Medicinali soggetti a prescrizione medica
037109269	037109	OLPREZIDE	40MG/12,5MG COMPRESSE RIVESTITE CON FILM - 56 COMPRESSE IN BLISTER PA/AL/PVC/AL	OLMESARTAN MEDOXOMIL	OLMESARTAN MEDOXOMIL			Compressa rivestita con film	C09DA08	MENARINI INTERNATIONAL OPERATIONS LUXEMBOURG S.A.	Autorizzata	Procedura Mutuo riconoscimento o Decentrata	Medicinali soggetti a prescrizione medica
037109271	037109	OLPREZIDE	40MG/12,5MG COMPRESSE RIVESTITE CON FILM - 84 COMPRESSE IN BLISTER PA/AL/PVC/AL	OLMESARTAN MEDOXOMIL	OLMESARTAN MEDOXOMIL			Compressa rivestita con film	C09DA08	MENARINI INTERNATIONAL OPERATIONS LUXEMBOURG S.A.	Autorizzata	Procedura Mutuo riconoscimento o Decentrata	Medicinali soggetti a prescrizione medica
037109283	037109	OLPREZIDE	40MG/12,5MG COMPRESSE RIVESTITE CON FILM - 90 COMPRESSE IN BLISTER PA/AL/PVC/AL	OLMESARTAN MEDOXOMIL	OLMESARTAN MEDOXOMIL			Compressa rivestita con film	C09DA08	MENARINI INTERNATIONAL OPERATIONS LUXEMBOURG S.A.	Autorizzata	Procedura Mutuo riconoscimento o Decentrata	Medicinali soggetti a prescrizione medica
037109295	037109	OLPREZIDE	40MG/12,5MG COMPRESSE RIVESTITE CON FILM - 98 COMPRESSE IN BLISTER PA/AL/PVC/AL	OLMESARTAN MEDOXOMIL	OLMESARTAN MEDOXOMIL			Compressa rivestita con film	C09DA08	MENARINI INTERNATIONAL OPERATIONS LUXEMBOURG S.A.	Autorizzata	Procedura Mutuo riconoscimento o Decentrata	Medicinali soggetti a prescrizione medica
037109307	037109	OLPREZIDE	40MG/12,5MG COMPRESSE RIVESTITE CON FILM - 10X28 COMPRESSE IN BLISTER PA/AL/PVC/AL	OLMESARTAN MEDOXOMIL	OLMESARTAN MEDOXOMIL			Compressa rivestita con film	C09DA08	MENARINI INTERNATIONAL OPERATIONS LUXEMBOURG S.A.	Autorizzata	Procedura Mutuo riconoscimento o Decentrata	Medicinali soggetti a prescrizione medica
037109319	037109	OLPREZIDE	40MG/12,5MG COMPRESSE RIVESTITE CON FILM - 10X30 COMPRESSE IN BLISTER PA/AL/PVC/AL	OLMESARTAN MEDOXOMIL	OLMESARTAN MEDOXOMIL			Compressa rivestita con film	C09DA08	MENARINI INTERNATIONAL OPERATIONS LUXEMBOURG S.A.	Autorizzata	Procedura Mutuo riconoscimento o Decentrata	Medicinali soggetti a prescrizione medica
037109321	037109	OLPREZIDE	40MG/12,5MG COMPRESSE RIVESTITE CON FILM - 10X1 COMPRESSE IN BLISTER PA/AL/PVC/AL	OLMESARTAN MEDOXOMIL	OLMESARTAN MEDOXOMIL			Compressa rivestita con film	C09DA08	MENARINI INTERNATIONAL OPERATIONS LUXEMBOURG S.A.	Autorizzata	Procedura Mutuo riconoscimento o Decentrata	Medicinali soggetti a prescrizione medica
037109333	037109	OLPREZIDE	40MG/12,5MG COMPRESSE RIVESTITE CON FILM - 50X1 COMPRESSE IN BLISTER PA/AL/PVC/AL	OLMESARTAN MEDOXOMIL	OLMESARTAN MEDOXOMIL			Compressa rivestita con film	C09DA08	MENARINI INTERNATIONAL OPERATIONS LUXEMBOURG S.A.	Autorizzata	Procedura Mutuo riconoscimento o Decentrata	Medicinali soggetti a prescrizione medica
037109345	037109	OLPREZIDE	40MG/12,5MG COMPRESSE RIVESTITE CON FILM - 500X1 COMPRESSE IN BLISTER PA/AL/PVC/AL	OLMESARTAN MEDOXOMIL	OLMESARTAN MEDOXOMIL			Compressa rivestita con film	C09DA08	MENARINI INTERNATIONAL OPERATIONS LUXEMBOURG S.A.	Autorizzata	Procedura Mutuo riconoscimento o Decentrata	Medicinali soggetti a prescrizione medica
037109358	037109	OLPREZIDE	40MG/25MG COMPRESSE RIVESTITE CON FILM - 14 COMPRESSE IN BLISTER PA/AL/PVC/AL	OLMESARTAN MEDOXOMIL	OLMESARTAN MEDOXOMIL			Compressa rivestita con film	C09DA08	MENARINI INTERNATIONAL OPERATIONS LUXEMBOURG S.A.	Autorizzata	Procedura Mutuo riconoscimento o Decentrata	Medicinali soggetti a prescrizione medica
037109360	037109	OLPREZIDE	40MG/25MG COMPRESSE RIVESTITE CON FILM - 28 COMPRESSE IN BLISTER PA/AL/PVC/AL	OLMESARTAN MEDOXOMIL	OLMESARTAN MEDOXOMIL			Compressa rivestita con film	C09DA08	MENARINI INTERNATIONAL OPERATIONS LUXEMBOURG S.A.	Autorizzata	Procedura Mutuo riconoscimento o Decentrata	Medicinali soggetti a prescrizione medica
037109372	037109	OLPREZIDE	40MG/25MG COMPRESSE RIVESTITE CON FILM - 30 COMPRESSE IN BLISTER PA/AL/PVC/AL	OLMESARTAN MEDOXOMIL	OLMESARTAN MEDOXOMIL			Compressa rivestita con film	C09DA08	MENARINI INTERNATIONAL OPERATIONS LUXEMBOURG S.A.	Autorizzata	Procedura Mutuo riconoscimento o Decentrata	Medicinali soggetti a prescrizione medica
037109384	037109	OLPREZIDE	40MG/25MG COMPRESSE RIVESTITE CON FILM - 56 COMPRESSE IN BLISTER PA/AL/PVC/AL	OLMESARTAN MEDOXOMIL	OLMESARTAN MEDOXOMIL			Compressa rivestita con film	C09DA08	MENARINI INTERNATIONAL OPERATIONS LUXEMBOURG S.A.	Autorizzata	Procedura Mutuo riconoscimento o Decentrata	Medicinali soggetti a prescrizione medica
037109396	037109	OLPREZIDE	40MG/25MG COMPRESSE RIVESTITE CON FILM - 84 COMPRESSE IN BLISTER PA/AL/PVC/AL	OLMESARTAN MEDOXOMIL	OLMESARTAN MEDOXOMIL			Compressa rivestita con film	C09DA08	MENARINI INTERNATIONAL OPERATIONS LUXEMBOURG S.A.	Autorizzata	Procedura Mutuo riconoscimento o Decentrata	Medicinali soggetti a prescrizione medica
037109408	037109	OLPREZIDE	40MG/25MG COMPRESSE RIVESTITE CON FILM - 90 COMPRESSE IN BLISTER PA/AL/PVC/AL	OLMESARTAN MEDOXOMIL	OLMESARTAN MEDOXOMIL			Compressa rivestita con film	C09DA08	MENARINI INTERNATIONAL OPERATIONS LUXEMBOURG S.A.	Autorizzata	Procedura Mutuo riconoscimento o Decentrata	Medicinali soggetti a prescrizione medica
037109410	037109	OLPREZIDE	40MG/25MG COMPRESSE RIVESTITE CON FILM - 98 COMPRESSE IN BLISTER PA/AL/PVC/AL	OLMESARTAN MEDOXOMIL	OLMESARTAN MEDOXOMIL			Compressa rivestita con film	C09DA08	MENARINI INTERNATIONAL OPERATIONS LUXEMBOURG S.A.	Autorizzata	Procedura Mutuo riconoscimento o Decentrata	Medicinali soggetti a prescrizione medica
037109422	037109	OLPREZIDE	40MG/25MG COMPRESSE RIVESTITE CON FILM - 10X28 COMPRESSE IN BLISTER PA/AL/PVC/AL	OLMESARTAN MEDOXOMIL	OLMESARTAN MEDOXOMIL			Compressa rivestita con film	C09DA08	MENARINI INTERNATIONAL OPERATIONS LUXEMBOURG S.A.	Autorizzata	Procedura Mutuo riconoscimento o Decentrata	Medicinali soggetti a prescrizione medica
037109434	037109	OLPREZIDE	40MG/25MG COMPRESSE RIVESTITE CON FILM - 10X30 COMPRESSE IN BLISTER PA/AL/PVC/AL	OLMESARTAN MEDOXOMIL	OLMESARTAN MEDOXOMIL			Compressa rivestita con film	C09DA08	MENARINI INTERNATIONAL OPERATIONS LUXEMBOURG S.A.	Autorizzata	Procedura Mutuo riconoscimento o Decentrata	Medicinali soggetti a prescrizione medica
037109446	037109	OLPREZIDE	40MG/25MG COMPRESSE RIVESTITE CON FILM - 10X1 COMPRESSE IN BLISTER PA/AL/PVC/AL	OLMESARTAN MEDOXOMIL	OLMESARTAN MEDOXOMIL			Compressa rivestita con film	C09DA08	MENARINI INTERNATIONAL OPERATIONS LUXEMBOURG S.A.	Autorizzata	Procedura Mutuo riconoscimento o Decentrata	Medicinali soggetti a prescrizione medica
037109459	037109	OLPREZIDE	40MG/25MG COMPRESSE RIVESTITE CON FILM - 50X1 COMPRESSE IN BLISTER PA/AL/PVC/AL	OLMESARTAN MEDOXOMIL	OLMESARTAN MEDOXOMIL			Compressa rivestita con film	C09DA08	MENARINI INTERNATIONAL OPERATIONS LUXEMBOURG S.A.	Autorizzata	Procedura Mutuo riconoscimento o Decentrata	Medicinali soggetti a prescrizione medica
037109461	037109	OLPREZIDE	40MG/25MG COMPRESSE RIVESTITE CON FILM - 500X1 COMPRESSE IN BLISTER PA/AL/PVC/AL	OLMESARTAN MEDOXOMIL	OLMESARTAN MEDOXOMIL			Compressa rivestita con film	C09DA08	MENARINI INTERNATIONAL OPERATIONS LUXEMBOURG S.A.	Autorizzata	Procedura Mutuo riconoscimento o Decentrata	Medicinali soggetti a prescrizione medica
037110018	037110	OLMEGAN	20 MG/12,5 MG COMPRESSE RIVESTITE CON FILM- 14 COMPRESSE  IN BLISTER PA/AL/PVC/AL	OLMESARTAN MEDOXOMIL	OLMESARTAN MEDOXOMIL			Compressa rivestita con film	C09DA08	DAIICHI SANKYO ITALIA S.P.A.	Autorizzata	Procedura Mutuo riconoscimento o Decentrata	Medicinali soggetti a prescrizione medica
037110020	037110	OLMEGAN	20 MG/12,5 MG COMPRESSE RIVESTITE CON FILM- 28 COMPRESSE  IN BLISTER PA/AL/PVC/AL	OLMESARTAN MEDOXOMIL	OLMESARTAN MEDOXOMIL			Compressa rivestita con film	C09DA08	DAIICHI SANKYO ITALIA S.P.A.	Autorizzata	Procedura Mutuo riconoscimento o Decentrata	Medicinali soggetti a prescrizione medica
037110032	037110	OLMEGAN	20 MG/12,5 MG COMPRESSE RIVESTITE CON FILM- 30 COMPRESSE  IN BLISTER PA/AL/PVC/AL	OLMESARTAN MEDOXOMIL	OLMESARTAN MEDOXOMIL			Compressa rivestita con film	C09DA08	DAIICHI SANKYO ITALIA S.P.A.	Autorizzata	Procedura Mutuo riconoscimento o Decentrata	Medicinali soggetti a prescrizione medica
037110044	037110	OLMEGAN	20 MG/12,5 MG COMPRESSE RIVESTITE CON FILM- 56 COMPRESSE  IN BLISTER PA/AL/PVC/AL	OLMESARTAN MEDOXOMIL	OLMESARTAN MEDOXOMIL			Compressa rivestita con film	C09DA08	DAIICHI SANKYO ITALIA S.P.A.	Autorizzata	Procedura Mutuo riconoscimento o Decentrata	Medicinali soggetti a prescrizione medica
037110057	037110	OLMEGAN	20 MG/12,5 MG COMPRESSE RIVESTITE CON FILM- 90 COMPRESSE  IN BLISTER PA/AL/PVC/AL	OLMESARTAN MEDOXOMIL	OLMESARTAN MEDOXOMIL			Compressa rivestita con film	C09DA08	DAIICHI SANKYO ITALIA S.P.A.	Autorizzata	Procedura Mutuo riconoscimento o Decentrata	Medicinali soggetti a prescrizione medica
037110069	037110	OLMEGAN	20 MG/12,5 MG COMPRESSE RIVESTITE CON FILM- 98 COMPRESSE  IN BLISTER PA/AL/PVC/AL	OLMESARTAN MEDOXOMIL	OLMESARTAN MEDOXOMIL			Compressa rivestita con film	C09DA08	DAIICHI SANKYO ITALIA S.P.A.	Autorizzata	Procedura Mutuo riconoscimento o Decentrata	Medicinali soggetti a prescrizione medica
037110071	037110	OLMEGAN	20 MG/12,5 MG COMPRESSE RIVESTITE CON FILM- 10X28 COMPRESSE  IN BLISTER PA/AL/PVC/AL	OLMESARTAN MEDOXOMIL	OLMESARTAN MEDOXOMIL			Compressa rivestita con film	C09DA08	DAIICHI SANKYO ITALIA S.P.A.	Autorizzata	Procedura Mutuo riconoscimento o Decentrata	Medicinali soggetti a prescrizione medica
037110083	037110	OLMEGAN	20 MG/12,5 MG COMPRESSE RIVESTITE CON FILM- 10 COMPRESSE  IN BLISTER PA/AL/PVC/AL DOSE UNITARIA	OLMESARTAN MEDOXOMIL	OLMESARTAN MEDOXOMIL			Compressa rivestita con film	C09DA08	DAIICHI SANKYO ITALIA S.P.A.	Autorizzata	Procedura Mutuo riconoscimento o Decentrata	Medicinali soggetti a prescrizione medica
037110095	037110	OLMEGAN	20 MG/12,5 MG COMPRESSE RIVESTITE CON FILM- 50 COMPRESSE  IN BLISTER PA/AL/PVC/AL DOSE UNITARIA	OLMESARTAN MEDOXOMIL	OLMESARTAN MEDOXOMIL			Compressa rivestita con film	C09DA08	DAIICHI SANKYO ITALIA S.P.A.	Autorizzata	Procedura Mutuo riconoscimento o Decentrata	Medicinali soggetti a prescrizione medica
037110107	037110	OLMEGAN	20 MG/12,5 MG COMPRESSE RIVESTITE CON FILM- 500 COMPRESSE  IN BLISTER PA/AL/PVC/AL DOSE UNITARIA	OLMESARTAN MEDOXOMIL	OLMESARTAN MEDOXOMIL			Compressa rivestita con film	C09DA08	DAIICHI SANKYO ITALIA S.P.A.	Autorizzata	Procedura Mutuo riconoscimento o Decentrata	Medicinali soggetti a prescrizione medica
037110119	037110	OLMEGAN	20 MG/12,5 MG COMPRESSE RIVESTITE CON FILM- 84 COMPRESSE  IN BLISTER PA/AL/PVC/AL	OLMESARTAN MEDOXOMIL	OLMESARTAN MEDOXOMIL			Compressa rivestita con film	C09DA08	DAIICHI SANKYO ITALIA S.P.A.	Autorizzata	Procedura Mutuo riconoscimento o Decentrata	Medicinali soggetti a prescrizione medica
037110121	037110	OLMEGAN	20 MG/25 MG COMPRESSE RIVESTITE CON FILM- 14 COMPRESSE IN BLISTER PA/AL/PVC/AL	OLMESARTAN MEDOXOMIL	OLMESARTAN MEDOXOMIL			Compressa rivestita con film	C09DA08	DAIICHI SANKYO ITALIA S.P.A.	Autorizzata	Procedura Mutuo riconoscimento o Decentrata	Medicinali soggetti a prescrizione medica
037110133	037110	OLMEGAN	20 MG/25 MG COMPRESSE RIVESTITE CON FILM- 28 COMPRESSE IN BLISTER PA/AL/PVC/AL	OLMESARTAN MEDOXOMIL	OLMESARTAN MEDOXOMIL			Compressa rivestita con film	C09DA08	DAIICHI SANKYO ITALIA S.P.A.	Autorizzata	Procedura Mutuo riconoscimento o Decentrata	Medicinali soggetti a prescrizione medica
037110145	037110	OLMEGAN	20 MG/25 MG COMPRESSE RIVESTITE CON FILM- 30 COMPRESSE IN BLISTER PA/AL/PVC/AL	OLMESARTAN MEDOXOMIL	OLMESARTAN MEDOXOMIL			Compressa rivestita con film	C09DA08	DAIICHI SANKYO ITALIA S.P.A.	Autorizzata	Procedura Mutuo riconoscimento o Decentrata	Medicinali soggetti a prescrizione medica
037110158	037110	OLMEGAN	20 MG/25 MG COMPRESSE RIVESTITE CON FILM- 56 COMPRESSE IN BLISTER PA/AL/PVC/AL	OLMESARTAN MEDOXOMIL	OLMESARTAN MEDOXOMIL			Compressa rivestita con film	C09DA08	DAIICHI SANKYO ITALIA S.P.A.	Autorizzata	Procedura Mutuo riconoscimento o Decentrata	Medicinali soggetti a prescrizione medica
037110160	037110	OLMEGAN	20 MG/25 MG COMPRESSE RIVESTITE CON FILM- 84 COMPRESSE IN BLISTER PA/AL/PVC/AL	OLMESARTAN MEDOXOMIL	OLMESARTAN MEDOXOMIL			Compressa rivestita con film	C09DA08	DAIICHI SANKYO ITALIA S.P.A.	Autorizzata	Procedura Mutuo riconoscimento o Decentrata	Medicinali soggetti a prescrizione medica
037110172	037110	OLMEGAN	20 MG/25 MG COMPRESSE RIVESTITE CON FILM- 90 COMPRESSE IN BLISTER PA/AL/PVC/AL	OLMESARTAN MEDOXOMIL	OLMESARTAN MEDOXOMIL			Compressa rivestita con film	C09DA08	DAIICHI SANKYO ITALIA S.P.A.	Autorizzata	Procedura Mutuo riconoscimento o Decentrata	Medicinali soggetti a prescrizione medica
037110184	037110	OLMEGAN	20 MG/25 MG COMPRESSE RIVESTITE CON FILM- 98 COMPRESSE IN BLISTER PA/AL/PVC/AL	OLMESARTAN MEDOXOMIL	OLMESARTAN MEDOXOMIL			Compressa rivestita con film	C09DA08	DAIICHI SANKYO ITALIA S.P.A.	Autorizzata	Procedura Mutuo riconoscimento o Decentrata	Medicinali soggetti a prescrizione medica
037110196	037110	OLMEGAN	20 MG/25 MG COMPRESSE RIVESTITE CON FILM- 10X28 COMPRESSE IN BLISTER PA/AL/PVC/AL	OLMESARTAN MEDOXOMIL	OLMESARTAN MEDOXOMIL			Compressa rivestita con film	C09DA08	DAIICHI SANKYO ITALIA S.P.A.	Autorizzata	Procedura Mutuo riconoscimento o Decentrata	Medicinali soggetti a prescrizione medica
037110208	037110	OLMEGAN	20 MG/25 MG COMPRESSE RIVESTITE CON FILM- 10 COMPRESSE IN BLISTER PA/AL/PVC/AL DOSE UNITARIA	OLMESARTAN MEDOXOMIL	OLMESARTAN MEDOXOMIL			Compressa rivestita con film	C09DA08	DAIICHI SANKYO ITALIA S.P.A.	Autorizzata	Procedura Mutuo riconoscimento o Decentrata	Medicinali soggetti a prescrizione medica
037110210	037110	OLMEGAN	20 MG/25 MG COMPRESSE RIVESTITE CON FILM- 50 COMPRESSE IN BLISTER PA/AL/PVC/AL DOSE UNITARIA	OLMESARTAN MEDOXOMIL	OLMESARTAN MEDOXOMIL			Compressa rivestita con film	C09DA08	DAIICHI SANKYO ITALIA S.P.A.	Autorizzata	Procedura Mutuo riconoscimento o Decentrata	Medicinali soggetti a prescrizione medica
037110222	037110	OLMEGAN	20 MG/25 MG COMPRESSE RIVESTITE CON FILM- 500 COMPRESSE IN BLISTER PA/AL/PVC/AL DOSE UNITARIA	OLMESARTAN MEDOXOMIL	OLMESARTAN MEDOXOMIL			Compressa rivestita con film	C09DA08	DAIICHI SANKYO ITALIA S.P.A.	Autorizzata	Procedura Mutuo riconoscimento o Decentrata	Medicinali soggetti a prescrizione medica
037110234	037110	OLMEGAN	40MG/12,5MG COMPRESSE RIVESTITE CON FILM - 14 COMPRESSE IN BLISTER PA/AL/PVC/AL	OLMESARTAN MEDOXOMIL	OLMESARTAN MEDOXOMIL			Compressa rivestita con film	C09DA08	DAIICHI SANKYO ITALIA S.P.A.	Autorizzata	Procedura Mutuo riconoscimento o Decentrata	Medicinali soggetti a prescrizione medica
037110246	037110	OLMEGAN	40MG/12,5MG COMPRESSE RIVESTITE CON FILM - 28 COMPRESSE IN BLISTER PA/AL/PVC/AL	OLMESARTAN MEDOXOMIL	OLMESARTAN MEDOXOMIL			Compressa rivestita con film	C09DA08	DAIICHI SANKYO ITALIA S.P.A.	Autorizzata	Procedura Mutuo riconoscimento o Decentrata	Medicinali soggetti a prescrizione medica
037110259	037110	OLMEGAN	40MG/12,5MG COMPRESSE RIVESTITE CON FILM - 30 COMPRESSE IN BLISTER PA/AL/PVC/AL	OLMESARTAN MEDOXOMIL	OLMESARTAN MEDOXOMIL			Compressa rivestita con film	C09DA08	DAIICHI SANKYO ITALIA S.P.A.	Autorizzata	Procedura Mutuo riconoscimento o Decentrata	Medicinali soggetti a prescrizione medica
037110261	037110	OLMEGAN	40MG/12,5MG COMPRESSE RIVESTITE CON FILM - 56 COMPRESSE IN BLISTER PA/AL/PVC/AL	OLMESARTAN MEDOXOMIL	OLMESARTAN MEDOXOMIL			Compressa rivestita con film	C09DA08	DAIICHI SANKYO ITALIA S.P.A.	Autorizzata	Procedura Mutuo riconoscimento o Decentrata	Medicinali soggetti a prescrizione medica
037110273	037110	OLMEGAN	40MG/12,5MG COMPRESSE RIVESTITE CON FILM - 84 COMPRESSE IN BLISTER PA/AL/PVC/AL	OLMESARTAN MEDOXOMIL	OLMESARTAN MEDOXOMIL			Compressa rivestita con film	C09DA08	DAIICHI SANKYO ITALIA S.P.A.	Autorizzata	Procedura Mutuo riconoscimento o Decentrata	Medicinali soggetti a prescrizione medica
037110285	037110	OLMEGAN	40MG/12,5MG COMPRESSE RIVESTITE CON FILM - 90 COMPRESSE IN BLISTER PA/AL/PVC/AL	OLMESARTAN MEDOXOMIL	OLMESARTAN MEDOXOMIL			Compressa rivestita con film	C09DA08	DAIICHI SANKYO ITALIA S.P.A.	Autorizzata	Procedura Mutuo riconoscimento o Decentrata	Medicinali soggetti a prescrizione medica
037110297	037110	OLMEGAN	40MG/12,5MG COMPRESSE RIVESTITE CON FILM - 98 COMPRESSE IN BLISTER PA/AL/PVC/AL	OLMESARTAN MEDOXOMIL	OLMESARTAN MEDOXOMIL			Compressa rivestita con film	C09DA08	DAIICHI SANKYO ITALIA S.P.A.	Autorizzata	Procedura Mutuo riconoscimento o Decentrata	Medicinali soggetti a prescrizione medica
037110309	037110	OLMEGAN	40MG/12,5MG COMPRESSE RIVESTITE CON FILM - 10X28 COMPRESSE IN BLISTER PA/AL/PVC/AL	OLMESARTAN MEDOXOMIL	OLMESARTAN MEDOXOMIL			Compressa rivestita con film	C09DA08	DAIICHI SANKYO ITALIA S.P.A.	Autorizzata	Procedura Mutuo riconoscimento o Decentrata	Medicinali soggetti a prescrizione medica
037110311	037110	OLMEGAN	40MG/12,5MG COMPRESSE RIVESTITE CON FILM - 10X30 COMPRESSE IN BLISTER PA/AL/PVC/AL	OLMESARTAN MEDOXOMIL	OLMESARTAN MEDOXOMIL			Compressa rivestita con film	C09DA08	DAIICHI SANKYO ITALIA S.P.A.	Autorizzata	Procedura Mutuo riconoscimento o Decentrata	Medicinali soggetti a prescrizione medica
037110323	037110	OLMEGAN	40MG/12,5MG COMPRESSE RIVESTITE CON FILM - 10X1 COMPRESSE IN BLISTER PA/AL/PVC/AL	OLMESARTAN MEDOXOMIL	OLMESARTAN MEDOXOMIL			Compressa rivestita con film	C09DA08	DAIICHI SANKYO ITALIA S.P.A.	Autorizzata	Procedura Mutuo riconoscimento o Decentrata	Medicinali soggetti a prescrizione medica
037110335	037110	OLMEGAN	40MG/12,5MG COMPRESSE RIVESTITE CON FILM - 50X1 COMPRESSE IN BLISTER PA/AL/PVC/AL	OLMESARTAN MEDOXOMIL	OLMESARTAN MEDOXOMIL			Compressa rivestita con film	C09DA08	DAIICHI SANKYO ITALIA S.P.A.	Autorizzata	Procedura Mutuo riconoscimento o Decentrata	Medicinali soggetti a prescrizione medica
037110347	037110	OLMEGAN	40MG/12,5MG COMPRESSE RIVESTITE CON FILM - 500X1 COMPRESSE IN BLISTER PA/AL/PVC/AL	OLMESARTAN MEDOXOMIL	OLMESARTAN MEDOXOMIL			Compressa rivestita con film	C09DA08	DAIICHI SANKYO ITALIA S.P.A.	Autorizzata	Procedura Mutuo riconoscimento o Decentrata	Medicinali soggetti a prescrizione medica
037110350	037110	OLMEGAN	40MG/25MG COMPRESSE RIVESTITE CON FILM - 14 COMPRESSE IN BLISTER PA/AL/PVC/AL	OLMESARTAN MEDOXOMIL	OLMESARTAN MEDOXOMIL			Compressa rivestita con film	C09DA08	DAIICHI SANKYO ITALIA S.P.A.	Autorizzata	Procedura Mutuo riconoscimento o Decentrata	Medicinali soggetti a prescrizione medica
037110362	037110	OLMEGAN	40MG/25MG COMPRESSE RIVESTITE CON FILM - 28 COMPRESSE IN BLISTER PA/AL/PVC/AL	OLMESARTAN MEDOXOMIL	OLMESARTAN MEDOXOMIL			Compressa rivestita con film	C09DA08	DAIICHI SANKYO ITALIA S.P.A.	Autorizzata	Procedura Mutuo riconoscimento o Decentrata	Medicinali soggetti a prescrizione medica
037110374	037110	OLMEGAN	40MG/25MG COMPRESSE RIVESTITE CON FILM - 30 COMPRESSE IN BLISTER PA/AL/PVC/AL	OLMESARTAN MEDOXOMIL	OLMESARTAN MEDOXOMIL			Compressa rivestita con film	C09DA08	DAIICHI SANKYO ITALIA S.P.A.	Autorizzata	Procedura Mutuo riconoscimento o Decentrata	Medicinali soggetti a prescrizione medica
037110386	037110	OLMEGAN	40MG/25MG COMPRESSE RIVESTITE CON FILM - 56 COMPRESSE IN BLISTER PA/AL/PVC/AL	OLMESARTAN MEDOXOMIL	OLMESARTAN MEDOXOMIL			Compressa rivestita con film	C09DA08	DAIICHI SANKYO ITALIA S.P.A.	Autorizzata	Procedura Mutuo riconoscimento o Decentrata	Medicinali soggetti a prescrizione medica
037110398	037110	OLMEGAN	40MG/25MG COMPRESSE RIVESTITE CON FILM - 84 COMPRESSE IN BLISTER PA/AL/PVC/AL	OLMESARTAN MEDOXOMIL	OLMESARTAN MEDOXOMIL			Compressa rivestita con film	C09DA08	DAIICHI SANKYO ITALIA S.P.A.	Autorizzata	Procedura Mutuo riconoscimento o Decentrata	Medicinali soggetti a prescrizione medica
037110400	037110	OLMEGAN	40MG/25MG COMPRESSE RIVESTITE CON FILM - 90 COMPRESSE IN BLISTER PA/AL/PVC/AL	OLMESARTAN MEDOXOMIL	OLMESARTAN MEDOXOMIL			Compressa rivestita con film	C09DA08	DAIICHI SANKYO ITALIA S.P.A.	Autorizzata	Procedura Mutuo riconoscimento o Decentrata	Medicinali soggetti a prescrizione medica
037110412	037110	OLMEGAN	40MG/25MG COMPRESSE RIVESTITE CON FILM - 98 COMPRESSE IN BLISTER PA/AL/PVC/AL	OLMESARTAN MEDOXOMIL	OLMESARTAN MEDOXOMIL			Compressa rivestita con film	C09DA08	DAIICHI SANKYO ITALIA S.P.A.	Autorizzata	Procedura Mutuo riconoscimento o Decentrata	Medicinali soggetti a prescrizione medica
037110424	037110	OLMEGAN	40MG/25MG COMPRESSE RIVESTITE CON FILM - 10X28 COMPRESSE IN BLISTER PA/AL/PVC/AL	OLMESARTAN MEDOXOMIL	OLMESARTAN MEDOXOMIL			Compressa rivestita con film	C09DA08	DAIICHI SANKYO ITALIA S.P.A.	Autorizzata	Procedura Mutuo riconoscimento o Decentrata	Medicinali soggetti a prescrizione medica
037110436	037110	OLMEGAN	40MG/25MG COMPRESSE RIVESTITE CON FILM - 10X30 COMPRESSE IN BLISTER PA/AL/PVC/AL	OLMESARTAN MEDOXOMIL	OLMESARTAN MEDOXOMIL			Compressa rivestita con film	C09DA08	DAIICHI SANKYO ITALIA S.P.A.	Autorizzata	Procedura Mutuo riconoscimento o Decentrata	Medicinali soggetti a prescrizione medica
037110448	037110	OLMEGAN	40MG/25MG COMPRESSE RIVESTITE CON FILM - 10X1 COMPRESSE IN BLISTER PA/AL/PVC/AL	OLMESARTAN MEDOXOMIL	OLMESARTAN MEDOXOMIL			Compressa rivestita con film	C09DA08	DAIICHI SANKYO ITALIA S.P.A.	Autorizzata	Procedura Mutuo riconoscimento o Decentrata	Medicinali soggetti a prescrizione medica
037110451	037110	OLMEGAN	40MG/25MG COMPRESSE RIVESTITE CON FILM - 50X1 COMPRESSE IN BLISTER PA/AL/PVC/AL	OLMESARTAN MEDOXOMIL	OLMESARTAN MEDOXOMIL			Compressa rivestita con film	C09DA08	DAIICHI SANKYO ITALIA S.P.A.	Autorizzata	Procedura Mutuo riconoscimento o Decentrata	Medicinali soggetti a prescrizione medica
037110463	037110	OLMEGAN	40MG/25MG COMPRESSE RIVESTITE CON FILM - 500X1 COMPRESSE IN BLISTER PA/AL/PVC/AL	OLMESARTAN MEDOXOMIL	OLMESARTAN MEDOXOMIL			Compressa rivestita con film	C09DA08	DAIICHI SANKYO ITALIA S.P.A.	Autorizzata	Procedura Mutuo riconoscimento o Decentrata	Medicinali soggetti a prescrizione medica
038946012	038946	GIANT	20 MG/5 MG COMPRESSE RIVESTITE CON FILM- 28 COMPRESSE IN BLISTER OPA/AL/PVC/AL	OLMESARTAN MEDOXOMIL	OLMESARTAN MEDOXOMIL			Compressa rivestita con film	C09DB02	MENARINI INTERNATIONAL OPERATIONS LUXEMBOURG S.A.	Autorizzata	Procedura Mutuo riconoscimento o Decentrata	Medicinali soggetti a prescrizione medica
038946024	038946	GIANT	20 MG/5 MG COMPRESSE RIVESTITE CON FILM- 56 COMPRESSE IN BLISTER OPA/AL/PVC/AL	OLMESARTAN MEDOXOMIL	OLMESARTAN MEDOXOMIL			Compressa rivestita con film	C09DB02	MENARINI INTERNATIONAL OPERATIONS LUXEMBOURG S.A.	Autorizzata	Procedura Mutuo riconoscimento o Decentrata	Medicinali soggetti a prescrizione medica
038946036	038946	GIANT	20 MG/5 MG COMPRESSE RIVESTITE CON FILM- 98 COMPRESSE IN BLISTER OPA/AL/PVC/AL	OLMESARTAN MEDOXOMIL	OLMESARTAN MEDOXOMIL			Compressa rivestita con film	C09DB02	MENARINI INTERNATIONAL OPERATIONS LUXEMBOURG S.A.	Autorizzata	Procedura Mutuo riconoscimento o Decentrata	Medicinali soggetti a prescrizione medica
038946048	038946	GIANT	20 MG/5 MG COMPRESSE RIVESTITE CON FILM- 10X28 COMPRESSE IN BLISTER OPA/AL/PVC/AL	OLMESARTAN MEDOXOMIL	OLMESARTAN MEDOXOMIL			Compressa rivestita con film	C09DB02	MENARINI INTERNATIONAL OPERATIONS LUXEMBOURG S.A.	Autorizzata	Procedura Mutuo riconoscimento o Decentrata	Medicinali soggetti a prescrizione medica
038946051	038946	GIANT	20 MG/5 MG COMPRESSE RIVESTITE CON FILM- 50 COMPRESSE IN BLISTER OPA/AL/PVC/AL DOSE UNITARIA	OLMESARTAN MEDOXOMIL	OLMESARTAN MEDOXOMIL			Compressa rivestita con film	C09DB02	MENARINI INTERNATIONAL OPERATIONS LUXEMBOURG S.A.	Autorizzata	Procedura Mutuo riconoscimento o Decentrata	Medicinali soggetti a prescrizione medica
038946063	038946	GIANT	20 MG/5 MG COMPRESSE RIVESTITE CON FILM- 500 COMPRESSE IN BLISTER OPA/AL/PVC/AL DOSE UNITARIA	OLMESARTAN MEDOXOMIL	OLMESARTAN MEDOXOMIL			Compressa rivestita con film	C09DB02	MENARINI INTERNATIONAL OPERATIONS LUXEMBOURG S.A.	Autorizzata	Procedura Mutuo riconoscimento o Decentrata	Medicinali soggetti a prescrizione medica
038946075	038946	GIANT	40 MG/5 MG COMPRESSE RIVESTITE CON FILM- 28 COMPRESSE IN BLISTER OPA/AL/PVC/AL	OLMESARTAN MEDOXOMIL	OLMESARTAN MEDOXOMIL			Compressa rivestita con film	C09DB02	MENARINI INTERNATIONAL OPERATIONS LUXEMBOURG S.A.	Autorizzata	Procedura Mutuo riconoscimento o Decentrata	Medicinali soggetti a prescrizione medica
038946087	038946	GIANT	40 MG/5 MG COMPRESSE RIVESTITE CON FILM- 56 COMPRESSE IN BLISTER OPA/AL/PVC/AL	OLMESARTAN MEDOXOMIL	OLMESARTAN MEDOXOMIL			Compressa rivestita con film	C09DB02	MENARINI INTERNATIONAL OPERATIONS LUXEMBOURG S.A.	Autorizzata	Procedura Mutuo riconoscimento o Decentrata	Medicinali soggetti a prescrizione medica
038946099	038946	GIANT	40 MG/5 MG COMPRESSE RIVESTITE CON FILM- 98 COMPRESSE IN BLISTER OPA/AL/PVC/AL	OLMESARTAN MEDOXOMIL	OLMESARTAN MEDOXOMIL			Compressa rivestita con film	C09DB02	MENARINI INTERNATIONAL OPERATIONS LUXEMBOURG S.A.	Autorizzata	Procedura Mutuo riconoscimento o Decentrata	Medicinali soggetti a prescrizione medica
038946101	038946	GIANT	40 MG/5 MG COMPRESSE RIVESTITE CON FILM- 10X28 COMPRESSE IN BLISTER OPA/AL/PVC/AL	OLMESARTAN MEDOXOMIL	OLMESARTAN MEDOXOMIL			Compressa rivestita con film	C09DB02	MENARINI INTERNATIONAL OPERATIONS LUXEMBOURG S.A.	Autorizzata	Procedura Mutuo riconoscimento o Decentrata	Medicinali soggetti a prescrizione medica
038946113	038946	GIANT	40 MG/5 MG COMPRESSE RIVESTITE CON FILM- 50 COMPRESSE IN BLISTER OPA/AL/PVC/AL DOSE UNITARIA	OLMESARTAN MEDOXOMIL	OLMESARTAN MEDOXOMIL			Compressa rivestita con film	C09DB02	MENARINI INTERNATIONAL OPERATIONS LUXEMBOURG S.A.	Autorizzata	Procedura Mutuo riconoscimento o Decentrata	Medicinali soggetti a prescrizione medica
038946125	038946	GIANT	40 MG/5 MG COMPRESSE RIVESTITE CON FILM- 500 COMPRESSE IN BLISTER OPA/AL/PVC/AL DOSE UNITARIA	OLMESARTAN MEDOXOMIL	OLMESARTAN MEDOXOMIL			Compressa rivestita con film	C09DB02	MENARINI INTERNATIONAL OPERATIONS LUXEMBOURG S.A.	Autorizzata	Procedura Mutuo riconoscimento o Decentrata	Medicinali soggetti a prescrizione medica
038946137	038946	GIANT	40 MG/10 MG COMPRESSE RIVESTITE CON FILM- 28 COMPRESSE IN BLISTER OPA/AL/PVC/AL	OLMESARTAN MEDOXOMIL	OLMESARTAN MEDOXOMIL			Compressa rivestita con film	C09DB02	MENARINI INTERNATIONAL OPERATIONS LUXEMBOURG S.A.	Autorizzata	Procedura Mutuo riconoscimento o Decentrata	Medicinali soggetti a prescrizione medica
038946149	038946	GIANT	40 MG/10 MG COMPRESSE RIVESTITE CON FILM- 56 COMPRESSE IN BLISTER OPA/AL/PVC/AL	OLMESARTAN MEDOXOMIL	OLMESARTAN MEDOXOMIL			Compressa rivestita con film	C09DB02	MENARINI INTERNATIONAL OPERATIONS LUXEMBOURG S.A.	Autorizzata	Procedura Mutuo riconoscimento o Decentrata	Medicinali soggetti a prescrizione medica
038946152	038946	GIANT	40 MG/10 MG COMPRESSE RIVESTITE CON FILM- 98 COMPRESSE IN BLISTER OPA/AL/PVC/AL	OLMESARTAN MEDOXOMIL	OLMESARTAN MEDOXOMIL			Compressa rivestita con film	C09DB02	MENARINI INTERNATIONAL OPERATIONS LUXEMBOURG S.A.	Autorizzata	Procedura Mutuo riconoscimento o Decentrata	Medicinali soggetti a prescrizione medica
038946164	038946	GIANT	40 MG/10 MG COMPRESSE RIVESTITE CON FILM- 10X28 COMPRESSE IN BLISTER OPA/AL/PVC/AL	OLMESARTAN MEDOXOMIL	OLMESARTAN MEDOXOMIL			Compressa rivestita con film	C09DB02	MENARINI INTERNATIONAL OPERATIONS LUXEMBOURG S.A.	Autorizzata	Procedura Mutuo riconoscimento o Decentrata	Medicinali soggetti a prescrizione medica
038946176	038946	GIANT	40 MG/10 MG COMPRESSE RIVESTITE CON FILM- 50 COMPRESSE IN BLISTER OPA/AL/PVC/AL DOSE UNITARIA	OLMESARTAN MEDOXOMIL	OLMESARTAN MEDOXOMIL			Compressa rivestita con film	C09DB02	MENARINI INTERNATIONAL OPERATIONS LUXEMBOURG S.A.	Autorizzata	Procedura Mutuo riconoscimento o Decentrata	Medicinali soggetti a prescrizione medica
038946188	038946	GIANT	40 MG/10 MG COMPRESSE RIVESTITE CON FILM- 500 COMPRESSE IN BLISTER OPA/AL/PVC/AL DOSE UNITARIA	OLMESARTAN MEDOXOMIL	OLMESARTAN MEDOXOMIL			Compressa rivestita con film	C09DB02	MENARINI INTERNATIONAL OPERATIONS LUXEMBOURG S.A.	Autorizzata	Procedura Mutuo riconoscimento o Decentrata	Medicinali soggetti a prescrizione medica
038947014	038947	BIVIS	20 MG/5 MG COMPRESSE RIVESTITE CON FILM- 14 COMPRESSE IN BLISTER OPA/AL/PVC/AL	OLMESARTAN MEDOXOMIL	OLMESARTAN MEDOXOMIL			Compressa rivestita con film	C09DB02	MENARINI INTERNATIONAL OPERATIONS LUXEMBOURG S.A.	Autorizzata	Procedura Mutuo riconoscimento o Decentrata	Medicinali soggetti a prescrizione medica
038947026	038947	BIVIS	20 MG/5 MG COMPRESSE RIVESTITE CON FILM- 28 COMPRESSE IN BLISTER OPA/AL/PVC/AL	OLMESARTAN MEDOXOMIL	OLMESARTAN MEDOXOMIL			Compressa rivestita con film	C09DB02	MENARINI INTERNATIONAL OPERATIONS LUXEMBOURG S.A.	Autorizzata	Procedura Mutuo riconoscimento o Decentrata	Medicinali soggetti a prescrizione medica
038947038	038947	BIVIS	20 MG/5 MG COMPRESSE RIVESTITE CON FILM- 30 COMPRESSE IN BLISTER OPA/AL/PVC/AL	OLMESARTAN MEDOXOMIL	OLMESARTAN MEDOXOMIL			Compressa rivestita con film	C09DB02	MENARINI INTERNATIONAL OPERATIONS LUXEMBOURG S.A.	Autorizzata	Procedura Mutuo riconoscimento o Decentrata	Medicinali soggetti a prescrizione medica
038947040	038947	BIVIS	20 MG/5 MG COMPRESSE RIVESTITE CON FILM- 56 COMPRESSE IN BLISTER OPA/AL/PVC/AL	OLMESARTAN MEDOXOMIL	OLMESARTAN MEDOXOMIL			Compressa rivestita con film	C09DB02	MENARINI INTERNATIONAL OPERATIONS LUXEMBOURG S.A.	Autorizzata	Procedura Mutuo riconoscimento o Decentrata	Medicinali soggetti a prescrizione medica
038947053	038947	BIVIS	20 MG/5 MG COMPRESSE RIVESTITE CON FILM- 90 COMPRESSE IN BLISTER OPA/AL/PVC/AL	OLMESARTAN MEDOXOMIL	OLMESARTAN MEDOXOMIL			Compressa rivestita con film	C09DB02	MENARINI INTERNATIONAL OPERATIONS LUXEMBOURG S.A.	Autorizzata	Procedura Mutuo riconoscimento o Decentrata	Medicinali soggetti a prescrizione medica
038947065	038947	BIVIS	20 MG/5 MG COMPRESSE RIVESTITE CON FILM- 98 COMPRESSE IN BLISTER OPA/AL/PVC/AL	OLMESARTAN MEDOXOMIL	OLMESARTAN MEDOXOMIL			Compressa rivestita con film	C09DB02	MENARINI INTERNATIONAL OPERATIONS LUXEMBOURG S.A.	Autorizzata	Procedura Mutuo riconoscimento o Decentrata	Medicinali soggetti a prescrizione medica
038947077	038947	BIVIS	20 MG/5 MG COMPRESSE RIVESTITE CON FILM- 10X28 COMPRESSE IN BLISTER OPA/AL/PVC/AL	OLMESARTAN MEDOXOMIL	OLMESARTAN MEDOXOMIL			Compressa rivestita con film	C09DB02	MENARINI INTERNATIONAL OPERATIONS LUXEMBOURG S.A.	Autorizzata	Procedura Mutuo riconoscimento o Decentrata	Medicinali soggetti a prescrizione medica
038947089	038947	BIVIS	20 MG/5 MG COMPRESSE RIVESTITE CON FILM- 10X30 COMPRESSE IN BLISTER OPA/AL/PVC/AL	OLMESARTAN MEDOXOMIL	OLMESARTAN MEDOXOMIL			Compressa rivestita con film	C09DB02	MENARINI INTERNATIONAL OPERATIONS LUXEMBOURG S.A.	Autorizzata	Procedura Mutuo riconoscimento o Decentrata	Medicinali soggetti a prescrizione medica
038947091	038947	BIVIS	20 MG/5 MG COMPRESSE RIVESTITE CON FILM- 10 COMPRESSE IN BLISTER OPA/AL/PVC/AL DOSE UNITARIA	OLMESARTAN MEDOXOMIL	OLMESARTAN MEDOXOMIL			Compressa rivestita con film	C09DB02	MENARINI INTERNATIONAL OPERATIONS LUXEMBOURG S.A.	Autorizzata	Procedura Mutuo riconoscimento o Decentrata	Medicinali soggetti a prescrizione medica
038947103	038947	BIVIS	20 MG/5 MG COMPRESSE RIVESTITE CON FILM- 50 COMPRESSE IN BLISTER OPA/AL/PVC/AL DOSE UNITARIA	OLMESARTAN MEDOXOMIL	OLMESARTAN MEDOXOMIL			Compressa rivestita con film	C09DB02	MENARINI INTERNATIONAL OPERATIONS LUXEMBOURG S.A.	Autorizzata	Procedura Mutuo riconoscimento o Decentrata	Medicinali soggetti a prescrizione medica
038947115	038947	BIVIS	20 MG/5 MG COMPRESSE RIVESTITE CON FILM- 500 COMPRESSE IN BLISTER OPA/AL/PVC/AL DOSE UNITARIA	OLMESARTAN MEDOXOMIL	OLMESARTAN MEDOXOMIL			Compressa rivestita con film	C09DB02	MENARINI INTERNATIONAL OPERATIONS LUXEMBOURG S.A.	Autorizzata	Procedura Mutuo riconoscimento o Decentrata	Medicinali soggetti a prescrizione medica
038947127	038947	BIVIS	40 MG/5 MG COMPRESSE RIVESTITE CON FILM- 14 COMPRESSE IN BLISTER OPA/AL/PVC/AL	OLMESARTAN MEDOXOMIL	OLMESARTAN MEDOXOMIL			Compressa rivestita con film	C09DB02	MENARINI INTERNATIONAL OPERATIONS LUXEMBOURG S.A.	Autorizzata	Procedura Mutuo riconoscimento o Decentrata	Medicinali soggetti a prescrizione medica
038947139	038947	BIVIS	40 MG/5 MG COMPRESSE RIVESTITE CON FILM- 28 COMPRESSE IN BLISTER OPA/AL/PVC/AL	OLMESARTAN MEDOXOMIL	OLMESARTAN MEDOXOMIL			Compressa rivestita con film	C09DB02	MENARINI INTERNATIONAL OPERATIONS LUXEMBOURG S.A.	Autorizzata	Procedura Mutuo riconoscimento o Decentrata	Medicinali soggetti a prescrizione medica
038947141	038947	BIVIS	40 MG/5 MG COMPRESSE RIVESTITE CON FILM- 30 COMPRESSE IN BLISTER OPA/AL/PVC/AL	OLMESARTAN MEDOXOMIL	OLMESARTAN MEDOXOMIL			Compressa rivestita con film	C09DB02	MENARINI INTERNATIONAL OPERATIONS LUXEMBOURG S.A.	Autorizzata	Procedura Mutuo riconoscimento o Decentrata	Medicinali soggetti a prescrizione medica
038947154	038947	BIVIS	40 MG/5 MG COMPRESSE RIVESTITE CON FILM- 56 COMPRESSE IN BLISTER OPA/AL/PVC/AL	OLMESARTAN MEDOXOMIL	OLMESARTAN MEDOXOMIL			Compressa rivestita con film	C09DB02	MENARINI INTERNATIONAL OPERATIONS LUXEMBOURG S.A.	Autorizzata	Procedura Mutuo riconoscimento o Decentrata	Medicinali soggetti a prescrizione medica
038947166	038947	BIVIS	40 MG/5 MG COMPRESSE RIVESTITE CON FILM- 90 COMPRESSE IN BLISTER OPA/AL/PVC/AL	OLMESARTAN MEDOXOMIL	OLMESARTAN MEDOXOMIL			Compressa rivestita con film	C09DB02	MENARINI INTERNATIONAL OPERATIONS LUXEMBOURG S.A.	Autorizzata	Procedura Mutuo riconoscimento o Decentrata	Medicinali soggetti a prescrizione medica
038947178	038947	BIVIS	40 MG/5 MG COMPRESSE RIVESTITE CON FILM- 98 COMPRESSE IN BLISTER OPA/AL/PVC/AL	OLMESARTAN MEDOXOMIL	OLMESARTAN MEDOXOMIL			Compressa rivestita con film	C09DB02	MENARINI INTERNATIONAL OPERATIONS LUXEMBOURG S.A.	Autorizzata	Procedura Mutuo riconoscimento o Decentrata	Medicinali soggetti a prescrizione medica
038947180	038947	BIVIS	40 MG/5 MG COMPRESSE RIVESTITE CON FILM- 10X28 COMPRESSE IN BLISTER OPA/AL/PVC/AL	OLMESARTAN MEDOXOMIL	OLMESARTAN MEDOXOMIL			Compressa rivestita con film	C09DB02	MENARINI INTERNATIONAL OPERATIONS LUXEMBOURG S.A.	Autorizzata	Procedura Mutuo riconoscimento o Decentrata	Medicinali soggetti a prescrizione medica
038947192	038947	BIVIS	40 MG/5 MG COMPRESSE RIVESTITE CON FILM- 10X30 COMPRESSE IN BLISTER OPA/AL/PVC/AL	OLMESARTAN MEDOXOMIL	OLMESARTAN MEDOXOMIL			Compressa rivestita con film	C09DB02	MENARINI INTERNATIONAL OPERATIONS LUXEMBOURG S.A.	Autorizzata	Procedura Mutuo riconoscimento o Decentrata	Medicinali soggetti a prescrizione medica
038947204	038947	BIVIS	40 MG/5 MG COMPRESSE RIVESTITE CON FILM- 10 COMPRESSE IN BLISTER OPA/AL/PVC/AL DOSE UNITARIA	OLMESARTAN MEDOXOMIL	OLMESARTAN MEDOXOMIL			Compressa rivestita con film	C09DB02	MENARINI INTERNATIONAL OPERATIONS LUXEMBOURG S.A.	Autorizzata	Procedura Mutuo riconoscimento o Decentrata	Medicinali soggetti a prescrizione medica
038947216	038947	BIVIS	40 MG/5 MG COMPRESSE RIVESTITE CON FILM- 50 COMPRESSE IN BLISTER OPA/AL/PVC/AL DOSE UNITARIA	OLMESARTAN MEDOXOMIL	OLMESARTAN MEDOXOMIL			Compressa rivestita con film	C09DB02	MENARINI INTERNATIONAL OPERATIONS LUXEMBOURG S.A.	Autorizzata	Procedura Mutuo riconoscimento o Decentrata	Medicinali soggetti a prescrizione medica
038947228	038947	BIVIS	40 MG/5 MG COMPRESSE RIVESTITE CON FILM- 500 COMPRESSE IN BLISTER OPA/AL/PVC/AL DOSE UNITARIA	OLMESARTAN MEDOXOMIL	OLMESARTAN MEDOXOMIL			Compressa rivestita con film	C09DB02	MENARINI INTERNATIONAL OPERATIONS LUXEMBOURG S.A.	Autorizzata	Procedura Mutuo riconoscimento o Decentrata	Medicinali soggetti a prescrizione medica
038947230	038947	BIVIS	40 MG/10 MG COMPRESSE RIVESTITE CON FILM- 14 COMPRESSE IN BLISTER OPA/AL/PVC/AL	OLMESARTAN MEDOXOMIL	OLMESARTAN MEDOXOMIL			Compressa rivestita con film	C09DB02	MENARINI INTERNATIONAL OPERATIONS LUXEMBOURG S.A.	Autorizzata	Procedura Mutuo riconoscimento o Decentrata	Medicinali soggetti a prescrizione medica
038947242	038947	BIVIS	40 MG/10 MG COMPRESSE RIVESTITE CON FILM- 28 COMPRESSE IN BLISTER OPA/AL/PVC/AL	OLMESARTAN MEDOXOMIL	OLMESARTAN MEDOXOMIL			Compressa rivestita con film	C09DB02	MENARINI INTERNATIONAL OPERATIONS LUXEMBOURG S.A.	Autorizzata	Procedura Mutuo riconoscimento o Decentrata	Medicinali soggetti a prescrizione medica
038947255	038947	BIVIS	40 MG/10 MG COMPRESSE RIVESTITE CON FILM- 30 COMPRESSE IN BLISTER OPA/AL/PVC/AL	OLMESARTAN MEDOXOMIL	OLMESARTAN MEDOXOMIL			Compressa rivestita con film	C09DB02	MENARINI INTERNATIONAL OPERATIONS LUXEMBOURG S.A.	Autorizzata	Procedura Mutuo riconoscimento o Decentrata	Medicinali soggetti a prescrizione medica
038947267	038947	BIVIS	40 MG/10 MG COMPRESSE RIVESTITE CON FILM- 56 COMPRESSE IN BLISTER OPA/AL/PVC/AL	OLMESARTAN MEDOXOMIL	OLMESARTAN MEDOXOMIL			Compressa rivestita con film	C09DB02	MENARINI INTERNATIONAL OPERATIONS LUXEMBOURG S.A.	Autorizzata	Procedura Mutuo riconoscimento o Decentrata	Medicinali soggetti a prescrizione medica
038947279	038947	BIVIS	40 MG/10 MG COMPRESSE RIVESTITE CON FILM- 90 COMPRESSE IN BLISTER OPA/AL/PVC/AL	OLMESARTAN MEDOXOMIL	OLMESARTAN MEDOXOMIL			Compressa rivestita con film	C09DB02	MENARINI INTERNATIONAL OPERATIONS LUXEMBOURG S.A.	Autorizzata	Procedura Mutuo riconoscimento o Decentrata	Medicinali soggetti a prescrizione medica
038947281	038947	BIVIS	40 MG/10 MG COMPRESSE RIVESTITE CON FILM- 98 COMPRESSE IN BLISTER OPA/AL/PVC/AL	OLMESARTAN MEDOXOMIL	OLMESARTAN MEDOXOMIL			Compressa rivestita con film	C09DB02	MENARINI INTERNATIONAL OPERATIONS LUXEMBOURG S.A.	Autorizzata	Procedura Mutuo riconoscimento o Decentrata	Medicinali soggetti a prescrizione medica
038947293	038947	BIVIS	40 MG/10 MG COMPRESSE RIVESTITE CON FILM- 10X28 COMPRESSE IN BLISTER OPA/AL/PVC/AL	OLMESARTAN MEDOXOMIL	OLMESARTAN MEDOXOMIL			Compressa rivestita con film	C09DB02	MENARINI INTERNATIONAL OPERATIONS LUXEMBOURG S.A.	Autorizzata	Procedura Mutuo riconoscimento o Decentrata	Medicinali soggetti a prescrizione medica
038947305	038947	BIVIS	40 MG/10 MG COMPRESSE RIVESTITE CON FILM- 10X30 COMPRESSE IN BLISTER OPA/AL/PVC/AL	OLMESARTAN MEDOXOMIL	OLMESARTAN MEDOXOMIL			Compressa rivestita con film	C09DB02	MENARINI INTERNATIONAL OPERATIONS LUXEMBOURG S.A.	Autorizzata	Procedura Mutuo riconoscimento o Decentrata	Medicinali soggetti a prescrizione medica
038947317	038947	BIVIS	40 MG/10 MG COMPRESSE RIVESTITE CON FILM- 10 COMPRESSE IN BLISTER OPA/AL/PVC/AL DOSE UNITARIA	OLMESARTAN MEDOXOMIL	OLMESARTAN MEDOXOMIL			Compressa rivestita con film	C09DB02	MENARINI INTERNATIONAL OPERATIONS LUXEMBOURG S.A.	Autorizzata	Procedura Mutuo riconoscimento o Decentrata	Medicinali soggetti a prescrizione medica
038947329	038947	BIVIS	40 MG/10 MG COMPRESSE RIVESTITE CON FILM- 50 COMPRESSE IN BLISTER OPA/AL/PVC/AL DOSE UNITARIA	OLMESARTAN MEDOXOMIL	OLMESARTAN MEDOXOMIL			Compressa rivestita con film	C09DB02	MENARINI INTERNATIONAL OPERATIONS LUXEMBOURG S.A.	Autorizzata	Procedura Mutuo riconoscimento o Decentrata	Medicinali soggetti a prescrizione medica
038947331	038947	BIVIS	40 MG/10 MG COMPRESSE RIVESTITE CON FILM- 500 COMPRESSE IN BLISTER OPA/AL/PVC/AL DOSE UNITARIA	OLMESARTAN MEDOXOMIL	OLMESARTAN MEDOXOMIL			Compressa rivestita con film	C09DB02	MENARINI INTERNATIONAL OPERATIONS LUXEMBOURG S.A.	Autorizzata	Procedura Mutuo riconoscimento o Decentrata	Medicinali soggetti a prescrizione medica
038983019	038983	SEVIKAR	20MG/5MG COMPRESSE RIVESTITE CON FILM- 14 COMPRESSE IN BLISTER OPA/AL/PVC/AL	OLMESARTAN MEDOXOMIL	OLMESARTAN MEDOXOMIL			Compressa rivestita con film	C09DB02	DAIICHI SANKYO ITALIA S.P.A.	Autorizzata	Procedura Mutuo riconoscimento o Decentrata	Medicinali soggetti a prescrizione medica
038983021	038983	SEVIKAR	20MG/5MG COMPRESSE RIVESTITE CON FILM- 28 COMPRESSE IN BLISTER OPA/AL/PVC/AL	OLMESARTAN MEDOXOMIL	OLMESARTAN MEDOXOMIL	20	milligrammi	Compressa rivestita con film	C09DB02	DAIICHI SANKYO ITALIA S.P.A.	Autorizzata	Procedura Mutuo riconoscimento o Decentrata	Medicinali soggetti a prescrizione medica
038983033	038983	SEVIKAR	20MG/5MG COMPRESSE RIVESTITE CON FILM- 30 COMPRESSE IN BLISTER OPA/AL/PVC/AL	OLMESARTAN MEDOXOMIL	OLMESARTAN MEDOXOMIL			Compressa rivestita con film	C09DB02	DAIICHI SANKYO ITALIA S.P.A.	Autorizzata	Procedura Mutuo riconoscimento o Decentrata	Medicinali soggetti a prescrizione medica
038983045	038983	SEVIKAR	20MG/5MG COMPRESSE RIVESTITE CON FILM- 56 COMPRESSE IN BLISTER OPA/AL/PVC/AL	OLMESARTAN MEDOXOMIL	OLMESARTAN MEDOXOMIL			Compressa rivestita con film	C09DB02	DAIICHI SANKYO ITALIA S.P.A.	Autorizzata	Procedura Mutuo riconoscimento o Decentrata	Medicinali soggetti a prescrizione medica
038983058	038983	SEVIKAR	20MG/5MG COMPRESSE RIVESTITE CON FILM- 90 COMPRESSE IN BLISTER OPA/AL/PVC/AL	OLMESARTAN MEDOXOMIL	OLMESARTAN MEDOXOMIL			Compressa rivestita con film	C09DB02	DAIICHI SANKYO ITALIA S.P.A.	Autorizzata	Procedura Mutuo riconoscimento o Decentrata	Medicinali soggetti a prescrizione medica
038983060	038983	SEVIKAR	20MG/5MG COMPRESSE RIVESTITE CON FILM- 98 COMPRESSE IN BLISTER OPA/AL/PVC/AL	OLMESARTAN MEDOXOMIL	OLMESARTAN MEDOXOMIL			Compressa rivestita con film	C09DB02	DAIICHI SANKYO ITALIA S.P.A.	Autorizzata	Procedura Mutuo riconoscimento o Decentrata	Medicinali soggetti a prescrizione medica
038983072	038983	SEVIKAR	20MG/5MG COMPRESSE RIVESTITE CON FILM- 10X28 COMPRESSE IN BLISTER OPA/AL/PVC/AL	OLMESARTAN MEDOXOMIL	OLMESARTAN MEDOXOMIL			Compressa rivestita con film	C09DB02	DAIICHI SANKYO ITALIA S.P.A.	Autorizzata	Procedura Mutuo riconoscimento o Decentrata	Medicinali soggetti a prescrizione medica
038983084	038983	SEVIKAR	20MG/5MG COMPRESSE RIVESTITE CON FILM- 10X30 COMPRESSE IN BLISTER OPA/AL/PVC/AL	OLMESARTAN MEDOXOMIL	OLMESARTAN MEDOXOMIL			Compressa rivestita con film	C09DB02	DAIICHI SANKYO ITALIA S.P.A.	Autorizzata	Procedura Mutuo riconoscimento o Decentrata	Medicinali soggetti a prescrizione medica
038983096	038983	SEVIKAR	20MG/5MG COMPRESSE RIVESTITE CON FILM- 10 COMPRESSE IN BLISTER UNIT DOSE OPA/AL/PVC/AL	OLMESARTAN MEDOXOMIL	OLMESARTAN MEDOXOMIL			Compressa rivestita con film	C09DB02	DAIICHI SANKYO ITALIA S.P.A.	Autorizzata	Procedura Mutuo riconoscimento o Decentrata	Medicinali soggetti a prescrizione medica
038983108	038983	SEVIKAR	20MG/5MG COMPRESSE RIVESTITE CON FILM- 50 COMPRESSE IN BLISTER UNIT DOSE OPA/AL/PVC/AL	OLMESARTAN MEDOXOMIL	OLMESARTAN MEDOXOMIL			Compressa rivestita con film	C09DB02	DAIICHI SANKYO ITALIA S.P.A.	Autorizzata	Procedura Mutuo riconoscimento o Decentrata	Medicinali soggetti a prescrizione medica
038983110	038983	SEVIKAR	20MG/5MG COMPRESSE RIVESTITE CON FILM- 500 COMPRESSE IN BLISTER UNIT DOSE OPA/AL/PVC/AL	OLMESARTAN MEDOXOMIL	OLMESARTAN MEDOXOMIL			Compressa rivestita con film	C09DB02	DAIICHI SANKYO ITALIA S.P.A.	Autorizzata	Procedura Mutuo riconoscimento o Decentrata	Medicinali soggetti a prescrizione medica
038983122	038983	SEVIKAR	40MG/5MG COMPRESSE RIVESTITE CON FILM- 500 COMPRESSE IN BLISTER UNIT DOSE OPA/AL/PVC/AL	OLMESARTAN MEDOXOMIL	OLMESARTAN MEDOXOMIL			Compressa rivestita con film	C09DB02	DAIICHI SANKYO ITALIA S.P.A.	Autorizzata	Procedura Mutuo riconoscimento o Decentrata	Medicinali soggetti a prescrizione medica
038983134	038983	SEVIKAR	40MG/5MG COMPRESSE RIVESTITE CON FILM- 50 COMPRESSE IN BLISTER UNIT DOSE OPA/AL/PVC/AL	OLMESARTAN MEDOXOMIL	OLMESARTAN MEDOXOMIL			Compressa rivestita con film	C09DB02	DAIICHI SANKYO ITALIA S.P.A.	Autorizzata	Procedura Mutuo riconoscimento o Decentrata	Medicinali soggetti a prescrizione medica
038983146	038983	SEVIKAR	40MG/5MG COMPRESSE RIVESTITE CON FILM- 10 COMPRESSE IN BLISTER UNIT DOSE OPA/AL/PVC/AL	OLMESARTAN MEDOXOMIL	OLMESARTAN MEDOXOMIL			Compressa rivestita con film	C09DB02	DAIICHI SANKYO ITALIA S.P.A.	Autorizzata	Procedura Mutuo riconoscimento o Decentrata	Medicinali soggetti a prescrizione medica
038983159	038983	SEVIKAR	40MG/5MG COMPRESSE RIVESTITE CON FILM- 14 COMPRESSE IN BLISTER OPA/AL/PVC/AL	OLMESARTAN MEDOXOMIL	OLMESARTAN MEDOXOMIL			Compressa rivestita con film	C09DB02	DAIICHI SANKYO ITALIA S.P.A.	Autorizzata	Procedura Mutuo riconoscimento o Decentrata	Medicinali soggetti a prescrizione medica
038983161	038983	SEVIKAR	40MG/5MG COMPRESSE RIVESTITE CON FILM- 28 COMPRESSE IN BLISTER OPA/AL/PVC/AL	OLMESARTAN MEDOXOMIL	OLMESARTAN MEDOXOMIL			Compressa rivestita con film	C09DB02	DAIICHI SANKYO ITALIA S.P.A.	Autorizzata	Procedura Mutuo riconoscimento o Decentrata	Medicinali soggetti a prescrizione medica
038983173	038983	SEVIKAR	40MG/5MG COMPRESSE RIVESTITE CON FILM- 30 COMPRESSE IN BLISTER OPA/AL/PVC/AL	OLMESARTAN MEDOXOMIL	OLMESARTAN MEDOXOMIL			Compressa rivestita con film	C09DB02	DAIICHI SANKYO ITALIA S.P.A.	Autorizzata	Procedura Mutuo riconoscimento o Decentrata	Medicinali soggetti a prescrizione medica
038983185	038983	SEVIKAR	40MG/5MG COMPRESSE RIVESTITE CON FILM- 56 COMPRESSE IN BLISTER OPA/AL/PVC/AL	OLMESARTAN MEDOXOMIL	OLMESARTAN MEDOXOMIL			Compressa rivestita con film	C09DB02	DAIICHI SANKYO ITALIA S.P.A.	Autorizzata	Procedura Mutuo riconoscimento o Decentrata	Medicinali soggetti a prescrizione medica
038983197	038983	SEVIKAR	40MG/5MG COMPRESSE RIVESTITE CON FILM- 90 COMPRESSE IN BLISTER OPA/AL/PVC/AL	OLMESARTAN MEDOXOMIL	OLMESARTAN MEDOXOMIL			Compressa rivestita con film	C09DB02	DAIICHI SANKYO ITALIA S.P.A.	Autorizzata	Procedura Mutuo riconoscimento o Decentrata	Medicinali soggetti a prescrizione medica
038983209	038983	SEVIKAR	40MG/5MG COMPRESSE RIVESTITE CON FILM- 98 COMPRESSE IN BLISTER OPA/AL/PVC/AL	OLMESARTAN MEDOXOMIL	OLMESARTAN MEDOXOMIL			Compressa rivestita con film	C09DB02	DAIICHI SANKYO ITALIA S.P.A.	Autorizzata	Procedura Mutuo riconoscimento o Decentrata	Medicinali soggetti a prescrizione medica
038983211	038983	SEVIKAR	40MG/5MG COMPRESSE RIVESTITE CON FILM- 10X28 COMPRESSE IN BLISTER OPA/AL/PVC/AL	OLMESARTAN MEDOXOMIL	OLMESARTAN MEDOXOMIL			Compressa rivestita con film	C09DB02	DAIICHI SANKYO ITALIA S.P.A.	Autorizzata	Procedura Mutuo riconoscimento o Decentrata	Medicinali soggetti a prescrizione medica
038983223	038983	SEVIKAR	40MG/5MG COMPRESSE RIVESTITE CON FILM- 10X30 COMPRESSE IN BLISTER OPA/AL/PVC/AL	OLMESARTAN MEDOXOMIL	OLMESARTAN MEDOXOMIL			Compressa rivestita con film	C09DB02	DAIICHI SANKYO ITALIA S.P.A.	Autorizzata	Procedura Mutuo riconoscimento o Decentrata	Medicinali soggetti a prescrizione medica
038983235	038983	SEVIKAR	40MG/10MG COMPRESSE RIVESTITE CON FILM- 14 COMPRESSE IN BLISTER OPA/AL/PVC/AL	OLMESARTAN MEDOXOMIL	OLMESARTAN MEDOXOMIL			Compressa rivestita con film	C09DB02	DAIICHI SANKYO ITALIA S.P.A.	Autorizzata	Procedura Mutuo riconoscimento o Decentrata	Medicinali soggetti a prescrizione medica
038983247	038983	SEVIKAR	40MG/10MG COMPRESSE RIVESTITE CON FILM- 28 COMPRESSE IN BLISTER OPA/AL/PVC/AL	OLMESARTAN MEDOXOMIL	OLMESARTAN MEDOXOMIL			Compressa rivestita con film	C09DB02	DAIICHI SANKYO ITALIA S.P.A.	Autorizzata	Procedura Mutuo riconoscimento o Decentrata	Medicinali soggetti a prescrizione medica
038983250	038983	SEVIKAR	40MG/10MG COMPRESSE RIVESTITE CON FILM- 30 COMPRESSE IN BLISTER OPA/AL/PVC/AL	OLMESARTAN MEDOXOMIL	OLMESARTAN MEDOXOMIL			Compressa rivestita con film	C09DB02	DAIICHI SANKYO ITALIA S.P.A.	Autorizzata	Procedura Mutuo riconoscimento o Decentrata	Medicinali soggetti a prescrizione medica
038983262	038983	SEVIKAR	40MG/10MG COMPRESSE RIVESTITE CON FILM- 56 COMPRESSE IN BLISTER OPA/AL/PVC/AL	OLMESARTAN MEDOXOMIL	OLMESARTAN MEDOXOMIL			Compressa rivestita con film	C09DB02	DAIICHI SANKYO ITALIA S.P.A.	Autorizzata	Procedura Mutuo riconoscimento o Decentrata	Medicinali soggetti a prescrizione medica
038983274	038983	SEVIKAR	40MG/10MG COMPRESSE RIVESTITE CON FILM- 90 COMPRESSE IN BLISTER OPA/AL/PVC/AL	OLMESARTAN MEDOXOMIL	OLMESARTAN MEDOXOMIL			Compressa rivestita con film	C09DB02	DAIICHI SANKYO ITALIA S.P.A.	Autorizzata	Procedura Mutuo riconoscimento o Decentrata	Medicinali soggetti a prescrizione medica
038983286	038983	SEVIKAR	40MG/10MG COMPRESSE RIVESTITE CON FILM- 98 COMPRESSE IN BLISTER OPA/AL/PVC/AL	OLMESARTAN MEDOXOMIL	OLMESARTAN MEDOXOMIL			Compressa rivestita con film	C09DB02	DAIICHI SANKYO ITALIA S.P.A.	Autorizzata	Procedura Mutuo riconoscimento o Decentrata	Medicinali soggetti a prescrizione medica
038983298	038983	SEVIKAR	40MG/10MG COMPRESSE RIVESTITE CON FILM- 10X28 COMPRESSE IN BLISTER OPA/AL/PVC/AL	OLMESARTAN MEDOXOMIL	OLMESARTAN MEDOXOMIL			Compressa rivestita con film	C09DB02	DAIICHI SANKYO ITALIA S.P.A.	Autorizzata	Procedura Mutuo riconoscimento o Decentrata	Medicinali soggetti a prescrizione medica
038983300	038983	SEVIKAR	40MG/10MG COMPRESSE RIVESTITE CON FILM- 10X30 COMPRESSE IN BLISTER OPA/AL/PVC/AL	OLMESARTAN MEDOXOMIL	OLMESARTAN MEDOXOMIL			Compressa rivestita con film	C09DB02	DAIICHI SANKYO ITALIA S.P.A.	Autorizzata	Procedura Mutuo riconoscimento o Decentrata	Medicinali soggetti a prescrizione medica
038983312	038983	SEVIKAR	40MG/10MG COMPRESSE RIVESTITE CON FILM- 10 COMPRESSE IN BLISTER UNIT DOSE OPA/AL/PVC/AL	OLMESARTAN MEDOXOMIL	OLMESARTAN MEDOXOMIL			Compressa rivestita con film	C09DB02	DAIICHI SANKYO ITALIA S.P.A.	Autorizzata	Procedura Mutuo riconoscimento o Decentrata	Medicinali soggetti a prescrizione medica
038983324	038983	SEVIKAR	40MG/10MG COMPRESSE RIVESTITE CON FILM- 50 COMPRESSE IN BLISTER UNIT DOSE OPA/AL/PVC/AL	OLMESARTAN MEDOXOMIL	OLMESARTAN MEDOXOMIL			Compressa rivestita con film	C09DB02	DAIICHI SANKYO ITALIA S.P.A.	Autorizzata	Procedura Mutuo riconoscimento o Decentrata	Medicinali soggetti a prescrizione medica
038983336	038983	SEVIKAR	40MG/10MG COMPRESSE RIVESTITE CON FILM- 500 COMPRESSE IN BLISTER UNIT DOSE OPA/AL/PVC/AL	OLMESARTAN MEDOXOMIL	OLMESARTAN MEDOXOMIL			Compressa rivestita con film	C09DB02	DAIICHI SANKYO ITALIA S.P.A.	Autorizzata	Procedura Mutuo riconoscimento o Decentrata	Medicinali soggetti a prescrizione medica
041661012	041661	SEVITREX	20 MG/5MG/12,5 MG COMPRESSE RIVESTITE CON FILM- 14 COMPRESSE IN BLISTER PA/AL/PVC/AL	OLMESARTAN MEDOXOMIL	OLMESARTAN MEDOXOMIL			Compressa rivestita con film	C09DX03	DAIICHI SANKYO ITALIA S.P.A.	Autorizzata	Procedura Mutuo riconoscimento o Decentrata	Medicinali soggetti a prescrizione medica
041661024	041661	SEVITREX	20 MG/5MG/12,5 MG COMPRESSE RIVESTITE CON FILM- 28 COMPRESSE IN BLISTER PA/AL/PVC/AL	OLMESARTAN MEDOXOMIL	OLMESARTAN MEDOXOMIL			Compressa rivestita con film	C09DX03	DAIICHI SANKYO ITALIA S.P.A.	Autorizzata	Procedura Mutuo riconoscimento o Decentrata	Medicinali soggetti a prescrizione medica
041661036	041661	SEVITREX	20 MG/5MG/12,5 MG COMPRESSE RIVESTITE CON FILM- 30 COMPRESSE IN BLISTER PA/AL/PVC/AL	OLMESARTAN MEDOXOMIL	OLMESARTAN MEDOXOMIL			Compressa rivestita con film	C09DX03	DAIICHI SANKYO ITALIA S.P.A.	Autorizzata	Procedura Mutuo riconoscimento o Decentrata	Medicinali soggetti a prescrizione medica
041661048	041661	SEVITREX	20 MG/5MG/12,5 MG COMPRESSE RIVESTITE CON FILM- 56 COMPRESSE IN BLISTER PA/AL/PVC/AL	OLMESARTAN MEDOXOMIL	OLMESARTAN MEDOXOMIL			Compressa rivestita con film	C09DX03	DAIICHI SANKYO ITALIA S.P.A.	Autorizzata	Procedura Mutuo riconoscimento o Decentrata	Medicinali soggetti a prescrizione medica
041661051	041661	SEVITREX	20 MG/5MG/12,5 MG COMPRESSE RIVESTITE CON FILM- 84 COMPRESSE IN BLISTER PA/AL/PVC/AL	OLMESARTAN MEDOXOMIL	OLMESARTAN MEDOXOMIL			Compressa rivestita con film	C09DX03	DAIICHI SANKYO ITALIA S.P.A.	Autorizzata	Procedura Mutuo riconoscimento o Decentrata	Medicinali soggetti a prescrizione medica
041661063	041661	SEVITREX	20 MG/5MG/12,5 MG COMPRESSE RIVESTITE CON FILM- 90 COMPRESSE IN BLISTER PA/AL/PVC/AL	OLMESARTAN MEDOXOMIL	OLMESARTAN MEDOXOMIL			Compressa rivestita con film	C09DX03	DAIICHI SANKYO ITALIA S.P.A.	Autorizzata	Procedura Mutuo riconoscimento o Decentrata	Medicinali soggetti a prescrizione medica
041661075	041661	SEVITREX	20 MG/5MG/12,5 MG COMPRESSE RIVESTITE CON FILM- 98 COMPRESSE IN BLISTER PA/AL/PVC/AL	OLMESARTAN MEDOXOMIL	OLMESARTAN MEDOXOMIL			Compressa rivestita con film	C09DX03	DAIICHI SANKYO ITALIA S.P.A.	Autorizzata	Procedura Mutuo riconoscimento o Decentrata	Medicinali soggetti a prescrizione medica
041661087	041661	SEVITREX	20 MG/5MG/12,5 MG COMPRESSE RIVESTITE CON FILM- 280 COMPRESSE IN BLISTER PA/AL/PVC/AL	OLMESARTAN MEDOXOMIL	OLMESARTAN MEDOXOMIL			Compressa rivestita con film	C09DX03	DAIICHI SANKYO ITALIA S.P.A.	Autorizzata	Procedura Mutuo riconoscimento o Decentrata	Medicinali soggetti a prescrizione medica
041661099	041661	SEVITREX	20 MG/5MG/12,5 MG COMPRESSE RIVESTITE CON FILM- 300 COMPRESSE IN BLISTER PA/AL/PVC/AL	OLMESARTAN MEDOXOMIL	OLMESARTAN MEDOXOMIL			Compressa rivestita con film	C09DX03	DAIICHI SANKYO ITALIA S.P.A.	Autorizzata	Procedura Mutuo riconoscimento o Decentrata	Medicinali soggetti a prescrizione medica
041661101	041661	SEVITREX	20 MG/5MG/12,5 MG COMPRESSE RIVESTITE CON FILM- 10 COMPRESSE IN BLISTER PA/AL/PVC/AL CONFEZIONE MONODOSE	OLMESARTAN MEDOXOMIL	OLMESARTAN MEDOXOMIL			Compressa rivestita con film	C09DX03	DAIICHI SANKYO ITALIA S.P.A.	Autorizzata	Procedura Mutuo riconoscimento o Decentrata	Medicinali soggetti a prescrizione medica
041661113	041661	SEVITREX	20 MG/5MG/12,5 MG COMPRESSE RIVESTITE CON FILM- 50 COMPRESSE IN BLISTER PA/AL/PVC/AL CONFEZIONE MONODOSE	OLMESARTAN MEDOXOMIL	OLMESARTAN MEDOXOMIL			Compressa rivestita con film	C09DX03	DAIICHI SANKYO ITALIA S.P.A.	Autorizzata	Procedura Mutuo riconoscimento o Decentrata	Medicinali soggetti a prescrizione medica
041661125	041661	SEVITREX	20 MG/5MG/12,5 MG COMPRESSE RIVESTITE CON FILM- 500 COMPRESSE IN BLISTER PA/AL/PVC/AL CONFEZIONE MONODOSE	OLMESARTAN MEDOXOMIL	OLMESARTAN MEDOXOMIL			Compressa rivestita con film	C09DX03	DAIICHI SANKYO ITALIA S.P.A.	Autorizzata	Procedura Mutuo riconoscimento o Decentrata	Medicinali soggetti a prescrizione medica
041661137	041661	SEVITREX	20 MG/5MG/12,5 MG COMPRESSE RIVESTITE CON FILM- 7 COMPRESSE IN FLACONE HDPE	OLMESARTAN MEDOXOMIL	OLMESARTAN MEDOXOMIL			Compressa rivestita con film	C09DX03	DAIICHI SANKYO ITALIA S.P.A.	Autorizzata	Procedura Mutuo riconoscimento o Decentrata	Medicinali soggetti a prescrizione medica
041661149	041661	SEVITREX	20 MG/5MG/12,5 MG COMPRESSE RIVESTITE CON FILM- 30 COMPRESSE IN FLACONE HDPE	OLMESARTAN MEDOXOMIL	OLMESARTAN MEDOXOMIL			Compressa rivestita con film	C09DX03	DAIICHI SANKYO ITALIA S.P.A.	Autorizzata	Procedura Mutuo riconoscimento o Decentrata	Medicinali soggetti a prescrizione medica
041661152	041661	SEVITREX	20 MG/5MG/12,5 MG COMPRESSE RIVESTITE CON FILM- 90 COMPRESSE IN FLACONE HDPE	OLMESARTAN MEDOXOMIL	OLMESARTAN MEDOXOMIL			Compressa rivestita con film	C09DX03	DAIICHI SANKYO ITALIA S.P.A.	Autorizzata	Procedura Mutuo riconoscimento o Decentrata	Medicinali soggetti a prescrizione medica
041661164	041661	SEVITREX	40MG/5MG/12,5 MG COMPRESSE RIVESTITE CON FILM- 14 COMPRESSE IN BLISTER PA/AL/PVC/AL	OLMESARTAN MEDOXOMIL	OLMESARTAN MEDOXOMIL			Compressa rivestita con film	C09DX03	DAIICHI SANKYO ITALIA S.P.A.	Autorizzata	Procedura Mutuo riconoscimento o Decentrata	Medicinali soggetti a prescrizione medica
041661176	041661	SEVITREX	40MG/5MG/12,5 MG COMPRESSE RIVESTITE CON FILM- 28 COMPRESSE IN BLISTER PA/AL/PVC/AL	OLMESARTAN MEDOXOMIL	OLMESARTAN MEDOXOMIL			Compressa rivestita con film	C09DX03	DAIICHI SANKYO ITALIA S.P.A.	Autorizzata	Procedura Mutuo riconoscimento o Decentrata	Medicinali soggetti a prescrizione medica
041661188	041661	SEVITREX	40MG/5MG/12,5 MG COMPRESSE RIVESTITE CON FILM- 30 COMPRESSE IN BLISTER PA/AL/PVC/AL	OLMESARTAN MEDOXOMIL	OLMESARTAN MEDOXOMIL			Compressa rivestita con film	C09DX03	DAIICHI SANKYO ITALIA S.P.A.	Autorizzata	Procedura Mutuo riconoscimento o Decentrata	Medicinali soggetti a prescrizione medica
041661190	041661	SEVITREX	40MG/5MG/12,5 MG COMPRESSE RIVESTITE CON FILM- 56 COMPRESSE IN BLISTER PA/AL/PVC/AL	OLMESARTAN MEDOXOMIL	OLMESARTAN MEDOXOMIL			Compressa rivestita con film	C09DX03	DAIICHI SANKYO ITALIA S.P.A.	Autorizzata	Procedura Mutuo riconoscimento o Decentrata	Medicinali soggetti a prescrizione medica
041661202	041661	SEVITREX	40MG/5MG/12,5 MG COMPRESSE RIVESTITE CON FILM- 84 COMPRESSE IN BLISTER PA/AL/PVC/AL	OLMESARTAN MEDOXOMIL	OLMESARTAN MEDOXOMIL			Compressa rivestita con film	C09DX03	DAIICHI SANKYO ITALIA S.P.A.	Autorizzata	Procedura Mutuo riconoscimento o Decentrata	Medicinali soggetti a prescrizione medica
041661214	041661	SEVITREX	40MG/5MG/12,5 MG COMPRESSE RIVESTITE CON FILM- 90 COMPRESSE IN BLISTER PA/AL/PVC/AL	OLMESARTAN MEDOXOMIL	OLMESARTAN MEDOXOMIL			Compressa rivestita con film	C09DX03	DAIICHI SANKYO ITALIA S.P.A.	Autorizzata	Procedura Mutuo riconoscimento o Decentrata	Medicinali soggetti a prescrizione medica
041661226	041661	SEVITREX	40MG/5MG/12,5 MG COMPRESSE RIVESTITE CON FILM- 98 COMPRESSE IN BLISTER PA/AL/PVC/AL	OLMESARTAN MEDOXOMIL	OLMESARTAN MEDOXOMIL			Compressa rivestita con film	C09DX03	DAIICHI SANKYO ITALIA S.P.A.	Autorizzata	Procedura Mutuo riconoscimento o Decentrata	Medicinali soggetti a prescrizione medica
041661238	041661	SEVITREX	40MG/5MG/12,5 MG COMPRESSE RIVESTITE CON FILM- 280 COMPRESSE IN BLISTER PA/AL/PVC/AL	OLMESARTAN MEDOXOMIL	OLMESARTAN MEDOXOMIL			Compressa rivestita con film	C09DX03	DAIICHI SANKYO ITALIA S.P.A.	Autorizzata	Procedura Mutuo riconoscimento o Decentrata	Medicinali soggetti a prescrizione medica
041661240	041661	SEVITREX	40MG/5MG/12,5 MG COMPRESSE RIVESTITE CON FILM- 300 COMPRESSE IN BLISTER PA/AL/PVC/AL	OLMESARTAN MEDOXOMIL	OLMESARTAN MEDOXOMIL			Compressa rivestita con film	C09DX03	DAIICHI SANKYO ITALIA S.P.A.	Autorizzata	Procedura Mutuo riconoscimento o Decentrata	Medicinali soggetti a prescrizione medica
041661253	041661	SEVITREX	40MG/5MG/12,5 MG COMPRESSE RIVESTITE CON FILM- 10 COMPRESSE IN BLISTER PA/AL/PVC/AL CONFEZIONE MONODOSE	OLMESARTAN MEDOXOMIL	OLMESARTAN MEDOXOMIL			Compressa rivestita con film	C09DX03	DAIICHI SANKYO ITALIA S.P.A.	Autorizzata	Procedura Mutuo riconoscimento o Decentrata	Medicinali soggetti a prescrizione medica
041661265	041661	SEVITREX	40MG/5MG/12,5 MG COMPRESSE RIVESTITE CON FILM- 50 COMPRESSE IN BLISTER PA/AL/PVC/AL CONFEZIONE MONODOSE	OLMESARTAN MEDOXOMIL	OLMESARTAN MEDOXOMIL			Compressa rivestita con film	C09DX03	DAIICHI SANKYO ITALIA S.P.A.	Autorizzata	Procedura Mutuo riconoscimento o Decentrata	Medicinali soggetti a prescrizione medica
041661277	041661	SEVITREX	40MG/5MG/12,5 MG COMPRESSE RIVESTITE CON FILM- 500 COMPRESSE IN BLISTER PA/AL/PVC/AL CONFEZIONE MONODOSE	OLMESARTAN MEDOXOMIL	OLMESARTAN MEDOXOMIL			Compressa rivestita con film	C09DX03	DAIICHI SANKYO ITALIA S.P.A.	Autorizzata	Procedura Mutuo riconoscimento o Decentrata	Medicinali soggetti a prescrizione medica
041661289	041661	SEVITREX	40 MG/5MG/12,5 MG COMPRESSE RIVESTITE CON FILM- 7 COMPRESSE IN FLACONE HDPE	OLMESARTAN MEDOXOMIL	OLMESARTAN MEDOXOMIL			Compressa rivestita con film	C09DX03	DAIICHI SANKYO ITALIA S.P.A.	Autorizzata	Procedura Mutuo riconoscimento o Decentrata	Medicinali soggetti a prescrizione medica
041661291	041661	SEVITREX	40 MG/5MG/12,5 MG COMPRESSE RIVESTITE CON FILM- 30 COMPRESSE IN FLACONE HDPE	OLMESARTAN MEDOXOMIL	OLMESARTAN MEDOXOMIL			Compressa rivestita con film	C09DX03	DAIICHI SANKYO ITALIA S.P.A.	Autorizzata	Procedura Mutuo riconoscimento o Decentrata	Medicinali soggetti a prescrizione medica
041661303	041661	SEVITREX	40 MG/5MG/12,5 MG COMPRESSE RIVESTITE CON FILM- 90 COMPRESSE IN FLACONE HDPE	OLMESARTAN MEDOXOMIL	OLMESARTAN MEDOXOMIL			Compressa rivestita con film	C09DX03	DAIICHI SANKYO ITALIA S.P.A.	Autorizzata	Procedura Mutuo riconoscimento o Decentrata	Medicinali soggetti a prescrizione medica
041661315	041661	SEVITREX	40 MG/10MG/12,5 MG COMPRESSE RIVESTITE CON FILM- 14 COMPRESSE IN BLISTER PA/AL/PVC/AL	OLMESARTAN MEDOXOMIL	OLMESARTAN MEDOXOMIL			Compressa rivestita con film	C09DX03	DAIICHI SANKYO ITALIA S.P.A.	Autorizzata	Procedura Mutuo riconoscimento o Decentrata	Medicinali soggetti a prescrizione medica
041661327	041661	SEVITREX	40 MG/10MG/12,5 MG COMPRESSE RIVESTITE CON FILM- 28 COMPRESSE IN BLISTER PA/AL/PVC/AL	OLMESARTAN MEDOXOMIL	OLMESARTAN MEDOXOMIL			Compressa rivestita con film	C09DX03	DAIICHI SANKYO ITALIA S.P.A.	Autorizzata	Procedura Mutuo riconoscimento o Decentrata	Medicinali soggetti a prescrizione medica
041661339	041661	SEVITREX	40 MG/10MG/12,5 MG COMPRESSE RIVESTITE CON FILM- 30 COMPRESSE IN BLISTER PA/AL/PVC/AL	OLMESARTAN MEDOXOMIL	OLMESARTAN MEDOXOMIL			Compressa rivestita con film	C09DX03	DAIICHI SANKYO ITALIA S.P.A.	Autorizzata	Procedura Mutuo riconoscimento o Decentrata	Medicinali soggetti a prescrizione medica
041661341	041661	SEVITREX	40 MG/10MG/12,5 MG COMPRESSE RIVESTITE CON FILM- 56 COMPRESSE IN BLISTER PA/AL/PVC/AL	OLMESARTAN MEDOXOMIL	OLMESARTAN MEDOXOMIL			Compressa rivestita con film	C09DX03	DAIICHI SANKYO ITALIA S.P.A.	Autorizzata	Procedura Mutuo riconoscimento o Decentrata	Medicinali soggetti a prescrizione medica
041661354	041661	SEVITREX	40 MG/10MG/12,5 MG COMPRESSE RIVESTITE CON FILM- 84 COMPRESSE IN BLISTER PA/AL/PVC/AL	OLMESARTAN MEDOXOMIL	OLMESARTAN MEDOXOMIL			Compressa rivestita con film	C09DX03	DAIICHI SANKYO ITALIA S.P.A.	Autorizzata	Procedura Mutuo riconoscimento o Decentrata	Medicinali soggetti a prescrizione medica
041661366	041661	SEVITREX	40 MG/10MG/12,5 MG COMPRESSE RIVESTITE CON FILM- 90 COMPRESSE IN BLISTER PA/AL/PVC/AL	OLMESARTAN MEDOXOMIL	OLMESARTAN MEDOXOMIL			Compressa rivestita con film	C09DX03	DAIICHI SANKYO ITALIA S.P.A.	Autorizzata	Procedura Mutuo riconoscimento o Decentrata	Medicinali soggetti a prescrizione medica
041661378	041661	SEVITREX	40 MG/10MG/12,5 MG COMPRESSE RIVESTITE CON FILM- 98 COMPRESSE IN BLISTER PA/AL/PVC/AL	OLMESARTAN MEDOXOMIL	OLMESARTAN MEDOXOMIL			Compressa rivestita con film	C09DX03	DAIICHI SANKYO ITALIA S.P.A.	Autorizzata	Procedura Mutuo riconoscimento o Decentrata	Medicinali soggetti a prescrizione medica
041661380	041661	SEVITREX	40 MG/10MG/12,5 MG COMPRESSE RIVESTITE CON FILM- 280 COMPRESSE IN BLISTER PA/AL/PVC/AL	OLMESARTAN MEDOXOMIL	OLMESARTAN MEDOXOMIL			Compressa rivestita con film	C09DX03	DAIICHI SANKYO ITALIA S.P.A.	Autorizzata	Procedura Mutuo riconoscimento o Decentrata	Medicinali soggetti a prescrizione medica
041661392	041661	SEVITREX	40 MG/10MG/12,5 MG COMPRESSE RIVESTITE CON FILM- 300 COMPRESSE IN BLISTER PA/AL/PVC/AL	OLMESARTAN MEDOXOMIL	OLMESARTAN MEDOXOMIL			Compressa rivestita con film	C09DX03	DAIICHI SANKYO ITALIA S.P.A.	Autorizzata	Procedura Mutuo riconoscimento o Decentrata	Medicinali soggetti a prescrizione medica
041661404	041661	SEVITREX	40 MG/10MG/12,5 MG COMPRESSE RIVESTITE CON FILM- 10 COMPRESSE IN BLISTER PA/AL/PVC/AL CONFEZIONE MONODOSE	OLMESARTAN MEDOXOMIL	OLMESARTAN MEDOXOMIL			Compressa rivestita con film	C09DX03	DAIICHI SANKYO ITALIA S.P.A.	Autorizzata	Procedura Mutuo riconoscimento o Decentrata	Medicinali soggetti a prescrizione medica
041661416	041661	SEVITREX	40 MG/10MG/12,5 MG COMPRESSE RIVESTITE CON FILM- 50 COMPRESSE IN BLISTER PA/AL/PVC/AL CONFEZIONE MONODOSE	OLMESARTAN MEDOXOMIL	OLMESARTAN MEDOXOMIL			Compressa rivestita con film	C09DX03	DAIICHI SANKYO ITALIA S.P.A.	Autorizzata	Procedura Mutuo riconoscimento o Decentrata	Medicinali soggetti a prescrizione medica
041661428	041661	SEVITREX	40 MG/10MG/12,5 MG COMPRESSE RIVESTITE CON FILM- 500 COMPRESSE IN BLISTER PA/AL/PVC/AL CONFEZIONE MONODOSE	OLMESARTAN MEDOXOMIL	OLMESARTAN MEDOXOMIL			Compressa rivestita con film	C09DX03	DAIICHI SANKYO ITALIA S.P.A.	Autorizzata	Procedura Mutuo riconoscimento o Decentrata	Medicinali soggetti a prescrizione medica
041661430	041661	SEVITREX	40 MG/10MG/12,5 MG COMPRESSE RIVESTITE CON FILM- 7 COMPRESSE IN FLACONE HDPE	OLMESARTAN MEDOXOMIL	OLMESARTAN MEDOXOMIL			Compressa rivestita con film	C09DX03	DAIICHI SANKYO ITALIA S.P.A.	Autorizzata	Procedura Mutuo riconoscimento o Decentrata	Medicinali soggetti a prescrizione medica
041661442	041661	SEVITREX	40 MG/10MG/12,5 MG COMPRESSE RIVESTITE CON FILM- 30 COMPRESSE IN FLACONE HDPE	OLMESARTAN MEDOXOMIL	OLMESARTAN MEDOXOMIL			Compressa rivestita con film	C09DX03	DAIICHI SANKYO ITALIA S.P.A.	Autorizzata	Procedura Mutuo riconoscimento o Decentrata	Medicinali soggetti a prescrizione medica
041661455	041661	SEVITREX	40 MG/10MG/12,5 MG COMPRESSE RIVESTITE CON FILM- 90 COMPRESSE IN FLACONE HDPE	OLMESARTAN MEDOXOMIL	OLMESARTAN MEDOXOMIL			Compressa rivestita con film	C09DX03	DAIICHI SANKYO ITALIA S.P.A.	Autorizzata	Procedura Mutuo riconoscimento o Decentrata	Medicinali soggetti a prescrizione medica
041661467	041661	SEVITREX	40 MG/5MG/25 MG COMPRESSE RIVESTITE CON FILM- 14 COMPRESSE IN BLISTER PA/AL/PVC/AL	OLMESARTAN MEDOXOMIL	OLMESARTAN MEDOXOMIL			Compressa rivestita con film	C09DX03	DAIICHI SANKYO ITALIA S.P.A.	Autorizzata	Procedura Mutuo riconoscimento o Decentrata	Medicinali soggetti a prescrizione medica
041661479	041661	SEVITREX	40 MG/5MG/25 MG COMPRESSE RIVESTITE CON FILM- 28 COMPRESSE IN BLISTER PA/AL/PVC/AL	OLMESARTAN MEDOXOMIL	OLMESARTAN MEDOXOMIL			Compressa rivestita con film	C09DX03	DAIICHI SANKYO ITALIA S.P.A.	Autorizzata	Procedura Mutuo riconoscimento o Decentrata	Medicinali soggetti a prescrizione medica
041661481	041661	SEVITREX	40 MG/5MG/25 MG COMPRESSE RIVESTITE CON FILM- 30 COMPRESSE IN BLISTER PA/AL/PVC/AL	OLMESARTAN MEDOXOMIL	OLMESARTAN MEDOXOMIL			Compressa rivestita con film	C09DX03	DAIICHI SANKYO ITALIA S.P.A.	Autorizzata	Procedura Mutuo riconoscimento o Decentrata	Medicinali soggetti a prescrizione medica
041661493	041661	SEVITREX	40 MG/5MG/25 MG COMPRESSE RIVESTITE CON FILM- 56 COMPRESSE IN BLISTER PA/AL/PVC/AL	OLMESARTAN MEDOXOMIL	OLMESARTAN MEDOXOMIL			Compressa rivestita con film	C09DX03	DAIICHI SANKYO ITALIA S.P.A.	Autorizzata	Procedura Mutuo riconoscimento o Decentrata	Medicinali soggetti a prescrizione medica
041661505	041661	SEVITREX	40 MG/5MG/25 MG COMPRESSE RIVESTITE CON FILM- 84 COMPRESSE IN BLISTER PA/AL/PVC/AL	OLMESARTAN MEDOXOMIL	OLMESARTAN MEDOXOMIL			Compressa rivestita con film	C09DX03	DAIICHI SANKYO ITALIA S.P.A.	Autorizzata	Procedura Mutuo riconoscimento o Decentrata	Medicinali soggetti a prescrizione medica
041661517	041661	SEVITREX	40 MG/5MG/25 MG COMPRESSE RIVESTITE CON FILM- 90 COMPRESSE IN BLISTER PA/AL/PVC/AL	OLMESARTAN MEDOXOMIL	OLMESARTAN MEDOXOMIL			Compressa rivestita con film	C09DX03	DAIICHI SANKYO ITALIA S.P.A.	Autorizzata	Procedura Mutuo riconoscimento o Decentrata	Medicinali soggetti a prescrizione medica
041661529	041661	SEVITREX	40 MG/5MG/25 MG COMPRESSE RIVESTITE CON FILM- 98 COMPRESSE IN BLISTER PA/AL/PVC/AL	OLMESARTAN MEDOXOMIL	OLMESARTAN MEDOXOMIL			Compressa rivestita con film	C09DX03	DAIICHI SANKYO ITALIA S.P.A.	Autorizzata	Procedura Mutuo riconoscimento o Decentrata	Medicinali soggetti a prescrizione medica
041661531	041661	SEVITREX	40 MG/5MG/25 MG COMPRESSE RIVESTITE CON FILM- 280 COMPRESSE IN BLISTER PA/AL/PVC/AL	OLMESARTAN MEDOXOMIL	OLMESARTAN MEDOXOMIL			Compressa rivestita con film	C09DX03	DAIICHI SANKYO ITALIA S.P.A.	Autorizzata	Procedura Mutuo riconoscimento o Decentrata	Medicinali soggetti a prescrizione medica
041661543	041661	SEVITREX	40 MG/5MG/25 MG COMPRESSE RIVESTITE CON FILM- 300 COMPRESSE IN BLISTER PA/AL/PVC/AL	OLMESARTAN MEDOXOMIL	OLMESARTAN MEDOXOMIL			Compressa rivestita con film	C09DX03	DAIICHI SANKYO ITALIA S.P.A.	Autorizzata	Procedura Mutuo riconoscimento o Decentrata	Medicinali soggetti a prescrizione medica
041661556	041661	SEVITREX	40 MG/5MG/25 MG COMPRESSE RIVESTITE CON FILM- 10 COMPRESSE IN BLISTER PA/AL/PVC/AL CONFEZIONE MONODOSE	OLMESARTAN MEDOXOMIL	OLMESARTAN MEDOXOMIL			Compressa rivestita con film	C09DX03	DAIICHI SANKYO ITALIA S.P.A.	Autorizzata	Procedura Mutuo riconoscimento o Decentrata	Medicinali soggetti a prescrizione medica
041661568	041661	SEVITREX	40 MG/5MG/25 MG COMPRESSE RIVESTITE CON FILM- 50 COMPRESSE IN BLISTER PA/AL/PVC/AL CONFEZIONE MONODOSE	OLMESARTAN MEDOXOMIL	OLMESARTAN MEDOXOMIL			Compressa rivestita con film	C09DX03	DAIICHI SANKYO ITALIA S.P.A.	Autorizzata	Procedura Mutuo riconoscimento o Decentrata	Medicinali soggetti a prescrizione medica
041661570	041661	SEVITREX	40 MG/5MG/25 MG COMPRESSE RIVESTITE CON FILM- 500 COMPRESSE IN BLISTER PA/AL/PVC/AL CONFEZIONE MONODOSE	OLMESARTAN MEDOXOMIL	OLMESARTAN MEDOXOMIL			Compressa rivestita con film	C09DX03	DAIICHI SANKYO ITALIA S.P.A.	Autorizzata	Procedura Mutuo riconoscimento o Decentrata	Medicinali soggetti a prescrizione medica
041661582	041661	SEVITREX	40 MG/5MG/25 MG COMPRESSE RIVESTITE CON FILM- 7 COMPRESSE IN FLACONE HDPE	OLMESARTAN MEDOXOMIL	OLMESARTAN MEDOXOMIL			Compressa rivestita con film	C09DX03	DAIICHI SANKYO ITALIA S.P.A.	Autorizzata	Procedura Mutuo riconoscimento o Decentrata	Medicinali soggetti a prescrizione medica
041661594	041661	SEVITREX	40 MG/5MG/25 MG COMPRESSE RIVESTITE CON FILM- 30 COMPRESSE IN FLACONE HDPE	OLMESARTAN MEDOXOMIL	OLMESARTAN MEDOXOMIL			Compressa rivestita con film	C09DX03	DAIICHI SANKYO ITALIA S.P.A.	Autorizzata	Procedura Mutuo riconoscimento o Decentrata	Medicinali soggetti a prescrizione medica
041661606	041661	SEVITREX	40 MG/5MG/25 MG COMPRESSE RIVESTITE CON FILM- 90 COMPRESSE IN FLACONE HDPE	OLMESARTAN MEDOXOMIL	OLMESARTAN MEDOXOMIL			Compressa rivestita con film	C09DX03	DAIICHI SANKYO ITALIA S.P.A.	Autorizzata	Procedura Mutuo riconoscimento o Decentrata	Medicinali soggetti a prescrizione medica
041661618	041661	SEVITREX	40 MG/10MG/25 MG COMPRESSE RIVESTITE CON FILM- 14 COMPRESSE IN BLISTER PA/AL/PVC/AL	OLMESARTAN MEDOXOMIL	OLMESARTAN MEDOXOMIL			Compressa rivestita con film	C09DX03	DAIICHI SANKYO ITALIA S.P.A.	Autorizzata	Procedura Mutuo riconoscimento o Decentrata	Medicinali soggetti a prescrizione medica
041661620	041661	SEVITREX	40 MG/10MG/25 MG COMPRESSE RIVESTITE CON FILM- 28 COMPRESSE IN BLISTER PA/AL/PVC/AL	OLMESARTAN MEDOXOMIL	OLMESARTAN MEDOXOMIL			Compressa rivestita con film	C09DX03	DAIICHI SANKYO ITALIA S.P.A.	Autorizzata	Procedura Mutuo riconoscimento o Decentrata	Medicinali soggetti a prescrizione medica
041661632	041661	SEVITREX	40 MG/10MG/25 MG COMPRESSE RIVESTITE CON FILM- 30 COMPRESSE IN BLISTER PA/AL/PVC/AL	OLMESARTAN MEDOXOMIL	OLMESARTAN MEDOXOMIL			Compressa rivestita con film	C09DX03	DAIICHI SANKYO ITALIA S.P.A.	Autorizzata	Procedura Mutuo riconoscimento o Decentrata	Medicinali soggetti a prescrizione medica
041661644	041661	SEVITREX	40 MG/10MG/25 MG COMPRESSE RIVESTITE CON FILM- 56 COMPRESSE IN BLISTER PA/AL/PVC/AL	OLMESARTAN MEDOXOMIL	OLMESARTAN MEDOXOMIL			Compressa rivestita con film	C09DX03	DAIICHI SANKYO ITALIA S.P.A.	Autorizzata	Procedura Mutuo riconoscimento o Decentrata	Medicinali soggetti a prescrizione medica
041661657	041661	SEVITREX	40 MG/10MG/25 MG COMPRESSE RIVESTITE CON FILM- 84 COMPRESSE IN BLISTER PA/AL/PVC/AL	OLMESARTAN MEDOXOMIL	OLMESARTAN MEDOXOMIL			Compressa rivestita con film	C09DX03	DAIICHI SANKYO ITALIA S.P.A.	Autorizzata	Procedura Mutuo riconoscimento o Decentrata	Medicinali soggetti a prescrizione medica
041661669	041661	SEVITREX	40 MG/10MG/25 MG COMPRESSE RIVESTITE CON FILM- 90 COMPRESSE IN BLISTER PA/AL/PVC/AL	OLMESARTAN MEDOXOMIL	OLMESARTAN MEDOXOMIL			Compressa rivestita con film	C09DX03	DAIICHI SANKYO ITALIA S.P.A.	Autorizzata	Procedura Mutuo riconoscimento o Decentrata	Medicinali soggetti a prescrizione medica
041661671	041661	SEVITREX	40 MG/10MG/25 MG COMPRESSE RIVESTITE CON FILM- 98 COMPRESSE IN BLISTER PA/AL/PVC/AL	OLMESARTAN MEDOXOMIL	OLMESARTAN MEDOXOMIL			Compressa rivestita con film	C09DX03	DAIICHI SANKYO ITALIA S.P.A.	Autorizzata	Procedura Mutuo riconoscimento o Decentrata	Medicinali soggetti a prescrizione medica
041661683	041661	SEVITREX	40 MG/10MG/25 MG COMPRESSE RIVESTITE CON FILM- 280 COMPRESSE IN BLISTER PA/AL/PVC/AL	OLMESARTAN MEDOXOMIL	OLMESARTAN MEDOXOMIL			Compressa rivestita con film	C09DX03	DAIICHI SANKYO ITALIA S.P.A.	Autorizzata	Procedura Mutuo riconoscimento o Decentrata	Medicinali soggetti a prescrizione medica
041661695	041661	SEVITREX	40 MG/10MG/25 MG COMPRESSE RIVESTITE CON FILM- 300 COMPRESSE IN BLISTER PA/AL/PVC/AL	OLMESARTAN MEDOXOMIL	OLMESARTAN MEDOXOMIL			Compressa rivestita con film	C09DX03	DAIICHI SANKYO ITALIA S.P.A.	Autorizzata	Procedura Mutuo riconoscimento o Decentrata	Medicinali soggetti a prescrizione medica
041661707	041661	SEVITREX	40 MG/10MG/25 MG COMPRESSE RIVESTITE CON FILM- 10X1 COMPRESSE IN BLISTER PERFORATO PA/AL/PVC/AL	OLMESARTAN MEDOXOMIL	OLMESARTAN MEDOXOMIL			Compressa rivestita con film	C09DX03	DAIICHI SANKYO ITALIA S.P.A.	Autorizzata	Procedura Mutuo riconoscimento o Decentrata	Medicinali soggetti a prescrizione medica
041661719	041661	SEVITREX	40 MG/10MG/25 MG COMPRESSE RIVESTITE CON FILM- 50X1 COMPRESSE IN BLISTER PERFORATO PA/AL/PVC/AL	OLMESARTAN MEDOXOMIL	OLMESARTAN MEDOXOMIL			Compressa rivestita con film	C09DX03	DAIICHI SANKYO ITALIA S.P.A.	Autorizzata	Procedura Mutuo riconoscimento o Decentrata	Medicinali soggetti a prescrizione medica
041661721	041661	SEVITREX	40 MG/10MG/25 MG COMPRESSE RIVESTITE CON FILM- 500X1 COMPRESSE IN BLISTER PERFORATO PA/AL/PVC/AL	OLMESARTAN MEDOXOMIL	OLMESARTAN MEDOXOMIL			Compressa rivestita con film	C09DX03	DAIICHI SANKYO ITALIA S.P.A.	Autorizzata	Procedura Mutuo riconoscimento o Decentrata	Medicinali soggetti a prescrizione medica
041661733	041661	SEVITREX	40 MG/10MG/25 MG COMPRESSE RIVESTITE CON FILM- 7 COMPRESSE IN FLACONE HDPE	OLMESARTAN MEDOXOMIL	OLMESARTAN MEDOXOMIL			Compressa rivestita con film	C09DX03	DAIICHI SANKYO ITALIA S.P.A.	Autorizzata	Procedura Mutuo riconoscimento o Decentrata	Medicinali soggetti a prescrizione medica
041661745	041661	SEVITREX	40 MG/10MG/25 MG COMPRESSE RIVESTITE CON FILM- 30 COMPRESSE IN FLACONE HDPE	OLMESARTAN MEDOXOMIL	OLMESARTAN MEDOXOMIL			Compressa rivestita con film	C09DX03	DAIICHI SANKYO ITALIA S.P.A.	Autorizzata	Procedura Mutuo riconoscimento o Decentrata	Medicinali soggetti a prescrizione medica
041661758	041661	SEVITREX	40 MG/10MG/25 MG COMPRESSE RIVESTITE CON FILM- 90 COMPRESSE IN FLACONE HDPE	OLMESARTAN MEDOXOMIL	OLMESARTAN MEDOXOMIL			Compressa rivestita con film	C09DX03	DAIICHI SANKYO ITALIA S.P.A.	Autorizzata	Procedura Mutuo riconoscimento o Decentrata	Medicinali soggetti a prescrizione medica
042368023	042368	OLMESARTAN DOC GENERICI	10 MG COMPRESSE RIVESTITE CON FILM- 28 COMPRESSE IN BLISTER AL/AL	OLMESARTAN MEDOXOMIL	OLMESARTAN MEDOXOMIL	10	milligrammi	Compressa rivestita con film	C09CA08	DOC GENERICI SRL	Autorizzata	Procedura Mutuo riconoscimento o Decentrata	Medicinali soggetti a prescrizione medica
042368035	042368	OLMESARTAN DOC GENERICI	20 MG COMPRESSE RIVESTITE CON FILM- 28 COMPRESSE IN BLISTER AL/AL	OLMESARTAN MEDOXOMIL	OLMESARTAN MEDOXOMIL	20	milligrammi	Compressa rivestita con film	C09CA08	DOC GENERICI SRL	Autorizzata	Procedura Mutuo riconoscimento o Decentrata	Medicinali soggetti a prescrizione medica
042368047	042368	OLMESARTAN DOC GENERICI	40 MG COMPRESSE RIVESTITE CON FILM- 28 COMPRESSE IN BLISTER AL/AL	OLMESARTAN MEDOXOMIL	OLMESARTAN MEDOXOMIL	40	milligrammi	Compressa rivestita con film	C09CA08	DOC GENERICI SRL	Autorizzata	Procedura Mutuo riconoscimento o Decentrata	Medicinali soggetti a prescrizione medica
043112010	043112	OLMESARTAN MEDOXOMIL MYLAN	10 MG COMPRESSE RIVESTITE CON FILM- 14 COMPRESSE IN BLISTER PA/AL/PVC/AL	OLMESARTAN MEDOXOMIL	OLMESARTAN MEDOXOMIL	10	milligrammi	Compressa rivestita con film	C09CA08	MYLAN S.P.A.	Autorizzata	Procedura Mutuo riconoscimento o Decentrata	Medicinali soggetti a prescrizione medica
043112022	043112	OLMESARTAN MEDOXOMIL MYLAN	10 MG COMPRESSE RIVESTITE CON FILM- 28 COMPRESSE IN BLISTER PA/AL/PVC/AL	OLMESARTAN MEDOXOMIL	OLMESARTAN MEDOXOMIL	10	milligrammi	Compressa rivestita con film	C09CA08	MYLAN S.P.A.	Autorizzata	Procedura Mutuo riconoscimento o Decentrata	Medicinali soggetti a prescrizione medica
043112034	043112	OLMESARTAN MEDOXOMIL MYLAN	10 MG COMPRESSE RIVESTITE CON FILM- 30 COMPRESSE IN BLISTER PA/AL/PVC/AL	OLMESARTAN MEDOXOMIL	OLMESARTAN MEDOXOMIL	10	milligrammi	Compressa rivestita con film	C09CA08	MYLAN S.P.A.	Autorizzata	Procedura Mutuo riconoscimento o Decentrata	Medicinali soggetti a prescrizione medica
043112046	043112	OLMESARTAN MEDOXOMIL MYLAN	10 MG COMPRESSE RIVESTITE CON FILM- 50 X 1 COMPRESSE IN BLISTER PA/AL/PVC/AL	OLMESARTAN MEDOXOMIL	OLMESARTAN MEDOXOMIL	10	milligrammi	Compressa rivestita con film	C09CA08	MYLAN S.P.A.	Autorizzata	Procedura Mutuo riconoscimento o Decentrata	Medicinali soggetti a prescrizione medica
043112059	043112	OLMESARTAN MEDOXOMIL MYLAN	10 MG COMPRESSE RIVESTITE CON FILM- 56 COMPRESSE IN BLISTER PA/AL/PVC/AL	OLMESARTAN MEDOXOMIL	OLMESARTAN MEDOXOMIL	10	milligrammi	Compressa rivestita con film	C09CA08	MYLAN S.P.A.	Autorizzata	Procedura Mutuo riconoscimento o Decentrata	Medicinali soggetti a prescrizione medica
043112061	043112	OLMESARTAN MEDOXOMIL MYLAN	10 MG COMPRESSE RIVESTITE CON FILM- 90 COMPRESSE IN BLISTER PA/AL/PVC/AL	OLMESARTAN MEDOXOMIL	OLMESARTAN MEDOXOMIL	10	milligrammi	Compressa rivestita con film	C09CA08	MYLAN S.P.A.	Autorizzata	Procedura Mutuo riconoscimento o Decentrata	Medicinali soggetti a prescrizione medica
043112073	043112	OLMESARTAN MEDOXOMIL MYLAN	10 MG COMPRESSE RIVESTITE CON FILM- 98 COMPRESSE IN BLISTER PA/AL/PVC/AL	OLMESARTAN MEDOXOMIL	OLMESARTAN MEDOXOMIL	10	milligrammi	Compressa rivestita con film	C09CA08	MYLAN S.P.A.	Autorizzata	Procedura Mutuo riconoscimento o Decentrata	Medicinali soggetti a prescrizione medica
043112085	043112	OLMESARTAN MEDOXOMIL MYLAN	20 MG COMPRESSE RIVESTITE CON FILM- 14 COMPRESSE IN BLISTER PA/AL/PVC/AL	OLMESARTAN MEDOXOMIL	OLMESARTAN MEDOXOMIL	20	milligrammi	Compressa rivestita con film	C09CA08	MYLAN S.P.A.	Autorizzata	Procedura Mutuo riconoscimento o Decentrata	Medicinali soggetti a prescrizione medica
043112097	043112	OLMESARTAN MEDOXOMIL MYLAN	20 MG COMPRESSE RIVESTITE CON FILM- 28 COMPRESSE IN BLISTER PA/AL/PVC/AL	OLMESARTAN MEDOXOMIL	OLMESARTAN MEDOXOMIL	20	milligrammi	Compressa rivestita con film	C09CA08	MYLAN S.P.A.	Autorizzata	Procedura Mutuo riconoscimento o Decentrata	Medicinali soggetti a prescrizione medica
043112109	043112	OLMESARTAN MEDOXOMIL MYLAN	20 MG COMPRESSE RIVESTITE CON FILM- 30 COMPRESSE IN BLISTER PA/AL/PVC/AL	OLMESARTAN MEDOXOMIL	OLMESARTAN MEDOXOMIL	20	milligrammi	Compressa rivestita con film	C09CA08	MYLAN S.P.A.	Autorizzata	Procedura Mutuo riconoscimento o Decentrata	Medicinali soggetti a prescrizione medica
043112111	043112	OLMESARTAN MEDOXOMIL MYLAN	20 MG COMPRESSE RIVESTITE CON FILM- 50 X 1 COMPRESSE IN BLISTER PA/AL/PVC/AL	OLMESARTAN MEDOXOMIL	OLMESARTAN MEDOXOMIL	20	milligrammi	Compressa rivestita con film	C09CA08	MYLAN S.P.A.	Autorizzata	Procedura Mutuo riconoscimento o Decentrata	Medicinali soggetti a prescrizione medica
043112123	043112	OLMESARTAN MEDOXOMIL MYLAN	20 MG COMPRESSE RIVESTITE CON FILM- 56 COMPRESSE IN BLISTER PA/AL/PVC/AL	OLMESARTAN MEDOXOMIL	OLMESARTAN MEDOXOMIL	20	milligrammi	Compressa rivestita con film	C09CA08	MYLAN S.P.A.	Autorizzata	Procedura Mutuo riconoscimento o Decentrata	Medicinali soggetti a prescrizione medica
043112135	043112	OLMESARTAN MEDOXOMIL MYLAN	20 MG COMPRESSE RIVESTITE CON FILM- 90 COMPRESSE IN BLISTER PA/AL/PVC/AL	OLMESARTAN MEDOXOMIL	OLMESARTAN MEDOXOMIL	20	milligrammi	Compressa rivestita con film	C09CA08	MYLAN S.P.A.	Autorizzata	Procedura Mutuo riconoscimento o Decentrata	Medicinali soggetti a prescrizione medica
043112147	043112	OLMESARTAN MEDOXOMIL MYLAN	20 MG COMPRESSE RIVESTITE CON FILM- 98 COMPRESSE IN BLISTER PA/AL/PVC/AL	OLMESARTAN MEDOXOMIL	OLMESARTAN MEDOXOMIL	20	milligrammi	Compressa rivestita con film	C09CA08	MYLAN S.P.A.	Autorizzata	Procedura Mutuo riconoscimento o Decentrata	Medicinali soggetti a prescrizione medica
043112150	043112	OLMESARTAN MEDOXOMIL MYLAN	20 MG COMPRESSE RIVESTITE CON FILM- 98 COMPRESSE IN FLACONE HDPE	OLMESARTAN MEDOXOMIL	OLMESARTAN MEDOXOMIL	20	milligrammi	Compressa rivestita con film	C09CA08	MYLAN S.P.A.	Autorizzata	Procedura Mutuo riconoscimento o Decentrata	Medicinali soggetti a prescrizione medica
043112162	043112	OLMESARTAN MEDOXOMIL MYLAN	20 MG COMPRESSE RIVESTITE CON FILM- 500 COMPRESSE IN FLACONE HDPE	OLMESARTAN MEDOXOMIL	OLMESARTAN MEDOXOMIL	20	milligrammi	Compressa rivestita con film	C09CA08	MYLAN S.P.A.	Autorizzata	Procedura Mutuo riconoscimento o Decentrata	Medicinali soggetti a prescrizione medica limitativa, utilizzabili esclusivamente in ambiente ospedaliero o in una struttura ad esso assimilabile
043112174	043112	OLMESARTAN MEDOXOMIL MYLAN	40 MG COMPRESSE RIVESTITE CON FILM- 14 COMPRESSE IN BLISTER PA/AL/PVC/AL	OLMESARTAN MEDOXOMIL	OLMESARTAN MEDOXOMIL	40	milligrammi	Compressa rivestita con film	C09CA08	MYLAN S.P.A.	Autorizzata	Procedura Mutuo riconoscimento o Decentrata	Medicinali soggetti a prescrizione medica
043112186	043112	OLMESARTAN MEDOXOMIL MYLAN	40 MG COMPRESSE RIVESTITE CON FILM- 28 COMPRESSE IN BLISTER PA/AL/PVC/AL	OLMESARTAN MEDOXOMIL	OLMESARTAN MEDOXOMIL	40	milligrammi	Compressa rivestita con film	C09CA08	MYLAN S.P.A.	Autorizzata	Procedura Mutuo riconoscimento o Decentrata	Medicinali soggetti a prescrizione medica
043112198	043112	OLMESARTAN MEDOXOMIL MYLAN	40 MG COMPRESSE RIVESTITE CON FILM- 30 COMPRESSE IN BLISTER PA/AL/PVC/AL	OLMESARTAN MEDOXOMIL	OLMESARTAN MEDOXOMIL	40	milligrammi	Compressa rivestita con film	C09CA08	MYLAN S.P.A.	Autorizzata	Procedura Mutuo riconoscimento o Decentrata	Medicinali soggetti a prescrizione medica
043112200	043112	OLMESARTAN MEDOXOMIL MYLAN	40 MG COMPRESSE RIVESTITE CON FILM- 50 X 1 COMPRESSE IN BLISTER PA/AL/PVC/AL	OLMESARTAN MEDOXOMIL	OLMESARTAN MEDOXOMIL	40	milligrammi	Compressa rivestita con film	C09CA08	MYLAN S.P.A.	Autorizzata	Procedura Mutuo riconoscimento o Decentrata	Medicinali soggetti a prescrizione medica
043112212	043112	OLMESARTAN MEDOXOMIL MYLAN	40 MG COMPRESSE RIVESTITE CON FILM- 56 COMPRESSE IN BLISTER PA/AL/PVC/AL	OLMESARTAN MEDOXOMIL	OLMESARTAN MEDOXOMIL	40	milligrammi	Compressa rivestita con film	C09CA08	MYLAN S.P.A.	Autorizzata	Procedura Mutuo riconoscimento o Decentrata	Medicinali soggetti a prescrizione medica
043112224	043112	OLMESARTAN MEDOXOMIL MYLAN	40 MG COMPRESSE RIVESTITE CON FILM- 90 COMPRESSE IN BLISTER PA/AL/PVC/AL	OLMESARTAN MEDOXOMIL	OLMESARTAN MEDOXOMIL	40	milligrammi	Compressa rivestita con film	C09CA08	MYLAN S.P.A.	Autorizzata	Procedura Mutuo riconoscimento o Decentrata	Medicinali soggetti a prescrizione medica
043112236	043112	OLMESARTAN MEDOXOMIL MYLAN	40 MG COMPRESSE RIVESTITE CON FILM- 98 COMPRESSE IN BLISTER PA/AL/PVC/AL	OLMESARTAN MEDOXOMIL	OLMESARTAN MEDOXOMIL	40	milligrammi	Compressa rivestita con film	C09CA08	MYLAN S.P.A.	Autorizzata	Procedura Mutuo riconoscimento o Decentrata	Medicinali soggetti a prescrizione medica
043112248	043112	OLMESARTAN MEDOXOMIL MYLAN	10 MG COMPRESSE RIVESTITE CON FILM- 28 X 1 COMPRESSE IN BLISTER PA/AL/PVC/AL	OLMESARTAN MEDOXOMIL	OLMESARTAN MEDOXOMIL	10	milligrammi	Compressa rivestita con film	C09CA08	MYLAN S.P.A.	Autorizzata	Procedura Mutuo riconoscimento o Decentrata	Medicinali soggetti a prescrizione medica
043112251	043112	OLMESARTAN MEDOXOMIL MYLAN	20 MG COMPRESSE RIVESTITE CON FILM- 28 X 1 COMPRESSE IN BLISTER PA/AL/PVC/AL	OLMESARTAN MEDOXOMIL	OLMESARTAN MEDOXOMIL	20	milligrammi	Compressa rivestita con film	C09CA08	MYLAN S.P.A.	Autorizzata	Procedura Mutuo riconoscimento o Decentrata	Medicinali soggetti a prescrizione medica
043112263	043112	OLMESARTAN MEDOXOMIL MYLAN	40 MG COMPRESSE RIVESTITE CON FILM- 28 X 1 COMPRESSE IN BLISTER PA/AL/PVC/AL	OLMESARTAN MEDOXOMIL	OLMESARTAN MEDOXOMIL	40	milligrammi	Compressa rivestita con film	C09CA08	MYLAN S.P.A.	Autorizzata	Procedura Mutuo riconoscimento o Decentrata	Medicinali soggetti a prescrizione medica
043112275	043112	OLMESARTAN MEDOXOMIL MYLAN	10 MG COMPRESSE RIVESTITE CON FILM- 500 COMPRESSE IN FLACONE HDPE	OLMESARTAN MEDOXOMIL	OLMESARTAN MEDOXOMIL	10	milligrammi	Compressa rivestita con film	C09CA08	MYLAN S.P.A.	Autorizzata	Procedura Mutuo riconoscimento o Decentrata	Medicinali soggetti a prescrizione medica limitativa, utilizzabili esclusivamente in ambiente ospedaliero o in una struttura ad esso assimilabile
043918010	043918	OLMESARTAN MEDOXOMIL EG	10 MG COMPRESSE RIVESTITE CON FILM- 10 COMPRESSE IN BLISTER OPA/AL/PVC	OLMESARTAN MEDOXOMIL	OLMESARTAN MEDOXOMIL	10	milligrammi	Compressa rivestita con film	C09CA08	EG S.P.A.	Autorizzata	Procedura Mutuo riconoscimento o Decentrata	Medicinali soggetti a prescrizione medica
043918034	043918	OLMESARTAN MEDOXOMIL EG	10 MG COMPRESSE RIVESTITE CON FILM- 14 COMPRESSE IN BLISTER OPA/AL/PVC	OLMESARTAN MEDOXOMIL	OLMESARTAN MEDOXOMIL	10	milligrammi	Compressa rivestita con film	C09CA08	EG S.P.A.	Autorizzata	Procedura Mutuo riconoscimento o Decentrata	Medicinali soggetti a prescrizione medica
043918046	043918	OLMESARTAN MEDOXOMIL EG	10 MG COMPRESSE RIVESTITE CON FILM- 28 COMPRESSE IN BLISTER OPA/AL/PVC	OLMESARTAN MEDOXOMIL	OLMESARTAN MEDOXOMIL	10	milligrammi	Compressa rivestita con film	C09CA08	EG S.P.A.	Autorizzata	Procedura Mutuo riconoscimento o Decentrata	Medicinali soggetti a prescrizione medica
043918059	043918	OLMESARTAN MEDOXOMIL EG	10 MG COMPRESSE RIVESTITE CON FILM- 30 COMPRESSE IN BLISTER OPA/AL/PVC	OLMESARTAN MEDOXOMIL	OLMESARTAN MEDOXOMIL	10	milligrammi	Compressa rivestita con film	C09CA08	EG S.P.A.	Autorizzata	Procedura Mutuo riconoscimento o Decentrata	Medicinali soggetti a prescrizione medica
043918061	043918	OLMESARTAN MEDOXOMIL EG	10 MG COMPRESSE RIVESTITE CON FILM- 56 COMPRESSE IN BLISTER OPA/AL/PVC	OLMESARTAN MEDOXOMIL	OLMESARTAN MEDOXOMIL	10	milligrammi	Compressa rivestita con film	C09CA08	EG S.P.A.	Autorizzata	Procedura Mutuo riconoscimento o Decentrata	Medicinali soggetti a prescrizione medica
043918073	043918	OLMESARTAN MEDOXOMIL EG	10 MG COMPRESSE RIVESTITE CON FILM- 60 COMPRESSE IN BLISTER OPA/AL/PVC	OLMESARTAN MEDOXOMIL	OLMESARTAN MEDOXOMIL	10	milligrammi	Compressa rivestita con film	C09CA08	EG S.P.A.	Autorizzata	Procedura Mutuo riconoscimento o Decentrata	Medicinali soggetti a prescrizione medica
043918085	043918	OLMESARTAN MEDOXOMIL EG	10 MG COMPRESSE RIVESTITE CON FILM- 90 COMPRESSE IN BLISTER OPA/AL/PVC	OLMESARTAN MEDOXOMIL	OLMESARTAN MEDOXOMIL	10	milligrammi	Compressa rivestita con film	C09CA08	EG S.P.A.	Autorizzata	Procedura Mutuo riconoscimento o Decentrata	Medicinali soggetti a prescrizione medica
043918097	043918	OLMESARTAN MEDOXOMIL EG	10 MG COMPRESSE RIVESTITE CON FILM- 98 COMPRESSE IN BLISTER OPA/AL/PVC	OLMESARTAN MEDOXOMIL	OLMESARTAN MEDOXOMIL	10	milligrammi	Compressa rivestita con film	C09CA08	EG S.P.A.	Autorizzata	Procedura Mutuo riconoscimento o Decentrata	Medicinali soggetti a prescrizione medica
043918109	043918	OLMESARTAN MEDOXOMIL EG	10 MG COMPRESSE RIVESTITE CON FILM- 100 COMPRESSE IN BLISTER OPA/AL/PVC	OLMESARTAN MEDOXOMIL	OLMESARTAN MEDOXOMIL	10	milligrammi	Compressa rivestita con film	C09CA08	EG S.P.A.	Autorizzata	Procedura Mutuo riconoscimento o Decentrata	Medicinali soggetti a prescrizione medica
043918111	043918	OLMESARTAN MEDOXOMIL EG	20 MG COMPRESSE RIVESTITE CON FILM- 10 COMPRESSE IN BLISTER OPA/AL/PVC	OLMESARTAN MEDOXOMIL	OLMESARTAN MEDOXOMIL	20	milligrammi	Compressa rivestita con film	C09CA08	EG S.P.A.	Autorizzata	Procedura Mutuo riconoscimento o Decentrata	Medicinali soggetti a prescrizione medica
043918123	043918	OLMESARTAN MEDOXOMIL EG	20 MG COMPRESSE RIVESTITE CON FILM- 14 COMPRESSE IN BLISTER OPA/AL/PVC	OLMESARTAN MEDOXOMIL	OLMESARTAN MEDOXOMIL	20	milligrammi	Compressa rivestita con film	C09CA08	EG S.P.A.	Autorizzata	Procedura Mutuo riconoscimento o Decentrata	Medicinali soggetti a prescrizione medica
043918147	043918	OLMESARTAN MEDOXOMIL EG	20 MG COMPRESSE RIVESTITE CON FILM- 28 COMPRESSE IN BLISTER OPA/AL/PVC	OLMESARTAN MEDOXOMIL	OLMESARTAN MEDOXOMIL	20	milligrammi	Compressa rivestita con film	C09CA08	EG S.P.A.	Autorizzata	Procedura Mutuo riconoscimento o Decentrata	Medicinali soggetti a prescrizione medica
043918162	043918	OLMESARTAN MEDOXOMIL EG	20 MG COMPRESSE RIVESTITE CON FILM- 30 COMPRESSE IN BLISTER OPA/AL/PVC	OLMESARTAN MEDOXOMIL	OLMESARTAN MEDOXOMIL	20	milligrammi	Compressa rivestita con film	C09CA08	EG S.P.A.	Autorizzata	Procedura Mutuo riconoscimento o Decentrata	Medicinali soggetti a prescrizione medica
043918174	043918	OLMESARTAN MEDOXOMIL EG	20 MG COMPRESSE RIVESTITE CON FILM- 56 COMPRESSE IN BLISTER OPA/AL/PVC	OLMESARTAN MEDOXOMIL	OLMESARTAN MEDOXOMIL	20	milligrammi	Compressa rivestita con film	C09CA08	EG S.P.A.	Autorizzata	Procedura Mutuo riconoscimento o Decentrata	Medicinali soggetti a prescrizione medica
043918186	043918	OLMESARTAN MEDOXOMIL EG	20 MG COMPRESSE RIVESTITE CON FILM- 60 COMPRESSE IN BLISTER OPA/AL/PVC	OLMESARTAN MEDOXOMIL	OLMESARTAN MEDOXOMIL	20	milligrammi	Compressa rivestita con film	C09CA08	EG S.P.A.	Autorizzata	Procedura Mutuo riconoscimento o Decentrata	Medicinali soggetti a prescrizione medica
043918198	043918	OLMESARTAN MEDOXOMIL EG	20 MG COMPRESSE RIVESTITE CON FILM- 90 COMPRESSE IN BLISTER OPA/AL/PVC	OLMESARTAN MEDOXOMIL	OLMESARTAN MEDOXOMIL	20	milligrammi	Compressa rivestita con film	C09CA08	EG S.P.A.	Autorizzata	Procedura Mutuo riconoscimento o Decentrata	Medicinali soggetti a prescrizione medica
043918200	043918	OLMESARTAN MEDOXOMIL EG	20 MG COMPRESSE RIVESTITE CON FILM- 98 COMPRESSE IN BLISTER OPA/AL/PVC	OLMESARTAN MEDOXOMIL	OLMESARTAN MEDOXOMIL	20	milligrammi	Compressa rivestita con film	C09CA08	EG S.P.A.	Autorizzata	Procedura Mutuo riconoscimento o Decentrata	Medicinali soggetti a prescrizione medica
043918212	043918	OLMESARTAN MEDOXOMIL EG	20 MG COMPRESSE RIVESTITE CON FILM- 100 COMPRESSE IN BLISTER OPA/AL/PVC	OLMESARTAN MEDOXOMIL	OLMESARTAN MEDOXOMIL	20	milligrammi	Compressa rivestita con film	C09CA08	EG S.P.A.	Autorizzata	Procedura Mutuo riconoscimento o Decentrata	Medicinali soggetti a prescrizione medica
043918224	043918	OLMESARTAN MEDOXOMIL EG	40 MG COMPRESSE RIVESTITE CON FILM- 10 COMPRESSE IN BLISTER OPA/AL/PVC	OLMESARTAN MEDOXOMIL	OLMESARTAN MEDOXOMIL	40	milligrammi	Compressa rivestita con film	C09CA08	EG S.P.A.	Autorizzata	Procedura Mutuo riconoscimento o Decentrata	Medicinali soggetti a prescrizione medica
043918236	043918	OLMESARTAN MEDOXOMIL EG	40 MG COMPRESSE RIVESTITE CON FILM- 14 COMPRESSE IN BLISTER OPA/AL/PVC	OLMESARTAN MEDOXOMIL	OLMESARTAN MEDOXOMIL	40	milligrammi	Compressa rivestita con film	C09CA08	EG S.P.A.	Autorizzata	Procedura Mutuo riconoscimento o Decentrata	Medicinali soggetti a prescrizione medica
043918248	043918	OLMESARTAN MEDOXOMIL EG	40 MG COMPRESSE RIVESTITE CON FILM- 28 COMPRESSE IN BLISTER OPA/AL/PVC	OLMESARTAN MEDOXOMIL	OLMESARTAN MEDOXOMIL	40	milligrammi	Compressa rivestita con film	C09CA08	EG S.P.A.	Autorizzata	Procedura Mutuo riconoscimento o Decentrata	Medicinali soggetti a prescrizione medica
043918251	043918	OLMESARTAN MEDOXOMIL EG	40 MG COMPRESSE RIVESTITE CON FILM- 30 COMPRESSE IN BLISTER OPA/AL/PVC	OLMESARTAN MEDOXOMIL	OLMESARTAN MEDOXOMIL	40	milligrammi	Compressa rivestita con film	C09CA08	EG S.P.A.	Autorizzata	Procedura Mutuo riconoscimento o Decentrata	Medicinali soggetti a prescrizione medica
043918263	043918	OLMESARTAN MEDOXOMIL EG	40 MG COMPRESSE RIVESTITE CON FILM- 56 COMPRESSE IN BLISTER OPA/AL/PVC	OLMESARTAN MEDOXOMIL	OLMESARTAN MEDOXOMIL	40	milligrammi	Compressa rivestita con film	C09CA08	EG S.P.A.	Autorizzata	Procedura Mutuo riconoscimento o Decentrata	Medicinali soggetti a prescrizione medica
043918275	043918	OLMESARTAN MEDOXOMIL EG	40 MG COMPRESSE RIVESTITE CON FILM- 60 COMPRESSE IN BLISTER OPA/AL/PVC	OLMESARTAN MEDOXOMIL	OLMESARTAN MEDOXOMIL	40	milligrammi	Compressa rivestita con film	C09CA08	EG S.P.A.	Autorizzata	Procedura Mutuo riconoscimento o Decentrata	Medicinali soggetti a prescrizione medica
043918287	043918	OLMESARTAN MEDOXOMIL EG	40 MG COMPRESSE RIVESTITE CON FILM- 90 COMPRESSE IN BLISTER OPA/AL/PVC	OLMESARTAN MEDOXOMIL	OLMESARTAN MEDOXOMIL	40	milligrammi	Compressa rivestita con film	C09CA08	EG S.P.A.	Autorizzata	Procedura Mutuo riconoscimento o Decentrata	Medicinali soggetti a prescrizione medica
043918299	043918	OLMESARTAN MEDOXOMIL EG	40 MG COMPRESSE RIVESTITE CON FILM- 98 COMPRESSE IN BLISTER OPA/AL/PVC	OLMESARTAN MEDOXOMIL	OLMESARTAN MEDOXOMIL	40	milligrammi	Compressa rivestita con film	C09CA08	EG S.P.A.	Autorizzata	Procedura Mutuo riconoscimento o Decentrata	Medicinali soggetti a prescrizione medica
043918301	043918	OLMESARTAN MEDOXOMIL EG	40 MG COMPRESSE RIVESTITE CON FILM- 100 COMPRESSE IN BLISTER OPA/AL/PVC	OLMESARTAN MEDOXOMIL	OLMESARTAN MEDOXOMIL	40	milligrammi	Compressa rivestita con film	C09CA08	EG S.P.A.	Autorizzata	Procedura Mutuo riconoscimento o Decentrata	Medicinali soggetti a prescrizione medica
043932019	043932	OLMESARTAN MEDOXOMIL  AUROBINDO	10 MG COMPRESSE RIVESTITE CON FILM- 14 COMPRESSE IN BLISTER PO/AL/PVC-AL	OLMESARTAN MEDOXOMIL	OLMESARTAN MEDOXOMIL	10	milligrammi	Compressa rivestita con film	C09CA08	AUROBINDO PHARMA (ITALIA) S.R.L.	Autorizzata	Procedura Mutuo riconoscimento o Decentrata	Medicinali soggetti a prescrizione medica
043932021	043932	OLMESARTAN MEDOXOMIL  AUROBINDO	10 MG COMPRESSE RIVESTITE CON FILM- 28 COMPRESSE IN BLISTER PO/AL/PVC-AL	OLMESARTAN MEDOXOMIL	OLMESARTAN MEDOXOMIL	10	milligrammi	Compressa rivestita con film	C09CA08	AUROBINDO PHARMA (ITALIA) S.R.L.	Autorizzata	Procedura Mutuo riconoscimento o Decentrata	Medicinali soggetti a prescrizione medica
043932033	043932	OLMESARTAN MEDOXOMIL  AUROBINDO	10 MG COMPRESSE RIVESTITE CON FILM- 56 COMPRESSE IN BLISTER PO/AL/PVC-AL	OLMESARTAN MEDOXOMIL	OLMESARTAN MEDOXOMIL	10	milligrammi	Compressa rivestita con film	C09CA08	AUROBINDO PHARMA (ITALIA) S.R.L.	Autorizzata	Procedura Mutuo riconoscimento o Decentrata	Medicinali soggetti a prescrizione medica
043932045	043932	OLMESARTAN MEDOXOMIL  AUROBINDO	20 MG COMPRESSE RIVESTITE CON FILM- 14 COMPRESSE IN BLISTER PO/AL/PVC-AL	OLMESARTAN MEDOXOMIL	OLMESARTAN MEDOXOMIL	20	milligrammi	Compressa rivestita con film	C09CA08	AUROBINDO PHARMA (ITALIA) S.R.L.	Autorizzata	Procedura Mutuo riconoscimento o Decentrata	Medicinali soggetti a prescrizione medica
043932058	043932	OLMESARTAN MEDOXOMIL  AUROBINDO	20 MG COMPRESSE RIVESTITE CON FILM- 28 COMPRESSE IN BLISTER PO/AL/PVC-AL	OLMESARTAN MEDOXOMIL	OLMESARTAN MEDOXOMIL	20	milligrammi	Compressa rivestita con film	C09CA08	AUROBINDO PHARMA (ITALIA) S.R.L.	Autorizzata	Procedura Mutuo riconoscimento o Decentrata	Medicinali soggetti a prescrizione medica
043932060	043932	OLMESARTAN MEDOXOMIL  AUROBINDO	20 MG COMPRESSE RIVESTITE CON FILM- 56 COMPRESSE IN BLISTER PO/AL/PVC-AL	OLMESARTAN MEDOXOMIL	OLMESARTAN MEDOXOMIL	20	milligrammi	Compressa rivestita con film	C09CA08	AUROBINDO PHARMA (ITALIA) S.R.L.	Autorizzata	Procedura Mutuo riconoscimento o Decentrata	Medicinali soggetti a prescrizione medica
043932072	043932	OLMESARTAN MEDOXOMIL  AUROBINDO	40 MG COMPRESSE RIVESTITE CON FILM- 14 COMPRESSE IN BLISTER PO/AL/PVC-AL	OLMESARTAN MEDOXOMIL	OLMESARTAN MEDOXOMIL	40	milligrammi	Compressa rivestita con film	C09CA08	AUROBINDO PHARMA (ITALIA) S.R.L.	Autorizzata	Procedura Mutuo riconoscimento o Decentrata	Medicinali soggetti a prescrizione medica
043932084	043932	OLMESARTAN MEDOXOMIL  AUROBINDO	40 MG COMPRESSE RIVESTITE CON FILM- 28 COMPRESSE IN BLISTER PO/AL/PVC-AL	OLMESARTAN MEDOXOMIL	OLMESARTAN MEDOXOMIL	40	milligrammi	Compressa rivestita con film	C09CA08	AUROBINDO PHARMA (ITALIA) S.R.L.	Autorizzata	Procedura Mutuo riconoscimento o Decentrata	Medicinali soggetti a prescrizione medica
043932096	043932	OLMESARTAN MEDOXOMIL  AUROBINDO	40 MG COMPRESSE RIVESTITE CON FILM- 56 COMPRESSE IN BLISTER PO/AL/PVC-AL	OLMESARTAN MEDOXOMIL	OLMESARTAN MEDOXOMIL	40	milligrammi	Compressa rivestita con film	C09CA08	AUROBINDO PHARMA (ITALIA) S.R.L.	Autorizzata	Procedura Mutuo riconoscimento o Decentrata	Medicinali soggetti a prescrizione medica
044170013	044170	OLMESARTAN MEDOXOMIL ALTER	10 MG COMPRESSE RIVESTITE CON FILM- 14 COMPRESSE IN BLISTER PA/AL/PVC/AL	OLMESARTAN MEDOXOMIL	OLMESARTAN MEDOXOMIL	10	milligrammi	Compressa rivestita con film	C09CA08	LABORATORI ALTER S.R.L.	Autorizzata	Procedura Mutuo riconoscimento o Decentrata	Medicinali soggetti a prescrizione medica
044170025	044170	OLMESARTAN MEDOXOMIL ALTER	10 MG COMPRESSE RIVESTITE CON FILM- 28 COMPRESSE IN BLISTER PA/AL/PVC/AL	OLMESARTAN MEDOXOMIL	OLMESARTAN MEDOXOMIL	10	milligrammi	Compressa rivestita con film	C09CA08	LABORATORI ALTER S.R.L.	Autorizzata	Procedura Mutuo riconoscimento o Decentrata	Medicinali soggetti a prescrizione medica
044170037	044170	OLMESARTAN MEDOXOMIL ALTER	10 MG COMPRESSE RIVESTITE CON FILM- 56 COMPRESSE IN BLISTER PA/AL/PVC/AL	OLMESARTAN MEDOXOMIL	OLMESARTAN MEDOXOMIL	10	milligrammi	Compressa rivestita con film	C09CA08	LABORATORI ALTER S.R.L.	Autorizzata	Procedura Mutuo riconoscimento o Decentrata	Medicinali soggetti a prescrizione medica
044170049	044170	OLMESARTAN MEDOXOMIL ALTER	20 MG COMPRESSE RIVESTITE CON FILM- 14 COMPRESSE IN BLISTER PA/AL/PVC/AL	OLMESARTAN MEDOXOMIL	OLMESARTAN MEDOXOMIL	20	milligrammi	Compressa rivestita con film	C09CA08	LABORATORI ALTER S.R.L.	Autorizzata	Procedura Mutuo riconoscimento o Decentrata	Medicinali soggetti a prescrizione medica
044170052	044170	OLMESARTAN MEDOXOMIL ALTER	20 MG COMPRESSE RIVESTITE CON FILM- 28 COMPRESSE IN BLISTER PA/AL/PVC/AL	OLMESARTAN MEDOXOMIL	OLMESARTAN MEDOXOMIL	20	milligrammi	Compressa rivestita con film	C09CA08	LABORATORI ALTER S.R.L.	Autorizzata	Procedura Mutuo riconoscimento o Decentrata	Medicinali soggetti a prescrizione medica
044170064	044170	OLMESARTAN MEDOXOMIL ALTER	20 MG COMPRESSE RIVESTITE CON FILM- 30 COMPRESSE IN BLISTER PA/AL/PVC/AL	OLMESARTAN MEDOXOMIL	OLMESARTAN MEDOXOMIL	20	milligrammi	Compressa rivestita con film	C09CA08	LABORATORI ALTER S.R.L.	Autorizzata	Procedura Mutuo riconoscimento o Decentrata	Medicinali soggetti a prescrizione medica
044170076	044170	OLMESARTAN MEDOXOMIL ALTER	20 MG COMPRESSE RIVESTITE CON FILM- 56 COMPRESSE IN BLISTER PA/AL/PVC/AL	OLMESARTAN MEDOXOMIL	OLMESARTAN MEDOXOMIL	20	milligrammi	Compressa rivestita con film	C09CA08	LABORATORI ALTER S.R.L.	Autorizzata	Procedura Mutuo riconoscimento o Decentrata	Medicinali soggetti a prescrizione medica
044170088	044170	OLMESARTAN MEDOXOMIL ALTER	20 MG COMPRESSE RIVESTITE CON FILM- 90 COMPRESSE IN BLISTER PA/AL/PVC/AL	OLMESARTAN MEDOXOMIL	OLMESARTAN MEDOXOMIL	20	milligrammi	Compressa rivestita con film	C09CA08	LABORATORI ALTER S.R.L.	Autorizzata	Procedura Mutuo riconoscimento o Decentrata	Medicinali soggetti a prescrizione medica
044170090	044170	OLMESARTAN MEDOXOMIL ALTER	40 MG COMPRESSE RIVESTITE CON FILM- 14 COMPRESSE IN BLISTER PA/AL/PVC/AL	OLMESARTAN MEDOXOMIL	OLMESARTAN MEDOXOMIL	40	milligrammi	Compressa rivestita con film	C09CA08	LABORATORI ALTER S.R.L.	Autorizzata	Procedura Mutuo riconoscimento o Decentrata	Medicinali soggetti a prescrizione medica
044170102	044170	OLMESARTAN MEDOXOMIL ALTER	40 MG COMPRESSE RIVESTITE CON FILM- 28 COMPRESSE IN BLISTER PA/AL/PVC/AL	OLMESARTAN MEDOXOMIL	OLMESARTAN MEDOXOMIL	40	milligrammi	Compressa rivestita con film	C09CA08	LABORATORI ALTER S.R.L.	Autorizzata	Procedura Mutuo riconoscimento o Decentrata	Medicinali soggetti a prescrizione medica
044170114	044170	OLMESARTAN MEDOXOMIL ALTER	40 MG COMPRESSE RIVESTITE CON FILM- 56 COMPRESSE IN BLISTER PA/AL/PVC/AL	OLMESARTAN MEDOXOMIL	OLMESARTAN MEDOXOMIL	40	milligrammi	Compressa rivestita con film	C09CA08	LABORATORI ALTER S.R.L.	Autorizzata	Procedura Mutuo riconoscimento o Decentrata	Medicinali soggetti a prescrizione medica
044174011	044174	OLMESARTAN MEDOXOMIL ACCORD	10 MG COMPRESSE RIVESTITE CON FILM- 14 COMPRESSE IN BLISTER AL/AL	OLMESARTAN MEDOXOMIL	OLMESARTAN MEDOXOMIL	10	milligrammi	Compressa rivestita con film	C09CA08	ACCORD HEALTHCARE, S.L.U.	Autorizzata	Procedura Mutuo riconoscimento o Decentrata	Medicinali soggetti a prescrizione medica
044174023	044174	OLMESARTAN MEDOXOMIL ACCORD	10 MG COMPRESSE RIVESTITE CON FILM- 28 COMPRESSE IN BLISTER AL/AL	OLMESARTAN MEDOXOMIL	OLMESARTAN MEDOXOMIL	10	milligrammi	Compressa rivestita con film	C09CA08	ACCORD HEALTHCARE, S.L.U.	Autorizzata	Procedura Mutuo riconoscimento o Decentrata	Medicinali soggetti a prescrizione medica
044174035	044174	OLMESARTAN MEDOXOMIL ACCORD	10 MG COMPRESSE RIVESTITE CON FILM- 30 COMPRESSE IN BLISTER AL/AL	OLMESARTAN MEDOXOMIL	OLMESARTAN MEDOXOMIL	10	milligrammi	Compressa rivestita con film	C09CA08	ACCORD HEALTHCARE, S.L.U.	Autorizzata	Procedura Mutuo riconoscimento o Decentrata	Medicinali soggetti a prescrizione medica
044174047	044174	OLMESARTAN MEDOXOMIL ACCORD	10 MG COMPRESSE RIVESTITE CON FILM- 56 COMPRESSE IN BLISTER AL/AL	OLMESARTAN MEDOXOMIL	OLMESARTAN MEDOXOMIL	10	milligrammi	Compressa rivestita con film	C09CA08	ACCORD HEALTHCARE, S.L.U.	Autorizzata	Procedura Mutuo riconoscimento o Decentrata	Medicinali soggetti a prescrizione medica
044174050	044174	OLMESARTAN MEDOXOMIL ACCORD	10 MG COMPRESSE RIVESTITE CON FILM- 84 COMPRESSE IN BLISTER AL/AL	OLMESARTAN MEDOXOMIL	OLMESARTAN MEDOXOMIL	10	milligrammi	Compressa rivestita con film	C09CA08	ACCORD HEALTHCARE, S.L.U.	Autorizzata	Procedura Mutuo riconoscimento o Decentrata	Medicinali soggetti a prescrizione medica
044174062	044174	OLMESARTAN MEDOXOMIL ACCORD	10 MG COMPRESSE RIVESTITE CON FILM- 90 COMPRESSE IN BLISTER AL/AL	OLMESARTAN MEDOXOMIL	OLMESARTAN MEDOXOMIL	10	milligrammi	Compressa rivestita con film	C09CA08	ACCORD HEALTHCARE, S.L.U.	Autorizzata	Procedura Mutuo riconoscimento o Decentrata	Medicinali soggetti a prescrizione medica
044174074	044174	OLMESARTAN MEDOXOMIL ACCORD	10 MG COMPRESSE RIVESTITE CON FILM- 98 COMPRESSE IN BLISTER AL/AL	OLMESARTAN MEDOXOMIL	OLMESARTAN MEDOXOMIL	10	milligrammi	Compressa rivestita con film	C09CA08	ACCORD HEALTHCARE, S.L.U.	Autorizzata	Procedura Mutuo riconoscimento o Decentrata	Medicinali soggetti a prescrizione medica
044174086	044174	OLMESARTAN MEDOXOMIL ACCORD	10 MG COMPRESSE RIVESTITE CON FILM- 280 COMPRESSE IN BLISTER AL/AL	OLMESARTAN MEDOXOMIL	OLMESARTAN MEDOXOMIL	10	milligrammi	Compressa rivestita con film	C09CA08	ACCORD HEALTHCARE, S.L.U.	Autorizzata	Procedura Mutuo riconoscimento o Decentrata	Medicinali soggetti a prescrizione medica
044174098	044174	OLMESARTAN MEDOXOMIL ACCORD	20 MG COMPRESSE RIVESTITE CON FILM- 14 COMPRESSE IN BLISTER AL/AL	OLMESARTAN MEDOXOMIL	OLMESARTAN MEDOXOMIL	20	milligrammi	Compressa rivestita con film	C09CA08	ACCORD HEALTHCARE, S.L.U.	Autorizzata	Procedura Mutuo riconoscimento o Decentrata	Medicinali soggetti a prescrizione medica
044174100	044174	OLMESARTAN MEDOXOMIL ACCORD	20 MG COMPRESSE RIVESTITE CON FILM- 28 COMPRESSE IN BLISTER AL/AL	OLMESARTAN MEDOXOMIL	OLMESARTAN MEDOXOMIL	20	milligrammi	Compressa rivestita con film	C09CA08	ACCORD HEALTHCARE, S.L.U.	Autorizzata	Procedura Mutuo riconoscimento o Decentrata	Medicinali soggetti a prescrizione medica
044174112	044174	OLMESARTAN MEDOXOMIL ACCORD	20 MG COMPRESSE RIVESTITE CON FILM- 30 COMPRESSE IN BLISTER AL/AL	OLMESARTAN MEDOXOMIL	OLMESARTAN MEDOXOMIL	20	milligrammi	Compressa rivestita con film	C09CA08	ACCORD HEALTHCARE, S.L.U.	Autorizzata	Procedura Mutuo riconoscimento o Decentrata	Medicinali soggetti a prescrizione medica
044174124	044174	OLMESARTAN MEDOXOMIL ACCORD	20 MG COMPRESSE RIVESTITE CON FILM- 56 COMPRESSE IN BLISTER AL/AL	OLMESARTAN MEDOXOMIL	OLMESARTAN MEDOXOMIL	20	milligrammi	Compressa rivestita con film	C09CA08	ACCORD HEALTHCARE, S.L.U.	Autorizzata	Procedura Mutuo riconoscimento o Decentrata	Medicinali soggetti a prescrizione medica
044174136	044174	OLMESARTAN MEDOXOMIL ACCORD	20 MG COMPRESSE RIVESTITE CON FILM- 84 COMPRESSE IN BLISTER AL/AL	OLMESARTAN MEDOXOMIL	OLMESARTAN MEDOXOMIL	20	milligrammi	Compressa rivestita con film	C09CA08	ACCORD HEALTHCARE, S.L.U.	Autorizzata	Procedura Mutuo riconoscimento o Decentrata	Medicinali soggetti a prescrizione medica
044174148	044174	OLMESARTAN MEDOXOMIL ACCORD	20 MG COMPRESSE RIVESTITE CON FILM- 90 COMPRESSE IN BLISTER AL/AL	OLMESARTAN MEDOXOMIL	OLMESARTAN MEDOXOMIL	20	milligrammi	Compressa rivestita con film	C09CA08	ACCORD HEALTHCARE, S.L.U.	Autorizzata	Procedura Mutuo riconoscimento o Decentrata	Medicinali soggetti a prescrizione medica
044174151	044174	OLMESARTAN MEDOXOMIL ACCORD	20 MG COMPRESSE RIVESTITE CON FILM- 98 COMPRESSE IN BLISTER AL/AL	OLMESARTAN MEDOXOMIL	OLMESARTAN MEDOXOMIL	20	milligrammi	Compressa rivestita con film	C09CA08	ACCORD HEALTHCARE, S.L.U.	Autorizzata	Procedura Mutuo riconoscimento o Decentrata	Medicinali soggetti a prescrizione medica
044174163	044174	OLMESARTAN MEDOXOMIL ACCORD	20 MG COMPRESSE RIVESTITE CON FILM- 280 COMPRESSE IN BLISTER AL/AL	OLMESARTAN MEDOXOMIL	OLMESARTAN MEDOXOMIL	20	milligrammi	Compressa rivestita con film	C09CA08	ACCORD HEALTHCARE, S.L.U.	Autorizzata	Procedura Mutuo riconoscimento o Decentrata	Medicinali soggetti a prescrizione medica
044174175	044174	OLMESARTAN MEDOXOMIL ACCORD	40 MG COMPRESSE RIVESTITE CON FILM- 14 COMPRESSE IN BLISTER AL/AL	OLMESARTAN MEDOXOMIL	OLMESARTAN MEDOXOMIL	40	milligrammi	Compressa rivestita con film	C09CA08	ACCORD HEALTHCARE, S.L.U.	Autorizzata	Procedura Mutuo riconoscimento o Decentrata	Medicinali soggetti a prescrizione medica
044174187	044174	OLMESARTAN MEDOXOMIL ACCORD	40 MG COMPRESSE RIVESTITE CON FILM- 28 COMPRESSE IN BLISTER AL/AL	OLMESARTAN MEDOXOMIL	OLMESARTAN MEDOXOMIL	40	milligrammi	Compressa rivestita con film	C09CA08	ACCORD HEALTHCARE, S.L.U.	Autorizzata	Procedura Mutuo riconoscimento o Decentrata	Medicinali soggetti a prescrizione medica
044174199	044174	OLMESARTAN MEDOXOMIL ACCORD	40 MG COMPRESSE RIVESTITE CON FILM- 30 COMPRESSE IN BLISTER AL/AL	OLMESARTAN MEDOXOMIL	OLMESARTAN MEDOXOMIL	40	milligrammi	Compressa rivestita con film	C09CA08	ACCORD HEALTHCARE, S.L.U.	Autorizzata	Procedura Mutuo riconoscimento o Decentrata	Medicinali soggetti a prescrizione medica
044174201	044174	OLMESARTAN MEDOXOMIL ACCORD	40 MG COMPRESSE RIVESTITE CON FILM- 56 COMPRESSE IN BLISTER AL/AL	OLMESARTAN MEDOXOMIL	OLMESARTAN MEDOXOMIL	40	milligrammi	Compressa rivestita con film	C09CA08	ACCORD HEALTHCARE, S.L.U.	Autorizzata	Procedura Mutuo riconoscimento o Decentrata	Medicinali soggetti a prescrizione medica
044174213	044174	OLMESARTAN MEDOXOMIL ACCORD	40 MG COMPRESSE RIVESTITE CON FILM- 84 COMPRESSE IN BLISTER AL/AL	OLMESARTAN MEDOXOMIL	OLMESARTAN MEDOXOMIL	40	milligrammi	Compressa rivestita con film	C09CA08	ACCORD HEALTHCARE, S.L.U.	Autorizzata	Procedura Mutuo riconoscimento o Decentrata	Medicinali soggetti a prescrizione medica
044174225	044174	OLMESARTAN MEDOXOMIL ACCORD	40 MG COMPRESSE RIVESTITE CON FILM- 90 COMPRESSE IN BLISTER AL/AL	OLMESARTAN MEDOXOMIL	OLMESARTAN MEDOXOMIL	40	milligrammi	Compressa rivestita con film	C09CA08	ACCORD HEALTHCARE, S.L.U.	Autorizzata	Procedura Mutuo riconoscimento o Decentrata	Medicinali soggetti a prescrizione medica
044174237	044174	OLMESARTAN MEDOXOMIL ACCORD	40 MG COMPRESSE RIVESTITE CON FILM- 98 COMPRESSE IN BLISTER AL/AL	OLMESARTAN MEDOXOMIL	OLMESARTAN MEDOXOMIL	40	milligrammi	Compressa rivestita con film	C09CA08	ACCORD HEALTHCARE, S.L.U.	Autorizzata	Procedura Mutuo riconoscimento o Decentrata	Medicinali soggetti a prescrizione medica
044174249	044174	OLMESARTAN MEDOXOMIL ACCORD	40 MG COMPRESSE RIVESTITE CON FILM- 280 COMPRESSE IN BLISTER AL/AL	OLMESARTAN MEDOXOMIL	OLMESARTAN MEDOXOMIL	40	milligrammi	Compressa rivestita con film	C09CA08	ACCORD HEALTHCARE, S.L.U.	Autorizzata	Procedura Mutuo riconoscimento o Decentrata	Medicinali soggetti a prescrizione medica
044232015	044232	OLMESARTAN MEDOXOMIL E IDROCLOROTIAZIDE HCS	20 MG/12,5 MG COMPRESSE RIVESTITE CON FILM- 10 COMPRESSE IN BLISTER OPA/AL/PVC/AL	OLMESARTAN MEDOXOMIL	OLMESARTAN MEDOXOMIL	20	milligrammi	Compressa rivestita con film	C09DA08	HCS BV	Autorizzata	Procedura Mutuo riconoscimento o Decentrata	Medicinali soggetti a prescrizione medica
044232027	044232	OLMESARTAN MEDOXOMIL E IDROCLOROTIAZIDE HCS	20 MG/12,5 MG COMPRESSE RIVESTITE CON FILM- 14 COMPRESSE IN BLISTER OPA/AL/PVC/AL	OLMESARTAN MEDOXOMIL	OLMESARTAN MEDOXOMIL	20	milligrammi	Compressa rivestita con film	C09DA08	HCS BV	Autorizzata	Procedura Mutuo riconoscimento o Decentrata	Medicinali soggetti a prescrizione medica
044232039	044232	OLMESARTAN MEDOXOMIL E IDROCLOROTIAZIDE HCS	20 MG/12,5 MG COMPRESSE RIVESTITE CON FILM- 28 COMPRESSE IN BLISTER OPA/AL/PVC/AL	OLMESARTAN MEDOXOMIL	OLMESARTAN MEDOXOMIL	20	milligrammi	Compressa rivestita con film	C09DA08	HCS BV	Autorizzata	Procedura Mutuo riconoscimento o Decentrata	Medicinali soggetti a prescrizione medica
044232041	044232	OLMESARTAN MEDOXOMIL E IDROCLOROTIAZIDE HCS	20 MG/12,5 MG COMPRESSE RIVESTITE CON FILM- 30 COMPRESSE IN BLISTER OPA/AL/PVC/AL	OLMESARTAN MEDOXOMIL	OLMESARTAN MEDOXOMIL	20	milligrammi	Compressa rivestita con film	C09DA08	HCS BV	Autorizzata	Procedura Mutuo riconoscimento o Decentrata	Medicinali soggetti a prescrizione medica
044232054	044232	OLMESARTAN MEDOXOMIL E IDROCLOROTIAZIDE HCS	20 MG/12,5 MG COMPRESSE RIVESTITE CON FILM- 56 COMPRESSE IN BLISTER OPA/AL/PVC/AL	OLMESARTAN MEDOXOMIL	OLMESARTAN MEDOXOMIL	20	milligrammi	Compressa rivestita con film	C09DA08	HCS BV	Autorizzata	Procedura Mutuo riconoscimento o Decentrata	Medicinali soggetti a prescrizione medica
044232066	044232	OLMESARTAN MEDOXOMIL E IDROCLOROTIAZIDE HCS	20 MG/12,5 MG COMPRESSE RIVESTITE CON FILM- 60 COMPRESSE IN BLISTER OPA/AL/PVC/AL	OLMESARTAN MEDOXOMIL	OLMESARTAN MEDOXOMIL	20	milligrammi	Compressa rivestita con film	C09DA08	HCS BV	Autorizzata	Procedura Mutuo riconoscimento o Decentrata	Medicinali soggetti a prescrizione medica
044232078	044232	OLMESARTAN MEDOXOMIL E IDROCLOROTIAZIDE HCS	20 MG/12,5 MG COMPRESSE RIVESTITE CON FILM- 84 COMPRESSE IN BLISTER OPA/AL/PVC/AL	OLMESARTAN MEDOXOMIL	OLMESARTAN MEDOXOMIL	20	milligrammi	Compressa rivestita con film	C09DA08	HCS BV	Autorizzata	Procedura Mutuo riconoscimento o Decentrata	Medicinali soggetti a prescrizione medica
044232080	044232	OLMESARTAN MEDOXOMIL E IDROCLOROTIAZIDE HCS	20 MG/12,5 MG COMPRESSE RIVESTITE CON FILM- 90 COMPRESSE IN BLISTER OPA/AL/PVC/AL	OLMESARTAN MEDOXOMIL	OLMESARTAN MEDOXOMIL	20	milligrammi	Compressa rivestita con film	C09DA08	HCS BV	Autorizzata	Procedura Mutuo riconoscimento o Decentrata	Medicinali soggetti a prescrizione medica
044232092	044232	OLMESARTAN MEDOXOMIL E IDROCLOROTIAZIDE HCS	20 MG/12,5 MG COMPRESSE RIVESTITE CON FILM- 98 COMPRESSE IN BLISTER OPA/AL/PVC/AL	OLMESARTAN MEDOXOMIL	OLMESARTAN MEDOXOMIL	20	milligrammi	Compressa rivestita con film	C09DA08	HCS BV	Autorizzata	Procedura Mutuo riconoscimento o Decentrata	Medicinali soggetti a prescrizione medica
044232104	044232	OLMESARTAN MEDOXOMIL E IDROCLOROTIAZIDE HCS	20 MG/12,5 MG COMPRESSE RIVESTITE CON FILM- 100 COMPRESSE IN BLISTER OPA/AL/PVC/AL	OLMESARTAN MEDOXOMIL	OLMESARTAN MEDOXOMIL	20	milligrammi	Compressa rivestita con film	C09DA08	HCS BV	Autorizzata	Procedura Mutuo riconoscimento o Decentrata	Medicinali soggetti a prescrizione medica
044232116	044232	OLMESARTAN MEDOXOMIL E IDROCLOROTIAZIDE HCS	20 MG/25 MG COMPRESSE RIVESTITE CON FILM- 10 COMPRESSE IN BLISTER OPA/AL/PVC/AL	OLMESARTAN MEDOXOMIL	OLMESARTAN MEDOXOMIL	20	milligrammi	Compressa rivestita con film	C09DA08	HCS BV	Autorizzata	Procedura Mutuo riconoscimento o Decentrata	Medicinali soggetti a prescrizione medica
044232128	044232	OLMESARTAN MEDOXOMIL E IDROCLOROTIAZIDE HCS	20 MG/25 MG COMPRESSE RIVESTITE CON FILM- 14 COMPRESSE IN BLISTER OPA/AL/PVC/AL	OLMESARTAN MEDOXOMIL	OLMESARTAN MEDOXOMIL	20	milligrammi	Compressa rivestita con film	C09DA08	HCS BV	Autorizzata	Procedura Mutuo riconoscimento o Decentrata	Medicinali soggetti a prescrizione medica
044232130	044232	OLMESARTAN MEDOXOMIL E IDROCLOROTIAZIDE HCS	20 MG/25 MG COMPRESSE RIVESTITE CON FILM- 28 COMPRESSE IN BLISTER OPA/AL/PVC/AL	OLMESARTAN MEDOXOMIL	OLMESARTAN MEDOXOMIL	20	milligrammi	Compressa rivestita con film	C09DA08	HCS BV	Autorizzata	Procedura Mutuo riconoscimento o Decentrata	Medicinali soggetti a prescrizione medica
044232142	044232	OLMESARTAN MEDOXOMIL E IDROCLOROTIAZIDE HCS	20 MG/25 MG COMPRESSE RIVESTITE CON FILM- 30 COMPRESSE IN BLISTER OPA/AL/PVC/AL	OLMESARTAN MEDOXOMIL	OLMESARTAN MEDOXOMIL	20	milligrammi	Compressa rivestita con film	C09DA08	HCS BV	Autorizzata	Procedura Mutuo riconoscimento o Decentrata	Medicinali soggetti a prescrizione medica
044232155	044232	OLMESARTAN MEDOXOMIL E IDROCLOROTIAZIDE HCS	20 MG/25 MG COMPRESSE RIVESTITE CON FILM- 56 COMPRESSE IN BLISTER OPA/AL/PVC/AL	OLMESARTAN MEDOXOMIL	OLMESARTAN MEDOXOMIL	20	milligrammi	Compressa rivestita con film	C09DA08	HCS BV	Autorizzata	Procedura Mutuo riconoscimento o Decentrata	Medicinali soggetti a prescrizione medica
044232167	044232	OLMESARTAN MEDOXOMIL E IDROCLOROTIAZIDE HCS	20 MG/25 MG COMPRESSE RIVESTITE CON FILM- 60 COMPRESSE IN BLISTER OPA/AL/PVC/AL	OLMESARTAN MEDOXOMIL	OLMESARTAN MEDOXOMIL	20	milligrammi	Compressa rivestita con film	C09DA08	HCS BV	Autorizzata	Procedura Mutuo riconoscimento o Decentrata	Medicinali soggetti a prescrizione medica
044232179	044232	OLMESARTAN MEDOXOMIL E IDROCLOROTIAZIDE HCS	20 MG/25 MG COMPRESSE RIVESTITE CON FILM- 84 COMPRESSE IN BLISTER OPA/AL/PVC/AL	OLMESARTAN MEDOXOMIL	OLMESARTAN MEDOXOMIL	20	milligrammi	Compressa rivestita con film	C09DA08	HCS BV	Autorizzata	Procedura Mutuo riconoscimento o Decentrata	Medicinali soggetti a prescrizione medica
044232181	044232	OLMESARTAN MEDOXOMIL E IDROCLOROTIAZIDE HCS	20 MG/25 MG COMPRESSE RIVESTITE CON FILM- 90 COMPRESSE IN BLISTER OPA/AL/PVC/AL	OLMESARTAN MEDOXOMIL	OLMESARTAN MEDOXOMIL	20	milligrammi	Compressa rivestita con film	C09DA08	HCS BV	Autorizzata	Procedura Mutuo riconoscimento o Decentrata	Medicinali soggetti a prescrizione medica
044232193	044232	OLMESARTAN MEDOXOMIL E IDROCLOROTIAZIDE HCS	20 MG/25 MG COMPRESSE RIVESTITE CON FILM- 98 COMPRESSE IN BLISTER OPA/AL/PVC/AL	OLMESARTAN MEDOXOMIL	OLMESARTAN MEDOXOMIL	20	milligrammi	Compressa rivestita con film	C09DA08	HCS BV	Autorizzata	Procedura Mutuo riconoscimento o Decentrata	Medicinali soggetti a prescrizione medica
044232205	044232	OLMESARTAN MEDOXOMIL E IDROCLOROTIAZIDE HCS	20 MG/25 MG COMPRESSE RIVESTITE CON FILM- 100 COMPRESSE IN BLISTER OPA/AL/PVC/AL	OLMESARTAN MEDOXOMIL	OLMESARTAN MEDOXOMIL	20	milligrammi	Compressa rivestita con film	C09DA08	HCS BV	Autorizzata	Procedura Mutuo riconoscimento o Decentrata	Medicinali soggetti a prescrizione medica
044232217	044232	OLMESARTAN MEDOXOMIL E IDROCLOROTIAZIDE HCS	40 MG/12,5 MG COMPRESSE RIVESTITE CON FILM- 10 COMPRESSE IN BLISTER OPA/AL/PVC/AL	OLMESARTAN MEDOXOMIL	OLMESARTAN MEDOXOMIL	40	milligrammi	Compressa rivestita con film	C09DA08	HCS BV	Autorizzata	Procedura Mutuo riconoscimento o Decentrata	Medicinali soggetti a prescrizione medica
044232229	044232	OLMESARTAN MEDOXOMIL E IDROCLOROTIAZIDE HCS	40 MG/12,5 MG COMPRESSE RIVESTITE CON FILM- 14 COMPRESSE IN BLISTER OPA/AL/PVC/AL	OLMESARTAN MEDOXOMIL	OLMESARTAN MEDOXOMIL	40	milligrammi	Compressa rivestita con film	C09DA08	HCS BV	Autorizzata	Procedura Mutuo riconoscimento o Decentrata	Medicinali soggetti a prescrizione medica
044232231	044232	OLMESARTAN MEDOXOMIL E IDROCLOROTIAZIDE HCS	40 MG/12,5 MG COMPRESSE RIVESTITE CON FILM- 28 COMPRESSE IN BLISTER OPA/AL/PVC/AL	OLMESARTAN MEDOXOMIL	OLMESARTAN MEDOXOMIL	40	milligrammi	Compressa rivestita con film	C09DA08	HCS BV	Autorizzata	Procedura Mutuo riconoscimento o Decentrata	Medicinali soggetti a prescrizione medica
044232243	044232	OLMESARTAN MEDOXOMIL E IDROCLOROTIAZIDE HCS	40 MG/12,5 MG COMPRESSE RIVESTITE CON FILM- 30 COMPRESSE IN BLISTER OPA/AL/PVC/AL	OLMESARTAN MEDOXOMIL	OLMESARTAN MEDOXOMIL	40	milligrammi	Compressa rivestita con film	C09DA08	HCS BV	Autorizzata	Procedura Mutuo riconoscimento o Decentrata	Medicinali soggetti a prescrizione medica
044232256	044232	OLMESARTAN MEDOXOMIL E IDROCLOROTIAZIDE HCS	40 MG/12,5 MG COMPRESSE RIVESTITE CON FILM- 56 COMPRESSE IN BLISTER OPA/AL/PVC/AL	OLMESARTAN MEDOXOMIL	OLMESARTAN MEDOXOMIL	40	milligrammi	Compressa rivestita con film	C09DA08	HCS BV	Autorizzata	Procedura Mutuo riconoscimento o Decentrata	Medicinali soggetti a prescrizione medica
044232268	044232	OLMESARTAN MEDOXOMIL E IDROCLOROTIAZIDE HCS	40 MG/12,5 MG COMPRESSE RIVESTITE CON FILM- 60 COMPRESSE IN BLISTER OPA/AL/PVC/AL	OLMESARTAN MEDOXOMIL	OLMESARTAN MEDOXOMIL	40	milligrammi	Compressa rivestita con film	C09DA08	HCS BV	Autorizzata	Procedura Mutuo riconoscimento o Decentrata	Medicinali soggetti a prescrizione medica
044232270	044232	OLMESARTAN MEDOXOMIL E IDROCLOROTIAZIDE HCS	40 MG/12,5 MG COMPRESSE RIVESTITE CON FILM- 84 COMPRESSE IN BLISTER OPA/AL/PVC/AL	OLMESARTAN MEDOXOMIL	OLMESARTAN MEDOXOMIL	40	milligrammi	Compressa rivestita con film	C09DA08	HCS BV	Autorizzata	Procedura Mutuo riconoscimento o Decentrata	Medicinali soggetti a prescrizione medica
044232282	044232	OLMESARTAN MEDOXOMIL E IDROCLOROTIAZIDE HCS	40 MG/12,5 MG COMPRESSE RIVESTITE CON FILM- 90 COMPRESSE IN BLISTER OPA/AL/PVC/AL	OLMESARTAN MEDOXOMIL	OLMESARTAN MEDOXOMIL	40	milligrammi	Compressa rivestita con film	C09DA08	HCS BV	Autorizzata	Procedura Mutuo riconoscimento o Decentrata	Medicinali soggetti a prescrizione medica
044232294	044232	OLMESARTAN MEDOXOMIL E IDROCLOROTIAZIDE HCS	40 MG/12,5 MG COMPRESSE RIVESTITE CON FILM- 98 COMPRESSE IN BLISTER OPA/AL/PVC/AL	OLMESARTAN MEDOXOMIL	OLMESARTAN MEDOXOMIL	40	milligrammi	Compressa rivestita con film	C09DA08	HCS BV	Autorizzata	Procedura Mutuo riconoscimento o Decentrata	Medicinali soggetti a prescrizione medica
044232306	044232	OLMESARTAN MEDOXOMIL E IDROCLOROTIAZIDE HCS	40 MG/12,5 MG COMPRESSE RIVESTITE CON FILM- 100 COMPRESSE IN BLISTER OPA/AL/PVC/AL	OLMESARTAN MEDOXOMIL	OLMESARTAN MEDOXOMIL	40	milligrammi	Compressa rivestita con film	C09DA08	HCS BV	Autorizzata	Procedura Mutuo riconoscimento o Decentrata	Medicinali soggetti a prescrizione medica
044232318	044232	OLMESARTAN MEDOXOMIL E IDROCLOROTIAZIDE HCS	40 MG/25 MG COMPRESSE RIVESTITE CON FILM- 10 COMPRESSE IN BLISTER OPA/AL/PVC/AL	OLMESARTAN MEDOXOMIL	OLMESARTAN MEDOXOMIL	40	milligrammi	Compressa rivestita con film	C09DA08	HCS BV	Autorizzata	Procedura Mutuo riconoscimento o Decentrata	Medicinali soggetti a prescrizione medica
044232320	044232	OLMESARTAN MEDOXOMIL E IDROCLOROTIAZIDE HCS	40 MG/25 MG COMPRESSE RIVESTITE CON FILM- 14 COMPRESSE IN BLISTER OPA/AL/PVC/AL	OLMESARTAN MEDOXOMIL	OLMESARTAN MEDOXOMIL	40	milligrammi	Compressa rivestita con film	C09DA08	HCS BV	Autorizzata	Procedura Mutuo riconoscimento o Decentrata	Medicinali soggetti a prescrizione medica
044232332	044232	OLMESARTAN MEDOXOMIL E IDROCLOROTIAZIDE HCS	40 MG/25 MG COMPRESSE RIVESTITE CON FILM- 28 COMPRESSE IN BLISTER OPA/AL/PVC/AL	OLMESARTAN MEDOXOMIL	OLMESARTAN MEDOXOMIL	40	milligrammi	Compressa rivestita con film	C09DA08	HCS BV	Autorizzata	Procedura Mutuo riconoscimento o Decentrata	Medicinali soggetti a prescrizione medica
044232344	044232	OLMESARTAN MEDOXOMIL E IDROCLOROTIAZIDE HCS	40 MG/25 MG COMPRESSE RIVESTITE CON FILM- 30 COMPRESSE IN BLISTER OPA/AL/PVC/AL	OLMESARTAN MEDOXOMIL	OLMESARTAN MEDOXOMIL	40	milligrammi	Compressa rivestita con film	C09DA08	HCS BV	Autorizzata	Procedura Mutuo riconoscimento o Decentrata	Medicinali soggetti a prescrizione medica
044232357	044232	OLMESARTAN MEDOXOMIL E IDROCLOROTIAZIDE HCS	40 MG/25 MG COMPRESSE RIVESTITE CON FILM- 56 COMPRESSE IN BLISTER OPA/AL/PVC/AL	OLMESARTAN MEDOXOMIL	OLMESARTAN MEDOXOMIL	40	milligrammi	Compressa rivestita con film	C09DA08	HCS BV	Autorizzata	Procedura Mutuo riconoscimento o Decentrata	Medicinali soggetti a prescrizione medica
044232369	044232	OLMESARTAN MEDOXOMIL E IDROCLOROTIAZIDE HCS	40 MG/25 MG COMPRESSE RIVESTITE CON FILM- 60 COMPRESSE IN BLISTER OPA/AL/PVC/AL	OLMESARTAN MEDOXOMIL	OLMESARTAN MEDOXOMIL	40	milligrammi	Compressa rivestita con film	C09DA08	HCS BV	Autorizzata	Procedura Mutuo riconoscimento o Decentrata	Medicinali soggetti a prescrizione medica
044232371	044232	OLMESARTAN MEDOXOMIL E IDROCLOROTIAZIDE HCS	40 MG/25 MG COMPRESSE RIVESTITE CON FILM- 84 COMPRESSE IN BLISTER OPA/AL/PVC/AL	OLMESARTAN MEDOXOMIL	OLMESARTAN MEDOXOMIL	40	milligrammi	Compressa rivestita con film	C09DA08	HCS BV	Autorizzata	Procedura Mutuo riconoscimento o Decentrata	Medicinali soggetti a prescrizione medica
044232383	044232	OLMESARTAN MEDOXOMIL E IDROCLOROTIAZIDE HCS	40 MG/25 MG COMPRESSE RIVESTITE CON FILM- 90 COMPRESSE IN BLISTER OPA/AL/PVC/AL	OLMESARTAN MEDOXOMIL	OLMESARTAN MEDOXOMIL	40	milligrammi	Compressa rivestita con film	C09DA08	HCS BV	Autorizzata	Procedura Mutuo riconoscimento o Decentrata	Medicinali soggetti a prescrizione medica
044232395	044232	OLMESARTAN MEDOXOMIL E IDROCLOROTIAZIDE HCS	40 MG/25 MG COMPRESSE RIVESTITE CON FILM- 98 COMPRESSE IN BLISTER OPA/AL/PVC/AL	OLMESARTAN MEDOXOMIL	OLMESARTAN MEDOXOMIL	40	milligrammi	Compressa rivestita con film	C09DA08	HCS BV	Autorizzata	Procedura Mutuo riconoscimento o Decentrata	Medicinali soggetti a prescrizione medica
044232407	044232	OLMESARTAN MEDOXOMIL E IDROCLOROTIAZIDE HCS	40 MG/25 MG COMPRESSE RIVESTITE CON FILM- 100 COMPRESSE IN BLISTER OPA/AL/PVC/AL	OLMESARTAN MEDOXOMIL	OLMESARTAN MEDOXOMIL	40	milligrammi	Compressa rivestita con film	C09DA08	HCS BV	Autorizzata	Procedura Mutuo riconoscimento o Decentrata	Medicinali soggetti a prescrizione medica
044234019	044234	OLMESARTAN HCS	10 MG COMPRESSE RIVESTITE CON FILM- 10 COMPRESSE IN BLISTER OPA/AL/PVC/AL	OLMESARTAN MEDOXOMIL	OLMESARTAN MEDOXOMIL			Compressa rivestita con film	C09CA08	HCS BV	Autorizzata	Procedura Mutuo riconoscimento o Decentrata	Medicinali soggetti a prescrizione medica
044234021	044234	OLMESARTAN HCS	10 MG COMPRESSE RIVESTITE CON FILM- 14 COMPRESSE IN BLISTER OPA/AL/PVC/AL	OLMESARTAN MEDOXOMIL	OLMESARTAN MEDOXOMIL			Compressa rivestita con film	C09CA08	HCS BV	Autorizzata	Procedura Mutuo riconoscimento o Decentrata	Medicinali soggetti a prescrizione medica
044234033	044234	OLMESARTAN HCS	10 MG COMPRESSE RIVESTITE CON FILM- 28 COMPRESSE IN BLISTER OPA/AL/PVC/AL	OLMESARTAN MEDOXOMIL	OLMESARTAN MEDOXOMIL	10	milligrammi	Compressa rivestita con film	C09CA08	HCS BV	Autorizzata	Procedura Mutuo riconoscimento o Decentrata	Medicinali soggetti a prescrizione medica
044234045	044234	OLMESARTAN HCS	10 MG COMPRESSE RIVESTITE CON FILM- 30 COMPRESSE IN BLISTER OPA/AL/PVC/AL	OLMESARTAN MEDOXOMIL	OLMESARTAN MEDOXOMIL			Compressa rivestita con film	C09CA08	HCS BV	Autorizzata	Procedura Mutuo riconoscimento o Decentrata	Medicinali soggetti a prescrizione medica
044234058	044234	OLMESARTAN HCS	10 MG COMPRESSE RIVESTITE CON FILM- 56 COMPRESSE IN BLISTER OPA/AL/PVC/AL	OLMESARTAN MEDOXOMIL	OLMESARTAN MEDOXOMIL			Compressa rivestita con film	C09CA08	HCS BV	Autorizzata	Procedura Mutuo riconoscimento o Decentrata	Medicinali soggetti a prescrizione medica
044234060	044234	OLMESARTAN HCS	10 MG COMPRESSE RIVESTITE CON FILM- 60 COMPRESSE IN BLISTER OPA/AL/PVC/AL	OLMESARTAN MEDOXOMIL	OLMESARTAN MEDOXOMIL			Compressa rivestita con film	C09CA08	HCS BV	Autorizzata	Procedura Mutuo riconoscimento o Decentrata	Medicinali soggetti a prescrizione medica
044234072	044234	OLMESARTAN HCS	10 MG COMPRESSE RIVESTITE CON FILM- 84 COMPRESSE IN BLISTER OPA/AL/PVC/AL	OLMESARTAN MEDOXOMIL	OLMESARTAN MEDOXOMIL			Compressa rivestita con film	C09CA08	HCS BV	Autorizzata	Procedura Mutuo riconoscimento o Decentrata	Medicinali soggetti a prescrizione medica
044234084	044234	OLMESARTAN HCS	10 MG COMPRESSE RIVESTITE CON FILM- 90 COMPRESSE IN BLISTER OPA/AL/PVC/AL	OLMESARTAN MEDOXOMIL	OLMESARTAN MEDOXOMIL			Compressa rivestita con film	C09CA08	HCS BV	Autorizzata	Procedura Mutuo riconoscimento o Decentrata	Medicinali soggetti a prescrizione medica
044234096	044234	OLMESARTAN HCS	10 MG COMPRESSE RIVESTITE CON FILM- 98 COMPRESSE IN BLISTER OPA/AL/PVC/AL	OLMESARTAN MEDOXOMIL	OLMESARTAN MEDOXOMIL			Compressa rivestita con film	C09CA08	HCS BV	Autorizzata	Procedura Mutuo riconoscimento o Decentrata	Medicinali soggetti a prescrizione medica
044234108	044234	OLMESARTAN HCS	10 MG COMPRESSE RIVESTITE CON FILM- 100 COMPRESSE IN BLISTER OPA/AL/PVC/AL	OLMESARTAN MEDOXOMIL	OLMESARTAN MEDOXOMIL			Compressa rivestita con film	C09CA08	HCS BV	Autorizzata	Procedura Mutuo riconoscimento o Decentrata	Medicinali soggetti a prescrizione medica
044234110	044234	OLMESARTAN HCS	10 MG COMPRESSE RIVESTITE CON FILM- 100 COMPRESSE IN FLACONE HDPE	OLMESARTAN MEDOXOMIL	OLMESARTAN MEDOXOMIL			Compressa rivestita con film	C09CA08	HCS BV	Autorizzata	Procedura Mutuo riconoscimento o Decentrata	Medicinali soggetti a prescrizione medica
044234122	044234	OLMESARTAN HCS	20 MG COMPRESSE RIVESTITE CON FILM- 10 COMPRESSE IN BLISTER OPA/AL/PVC/AL	OLMESARTAN MEDOXOMIL	OLMESARTAN MEDOXOMIL			Compressa rivestita con film	C09CA08	HCS BV	Autorizzata	Procedura Mutuo riconoscimento o Decentrata	Medicinali soggetti a prescrizione medica
044234134	044234	OLMESARTAN HCS	20 MG COMPRESSE RIVESTITE CON FILM- 14 COMPRESSE IN BLISTER OPA/AL/PVC/AL	OLMESARTAN MEDOXOMIL	OLMESARTAN MEDOXOMIL			Compressa rivestita con film	C09CA08	HCS BV	Autorizzata	Procedura Mutuo riconoscimento o Decentrata	Medicinali soggetti a prescrizione medica
044234146	044234	OLMESARTAN HCS	20 MG COMPRESSE RIVESTITE CON FILM- 28 COMPRESSE IN BLISTER OPA/AL/PVC/AL	OLMESARTAN MEDOXOMIL	OLMESARTAN MEDOXOMIL	20	milligrammi	Compressa rivestita con film	C09CA08	HCS BV	Autorizzata	Procedura Mutuo riconoscimento o Decentrata	Medicinali soggetti a prescrizione medica
044234159	044234	OLMESARTAN HCS	20 MG COMPRESSE RIVESTITE CON FILM- 30 COMPRESSE IN BLISTER OPA/AL/PVC/AL	OLMESARTAN MEDOXOMIL	OLMESARTAN MEDOXOMIL			Compressa rivestita con film	C09CA08	HCS BV	Autorizzata	Procedura Mutuo riconoscimento o Decentrata	Medicinali soggetti a prescrizione medica
044234161	044234	OLMESARTAN HCS	20 MG COMPRESSE RIVESTITE CON FILM- 56 COMPRESSE IN BLISTER OPA/AL/PVC/AL	OLMESARTAN MEDOXOMIL	OLMESARTAN MEDOXOMIL			Compressa rivestita con film	C09CA08	HCS BV	Autorizzata	Procedura Mutuo riconoscimento o Decentrata	Medicinali soggetti a prescrizione medica
044234173	044234	OLMESARTAN HCS	20 MG COMPRESSE RIVESTITE CON FILM- 60 COMPRESSE IN BLISTER OPA/AL/PVC/AL	OLMESARTAN MEDOXOMIL	OLMESARTAN MEDOXOMIL			Compressa rivestita con film	C09CA08	HCS BV	Autorizzata	Procedura Mutuo riconoscimento o Decentrata	Medicinali soggetti a prescrizione medica
044234185	044234	OLMESARTAN HCS	20 MG COMPRESSE RIVESTITE CON FILM- 84 COMPRESSE IN BLISTER OPA/AL/PVC/AL	OLMESARTAN MEDOXOMIL	OLMESARTAN MEDOXOMIL			Compressa rivestita con film	C09CA08	HCS BV	Autorizzata	Procedura Mutuo riconoscimento o Decentrata	Medicinali soggetti a prescrizione medica
044234197	044234	OLMESARTAN HCS	20 MG COMPRESSE RIVESTITE CON FILM- 90 COMPRESSE IN BLISTER OPA/AL/PVC/AL	OLMESARTAN MEDOXOMIL	OLMESARTAN MEDOXOMIL			Compressa rivestita con film	C09CA08	HCS BV	Autorizzata	Procedura Mutuo riconoscimento o Decentrata	Medicinali soggetti a prescrizione medica
044234209	044234	OLMESARTAN HCS	20 MG COMPRESSE RIVESTITE CON FILM- 98 COMPRESSE IN BLISTER OPA/AL/PVC/AL	OLMESARTAN MEDOXOMIL	OLMESARTAN MEDOXOMIL			Compressa rivestita con film	C09CA08	HCS BV	Autorizzata	Procedura Mutuo riconoscimento o Decentrata	Medicinali soggetti a prescrizione medica
044234211	044234	OLMESARTAN HCS	20 MG COMPRESSE RIVESTITE CON FILM- 100 COMPRESSE IN BLISTER OPA/AL/PVC/AL	OLMESARTAN MEDOXOMIL	OLMESARTAN MEDOXOMIL			Compressa rivestita con film	C09CA08	HCS BV	Autorizzata	Procedura Mutuo riconoscimento o Decentrata	Medicinali soggetti a prescrizione medica
044234223	044234	OLMESARTAN HCS	20 MG COMPRESSE RIVESTITE CON FILM- 100 COMPRESSE IN FLACONE HDPE	OLMESARTAN MEDOXOMIL	OLMESARTAN MEDOXOMIL			Compressa rivestita con film	C09CA08	HCS BV	Autorizzata	Procedura Mutuo riconoscimento o Decentrata	Medicinali soggetti a prescrizione medica
044234235	044234	OLMESARTAN HCS	40 MG COMPRESSE RIVESTITE CON FILM- 10 COMPRESSE IN BLISTER OPA/AL/PVC/AL	OLMESARTAN MEDOXOMIL	OLMESARTAN MEDOXOMIL			Compressa rivestita con film	C09CA08	HCS BV	Autorizzata	Procedura Mutuo riconoscimento o Decentrata	Medicinali soggetti a prescrizione medica
044234247	044234	OLMESARTAN HCS	40 MG COMPRESSE RIVESTITE CON FILM- 14 COMPRESSE IN BLISTER OPA/AL/PVC/AL	OLMESARTAN MEDOXOMIL	OLMESARTAN MEDOXOMIL			Compressa rivestita con film	C09CA08	HCS BV	Autorizzata	Procedura Mutuo riconoscimento o Decentrata	Medicinali soggetti a prescrizione medica
044234250	044234	OLMESARTAN HCS	40 MG COMPRESSE RIVESTITE CON FILM- 28 COMPRESSE IN BLISTER OPA/AL/PVC/AL	OLMESARTAN MEDOXOMIL	OLMESARTAN MEDOXOMIL	40	milligrammi	Compressa rivestita con film	C09CA08	HCS BV	Autorizzata	Procedura Mutuo riconoscimento o Decentrata	Medicinali soggetti a prescrizione medica
044234262	044234	OLMESARTAN HCS	40 MG COMPRESSE RIVESTITE CON FILM- 30 COMPRESSE IN BLISTER OPA/AL/PVC/AL	OLMESARTAN MEDOXOMIL	OLMESARTAN MEDOXOMIL			Compressa rivestita con film	C09CA08	HCS BV	Autorizzata	Procedura Mutuo riconoscimento o Decentrata	Medicinali soggetti a prescrizione medica
044234274	044234	OLMESARTAN HCS	40 MG COMPRESSE RIVESTITE CON FILM- 56 COMPRESSE IN BLISTER OPA/AL/PVC/AL	OLMESARTAN MEDOXOMIL	OLMESARTAN MEDOXOMIL			Compressa rivestita con film	C09CA08	HCS BV	Autorizzata	Procedura Mutuo riconoscimento o Decentrata	Medicinali soggetti a prescrizione medica
044234286	044234	OLMESARTAN HCS	40 MG COMPRESSE RIVESTITE CON FILM- 60 COMPRESSE IN BLISTER OPA/AL/PVC/AL	OLMESARTAN MEDOXOMIL	OLMESARTAN MEDOXOMIL			Compressa rivestita con film	C09CA08	HCS BV	Autorizzata	Procedura Mutuo riconoscimento o Decentrata	Medicinali soggetti a prescrizione medica
044234298	044234	OLMESARTAN HCS	40 MG COMPRESSE RIVESTITE CON FILM- 84 COMPRESSE IN BLISTER OPA/AL/PVC/AL	OLMESARTAN MEDOXOMIL	OLMESARTAN MEDOXOMIL			Compressa rivestita con film	C09CA08	HCS BV	Autorizzata	Procedura Mutuo riconoscimento o Decentrata	Medicinali soggetti a prescrizione medica
044234300	044234	OLMESARTAN HCS	40 MG COMPRESSE RIVESTITE CON FILM- 90 COMPRESSE IN BLISTER OPA/AL/PVC/AL	OLMESARTAN MEDOXOMIL	OLMESARTAN MEDOXOMIL			Compressa rivestita con film	C09CA08	HCS BV	Autorizzata	Procedura Mutuo riconoscimento o Decentrata	Medicinali soggetti a prescrizione medica
044234312	044234	OLMESARTAN HCS	40 MG COMPRESSE RIVESTITE CON FILM- 98 COMPRESSE IN BLISTER OPA/AL/PVC/AL	OLMESARTAN MEDOXOMIL	OLMESARTAN MEDOXOMIL			Compressa rivestita con film	C09CA08	HCS BV	Autorizzata	Procedura Mutuo riconoscimento o Decentrata	Medicinali soggetti a prescrizione medica
044234324	044234	OLMESARTAN HCS	40 MG COMPRESSE RIVESTITE CON FILM- 100 COMPRESSE IN BLISTER OPA/AL/PVC/AL	OLMESARTAN MEDOXOMIL	OLMESARTAN MEDOXOMIL			Compressa rivestita con film	C09CA08	HCS BV	Autorizzata	Procedura Mutuo riconoscimento o Decentrata	Medicinali soggetti a prescrizione medica
044234336	044234	OLMESARTAN HCS	40 MG COMPRESSE RIVESTITE CON FILM- 100 COMPRESSE IN FLACONE HDPE	OLMESARTAN MEDOXOMIL	OLMESARTAN MEDOXOMIL			Compressa rivestita con film	C09CA08	HCS BV	Autorizzata	Procedura Mutuo riconoscimento o Decentrata	Medicinali soggetti a prescrizione medica
044319010	044319	OLMESARTAN E IDROCLOROTIAZIDE EG	20 MG/12,5 MG COMPRESSE RIVESTITE CON FILM- 10 COMPRESSE IN BLISTER OPA/AL/PVC/AL	OLMESARTAN MEDOXOMIL	OLMESARTAN MEDOXOMIL	20	milligrammi	Compressa rivestita con film	C09DA08	EG S.P.A.	Autorizzata	Procedura Mutuo riconoscimento o Decentrata	Medicinali soggetti a prescrizione medica
044319022	044319	OLMESARTAN E IDROCLOROTIAZIDE EG	20 MG/12,5 MG COMPRESSE RIVESTITE CON FILM- 14 COMPRESSE IN BLISTER OPA/AL/PVC/AL	OLMESARTAN MEDOXOMIL	OLMESARTAN MEDOXOMIL	20	milligrammi	Compressa rivestita con film	C09DA08	EG S.P.A.	Autorizzata	Procedura Mutuo riconoscimento o Decentrata	Medicinali soggetti a prescrizione medica
044319034	044319	OLMESARTAN E IDROCLOROTIAZIDE EG	20 MG/12,5 MG COMPRESSE RIVESTITE CON FILM- 28 COMPRESSE IN BLISTER OPA/AL/PVC/AL	OLMESARTAN MEDOXOMIL	OLMESARTAN MEDOXOMIL	20	milligrammi	Compressa rivestita con film	C09DA08	EG S.P.A.	Autorizzata	Procedura Mutuo riconoscimento o Decentrata	Medicinali soggetti a prescrizione medica
044319046	044319	OLMESARTAN E IDROCLOROTIAZIDE EG	20 MG/12,5 MG COMPRESSE RIVESTITE CON FILM- 30 COMPRESSE IN BLISTER OPA/AL/PVC/AL	OLMESARTAN MEDOXOMIL	OLMESARTAN MEDOXOMIL	20	milligrammi	Compressa rivestita con film	C09DA08	EG S.P.A.	Autorizzata	Procedura Mutuo riconoscimento o Decentrata	Medicinali soggetti a prescrizione medica
044319059	044319	OLMESARTAN E IDROCLOROTIAZIDE EG	20 MG/12,5 MG COMPRESSE RIVESTITE CON FILM- 56 COMPRESSE IN BLISTER OPA/AL/PVC/AL	OLMESARTAN MEDOXOMIL	OLMESARTAN MEDOXOMIL	20	milligrammi	Compressa rivestita con film	C09DA08	EG S.P.A.	Autorizzata	Procedura Mutuo riconoscimento o Decentrata	Medicinali soggetti a prescrizione medica
044319061	044319	OLMESARTAN E IDROCLOROTIAZIDE EG	20 MG/12,5 MG COMPRESSE RIVESTITE CON FILM- 60 COMPRESSE IN BLISTER OPA/AL/PVC/AL	OLMESARTAN MEDOXOMIL	OLMESARTAN MEDOXOMIL	20	milligrammi	Compressa rivestita con film	C09DA08	EG S.P.A.	Autorizzata	Procedura Mutuo riconoscimento o Decentrata	Medicinali soggetti a prescrizione medica
044319073	044319	OLMESARTAN E IDROCLOROTIAZIDE EG	20 MG/12,5 MG COMPRESSE RIVESTITE CON FILM- 84 COMPRESSE IN BLISTER OPA/AL/PVC/AL	OLMESARTAN MEDOXOMIL	OLMESARTAN MEDOXOMIL	20	milligrammi	Compressa rivestita con film	C09DA08	EG S.P.A.	Autorizzata	Procedura Mutuo riconoscimento o Decentrata	Medicinali soggetti a prescrizione medica
044319085	044319	OLMESARTAN E IDROCLOROTIAZIDE EG	20 MG/12,5 MG COMPRESSE RIVESTITE CON FILM- 90 COMPRESSE IN BLISTER OPA/AL/PVC/AL	OLMESARTAN MEDOXOMIL	OLMESARTAN MEDOXOMIL	20	milligrammi	Compressa rivestita con film	C09DA08	EG S.P.A.	Autorizzata	Procedura Mutuo riconoscimento o Decentrata	Medicinali soggetti a prescrizione medica
044319097	044319	OLMESARTAN E IDROCLOROTIAZIDE EG	20 MG/12,5 MG COMPRESSE RIVESTITE CON FILM- 98 COMPRESSE IN BLISTER OPA/AL/PVC/AL	OLMESARTAN MEDOXOMIL	OLMESARTAN MEDOXOMIL	20	milligrammi	Compressa rivestita con film	C09DA08	EG S.P.A.	Autorizzata	Procedura Mutuo riconoscimento o Decentrata	Medicinali soggetti a prescrizione medica
044319109	044319	OLMESARTAN E IDROCLOROTIAZIDE EG	20 MG/12,5 MG COMPRESSE RIVESTITE CON FILM- 100 COMPRESSE IN BLISTER OPA/AL/PVC/AL	OLMESARTAN MEDOXOMIL	OLMESARTAN MEDOXOMIL	20	milligrammi	Compressa rivestita con film	C09DA08	EG S.P.A.	Autorizzata	Procedura Mutuo riconoscimento o Decentrata	Medicinali soggetti a prescrizione medica
044319111	044319	OLMESARTAN E IDROCLOROTIAZIDE EG	20 MG/12,5 MG COMPRESSE RIVESTITE CON FILM- 112 COMPRESSE IN BLISTER OPA/AL/PVC/AL	OLMESARTAN MEDOXOMIL	OLMESARTAN MEDOXOMIL	20	milligrammi	Compressa rivestita con film	C09DA08	EG S.P.A.	Autorizzata	Procedura Mutuo riconoscimento o Decentrata	Medicinali soggetti a prescrizione medica
044319123	044319	OLMESARTAN E IDROCLOROTIAZIDE EG	20 MG/12,5 MG COMPRESSE RIVESTITE CON FILM- 156 COMPRESSE IN BLISTER OPA/AL/PVC/AL	OLMESARTAN MEDOXOMIL	OLMESARTAN MEDOXOMIL	20	milligrammi	Compressa rivestita con film	C09DA08	EG S.P.A.	Autorizzata	Procedura Mutuo riconoscimento o Decentrata	Medicinali soggetti a prescrizione medica
044319135	044319	OLMESARTAN E IDROCLOROTIAZIDE EG	20 MG/12,5 MG COMPRESSE RIVESTITE CON FILM- 168 COMPRESSE IN BLISTER OPA/AL/PVC/AL	OLMESARTAN MEDOXOMIL	OLMESARTAN MEDOXOMIL	20	milligrammi	Compressa rivestita con film	C09DA08	EG S.P.A.	Autorizzata	Procedura Mutuo riconoscimento o Decentrata	Medicinali soggetti a prescrizione medica
044319147	044319	OLMESARTAN E IDROCLOROTIAZIDE EG	20 MG/25 MG COMPRESSE RIVESTITE CON FILM- 10 COMPRESSE IN BLISTER OPA/AL/PVC/AL	OLMESARTAN MEDOXOMIL	OLMESARTAN MEDOXOMIL	20	milligrammi	Compressa rivestita con film	C09DA08	EG S.P.A.	Autorizzata	Procedura Mutuo riconoscimento o Decentrata	Medicinali soggetti a prescrizione medica
044319150	044319	OLMESARTAN E IDROCLOROTIAZIDE EG	20 MG/25 MG COMPRESSE RIVESTITE CON FILM- 14 COMPRESSE IN BLISTER OPA/AL/PVC/AL	OLMESARTAN MEDOXOMIL	OLMESARTAN MEDOXOMIL	20	milligrammi	Compressa rivestita con film	C09DA08	EG S.P.A.	Autorizzata	Procedura Mutuo riconoscimento o Decentrata	Medicinali soggetti a prescrizione medica
044319162	044319	OLMESARTAN E IDROCLOROTIAZIDE EG	20 MG/25 MG COMPRESSE RIVESTITE CON FILM- 28 COMPRESSE IN BLISTER OPA/AL/PVC/AL	OLMESARTAN MEDOXOMIL	OLMESARTAN MEDOXOMIL	20	milligrammi	Compressa rivestita con film	C09DA08	EG S.P.A.	Autorizzata	Procedura Mutuo riconoscimento o Decentrata	Medicinali soggetti a prescrizione medica
044319174	044319	OLMESARTAN E IDROCLOROTIAZIDE EG	20 MG/25 MG COMPRESSE RIVESTITE CON FILM- 30 COMPRESSE IN BLISTER OPA/AL/PVC/AL	OLMESARTAN MEDOXOMIL	OLMESARTAN MEDOXOMIL	20	milligrammi	Compressa rivestita con film	C09DA08	EG S.P.A.	Autorizzata	Procedura Mutuo riconoscimento o Decentrata	Medicinali soggetti a prescrizione medica
044319186	044319	OLMESARTAN E IDROCLOROTIAZIDE EG	20 MG/25 MG COMPRESSE RIVESTITE CON FILM- 56 COMPRESSE IN BLISTER OPA/AL/PVC/AL	OLMESARTAN MEDOXOMIL	OLMESARTAN MEDOXOMIL	20	milligrammi	Compressa rivestita con film	C09DA08	EG S.P.A.	Autorizzata	Procedura Mutuo riconoscimento o Decentrata	Medicinali soggetti a prescrizione medica
044319198	044319	OLMESARTAN E IDROCLOROTIAZIDE EG	20 MG/25 MG COMPRESSE RIVESTITE CON FILM- 60 COMPRESSE IN BLISTER OPA/AL/PVC/AL	OLMESARTAN MEDOXOMIL	OLMESARTAN MEDOXOMIL	20	milligrammi	Compressa rivestita con film	C09DA08	EG S.P.A.	Autorizzata	Procedura Mutuo riconoscimento o Decentrata	Medicinali soggetti a prescrizione medica
044319200	044319	OLMESARTAN E IDROCLOROTIAZIDE EG	20 MG/25 MG COMPRESSE RIVESTITE CON FILM- 84 COMPRESSE IN BLISTER OPA/AL/PVC/AL	OLMESARTAN MEDOXOMIL	OLMESARTAN MEDOXOMIL	20	milligrammi	Compressa rivestita con film	C09DA08	EG S.P.A.	Autorizzata	Procedura Mutuo riconoscimento o Decentrata	Medicinali soggetti a prescrizione medica
044319212	044319	OLMESARTAN E IDROCLOROTIAZIDE EG	20 MG/25 MG COMPRESSE RIVESTITE CON FILM- 90 COMPRESSE IN BLISTER OPA/AL/PVC/AL	OLMESARTAN MEDOXOMIL	OLMESARTAN MEDOXOMIL	20	milligrammi	Compressa rivestita con film	C09DA08	EG S.P.A.	Autorizzata	Procedura Mutuo riconoscimento o Decentrata	Medicinali soggetti a prescrizione medica
044319224	044319	OLMESARTAN E IDROCLOROTIAZIDE EG	20 MG/25 MG COMPRESSE RIVESTITE CON FILM- 98 COMPRESSE IN BLISTER OPA/AL/PVC/AL	OLMESARTAN MEDOXOMIL	OLMESARTAN MEDOXOMIL	20	milligrammi	Compressa rivestita con film	C09DA08	EG S.P.A.	Autorizzata	Procedura Mutuo riconoscimento o Decentrata	Medicinali soggetti a prescrizione medica
044319236	044319	OLMESARTAN E IDROCLOROTIAZIDE EG	20 MG/25 MG COMPRESSE RIVESTITE CON FILM- 100 COMPRESSE IN BLISTER OPA/AL/PVC/AL	OLMESARTAN MEDOXOMIL	OLMESARTAN MEDOXOMIL	20	milligrammi	Compressa rivestita con film	C09DA08	EG S.P.A.	Autorizzata	Procedura Mutuo riconoscimento o Decentrata	Medicinali soggetti a prescrizione medica
044319248	044319	OLMESARTAN E IDROCLOROTIAZIDE EG	20 MG/25 MG COMPRESSE RIVESTITE CON FILM- 112 COMPRESSE IN BLISTER OPA/AL/PVC/AL	OLMESARTAN MEDOXOMIL	OLMESARTAN MEDOXOMIL	20	milligrammi	Compressa rivestita con film	C09DA08	EG S.P.A.	Autorizzata	Procedura Mutuo riconoscimento o Decentrata	Medicinali soggetti a prescrizione medica
044319251	044319	OLMESARTAN E IDROCLOROTIAZIDE EG	20 MG/25 MG COMPRESSE RIVESTITE CON FILM- 156 COMPRESSE IN BLISTER OPA/AL/PVC/AL	OLMESARTAN MEDOXOMIL	OLMESARTAN MEDOXOMIL	20	milligrammi	Compressa rivestita con film	C09DA08	EG S.P.A.	Autorizzata	Procedura Mutuo riconoscimento o Decentrata	Medicinali soggetti a prescrizione medica
044319263	044319	OLMESARTAN E IDROCLOROTIAZIDE EG	20 MG/25 MG COMPRESSE RIVESTITE CON FILM- 168 COMPRESSE IN BLISTER OPA/AL/PVC/AL	OLMESARTAN MEDOXOMIL	OLMESARTAN MEDOXOMIL	20	milligrammi	Compressa rivestita con film	C09DA08	EG S.P.A.	Autorizzata	Procedura Mutuo riconoscimento o Decentrata	Medicinali soggetti a prescrizione medica
044319275	044319	OLMESARTAN E IDROCLOROTIAZIDE EG	40 MG/12,5 MG COMPRESSE RIVESTITE CON FILM- 10 COMPRESSE IN BLISTER OPA/AL/PVC/AL	OLMESARTAN MEDOXOMIL	OLMESARTAN MEDOXOMIL	40	milligrammi	Compressa rivestita con film	C09DA08	EG S.P.A.	Autorizzata	Procedura Mutuo riconoscimento o Decentrata	Medicinali soggetti a prescrizione medica
044319287	044319	OLMESARTAN E IDROCLOROTIAZIDE EG	40 MG/12,5 MG COMPRESSE RIVESTITE CON FILM- 14 COMPRESSE IN BLISTER OPA/AL/PVC/AL	OLMESARTAN MEDOXOMIL	OLMESARTAN MEDOXOMIL	40	milligrammi	Compressa rivestita con film	C09DA08	EG S.P.A.	Autorizzata	Procedura Mutuo riconoscimento o Decentrata	Medicinali soggetti a prescrizione medica
044319299	044319	OLMESARTAN E IDROCLOROTIAZIDE EG	40 MG/12,5 MG COMPRESSE RIVESTITE CON FILM- 28 COMPRESSE IN BLISTER OPA/AL/PVC/AL	OLMESARTAN MEDOXOMIL	OLMESARTAN MEDOXOMIL	40	milligrammi	Compressa rivestita con film	C09DA08	EG S.P.A.	Autorizzata	Procedura Mutuo riconoscimento o Decentrata	Medicinali soggetti a prescrizione medica
044319301	044319	OLMESARTAN E IDROCLOROTIAZIDE EG	40 MG/12,5 MG COMPRESSE RIVESTITE CON FILM- 30 COMPRESSE IN BLISTER OPA/AL/PVC/AL	OLMESARTAN MEDOXOMIL	OLMESARTAN MEDOXOMIL	40	milligrammi	Compressa rivestita con film	C09DA08	EG S.P.A.	Autorizzata	Procedura Mutuo riconoscimento o Decentrata	Medicinali soggetti a prescrizione medica
044319313	044319	OLMESARTAN E IDROCLOROTIAZIDE EG	40 MG/12,5 MG COMPRESSE RIVESTITE CON FILM- 56 COMPRESSE IN BLISTER OPA/AL/PVC/AL	OLMESARTAN MEDOXOMIL	OLMESARTAN MEDOXOMIL	40	milligrammi	Compressa rivestita con film	C09DA08	EG S.P.A.	Autorizzata	Procedura Mutuo riconoscimento o Decentrata	Medicinali soggetti a prescrizione medica
044319325	044319	OLMESARTAN E IDROCLOROTIAZIDE EG	40 MG/12,5 MG COMPRESSE RIVESTITE CON FILM- 60 COMPRESSE IN BLISTER OPA/AL/PVC/AL	OLMESARTAN MEDOXOMIL	OLMESARTAN MEDOXOMIL	40	milligrammi	Compressa rivestita con film	C09DA08	EG S.P.A.	Autorizzata	Procedura Mutuo riconoscimento o Decentrata	Medicinali soggetti a prescrizione medica
044319337	044319	OLMESARTAN E IDROCLOROTIAZIDE EG	40 MG/12,5 MG COMPRESSE RIVESTITE CON FILM- 84 COMPRESSE IN BLISTER OPA/AL/PVC/AL	OLMESARTAN MEDOXOMIL	OLMESARTAN MEDOXOMIL	40	milligrammi	Compressa rivestita con film	C09DA08	EG S.P.A.	Autorizzata	Procedura Mutuo riconoscimento o Decentrata	Medicinali soggetti a prescrizione medica
044319349	044319	OLMESARTAN E IDROCLOROTIAZIDE EG	40 MG/12,5 MG COMPRESSE RIVESTITE CON FILM- 90 COMPRESSE IN BLISTER OPA/AL/PVC/AL	OLMESARTAN MEDOXOMIL	OLMESARTAN MEDOXOMIL	40	milligrammi	Compressa rivestita con film	C09DA08	EG S.P.A.	Autorizzata	Procedura Mutuo riconoscimento o Decentrata	Medicinali soggetti a prescrizione medica
044319352	044319	OLMESARTAN E IDROCLOROTIAZIDE EG	40 MG/12,5 MG COMPRESSE RIVESTITE CON FILM- 98 COMPRESSE IN BLISTER OPA/AL/PVC/AL	OLMESARTAN MEDOXOMIL	OLMESARTAN MEDOXOMIL	40	milligrammi	Compressa rivestita con film	C09DA08	EG S.P.A.	Autorizzata	Procedura Mutuo riconoscimento o Decentrata	Medicinali soggetti a prescrizione medica
044319364	044319	OLMESARTAN E IDROCLOROTIAZIDE EG	40 MG/12,5 MG COMPRESSE RIVESTITE CON FILM- 100 COMPRESSE IN BLISTER OPA/AL/PVC/AL	OLMESARTAN MEDOXOMIL	OLMESARTAN MEDOXOMIL	40	milligrammi	Compressa rivestita con film	C09DA08	EG S.P.A.	Autorizzata	Procedura Mutuo riconoscimento o Decentrata	Medicinali soggetti a prescrizione medica
044319376	044319	OLMESARTAN E IDROCLOROTIAZIDE EG	40 MG/12,5 MG COMPRESSE RIVESTITE CON FILM- 112 COMPRESSE IN BLISTER OPA/AL/PVC/AL	OLMESARTAN MEDOXOMIL	OLMESARTAN MEDOXOMIL	40	milligrammi	Compressa rivestita con film	C09DA08	EG S.P.A.	Autorizzata	Procedura Mutuo riconoscimento o Decentrata	Medicinali soggetti a prescrizione medica
044319388	044319	OLMESARTAN E IDROCLOROTIAZIDE EG	40 MG/12,5 MG COMPRESSE RIVESTITE CON FILM- 156 COMPRESSE IN BLISTER OPA/AL/PVC/AL	OLMESARTAN MEDOXOMIL	OLMESARTAN MEDOXOMIL	40	milligrammi	Compressa rivestita con film	C09DA08	EG S.P.A.	Autorizzata	Procedura Mutuo riconoscimento o Decentrata	Medicinali soggetti a prescrizione medica
044319390	044319	OLMESARTAN E IDROCLOROTIAZIDE EG	40 MG/12,5 MG COMPRESSE RIVESTITE CON FILM- 168 COMPRESSE IN BLISTER OPA/AL/PVC/AL	OLMESARTAN MEDOXOMIL	OLMESARTAN MEDOXOMIL	40	milligrammi	Compressa rivestita con film	C09DA08	EG S.P.A.	Autorizzata	Procedura Mutuo riconoscimento o Decentrata	Medicinali soggetti a prescrizione medica
044319402	044319	OLMESARTAN E IDROCLOROTIAZIDE EG	40 MG/25 MG COMPRESSE RIVESTITE CON FILM- 10 COMPRESSE IN BLISTER OPA/AL/PVC/AL	OLMESARTAN MEDOXOMIL	OLMESARTAN MEDOXOMIL	40	milligrammi	Compressa rivestita con film	C09DA08	EG S.P.A.	Autorizzata	Procedura Mutuo riconoscimento o Decentrata	Medicinali soggetti a prescrizione medica
044319414	044319	OLMESARTAN E IDROCLOROTIAZIDE EG	40 MG/25 MG COMPRESSE RIVESTITE CON FILM- 14 COMPRESSE IN BLISTER OPA/AL/PVC/AL	OLMESARTAN MEDOXOMIL	OLMESARTAN MEDOXOMIL	40	milligrammi	Compressa rivestita con film	C09DA08	EG S.P.A.	Autorizzata	Procedura Mutuo riconoscimento o Decentrata	Medicinali soggetti a prescrizione medica
044319426	044319	OLMESARTAN E IDROCLOROTIAZIDE EG	40 MG/25 MG COMPRESSE RIVESTITE CON FILM- 28 COMPRESSE IN BLISTER OPA/AL/PVC/AL	OLMESARTAN MEDOXOMIL	OLMESARTAN MEDOXOMIL	40	milligrammi	Compressa rivestita con film	C09DA08	EG S.P.A.	Autorizzata	Procedura Mutuo riconoscimento o Decentrata	Medicinali soggetti a prescrizione medica
044319438	044319	OLMESARTAN E IDROCLOROTIAZIDE EG	40 MG/25 MG COMPRESSE RIVESTITE CON FILM- 30 COMPRESSE IN BLISTER OPA/AL/PVC/AL	OLMESARTAN MEDOXOMIL	OLMESARTAN MEDOXOMIL	40	milligrammi	Compressa rivestita con film	C09DA08	EG S.P.A.	Autorizzata	Procedura Mutuo riconoscimento o Decentrata	Medicinali soggetti a prescrizione medica
044319440	044319	OLMESARTAN E IDROCLOROTIAZIDE EG	40 MG/25 MG COMPRESSE RIVESTITE CON FILM- 56 COMPRESSE IN BLISTER OPA/AL/PVC/AL	OLMESARTAN MEDOXOMIL	OLMESARTAN MEDOXOMIL	40	milligrammi	Compressa rivestita con film	C09DA08	EG S.P.A.	Autorizzata	Procedura Mutuo riconoscimento o Decentrata	Medicinali soggetti a prescrizione medica
044319453	044319	OLMESARTAN E IDROCLOROTIAZIDE EG	40 MG/25 MG COMPRESSE RIVESTITE CON FILM- 60 COMPRESSE IN BLISTER OPA/AL/PVC/AL	OLMESARTAN MEDOXOMIL	OLMESARTAN MEDOXOMIL	40	milligrammi	Compressa rivestita con film	C09DA08	EG S.P.A.	Autorizzata	Procedura Mutuo riconoscimento o Decentrata	Medicinali soggetti a prescrizione medica
044319465	044319	OLMESARTAN E IDROCLOROTIAZIDE EG	40 MG/25 MG COMPRESSE RIVESTITE CON FILM- 84 COMPRESSE IN BLISTER OPA/AL/PVC/AL	OLMESARTAN MEDOXOMIL	OLMESARTAN MEDOXOMIL	40	milligrammi	Compressa rivestita con film	C09DA08	EG S.P.A.	Autorizzata	Procedura Mutuo riconoscimento o Decentrata	Medicinali soggetti a prescrizione medica
044319477	044319	OLMESARTAN E IDROCLOROTIAZIDE EG	40 MG/25 MG COMPRESSE RIVESTITE CON FILM- 90 COMPRESSE IN BLISTER OPA/AL/PVC/AL	OLMESARTAN MEDOXOMIL	OLMESARTAN MEDOXOMIL	40	milligrammi	Compressa rivestita con film	C09DA08	EG S.P.A.	Autorizzata	Procedura Mutuo riconoscimento o Decentrata	Medicinali soggetti a prescrizione medica
044319489	044319	OLMESARTAN E IDROCLOROTIAZIDE EG	40 MG/25 MG COMPRESSE RIVESTITE CON FILM- 98 COMPRESSE IN BLISTER OPA/AL/PVC/AL	OLMESARTAN MEDOXOMIL	OLMESARTAN MEDOXOMIL	40	milligrammi	Compressa rivestita con film	C09DA08	EG S.P.A.	Autorizzata	Procedura Mutuo riconoscimento o Decentrata	Medicinali soggetti a prescrizione medica
044319491	044319	OLMESARTAN E IDROCLOROTIAZIDE EG	40 MG/25 MG COMPRESSE RIVESTITE CON FILM- 100 COMPRESSE IN BLISTER OPA/AL/PVC/AL	OLMESARTAN MEDOXOMIL	OLMESARTAN MEDOXOMIL	40	milligrammi	Compressa rivestita con film	C09DA08	EG S.P.A.	Autorizzata	Procedura Mutuo riconoscimento o Decentrata	Medicinali soggetti a prescrizione medica
044319503	044319	OLMESARTAN E IDROCLOROTIAZIDE EG	40 MG/25 MG COMPRESSE RIVESTITE CON FILM- 112 COMPRESSE IN BLISTER OPA/AL/PVC/AL	OLMESARTAN MEDOXOMIL	OLMESARTAN MEDOXOMIL	40	milligrammi	Compressa rivestita con film	C09DA08	EG S.P.A.	Autorizzata	Procedura Mutuo riconoscimento o Decentrata	Medicinali soggetti a prescrizione medica
044319515	044319	OLMESARTAN E IDROCLOROTIAZIDE EG	40 MG/25 MG COMPRESSE RIVESTITE CON FILM- 156 COMPRESSE IN BLISTER OPA/AL/PVC/AL	OLMESARTAN MEDOXOMIL	OLMESARTAN MEDOXOMIL	40	milligrammi	Compressa rivestita con film	C09DA08	EG S.P.A.	Autorizzata	Procedura Mutuo riconoscimento o Decentrata	Medicinali soggetti a prescrizione medica
044319527	044319	OLMESARTAN E IDROCLOROTIAZIDE EG	40 MG/25 MG COMPRESSE RIVESTITE CON FILM- 168 COMPRESSE IN BLISTER OPA/AL/PVC/AL	OLMESARTAN MEDOXOMIL	OLMESARTAN MEDOXOMIL	40	milligrammi	Compressa rivestita con film	C09DA08	EG S.P.A.	Autorizzata	Procedura Mutuo riconoscimento o Decentrata	Medicinali soggetti a prescrizione medica
044375018	044375	OLMESARTAN E IDROCLOROTIAZIDE ZENTIVA	20 MG/12,5 MG COMPRESSE RIVESTITE CON FILM- 14 COMPRESSE IN BLISTER OPA/AL/PVC/AL	OLMESARTAN MEDOXOMIL	OLMESARTAN MEDOXOMIL			Compressa rivestita con film	C09DA08	ZENTIVA ITALIA S.R.L.	Autorizzata	Procedura Mutuo riconoscimento o Decentrata	Medicinali soggetti a prescrizione medica
044375032	044375	OLMESARTAN E IDROCLOROTIAZIDE ZENTIVA	20 MG/12,5 MG COMPRESSE RIVESTITE CON FILM- 30 COMPRESSE IN BLISTER OPA/AL/PVC/AL	OLMESARTAN MEDOXOMIL	OLMESARTAN MEDOXOMIL			Compressa rivestita con film	C09DA08	ZENTIVA ITALIA S.R.L.	Autorizzata	Procedura Mutuo riconoscimento o Decentrata	Medicinali soggetti a prescrizione medica
044375044	044375	OLMESARTAN E IDROCLOROTIAZIDE ZENTIVA	20 MG/12,5 MG COMPRESSE RIVESTITE CON FILM- 50 COMPRESSE IN BLISTER OPA/AL/PVC/AL	OLMESARTAN MEDOXOMIL	OLMESARTAN MEDOXOMIL			Compressa rivestita con film	C09DA08	ZENTIVA ITALIA S.R.L.	Autorizzata	Procedura Mutuo riconoscimento o Decentrata	Medicinali soggetti a prescrizione medica
044375057	044375	OLMESARTAN E IDROCLOROTIAZIDE ZENTIVA	20 MG/12,5 MG COMPRESSE RIVESTITE CON FILM- 56 COMPRESSE IN BLISTER OPA/AL/PVC/AL	OLMESARTAN MEDOXOMIL	OLMESARTAN MEDOXOMIL			Compressa rivestita con film	C09DA08	ZENTIVA ITALIA S.R.L.	Autorizzata	Procedura Mutuo riconoscimento o Decentrata	Medicinali soggetti a prescrizione medica
044375069	044375	OLMESARTAN E IDROCLOROTIAZIDE ZENTIVA	20 MG/12,5 MG COMPRESSE RIVESTITE CON FILM- 84 COMPRESSE IN BLISTER OPA/AL/PVC/AL	OLMESARTAN MEDOXOMIL	OLMESARTAN MEDOXOMIL			Compressa rivestita con film	C09DA08	ZENTIVA ITALIA S.R.L.	Autorizzata	Procedura Mutuo riconoscimento o Decentrata	Medicinali soggetti a prescrizione medica
044375071	044375	OLMESARTAN E IDROCLOROTIAZIDE ZENTIVA	20 MG/12,5 MG COMPRESSE RIVESTITE CON FILM- 90 COMPRESSE IN BLISTER OPA/AL/PVC/AL	OLMESARTAN MEDOXOMIL	OLMESARTAN MEDOXOMIL			Compressa rivestita con film	C09DA08	ZENTIVA ITALIA S.R.L.	Autorizzata	Procedura Mutuo riconoscimento o Decentrata	Medicinali soggetti a prescrizione medica
044375083	044375	OLMESARTAN E IDROCLOROTIAZIDE ZENTIVA	20 MG/12,5 MG COMPRESSE RIVESTITE CON FILM- 98 COMPRESSE IN BLISTER OPA/AL/PVC/AL	OLMESARTAN MEDOXOMIL	OLMESARTAN MEDOXOMIL			Compressa rivestita con film	C09DA08	ZENTIVA ITALIA S.R.L.	Autorizzata	Procedura Mutuo riconoscimento o Decentrata	Medicinali soggetti a prescrizione medica
044375095	044375	OLMESARTAN E IDROCLOROTIAZIDE ZENTIVA	20 MG/12,5 MG COMPRESSE RIVESTITE CON FILM- 100 COMPRESSE IN BLISTER OPA/AL/PVC/AL	OLMESARTAN MEDOXOMIL	OLMESARTAN MEDOXOMIL			Compressa rivestita con film	C09DA08	ZENTIVA ITALIA S.R.L.	Autorizzata	Procedura Mutuo riconoscimento o Decentrata	Medicinali soggetti a prescrizione medica
044375107	044375	OLMESARTAN E IDROCLOROTIAZIDE ZENTIVA	20 MG/12,5 MG COMPRESSE RIVESTITE CON FILM- 500 COMPRESSE IN BLISTER OPA/AL/PVC/AL	OLMESARTAN MEDOXOMIL	OLMESARTAN MEDOXOMIL			Compressa rivestita con film	C09DA08	ZENTIVA ITALIA S.R.L.	Autorizzata	Procedura Mutuo riconoscimento o Decentrata	Medicinali soggetti a prescrizione medica limitativa, utilizzabili esclusivamente in ambiente ospedaliero o in una struttura ad esso assimilabile
044375119	044375	OLMESARTAN E IDROCLOROTIAZIDE ZENTIVA	20 MG/25 MG COMPRESSE RIVESTITE CON FILM- 14 COMPRESSE IN BLISTER OPA/AL/PVC/AL	OLMESARTAN MEDOXOMIL	OLMESARTAN MEDOXOMIL			Compressa rivestita con film	C09DA08	ZENTIVA ITALIA S.R.L.	Autorizzata	Procedura Mutuo riconoscimento o Decentrata	Medicinali soggetti a prescrizione medica
044375133	044375	OLMESARTAN E IDROCLOROTIAZIDE ZENTIVA	20 MG/25 MG COMPRESSE RIVESTITE CON FILM- 30 COMPRESSE IN BLISTER OPA/AL/PVC/AL	OLMESARTAN MEDOXOMIL	OLMESARTAN MEDOXOMIL			Compressa rivestita con film	C09DA08	ZENTIVA ITALIA S.R.L.	Autorizzata	Procedura Mutuo riconoscimento o Decentrata	Medicinali soggetti a prescrizione medica
044375145	044375	OLMESARTAN E IDROCLOROTIAZIDE ZENTIVA	20 MG/25 MG COMPRESSE RIVESTITE CON FILM- 50 COMPRESSE IN BLISTER OPA/AL/PVC/AL	OLMESARTAN MEDOXOMIL	OLMESARTAN MEDOXOMIL			Compressa rivestita con film	C09DA08	ZENTIVA ITALIA S.R.L.	Autorizzata	Procedura Mutuo riconoscimento o Decentrata	Medicinali soggetti a prescrizione medica
044375158	044375	OLMESARTAN E IDROCLOROTIAZIDE ZENTIVA	20 MG/25 MG COMPRESSE RIVESTITE CON FILM- 56 COMPRESSE IN BLISTER OPA/AL/PVC/AL	OLMESARTAN MEDOXOMIL	OLMESARTAN MEDOXOMIL			Compressa rivestita con film	C09DA08	ZENTIVA ITALIA S.R.L.	Autorizzata	Procedura Mutuo riconoscimento o Decentrata	Medicinali soggetti a prescrizione medica
044375160	044375	OLMESARTAN E IDROCLOROTIAZIDE ZENTIVA	20 MG/25 MG COMPRESSE RIVESTITE CON FILM- 84 COMPRESSE IN BLISTER OPA/AL/PVC/AL	OLMESARTAN MEDOXOMIL	OLMESARTAN MEDOXOMIL			Compressa rivestita con film	C09DA08	ZENTIVA ITALIA S.R.L.	Autorizzata	Procedura Mutuo riconoscimento o Decentrata	Medicinali soggetti a prescrizione medica
044375172	044375	OLMESARTAN E IDROCLOROTIAZIDE ZENTIVA	20 MG/25 MG COMPRESSE RIVESTITE CON FILM- 90 COMPRESSE IN BLISTER OPA/AL/PVC/AL	OLMESARTAN MEDOXOMIL	OLMESARTAN MEDOXOMIL			Compressa rivestita con film	C09DA08	ZENTIVA ITALIA S.R.L.	Autorizzata	Procedura Mutuo riconoscimento o Decentrata	Medicinali soggetti a prescrizione medica
044375184	044375	OLMESARTAN E IDROCLOROTIAZIDE ZENTIVA	20 MG/25 MG COMPRESSE RIVESTITE CON FILM- 98 COMPRESSE IN BLISTER OPA/AL/PVC/AL	OLMESARTAN MEDOXOMIL	OLMESARTAN MEDOXOMIL			Compressa rivestita con film	C09DA08	ZENTIVA ITALIA S.R.L.	Autorizzata	Procedura Mutuo riconoscimento o Decentrata	Medicinali soggetti a prescrizione medica
044375196	044375	OLMESARTAN E IDROCLOROTIAZIDE ZENTIVA	20 MG/25 MG COMPRESSE RIVESTITE CON FILM- 100 COMPRESSE IN BLISTER OPA/AL/PVC/AL	OLMESARTAN MEDOXOMIL	OLMESARTAN MEDOXOMIL			Compressa rivestita con film	C09DA08	ZENTIVA ITALIA S.R.L.	Autorizzata	Procedura Mutuo riconoscimento o Decentrata	Medicinali soggetti a prescrizione medica
044375208	044375	OLMESARTAN E IDROCLOROTIAZIDE ZENTIVA	20 MG/25 MG COMPRESSE RIVESTITE CON FILM- 500 COMPRESSE IN BLISTER OPA/AL/PVC/AL	OLMESARTAN MEDOXOMIL	OLMESARTAN MEDOXOMIL			Compressa rivestita con film	C09DA08	ZENTIVA ITALIA S.R.L.	Autorizzata	Procedura Mutuo riconoscimento o Decentrata	Medicinali soggetti a prescrizione medica limitativa, utilizzabili esclusivamente in ambiente ospedaliero o in una struttura ad esso assimilabile
044375210	044375	OLMESARTAN E IDROCLOROTIAZIDE ZENTIVA	40 MG/12,5 MG COMPRESSE RIVESTITE CON FILM- 14 COMPRESSE IN BLISTER OPA/AL/PVC/AL	OLMESARTAN MEDOXOMIL	OLMESARTAN MEDOXOMIL			Compressa rivestita con film	C09DA08	ZENTIVA ITALIA S.R.L.	Autorizzata	Procedura Mutuo riconoscimento o Decentrata	Medicinali soggetti a prescrizione medica
044375234	044375	OLMESARTAN E IDROCLOROTIAZIDE ZENTIVA	40 MG/12,5 MG COMPRESSE RIVESTITE CON FILM- 30 COMPRESSE IN BLISTER OPA/AL/PVC/AL	OLMESARTAN MEDOXOMIL	OLMESARTAN MEDOXOMIL			Compressa rivestita con film	C09DA08	ZENTIVA ITALIA S.R.L.	Autorizzata	Procedura Mutuo riconoscimento o Decentrata	Medicinali soggetti a prescrizione medica
044375246	044375	OLMESARTAN E IDROCLOROTIAZIDE ZENTIVA	40 MG/12,5 MG COMPRESSE RIVESTITE CON FILM- 50 COMPRESSE IN BLISTER OPA/AL/PVC/AL	OLMESARTAN MEDOXOMIL	OLMESARTAN MEDOXOMIL			Compressa rivestita con film	C09DA08	ZENTIVA ITALIA S.R.L.	Autorizzata	Procedura Mutuo riconoscimento o Decentrata	Medicinali soggetti a prescrizione medica
044375259	044375	OLMESARTAN E IDROCLOROTIAZIDE ZENTIVA	40 MG/12,5 MG COMPRESSE RIVESTITE CON FILM- 56 COMPRESSE IN BLISTER OPA/AL/PVC/AL	OLMESARTAN MEDOXOMIL	OLMESARTAN MEDOXOMIL			Compressa rivestita con film	C09DA08	ZENTIVA ITALIA S.R.L.	Autorizzata	Procedura Mutuo riconoscimento o Decentrata	Medicinali soggetti a prescrizione medica
044375261	044375	OLMESARTAN E IDROCLOROTIAZIDE ZENTIVA	40 MG/12,5 MG COMPRESSE RIVESTITE CON FILM- 84 COMPRESSE IN BLISTER OPA/AL/PVC/AL	OLMESARTAN MEDOXOMIL	OLMESARTAN MEDOXOMIL			Compressa rivestita con film	C09DA08	ZENTIVA ITALIA S.R.L.	Autorizzata	Procedura Mutuo riconoscimento o Decentrata	Medicinali soggetti a prescrizione medica
044375273	044375	OLMESARTAN E IDROCLOROTIAZIDE ZENTIVA	40 MG/12,5 MG COMPRESSE RIVESTITE CON FILM- 90 COMPRESSE IN BLISTER OPA/AL/PVC/AL	OLMESARTAN MEDOXOMIL	OLMESARTAN MEDOXOMIL			Compressa rivestita con film	C09DA08	ZENTIVA ITALIA S.R.L.	Autorizzata	Procedura Mutuo riconoscimento o Decentrata	Medicinali soggetti a prescrizione medica
044375285	044375	OLMESARTAN E IDROCLOROTIAZIDE ZENTIVA	40 MG/12,5 MG COMPRESSE RIVESTITE CON FILM- 98 COMPRESSE IN BLISTER OPA/AL/PVC/AL	OLMESARTAN MEDOXOMIL	OLMESARTAN MEDOXOMIL			Compressa rivestita con film	C09DA08	ZENTIVA ITALIA S.R.L.	Autorizzata	Procedura Mutuo riconoscimento o Decentrata	Medicinali soggetti a prescrizione medica
044375297	044375	OLMESARTAN E IDROCLOROTIAZIDE ZENTIVA	40 MG/12,5 MG COMPRESSE RIVESTITE CON FILM- 100 COMPRESSE IN BLISTER OPA/AL/PVC/AL	OLMESARTAN MEDOXOMIL	OLMESARTAN MEDOXOMIL			Compressa rivestita con film	C09DA08	ZENTIVA ITALIA S.R.L.	Autorizzata	Procedura Mutuo riconoscimento o Decentrata	Medicinali soggetti a prescrizione medica
044375309	044375	OLMESARTAN E IDROCLOROTIAZIDE ZENTIVA	40 MG/12,5 MG COMPRESSE RIVESTITE CON FILM- 500 COMPRESSE IN BLISTER OPA/AL/PVC/AL	OLMESARTAN MEDOXOMIL	OLMESARTAN MEDOXOMIL			Compressa rivestita con film	C09DA08	ZENTIVA ITALIA S.R.L.	Autorizzata	Procedura Mutuo riconoscimento o Decentrata	Medicinali soggetti a prescrizione medica limitativa, utilizzabili esclusivamente in ambiente ospedaliero o in una struttura ad esso assimilabile
044375311	044375	OLMESARTAN E IDROCLOROTIAZIDE ZENTIVA	40 MG/25 MG COMPRESSE RIVESTITE CON FILM- 14 COMPRESSE IN BLISTER OPA/AL/PVC/AL	OLMESARTAN MEDOXOMIL	OLMESARTAN MEDOXOMIL			Compressa rivestita con film	C09DA08	ZENTIVA ITALIA S.R.L.	Autorizzata	Procedura Mutuo riconoscimento o Decentrata	Medicinali soggetti a prescrizione medica
044375335	044375	OLMESARTAN E IDROCLOROTIAZIDE ZENTIVA	40 MG/25 MG COMPRESSE RIVESTITE CON FILM- 30 COMPRESSE IN BLISTER OPA/AL/PVC/AL	OLMESARTAN MEDOXOMIL	OLMESARTAN MEDOXOMIL			Compressa rivestita con film	C09DA08	ZENTIVA ITALIA S.R.L.	Autorizzata	Procedura Mutuo riconoscimento o Decentrata	Medicinali soggetti a prescrizione medica
044375347	044375	OLMESARTAN E IDROCLOROTIAZIDE ZENTIVA	40 MG/25 MG COMPRESSE RIVESTITE CON FILM- 50 COMPRESSE IN BLISTER OPA/AL/PVC/AL	OLMESARTAN MEDOXOMIL	OLMESARTAN MEDOXOMIL			Compressa rivestita con film	C09DA08	ZENTIVA ITALIA S.R.L.	Autorizzata	Procedura Mutuo riconoscimento o Decentrata	Medicinali soggetti a prescrizione medica
044375350	044375	OLMESARTAN E IDROCLOROTIAZIDE ZENTIVA	40 MG/25 MG COMPRESSE RIVESTITE CON FILM- 56 COMPRESSE IN BLISTER OPA/AL/PVC/AL	OLMESARTAN MEDOXOMIL	OLMESARTAN MEDOXOMIL			Compressa rivestita con film	C09DA08	ZENTIVA ITALIA S.R.L.	Autorizzata	Procedura Mutuo riconoscimento o Decentrata	Medicinali soggetti a prescrizione medica
044375362	044375	OLMESARTAN E IDROCLOROTIAZIDE ZENTIVA	40 MG/25 MG COMPRESSE RIVESTITE CON FILM- 84 COMPRESSE IN BLISTER OPA/AL/PVC/AL	OLMESARTAN MEDOXOMIL	OLMESARTAN MEDOXOMIL			Compressa rivestita con film	C09DA08	ZENTIVA ITALIA S.R.L.	Autorizzata	Procedura Mutuo riconoscimento o Decentrata	Medicinali soggetti a prescrizione medica
044375374	044375	OLMESARTAN E IDROCLOROTIAZIDE ZENTIVA	40 MG/25 MG COMPRESSE RIVESTITE CON FILM- 90 COMPRESSE IN BLISTER OPA/AL/PVC/AL	OLMESARTAN MEDOXOMIL	OLMESARTAN MEDOXOMIL			Compressa rivestita con film	C09DA08	ZENTIVA ITALIA S.R.L.	Autorizzata	Procedura Mutuo riconoscimento o Decentrata	Medicinali soggetti a prescrizione medica
044375386	044375	OLMESARTAN E IDROCLOROTIAZIDE ZENTIVA	40 MG/25 MG COMPRESSE RIVESTITE CON FILM- 98 COMPRESSE IN BLISTER OPA/AL/PVC/AL	OLMESARTAN MEDOXOMIL	OLMESARTAN MEDOXOMIL			Compressa rivestita con film	C09DA08	ZENTIVA ITALIA S.R.L.	Autorizzata	Procedura Mutuo riconoscimento o Decentrata	Medicinali soggetti a prescrizione medica
044375398	044375	OLMESARTAN E IDROCLOROTIAZIDE ZENTIVA	40 MG/25 MG COMPRESSE RIVESTITE CON FILM- 100 COMPRESSE IN BLISTER OPA/AL/PVC/AL	OLMESARTAN MEDOXOMIL	OLMESARTAN MEDOXOMIL			Compressa rivestita con film	C09DA08	ZENTIVA ITALIA S.R.L.	Autorizzata	Procedura Mutuo riconoscimento o Decentrata	Medicinali soggetti a prescrizione medica
044375400	044375	OLMESARTAN E IDROCLOROTIAZIDE ZENTIVA	40 MG/25 MG COMPRESSE RIVESTITE CON FILM- 500 COMPRESSE IN BLISTER OPA/AL/PVC/AL	OLMESARTAN MEDOXOMIL	OLMESARTAN MEDOXOMIL			Compressa rivestita con film	C09DA08	ZENTIVA ITALIA S.R.L.	Autorizzata	Procedura Mutuo riconoscimento o Decentrata	Medicinali soggetti a prescrizione medica limitativa, utilizzabili esclusivamente in ambiente ospedaliero o in una struttura ad esso assimilabile
044390019	044390	OLMESARTAN MEDOXOMIL ZENTIVA	10 MG COMPRESSE RIVESTITE CON FILM- 14 COMPRESSE IN BLISTER OPA/AL/PVC/AL	OLMESARTAN MEDOXOMIL	OLMESARTAN MEDOXOMIL	10	milligrammi	Compressa rivestita con film	C09CA08	ZENTIVA ITALIA S.R.L.	Autorizzata	Procedura Mutuo riconoscimento o Decentrata	Medicinali soggetti a prescrizione medica
044390021	044390	OLMESARTAN MEDOXOMIL ZENTIVA	10 MG COMPRESSE RIVESTITE CON FILM- 28 COMPRESSE IN BLISTER OPA/AL/PVC/AL	OLMESARTAN MEDOXOMIL	OLMESARTAN MEDOXOMIL	10	milligrammi	Compressa rivestita con film	C09CA08	ZENTIVA ITALIA S.R.L.	Autorizzata	Procedura Mutuo riconoscimento o Decentrata	Medicinali soggetti a prescrizione medica
044390033	044390	OLMESARTAN MEDOXOMIL ZENTIVA	10 MG COMPRESSE RIVESTITE CON FILM- 30 COMPRESSE IN BLISTER OPA/AL/PVC/AL	OLMESARTAN MEDOXOMIL	OLMESARTAN MEDOXOMIL	10	milligrammi	Compressa rivestita con film	C09CA08	ZENTIVA ITALIA S.R.L.	Autorizzata	Procedura Mutuo riconoscimento o Decentrata	Medicinali soggetti a prescrizione medica
044390045	044390	OLMESARTAN MEDOXOMIL ZENTIVA	10 MG COMPRESSE RIVESTITE CON FILM- 50 COMPRESSE IN BLISTER OPA/AL/PVC/AL	OLMESARTAN MEDOXOMIL	OLMESARTAN MEDOXOMIL	10	milligrammi	Compressa rivestita con film	C09CA08	ZENTIVA ITALIA S.R.L.	Autorizzata	Procedura Mutuo riconoscimento o Decentrata	Medicinali soggetti a prescrizione medica
044390058	044390	OLMESARTAN MEDOXOMIL ZENTIVA	10 MG COMPRESSE RIVESTITE CON FILM- 56 COMPRESSE IN BLISTER OPA/AL/PVC/AL	OLMESARTAN MEDOXOMIL	OLMESARTAN MEDOXOMIL	10	milligrammi	Compressa rivestita con film	C09CA08	ZENTIVA ITALIA S.R.L.	Autorizzata	Procedura Mutuo riconoscimento o Decentrata	Medicinali soggetti a prescrizione medica
044390060	044390	OLMESARTAN MEDOXOMIL ZENTIVA	10 MG COMPRESSE RIVESTITE CON FILM- 84 COMPRESSE IN BLISTER OPA/AL/PVC/AL	OLMESARTAN MEDOXOMIL	OLMESARTAN MEDOXOMIL	10	milligrammi	Compressa rivestita con film	C09CA08	ZENTIVA ITALIA S.R.L.	Autorizzata	Procedura Mutuo riconoscimento o Decentrata	Medicinali soggetti a prescrizione medica
044390072	044390	OLMESARTAN MEDOXOMIL ZENTIVA	10 MG COMPRESSE RIVESTITE CON FILM- 90 COMPRESSE IN BLISTER OPA/AL/PVC/AL	OLMESARTAN MEDOXOMIL	OLMESARTAN MEDOXOMIL	10	milligrammi	Compressa rivestita con film	C09CA08	ZENTIVA ITALIA S.R.L.	Autorizzata	Procedura Mutuo riconoscimento o Decentrata	Medicinali soggetti a prescrizione medica
044390084	044390	OLMESARTAN MEDOXOMIL ZENTIVA	10 MG COMPRESSE RIVESTITE CON FILM- 98 COMPRESSE IN BLISTER OPA/AL/PVC/AL	OLMESARTAN MEDOXOMIL	OLMESARTAN MEDOXOMIL	10	milligrammi	Compressa rivestita con film	C09CA08	ZENTIVA ITALIA S.R.L.	Autorizzata	Procedura Mutuo riconoscimento o Decentrata	Medicinali soggetti a prescrizione medica
044390096	044390	OLMESARTAN MEDOXOMIL ZENTIVA	10 MG COMPRESSE RIVESTITE CON FILM- 100 COMPRESSE IN BLISTER OPA/AL/PVC/AL	OLMESARTAN MEDOXOMIL	OLMESARTAN MEDOXOMIL	10	milligrammi	Compressa rivestita con film	C09CA08	ZENTIVA ITALIA S.R.L.	Autorizzata	Procedura Mutuo riconoscimento o Decentrata	Medicinali soggetti a prescrizione medica
044390108	044390	OLMESARTAN MEDOXOMIL ZENTIVA	10 MG COMPRESSE RIVESTITE CON FILM- 500 COMPRESSE IN BLISTER OPA/AL/PVC/AL	OLMESARTAN MEDOXOMIL	OLMESARTAN MEDOXOMIL	10	milligrammi	Compressa rivestita con film	C09CA08	ZENTIVA ITALIA S.R.L.	Autorizzata	Procedura Mutuo riconoscimento o Decentrata	Medicinali soggetti a prescrizione medica
044390110	044390	OLMESARTAN MEDOXOMIL ZENTIVA	20 MG COMPRESSE RIVESTITE CON FILM- 14 COMPRESSE IN BLISTER OPA/AL/PVC/AL	OLMESARTAN MEDOXOMIL	OLMESARTAN MEDOXOMIL	20	milligrammi	Compressa rivestita con film	C09CA08	ZENTIVA ITALIA S.R.L.	Autorizzata	Procedura Mutuo riconoscimento o Decentrata	Medicinali soggetti a prescrizione medica
044390122	044390	OLMESARTAN MEDOXOMIL ZENTIVA	20 MG COMPRESSE RIVESTITE CON FILM- 28 COMPRESSE IN BLISTER OPA/AL/PVC/AL	OLMESARTAN MEDOXOMIL	OLMESARTAN MEDOXOMIL	20	milligrammi	Compressa rivestita con film	C09CA08	ZENTIVA ITALIA S.R.L.	Autorizzata	Procedura Mutuo riconoscimento o Decentrata	Medicinali soggetti a prescrizione medica
044390134	044390	OLMESARTAN MEDOXOMIL ZENTIVA	20 MG COMPRESSE RIVESTITE CON FILM- 30 COMPRESSE IN BLISTER OPA/AL/PVC/AL	OLMESARTAN MEDOXOMIL	OLMESARTAN MEDOXOMIL	20	milligrammi	Compressa rivestita con film	C09CA08	ZENTIVA ITALIA S.R.L.	Autorizzata	Procedura Mutuo riconoscimento o Decentrata	Medicinali soggetti a prescrizione medica
044390146	044390	OLMESARTAN MEDOXOMIL ZENTIVA	20 MG COMPRESSE RIVESTITE CON FILM- 50 COMPRESSE IN BLISTER OPA/AL/PVC/AL	OLMESARTAN MEDOXOMIL	OLMESARTAN MEDOXOMIL	20	milligrammi	Compressa rivestita con film	C09CA08	ZENTIVA ITALIA S.R.L.	Autorizzata	Procedura Mutuo riconoscimento o Decentrata	Medicinali soggetti a prescrizione medica
044390159	044390	OLMESARTAN MEDOXOMIL ZENTIVA	20 MG COMPRESSE RIVESTITE CON FILM- 56 COMPRESSE IN BLISTER OPA/AL/PVC/AL	OLMESARTAN MEDOXOMIL	OLMESARTAN MEDOXOMIL	20	milligrammi	Compressa rivestita con film	C09CA08	ZENTIVA ITALIA S.R.L.	Autorizzata	Procedura Mutuo riconoscimento o Decentrata	Medicinali soggetti a prescrizione medica
044390161	044390	OLMESARTAN MEDOXOMIL ZENTIVA	20 MG COMPRESSE RIVESTITE CON FILM- 84 COMPRESSE IN BLISTER OPA/AL/PVC/AL	OLMESARTAN MEDOXOMIL	OLMESARTAN MEDOXOMIL	20	milligrammi	Compressa rivestita con film	C09CA08	ZENTIVA ITALIA S.R.L.	Autorizzata	Procedura Mutuo riconoscimento o Decentrata	Medicinali soggetti a prescrizione medica
044390173	044390	OLMESARTAN MEDOXOMIL ZENTIVA	20 MG COMPRESSE RIVESTITE CON FILM- 90 COMPRESSE IN BLISTER OPA/AL/PVC/AL	OLMESARTAN MEDOXOMIL	OLMESARTAN MEDOXOMIL	20	milligrammi	Compressa rivestita con film	C09CA08	ZENTIVA ITALIA S.R.L.	Autorizzata	Procedura Mutuo riconoscimento o Decentrata	Medicinali soggetti a prescrizione medica
044390185	044390	OLMESARTAN MEDOXOMIL ZENTIVA	20 MG COMPRESSE RIVESTITE CON FILM- 98 COMPRESSE IN BLISTER OPA/AL/PVC/AL	OLMESARTAN MEDOXOMIL	OLMESARTAN MEDOXOMIL	20	milligrammi	Compressa rivestita con film	C09CA08	ZENTIVA ITALIA S.R.L.	Autorizzata	Procedura Mutuo riconoscimento o Decentrata	Medicinali soggetti a prescrizione medica
044390197	044390	OLMESARTAN MEDOXOMIL ZENTIVA	20 MG COMPRESSE RIVESTITE CON FILM- 100 COMPRESSE IN BLISTER OPA/AL/PVC/AL	OLMESARTAN MEDOXOMIL	OLMESARTAN MEDOXOMIL	20	milligrammi	Compressa rivestita con film	C09CA08	ZENTIVA ITALIA S.R.L.	Autorizzata	Procedura Mutuo riconoscimento o Decentrata	Medicinali soggetti a prescrizione medica
044390209	044390	OLMESARTAN MEDOXOMIL ZENTIVA	20 MG COMPRESSE RIVESTITE CON FILM- 500 COMPRESSE IN BLISTER OPA/AL/PVC/AL	OLMESARTAN MEDOXOMIL	OLMESARTAN MEDOXOMIL	20	milligrammi	Compressa rivestita con film	C09CA08	ZENTIVA ITALIA S.R.L.	Autorizzata	Procedura Mutuo riconoscimento o Decentrata	Medicinali soggetti a prescrizione medica
044390211	044390	OLMESARTAN MEDOXOMIL ZENTIVA	40 MG COMPRESSE RIVESTITE CON FILM- 14 COMPRESSE IN BLISTER OPA/AL/PVC/AL	OLMESARTAN MEDOXOMIL	OLMESARTAN MEDOXOMIL	40	milligrammi	Compressa rivestita con film	C09CA08	ZENTIVA ITALIA S.R.L.	Autorizzata	Procedura Mutuo riconoscimento o Decentrata	Medicinali soggetti a prescrizione medica
044390223	044390	OLMESARTAN MEDOXOMIL ZENTIVA	40 MG COMPRESSE RIVESTITE CON FILM- 28 COMPRESSE IN BLISTER OPA/AL/PVC/AL	OLMESARTAN MEDOXOMIL	OLMESARTAN MEDOXOMIL	40	milligrammi	Compressa rivestita con film	C09CA08	ZENTIVA ITALIA S.R.L.	Autorizzata	Procedura Mutuo riconoscimento o Decentrata	Medicinali soggetti a prescrizione medica
044390235	044390	OLMESARTAN MEDOXOMIL ZENTIVA	40 MG COMPRESSE RIVESTITE CON FILM- 30 COMPRESSE IN BLISTER OPA/AL/PVC/AL	OLMESARTAN MEDOXOMIL	OLMESARTAN MEDOXOMIL	40	milligrammi	Compressa rivestita con film	C09CA08	ZENTIVA ITALIA S.R.L.	Autorizzata	Procedura Mutuo riconoscimento o Decentrata	Medicinali soggetti a prescrizione medica
044390247	044390	OLMESARTAN MEDOXOMIL ZENTIVA	40 MG COMPRESSE RIVESTITE CON FILM- 50 COMPRESSE IN BLISTER OPA/AL/PVC/AL	OLMESARTAN MEDOXOMIL	OLMESARTAN MEDOXOMIL	40	milligrammi	Compressa rivestita con film	C09CA08	ZENTIVA ITALIA S.R.L.	Autorizzata	Procedura Mutuo riconoscimento o Decentrata	Medicinali soggetti a prescrizione medica
044390250	044390	OLMESARTAN MEDOXOMIL ZENTIVA	40 MG COMPRESSE RIVESTITE CON FILM- 56 COMPRESSE IN BLISTER OPA/AL/PVC/AL	OLMESARTAN MEDOXOMIL	OLMESARTAN MEDOXOMIL	40	milligrammi	Compressa rivestita con film	C09CA08	ZENTIVA ITALIA S.R.L.	Autorizzata	Procedura Mutuo riconoscimento o Decentrata	Medicinali soggetti a prescrizione medica
044390262	044390	OLMESARTAN MEDOXOMIL ZENTIVA	40 MG COMPRESSE RIVESTITE CON FILM- 84 COMPRESSE IN BLISTER OPA/AL/PVC/AL	OLMESARTAN MEDOXOMIL	OLMESARTAN MEDOXOMIL	40	milligrammi	Compressa rivestita con film	C09CA08	ZENTIVA ITALIA S.R.L.	Autorizzata	Procedura Mutuo riconoscimento o Decentrata	Medicinali soggetti a prescrizione medica
044390274	044390	OLMESARTAN MEDOXOMIL ZENTIVA	40 MG COMPRESSE RIVESTITE CON FILM- 90 COMPRESSE IN BLISTER OPA/AL/PVC/AL	OLMESARTAN MEDOXOMIL	OLMESARTAN MEDOXOMIL	40	milligrammi	Compressa rivestita con film	C09CA08	ZENTIVA ITALIA S.R.L.	Autorizzata	Procedura Mutuo riconoscimento o Decentrata	Medicinali soggetti a prescrizione medica
044390286	044390	OLMESARTAN MEDOXOMIL ZENTIVA	40 MG COMPRESSE RIVESTITE CON FILM- 98 COMPRESSE IN BLISTER OPA/AL/PVC/AL	OLMESARTAN MEDOXOMIL	OLMESARTAN MEDOXOMIL	40	milligrammi	Compressa rivestita con film	C09CA08	ZENTIVA ITALIA S.R.L.	Autorizzata	Procedura Mutuo riconoscimento o Decentrata	Medicinali soggetti a prescrizione medica
044390298	044390	OLMESARTAN MEDOXOMIL ZENTIVA	40 MG COMPRESSE RIVESTITE CON FILM- 100 COMPRESSE IN BLISTER OPA/AL/PVC/AL	OLMESARTAN MEDOXOMIL	OLMESARTAN MEDOXOMIL	40	milligrammi	Compressa rivestita con film	C09CA08	ZENTIVA ITALIA S.R.L.	Autorizzata	Procedura Mutuo riconoscimento o Decentrata	Medicinali soggetti a prescrizione medica
044390300	044390	OLMESARTAN MEDOXOMIL ZENTIVA	40 MG COMPRESSE RIVESTITE CON FILM- 500 COMPRESSE IN BLISTER OPA/AL/PVC/AL	OLMESARTAN MEDOXOMIL	OLMESARTAN MEDOXOMIL	40	milligrammi	Compressa rivestita con film	C09CA08	ZENTIVA ITALIA S.R.L.	Autorizzata	Procedura Mutuo riconoscimento o Decentrata	Medicinali soggetti a prescrizione medica
044399018	044399	OLMESARTAN MEDOXOMIL SANDOZ	10 MG COMPRESSE RIVESTITE CON FILM - 7 COMPRESSE IN BLISTER AL/AL	OLMESARTAN MEDOXOMIL	OLMESARTAN MEDOXOMIL	10	milligrammi	Compressa rivestita con film	C09CA08	SANDOZ S.P.A.	Autorizzata	Procedura Mutuo riconoscimento o Decentrata	Medicinali soggetti a prescrizione medica
044399020	044399	OLMESARTAN MEDOXOMIL SANDOZ	10 MG COMPRESSE RIVESTITE CON FILM - 10 COMPRESSE IN BLISTER AL/AL	OLMESARTAN MEDOXOMIL	OLMESARTAN MEDOXOMIL	10	milligrammi	Compressa rivestita con film	C09CA08	SANDOZ S.P.A.	Autorizzata	Procedura Mutuo riconoscimento o Decentrata	Medicinali soggetti a prescrizione medica
044399032	044399	OLMESARTAN MEDOXOMIL SANDOZ	10 MG COMPRESSE RIVESTITE CON FILM - 14 COMPRESSE IN BLISTER AL/AL	OLMESARTAN MEDOXOMIL	OLMESARTAN MEDOXOMIL	10	milligrammi	Compressa rivestita con film	C09CA08	SANDOZ S.P.A.	Autorizzata	Procedura Mutuo riconoscimento o Decentrata	Medicinali soggetti a prescrizione medica
044399044	044399	OLMESARTAN MEDOXOMIL SANDOZ	10 MG COMPRESSE RIVESTITE CON FILM - 28 COMPRESSE IN BLISTER AL/AL	OLMESARTAN MEDOXOMIL	OLMESARTAN MEDOXOMIL	10	milligrammi	Compressa rivestita con film	C09CA08	SANDOZ S.P.A.	Autorizzata	Procedura Mutuo riconoscimento o Decentrata	Medicinali soggetti a prescrizione medica
044399057	044399	OLMESARTAN MEDOXOMIL SANDOZ	10 MG COMPRESSE RIVESTITE CON FILM - 30 COMPRESSE IN BLISTER AL/AL	OLMESARTAN MEDOXOMIL	OLMESARTAN MEDOXOMIL	10	milligrammi	Compressa rivestita con film	C09CA08	SANDOZ S.P.A.	Autorizzata	Procedura Mutuo riconoscimento o Decentrata	Medicinali soggetti a prescrizione medica
044399069	044399	OLMESARTAN MEDOXOMIL SANDOZ	10 MG COMPRESSE RIVESTITE CON FILM - 56 COMPRESSE IN BLISTER AL/AL	OLMESARTAN MEDOXOMIL	OLMESARTAN MEDOXOMIL	10	milligrammi	Compressa rivestita con film	C09CA08	SANDOZ S.P.A.	Autorizzata	Procedura Mutuo riconoscimento o Decentrata	Medicinali soggetti a prescrizione medica
044399071	044399	OLMESARTAN MEDOXOMIL SANDOZ	10 MG COMPRESSE RIVESTITE CON FILM - 98 COMPRESSE IN BLISTER AL/AL	OLMESARTAN MEDOXOMIL	OLMESARTAN MEDOXOMIL	10	milligrammi	Compressa rivestita con film	C09CA08	SANDOZ S.P.A.	Autorizzata	Procedura Mutuo riconoscimento o Decentrata	Medicinali soggetti a prescrizione medica
044399083	044399	OLMESARTAN MEDOXOMIL SANDOZ	20 MG COMPRESSE RIVESTITE CON FILM - 7 COMPRESSE IN BLISTER AL/AL	OLMESARTAN MEDOXOMIL	OLMESARTAN MEDOXOMIL	20	milligrammi	Compressa rivestita con film	C09CA08	SANDOZ S.P.A.	Autorizzata	Procedura Mutuo riconoscimento o Decentrata	Medicinali soggetti a prescrizione medica
044399095	044399	OLMESARTAN MEDOXOMIL SANDOZ	20 MG COMPRESSE RIVESTITE CON FILM - 10 COMPRESSE IN BLISTER AL/AL	OLMESARTAN MEDOXOMIL	OLMESARTAN MEDOXOMIL	20	milligrammi	Compressa rivestita con film	C09CA08	SANDOZ S.P.A.	Autorizzata	Procedura Mutuo riconoscimento o Decentrata	Medicinali soggetti a prescrizione medica
044399107	044399	OLMESARTAN MEDOXOMIL SANDOZ	20 MG COMPRESSE RIVESTITE CON FILM - 14 COMPRESSE IN BLISTER AL/AL	OLMESARTAN MEDOXOMIL	OLMESARTAN MEDOXOMIL	20	milligrammi	Compressa rivestita con film	C09CA08	SANDOZ S.P.A.	Autorizzata	Procedura Mutuo riconoscimento o Decentrata	Medicinali soggetti a prescrizione medica
044399119	044399	OLMESARTAN MEDOXOMIL SANDOZ	20 MG COMPRESSE RIVESTITE CON FILM - 28 COMPRESSE IN BLISTER AL/AL	OLMESARTAN MEDOXOMIL	OLMESARTAN MEDOXOMIL	20	milligrammi	Compressa rivestita con film	C09CA08	SANDOZ S.P.A.	Autorizzata	Procedura Mutuo riconoscimento o Decentrata	Medicinali soggetti a prescrizione medica
044399121	044399	OLMESARTAN MEDOXOMIL SANDOZ	20 MG COMPRESSE RIVESTITE CON FILM - 30 COMPRESSE IN BLISTER AL/AL	OLMESARTAN MEDOXOMIL	OLMESARTAN MEDOXOMIL	20	milligrammi	Compressa rivestita con film	C09CA08	SANDOZ S.P.A.	Autorizzata	Procedura Mutuo riconoscimento o Decentrata	Medicinali soggetti a prescrizione medica
044399133	044399	OLMESARTAN MEDOXOMIL SANDOZ	20 MG COMPRESSE RIVESTITE CON FILM - 56 COMPRESSE IN BLISTER AL/AL	OLMESARTAN MEDOXOMIL	OLMESARTAN MEDOXOMIL	20	milligrammi	Compressa rivestita con film	C09CA08	SANDOZ S.P.A.	Autorizzata	Procedura Mutuo riconoscimento o Decentrata	Medicinali soggetti a prescrizione medica
044399145	044399	OLMESARTAN MEDOXOMIL SANDOZ	20 MG COMPRESSE RIVESTITE CON FILM - 98 COMPRESSE IN BLISTER AL/AL	OLMESARTAN MEDOXOMIL	OLMESARTAN MEDOXOMIL	20	milligrammi	Compressa rivestita con film	C09CA08	SANDOZ S.P.A.	Autorizzata	Procedura Mutuo riconoscimento o Decentrata	Medicinali soggetti a prescrizione medica
044399158	044399	OLMESARTAN MEDOXOMIL SANDOZ	40 MG COMPRESSE RIVESTITE CON FILM - 7 COMPRESSE IN BLISTER AL/AL	OLMESARTAN MEDOXOMIL	OLMESARTAN MEDOXOMIL	40	milligrammi	Compressa rivestita con film	C09CA08	SANDOZ S.P.A.	Autorizzata	Procedura Mutuo riconoscimento o Decentrata	Medicinali soggetti a prescrizione medica
044399160	044399	OLMESARTAN MEDOXOMIL SANDOZ	40 MG COMPRESSE RIVESTITE CON FILM - 10 COMPRESSE IN BLISTER AL/AL	OLMESARTAN MEDOXOMIL	OLMESARTAN MEDOXOMIL	40	milligrammi	Compressa rivestita con film	C09CA08	SANDOZ S.P.A.	Autorizzata	Procedura Mutuo riconoscimento o Decentrata	Medicinali soggetti a prescrizione medica
044399172	044399	OLMESARTAN MEDOXOMIL SANDOZ	40 MG COMPRESSE RIVESTITE CON FILM - 14 COMPRESSE IN BLISTER AL/AL	OLMESARTAN MEDOXOMIL	OLMESARTAN MEDOXOMIL	40	milligrammi	Compressa rivestita con film	C09CA08	SANDOZ S.P.A.	Autorizzata	Procedura Mutuo riconoscimento o Decentrata	Medicinali soggetti a prescrizione medica
044399184	044399	OLMESARTAN MEDOXOMIL SANDOZ	40 MG COMPRESSE RIVESTITE CON FILM - 28 COMPRESSE IN BLISTER AL/AL	OLMESARTAN MEDOXOMIL	OLMESARTAN MEDOXOMIL	40	milligrammi	Compressa rivestita con film	C09CA08	SANDOZ S.P.A.	Autorizzata	Procedura Mutuo riconoscimento o Decentrata	Medicinali soggetti a prescrizione medica
044399196	044399	OLMESARTAN MEDOXOMIL SANDOZ	40 MG COMPRESSE RIVESTITE CON FILM - 30 COMPRESSE IN BLISTER AL/AL	OLMESARTAN MEDOXOMIL	OLMESARTAN MEDOXOMIL	40	milligrammi	Compressa rivestita con film	C09CA08	SANDOZ S.P.A.	Autorizzata	Procedura Mutuo riconoscimento o Decentrata	Medicinali soggetti a prescrizione medica
044399208	044399	OLMESARTAN MEDOXOMIL SANDOZ	40 MG COMPRESSE RIVESTITE CON FILM - 56 COMPRESSE IN BLISTER AL/AL	OLMESARTAN MEDOXOMIL	OLMESARTAN MEDOXOMIL	40	milligrammi	Compressa rivestita con film	C09CA08	SANDOZ S.P.A.	Autorizzata	Procedura Mutuo riconoscimento o Decentrata	Medicinali soggetti a prescrizione medica
044399210	044399	OLMESARTAN MEDOXOMIL SANDOZ	40 MG COMPRESSE RIVESTITE CON FILM - 98 COMPRESSE IN BLISTER AL/AL	OLMESARTAN MEDOXOMIL	OLMESARTAN MEDOXOMIL	40	milligrammi	Compressa rivestita con film	C09CA08	SANDOZ S.P.A.	Autorizzata	Procedura Mutuo riconoscimento o Decentrata	Medicinali soggetti a prescrizione medica
044411015	044411	OLMESARTAN E  IDROCLOROTIAZIDE AUROBINDO	40 MG/12,5 MG COMPRESSE RIVESTITE CON FILM- 14 COMPRESSE IN BLISTER PA/AL/PVC/AL	OLMESARTAN MEDOXOMIL	OLMESARTAN MEDOXOMIL	40	milligrammi	Compressa rivestita con film	C09DA08	AUROBINDO PHARMA (ITALIA) S.R.L.	Autorizzata	Procedura Mutuo riconoscimento o Decentrata	Medicinali soggetti a prescrizione medica
044411027	044411	OLMESARTAN E  IDROCLOROTIAZIDE AUROBINDO	40 MG/12,5 MG COMPRESSE RIVESTITE CON FILM- 28 COMPRESSE IN BLISTER PA/AL/PVC/AL	OLMESARTAN MEDOXOMIL	OLMESARTAN MEDOXOMIL	40	milligrammi	Compressa rivestita con film	C09DA08	AUROBINDO PHARMA (ITALIA) S.R.L.	Autorizzata	Procedura Mutuo riconoscimento o Decentrata	Medicinali soggetti a prescrizione medica
044411039	044411	OLMESARTAN E  IDROCLOROTIAZIDE AUROBINDO	40 MG/12,5 MG COMPRESSE RIVESTITE CON FILM- 30 COMPRESSE IN BLISTER PA/AL/PVC/AL	OLMESARTAN MEDOXOMIL	OLMESARTAN MEDOXOMIL	40	milligrammi	Compressa rivestita con film	C09DA08	AUROBINDO PHARMA (ITALIA) S.R.L.	Autorizzata	Procedura Mutuo riconoscimento o Decentrata	Medicinali soggetti a prescrizione medica
044411041	044411	OLMESARTAN E  IDROCLOROTIAZIDE AUROBINDO	40 MG/12,5 MG COMPRESSE RIVESTITE CON FILM- 56 COMPRESSE IN BLISTER PA/AL/PVC/AL	OLMESARTAN MEDOXOMIL	OLMESARTAN MEDOXOMIL	40	milligrammi	Compressa rivestita con film	C09DA08	AUROBINDO PHARMA (ITALIA) S.R.L.	Autorizzata	Procedura Mutuo riconoscimento o Decentrata	Medicinali soggetti a prescrizione medica
044411054	044411	OLMESARTAN E  IDROCLOROTIAZIDE AUROBINDO	40 MG/12,5 MG COMPRESSE RIVESTITE CON FILM- 84 COMPRESSE IN BLISTER PA/AL/PVC/AL	OLMESARTAN MEDOXOMIL	OLMESARTAN MEDOXOMIL	40	milligrammi	Compressa rivestita con film	C09DA08	AUROBINDO PHARMA (ITALIA) S.R.L.	Autorizzata	Procedura Mutuo riconoscimento o Decentrata	Medicinali soggetti a prescrizione medica
044411066	044411	OLMESARTAN E  IDROCLOROTIAZIDE AUROBINDO	40 MG/12,5 MG COMPRESSE RIVESTITE CON FILM- 90 COMPRESSE IN BLISTER PA/AL/PVC/AL	OLMESARTAN MEDOXOMIL	OLMESARTAN MEDOXOMIL	40	milligrammi	Compressa rivestita con film	C09DA08	AUROBINDO PHARMA (ITALIA) S.R.L.	Autorizzata	Procedura Mutuo riconoscimento o Decentrata	Medicinali soggetti a prescrizione medica
044411078	044411	OLMESARTAN E  IDROCLOROTIAZIDE AUROBINDO	40 MG/12,5 MG COMPRESSE RIVESTITE CON FILM- 98 COMPRESSE IN BLISTER PA/AL/PVC/AL	OLMESARTAN MEDOXOMIL	OLMESARTAN MEDOXOMIL	40	milligrammi	Compressa rivestita con film	C09DA08	AUROBINDO PHARMA (ITALIA) S.R.L.	Autorizzata	Procedura Mutuo riconoscimento o Decentrata	Medicinali soggetti a prescrizione medica
044411080	044411	OLMESARTAN E  IDROCLOROTIAZIDE AUROBINDO	40 MG/12,5 MG COMPRESSE RIVESTITE CON FILM- 280 COMPRESSE IN BLISTER PA/AL/PVC/AL	OLMESARTAN MEDOXOMIL	OLMESARTAN MEDOXOMIL	40	milligrammi	Compressa rivestita con film	C09DA08	AUROBINDO PHARMA (ITALIA) S.R.L.	Autorizzata	Procedura Mutuo riconoscimento o Decentrata	Medicinali soggetti a prescrizione medica limitativa, utilizzabili esclusivamente in ambiente ospedaliero o in una struttura ad esso assimilabile
044411092	044411	OLMESARTAN E  IDROCLOROTIAZIDE AUROBINDO	40 MG/12,5 MG COMPRESSE RIVESTITE CON FILM- 300 COMPRESSE IN BLISTER PA/AL/PVC/AL	OLMESARTAN MEDOXOMIL	OLMESARTAN MEDOXOMIL	40	milligrammi	Compressa rivestita con film	C09DA08	AUROBINDO PHARMA (ITALIA) S.R.L.	Autorizzata	Procedura Mutuo riconoscimento o Decentrata	Medicinali soggetti a prescrizione medica limitativa, utilizzabili esclusivamente in ambiente ospedaliero o in una struttura ad esso assimilabile
044411104	044411	OLMESARTAN E  IDROCLOROTIAZIDE AUROBINDO	40 MG/12,5 MG COMPRESSE RIVESTITE CON FILM- 10 COMPRESSE IN BLISTER PA/AL/PVC/AL MONODOSE	OLMESARTAN MEDOXOMIL	OLMESARTAN MEDOXOMIL	40	milligrammi	Compressa rivestita con film	C09DA08	AUROBINDO PHARMA (ITALIA) S.R.L.	Autorizzata	Procedura Mutuo riconoscimento o Decentrata	Medicinali soggetti a prescrizione medica
044411116	044411	OLMESARTAN E  IDROCLOROTIAZIDE AUROBINDO	40 MG/12,5 MG COMPRESSE RIVESTITE CON FILM- 50 COMPRESSE IN BLISTER PA/AL/PVC/AL MONODOSE	OLMESARTAN MEDOXOMIL	OLMESARTAN MEDOXOMIL	40	milligrammi	Compressa rivestita con film	C09DA08	AUROBINDO PHARMA (ITALIA) S.R.L.	Autorizzata	Procedura Mutuo riconoscimento o Decentrata	Medicinali soggetti a prescrizione medica
044411128	044411	OLMESARTAN E  IDROCLOROTIAZIDE AUROBINDO	40 MG/12,5 MG COMPRESSE RIVESTITE CON FILM- 500 COMPRESSE IN BLISTER PA/AL/PVC/AL MONODOSE	OLMESARTAN MEDOXOMIL	OLMESARTAN MEDOXOMIL	40	milligrammi	Compressa rivestita con film	C09DA08	AUROBINDO PHARMA (ITALIA) S.R.L.	Autorizzata	Procedura Mutuo riconoscimento o Decentrata	Medicinali soggetti a prescrizione medica limitativa, utilizzabili esclusivamente in ambiente ospedaliero o in una struttura ad esso assimilabile
044411130	044411	OLMESARTAN E  IDROCLOROTIAZIDE AUROBINDO	40 MG/12,5 MG COMPRESSE RIVESTITE CON FILM- 30 COMPRESSE IN FLACONE HDPE	OLMESARTAN MEDOXOMIL	OLMESARTAN MEDOXOMIL	40	milligrammi	Compressa rivestita con film	C09DA08	AUROBINDO PHARMA (ITALIA) S.R.L.	Autorizzata	Procedura Mutuo riconoscimento o Decentrata	Medicinali soggetti a prescrizione medica
044411142	044411	OLMESARTAN E  IDROCLOROTIAZIDE AUROBINDO	40 MG/12,5 MG COMPRESSE RIVESTITE CON FILM- 100 COMPRESSE IN FLACONE HDPE	OLMESARTAN MEDOXOMIL	OLMESARTAN MEDOXOMIL	40	milligrammi	Compressa rivestita con film	C09DA08	AUROBINDO PHARMA (ITALIA) S.R.L.	Autorizzata	Procedura Mutuo riconoscimento o Decentrata	Medicinali soggetti a prescrizione medica
044411155	044411	OLMESARTAN E  IDROCLOROTIAZIDE AUROBINDO	40 MG/12,5 MG COMPRESSE RIVESTITE CON FILM- 250 COMPRESSE IN FLACONE HDPE	OLMESARTAN MEDOXOMIL	OLMESARTAN MEDOXOMIL	40	milligrammi	Compressa rivestita con film	C09DA08	AUROBINDO PHARMA (ITALIA) S.R.L.	Autorizzata	Procedura Mutuo riconoscimento o Decentrata	Medicinali soggetti a prescrizione medica limitativa, utilizzabili esclusivamente in ambiente ospedaliero o in una struttura ad esso assimilabile
044411167	044411	OLMESARTAN E  IDROCLOROTIAZIDE AUROBINDO	40 MG/12,5 MG COMPRESSE RIVESTITE CON FILM- 1000 COMPRESSE IN FLACONE HDPE	OLMESARTAN MEDOXOMIL	OLMESARTAN MEDOXOMIL	40	milligrammi	Compressa rivestita con film	C09DA08	AUROBINDO PHARMA (ITALIA) S.R.L.	Autorizzata	Procedura Mutuo riconoscimento o Decentrata	Medicinali soggetti a prescrizione medica limitativa, utilizzabili esclusivamente in ambiente ospedaliero o in una struttura ad esso assimilabile
044411179	044411	OLMESARTAN E  IDROCLOROTIAZIDE AUROBINDO	40 MG/25 MG COMPRESSE RIVESTITE CON FILM- 14 COMPRESSE IN BLISTER PA/AL/PVC/AL	OLMESARTAN MEDOXOMIL	OLMESARTAN MEDOXOMIL	40	milligrammi	Compressa rivestita con film	C09DA08	AUROBINDO PHARMA (ITALIA) S.R.L.	Autorizzata	Procedura Mutuo riconoscimento o Decentrata	Medicinali soggetti a prescrizione medica
044411181	044411	OLMESARTAN E  IDROCLOROTIAZIDE AUROBINDO	40 MG/25 MG COMPRESSE RIVESTITE CON FILM- 28 COMPRESSE IN BLISTER PA/AL/PVC/AL	OLMESARTAN MEDOXOMIL	OLMESARTAN MEDOXOMIL	40	milligrammi	Compressa rivestita con film	C09DA08	AUROBINDO PHARMA (ITALIA) S.R.L.	Autorizzata	Procedura Mutuo riconoscimento o Decentrata	Medicinali soggetti a prescrizione medica
044411193	044411	OLMESARTAN E  IDROCLOROTIAZIDE AUROBINDO	40 MG/25 MG COMPRESSE RIVESTITE CON FILM- 30 COMPRESSE IN BLISTER PA/AL/PVC/AL	OLMESARTAN MEDOXOMIL	OLMESARTAN MEDOXOMIL	40	milligrammi	Compressa rivestita con film	C09DA08	AUROBINDO PHARMA (ITALIA) S.R.L.	Autorizzata	Procedura Mutuo riconoscimento o Decentrata	Medicinali soggetti a prescrizione medica
044411205	044411	OLMESARTAN E  IDROCLOROTIAZIDE AUROBINDO	40 MG/25 MG COMPRESSE RIVESTITE CON FILM- 56 COMPRESSE IN BLISTER PA/AL/PVC/AL	OLMESARTAN MEDOXOMIL	OLMESARTAN MEDOXOMIL	40	milligrammi	Compressa rivestita con film	C09DA08	AUROBINDO PHARMA (ITALIA) S.R.L.	Autorizzata	Procedura Mutuo riconoscimento o Decentrata	Medicinali soggetti a prescrizione medica
044411217	044411	OLMESARTAN E  IDROCLOROTIAZIDE AUROBINDO	40 MG/25 MG COMPRESSE RIVESTITE CON FILM- 84 COMPRESSE IN BLISTER PA/AL/PVC/AL	OLMESARTAN MEDOXOMIL	OLMESARTAN MEDOXOMIL	40	milligrammi	Compressa rivestita con film	C09DA08	AUROBINDO PHARMA (ITALIA) S.R.L.	Autorizzata	Procedura Mutuo riconoscimento o Decentrata	Medicinali soggetti a prescrizione medica
044411229	044411	OLMESARTAN E  IDROCLOROTIAZIDE AUROBINDO	40 MG/25 MG COMPRESSE RIVESTITE CON FILM- 90 COMPRESSE IN BLISTER PA/AL/PVC/AL	OLMESARTAN MEDOXOMIL	OLMESARTAN MEDOXOMIL	40	milligrammi	Compressa rivestita con film	C09DA08	AUROBINDO PHARMA (ITALIA) S.R.L.	Autorizzata	Procedura Mutuo riconoscimento o Decentrata	Medicinali soggetti a prescrizione medica
044411231	044411	OLMESARTAN E  IDROCLOROTIAZIDE AUROBINDO	40 MG/25 MG COMPRESSE RIVESTITE CON FILM- 98 COMPRESSE IN BLISTER PA/AL/PVC/AL	OLMESARTAN MEDOXOMIL	OLMESARTAN MEDOXOMIL	40	milligrammi	Compressa rivestita con film	C09DA08	AUROBINDO PHARMA (ITALIA) S.R.L.	Autorizzata	Procedura Mutuo riconoscimento o Decentrata	Medicinali soggetti a prescrizione medica
044411243	044411	OLMESARTAN E  IDROCLOROTIAZIDE AUROBINDO	40 MG/25 MG COMPRESSE RIVESTITE CON FILM- 280 COMPRESSE IN BLISTER PA/AL/PVC/AL	OLMESARTAN MEDOXOMIL	OLMESARTAN MEDOXOMIL	40	milligrammi	Compressa rivestita con film	C09DA08	AUROBINDO PHARMA (ITALIA) S.R.L.	Autorizzata	Procedura Mutuo riconoscimento o Decentrata	Medicinali soggetti a prescrizione medica limitativa, utilizzabili esclusivamente in ambiente ospedaliero o in una struttura ad esso assimilabile
044411256	044411	OLMESARTAN E  IDROCLOROTIAZIDE AUROBINDO	40 MG/25 MG COMPRESSE RIVESTITE CON FILM- 300 COMPRESSE IN BLISTER PA/AL/PVC/AL	OLMESARTAN MEDOXOMIL	OLMESARTAN MEDOXOMIL	40	milligrammi	Compressa rivestita con film	C09DA08	AUROBINDO PHARMA (ITALIA) S.R.L.	Autorizzata	Procedura Mutuo riconoscimento o Decentrata	Medicinali soggetti a prescrizione medica limitativa, utilizzabili esclusivamente in ambiente ospedaliero o in una struttura ad esso assimilabile
044411268	044411	OLMESARTAN E  IDROCLOROTIAZIDE AUROBINDO	40 MG/25 MG COMPRESSE RIVESTITE CON FILM- 10 COMPRESSE IN BLISTER PA/AL/PVC/AL MONODOSE	OLMESARTAN MEDOXOMIL	OLMESARTAN MEDOXOMIL	40	milligrammi	Compressa rivestita con film	C09DA08	AUROBINDO PHARMA (ITALIA) S.R.L.	Autorizzata	Procedura Mutuo riconoscimento o Decentrata	Medicinali soggetti a prescrizione medica
044411270	044411	OLMESARTAN E  IDROCLOROTIAZIDE AUROBINDO	40 MG/25 MG COMPRESSE RIVESTITE CON FILM- 50 COMPRESSE IN BLISTER PA/AL/PVC/AL MONODOSE	OLMESARTAN MEDOXOMIL	OLMESARTAN MEDOXOMIL	40	milligrammi	Compressa rivestita con film	C09DA08	AUROBINDO PHARMA (ITALIA) S.R.L.	Autorizzata	Procedura Mutuo riconoscimento o Decentrata	Medicinali soggetti a prescrizione medica
044411282	044411	OLMESARTAN E  IDROCLOROTIAZIDE AUROBINDO	40 MG/25 MG COMPRESSE RIVESTITE CON FILM- 500 COMPRESSE IN BLISTER PA/AL/PVC/AL MONODOSE	OLMESARTAN MEDOXOMIL	OLMESARTAN MEDOXOMIL	40	milligrammi	Compressa rivestita con film	C09DA08	AUROBINDO PHARMA (ITALIA) S.R.L.	Autorizzata	Procedura Mutuo riconoscimento o Decentrata	Medicinali soggetti a prescrizione medica limitativa, utilizzabili esclusivamente in ambiente ospedaliero o in una struttura ad esso assimilabile
044411294	044411	OLMESARTAN E  IDROCLOROTIAZIDE AUROBINDO	40 MG/25 MG COMPRESSE RIVESTITE CON FILM- 30 COMPRESSE IN FLACONE HDPE	OLMESARTAN MEDOXOMIL	OLMESARTAN MEDOXOMIL	40	milligrammi	Compressa rivestita con film	C09DA08	AUROBINDO PHARMA (ITALIA) S.R.L.	Autorizzata	Procedura Mutuo riconoscimento o Decentrata	Medicinali soggetti a prescrizione medica
044411306	044411	OLMESARTAN E  IDROCLOROTIAZIDE AUROBINDO	40 MG/25 MG COMPRESSE RIVESTITE CON FILM- 100 COMPRESSE IN FLACONE HDPE	OLMESARTAN MEDOXOMIL	OLMESARTAN MEDOXOMIL	40	milligrammi	Compressa rivestita con film	C09DA08	AUROBINDO PHARMA (ITALIA) S.R.L.	Autorizzata	Procedura Mutuo riconoscimento o Decentrata	Medicinali soggetti a prescrizione medica
044411318	044411	OLMESARTAN E  IDROCLOROTIAZIDE AUROBINDO	40 MG/25 MG COMPRESSE RIVESTITE CON FILM- 250 COMPRESSE IN FLACONE HDPE	OLMESARTAN MEDOXOMIL	OLMESARTAN MEDOXOMIL	40	milligrammi	Compressa rivestita con film	C09DA08	AUROBINDO PHARMA (ITALIA) S.R.L.	Autorizzata	Procedura Mutuo riconoscimento o Decentrata	Medicinali soggetti a prescrizione medica limitativa, utilizzabili esclusivamente in ambiente ospedaliero o in una struttura ad esso assimilabile
044411320	044411	OLMESARTAN E  IDROCLOROTIAZIDE AUROBINDO	40 MG/25 MG COMPRESSE RIVESTITE CON FILM- 1000 COMPRESSE IN FLACONE HDPE	OLMESARTAN MEDOXOMIL	OLMESARTAN MEDOXOMIL	40	milligrammi	Compressa rivestita con film	C09DA08	AUROBINDO PHARMA (ITALIA) S.R.L.	Autorizzata	Procedura Mutuo riconoscimento o Decentrata	Medicinali soggetti a prescrizione medica limitativa, utilizzabili esclusivamente in ambiente ospedaliero o in una struttura ad esso assimilabile
044411332	044411	OLMESARTAN E  IDROCLOROTIAZIDE AUROBINDO	20 MG/12,5 MG COMPRESSE RIVESTITE CON FILM- 14 COMPRESSE IN BLISTER PA/AL/PVC/AL	OLMESARTAN MEDOXOMIL	OLMESARTAN MEDOXOMIL	20	milligrammi	Compressa rivestita con film	C09DA08	AUROBINDO PHARMA (ITALIA) S.R.L.	Autorizzata	Procedura Mutuo riconoscimento o Decentrata	Medicinali soggetti a prescrizione medica
044411357	044411	OLMESARTAN E  IDROCLOROTIAZIDE AUROBINDO	20 MG/12,5 MG COMPRESSE RIVESTITE CON FILM- 30 COMPRESSE IN BLISTER PA/AL/PVC/AL	OLMESARTAN MEDOXOMIL	OLMESARTAN MEDOXOMIL	20	milligrammi	Compressa rivestita con film	C09DA08	AUROBINDO PHARMA (ITALIA) S.R.L.	Autorizzata	Procedura Mutuo riconoscimento o Decentrata	Medicinali soggetti a prescrizione medica
044411369	044411	OLMESARTAN E  IDROCLOROTIAZIDE AUROBINDO	20 MG/12,5 MG COMPRESSE RIVESTITE CON FILM- 56 COMPRESSE IN BLISTER PA/AL/PVC/AL	OLMESARTAN MEDOXOMIL	OLMESARTAN MEDOXOMIL	20	milligrammi	Compressa rivestita con film	C09DA08	AUROBINDO PHARMA (ITALIA) S.R.L.	Autorizzata	Procedura Mutuo riconoscimento o Decentrata	Medicinali soggetti a prescrizione medica
044411371	044411	OLMESARTAN E  IDROCLOROTIAZIDE AUROBINDO	20 MG/12,5 MG COMPRESSE RIVESTITE CON FILM- 84 COMPRESSE IN BLISTER PA/AL/PVC/AL	OLMESARTAN MEDOXOMIL	OLMESARTAN MEDOXOMIL	20	milligrammi	Compressa rivestita con film	C09DA08	AUROBINDO PHARMA (ITALIA) S.R.L.	Autorizzata	Procedura Mutuo riconoscimento o Decentrata	Medicinali soggetti a prescrizione medica
044411383	044411	OLMESARTAN E  IDROCLOROTIAZIDE AUROBINDO	20 MG/12,5 MG COMPRESSE RIVESTITE CON FILM- 90 COMPRESSE IN BLISTER PA/AL/PVC/AL	OLMESARTAN MEDOXOMIL	OLMESARTAN MEDOXOMIL	20	milligrammi	Compressa rivestita con film	C09DA08	AUROBINDO PHARMA (ITALIA) S.R.L.	Autorizzata	Procedura Mutuo riconoscimento o Decentrata	Medicinali soggetti a prescrizione medica
044411395	044411	OLMESARTAN E  IDROCLOROTIAZIDE AUROBINDO	20 MG/12,5 MG COMPRESSE RIVESTITE CON FILM- 98 COMPRESSE IN BLISTER PA/AL/PVC/AL	OLMESARTAN MEDOXOMIL	OLMESARTAN MEDOXOMIL	20	milligrammi	Compressa rivestita con film	C09DA08	AUROBINDO PHARMA (ITALIA) S.R.L.	Autorizzata	Procedura Mutuo riconoscimento o Decentrata	Medicinali soggetti a prescrizione medica
044411407	044411	OLMESARTAN E  IDROCLOROTIAZIDE AUROBINDO	20 MG/12,5 MG COMPRESSE RIVESTITE CON FILM- 280 COMPRESSE IN BLISTER PA/AL/PVC/AL	OLMESARTAN MEDOXOMIL	OLMESARTAN MEDOXOMIL	20	milligrammi	Compressa rivestita con film	C09DA08	AUROBINDO PHARMA (ITALIA) S.R.L.	Autorizzata	Procedura Mutuo riconoscimento o Decentrata	Medicinali soggetti a prescrizione medica limitativa, utilizzabili esclusivamente in ambiente ospedaliero o in una struttura ad esso assimilabile
044411419	044411	OLMESARTAN E  IDROCLOROTIAZIDE AUROBINDO	20 MG/12,5 MG COMPRESSE RIVESTITE CON FILM- 10 COMPRESSE IN BLISTER PA/AL/PVC/AL MONODOSE	OLMESARTAN MEDOXOMIL	OLMESARTAN MEDOXOMIL	20	milligrammi	Compressa rivestita con film	C09DA08	AUROBINDO PHARMA (ITALIA) S.R.L.	Autorizzata	Procedura Mutuo riconoscimento o Decentrata	Medicinali soggetti a prescrizione medica
044411421	044411	OLMESARTAN E  IDROCLOROTIAZIDE AUROBINDO	20 MG/12,5 MG COMPRESSE RIVESTITE CON FILM- 50 COMPRESSE IN BLISTER PA/AL/PVC/AL MONODOSE	OLMESARTAN MEDOXOMIL	OLMESARTAN MEDOXOMIL	20	milligrammi	Compressa rivestita con film	C09DA08	AUROBINDO PHARMA (ITALIA) S.R.L.	Autorizzata	Procedura Mutuo riconoscimento o Decentrata	Medicinali soggetti a prescrizione medica
044411433	044411	OLMESARTAN E  IDROCLOROTIAZIDE AUROBINDO	20 MG/12,5 MG COMPRESSE RIVESTITE CON FILM- 500 COMPRESSE IN BLISTER PA/AL/PVC/AL MONODOSE	OLMESARTAN MEDOXOMIL	OLMESARTAN MEDOXOMIL	20	milligrammi	Compressa rivestita con film	C09DA08	AUROBINDO PHARMA (ITALIA) S.R.L.	Autorizzata	Procedura Mutuo riconoscimento o Decentrata	Medicinali soggetti a prescrizione medica limitativa, utilizzabili esclusivamente in ambiente ospedaliero o in una struttura ad esso assimilabile
044411445	044411	OLMESARTAN E  IDROCLOROTIAZIDE AUROBINDO	20 MG/12,5 MG COMPRESSE RIVESTITE CON FILM- 30 COMPRESSE IN FLACONE HDPE	OLMESARTAN MEDOXOMIL	OLMESARTAN MEDOXOMIL	20	milligrammi	Compressa rivestita con film	C09DA08	AUROBINDO PHARMA (ITALIA) S.R.L.	Autorizzata	Procedura Mutuo riconoscimento o Decentrata	Medicinali soggetti a prescrizione medica
044411458	044411	OLMESARTAN E  IDROCLOROTIAZIDE AUROBINDO	20 MG/12,5 MG COMPRESSE RIVESTITE CON FILM- 100 COMPRESSE IN FLACONE HDPE	OLMESARTAN MEDOXOMIL	OLMESARTAN MEDOXOMIL	20	milligrammi	Compressa rivestita con film	C09DA08	AUROBINDO PHARMA (ITALIA) S.R.L.	Autorizzata	Procedura Mutuo riconoscimento o Decentrata	Medicinali soggetti a prescrizione medica
044411460	044411	OLMESARTAN E  IDROCLOROTIAZIDE AUROBINDO	20 MG/12,5 MG COMPRESSE RIVESTITE CON FILM- 250 COMPRESSE IN FLACONE HDPE	OLMESARTAN MEDOXOMIL	OLMESARTAN MEDOXOMIL	20	milligrammi	Compressa rivestita con film	C09DA08	AUROBINDO PHARMA (ITALIA) S.R.L.	Autorizzata	Procedura Mutuo riconoscimento o Decentrata	Medicinali soggetti a prescrizione medica limitativa, utilizzabili esclusivamente in ambiente ospedaliero o in una struttura ad esso assimilabile
044411472	044411	OLMESARTAN E  IDROCLOROTIAZIDE AUROBINDO	20 MG/12,5 MG COMPRESSE RIVESTITE CON FILM- 1000 COMPRESSE IN FLACONE HDPE	OLMESARTAN MEDOXOMIL	OLMESARTAN MEDOXOMIL	20	milligrammi	Compressa rivestita con film	C09DA08	AUROBINDO PHARMA (ITALIA) S.R.L.	Autorizzata	Procedura Mutuo riconoscimento o Decentrata	Medicinali soggetti a prescrizione medica limitativa, utilizzabili esclusivamente in ambiente ospedaliero o in una struttura ad esso assimilabile
044411484	044411	OLMESARTAN E  IDROCLOROTIAZIDE AUROBINDO	20 MG/25 MG COMPRESSE RIVESTITE CON FILM- 14 COMPRESSE IN BLISTER PA/AL/PVC/AL	OLMESARTAN MEDOXOMIL	OLMESARTAN MEDOXOMIL	20	milligrammi	Compressa rivestita con film	C09DA08	AUROBINDO PHARMA (ITALIA) S.R.L.	Autorizzata	Procedura Mutuo riconoscimento o Decentrata	Medicinali soggetti a prescrizione medica
044411496	044411	OLMESARTAN E  IDROCLOROTIAZIDE AUROBINDO	20 MG/25 MG COMPRESSE RIVESTITE CON FILM- 28 COMPRESSE IN BLISTER PA/AL/PVC/AL	OLMESARTAN MEDOXOMIL	OLMESARTAN MEDOXOMIL	20	milligrammi	Compressa rivestita con film	C09DA08	AUROBINDO PHARMA (ITALIA) S.R.L.	Autorizzata	Procedura Mutuo riconoscimento o Decentrata	Medicinali soggetti a prescrizione medica
044411508	044411	OLMESARTAN E  IDROCLOROTIAZIDE AUROBINDO	20 MG/25 MG COMPRESSE RIVESTITE CON FILM- 30 COMPRESSE IN BLISTER PA/AL/PVC/AL	OLMESARTAN MEDOXOMIL	OLMESARTAN MEDOXOMIL	20	milligrammi	Compressa rivestita con film	C09DA08	AUROBINDO PHARMA (ITALIA) S.R.L.	Autorizzata	Procedura Mutuo riconoscimento o Decentrata	Medicinali soggetti a prescrizione medica
044411510	044411	OLMESARTAN E  IDROCLOROTIAZIDE AUROBINDO	20 MG/25 MG COMPRESSE RIVESTITE CON FILM- 56 COMPRESSE IN BLISTER PA/AL/PVC/AL	OLMESARTAN MEDOXOMIL	OLMESARTAN MEDOXOMIL	20	milligrammi	Compressa rivestita con film	C09DA08	AUROBINDO PHARMA (ITALIA) S.R.L.	Autorizzata	Procedura Mutuo riconoscimento o Decentrata	Medicinali soggetti a prescrizione medica
044411522	044411	OLMESARTAN E  IDROCLOROTIAZIDE AUROBINDO	20 MG/25 MG COMPRESSE RIVESTITE CON FILM- 84 COMPRESSE IN BLISTER PA/AL/PVC/AL	OLMESARTAN MEDOXOMIL	OLMESARTAN MEDOXOMIL	20	milligrammi	Compressa rivestita con film	C09DA08	AUROBINDO PHARMA (ITALIA) S.R.L.	Autorizzata	Procedura Mutuo riconoscimento o Decentrata	Medicinali soggetti a prescrizione medica
044411534	044411	OLMESARTAN E  IDROCLOROTIAZIDE AUROBINDO	20 MG/25 MG COMPRESSE RIVESTITE CON FILM- 90 COMPRESSE IN BLISTER PA/AL/PVC/AL	OLMESARTAN MEDOXOMIL	OLMESARTAN MEDOXOMIL	20	milligrammi	Compressa rivestita con film	C09DA08	AUROBINDO PHARMA (ITALIA) S.R.L.	Autorizzata	Procedura Mutuo riconoscimento o Decentrata	Medicinali soggetti a prescrizione medica
044411546	044411	OLMESARTAN E  IDROCLOROTIAZIDE AUROBINDO	20 MG/25 MG COMPRESSE RIVESTITE CON FILM- 98 COMPRESSE IN BLISTER PA/AL/PVC/AL	OLMESARTAN MEDOXOMIL	OLMESARTAN MEDOXOMIL	20	milligrammi	Compressa rivestita con film	C09DA08	AUROBINDO PHARMA (ITALIA) S.R.L.	Autorizzata	Procedura Mutuo riconoscimento o Decentrata	Medicinali soggetti a prescrizione medica
044411559	044411	OLMESARTAN E  IDROCLOROTIAZIDE AUROBINDO	20 MG/25 MG COMPRESSE RIVESTITE CON FILM- 280 COMPRESSE IN BLISTER PA/AL/PVC/AL	OLMESARTAN MEDOXOMIL	OLMESARTAN MEDOXOMIL	20	milligrammi	Compressa rivestita con film	C09DA08	AUROBINDO PHARMA (ITALIA) S.R.L.	Autorizzata	Procedura Mutuo riconoscimento o Decentrata	Medicinali soggetti a prescrizione medica limitativa, utilizzabili esclusivamente in ambiente ospedaliero o in una struttura ad esso assimilabile
044411561	044411	OLMESARTAN E  IDROCLOROTIAZIDE AUROBINDO	20 MG/25 MG COMPRESSE RIVESTITE CON FILM- 10 COMPRESSE IN BLISTER PA/AL/PVC/AL MONODOSE	OLMESARTAN MEDOXOMIL	OLMESARTAN MEDOXOMIL	20	milligrammi	Compressa rivestita con film	C09DA08	AUROBINDO PHARMA (ITALIA) S.R.L.	Autorizzata	Procedura Mutuo riconoscimento o Decentrata	Medicinali soggetti a prescrizione medica
044411573	044411	OLMESARTAN E  IDROCLOROTIAZIDE AUROBINDO	20 MG/25 MG COMPRESSE RIVESTITE CON FILM- 50 COMPRESSE IN BLISTER PA/AL/PVC/AL MONODOSE	OLMESARTAN MEDOXOMIL	OLMESARTAN MEDOXOMIL	20	milligrammi	Compressa rivestita con film	C09DA08	AUROBINDO PHARMA (ITALIA) S.R.L.	Autorizzata	Procedura Mutuo riconoscimento o Decentrata	Medicinali soggetti a prescrizione medica
044411585	044411	OLMESARTAN E  IDROCLOROTIAZIDE AUROBINDO	20 MG/25 MG COMPRESSE RIVESTITE CON FILM- 500 COMPRESSE IN BLISTER PA/AL/PVC/AL MONODOSE	OLMESARTAN MEDOXOMIL	OLMESARTAN MEDOXOMIL	20	milligrammi	Compressa rivestita con film	C09DA08	AUROBINDO PHARMA (ITALIA) S.R.L.	Autorizzata	Procedura Mutuo riconoscimento o Decentrata	Medicinali soggetti a prescrizione medica limitativa, utilizzabili esclusivamente in ambiente ospedaliero o in una struttura ad esso assimilabile
044411597	044411	OLMESARTAN E  IDROCLOROTIAZIDE AUROBINDO	20 MG/25 MG COMPRESSE RIVESTITE CON FILM- 30 COMPRESSE IN FLACONE HDPE	OLMESARTAN MEDOXOMIL	OLMESARTAN MEDOXOMIL	20	milligrammi	Compressa rivestita con film	C09DA08	AUROBINDO PHARMA (ITALIA) S.R.L.	Autorizzata	Procedura Mutuo riconoscimento o Decentrata	Medicinali soggetti a prescrizione medica
044411609	044411	OLMESARTAN E  IDROCLOROTIAZIDE AUROBINDO	20 MG/25 MG COMPRESSE RIVESTITE CON FILM- 100 COMPRESSE IN FLACONE HDPE	OLMESARTAN MEDOXOMIL	OLMESARTAN MEDOXOMIL	20	milligrammi	Compressa rivestita con film	C09DA08	AUROBINDO PHARMA (ITALIA) S.R.L.	Autorizzata	Procedura Mutuo riconoscimento o Decentrata	Medicinali soggetti a prescrizione medica
044411611	044411	OLMESARTAN E  IDROCLOROTIAZIDE AUROBINDO	20 MG/25 MG COMPRESSE RIVESTITE CON FILM- 250 COMPRESSE IN FLACONE HDPE	OLMESARTAN MEDOXOMIL	OLMESARTAN MEDOXOMIL	20	milligrammi	Compressa rivestita con film	C09DA08	AUROBINDO PHARMA (ITALIA) S.R.L.	Autorizzata	Procedura Mutuo riconoscimento o Decentrata	Medicinali soggetti a prescrizione medica limitativa, utilizzabili esclusivamente in ambiente ospedaliero o in una struttura ad esso assimilabile
044411623	044411	OLMESARTAN E  IDROCLOROTIAZIDE AUROBINDO	20 MG/25 MG COMPRESSE RIVESTITE CON FILM- 1000 COMPRESSE IN FLACONE HDPE	OLMESARTAN MEDOXOMIL	OLMESARTAN MEDOXOMIL	20	milligrammi	Compressa rivestita con film	C09DA08	AUROBINDO PHARMA (ITALIA) S.R.L.	Autorizzata	Procedura Mutuo riconoscimento o Decentrata	Medicinali soggetti a prescrizione medica limitativa, utilizzabili esclusivamente in ambiente ospedaliero o in una struttura ad esso assimilabile
044538015	044538	OLMESARTAN E IDROCLOROTIAZIDE SANDOZ	20MG/12,5MG COMPRESSE RIVESTITE CON FILM- 10 COMPRESSE IN BLISTER AL/AL	OLMESARTAN MEDOXOMIL	OLMESARTAN MEDOXOMIL	20	milligrammi	Compressa rivestita con film	C09DA08	SANDOZ S.P.A.	Autorizzata	Procedura Mutuo riconoscimento o Decentrata	Medicinali soggetti a prescrizione medica
044538027	044538	OLMESARTAN E IDROCLOROTIAZIDE SANDOZ	20MG/12,5MG COMPRESSE RIVESTITE CON FILM- 14 COMPRESSE IN BLISTER AL/AL	OLMESARTAN MEDOXOMIL	OLMESARTAN MEDOXOMIL	20	milligrammi	Compressa rivestita con film	C09DA08	SANDOZ S.P.A.	Autorizzata	Procedura Mutuo riconoscimento o Decentrata	Medicinali soggetti a prescrizione medica
044538039	044538	OLMESARTAN E IDROCLOROTIAZIDE SANDOZ	20MG/12,5MG COMPRESSE RIVESTITE CON FILM- 28 COMPRESSE IN BLISTER AL/AL	OLMESARTAN MEDOXOMIL	OLMESARTAN MEDOXOMIL	20	milligrammi	Compressa rivestita con film	C09DA08	SANDOZ S.P.A.	Autorizzata	Procedura Mutuo riconoscimento o Decentrata	Medicinali soggetti a prescrizione medica
044538041	044538	OLMESARTAN E IDROCLOROTIAZIDE SANDOZ	20MG/12,5MG COMPRESSE RIVESTITE CON FILM- 30 COMPRESSE IN BLISTER AL/AL	OLMESARTAN MEDOXOMIL	OLMESARTAN MEDOXOMIL	20	milligrammi	Compressa rivestita con film	C09DA08	SANDOZ S.P.A.	Autorizzata	Procedura Mutuo riconoscimento o Decentrata	Medicinali soggetti a prescrizione medica
044538054	044538	OLMESARTAN E IDROCLOROTIAZIDE SANDOZ	20MG/12,5MG COMPRESSE RIVESTITE CON FILM- 56 COMPRESSE IN BLISTER AL/AL	OLMESARTAN MEDOXOMIL	OLMESARTAN MEDOXOMIL	20	milligrammi	Compressa rivestita con film	C09DA08	SANDOZ S.P.A.	Autorizzata	Procedura Mutuo riconoscimento o Decentrata	Medicinali soggetti a prescrizione medica
044538066	044538	OLMESARTAN E IDROCLOROTIAZIDE SANDOZ	20MG/12,5MG COMPRESSE RIVESTITE CON FILM- 60 COMPRESSE IN BLISTER AL/AL	OLMESARTAN MEDOXOMIL	OLMESARTAN MEDOXOMIL	20	milligrammi	Compressa rivestita con film	C09DA08	SANDOZ S.P.A.	Autorizzata	Procedura Mutuo riconoscimento o Decentrata	Medicinali soggetti a prescrizione medica
044538078	044538	OLMESARTAN E IDROCLOROTIAZIDE SANDOZ	20MG/12,5MG COMPRESSE RIVESTITE CON FILM- 90 COMPRESSE IN BLISTER AL/AL	OLMESARTAN MEDOXOMIL	OLMESARTAN MEDOXOMIL	20	milligrammi	Compressa rivestita con film	C09DA08	SANDOZ S.P.A.	Autorizzata	Procedura Mutuo riconoscimento o Decentrata	Medicinali soggetti a prescrizione medica
044538080	044538	OLMESARTAN E IDROCLOROTIAZIDE SANDOZ	20MG/12,5MG COMPRESSE RIVESTITE CON FILM- 98 COMPRESSE IN BLISTER AL/AL	OLMESARTAN MEDOXOMIL	OLMESARTAN MEDOXOMIL	20	milligrammi	Compressa rivestita con film	C09DA08	SANDOZ S.P.A.	Autorizzata	Procedura Mutuo riconoscimento o Decentrata	Medicinali soggetti a prescrizione medica
044538092	044538	OLMESARTAN E IDROCLOROTIAZIDE SANDOZ	20MG/12,5MG COMPRESSE RIVESTITE CON FILM- 10 COMPRESSE IN BLISTER PVC/PVDC/AL	OLMESARTAN MEDOXOMIL	OLMESARTAN MEDOXOMIL	20	milligrammi	Compressa rivestita con film	C09DA08	SANDOZ S.P.A.	Autorizzata	Procedura Mutuo riconoscimento o Decentrata	Medicinali soggetti a prescrizione medica
044538104	044538	OLMESARTAN E IDROCLOROTIAZIDE SANDOZ	20MG/12,5MG COMPRESSE RIVESTITE CON FILM- 14 COMPRESSE IN BLISTER PVC/PVDC/AL	OLMESARTAN MEDOXOMIL	OLMESARTAN MEDOXOMIL	20	milligrammi	Compressa rivestita con film	C09DA08	SANDOZ S.P.A.	Autorizzata	Procedura Mutuo riconoscimento o Decentrata	Medicinali soggetti a prescrizione medica
044538116	044538	OLMESARTAN E IDROCLOROTIAZIDE SANDOZ	20MG/12,5MG COMPRESSE RIVESTITE CON FILM- 28 COMPRESSE IN BLISTER PVC/PVDC/AL	OLMESARTAN MEDOXOMIL	OLMESARTAN MEDOXOMIL	20	milligrammi	Compressa rivestita con film	C09DA08	SANDOZ S.P.A.	Autorizzata	Procedura Mutuo riconoscimento o Decentrata	Medicinali soggetti a prescrizione medica
044538128	044538	OLMESARTAN E IDROCLOROTIAZIDE SANDOZ	20MG/12,5MG COMPRESSE RIVESTITE CON FILM- 30 COMPRESSE IN BLISTER PVC/PVDC/AL	OLMESARTAN MEDOXOMIL	OLMESARTAN MEDOXOMIL	20	milligrammi	Compressa rivestita con film	C09DA08	SANDOZ S.P.A.	Autorizzata	Procedura Mutuo riconoscimento o Decentrata	Medicinali soggetti a prescrizione medica
044538130	044538	OLMESARTAN E IDROCLOROTIAZIDE SANDOZ	20MG/12,5MG COMPRESSE RIVESTITE CON FILM- 56 COMPRESSE IN BLISTER PVC/PVDC/AL	OLMESARTAN MEDOXOMIL	OLMESARTAN MEDOXOMIL	20	milligrammi	Compressa rivestita con film	C09DA08	SANDOZ S.P.A.	Autorizzata	Procedura Mutuo riconoscimento o Decentrata	Medicinali soggetti a prescrizione medica
044538142	044538	OLMESARTAN E IDROCLOROTIAZIDE SANDOZ	20MG/12,5MG COMPRESSE RIVESTITE CON FILM- 60 COMPRESSE IN BLISTER PVC/PVDC/AL	OLMESARTAN MEDOXOMIL	OLMESARTAN MEDOXOMIL	20	milligrammi	Compressa rivestita con film	C09DA08	SANDOZ S.P.A.	Autorizzata	Procedura Mutuo riconoscimento o Decentrata	Medicinali soggetti a prescrizione medica
044538155	044538	OLMESARTAN E IDROCLOROTIAZIDE SANDOZ	20MG/12,5MG COMPRESSE RIVESTITE CON FILM- 90 COMPRESSE IN BLISTER PVC/PVDC/AL	OLMESARTAN MEDOXOMIL	OLMESARTAN MEDOXOMIL	20	milligrammi	Compressa rivestita con film	C09DA08	SANDOZ S.P.A.	Autorizzata	Procedura Mutuo riconoscimento o Decentrata	Medicinali soggetti a prescrizione medica
044538167	044538	OLMESARTAN E IDROCLOROTIAZIDE SANDOZ	20MG/12,5MG COMPRESSE RIVESTITE CON FILM- 98 COMPRESSE IN BLISTER PVC/PVDC/AL	OLMESARTAN MEDOXOMIL	OLMESARTAN MEDOXOMIL	20	milligrammi	Compressa rivestita con film	C09DA08	SANDOZ S.P.A.	Autorizzata	Procedura Mutuo riconoscimento o Decentrata	Medicinali soggetti a prescrizione medica
044538179	044538	OLMESARTAN E IDROCLOROTIAZIDE SANDOZ	20MG/25MG COMPRESSE RIVESTITE CON FILM- 10 COMPRESSE IN BLISTER AL/AL	OLMESARTAN MEDOXOMIL	OLMESARTAN MEDOXOMIL	20	milligrammi	Compressa rivestita con film	C09DA08	SANDOZ S.P.A.	Autorizzata	Procedura Mutuo riconoscimento o Decentrata	Medicinali soggetti a prescrizione medica
044538181	044538	OLMESARTAN E IDROCLOROTIAZIDE SANDOZ	20MG/25MG COMPRESSE RIVESTITE CON FILM- 14 COMPRESSE IN BLISTER AL/AL	OLMESARTAN MEDOXOMIL	OLMESARTAN MEDOXOMIL	20	milligrammi	Compressa rivestita con film	C09DA08	SANDOZ S.P.A.	Autorizzata	Procedura Mutuo riconoscimento o Decentrata	Medicinali soggetti a prescrizione medica
044538193	044538	OLMESARTAN E IDROCLOROTIAZIDE SANDOZ	20MG/25MG COMPRESSE RIVESTITE CON FILM- 28 COMPRESSE IN BLISTER AL/AL	OLMESARTAN MEDOXOMIL	OLMESARTAN MEDOXOMIL	20	milligrammi	Compressa rivestita con film	C09DA08	SANDOZ S.P.A.	Autorizzata	Procedura Mutuo riconoscimento o Decentrata	Medicinali soggetti a prescrizione medica
044538205	044538	OLMESARTAN E IDROCLOROTIAZIDE SANDOZ	20MG/25MG COMPRESSE RIVESTITE CON FILM- 30 COMPRESSE IN BLISTER AL/AL	OLMESARTAN MEDOXOMIL	OLMESARTAN MEDOXOMIL	20	milligrammi	Compressa rivestita con film	C09DA08	SANDOZ S.P.A.	Autorizzata	Procedura Mutuo riconoscimento o Decentrata	Medicinali soggetti a prescrizione medica
044538217	044538	OLMESARTAN E IDROCLOROTIAZIDE SANDOZ	20MG/25MG COMPRESSE RIVESTITE CON FILM- 56 COMPRESSE IN BLISTER AL/AL	OLMESARTAN MEDOXOMIL	OLMESARTAN MEDOXOMIL	20	milligrammi	Compressa rivestita con film	C09DA08	SANDOZ S.P.A.	Autorizzata	Procedura Mutuo riconoscimento o Decentrata	Medicinali soggetti a prescrizione medica
044538229	044538	OLMESARTAN E IDROCLOROTIAZIDE SANDOZ	20MG/25MG COMPRESSE RIVESTITE CON FILM- 60 COMPRESSE IN BLISTER AL/AL	OLMESARTAN MEDOXOMIL	OLMESARTAN MEDOXOMIL	20	milligrammi	Compressa rivestita con film	C09DA08	SANDOZ S.P.A.	Autorizzata	Procedura Mutuo riconoscimento o Decentrata	Medicinali soggetti a prescrizione medica
044538231	044538	OLMESARTAN E IDROCLOROTIAZIDE SANDOZ	20MG/25MG COMPRESSE RIVESTITE CON FILM- 90 COMPRESSE IN BLISTER AL/AL	OLMESARTAN MEDOXOMIL	OLMESARTAN MEDOXOMIL	20	milligrammi	Compressa rivestita con film	C09DA08	SANDOZ S.P.A.	Autorizzata	Procedura Mutuo riconoscimento o Decentrata	Medicinali soggetti a prescrizione medica
044538243	044538	OLMESARTAN E IDROCLOROTIAZIDE SANDOZ	20MG/25MG COMPRESSE RIVESTITE CON FILM- 98 COMPRESSE IN BLISTER AL/AL	OLMESARTAN MEDOXOMIL	OLMESARTAN MEDOXOMIL	20	milligrammi	Compressa rivestita con film	C09DA08	SANDOZ S.P.A.	Autorizzata	Procedura Mutuo riconoscimento o Decentrata	Medicinali soggetti a prescrizione medica
044538256	044538	OLMESARTAN E IDROCLOROTIAZIDE SANDOZ	20MG/25MG COMPRESSE RIVESTITE CON FILM- 10 COMPRESSE IN BLISTER PVC/PVDC/AL	OLMESARTAN MEDOXOMIL	OLMESARTAN MEDOXOMIL	20	milligrammi	Compressa rivestita con film	C09DA08	SANDOZ S.P.A.	Autorizzata	Procedura Mutuo riconoscimento o Decentrata	Medicinali soggetti a prescrizione medica
044538268	044538	OLMESARTAN E IDROCLOROTIAZIDE SANDOZ	20MG/25MG COMPRESSE RIVESTITE CON FILM- 14 COMPRESSE IN BLISTER PVC/PVDC/AL	OLMESARTAN MEDOXOMIL	OLMESARTAN MEDOXOMIL	20	milligrammi	Compressa rivestita con film	C09DA08	SANDOZ S.P.A.	Autorizzata	Procedura Mutuo riconoscimento o Decentrata	Medicinali soggetti a prescrizione medica
044538270	044538	OLMESARTAN E IDROCLOROTIAZIDE SANDOZ	20MG/25MG COMPRESSE RIVESTITE CON FILM- 28 COMPRESSE IN BLISTER PVC/PVDC/AL	OLMESARTAN MEDOXOMIL	OLMESARTAN MEDOXOMIL	20	milligrammi	Compressa rivestita con film	C09DA08	SANDOZ S.P.A.	Autorizzata	Procedura Mutuo riconoscimento o Decentrata	Medicinali soggetti a prescrizione medica
044538282	044538	OLMESARTAN E IDROCLOROTIAZIDE SANDOZ	20MG/25MG COMPRESSE RIVESTITE CON FILM- 30 COMPRESSE IN BLISTER PVC/PVDC/AL	OLMESARTAN MEDOXOMIL	OLMESARTAN MEDOXOMIL	20	milligrammi	Compressa rivestita con film	C09DA08	SANDOZ S.P.A.	Autorizzata	Procedura Mutuo riconoscimento o Decentrata	Medicinali soggetti a prescrizione medica
044538294	044538	OLMESARTAN E IDROCLOROTIAZIDE SANDOZ	20MG/25MG COMPRESSE RIVESTITE CON FILM- 56 COMPRESSE IN BLISTER PVC/PVDC/AL	OLMESARTAN MEDOXOMIL	OLMESARTAN MEDOXOMIL	20	milligrammi	Compressa rivestita con film	C09DA08	SANDOZ S.P.A.	Autorizzata	Procedura Mutuo riconoscimento o Decentrata	Medicinali soggetti a prescrizione medica
044538306	044538	OLMESARTAN E IDROCLOROTIAZIDE SANDOZ	20MG/25MG COMPRESSE RIVESTITE CON FILM- 60 COMPRESSE IN BLISTER PVC/PVDC/AL	OLMESARTAN MEDOXOMIL	OLMESARTAN MEDOXOMIL	20	milligrammi	Compressa rivestita con film	C09DA08	SANDOZ S.P.A.	Autorizzata	Procedura Mutuo riconoscimento o Decentrata	Medicinali soggetti a prescrizione medica
044538318	044538	OLMESARTAN E IDROCLOROTIAZIDE SANDOZ	20MG/25MG COMPRESSE RIVESTITE CON FILM- 90 COMPRESSE IN BLISTER PVC/PVDC/AL	OLMESARTAN MEDOXOMIL	OLMESARTAN MEDOXOMIL	20	milligrammi	Compressa rivestita con film	C09DA08	SANDOZ S.P.A.	Autorizzata	Procedura Mutuo riconoscimento o Decentrata	Medicinali soggetti a prescrizione medica
044538320	044538	OLMESARTAN E IDROCLOROTIAZIDE SANDOZ	20MG/25MG COMPRESSE RIVESTITE CON FILM- 98 COMPRESSE IN BLISTER PVC/PVDC/AL	OLMESARTAN MEDOXOMIL	OLMESARTAN MEDOXOMIL	20	milligrammi	Compressa rivestita con film	C09DA08	SANDOZ S.P.A.	Autorizzata	Procedura Mutuo riconoscimento o Decentrata	Medicinali soggetti a prescrizione medica
044538332	044538	OLMESARTAN E IDROCLOROTIAZIDE SANDOZ	40MG/12,5MG COMPRESSE RIVESTITE CON FILM- 10 COMPRESSE IN BLISTER AL/AL	OLMESARTAN MEDOXOMIL	OLMESARTAN MEDOXOMIL	40	milligrammi	Compressa rivestita con film	C09DA08	SANDOZ S.P.A.	Autorizzata	Procedura Mutuo riconoscimento o Decentrata	Medicinali soggetti a prescrizione medica
044538344	044538	OLMESARTAN E IDROCLOROTIAZIDE SANDOZ	40MG/12,5MG COMPRESSE RIVESTITE CON FILM- 14 COMPRESSE IN BLISTER AL/AL	OLMESARTAN MEDOXOMIL	OLMESARTAN MEDOXOMIL	40	milligrammi	Compressa rivestita con film	C09DA08	SANDOZ S.P.A.	Autorizzata	Procedura Mutuo riconoscimento o Decentrata	Medicinali soggetti a prescrizione medica
044538357	044538	OLMESARTAN E IDROCLOROTIAZIDE SANDOZ	40MG/12,5MG COMPRESSE RIVESTITE CON FILM- 28 COMPRESSE IN BLISTER AL/AL	OLMESARTAN MEDOXOMIL	OLMESARTAN MEDOXOMIL	40	milligrammi	Compressa rivestita con film	C09DA08	SANDOZ S.P.A.	Autorizzata	Procedura Mutuo riconoscimento o Decentrata	Medicinali soggetti a prescrizione medica
044538369	044538	OLMESARTAN E IDROCLOROTIAZIDE SANDOZ	40MG/12,5MG COMPRESSE RIVESTITE CON FILM- 30 COMPRESSE IN BLISTER AL/AL	OLMESARTAN MEDOXOMIL	OLMESARTAN MEDOXOMIL	40	milligrammi	Compressa rivestita con film	C09DA08	SANDOZ S.P.A.	Autorizzata	Procedura Mutuo riconoscimento o Decentrata	Medicinali soggetti a prescrizione medica
044538371	044538	OLMESARTAN E IDROCLOROTIAZIDE SANDOZ	40MG/12,5MG COMPRESSE RIVESTITE CON FILM- 56 COMPRESSE IN BLISTER AL/AL	OLMESARTAN MEDOXOMIL	OLMESARTAN MEDOXOMIL	40	milligrammi	Compressa rivestita con film	C09DA08	SANDOZ S.P.A.	Autorizzata	Procedura Mutuo riconoscimento o Decentrata	Medicinali soggetti a prescrizione medica
044538383	044538	OLMESARTAN E IDROCLOROTIAZIDE SANDOZ	40MG/12,5MG COMPRESSE RIVESTITE CON FILM- 60 COMPRESSE IN BLISTER AL/AL	OLMESARTAN MEDOXOMIL	OLMESARTAN MEDOXOMIL	40	milligrammi	Compressa rivestita con film	C09DA08	SANDOZ S.P.A.	Autorizzata	Procedura Mutuo riconoscimento o Decentrata	Medicinali soggetti a prescrizione medica
044538395	044538	OLMESARTAN E IDROCLOROTIAZIDE SANDOZ	40MG/12,5MG COMPRESSE RIVESTITE CON FILM- 90 COMPRESSE IN BLISTER AL/AL	OLMESARTAN MEDOXOMIL	OLMESARTAN MEDOXOMIL	40	milligrammi	Compressa rivestita con film	C09DA08	SANDOZ S.P.A.	Autorizzata	Procedura Mutuo riconoscimento o Decentrata	Medicinali soggetti a prescrizione medica
044538407	044538	OLMESARTAN E IDROCLOROTIAZIDE SANDOZ	40MG/12,5MG COMPRESSE RIVESTITE CON FILM- 98 COMPRESSE IN BLISTER AL/AL	OLMESARTAN MEDOXOMIL	OLMESARTAN MEDOXOMIL	40	milligrammi	Compressa rivestita con film	C09DA08	SANDOZ S.P.A.	Autorizzata	Procedura Mutuo riconoscimento o Decentrata	Medicinali soggetti a prescrizione medica
044538419	044538	OLMESARTAN E IDROCLOROTIAZIDE SANDOZ	40MG/12,5MG COMPRESSE RIVESTITE CON FILM- 10 COMPRESSE IN BLISTER PVC/PVDC/AL	OLMESARTAN MEDOXOMIL	OLMESARTAN MEDOXOMIL	40	milligrammi	Compressa rivestita con film	C09DA08	SANDOZ S.P.A.	Autorizzata	Procedura Mutuo riconoscimento o Decentrata	Medicinali soggetti a prescrizione medica
044538421	044538	OLMESARTAN E IDROCLOROTIAZIDE SANDOZ	40MG/12,5MG COMPRESSE RIVESTITE CON FILM- 14 COMPRESSE IN BLISTER PVC/PVDC/AL	OLMESARTAN MEDOXOMIL	OLMESARTAN MEDOXOMIL	40	milligrammi	Compressa rivestita con film	C09DA08	SANDOZ S.P.A.	Autorizzata	Procedura Mutuo riconoscimento o Decentrata	Medicinali soggetti a prescrizione medica
044538433	044538	OLMESARTAN E IDROCLOROTIAZIDE SANDOZ	40MG/12,5MG COMPRESSE RIVESTITE CON FILM- 28 COMPRESSE IN BLISTER PVC/PVDC/AL	OLMESARTAN MEDOXOMIL	OLMESARTAN MEDOXOMIL	40	milligrammi	Compressa rivestita con film	C09DA08	SANDOZ S.P.A.	Autorizzata	Procedura Mutuo riconoscimento o Decentrata	Medicinali soggetti a prescrizione medica
044538445	044538	OLMESARTAN E IDROCLOROTIAZIDE SANDOZ	40MG/12,5MG COMPRESSE RIVESTITE CON FILM- 30 COMPRESSE IN BLISTER PVC/PVDC/AL	OLMESARTAN MEDOXOMIL	OLMESARTAN MEDOXOMIL	40	milligrammi	Compressa rivestita con film	C09DA08	SANDOZ S.P.A.	Autorizzata	Procedura Mutuo riconoscimento o Decentrata	Medicinali soggetti a prescrizione medica
044538458	044538	OLMESARTAN E IDROCLOROTIAZIDE SANDOZ	40MG/12,5MG COMPRESSE RIVESTITE CON FILM- 56 COMPRESSE IN BLISTER PVC/PVDC/AL	OLMESARTAN MEDOXOMIL	OLMESARTAN MEDOXOMIL	40	milligrammi	Compressa rivestita con film	C09DA08	SANDOZ S.P.A.	Autorizzata	Procedura Mutuo riconoscimento o Decentrata	Medicinali soggetti a prescrizione medica
044538460	044538	OLMESARTAN E IDROCLOROTIAZIDE SANDOZ	40MG/12,5MG COMPRESSE RIVESTITE CON FILM- 60 COMPRESSE IN BLISTER PVC/PVDC/AL	OLMESARTAN MEDOXOMIL	OLMESARTAN MEDOXOMIL	40	milligrammi	Compressa rivestita con film	C09DA08	SANDOZ S.P.A.	Autorizzata	Procedura Mutuo riconoscimento o Decentrata	Medicinali soggetti a prescrizione medica
044538472	044538	OLMESARTAN E IDROCLOROTIAZIDE SANDOZ	40MG/12,5MG COMPRESSE RIVESTITE CON FILM- 90 COMPRESSE IN BLISTER PVC/PVDC/AL	OLMESARTAN MEDOXOMIL	OLMESARTAN MEDOXOMIL	40	milligrammi	Compressa rivestita con film	C09DA08	SANDOZ S.P.A.	Autorizzata	Procedura Mutuo riconoscimento o Decentrata	Medicinali soggetti a prescrizione medica
044538484	044538	OLMESARTAN E IDROCLOROTIAZIDE SANDOZ	40MG/12,5MG COMPRESSE RIVESTITE CON FILM- 98 COMPRESSE IN BLISTER PVC/PVDC/AL	OLMESARTAN MEDOXOMIL	OLMESARTAN MEDOXOMIL	40	milligrammi	Compressa rivestita con film	C09DA08	SANDOZ S.P.A.	Autorizzata	Procedura Mutuo riconoscimento o Decentrata	Medicinali soggetti a prescrizione medica
044538496	044538	OLMESARTAN E IDROCLOROTIAZIDE SANDOZ	40MG/25MG COMPRESSE RIVESTITE CON FILM- 10 COMPRESSE IN BLISTER AL/AL	OLMESARTAN MEDOXOMIL	OLMESARTAN MEDOXOMIL	40	milligrammi	Compressa rivestita con film	C09DA08	SANDOZ S.P.A.	Autorizzata	Procedura Mutuo riconoscimento o Decentrata	Medicinali soggetti a prescrizione medica
044538508	044538	OLMESARTAN E IDROCLOROTIAZIDE SANDOZ	40MG/25MG COMPRESSE RIVESTITE CON FILM- 14 COMPRESSE IN BLISTER AL/AL	OLMESARTAN MEDOXOMIL	OLMESARTAN MEDOXOMIL	40	milligrammi	Compressa rivestita con film	C09DA08	SANDOZ S.P.A.	Autorizzata	Procedura Mutuo riconoscimento o Decentrata	Medicinali soggetti a prescrizione medica
044538510	044538	OLMESARTAN E IDROCLOROTIAZIDE SANDOZ	40MG/25MG COMPRESSE RIVESTITE CON FILM- 28 COMPRESSE IN BLISTER AL/AL	OLMESARTAN MEDOXOMIL	OLMESARTAN MEDOXOMIL	40	milligrammi	Compressa rivestita con film	C09DA08	SANDOZ S.P.A.	Autorizzata	Procedura Mutuo riconoscimento o Decentrata	Medicinali soggetti a prescrizione medica
044538522	044538	OLMESARTAN E IDROCLOROTIAZIDE SANDOZ	40MG/25MG COMPRESSE RIVESTITE CON FILM- 30 COMPRESSE IN BLISTER AL/AL	OLMESARTAN MEDOXOMIL	OLMESARTAN MEDOXOMIL	40	milligrammi	Compressa rivestita con film	C09DA08	SANDOZ S.P.A.	Autorizzata	Procedura Mutuo riconoscimento o Decentrata	Medicinali soggetti a prescrizione medica
044538534	044538	OLMESARTAN E IDROCLOROTIAZIDE SANDOZ	40MG/25MG COMPRESSE RIVESTITE CON FILM- 56 COMPRESSE IN BLISTER AL/AL	OLMESARTAN MEDOXOMIL	OLMESARTAN MEDOXOMIL	40	milligrammi	Compressa rivestita con film	C09DA08	SANDOZ S.P.A.	Autorizzata	Procedura Mutuo riconoscimento o Decentrata	Medicinali soggetti a prescrizione medica
044538546	044538	OLMESARTAN E IDROCLOROTIAZIDE SANDOZ	40MG/25MG COMPRESSE RIVESTITE CON FILM- 60 COMPRESSE IN BLISTER AL/AL	OLMESARTAN MEDOXOMIL	OLMESARTAN MEDOXOMIL	40	milligrammi	Compressa rivestita con film	C09DA08	SANDOZ S.P.A.	Autorizzata	Procedura Mutuo riconoscimento o Decentrata	Medicinali soggetti a prescrizione medica
044538559	044538	OLMESARTAN E IDROCLOROTIAZIDE SANDOZ	40MG/25MG COMPRESSE RIVESTITE CON FILM- 90 COMPRESSE IN BLISTER AL/AL	OLMESARTAN MEDOXOMIL	OLMESARTAN MEDOXOMIL	40	milligrammi	Compressa rivestita con film	C09DA08	SANDOZ S.P.A.	Autorizzata	Procedura Mutuo riconoscimento o Decentrata	Medicinali soggetti a prescrizione medica
044538561	044538	OLMESARTAN E IDROCLOROTIAZIDE SANDOZ	40MG/25MG COMPRESSE RIVESTITE CON FILM- 98 COMPRESSE IN BLISTER AL/AL	OLMESARTAN MEDOXOMIL	OLMESARTAN MEDOXOMIL	40	milligrammi	Compressa rivestita con film	C09DA08	SANDOZ S.P.A.	Autorizzata	Procedura Mutuo riconoscimento o Decentrata	Medicinali soggetti a prescrizione medica
044538573	044538	OLMESARTAN E IDROCLOROTIAZIDE SANDOZ	40MG/25MG COMPRESSE RIVESTITE CON FILM- 10 COMPRESSE IN BLISTER PVC/PVDC/AL	OLMESARTAN MEDOXOMIL	OLMESARTAN MEDOXOMIL	40	milligrammi	Compressa rivestita con film	C09DA08	SANDOZ S.P.A.	Autorizzata	Procedura Mutuo riconoscimento o Decentrata	Medicinali soggetti a prescrizione medica
044538585	044538	OLMESARTAN E IDROCLOROTIAZIDE SANDOZ	40MG/25MG COMPRESSE RIVESTITE CON FILM- 14 COMPRESSE IN BLISTER PVC/PVDC/AL	OLMESARTAN MEDOXOMIL	OLMESARTAN MEDOXOMIL	40	milligrammi	Compressa rivestita con film	C09DA08	SANDOZ S.P.A.	Autorizzata	Procedura Mutuo riconoscimento o Decentrata	Medicinali soggetti a prescrizione medica
044538597	044538	OLMESARTAN E IDROCLOROTIAZIDE SANDOZ	40MG/25MG COMPRESSE RIVESTITE CON FILM- 28 COMPRESSE IN BLISTER PVC/PVDC/AL	OLMESARTAN MEDOXOMIL	OLMESARTAN MEDOXOMIL	40	milligrammi	Compressa rivestita con film	C09DA08	SANDOZ S.P.A.	Autorizzata	Procedura Mutuo riconoscimento o Decentrata	Medicinali soggetti a prescrizione medica
044538609	044538	OLMESARTAN E IDROCLOROTIAZIDE SANDOZ	40MG/25MG COMPRESSE RIVESTITE CON FILM- 30 COMPRESSE IN BLISTER PVC/PVDC/AL	OLMESARTAN MEDOXOMIL	OLMESARTAN MEDOXOMIL	40	milligrammi	Compressa rivestita con film	C09DA08	SANDOZ S.P.A.	Autorizzata	Procedura Mutuo riconoscimento o Decentrata	Medicinali soggetti a prescrizione medica
044538611	044538	OLMESARTAN E IDROCLOROTIAZIDE SANDOZ	40MG/25MG COMPRESSE RIVESTITE CON FILM- 56 COMPRESSE IN BLISTER PVC/PVDC/AL	OLMESARTAN MEDOXOMIL	OLMESARTAN MEDOXOMIL	40	milligrammi	Compressa rivestita con film	C09DA08	SANDOZ S.P.A.	Autorizzata	Procedura Mutuo riconoscimento o Decentrata	Medicinali soggetti a prescrizione medica
044538623	044538	OLMESARTAN E IDROCLOROTIAZIDE SANDOZ	40MG/25MG COMPRESSE RIVESTITE CON FILM- 60 COMPRESSE IN BLISTER PVC/PVDC/AL	OLMESARTAN MEDOXOMIL	OLMESARTAN MEDOXOMIL	40	milligrammi	Compressa rivestita con film	C09DA08	SANDOZ S.P.A.	Autorizzata	Procedura Mutuo riconoscimento o Decentrata	Medicinali soggetti a prescrizione medica
044538635	044538	OLMESARTAN E IDROCLOROTIAZIDE SANDOZ	40MG/25MG COMPRESSE RIVESTITE CON FILM- 90 COMPRESSE IN BLISTER PVC/PVDC/AL	OLMESARTAN MEDOXOMIL	OLMESARTAN MEDOXOMIL	40	milligrammi	Compressa rivestita con film	C09DA08	SANDOZ S.P.A.	Autorizzata	Procedura Mutuo riconoscimento o Decentrata	Medicinali soggetti a prescrizione medica
044538647	044538	OLMESARTAN E IDROCLOROTIAZIDE SANDOZ	40MG/25MG COMPRESSE RIVESTITE CON FILM- 98 COMPRESSE IN BLISTER PVC/PVDC/AL	OLMESARTAN MEDOXOMIL	OLMESARTAN MEDOXOMIL	40	milligrammi	Compressa rivestita con film	C09DA08	SANDOZ S.P.A.	Autorizzata	Procedura Mutuo riconoscimento o Decentrata	Medicinali soggetti a prescrizione medica
044588010	044588	IDALAZIDE	20MG/12,5MG COMPRESSE RIVESTITE CON FILM - 14 COMPRESSE IN BLISTER OPA/AL/PVC/AL	OLMESARTAN MEDOXOMIL	OLMESARTAN MEDOXOMIL			Compressa rivestita con film	C09DA08	I.B.N. SAVIO S.R.L	Autorizzata	Procedura Mutuo riconoscimento o Decentrata	Medicinali soggetti a prescrizione medica
044588022	044588	IDALAZIDE	20MG/12,5MG COMPRESSE RIVESTITE CON FILM- 28 COMPRESSE IN BLISTER OPA/AL/PVC/AL	OLMESARTAN MEDOXOMIL	OLMESARTAN MEDOXOMIL			Compressa rivestita con film	C09DA08	I.B.N. SAVIO S.R.L	Autorizzata	Procedura Mutuo riconoscimento o Decentrata	Medicinali soggetti a prescrizione medica
044588034	044588	IDALAZIDE	20MG/12,5MG COMPRESSE RIVESTITE CON FILM- 56 COMPRESSE IN BLISTER OPA/AL/PVC/AL	OLMESARTAN MEDOXOMIL	OLMESARTAN MEDOXOMIL			Compressa rivestita con film	C09DA08	I.B.N. SAVIO S.R.L	Autorizzata	Procedura Mutuo riconoscimento o Decentrata	Medicinali soggetti a prescrizione medica
044588046	044588	IDALAZIDE	20MG/12,5MG COMPRESSE RIVESTITE CON FILM- 280 COMPRESSE IN BLISTER OPA/AL/PVC/AL	OLMESARTAN MEDOXOMIL	OLMESARTAN MEDOXOMIL			Compressa rivestita con film	C09DA08	I.B.N. SAVIO S.R.L	Autorizzata	Procedura Mutuo riconoscimento o Decentrata	Medicinali soggetti a prescrizione medica
044588059	044588	IDALAZIDE	20MG/25MG COMPRESSE RIVESTITE CON FILM- 14 COMPRESSE IN BLISTER OPA/AL/PVC/AL	OLMESARTAN MEDOXOMIL	OLMESARTAN MEDOXOMIL			Compressa rivestita con film	C09DA08	I.B.N. SAVIO S.R.L	Autorizzata	Procedura Mutuo riconoscimento o Decentrata	Medicinali soggetti a prescrizione medica
044588061	044588	IDALAZIDE	20MG/25MG COMPRESSE RIVESTITE CON FILM- 28 COMPRESSE IN BLISTER OPA/AL/PVC/AL	OLMESARTAN MEDOXOMIL	OLMESARTAN MEDOXOMIL			Compressa rivestita con film	C09DA08	I.B.N. SAVIO S.R.L	Autorizzata	Procedura Mutuo riconoscimento o Decentrata	Medicinali soggetti a prescrizione medica
044588073	044588	IDALAZIDE	20MG/25MG COMPRESSE RIVESTITE CON FILM- 56 COMPRESSE IN BLISTER OPA/AL/PVC/AL	OLMESARTAN MEDOXOMIL	OLMESARTAN MEDOXOMIL			Compressa rivestita con film	C09DA08	I.B.N. SAVIO S.R.L	Autorizzata	Procedura Mutuo riconoscimento o Decentrata	Medicinali soggetti a prescrizione medica
044588085	044588	IDALAZIDE	20MG/25MG COMPRESSE RIVESTITE CON FILM- 280 COMPRESSE IN BLISTER OPA/AL/PVC/AL	OLMESARTAN MEDOXOMIL	OLMESARTAN MEDOXOMIL			Compressa rivestita con film	C09DA08	I.B.N. SAVIO S.R.L	Autorizzata	Procedura Mutuo riconoscimento o Decentrata	Medicinali soggetti a prescrizione medica
044588097	044588	IDALAZIDE	40MG/12,5MG COMPRESSE RIVESTITE CON FILM- 14 COMPRESSE IN BLISTER OPA/AL/PVC/AL	OLMESARTAN MEDOXOMIL	OLMESARTAN MEDOXOMIL			Compressa rivestita con film	C09DA08	I.B.N. SAVIO S.R.L	Autorizzata	Procedura Mutuo riconoscimento o Decentrata	Medicinali soggetti a prescrizione medica
044588109	044588	IDALAZIDE	40MG/12,5MG COMPRESSE RIVESTITE CON FILM- 28 COMPRESSE IN BLISTER OPA/AL/PVC/AL	OLMESARTAN MEDOXOMIL	OLMESARTAN MEDOXOMIL			Compressa rivestita con film	C09DA08	I.B.N. SAVIO S.R.L	Autorizzata	Procedura Mutuo riconoscimento o Decentrata	Medicinali soggetti a prescrizione medica
044588111	044588	IDALAZIDE	40MG/12,5MG COMPRESSE RIVESTITE CON FILM- 56 COMPRESSE IN BLISTER OPA/AL/PVC/AL	OLMESARTAN MEDOXOMIL	OLMESARTAN MEDOXOMIL			Compressa rivestita con film	C09DA08	I.B.N. SAVIO S.R.L	Autorizzata	Procedura Mutuo riconoscimento o Decentrata	Medicinali soggetti a prescrizione medica
044588123	044588	IDALAZIDE	40MG/12,5MG COMPRESSE RIVESTITE CON FILM- 280 COMPRESSE IN BLISTER OPA/AL/PVC/AL	OLMESARTAN MEDOXOMIL	OLMESARTAN MEDOXOMIL			Compressa rivestita con film	C09DA08	I.B.N. SAVIO S.R.L	Autorizzata	Procedura Mutuo riconoscimento o Decentrata	Medicinali soggetti a prescrizione medica
044588135	044588	IDALAZIDE	40MG/25MG COMPRESSE RIVESTITE CON FILM- 14 COMPRESSE IN BLISTER OPA/AL/PVC/AL	OLMESARTAN MEDOXOMIL	OLMESARTAN MEDOXOMIL			Compressa rivestita con film	C09DA08	I.B.N. SAVIO S.R.L	Autorizzata	Procedura Mutuo riconoscimento o Decentrata	Medicinali soggetti a prescrizione medica
044588147	044588	IDALAZIDE	40MG/25MG COMPRESSE RIVESTITE CON FILM- 28 COMPRESSE IN BLISTER OPA/AL/PVC/AL	OLMESARTAN MEDOXOMIL	OLMESARTAN MEDOXOMIL			Compressa rivestita con film	C09DA08	I.B.N. SAVIO S.R.L	Autorizzata	Procedura Mutuo riconoscimento o Decentrata	Medicinali soggetti a prescrizione medica
044588150	044588	IDALAZIDE	40MG/25MG COMPRESSE RIVESTITE CON FILM- 56 COMPRESSE IN BLISTER OPA/AL/PVC/AL	OLMESARTAN MEDOXOMIL	OLMESARTAN MEDOXOMIL			Compressa rivestita con film	C09DA08	I.B.N. SAVIO S.R.L	Autorizzata	Procedura Mutuo riconoscimento o Decentrata	Medicinali soggetti a prescrizione medica
044588162	044588	IDALAZIDE	40MG/25MG COMPRESSE RIVESTITE CON FILM- 280 COMPRESSE IN BLISTER OPA/AL/PVC/AL	OLMESARTAN MEDOXOMIL	OLMESARTAN MEDOXOMIL			Compressa rivestita con film	C09DA08	I.B.N. SAVIO S.R.L	Autorizzata	Procedura Mutuo riconoscimento o Decentrata	Medicinali soggetti a prescrizione medica
044588174	044588	IDALAZIDE	20MG/12,5MG COMPRESSE RIVESTITE CON FILM- 98 COMPRESSE IN BLISTER OPA/AL/PVC/AL	OLMESARTAN MEDOXOMIL	OLMESARTAN MEDOXOMIL			Compressa rivestita con film	C09DA08	I.B.N. SAVIO S.R.L	Autorizzata	Procedura Mutuo riconoscimento o Decentrata	Medicinali soggetti a prescrizione medica
044588186	044588	IDALAZIDE	20MG/25MG COMPRESSE RIVESTITE CON FILM- 98 COMPRESSE IN BLISTER OPA/AL/PVC/AL	OLMESARTAN MEDOXOMIL	OLMESARTAN MEDOXOMIL			Compressa rivestita con film	C09DA08	I.B.N. SAVIO S.R.L	Autorizzata	Procedura Mutuo riconoscimento o Decentrata	Medicinali soggetti a prescrizione medica
044588198	044588	IDALAZIDE	40MG/12,5MG COMPRESSE RIVESTITE CON FILM- 98 COMPRESSE IN BLISTER OPA/AL/PVC/AL	OLMESARTAN MEDOXOMIL	OLMESARTAN MEDOXOMIL			Compressa rivestita con film	C09DA08	I.B.N. SAVIO S.R.L	Autorizzata	Procedura Mutuo riconoscimento o Decentrata	Medicinali soggetti a prescrizione medica
044588200	044588	IDALAZIDE	40MG/25MG COMPRESSE RIVESTITE CON FILM- 98 COMPRESSE IN BLISTER OPA/AL/PVC/AL	OLMESARTAN MEDOXOMIL	OLMESARTAN MEDOXOMIL			Compressa rivestita con film	C09DA08	I.B.N. SAVIO S.R.L	Autorizzata	Procedura Mutuo riconoscimento o Decentrata	Medicinali soggetti a prescrizione medica
044590014	044590	IDALMAN	10 MG COMPRESSE RIVESTITE CON FILM - 14 COMPRESSE IN BLISTER OPA/AL/PVC/AL	OLMESARTAN MEDOXOMIL	OLMESARTAN MEDOXOMIL	10	milligrammi	Compressa rivestita con film	C09CA08	I.B.N. SAVIO S.R.L	Autorizzata	Procedura Mutuo riconoscimento o Decentrata	Medicinali soggetti a prescrizione medica
044590026	044590	IDALMAN	10 MG COMPRESSE RIVESTITE CON FILM - 28 COMPRESSE IN BLISTER OPA/AL/PVC/A	OLMESARTAN MEDOXOMIL	OLMESARTAN MEDOXOMIL	10	milligrammi	Compressa rivestita con film	C09CA08	I.B.N. SAVIO S.R.L	Autorizzata	Procedura Mutuo riconoscimento o Decentrata	Medicinali soggetti a prescrizione medica
044590038	044590	IDALMAN	10 MG COMPRESSE RIVESTITE CON FILM - 30 COMPRESSE IN BLISTER OPA/AL/PVC/A	OLMESARTAN MEDOXOMIL	OLMESARTAN MEDOXOMIL	10	milligrammi	Compressa rivestita con film	C09CA08	I.B.N. SAVIO S.R.L	Autorizzata	Procedura Mutuo riconoscimento o Decentrata	Medicinali soggetti a prescrizione medica
044590040	044590	IDALMAN	10 MG COMPRESSE RIVESTITE CON FILM - 56 COMPRESSE IN BLISTER OPA/AL/PVC/A	OLMESARTAN MEDOXOMIL	OLMESARTAN MEDOXOMIL	10	milligrammi	Compressa rivestita con film	C09CA08	I.B.N. SAVIO S.R.L	Autorizzata	Procedura Mutuo riconoscimento o Decentrata	Medicinali soggetti a prescrizione medica
044590053	044590	IDALMAN	10 MG COMPRESSE RIVESTITE CON FILM - 90 COMPRESSE IN BLISTER OPA/AL/PVC/A	OLMESARTAN MEDOXOMIL	OLMESARTAN MEDOXOMIL	10	milligrammi	Compressa rivestita con film	C09CA08	I.B.N. SAVIO S.R.L	Autorizzata	Procedura Mutuo riconoscimento o Decentrata	Medicinali soggetti a prescrizione medica
044590065	044590	IDALMAN	10 MG COMPRESSE RIVESTITE CON FILM - 98 COMPRESSE IN BLISTER OPA/AL/PVC/A	OLMESARTAN MEDOXOMIL	OLMESARTAN MEDOXOMIL	10	milligrammi	Compressa rivestita con film	C09CA08	I.B.N. SAVIO S.R.L	Autorizzata	Procedura Mutuo riconoscimento o Decentrata	Medicinali soggetti a prescrizione medica
044590077	044590	IDALMAN	10 MG COMPRESSE RIVESTITE CON FILM - 280 COMPRESSE IN BLISTER OPA/AL/PVC/A	OLMESARTAN MEDOXOMIL	OLMESARTAN MEDOXOMIL	10	milligrammi	Compressa rivestita con film	C09CA08	I.B.N. SAVIO S.R.L	Autorizzata	Procedura Mutuo riconoscimento o Decentrata	Medicinali soggetti a prescrizione medica
044590089	044590	IDALMAN	20 MG COMPRESSE RIVESTITE CON FILM - 14 COMPRESSE IN BLISTER OPA/AL/PVC/A	OLMESARTAN MEDOXOMIL	OLMESARTAN MEDOXOMIL	20	milligrammi	Compressa rivestita con film	C09CA08	I.B.N. SAVIO S.R.L	Autorizzata	Procedura Mutuo riconoscimento o Decentrata	Medicinali soggetti a prescrizione medica
044590091	044590	IDALMAN	20 MG COMPRESSE RIVESTITE CON FILM - 28 COMPRESSE IN BLISTER OPA/AL/PVC/A	OLMESARTAN MEDOXOMIL	OLMESARTAN MEDOXOMIL	20	milligrammi	Compressa rivestita con film	C09CA08	I.B.N. SAVIO S.R.L	Autorizzata	Procedura Mutuo riconoscimento o Decentrata	Medicinali soggetti a prescrizione medica
044590103	044590	IDALMAN	20 MG COMPRESSE RIVESTITE CON FILM - 30 COMPRESSE IN BLISTER OPA/AL/PVC/A	OLMESARTAN MEDOXOMIL	OLMESARTAN MEDOXOMIL	20	milligrammi	Compressa rivestita con film	C09CA08	I.B.N. SAVIO S.R.L	Autorizzata	Procedura Mutuo riconoscimento o Decentrata	Medicinali soggetti a prescrizione medica
044590115	044590	IDALMAN	20 MG COMPRESSE RIVESTITE CON FILM - 56 COMPRESSE IN BLISTER OPA/AL/PVC/A	OLMESARTAN MEDOXOMIL	OLMESARTAN MEDOXOMIL	20	milligrammi	Compressa rivestita con film	C09CA08	I.B.N. SAVIO S.R.L	Autorizzata	Procedura Mutuo riconoscimento o Decentrata	Medicinali soggetti a prescrizione medica
044590127	044590	IDALMAN	20 MG COMPRESSE RIVESTITE CON FILM - 90 COMPRESSE IN BLISTER OPA/AL/PVC/A	OLMESARTAN MEDOXOMIL	OLMESARTAN MEDOXOMIL	20	milligrammi	Compressa rivestita con film	C09CA08	I.B.N. SAVIO S.R.L	Autorizzata	Procedura Mutuo riconoscimento o Decentrata	Medicinali soggetti a prescrizione medica
044590139	044590	IDALMAN	20 MG COMPRESSE RIVESTITE CON FILM - 98 COMPRESSE IN BLISTER OPA/AL/PVC/A	OLMESARTAN MEDOXOMIL	OLMESARTAN MEDOXOMIL	20	milligrammi	Compressa rivestita con film	C09CA08	I.B.N. SAVIO S.R.L	Autorizzata	Procedura Mutuo riconoscimento o Decentrata	Medicinali soggetti a prescrizione medica
044590141	044590	IDALMAN	20 MG COMPRESSE RIVESTITE CON FILM - 280 COMPRESSE IN BLISTER OPA/AL/PVC/A	OLMESARTAN MEDOXOMIL	OLMESARTAN MEDOXOMIL	20	milligrammi	Compressa rivestita con film	C09CA08	I.B.N. SAVIO S.R.L	Autorizzata	Procedura Mutuo riconoscimento o Decentrata	Medicinali soggetti a prescrizione medica
044590154	044590	IDALMAN	40 MG COMPRESSE RIVESTITE CON FILM - 14 COMPRESSE IN BLISTER OPA/AL/PVC/A	OLMESARTAN MEDOXOMIL	OLMESARTAN MEDOXOMIL	40	milligrammi	Compressa rivestita con film	C09CA08	I.B.N. SAVIO S.R.L	Autorizzata	Procedura Mutuo riconoscimento o Decentrata	Medicinali soggetti a prescrizione medica
044590166	044590	IDALMAN	40 MG COMPRESSE RIVESTITE CON FILM - 28 COMPRESSE IN BLISTER OPA/AL/PVC/A	OLMESARTAN MEDOXOMIL	OLMESARTAN MEDOXOMIL	40	milligrammi	Compressa rivestita con film	C09CA08	I.B.N. SAVIO S.R.L	Autorizzata	Procedura Mutuo riconoscimento o Decentrata	Medicinali soggetti a prescrizione medica
044590178	044590	IDALMAN	40 MG COMPRESSE RIVESTITE CON FILM - 30 COMPRESSE IN BLISTER OPA/AL/PVC/A	OLMESARTAN MEDOXOMIL	OLMESARTAN MEDOXOMIL	40	milligrammi	Compressa rivestita con film	C09CA08	I.B.N. SAVIO S.R.L	Autorizzata	Procedura Mutuo riconoscimento o Decentrata	Medicinali soggetti a prescrizione medica
044590180	044590	IDALMAN	40 MG COMPRESSE RIVESTITE CON FILM - 56 COMPRESSE IN BLISTER OPA/AL/PVC/A	OLMESARTAN MEDOXOMIL	OLMESARTAN MEDOXOMIL	40	milligrammi	Compressa rivestita con film	C09CA08	I.B.N. SAVIO S.R.L	Autorizzata	Procedura Mutuo riconoscimento o Decentrata	Medicinali soggetti a prescrizione medica
044590192	044590	IDALMAN	40 MG COMPRESSE RIVESTITE CON FILM - 90 COMPRESSE IN BLISTER OPA/AL/PVC/A	OLMESARTAN MEDOXOMIL	OLMESARTAN MEDOXOMIL	40	milligrammi	Compressa rivestita con film	C09CA08	I.B.N. SAVIO S.R.L	Autorizzata	Procedura Mutuo riconoscimento o Decentrata	Medicinali soggetti a prescrizione medica
044590204	044590	IDALMAN	40 MG COMPRESSE RIVESTITE CON FILM - 98 COMPRESSE IN BLISTER OPA/AL/PVC/A	OLMESARTAN MEDOXOMIL	OLMESARTAN MEDOXOMIL	40	milligrammi	Compressa rivestita con film	C09CA08	I.B.N. SAVIO S.R.L	Autorizzata	Procedura Mutuo riconoscimento o Decentrata	Medicinali soggetti a prescrizione medica
044590216	044590	IDALMAN	40 MG COMPRESSE RIVESTITE CON FILM - 280 COMPRESSE IN BLISTER OPA/AL/PVC/A	OLMESARTAN MEDOXOMIL	OLMESARTAN MEDOXOMIL	40	milligrammi	Compressa rivestita con film	C09CA08	I.B.N. SAVIO S.R.L	Autorizzata	Procedura Mutuo riconoscimento o Decentrata	Medicinali soggetti a prescrizione medica
044855017	044855	OLMESARTAN MEDOXOMIL E IDROCLOROTIAZIDE ALTER	20 MG/12.5 MG COMPRESSE RIVESTITE CON FILM- 14 COMPRESSE IN BLISTER PA/AL/PVC-AL	OLMESARTAN MEDOXOMIL	OLMESARTAN MEDOXOMIL	20	milligrammi	Compressa rivestita con film	C09DA08	LABORATORI ALTER S.R.L.	Autorizzata	Procedura Mutuo riconoscimento o Decentrata	Medicinali soggetti a prescrizione medica
044855029	044855	OLMESARTAN MEDOXOMIL E IDROCLOROTIAZIDE ALTER	20 MG/12.5 MG COMPRESSE RIVESTITE CON FILM- 28 COMPRESSE IN BLISTER PA/AL/PVC-AL	OLMESARTAN MEDOXOMIL	OLMESARTAN MEDOXOMIL	20	milligrammi	Compressa rivestita con film	C09DA08	LABORATORI ALTER S.R.L.	Autorizzata	Procedura Mutuo riconoscimento o Decentrata	Medicinali soggetti a prescrizione medica
044855031	044855	OLMESARTAN MEDOXOMIL E IDROCLOROTIAZIDE ALTER	20 MG/12.5 MG COMPRESSE RIVESTITE CON FILM- 30 COMPRESSE IN BLISTER PA/AL/PVC-AL	OLMESARTAN MEDOXOMIL	OLMESARTAN MEDOXOMIL	20	milligrammi	Compressa rivestita con film	C09DA08	LABORATORI ALTER S.R.L.	Autorizzata	Procedura Mutuo riconoscimento o Decentrata	Medicinali soggetti a prescrizione medica
044855043	044855	OLMESARTAN MEDOXOMIL E IDROCLOROTIAZIDE ALTER	20 MG/12.5 MG COMPRESSE RIVESTITE CON FILM- 56 COMPRESSE IN BLISTER PA/AL/PVC-AL	OLMESARTAN MEDOXOMIL	OLMESARTAN MEDOXOMIL	20	milligrammi	Compressa rivestita con film	C09DA08	LABORATORI ALTER S.R.L.	Autorizzata	Procedura Mutuo riconoscimento o Decentrata	Medicinali soggetti a prescrizione medica
044855056	044855	OLMESARTAN MEDOXOMIL E IDROCLOROTIAZIDE ALTER	20 MG/12.5 MG COMPRESSE RIVESTITE CON FILM- 90 COMPRESSE IN BLISTER PA/AL/PVC-AL	OLMESARTAN MEDOXOMIL	OLMESARTAN MEDOXOMIL	20	milligrammi	Compressa rivestita con film	C09DA08	LABORATORI ALTER S.R.L.	Autorizzata	Procedura Mutuo riconoscimento o Decentrata	Medicinali soggetti a prescrizione medica
044855068	044855	OLMESARTAN MEDOXOMIL E IDROCLOROTIAZIDE ALTER	20 MG/25 MG COMPRESSE RIVESTITE CON FILM- 14 COMPRESSE IN BLISTER PA/AL/PVC-AL	OLMESARTAN MEDOXOMIL	OLMESARTAN MEDOXOMIL	20	milligrammi	Compressa rivestita con film	C09DA08	LABORATORI ALTER S.R.L.	Autorizzata	Procedura Mutuo riconoscimento o Decentrata	Medicinali soggetti a prescrizione medica
044855070	044855	OLMESARTAN MEDOXOMIL E IDROCLOROTIAZIDE ALTER	20 MG/25 MG COMPRESSE RIVESTITE CON FILM- 28 COMPRESSE IN BLISTER PA/AL/PVC-AL	OLMESARTAN MEDOXOMIL	OLMESARTAN MEDOXOMIL	20	milligrammi	Compressa rivestita con film	C09DA08	LABORATORI ALTER S.R.L.	Autorizzata	Procedura Mutuo riconoscimento o Decentrata	Medicinali soggetti a prescrizione medica
044855082	044855	OLMESARTAN MEDOXOMIL E IDROCLOROTIAZIDE ALTER	20 MG/25 MG COMPRESSE RIVESTITE CON FILM- 30 COMPRESSE IN BLISTER PA/AL/PVC-AL	OLMESARTAN MEDOXOMIL	OLMESARTAN MEDOXOMIL	20	milligrammi	Compressa rivestita con film	C09DA08	LABORATORI ALTER S.R.L.	Autorizzata	Procedura Mutuo riconoscimento o Decentrata	Medicinali soggetti a prescrizione medica
044855094	044855	OLMESARTAN MEDOXOMIL E IDROCLOROTIAZIDE ALTER	20 MG/25 MG COMPRESSE RIVESTITE CON FILM- 56 COMPRESSE IN BLISTER PA/AL/PVC-AL	OLMESARTAN MEDOXOMIL	OLMESARTAN MEDOXOMIL	20	milligrammi	Compressa rivestita con film	C09DA08	LABORATORI ALTER S.R.L.	Autorizzata	Procedura Mutuo riconoscimento o Decentrata	Medicinali soggetti a prescrizione medica
044855106	044855	OLMESARTAN MEDOXOMIL E IDROCLOROTIAZIDE ALTER	20 MG/25 MG COMPRESSE RIVESTITE CON FILM- 90 COMPRESSE IN BLISTER PA/AL/PVC-AL	OLMESARTAN MEDOXOMIL	OLMESARTAN MEDOXOMIL	20	milligrammi	Compressa rivestita con film	C09DA08	LABORATORI ALTER S.R.L.	Autorizzata	Procedura Mutuo riconoscimento o Decentrata	Medicinali soggetti a prescrizione medica
044855118	044855	OLMESARTAN MEDOXOMIL E IDROCLOROTIAZIDE ALTER	40 MG/12.5 MG COMPRESSE RIVESTITE CON FILM- 14 COMPRESSE IN BLISTER PA/AL/PVC-AL	OLMESARTAN MEDOXOMIL	OLMESARTAN MEDOXOMIL	40	milligrammi	Compressa rivestita con film	C09DA08	LABORATORI ALTER S.R.L.	Autorizzata	Procedura Mutuo riconoscimento o Decentrata	Medicinali soggetti a prescrizione medica
044855120	044855	OLMESARTAN MEDOXOMIL E IDROCLOROTIAZIDE ALTER	40 MG/12.5 MG COMPRESSE RIVESTITE CON FILM- 28 COMPRESSE IN BLISTER PA/AL/PVC-AL	OLMESARTAN MEDOXOMIL	OLMESARTAN MEDOXOMIL	40	milligrammi	Compressa rivestita con film	C09DA08	LABORATORI ALTER S.R.L.	Autorizzata	Procedura Mutuo riconoscimento o Decentrata	Medicinali soggetti a prescrizione medica
044855132	044855	OLMESARTAN MEDOXOMIL E IDROCLOROTIAZIDE ALTER	40 MG/12.5 MG COMPRESSE RIVESTITE CON FILM- 30 COMPRESSE IN BLISTER PA/AL/PVC-AL	OLMESARTAN MEDOXOMIL	OLMESARTAN MEDOXOMIL	40	milligrammi	Compressa rivestita con film	C09DA08	LABORATORI ALTER S.R.L.	Autorizzata	Procedura Mutuo riconoscimento o Decentrata	Medicinali soggetti a prescrizione medica
044855144	044855	OLMESARTAN MEDOXOMIL E IDROCLOROTIAZIDE ALTER	40 MG/12.5 MG COMPRESSE RIVESTITE CON FILM- 56 COMPRESSE IN BLISTER PA/AL/PVC-AL	OLMESARTAN MEDOXOMIL	OLMESARTAN MEDOXOMIL	40	milligrammi	Compressa rivestita con film	C09DA08	LABORATORI ALTER S.R.L.	Autorizzata	Procedura Mutuo riconoscimento o Decentrata	Medicinali soggetti a prescrizione medica
044855157	044855	OLMESARTAN MEDOXOMIL E IDROCLOROTIAZIDE ALTER	40 MG/12.5 MG COMPRESSE RIVESTITE CON FILM- 90 COMPRESSE IN BLISTER PA/AL/PVC-AL	OLMESARTAN MEDOXOMIL	OLMESARTAN MEDOXOMIL	40	milligrammi	Compressa rivestita con film	C09DA08	LABORATORI ALTER S.R.L.	Autorizzata	Procedura Mutuo riconoscimento o Decentrata	Medicinali soggetti a prescrizione medica
044855169	044855	OLMESARTAN MEDOXOMIL E IDROCLOROTIAZIDE ALTER	40 MG/25 MG COMPRESSE RIVESTITE CON FILM- 14 COMPRESSE IN BLISTER PA/AL/PVC-AL	OLMESARTAN MEDOXOMIL	OLMESARTAN MEDOXOMIL			Compressa rivestita con film	C09DA08	LABORATORI ALTER S.R.L.	Autorizzata	Procedura Mutuo riconoscimento o Decentrata	Medicinali soggetti a prescrizione medica
044855171	044855	OLMESARTAN MEDOXOMIL E IDROCLOROTIAZIDE ALTER	40 MG/25 MG COMPRESSE RIVESTITE CON FILM- 28 COMPRESSE IN BLISTER PA/AL/PVC-AL	OLMESARTAN MEDOXOMIL	OLMESARTAN MEDOXOMIL			Compressa rivestita con film	C09DA08	LABORATORI ALTER S.R.L.	Autorizzata	Procedura Mutuo riconoscimento o Decentrata	Medicinali soggetti a prescrizione medica
044855183	044855	OLMESARTAN MEDOXOMIL E IDROCLOROTIAZIDE ALTER	40 MG/25 MG COMPRESSE RIVESTITE CON FILM- 30 COMPRESSE IN BLISTER PA/AL/PVC-AL	OLMESARTAN MEDOXOMIL	OLMESARTAN MEDOXOMIL			Compressa rivestita con film	C09DA08	LABORATORI ALTER S.R.L.	Autorizzata	Procedura Mutuo riconoscimento o Decentrata	Medicinali soggetti a prescrizione medica
044855195	044855	OLMESARTAN MEDOXOMIL E IDROCLOROTIAZIDE ALTER	40 MG/25 MG COMPRESSE RIVESTITE CON FILM- 56 COMPRESSE IN BLISTER PA/AL/PVC-AL	OLMESARTAN MEDOXOMIL	OLMESARTAN MEDOXOMIL			Compressa rivestita con film	C09DA08	LABORATORI ALTER S.R.L.	Autorizzata	Procedura Mutuo riconoscimento o Decentrata	Medicinali soggetti a prescrizione medica
044855207	044855	OLMESARTAN MEDOXOMIL E IDROCLOROTIAZIDE ALTER	40 MG/25 MG COMPRESSE RIVESTITE CON FILM- 90 COMPRESSE IN BLISTER PA/AL/PVC-AL	OLMESARTAN MEDOXOMIL	OLMESARTAN MEDOXOMIL			Compressa rivestita con film	C09DA08	LABORATORI ALTER S.R.L.	Autorizzata	Procedura Mutuo riconoscimento o Decentrata	Medicinali soggetti a prescrizione medica
044922019	044922	OLMESARTAN E IDROCLOROTIAZIDE DOC	20 MG/12,5 MG COMPRESSE RIVESTITE CON FILM- 14 COMPRESSE IN BLISTER OPA/AL/PVC-AL	OLMESARTAN MEDOXOMIL	OLMESARTAN MEDOXOMIL	20	milligrammi	Compressa rivestita con film	C09DA08	DOC GENERICI SRL	Autorizzata	Procedura Mutuo riconoscimento o Decentrata	Medicinali soggetti a prescrizione medica
044922021	044922	OLMESARTAN E IDROCLOROTIAZIDE DOC	20 MG/12,5 MG COMPRESSE RIVESTITE CON FILM- 28 COMPRESSE IN BLISTER OPA/AL/PVC-AL	OLMESARTAN MEDOXOMIL	OLMESARTAN MEDOXOMIL	20	milligrammi	Compressa rivestita con film	C09DA08	DOC GENERICI SRL	Autorizzata	Procedura Mutuo riconoscimento o Decentrata	Medicinali soggetti a prescrizione medica
044922033	044922	OLMESARTAN E IDROCLOROTIAZIDE DOC	20 MG/12,5 MG COMPRESSE RIVESTITE CON FILM- 30 COMPRESSE IN BLISTER OPA/AL/PVC-AL	OLMESARTAN MEDOXOMIL	OLMESARTAN MEDOXOMIL	20	milligrammi	Compressa rivestita con film	C09DA08	DOC GENERICI SRL	Autorizzata	Procedura Mutuo riconoscimento o Decentrata	Medicinali soggetti a prescrizione medica
044922072	044922	OLMESARTAN E IDROCLOROTIAZIDE DOC	20 MG/25 MG COMPRESSE RIVESTITE CON FILM- 14 COMPRESSE IN BLISTER OPA/AL/PVC-AL	OLMESARTAN MEDOXOMIL	OLMESARTAN MEDOXOMIL	20	milligrammi	Compressa rivestita con film	C09DA08	DOC GENERICI SRL	Autorizzata	Procedura Mutuo riconoscimento o Decentrata	Medicinali soggetti a prescrizione medica
044922084	044922	OLMESARTAN E IDROCLOROTIAZIDE DOC	20 MG/25 MG COMPRESSE RIVESTITE CON FILM- 28 COMPRESSE IN BLISTER OPA/AL/PVC-AL	OLMESARTAN MEDOXOMIL	OLMESARTAN MEDOXOMIL	20	milligrammi	Compressa rivestita con film	C09DA08	DOC GENERICI SRL	Autorizzata	Procedura Mutuo riconoscimento o Decentrata	Medicinali soggetti a prescrizione medica
044922096	044922	OLMESARTAN E IDROCLOROTIAZIDE DOC	20 MG/25 MG COMPRESSE RIVESTITE CON FILM- 30 COMPRESSE IN BLISTER OPA/AL/PVC-AL	OLMESARTAN MEDOXOMIL	OLMESARTAN MEDOXOMIL	20	milligrammi	Compressa rivestita con film	C09DA08	DOC GENERICI SRL	Autorizzata	Procedura Mutuo riconoscimento o Decentrata	Medicinali soggetti a prescrizione medica
044922134	044922	OLMESARTAN E IDROCLOROTIAZIDE DOC	40 MG/12,5 MG COMPRESSE RIVESTITE CON FILM- 14 COMPRESSE IN BLISTER OPA/AL/PVC-AL	OLMESARTAN MEDOXOMIL	OLMESARTAN MEDOXOMIL	40	milligrammi	Compressa rivestita con film	C09DA08	DOC GENERICI SRL	Autorizzata	Procedura Mutuo riconoscimento o Decentrata	Medicinali soggetti a prescrizione medica
044922146	044922	OLMESARTAN E IDROCLOROTIAZIDE DOC	40 MG/12,5 MG COMPRESSE RIVESTITE CON FILM- 28 COMPRESSE IN BLISTER OPA/AL/PVC-AL	OLMESARTAN MEDOXOMIL	OLMESARTAN MEDOXOMIL	40	milligrammi	Compressa rivestita con film	C09DA08	DOC GENERICI SRL	Autorizzata	Procedura Mutuo riconoscimento o Decentrata	Medicinali soggetti a prescrizione medica
044922159	044922	OLMESARTAN E IDROCLOROTIAZIDE DOC	40 MG/12,5 MG COMPRESSE RIVESTITE CON FILM- 30 COMPRESSE IN BLISTER OPA/AL/PVC-AL	OLMESARTAN MEDOXOMIL	OLMESARTAN MEDOXOMIL	40	milligrammi	Compressa rivestita con film	C09DA08	DOC GENERICI SRL	Autorizzata	Procedura Mutuo riconoscimento o Decentrata	Medicinali soggetti a prescrizione medica
044922197	044922	OLMESARTAN E IDROCLOROTIAZIDE DOC	40 MG/25 MG COMPRESSE RIVESTITE CON FILM- 14 COMPRESSE IN BLISTER OPA/AL/PVC-AL	OLMESARTAN MEDOXOMIL	OLMESARTAN MEDOXOMIL	40	milligrammi	Compressa rivestita con film	C09DA08	DOC GENERICI SRL	Autorizzata	Procedura Mutuo riconoscimento o Decentrata	Medicinali soggetti a prescrizione medica
044922209	044922	OLMESARTAN E IDROCLOROTIAZIDE DOC	40 MG/25 MG COMPRESSE RIVESTITE CON FILM- 28 COMPRESSE IN BLISTER OPA/AL/PVC-AL	OLMESARTAN MEDOXOMIL	OLMESARTAN MEDOXOMIL	40	milligrammi	Compressa rivestita con film	C09DA08	DOC GENERICI SRL	Autorizzata	Procedura Mutuo riconoscimento o Decentrata	Medicinali soggetti a prescrizione medica
044922211	044922	OLMESARTAN E IDROCLOROTIAZIDE DOC	40 MG/25 MG COMPRESSE RIVESTITE CON FILM- 30 COMPRESSE IN BLISTER OPA/AL/PVC-AL	OLMESARTAN MEDOXOMIL	OLMESARTAN MEDOXOMIL	40	milligrammi	Compressa rivestita con film	C09DA08	DOC GENERICI SRL	Autorizzata	Procedura Mutuo riconoscimento o Decentrata	Medicinali soggetti a prescrizione medica
045005016	045005	OLMEDIE	10 MG COMPRESSE RIVESTITE CON FILM- 28 COMPRESSE IN BLISTER OPA/AL/PVC/AL	OLMESARTAN MEDOXOMIL	OLMESARTAN MEDOXOMIL	10	milligrammi	Compressa rivestita con film	C09CA08	LABORATORIO FARMACEUTICO C.T. S.R.L.	Autorizzata	Procedura Mutuo riconoscimento o Decentrata	Medicinali soggetti a prescrizione medica
045005028	045005	OLMEDIE	20 MG COMPRESSE RIVESTITE CON FILM- 28 COMPRESSE IN BLISTER OPA/AL/PVC/AL	OLMESARTAN MEDOXOMIL	OLMESARTAN MEDOXOMIL	20	milligrammi	Compressa rivestita con film	C09CA08	LABORATORIO FARMACEUTICO C.T. S.R.L.	Autorizzata	Procedura Mutuo riconoscimento o Decentrata	Medicinali soggetti a prescrizione medica
045005030	045005	OLMEDIE	40 MG COMPRESSE RIVESTITE CON FILM- 28 COMPRESSE IN BLISTER OPA/AL/PVC/AL	OLMESARTAN MEDOXOMIL	OLMESARTAN MEDOXOMIL	10	milligrammi	Compressa rivestita con film	C09CA08	LABORATORIO FARMACEUTICO C.T. S.R.L.	Autorizzata	Procedura Mutuo riconoscimento o Decentrata	Medicinali soggetti a prescrizione medica
045005042	045005	OLMEDIE	10 MG COMPRESSE RIVESTITE CON FILM- 30 COMPRESSE IN BLISTER OPA/AL/PVC/AL	OLMESARTAN MEDOXOMIL	OLMESARTAN MEDOXOMIL	10	milligrammi	Compressa rivestita con film	C09CA08	LABORATORIO FARMACEUTICO C.T. S.R.L.	Autorizzata	Procedura Mutuo riconoscimento o Decentrata	Medicinali soggetti a prescrizione medica
045005055	045005	OLMEDIE	20 MG COMPRESSE RIVESTITE CON FILM- 30 COMPRESSE IN BLISTER OPA/AL/PVC/AL	OLMESARTAN MEDOXOMIL	OLMESARTAN MEDOXOMIL	20	milligrammi	Compressa rivestita con film	C09CA08	LABORATORIO FARMACEUTICO C.T. S.R.L.	Autorizzata	Procedura Mutuo riconoscimento o Decentrata	Medicinali soggetti a prescrizione medica
045005067	045005	OLMEDIE	40 MG COMPRESSE RIVESTITE CON FILM- 30 COMPRESSE IN BLISTER OPA/AL/PVC/AL	OLMESARTAN MEDOXOMIL	OLMESARTAN MEDOXOMIL	40	milligrammi	Compressa rivestita con film	C09CA08	LABORATORIO FARMACEUTICO C.T. S.R.L.	Autorizzata	Procedura Mutuo riconoscimento o Decentrata	Medicinali soggetti a prescrizione medica
045119017	045119	OLMESARTAN MEDOXOMIL E AMLODIPINA SANDOZ	20 MG/5 MG COMPRESSE RIVESTITE CON FILM- 10 COMPRESSE IN BLISTER OPA/AL/PVC-AL	OLMESARTAN MEDOXOMIL	OLMESARTAN MEDOXOMIL			Compressa rivestita con film	C09DB02	SANDOZ S.P.A.	Autorizzata	Procedura Mutuo riconoscimento o Decentrata	Medicinali soggetti a prescrizione medica
045119029	045119	OLMESARTAN MEDOXOMIL E AMLODIPINA SANDOZ	20 MG/5 MG COMPRESSE RIVESTITE CON FILM- 14 COMPRESSE IN BLISTER OPA/AL/PVC-AL	OLMESARTAN MEDOXOMIL	OLMESARTAN MEDOXOMIL			Compressa rivestita con film	C09DB02	SANDOZ S.P.A.	Autorizzata	Procedura Mutuo riconoscimento o Decentrata	Medicinali soggetti a prescrizione medica
045119031	045119	OLMESARTAN MEDOXOMIL E AMLODIPINA SANDOZ	20 MG/5 MG COMPRESSE RIVESTITE CON FILM- 28 COMPRESSE IN BLISTER OPA/AL/PVC-AL	OLMESARTAN MEDOXOMIL	OLMESARTAN MEDOXOMIL			Compressa rivestita con film	C09DB02	SANDOZ S.P.A.	Autorizzata	Procedura Mutuo riconoscimento o Decentrata	Medicinali soggetti a prescrizione medica
045119043	045119	OLMESARTAN MEDOXOMIL E AMLODIPINA SANDOZ	20 MG/5 MG COMPRESSE RIVESTITE CON FILM- 30 COMPRESSE IN BLISTER OPA/AL/PVC-AL	OLMESARTAN MEDOXOMIL	OLMESARTAN MEDOXOMIL			Compressa rivestita con film	C09DB02	SANDOZ S.P.A.	Autorizzata	Procedura Mutuo riconoscimento o Decentrata	Medicinali soggetti a prescrizione medica
045119056	045119	OLMESARTAN MEDOXOMIL E AMLODIPINA SANDOZ	20 MG/5 MG COMPRESSE RIVESTITE CON FILM- 56 COMPRESSE IN BLISTER OPA/AL/PVC-AL	OLMESARTAN MEDOXOMIL	OLMESARTAN MEDOXOMIL			Compressa rivestita con film	C09DB02	SANDOZ S.P.A.	Autorizzata	Procedura Mutuo riconoscimento o Decentrata	Medicinali soggetti a prescrizione medica
045119068	045119	OLMESARTAN MEDOXOMIL E AMLODIPINA SANDOZ	20 MG/5 MG COMPRESSE RIVESTITE CON FILM- 90 COMPRESSE IN BLISTER OPA/AL/PVC-AL	OLMESARTAN MEDOXOMIL	OLMESARTAN MEDOXOMIL			Compressa rivestita con film	C09DB02	SANDOZ S.P.A.	Autorizzata	Procedura Mutuo riconoscimento o Decentrata	Medicinali soggetti a prescrizione medica
045119106	045119	OLMESARTAN MEDOXOMIL E AMLODIPINA SANDOZ	40 MG/5 MG COMPRESSE RIVESTITE CON FILM- 10 COMPRESSE IN BLISTER OPA/AL/PVC-AL	OLMESARTAN MEDOXOMIL	OLMESARTAN MEDOXOMIL			Compressa rivestita con film	C09DB02	SANDOZ S.P.A.	Autorizzata	Procedura Mutuo riconoscimento o Decentrata	Medicinali soggetti a prescrizione medica
045119118	045119	OLMESARTAN MEDOXOMIL E AMLODIPINA SANDOZ	40 MG/5 MG COMPRESSE RIVESTITE CON FILM- 14 COMPRESSE IN BLISTER OPA/AL/PVC-AL	OLMESARTAN MEDOXOMIL	OLMESARTAN MEDOXOMIL			Compressa rivestita con film	C09DB02	SANDOZ S.P.A.	Autorizzata	Procedura Mutuo riconoscimento o Decentrata	Medicinali soggetti a prescrizione medica
045119120	045119	OLMESARTAN MEDOXOMIL E AMLODIPINA SANDOZ	40 MG/5 MG COMPRESSE RIVESTITE CON FILM- 28 COMPRESSE IN BLISTER OPA/AL/PVC-AL	OLMESARTAN MEDOXOMIL	OLMESARTAN MEDOXOMIL			Compressa rivestita con film	C09DB02	SANDOZ S.P.A.	Autorizzata	Procedura Mutuo riconoscimento o Decentrata	Medicinali soggetti a prescrizione medica
045119132	045119	OLMESARTAN MEDOXOMIL E AMLODIPINA SANDOZ	40 MG/5 MG COMPRESSE RIVESTITE CON FILM- 30 COMPRESSE IN BLISTER OPA/AL/PVC-AL	OLMESARTAN MEDOXOMIL	OLMESARTAN MEDOXOMIL			Compressa rivestita con film	C09DB02	SANDOZ S.P.A.	Autorizzata	Procedura Mutuo riconoscimento o Decentrata	Medicinali soggetti a prescrizione medica
045119157	045119	OLMESARTAN MEDOXOMIL E AMLODIPINA SANDOZ	40 MG/5 MG COMPRESSE RIVESTITE CON FILM- 56 COMPRESSE IN BLISTER OPA/AL/PVC-AL	OLMESARTAN MEDOXOMIL	OLMESARTAN MEDOXOMIL			Compressa rivestita con film	C09DB02	SANDOZ S.P.A.	Autorizzata	Procedura Mutuo riconoscimento o Decentrata	Medicinali soggetti a prescrizione medica
045119169	045119	OLMESARTAN MEDOXOMIL E AMLODIPINA SANDOZ	40 MG/5 MG COMPRESSE RIVESTITE CON FILM- 90 COMPRESSE IN BLISTER OPA/AL/PVC-AL	OLMESARTAN MEDOXOMIL	OLMESARTAN MEDOXOMIL			Compressa rivestita con film	C09DB02	SANDOZ S.P.A.	Autorizzata	Procedura Mutuo riconoscimento o Decentrata	Medicinali soggetti a prescrizione medica
045119207	045119	OLMESARTAN MEDOXOMIL E AMLODIPINA SANDOZ	40 MG/10 MG COMPRESSE RIVESTITE CON FILM- 10 COMPRESSE IN BLISTER OPA/AL/PVC-AL	OLMESARTAN MEDOXOMIL	OLMESARTAN MEDOXOMIL			Compressa rivestita con film	C09DB02	SANDOZ S.P.A.	Autorizzata	Procedura Mutuo riconoscimento o Decentrata	Medicinali soggetti a prescrizione medica
045119219	045119	OLMESARTAN MEDOXOMIL E AMLODIPINA SANDOZ	40 MG/10 MG COMPRESSE RIVESTITE CON FILM- 14 COMPRESSE IN BLISTER OPA/AL/PVC-AL	OLMESARTAN MEDOXOMIL	OLMESARTAN MEDOXOMIL			Compressa rivestita con film	C09DB02	SANDOZ S.P.A.	Autorizzata	Procedura Mutuo riconoscimento o Decentrata	Medicinali soggetti a prescrizione medica
045119221	045119	OLMESARTAN MEDOXOMIL E AMLODIPINA SANDOZ	40 MG/10 MG COMPRESSE RIVESTITE CON FILM- 28 COMPRESSE IN BLISTER OPA/AL/PVC-AL	OLMESARTAN MEDOXOMIL	OLMESARTAN MEDOXOMIL			Compressa rivestita con film	C09DB02	SANDOZ S.P.A.	Autorizzata	Procedura Mutuo riconoscimento o Decentrata	Medicinali soggetti a prescrizione medica
045119233	045119	OLMESARTAN MEDOXOMIL E AMLODIPINA SANDOZ	40 MG/10 MG COMPRESSE RIVESTITE CON FILM- 30 COMPRESSE IN BLISTER OPA/AL/PVC-AL	OLMESARTAN MEDOXOMIL	OLMESARTAN MEDOXOMIL			Compressa rivestita con film	C09DB02	SANDOZ S.P.A.	Autorizzata	Procedura Mutuo riconoscimento o Decentrata	Medicinali soggetti a prescrizione medica
045119245	045119	OLMESARTAN MEDOXOMIL E AMLODIPINA SANDOZ	40 MG/10 MG COMPRESSE RIVESTITE CON FILM- 56 COMPRESSE IN BLISTER OPA/AL/PVC-AL	OLMESARTAN MEDOXOMIL	OLMESARTAN MEDOXOMIL			Compressa rivestita con film	C09DB02	SANDOZ S.P.A.	Autorizzata	Procedura Mutuo riconoscimento o Decentrata	Medicinali soggetti a prescrizione medica
045119258	045119	OLMESARTAN MEDOXOMIL E AMLODIPINA SANDOZ	40 MG/10 MG COMPRESSE RIVESTITE CON FILM- 90 COMPRESSE IN BLISTER OPA/AL/PVC-AL	OLMESARTAN MEDOXOMIL	OLMESARTAN MEDOXOMIL			Compressa rivestita con film	C09DB02	SANDOZ S.P.A.	Autorizzata	Procedura Mutuo riconoscimento o Decentrata	Medicinali soggetti a prescrizione medica
045119260	045119	OLMESARTAN MEDOXOMIL E AMLODIPINA SANDOZ	20 MG/5 MG COMPRESSE RIVESTITE CON FILM- 98 COMPRESSE IN BLISTER OPA/AL/PVC-AL	OLMESARTAN MEDOXOMIL	OLMESARTAN MEDOXOMIL			Compressa rivestita con film	C09DB02	SANDOZ S.P.A.	Autorizzata	Procedura Mutuo riconoscimento o Decentrata	Medicinali soggetti a prescrizione medica
045119272	045119	OLMESARTAN MEDOXOMIL E AMLODIPINA SANDOZ	40 MG/5 MG COMPRESSE RIVESTITE CON FILM- 98 COMPRESSE IN BLISTER OPA/AL/PVC-AL	OLMESARTAN MEDOXOMIL	OLMESARTAN MEDOXOMIL			Compressa rivestita con film	C09DB02	SANDOZ S.P.A.	Autorizzata	Procedura Mutuo riconoscimento o Decentrata	Medicinali soggetti a prescrizione medica
045119284	045119	OLMESARTAN MEDOXOMIL E AMLODIPINA SANDOZ	40 MG/10 MG COMPRESSE RIVESTITE CON FILM- 98 COMPRESSE IN BLISTER OPA/AL/PVC-AL	OLMESARTAN MEDOXOMIL	OLMESARTAN MEDOXOMIL			Compressa rivestita con film	C09DB02	SANDOZ S.P.A.	Autorizzata	Procedura Mutuo riconoscimento o Decentrata	Medicinali soggetti a prescrizione medica
045120019	045120	OLMAMPID	20 MG/5 MG COMPRESSE RIVESTITE CON FILM- 14 COMPRESSE IN BLISTER  AL/AL	OLMESARTAN MEDOXOMIL	OLMESARTAN MEDOXOMIL	20	milligrammi	Compressa rivestita con film	C09DB02	MYLAN S.P.A.	Autorizzata	Procedura Mutuo riconoscimento o Decentrata	Medicinali soggetti a prescrizione medica
045120021	045120	OLMAMPID	20 MG/5 MG COMPRESSE RIVESTITE CON FILM - 28 COMPRESSE IN BLISTER  AL/AL	OLMESARTAN MEDOXOMIL	OLMESARTAN MEDOXOMIL	20	milligrammi	Compressa rivestita con film	C09DB02	MYLAN S.P.A.	Autorizzata	Procedura Mutuo riconoscimento o Decentrata	Medicinali soggetti a prescrizione medica
045120033	045120	OLMAMPID	20 MG/5 MG COMPRESSE RIVESTITE CON FILM - 56 COMPRESSE IN BLISTER  AL/AL	OLMESARTAN MEDOXOMIL	OLMESARTAN MEDOXOMIL	20	milligrammi	Compressa rivestita con film	C09DB02	MYLAN S.P.A.	Autorizzata	Procedura Mutuo riconoscimento o Decentrata	Medicinali soggetti a prescrizione medica
045120045	045120	OLMAMPID	20 MG/5 MG COMPRESSE RIVESTITE CON FILM - 98 COMPRESSE IN BLISTER  AL/AL	OLMESARTAN MEDOXOMIL	OLMESARTAN MEDOXOMIL	20	milligrammi	Compressa rivestita con film	C09DB02	MYLAN S.P.A.	Autorizzata	Procedura Mutuo riconoscimento o Decentrata	Medicinali soggetti a prescrizione medica
045120058	045120	OLMAMPID	20 MG/5 MG COMPRESSE RIVESTITE CON FILM - 28 COMPRESSE IN FLACONE HDPE	OLMESARTAN MEDOXOMIL	OLMESARTAN MEDOXOMIL	20	milligrammi	Compressa rivestita con film	C09DB02	MYLAN S.P.A.	Autorizzata	Procedura Mutuo riconoscimento o Decentrata	Medicinali soggetti a prescrizione medica
045120060	045120	OLMAMPID	20 MG/5 MG COMPRESSE RIVESTITE CON FILM - 56 COMPRESSE IN FLACONE HDPE	OLMESARTAN MEDOXOMIL	OLMESARTAN MEDOXOMIL	20	milligrammi	Compressa rivestita con film	C09DB02	MYLAN S.P.A.	Autorizzata	Procedura Mutuo riconoscimento o Decentrata	Medicinali soggetti a prescrizione medica
045120072	045120	OLMAMPID	20 MG/5 MG COMPRESSE RIVESTITE CON FILM - 98 COMPRESSE IN FLACONE HDPE	OLMESARTAN MEDOXOMIL	OLMESARTAN MEDOXOMIL	20	milligrammi	Compressa rivestita con film	C09DB02	MYLAN S.P.A.	Autorizzata	Procedura Mutuo riconoscimento o Decentrata	Medicinali soggetti a prescrizione medica
045120084	045120	OLMAMPID	40 MG/5 MG COMPRESSE RIVESTITE CON FILM - 14 COMPRESSE IN BLISTER AL/AL	OLMESARTAN MEDOXOMIL	OLMESARTAN MEDOXOMIL	40	milligrammi	Compressa rivestita con film	C09DB02	MYLAN S.P.A.	Autorizzata	Procedura Mutuo riconoscimento o Decentrata	Medicinali soggetti a prescrizione medica
045120096	045120	OLMAMPID	40 MG/5 MG COMPRESSE RIVESTITE CON FILM - 28 COMPRESSE IN BLISTER AL/AL	OLMESARTAN MEDOXOMIL	OLMESARTAN MEDOXOMIL	40	milligrammi	Compressa rivestita con film	C09DB02	MYLAN S.P.A.	Autorizzata	Procedura Mutuo riconoscimento o Decentrata	Medicinali soggetti a prescrizione medica
045120108	045120	OLMAMPID	40 MG/5 MG COMPRESSE RIVESTITE CON FILM - 56 COMPRESSE IN BLISTER AL/AL	OLMESARTAN MEDOXOMIL	OLMESARTAN MEDOXOMIL	40	milligrammi	Compressa rivestita con film	C09DB02	MYLAN S.P.A.	Autorizzata	Procedura Mutuo riconoscimento o Decentrata	Medicinali soggetti a prescrizione medica
045120110	045120	OLMAMPID	40 MG/5 MG COMPRESSE RIVESTITE CON FILM - 98 COMPRESSE IN BLISTER AL/AL	OLMESARTAN MEDOXOMIL	OLMESARTAN MEDOXOMIL	40	milligrammi	Compressa rivestita con film	C09DB02	MYLAN S.P.A.	Autorizzata	Procedura Mutuo riconoscimento o Decentrata	Medicinali soggetti a prescrizione medica
045120122	045120	OLMAMPID	40 MG/5 MG COMPRESSE RIVESTITE CON FILM - 28 COMPRESSE IN FLACONE HDPE	OLMESARTAN MEDOXOMIL	OLMESARTAN MEDOXOMIL	40	milligrammi	Compressa rivestita con film	C09DB02	MYLAN S.P.A.	Autorizzata	Procedura Mutuo riconoscimento o Decentrata	Medicinali soggetti a prescrizione medica
045120134	045120	OLMAMPID	40 MG/5 MG COMPRESSE RIVESTITE CON FILM - 56 COMPRESSE IN FLACONE HDPE	OLMESARTAN MEDOXOMIL	OLMESARTAN MEDOXOMIL	40	milligrammi	Compressa rivestita con film	C09DB02	MYLAN S.P.A.	Autorizzata	Procedura Mutuo riconoscimento o Decentrata	Medicinali soggetti a prescrizione medica
045120146	045120	OLMAMPID	40 MG/5 MG COMPRESSE RIVESTITE CON FILM - 98 COMPRESSE IN FLACONE HDPE	OLMESARTAN MEDOXOMIL	OLMESARTAN MEDOXOMIL	40	milligrammi	Compressa rivestita con film	C09DB02	MYLAN S.P.A.	Autorizzata	Procedura Mutuo riconoscimento o Decentrata	Medicinali soggetti a prescrizione medica
045120159	045120	OLMAMPID	40 MG/10 MG COMPRESSE RIVESTITE CON FILM - 28 COMPRESSE IN BLISTER AL/AL	OLMESARTAN MEDOXOMIL	OLMESARTAN MEDOXOMIL	40	milligrammi	Compressa rivestita con film	C09DB02	MYLAN S.P.A.	Autorizzata	Procedura Mutuo riconoscimento o Decentrata	Medicinali soggetti a prescrizione medica
045120161	045120	OLMAMPID	40 MG/10 MG COMPRESSE RIVESTITE CON FILM - 14 COMPRESSE IN BLISTER AL/AL	OLMESARTAN MEDOXOMIL	OLMESARTAN MEDOXOMIL	40	milligrammi	Compressa rivestita con film	C09DB02	MYLAN S.P.A.	Autorizzata	Procedura Mutuo riconoscimento o Decentrata	Medicinali soggetti a prescrizione medica
045120173	045120	OLMAMPID	40 MG/10 MG COMPRESSE RIVESTITE CON FILM - 56 COMPRESSE IN BLISTER AL/AL	OLMESARTAN MEDOXOMIL	OLMESARTAN MEDOXOMIL	40	milligrammi	Compressa rivestita con film	C09DB02	MYLAN S.P.A.	Autorizzata	Procedura Mutuo riconoscimento o Decentrata	Medicinali soggetti a prescrizione medica
045120185	045120	OLMAMPID	40 MG/10 MG COMPRESSE RIVESTITE CON FILM - 98 COMPRESSE IN BLISTER AL/AL	OLMESARTAN MEDOXOMIL	OLMESARTAN MEDOXOMIL	40	milligrammi	Compressa rivestita con film	C09DB02	MYLAN S.P.A.	Autorizzata	Procedura Mutuo riconoscimento o Decentrata	Medicinali soggetti a prescrizione medica
045120197	045120	OLMAMPID	40 MG/10 MG COMPRESSE RIVESTITE CON FILM - 28 COMPRESSE IN FLACONE HDPE	OLMESARTAN MEDOXOMIL	OLMESARTAN MEDOXOMIL	40	milligrammi	Compressa rivestita con film	C09DB02	MYLAN S.P.A.	Autorizzata	Procedura Mutuo riconoscimento o Decentrata	Medicinali soggetti a prescrizione medica
045120209	045120	OLMAMPID	40 MG/10 MG COMPRESSE RIVESTITE CON FILM - 56 COMPRESSE IN FLACONE HDPE	OLMESARTAN MEDOXOMIL	OLMESARTAN MEDOXOMIL	40	milligrammi	Compressa rivestita con film	C09DB02	MYLAN S.P.A.	Autorizzata	Procedura Mutuo riconoscimento o Decentrata	Medicinali soggetti a prescrizione medica
045120211	045120	OLMAMPID	40 MG/10 MG COMPRESSE RIVESTITE CON FILM - 98 COMPRESSE IN FLACONE HDPE	OLMESARTAN MEDOXOMIL	OLMESARTAN MEDOXOMIL	40	milligrammi	Compressa rivestita con film	C09DB02	MYLAN S.P.A.	Autorizzata	Procedura Mutuo riconoscimento o Decentrata	Medicinali soggetti a prescrizione medica
045129018	045129	OLMESARTAN MEDOXOMIL E IDROCLOROTIAZIDE PENSA	20 MG / 12,5 MG COMPRESSE RIVESTITE CON FILM - 28 COMPRESSE IN BLISTER AL/AL	OLMESARTAN MEDOXOMIL	OLMESARTAN MEDOXOMIL	20	milligrammi	Compressa rivestita con film	C09DA08	TOWA PHARMACEUTICAL S.P.A.	Autorizzata	Procedura Mutuo riconoscimento o Decentrata	Medicinali soggetti a prescrizione medica
045129020	045129	OLMESARTAN MEDOXOMIL E IDROCLOROTIAZIDE PENSA	20 MG / 25 MG COMPRESSE RIVESTITE CON FILM - 28 COMPRESSE IN BLISTER AL/AL	OLMESARTAN MEDOXOMIL	OLMESARTAN MEDOXOMIL	20	milligrammi	Compressa rivestita con film	C09DA08	TOWA PHARMACEUTICAL S.P.A.	Autorizzata	Procedura Mutuo riconoscimento o Decentrata	Medicinali soggetti a prescrizione medica
045129032	045129	OLMESARTAN MEDOXOMIL E IDROCLOROTIAZIDE PENSA	40 MG / 12,5 MG COMPRESSE RIVESTITE CON FILM - 28 COMPRESSE IN BLISTER AL/AL	OLMESARTAN MEDOXOMIL	OLMESARTAN MEDOXOMIL	40	milligrammi	Compressa rivestita con film	C09DA08	TOWA PHARMACEUTICAL S.P.A.	Autorizzata	Procedura Mutuo riconoscimento o Decentrata	Medicinali soggetti a prescrizione medica
045129044	045129	OLMESARTAN MEDOXOMIL E IDROCLOROTIAZIDE PENSA	40 MG / 25 MG COMPRESSE RIVESTITE CON FILM - 28 COMPRESSE IN BLISTER AL/AL	OLMESARTAN MEDOXOMIL	OLMESARTAN MEDOXOMIL	40	milligrammi	Compressa rivestita con film	C09DA08	TOWA PHARMACEUTICAL S.P.A.	Autorizzata	Procedura Mutuo riconoscimento o Decentrata	Medicinali soggetti a prescrizione medica
045149010	045149	OLMESARTAN MEDOXOMIL PENSA	10 MG COMPRESSE RIVESTITE CON FILM - 28 COMPRESSE IN BLISTER AL/AL	OLMESARTAN MEDOXOMIL	OLMESARTAN MEDOXOMIL	10	milligrammi	Compressa rivestita con film	C09CA08	TOWA PHARMACEUTICAL S.P.A.	Autorizzata	Procedura Mutuo riconoscimento o Decentrata	Medicinali soggetti a prescrizione medica
045149022	045149	OLMESARTAN MEDOXOMIL PENSA	20 MG COMPRESSE RIVESTITE CON FILM - 28 COMPRESSE IN BLISTER AL/AL	OLMESARTAN MEDOXOMIL	OLMESARTAN MEDOXOMIL	20	milligrammi	Compressa rivestita con film	C09CA08	TOWA PHARMACEUTICAL S.P.A.	Autorizzata	Procedura Mutuo riconoscimento o Decentrata	Medicinali soggetti a prescrizione medica
045149034	045149	OLMESARTAN MEDOXOMIL PENSA	40 MG COMPRESSE RIVESTITE CON FILM - 28 COMPRESSE IN BLISTER AL/AL	OLMESARTAN MEDOXOMIL	OLMESARTAN MEDOXOMIL	40	milligrammi	Compressa rivestita con film	C09CA08	TOWA PHARMACEUTICAL S.P.A.	Autorizzata	Procedura Mutuo riconoscimento o Decentrata	Medicinali soggetti a prescrizione medica
045151014	045151	PRESDIUR	20MG/12,5MG COMPRESSE RIVESTITE CON FILM - 28 COMPRESSE IN BLISTER OPA/AL/PVC/AL	OLMESARTAN MEDOXOMIL	OLMESARTAN MEDOXOMIL	20	milligrammi	Compressa rivestita con film	C09DA08	LABORATORIO FARMACEUTICO C.T. S.R.L.	Autorizzata	Procedura Mutuo riconoscimento o Decentrata	Medicinali soggetti a prescrizione medica
045151026	045151	PRESDIUR	20MG/25MG COMPRESSE RIVESTITE CON FILM - 28 COMPRESSE IN BLISTER OPA/AL/PVC/AL	OLMESARTAN MEDOXOMIL	OLMESARTAN MEDOXOMIL	20	milligrammi	Compressa rivestita con film	C09DA08	LABORATORIO FARMACEUTICO C.T. S.R.L.	Autorizzata	Procedura Mutuo riconoscimento o Decentrata	Medicinali soggetti a prescrizione medica
045151038	045151	PRESDIUR	40MG/12,5MG COMPRESSE RIVESTITE CON FILM - 28 COMPRESSE IN BLISTER OPA/AL/PVC/AL	OLMESARTAN MEDOXOMIL	OLMESARTAN MEDOXOMIL	40	milligrammi	Compressa rivestita con film	C09DA08	LABORATORIO FARMACEUTICO C.T. S.R.L.	Autorizzata	Procedura Mutuo riconoscimento o Decentrata	Medicinali soggetti a prescrizione medica
045151040	045151	PRESDIUR	40MG/25MG COMPRESSE RIVESTITE CON FILM - 28 COMPRESSE IN BLISTER OPA/AL/PVC/AL	OLMESARTAN MEDOXOMIL	OLMESARTAN MEDOXOMIL	40	milligrammi	Compressa rivestita con film	C09DA08	LABORATORIO FARMACEUTICO C.T. S.R.L.	Autorizzata	Procedura Mutuo riconoscimento o Decentrata	Medicinali soggetti a prescrizione medica
045151053	045151	PRESDIUR	20 MG/12,5 MG COMPRESSE RIVESTITE CON FILM- 30 COMPRESSE IN BLISTER OPA/AL/PVC/AL	OLMESARTAN MEDOXOMIL	OLMESARTAN MEDOXOMIL	20	milligrammi	Compressa rivestita con film	C09DA08	LABORATORIO FARMACEUTICO C.T. S.R.L.	Autorizzata	Procedura Mutuo riconoscimento o Decentrata	Medicinali soggetti a prescrizione medica
045151065	045151	PRESDIUR	20 MG/25 MG COMPRESSE RIVESTITE CON FILM- 30 COMPRESSE IN BLISTER OPA/AL/PVC/AL	OLMESARTAN MEDOXOMIL	OLMESARTAN MEDOXOMIL	20	milligrammi	Compressa rivestita con film	C09DA08	LABORATORIO FARMACEUTICO C.T. S.R.L.	Autorizzata	Procedura Mutuo riconoscimento o Decentrata	Medicinali soggetti a prescrizione medica
045151077	045151	PRESDIUR	40 MG/12,5 MG COMPRESSE RIVESTITE CON FILM- 30 COMPRESSE IN BLISTER OPA/AL/PVC/AL	OLMESARTAN MEDOXOMIL	OLMESARTAN MEDOXOMIL	40	milligrammi	Compressa rivestita con film	C09DA08	LABORATORIO FARMACEUTICO C.T. S.R.L.	Autorizzata	Procedura Mutuo riconoscimento o Decentrata	Medicinali soggetti a prescrizione medica
045151089	045151	PRESDIUR	40 MG/25 MG COMPRESSE RIVESTITE CON FILM- 30 COMPRESSE IN BLISTER OPA/AL/PVC/AL	OLMESARTAN MEDOXOMIL	OLMESARTAN MEDOXOMIL	40	milligrammi	Compressa rivestita con film	C09DA08	LABORATORIO FARMACEUTICO C.T. S.R.L.	Autorizzata	Procedura Mutuo riconoscimento o Decentrata	Medicinali soggetti a prescrizione medica
045162017	045162	OLMESARTAN MEDOXOMIL E AMLODIPINA ZENTIVA	20MG/5MG COMPRESSE RIVESTITE CON FILM - 14 COMPRESSE IN BLISTER OPA/AL/PVC/AL	OLMESARTAN MEDOXOMIL	OLMESARTAN MEDOXOMIL			Compressa rivestita con film	C09DB02	ZENTIVA ITALIA S.R.L.	Autorizzata	Procedura Mutuo riconoscimento o Decentrata	Medicinali soggetti a prescrizione medica
045162031	045162	OLMESARTAN MEDOXOMIL E AMLODIPINA ZENTIVA	20MG/5MG COMPRESSE RIVESTITE CON FILM - 30 COMPRESSE IN BLISTER OPA/AL/PVC/AL	OLMESARTAN MEDOXOMIL	OLMESARTAN MEDOXOMIL			Compressa rivestita con film	C09DB02	ZENTIVA ITALIA S.R.L.	Autorizzata	Procedura Mutuo riconoscimento o Decentrata	Medicinali soggetti a prescrizione medica
045162043	045162	OLMESARTAN MEDOXOMIL E AMLODIPINA ZENTIVA	20MG/5MG COMPRESSE RIVESTITE CON FILM - 56 COMPRESSE IN BLISTER OPA/AL/PVC/AL	OLMESARTAN MEDOXOMIL	OLMESARTAN MEDOXOMIL			Compressa rivestita con film	C09DB02	ZENTIVA ITALIA S.R.L.	Autorizzata	Procedura Mutuo riconoscimento o Decentrata	Medicinali soggetti a prescrizione medica
045162056	045162	OLMESARTAN MEDOXOMIL E AMLODIPINA ZENTIVA	20MG/5MG COMPRESSE RIVESTITE CON FILM - 90 COMPRESSE IN BLISTER OPA/AL/PVC/AL	OLMESARTAN MEDOXOMIL	OLMESARTAN MEDOXOMIL			Compressa rivestita con film	C09DB02	ZENTIVA ITALIA S.R.L.	Autorizzata	Procedura Mutuo riconoscimento o Decentrata	Medicinali soggetti a prescrizione medica
045162068	045162	OLMESARTAN MEDOXOMIL E AMLODIPINA ZENTIVA	20MG/5MG COMPRESSE RIVESTITE CON FILM - 98 COMPRESSE IN BLISTER OPA/AL/PVC/AL	OLMESARTAN MEDOXOMIL	OLMESARTAN MEDOXOMIL			Compressa rivestita con film	C09DB02	ZENTIVA ITALIA S.R.L.	Autorizzata	Procedura Mutuo riconoscimento o Decentrata	Medicinali soggetti a prescrizione medica
045162070	045162	OLMESARTAN MEDOXOMIL E AMLODIPINA ZENTIVA	40MG/5MG COMPRESSE RIVESTITE CON FILM - 14 COMPRESSE IN BLISTER OPA/AL/PVC/AL	OLMESARTAN MEDOXOMIL	OLMESARTAN MEDOXOMIL			Compressa rivestita con film	C09DB02	ZENTIVA ITALIA S.R.L.	Autorizzata	Procedura Mutuo riconoscimento o Decentrata	Medicinali soggetti a prescrizione medica
045162094	045162	OLMESARTAN MEDOXOMIL E AMLODIPINA ZENTIVA	40MG/5MG COMPRESSE RIVESTITE CON FILM - 30 COMPRESSE IN BLISTER OPA/AL/PVC/AL	OLMESARTAN MEDOXOMIL	OLMESARTAN MEDOXOMIL			Compressa rivestita con film	C09DB02	ZENTIVA ITALIA S.R.L.	Autorizzata	Procedura Mutuo riconoscimento o Decentrata	Medicinali soggetti a prescrizione medica
045162106	045162	OLMESARTAN MEDOXOMIL E AMLODIPINA ZENTIVA	40MG/5MG COMPRESSE RIVESTITE CON FILM - 56 COMPRESSE IN BLISTER OPA/AL/PVC/AL	OLMESARTAN MEDOXOMIL	OLMESARTAN MEDOXOMIL			Compressa rivestita con film	C09DB02	ZENTIVA ITALIA S.R.L.	Autorizzata	Procedura Mutuo riconoscimento o Decentrata	Medicinali soggetti a prescrizione medica
045162118	045162	OLMESARTAN MEDOXOMIL E AMLODIPINA ZENTIVA	40MG/5MG COMPRESSE RIVESTITE CON FILM - 90 COMPRESSE IN BLISTER OPA/AL/PVC/AL	OLMESARTAN MEDOXOMIL	OLMESARTAN MEDOXOMIL			Compressa rivestita con film	C09DB02	ZENTIVA ITALIA S.R.L.	Autorizzata	Procedura Mutuo riconoscimento o Decentrata	Medicinali soggetti a prescrizione medica
045162120	045162	OLMESARTAN MEDOXOMIL E AMLODIPINA ZENTIVA	40MG/5MG COMPRESSE RIVESTITE CON FILM - 98 COMPRESSE IN BLISTER OPA/AL/PVC/AL	OLMESARTAN MEDOXOMIL	OLMESARTAN MEDOXOMIL			Compressa rivestita con film	C09DB02	ZENTIVA ITALIA S.R.L.	Autorizzata	Procedura Mutuo riconoscimento o Decentrata	Medicinali soggetti a prescrizione medica
045162132	045162	OLMESARTAN MEDOXOMIL E AMLODIPINA ZENTIVA	40MG/10MG COMPRESSE RIVESTITE CON FILM - 14 COMPRESSE IN BLISTER OPA/AL/PVC/AL	OLMESARTAN MEDOXOMIL	OLMESARTAN MEDOXOMIL			Compressa rivestita con film	C09DB02	ZENTIVA ITALIA S.R.L.	Autorizzata	Procedura Mutuo riconoscimento o Decentrata	Medicinali soggetti a prescrizione medica
045162157	045162	OLMESARTAN MEDOXOMIL E AMLODIPINA ZENTIVA	40MG/10MG COMPRESSE RIVESTITE CON FILM - 30 COMPRESSE IN BLISTER OPA/AL/PVC/AL	OLMESARTAN MEDOXOMIL	OLMESARTAN MEDOXOMIL			Compressa rivestita con film	C09DB02	ZENTIVA ITALIA S.R.L.	Autorizzata	Procedura Mutuo riconoscimento o Decentrata	Medicinali soggetti a prescrizione medica
045162169	045162	OLMESARTAN MEDOXOMIL E AMLODIPINA ZENTIVA	40MG/10MG COMPRESSE RIVESTITE CON FILM - 56 COMPRESSE IN BLISTER OPA/AL/PVC/AL	OLMESARTAN MEDOXOMIL	OLMESARTAN MEDOXOMIL			Compressa rivestita con film	C09DB02	ZENTIVA ITALIA S.R.L.	Autorizzata	Procedura Mutuo riconoscimento o Decentrata	Medicinali soggetti a prescrizione medica
045162171	045162	OLMESARTAN MEDOXOMIL E AMLODIPINA ZENTIVA	40MG/10MG COMPRESSE RIVESTITE CON FILM - 90 COMPRESSE IN BLISTER OPA/AL/PVC/AL	OLMESARTAN MEDOXOMIL	OLMESARTAN MEDOXOMIL			Compressa rivestita con film	C09DB02	ZENTIVA ITALIA S.R.L.	Autorizzata	Procedura Mutuo riconoscimento o Decentrata	Medicinali soggetti a prescrizione medica
045162183	045162	OLMESARTAN MEDOXOMIL E AMLODIPINA ZENTIVA	40MG/10MG COMPRESSE RIVESTITE CON FILM - 98 COMPRESSE IN BLISTER OPA/AL/PVC/AL	OLMESARTAN MEDOXOMIL	OLMESARTAN MEDOXOMIL			Compressa rivestita con film	C09DB02	ZENTIVA ITALIA S.R.L.	Autorizzata	Procedura Mutuo riconoscimento o Decentrata	Medicinali soggetti a prescrizione medica
045197011	045197	OLMESARTAN MEDOXOMIL E IDROCLOROTIAZIDE MYLAN	20 MG/12,5 MG COMPRESSE RIVESTITE CON FILM- 14 COMPRESSE IN BLISTER OPA/AL/PVC/AL	OLMESARTAN MEDOXOMIL	OLMESARTAN MEDOXOMIL			Compressa rivestita con film	C09DA08	MYLAN S.P.A.	Autorizzata	Procedura Mutuo riconoscimento o Decentrata	Medicinali soggetti a prescrizione medica
045197023	045197	OLMESARTAN MEDOXOMIL E IDROCLOROTIAZIDE MYLAN	20 MG/12,5 MG COMPRESSE RIVESTITE CON FILM- 28 COMPRESSE IN BLISTER OPA/AL/PVC/AL	OLMESARTAN MEDOXOMIL	OLMESARTAN MEDOXOMIL	20	milligrammi	Compressa rivestita con film	C09DA08	MYLAN S.P.A.	Autorizzata	Procedura Mutuo riconoscimento o Decentrata	Medicinali soggetti a prescrizione medica
045197035	045197	OLMESARTAN MEDOXOMIL E IDROCLOROTIAZIDE MYLAN	20 MG/12,5 MG COMPRESSE RIVESTITE CON FILM- 28 COMPRESSE IN BLISTER OPA/AL/PVC/AL CON CALENDARIO	OLMESARTAN MEDOXOMIL	OLMESARTAN MEDOXOMIL			Compressa rivestita con film	C09DA08	MYLAN S.P.A.	Autorizzata	Procedura Mutuo riconoscimento o Decentrata	Medicinali soggetti a prescrizione medica
045197047	045197	OLMESARTAN MEDOXOMIL E IDROCLOROTIAZIDE MYLAN	20 MG/12,5 MG COMPRESSE RIVESTITE CON FILM- 30 COMPRESSE IN BLISTER OPA/AL/PVC/AL	OLMESARTAN MEDOXOMIL	OLMESARTAN MEDOXOMIL			Compressa rivestita con film	C09DA08	MYLAN S.P.A.	Autorizzata	Procedura Mutuo riconoscimento o Decentrata	Medicinali soggetti a prescrizione medica
045197050	045197	OLMESARTAN MEDOXOMIL E IDROCLOROTIAZIDE MYLAN	20 MG/12,5 MG COMPRESSE RIVESTITE CON FILM- 56 COMPRESSE IN BLISTER OPA/AL/PVC/AL	OLMESARTAN MEDOXOMIL	OLMESARTAN MEDOXOMIL			Compressa rivestita con film	C09DA08	MYLAN S.P.A.	Autorizzata	Procedura Mutuo riconoscimento o Decentrata	Medicinali soggetti a prescrizione medica
045197062	045197	OLMESARTAN MEDOXOMIL E IDROCLOROTIAZIDE MYLAN	20 MG/12,5 MG COMPRESSE RIVESTITE CON FILM- 90 COMPRESSE IN BLISTER OPA/AL/PVC/AL	OLMESARTAN MEDOXOMIL	OLMESARTAN MEDOXOMIL			Compressa rivestita con film	C09DA08	MYLAN S.P.A.	Autorizzata	Procedura Mutuo riconoscimento o Decentrata	Medicinali soggetti a prescrizione medica
045197074	045197	OLMESARTAN MEDOXOMIL E IDROCLOROTIAZIDE MYLAN	20 MG/12,5 MG COMPRESSE RIVESTITE CON FILM- 98 COMPRESSE IN BLISTER OPA/AL/PVC/AL	OLMESARTAN MEDOXOMIL	OLMESARTAN MEDOXOMIL			Compressa rivestita con film	C09DA08	MYLAN S.P.A.	Autorizzata	Procedura Mutuo riconoscimento o Decentrata	Medicinali soggetti a prescrizione medica
045197086	045197	OLMESARTAN MEDOXOMIL E IDROCLOROTIAZIDE MYLAN	20 MG/25 MG COMPRESSE RIVESTITE CON FILM- 14 COMPRESSE IN BLISTER OPA/AL/PVC/AL	OLMESARTAN MEDOXOMIL	OLMESARTAN MEDOXOMIL			Compressa rivestita con film	C09DA08	MYLAN S.P.A.	Autorizzata	Procedura Mutuo riconoscimento o Decentrata	Medicinali soggetti a prescrizione medica
045197100	045197	OLMESARTAN MEDOXOMIL E IDROCLOROTIAZIDE MYLAN	20 MG/25 MG COMPRESSE RIVESTITE CON FILM- 28 COMPRESSE IN BLISTER OPA/AL/PVC/AL CON CALENDARIO	OLMESARTAN MEDOXOMIL	OLMESARTAN MEDOXOMIL			Compressa rivestita con film	C09DA08	MYLAN S.P.A.	Autorizzata	Procedura Mutuo riconoscimento o Decentrata	Medicinali soggetti a prescrizione medica
045197112	045197	OLMESARTAN MEDOXOMIL E IDROCLOROTIAZIDE MYLAN	20 MG/25 MG COMPRESSE RIVESTITE CON FILM- 30 COMPRESSE IN BLISTER OPA/AL/PVC/AL	OLMESARTAN MEDOXOMIL	OLMESARTAN MEDOXOMIL			Compressa rivestita con film	C09DA08	MYLAN S.P.A.	Autorizzata	Procedura Mutuo riconoscimento o Decentrata	Medicinali soggetti a prescrizione medica
045197124	045197	OLMESARTAN MEDOXOMIL E IDROCLOROTIAZIDE MYLAN	20 MG/25 MG COMPRESSE RIVESTITE CON FILM- 56 COMPRESSE IN BLISTER OPA/AL/PVC/AL	OLMESARTAN MEDOXOMIL	OLMESARTAN MEDOXOMIL			Compressa rivestita con film	C09DA08	MYLAN S.P.A.	Autorizzata	Procedura Mutuo riconoscimento o Decentrata	Medicinali soggetti a prescrizione medica
045197136	045197	OLMESARTAN MEDOXOMIL E IDROCLOROTIAZIDE MYLAN	20 MG/25 MG COMPRESSE RIVESTITE CON FILM- 90 COMPRESSE IN BLISTER OPA/AL/PVC/AL	OLMESARTAN MEDOXOMIL	OLMESARTAN MEDOXOMIL			Compressa rivestita con film	C09DA08	MYLAN S.P.A.	Autorizzata	Procedura Mutuo riconoscimento o Decentrata	Medicinali soggetti a prescrizione medica
045197148	045197	OLMESARTAN MEDOXOMIL E IDROCLOROTIAZIDE MYLAN	20 MG/25 MG COMPRESSE RIVESTITE CON FILM- 98 COMPRESSE IN BLISTER OPA/AL/PVC/AL	OLMESARTAN MEDOXOMIL	OLMESARTAN MEDOXOMIL			Compressa rivestita con film	C09DA08	MYLAN S.P.A.	Autorizzata	Procedura Mutuo riconoscimento o Decentrata	Medicinali soggetti a prescrizione medica
045197151	045197	OLMESARTAN MEDOXOMIL E IDROCLOROTIAZIDE MYLAN	40 MG/12,5 MG COMPRESSE RIVESTITE CON FILM- 14 COMPRESSE IN BLISTER OPA/AL/PVC/AL	OLMESARTAN MEDOXOMIL	OLMESARTAN MEDOXOMIL			Compressa rivestita con film	C09DA08	MYLAN S.P.A.	Autorizzata	Procedura Mutuo riconoscimento o Decentrata	Medicinali soggetti a prescrizione medica
045197175	045197	OLMESARTAN MEDOXOMIL E IDROCLOROTIAZIDE MYLAN	40 MG/12,5 MG COMPRESSE RIVESTITE CON FILM- 28 COMPRESSE IN BLISTER OPA/AL/PVC/AL CON CALENDARIO	OLMESARTAN MEDOXOMIL	OLMESARTAN MEDOXOMIL			Compressa rivestita con film	C09DA08	MYLAN S.P.A.	Autorizzata	Procedura Mutuo riconoscimento o Decentrata	Medicinali soggetti a prescrizione medica
045197187	045197	OLMESARTAN MEDOXOMIL E IDROCLOROTIAZIDE MYLAN	40 MG/12,5 MG COMPRESSE RIVESTITE CON FILM- 30 COMPRESSE IN BLISTER OPA/AL/PVC/AL	OLMESARTAN MEDOXOMIL	OLMESARTAN MEDOXOMIL			Compressa rivestita con film	C09DA08	MYLAN S.P.A.	Autorizzata	Procedura Mutuo riconoscimento o Decentrata	Medicinali soggetti a prescrizione medica
045197199	045197	OLMESARTAN MEDOXOMIL E IDROCLOROTIAZIDE MYLAN	40 MG/12,5 MG COMPRESSE RIVESTITE CON FILM- 56 COMPRESSE IN BLISTER OPA/AL/PVC/AL	OLMESARTAN MEDOXOMIL	OLMESARTAN MEDOXOMIL			Compressa rivestita con film	C09DA08	MYLAN S.P.A.	Autorizzata	Procedura Mutuo riconoscimento o Decentrata	Medicinali soggetti a prescrizione medica
045197201	045197	OLMESARTAN MEDOXOMIL E IDROCLOROTIAZIDE MYLAN	40 MG/12,5 MG COMPRESSE RIVESTITE CON FILM- 90 COMPRESSE IN BLISTER OPA/AL/PVC/AL	OLMESARTAN MEDOXOMIL	OLMESARTAN MEDOXOMIL			Compressa rivestita con film	C09DA08	MYLAN S.P.A.	Autorizzata	Procedura Mutuo riconoscimento o Decentrata	Medicinali soggetti a prescrizione medica
045197213	045197	OLMESARTAN MEDOXOMIL E IDROCLOROTIAZIDE MYLAN	40 MG/12,5 MG COMPRESSE RIVESTITE CON FILM- 98 COMPRESSE IN BLISTER OPA/AL/PVC/AL	OLMESARTAN MEDOXOMIL	OLMESARTAN MEDOXOMIL			Compressa rivestita con film	C09DA08	MYLAN S.P.A.	Autorizzata	Procedura Mutuo riconoscimento o Decentrata	Medicinali soggetti a prescrizione medica
045197225	045197	OLMESARTAN MEDOXOMIL E IDROCLOROTIAZIDE MYLAN	40 MG/25 MG COMPRESSE RIVESTITE CON FILM- 14 COMPRESSE IN BLISTER OPA/AL/PVC/AL	OLMESARTAN MEDOXOMIL	OLMESARTAN MEDOXOMIL			Compressa rivestita con film	C09DA08	MYLAN S.P.A.	Autorizzata	Procedura Mutuo riconoscimento o Decentrata	Medicinali soggetti a prescrizione medica
045197249	045197	OLMESARTAN MEDOXOMIL E IDROCLOROTIAZIDE MYLAN	40 MG/25 MG COMPRESSE RIVESTITE CON FILM- 28 COMPRESSE IN BLISTER OPA/AL/PVC/AL CON CALENDARIO	OLMESARTAN MEDOXOMIL	OLMESARTAN MEDOXOMIL			Compressa rivestita con film	C09DA08	MYLAN S.P.A.	Autorizzata	Procedura Mutuo riconoscimento o Decentrata	Medicinali soggetti a prescrizione medica
045197252	045197	OLMESARTAN MEDOXOMIL E IDROCLOROTIAZIDE MYLAN	40 MG/25 MG COMPRESSE RIVESTITE CON FILM- 30 COMPRESSE IN BLISTER OPA/AL/PVC/AL	OLMESARTAN MEDOXOMIL	OLMESARTAN MEDOXOMIL			Compressa rivestita con film	C09DA08	MYLAN S.P.A.	Autorizzata	Procedura Mutuo riconoscimento o Decentrata	Medicinali soggetti a prescrizione medica
045197264	045197	OLMESARTAN MEDOXOMIL E IDROCLOROTIAZIDE MYLAN	40 MG/25 MG COMPRESSE RIVESTITE CON FILM- 56 COMPRESSE IN BLISTER OPA/AL/PVC/AL	OLMESARTAN MEDOXOMIL	OLMESARTAN MEDOXOMIL			Compressa rivestita con film	C09DA08	MYLAN S.P.A.	Autorizzata	Procedura Mutuo riconoscimento o Decentrata	Medicinali soggetti a prescrizione medica
045197276	045197	OLMESARTAN MEDOXOMIL E IDROCLOROTIAZIDE MYLAN	40 MG/25 MG COMPRESSE RIVESTITE CON FILM- 90 COMPRESSE IN BLISTER OPA/AL/PVC/AL	OLMESARTAN MEDOXOMIL	OLMESARTAN MEDOXOMIL			Compressa rivestita con film	C09DA08	MYLAN S.P.A.	Autorizzata	Procedura Mutuo riconoscimento o Decentrata	Medicinali soggetti a prescrizione medica
045197288	045197	OLMESARTAN MEDOXOMIL E IDROCLOROTIAZIDE MYLAN	40 MG/25 MG COMPRESSE RIVESTITE CON FILM- 98 COMPRESSE IN BLISTER OPA/AL/PVC/AL	OLMESARTAN MEDOXOMIL	OLMESARTAN MEDOXOMIL			Compressa rivestita con film	C09DA08	MYLAN S.P.A.	Autorizzata	Procedura Mutuo riconoscimento o Decentrata	Medicinali soggetti a prescrizione medica
045340015	045340	OLMESARTAN E AMLODIPINA HCS	20 MG/5 MG COMPRESSE RIVESTITE CON FILM- 14 COMPRESSE IN BLISTER OPA/AL/PVC/AL	OLMESARTAN MEDOXOMIL	OLMESARTAN MEDOXOMIL			Compressa rivestita con film	C09DB02	HCS BV	Autorizzata	Procedura Mutuo riconoscimento o Decentrata	Medicinali soggetti a prescrizione medica
045340027	045340	OLMESARTAN E AMLODIPINA HCS	20 MG/5 MG COMPRESSE RIVESTITE CON FILM- 28 COMPRESSE IN BLISTER OPA/AL/PVC/AL	OLMESARTAN MEDOXOMIL	OLMESARTAN MEDOXOMIL			Compressa rivestita con film	C09DB02	HCS BV	Autorizzata	Procedura Mutuo riconoscimento o Decentrata	Medicinali soggetti a prescrizione medica
045340039	045340	OLMESARTAN E AMLODIPINA HCS	20 MG/5 MG COMPRESSE RIVESTITE CON FILM- 30 COMPRESSE IN BLISTER OPA/AL/PVC/AL	OLMESARTAN MEDOXOMIL	OLMESARTAN MEDOXOMIL			Compressa rivestita con film	C09DB02	HCS BV	Autorizzata	Procedura Mutuo riconoscimento o Decentrata	Medicinali soggetti a prescrizione medica
045340041	045340	OLMESARTAN E AMLODIPINA HCS	20 MG/5 MG COMPRESSE RIVESTITE CON FILM- 56 COMPRESSE IN BLISTER OPA/AL/PVC/AL	OLMESARTAN MEDOXOMIL	OLMESARTAN MEDOXOMIL			Compressa rivestita con film	C09DB02	HCS BV	Autorizzata	Procedura Mutuo riconoscimento o Decentrata	Medicinali soggetti a prescrizione medica
045340066	045340	OLMESARTAN E AMLODIPINA HCS	20 MG/5 MG COMPRESSE RIVESTITE CON FILM- 60 COMPRESSE IN BLISTER OPA/AL/PVC/AL	OLMESARTAN MEDOXOMIL	OLMESARTAN MEDOXOMIL			Compressa rivestita con film	C09DB02	HCS BV	Autorizzata	Procedura Mutuo riconoscimento o Decentrata	Medicinali soggetti a prescrizione medica
045340078	045340	OLMESARTAN E AMLODIPINA HCS	20 MG/5 MG COMPRESSE RIVESTITE CON FILM- 84 COMPRESSE IN BLISTER OPA/AL/PVC/AL	OLMESARTAN MEDOXOMIL	OLMESARTAN MEDOXOMIL			Compressa rivestita con film	C09DB02	HCS BV	Autorizzata	Procedura Mutuo riconoscimento o Decentrata	Medicinali soggetti a prescrizione medica
045340080	045340	OLMESARTAN E AMLODIPINA HCS	20 MG/5 MG COMPRESSE RIVESTITE CON FILM- 90 COMPRESSE IN BLISTER OPA/AL/PVC/AL	OLMESARTAN MEDOXOMIL	OLMESARTAN MEDOXOMIL			Compressa rivestita con film	C09DB02	HCS BV	Autorizzata	Procedura Mutuo riconoscimento o Decentrata	Medicinali soggetti a prescrizione medica
045340092	045340	OLMESARTAN E AMLODIPINA HCS	20 MG/5 MG COMPRESSE RIVESTITE CON FILM- 98 COMPRESSE IN BLISTER OPA/AL/PVC/AL	OLMESARTAN MEDOXOMIL	OLMESARTAN MEDOXOMIL			Compressa rivestita con film	C09DB02	HCS BV	Autorizzata	Procedura Mutuo riconoscimento o Decentrata	Medicinali soggetti a prescrizione medica
045340104	045340	OLMESARTAN E AMLODIPINA HCS	20 MG/5 MG COMPRESSE RIVESTITE CON FILM- 100 COMPRESSE IN BLISTER OPA/AL/PVC/AL	OLMESARTAN MEDOXOMIL	OLMESARTAN MEDOXOMIL			Compressa rivestita con film	C09DB02	HCS BV	Autorizzata	Procedura Mutuo riconoscimento o Decentrata	Medicinali soggetti a prescrizione medica
045340116	045340	OLMESARTAN E AMLODIPINA HCS	40 MG/5 MG COMPRESSE RIVESTITE CON FILM- 14 COMPRESSE IN BLISTER OPA/AL/PVC/AL	OLMESARTAN MEDOXOMIL	OLMESARTAN MEDOXOMIL			Compressa rivestita con film	C09DB02	HCS BV	Autorizzata	Procedura Mutuo riconoscimento o Decentrata	Medicinali soggetti a prescrizione medica
045340128	045340	OLMESARTAN E AMLODIPINA HCS	40 MG/5 MG COMPRESSE RIVESTITE CON FILM- 28 COMPRESSE IN BLISTER OPA/AL/PVC/AL	OLMESARTAN MEDOXOMIL	OLMESARTAN MEDOXOMIL			Compressa rivestita con film	C09DB02	HCS BV	Autorizzata	Procedura Mutuo riconoscimento o Decentrata	Medicinali soggetti a prescrizione medica
045340130	045340	OLMESARTAN E AMLODIPINA HCS	40 MG/5 MG COMPRESSE RIVESTITE CON FILM- 30 COMPRESSE IN BLISTER OPA/AL/PVC/AL	OLMESARTAN MEDOXOMIL	OLMESARTAN MEDOXOMIL			Compressa rivestita con film	C09DB02	HCS BV	Autorizzata	Procedura Mutuo riconoscimento o Decentrata	Medicinali soggetti a prescrizione medica
045340142	045340	OLMESARTAN E AMLODIPINA HCS	40 MG/5 MG COMPRESSE RIVESTITE CON FILM- 56 COMPRESSE IN BLISTER OPA/AL/PVC/AL	OLMESARTAN MEDOXOMIL	OLMESARTAN MEDOXOMIL			Compressa rivestita con film	C09DB02	HCS BV	Autorizzata	Procedura Mutuo riconoscimento o Decentrata	Medicinali soggetti a prescrizione medica
045340155	045340	OLMESARTAN E AMLODIPINA HCS	40 MG/5 MG COMPRESSE RIVESTITE CON FILM- 60 COMPRESSE IN BLISTER OPA/AL/PVC/AL	OLMESARTAN MEDOXOMIL	OLMESARTAN MEDOXOMIL			Compressa rivestita con film	C09DB02	HCS BV	Autorizzata	Procedura Mutuo riconoscimento o Decentrata	Medicinali soggetti a prescrizione medica
045340167	045340	OLMESARTAN E AMLODIPINA HCS	40 MG/5 MG COMPRESSE RIVESTITE CON FILM- 84 COMPRESSE IN BLISTER OPA/AL/PVC/AL	OLMESARTAN MEDOXOMIL	OLMESARTAN MEDOXOMIL			Compressa rivestita con film	C09DB02	HCS BV	Autorizzata	Procedura Mutuo riconoscimento o Decentrata	Medicinali soggetti a prescrizione medica
045340179	045340	OLMESARTAN E AMLODIPINA HCS	40 MG/5 MG COMPRESSE RIVESTITE CON FILM- 90 COMPRESSE IN BLISTER OPA/AL/PVC/AL	OLMESARTAN MEDOXOMIL	OLMESARTAN MEDOXOMIL			Compressa rivestita con film	C09DB02	HCS BV	Autorizzata	Procedura Mutuo riconoscimento o Decentrata	Medicinali soggetti a prescrizione medica
045340181	045340	OLMESARTAN E AMLODIPINA HCS	40 MG/5 MG COMPRESSE RIVESTITE CON FILM- 98 COMPRESSE IN BLISTER OPA/AL/PVC/AL	OLMESARTAN MEDOXOMIL	OLMESARTAN MEDOXOMIL			Compressa rivestita con film	C09DB02	HCS BV	Autorizzata	Procedura Mutuo riconoscimento o Decentrata	Medicinali soggetti a prescrizione medica
045340193	045340	OLMESARTAN E AMLODIPINA HCS	40 MG/5 MG COMPRESSE RIVESTITE CON FILM- 100 COMPRESSE IN BLISTER OPA/AL/PVC/AL	OLMESARTAN MEDOXOMIL	OLMESARTAN MEDOXOMIL			Compressa rivestita con film	C09DB02	HCS BV	Autorizzata	Procedura Mutuo riconoscimento o Decentrata	Medicinali soggetti a prescrizione medica
045340205	045340	OLMESARTAN E AMLODIPINA HCS	40 MG/10 MG COMPRESSE RIVESTITE CON FILM- 14 COMPRESSE IN BLISTER OPA/AL/PVC/AL	OLMESARTAN MEDOXOMIL	OLMESARTAN MEDOXOMIL			Compressa rivestita con film	C09DB02	HCS BV	Autorizzata	Procedura Mutuo riconoscimento o Decentrata	Medicinali soggetti a prescrizione medica
045340217	045340	OLMESARTAN E AMLODIPINA HCS	40 MG/10 MG COMPRESSE RIVESTITE CON FILM- 28 COMPRESSE IN BLISTER OPA/AL/PVC/AL	OLMESARTAN MEDOXOMIL	OLMESARTAN MEDOXOMIL			Compressa rivestita con film	C09DB02	HCS BV	Autorizzata	Procedura Mutuo riconoscimento o Decentrata	Medicinali soggetti a prescrizione medica
045340229	045340	OLMESARTAN E AMLODIPINA HCS	40 MG/10 MG COMPRESSE RIVESTITE CON FILM- 30 COMPRESSE IN BLISTER OPA/AL/PVC/AL	OLMESARTAN MEDOXOMIL	OLMESARTAN MEDOXOMIL			Compressa rivestita con film	C09DB02	HCS BV	Autorizzata	Procedura Mutuo riconoscimento o Decentrata	Medicinali soggetti a prescrizione medica
045340231	045340	OLMESARTAN E AMLODIPINA HCS	40 MG/10 MG COMPRESSE RIVESTITE CON FILM- 56 COMPRESSE IN BLISTER OPA/AL/PVC/AL	OLMESARTAN MEDOXOMIL	OLMESARTAN MEDOXOMIL			Compressa rivestita con film	C09DB02	HCS BV	Autorizzata	Procedura Mutuo riconoscimento o Decentrata	Medicinali soggetti a prescrizione medica
045340243	045340	OLMESARTAN E AMLODIPINA HCS	40 MG/10 MG COMPRESSE RIVESTITE CON FILM- 60 COMPRESSE IN BLISTER OPA/AL/PVC/AL	OLMESARTAN MEDOXOMIL	OLMESARTAN MEDOXOMIL			Compressa rivestita con film	C09DB02	HCS BV	Autorizzata	Procedura Mutuo riconoscimento o Decentrata	Medicinali soggetti a prescrizione medica
045340256	045340	OLMESARTAN E AMLODIPINA HCS	40 MG/10 MG COMPRESSE RIVESTITE CON FILM- 84 COMPRESSE IN BLISTER OPA/AL/PVC/AL	OLMESARTAN MEDOXOMIL	OLMESARTAN MEDOXOMIL			Compressa rivestita con film	C09DB02	HCS BV	Autorizzata	Procedura Mutuo riconoscimento o Decentrata	Medicinali soggetti a prescrizione medica
045340268	045340	OLMESARTAN E AMLODIPINA HCS	40 MG/10 MG COMPRESSE RIVESTITE CON FILM- 90 COMPRESSE IN BLISTER OPA/AL/PVC/AL	OLMESARTAN MEDOXOMIL	OLMESARTAN MEDOXOMIL			Compressa rivestita con film	C09DB02	HCS BV	Autorizzata	Procedura Mutuo riconoscimento o Decentrata	Medicinali soggetti a prescrizione medica
045340270	045340	OLMESARTAN E AMLODIPINA HCS	40 MG/10 MG COMPRESSE RIVESTITE CON FILM- 98 COMPRESSE IN BLISTER OPA/AL/PVC/AL	OLMESARTAN MEDOXOMIL	OLMESARTAN MEDOXOMIL			Compressa rivestita con film	C09DB02	HCS BV	Autorizzata	Procedura Mutuo riconoscimento o Decentrata	Medicinali soggetti a prescrizione medica
045340282	045340	OLMESARTAN E AMLODIPINA HCS	40 MG/10 MG COMPRESSE RIVESTITE CON FILM- 100 COMPRESSE IN BLISTER OPA/AL/PVC/AL	OLMESARTAN MEDOXOMIL	OLMESARTAN MEDOXOMIL			Compressa rivestita con film	C09DB02	HCS BV	Autorizzata	Procedura Mutuo riconoscimento o Decentrata	Medicinali soggetti a prescrizione medica
045340294	045340	OLMESARTAN E AMLODIPINA HCS	20 MG/5 MG COMPRESSE RIVESTITE CON FILM- 14 COMPRESSE IN BLISTER OPA/AL/PVC/AL CON CALENDARIO	OLMESARTAN MEDOXOMIL	OLMESARTAN MEDOXOMIL			Compressa rivestita con film	C09DB02	HCS BV	Autorizzata	Procedura Mutuo riconoscimento o Decentrata	Medicinali soggetti a prescrizione medica
045340306	045340	OLMESARTAN E AMLODIPINA HCS	20 MG/5 MG COMPRESSE RIVESTITE CON FILM- 28 COMPRESSE IN BLISTER OPA/AL/PVC/AL CON CALENDARIO	OLMESARTAN MEDOXOMIL	OLMESARTAN MEDOXOMIL			Compressa rivestita con film	C09DB02	HCS BV	Autorizzata	Procedura Mutuo riconoscimento o Decentrata	Medicinali soggetti a prescrizione medica
045340318	045340	OLMESARTAN E AMLODIPINA HCS	20 MG/5 MG COMPRESSE RIVESTITE CON FILM- 56 COMPRESSE IN BLISTER OPA/AL/PVC/AL CON CALENDARIO	OLMESARTAN MEDOXOMIL	OLMESARTAN MEDOXOMIL			Compressa rivestita con film	C09DB02	HCS BV	Autorizzata	Procedura Mutuo riconoscimento o Decentrata	Medicinali soggetti a prescrizione medica
045340320	045340	OLMESARTAN E AMLODIPINA HCS	20 MG/5 MG COMPRESSE RIVESTITE CON FILM- 98 COMPRESSE IN BLISTER OPA/AL/PVC/AL CON CALENDARIO	OLMESARTAN MEDOXOMIL	OLMESARTAN MEDOXOMIL			Compressa rivestita con film	C09DB02	HCS BV	Autorizzata	Procedura Mutuo riconoscimento o Decentrata	Medicinali soggetti a prescrizione medica
045340332	045340	OLMESARTAN E AMLODIPINA HCS	40 MG/5 MG COMPRESSE RIVESTITE CON FILM- 14 COMPRESSE IN BLISTER OPA/AL/PVC/AL CON CALENDARIO	OLMESARTAN MEDOXOMIL	OLMESARTAN MEDOXOMIL			Compressa rivestita con film	C09DB02	HCS BV	Autorizzata	Procedura Mutuo riconoscimento o Decentrata	Medicinali soggetti a prescrizione medica
045340344	045340	OLMESARTAN E AMLODIPINA HCS	40 MG/5 MG COMPRESSE RIVESTITE CON FILM- 28 COMPRESSE IN BLISTER OPA/AL/PVC/AL CON CALENDARIO	OLMESARTAN MEDOXOMIL	OLMESARTAN MEDOXOMIL			Compressa rivestita con film	C09DB02	HCS BV	Autorizzata	Procedura Mutuo riconoscimento o Decentrata	Medicinali soggetti a prescrizione medica
045340357	045340	OLMESARTAN E AMLODIPINA HCS	40 MG/5 MG COMPRESSE RIVESTITE CON FILM- 56 COMPRESSE IN BLISTER OPA/AL/PVC/AL CON CALENDARIO	OLMESARTAN MEDOXOMIL	OLMESARTAN MEDOXOMIL			Compressa rivestita con film	C09DB02	HCS BV	Autorizzata	Procedura Mutuo riconoscimento o Decentrata	Medicinali soggetti a prescrizione medica
045340369	045340	OLMESARTAN E AMLODIPINA HCS	40 MG/5 MG COMPRESSE RIVESTITE CON FILM- 98 COMPRESSE IN BLISTER OPA/AL/PVC/AL CON CALENDARIO	OLMESARTAN MEDOXOMIL	OLMESARTAN MEDOXOMIL			Compressa rivestita con film	C09DB02	HCS BV	Autorizzata	Procedura Mutuo riconoscimento o Decentrata	Medicinali soggetti a prescrizione medica
045340371	045340	OLMESARTAN E AMLODIPINA HCS	40 MG/10 MG COMPRESSE RIVESTITE CON FILM- 14 COMPRESSE IN BLISTER OPA/AL/PVC/AL CON CALENDARIO	OLMESARTAN MEDOXOMIL	OLMESARTAN MEDOXOMIL			Compressa rivestita con film	C09DB02	HCS BV	Autorizzata	Procedura Mutuo riconoscimento o Decentrata	Medicinali soggetti a prescrizione medica
045340383	045340	OLMESARTAN E AMLODIPINA HCS	40 MG/10 MG COMPRESSE RIVESTITE CON FILM- 28 COMPRESSE IN BLISTER OPA/AL/PVC/AL CON CALENDARIO	OLMESARTAN MEDOXOMIL	OLMESARTAN MEDOXOMIL			Compressa rivestita con film	C09DB02	HCS BV	Autorizzata	Procedura Mutuo riconoscimento o Decentrata	Medicinali soggetti a prescrizione medica
045340395	045340	OLMESARTAN E AMLODIPINA HCS	40 MG/10 MG COMPRESSE RIVESTITE CON FILM- 56 COMPRESSE IN BLISTER OPA/AL/PVC/AL CON CALENDARIO	OLMESARTAN MEDOXOMIL	OLMESARTAN MEDOXOMIL			Compressa rivestita con film	C09DB02	HCS BV	Autorizzata	Procedura Mutuo riconoscimento o Decentrata	Medicinali soggetti a prescrizione medica
045340407	045340	OLMESARTAN E AMLODIPINA HCS	40 MG/10 MG COMPRESSE RIVESTITE CON FILM- 98 COMPRESSE IN BLISTER OPA/AL/PVC/AL CON CALENDARIO	OLMESARTAN MEDOXOMIL	OLMESARTAN MEDOXOMIL			Compressa rivestita con film	C09DB02	HCS BV	Autorizzata	Procedura Mutuo riconoscimento o Decentrata	Medicinali soggetti a prescrizione medica
045398017	045398	OLMESARTAN E AMLODIPINA PENSA	20 MG/5 MG COMPRESSA RIVESTITA CON FILM- 28 COMPRESSE IN BLISTER AL/AL	OLMESARTAN MEDOXOMIL	OLMESARTAN MEDOXOMIL			Compressa rivestita con film	C09DB02	TOWA PHARMACEUTICAL S.P.A.	Autorizzata	Procedura Nazionale	Medicinali soggetti a prescrizione medica
045398031	045398	OLMESARTAN E AMLODIPINA PENSA	40 MG/10 MG COMPRESSA RIVESTITA CON FILM- 28 COMPRESSE IN BLISTER AL/AL	OLMESARTAN MEDOXOMIL	OLMESARTAN MEDOXOMIL			Compressa rivestita con film	C09DB02	TOWA PHARMACEUTICAL S.P.A.	Autorizzata	Procedura Nazionale	Medicinali soggetti a prescrizione medica
045512086	045512	OLMESARTAN MEDOXOMIL E AMLODIPINA TEVA	20 MG/5 MG COMPRESSE RIVESTITE CON FILM- 120 COMPRESSE IN BLISTER OPA/AL/PE/AL	OLMESARTAN MEDOXOMIL	OLMESARTAN MEDOXOMIL			Compressa rivestita con film	C09DB02	TEVA B.V.	Autorizzata	Procedura Mutuo riconoscimento o Decentrata	Medicinali soggetti a prescrizione medica
045512098	045512	OLMESARTAN MEDOXOMIL E AMLODIPINA TEVA	20 MG/5 MG COMPRESSE RIVESTITE CON FILM- 14 COMPRESSE IN BLISTER OPA/AL/PE/AL	OLMESARTAN MEDOXOMIL	OLMESARTAN MEDOXOMIL			Compressa rivestita con film	C09DB02	TEVA B.V.	Autorizzata	Procedura Mutuo riconoscimento o Decentrata	Medicinali soggetti a prescrizione medica
045512100	045512	OLMESARTAN MEDOXOMIL E AMLODIPINA TEVA	20 MG/5 MG COMPRESSE RIVESTITE CON FILM- 28 COMPRESSE IN BLISTER OPA/AL/PE/AL	OLMESARTAN MEDOXOMIL	OLMESARTAN MEDOXOMIL			Compressa rivestita con film	C09DB02	TEVA B.V.	Autorizzata	Procedura Mutuo riconoscimento o Decentrata	Medicinali soggetti a prescrizione medica
045512112	045512	OLMESARTAN MEDOXOMIL E AMLODIPINA TEVA	20 MG/5 MG COMPRESSE RIVESTITE CON FILM- 28 COMPRESSE IN BLISTER OPA/AL/PE/AL DIVISIBILE PER DOSE UNITARIA	OLMESARTAN MEDOXOMIL	OLMESARTAN MEDOXOMIL			Compressa rivestita con film	C09DB02	TEVA B.V.	Autorizzata	Procedura Mutuo riconoscimento o Decentrata	Medicinali soggetti a prescrizione medica
045512124	045512	OLMESARTAN MEDOXOMIL E AMLODIPINA TEVA	20 MG/5 MG COMPRESSE RIVESTITE CON FILM- 30 COMPRESSE IN BLISTER OPA/AL/PE/AL	OLMESARTAN MEDOXOMIL	OLMESARTAN MEDOXOMIL			Compressa rivestita con film	C09DB02	TEVA B.V.	Autorizzata	Procedura Mutuo riconoscimento o Decentrata	Medicinali soggetti a prescrizione medica
045512136	045512	OLMESARTAN MEDOXOMIL E AMLODIPINA TEVA	20 MG/5 MG COMPRESSE RIVESTITE CON FILM- 30 COMPRESSE IN BLISTER OPA/AL/PE/AL DIVISIBILE PER DOSE UNITARIA	OLMESARTAN MEDOXOMIL	OLMESARTAN MEDOXOMIL			Compressa rivestita con film	C09DB02	TEVA B.V.	Autorizzata	Procedura Mutuo riconoscimento o Decentrata	Medicinali soggetti a prescrizione medica
045512148	045512	OLMESARTAN MEDOXOMIL E AMLODIPINA TEVA	20 MG/5 MG COMPRESSE RIVESTITE CON FILM- 56 COMPRESSE IN BLISTER OPA/AL/PE/AL	OLMESARTAN MEDOXOMIL	OLMESARTAN MEDOXOMIL			Compressa rivestita con film	C09DB02	TEVA B.V.	Autorizzata	Procedura Mutuo riconoscimento o Decentrata	Medicinali soggetti a prescrizione medica
045512151	045512	OLMESARTAN MEDOXOMIL E AMLODIPINA TEVA	20 MG/5 MG COMPRESSE RIVESTITE CON FILM- 90 COMPRESSE IN BLISTER OPA/AL/PE/AL	OLMESARTAN MEDOXOMIL	OLMESARTAN MEDOXOMIL			Compressa rivestita con film	C09DB02	TEVA B.V.	Autorizzata	Procedura Mutuo riconoscimento o Decentrata	Medicinali soggetti a prescrizione medica
045512163	045512	OLMESARTAN MEDOXOMIL E AMLODIPINA TEVA	20 MG/5 MG COMPRESSE RIVESTITE CON FILM- 98 COMPRESSE IN BLISTER OPA/AL/PE/AL	OLMESARTAN MEDOXOMIL	OLMESARTAN MEDOXOMIL			Compressa rivestita con film	C09DB02	TEVA B.V.	Autorizzata	Procedura Mutuo riconoscimento o Decentrata	Medicinali soggetti a prescrizione medica
045512175	045512	OLMESARTAN MEDOXOMIL E AMLODIPINA TEVA	20 MG/5 MG COMPRESSE RIVESTITE CON FILM- 100 COMPRESSE IN FLACONE HDPE	OLMESARTAN MEDOXOMIL	OLMESARTAN MEDOXOMIL			Compressa rivestita con film	C09DB02	TEVA B.V.	Autorizzata	Procedura Mutuo riconoscimento o Decentrata	Medicinali soggetti a prescrizione medica
045512249	045512	OLMESARTAN MEDOXOMIL E AMLODIPINA TEVA	40 MG/5 MG COMPRESSE RIVESTITE CON FILM- 120 COMPRESSE IN BLISTER OPA/AL/PE/AL	OLMESARTAN MEDOXOMIL	OLMESARTAN MEDOXOMIL			Compressa rivestita con film	C09DB02	TEVA B.V.	Autorizzata	Procedura Mutuo riconoscimento o Decentrata	Medicinali soggetti a prescrizione medica
045512252	045512	OLMESARTAN MEDOXOMIL E AMLODIPINA TEVA	40 MG/5 MG COMPRESSE RIVESTITE CON FILM- 28 COMPRESSE IN BLISTER OPA/AL/PE/AL	OLMESARTAN MEDOXOMIL	OLMESARTAN MEDOXOMIL			Compressa rivestita con film	C09DB02	TEVA B.V.	Autorizzata	Procedura Mutuo riconoscimento o Decentrata	Medicinali soggetti a prescrizione medica
045512264	045512	OLMESARTAN MEDOXOMIL E AMLODIPINA TEVA	40 MG/5 MG COMPRESSE RIVESTITE CON FILM- 28 COMPRESSE IN BLISTER OPA/AL/PE/AL DIVISIBILE PER DOSE UNITARIA	OLMESARTAN MEDOXOMIL	OLMESARTAN MEDOXOMIL			Compressa rivestita con film	C09DB02	TEVA B.V.	Autorizzata	Procedura Mutuo riconoscimento o Decentrata	Medicinali soggetti a prescrizione medica
045512276	045512	OLMESARTAN MEDOXOMIL E AMLODIPINA TEVA	40 MG/5 MG COMPRESSE RIVESTITE CON FILM- 30 COMPRESSE IN BLISTER OPA/AL/PE/AL	OLMESARTAN MEDOXOMIL	OLMESARTAN MEDOXOMIL			Compressa rivestita con film	C09DB02	TEVA B.V.	Autorizzata	Procedura Mutuo riconoscimento o Decentrata	Medicinali soggetti a prescrizione medica
045512288	045512	OLMESARTAN MEDOXOMIL E AMLODIPINA TEVA	40 MG/5 MG COMPRESSE RIVESTITE CON FILM- 30 COMPRESSE IN BLISTER OPA/AL/PE/AL DIVISIBILE PER DOSE UNITARIA	OLMESARTAN MEDOXOMIL	OLMESARTAN MEDOXOMIL			Compressa rivestita con film	C09DB02	TEVA B.V.	Autorizzata	Procedura Mutuo riconoscimento o Decentrata	Medicinali soggetti a prescrizione medica
045512290	045512	OLMESARTAN MEDOXOMIL E AMLODIPINA TEVA	40 MG/5 MG COMPRESSE RIVESTITE CON FILM- 56 COMPRESSE IN BLISTER OPA/AL/PE/AL	OLMESARTAN MEDOXOMIL	OLMESARTAN MEDOXOMIL			Compressa rivestita con film	C09DB02	TEVA B.V.	Autorizzata	Procedura Mutuo riconoscimento o Decentrata	Medicinali soggetti a prescrizione medica
045512302	045512	OLMESARTAN MEDOXOMIL E AMLODIPINA TEVA	40 MG/5 MG COMPRESSE RIVESTITE CON FILM- 90 COMPRESSE IN BLISTER OPA/AL/PE/AL	OLMESARTAN MEDOXOMIL	OLMESARTAN MEDOXOMIL			Compressa rivestita con film	C09DB02	TEVA B.V.	Autorizzata	Procedura Mutuo riconoscimento o Decentrata	Medicinali soggetti a prescrizione medica
045512314	045512	OLMESARTAN MEDOXOMIL E AMLODIPINA TEVA	40 MG/5 MG COMPRESSE RIVESTITE CON FILM- 98 COMPRESSE IN BLISTER OPA/AL/PE/AL	OLMESARTAN MEDOXOMIL	OLMESARTAN MEDOXOMIL			Compressa rivestita con film	C09DB02	TEVA B.V.	Autorizzata	Procedura Mutuo riconoscimento o Decentrata	Medicinali soggetti a prescrizione medica
045512326	045512	OLMESARTAN MEDOXOMIL E AMLODIPINA TEVA	40 MG/5 MG COMPRESSE RIVESTITE CON FILM- 100 COMPRESSE IN FLACONE HDPE	OLMESARTAN MEDOXOMIL	OLMESARTAN MEDOXOMIL			Compressa rivestita con film	C09DB02	TEVA B.V.	Autorizzata	Procedura Mutuo riconoscimento o Decentrata	Medicinali soggetti a prescrizione medica
045512391	045512	OLMESARTAN MEDOXOMIL E AMLODIPINA TEVA	40 MG/10 MG COMPRESSE RIVESTITE CON FILM- 120 COMPRESSE IN BLISTER OPA/AL/PE/AL	OLMESARTAN MEDOXOMIL	OLMESARTAN MEDOXOMIL			Compressa rivestita con film	C09DB02	TEVA B.V.	Autorizzata	Procedura Mutuo riconoscimento o Decentrata	Medicinali soggetti a prescrizione medica
045512403	045512	OLMESARTAN MEDOXOMIL E AMLODIPINA TEVA	40 MG/10 MG COMPRESSE RIVESTITE CON FILM- 28 COMPRESSE IN BLISTER OPA/AL/PE/AL	OLMESARTAN MEDOXOMIL	OLMESARTAN MEDOXOMIL			Compressa rivestita con film	C09DB02	TEVA B.V.	Autorizzata	Procedura Mutuo riconoscimento o Decentrata	Medicinali soggetti a prescrizione medica
045512415	045512	OLMESARTAN MEDOXOMIL E AMLODIPINA TEVA	40 MG/10 MG COMPRESSE RIVESTITE CON FILM- 28 COMPRESSE IN BLISTER OPA/AL/PE/AL DIVISIBILE PER DOSE UNITARIA	OLMESARTAN MEDOXOMIL	OLMESARTAN MEDOXOMIL			Compressa rivestita con film	C09DB02	TEVA B.V.	Autorizzata	Procedura Mutuo riconoscimento o Decentrata	Medicinali soggetti a prescrizione medica
045512427	045512	OLMESARTAN MEDOXOMIL E AMLODIPINA TEVA	40 MG/10 MG COMPRESSE RIVESTITE CON FILM- 30 COMPRESSE IN BLISTER OPA/AL/PE/AL	OLMESARTAN MEDOXOMIL	OLMESARTAN MEDOXOMIL			Compressa rivestita con film	C09DB02	TEVA B.V.	Autorizzata	Procedura Mutuo riconoscimento o Decentrata	Medicinali soggetti a prescrizione medica
045512439	045512	OLMESARTAN MEDOXOMIL E AMLODIPINA TEVA	40 MG/10 MG COMPRESSE RIVESTITE CON FILM- 30 COMPRESSE IN BLISTER OPA/AL/PE/AL DIVISIBILE PER DOSE UNITARIA	OLMESARTAN MEDOXOMIL	OLMESARTAN MEDOXOMIL			Compressa rivestita con film	C09DB02	TEVA B.V.	Autorizzata	Procedura Mutuo riconoscimento o Decentrata	Medicinali soggetti a prescrizione medica
045512441	045512	OLMESARTAN MEDOXOMIL E AMLODIPINA TEVA	40 MG/10 MG COMPRESSE RIVESTITE CON FILM- 56 COMPRESSE IN BLISTER OPA/AL/PE/AL	OLMESARTAN MEDOXOMIL	OLMESARTAN MEDOXOMIL			Compressa rivestita con film	C09DB02	TEVA B.V.	Autorizzata	Procedura Mutuo riconoscimento o Decentrata	Medicinali soggetti a prescrizione medica
045512454	045512	OLMESARTAN MEDOXOMIL E AMLODIPINA TEVA	40 MG/10 MG COMPRESSE RIVESTITE CON FILM- 90 COMPRESSE IN BLISTER OPA/AL/PE/AL	OLMESARTAN MEDOXOMIL	OLMESARTAN MEDOXOMIL			Compressa rivestita con film	C09DB02	TEVA B.V.	Autorizzata	Procedura Mutuo riconoscimento o Decentrata	Medicinali soggetti a prescrizione medica
045512466	045512	OLMESARTAN MEDOXOMIL E AMLODIPINA TEVA	40 MG/10 MG COMPRESSE RIVESTITE CON FILM- 98 COMPRESSE IN BLISTER OPA/AL/PE/AL	OLMESARTAN MEDOXOMIL	OLMESARTAN MEDOXOMIL			Compressa rivestita con film	C09DB02	TEVA B.V.	Autorizzata	Procedura Mutuo riconoscimento o Decentrata	Medicinali soggetti a prescrizione medica
045512478	045512	OLMESARTAN MEDOXOMIL E AMLODIPINA TEVA	40 MG/10 MG COMPRESSE RIVESTITE CON FILM- 100 COMPRESSE IN FLACONE HDPE	OLMESARTAN MEDOXOMIL	OLMESARTAN MEDOXOMIL			Compressa rivestita con film	C09DB02	TEVA B.V.	Autorizzata	Procedura Mutuo riconoscimento o Decentrata	Medicinali soggetti a prescrizione medica
045512480	045512	OLMESARTAN MEDOXOMIL E AMLODIPINA TEVA	20 MG/5 MG COMPRESSE RIVESTITE CON FILM- 98X1 COMPRESSE IN BLISTER OPA/AL/PE/AL	OLMESARTAN MEDOXOMIL	OLMESARTAN MEDOXOMIL			Compressa rivestita con film	C09DB02	TEVA B.V.	Autorizzata	Procedura Mutuo riconoscimento o Decentrata	Medicinali soggetti a prescrizione medica
045512492	045512	OLMESARTAN MEDOXOMIL E AMLODIPINA TEVA	20 MG/5 MG COMPRESSE RIVESTITE CON FILM- 14X1 COMPRESSE IN BLISTER OPA/AL/PE/AL	OLMESARTAN MEDOXOMIL	OLMESARTAN MEDOXOMIL			Compressa rivestita con film	C09DB02	TEVA B.V.	Autorizzata	Procedura Mutuo riconoscimento o Decentrata	Medicinali soggetti a prescrizione medica
045512504	045512	OLMESARTAN MEDOXOMIL E AMLODIPINA TEVA	40 MG/5 MG COMPRESSE RIVESTITE CON FILM- 14X1 COMPRESSE IN BLISTER OPA/AL/PE/AL	OLMESARTAN MEDOXOMIL	OLMESARTAN MEDOXOMIL			Compressa rivestita con film	C09DB02	TEVA B.V.	Autorizzata	Procedura Mutuo riconoscimento o Decentrata	Medicinali soggetti a prescrizione medica
045512516	045512	OLMESARTAN MEDOXOMIL E AMLODIPINA TEVA	40 MG/5 MG COMPRESSE RIVESTITE CON FILM- 98X1 COMPRESSE IN BLISTER OPA/AL/PE/AL	OLMESARTAN MEDOXOMIL	OLMESARTAN MEDOXOMIL			Compressa rivestita con film	C09DB02	TEVA B.V.	Autorizzata	Procedura Mutuo riconoscimento o Decentrata	Medicinali soggetti a prescrizione medica
045512528	045512	OLMESARTAN MEDOXOMIL E AMLODIPINA TEVA	40 MG/10 MG COMPRESSE RIVESTITE CON FILM- 98X1 COMPRESSE IN BLISTER OPA/AL/PE/AL	OLMESARTAN MEDOXOMIL	OLMESARTAN MEDOXOMIL			Compressa rivestita con film	C09DB02	TEVA B.V.	Autorizzata	Procedura Mutuo riconoscimento o Decentrata	Medicinali soggetti a prescrizione medica
045710023	045710	OLMESARTAN MEDOXOMIL E AMLODIPINA ACCORD	20 MG/5 MG COMPRESSE RIVESTITE CON FILM- 30 COMPRESSE IN BLISTER OPA/AL/PVC-AL	OLMESARTAN MEDOXOMIL	OLMESARTAN MEDOXOMIL	20	milligrammi	Compressa rivestita con film	C09DB02	ACCORD HEALTHCARE, S.L.U.	Autorizzata	Procedura Mutuo riconoscimento o Decentrata	Medicinali soggetti a prescrizione medica
045710035	045710	OLMESARTAN MEDOXOMIL E AMLODIPINA ACCORD	20 MG/5 MG COMPRESSE RIVESTITE CON FILM- 56 COMPRESSE IN BLISTER OPA/AL/PVC-AL	OLMESARTAN MEDOXOMIL	OLMESARTAN MEDOXOMIL	20	milligrammi	Compressa rivestita con film	C09DB02	ACCORD HEALTHCARE, S.L.U.	Autorizzata	Procedura Mutuo riconoscimento o Decentrata	Medicinali soggetti a prescrizione medica
045710047	045710	OLMESARTAN MEDOXOMIL E AMLODIPINA ACCORD	20 MG/5 MG COMPRESSE RIVESTITE CON FILM- 90 COMPRESSE IN BLISTER OPA/AL/PVC-AL	OLMESARTAN MEDOXOMIL	OLMESARTAN MEDOXOMIL	20	milligrammi	Compressa rivestita con film	C09DB02	ACCORD HEALTHCARE, S.L.U.	Autorizzata	Procedura Mutuo riconoscimento o Decentrata	Medicinali soggetti a prescrizione medica
045710050	045710	OLMESARTAN MEDOXOMIL E AMLODIPINA ACCORD	20 MG/5 MG COMPRESSE RIVESTITE CON FILM- 98 COMPRESSE IN BLISTER OPA/AL/PVC-AL	OLMESARTAN MEDOXOMIL	OLMESARTAN MEDOXOMIL	20	milligrammi	Compressa rivestita con film	C09DB02	ACCORD HEALTHCARE, S.L.U.	Autorizzata	Procedura Mutuo riconoscimento o Decentrata	Medicinali soggetti a prescrizione medica
045710062	045710	OLMESARTAN MEDOXOMIL E AMLODIPINA ACCORD	20 MG/5 MG COMPRESSE RIVESTITE CON FILM- 28 COMPRESSE IN BLISTER DIVISIBILE PER DOSE UNITARIA OPA/AL/PVC-AL	OLMESARTAN MEDOXOMIL	OLMESARTAN MEDOXOMIL	20	milligrammi	Compressa rivestita con film	C09DB02	ACCORD HEALTHCARE, S.L.U.	Autorizzata	Procedura Mutuo riconoscimento o Decentrata	Medicinali soggetti a prescrizione medica
045710074	045710	OLMESARTAN MEDOXOMIL E AMLODIPINA ACCORD	20 MG/5 MG COMPRESSE RIVESTITE CON FILM- 30 COMPRESSE IN BLISTER DIVISIBILE PER DOSE UNITARIA OPA/AL/PVC-AL	OLMESARTAN MEDOXOMIL	OLMESARTAN MEDOXOMIL	20	milligrammi	Compressa rivestita con film	C09DB02	ACCORD HEALTHCARE, S.L.U.	Autorizzata	Procedura Mutuo riconoscimento o Decentrata	Medicinali soggetti a prescrizione medica
045710086	045710	OLMESARTAN MEDOXOMIL E AMLODIPINA ACCORD	20 MG/5 MG COMPRESSE RIVESTITE CON FILM- 30 COMPRESSE IN FLACONE HDPE	OLMESARTAN MEDOXOMIL	OLMESARTAN MEDOXOMIL	20	milligrammi	Compressa rivestita con film	C09DB02	ACCORD HEALTHCARE, S.L.U.	Autorizzata	Procedura Mutuo riconoscimento o Decentrata	Medicinali soggetti a prescrizione medica
045710098	045710	OLMESARTAN MEDOXOMIL E AMLODIPINA ACCORD	20 MG/5 MG COMPRESSE RIVESTITE CON FILM- 90 COMPRESSE IN FLACONE HDPE	OLMESARTAN MEDOXOMIL	OLMESARTAN MEDOXOMIL	20	milligrammi	Compressa rivestita con film	C09DB02	ACCORD HEALTHCARE, S.L.U.	Autorizzata	Procedura Mutuo riconoscimento o Decentrata	Medicinali soggetti a prescrizione medica
045710100	045710	OLMESARTAN MEDOXOMIL E AMLODIPINA ACCORD	20 MG/5 MG COMPRESSE RIVESTITE CON FILM- 500 COMPRESSE IN FLACONE HDPE	OLMESARTAN MEDOXOMIL	OLMESARTAN MEDOXOMIL	20	milligrammi	Compressa rivestita con film	C09DB02	ACCORD HEALTHCARE, S.L.U.	Autorizzata	Procedura Mutuo riconoscimento o Decentrata	Medicinali soggetti a prescrizione medica limitativa, utilizzabili esclusivamente in ambiente ospedaliero o in una struttura ad esso assimilabile
045710112	045710	OLMESARTAN MEDOXOMIL E AMLODIPINA ACCORD	20 MG/5 MG COMPRESSE RIVESTITE CON FILM- 1000 COMPRESSE IN FLACONE HDPE	OLMESARTAN MEDOXOMIL	OLMESARTAN MEDOXOMIL	20	milligrammi	Compressa rivestita con film	C09DB02	ACCORD HEALTHCARE, S.L.U.	Autorizzata	Procedura Mutuo riconoscimento o Decentrata	Medicinali soggetti a prescrizione medica limitativa, utilizzabili esclusivamente in ambiente ospedaliero o in una struttura ad esso assimilabile
045710136	045710	OLMESARTAN MEDOXOMIL E AMLODIPINA ACCORD	40 MG/5 MG COMPRESSE RIVESTITE CON FILM- 30 COMPRESSE IN BLISTER OPA/AL/PVC-AL	OLMESARTAN MEDOXOMIL	OLMESARTAN MEDOXOMIL	40	milligrammi	Compressa rivestita con film	C09DB02	ACCORD HEALTHCARE, S.L.U.	Autorizzata	Procedura Mutuo riconoscimento o Decentrata	Medicinali soggetti a prescrizione medica
045710148	045710	OLMESARTAN MEDOXOMIL E AMLODIPINA ACCORD	40 MG/5 MG COMPRESSE RIVESTITE CON FILM- 56 COMPRESSE IN BLISTER OPA/AL/PVC-AL	OLMESARTAN MEDOXOMIL	OLMESARTAN MEDOXOMIL	40	milligrammi	Compressa rivestita con film	C09DB02	ACCORD HEALTHCARE, S.L.U.	Autorizzata	Procedura Mutuo riconoscimento o Decentrata	Medicinali soggetti a prescrizione medica
045710151	045710	OLMESARTAN MEDOXOMIL E AMLODIPINA ACCORD	40 MG/5 MG COMPRESSE RIVESTITE CON FILM- 90 COMPRESSE IN BLISTER OPA/AL/PVC-AL	OLMESARTAN MEDOXOMIL	OLMESARTAN MEDOXOMIL	40	milligrammi	Compressa rivestita con film	C09DB02	ACCORD HEALTHCARE, S.L.U.	Autorizzata	Procedura Mutuo riconoscimento o Decentrata	Medicinali soggetti a prescrizione medica
045710163	045710	OLMESARTAN MEDOXOMIL E AMLODIPINA ACCORD	40 MG/5 MG COMPRESSE RIVESTITE CON FILM- 98 COMPRESSE IN BLISTER OPA/AL/PVC-AL	OLMESARTAN MEDOXOMIL	OLMESARTAN MEDOXOMIL	40	milligrammi	Compressa rivestita con film	C09DB02	ACCORD HEALTHCARE, S.L.U.	Autorizzata	Procedura Mutuo riconoscimento o Decentrata	Medicinali soggetti a prescrizione medica
045710175	045710	OLMESARTAN MEDOXOMIL E AMLODIPINA ACCORD	40 MG/5 MG COMPRESSE RIVESTITE CON FILM- 28 COMPRESSE IN BLISTER DIVISIBILE PER DOSE UNITARIA OPA/AL/PVC-AL	OLMESARTAN MEDOXOMIL	OLMESARTAN MEDOXOMIL	40	milligrammi	Compressa rivestita con film	C09DB02	ACCORD HEALTHCARE, S.L.U.	Autorizzata	Procedura Mutuo riconoscimento o Decentrata	Medicinali soggetti a prescrizione medica
045710187	045710	OLMESARTAN MEDOXOMIL E AMLODIPINA ACCORD	40 MG/5 MG COMPRESSE RIVESTITE CON FILM- 30 COMPRESSE IN BLISTER DIVISIBILE PER DOSE UNITARIA OPA/AL/PVC-AL	OLMESARTAN MEDOXOMIL	OLMESARTAN MEDOXOMIL	40	milligrammi	Compressa rivestita con film	C09DB02	ACCORD HEALTHCARE, S.L.U.	Autorizzata	Procedura Mutuo riconoscimento o Decentrata	Medicinali soggetti a prescrizione medica
045710199	045710	OLMESARTAN MEDOXOMIL E AMLODIPINA ACCORD	40 MG/5 MG COMPRESSE RIVESTITE CON FILM- 30 COMPRESSE IN FLACONE HDPE	OLMESARTAN MEDOXOMIL	OLMESARTAN MEDOXOMIL	40	milligrammi	Compressa rivestita con film	C09DB02	ACCORD HEALTHCARE, S.L.U.	Autorizzata	Procedura Mutuo riconoscimento o Decentrata	Medicinali soggetti a prescrizione medica
045710201	045710	OLMESARTAN MEDOXOMIL E AMLODIPINA ACCORD	40 MG/5 MG COMPRESSE RIVESTITE CON FILM- 90 COMPRESSE IN FLACONE HDPE	OLMESARTAN MEDOXOMIL	OLMESARTAN MEDOXOMIL	40	milligrammi	Compressa rivestita con film	C09DB02	ACCORD HEALTHCARE, S.L.U.	Autorizzata	Procedura Mutuo riconoscimento o Decentrata	Medicinali soggetti a prescrizione medica
045710213	045710	OLMESARTAN MEDOXOMIL E AMLODIPINA ACCORD	40 MG/5 MG COMPRESSE RIVESTITE CON FILM- 500 COMPRESSE IN FLACONE HDPE	OLMESARTAN MEDOXOMIL	OLMESARTAN MEDOXOMIL	40	milligrammi	Compressa rivestita con film	C09DB02	ACCORD HEALTHCARE, S.L.U.	Autorizzata	Procedura Mutuo riconoscimento o Decentrata	Medicinali soggetti a prescrizione medica limitativa, utilizzabili esclusivamente in ambiente ospedaliero o in una struttura ad esso assimilabile
045710225	045710	OLMESARTAN MEDOXOMIL E AMLODIPINA ACCORD	40 MG/5 MG COMPRESSE RIVESTITE CON FILM- 1000 COMPRESSE IN FLACONE HDPE	OLMESARTAN MEDOXOMIL	OLMESARTAN MEDOXOMIL	40	milligrammi	Compressa rivestita con film	C09DB02	ACCORD HEALTHCARE, S.L.U.	Autorizzata	Procedura Mutuo riconoscimento o Decentrata	Medicinali soggetti a prescrizione medica limitativa, utilizzabili esclusivamente in ambiente ospedaliero o in una struttura ad esso assimilabile
045710249	045710	OLMESARTAN MEDOXOMIL E AMLODIPINA ACCORD	40 MG/10 MG COMPRESSE RIVESTITE CON FILM- 30 COMPRESSE IN BLISTER OPA/AL/PVC-AL	OLMESARTAN MEDOXOMIL	OLMESARTAN MEDOXOMIL	40	milligrammi	Compressa rivestita con film	C09DB02	ACCORD HEALTHCARE, S.L.U.	Autorizzata	Procedura Mutuo riconoscimento o Decentrata	Medicinali soggetti a prescrizione medica
045710252	045710	OLMESARTAN MEDOXOMIL E AMLODIPINA ACCORD	40 MG/10 MG COMPRESSE RIVESTITE CON FILM- 56 COMPRESSE IN BLISTER OPA/AL/PVC-AL	OLMESARTAN MEDOXOMIL	OLMESARTAN MEDOXOMIL	40	milligrammi	Compressa rivestita con film	C09DB02	ACCORD HEALTHCARE, S.L.U.	Autorizzata	Procedura Mutuo riconoscimento o Decentrata	Medicinali soggetti a prescrizione medica
045710264	045710	OLMESARTAN MEDOXOMIL E AMLODIPINA ACCORD	40 MG/10 MG COMPRESSE RIVESTITE CON FILM- 90 COMPRESSE IN BLISTER OPA/AL/PVC-AL	OLMESARTAN MEDOXOMIL	OLMESARTAN MEDOXOMIL	40	milligrammi	Compressa rivestita con film	C09DB02	ACCORD HEALTHCARE, S.L.U.	Autorizzata	Procedura Mutuo riconoscimento o Decentrata	Medicinali soggetti a prescrizione medica
045710276	045710	OLMESARTAN MEDOXOMIL E AMLODIPINA ACCORD	40 MG/10 MG COMPRESSE RIVESTITE CON FILM- 98 COMPRESSE IN BLISTER OPA/AL/PVC-AL	OLMESARTAN MEDOXOMIL	OLMESARTAN MEDOXOMIL	40	milligrammi	Compressa rivestita con film	C09DB02	ACCORD HEALTHCARE, S.L.U.	Autorizzata	Procedura Mutuo riconoscimento o Decentrata	Medicinali soggetti a prescrizione medica
045710288	045710	OLMESARTAN MEDOXOMIL E AMLODIPINA ACCORD	40 MG/10 MG COMPRESSE RIVESTITE CON FILM- 28 COMPRESSE IN BLISTER DIVISIBILE PER DOSE UNITARIA OPA/AL/PVC-AL	OLMESARTAN MEDOXOMIL	OLMESARTAN MEDOXOMIL	40	milligrammi	Compressa rivestita con film	C09DB02	ACCORD HEALTHCARE, S.L.U.	Autorizzata	Procedura Mutuo riconoscimento o Decentrata	Medicinali soggetti a prescrizione medica
045710290	045710	OLMESARTAN MEDOXOMIL E AMLODIPINA ACCORD	40 MG/10 MG COMPRESSE RIVESTITE CON FILM- 30 COMPRESSE IN BLISTER DIVISIBILE PER DOSE UNITARIA OPA/AL/PVC-AL	OLMESARTAN MEDOXOMIL	OLMESARTAN MEDOXOMIL	40	milligrammi	Compressa rivestita con film	C09DB02	ACCORD HEALTHCARE, S.L.U.	Autorizzata	Procedura Mutuo riconoscimento o Decentrata	Medicinali soggetti a prescrizione medica
045710302	045710	OLMESARTAN MEDOXOMIL E AMLODIPINA ACCORD	40 MG/10 MG COMPRESSE RIVESTITE CON FILM- 30 COMPRESSE IN FLACONE HDPE	OLMESARTAN MEDOXOMIL	OLMESARTAN MEDOXOMIL	40	milligrammi	Compressa rivestita con film	C09DB02	ACCORD HEALTHCARE, S.L.U.	Autorizzata	Procedura Mutuo riconoscimento o Decentrata	Medicinali soggetti a prescrizione medica
045710314	045710	OLMESARTAN MEDOXOMIL E AMLODIPINA ACCORD	40 MG/10 MG COMPRESSE RIVESTITE CON FILM- 90 COMPRESSE IN FLACONE HDPE	OLMESARTAN MEDOXOMIL	OLMESARTAN MEDOXOMIL	40	milligrammi	Compressa rivestita con film	C09DB02	ACCORD HEALTHCARE, S.L.U.	Autorizzata	Procedura Mutuo riconoscimento o Decentrata	Medicinali soggetti a prescrizione medica
045710326	045710	OLMESARTAN MEDOXOMIL E AMLODIPINA ACCORD	40 MG/10 MG COMPRESSE RIVESTITE CON FILM- 500 COMPRESSE IN FLACONE HDPE	OLMESARTAN MEDOXOMIL	OLMESARTAN MEDOXOMIL	40	milligrammi	Compressa rivestita con film	C09DB02	ACCORD HEALTHCARE, S.L.U.	Autorizzata	Procedura Mutuo riconoscimento o Decentrata	Medicinali soggetti a prescrizione medica limitativa, utilizzabili esclusivamente in ambiente ospedaliero o in una struttura ad esso assimilabile
045710338	045710	OLMESARTAN MEDOXOMIL E AMLODIPINA ACCORD	40 MG/10 MG COMPRESSE RIVESTITE CON FILM- 1000 COMPRESSE IN FLACONE HDPE	OLMESARTAN MEDOXOMIL	OLMESARTAN MEDOXOMIL	40	milligrammi	Compressa rivestita con film	C09DB02	ACCORD HEALTHCARE, S.L.U.	Autorizzata	Procedura Mutuo riconoscimento o Decentrata	Medicinali soggetti a prescrizione medica limitativa, utilizzabili esclusivamente in ambiente ospedaliero o in una struttura ad esso assimilabile
045832019	045832	OLMESARTAN E AMLODIPINA DOC	20 MG/5 MG COMPRESSE RIVESTITE CON FILM- 28 COMPRESSE IN BLISTER AL/AL	OLMESARTAN MEDOXOMIL	OLMESARTAN MEDOXOMIL	20	milligrammi	Compressa rivestita con film	C09DB02	DOC GENERICI SRL	Autorizzata	Procedura Mutuo riconoscimento o Decentrata	Medicinali soggetti a prescrizione medica
045832021	045832	OLMESARTAN E AMLODIPINA DOC	20 MG/5 MG COMPRESSE RIVESTITE CON FILM- 28X1 COMPRESSE IN BLISTER DIVISIBILE PER DOSE UNITARIA AL/AL	OLMESARTAN MEDOXOMIL	OLMESARTAN MEDOXOMIL	20	milligrammi	Compressa rivestita con film	C09DB02	DOC GENERICI SRL	Autorizzata	Procedura Mutuo riconoscimento o Decentrata	Medicinali soggetti a prescrizione medica
045832033	045832	OLMESARTAN E AMLODIPINA DOC	40 MG/5 MG COMPRESSE RIVESTITE CON FILM- 28 COMPRESSE IN BLISTER AL/AL	OLMESARTAN MEDOXOMIL	OLMESARTAN MEDOXOMIL	40	milligrammi	Compressa rivestita con film	C09DB02	DOC GENERICI SRL	Autorizzata	Procedura Mutuo riconoscimento o Decentrata	Medicinali soggetti a prescrizione medica
045832045	045832	OLMESARTAN E AMLODIPINA DOC	40 MG/5 MG COMPRESSE RIVESTITE CON FILM- 28X1 COMPRESSE IN BLISTER DIVISIBILE PER DOSE UNITARIA AL/ALAL/AL	OLMESARTAN MEDOXOMIL	OLMESARTAN MEDOXOMIL	40	milligrammi	Compressa rivestita con film	C09DB02	DOC GENERICI SRL	Autorizzata	Procedura Mutuo riconoscimento o Decentrata	Medicinali soggetti a prescrizione medica
045832058	045832	OLMESARTAN E AMLODIPINA DOC	40 MG/10 MG COMPRESSE RIVESTITE CON FILM- 28 COMPRESSE IN BLISTER AL/AL	OLMESARTAN MEDOXOMIL	OLMESARTAN MEDOXOMIL	40	milligrammi	Compressa rivestita con film	C09DB02	DOC GENERICI SRL	Autorizzata	Procedura Mutuo riconoscimento o Decentrata	Medicinali soggetti a prescrizione medica
045832060	045832	OLMESARTAN E AMLODIPINA DOC	40 MG/10 MG COMPRESSE RIVESTITE CON FILM- 28X1 COMPRESSE IN BLISTER DIVISIBILE PER DOSE UNITARIA AL/AL	OLMESARTAN MEDOXOMIL	OLMESARTAN MEDOXOMIL	40	milligrammi	Compressa rivestita con film	C09DB02	DOC GENERICI SRL	Autorizzata	Procedura Mutuo riconoscimento o Decentrata	Medicinali soggetti a prescrizione medica
045934015	045934	OLMESARTAN E AMLODIPINA EG	20 MG/5 MG COMPRESSE RIVESTITE CON FILM- 10 COMPRESSE IN BLISTER OPA/AL/PVC/AL	OLMESARTAN MEDOXOMIL	OLMESARTAN MEDOXOMIL			Compressa rivestita con film	C09DB02	EG S.P.A.	Autorizzata	Procedura Mutuo riconoscimento o Decentrata	Medicinali soggetti a prescrizione medica
045934027	045934	OLMESARTAN E AMLODIPINA EG	20 MG/5 MG COMPRESSE RIVESTITE CON FILM- 14 COMPRESSE IN BLISTER OPA/AL/PVC/AL	OLMESARTAN MEDOXOMIL	OLMESARTAN MEDOXOMIL			Compressa rivestita con film	C09DB02	EG S.P.A.	Autorizzata	Procedura Mutuo riconoscimento o Decentrata	Medicinali soggetti a prescrizione medica
045934039	045934	OLMESARTAN E AMLODIPINA EG	20 MG/5 MG COMPRESSE RIVESTITE CON FILM- 28 COMPRESSE IN BLISTER OPA/AL/PVC/AL	OLMESARTAN MEDOXOMIL	OLMESARTAN MEDOXOMIL			Compressa rivestita con film	C09DB02	EG S.P.A.	Autorizzata	Procedura Mutuo riconoscimento o Decentrata	Medicinali soggetti a prescrizione medica
045934041	045934	OLMESARTAN E AMLODIPINA EG	20 MG/5 MG COMPRESSE RIVESTITE CON FILM- 30 COMPRESSE IN BLISTER OPA/AL/PVC/AL	OLMESARTAN MEDOXOMIL	OLMESARTAN MEDOXOMIL			Compressa rivestita con film	C09DB02	EG S.P.A.	Autorizzata	Procedura Mutuo riconoscimento o Decentrata	Medicinali soggetti a prescrizione medica
045934054	045934	OLMESARTAN E AMLODIPINA EG	20 MG/5 MG COMPRESSE RIVESTITE CON FILM- 56 COMPRESSE IN BLISTER OPA/AL/PVC/AL	OLMESARTAN MEDOXOMIL	OLMESARTAN MEDOXOMIL			Compressa rivestita con film	C09DB02	EG S.P.A.	Autorizzata	Procedura Mutuo riconoscimento o Decentrata	Medicinali soggetti a prescrizione medica
045934066	045934	OLMESARTAN E AMLODIPINA EG	20 MG/5 MG COMPRESSE RIVESTITE CON FILM- 60 COMPRESSE IN BLISTER OPA/AL/PVC/AL	OLMESARTAN MEDOXOMIL	OLMESARTAN MEDOXOMIL			Compressa rivestita con film	C09DB02	EG S.P.A.	Autorizzata	Procedura Mutuo riconoscimento o Decentrata	Medicinali soggetti a prescrizione medica
045934078	045934	OLMESARTAN E AMLODIPINA EG	20 MG/5 MG COMPRESSE RIVESTITE CON FILM- 90 COMPRESSE IN BLISTER OPA/AL/PVC/AL	OLMESARTAN MEDOXOMIL	OLMESARTAN MEDOXOMIL			Compressa rivestita con film	C09DB02	EG S.P.A.	Autorizzata	Procedura Mutuo riconoscimento o Decentrata	Medicinali soggetti a prescrizione medica
045934080	045934	OLMESARTAN E AMLODIPINA EG	20 MG/5 MG COMPRESSE RIVESTITE CON FILM- 98 COMPRESSE IN BLISTER OPA/AL/PVC/AL	OLMESARTAN MEDOXOMIL	OLMESARTAN MEDOXOMIL			Compressa rivestita con film	C09DB02	EG S.P.A.	Autorizzata	Procedura Mutuo riconoscimento o Decentrata	Medicinali soggetti a prescrizione medica
045934092	045934	OLMESARTAN E AMLODIPINA EG	20 MG/5 MG COMPRESSE RIVESTITE CON FILM- 100 COMPRESSE IN BLISTER OPA/AL/PVC/AL	OLMESARTAN MEDOXOMIL	OLMESARTAN MEDOXOMIL			Compressa rivestita con film	C09DB02	EG S.P.A.	Autorizzata	Procedura Mutuo riconoscimento o Decentrata	Medicinali soggetti a prescrizione medica
045934104	045934	OLMESARTAN E AMLODIPINA EG	20 MG/5 MG COMPRESSE RIVESTITE CON FILM- 112 COMPRESSE IN BLISTER OPA/AL/PVC/AL	OLMESARTAN MEDOXOMIL	OLMESARTAN MEDOXOMIL			Compressa rivestita con film	C09DB02	EG S.P.A.	Autorizzata	Procedura Mutuo riconoscimento o Decentrata	Medicinali soggetti a prescrizione medica
045934116	045934	OLMESARTAN E AMLODIPINA EG	40 MG/5 MG COMPRESSE RIVESTITE CON FILM- 10 COMPRESSE IN BLISTER OPA/AL/PVC/AL	OLMESARTAN MEDOXOMIL	OLMESARTAN MEDOXOMIL			Compressa rivestita con film	C09DB02	EG S.P.A.	Autorizzata	Procedura Mutuo riconoscimento o Decentrata	Medicinali soggetti a prescrizione medica
045934128	045934	OLMESARTAN E AMLODIPINA EG	40 MG/5 MG COMPRESSE RIVESTITE CON FILM- 14 COMPRESSE IN BLISTER OPA/AL/PVC/AL	OLMESARTAN MEDOXOMIL	OLMESARTAN MEDOXOMIL			Compressa rivestita con film	C09DB02	EG S.P.A.	Autorizzata	Procedura Mutuo riconoscimento o Decentrata	Medicinali soggetti a prescrizione medica
045934130	045934	OLMESARTAN E AMLODIPINA EG	40 MG/5 MG COMPRESSE RIVESTITE CON FILM- 28 COMPRESSE IN BLISTER OPA/AL/PVC/AL	OLMESARTAN MEDOXOMIL	OLMESARTAN MEDOXOMIL			Compressa rivestita con film	C09DB02	EG S.P.A.	Autorizzata	Procedura Mutuo riconoscimento o Decentrata	Medicinali soggetti a prescrizione medica
045934142	045934	OLMESARTAN E AMLODIPINA EG	40 MG/5 MG COMPRESSE RIVESTITE CON FILM- 30 COMPRESSE IN BLISTER OPA/AL/PVC/AL	OLMESARTAN MEDOXOMIL	OLMESARTAN MEDOXOMIL			Compressa rivestita con film	C09DB02	EG S.P.A.	Autorizzata	Procedura Mutuo riconoscimento o Decentrata	Medicinali soggetti a prescrizione medica
045934155	045934	OLMESARTAN E AMLODIPINA EG	40 MG/5 MG COMPRESSE RIVESTITE CON FILM- 56 COMPRESSE IN BLISTER OPA/AL/PVC/AL	OLMESARTAN MEDOXOMIL	OLMESARTAN MEDOXOMIL			Compressa rivestita con film	C09DB02	EG S.P.A.	Autorizzata	Procedura Mutuo riconoscimento o Decentrata	Medicinali soggetti a prescrizione medica
045934167	045934	OLMESARTAN E AMLODIPINA EG	40 MG/5 MG COMPRESSE RIVESTITE CON FILM- 60 COMPRESSE IN BLISTER OPA/AL/PVC/AL	OLMESARTAN MEDOXOMIL	OLMESARTAN MEDOXOMIL			Compressa rivestita con film	C09DB02	EG S.P.A.	Autorizzata	Procedura Mutuo riconoscimento o Decentrata	Medicinali soggetti a prescrizione medica
045934179	045934	OLMESARTAN E AMLODIPINA EG	40 MG/5 MG COMPRESSE RIVESTITE CON FILM- 90 COMPRESSE IN BLISTER OPA/AL/PVC/AL	OLMESARTAN MEDOXOMIL	OLMESARTAN MEDOXOMIL			Compressa rivestita con film	C09DB02	EG S.P.A.	Autorizzata	Procedura Mutuo riconoscimento o Decentrata	Medicinali soggetti a prescrizione medica
045934181	045934	OLMESARTAN E AMLODIPINA EG	40 MG/5 MG COMPRESSE RIVESTITE CON FILM- 98 COMPRESSE IN BLISTER OPA/AL/PVC/AL	OLMESARTAN MEDOXOMIL	OLMESARTAN MEDOXOMIL			Compressa rivestita con film	C09DB02	EG S.P.A.	Autorizzata	Procedura Mutuo riconoscimento o Decentrata	Medicinali soggetti a prescrizione medica
045934193	045934	OLMESARTAN E AMLODIPINA EG	40 MG/5 MG COMPRESSE RIVESTITE CON FILM- 100 COMPRESSE IN BLISTER OPA/AL/PVC/AL	OLMESARTAN MEDOXOMIL	OLMESARTAN MEDOXOMIL			Compressa rivestita con film	C09DB02	EG S.P.A.	Autorizzata	Procedura Mutuo riconoscimento o Decentrata	Medicinali soggetti a prescrizione medica
045934205	045934	OLMESARTAN E AMLODIPINA EG	40 MG/5 MG COMPRESSE RIVESTITE CON FILM- 112 COMPRESSE IN BLISTER OPA/AL/PVC/AL	OLMESARTAN MEDOXOMIL	OLMESARTAN MEDOXOMIL			Compressa rivestita con film	C09DB02	EG S.P.A.	Autorizzata	Procedura Mutuo riconoscimento o Decentrata	Medicinali soggetti a prescrizione medica
045934217	045934	OLMESARTAN E AMLODIPINA EG	40 MG/10 MG COMPRESSE RIVESTITE CON FILM- 10 COMPRESSE IN BLISTER OPA/AL/PVC/AL	OLMESARTAN MEDOXOMIL	OLMESARTAN MEDOXOMIL			Compressa rivestita con film	C09DB02	EG S.P.A.	Autorizzata	Procedura Mutuo riconoscimento o Decentrata	Medicinali soggetti a prescrizione medica
045934229	045934	OLMESARTAN E AMLODIPINA EG	40 MG/10 MG COMPRESSE RIVESTITE CON FILM- 14 COMPRESSE IN BLISTER OPA/AL/PVC/AL	OLMESARTAN MEDOXOMIL	OLMESARTAN MEDOXOMIL			Compressa rivestita con film	C09DB02	EG S.P.A.	Autorizzata	Procedura Mutuo riconoscimento o Decentrata	Medicinali soggetti a prescrizione medica
045934231	045934	OLMESARTAN E AMLODIPINA EG	40 MG/10 MG COMPRESSE RIVESTITE CON FILM- 28 COMPRESSE IN BLISTER OPA/AL/PVC/AL	OLMESARTAN MEDOXOMIL	OLMESARTAN MEDOXOMIL			Compressa rivestita con film	C09DB02	EG S.P.A.	Autorizzata	Procedura Mutuo riconoscimento o Decentrata	Medicinali soggetti a prescrizione medica
045934243	045934	OLMESARTAN E AMLODIPINA EG	40 MG/10 MG COMPRESSE RIVESTITE CON FILM- 30 COMPRESSE IN BLISTER OPA/AL/PVC/AL	OLMESARTAN MEDOXOMIL	OLMESARTAN MEDOXOMIL			Compressa rivestita con film	C09DB02	EG S.P.A.	Autorizzata	Procedura Mutuo riconoscimento o Decentrata	Medicinali soggetti a prescrizione medica
045934256	045934	OLMESARTAN E AMLODIPINA EG	40 MG/10 MG COMPRESSE RIVESTITE CON FILM- 56 COMPRESSE IN BLISTER OPA/AL/PVC/AL	OLMESARTAN MEDOXOMIL	OLMESARTAN MEDOXOMIL			Compressa rivestita con film	C09DB02	EG S.P.A.	Autorizzata	Procedura Mutuo riconoscimento o Decentrata	Medicinali soggetti a prescrizione medica
045934268	045934	OLMESARTAN E AMLODIPINA EG	40 MG/10 MG COMPRESSE RIVESTITE CON FILM- 60 COMPRESSE IN BLISTER OPA/AL/PVC/AL	OLMESARTAN MEDOXOMIL	OLMESARTAN MEDOXOMIL			Compressa rivestita con film	C09DB02	EG S.P.A.	Autorizzata	Procedura Mutuo riconoscimento o Decentrata	Medicinali soggetti a prescrizione medica
045934270	045934	OLMESARTAN E AMLODIPINA EG	40 MG/10 MG COMPRESSE RIVESTITE CON FILM- 90 COMPRESSE IN BLISTER OPA/AL/PVC/AL	OLMESARTAN MEDOXOMIL	OLMESARTAN MEDOXOMIL			Compressa rivestita con film	C09DB02	EG S.P.A.	Autorizzata	Procedura Mutuo riconoscimento o Decentrata	Medicinali soggetti a prescrizione medica
045934282	045934	OLMESARTAN E AMLODIPINA EG	40 MG/10 MG COMPRESSE RIVESTITE CON FILM- 98 COMPRESSE IN BLISTER OPA/AL/PVC/AL	OLMESARTAN MEDOXOMIL	OLMESARTAN MEDOXOMIL			Compressa rivestita con film	C09DB02	EG S.P.A.	Autorizzata	Procedura Mutuo riconoscimento o Decentrata	Medicinali soggetti a prescrizione medica
045934294	045934	OLMESARTAN E AMLODIPINA EG	40 MG/10 MG COMPRESSE RIVESTITE CON FILM- 100 COMPRESSE IN BLISTER OPA/AL/PVC/AL	OLMESARTAN MEDOXOMIL	OLMESARTAN MEDOXOMIL			Compressa rivestita con film	C09DB02	EG S.P.A.	Autorizzata	Procedura Mutuo riconoscimento o Decentrata	Medicinali soggetti a prescrizione medica
045934306	045934	OLMESARTAN E AMLODIPINA EG	40 MG/10 MG COMPRESSE RIVESTITE CON FILM- 112 COMPRESSE IN BLISTER OPA/AL/PVC/AL	OLMESARTAN MEDOXOMIL	OLMESARTAN MEDOXOMIL			Compressa rivestita con film	C09DB02	EG S.P.A.	Autorizzata	Procedura Mutuo riconoscimento o Decentrata	Medicinali soggetti a prescrizione medica
046184014	046184	OLSART	20 MG/5 MG COMPRESSE RIVESTITE CON FILM- 28 COMPRESSE IN BLISTER OPA/AL/PE/AL	OLMESARTAN MEDOXOMIL	OLMESARTAN MEDOXOMIL	20	milligrammi	Compressa rivestita con film	C09DB02	S.F. GROUP S.R.L.	Autorizzata	Procedura Mutuo riconoscimento o Decentrata	Medicinali soggetti a prescrizione medica
046184026	046184	OLSART	40 MG/5 MG COMPRESSE RIVESTITE CON FILM- 28 COMPRESSE IN BLISTER OPA/AL/PE/AL	OLMESARTAN MEDOXOMIL	OLMESARTAN MEDOXOMIL	40	milligrammi	Compressa rivestita con film	C09DB02	S.F. GROUP S.R.L.	Autorizzata	Procedura Mutuo riconoscimento o Decentrata	Medicinali soggetti a prescrizione medica
046184038	046184	OLSART	40 MG/10 MG COMPRESSE RIVESTITE CON FILM- 28 COMPRESSE IN BLISTER OPA/AL/PE/AL	OLMESARTAN MEDOXOMIL	OLMESARTAN MEDOXOMIL	40	milligrammi	Compressa rivestita con film	C09DB02	S.F. GROUP S.R.L.	Autorizzata	Procedura Mutuo riconoscimento o Decentrata	Medicinali soggetti a prescrizione medica
047488010	047488	OLMESARTAN, AMLODIPINA E IDROCLOROTIAZIDE EG	20 MG/5 MG/12,5 MG COMPRESSE RIVESTITE CON FILM- 14 COMPRESSE IN BLISTER OPA/AL/PVC/AL DIVISIBILE PER DOSE UNITARIA	OLMESARTAN MEDOXOMIL	OLMESARTAN MEDOXOMIL	20	milligrammi	Compressa rivestita con film	C09DX03	EG S.P.A.	Autorizzata	Procedura Mutuo riconoscimento o Decentrata	Medicinali soggetti a prescrizione medica
047488022	047488	OLMESARTAN, AMLODIPINA E IDROCLOROTIAZIDE EG	20 MG/5 MG/12,5 MG COMPRESSE RIVESTITE CON FILM- 28 COMPRESSE IN BLISTER OPA/AL/PVC/AL DIVISIBILE PER DOSE UNITARIA	OLMESARTAN MEDOXOMIL	OLMESARTAN MEDOXOMIL	20	milligrammi	Compressa rivestita con film	C09DX03	EG S.P.A.	Autorizzata	Procedura Mutuo riconoscimento o Decentrata	Medicinali soggetti a prescrizione medica
047488034	047488	OLMESARTAN, AMLODIPINA E IDROCLOROTIAZIDE EG	20 MG/5 MG/12,5 MG COMPRESSE RIVESTITE CON FILM- 30 COMPRESSE IN BLISTER OPA/AL/PVC/AL DIVISIBILE PER DOSE UNITARIA	OLMESARTAN MEDOXOMIL	OLMESARTAN MEDOXOMIL	20	milligrammi	Compressa rivestita con film	C09DX03	EG S.P.A.	Autorizzata	Procedura Mutuo riconoscimento o Decentrata	Medicinali soggetti a prescrizione medica
047488046	047488	OLMESARTAN, AMLODIPINA E IDROCLOROTIAZIDE EG	20 MG/5 MG/12,5 MG COMPRESSE RIVESTITE CON FILM- 56 COMPRESSE IN BLISTER OPA/AL/PVC/AL DIVISIBILE PER DOSE UNITARIA	OLMESARTAN MEDOXOMIL	OLMESARTAN MEDOXOMIL	20	milligrammi	Compressa rivestita con film	C09DX03	EG S.P.A.	Autorizzata	Procedura Mutuo riconoscimento o Decentrata	Medicinali soggetti a prescrizione medica
047488059	047488	OLMESARTAN, AMLODIPINA E IDROCLOROTIAZIDE EG	20 MG/5 MG/12,5 MG COMPRESSE RIVESTITE CON FILM- 98 COMPRESSE IN BLISTER OPA/AL/PVC/AL DIVISIBILE PER DOSE UNITARIA	OLMESARTAN MEDOXOMIL	OLMESARTAN MEDOXOMIL	20	milligrammi	Compressa rivestita con film	C09DX03	EG S.P.A.	Autorizzata	Procedura Mutuo riconoscimento o Decentrata	Medicinali soggetti a prescrizione medica
047488061	047488	OLMESARTAN, AMLODIPINA E IDROCLOROTIAZIDE EG	20 MG/5 MG/12,5 MG COMPRESSE RIVESTITE CON FILM- 100 COMPRESSE IN BLISTER OPA/AL/PVC/AL DIVISIBILE PER DOSE UNITARIA	OLMESARTAN MEDOXOMIL	OLMESARTAN MEDOXOMIL	20	milligrammi	Compressa rivestita con film	C09DX03	EG S.P.A.	Autorizzata	Procedura Mutuo riconoscimento o Decentrata	Medicinali soggetti a prescrizione medica
047488073	047488	OLMESARTAN, AMLODIPINA E IDROCLOROTIAZIDE EG	40 MG/5 MG/12,5 MG COMPRESSE RIVESTITE CON FILM- 14 COMPRESSE IN BLISTER OPA/AL/PVC/AL DIVISIBILE PER DOSE UNITARIA	OLMESARTAN MEDOXOMIL	OLMESARTAN MEDOXOMIL	40	milligrammi	Compressa rivestita con film	C09DX03	EG S.P.A.	Autorizzata	Procedura Mutuo riconoscimento o Decentrata	Medicinali soggetti a prescrizione medica
047488085	047488	OLMESARTAN, AMLODIPINA E IDROCLOROTIAZIDE EG	40 MG/5 MG/12,5 MG COMPRESSE RIVESTITE CON FILM- 28 COMPRESSE IN BLISTER OPA/AL/PVC/AL DIVISIBILE PER DOSE UNITARIA	OLMESARTAN MEDOXOMIL	OLMESARTAN MEDOXOMIL	40	milligrammi	Compressa rivestita con film	C09DX03	EG S.P.A.	Autorizzata	Procedura Mutuo riconoscimento o Decentrata	Medicinali soggetti a prescrizione medica
047488097	047488	OLMESARTAN, AMLODIPINA E IDROCLOROTIAZIDE EG	40 MG/5 MG/12,5 MG COMPRESSE RIVESTITE CON FILM- 30 COMPRESSE IN BLISTER OPA/AL/PVC/AL DIVISIBILE PER DOSE UNITARIA	OLMESARTAN MEDOXOMIL	OLMESARTAN MEDOXOMIL	40	milligrammi	Compressa rivestita con film	C09DX03	EG S.P.A.	Autorizzata	Procedura Mutuo riconoscimento o Decentrata	Medicinali soggetti a prescrizione medica
047488109	047488	OLMESARTAN, AMLODIPINA E IDROCLOROTIAZIDE EG	40 MG/5 MG/12,5 MG COMPRESSE RIVESTITE CON FILM- 56 COMPRESSE IN BLISTER OPA/AL/PVC/AL DIVISIBILE PER DOSE UNITARIA	OLMESARTAN MEDOXOMIL	OLMESARTAN MEDOXOMIL	40	milligrammi	Compressa rivestita con film	C09DX03	EG S.P.A.	Autorizzata	Procedura Mutuo riconoscimento o Decentrata	Medicinali soggetti a prescrizione medica
047488111	047488	OLMESARTAN, AMLODIPINA E IDROCLOROTIAZIDE EG	40 MG/5 MG/12,5 MG COMPRESSE RIVESTITE CON FILM- 98 COMPRESSE IN BLISTER OPA/AL/PVC/AL DIVISIBILE PER DOSE UNITARIA	OLMESARTAN MEDOXOMIL	OLMESARTAN MEDOXOMIL	40	milligrammi	Compressa rivestita con film	C09DX03	EG S.P.A.	Autorizzata	Procedura Mutuo riconoscimento o Decentrata	Medicinali soggetti a prescrizione medica
047488123	047488	OLMESARTAN, AMLODIPINA E IDROCLOROTIAZIDE EG	40 MG/5 MG/12,5 MG COMPRESSE RIVESTITE CON FILM- 100 COMPRESSE IN BLISTER OPA/AL/PVC/AL DIVISIBILE PER DOSE UNITARIA	OLMESARTAN MEDOXOMIL	OLMESARTAN MEDOXOMIL	40	milligrammi	Compressa rivestita con film	C09DX03	EG S.P.A.	Autorizzata	Procedura Mutuo riconoscimento o Decentrata	Medicinali soggetti a prescrizione medica
047488135	047488	OLMESARTAN, AMLODIPINA E IDROCLOROTIAZIDE EG	40 MG/10 MG/12,5 MG COMPRESSE RIVESTITE CON FILM- 14 COMPRESSE IN BLISTER OPA/AL/PVC/AL DIVISIBILE PER DOSE UNITARIA	OLMESARTAN MEDOXOMIL	OLMESARTAN MEDOXOMIL	40	milligrammi	Compressa rivestita con film	C09DX03	EG S.P.A.	Autorizzata	Procedura Mutuo riconoscimento o Decentrata	Medicinali soggetti a prescrizione medica
047488147	047488	OLMESARTAN, AMLODIPINA E IDROCLOROTIAZIDE EG	40 MG/10 MG/12,5 MG COMPRESSE RIVESTITE CON FILM- 28 COMPRESSE IN BLISTER OPA/AL/PVC/AL DIVISIBILE PER DOSE UNITARIA	OLMESARTAN MEDOXOMIL	OLMESARTAN MEDOXOMIL	40	milligrammi	Compressa rivestita con film	C09DX03	EG S.P.A.	Autorizzata	Procedura Mutuo riconoscimento o Decentrata	Medicinali soggetti a prescrizione medica
047488150	047488	OLMESARTAN, AMLODIPINA E IDROCLOROTIAZIDE EG	40 MG/10 MG/12,5 MG COMPRESSE RIVESTITE CON FILM- 30 COMPRESSE IN BLISTER OPA/AL/PVC/AL DIVISIBILE PER DOSE UNITARIA	OLMESARTAN MEDOXOMIL	OLMESARTAN MEDOXOMIL	40	milligrammi	Compressa rivestita con film	C09DX03	EG S.P.A.	Autorizzata	Procedura Mutuo riconoscimento o Decentrata	Medicinali soggetti a prescrizione medica
047488162	047488	OLMESARTAN, AMLODIPINA E IDROCLOROTIAZIDE EG	40 MG/10 MG/12,5 MG COMPRESSE RIVESTITE CON FILM- 56 COMPRESSE IN BLISTER OPA/AL/PVC/AL DIVISIBILE PER DOSE UNITARIA	OLMESARTAN MEDOXOMIL	OLMESARTAN MEDOXOMIL	40	milligrammi	Compressa rivestita con film	C09DX03	EG S.P.A.	Autorizzata	Procedura Mutuo riconoscimento o Decentrata	Medicinali soggetti a prescrizione medica
047488174	047488	OLMESARTAN, AMLODIPINA E IDROCLOROTIAZIDE EG	40 MG/10 MG/12,5 MG COMPRESSE RIVESTITE CON FILM- 98 COMPRESSE IN BLISTER OPA/AL/PVC/AL DIVISIBILE PER DOSE UNITARIA	OLMESARTAN MEDOXOMIL	OLMESARTAN MEDOXOMIL	40	milligrammi	Compressa rivestita con film	C09DX03	EG S.P.A.	Autorizzata	Procedura Mutuo riconoscimento o Decentrata	Medicinali soggetti a prescrizione medica
047488186	047488	OLMESARTAN, AMLODIPINA E IDROCLOROTIAZIDE EG	40 MG/10 MG/12,5 MG COMPRESSE RIVESTITE CON FILM- 100 COMPRESSE IN BLISTER OPA/AL/PVC/AL DIVISIBILE PER DOSE UNITARIA	OLMESARTAN MEDOXOMIL	OLMESARTAN MEDOXOMIL	40	milligrammi	Compressa rivestita con film	C09DX03	EG S.P.A.	Autorizzata	Procedura Mutuo riconoscimento o Decentrata	Medicinali soggetti a prescrizione medica
047488198	047488	OLMESARTAN, AMLODIPINA E IDROCLOROTIAZIDE EG	40 MG/5 MG/25 MG COMPRESSE RIVESTITE CON FILM- 14 COMPRESSE IN BLISTER OPA/AL/PVC/AL DIVISIBILE PER DOSE UNITARIA	OLMESARTAN MEDOXOMIL	OLMESARTAN MEDOXOMIL	40	milligrammi	Compressa rivestita con film	C09DX03	EG S.P.A.	Autorizzata	Procedura Mutuo riconoscimento o Decentrata	Medicinali soggetti a prescrizione medica
047488200	047488	OLMESARTAN, AMLODIPINA E IDROCLOROTIAZIDE EG	40 MG/5 MG/25 MG COMPRESSE RIVESTITE CON FILM- 28 COMPRESSE IN BLISTER OPA/AL/PVC/AL DIVISIBILE PER DOSE UNITARIA	OLMESARTAN MEDOXOMIL	OLMESARTAN MEDOXOMIL	40	milligrammi	Compressa rivestita con film	C09DX03	EG S.P.A.	Autorizzata	Procedura Mutuo riconoscimento o Decentrata	Medicinali soggetti a prescrizione medica
047488212	047488	OLMESARTAN, AMLODIPINA E IDROCLOROTIAZIDE EG	40 MG/5 MG/25 MG COMPRESSE RIVESTITE CON FILM- 30 COMPRESSE IN BLISTER OPA/AL/PVC/AL DIVISIBILE PER DOSE UNITARIA	OLMESARTAN MEDOXOMIL	OLMESARTAN MEDOXOMIL	40	milligrammi	Compressa rivestita con film	C09DX03	EG S.P.A.	Autorizzata	Procedura Mutuo riconoscimento o Decentrata	Medicinali soggetti a prescrizione medica
047488224	047488	OLMESARTAN, AMLODIPINA E IDROCLOROTIAZIDE EG	40 MG/5 MG/25 MG COMPRESSE RIVESTITE CON FILM- 56 COMPRESSE IN BLISTER OPA/AL/PVC/AL DIVISIBILE PER DOSE UNITARIA	OLMESARTAN MEDOXOMIL	OLMESARTAN MEDOXOMIL	40	milligrammi	Compressa rivestita con film	C09DX03	EG S.P.A.	Autorizzata	Procedura Mutuo riconoscimento o Decentrata	Medicinali soggetti a prescrizione medica
047488236	047488	OLMESARTAN, AMLODIPINA E IDROCLOROTIAZIDE EG	40 MG/5 MG/25 MG COMPRESSE RIVESTITE CON FILM- 98 COMPRESSE IN BLISTER OPA/AL/PVC/AL DIVISIBILE PER DOSE UNITARIA	OLMESARTAN MEDOXOMIL	OLMESARTAN MEDOXOMIL	40	milligrammi	Compressa rivestita con film	C09DX03	EG S.P.A.	Autorizzata	Procedura Mutuo riconoscimento o Decentrata	Medicinali soggetti a prescrizione medica
047488248	047488	OLMESARTAN, AMLODIPINA E IDROCLOROTIAZIDE EG	40 MG/5 MG/25 MG COMPRESSE RIVESTITE CON FILM- 100 COMPRESSE IN BLISTER OPA/AL/PVC/AL DIVISIBILE PER DOSE UNITARIA	OLMESARTAN MEDOXOMIL	OLMESARTAN MEDOXOMIL	40	milligrammi	Compressa rivestita con film	C09DX03	EG S.P.A.	Autorizzata	Procedura Mutuo riconoscimento o Decentrata	Medicinali soggetti a prescrizione medica
047488251	047488	OLMESARTAN, AMLODIPINA E IDROCLOROTIAZIDE EG	40 MG/10 MG/25 MG COMPRESSE RIVESTITE CON FILM- 14 COMPRESSE IN BLISTER OPA/AL/PVC/AL DIVISIBILE PER DOSE UNITARIA	OLMESARTAN MEDOXOMIL	OLMESARTAN MEDOXOMIL	40	milligrammi	Compressa rivestita con film	C09DX03	EG S.P.A.	Autorizzata	Procedura Mutuo riconoscimento o Decentrata	Medicinali soggetti a prescrizione medica
047488263	047488	OLMESARTAN, AMLODIPINA E IDROCLOROTIAZIDE EG	40 MG/10 MG/25 MG COMPRESSE RIVESTITE CON FILM- 28 COMPRESSE IN BLISTER OPA/AL/PVC/AL DIVISIBILE PER DOSE UNITARIA	OLMESARTAN MEDOXOMIL	OLMESARTAN MEDOXOMIL	40	milligrammi	Compressa rivestita con film	C09DX03	EG S.P.A.	Autorizzata	Procedura Mutuo riconoscimento o Decentrata	Medicinali soggetti a prescrizione medica
047488275	047488	OLMESARTAN, AMLODIPINA E IDROCLOROTIAZIDE EG	40 MG/10 MG/25 MG COMPRESSE RIVESTITE CON FILM- 30 COMPRESSE IN BLISTER OPA/AL/PVC/AL DIVISIBILE PER DOSE UNITARIA	OLMESARTAN MEDOXOMIL	OLMESARTAN MEDOXOMIL	40	milligrammi	Compressa rivestita con film	C09DX03	EG S.P.A.	Autorizzata	Procedura Mutuo riconoscimento o Decentrata	Medicinali soggetti a prescrizione medica
047488287	047488	OLMESARTAN, AMLODIPINA E IDROCLOROTIAZIDE EG	40 MG/10 MG/25 MG COMPRESSE RIVESTITE CON FILM- 56 COMPRESSE IN BLISTER OPA/AL/PVC/AL DIVISIBILE PER DOSE UNITARIA	OLMESARTAN MEDOXOMIL	OLMESARTAN MEDOXOMIL	40	milligrammi	Compressa rivestita con film	C09DX03	EG S.P.A.	Autorizzata	Procedura Mutuo riconoscimento o Decentrata	Medicinali soggetti a prescrizione medica
047488299	047488	OLMESARTAN, AMLODIPINA E IDROCLOROTIAZIDE EG	40 MG/10 MG/25 MG COMPRESSE RIVESTITE CON FILM- 98 COMPRESSE IN BLISTER OPA/AL/PVC/AL DIVISIBILE PER DOSE UNITARIA	OLMESARTAN MEDOXOMIL	OLMESARTAN MEDOXOMIL	40	milligrammi	Compressa rivestita con film	C09DX03	EG S.P.A.	Autorizzata	Procedura Mutuo riconoscimento o Decentrata	Medicinali soggetti a prescrizione medica
047488301	047488	OLMESARTAN, AMLODIPINA E IDROCLOROTIAZIDE EG	40 MG/10 MG/25 MG COMPRESSE RIVESTITE CON FILM- 100 COMPRESSE IN BLISTER OPA/AL/PVC/AL DIVISIBILE PER DOSE UNITARIA	OLMESARTAN MEDOXOMIL	OLMESARTAN MEDOXOMIL	40	milligrammi	Compressa rivestita con film	C09DX03	EG S.P.A.	Autorizzata	Procedura Mutuo riconoscimento o Decentrata	Medicinali soggetti a prescrizione medica
047997010	047997	OLMETRIVART	20 MG/5 MG/12.5 MG COMPRESSE RIVESTITE CON FILM- 28 COMPRESSE IN BLISTER AL-AL	OLMESARTAN MEDOXOMIL	OLMESARTAN MEDOXOMIL			Compressa rivestita con film	C09DX03	MYLAN S.P.A.	Autorizzata	Procedura Mutuo riconoscimento o Decentrata	Medicinali soggetti a prescrizione medica
047997022	047997	OLMETRIVART	20 MG/5 MG/12.5 MG COMPRESSE RIVESTITE CON FILM- 98 COMPRESSE IN BLISTER AL-AL	OLMESARTAN MEDOXOMIL	OLMESARTAN MEDOXOMIL			Compressa rivestita con film	C09DX03	MYLAN S.P.A.	Autorizzata	Procedura Mutuo riconoscimento o Decentrata	Medicinali soggetti a prescrizione medica
047997034	047997	OLMETRIVART	40 MG/5 MG/12.5 MG COMPRESSE RIVESTITE CON FILM- 28 COMPRESSE IN BLISTER AL-AL	OLMESARTAN MEDOXOMIL	OLMESARTAN MEDOXOMIL			Compressa rivestita con film	C09DX03	MYLAN S.P.A.	Autorizzata	Procedura Mutuo riconoscimento o Decentrata	Medicinali soggetti a prescrizione medica
047997046	047997	OLMETRIVART	40 MG/5 MG/12.5 MG COMPRESSE RIVESTITE CON FILM- 98 COMPRESSE IN BLISTER AL-AL	OLMESARTAN MEDOXOMIL	OLMESARTAN MEDOXOMIL			Compressa rivestita con film	C09DX03	MYLAN S.P.A.	Autorizzata	Procedura Mutuo riconoscimento o Decentrata	Medicinali soggetti a prescrizione medica
047997059	047997	OLMETRIVART	40 MG/10 MG/12.5 MG COMPRESSE RIVESTITE CON FILM- 28 COMPRESSE IN BLISTER AL-AL	OLMESARTAN MEDOXOMIL	OLMESARTAN MEDOXOMIL			Compressa rivestita con film	C09DX03	MYLAN S.P.A.	Autorizzata	Procedura Mutuo riconoscimento o Decentrata	Medicinali soggetti a prescrizione medica
047997061	047997	OLMETRIVART	40 MG/10 MG/12.5 MG COMPRESSE RIVESTITE CON FILM- 98 COMPRESSE IN BLISTER AL-AL	OLMESARTAN MEDOXOMIL	OLMESARTAN MEDOXOMIL			Compressa rivestita con film	C09DX03	MYLAN S.P.A.	Autorizzata	Procedura Mutuo riconoscimento o Decentrata	Medicinali soggetti a prescrizione medica
047997073	047997	OLMETRIVART	40 MG/5 MG/25 MG COMPRESSE RIVESTITE CON FILM- 28 COMPRESSE IN BLISTER AL-AL	OLMESARTAN MEDOXOMIL	OLMESARTAN MEDOXOMIL			Compressa rivestita con film	C09DX03	MYLAN S.P.A.	Autorizzata	Procedura Mutuo riconoscimento o Decentrata	Medicinali soggetti a prescrizione medica
047997085	047997	OLMETRIVART	40 MG/5 MG/25 MG COMPRESSE RIVESTITE CON FILM- 98 COMPRESSE IN BLISTER AL-AL	OLMESARTAN MEDOXOMIL	OLMESARTAN MEDOXOMIL			Compressa rivestita con film	C09DX03	MYLAN S.P.A.	Autorizzata	Procedura Mutuo riconoscimento o Decentrata	Medicinali soggetti a prescrizione medica
047997097	047997	OLMETRIVART	40 MG/10 MG/25 MG COMPRESSE RIVESTITE CON FILM- 28 COMPRESSE IN BLISTER AL-AL	OLMESARTAN MEDOXOMIL	OLMESARTAN MEDOXOMIL			Compressa rivestita con film	C09DX03	MYLAN S.P.A.	Autorizzata	Procedura Mutuo riconoscimento o Decentrata	Medicinali soggetti a prescrizione medica
047997109	047997	OLMETRIVART	40 MG/10 MG/25 MG COMPRESSE RIVESTITE CON FILM- 98 COMPRESSE IN BLISTER AL-AL	OLMESARTAN MEDOXOMIL	OLMESARTAN MEDOXOMIL			Compressa rivestita con film	C09DX03	MYLAN S.P.A.	Autorizzata	Procedura Mutuo riconoscimento o Decentrata	Medicinali soggetti a prescrizione medica
047997111	047997	OLMETRIVART	20 MG/5 MG/12.5 MG COMPRESSE RIVESTITE CON FILM- 28X1 COMPRESSE IN BLISTER AL-AL	OLMESARTAN MEDOXOMIL	OLMESARTAN MEDOXOMIL			Compressa rivestita con film	C09DX03	MYLAN S.P.A.	Autorizzata	Procedura Mutuo riconoscimento o Decentrata	Medicinali soggetti a prescrizione medica
047997123	047997	OLMETRIVART	20 MG/5 MG/12.5 MG COMPRESSE RIVESTITE CON FILM- 98X1 COMPRESSE IN BLISTER AL-AL	OLMESARTAN MEDOXOMIL	OLMESARTAN MEDOXOMIL			Compressa rivestita con film	C09DX03	MYLAN S.P.A.	Autorizzata	Procedura Mutuo riconoscimento o Decentrata	Medicinali soggetti a prescrizione medica
047997135	047997	OLMETRIVART	40 MG/5 MG/12.5 MG COMPRESSE RIVESTITE CON FILM- 28X1 COMPRESSE IN BLISTER AL-AL	OLMESARTAN MEDOXOMIL	OLMESARTAN MEDOXOMIL			Compressa rivestita con film	C09DX03	MYLAN S.P.A.	Autorizzata	Procedura Mutuo riconoscimento o Decentrata	Medicinali soggetti a prescrizione medica
047997147	047997	OLMETRIVART	40 MG/5 MG/12.5 MG COMPRESSE RIVESTITE CON FILM- 98X1 COMPRESSE IN BLISTER AL-AL	OLMESARTAN MEDOXOMIL	OLMESARTAN MEDOXOMIL			Compressa rivestita con film	C09DX03	MYLAN S.P.A.	Autorizzata	Procedura Mutuo riconoscimento o Decentrata	Medicinali soggetti a prescrizione medica
047997150	047997	OLMETRIVART	40 MG/10 MG/12.5 MG COMPRESSE RIVESTITE CON FILM- 28X1 COMPRESSE IN BLISTER AL-AL	OLMESARTAN MEDOXOMIL	OLMESARTAN MEDOXOMIL			Compressa rivestita con film	C09DX03	MYLAN S.P.A.	Autorizzata	Procedura Mutuo riconoscimento o Decentrata	Medicinali soggetti a prescrizione medica
047997162	047997	OLMETRIVART	40 MG/10 MG/12.5 MG COMPRESSE RIVESTITE CON FILM- 98X1 COMPRESSE IN BLISTER AL-AL	OLMESARTAN MEDOXOMIL	OLMESARTAN MEDOXOMIL			Compressa rivestita con film	C09DX03	MYLAN S.P.A.	Autorizzata	Procedura Mutuo riconoscimento o Decentrata	Medicinali soggetti a prescrizione medica
047997174	047997	OLMETRIVART	40 MG/5 MG/25 MG  COMPRESSE RIVESTITE CON FILM- 28X1 COMPRESSE IN BLISTER AL-AL	OLMESARTAN MEDOXOMIL	OLMESARTAN MEDOXOMIL			Compressa rivestita con film	C09DX03	MYLAN S.P.A.	Autorizzata	Procedura Mutuo riconoscimento o Decentrata	Medicinali soggetti a prescrizione medica
047997186	047997	OLMETRIVART	40 MG/5 MG/25 MG  COMPRESSE RIVESTITE CON FILM- 98X1 COMPRESSE IN BLISTER AL-AL	OLMESARTAN MEDOXOMIL	OLMESARTAN MEDOXOMIL			Compressa rivestita con film	C09DX03	MYLAN S.P.A.	Autorizzata	Procedura Mutuo riconoscimento o Decentrata	Medicinali soggetti a prescrizione medica
047997198	047997	OLMETRIVART	40 MG/10 MG/25 MG COMPRESSE RIVESTITE CON FILM- 28X1 COMPRESSE IN BLISTER AL-AL	OLMESARTAN MEDOXOMIL	OLMESARTAN MEDOXOMIL			Compressa rivestita con film	C09DX03	MYLAN S.P.A.	Autorizzata	Procedura Mutuo riconoscimento o Decentrata	Medicinali soggetti a prescrizione medica
047997200	047997	OLMETRIVART	40 MG/10 MG/25 MG COMPRESSE RIVESTITE CON FILM- 98X1 COMPRESSE IN BLISTER AL-AL	OLMESARTAN MEDOXOMIL	OLMESARTAN MEDOXOMIL			Compressa rivestita con film	C09DX03	MYLAN S.P.A.	Autorizzata	Procedura Mutuo riconoscimento o Decentrata	Medicinali soggetti a prescrizione medica
048464010	048464	TRIOLM	20 MG/ 5 MG/ 12.5 MG COMPRESSE RIVESTITE CON FILM- 28 COMPRESSE IN BLISTER OPA/AL/PVC-AL	OLMESARTAN MEDOXOMIL	OLMESARTAN MEDOXOMIL			Compressa rivestita con film	C09DX03	DOC GENERICI SRL	Autorizzata	Procedura Mutuo riconoscimento o Decentrata	Medicinali soggetti a prescrizione medica
048464022	048464	TRIOLM	40 MG/5 MG/12.5 MG COMPRESSE RIVESTITE CON FILM- 28 COMPRESSE IN BLISTER OPA/AL/PVC-AL	OLMESARTAN MEDOXOMIL	OLMESARTAN MEDOXOMIL			Compressa rivestita con film	C09DX03	DOC GENERICI SRL	Autorizzata	Procedura Mutuo riconoscimento o Decentrata	Medicinali soggetti a prescrizione medica
048464034	048464	TRIOLM	40 MG/ 10 MG/ 12.5 MG COMPRESSE RIVESTITE CON FILM- 28 COMPRESSE IN BLISTER OPA/AL/PVC-AL	OLMESARTAN MEDOXOMIL	OLMESARTAN MEDOXOMIL			Compressa rivestita con film	C09DX03	DOC GENERICI SRL	Autorizzata	Procedura Mutuo riconoscimento o Decentrata	Medicinali soggetti a prescrizione medica
048464046	048464	TRIOLM	40 MG/ 5 MG/ 25 MG COMPRESSE RIVESTITE CON FILM- 28 COMPRESSE IN BLISTER OPA/AL/PVC-AL	OLMESARTAN MEDOXOMIL	OLMESARTAN MEDOXOMIL			Compressa rivestita con film	C09DX03	DOC GENERICI SRL	Autorizzata	Procedura Mutuo riconoscimento o Decentrata	Medicinali soggetti a prescrizione medica
048464059	048464	TRIOLM	40 MG/ 10 MG/ 25 MG COMPRESSE RIVESTITE CON FILM- 28 COMPRESSE IN BLISTER OPA/AL/PVC-AL	OLMESARTAN MEDOXOMIL	OLMESARTAN MEDOXOMIL			Compressa rivestita con film	C09DX03	DOC GENERICI SRL	Autorizzata	Procedura Mutuo riconoscimento o Decentrata	Medicinali soggetti a prescrizione medica
048466015	048466	SARKAMEX	20 MG/ 5 MG/ 12.5 MG COMPRESSE RIVESTITE CON FILM- 28 COMPRESSE IN BLISTER OPA/AL/PVC-AL	OLMESARTAN MEDOXOMIL	OLMESARTAN MEDOXOMIL			Compressa rivestita con film	C09DX03	ADAMED S.R.L.	Autorizzata	Procedura Mutuo riconoscimento o Decentrata	Medicinali soggetti a prescrizione medica
048466027	048466	SARKAMEX	40 MG/5 MG/12.5 MG COMPRESSE RIVESTITE CON FILM- 28 COMPRESSE IN BLISTER OPA/AL/PVC-AL	OLMESARTAN MEDOXOMIL	OLMESARTAN MEDOXOMIL			Compressa rivestita con film	C09DX03	ADAMED S.R.L.	Autorizzata	Procedura Mutuo riconoscimento o Decentrata	Medicinali soggetti a prescrizione medica
048466039	048466	SARKAMEX	40 MG/10 MG/12.5 MG COMPRESSE RIVESTITE CON FILM- 28 COMPRESSE IN BLISTER OPA/AL/PVC-AL	OLMESARTAN MEDOXOMIL	OLMESARTAN MEDOXOMIL			Compressa rivestita con film	C09DX03	ADAMED S.R.L.	Autorizzata	Procedura Mutuo riconoscimento o Decentrata	Medicinali soggetti a prescrizione medica
048466041	048466	SARKAMEX	40 MG/5 MG/25 MG COMPRESSE RIVESTITE CON FILM- 28 COMPRESSE IN BLISTER OPA/AL/PVC-AL	OLMESARTAN MEDOXOMIL	OLMESARTAN MEDOXOMIL			Compressa rivestita con film	C09DX03	ADAMED S.R.L.	Autorizzata	Procedura Mutuo riconoscimento o Decentrata	Medicinali soggetti a prescrizione medica
048466054	048466	SARKAMEX	40 MG/10 MG/25 MG COMPRESSE RIVESTITE CON FILM- 28 COMPRESSE IN BLISTER OPA/AL/PVC-AL	OLMESARTAN MEDOXOMIL	OLMESARTAN MEDOXOMIL			Compressa rivestita con film	C09DX03	ADAMED S.R.L.	Autorizzata	Procedura Mutuo riconoscimento o Decentrata	Medicinali soggetti a prescrizione medica
049375025	049375	GADUAR	20 MG/5 MG/12,5 MG COMPRESSE RIVESTITE CON FILM- 56 COMPRESSE IN BLISTER AL/AL	OLMESARTAN MEDOXOMIL	OLMESARTAN MEDOXOMIL			Compressa rivestita con film	C09DX03	ZENTIVA ITALIA S.R.L.	Autorizzata	Procedura Mutuo riconoscimento o Decentrata	Medicinali soggetti a prescrizione medica
049375037	049375	GADUAR	20 MG/5 MG/12,5 MG COMPRESSE RIVESTITE CON FILM- 98 COMPRESSE IN BLISTER AL/AL	OLMESARTAN MEDOXOMIL	OLMESARTAN MEDOXOMIL			Compressa rivestita con film	C09DX03	ZENTIVA ITALIA S.R.L.	Autorizzata	Procedura Mutuo riconoscimento o Decentrata	Medicinali soggetti a prescrizione medica
049375049	049375	GADUAR	40 MG/5 MG/12,5 MG COMPRESSE RIVESTITE CON FILM- 28 COMPRESSE IN BLISTER AL/AL	OLMESARTAN MEDOXOMIL	OLMESARTAN MEDOXOMIL			Compressa rivestita con film	C09DX03	ZENTIVA ITALIA S.R.L.	Autorizzata	Procedura Mutuo riconoscimento o Decentrata	Medicinali soggetti a prescrizione medica
049375052	049375	GADUAR	40 MG/5 MG/12,5 MG COMPRESSE RIVESTITE CON FILM- 56 COMPRESSE IN BLISTER AL/AL	OLMESARTAN MEDOXOMIL	OLMESARTAN MEDOXOMIL			Compressa rivestita con film	C09DX03	ZENTIVA ITALIA S.R.L.	Autorizzata	Procedura Mutuo riconoscimento o Decentrata	Medicinali soggetti a prescrizione medica
049375064	049375	GADUAR	40 MG/5 MG/12,5 MG COMPRESSE RIVESTITE CON FILM- 98 COMPRESSE IN BLISTER AL/AL	OLMESARTAN MEDOXOMIL	OLMESARTAN MEDOXOMIL			Compressa rivestita con film	C09DX03	ZENTIVA ITALIA S.R.L.	Autorizzata	Procedura Mutuo riconoscimento o Decentrata	Medicinali soggetti a prescrizione medica
049375088	049375	GADUAR	40 MG/5 MG/25 MG COMPRESSE RIVESTITE CON FILM- 56 COMPRESSE IN BLISTER AL/AL	OLMESARTAN MEDOXOMIL	OLMESARTAN MEDOXOMIL			Compressa rivestita con film	C09DX03	ZENTIVA ITALIA S.R.L.	Autorizzata	Procedura Mutuo riconoscimento o Decentrata	Medicinali soggetti a prescrizione medica
049375090	049375	GADUAR	40 MG/5 MG/25 MG COMPRESSE RIVESTITE CON FILM- 98 COMPRESSE IN BLISTER AL/AL	OLMESARTAN MEDOXOMIL	OLMESARTAN MEDOXOMIL			Compressa rivestita con film	C09DX03	ZENTIVA ITALIA S.R.L.	Autorizzata	Procedura Mutuo riconoscimento o Decentrata	Medicinali soggetti a prescrizione medica
049375102	049375	GADUAR	40 MG/10 MG/12,5 MG COMPRESSE RIVESTITE CON FILM- 28 COMPRESSE IN BLISTER AL/AL	OLMESARTAN MEDOXOMIL	OLMESARTAN MEDOXOMIL			Compressa rivestita con film	C09DX03	ZENTIVA ITALIA S.R.L.	Autorizzata	Procedura Mutuo riconoscimento o Decentrata	Medicinali soggetti a prescrizione medica
049375114	049375	GADUAR	40 MG/10 MG/12,5 MG COMPRESSE RIVESTITE CON FILM- 56 COMPRESSE IN BLISTER AL/AL	OLMESARTAN MEDOXOMIL	OLMESARTAN MEDOXOMIL			Compressa rivestita con film	C09DX03	ZENTIVA ITALIA S.R.L.	Autorizzata	Procedura Mutuo riconoscimento o Decentrata	Medicinali soggetti a prescrizione medica
049375126	049375	GADUAR	40 MG/10 MG/12,5 MG COMPRESSE RIVESTITE CON FILM- 98 COMPRESSE IN BLISTER AL/AL	OLMESARTAN MEDOXOMIL	OLMESARTAN MEDOXOMIL			Compressa rivestita con film	C09DX03	ZENTIVA ITALIA S.R.L.	Autorizzata	Procedura Mutuo riconoscimento o Decentrata	Medicinali soggetti a prescrizione medica
049375140	049375	GADUAR	40 MG/10 MG/25 MG COMPRESSE RIVESTITE CON FILM- 56 COMPRESSE IN BLISTER AL/AL	OLMESARTAN MEDOXOMIL	OLMESARTAN MEDOXOMIL			Compressa rivestita con film	C09DX03	ZENTIVA ITALIA S.R.L.	Autorizzata	Procedura Mutuo riconoscimento o Decentrata	Medicinali soggetti a prescrizione medica
049375153	049375	GADUAR	40 MG/10 MG/25 MG COMPRESSE RIVESTITE CON FILM- 98 COMPRESSE IN BLISTER AL/AL	OLMESARTAN MEDOXOMIL	OLMESARTAN MEDOXOMIL			Compressa rivestita con film	C09DX03	ZENTIVA ITALIA S.R.L.	Autorizzata	Procedura Mutuo riconoscimento o Decentrata	Medicinali soggetti a prescrizione medica
049444019	049444	OLMESARTAN E AMLODIPINA AUROBINDO	20 MG/5 MG COMPRESSE RIVESTITE CON FILM- 28 COMPRESSE IN BLISTER PVC/PVDC-AL	OLMESARTAN MEDOXOMIL	OLMESARTAN MEDOXOMIL			Compressa rivestita con film	C09DB02	AUROBINDO PHARMA (ITALIA) S.R.L.	Autorizzata	Procedura Mutuo riconoscimento o Decentrata	Medicinali soggetti a prescrizione medica
049444021	049444	OLMESARTAN E AMLODIPINA AUROBINDO	40 MG/5 MG COMPRESSE RIVESTITE CON FILM- 28 COMPRESSE IN BLISTER PVC/PVDC-AL	OLMESARTAN MEDOXOMIL	OLMESARTAN MEDOXOMIL			Compressa rivestita con film	C09DB02	AUROBINDO PHARMA (ITALIA) S.R.L.	Autorizzata	Procedura Mutuo riconoscimento o Decentrata	Medicinali soggetti a prescrizione medica
049444033	049444	OLMESARTAN E AMLODIPINA AUROBINDO	40 MG/10 MG COMPRESSE RIVESTITE CON FILM- 28 COMPRESSE IN BLISTER PVC/PVDC-AL	OLMESARTAN MEDOXOMIL	OLMESARTAN MEDOXOMIL			Compressa rivestita con film	C09DB02	AUROBINDO PHARMA (ITALIA) S.R.L.	Autorizzata	Procedura Mutuo riconoscimento o Decentrata	Medicinali soggetti a prescrizione medica
049806019	049806	OLMESARTAN MEDOXOMIL E IDROCLOROTIAZIDE TEVA ITALIA	20MG/12,5 MG COMPRESSE RIVESTITE CON FILM-  14 COMPRESSE IN BLISTER OPA/Al/PVC-Al	OLMESARTAN MEDOXOMIL	OLMESARTAN MEDOXOMIL			Compressa rivestita con film	C09DA08	TEVA B.V.	Autorizzata	Procedura Mutuo riconoscimento o Decentrata	Medicinali soggetti a prescrizione medica
049806021	049806	OLMESARTAN MEDOXOMIL E IDROCLOROTIAZIDE TEVA ITALIA	20MG/12,5 MG COMPRESSE RIVESTITE CON FILM-  28 COMPRESSE IN BLISTER OPA/Al/PVC-Al	OLMESARTAN MEDOXOMIL	OLMESARTAN MEDOXOMIL			Compressa rivestita con film	C09DA08	TEVA B.V.	Autorizzata	Procedura Mutuo riconoscimento o Decentrata	Medicinali soggetti a prescrizione medica
049806033	049806	OLMESARTAN MEDOXOMIL E IDROCLOROTIAZIDE TEVA ITALIA	20MG/12,5 MG COMPRESSE RIVESTITE CON FILM-  30 COMPRESSE IN BLISTER OPA/Al/PVC-Al	OLMESARTAN MEDOXOMIL	OLMESARTAN MEDOXOMIL			Compressa rivestita con film	C09DA08	TEVA B.V.	Autorizzata	Procedura Mutuo riconoscimento o Decentrata	Medicinali soggetti a prescrizione medica
049806045	049806	OLMESARTAN MEDOXOMIL E IDROCLOROTIAZIDE TEVA ITALIA	20MG/12,5 MG COMPRESSE RIVESTITE CON FILM-  56 COMPRESSE IN BLISTER OPA/Al/PVC-Al	OLMESARTAN MEDOXOMIL	OLMESARTAN MEDOXOMIL			Compressa rivestita con film	C09DA08	TEVA B.V.	Autorizzata	Procedura Mutuo riconoscimento o Decentrata	Medicinali soggetti a prescrizione medica
049806058	049806	OLMESARTAN MEDOXOMIL E IDROCLOROTIAZIDE TEVA ITALIA	20MG/12,5 MG COMPRESSE RIVESTITE CON FILM-  98 COMPRESSE IN BLISTER OPA/Al/PVC-Al	OLMESARTAN MEDOXOMIL	OLMESARTAN MEDOXOMIL			Compressa rivestita con film	C09DA08	TEVA B.V.	Autorizzata	Procedura Mutuo riconoscimento o Decentrata	Medicinali soggetti a prescrizione medica
049806060	049806	OLMESARTAN MEDOXOMIL E IDROCLOROTIAZIDE TEVA ITALIA	20 MG/25 MG COMPRESSE RIVESTITE CON FILM- 14 COMPRESSE IN BLISTER OPA/AL/PVC-AL	OLMESARTAN MEDOXOMIL	OLMESARTAN MEDOXOMIL			Compressa rivestita con film	C09DA08	TEVA B.V.	Autorizzata	Procedura Mutuo riconoscimento o Decentrata	Medicinali soggetti a prescrizione medica
049806072	049806	OLMESARTAN MEDOXOMIL E IDROCLOROTIAZIDE TEVA ITALIA	20 MG/25 MG COMPRESSE RIVESTITE CON FILM- 28 COMPRESSE IN BLISTER OPA/AL/PVC-AL	OLMESARTAN MEDOXOMIL	OLMESARTAN MEDOXOMIL			Compressa rivestita con film	C09DA08	TEVA B.V.	Autorizzata	Procedura Mutuo riconoscimento o Decentrata	Medicinali soggetti a prescrizione medica
049806084	049806	OLMESARTAN MEDOXOMIL E IDROCLOROTIAZIDE TEVA ITALIA	20 MG/25 MG COMPRESSE RIVESTITE CON FILM- 30 COMPRESSE IN BLISTER OPA/AL/PVC-AL	OLMESARTAN MEDOXOMIL	OLMESARTAN MEDOXOMIL			Compressa rivestita con film	C09DA08	TEVA B.V.	Autorizzata	Procedura Mutuo riconoscimento o Decentrata	Medicinali soggetti a prescrizione medica
049806096	049806	OLMESARTAN MEDOXOMIL E IDROCLOROTIAZIDE TEVA ITALIA	20 MG/25 MG COMPRESSE RIVESTITE CON FILM- 56 COMPRESSE IN BLISTER OPA/AL/PVC-AL	OLMESARTAN MEDOXOMIL	OLMESARTAN MEDOXOMIL			Compressa rivestita con film	C09DA08	TEVA B.V.	Autorizzata	Procedura Mutuo riconoscimento o Decentrata	Medicinali soggetti a prescrizione medica
049806108	049806	OLMESARTAN MEDOXOMIL E IDROCLOROTIAZIDE TEVA ITALIA	20 MG/25 MG COMPRESSE RIVESTITE CON FILM- 98 COMPRESSE IN BLISTER OPA/AL/PVC-AL	OLMESARTAN MEDOXOMIL	OLMESARTAN MEDOXOMIL			Compressa rivestita con film	C09DA08	TEVA B.V.	Autorizzata	Procedura Mutuo riconoscimento o Decentrata	Medicinali soggetti a prescrizione medica
049806110	049806	OLMESARTAN MEDOXOMIL E IDROCLOROTIAZIDE TEVA ITALIA	40 MG/12,5 MG COMPRESSE RIVESTITE CON FILM- 14 COMPRESSE IN BLISTER OPA/AL/PVC-AL	OLMESARTAN MEDOXOMIL	OLMESARTAN MEDOXOMIL			Compressa rivestita con film	C09DA08	TEVA B.V.	Autorizzata	Procedura Mutuo riconoscimento o Decentrata	Medicinali soggetti a prescrizione medica
049806122	049806	OLMESARTAN MEDOXOMIL E IDROCLOROTIAZIDE TEVA ITALIA	40 MG/12,5 MG COMPRESSE RIVESTITE CON FILM- 28 COMPRESSE IN BLISTER OPA/AL/PVC-AL	OLMESARTAN MEDOXOMIL	OLMESARTAN MEDOXOMIL			Compressa rivestita con film	C09DA08	TEVA B.V.	Autorizzata	Procedura Mutuo riconoscimento o Decentrata	Medicinali soggetti a prescrizione medica
049806134	049806	OLMESARTAN MEDOXOMIL E IDROCLOROTIAZIDE TEVA ITALIA	40 MG/12,5 MG COMPRESSE RIVESTITE CON FILM- 30 COMPRESSE IN BLISTER OPA/AL/PVC-AL	OLMESARTAN MEDOXOMIL	OLMESARTAN MEDOXOMIL			Compressa rivestita con film	C09DA08	TEVA B.V.	Autorizzata	Procedura Mutuo riconoscimento o Decentrata	Medicinali soggetti a prescrizione medica
049806146	049806	OLMESARTAN MEDOXOMIL E IDROCLOROTIAZIDE TEVA ITALIA	40 MG/12,5 MG COMPRESSE RIVESTITE CON FILM- 56 COMPRESSE IN BLISTER OPA/AL/PVC-AL	OLMESARTAN MEDOXOMIL	OLMESARTAN MEDOXOMIL			Compressa rivestita con film	C09DA08	TEVA B.V.	Autorizzata	Procedura Mutuo riconoscimento o Decentrata	Medicinali soggetti a prescrizione medica
049806159	049806	OLMESARTAN MEDOXOMIL E IDROCLOROTIAZIDE TEVA ITALIA	40 MG/12,5 MG COMPRESSE RIVESTITE CON FILM- 98 COMPRESSE IN BLISTER OPA/AL/PVC-AL	OLMESARTAN MEDOXOMIL	OLMESARTAN MEDOXOMIL			Compressa rivestita con film	C09DA08	TEVA B.V.	Autorizzata	Procedura Mutuo riconoscimento o Decentrata	Medicinali soggetti a prescrizione medica
049806161	049806	OLMESARTAN MEDOXOMIL E IDROCLOROTIAZIDE TEVA ITALIA	40 MG/25 MG COMPRESSE RIVESTITE CON FILM- 14 COMPRESSE IN BLISTER OPA/AL/PVC-AL	OLMESARTAN MEDOXOMIL	OLMESARTAN MEDOXOMIL			Compressa rivestita con film	C09DA08	TEVA B.V.	Autorizzata	Procedura Mutuo riconoscimento o Decentrata	Medicinali soggetti a prescrizione medica
049806173	049806	OLMESARTAN MEDOXOMIL E IDROCLOROTIAZIDE TEVA ITALIA	40 MG/25 MG COMPRESSE RIVESTITE CON FILM- 28 COMPRESSE IN BLISTER OPA/AL/PVC-AL	OLMESARTAN MEDOXOMIL	OLMESARTAN MEDOXOMIL			Compressa rivestita con film	C09DA08	TEVA B.V.	Autorizzata	Procedura Mutuo riconoscimento o Decentrata	Medicinali soggetti a prescrizione medica
049806185	049806	OLMESARTAN MEDOXOMIL E IDROCLOROTIAZIDE TEVA ITALIA	40 MG/25 MG COMPRESSE RIVESTITE CON FILM- 30 COMPRESSE IN BLISTER OPA/AL/PVC-AL	OLMESARTAN MEDOXOMIL	OLMESARTAN MEDOXOMIL			Compressa rivestita con film	C09DA08	TEVA B.V.	Autorizzata	Procedura Mutuo riconoscimento o Decentrata	Medicinali soggetti a prescrizione medica
049806197	049806	OLMESARTAN MEDOXOMIL E IDROCLOROTIAZIDE TEVA ITALIA	40 MG/25 MG COMPRESSE RIVESTITE CON FILM- 56 COMPRESSE IN BLISTER OPA/AL/PVC-AL	OLMESARTAN MEDOXOMIL	OLMESARTAN MEDOXOMIL			Compressa rivestita con film	C09DA08	TEVA B.V.	Autorizzata	Procedura Mutuo riconoscimento o Decentrata	Medicinali soggetti a prescrizione medica
049806209	049806	OLMESARTAN MEDOXOMIL E IDROCLOROTIAZIDE TEVA ITALIA	40 MG/25 MG COMPRESSE RIVESTITE CON FILM- 98 COMPRESSE IN BLISTER OPA/AL/PVC-AL	OLMESARTAN MEDOXOMIL	OLMESARTAN MEDOXOMIL			Compressa rivestita con film	C09DA08	TEVA B.V.	Autorizzata	Procedura Mutuo riconoscimento o Decentrata	Medicinali soggetti a prescrizione medica
049806211	049806	OLMESARTAN MEDOXOMIL E IDROCLOROTIAZIDE TEVA ITALIA	20MG/12,5 MG COMPRESSE RIVESTITE CON FILM-  28 COMPRESSE IN BLISTER CALENDARIO OPA/Al/PVC-Al	OLMESARTAN MEDOXOMIL	OLMESARTAN MEDOXOMIL			Compressa rivestita con film	C09DA08	TEVA B.V.	Autorizzata	Procedura Mutuo riconoscimento o Decentrata	Medicinali soggetti a prescrizione medica
049806223	049806	OLMESARTAN MEDOXOMIL E IDROCLOROTIAZIDE TEVA ITALIA	20MG/25 MG COMPRESSE RIVESTITE CON FILM-  28 COMPRESSE IN BLISTER CALENDARIO OPA/Al/PVC-Al	OLMESARTAN MEDOXOMIL	OLMESARTAN MEDOXOMIL			Compressa rivestita con film	C09DA08	TEVA B.V.	Autorizzata	Procedura Mutuo riconoscimento o Decentrata	Medicinali soggetti a prescrizione medica
049806235	049806	OLMESARTAN MEDOXOMIL E IDROCLOROTIAZIDE TEVA ITALIA	40MG/12,5 MG COMPRESSE RIVESTITE CON FILM-  28 COMPRESSE IN BLISTER CALENDARIO OPA/Al/PVC-Al	OLMESARTAN MEDOXOMIL	OLMESARTAN MEDOXOMIL			Compressa rivestita con film	C09DA08	TEVA B.V.	Autorizzata	Procedura Mutuo riconoscimento o Decentrata	Medicinali soggetti a prescrizione medica
049806247	049806	OLMESARTAN MEDOXOMIL E IDROCLOROTIAZIDE TEVA ITALIA	40MG/25 MG COMPRESSE RIVESTITE CON FILM-  28 COMPRESSE IN BLISTER CALENDARIO OPA/Al/PVC-Al	OLMESARTAN MEDOXOMIL	OLMESARTAN MEDOXOMIL			Compressa rivestita con film	C09DA08	TEVA B.V.	Autorizzata	Procedura Mutuo riconoscimento o Decentrata	Medicinali soggetti a prescrizione medica
049813013	049813	ZANCLORA	20 MG/5 MG COMPRESSE RIVESTITE CON FILM- 28 COMPRESSE IN BLISTER OPA/AL/PVC-AL	OLMESARTAN MEDOXOMIL	OLMESARTAN MEDOXOMIL			Compressa rivestita con film	C09DB02	LITHIUM SRL	Autorizzata	Procedura Mutuo riconoscimento o Decentrata	Medicinali soggetti a prescrizione medica
049813025	049813	ZANCLORA	20 MG/5 MG COMPRESSE RIVESTITE CON FILM- 56 COMPRESSE IN BLISTER OPA/AL/PVC-AL	OLMESARTAN MEDOXOMIL	OLMESARTAN MEDOXOMIL			Compressa rivestita con film	C09DB02	LITHIUM SRL	Autorizzata	Procedura Mutuo riconoscimento o Decentrata	Medicinali soggetti a prescrizione medica
049813037	049813	ZANCLORA	20 MG/5 MG COMPRESSE RIVESTITE CON FILM- 98 COMPRESSE IN BLISTER OPA/AL/PVC-AL	OLMESARTAN MEDOXOMIL	OLMESARTAN MEDOXOMIL			Compressa rivestita con film	C09DB02	LITHIUM SRL	Autorizzata	Procedura Mutuo riconoscimento o Decentrata	Medicinali soggetti a prescrizione medica
049813049	049813	ZANCLORA	40 MG/5 MG COMPRESSE RIVESTITE CON FILM-  28 COMPRESSE IN BLISTER OPA/AL/PVC-AL	OLMESARTAN MEDOXOMIL	OLMESARTAN MEDOXOMIL			Compressa rivestita con film	C09DB02	LITHIUM SRL	Autorizzata	Procedura Mutuo riconoscimento o Decentrata	Medicinali soggetti a prescrizione medica
049813052	049813	ZANCLORA	40 MG/5 MG COMPRESSE RIVESTITE CON FILM-  56 COMPRESSE IN BLISTER OPA/AL/PVC-AL	OLMESARTAN MEDOXOMIL	OLMESARTAN MEDOXOMIL			Compressa rivestita con film	C09DB02	LITHIUM SRL	Autorizzata	Procedura Mutuo riconoscimento o Decentrata	Medicinali soggetti a prescrizione medica
049813064	049813	ZANCLORA	40 MG/5 MG COMPRESSE RIVESTITE CON FILM-  98 COMPRESSE IN BLISTER OPA/AL/PVC-AL	OLMESARTAN MEDOXOMIL	OLMESARTAN MEDOXOMIL			Compressa rivestita con film	C09DB02	LITHIUM SRL	Autorizzata	Procedura Mutuo riconoscimento o Decentrata	Medicinali soggetti a prescrizione medica
049813076	049813	ZANCLORA	40 MG/10 MG COMPRESSE RIVESTITE CON FILM- 28 COMPRESSE IN BLISTER OPA/AL/PVC-AL	OLMESARTAN MEDOXOMIL	OLMESARTAN MEDOXOMIL			Compressa rivestita con film	C09DB02	LITHIUM SRL	Autorizzata	Procedura Mutuo riconoscimento o Decentrata	Medicinali soggetti a prescrizione medica
049813088	049813	ZANCLORA	40 MG/10 MG COMPRESSE RIVESTITE CON FILM- 56 COMPRESSE IN BLISTER OPA/AL/PVC-AL	OLMESARTAN MEDOXOMIL	OLMESARTAN MEDOXOMIL			Compressa rivestita con film	C09DB02	LITHIUM SRL	Autorizzata	Procedura Mutuo riconoscimento o Decentrata	Medicinali soggetti a prescrizione medica
049813090	049813	ZANCLORA	40 MG/10 MG COMPRESSE RIVESTITE CON FILM- 98 COMPRESSE IN BLISTER OPA/AL/PVC-AL	OLMESARTAN MEDOXOMIL	OLMESARTAN MEDOXOMIL			Compressa rivestita con film	C09DB02	LITHIUM SRL	Autorizzata	Procedura Mutuo riconoscimento o Decentrata	Medicinali soggetti a prescrizione medica
049849019	049849	CARDOL	10 MG COMPRESSE RIVESTITE CON FILM- 28 COMPRESSE IN BLISTER AL/AL	OLMESARTAN MEDOXOMIL	OLMESARTAN MEDOXOMIL			Compressa rivestita con film	C09CA08	S.F. GROUP S.R.L.	Autorizzata	Procedura Mutuo riconoscimento o Decentrata	Medicinali soggetti a prescrizione medica
049849021	049849	CARDOL	20 mg COMPRESSE RIVESTITE CON FILM- 28 COMPRESSE IN BLISTER AL/AL	OLMESARTAN MEDOXOMIL	OLMESARTAN MEDOXOMIL			Compressa rivestita con film	C09CA08	S.F. GROUP S.R.L.	Autorizzata	Procedura Mutuo riconoscimento o Decentrata	Medicinali soggetti a prescrizione medica
049849033	049849	CARDOL	40 MG COMPRESSE RIVESTITE CON FILM- 28 COMPRESSE IN BLISTER AL/AL	OLMESARTAN MEDOXOMIL	OLMESARTAN MEDOXOMIL			Compressa rivestita con film	C09CA08	S.F. GROUP S.R.L.	Autorizzata	Procedura Mutuo riconoscimento o Decentrata	Medicinali soggetti a prescrizione medica
049860012	049860	SNOVERID	20 MG/12,5 MG COMPRESSE RIVESTITE CON FILM- 28 COMPRESSE IN BLISTER AL/AL	OLMESARTAN MEDOXOMIL	OLMESARTAN MEDOXOMIL			Compressa rivestita con film	C09DA08	S.F. GROUP S.R.L.	Autorizzata	Procedura Mutuo riconoscimento o Decentrata	Medicinali soggetti a prescrizione medica
049860024	049860	SNOVERID	20 mg/25 mg COMPRESSE RIVESTITE CON FILM- 28 COMPRESSE IN BLISTER AL/AL	OLMESARTAN MEDOXOMIL	OLMESARTAN MEDOXOMIL			Compressa rivestita con film	C09DA08	S.F. GROUP S.R.L.	Autorizzata	Procedura Mutuo riconoscimento o Decentrata	Medicinali soggetti a prescrizione medica
049860036	049860	SNOVERID	40 MG/12,5 MG COMPRESSE RIVESTITE CON FILM- 28 COMPRESSE IN BLISTER AL/AL	OLMESARTAN MEDOXOMIL	OLMESARTAN MEDOXOMIL			Compressa rivestita con film	C09DA08	S.F. GROUP S.R.L.	Autorizzata	Procedura Mutuo riconoscimento o Decentrata	Medicinali soggetti a prescrizione medica
049860048	049860	SNOVERID	40 mg/25 mg COMPRESSE RIVESTITE CON FILM- 28 COMPRESSE IN BLISTER AL/AL	OLMESARTAN MEDOXOMIL	OLMESARTAN MEDOXOMIL			Compressa rivestita con film	C09DA08	S.F. GROUP S.R.L.	Autorizzata	Procedura Mutuo riconoscimento o Decentrata	Medicinali soggetti a prescrizione medica
050058015	050058	OLMESARTAN MEDOXOMIL TEVA ITALIA	10 mg COMPRESSE RIVESTITE CON FILM- 14 COMPRESSE IN BLISTER AL/AL	OLMESARTAN MEDOXOMIL	OLMESARTAN MEDOXOMIL			Compressa rivestita con film	C09CA08	TEVA B.V.	Autorizzata	Procedura Mutuo riconoscimento o Decentrata	Medicinali soggetti a prescrizione medica
050058027	050058	OLMESARTAN MEDOXOMIL TEVA ITALIA	10 mg COMPRESSE RIVESTITE CON FILM- 28 COMPRESSE IN BLISTER AL/AL	OLMESARTAN MEDOXOMIL	OLMESARTAN MEDOXOMIL			Compressa rivestita con film	C09CA08	TEVA B.V.	Autorizzata	Procedura Mutuo riconoscimento o Decentrata	Medicinali soggetti a prescrizione medica
050058039	050058	OLMESARTAN MEDOXOMIL TEVA ITALIA	10 mg COMPRESSE RIVESTITE CON FILM- 56 COMPRESSE IN BLISTER AL/AL	OLMESARTAN MEDOXOMIL	OLMESARTAN MEDOXOMIL			Compressa rivestita con film	C09CA08	TEVA B.V.	Autorizzata	Procedura Mutuo riconoscimento o Decentrata	Medicinali soggetti a prescrizione medica
050058041	050058	OLMESARTAN MEDOXOMIL TEVA ITALIA	10 mg COMPRESSE RIVESTITE CON FILM- 98 COMPRESSE IN BLISTER AL/AL	OLMESARTAN MEDOXOMIL	OLMESARTAN MEDOXOMIL			Compressa rivestita con film	C09CA08	TEVA B.V.	Autorizzata	Procedura Mutuo riconoscimento o Decentrata	Medicinali soggetti a prescrizione medica
050058054	050058	OLMESARTAN MEDOXOMIL TEVA ITALIA	10 mg COMPRESSE RIVESTITE CON FILM- 28 COMPRESSE IN BLISTER AL/AL CONFEZIONE CALENDARIO	OLMESARTAN MEDOXOMIL	OLMESARTAN MEDOXOMIL			Compressa rivestita con film	C09CA08	TEVA B.V.	Autorizzata	Procedura Mutuo riconoscimento o Decentrata	Medicinali soggetti a prescrizione medica
050058066	050058	OLMESARTAN MEDOXOMIL TEVA ITALIA	20 mg COMPRESSE RIVESTITE CON FILM- 28 COMPRESSE IN BLISTER AL/AL	OLMESARTAN MEDOXOMIL	OLMESARTAN MEDOXOMIL			Compressa rivestita con film	C09CA08	TEVA B.V.	Autorizzata	Procedura Mutuo riconoscimento o Decentrata	Medicinali soggetti a prescrizione medica
050058078	050058	OLMESARTAN MEDOXOMIL TEVA ITALIA	20 mg COMPRESSE RIVESTITE CON FILM- 30 COMPRESSE IN BLISTER AL/AL	OLMESARTAN MEDOXOMIL	OLMESARTAN MEDOXOMIL			Compressa rivestita con film	C09CA08	TEVA B.V.	Autorizzata	Procedura Mutuo riconoscimento o Decentrata	Medicinali soggetti a prescrizione medica
050058080	050058	OLMESARTAN MEDOXOMIL TEVA ITALIA	20 mg COMPRESSE RIVESTITE CON FILM- 56 COMPRESSE IN BLISTER AL/AL	OLMESARTAN MEDOXOMIL	OLMESARTAN MEDOXOMIL			Compressa rivestita con film	C09CA08	TEVA B.V.	Autorizzata	Procedura Mutuo riconoscimento o Decentrata	Medicinali soggetti a prescrizione medica
050058092	050058	OLMESARTAN MEDOXOMIL TEVA ITALIA	20 mg COMPRESSE RIVESTITE CON FILM- 98 COMPRESSE IN BLISTER AL/AL	OLMESARTAN MEDOXOMIL	OLMESARTAN MEDOXOMIL			Compressa rivestita con film	C09CA08	TEVA B.V.	Autorizzata	Procedura Mutuo riconoscimento o Decentrata	Medicinali soggetti a prescrizione medica
050058104	050058	OLMESARTAN MEDOXOMIL TEVA ITALIA	20 mg COMPRESSE RIVESTITE CON FILM- 28 COMPRESSE IN BLISTER AL/AL CONFEZIONE CALENDARIO	OLMESARTAN MEDOXOMIL	OLMESARTAN MEDOXOMIL			Compressa rivestita con film	C09CA08	TEVA B.V.	Autorizzata	Procedura Mutuo riconoscimento o Decentrata	Medicinali soggetti a prescrizione medica
050058116	050058	OLMESARTAN MEDOXOMIL TEVA ITALIA	40 mg COMPRESSE RIVESTITE CON FILM- 28 COMPRESSE IN BLISTER AL/AL	OLMESARTAN MEDOXOMIL	OLMESARTAN MEDOXOMIL			Compressa rivestita con film	C09CA08	TEVA B.V.	Autorizzata	Procedura Mutuo riconoscimento o Decentrata	Medicinali soggetti a prescrizione medica
050058128	050058	OLMESARTAN MEDOXOMIL TEVA ITALIA	40 mg COMPRESSE RIVESTITE CON FILM- 30 COMPRESSE IN BLISTER AL/AL	OLMESARTAN MEDOXOMIL	OLMESARTAN MEDOXOMIL			Compressa rivestita con film	C09CA08	TEVA B.V.	Autorizzata	Procedura Mutuo riconoscimento o Decentrata	Medicinali soggetti a prescrizione medica
050058130	050058	OLMESARTAN MEDOXOMIL TEVA ITALIA	40 mg COMPRESSE RIVESTITE CON FILM- 56 COMPRESSE IN BLISTER AL/AL	OLMESARTAN MEDOXOMIL	OLMESARTAN MEDOXOMIL			Compressa rivestita con film	C09CA08	TEVA B.V.	Autorizzata	Procedura Mutuo riconoscimento o Decentrata	Medicinali soggetti a prescrizione medica
050058142	050058	OLMESARTAN MEDOXOMIL TEVA ITALIA	40 mg COMPRESSE RIVESTITE CON FILM- 98 COMPRESSE IN BLISTER AL/AL	OLMESARTAN MEDOXOMIL	OLMESARTAN MEDOXOMIL			Compressa rivestita con film	C09CA08	TEVA B.V.	Autorizzata	Procedura Mutuo riconoscimento o Decentrata	Medicinali soggetti a prescrizione medica
050058155	050058	OLMESARTAN MEDOXOMIL TEVA ITALIA	40 mg COMPRESSE RIVESTITE CON FILM- 28 COMPRESSE IN BLISTER AL/AL CONFEZIONE CALENDARIO	OLMESARTAN MEDOXOMIL	OLMESARTAN MEDOXOMIL			Compressa rivestita con film	C09CA08	TEVA B.V.	Autorizzata	Procedura Mutuo riconoscimento o Decentrata	Medicinali soggetti a prescrizione medica
050366018	050366	MAREB	20 MG/5 MG COMPRESSE RIVESTITE CON FILM- 28 COMPRESSE IN BLISTER AL/AL	OLMESARTAN MEDOXOMIL	OLMESARTAN MEDOXOMIL	20	milligrammi	Compressa rivestita con film	C09DB02	ERREKAPPA EUROTERAPICI S.P.A.	Autorizzata	Procedura Nazionale	Medicinali soggetti a prescrizione medica
050366020	050366	MAREB	40 MG/5 MG COMPRESSE RIVESTITE CON FILM- 28 COMPRESSE IN BLISTER AL/AL	OLMESARTAN MEDOXOMIL	OLMESARTAN MEDOXOMIL	40	milligrammi	Compressa rivestita con film	C09DB02	ERREKAPPA EUROTERAPICI S.P.A.	Autorizzata	Procedura Nazionale	Medicinali soggetti a prescrizione medica
050366032	050366	MAREB	40 MG/10 MG COMPRESSE RIVESTITE CON FILM- 28 COMPRESSE IN BLISTER AL/AL	OLMESARTAN MEDOXOMIL	OLMESARTAN MEDOXOMIL	40	milligrammi	Compressa rivestita con film	C09DB02	ERREKAPPA EUROTERAPICI S.P.A.	Autorizzata	Procedura Nazionale	Medicinali soggetti a prescrizione medica
050748019	050748	LAMERA	20 MG/5 MG COMPRESSE RIVESTITE CON FILM- 14 COMPRESSE IN BLISTER AL/AL	OLMESARTAN MEDOXOMIL	OLMESARTAN MEDOXOMIL	20	milligrammi	Compressa rivestita con film	C09DB02	ADAMED S.R.L.	Autorizzata	Procedura Mutuo riconoscimento o Decentrata	Medicinali soggetti a prescrizione medica
050748021	050748	LAMERA	20 MG/5 MG COMPRESSE RIVESTITE CON FILM- 28 COMPRESSE IN BLISTER AL/AL	OLMESARTAN MEDOXOMIL	OLMESARTAN MEDOXOMIL	20	milligrammi	Compressa rivestita con film	C09DB02	ADAMED S.R.L.	Autorizzata	Procedura Mutuo riconoscimento o Decentrata	Medicinali soggetti a prescrizione medica
050748033	050748	LAMERA	20 MG/5 MG COMPRESSE RIVESTITE CON FILM- 30 COMPRESSE IN BLISTER AL/AL	OLMESARTAN MEDOXOMIL	OLMESARTAN MEDOXOMIL	20	milligrammi	Compressa rivestita con film	C09DB02	ADAMED S.R.L.	Autorizzata	Procedura Mutuo riconoscimento o Decentrata	Medicinali soggetti a prescrizione medica
050748045	050748	LAMERA	20 MG/5 MG COMPRESSE RIVESTITE CON FILM- 56 COMPRESSE IN BLISTER AL/AL	OLMESARTAN MEDOXOMIL	OLMESARTAN MEDOXOMIL	20	milligrammi	Compressa rivestita con film	C09DB02	ADAMED S.R.L.	Autorizzata	Procedura Mutuo riconoscimento o Decentrata	Medicinali soggetti a prescrizione medica
050748058	050748	LAMERA	20 MG/5 MG COMPRESSE RIVESTITE CON FILM- 90 COMPRESSE IN BLISTER AL/AL	OLMESARTAN MEDOXOMIL	OLMESARTAN MEDOXOMIL	20	milligrammi	Compressa rivestita con film	C09DB02	ADAMED S.R.L.	Autorizzata	Procedura Mutuo riconoscimento o Decentrata	Medicinali soggetti a prescrizione medica
050748060	050748	LAMERA	20 MG/5 MG COMPRESSE RIVESTITE CON FILM- 98 COMPRESSE IN BLISTER AL/AL	OLMESARTAN MEDOXOMIL	OLMESARTAN MEDOXOMIL	20	milligrammi	Compressa rivestita con film	C09DB02	ADAMED S.R.L.	Autorizzata	Procedura Mutuo riconoscimento o Decentrata	Medicinali soggetti a prescrizione medica
050748072	050748	LAMERA	20 MG/5 MG COMPRESSE RIVESTITE CON FILM- 10 X 28 COMPRESSE IN BLISTER AL/AL	OLMESARTAN MEDOXOMIL	OLMESARTAN MEDOXOMIL	20	milligrammi	Compressa rivestita con film	C09DB02	ADAMED S.R.L.	Autorizzata	Procedura Mutuo riconoscimento o Decentrata	Medicinali soggetti a prescrizione medica da rinnovare volta per volta
050748084	050748	LAMERA	20 MG/5 MG COMPRESSE RIVESTITE CON FILM- 10 X 30 COMPRESSE IN BLISTER AL/AL	OLMESARTAN MEDOXOMIL	OLMESARTAN MEDOXOMIL	20	milligrammi	Compressa rivestita con film	C09DB02	ADAMED S.R.L.	Autorizzata	Procedura Mutuo riconoscimento o Decentrata	Medicinali soggetti a prescrizione medica da rinnovare volta per volta
050748096	050748	LAMERA	20 MG/5 MG COMPRESSE RIVESTITE CON FILM- 10 COMPRESSE IN BLISTER AL/AL DIVISIBILE PER DOSE UNITARIA	OLMESARTAN MEDOXOMIL	OLMESARTAN MEDOXOMIL	20	milligrammi	Compressa rivestita con film	C09DB02	ADAMED S.R.L.	Autorizzata	Procedura Mutuo riconoscimento o Decentrata	Medicinali soggetti a prescrizione medica
050748108	050748	LAMERA	20 MG/5 MG COMPRESSE RIVESTITE CON FILM- 50 COMPRESSE IN BLISTER AL/AL DIVISIBILE PER DOSE UNITARIA	OLMESARTAN MEDOXOMIL	OLMESARTAN MEDOXOMIL	20	milligrammi	Compressa rivestita con film	C09DB02	ADAMED S.R.L.	Autorizzata	Procedura Mutuo riconoscimento o Decentrata	Medicinali soggetti a prescrizione medica
050748110	050748	LAMERA	20 MG/5 MG COMPRESSE RIVESTITE CON FILM- 500 COMPRESSE IN BLISTER AL/AL DIVISIBILE PER DOSE UNITARIA	OLMESARTAN MEDOXOMIL	OLMESARTAN MEDOXOMIL	20	milligrammi	Compressa rivestita con film	C09DB02	ADAMED S.R.L.	Autorizzata	Procedura Mutuo riconoscimento o Decentrata	Medicinali soggetti a prescrizione medica limitativa, utilizzabili esclusivamente in ambiente ospedaliero o in una struttura ad esso assimilabile
050748122	050748	LAMERA	40 MG/5 MG COMPRESSE RIVESTITE CON FILM- 14 COMPRESSE IN BLISTER AL/AL	OLMESARTAN MEDOXOMIL	OLMESARTAN MEDOXOMIL	40	milligrammi	Compressa rivestita con film	C09DB02	ADAMED S.R.L.	Autorizzata	Procedura Mutuo riconoscimento o Decentrata	Medicinali soggetti a prescrizione medica
050748134	050748	LAMERA	40 MG/5 MG COMPRESSE RIVESTITE CON FILM- 28 COMPRESSE IN BLISTER AL/AL	OLMESARTAN MEDOXOMIL	OLMESARTAN MEDOXOMIL	40	milligrammi	Compressa rivestita con film	C09DB02	ADAMED S.R.L.	Autorizzata	Procedura Mutuo riconoscimento o Decentrata	Medicinali soggetti a prescrizione medica
050748146	050748	LAMERA	40 MG/5 MG COMPRESSE RIVESTITE CON FILM- 30 COMPRESSE IN BLISTER AL/AL	OLMESARTAN MEDOXOMIL	OLMESARTAN MEDOXOMIL	40	milligrammi	Compressa rivestita con film	C09DB02	ADAMED S.R.L.	Autorizzata	Procedura Mutuo riconoscimento o Decentrata	Medicinali soggetti a prescrizione medica
050748159	050748	LAMERA	40 MG/5 MG COMPRESSE RIVESTITE CON FILM- 56 COMPRESSE IN BLISTER AL/AL	OLMESARTAN MEDOXOMIL	OLMESARTAN MEDOXOMIL	40	milligrammi	Compressa rivestita con film	C09DB02	ADAMED S.R.L.	Autorizzata	Procedura Mutuo riconoscimento o Decentrata	Medicinali soggetti a prescrizione medica
050748161	050748	LAMERA	40 MG/5 MG COMPRESSE RIVESTITE CON FILM- 90 COMPRESSE IN BLISTER AL/AL	OLMESARTAN MEDOXOMIL	OLMESARTAN MEDOXOMIL	40	milligrammi	Compressa rivestita con film	C09DB02	ADAMED S.R.L.	Autorizzata	Procedura Mutuo riconoscimento o Decentrata	Medicinali soggetti a prescrizione medica
050748173	050748	LAMERA	40 MG/5 MG COMPRESSE RIVESTITE CON FILM- 98 COMPRESSE IN BLISTER AL/AL	OLMESARTAN MEDOXOMIL	OLMESARTAN MEDOXOMIL	40	milligrammi	Compressa rivestita con film	C09DB02	ADAMED S.R.L.	Autorizzata	Procedura Mutuo riconoscimento o Decentrata	Medicinali soggetti a prescrizione medica
050748185	050748	LAMERA	40 MG/5 MG COMPRESSE RIVESTITE CON FILM- 10 X 28 COMPRESSE IN BLISTER AL/AL	OLMESARTAN MEDOXOMIL	OLMESARTAN MEDOXOMIL	40	milligrammi	Compressa rivestita con film	C09DB02	ADAMED S.R.L.	Autorizzata	Procedura Mutuo riconoscimento o Decentrata	Medicinali soggetti a prescrizione medica da rinnovare volta per volta
050748197	050748	LAMERA	40 MG/5 MG COMPRESSE RIVESTITE CON FILM- 10 X 30 COMPRESSE IN BLISTER AL/AL	OLMESARTAN MEDOXOMIL	OLMESARTAN MEDOXOMIL	40	milligrammi	Compressa rivestita con film	C09DB02	ADAMED S.R.L.	Autorizzata	Procedura Mutuo riconoscimento o Decentrata	Medicinali soggetti a prescrizione medica da rinnovare volta per volta
050748209	050748	LAMERA	40 MG/5 MG COMPRESSE RIVESTITE CON FILM- 10 COMPRESSE IN BLISTER AL/AL DIVISIBILE PER DOSE UNITARIA	OLMESARTAN MEDOXOMIL	OLMESARTAN MEDOXOMIL	40	milligrammi	Compressa rivestita con film	C09DB02	ADAMED S.R.L.	Autorizzata	Procedura Mutuo riconoscimento o Decentrata	Medicinali soggetti a prescrizione medica
050748211	050748	LAMERA	40 MG/5 MG COMPRESSE RIVESTITE CON FILM- 50 COMPRESSE IN BLISTER AL/AL DIVISIBILE PER DOSE UNITARIA	OLMESARTAN MEDOXOMIL	OLMESARTAN MEDOXOMIL	40	milligrammi	Compressa rivestita con film	C09DB02	ADAMED S.R.L.	Autorizzata	Procedura Mutuo riconoscimento o Decentrata	Medicinali soggetti a prescrizione medica
050748223	050748	LAMERA	40 MG/5 MG COMPRESSE RIVESTITE CON FILM- 500 COMPRESSE IN BLISTER AL/AL DIVISIBILE PER DOSE UNITARIA	OLMESARTAN MEDOXOMIL	OLMESARTAN MEDOXOMIL	40	milligrammi	Compressa rivestita con film	C09DB02	ADAMED S.R.L.	Autorizzata	Procedura Mutuo riconoscimento o Decentrata	Medicinali soggetti a prescrizione medica limitativa, utilizzabili esclusivamente in ambiente ospedaliero o in una struttura ad esso assimilabile
050748235	050748	LAMERA	40 MG/10 MG COMPRESSE RIVESTITE CON FILM- 14 COMPRESSE IN BLISTER AL/AL	OLMESARTAN MEDOXOMIL	OLMESARTAN MEDOXOMIL	40	milligrammi	Compressa rivestita con film	C09DB02	ADAMED S.R.L.	Autorizzata	Procedura Mutuo riconoscimento o Decentrata	Medicinali soggetti a prescrizione medica
050748247	050748	LAMERA	40 MG/10 MG COMPRESSE RIVESTITE CON FILM- 28 COMPRESSE IN BLISTER AL/AL	OLMESARTAN MEDOXOMIL	OLMESARTAN MEDOXOMIL	40	milligrammi	Compressa rivestita con film	C09DB02	ADAMED S.R.L.	Autorizzata	Procedura Mutuo riconoscimento o Decentrata	Medicinali soggetti a prescrizione medica
050748250	050748	LAMERA	40 MG/10 MG COMPRESSE RIVESTITE CON FILM- 30 COMPRESSE IN BLISTER AL/AL	OLMESARTAN MEDOXOMIL	OLMESARTAN MEDOXOMIL	40	milligrammi	Compressa rivestita con film	C09DB02	ADAMED S.R.L.	Autorizzata	Procedura Mutuo riconoscimento o Decentrata	Medicinali soggetti a prescrizione medica
050748262	050748	LAMERA	40 MG/10 MG COMPRESSE RIVESTITE CON FILM- 56 COMPRESSE IN BLISTER AL/AL	OLMESARTAN MEDOXOMIL	OLMESARTAN MEDOXOMIL	40	milligrammi	Compressa rivestita con film	C09DB02	ADAMED S.R.L.	Autorizzata	Procedura Mutuo riconoscimento o Decentrata	Medicinali soggetti a prescrizione medica
050748274	050748	LAMERA	40 MG/10 MG COMPRESSE RIVESTITE CON FILM- 90 COMPRESSE IN BLISTER AL/AL	OLMESARTAN MEDOXOMIL	OLMESARTAN MEDOXOMIL	40	milligrammi	Compressa rivestita con film	C09DB02	ADAMED S.R.L.	Autorizzata	Procedura Mutuo riconoscimento o Decentrata	Medicinali soggetti a prescrizione medica
050748286	050748	LAMERA	40 MG/10 MG COMPRESSE RIVESTITE CON FILM- 98 COMPRESSE IN BLISTER AL/AL	OLMESARTAN MEDOXOMIL	OLMESARTAN MEDOXOMIL	40	milligrammi	Compressa rivestita con film	C09DB02	ADAMED S.R.L.	Autorizzata	Procedura Mutuo riconoscimento o Decentrata	Medicinali soggetti a prescrizione medica
050748298	050748	LAMERA	40 MG/10 MG COMPRESSE RIVESTITE CON FILM- 10 X 28 COMPRESSE IN BLISTER AL/AL	OLMESARTAN MEDOXOMIL	OLMESARTAN MEDOXOMIL	40	milligrammi	Compressa rivestita con film	C09DB02	ADAMED S.R.L.	Autorizzata	Procedura Mutuo riconoscimento o Decentrata	Medicinali soggetti a prescrizione medica da rinnovare volta per volta
050748300	050748	LAMERA	40 MG/10 MG COMPRESSE RIVESTITE CON FILM- 10 X 30 COMPRESSE IN BLISTER AL/AL	OLMESARTAN MEDOXOMIL	OLMESARTAN MEDOXOMIL	40	milligrammi	Compressa rivestita con film	C09DB02	ADAMED S.R.L.	Autorizzata	Procedura Mutuo riconoscimento o Decentrata	Medicinali soggetti a prescrizione medica da rinnovare volta per volta
050748312	050748	LAMERA	40 MG/10 MG COMPRESSE RIVESTITE CON FILM- 10 COMPRESSE IN BLISTER AL/AL DIVISIBILE PER DOSE UNITARIA	OLMESARTAN MEDOXOMIL	OLMESARTAN MEDOXOMIL	40	milligrammi	Compressa rivestita con film	C09DB02	ADAMED S.R.L.	Autorizzata	Procedura Mutuo riconoscimento o Decentrata	Medicinali soggetti a prescrizione medica
050748324	050748	LAMERA	40 MG/10 MG COMPRESSE RIVESTITE CON FILM- 50 COMPRESSE IN BLISTER AL/AL DIVISIBILE PER DOSE UNITARIA	OLMESARTAN MEDOXOMIL	OLMESARTAN MEDOXOMIL	40	milligrammi	Compressa rivestita con film	C09DB02	ADAMED S.R.L.	Autorizzata	Procedura Mutuo riconoscimento o Decentrata	Medicinali soggetti a prescrizione medica
050748336	050748	LAMERA	40 MG/10 MG COMPRESSE RIVESTITE CON FILM- 500 COMPRESSE IN BLISTER AL/AL DIVISIBILE PER DOSE UNITARIA	OLMESARTAN MEDOXOMIL	OLMESARTAN MEDOXOMIL	40	milligrammi	Compressa rivestita con film	C09DB02	ADAMED S.R.L.	Autorizzata	Procedura Mutuo riconoscimento o Decentrata	Medicinali soggetti a prescrizione medica limitativa, utilizzabili esclusivamente in ambiente ospedaliero o in una struttura ad esso assimilabile
051592018	051592	OLMESARTAN MEDOXOMIL E ALMLODIPINA MYLAN ITALIA	20 MG/5 MG COMPRESSE RIVESTITE CON FILM- 28 COMPRESSE IN BLISTER OPA/AL/PVC/AL	OLMESARTAN MEDOXOMIL	OLMESARTAN MEDOXOMIL			Compressa rivestita con film	C09DB02	MYLAN S.P.A.	Autorizzata	Procedura Mutuo riconoscimento o Decentrata	Medicinali soggetti a prescrizione medica
051592020	051592	OLMESARTAN MEDOXOMIL E ALMLODIPINA MYLAN ITALIA	40 MG/5 MG COMPRESSE RIVESTITE CON FILM- 28 COMPRESSE IN BLISTER OPA/AL/PVC/AL	OLMESARTAN MEDOXOMIL	OLMESARTAN MEDOXOMIL			Compressa rivestita con film	C09DB02	MYLAN S.P.A.	Autorizzata	Procedura Mutuo riconoscimento o Decentrata	Medicinali soggetti a prescrizione medica
051592032	051592	OLMESARTAN MEDOXOMIL E ALMLODIPINA MYLAN ITALIA	40 MG/10 MG COMPRESSE RIVESTITE CON FILM- 28 COMPRESSE IN BLISTER OPA/AL/PVC/AL	OLMESARTAN MEDOXOMIL	OLMESARTAN MEDOXOMIL			Compressa rivestita con film	C09DB02	MYLAN S.P.A.	Autorizzata	Procedura Mutuo riconoscimento o Decentrata	Medicinali soggetti a prescrizione medica
051699015	051699	OLPIDUS	20 MG/5 MG COMPRESSE RIVESTITE CON FILM- 10 COMPRESSE IN BLISTER OPA/AL/PVC/AL	OLMESARTAN MEDOXOMIL	OLMESARTAN MEDOXOMIL			Compressa rivestita con film	C09DB02	SANDOZ S.P.A.	Autorizzata	Procedura Mutuo riconoscimento o Decentrata	Medicinali soggetti a prescrizione medica
051699027	051699	OLPIDUS	20 MG/5 MG COMPRESSE RIVESTITE CON FILM- 14 COMPRESSE IN BLISTER OPA/AL/PVC/AL	OLMESARTAN MEDOXOMIL	OLMESARTAN MEDOXOMIL			Compressa rivestita con film	C09DB02	SANDOZ S.P.A.	Autorizzata	Procedura Mutuo riconoscimento o Decentrata	Medicinali soggetti a prescrizione medica
051699039	051699	OLPIDUS	20 MG/5 MG COMPRESSE RIVESTITE CON FILM- 28 COMPRESSE IN BLISTER OPA/AL/PVC/AL	OLMESARTAN MEDOXOMIL	OLMESARTAN MEDOXOMIL			Compressa rivestita con film	C09DB02	SANDOZ S.P.A.	Autorizzata	Procedura Mutuo riconoscimento o Decentrata	Medicinali soggetti a prescrizione medica
051699041	051699	OLPIDUS	20 MG/5 MG COMPRESSE RIVESTITE CON FILM- 30 COMPRESSE IN BLISTER OPA/AL/PVC/AL	OLMESARTAN MEDOXOMIL	OLMESARTAN MEDOXOMIL			Compressa rivestita con film	C09DB02	SANDOZ S.P.A.	Autorizzata	Procedura Mutuo riconoscimento o Decentrata	Medicinali soggetti a prescrizione medica
051699054	051699	OLPIDUS	20 MG/5 MG COMPRESSE RIVESTITE CON FILM- 56 COMPRESSE IN BLISTER OPA/AL/PVC/AL	OLMESARTAN MEDOXOMIL	OLMESARTAN MEDOXOMIL			Compressa rivestita con film	C09DB02	SANDOZ S.P.A.	Autorizzata	Procedura Mutuo riconoscimento o Decentrata	Medicinali soggetti a prescrizione medica
051699066	051699	OLPIDUS	20 MG/5 MG COMPRESSE RIVESTITE CON FILM- 90 COMPRESSE IN BLISTER OPA/AL/PVC/AL	OLMESARTAN MEDOXOMIL	OLMESARTAN MEDOXOMIL			Compressa rivestita con film	C09DB02	SANDOZ S.P.A.	Autorizzata	Procedura Mutuo riconoscimento o Decentrata	Medicinali soggetti a prescrizione medica
051699078	051699	OLPIDUS	20 MG/5 MG COMPRESSE RIVESTITE CON FILM- 98 COMPRESSE IN BLISTER OPA/AL/PVC/AL	OLMESARTAN MEDOXOMIL	OLMESARTAN MEDOXOMIL			Compressa rivestita con film	C09DB02	SANDOZ S.P.A.	Autorizzata	Procedura Mutuo riconoscimento o Decentrata	Medicinali soggetti a prescrizione medica
051699080	051699	OLPIDUS	20 MG/5 MG COMPRESSE RIVESTITE CON FILM- 28 COMPRESSE IN FLACONE HDPE CON CHIUSURA  A PROVA DI BAMBINO	OLMESARTAN MEDOXOMIL	OLMESARTAN MEDOXOMIL			Compressa rivestita con film	C09DB02	SANDOZ S.P.A.	Autorizzata	Procedura Mutuo riconoscimento o Decentrata	Medicinali soggetti a prescrizione medica
051699092	051699	OLPIDUS	20 MG/5 MG COMPRESSE RIVESTITE CON FILM- 100 COMPRESSE IN FLACONE HDPE CON CHIUSURA  A PROVA DI BAMBINO	OLMESARTAN MEDOXOMIL	OLMESARTAN MEDOXOMIL			Compressa rivestita con film	C09DB02	SANDOZ S.P.A.	Autorizzata	Procedura Mutuo riconoscimento o Decentrata	Medicinali soggetti a prescrizione medica
051699104	051699	OLPIDUS	20 MG/5 MG COMPRESSE RIVESTITE CON FILM- 250 COMPRESSE IN FLACONE HDPE CON CHIUSURA  A PROVA DI BAMBINO	OLMESARTAN MEDOXOMIL	OLMESARTAN MEDOXOMIL			Compressa rivestita con film	C09DB02	SANDOZ S.P.A.	Autorizzata	Procedura Mutuo riconoscimento o Decentrata	Medicinali soggetti a prescrizione medica
051699116	051699	OLPIDUS	40 MG/5 MG COMPRESSE RIVESTITE CON FILM- 10 COMPRESSE IN BLISTER OPA/AL/PVC/AL	OLMESARTAN MEDOXOMIL	OLMESARTAN MEDOXOMIL			Compressa rivestita con film	C09DB02	SANDOZ S.P.A.	Autorizzata	Procedura Mutuo riconoscimento o Decentrata	Medicinali soggetti a prescrizione medica
051699128	051699	OLPIDUS	40 MG/5 MG COMPRESSE RIVESTITE CON FILM- 14 COMPRESSE IN BLISTER OPA/AL/PVC/AL	OLMESARTAN MEDOXOMIL	OLMESARTAN MEDOXOMIL			Compressa rivestita con film	C09DB02	SANDOZ S.P.A.	Autorizzata	Procedura Mutuo riconoscimento o Decentrata	Medicinali soggetti a prescrizione medica
051699130	051699	OLPIDUS	40 MG/5 MG COMPRESSE RIVESTITE CON FILM- 28 COMPRESSE IN BLISTER OPA/AL/PVC/AL	OLMESARTAN MEDOXOMIL	OLMESARTAN MEDOXOMIL			Compressa rivestita con film	C09DB02	SANDOZ S.P.A.	Autorizzata	Procedura Mutuo riconoscimento o Decentrata	Medicinali soggetti a prescrizione medica
051699142	051699	OLPIDUS	40 MG/5 MG COMPRESSE RIVESTITE CON FILM- 30 COMPRESSE IN BLISTER OPA/AL/PVC/AL	OLMESARTAN MEDOXOMIL	OLMESARTAN MEDOXOMIL			Compressa rivestita con film	C09DB02	SANDOZ S.P.A.	Autorizzata	Procedura Mutuo riconoscimento o Decentrata	Medicinali soggetti a prescrizione medica
051699155	051699	OLPIDUS	40 MG/5 MG COMPRESSE RIVESTITE CON FILM- 56 COMPRESSE IN BLISTER OPA/AL/PVC/AL	OLMESARTAN MEDOXOMIL	OLMESARTAN MEDOXOMIL			Compressa rivestita con film	C09DB02	SANDOZ S.P.A.	Autorizzata	Procedura Mutuo riconoscimento o Decentrata	Medicinali soggetti a prescrizione medica
051699167	051699	OLPIDUS	40 MG/5 MG COMPRESSE RIVESTITE CON FILM- 90 COMPRESSE IN BLISTER OPA/AL/PVC/AL	OLMESARTAN MEDOXOMIL	OLMESARTAN MEDOXOMIL			Compressa rivestita con film	C09DB02	SANDOZ S.P.A.	Autorizzata	Procedura Mutuo riconoscimento o Decentrata	Medicinali soggetti a prescrizione medica
051699179	051699	OLPIDUS	40 MG/5 MG COMPRESSE RIVESTITE CON FILM- 98 COMPRESSE IN BLISTER OPA/AL/PVC/AL	OLMESARTAN MEDOXOMIL	OLMESARTAN MEDOXOMIL			Compressa rivestita con film	C09DB02	SANDOZ S.P.A.	Autorizzata	Procedura Mutuo riconoscimento o Decentrata	Medicinali soggetti a prescrizione medica
051699181	051699	OLPIDUS	40 MG/5 MG COMPRESSE RIVESTITE CON FILM- 28 COMPRESSE IN FLACONE HDPE CON CHIUSURA  A PROVA DI BAMBINO	OLMESARTAN MEDOXOMIL	OLMESARTAN MEDOXOMIL			Compressa rivestita con film	C09DB02	SANDOZ S.P.A.	Autorizzata	Procedura Mutuo riconoscimento o Decentrata	Medicinali soggetti a prescrizione medica
051699193	051699	OLPIDUS	40 MG/5 MG COMPRESSE RIVESTITE CON FILM- 100 COMPRESSE IN FLACONE HDPE CON CHIUSURA  A PROVA DI BAMBINO	OLMESARTAN MEDOXOMIL	OLMESARTAN MEDOXOMIL			Compressa rivestita con film	C09DB02	SANDOZ S.P.A.	Autorizzata	Procedura Mutuo riconoscimento o Decentrata	Medicinali soggetti a prescrizione medica
051699205	051699	OLPIDUS	40 MG/5 MG COMPRESSE RIVESTITE CON FILM- 250 COMPRESSE IN FLACONE HDPE CON CHIUSURA  A PROVA DI BAMBINO	OLMESARTAN MEDOXOMIL	OLMESARTAN MEDOXOMIL			Compressa rivestita con film	C09DB02	SANDOZ S.P.A.	Autorizzata	Procedura Mutuo riconoscimento o Decentrata	Medicinali soggetti a prescrizione medica
051699217	051699	OLPIDUS	40 MG/10 MG COMPRESSE RIVESTITE CON FILM- 10 COMPRESSE IN BLISTER OPA/AL/PVC/AL	OLMESARTAN MEDOXOMIL	OLMESARTAN MEDOXOMIL			Compressa rivestita con film	C09DB02	SANDOZ S.P.A.	Autorizzata	Procedura Mutuo riconoscimento o Decentrata	Medicinali soggetti a prescrizione medica
051699229	051699	OLPIDUS	40 MG/10 MG COMPRESSE RIVESTITE CON FILM- 14 COMPRESSE IN BLISTER OPA/AL/PVC/AL	OLMESARTAN MEDOXOMIL	OLMESARTAN MEDOXOMIL			Compressa rivestita con film	C09DB02	SANDOZ S.P.A.	Autorizzata	Procedura Mutuo riconoscimento o Decentrata	Medicinali soggetti a prescrizione medica
051699231	051699	OLPIDUS	40 MG/10 MG COMPRESSE RIVESTITE CON FILM- 28 COMPRESSE IN BLISTER OPA/AL/PVC/AL	OLMESARTAN MEDOXOMIL	OLMESARTAN MEDOXOMIL			Compressa rivestita con film	C09DB02	SANDOZ S.P.A.	Autorizzata	Procedura Mutuo riconoscimento o Decentrata	Medicinali soggetti a prescrizione medica
051699243	051699	OLPIDUS	40 MG/10 MG COMPRESSE RIVESTITE CON FILM- 30 COMPRESSE IN BLISTER OPA/AL/PVC/AL	OLMESARTAN MEDOXOMIL	OLMESARTAN MEDOXOMIL			Compressa rivestita con film	C09DB02	SANDOZ S.P.A.	Autorizzata	Procedura Mutuo riconoscimento o Decentrata	Medicinali soggetti a prescrizione medica
051699256	051699	OLPIDUS	40 MG/10 MG COMPRESSE RIVESTITE CON FILM- 56 COMPRESSE IN BLISTER OPA/AL/PVC/AL	OLMESARTAN MEDOXOMIL	OLMESARTAN MEDOXOMIL			Compressa rivestita con film	C09DB02	SANDOZ S.P.A.	Autorizzata	Procedura Mutuo riconoscimento o Decentrata	Medicinali soggetti a prescrizione medica
051699268	051699	OLPIDUS	40 MG/10 MG COMPRESSE RIVESTITE CON FILM- 90 COMPRESSE IN BLISTER OPA/AL/PVC/AL	OLMESARTAN MEDOXOMIL	OLMESARTAN MEDOXOMIL			Compressa rivestita con film	C09DB02	SANDOZ S.P.A.	Autorizzata	Procedura Mutuo riconoscimento o Decentrata	Medicinali soggetti a prescrizione medica
051699270	051699	OLPIDUS	40 MG/10 MG COMPRESSE RIVESTITE CON FILM- 98 COMPRESSE IN BLISTER OPA/AL/PVC/AL	OLMESARTAN MEDOXOMIL	OLMESARTAN MEDOXOMIL			Compressa rivestita con film	C09DB02	SANDOZ S.P.A.	Autorizzata	Procedura Mutuo riconoscimento o Decentrata	Medicinali soggetti a prescrizione medica
051699282	051699	OLPIDUS	40 MG/10 MG COMPRESSE RIVESTITE CON FILM- 28 COMPRESSE IN FLACONE HDPE CON CHIUSURA  A PROVA DI BAMBINO	OLMESARTAN MEDOXOMIL	OLMESARTAN MEDOXOMIL			Compressa rivestita con film	C09DB02	SANDOZ S.P.A.	Autorizzata	Procedura Mutuo riconoscimento o Decentrata	Medicinali soggetti a prescrizione medica
051699294	051699	OLPIDUS	40 MG/10 MG COMPRESSE RIVESTITE CON FILM- 100 COMPRESSE IN FLACONE HDPE CON CHIUSURA  A PROVA DI BAMBINO	OLMESARTAN MEDOXOMIL	OLMESARTAN MEDOXOMIL			Compressa rivestita con film	C09DB02	SANDOZ S.P.A.	Autorizzata	Procedura Mutuo riconoscimento o Decentrata	Medicinali soggetti a prescrizione medica
051699306	051699	OLPIDUS	40 MG/10 MG COMPRESSE RIVESTITE CON FILM- 250 COMPRESSE IN FLACONE HDPE CON CHIUSURA  A PROVA DI BAMBINO	OLMESARTAN MEDOXOMIL	OLMESARTAN MEDOXOMIL			Compressa rivestita con film	C09DB02	SANDOZ S.P.A.	Autorizzata	Procedura Mutuo riconoscimento o Decentrata	Medicinali soggetti a prescrizione medica
051903019	051903	OLMITZE	20 MG/12,5 MG COMPRESSE RIVESTITE CON FILM- 28 COMPRESSE IN BLISTER OPA/AL/PVC-AL	OLMESARTAN MEDOXOMIL	OLMESARTAN MEDOXOMIL			Compressa rivestita con film	C09DA08	DAY ZERO EHF	Autorizzata	Procedura Mutuo riconoscimento o Decentrata	Medicinali soggetti a prescrizione medica
051903021	051903	OLMITZE	20 MG/25 MG COMPRESSE RIVESTITE CON FILM- 28 COMPRESSE IN BLISTER OPA/AL/PVC-AL	OLMESARTAN MEDOXOMIL	OLMESARTAN MEDOXOMIL			Compressa rivestita con film	C09DA08	DAY ZERO EHF	Autorizzata	Procedura Mutuo riconoscimento o Decentrata	Medicinali soggetti a prescrizione medica
051903033	051903	OLMITZE	40 MG/12,5 MG COMPRESSE RIVESTITE CON FILM- 28 COMPRESSE IN BLISTER OPA/AL/PVC-AL	OLMESARTAN MEDOXOMIL	OLMESARTAN MEDOXOMIL			Compressa rivestita con film	C09DA08	DAY ZERO EHF	Autorizzata	Procedura Mutuo riconoscimento o Decentrata	Medicinali soggetti a prescrizione medica
051903045	051903	OLMITZE	40 MG/25 mg COMPRESSE RIVESTITE CON FILM- 28 COMPRESSE IN BLISTER OPA/AL/PVC-AL	OLMESARTAN MEDOXOMIL	OLMESARTAN MEDOXOMIL			Compressa rivestita con film	C09DA08	DAY ZERO EHF	Autorizzata	Procedura Mutuo riconoscimento o Decentrata	Medicinali soggetti a prescrizione medica
052007010	052007	SAREX	20 MG/5 MG/12.5 MG COMPRESSE RIVESTITE CON FILM- 28 COMPRESSE IN BLISTER OPA/AL/PVC/AL	OLMESARTAN MEDOXOMIL	OLMESARTAN MEDOXOMIL			Compressa rivestita con film	C09DX03	DAY ZERO EHF	Autorizzata	Procedura Mutuo riconoscimento o Decentrata	Medicinali soggetti a prescrizione medica
052007022	052007	SAREX	40 MG/5 MG/12.5 MG COMPRESSE RIVESTITE CON FILM- 28 COMPRESSE IN BLISTER OPA/AL/PVC/AL	OLMESARTAN MEDOXOMIL	OLMESARTAN MEDOXOMIL			Compressa rivestita con film	C09DX03	DAY ZERO EHF	Autorizzata	Procedura Mutuo riconoscimento o Decentrata	Medicinali soggetti a prescrizione medica
052007034	052007	SAREX	40 MG/10 MG/12.5 MG COMPRESSE RIVESTITE CON FILM- 28 COMPRESSE IN BLISTER OPA/AL/PVC/AL	OLMESARTAN MEDOXOMIL	OLMESARTAN MEDOXOMIL			Compressa rivestita con film	C09DX03	DAY ZERO EHF	Autorizzata	Procedura Mutuo riconoscimento o Decentrata	Medicinali soggetti a prescrizione medica
052007046	052007	SAREX	40 MG/5 MG/25 MG COMPRESSE RIVESTITE CON FILM- 28 COMPRESSE IN BLISTER OPA/AL/PVC/AL	OLMESARTAN MEDOXOMIL	OLMESARTAN MEDOXOMIL			Compressa rivestita con film	C09DX03	DAY ZERO EHF	Autorizzata	Procedura Mutuo riconoscimento o Decentrata	Medicinali soggetti a prescrizione medica
052007059	052007	SAREX	40 MG/10 MG/25 MG COMPRESSE RIVESTITE CON FILM- 28 COMPRESSE IN BLISTER OPA/AL/PVC/AL	OLMESARTAN MEDOXOMIL	OLMESARTAN MEDOXOMIL			Compressa rivestita con film	C09DX03	DAY ZERO EHF	Autorizzata	Procedura Mutuo riconoscimento o Decentrata	Medicinali soggetti a prescrizione medica
