codice_aic	cod_farmaco	denominazione	descrizione	pa_associati	principio_attivo	quantita	unita_misura	forma	codice_atc	ragione_sociale	stato_amministrativo	tipo_procedura	fornitura
031497023	031497	LOSAZID	50 MG + 12,5 MG COMPRESSE RIVESTITE CON FILM- 14 COMPRESSE	LOSARTAN POTASSICO/IDROCLOROTIAZIDE	IDROCLOROTIAZIDE|LOSARTAN POTASSICO	|	|	Compressa rivestita con film	C09DA01	ALFASIGMA S.P.A.	Autorizzata	Procedura Nazionale	Medicinali soggetti a prescrizione medica
031497035	031497	LOSAZID	100 MG + 25 MG COMPRESSE RIVESTITE CON FILM- 14 COMPRESSE	LOSARTAN POTASSICO/IDROCLOROTIAZIDE	IDROCLOROTIAZIDE|LOSARTAN POTASSICO	|	|	Compressa rivestita con film	C09DA01	ALFASIGMA S.P.A.	Autorizzata	Procedura Nazionale	Medicinali soggetti a prescrizione medica
031497047	031497	LOSAZID	100 MG + 25 MG COMPRESSE RIVESTITE CON FILM- 28 COMPRESSE	LOSARTAN POTASSICO/IDROCLOROTIAZIDE	IDROCLOROTIAZIDE|LOSARTAN POTASSICO	|	|	Compressa rivestita con film	C09DA01	ALFASIGMA S.P.A.	Autorizzata	Procedura Nazionale	Medicinali soggetti a prescrizione medica
031497050	031497	LOSAZID	50 MG + 12,5 MG COMPRESSE RIVESTITE CON FILM- 28 COMPRESSE	LOSARTAN POTASSICO/IDROCLOROTIAZIDE	IDROCLOROTIAZIDE|LOSARTAN POTASSICO	|	|	Compressa rivestita con film	C09DA01	ALFASIGMA S.P.A.	Autorizzata	Procedura Nazionale	Medicinali soggetti a prescrizione medica
032993014	032993	NEO-LOTAN PLUS	50 MG+12,5 MG COMPRESSE RIVESTITE CON FILM- 14 COMPRESSE	LOSARTAN POTASSICO/IDROCLOROTIAZIDE	IDROCLOROTIAZIDE|LOSARTAN POTASSICO	|	|	Compressa rivestita con film	C09DA01	NEOPHARMED GENTILI S.P.A.	Autorizzata	Procedura Nazionale	Medicinali soggetti a prescrizione medica
032993038	032993	NEO-LOTAN PLUS	100 MG + 25 MG COMPRESSE RIVESTITE CON FILM- 14 COMPRESSE	LOSARTAN POTASSICO/IDROCLOROTIAZIDE	IDROCLOROTIAZIDE|LOSARTAN POTASSICO	|	|	Compressa rivestita con film	C09DA01	NEOPHARMED GENTILI S.P.A.	Autorizzata	Procedura Nazionale	Medicinali soggetti a prescrizione medica
032993040	032993	NEO-LOTAN PLUS	100 MG + 25 MG COMPRESSE RIVESTITE CON FILM- 28 COMPRESSE	LOSARTAN POTASSICO/IDROCLOROTIAZIDE	IDROCLOROTIAZIDE|LOSARTAN POTASSICO	|	|	Compressa rivestita con film	C09DA01	NEOPHARMED GENTILI S.P.A.	Autorizzata	Procedura Nazionale	Medicinali soggetti a prescrizione medica
032993053	032993	NEO-LOTAN PLUS	50 MG + 12,5 MG COMPRESSE RIVESTITE CON FILM- 28 COMPRESSE	LOSARTAN POTASSICO/IDROCLOROTIAZIDE	IDROCLOROTIAZIDE|LOSARTAN POTASSICO	|	|	Compressa rivestita con film	C09DA01	NEOPHARMED GENTILI S.P.A.	Autorizzata	Procedura Nazionale	Medicinali soggetti a prescrizione medica
038028015	038028	LOSARTAN/IDROCLOROTIAZIDE TEVA	50 MG/12.5 MG COMPRESSE RIVESTITE CON FILM- 1 COMPRESSA IN BLISTER PVC/PVDC/PE/AL	LOSARTAN POTASSICO/IDROCLOROTIAZIDE	IDROCLOROTIAZIDE|LOSARTAN POTASSICO	|	|	Compressa rivestita con film	C09DA01	TEVA ITALIA S.R.L.	Autorizzata	Procedura Mutuo riconoscimento o Decentrata	Medicinali soggetti a prescrizione medica
038028027	038028	LOSARTAN/IDROCLOROTIAZIDE TEVA	50 MG/12.5 MG COMPRESSE RIVESTITE CON FILM- 14 COMPRESSE IN BLISTER PVC/PVDC/PE/AL	LOSARTAN POTASSICO/IDROCLOROTIAZIDE	IDROCLOROTIAZIDE|LOSARTAN POTASSICO	|	|	Compressa rivestita con film	C09DA01	TEVA ITALIA S.R.L.	Autorizzata	Procedura Mutuo riconoscimento o Decentrata	Medicinali soggetti a prescrizione medica
038028039	038028	LOSARTAN/IDROCLOROTIAZIDE TEVA	50 MG/12.5 MG COMPRESSE RIVESTITE CON FILM- 20 COMPRESSE IN BLISTER PVC/PVDC/PE/AL	LOSARTAN POTASSICO/IDROCLOROTIAZIDE	IDROCLOROTIAZIDE|LOSARTAN POTASSICO	|	|	Compressa rivestita con film	C09DA01	TEVA ITALIA S.R.L.	Autorizzata	Procedura Mutuo riconoscimento o Decentrata	Medicinali soggetti a prescrizione medica
038028041	038028	LOSARTAN/IDROCLOROTIAZIDE TEVA	50 MG/12.5 MG COMPRESSE RIVESTITE CON FILM- 28 COMPRESSE IN BLISTER PVC/PVDC/PE/AL	LOSARTAN POTASSICO/IDROCLOROTIAZIDE	IDROCLOROTIAZIDE|LOSARTAN POTASSICO	|	|	Compressa rivestita con film	C09DA01	TEVA ITALIA S.R.L.	Autorizzata	Procedura Mutuo riconoscimento o Decentrata	Medicinali soggetti a prescrizione medica
038028054	038028	LOSARTAN/IDROCLOROTIAZIDE TEVA	50 MG/12.5 MG COMPRESSE RIVESTITE CON FILM- 30 COMPRESSE IN BLISTER PVC/PVDC/PE/AL	LOSARTAN POTASSICO/IDROCLOROTIAZIDE	IDROCLOROTIAZIDE|LOSARTAN POTASSICO	|	|	Compressa rivestita con film	C09DA01	TEVA ITALIA S.R.L.	Autorizzata	Procedura Mutuo riconoscimento o Decentrata	Medicinali soggetti a prescrizione medica
038028066	038028	LOSARTAN/IDROCLOROTIAZIDE TEVA	50 MG/12.5 MG COMPRESSE RIVESTITE CON FILM- 56 COMPRESSE IN BLISTER PVC/PVDC/PE/AL	LOSARTAN POTASSICO/IDROCLOROTIAZIDE	IDROCLOROTIAZIDE|LOSARTAN POTASSICO	|	|	Compressa rivestita con film	C09DA01	TEVA ITALIA S.R.L.	Autorizzata	Procedura Mutuo riconoscimento o Decentrata	Medicinali soggetti a prescrizione medica
038028078	038028	LOSARTAN/IDROCLOROTIAZIDE TEVA	50 MG/12.5 MG COMPRESSE RIVESTITE CON FILM- 60 COMPRESSE IN BLISTER PVC/PVDC/PE/AL	LOSARTAN POTASSICO/IDROCLOROTIAZIDE	IDROCLOROTIAZIDE|LOSARTAN POTASSICO	|	|	Compressa rivestita con film	C09DA01	TEVA ITALIA S.R.L.	Autorizzata	Procedura Mutuo riconoscimento o Decentrata	Medicinali soggetti a prescrizione medica
038028080	038028	LOSARTAN/IDROCLOROTIAZIDE TEVA	50 MG/12.5 MG COMPRESSE RIVESTITE CON FILM- 84 COMPRESSE IN BLISTER PVC/PVDC/PE/AL	LOSARTAN POTASSICO/IDROCLOROTIAZIDE	IDROCLOROTIAZIDE|LOSARTAN POTASSICO	|	|	Compressa rivestita con film	C09DA01	TEVA ITALIA S.R.L.	Autorizzata	Procedura Mutuo riconoscimento o Decentrata	Medicinali soggetti a prescrizione medica
038028092	038028	LOSARTAN/IDROCLOROTIAZIDE TEVA	50 MG/12.5 MG COMPRESSE RIVESTITE CON FILM- 90 COMPRESSE IN BLISTER PVC/PVDC/PE/AL	LOSARTAN POTASSICO/IDROCLOROTIAZIDE	IDROCLOROTIAZIDE|LOSARTAN POTASSICO	|	|	Compressa rivestita con film	C09DA01	TEVA ITALIA S.R.L.	Autorizzata	Procedura Mutuo riconoscimento o Decentrata	Medicinali soggetti a prescrizione medica
038028104	038028	LOSARTAN/IDROCLOROTIAZIDE TEVA	50 MG/12.5 MG COMPRESSE RIVESTITE CON FILM- 98 COMPRESSE IN BLISTER PVC/PVDC/PE/AL	LOSARTAN POTASSICO/IDROCLOROTIAZIDE	IDROCLOROTIAZIDE|LOSARTAN POTASSICO	|	|	Compressa rivestita con film	C09DA01	TEVA ITALIA S.R.L.	Autorizzata	Procedura Mutuo riconoscimento o Decentrata	Medicinali soggetti a prescrizione medica
038028116	038028	LOSARTAN/IDROCLOROTIAZIDE TEVA	50 MG/12.5 MG COMPRESSE RIVESTITE CON FILM- 100 COMPRESSE IN BLISTER PVC/PVDC/PE/AL	LOSARTAN POTASSICO/IDROCLOROTIAZIDE	IDROCLOROTIAZIDE|LOSARTAN POTASSICO	|	|	Compressa rivestita con film	C09DA01	TEVA ITALIA S.R.L.	Autorizzata	Procedura Mutuo riconoscimento o Decentrata	Medicinali soggetti a prescrizione medica
038028128	038028	LOSARTAN/IDROCLOROTIAZIDE TEVA	50 MG/12.5 MG COMPRESSE RIVESTITE CON FILM- 28 COMPRESSE IN BLISTER PVC/PVDC/PE/AL CONFEZIONE CALENDARIO	LOSARTAN POTASSICO/IDROCLOROTIAZIDE	IDROCLOROTIAZIDE|LOSARTAN POTASSICO	|	|	Compressa rivestita con film	C09DA01	TEVA ITALIA S.R.L.	Autorizzata	Procedura Mutuo riconoscimento o Decentrata	Medicinali soggetti a prescrizione medica
038028130	038028	LOSARTAN/IDROCLOROTIAZIDE TEVA	50 MG/12.5 MG COMPRESSE RIVESTITE CON FILM- 50X1 COMPRESSE IN BLISTER PVC/PVDC/PE/AL CONFEZIONE OSPEDALIERA	LOSARTAN POTASSICO/IDROCLOROTIAZIDE	IDROCLOROTIAZIDE|LOSARTAN POTASSICO	|	|	Compressa rivestita con film	C09DA01	TEVA ITALIA S.R.L.	Autorizzata	Procedura Mutuo riconoscimento o Decentrata	Medicinali soggetti a prescrizione medica
038028142	038028	LOSARTAN/IDROCLOROTIAZIDE TEVA	50 MG/12.5 MG COMPRESSE RIVESTITE CON FILM- 280 (10X28) COMPRESSE IN BLISTER PVC/PVDC/PE/AL CONFEZIONE OSPEDALIERA	LOSARTAN POTASSICO/IDROCLOROTIAZIDE	IDROCLOROTIAZIDE|LOSARTAN POTASSICO	|	|	Compressa rivestita con film	C09DA01	TEVA ITALIA S.R.L.	Autorizzata	Procedura Mutuo riconoscimento o Decentrata	Medicinali soggetti a prescrizione medica
038028155	038028	LOSARTAN/IDROCLOROTIAZIDE TEVA	50 MG/12.5 MG COMPRESSE RIVESTITE CON FILM- 1 COMPRESSA IN BLISTER PVC/ACLAR/AL	LOSARTAN POTASSICO/IDROCLOROTIAZIDE	IDROCLOROTIAZIDE|LOSARTAN POTASSICO	|	|	Compressa rivestita con film	C09DA01	TEVA ITALIA S.R.L.	Autorizzata	Procedura Mutuo riconoscimento o Decentrata	Medicinali soggetti a prescrizione medica
038028167	038028	LOSARTAN/IDROCLOROTIAZIDE TEVA	50 MG/12.5 MG COMPRESSE RIVESTITE CON FILM- 14 COMPRESSE IN BLISTER PVC/ACLAR/AL	LOSARTAN POTASSICO/IDROCLOROTIAZIDE	IDROCLOROTIAZIDE|LOSARTAN POTASSICO	|	|	Compressa rivestita con film	C09DA01	TEVA ITALIA S.R.L.	Autorizzata	Procedura Mutuo riconoscimento o Decentrata	Medicinali soggetti a prescrizione medica
038028179	038028	LOSARTAN/IDROCLOROTIAZIDE TEVA	50 MG/12.5 MG COMPRESSE RIVESTITE CON FILM- 20 COMPRESSE IN BLISTER PVC/ACLAR/AL	LOSARTAN POTASSICO/IDROCLOROTIAZIDE	IDROCLOROTIAZIDE|LOSARTAN POTASSICO	|	|	Compressa rivestita con film	C09DA01	TEVA ITALIA S.R.L.	Autorizzata	Procedura Mutuo riconoscimento o Decentrata	Medicinali soggetti a prescrizione medica
038028181	038028	LOSARTAN/IDROCLOROTIAZIDE TEVA	50 MG/12.5 MG COMPRESSE RIVESTITE CON FILM- 28 COMPRESSE IN BLISTER PVC/ACLAR/AL	LOSARTAN POTASSICO/IDROCLOROTIAZIDE	IDROCLOROTIAZIDE|LOSARTAN POTASSICO	|	|	Compressa rivestita con film	C09DA01	TEVA ITALIA S.R.L.	Autorizzata	Procedura Mutuo riconoscimento o Decentrata	Medicinali soggetti a prescrizione medica
038028193	038028	LOSARTAN/IDROCLOROTIAZIDE TEVA	50 MG/12.5 MG COMPRESSE RIVESTITE CON FILM- 30 COMPRESSE IN BLISTER PVC/ACLAR/AL	LOSARTAN POTASSICO/IDROCLOROTIAZIDE	IDROCLOROTIAZIDE|LOSARTAN POTASSICO	|	|	Compressa rivestita con film	C09DA01	TEVA ITALIA S.R.L.	Autorizzata	Procedura Mutuo riconoscimento o Decentrata	Medicinali soggetti a prescrizione medica
038028205	038028	LOSARTAN/IDROCLOROTIAZIDE TEVA	50 MG/12.5 MG COMPRESSE RIVESTITE CON FILM- 56 COMPRESSE IN BLISTER PVC/ACLAR/AL	LOSARTAN POTASSICO/IDROCLOROTIAZIDE	IDROCLOROTIAZIDE|LOSARTAN POTASSICO	|	|	Compressa rivestita con film	C09DA01	TEVA ITALIA S.R.L.	Autorizzata	Procedura Mutuo riconoscimento o Decentrata	Medicinali soggetti a prescrizione medica
038028217	038028	LOSARTAN/IDROCLOROTIAZIDE TEVA	50 MG/12.5 MG COMPRESSE RIVESTITE CON FILM- 60 COMPRESSE IN BLISTER PVC/ACLAR/AL	LOSARTAN POTASSICO/IDROCLOROTIAZIDE	IDROCLOROTIAZIDE|LOSARTAN POTASSICO	|	|	Compressa rivestita con film	C09DA01	TEVA ITALIA S.R.L.	Autorizzata	Procedura Mutuo riconoscimento o Decentrata	Medicinali soggetti a prescrizione medica
038028229	038028	LOSARTAN/IDROCLOROTIAZIDE TEVA	50 MG/12.5 MG COMPRESSE RIVESTITE CON FILM- 84 COMPRESSE IN BLISTER PVC/ACLAR/AL	LOSARTAN POTASSICO/IDROCLOROTIAZIDE	IDROCLOROTIAZIDE|LOSARTAN POTASSICO	|	|	Compressa rivestita con film	C09DA01	TEVA ITALIA S.R.L.	Autorizzata	Procedura Mutuo riconoscimento o Decentrata	Medicinali soggetti a prescrizione medica
038028231	038028	LOSARTAN/IDROCLOROTIAZIDE TEVA	50 MG/12.5 MG COMPRESSE RIVESTITE CON FILM- 90 COMPRESSE IN BLISTER PVC/ACLAR/AL	LOSARTAN POTASSICO/IDROCLOROTIAZIDE	IDROCLOROTIAZIDE|LOSARTAN POTASSICO	|	|	Compressa rivestita con film	C09DA01	TEVA ITALIA S.R.L.	Autorizzata	Procedura Mutuo riconoscimento o Decentrata	Medicinali soggetti a prescrizione medica
038028243	038028	LOSARTAN/IDROCLOROTIAZIDE TEVA	50 MG/12.5 MG COMPRESSE RIVESTITE CON FILM- 98 COMPRESSE IN BLISTER PVC/ACLAR/AL	LOSARTAN POTASSICO/IDROCLOROTIAZIDE	IDROCLOROTIAZIDE|LOSARTAN POTASSICO	|	|	Compressa rivestita con film	C09DA01	TEVA ITALIA S.R.L.	Autorizzata	Procedura Mutuo riconoscimento o Decentrata	Medicinali soggetti a prescrizione medica
038028256	038028	LOSARTAN/IDROCLOROTIAZIDE TEVA	50 MG/12.5 MG COMPRESSE RIVESTITE CON FILM- 100 COMPRESSE IN BLISTER PVC/ACLAR/AL	LOSARTAN POTASSICO/IDROCLOROTIAZIDE	IDROCLOROTIAZIDE|LOSARTAN POTASSICO	|	|	Compressa rivestita con film	C09DA01	TEVA ITALIA S.R.L.	Autorizzata	Procedura Mutuo riconoscimento o Decentrata	Medicinali soggetti a prescrizione medica
038028268	038028	LOSARTAN/IDROCLOROTIAZIDE TEVA	50 MG/12.5 MG COMPRESSE RIVESTITE CON FILM- 28 COMPRESSE IN BLISTER PVC/ACLAR/AL CONFEZIONE CALENDARIO	LOSARTAN POTASSICO/IDROCLOROTIAZIDE	IDROCLOROTIAZIDE|LOSARTAN POTASSICO	|	|	Compressa rivestita con film	C09DA01	TEVA ITALIA S.R.L.	Autorizzata	Procedura Mutuo riconoscimento o Decentrata	Medicinali soggetti a prescrizione medica
038028270	038028	LOSARTAN/IDROCLOROTIAZIDE TEVA	50 MG/12.5 MG COMPRESSE RIVESTITE CON FILM- 50X1 COMPRESSE IN BLISTER PVC/ACLAR/AL CONFEZIONE OSPEDALIERA	LOSARTAN POTASSICO/IDROCLOROTIAZIDE	IDROCLOROTIAZIDE|LOSARTAN POTASSICO	|	|	Compressa rivestita con film	C09DA01	TEVA ITALIA S.R.L.	Autorizzata	Procedura Mutuo riconoscimento o Decentrata	Medicinali soggetti a prescrizione medica
038028282	038028	LOSARTAN/IDROCLOROTIAZIDE TEVA	50 MG/12.5 MG COMPRESSE RIVESTITE CON FILM- 280 (10X28) COMPRESSE IN BLISTER PVC/ACLAR/AL CONFEZIONE OSPEDALIERA	LOSARTAN POTASSICO/IDROCLOROTIAZIDE	IDROCLOROTIAZIDE|LOSARTAN POTASSICO	|	|	Compressa rivestita con film	C09DA01	TEVA ITALIA S.R.L.	Autorizzata	Procedura Mutuo riconoscimento o Decentrata	Medicinali soggetti a prescrizione medica
038028294	038028	LOSARTAN/IDROCLOROTIAZIDE TEVA	100 MG/25 MG COMPRESSE RIVESTITE CON FILM- 1 COMPRESSA IN BLISTER PVC/PVDC/PE/AL	LOSARTAN POTASSICO/IDROCLOROTIAZIDE	IDROCLOROTIAZIDE|LOSARTAN POTASSICO	|	|	Compressa rivestita con film	C09DA01	TEVA ITALIA S.R.L.	Autorizzata	Procedura Mutuo riconoscimento o Decentrata	Medicinali soggetti a prescrizione medica
038028306	038028	LOSARTAN/IDROCLOROTIAZIDE TEVA	100 MG/25 MG COMPRESSE RIVESTITE CON FILM- 7 COMPRESSE IN BLISTER PVC/PVDC/PE/AL	LOSARTAN POTASSICO/IDROCLOROTIAZIDE	IDROCLOROTIAZIDE|LOSARTAN POTASSICO	|	|	Compressa rivestita con film	C09DA01	TEVA ITALIA S.R.L.	Autorizzata	Procedura Mutuo riconoscimento o Decentrata	Medicinali soggetti a prescrizione medica
038028318	038028	LOSARTAN/IDROCLOROTIAZIDE TEVA	100 MG/25 MG COMPRESSE RIVESTITE CON FILM- 14 COMPRESSE IN BLISTER PVC/PVDC/PE/AL	LOSARTAN POTASSICO/IDROCLOROTIAZIDE	IDROCLOROTIAZIDE|LOSARTAN POTASSICO	|	|	Compressa rivestita con film	C09DA01	TEVA ITALIA S.R.L.	Autorizzata	Procedura Mutuo riconoscimento o Decentrata	Medicinali soggetti a prescrizione medica
038028320	038028	LOSARTAN/IDROCLOROTIAZIDE TEVA	100 MG/25 MG COMPRESSE RIVESTITE CON FILM- 20 COMPRESSE IN BLISTER PVC/PVDC/PE/AL	LOSARTAN POTASSICO/IDROCLOROTIAZIDE	IDROCLOROTIAZIDE|LOSARTAN POTASSICO	|	|	Compressa rivestita con film	C09DA01	TEVA ITALIA S.R.L.	Autorizzata	Procedura Mutuo riconoscimento o Decentrata	Medicinali soggetti a prescrizione medica
038028332	038028	LOSARTAN/IDROCLOROTIAZIDE TEVA	100 MG/25 MG COMPRESSE RIVESTITE CON FILM- 28 COMPRESSE IN BLISTER PVC/PVDC/PE/AL	LOSARTAN POTASSICO/IDROCLOROTIAZIDE	IDROCLOROTIAZIDE|LOSARTAN POTASSICO	|	|	Compressa rivestita con film	C09DA01	TEVA ITALIA S.R.L.	Autorizzata	Procedura Mutuo riconoscimento o Decentrata	Medicinali soggetti a prescrizione medica
038028344	038028	LOSARTAN/IDROCLOROTIAZIDE TEVA	100 MG/25 MG COMPRESSE RIVESTITE CON FILM- 30 COMPRESSE IN BLISTER PVC/PVDC/PE/AL	LOSARTAN POTASSICO/IDROCLOROTIAZIDE	IDROCLOROTIAZIDE|LOSARTAN POTASSICO	|	|	Compressa rivestita con film	C09DA01	TEVA ITALIA S.R.L.	Autorizzata	Procedura Mutuo riconoscimento o Decentrata	Medicinali soggetti a prescrizione medica
038028357	038028	LOSARTAN/IDROCLOROTIAZIDE TEVA	100 MG/25 MG COMPRESSE RIVESTITE CON FILM- 56 COMPRESSE IN BLISTER PVC/PVDC/PE/AL	LOSARTAN POTASSICO/IDROCLOROTIAZIDE	IDROCLOROTIAZIDE|LOSARTAN POTASSICO	|	|	Compressa rivestita con film	C09DA01	TEVA ITALIA S.R.L.	Autorizzata	Procedura Mutuo riconoscimento o Decentrata	Medicinali soggetti a prescrizione medica
038028369	038028	LOSARTAN/IDROCLOROTIAZIDE TEVA	100 MG/25 MG COMPRESSE RIVESTITE CON FILM- 60 COMPRESSE IN BLISTER PVC/PVDC/PE/AL	LOSARTAN POTASSICO/IDROCLOROTIAZIDE	IDROCLOROTIAZIDE|LOSARTAN POTASSICO	|	|	Compressa rivestita con film	C09DA01	TEVA ITALIA S.R.L.	Autorizzata	Procedura Mutuo riconoscimento o Decentrata	Medicinali soggetti a prescrizione medica
038028371	038028	LOSARTAN/IDROCLOROTIAZIDE TEVA	100 MG/25 MG COMPRESSE RIVESTITE CON FILM- 84 COMPRESSE IN BLISTER PVC/PVDC/PE/AL	LOSARTAN POTASSICO/IDROCLOROTIAZIDE	IDROCLOROTIAZIDE|LOSARTAN POTASSICO	|	|	Compressa rivestita con film	C09DA01	TEVA ITALIA S.R.L.	Autorizzata	Procedura Mutuo riconoscimento o Decentrata	Medicinali soggetti a prescrizione medica
038028395	038028	LOSARTAN/IDROCLOROTIAZIDE TEVA	100 MG/25 MG COMPRESSE RIVESTITE CON FILM- 98 COMPRESSE IN BLISTER PVC/PVDC/PE/AL	LOSARTAN POTASSICO/IDROCLOROTIAZIDE	IDROCLOROTIAZIDE|LOSARTAN POTASSICO	|	|	Compressa rivestita con film	C09DA01	TEVA ITALIA S.R.L.	Autorizzata	Procedura Mutuo riconoscimento o Decentrata	Medicinali soggetti a prescrizione medica
038028407	038028	LOSARTAN/IDROCLOROTIAZIDE TEVA	100 MG/25 MG COMPRESSE RIVESTITE CON FILM- 100 COMPRESSE IN BLISTER PVC/PVDC/PE/AL	LOSARTAN POTASSICO/IDROCLOROTIAZIDE	IDROCLOROTIAZIDE|LOSARTAN POTASSICO	|	|	Compressa rivestita con film	C09DA01	TEVA ITALIA S.R.L.	Autorizzata	Procedura Mutuo riconoscimento o Decentrata	Medicinali soggetti a prescrizione medica
038028419	038028	LOSARTAN/IDROCLOROTIAZIDE TEVA	100 MG/25 MG COMPRESSE RIVESTITE CON FILM- 7 COMPRESSE IN BLISTER PVC/PVDC/PE/AL CONFEZIONE CALENDARIO	LOSARTAN POTASSICO/IDROCLOROTIAZIDE	IDROCLOROTIAZIDE|LOSARTAN POTASSICO	|	|	Compressa rivestita con film	C09DA01	TEVA ITALIA S.R.L.	Autorizzata	Procedura Mutuo riconoscimento o Decentrata	Medicinali soggetti a prescrizione medica
038028433	038028	LOSARTAN/IDROCLOROTIAZIDE TEVA	100 MG/25 MG COMPRESSE RIVESTITE CON FILM- 50X1 COMPRESSE IN BLISTER PVC/PVDC/PE/AL CONFEZIONE OSPEDALIERA	LOSARTAN POTASSICO/IDROCLOROTIAZIDE	IDROCLOROTIAZIDE|LOSARTAN POTASSICO	|	|	Compressa rivestita con film	C09DA01	TEVA ITALIA S.R.L.	Autorizzata	Procedura Mutuo riconoscimento o Decentrata	Medicinali soggetti a prescrizione medica
038028445	038028	LOSARTAN/IDROCLOROTIAZIDE TEVA	100 MG/25 MG COMPRESSE RIVESTITE CON FILM- 280 (10X28) COMPRESSE IN BLISTER PVC/PVDC/PE/AL CONFEZIONE OSPEDALIERA	LOSARTAN POTASSICO/IDROCLOROTIAZIDE	IDROCLOROTIAZIDE|LOSARTAN POTASSICO	|	|	Compressa rivestita con film	C09DA01	TEVA ITALIA S.R.L.	Autorizzata	Procedura Mutuo riconoscimento o Decentrata	Medicinali soggetti a prescrizione medica
038028458	038028	LOSARTAN/IDROCLOROTIAZIDE TEVA	100 MG/25 MG COMPRESSE RIVESTITE CON FILM- 1 COMPRESSA IN BLISTER PVC/ACLAR/AL	LOSARTAN POTASSICO/IDROCLOROTIAZIDE	IDROCLOROTIAZIDE|LOSARTAN POTASSICO	|	|	Compressa rivestita con film	C09DA01	TEVA ITALIA S.R.L.	Autorizzata	Procedura Mutuo riconoscimento o Decentrata	Medicinali soggetti a prescrizione medica
038028460	038028	LOSARTAN/IDROCLOROTIAZIDE TEVA	100 MG/25 MG COMPRESSE RIVESTITE CON FILM- 7 COMPRESSE IN BLISTER PVC/ACLAR/AL	LOSARTAN POTASSICO/IDROCLOROTIAZIDE	IDROCLOROTIAZIDE|LOSARTAN POTASSICO	|	|	Compressa rivestita con film	C09DA01	TEVA ITALIA S.R.L.	Autorizzata	Procedura Mutuo riconoscimento o Decentrata	Medicinali soggetti a prescrizione medica
038028472	038028	LOSARTAN/IDROCLOROTIAZIDE TEVA	100 MG/25 MG COMPRESSE RIVESTITE CON FILM- 14 COMPRESSE IN BLISTER PVC/ACLAR/AL	LOSARTAN POTASSICO/IDROCLOROTIAZIDE	IDROCLOROTIAZIDE|LOSARTAN POTASSICO	|	|	Compressa rivestita con film	C09DA01	TEVA ITALIA S.R.L.	Autorizzata	Procedura Mutuo riconoscimento o Decentrata	Medicinali soggetti a prescrizione medica
038028484	038028	LOSARTAN/IDROCLOROTIAZIDE TEVA	100 MG/25 MG COMPRESSE RIVESTITE CON FILM- 20 COMPRESSE IN BLISTER PVC/ACLAR/AL	LOSARTAN POTASSICO/IDROCLOROTIAZIDE	IDROCLOROTIAZIDE|LOSARTAN POTASSICO	|	|	Compressa rivestita con film	C09DA01	TEVA ITALIA S.R.L.	Autorizzata	Procedura Mutuo riconoscimento o Decentrata	Medicinali soggetti a prescrizione medica
038028496	038028	LOSARTAN/IDROCLOROTIAZIDE TEVA	100 MG/25 MG COMPRESSE RIVESTITE CON FILM- 28 COMPRESSE IN BLISTER PVC/ACLAR/AL	LOSARTAN POTASSICO/IDROCLOROTIAZIDE	IDROCLOROTIAZIDE|LOSARTAN POTASSICO	|	|	Compressa rivestita con film	C09DA01	TEVA ITALIA S.R.L.	Autorizzata	Procedura Mutuo riconoscimento o Decentrata	Medicinali soggetti a prescrizione medica
038028508	038028	LOSARTAN/IDROCLOROTIAZIDE TEVA	100 MG/25 MG COMPRESSE RIVESTITE CON FILM- 30 COMPRESSE IN BLISTER PVC/ACLAR/AL	LOSARTAN POTASSICO/IDROCLOROTIAZIDE	IDROCLOROTIAZIDE|LOSARTAN POTASSICO	|	|	Compressa rivestita con film	C09DA01	TEVA ITALIA S.R.L.	Autorizzata	Procedura Mutuo riconoscimento o Decentrata	Medicinali soggetti a prescrizione medica
038028510	038028	LOSARTAN/IDROCLOROTIAZIDE TEVA	100 MG/25 MG COMPRESSE RIVESTITE CON FILM- 56 COMPRESSE IN BLISTER PVC/ACLAR/AL	LOSARTAN POTASSICO/IDROCLOROTIAZIDE	IDROCLOROTIAZIDE|LOSARTAN POTASSICO	|	|	Compressa rivestita con film	C09DA01	TEVA ITALIA S.R.L.	Autorizzata	Procedura Mutuo riconoscimento o Decentrata	Medicinali soggetti a prescrizione medica
038028522	038028	LOSARTAN/IDROCLOROTIAZIDE TEVA	100 MG/25 MG COMPRESSE RIVESTITE CON FILM- 60 COMPRESSE IN BLISTER PVC/ACLAR/AL	LOSARTAN POTASSICO/IDROCLOROTIAZIDE	IDROCLOROTIAZIDE|LOSARTAN POTASSICO	|	|	Compressa rivestita con film	C09DA01	TEVA ITALIA S.R.L.	Autorizzata	Procedura Mutuo riconoscimento o Decentrata	Medicinali soggetti a prescrizione medica
038028534	038028	LOSARTAN/IDROCLOROTIAZIDE TEVA	100 MG/25 MG COMPRESSE RIVESTITE CON FILM- 84 COMPRESSE IN BLISTER PVC/ACLAR/AL	LOSARTAN POTASSICO/IDROCLOROTIAZIDE	IDROCLOROTIAZIDE|LOSARTAN POTASSICO	|	|	Compressa rivestita con film	C09DA01	TEVA ITALIA S.R.L.	Autorizzata	Procedura Mutuo riconoscimento o Decentrata	Medicinali soggetti a prescrizione medica
038028546	038028	LOSARTAN/IDROCLOROTIAZIDE TEVA	100 MG/25 MG COMPRESSE RIVESTITE CON FILM- 90 COMPRESSE IN BLISTER PVC/ACLAR/AL	LOSARTAN POTASSICO/IDROCLOROTIAZIDE	IDROCLOROTIAZIDE|LOSARTAN POTASSICO	|	|	Compressa rivestita con film	C09DA01	TEVA ITALIA S.R.L.	Autorizzata	Procedura Mutuo riconoscimento o Decentrata	Medicinali soggetti a prescrizione medica
038028559	038028	LOSARTAN/IDROCLOROTIAZIDE TEVA	100 MG/25 MG COMPRESSE RIVESTITE CON FILM- 98 COMPRESSE IN BLISTER PVC/ACLAR/AL	LOSARTAN POTASSICO/IDROCLOROTIAZIDE	IDROCLOROTIAZIDE|LOSARTAN POTASSICO	|	|	Compressa rivestita con film	C09DA01	TEVA ITALIA S.R.L.	Autorizzata	Procedura Mutuo riconoscimento o Decentrata	Medicinali soggetti a prescrizione medica
038028561	038028	LOSARTAN/IDROCLOROTIAZIDE TEVA	100 MG/25 MG COMPRESSE RIVESTITE CON FILM- 100 COMPRESSE IN BLISTER PVC/ACLAR/AL	LOSARTAN POTASSICO/IDROCLOROTIAZIDE	IDROCLOROTIAZIDE|LOSARTAN POTASSICO	|	|	Compressa rivestita con film	C09DA01	TEVA ITALIA S.R.L.	Autorizzata	Procedura Mutuo riconoscimento o Decentrata	Medicinali soggetti a prescrizione medica
038028573	038028	LOSARTAN/IDROCLOROTIAZIDE TEVA	100 MG/25 MG COMPRESSE RIVESTITE CON FILM- 7 COMPRESSE IN BLISTER PVC/ACLAR/AL CONFEZIONE CALENDARIO	LOSARTAN POTASSICO/IDROCLOROTIAZIDE	IDROCLOROTIAZIDE|LOSARTAN POTASSICO	|	|	Compressa rivestita con film	C09DA01	TEVA ITALIA S.R.L.	Autorizzata	Procedura Mutuo riconoscimento o Decentrata	Medicinali soggetti a prescrizione medica
038028597	038028	LOSARTAN/IDROCLOROTIAZIDE TEVA	100 MG/25 MG COMPRESSE RIVESTITE CON FILM- 50X1 COMPRESSE IN BLISTER PVC/ACLAR/AL CONFEZIONE OSPEDALIERA	LOSARTAN POTASSICO/IDROCLOROTIAZIDE	IDROCLOROTIAZIDE|LOSARTAN POTASSICO	|	|	Compressa rivestita con film	C09DA01	TEVA ITALIA S.R.L.	Autorizzata	Procedura Mutuo riconoscimento o Decentrata	Medicinali soggetti a prescrizione medica
038028609	038028	LOSARTAN/IDROCLOROTIAZIDE TEVA	100 MG/25 MG COMPRESSE RIVESTITE CON FILM- 280 (10X28) COMPRESSE IN BLISTER PVC/ACLAR/AL CONFEZIONE OSPEDALIERA	LOSARTAN POTASSICO/IDROCLOROTIAZIDE	IDROCLOROTIAZIDE|LOSARTAN POTASSICO	|	|	Compressa rivestita con film	C09DA01	TEVA ITALIA S.R.L.	Autorizzata	Procedura Mutuo riconoscimento o Decentrata	Medicinali soggetti a prescrizione medica
038028611	038028	LOSARTAN/IDROCLOROTIAZIDE TEVA	100 MG/25 MG COMPRESSE RIVESTITE CON FILM- 28 COMPRESSE IN BLISTER PVC/PVDC/PE/AL CONFEZIONE CALENDARIO	LOSARTAN POTASSICO/IDROCLOROTIAZIDE	IDROCLOROTIAZIDE|LOSARTAN POTASSICO	|	|	Compressa rivestita con film	C09DA01	TEVA ITALIA S.R.L.	Autorizzata	Procedura Mutuo riconoscimento o Decentrata	Medicinali soggetti a prescrizione medica
038028623	038028	LOSARTAN/IDROCLOROTIAZIDE TEVA	100 MG/25 MG COMPRESSE RIVESTITE CON FILM- 28 COMPRESSE IN BLISTER PVC/ACLAR/AL CONFEZIONE CALENDARIO	LOSARTAN POTASSICO/IDROCLOROTIAZIDE	IDROCLOROTIAZIDE|LOSARTAN POTASSICO	|	|	Compressa rivestita con film	C09DA01	TEVA ITALIA S.R.L.	Autorizzata	Procedura Mutuo riconoscimento o Decentrata	Medicinali soggetti a prescrizione medica
038028635	038028	LOSARTAN/IDROCLOROTIAZIDE TEVA	50 MG/12,5 MG COMPRESSE RIVESTITE CON FILM- 100 COMPRESSE IN CONTENITORE HDPE	LOSARTAN POTASSICO/IDROCLOROTIAZIDE	IDROCLOROTIAZIDE|LOSARTAN POTASSICO	|	|	Compressa rivestita con film	C09DA01	TEVA ITALIA S.R.L.	Autorizzata	Procedura Mutuo riconoscimento o Decentrata	Medicinali soggetti a prescrizione medica
038028647	038028	LOSARTAN/IDROCLOROTIAZIDE TEVA	50 MG/12,5 MG COMPRESSE RIVESTITE CON FILM- 250 COMPRESSE IN CONTENITORE HDPE	LOSARTAN POTASSICO/IDROCLOROTIAZIDE	IDROCLOROTIAZIDE|LOSARTAN POTASSICO	|	|	Compressa rivestita con film	C09DA01	TEVA ITALIA S.R.L.	Autorizzata	Procedura Mutuo riconoscimento o Decentrata	Medicinali soggetti a prescrizione medica limitativa, utilizzabili esclusivamente in ambiente ospedaliero o in una struttura ad esso assimilabile
038028650	038028	LOSARTAN/IDROCLOROTIAZIDE TEVA	100 MG/25 MG COMPRESSE RIVESTITE CON FILM- 30 COMPRESSE IN CONTENITORE HDPE	LOSARTAN POTASSICO/IDROCLOROTIAZIDE	IDROCLOROTIAZIDE|LOSARTAN POTASSICO	|	|	Compressa rivestita con film	C09DA01	TEVA ITALIA S.R.L.	Autorizzata	Procedura Mutuo riconoscimento o Decentrata	Medicinali soggetti a prescrizione medica
038028662	038028	LOSARTAN/IDROCLOROTIAZIDE TEVA	100 MG/25 MG COMPRESSE RIVESTITE CON FILM- 100 COMPRESSE IN CONTENITORE HDPE	LOSARTAN POTASSICO/IDROCLOROTIAZIDE	IDROCLOROTIAZIDE|LOSARTAN POTASSICO	|	|	Compressa rivestita con film	C09DA01	TEVA ITALIA S.R.L.	Autorizzata	Procedura Mutuo riconoscimento o Decentrata	Medicinali soggetti a prescrizione medica
038028674	038028	LOSARTAN/IDROCLOROTIAZIDE TEVA	50 MG/12,5 MG COMPRESSE RIVESTITE CON FILM- 28 COMPRESSE IN CONTENITORE HDPE	LOSARTAN POTASSICO/IDROCLOROTIAZIDE	IDROCLOROTIAZIDE|LOSARTAN POTASSICO	|	|	Compressa rivestita con film	C09DA01	TEVA ITALIA S.R.L.	Autorizzata	Procedura Mutuo riconoscimento o Decentrata	Medicinali soggetti a prescrizione medica
038028686	038028	LOSARTAN/IDROCLOROTIAZIDE TEVA	50 MG/12,5 MG COMPRESSE RIVESTITE CON FILM- 500 COMPRESSE IN CONTENITORE HDPE	LOSARTAN POTASSICO/IDROCLOROTIAZIDE	IDROCLOROTIAZIDE|LOSARTAN POTASSICO	|	|	Compressa rivestita con film	C09DA01	TEVA ITALIA S.R.L.	Autorizzata	Procedura Mutuo riconoscimento o Decentrata	Medicinali soggetti a prescrizione medica limitativa, utilizzabili esclusivamente in ambiente ospedaliero o in una struttura ad esso assimilabile
038028698	038028	LOSARTAN/IDROCLOROTIAZIDE TEVA	100 MG/25 MG COMPRESSE RIVESTITE CON FILM- 28 COMPRESSE IN CONTENITORE HDPE	LOSARTAN POTASSICO/IDROCLOROTIAZIDE	IDROCLOROTIAZIDE|LOSARTAN POTASSICO	|	|	Compressa rivestita con film	C09DA01	TEVA ITALIA S.R.L.	Autorizzata	Procedura Mutuo riconoscimento o Decentrata	Medicinali soggetti a prescrizione medica
038028700	038028	LOSARTAN/IDROCLOROTIAZIDE TEVA	50 MG/12.5 MG COMPRESSE RIVESTITE CON FILM- 1 COMPRESSA IN BLISTER PVC/PVDC/AL	LOSARTAN POTASSICO/IDROCLOROTIAZIDE	IDROCLOROTIAZIDE|LOSARTAN POTASSICO	|	|	Compressa rivestita con film	C09DA01	TEVA ITALIA S.R.L.	Autorizzata	Procedura Mutuo riconoscimento o Decentrata	Medicinali soggetti a prescrizione medica
038028712	038028	LOSARTAN/IDROCLOROTIAZIDE TEVA	50 MG/12.5 MG COMPRESSE RIVESTITE CON FILM- 14 COMPRESSE IN BLISTER PVC/PVDC/AL	LOSARTAN POTASSICO/IDROCLOROTIAZIDE	IDROCLOROTIAZIDE|LOSARTAN POTASSICO	|	|	Compressa rivestita con film	C09DA01	TEVA ITALIA S.R.L.	Autorizzata	Procedura Mutuo riconoscimento o Decentrata	Medicinali soggetti a prescrizione medica
038028724	038028	LOSARTAN/IDROCLOROTIAZIDE TEVA	50 MG/12.5 MG COMPRESSE RIVESTITE CON FILM- 20 COMPRESSE IN BLISTER PVC/PVDC/AL	LOSARTAN POTASSICO/IDROCLOROTIAZIDE	IDROCLOROTIAZIDE|LOSARTAN POTASSICO	|	|	Compressa rivestita con film	C09DA01	TEVA ITALIA S.R.L.	Autorizzata	Procedura Mutuo riconoscimento o Decentrata	Medicinali soggetti a prescrizione medica
038028736	038028	LOSARTAN/IDROCLOROTIAZIDE TEVA	50 MG/12.5 MG COMPRESSE RIVESTITE CON FILM- 28 COMPRESSE IN BLISTER PVC/PVDC/AL	LOSARTAN POTASSICO/IDROCLOROTIAZIDE	IDROCLOROTIAZIDE|LOSARTAN POTASSICO	|	|	Compressa rivestita con film	C09DA01	TEVA ITALIA S.R.L.	Autorizzata	Procedura Mutuo riconoscimento o Decentrata	Medicinali soggetti a prescrizione medica
038028748	038028	LOSARTAN/IDROCLOROTIAZIDE TEVA	50 MG/12.5 MG COMPRESSE RIVESTITE CON FILM- 30 COMPRESSE IN BLISTER PVC/PVDC/AL	LOSARTAN POTASSICO/IDROCLOROTIAZIDE	IDROCLOROTIAZIDE|LOSARTAN POTASSICO	|	|	Compressa rivestita con film	C09DA01	TEVA ITALIA S.R.L.	Autorizzata	Procedura Mutuo riconoscimento o Decentrata	Medicinali soggetti a prescrizione medica
038028751	038028	LOSARTAN/IDROCLOROTIAZIDE TEVA	50 MG/12.5 MG COMPRESSE RIVESTITE CON FILM- 56 COMPRESSE IN BLISTER PVC/PVDC/AL	LOSARTAN POTASSICO/IDROCLOROTIAZIDE	IDROCLOROTIAZIDE|LOSARTAN POTASSICO	|	|	Compressa rivestita con film	C09DA01	TEVA ITALIA S.R.L.	Autorizzata	Procedura Mutuo riconoscimento o Decentrata	Medicinali soggetti a prescrizione medica
038028763	038028	LOSARTAN/IDROCLOROTIAZIDE TEVA	50 MG/12.5 MG COMPRESSE RIVESTITE CON FILM- 60 COMPRESSE IN BLISTER PVC/PVDC/AL	LOSARTAN POTASSICO/IDROCLOROTIAZIDE	IDROCLOROTIAZIDE|LOSARTAN POTASSICO	|	|	Compressa rivestita con film	C09DA01	TEVA ITALIA S.R.L.	Autorizzata	Procedura Mutuo riconoscimento o Decentrata	Medicinali soggetti a prescrizione medica
038028775	038028	LOSARTAN/IDROCLOROTIAZIDE TEVA	50 MG/12.5 MG COMPRESSE RIVESTITE CON FILM- 84 COMPRESSE IN BLISTER PVC/PVDC/AL	LOSARTAN POTASSICO/IDROCLOROTIAZIDE	IDROCLOROTIAZIDE|LOSARTAN POTASSICO	|	|	Compressa rivestita con film	C09DA01	TEVA ITALIA S.R.L.	Autorizzata	Procedura Mutuo riconoscimento o Decentrata	Medicinali soggetti a prescrizione medica
038028787	038028	LOSARTAN/IDROCLOROTIAZIDE TEVA	50 MG/12.5 MG COMPRESSE RIVESTITE CON FILM- 90 COMPRESSE IN BLISTER PVC/PVDC/AL	LOSARTAN POTASSICO/IDROCLOROTIAZIDE	IDROCLOROTIAZIDE|LOSARTAN POTASSICO	|	|	Compressa rivestita con film	C09DA01	TEVA ITALIA S.R.L.	Autorizzata	Procedura Mutuo riconoscimento o Decentrata	Medicinali soggetti a prescrizione medica
038028799	038028	LOSARTAN/IDROCLOROTIAZIDE TEVA	50 MG/12.5 MG COMPRESSE RIVESTITE CON FILM- 98 COMPRESSE IN BLISTER PVC/PVDC/AL	LOSARTAN POTASSICO/IDROCLOROTIAZIDE	IDROCLOROTIAZIDE|LOSARTAN POTASSICO	|	|	Compressa rivestita con film	C09DA01	TEVA ITALIA S.R.L.	Autorizzata	Procedura Mutuo riconoscimento o Decentrata	Medicinali soggetti a prescrizione medica
038028801	038028	LOSARTAN/IDROCLOROTIAZIDE TEVA	50 MG/12.5 MG COMPRESSE RIVESTITE CON FILM- 100 COMPRESSE IN BLISTER PVC/PVDC/AL	LOSARTAN POTASSICO/IDROCLOROTIAZIDE	IDROCLOROTIAZIDE|LOSARTAN POTASSICO	|	|	Compressa rivestita con film	C09DA01	TEVA ITALIA S.R.L.	Autorizzata	Procedura Mutuo riconoscimento o Decentrata	Medicinali soggetti a prescrizione medica
038028813	038028	LOSARTAN/IDROCLOROTIAZIDE TEVA	50 MG/12.5 MG COMPRESSE RIVESTITE CON FILM- 28 COMPRESSE IN BLISTER PVC/PVDC/AL CONFEZIONE CALENDARIO	LOSARTAN POTASSICO/IDROCLOROTIAZIDE	IDROCLOROTIAZIDE|LOSARTAN POTASSICO	|	|	Compressa rivestita con film	C09DA01	TEVA ITALIA S.R.L.	Autorizzata	Procedura Mutuo riconoscimento o Decentrata	Medicinali soggetti a prescrizione medica
038028825	038028	LOSARTAN/IDROCLOROTIAZIDE TEVA	50 MG/12.5 MG COMPRESSE RIVESTITE CON FILM- 50 X 1 COMPRESSE IN BLISTER PVC/PVDC/AL CONFEZIONE OSPEDALIERA	LOSARTAN POTASSICO/IDROCLOROTIAZIDE	IDROCLOROTIAZIDE|LOSARTAN POTASSICO	|	|	Compressa rivestita con film	C09DA01	TEVA ITALIA S.R.L.	Autorizzata	Procedura Mutuo riconoscimento o Decentrata	Medicinali soggetti a prescrizione medica
038028837	038028	LOSARTAN/IDROCLOROTIAZIDE TEVA	50 MG/12.5 MG COMPRESSE RIVESTITE CON FILM- 280 (10 X 28) COMPRESSE IN BLISTER PVC/PVDC/AL CONFEZIONE OSPEDALIERA	LOSARTAN POTASSICO/IDROCLOROTIAZIDE	IDROCLOROTIAZIDE|LOSARTAN POTASSICO	|	|	Compressa rivestita con film	C09DA01	TEVA ITALIA S.R.L.	Autorizzata	Procedura Mutuo riconoscimento o Decentrata	Medicinali soggetti a prescrizione medica
038028849	038028	LOSARTAN/IDROCLOROTIAZIDE TEVA	100 MG/25 MG COMPRESSE RIVESTITE CON FILM- 1 COMPRESSA IN BLISTER PVC/PVDC/AL	LOSARTAN POTASSICO/IDROCLOROTIAZIDE	IDROCLOROTIAZIDE|LOSARTAN POTASSICO	|	|	Compressa rivestita con film	C09DA01	TEVA ITALIA S.R.L.	Autorizzata	Procedura Mutuo riconoscimento o Decentrata	Medicinali soggetti a prescrizione medica
038028852	038028	LOSARTAN/IDROCLOROTIAZIDE TEVA	100 MG/25 MG COMPRESSE RIVESTITE CON FILM- 7 COMPRESSE IN BLISTER PVC/PVDC/AL	LOSARTAN POTASSICO/IDROCLOROTIAZIDE	IDROCLOROTIAZIDE|LOSARTAN POTASSICO	|	|	Compressa rivestita con film	C09DA01	TEVA ITALIA S.R.L.	Autorizzata	Procedura Mutuo riconoscimento o Decentrata	Medicinali soggetti a prescrizione medica
038028864	038028	LOSARTAN/IDROCLOROTIAZIDE TEVA	100 MG/25 MG COMPRESSE RIVESTITE CON FILM- 14 COMPRESSE IN BLISTER PVC/PVDC/AL	LOSARTAN POTASSICO/IDROCLOROTIAZIDE	IDROCLOROTIAZIDE|LOSARTAN POTASSICO	|	|	Compressa rivestita con film	C09DA01	TEVA ITALIA S.R.L.	Autorizzata	Procedura Mutuo riconoscimento o Decentrata	Medicinali soggetti a prescrizione medica
038028876	038028	LOSARTAN/IDROCLOROTIAZIDE TEVA	100 MG/25 MG COMPRESSE RIVESTITE CON FILM- 20 COMPRESSE IN BLISTER PVC/PVDC/AL	LOSARTAN POTASSICO/IDROCLOROTIAZIDE	IDROCLOROTIAZIDE|LOSARTAN POTASSICO	|	|	Compressa rivestita con film	C09DA01	TEVA ITALIA S.R.L.	Autorizzata	Procedura Mutuo riconoscimento o Decentrata	Medicinali soggetti a prescrizione medica
038028888	038028	LOSARTAN/IDROCLOROTIAZIDE TEVA	100 MG/25 MG COMPRESSE RIVESTITE CON FILM- 28 COMPRESSE IN BLISTER PVC/PVDC/AL	LOSARTAN POTASSICO/IDROCLOROTIAZIDE	IDROCLOROTIAZIDE|LOSARTAN POTASSICO	|	|	Compressa rivestita con film	C09DA01	TEVA ITALIA S.R.L.	Autorizzata	Procedura Mutuo riconoscimento o Decentrata	Medicinali soggetti a prescrizione medica
038028890	038028	LOSARTAN/IDROCLOROTIAZIDE TEVA	100 MG/25 MG COMPRESSE RIVESTITE CON FILM- 30 COMPRESSE IN BLISTER PVC/PVDC/AL	LOSARTAN POTASSICO/IDROCLOROTIAZIDE	IDROCLOROTIAZIDE|LOSARTAN POTASSICO	|	|	Compressa rivestita con film	C09DA01	TEVA ITALIA S.R.L.	Autorizzata	Procedura Mutuo riconoscimento o Decentrata	Medicinali soggetti a prescrizione medica
038028902	038028	LOSARTAN/IDROCLOROTIAZIDE TEVA	100 MG/25 MG COMPRESSE RIVESTITE CON FILM- 56 COMPRESSE IN BLISTER PVC/PVDC/AL	LOSARTAN POTASSICO/IDROCLOROTIAZIDE	IDROCLOROTIAZIDE|LOSARTAN POTASSICO	|	|	Compressa rivestita con film	C09DA01	TEVA ITALIA S.R.L.	Autorizzata	Procedura Mutuo riconoscimento o Decentrata	Medicinali soggetti a prescrizione medica
038028914	038028	LOSARTAN/IDROCLOROTIAZIDE TEVA	100 MG/25 MG COMPRESSE RIVESTITE CON FILM- 60 COMPRESSE IN BLISTER PVC/PVDC/AL	LOSARTAN POTASSICO/IDROCLOROTIAZIDE	IDROCLOROTIAZIDE|LOSARTAN POTASSICO	|	|	Compressa rivestita con film	C09DA01	TEVA ITALIA S.R.L.	Autorizzata	Procedura Mutuo riconoscimento o Decentrata	Medicinali soggetti a prescrizione medica
038028926	038028	LOSARTAN/IDROCLOROTIAZIDE TEVA	100 MG/25 MG COMPRESSE RIVESTITE CON FILM- 84 COMPRESSE IN BLISTER PVC/PVDC/AL	LOSARTAN POTASSICO/IDROCLOROTIAZIDE	IDROCLOROTIAZIDE|LOSARTAN POTASSICO	|	|	Compressa rivestita con film	C09DA01	TEVA ITALIA S.R.L.	Autorizzata	Procedura Mutuo riconoscimento o Decentrata	Medicinali soggetti a prescrizione medica
038028938	038028	LOSARTAN/IDROCLOROTIAZIDE TEVA	100 MG/25 MG COMPRESSE RIVESTITE CON FILM- 90 COMPRESSE IN BLISTER PVC/PVDC/AL	LOSARTAN POTASSICO/IDROCLOROTIAZIDE	IDROCLOROTIAZIDE|LOSARTAN POTASSICO	|	|	Compressa rivestita con film	C09DA01	TEVA ITALIA S.R.L.	Autorizzata	Procedura Mutuo riconoscimento o Decentrata	Medicinali soggetti a prescrizione medica
038028940	038028	LOSARTAN/IDROCLOROTIAZIDE TEVA	100 MG/25 MG COMPRESSE RIVESTITE CON FILM- 98 COMPRESSE IN BLISTER PVC/PVDC/AL	LOSARTAN POTASSICO/IDROCLOROTIAZIDE	IDROCLOROTIAZIDE|LOSARTAN POTASSICO	|	|	Compressa rivestita con film	C09DA01	TEVA ITALIA S.R.L.	Autorizzata	Procedura Mutuo riconoscimento o Decentrata	Medicinali soggetti a prescrizione medica
038028953	038028	LOSARTAN/IDROCLOROTIAZIDE TEVA	100 MG/25 MG COMPRESSE RIVESTITE CON FILM- 100 COMPRESSE IN BLISTER PVC/PVDC/AL	LOSARTAN POTASSICO/IDROCLOROTIAZIDE	IDROCLOROTIAZIDE|LOSARTAN POTASSICO	|	|	Compressa rivestita con film	C09DA01	TEVA ITALIA S.R.L.	Autorizzata	Procedura Mutuo riconoscimento o Decentrata	Medicinali soggetti a prescrizione medica
038028965	038028	LOSARTAN/IDROCLOROTIAZIDE TEVA	100 MG/25 MG COMPRESSE RIVESTITE CON FILM- 7 COMPRESSE IN BLISTER PVC/PVDC/AL CONFEZIONE CALENDARIO	LOSARTAN POTASSICO/IDROCLOROTIAZIDE	IDROCLOROTIAZIDE|LOSARTAN POTASSICO	|	|	Compressa rivestita con film	C09DA01	TEVA ITALIA S.R.L.	Autorizzata	Procedura Mutuo riconoscimento o Decentrata	Medicinali soggetti a prescrizione medica
038028977	038028	LOSARTAN/IDROCLOROTIAZIDE TEVA	100 MG/25 MG COMPRESSE RIVESTITE CON FILM- 28 COMPRESSE IN BLISTER PVC/PVDC/AL CONFEZIONE CALENDARIO	LOSARTAN POTASSICO/IDROCLOROTIAZIDE	IDROCLOROTIAZIDE|LOSARTAN POTASSICO	|	|	Compressa rivestita con film	C09DA01	TEVA ITALIA S.R.L.	Autorizzata	Procedura Mutuo riconoscimento o Decentrata	Medicinali soggetti a prescrizione medica
038028989	038028	LOSARTAN/IDROCLOROTIAZIDE TEVA	100 MG/25 MG COMPRESSE RIVESTITE CON FILM- 50 X 1 COMPRESSE IN BLISTER PVC/PVDC/AL CONFEZIONE OSPEDALIERA	LOSARTAN POTASSICO/IDROCLOROTIAZIDE	IDROCLOROTIAZIDE|LOSARTAN POTASSICO	|	|	Compressa rivestita con film	C09DA01	TEVA ITALIA S.R.L.	Autorizzata	Procedura Mutuo riconoscimento o Decentrata	Medicinali soggetti a prescrizione medica
038028991	038028	LOSARTAN/IDROCLOROTIAZIDE TEVA	100 MG/25 MG COMPRESSE RIVESTITE CON FILM- 280 (10 X 28) COMPRESSE IN BLISTER PVC/PVDC/AL CONFEZIONE OSPEDALIERA	LOSARTAN POTASSICO/IDROCLOROTIAZIDE	IDROCLOROTIAZIDE|LOSARTAN POTASSICO	|	|	Compressa rivestita con film	C09DA01	TEVA ITALIA S.R.L.	Autorizzata	Procedura Mutuo riconoscimento o Decentrata	Medicinali soggetti a prescrizione medica
038601011	038601	LOSARTAN E IDROCLOROTIAZIDE EG	50 MG/12.5 MG COMPRESSE RIVESTITE CON FILM- 7 COMPRESSE IN BLISTER PVC/PVDC/AL	LOSARTAN POTASSICO/IDROCLOROTIAZIDE	IDROCLOROTIAZIDE|LOSARTAN POTASSICO	|	|	Compressa rivestita con film	C09DA01	EG S.P.A.	Autorizzata	Procedura Mutuo riconoscimento o Decentrata	Medicinali soggetti a prescrizione medica
038601023	038601	LOSARTAN E IDROCLOROTIAZIDE EG	50 MG/12.5 MG COMPRESSE RIVESTITE CON FILM- 14 COMPRESSE IN BLISTER PVC/PVDC/AL	LOSARTAN POTASSICO/IDROCLOROTIAZIDE	IDROCLOROTIAZIDE|LOSARTAN POTASSICO	|	|	Compressa rivestita con film	C09DA01	EG S.P.A.	Autorizzata	Procedura Mutuo riconoscimento o Decentrata	Medicinali soggetti a prescrizione medica
038601035	038601	LOSARTAN E IDROCLOROTIAZIDE EG	50 MG/12.5 MG COMPRESSE RIVESTITE CON FILM- 28 COMPRESSE IN BLISTER PVC/PVDC/AL	LOSARTAN POTASSICO/IDROCLOROTIAZIDE	IDROCLOROTIAZIDE|LOSARTAN POTASSICO	|	|	Compressa rivestita con film	C09DA01	EG S.P.A.	Autorizzata	Procedura Mutuo riconoscimento o Decentrata	Medicinali soggetti a prescrizione medica
038601047	038601	LOSARTAN E IDROCLOROTIAZIDE EG	50 MG/12.5 MG COMPRESSE RIVESTITE CON FILM- 30 COMPRESSE IN BLISTER PVC/PVDC/AL	LOSARTAN POTASSICO/IDROCLOROTIAZIDE	IDROCLOROTIAZIDE|LOSARTAN POTASSICO	|	|	Compressa rivestita con film	C09DA01	EG S.P.A.	Autorizzata	Procedura Mutuo riconoscimento o Decentrata	Medicinali soggetti a prescrizione medica
038601050	038601	LOSARTAN E IDROCLOROTIAZIDE EG	50 MG/12.5 MG COMPRESSE RIVESTITE CON FILM- 56 COMPRESSE IN BLISTER PVC/PVDC/AL	LOSARTAN POTASSICO/IDROCLOROTIAZIDE	IDROCLOROTIAZIDE|LOSARTAN POTASSICO	|	|	Compressa rivestita con film	C09DA01	EG S.P.A.	Autorizzata	Procedura Mutuo riconoscimento o Decentrata	Medicinali soggetti a prescrizione medica
038601062	038601	LOSARTAN E IDROCLOROTIAZIDE EG	50 MG/12.5 MG COMPRESSE RIVESTITE CON FILM- 60 COMPRESSE IN BLISTER PVC/PVDC/AL	LOSARTAN POTASSICO/IDROCLOROTIAZIDE	IDROCLOROTIAZIDE|LOSARTAN POTASSICO	|	|	Compressa rivestita con film	C09DA01	EG S.P.A.	Autorizzata	Procedura Mutuo riconoscimento o Decentrata	Medicinali soggetti a prescrizione medica
038601074	038601	LOSARTAN E IDROCLOROTIAZIDE EG	50 MG/12.5 MG COMPRESSE RIVESTITE CON FILM- 90 COMPRESSE IN BLISTER PVC/PVDC/AL	LOSARTAN POTASSICO/IDROCLOROTIAZIDE	IDROCLOROTIAZIDE|LOSARTAN POTASSICO	|	|	Compressa rivestita con film	C09DA01	EG S.P.A.	Autorizzata	Procedura Mutuo riconoscimento o Decentrata	Medicinali soggetti a prescrizione medica
038601086	038601	LOSARTAN E IDROCLOROTIAZIDE EG	50 MG/12.5 MG COMPRESSE RIVESTITE CON FILM- 98 COMPRESSE IN BLISTER PVC/PVDC/AL	LOSARTAN POTASSICO/IDROCLOROTIAZIDE	IDROCLOROTIAZIDE|LOSARTAN POTASSICO	|	|	Compressa rivestita con film	C09DA01	EG S.P.A.	Autorizzata	Procedura Mutuo riconoscimento o Decentrata	Medicinali soggetti a prescrizione medica
038601098	038601	LOSARTAN E IDROCLOROTIAZIDE EG	100 MG/25 MG COMPRESSE RIVESTITE CON FILM- 10 COMPRESSE IN BLISTER PVC/PVDC/AL	LOSARTAN POTASSICO/IDROCLOROTIAZIDE	IDROCLOROTIAZIDE|LOSARTAN POTASSICO	|	|	Compressa rivestita con film	C09DA01	EG S.P.A.	Autorizzata	Procedura Mutuo riconoscimento o Decentrata	Medicinali soggetti a prescrizione medica
038601100	038601	LOSARTAN E IDROCLOROTIAZIDE EG	100 MG/25 MG COMPRESSE RIVESTITE CON FILM- 28 COMPRESSE IN BLISTER PVC/PVDC/AL	LOSARTAN POTASSICO/IDROCLOROTIAZIDE	IDROCLOROTIAZIDE|LOSARTAN POTASSICO	|	|	Compressa rivestita con film	C09DA01	EG S.P.A.	Autorizzata	Procedura Mutuo riconoscimento o Decentrata	Medicinali soggetti a prescrizione medica
038601112	038601	LOSARTAN E IDROCLOROTIAZIDE EG	100 MG/25 MG COMPRESSE RIVESTITE CON FILM- 30 COMPRESSE IN BLISTER PVC/PVDC/AL	LOSARTAN POTASSICO/IDROCLOROTIAZIDE	IDROCLOROTIAZIDE|LOSARTAN POTASSICO	|	|	Compressa rivestita con film	C09DA01	EG S.P.A.	Autorizzata	Procedura Mutuo riconoscimento o Decentrata	Medicinali soggetti a prescrizione medica
038601124	038601	LOSARTAN E IDROCLOROTIAZIDE EG	100 MG/25 MG COMPRESSE RIVESTITE CON FILM- 56 COMPRESSE IN BLISTER PVC/PVDC/AL	LOSARTAN POTASSICO/IDROCLOROTIAZIDE	IDROCLOROTIAZIDE|LOSARTAN POTASSICO	|	|	Compressa rivestita con film	C09DA01	EG S.P.A.	Autorizzata	Procedura Mutuo riconoscimento o Decentrata	Medicinali soggetti a prescrizione medica
038601148	038601	LOSARTAN E IDROCLOROTIAZIDE EG	100 MG/25 MG COMPRESSE RIVESTITE CON FILM- 98 COMPRESSE IN BLISTER PVC/PVDC/AL	LOSARTAN POTASSICO/IDROCLOROTIAZIDE	IDROCLOROTIAZIDE|LOSARTAN POTASSICO	|	|	Compressa rivestita con film	C09DA01	EG S.P.A.	Autorizzata	Procedura Mutuo riconoscimento o Decentrata	Medicinali soggetti a prescrizione medica
038601151	038601	LOSARTAN E IDROCLOROTIAZIDE EG	50 MG/12.5 MG COMPRESSE RIVESTITE CON FILM- 112 COMPRESSE IN BLISTER PVC/PVDC/AL	LOSARTAN POTASSICO/IDROCLOROTIAZIDE	IDROCLOROTIAZIDE|LOSARTAN POTASSICO	|	|	Compressa rivestita con film	C09DA01	EG S.P.A.	Autorizzata	Procedura Mutuo riconoscimento o Decentrata	Medicinali soggetti a prescrizione medica
038601163	038601	LOSARTAN E IDROCLOROTIAZIDE EG	50 MG/12.5 MG COMPRESSE RIVESTITE CON FILM- 126 COMPRESSE IN BLISTER PVC/PVDC/AL	LOSARTAN POTASSICO/IDROCLOROTIAZIDE	IDROCLOROTIAZIDE|LOSARTAN POTASSICO	|	|	Compressa rivestita con film	C09DA01	EG S.P.A.	Autorizzata	Procedura Mutuo riconoscimento o Decentrata	Medicinali soggetti a prescrizione medica
038601175	038601	LOSARTAN E IDROCLOROTIAZIDE EG	50 MG/12.5 MG COMPRESSE RIVESTITE CON FILM- 154 COMPRESSE IN BLISTER PVC/PVDC/AL	LOSARTAN POTASSICO/IDROCLOROTIAZIDE	IDROCLOROTIAZIDE|LOSARTAN POTASSICO	|	|	Compressa rivestita con film	C09DA01	EG S.P.A.	Autorizzata	Procedura Mutuo riconoscimento o Decentrata	Medicinali soggetti a prescrizione medica
038601187	038601	LOSARTAN E IDROCLOROTIAZIDE EG	50 MG/12.5 MG COMPRESSE RIVESTITE CON FILM- 196 COMPRESSE IN BLISTER PVC/PVDC/AL	LOSARTAN POTASSICO/IDROCLOROTIAZIDE	IDROCLOROTIAZIDE|LOSARTAN POTASSICO	|	|	Compressa rivestita con film	C09DA01	EG S.P.A.	Autorizzata	Procedura Mutuo riconoscimento o Decentrata	Medicinali soggetti a prescrizione medica
038601199	038601	LOSARTAN E IDROCLOROTIAZIDE EG	100 MG/25 MG COMPRESSE RIVESTITE CON FILM- 112 COMPRESSE IN BLISTER PVC/PVDC/AL	LOSARTAN POTASSICO/IDROCLOROTIAZIDE	IDROCLOROTIAZIDE|LOSARTAN POTASSICO	|	|	Compressa rivestita con film	C09DA01	EG S.P.A.	Autorizzata	Procedura Mutuo riconoscimento o Decentrata	Medicinali soggetti a prescrizione medica
038601237	038601	LOSARTAN E IDROCLOROTIAZIDE EG	50 MG/12.5 MG COMPRESSE RIVESTITE CON FILM- 120 COMPRESSE IN BLISTER PVC/PVDC/AL	LOSARTAN POTASSICO/IDROCLOROTIAZIDE	IDROCLOROTIAZIDE|LOSARTAN POTASSICO	|	|	Compressa rivestita con film	C09DA01	EG S.P.A.	Autorizzata	Procedura Mutuo riconoscimento o Decentrata	Medicinali soggetti a prescrizione medica
038601249	038601	LOSARTAN E IDROCLOROTIAZIDE EG	100 MG/25 MG COMPRESSE RIVESTITE CON FILM- 120 COMPRESSE IN BLISTER PVC/PVDC/AL	LOSARTAN POTASSICO/IDROCLOROTIAZIDE	IDROCLOROTIAZIDE|LOSARTAN POTASSICO	|	|	Compressa rivestita con film	C09DA01	EG S.P.A.	Autorizzata	Procedura Mutuo riconoscimento o Decentrata	Medicinali soggetti a prescrizione medica
038601252	038601	LOSARTAN E IDROCLOROTIAZIDE EG	50 MG/12.5 MG COMPRESSE RIVESTITE CON FILM- 7X1 COMPRESSE IN BLISTER DIVISIBILE PER DOSE UNITARIA IN PVC/PVDC/AL	LOSARTAN POTASSICO/IDROCLOROTIAZIDE	IDROCLOROTIAZIDE|LOSARTAN POTASSICO	|	|	Compressa rivestita con film	C09DA01	EG S.P.A.	Autorizzata	Procedura Mutuo riconoscimento o Decentrata	Medicinali soggetti a prescrizione medica
038601264	038601	LOSARTAN E IDROCLOROTIAZIDE EG	50 MG/12.5 MG COMPRESSE RIVESTITE CON FILM- 14X1 COMPRESSE IN BLISTER DIVISIBILE PER DOSE UNITARIA IN PVC/PVDC/AL	LOSARTAN POTASSICO/IDROCLOROTIAZIDE	IDROCLOROTIAZIDE|LOSARTAN POTASSICO	|	|	Compressa rivestita con film	C09DA01	EG S.P.A.	Autorizzata	Procedura Mutuo riconoscimento o Decentrata	Medicinali soggetti a prescrizione medica
038601276	038601	LOSARTAN E IDROCLOROTIAZIDE EG	50 MG/12.5 MG COMPRESSE RIVESTITE CON FILM- 28X1 COMPRESSE IN BLISTER DIVISIBILE PER DOSE UNITARIA IN PVC/PVDC/AL	LOSARTAN POTASSICO/IDROCLOROTIAZIDE	IDROCLOROTIAZIDE|LOSARTAN POTASSICO	|	|	Compressa rivestita con film	C09DA01	EG S.P.A.	Autorizzata	Procedura Mutuo riconoscimento o Decentrata	Medicinali soggetti a prescrizione medica
038601302	038601	LOSARTAN E IDROCLOROTIAZIDE EG	50 MG/12.5 MG COMPRESSE RIVESTITE CON FILM- 60X1 COMPRESSE IN BLISTER DIVISIBILE PER DOSE UNITARIA IN PVC/PVDC/AL	LOSARTAN POTASSICO/IDROCLOROTIAZIDE	IDROCLOROTIAZIDE|LOSARTAN POTASSICO	|	|	Compressa rivestita con film	C09DA01	EG S.P.A.	Autorizzata	Procedura Mutuo riconoscimento o Decentrata	Medicinali soggetti a prescrizione medica
038601314	038601	LOSARTAN E IDROCLOROTIAZIDE EG	50 MG/12.5 MG COMPRESSE RIVESTITE CON FILM- 90X1 COMPRESSE IN BLISTER DIVISIBILE PER DOSE UNITARIA IN PVC/PVDC/AL	LOSARTAN POTASSICO/IDROCLOROTIAZIDE	IDROCLOROTIAZIDE|LOSARTAN POTASSICO	|	|	Compressa rivestita con film	C09DA01	EG S.P.A.	Autorizzata	Procedura Mutuo riconoscimento o Decentrata	Medicinali soggetti a prescrizione medica
038601326	038601	LOSARTAN E IDROCLOROTIAZIDE EG	50 MG/12.5 MG COMPRESSE RIVESTITE CON FILM- 98X1 COMPRESSE IN BLISTER DIVISIBILE PER DOSE UNITARIA IN PVC/PVDC/AL	LOSARTAN POTASSICO/IDROCLOROTIAZIDE	IDROCLOROTIAZIDE|LOSARTAN POTASSICO	|	|	Compressa rivestita con film	C09DA01	EG S.P.A.	Autorizzata	Procedura Mutuo riconoscimento o Decentrata	Medicinali soggetti a prescrizione medica
038601338	038601	LOSARTAN E IDROCLOROTIAZIDE EG	50 MG/12.5 MG COMPRESSE RIVESTITE CON FILM- 112X1 COMPRESSE IN BLISTER DIVISIBILE PER DOSE UNITARIA IN PVC/PVDC/AL	LOSARTAN POTASSICO/IDROCLOROTIAZIDE	IDROCLOROTIAZIDE|LOSARTAN POTASSICO	|	|	Compressa rivestita con film	C09DA01	EG S.P.A.	Autorizzata	Procedura Mutuo riconoscimento o Decentrata	Medicinali soggetti a prescrizione medica
038601340	038601	LOSARTAN E IDROCLOROTIAZIDE EG	50 MG/12.5 MG COMPRESSE RIVESTITE CON FILM- 120X1 COMPRESSE IN BLISTER DIVISIBILE PER DOSE UNITARIA IN PVC/PVDC/AL	LOSARTAN POTASSICO/IDROCLOROTIAZIDE	IDROCLOROTIAZIDE|LOSARTAN POTASSICO	|	|	Compressa rivestita con film	C09DA01	EG S.P.A.	Autorizzata	Procedura Mutuo riconoscimento o Decentrata	Medicinali soggetti a prescrizione medica
038601353	038601	LOSARTAN E IDROCLOROTIAZIDE EG	50 MG/12.5 MG COMPRESSE RIVESTITE CON FILM- 126X1 COMPRESSE IN BLISTER DIVISIBILE PER DOSE UNITARIA IN PVC/PVDC/AL	LOSARTAN POTASSICO/IDROCLOROTIAZIDE	IDROCLOROTIAZIDE|LOSARTAN POTASSICO	|	|	Compressa rivestita con film	C09DA01	EG S.P.A.	Autorizzata	Procedura Mutuo riconoscimento o Decentrata	Medicinali soggetti a prescrizione medica
038601365	038601	LOSARTAN E IDROCLOROTIAZIDE EG	50 MG/12.5 MG COMPRESSE RIVESTITE CON FILM- 154X1 COMPRESSE IN BLISTER DIVISIBILE PER DOSE UNITARIA IN PVC/PVDC/AL	LOSARTAN POTASSICO/IDROCLOROTIAZIDE	IDROCLOROTIAZIDE|LOSARTAN POTASSICO	|	|	Compressa rivestita con film	C09DA01	EG S.P.A.	Autorizzata	Procedura Mutuo riconoscimento o Decentrata	Medicinali soggetti a prescrizione medica
038601377	038601	LOSARTAN E IDROCLOROTIAZIDE EG	50 MG/12.5 MG COMPRESSE RIVESTITE CON FILM- 196X1 COMPRESSE IN BLISTER DIVISIBILE PER DOSE UNITARIA IN PVC/PVDC/AL	LOSARTAN POTASSICO/IDROCLOROTIAZIDE	IDROCLOROTIAZIDE|LOSARTAN POTASSICO	|	|	Compressa rivestita con film	C09DA01	EG S.P.A.	Autorizzata	Procedura Mutuo riconoscimento o Decentrata	Medicinali soggetti a prescrizione medica
038601389	038601	LOSARTAN E IDROCLOROTIAZIDE EG	100 MG/25 MG COMPRESSE RIVESTITE CON FILM- 10X1 COMPRESSE IN BLISTER DIVISIBILE PER DOSE UNITARIA IN PVC/PVDC/AL	LOSARTAN POTASSICO/IDROCLOROTIAZIDE	IDROCLOROTIAZIDE|LOSARTAN POTASSICO	|	|	Compressa rivestita con film	C09DA01	EG S.P.A.	Autorizzata	Procedura Mutuo riconoscimento o Decentrata	Medicinali soggetti a prescrizione medica
038601391	038601	LOSARTAN E IDROCLOROTIAZIDE EG	100 MG/25 MG COMPRESSE RIVESTITE CON FILM- 28X1 COMPRESSE IN BLISTER DIVISIBILE PER DOSE UNITARIA IN PVC/PVDC/AL	LOSARTAN POTASSICO/IDROCLOROTIAZIDE	IDROCLOROTIAZIDE|LOSARTAN POTASSICO	|	|	Compressa rivestita con film	C09DA01	EG S.P.A.	Autorizzata	Procedura Mutuo riconoscimento o Decentrata	Medicinali soggetti a prescrizione medica
038601403	038601	LOSARTAN E IDROCLOROTIAZIDE EG	100 MG/25 MG COMPRESSE RIVESTITE CON FILM- 30X1 COMPRESSE IN BLISTER DIVISIBILE PER DOSE UNITARIA IN PVC/PVDC/AL	LOSARTAN POTASSICO/IDROCLOROTIAZIDE	IDROCLOROTIAZIDE|LOSARTAN POTASSICO	|	|	Compressa rivestita con film	C09DA01	EG S.P.A.	Autorizzata	Procedura Mutuo riconoscimento o Decentrata	Medicinali soggetti a prescrizione medica
038601415	038601	LOSARTAN E IDROCLOROTIAZIDE EG	100 MG/25 MG COMPRESSE RIVESTITE CON FILM- 56X1 COMPRESSE IN BLISTER DIVISIBILE PER DOSE UNITARIA IN PVC/PVDC/AL	LOSARTAN POTASSICO/IDROCLOROTIAZIDE	IDROCLOROTIAZIDE|LOSARTAN POTASSICO	|	|	Compressa rivestita con film	C09DA01	EG S.P.A.	Autorizzata	Procedura Mutuo riconoscimento o Decentrata	Medicinali soggetti a prescrizione medica
038601427	038601	LOSARTAN E IDROCLOROTIAZIDE EG	100 MG/25 MG COMPRESSE RIVESTITE CON FILM- 60X1 COMPRESSE IN BLISTER DIVISIBILE PER DOSE UNITARIA IN PVC/PVDC/AL	LOSARTAN POTASSICO/IDROCLOROTIAZIDE	IDROCLOROTIAZIDE|LOSARTAN POTASSICO	|	|	Compressa rivestita con film	C09DA01	EG S.P.A.	Autorizzata	Procedura Mutuo riconoscimento o Decentrata	Medicinali soggetti a prescrizione medica
038601439	038601	LOSARTAN E IDROCLOROTIAZIDE EG	100 MG/25 MG COMPRESSE RIVESTITE CON FILM- 98X1 COMPRESSE IN BLISTER DIVISIBILE PER DOSE UNITARIA IN PVC/PVDC/AL	LOSARTAN POTASSICO/IDROCLOROTIAZIDE	IDROCLOROTIAZIDE|LOSARTAN POTASSICO	|	|	Compressa rivestita con film	C09DA01	EG S.P.A.	Autorizzata	Procedura Mutuo riconoscimento o Decentrata	Medicinali soggetti a prescrizione medica
038601441	038601	LOSARTAN E IDROCLOROTIAZIDE EG	100 MG/25 MG COMPRESSE RIVESTITE CON FILM- 112X1 COMPRESSE IN BLISTER DIVISIBILE PER DOSE UNITARIA IN PVC/PVDC/AL	LOSARTAN POTASSICO/IDROCLOROTIAZIDE	IDROCLOROTIAZIDE|LOSARTAN POTASSICO	|	|	Compressa rivestita con film	C09DA01	EG S.P.A.	Autorizzata	Procedura Mutuo riconoscimento o Decentrata	Medicinali soggetti a prescrizione medica
038601454	038601	LOSARTAN E IDROCLOROTIAZIDE EG	100 MG/25 MG COMPRESSE RIVESTITE CON FILM- 120X1 COMPRESSE IN BLISTER DIVISIBILE PER DOSE UNITARIA IN PVC/PVDC/AL	LOSARTAN POTASSICO/IDROCLOROTIAZIDE	IDROCLOROTIAZIDE|LOSARTAN POTASSICO	|	|	Compressa rivestita con film	C09DA01	EG S.P.A.	Autorizzata	Procedura Mutuo riconoscimento o Decentrata	Medicinali soggetti a prescrizione medica
039154024	039154	LOSARTAN IDROCLOROTIAZIDE SANDOZ	50 MG/12.5 MG COMPRESSE RIVESTITE CON FILM- 10 COMPRESSE IN BLISTER AL/AL	LOSARTAN POTASSICO/IDROCLOROTIAZIDE	IDROCLOROTIAZIDE|LOSARTAN POTASSICO	|	|	Compressa rivestita con film	C09DA01	SANDOZ S.P.A.	Autorizzata	Procedura Mutuo riconoscimento o Decentrata	Medicinali soggetti a prescrizione medica
039154036	039154	LOSARTAN IDROCLOROTIAZIDE SANDOZ	50 MG/12.5 MG COMPRESSE RIVESTITE CON FILM- 14 COMPRESSE IN BLISTER AL/AL	LOSARTAN POTASSICO/IDROCLOROTIAZIDE	IDROCLOROTIAZIDE|LOSARTAN POTASSICO	|	|	Compressa rivestita con film	C09DA01	SANDOZ S.P.A.	Autorizzata	Procedura Mutuo riconoscimento o Decentrata	Medicinali soggetti a prescrizione medica
039154048	039154	LOSARTAN IDROCLOROTIAZIDE SANDOZ	50 MG/12.5 MG COMPRESSE RIVESTITE CON FILM- 28 COMPRESSE IN BLISTER AL/AL	LOSARTAN POTASSICO/IDROCLOROTIAZIDE	IDROCLOROTIAZIDE|LOSARTAN POTASSICO	|	|	Compressa rivestita con film	C09DA01	SANDOZ S.P.A.	Autorizzata	Procedura Mutuo riconoscimento o Decentrata	Medicinali soggetti a prescrizione medica
039154051	039154	LOSARTAN IDROCLOROTIAZIDE SANDOZ	50 MG/12.5 MG COMPRESSE RIVESTITE CON FILM- 30 COMPRESSE IN BLISTER AL/AL	LOSARTAN POTASSICO/IDROCLOROTIAZIDE	IDROCLOROTIAZIDE|LOSARTAN POTASSICO	|	|	Compressa rivestita con film	C09DA01	SANDOZ S.P.A.	Autorizzata	Procedura Mutuo riconoscimento o Decentrata	Medicinali soggetti a prescrizione medica
039154063	039154	LOSARTAN IDROCLOROTIAZIDE SANDOZ	50 MG/12.5 MG COMPRESSE RIVESTITE CON FILM- 50 COMPRESSE IN BLISTER AL/AL	LOSARTAN POTASSICO/IDROCLOROTIAZIDE	IDROCLOROTIAZIDE|LOSARTAN POTASSICO	|	|	Compressa rivestita con film	C09DA01	SANDOZ S.P.A.	Autorizzata	Procedura Mutuo riconoscimento o Decentrata	Medicinali soggetti a prescrizione medica
039154075	039154	LOSARTAN IDROCLOROTIAZIDE SANDOZ	50 MG/12.5 MG COMPRESSE RIVESTITE CON FILM- 56 COMPRESSE IN BLISTER AL/AL	LOSARTAN POTASSICO/IDROCLOROTIAZIDE	IDROCLOROTIAZIDE|LOSARTAN POTASSICO	|	|	Compressa rivestita con film	C09DA01	SANDOZ S.P.A.	Autorizzata	Procedura Mutuo riconoscimento o Decentrata	Medicinali soggetti a prescrizione medica
039154087	039154	LOSARTAN IDROCLOROTIAZIDE SANDOZ	50 MG/12.5 MG COMPRESSE RIVESTITE CON FILM- 60 COMPRESSE IN BLISTER AL/AL	LOSARTAN POTASSICO/IDROCLOROTIAZIDE	IDROCLOROTIAZIDE|LOSARTAN POTASSICO	|	|	Compressa rivestita con film	C09DA01	SANDOZ S.P.A.	Autorizzata	Procedura Mutuo riconoscimento o Decentrata	Medicinali soggetti a prescrizione medica
039154099	039154	LOSARTAN IDROCLOROTIAZIDE SANDOZ	50 MG/12.5 MG COMPRESSE RIVESTITE CON FILM- 84 COMPRESSE IN BLISTER AL/AL	LOSARTAN POTASSICO/IDROCLOROTIAZIDE	IDROCLOROTIAZIDE|LOSARTAN POTASSICO	|	|	Compressa rivestita con film	C09DA01	SANDOZ S.P.A.	Autorizzata	Procedura Mutuo riconoscimento o Decentrata	Medicinali soggetti a prescrizione medica
039154101	039154	LOSARTAN IDROCLOROTIAZIDE SANDOZ	50 MG/12.5 MG COMPRESSE RIVESTITE CON FILM- 90 COMPRESSE IN BLISTER AL/AL	LOSARTAN POTASSICO/IDROCLOROTIAZIDE	IDROCLOROTIAZIDE|LOSARTAN POTASSICO	|	|	Compressa rivestita con film	C09DA01	SANDOZ S.P.A.	Autorizzata	Procedura Mutuo riconoscimento o Decentrata	Medicinali soggetti a prescrizione medica
039154113	039154	LOSARTAN IDROCLOROTIAZIDE SANDOZ	50 MG/12.5 MG COMPRESSE RIVESTITE CON FILM- 98 COMPRESSE IN BLISTER AL/AL	LOSARTAN POTASSICO/IDROCLOROTIAZIDE	IDROCLOROTIAZIDE|LOSARTAN POTASSICO	|	|	Compressa rivestita con film	C09DA01	SANDOZ S.P.A.	Autorizzata	Procedura Mutuo riconoscimento o Decentrata	Medicinali soggetti a prescrizione medica
039154125	039154	LOSARTAN IDROCLOROTIAZIDE SANDOZ	50 MG/12.5 MG COMPRESSE RIVESTITE CON FILM- 100 COMPRESSE IN BLISTER AL/AL	LOSARTAN POTASSICO/IDROCLOROTIAZIDE	IDROCLOROTIAZIDE|LOSARTAN POTASSICO	|	|	Compressa rivestita con film	C09DA01	SANDOZ S.P.A.	Autorizzata	Procedura Mutuo riconoscimento o Decentrata	Medicinali soggetti a prescrizione medica
039154137	039154	LOSARTAN IDROCLOROTIAZIDE SANDOZ	50 MG/12.5 MG COMPRESSE RIVESTITE CON FILM- 50X1 COMPRESSE IN BLISTER AL/AL	LOSARTAN POTASSICO/IDROCLOROTIAZIDE	IDROCLOROTIAZIDE|LOSARTAN POTASSICO	|	|	Compressa rivestita con film	C09DA01	SANDOZ S.P.A.	Autorizzata	Procedura Mutuo riconoscimento o Decentrata	Medicinali soggetti a prescrizione medica
039154149	039154	LOSARTAN IDROCLOROTIAZIDE SANDOZ	50 MG/12.5 MG COMPRESSE RIVESTITE CON FILM- 7 COMPRESSE IN BLISTER ACLAR/AL	LOSARTAN POTASSICO/IDROCLOROTIAZIDE	IDROCLOROTIAZIDE|LOSARTAN POTASSICO	|	|	Compressa rivestita con film	C09DA01	SANDOZ S.P.A.	Autorizzata	Procedura Mutuo riconoscimento o Decentrata	Medicinali soggetti a prescrizione medica
039154152	039154	LOSARTAN IDROCLOROTIAZIDE SANDOZ	50 MG/12.5 MG COMPRESSE RIVESTITE CON FILM- 10 COMPRESSE IN BLISTER ACLAR/AL	LOSARTAN POTASSICO/IDROCLOROTIAZIDE	IDROCLOROTIAZIDE|LOSARTAN POTASSICO	|	|	Compressa rivestita con film	C09DA01	SANDOZ S.P.A.	Autorizzata	Procedura Mutuo riconoscimento o Decentrata	Medicinali soggetti a prescrizione medica
039154164	039154	LOSARTAN IDROCLOROTIAZIDE SANDOZ	50 MG/12.5 MG COMPRESSE RIVESTITE CON FILM- 14 COMPRESSE IN BLISTER ACLAR/AL	LOSARTAN POTASSICO/IDROCLOROTIAZIDE	IDROCLOROTIAZIDE|LOSARTAN POTASSICO	|	|	Compressa rivestita con film	C09DA01	SANDOZ S.P.A.	Autorizzata	Procedura Mutuo riconoscimento o Decentrata	Medicinali soggetti a prescrizione medica
039154176	039154	LOSARTAN IDROCLOROTIAZIDE SANDOZ	50 MG/12.5 MG COMPRESSE RIVESTITE CON FILM- 28 COMPRESSE IN BLISTER ACLAR/AL	LOSARTAN POTASSICO/IDROCLOROTIAZIDE	IDROCLOROTIAZIDE|LOSARTAN POTASSICO	|	|	Compressa rivestita con film	C09DA01	SANDOZ S.P.A.	Autorizzata	Procedura Mutuo riconoscimento o Decentrata	Medicinali soggetti a prescrizione medica
039154188	039154	LOSARTAN IDROCLOROTIAZIDE SANDOZ	50 MG/12.5 MG COMPRESSE RIVESTITE CON FILM- 30 COMPRESSE IN BLISTER ACLAR/AL	LOSARTAN POTASSICO/IDROCLOROTIAZIDE	IDROCLOROTIAZIDE|LOSARTAN POTASSICO	|	|	Compressa rivestita con film	C09DA01	SANDOZ S.P.A.	Autorizzata	Procedura Mutuo riconoscimento o Decentrata	Medicinali soggetti a prescrizione medica
039154190	039154	LOSARTAN IDROCLOROTIAZIDE SANDOZ	50 MG/12.5 MG COMPRESSE RIVESTITE CON FILM- 50 COMPRESSE IN BLISTER ACLAR/AL	LOSARTAN POTASSICO/IDROCLOROTIAZIDE	IDROCLOROTIAZIDE|LOSARTAN POTASSICO	|	|	Compressa rivestita con film	C09DA01	SANDOZ S.P.A.	Autorizzata	Procedura Mutuo riconoscimento o Decentrata	Medicinali soggetti a prescrizione medica
039154202	039154	LOSARTAN IDROCLOROTIAZIDE SANDOZ	50 MG/12.5 MG COMPRESSE RIVESTITE CON FILM- 56 COMPRESSE IN BLISTER ACLAR/AL	LOSARTAN POTASSICO/IDROCLOROTIAZIDE	IDROCLOROTIAZIDE|LOSARTAN POTASSICO	|	|	Compressa rivestita con film	C09DA01	SANDOZ S.P.A.	Autorizzata	Procedura Mutuo riconoscimento o Decentrata	Medicinali soggetti a prescrizione medica
039154214	039154	LOSARTAN IDROCLOROTIAZIDE SANDOZ	50 MG/12.5 MG COMPRESSE RIVESTITE CON FILM- 60 COMPRESSE IN BLISTER ACLAR/AL	LOSARTAN POTASSICO/IDROCLOROTIAZIDE	IDROCLOROTIAZIDE|LOSARTAN POTASSICO	|	|	Compressa rivestita con film	C09DA01	SANDOZ S.P.A.	Autorizzata	Procedura Mutuo riconoscimento o Decentrata	Medicinali soggetti a prescrizione medica
039154226	039154	LOSARTAN IDROCLOROTIAZIDE SANDOZ	50 MG/12.5 MG COMPRESSE RIVESTITE CON FILM- 84 COMPRESSE IN BLISTER ACLAR/AL	LOSARTAN POTASSICO/IDROCLOROTIAZIDE	IDROCLOROTIAZIDE|LOSARTAN POTASSICO	|	|	Compressa rivestita con film	C09DA01	SANDOZ S.P.A.	Autorizzata	Procedura Mutuo riconoscimento o Decentrata	Medicinali soggetti a prescrizione medica
039154238	039154	LOSARTAN IDROCLOROTIAZIDE SANDOZ	50 MG/12.5 MG COMPRESSE RIVESTITE CON FILM- 90 COMPRESSE IN BLISTER ACLAR/AL	LOSARTAN POTASSICO/IDROCLOROTIAZIDE	IDROCLOROTIAZIDE|LOSARTAN POTASSICO	|	|	Compressa rivestita con film	C09DA01	SANDOZ S.P.A.	Autorizzata	Procedura Mutuo riconoscimento o Decentrata	Medicinali soggetti a prescrizione medica
039154240	039154	LOSARTAN IDROCLOROTIAZIDE SANDOZ	50 MG/12.5 MG COMPRESSE RIVESTITE CON FILM- 98 COMPRESSE IN BLISTER ACLAR/AL	LOSARTAN POTASSICO/IDROCLOROTIAZIDE	IDROCLOROTIAZIDE|LOSARTAN POTASSICO	|	|	Compressa rivestita con film	C09DA01	SANDOZ S.P.A.	Autorizzata	Procedura Mutuo riconoscimento o Decentrata	Medicinali soggetti a prescrizione medica
039154253	039154	LOSARTAN IDROCLOROTIAZIDE SANDOZ	50 MG/12.5 MG COMPRESSE RIVESTITE CON FILM- 100 COMPRESSE IN BLISTER ACLAR/AL	LOSARTAN POTASSICO/IDROCLOROTIAZIDE	IDROCLOROTIAZIDE|LOSARTAN POTASSICO	|	|	Compressa rivestita con film	C09DA01	SANDOZ S.P.A.	Autorizzata	Procedura Mutuo riconoscimento o Decentrata	Medicinali soggetti a prescrizione medica
039154265	039154	LOSARTAN IDROCLOROTIAZIDE SANDOZ	50 MG/12.5 MG COMPRESSE RIVESTITE CON FILM- 50X1 COMPRESSE IN BLISTER ACLAR/AL	LOSARTAN POTASSICO/IDROCLOROTIAZIDE	IDROCLOROTIAZIDE|LOSARTAN POTASSICO	|	|	Compressa rivestita con film	C09DA01	SANDOZ S.P.A.	Autorizzata	Procedura Mutuo riconoscimento o Decentrata	Medicinali soggetti a prescrizione medica
039154277	039154	LOSARTAN IDROCLOROTIAZIDE SANDOZ	50 MG/12.5 MG COMPRESSE RIVESTITE CON FILM- 100 COMPRESSE IN FLACONE HDPE	LOSARTAN POTASSICO/IDROCLOROTIAZIDE	IDROCLOROTIAZIDE|LOSARTAN POTASSICO	|	|	Compressa rivestita con film	C09DA01	SANDOZ S.P.A.	Autorizzata	Procedura Mutuo riconoscimento o Decentrata	Medicinali soggetti a prescrizione medica
039154291	039154	LOSARTAN IDROCLOROTIAZIDE SANDOZ	100 MG/25 MG COMPRESSE RIVESTITE CON FILM- 7 COMPRESSE IN BLISTER ACLAR/AL	LOSARTAN POTASSICO/IDROCLOROTIAZIDE	IDROCLOROTIAZIDE|LOSARTAN POTASSICO	|	|	Compressa rivestita con film	C09DA01	SANDOZ S.P.A.	Autorizzata	Procedura Mutuo riconoscimento o Decentrata	Medicinali soggetti a prescrizione medica
039154303	039154	LOSARTAN IDROCLOROTIAZIDE SANDOZ	100 MG/25 MG COMPRESSE RIVESTITE CON FILM- 10 COMPRESSE IN BLISTER ACLAR/AL	LOSARTAN POTASSICO/IDROCLOROTIAZIDE	IDROCLOROTIAZIDE|LOSARTAN POTASSICO	|	|	Compressa rivestita con film	C09DA01	SANDOZ S.P.A.	Autorizzata	Procedura Mutuo riconoscimento o Decentrata	Medicinali soggetti a prescrizione medica
039154315	039154	LOSARTAN IDROCLOROTIAZIDE SANDOZ	100 MG/25 MG COMPRESSE RIVESTITE CON FILM- 14 COMPRESSE IN BLISTER ACLAR/AL	LOSARTAN POTASSICO/IDROCLOROTIAZIDE	IDROCLOROTIAZIDE|LOSARTAN POTASSICO	|	|	Compressa rivestita con film	C09DA01	SANDOZ S.P.A.	Autorizzata	Procedura Mutuo riconoscimento o Decentrata	Medicinali soggetti a prescrizione medica
039154327	039154	LOSARTAN IDROCLOROTIAZIDE SANDOZ	100 MG/25 MG COMPRESSE RIVESTITE CON FILM- 28 COMPRESSE IN BLISTER ACLAR/AL	LOSARTAN POTASSICO/IDROCLOROTIAZIDE	IDROCLOROTIAZIDE|LOSARTAN POTASSICO	|	|	Compressa rivestita con film	C09DA01	SANDOZ S.P.A.	Autorizzata	Procedura Mutuo riconoscimento o Decentrata	Medicinali soggetti a prescrizione medica
039154339	039154	LOSARTAN IDROCLOROTIAZIDE SANDOZ	100 MG/25 MG COMPRESSE RIVESTITE CON FILM- 30 COMPRESSE IN BLISTER ACLAR/AL	LOSARTAN POTASSICO/IDROCLOROTIAZIDE	IDROCLOROTIAZIDE|LOSARTAN POTASSICO	|	|	Compressa rivestita con film	C09DA01	SANDOZ S.P.A.	Autorizzata	Procedura Mutuo riconoscimento o Decentrata	Medicinali soggetti a prescrizione medica
039154341	039154	LOSARTAN IDROCLOROTIAZIDE SANDOZ	100 MG/25 MG COMPRESSE RIVESTITE CON FILM- 50 COMPRESSE IN BLISTER ACLAR/AL	LOSARTAN POTASSICO/IDROCLOROTIAZIDE	IDROCLOROTIAZIDE|LOSARTAN POTASSICO	|	|	Compressa rivestita con film	C09DA01	SANDOZ S.P.A.	Autorizzata	Procedura Mutuo riconoscimento o Decentrata	Medicinali soggetti a prescrizione medica
039154354	039154	LOSARTAN IDROCLOROTIAZIDE SANDOZ	100 MG/25 MG COMPRESSE RIVESTITE CON FILM- 56 COMPRESSE IN BLISTER ACLAR/AL	LOSARTAN POTASSICO/IDROCLOROTIAZIDE	IDROCLOROTIAZIDE|LOSARTAN POTASSICO	|	|	Compressa rivestita con film	C09DA01	SANDOZ S.P.A.	Autorizzata	Procedura Mutuo riconoscimento o Decentrata	Medicinali soggetti a prescrizione medica
039154366	039154	LOSARTAN IDROCLOROTIAZIDE SANDOZ	100 MG/25 MG COMPRESSE RIVESTITE CON FILM- 60 COMPRESSE IN BLISTER ACLAR/AL	LOSARTAN POTASSICO/IDROCLOROTIAZIDE	IDROCLOROTIAZIDE|LOSARTAN POTASSICO	|	|	Compressa rivestita con film	C09DA01	SANDOZ S.P.A.	Autorizzata	Procedura Mutuo riconoscimento o Decentrata	Medicinali soggetti a prescrizione medica
039154378	039154	LOSARTAN IDROCLOROTIAZIDE SANDOZ	100 MG/25 MG COMPRESSE RIVESTITE CON FILM- 84 COMPRESSE IN BLISTER ACLAR/AL	LOSARTAN POTASSICO/IDROCLOROTIAZIDE	IDROCLOROTIAZIDE|LOSARTAN POTASSICO	|	|	Compressa rivestita con film	C09DA01	SANDOZ S.P.A.	Autorizzata	Procedura Mutuo riconoscimento o Decentrata	Medicinali soggetti a prescrizione medica
039154380	039154	LOSARTAN IDROCLOROTIAZIDE SANDOZ	100 MG/25 MG COMPRESSE RIVESTITE CON FILM- 90 COMPRESSE IN BLISTER ACLAR/AL	LOSARTAN POTASSICO/IDROCLOROTIAZIDE	IDROCLOROTIAZIDE|LOSARTAN POTASSICO	|	|	Compressa rivestita con film	C09DA01	SANDOZ S.P.A.	Autorizzata	Procedura Mutuo riconoscimento o Decentrata	Medicinali soggetti a prescrizione medica
039154392	039154	LOSARTAN IDROCLOROTIAZIDE SANDOZ	100 MG/25 MG COMPRESSE RIVESTITE CON FILM- 98 COMPRESSE IN BLISTER ACLAR/AL	LOSARTAN POTASSICO/IDROCLOROTIAZIDE	IDROCLOROTIAZIDE|LOSARTAN POTASSICO	|	|	Compressa rivestita con film	C09DA01	SANDOZ S.P.A.	Autorizzata	Procedura Mutuo riconoscimento o Decentrata	Medicinali soggetti a prescrizione medica
039154404	039154	LOSARTAN IDROCLOROTIAZIDE SANDOZ	100 MG/25 MG COMPRESSE RIVESTITE CON FILM- 100 COMPRESSE IN BLISTER ACLAR/AL	LOSARTAN POTASSICO/IDROCLOROTIAZIDE	IDROCLOROTIAZIDE|LOSARTAN POTASSICO	|	|	Compressa rivestita con film	C09DA01	SANDOZ S.P.A.	Autorizzata	Procedura Mutuo riconoscimento o Decentrata	Medicinali soggetti a prescrizione medica
039154416	039154	LOSARTAN IDROCLOROTIAZIDE SANDOZ	100 MG/25 MG COMPRESSE RIVESTITE CON FILM- 50X1 COMPRESSE IN BLISTER ACLAR/AL	LOSARTAN POTASSICO/IDROCLOROTIAZIDE	IDROCLOROTIAZIDE|LOSARTAN POTASSICO	|	|	Compressa rivestita con film	C09DA01	SANDOZ S.P.A.	Autorizzata	Procedura Mutuo riconoscimento o Decentrata	Medicinali soggetti a prescrizione medica
039154428	039154	LOSARTAN IDROCLOROTIAZIDE SANDOZ	100 MG/25 MG COMPRESSE RIVESTITE CON FILM- 100 COMPRESSE IN FLACONE HDPE	LOSARTAN POTASSICO/IDROCLOROTIAZIDE	IDROCLOROTIAZIDE|LOSARTAN POTASSICO	|	|	Compressa rivestita con film	C09DA01	SANDOZ S.P.A.	Autorizzata	Procedura Mutuo riconoscimento o Decentrata	Medicinali soggetti a prescrizione medica
039154430	039154	LOSARTAN IDROCLOROTIAZIDE SANDOZ	100 MG/25 MG COMPRESSE RIVESTITE CON FILM- 250 COMPRESSE IN FLACONE HDPE	LOSARTAN POTASSICO/IDROCLOROTIAZIDE	IDROCLOROTIAZIDE|LOSARTAN POTASSICO	|	|	Compressa rivestita con film	C09DA01	SANDOZ S.P.A.	Autorizzata	Procedura Mutuo riconoscimento o Decentrata	Medicinali soggetti a prescrizione medica
039154442	039154	LOSARTAN IDROCLOROTIAZIDE SANDOZ	100 MG/25 MG COMPRESSE RIVESTITE CON FILM- 7 COMPRESSE IN BLISTER AL/AL	LOSARTAN POTASSICO/IDROCLOROTIAZIDE	IDROCLOROTIAZIDE|LOSARTAN POTASSICO	|	|	Compressa rivestita con film	C09DA01	SANDOZ S.P.A.	Autorizzata	Procedura Mutuo riconoscimento o Decentrata	Medicinali soggetti a prescrizione medica
039154455	039154	LOSARTAN IDROCLOROTIAZIDE SANDOZ	100 MG/25 MG COMPRESSE RIVESTITE CON FILM- 10 COMPRESSE IN BLISTER AL/AL	LOSARTAN POTASSICO/IDROCLOROTIAZIDE	IDROCLOROTIAZIDE|LOSARTAN POTASSICO	|	|	Compressa rivestita con film	C09DA01	SANDOZ S.P.A.	Autorizzata	Procedura Mutuo riconoscimento o Decentrata	Medicinali soggetti a prescrizione medica
039154467	039154	LOSARTAN IDROCLOROTIAZIDE SANDOZ	100 MG/25 MG COMPRESSE RIVESTITE CON FILM- 14 COMPRESSE IN BLISTER AL/AL	LOSARTAN POTASSICO/IDROCLOROTIAZIDE	IDROCLOROTIAZIDE|LOSARTAN POTASSICO	|	|	Compressa rivestita con film	C09DA01	SANDOZ S.P.A.	Autorizzata	Procedura Mutuo riconoscimento o Decentrata	Medicinali soggetti a prescrizione medica
039154479	039154	LOSARTAN IDROCLOROTIAZIDE SANDOZ	100 MG/25 MG COMPRESSE RIVESTITE CON FILM- 28 COMPRESSE IN BLISTER AL/AL	LOSARTAN POTASSICO/IDROCLOROTIAZIDE	IDROCLOROTIAZIDE|LOSARTAN POTASSICO	|	|	Compressa rivestita con film	C09DA01	SANDOZ S.P.A.	Autorizzata	Procedura Mutuo riconoscimento o Decentrata	Medicinali soggetti a prescrizione medica
039154481	039154	LOSARTAN IDROCLOROTIAZIDE SANDOZ	100 MG/25 MG COMPRESSE RIVESTITE CON FILM- 30 COMPRESSE IN BLISTER AL/AL	LOSARTAN POTASSICO/IDROCLOROTIAZIDE	IDROCLOROTIAZIDE|LOSARTAN POTASSICO	|	|	Compressa rivestita con film	C09DA01	SANDOZ S.P.A.	Autorizzata	Procedura Mutuo riconoscimento o Decentrata	Medicinali soggetti a prescrizione medica
039154493	039154	LOSARTAN IDROCLOROTIAZIDE SANDOZ	100 MG/25 MG COMPRESSE RIVESTITE CON FILM- 50 COMPRESSE IN BLISTER AL/AL	LOSARTAN POTASSICO/IDROCLOROTIAZIDE	IDROCLOROTIAZIDE|LOSARTAN POTASSICO	|	|	Compressa rivestita con film	C09DA01	SANDOZ S.P.A.	Autorizzata	Procedura Mutuo riconoscimento o Decentrata	Medicinali soggetti a prescrizione medica
039154505	039154	LOSARTAN IDROCLOROTIAZIDE SANDOZ	100 MG/25 MG COMPRESSE RIVESTITE CON FILM- 56 COMPRESSE IN BLISTER AL/AL	LOSARTAN POTASSICO/IDROCLOROTIAZIDE	IDROCLOROTIAZIDE|LOSARTAN POTASSICO	|	|	Compressa rivestita con film	C09DA01	SANDOZ S.P.A.	Autorizzata	Procedura Mutuo riconoscimento o Decentrata	Medicinali soggetti a prescrizione medica
039154517	039154	LOSARTAN IDROCLOROTIAZIDE SANDOZ	100 MG/25 MG COMPRESSE RIVESTITE CON FILM- 60 COMPRESSE IN BLISTER AL/AL	LOSARTAN POTASSICO/IDROCLOROTIAZIDE	IDROCLOROTIAZIDE|LOSARTAN POTASSICO	|	|	Compressa rivestita con film	C09DA01	SANDOZ S.P.A.	Autorizzata	Procedura Mutuo riconoscimento o Decentrata	Medicinali soggetti a prescrizione medica
039154529	039154	LOSARTAN IDROCLOROTIAZIDE SANDOZ	100 MG/25 MG COMPRESSE RIVESTITE CON FILM- 84 COMPRESSE IN BLISTER AL/AL	LOSARTAN POTASSICO/IDROCLOROTIAZIDE	IDROCLOROTIAZIDE|LOSARTAN POTASSICO	|	|	Compressa rivestita con film	C09DA01	SANDOZ S.P.A.	Autorizzata	Procedura Mutuo riconoscimento o Decentrata	Medicinali soggetti a prescrizione medica
039154531	039154	LOSARTAN IDROCLOROTIAZIDE SANDOZ	100 MG/25 MG COMPRESSE RIVESTITE CON FILM- 90 COMPRESSE IN BLISTER AL/AL	LOSARTAN POTASSICO/IDROCLOROTIAZIDE	IDROCLOROTIAZIDE|LOSARTAN POTASSICO	|	|	Compressa rivestita con film	C09DA01	SANDOZ S.P.A.	Autorizzata	Procedura Mutuo riconoscimento o Decentrata	Medicinali soggetti a prescrizione medica
039154543	039154	LOSARTAN IDROCLOROTIAZIDE SANDOZ	100 MG/25 MG COMPRESSE RIVESTITE CON FILM- 98 COMPRESSE IN BLISTER AL/AL	LOSARTAN POTASSICO/IDROCLOROTIAZIDE	IDROCLOROTIAZIDE|LOSARTAN POTASSICO	|	|	Compressa rivestita con film	C09DA01	SANDOZ S.P.A.	Autorizzata	Procedura Mutuo riconoscimento o Decentrata	Medicinali soggetti a prescrizione medica
039154556	039154	LOSARTAN IDROCLOROTIAZIDE SANDOZ	100 MG/25 MG COMPRESSE RIVESTITE CON FILM- 100 COMPRESSE IN BLISTER AL/AL	LOSARTAN POTASSICO/IDROCLOROTIAZIDE	IDROCLOROTIAZIDE|LOSARTAN POTASSICO	|	|	Compressa rivestita con film	C09DA01	SANDOZ S.P.A.	Autorizzata	Procedura Mutuo riconoscimento o Decentrata	Medicinali soggetti a prescrizione medica
039445010	039445	LOSARTAN IDROCLOROTIAZIDE MYLAN GENERICS	50 MG/12.5 MG COMPRESSE RIVESTITE CON FILM- 10 COMPRESSE IN BLISTER AL/PVC/PE/PVDC	LOSARTAN POTASSICO/IDROCLOROTIAZIDE	IDROCLOROTIAZIDE|LOSARTAN POTASSICO	|	|	Compressa rivestita con film	C09DA01	MYLAN S.P.A.	Autorizzata	Procedura Mutuo riconoscimento o Decentrata	Medicinali soggetti a prescrizione medica
039445022	039445	LOSARTAN IDROCLOROTIAZIDE MYLAN GENERICS	50 MG/12.5 MG COMPRESSE RIVESTITE CON FILM- 14 COMPRESSE IN BLISTER AL/PVC/PE/PVDC	LOSARTAN POTASSICO/IDROCLOROTIAZIDE	IDROCLOROTIAZIDE|LOSARTAN POTASSICO	|	|	Compressa rivestita con film	C09DA01	MYLAN S.P.A.	Autorizzata	Procedura Mutuo riconoscimento o Decentrata	Medicinali soggetti a prescrizione medica
039445034	039445	LOSARTAN IDROCLOROTIAZIDE MYLAN GENERICS	50 MG/12.5 MG COMPRESSE RIVESTITE CON FILM- 20 COMPRESSE IN BLISTER AL/PVC/PE/PVDC	LOSARTAN POTASSICO/IDROCLOROTIAZIDE	IDROCLOROTIAZIDE|LOSARTAN POTASSICO	|	|	Compressa rivestita con film	C09DA01	MYLAN S.P.A.	Autorizzata	Procedura Mutuo riconoscimento o Decentrata	Medicinali soggetti a prescrizione medica
039445046	039445	LOSARTAN IDROCLOROTIAZIDE MYLAN GENERICS	50 MG/12.5 MG COMPRESSE RIVESTITE CON FILM- 28 COMPRESSE IN BLISTER AL/PVC/PE/PVDC	LOSARTAN POTASSICO/IDROCLOROTIAZIDE	IDROCLOROTIAZIDE|LOSARTAN POTASSICO	|	|	Compressa rivestita con film	C09DA01	MYLAN S.P.A.	Autorizzata	Procedura Mutuo riconoscimento o Decentrata	Medicinali soggetti a prescrizione medica
039445059	039445	LOSARTAN IDROCLOROTIAZIDE MYLAN GENERICS	50 MG/12.5 MG COMPRESSE RIVESTITE CON FILM- 30 COMPRESSE IN BLISTER AL/PVC/PE/PVDC	LOSARTAN POTASSICO/IDROCLOROTIAZIDE	IDROCLOROTIAZIDE|LOSARTAN POTASSICO	|	|	Compressa rivestita con film	C09DA01	MYLAN S.P.A.	Autorizzata	Procedura Mutuo riconoscimento o Decentrata	Medicinali soggetti a prescrizione medica
039445061	039445	LOSARTAN IDROCLOROTIAZIDE MYLAN GENERICS	50 MG/12.5 MG COMPRESSE RIVESTITE CON FILM- 50 COMPRESSE IN BLISTER AL/PVC/PE/PVDC	LOSARTAN POTASSICO/IDROCLOROTIAZIDE	IDROCLOROTIAZIDE|LOSARTAN POTASSICO	|	|	Compressa rivestita con film	C09DA01	MYLAN S.P.A.	Autorizzata	Procedura Mutuo riconoscimento o Decentrata	Medicinali soggetti a prescrizione medica
039445073	039445	LOSARTAN IDROCLOROTIAZIDE MYLAN GENERICS	50 MG/12.5 MG COMPRESSE RIVESTITE CON FILM- 56 COMPRESSE IN BLISTER AL/PVC/PE/PVDC	LOSARTAN POTASSICO/IDROCLOROTIAZIDE	IDROCLOROTIAZIDE|LOSARTAN POTASSICO	|	|	Compressa rivestita con film	C09DA01	MYLAN S.P.A.	Autorizzata	Procedura Mutuo riconoscimento o Decentrata	Medicinali soggetti a prescrizione medica
039445085	039445	LOSARTAN IDROCLOROTIAZIDE MYLAN GENERICS	50 MG/12.5 MG COMPRESSE RIVESTITE CON FILM- 60 COMPRESSE IN BLISTER AL/PVC/PE/PVDC	LOSARTAN POTASSICO/IDROCLOROTIAZIDE	IDROCLOROTIAZIDE|LOSARTAN POTASSICO	|	|	Compressa rivestita con film	C09DA01	MYLAN S.P.A.	Autorizzata	Procedura Mutuo riconoscimento o Decentrata	Medicinali soggetti a prescrizione medica
039445097	039445	LOSARTAN IDROCLOROTIAZIDE MYLAN GENERICS	50 MG/12.5 MG COMPRESSE RIVESTITE CON FILM- 98 COMPRESSE IN BLISTER AL/PVC/PE/PVDC	LOSARTAN POTASSICO/IDROCLOROTIAZIDE	IDROCLOROTIAZIDE|LOSARTAN POTASSICO	|	|	Compressa rivestita con film	C09DA01	MYLAN S.P.A.	Autorizzata	Procedura Mutuo riconoscimento o Decentrata	Medicinali soggetti a prescrizione medica
039445109	039445	LOSARTAN IDROCLOROTIAZIDE MYLAN GENERICS	50 MG/12.5 MG COMPRESSE RIVESTITE CON FILM- 100 COMPRESSE IN BLISTER AL/PVC/PE/PVDC	LOSARTAN POTASSICO/IDROCLOROTIAZIDE	IDROCLOROTIAZIDE|LOSARTAN POTASSICO	|	|	Compressa rivestita con film	C09DA01	MYLAN S.P.A.	Autorizzata	Procedura Mutuo riconoscimento o Decentrata	Medicinali soggetti a prescrizione medica
039445111	039445	LOSARTAN IDROCLOROTIAZIDE MYLAN GENERICS	50 MG/12.5 MG COMPRESSE RIVESTITE CON FILM- 28 COMPRESSE IN BLISTER AL/PVC/PE/PVDC CONFEZIONE CALENDARIO	LOSARTAN POTASSICO/IDROCLOROTIAZIDE	IDROCLOROTIAZIDE|LOSARTAN POTASSICO	|	|	Compressa rivestita con film	C09DA01	MYLAN S.P.A.	Autorizzata	Procedura Mutuo riconoscimento o Decentrata	Medicinali soggetti a prescrizione medica
039445123	039445	LOSARTAN IDROCLOROTIAZIDE MYLAN GENERICS	50 MG/12.5 MG COMPRESSE RIVESTITE CON FILM- 98 COMPRESSE IN BLISTER AL/PVC/PE/PVDC CONFEZIONE CALENDARIO	LOSARTAN POTASSICO/IDROCLOROTIAZIDE	IDROCLOROTIAZIDE|LOSARTAN POTASSICO	|	|	Compressa rivestita con film	C09DA01	MYLAN S.P.A.	Autorizzata	Procedura Mutuo riconoscimento o Decentrata	Medicinali soggetti a prescrizione medica
039445135	039445	LOSARTAN IDROCLOROTIAZIDE MYLAN GENERICS	100 MG/25 MG COMPRESSE RIVESTITE CON FILM- 10 COMPRESSE IN BLISTER AL/PVC/PE/PVDC	LOSARTAN POTASSICO/IDROCLOROTIAZIDE	IDROCLOROTIAZIDE|LOSARTAN POTASSICO	|	|	Compressa rivestita con film	C09DA01	MYLAN S.P.A.	Autorizzata	Procedura Mutuo riconoscimento o Decentrata	Medicinali soggetti a prescrizione medica
039445147	039445	LOSARTAN IDROCLOROTIAZIDE MYLAN GENERICS	100 MG/25 MG COMPRESSE RIVESTITE CON FILM- 14 COMPRESSE IN BLISTER AL/PVC/PE/PVDC	LOSARTAN POTASSICO/IDROCLOROTIAZIDE	IDROCLOROTIAZIDE|LOSARTAN POTASSICO	|	|	Compressa rivestita con film	C09DA01	MYLAN S.P.A.	Autorizzata	Procedura Mutuo riconoscimento o Decentrata	Medicinali soggetti a prescrizione medica
039445150	039445	LOSARTAN IDROCLOROTIAZIDE MYLAN GENERICS	100 MG/25 MG COMPRESSE RIVESTITE CON FILM- 20 COMPRESSE IN BLISTER AL/PVC/PE/PVDC	LOSARTAN POTASSICO/IDROCLOROTIAZIDE	IDROCLOROTIAZIDE|LOSARTAN POTASSICO	|	|	Compressa rivestita con film	C09DA01	MYLAN S.P.A.	Autorizzata	Procedura Mutuo riconoscimento o Decentrata	Medicinali soggetti a prescrizione medica
039445162	039445	LOSARTAN IDROCLOROTIAZIDE MYLAN GENERICS	100 MG/25 MG COMPRESSE RIVESTITE CON FILM- 28 COMPRESSE IN BLISTER AL/PVC/PE/PVDC	LOSARTAN POTASSICO/IDROCLOROTIAZIDE	IDROCLOROTIAZIDE|LOSARTAN POTASSICO	|	|	Compressa rivestita con film	C09DA01	MYLAN S.P.A.	Autorizzata	Procedura Mutuo riconoscimento o Decentrata	Medicinali soggetti a prescrizione medica
039445174	039445	LOSARTAN IDROCLOROTIAZIDE MYLAN GENERICS	100 MG/25 MG COMPRESSE RIVESTITE CON FILM- 30 COMPRESSE IN BLISTER AL/PVC/PE/PVDC	LOSARTAN POTASSICO/IDROCLOROTIAZIDE	IDROCLOROTIAZIDE|LOSARTAN POTASSICO	|	|	Compressa rivestita con film	C09DA01	MYLAN S.P.A.	Autorizzata	Procedura Mutuo riconoscimento o Decentrata	Medicinali soggetti a prescrizione medica
039445186	039445	LOSARTAN IDROCLOROTIAZIDE MYLAN GENERICS	100 MG/25 MG COMPRESSE RIVESTITE CON FILM- 50 COMPRESSE IN BLISTER AL/PVC/PE/PVDC	LOSARTAN POTASSICO/IDROCLOROTIAZIDE	IDROCLOROTIAZIDE|LOSARTAN POTASSICO	|	|	Compressa rivestita con film	C09DA01	MYLAN S.P.A.	Autorizzata	Procedura Mutuo riconoscimento o Decentrata	Medicinali soggetti a prescrizione medica
039445198	039445	LOSARTAN IDROCLOROTIAZIDE MYLAN GENERICS	100 MG/25 MG COMPRESSE RIVESTITE CON FILM- 56 COMPRESSE IN BLISTER AL/PVC/PE/PVDC	LOSARTAN POTASSICO/IDROCLOROTIAZIDE	IDROCLOROTIAZIDE|LOSARTAN POTASSICO	|	|	Compressa rivestita con film	C09DA01	MYLAN S.P.A.	Autorizzata	Procedura Mutuo riconoscimento o Decentrata	Medicinali soggetti a prescrizione medica
039445200	039445	LOSARTAN IDROCLOROTIAZIDE MYLAN GENERICS	100 MG/25 MG COMPRESSE RIVESTITE CON FILM- 60 COMPRESSE IN BLISTER AL/PVC/PE/PVDC	LOSARTAN POTASSICO/IDROCLOROTIAZIDE	IDROCLOROTIAZIDE|LOSARTAN POTASSICO	|	|	Compressa rivestita con film	C09DA01	MYLAN S.P.A.	Autorizzata	Procedura Mutuo riconoscimento o Decentrata	Medicinali soggetti a prescrizione medica
039445212	039445	LOSARTAN IDROCLOROTIAZIDE MYLAN GENERICS	100 MG/25 MG COMPRESSE RIVESTITE CON FILM- 98 COMPRESSE IN BLISTER AL/PVC/PE/PVDC	LOSARTAN POTASSICO/IDROCLOROTIAZIDE	IDROCLOROTIAZIDE|LOSARTAN POTASSICO	|	|	Compressa rivestita con film	C09DA01	MYLAN S.P.A.	Autorizzata	Procedura Mutuo riconoscimento o Decentrata	Medicinali soggetti a prescrizione medica
039445224	039445	LOSARTAN IDROCLOROTIAZIDE MYLAN GENERICS	100 MG/25 MG COMPRESSE RIVESTITE CON FILM- 100 COMPRESSE IN BLISTER AL/PVC/PE/PVDC	LOSARTAN POTASSICO/IDROCLOROTIAZIDE	IDROCLOROTIAZIDE|LOSARTAN POTASSICO	|	|	Compressa rivestita con film	C09DA01	MYLAN S.P.A.	Autorizzata	Procedura Mutuo riconoscimento o Decentrata	Medicinali soggetti a prescrizione medica
039445236	039445	LOSARTAN IDROCLOROTIAZIDE MYLAN GENERICS	100 MG/25 MG COMPRESSE RIVESTITE CON FILM- 28 COMPRESSE IN BLISTER AL/PVC/PE/PVDC CONFEZIONE CALENDARIO	LOSARTAN POTASSICO/IDROCLOROTIAZIDE	IDROCLOROTIAZIDE|LOSARTAN POTASSICO	|	|	Compressa rivestita con film	C09DA01	MYLAN S.P.A.	Autorizzata	Procedura Mutuo riconoscimento o Decentrata	Medicinali soggetti a prescrizione medica
039445248	039445	LOSARTAN IDROCLOROTIAZIDE MYLAN GENERICS	100 MG/25 MG COMPRESSE RIVESTITE CON FILM- 98 COMPRESSE IN BLISTER AL/PVC/PE/PVDC CONFEZIONE CALENDARIO	LOSARTAN POTASSICO/IDROCLOROTIAZIDE	IDROCLOROTIAZIDE|LOSARTAN POTASSICO	|	|	Compressa rivestita con film	C09DA01	MYLAN S.P.A.	Autorizzata	Procedura Mutuo riconoscimento o Decentrata	Medicinali soggetti a prescrizione medica
039473018	039473	LOSARTAN E IDROCLOROTIAZIDE HCS	50MG/12,5MG COMPRESSE RIVESTITE CON FILM - 14 COMPRESSE IN BLISTER AL/PVC/PVDC	LOSARTAN POTASSICO/IDROCLOROTIAZIDE	IDROCLOROTIAZIDE|LOSARTAN POTASSICO	|	|	Compressa rivestita con film	C09DA01	HCS BV	Autorizzata	Procedura Mutuo riconoscimento o Decentrata	Medicinali soggetti a prescrizione medica
039473020	039473	LOSARTAN E IDROCLOROTIAZIDE HCS	50MG/12,5MG COMPRESSE RIVESTITE CON FILM - 28 COMPRESSE IN BLISTER AL/PVC/PVDC	LOSARTAN POTASSICO/IDROCLOROTIAZIDE	IDROCLOROTIAZIDE|LOSARTAN POTASSICO	|	|	Compressa rivestita con film	C09DA01	HCS BV	Autorizzata	Procedura Mutuo riconoscimento o Decentrata	Medicinali soggetti a prescrizione medica
039473032	039473	LOSARTAN E IDROCLOROTIAZIDE HCS	50MG/12,5MG COMPRESSE RIVESTITE CON FILM - 56 COMPRESSE IN BLISTER AL/PVC/PVDC	LOSARTAN POTASSICO/IDROCLOROTIAZIDE	IDROCLOROTIAZIDE|LOSARTAN POTASSICO	|	|	Compressa rivestita con film	C09DA01	HCS BV	Autorizzata	Procedura Mutuo riconoscimento o Decentrata	Medicinali soggetti a prescrizione medica
039473044	039473	LOSARTAN E IDROCLOROTIAZIDE HCS	50MG/12,5MG COMPRESSE RIVESTITE CON FILM - 84 COMPRESSE IN BLISTER AL/PVC/PVDC	LOSARTAN POTASSICO/IDROCLOROTIAZIDE	IDROCLOROTIAZIDE|LOSARTAN POTASSICO	|	|	Compressa rivestita con film	C09DA01	HCS BV	Autorizzata	Procedura Mutuo riconoscimento o Decentrata	Medicinali soggetti a prescrizione medica
039473057	039473	LOSARTAN E IDROCLOROTIAZIDE HCS	50MG/12,5MG COMPRESSE RIVESTITE CON FILM - 98 COMPRESSE IN BLISTER AL/PVC/PVDC	LOSARTAN POTASSICO/IDROCLOROTIAZIDE	IDROCLOROTIAZIDE|LOSARTAN POTASSICO	|	|	Compressa rivestita con film	C09DA01	HCS BV	Autorizzata	Procedura Mutuo riconoscimento o Decentrata	Medicinali soggetti a prescrizione medica
039473069	039473	LOSARTAN E IDROCLOROTIAZIDE HCS	100MG/25MG COMPRESSE RIVESTITE CON FILM - 7 COMPRESSE IN BLISTER PVC-PVDC/AL	LOSARTAN POTASSICO/IDROCLOROTIAZIDE	IDROCLOROTIAZIDE|LOSARTAN POTASSICO	|	|	Compressa rivestita con film	C09DA01	HCS BV	Autorizzata	Procedura Mutuo riconoscimento o Decentrata	Medicinali soggetti a prescrizione medica
039473071	039473	LOSARTAN E IDROCLOROTIAZIDE HCS	100MG/25MG COMPRESSE RIVESTITE CON FILM - 14 COMPRESSE IN BLISTER PVC-PVDC/AL	LOSARTAN POTASSICO/IDROCLOROTIAZIDE	IDROCLOROTIAZIDE|LOSARTAN POTASSICO	|	|	Compressa rivestita con film	C09DA01	HCS BV	Autorizzata	Procedura Mutuo riconoscimento o Decentrata	Medicinali soggetti a prescrizione medica
039473083	039473	LOSARTAN E IDROCLOROTIAZIDE HCS	100MG/25MG COMPRESSE RIVESTITE CON FILM - 20 COMPRESSE IN BLISTER PVC-PVDC/AL	LOSARTAN POTASSICO/IDROCLOROTIAZIDE	IDROCLOROTIAZIDE|LOSARTAN POTASSICO	|	|	Compressa rivestita con film	C09DA01	HCS BV	Autorizzata	Procedura Mutuo riconoscimento o Decentrata	Medicinali soggetti a prescrizione medica
039473095	039473	LOSARTAN E IDROCLOROTIAZIDE HCS	100MG/25MG COMPRESSE RIVESTITE CON FILM - 28 COMPRESSE IN BLISTER PVC-PVDC/AL	LOSARTAN POTASSICO/IDROCLOROTIAZIDE	IDROCLOROTIAZIDE|LOSARTAN POTASSICO	|	|	Compressa rivestita con film	C09DA01	HCS BV	Autorizzata	Procedura Mutuo riconoscimento o Decentrata	Medicinali soggetti a prescrizione medica
039473107	039473	LOSARTAN E IDROCLOROTIAZIDE HCS	100MG/25MG COMPRESSE RIVESTITE CON FILM - 50 COMPRESSE IN BLISTER PVC-PVDC/AL	LOSARTAN POTASSICO/IDROCLOROTIAZIDE	IDROCLOROTIAZIDE|LOSARTAN POTASSICO	|	|	Compressa rivestita con film	C09DA01	HCS BV	Autorizzata	Procedura Mutuo riconoscimento o Decentrata	Medicinali soggetti a prescrizione medica
039473119	039473	LOSARTAN E IDROCLOROTIAZIDE HCS	100MG/25MG COMPRESSE RIVESTITE CON FILM - 56 COMPRESSE IN BLISTER PVC-PVDC/AL	LOSARTAN POTASSICO/IDROCLOROTIAZIDE	IDROCLOROTIAZIDE|LOSARTAN POTASSICO	|	|	Compressa rivestita con film	C09DA01	HCS BV	Autorizzata	Procedura Mutuo riconoscimento o Decentrata	Medicinali soggetti a prescrizione medica
039473121	039473	LOSARTAN E IDROCLOROTIAZIDE HCS	100MG/25MG COMPRESSE RIVESTITE CON FILM - 84 COMPRESSE IN BLISTER PVC-PVDC/AL	LOSARTAN POTASSICO/IDROCLOROTIAZIDE	IDROCLOROTIAZIDE|LOSARTAN POTASSICO	|	|	Compressa rivestita con film	C09DA01	HCS BV	Autorizzata	Procedura Mutuo riconoscimento o Decentrata	Medicinali soggetti a prescrizione medica
039473133	039473	LOSARTAN E IDROCLOROTIAZIDE HCS	100MG/25MG COMPRESSE RIVESTITE CON FILM - 98 COMPRESSE IN BLISTER PVC-PVDC/AL	LOSARTAN POTASSICO/IDROCLOROTIAZIDE	IDROCLOROTIAZIDE|LOSARTAN POTASSICO	|	|	Compressa rivestita con film	C09DA01	HCS BV	Autorizzata	Procedura Mutuo riconoscimento o Decentrata	Medicinali soggetti a prescrizione medica
039473145	039473	LOSARTAN E IDROCLOROTIAZIDE HCS	50MG/12,5MG COMPRESSE RIVESTITE CON FILM- 10 COMPRESSE IN BLISTER AL/PVC/PVDC	LOSARTAN POTASSICO/IDROCLOROTIAZIDE	IDROCLOROTIAZIDE|LOSARTAN POTASSICO	|	|	Compressa rivestita con film	C09DA01	HCS BV	Autorizzata	Procedura Mutuo riconoscimento o Decentrata	Medicinali soggetti a prescrizione medica
039473158	039473	LOSARTAN E IDROCLOROTIAZIDE HCS	50MG/12,5MG COMPRESSE RIVESTITE CON FILM- 30 COMPRESSE IN BLISTER AL/PVC/PVDC	LOSARTAN POTASSICO/IDROCLOROTIAZIDE	IDROCLOROTIAZIDE|LOSARTAN POTASSICO	|	|	Compressa rivestita con film	C09DA01	HCS BV	Autorizzata	Procedura Mutuo riconoscimento o Decentrata	Medicinali soggetti a prescrizione medica
039473160	039473	LOSARTAN E IDROCLOROTIAZIDE HCS	50MG/12,5MG COMPRESSE RIVESTITE CON FILM- 60 COMPRESSE IN BLISTER AL/PVC/PVDC	LOSARTAN POTASSICO/IDROCLOROTIAZIDE	IDROCLOROTIAZIDE|LOSARTAN POTASSICO	|	|	Compressa rivestita con film	C09DA01	HCS BV	Autorizzata	Procedura Mutuo riconoscimento o Decentrata	Medicinali soggetti a prescrizione medica
039473172	039473	LOSARTAN E IDROCLOROTIAZIDE HCS	50MG/12,5MG COMPRESSE RIVESTITE CON FILM- 90 COMPRESSE IN BLISTER AL/PVC/PVDC	LOSARTAN POTASSICO/IDROCLOROTIAZIDE	IDROCLOROTIAZIDE|LOSARTAN POTASSICO	|	|	Compressa rivestita con film	C09DA01	HCS BV	Autorizzata	Procedura Mutuo riconoscimento o Decentrata	Medicinali soggetti a prescrizione medica
039473184	039473	LOSARTAN E IDROCLOROTIAZIDE HCS	100MG/25MG COMPRESSE RIVESTITE CON FILM- 10 COMPRESSE IN BLISTER AL/PVC/PVDC	LOSARTAN POTASSICO/IDROCLOROTIAZIDE	IDROCLOROTIAZIDE|LOSARTAN POTASSICO	|	|	Compressa rivestita con film	C09DA01	HCS BV	Autorizzata	Procedura Mutuo riconoscimento o Decentrata	Medicinali soggetti a prescrizione medica
039473196	039473	LOSARTAN E IDROCLOROTIAZIDE HCS	100MG/25MG COMPRESSE RIVESTITE CON FILM- 30 COMPRESSE IN BLISTER AL/PVC/PVDC	LOSARTAN POTASSICO/IDROCLOROTIAZIDE	IDROCLOROTIAZIDE|LOSARTAN POTASSICO	|	|	Compressa rivestita con film	C09DA01	HCS BV	Autorizzata	Procedura Mutuo riconoscimento o Decentrata	Medicinali soggetti a prescrizione medica
039473208	039473	LOSARTAN E IDROCLOROTIAZIDE HCS	100MG/25MG COMPRESSE RIVESTITE CON FILM- 60 COMPRESSE IN BLISTER AL/PVC/PVDC	LOSARTAN POTASSICO/IDROCLOROTIAZIDE	IDROCLOROTIAZIDE|LOSARTAN POTASSICO	|	|	Compressa rivestita con film	C09DA01	HCS BV	Autorizzata	Procedura Mutuo riconoscimento o Decentrata	Medicinali soggetti a prescrizione medica
039473210	039473	LOSARTAN E IDROCLOROTIAZIDE HCS	100MG/25MG COMPRESSE RIVESTITE CON FILM- 90 COMPRESSE IN BLISTER AL/PVC/PVDC	LOSARTAN POTASSICO/IDROCLOROTIAZIDE	IDROCLOROTIAZIDE|LOSARTAN POTASSICO	|	|	Compressa rivestita con film	C09DA01	HCS BV	Autorizzata	Procedura Mutuo riconoscimento o Decentrata	Medicinali soggetti a prescrizione medica
039473222	039473	LOSARTAN E IDROCLOROTIAZIDE HCS	100MG/12,5MG COMPRESSE RIVESTITE CON FILM- 7 COMPRESSE IN BLISTER AL/PVC/PVDC	LOSARTAN POTASSICO/IDROCLOROTIAZIDE	IDROCLOROTIAZIDE|LOSARTAN POTASSICO	|	|	Compressa rivestita con film	C09DA01	HCS BV	Autorizzata	Procedura Mutuo riconoscimento o Decentrata	Medicinali soggetti a prescrizione medica
039473234	039473	LOSARTAN E IDROCLOROTIAZIDE HCS	100MG/12,5MG COMPRESSE RIVESTITE CON FILM- 10 COMPRESSE IN BLISTER AL/PVC/PVDC	LOSARTAN POTASSICO/IDROCLOROTIAZIDE	IDROCLOROTIAZIDE|LOSARTAN POTASSICO	|	|	Compressa rivestita con film	C09DA01	HCS BV	Autorizzata	Procedura Mutuo riconoscimento o Decentrata	Medicinali soggetti a prescrizione medica
039473246	039473	LOSARTAN E IDROCLOROTIAZIDE HCS	100MG/12,5MG COMPRESSE RIVESTITE CON FILM- 14 COMPRESSE IN BLISTER AL/PVC/PVDC	LOSARTAN POTASSICO/IDROCLOROTIAZIDE	IDROCLOROTIAZIDE|LOSARTAN POTASSICO	|	|	Compressa rivestita con film	C09DA01	HCS BV	Autorizzata	Procedura Mutuo riconoscimento o Decentrata	Medicinali soggetti a prescrizione medica
039473259	039473	LOSARTAN E IDROCLOROTIAZIDE HCS	100MG/12,5MG COMPRESSE RIVESTITE CON FILM- 20 COMPRESSE IN BLISTER AL/PVC/PVDC	LOSARTAN POTASSICO/IDROCLOROTIAZIDE	IDROCLOROTIAZIDE|LOSARTAN POTASSICO	|	|	Compressa rivestita con film	C09DA01	HCS BV	Autorizzata	Procedura Mutuo riconoscimento o Decentrata	Medicinali soggetti a prescrizione medica
039473261	039473	LOSARTAN E IDROCLOROTIAZIDE HCS	100MG/12,5MG COMPRESSE RIVESTITE CON FILM- 28 COMPRESSE IN BLISTER AL/PVC/PVDC	LOSARTAN POTASSICO/IDROCLOROTIAZIDE	IDROCLOROTIAZIDE|LOSARTAN POTASSICO	|	|	Compressa rivestita con film	C09DA01	HCS BV	Autorizzata	Procedura Mutuo riconoscimento o Decentrata	Medicinali soggetti a prescrizione medica
039473273	039473	LOSARTAN E IDROCLOROTIAZIDE HCS	100MG/12,5MG COMPRESSE RIVESTITE CON FILM- 30 COMPRESSE IN BLISTER AL/PVC/PVDC	LOSARTAN POTASSICO/IDROCLOROTIAZIDE	IDROCLOROTIAZIDE|LOSARTAN POTASSICO	|	|	Compressa rivestita con film	C09DA01	HCS BV	Autorizzata	Procedura Mutuo riconoscimento o Decentrata	Medicinali soggetti a prescrizione medica
039473285	039473	LOSARTAN E IDROCLOROTIAZIDE HCS	100MG/12,5MG COMPRESSE RIVESTITE CON FILM- 50 COMPRESSE IN BLISTER AL/PVC/PVDC	LOSARTAN POTASSICO/IDROCLOROTIAZIDE	IDROCLOROTIAZIDE|LOSARTAN POTASSICO	|	|	Compressa rivestita con film	C09DA01	HCS BV	Autorizzata	Procedura Mutuo riconoscimento o Decentrata	Medicinali soggetti a prescrizione medica
039473297	039473	LOSARTAN E IDROCLOROTIAZIDE HCS	100MG/12,5MG COMPRESSE RIVESTITE CON FILM- 56 COMPRESSE IN BLISTER AL/PVC/PVDC	LOSARTAN POTASSICO/IDROCLOROTIAZIDE	IDROCLOROTIAZIDE|LOSARTAN POTASSICO	|	|	Compressa rivestita con film	C09DA01	HCS BV	Autorizzata	Procedura Mutuo riconoscimento o Decentrata	Medicinali soggetti a prescrizione medica
039473309	039473	LOSARTAN E IDROCLOROTIAZIDE HCS	100MG/12,5MG COMPRESSE RIVESTITE CON FILM- 60 COMPRESSE IN BLISTER AL/PVC/PVDC	LOSARTAN POTASSICO/IDROCLOROTIAZIDE	IDROCLOROTIAZIDE|LOSARTAN POTASSICO	|	|	Compressa rivestita con film	C09DA01	HCS BV	Autorizzata	Procedura Mutuo riconoscimento o Decentrata	Medicinali soggetti a prescrizione medica
039473311	039473	LOSARTAN E IDROCLOROTIAZIDE HCS	100MG/12,5MG COMPRESSE RIVESTITE CON FILM- 84 COMPRESSE IN BLISTER AL/PVC/PVDC	LOSARTAN POTASSICO/IDROCLOROTIAZIDE	IDROCLOROTIAZIDE|LOSARTAN POTASSICO	|	|	Compressa rivestita con film	C09DA01	HCS BV	Autorizzata	Procedura Mutuo riconoscimento o Decentrata	Medicinali soggetti a prescrizione medica
039473323	039473	LOSARTAN E IDROCLOROTIAZIDE HCS	100MG/12,5MG COMPRESSE RIVESTITE CON FILM- 90 COMPRESSE IN BLISTER AL/PVC/PVDC	LOSARTAN POTASSICO/IDROCLOROTIAZIDE	IDROCLOROTIAZIDE|LOSARTAN POTASSICO	|	|	Compressa rivestita con film	C09DA01	HCS BV	Autorizzata	Procedura Mutuo riconoscimento o Decentrata	Medicinali soggetti a prescrizione medica
039473335	039473	LOSARTAN E IDROCLOROTIAZIDE HCS	100MG/12,5MG COMPRESSE RIVESTITE CON FILM- 98 COMPRESSE IN BLISTER AL/PVC/PVDC	LOSARTAN POTASSICO/IDROCLOROTIAZIDE	IDROCLOROTIAZIDE|LOSARTAN POTASSICO	|	|	Compressa rivestita con film	C09DA01	HCS BV	Autorizzata	Procedura Mutuo riconoscimento o Decentrata	Medicinali soggetti a prescrizione medica
039473347	039473	LOSARTAN E IDROCLOROTIAZIDE HCS	50MG/12,5MG COMPRESSE RIVESTITE CON FILM- 112 COMPRESSE IN BLISTER AL/PVC/PVDC	LOSARTAN POTASSICO/IDROCLOROTIAZIDE	IDROCLOROTIAZIDE|LOSARTAN POTASSICO	|	|	Compressa rivestita con film	C09DA01	HCS BV	Autorizzata	Procedura Mutuo riconoscimento o Decentrata	Medicinali soggetti a prescrizione medica
039473350	039473	LOSARTAN E IDROCLOROTIAZIDE HCS	100MG/25MG COMPRESSE RIVESTITE CON FILM- 112 COMPRESSE IN BLISTER AL/PVC/PVDC	LOSARTAN POTASSICO/IDROCLOROTIAZIDE	IDROCLOROTIAZIDE|LOSARTAN POTASSICO	|	|	Compressa rivestita con film	C09DA01	HCS BV	Autorizzata	Procedura Mutuo riconoscimento o Decentrata	Medicinali soggetti a prescrizione medica
039473362	039473	LOSARTAN E IDROCLOROTIAZIDE HCS	100MG/12,5MG COMPRESSE RIVESTITE CON FILM- 112 COMPRESSE IN BLISTER PVC/PVDC/AL	LOSARTAN POTASSICO/IDROCLOROTIAZIDE	IDROCLOROTIAZIDE|LOSARTAN POTASSICO	|	|	Compressa rivestita con film	C09DA01	HCS BV	Autorizzata	Procedura Mutuo riconoscimento o Decentrata	Medicinali soggetti a prescrizione medica
039473374	039473	LOSARTAN E IDROCLOROTIAZIDE HCS	100MG/12,5MG COMPRESSE RIVESTITE CON FILM- 100 COMPRESSE IN FLACONE HDPE	LOSARTAN POTASSICO/IDROCLOROTIAZIDE	IDROCLOROTIAZIDE|LOSARTAN POTASSICO	|	|	Compressa rivestita con film	C09DA01	HCS BV	Autorizzata	Procedura Mutuo riconoscimento o Decentrata	Medicinali soggetti a prescrizione medica
039473386	039473	LOSARTAN E IDROCLOROTIAZIDE HCS	50MG/12,5MG COMPRESSE RIVESTITE CON FILM- 100 COMPRESSE IN FLACONE HDPE	LOSARTAN POTASSICO/IDROCLOROTIAZIDE	IDROCLOROTIAZIDE|LOSARTAN POTASSICO	|	|	Compressa rivestita con film	C09DA01	HCS BV	Autorizzata	Procedura Mutuo riconoscimento o Decentrata	Medicinali soggetti a prescrizione medica
039473398	039473	LOSARTAN E IDROCLOROTIAZIDE HCS	100MG/25MG COMPRESSE RIVESTITE CON FILM- 100 COMPRESSE IN FLACONE HDPE	LOSARTAN POTASSICO/IDROCLOROTIAZIDE	IDROCLOROTIAZIDE|LOSARTAN POTASSICO	|	|	Compressa rivestita con film	C09DA01	HCS BV	Autorizzata	Procedura Mutuo riconoscimento o Decentrata	Medicinali soggetti a prescrizione medica
040139014	040139	LOSARTAN E IDROCLOROTIAZIDE TECNIGEN	50MG/12,5MG COMPRESSE RIVESTITE CON FILM - 14 COMPRESSE IN BLISTER PVC/AL	LOSARTAN POTASSICO/IDROCLOROTIAZIDE	IDROCLOROTIAZIDE|LOSARTAN POTASSICO	|	|	Compressa rivestita con film	C09DA01	TECNIMEDE - SOCIEDADE TECNICO-MEDICINAL, SA	Autorizzata	Procedura Mutuo riconoscimento o Decentrata	Medicinali soggetti a prescrizione medica
040139026	040139	LOSARTAN E IDROCLOROTIAZIDE TECNIGEN	50MG/12,5MG COMPRESSE RIVESTITE CON FILM - 28 COMPRESSE IN BLISTER PVC/AL	LOSARTAN POTASSICO/IDROCLOROTIAZIDE	IDROCLOROTIAZIDE|LOSARTAN POTASSICO	|	|	Compressa rivestita con film	C09DA01	TECNIMEDE - SOCIEDADE TECNICO-MEDICINAL, SA	Autorizzata	Procedura Mutuo riconoscimento o Decentrata	Medicinali soggetti a prescrizione medica
040139038	040139	LOSARTAN E IDROCLOROTIAZIDE TECNIGEN	50MG/12,5 MG COMPRESSE RIVESTITE CON FILM - 30 COMPRESSE IN BLISTER PVC/AL	LOSARTAN POTASSICO/IDROCLOROTIAZIDE	IDROCLOROTIAZIDE|LOSARTAN POTASSICO	|	|	Compressa rivestita con film	C09DA01	TECNIMEDE - SOCIEDADE TECNICO-MEDICINAL, SA	Autorizzata	Procedura Mutuo riconoscimento o Decentrata	Medicinali soggetti a prescrizione medica
040139040	040139	LOSARTAN E IDROCLOROTIAZIDE TECNIGEN	50MG/12,5 MG COMPRESSE RIVESTITE CON FILM - 56 COMPRESSE IN BLISTER PVC/AL	LOSARTAN POTASSICO/IDROCLOROTIAZIDE	IDROCLOROTIAZIDE|LOSARTAN POTASSICO	|	|	Compressa rivestita con film	C09DA01	TECNIMEDE - SOCIEDADE TECNICO-MEDICINAL, SA	Autorizzata	Procedura Mutuo riconoscimento o Decentrata	Medicinali soggetti a prescrizione medica
040139053	040139	LOSARTAN E IDROCLOROTIAZIDE TECNIGEN	100MG/25 MG COMPRESSE RIVESTITE CON FILM - 14 COMPRESSE IN BLISTER PVC/AL	LOSARTAN POTASSICO/IDROCLOROTIAZIDE	IDROCLOROTIAZIDE|LOSARTAN POTASSICO	|	|	Compressa rivestita con film	C09DA01	TECNIMEDE - SOCIEDADE TECNICO-MEDICINAL, SA	Autorizzata	Procedura Mutuo riconoscimento o Decentrata	Medicinali soggetti a prescrizione medica
040139065	040139	LOSARTAN E IDROCLOROTIAZIDE TECNIGEN	100MG/25 MG COMPRESSE RIVESTITE CON FILM - 28 COMPRESSE IN BLISTER PVC/AL	LOSARTAN POTASSICO/IDROCLOROTIAZIDE	IDROCLOROTIAZIDE|LOSARTAN POTASSICO	|	|	Compressa rivestita con film	C09DA01	TECNIMEDE - SOCIEDADE TECNICO-MEDICINAL, SA	Autorizzata	Procedura Mutuo riconoscimento o Decentrata	Medicinali soggetti a prescrizione medica
040139077	040139	LOSARTAN E IDROCLOROTIAZIDE TECNIGEN	100MG/25 MG COMPRESSE RIVESTITE CON FILM - 30 COMPRESSE IN BLISTER PVC/AL	LOSARTAN POTASSICO/IDROCLOROTIAZIDE	IDROCLOROTIAZIDE|LOSARTAN POTASSICO	|	|	Compressa rivestita con film	C09DA01	TECNIMEDE - SOCIEDADE TECNICO-MEDICINAL, SA	Autorizzata	Procedura Mutuo riconoscimento o Decentrata	Medicinali soggetti a prescrizione medica
040139089	040139	LOSARTAN E IDROCLOROTIAZIDE TECNIGEN	100MG/25 MG COMPRESSE RIVESTITE CON FILM - 56 COMPRESSE IN BLISTER PVC/AL	LOSARTAN POTASSICO/IDROCLOROTIAZIDE	IDROCLOROTIAZIDE|LOSARTAN POTASSICO	|	|	Compressa rivestita con film	C09DA01	TECNIMEDE - SOCIEDADE TECNICO-MEDICINAL, SA	Autorizzata	Procedura Mutuo riconoscimento o Decentrata	Medicinali soggetti a prescrizione medica
040139091	040139	LOSARTAN E IDROCLOROTIAZIDE TECNIGEN	100MG/12,5 MG COMPRESSE RIVESTITE CON FILM - 14 COMPRESSE IN BLISTER PVC/AL	LOSARTAN POTASSICO/IDROCLOROTIAZIDE	IDROCLOROTIAZIDE|LOSARTAN POTASSICO	|	|	Compressa rivestita con film	C09DA01	TECNIMEDE - SOCIEDADE TECNICO-MEDICINAL, SA	Autorizzata	Procedura Mutuo riconoscimento o Decentrata	Medicinali soggetti a prescrizione medica
040139103	040139	LOSARTAN E IDROCLOROTIAZIDE TECNIGEN	100MG/12,5 MG COMPRESSE RIVESTITE CON FILM - 28 COMPRESSE IN BLISTER PVC/AL	LOSARTAN POTASSICO/IDROCLOROTIAZIDE	IDROCLOROTIAZIDE|LOSARTAN POTASSICO	|	|	Compressa rivestita con film	C09DA01	TECNIMEDE - SOCIEDADE TECNICO-MEDICINAL, SA	Autorizzata	Procedura Mutuo riconoscimento o Decentrata	Medicinali soggetti a prescrizione medica
040139115	040139	LOSARTAN E IDROCLOROTIAZIDE TECNIGEN	100MG/12,5 MG COMPRESSE RIVESTITE CON FILM - 30 COMPRESSE IN BLISTER PVC/AL	LOSARTAN POTASSICO/IDROCLOROTIAZIDE	IDROCLOROTIAZIDE|LOSARTAN POTASSICO	|	|	Compressa rivestita con film	C09DA01	TECNIMEDE - SOCIEDADE TECNICO-MEDICINAL, SA	Autorizzata	Procedura Mutuo riconoscimento o Decentrata	Medicinali soggetti a prescrizione medica
040139127	040139	LOSARTAN E IDROCLOROTIAZIDE TECNIGEN	100MG/12,5 MG COMPRESSE RIVESTITE CON FILM - 56 COMPRESSE IN BLISTER PVC/AL	LOSARTAN POTASSICO/IDROCLOROTIAZIDE	IDROCLOROTIAZIDE|LOSARTAN POTASSICO	|	|	Compressa rivestita con film	C09DA01	TECNIMEDE - SOCIEDADE TECNICO-MEDICINAL, SA	Autorizzata	Procedura Mutuo riconoscimento o Decentrata	Medicinali soggetti a prescrizione medica
045045010	045045	LOSARTAN E IDROCLOROTIAZIDE ZENTIVA ITALIA	50 MG/12,5 MG COMPRESSE RIVESTITE CON FILM- 14 COMPRESSE IN BLISTER PVC/PE/PVDC-AL	LOSARTAN POTASSICO/IDROCLOROTIAZIDE	IDROCLOROTIAZIDE|LOSARTAN POTASSICO	12.5|50	milligrammi|milligrammi	Compressa rivestita con film	C09DA01	ZENTIVA ITALIA S.R.L.	Autorizzata	Procedura Mutuo riconoscimento o Decentrata	Medicinali soggetti a prescrizione medica
045045034	045045	LOSARTAN E IDROCLOROTIAZIDE ZENTIVA ITALIA	50 MG/12,5 MG COMPRESSE RIVESTITE CON FILM- 56 COMPRESSE IN BLISTER PVC/PE/PVDC-AL	LOSARTAN POTASSICO/IDROCLOROTIAZIDE	IDROCLOROTIAZIDE|LOSARTAN POTASSICO	12.5|50	milligrammi|milligrammi	Compressa rivestita con film	C09DA01	ZENTIVA ITALIA S.R.L.	Autorizzata	Procedura Mutuo riconoscimento o Decentrata	Medicinali soggetti a prescrizione medica
045045046	045045	LOSARTAN E IDROCLOROTIAZIDE ZENTIVA ITALIA	50 MG/12,5 MG COMPRESSE RIVESTITE CON FILM- 90 COMPRESSE IN BLISTER PVC/PE/PVDC-AL	LOSARTAN POTASSICO/IDROCLOROTIAZIDE	IDROCLOROTIAZIDE|LOSARTAN POTASSICO	12.5|50	milligrammi|milligrammi	Compressa rivestita con film	C09DA01	ZENTIVA ITALIA S.R.L.	Autorizzata	Procedura Mutuo riconoscimento o Decentrata	Medicinali soggetti a prescrizione medica
045045059	045045	LOSARTAN E IDROCLOROTIAZIDE ZENTIVA ITALIA	50 MG/12,5 MG COMPRESSE RIVESTITE CON FILM- 98 COMPRESSE IN BLISTER PVC/PE/PVDC-AL	LOSARTAN POTASSICO/IDROCLOROTIAZIDE	IDROCLOROTIAZIDE|LOSARTAN POTASSICO	12.5|50	milligrammi|milligrammi	Compressa rivestita con film	C09DA01	ZENTIVA ITALIA S.R.L.	Autorizzata	Procedura Mutuo riconoscimento o Decentrata	Medicinali soggetti a prescrizione medica
045045061	045045	LOSARTAN E IDROCLOROTIAZIDE ZENTIVA ITALIA	100 MG/25 MG COMPRESSE RIVESTITE CON FILM- 14 COMPRESSE IN BLISTER PVC/PE/PVDC-AL	LOSARTAN POTASSICO/IDROCLOROTIAZIDE	IDROCLOROTIAZIDE|LOSARTAN POTASSICO	25|100	milligrammi|milligrammi	Compressa rivestita con film	C09DA01	ZENTIVA ITALIA S.R.L.	Autorizzata	Procedura Mutuo riconoscimento o Decentrata	Medicinali soggetti a prescrizione medica
045045085	045045	LOSARTAN E IDROCLOROTIAZIDE ZENTIVA ITALIA	100 MG/25 MG COMPRESSE RIVESTITE CON FILM- 56 COMPRESSE IN BLISTER PVC/PE/PVDC-AL	LOSARTAN POTASSICO/IDROCLOROTIAZIDE	IDROCLOROTIAZIDE|LOSARTAN POTASSICO	25|100	milligrammi|milligrammi	Compressa rivestita con film	C09DA01	ZENTIVA ITALIA S.R.L.	Autorizzata	Procedura Mutuo riconoscimento o Decentrata	Medicinali soggetti a prescrizione medica
045045097	045045	LOSARTAN E IDROCLOROTIAZIDE ZENTIVA ITALIA	100 MG/25 MG COMPRESSE RIVESTITE CON FILM- 90 COMPRESSE IN BLISTER PVC/PE/PVDC-AL	LOSARTAN POTASSICO/IDROCLOROTIAZIDE	IDROCLOROTIAZIDE|LOSARTAN POTASSICO	25|100	milligrammi|milligrammi	Compressa rivestita con film	C09DA01	ZENTIVA ITALIA S.R.L.	Autorizzata	Procedura Mutuo riconoscimento o Decentrata	Medicinali soggetti a prescrizione medica
045045109	045045	LOSARTAN E IDROCLOROTIAZIDE ZENTIVA ITALIA	100 MG/25 MG COMPRESSE RIVESTITE CON FILM- 98 COMPRESSE IN BLISTER PVC/PE/PVDC-AL	LOSARTAN POTASSICO/IDROCLOROTIAZIDE	IDROCLOROTIAZIDE|LOSARTAN POTASSICO	25|100	milligrammi|milligrammi	Compressa rivestita con film	C09DA01	ZENTIVA ITALIA S.R.L.	Autorizzata	Procedura Mutuo riconoscimento o Decentrata	Medicinali soggetti a prescrizione medica
