codice_aic	cod_farmaco	denominazione	descrizione	pa_associati	principio_attivo	quantita	unita_misura	forma	codice_atc	ragione_sociale	stato_amministrativo	tipo_procedura	fornitura
033638014	033638	ZYPREXA	2,5- 100 COMPRESSE RIVESTITE 2,5 MG IN FLACONE USO ORALE	OLANZAPINA	OLANZAPINA			Compressa rivestita	N05AH03	CHEPLAPHARM REGISTRATION GMBH	Autorizzata	Procedura Centralizzata	Medicinali soggetti a prescrizione medica
033638026	033638	ZYPREXA	2,5- 28 COMPRESSE RIVESTITE 2,5 MG IN BLISTER USO ORALE	OLANZAPINA	OLANZAPINA			Compressa rivestita	N05AH03	CHEPLAPHARM REGISTRATION GMBH	Autorizzata	Procedura Centralizzata	Medicinali soggetti a prescrizione medica
033638038	033638	ZYPREXA	5- 28 COMPRESSE RIVESTITE 5 MG IN BLISTER USO ORALE	OLANZAPINA	OLANZAPINA			Compressa rivestita	N05AH03	CHEPLAPHARM REGISTRATION GMBH	Autorizzata	Procedura Centralizzata	Medicinali soggetti a prescrizione medica
033638040	033638	ZYPREXA	5- 100 COMPRESSE  RIVESTITE 5 MG IN FLACONE USO ORALE	OLANZAPINA	OLANZAPINA			Compressa rivestita	N05AH03	CHEPLAPHARM REGISTRATION GMBH	Autorizzata	Procedura Centralizzata	Medicinali soggetti a prescrizione medica
033638053	033638	ZYPREXA	7,5- 100 COMPRESSE  RIVESTITE 7,5 MG IN FLACONE USO ORALE	OLANZAPINA	OLANZAPINA			Compressa rivestita	N05AH03	CHEPLAPHARM REGISTRATION GMBH	Autorizzata	Procedura Centralizzata	Medicinali soggetti a prescrizione medica
033638065	033638	ZYPREXA	7,5- 56 COMPRESSE RIVESTITE 7,5 MG IN BLISTER USO ORALE	OLANZAPINA	OLANZAPINA			Compressa rivestita	N05AH03	CHEPLAPHARM REGISTRATION GMBH	Autorizzata	Procedura Centralizzata	Medicinali soggetti a prescrizione medica
033638077	033638	ZYPREXA	10- 100 COMPRESSE  RIVESTITE 10 MG IN FLACONE USO ORALE	OLANZAPINA	OLANZAPINA			Compressa rivestita	N05AH03	CHEPLAPHARM REGISTRATION GMBH	Autorizzata	Procedura Centralizzata	Medicinali soggetti a prescrizione medica
033638089	033638	ZYPREXA	10- 7 COMPRESSE  RIVESTITE 10 MG IN BLISTER USO ORALE	OLANZAPINA	OLANZAPINA			Compressa rivestita	N05AH03	CHEPLAPHARM REGISTRATION GMBH	Autorizzata	Procedura Centralizzata	Medicinali soggetti a prescrizione medica
033638091	033638	ZYPREXA	10- 28 COMPRESSE  RIVESTITE 10 MG IN BLISTER USO ORALE	OLANZAPINA	OLANZAPINA			Compressa rivestita	N05AH03	CHEPLAPHARM REGISTRATION GMBH	Autorizzata	Procedura Centralizzata	Medicinali soggetti a prescrizione medica
033638103	033638	ZYPREXA	10- 56 COMPRESSE RIVESTITE 5 MG IN BLISTER USO ORALE	OLANZAPINA	OLANZAPINA			Compressa rivestita	N05AH03	CHEPLAPHARM REGISTRATION GMBH	Autorizzata	Procedura Centralizzata	Medicinali soggetti a prescrizione medica
033638115	033638	ZYPREXA	VELOTAB- 5 MG  28 COMPRESSE DISPERSIBILI USO ORALE IN BLISTER (AL/AL)	OLANZAPINA	OLANZAPINA			Compressa dispersibile	N05AH03	CHEPLAPHARM REGISTRATION GMBH	Autorizzata	Procedura Centralizzata	Medicinali soggetti a prescrizione medica
033638127	033638	ZYPREXA	VELOTAB- 10 MG 28 COMPRESSE DISPERSIBILI USO ORALE IN BLISTER (AL/AL)	OLANZAPINA	OLANZAPINA			Compressa dispersibile	N05AH03	CHEPLAPHARM REGISTRATION GMBH	Autorizzata	Procedura Centralizzata	Medicinali soggetti a prescrizione medica
033638139	033638	ZYPREXA	VELOTAB- 15 MG 28 COMPRESSE DISPERSIBILI USO ORALE IN BLISTER (AL/AL)	OLANZAPINA	OLANZAPINA			Compressa dispersibile	N05AH03	CHEPLAPHARM REGISTRATION GMBH	Autorizzata	Procedura Centralizzata	Medicinali soggetti a prescrizione medica
033638141	033638	ZYPREXA	VELOTAB- 20 MG 28 COMPRESSE DISPERSIBILI USO ORALE IN BLISTER (AL/AL)	OLANZAPINA	OLANZAPINA			Compressa dispersibile	N05AH03	CHEPLAPHARM REGISTRATION GMBH	Autorizzata	Procedura Centralizzata	Medicinali soggetti a prescrizione medica
033638154	033638	ZYPREXA	7,5- 28 COMPRESSE RIVESTITE 7,5 MG IN BLISTER USO ORALE	OLANZAPINA	OLANZAPINA			Compressa rivestita	N05AH03	CHEPLAPHARM REGISTRATION GMBH	Autorizzata	Procedura Centralizzata	Medicinali soggetti a prescrizione medica
033638204	033638	ZYPREXA	10 MG POLVERE PER SOLUZIONE INIETTABILE 1 FLACONCINO USO INTRAMUSCOLARE	OLANZAPINA	OLANZAPINA			Polvere per soluzione iniettabile	N05AH03	CHEPLAPHARM REGISTRATION GMBH	Autorizzata	Procedura Centralizzata	Medicinali soggetti a prescrizione medica limitativa, da rinnovare volta per volta, vendibili al pubblico su prescrizione di centri ospedalieri o di specialisti
033638216	033638	ZYPREXA	10 MG POLVERE PER SOLUZIONE INIETTABILE 10 FLACONCINI USO INTRAMUSCOLARE	OLANZAPINA	OLANZAPINA			Polvere per soluzione iniettabile	N05AH03	CHEPLAPHARM REGISTRATION GMBH	Autorizzata	Procedura Centralizzata	Medicinali soggetti a prescrizione medica
033638228	033638	ZYPREXA	10 MG POLVERE E SOLVENTE  PER SOLUZIONE INIETTABILE 1 FLACONCINO + 1 SIRINGA PRERIEMPITA USO INTRAMUSCOLARE	OLANZAPINA	OLANZAPINA			Polvere e solvente per soluzione iniettabile	N05AH03	CHEPLAPHARM REGISTRATION GMBH	Autorizzata	Procedura Centralizzata	Medicinali soggetti a prescrizione medica limitativa, utilizzabili esclusivamente in ambiente ospedaliero o in una struttura ad esso assimilabile
039034018	039034	OLANZAPINA VIATRIS	2,5 MG - COMPRESSA RIVESTITA CON FILM - USO ORALE - BLISTER (ALU/ALU)- 28 COMPRESSE	OLANZAPINA	OLANZAPINA			Compressa rivestita con film	N05AH03	VIATRIS LIMITED	Autorizzata	Procedura Centralizzata	Medicinali soggetti a prescrizione medica
039034020	039034	OLANZAPINA VIATRIS	2,5 MG - COMPRESSA RIVESTITA CON FILM - USO ORALE - BLISTER (ALU/ALU)- 35 COMPRESSE	OLANZAPINA	OLANZAPINA			Compressa rivestita con film	N05AH03	VIATRIS LIMITED	Autorizzata	Procedura Centralizzata	Medicinali soggetti a prescrizione medica
039034032	039034	OLANZAPINA VIATRIS	2,5 MG - COMPRESSA RIVESTITA CON FILM - USO ORALE - BLISTER (ALU/ALU)- 56 COMPRESSE	OLANZAPINA	OLANZAPINA			Compressa rivestita con film	N05AH03	VIATRIS LIMITED	Autorizzata	Procedura Centralizzata	Medicinali soggetti a prescrizione medica
039034044	039034	OLANZAPINA VIATRIS	2,5 MG - COMPRESSA RIVESTITA CON FILM - USO ORALE - BLISTER (ALU/ALU)- 70 COMPRESSE	OLANZAPINA	OLANZAPINA			Compressa rivestita con film	N05AH03	VIATRIS LIMITED	Autorizzata	Procedura Centralizzata	Medicinali soggetti a prescrizione medica
039034057	039034	OLANZAPINA VIATRIS	2,5 MG - COMPRESSA RIVESTITA CON FILM - USO ORALE - CONTENITORE PER COMPRESSE (PP)- 250 COMPRESSE	OLANZAPINA	OLANZAPINA			Compressa rivestita con film	N05AH03	VIATRIS LIMITED	Autorizzata	Procedura Centralizzata	Medicinali soggetti a prescrizione medica
039034069	039034	OLANZAPINA VIATRIS	2,5 MG - COMPRESSA RIVESTITA CON FILM - USO ORALE - CONTENITORE PER COMPRESSE (PP)- 500 COMPRESSE	OLANZAPINA	OLANZAPINA			Compressa rivestita con film	N05AH03	VIATRIS LIMITED	Autorizzata	Procedura Centralizzata	Medicinali soggetti a prescrizione medica
039034071	039034	OLANZAPINA VIATRIS	5 MG - COMPRESSA RIVESTITA CON FILM - USO ORALE - BLISTER (ALU/ALU)- 28 COMPRESSE	OLANZAPINA	OLANZAPINA			Compressa rivestita con film	N05AH03	VIATRIS LIMITED	Autorizzata	Procedura Centralizzata	Medicinali soggetti a prescrizione medica
039034083	039034	OLANZAPINA VIATRIS	5 MG - COMPRESSA RIVESTITA CON FILM - USO ORALE - BLISTER (ALU/ALU)- 35 COMPRESSE	OLANZAPINA	OLANZAPINA			Compressa rivestita con film	N05AH03	VIATRIS LIMITED	Autorizzata	Procedura Centralizzata	Medicinali soggetti a prescrizione medica
039034095	039034	OLANZAPINA VIATRIS	5 MG COMPRESSA RIVESTITA CON FILM - USO ORALE - BLISTER (ALU/ALU)- 56 COMPRESSE	OLANZAPINA	OLANZAPINA			Compressa rivestita con film	N05AH03	VIATRIS LIMITED	Autorizzata	Procedura Centralizzata	Medicinali soggetti a prescrizione medica
039034107	039034	OLANZAPINA VIATRIS	5 MG COMPRESSA RIVESTITA CON FILM - USO ORALE - BLISTER (ALU/ALU)- 70 COMPRESSE	OLANZAPINA	OLANZAPINA			Compressa rivestita con film	N05AH03	VIATRIS LIMITED	Autorizzata	Procedura Centralizzata	Medicinali soggetti a prescrizione medica
039034119	039034	OLANZAPINA VIATRIS	5 MG COMPRESSA RIVESTITA CON FILM - USO ORALE - CONTENITORE PER COMPRESSE (PP)- 250 COMPRESSE	OLANZAPINA	OLANZAPINA			Compressa rivestita con film	N05AH03	VIATRIS LIMITED	Autorizzata	Procedura Centralizzata	Medicinali soggetti a prescrizione medica
039034121	039034	OLANZAPINA VIATRIS	5 MG COMPRESSA RIVESTITA CON FILM - USO ORALE - CONTENITORE PER COMPRESSE (PP)- 500 COMPRESSE	OLANZAPINA	OLANZAPINA			Compressa rivestita con film	N05AH03	VIATRIS LIMITED	Autorizzata	Procedura Centralizzata	Medicinali soggetti a prescrizione medica
039034133	039034	OLANZAPINA VIATRIS	7,5 MG COMPRESSA RIVESTITA CON FILM - USO ORALE - BLISTER (ALU/ALU)- 28 COMPRESSE	OLANZAPINA	OLANZAPINA			Compressa rivestita con film	N05AH03	VIATRIS LIMITED	Autorizzata	Procedura Centralizzata	Medicinali soggetti a prescrizione medica
039034145	039034	OLANZAPINA VIATRIS	7,5 MG COMPRESSA RIVESTITA CON FILM - USO ORALE - BLISTER (ALU/ALU)- 35 COMPRESSE	OLANZAPINA	OLANZAPINA			Compressa rivestita con film	N05AH03	VIATRIS LIMITED	Autorizzata	Procedura Centralizzata	Medicinali soggetti a prescrizione medica
039034158	039034	OLANZAPINA VIATRIS	7,5 MG COMPRESSA RIVESTITA CON FILM - USO ORALE - BLISTER (ALU/ALU)- 56 COMPRESSE	OLANZAPINA	OLANZAPINA			Compressa rivestita con film	N05AH03	VIATRIS LIMITED	Autorizzata	Procedura Centralizzata	Medicinali soggetti a prescrizione medica
039034160	039034	OLANZAPINA VIATRIS	7,5 MG COMPRESSA RIVESTITA CON FILM - USO ORALE - BLISTER (ALU/ALU)- 70 COMPRESSE	OLANZAPINA	OLANZAPINA			Compressa rivestita con film	N05AH03	VIATRIS LIMITED	Autorizzata	Procedura Centralizzata	Medicinali soggetti a prescrizione medica
039034172	039034	OLANZAPINA VIATRIS	7,5 MG COMPRESSA RIVESTITA CON FILM - USO ORALE - CONTENITORE PER COMPRESSE (PP)- 100 COMPRESSE	OLANZAPINA	OLANZAPINA			Compressa rivestita con film	N05AH03	VIATRIS LIMITED	Autorizzata	Procedura Centralizzata	Medicinali soggetti a prescrizione medica
039034184	039034	OLANZAPINA VIATRIS	10 MG COMPRESSA RIVESTITA CON FILM - USO ORALE - BLISTER (ALU/ALU)- 7 COMPRESSE	OLANZAPINA	OLANZAPINA			Compressa rivestita con film	N05AH03	VIATRIS LIMITED	Autorizzata	Procedura Centralizzata	Medicinali soggetti a prescrizione medica
039034196	039034	OLANZAPINA VIATRIS	10 MG COMPRESSA RIVESTITA CON FILM - USO ORALE - BLISTER (ALU/ALU)- 28 COMPRESSE	OLANZAPINA	OLANZAPINA			Compressa rivestita con film	N05AH03	VIATRIS LIMITED	Autorizzata	Procedura Centralizzata	Medicinali soggetti a prescrizione medica
039034208	039034	OLANZAPINA VIATRIS	10 MG COMPRESSA RIVESTITA CON FILM - USO ORALE - BLISTER (ALU/ALU)- 35 COMPRESSE	OLANZAPINA	OLANZAPINA			Compressa rivestita con film	N05AH03	VIATRIS LIMITED	Autorizzata	Procedura Centralizzata	Medicinali soggetti a prescrizione medica
039034210	039034	OLANZAPINA VIATRIS	10 MG COMPRESSA RIVESTITA CON FILM - USO ORALE - BLISTER (ALU/ALU)- 56 COMPRESSE	OLANZAPINA	OLANZAPINA			Compressa rivestita con film	N05AH03	VIATRIS LIMITED	Autorizzata	Procedura Centralizzata	Medicinali soggetti a prescrizione medica
039034222	039034	OLANZAPINA VIATRIS	10 MG COMPRESSA RIVESTITA CON FILM - USO ORALE - BLISTER (ALU/ALU)- 70 COMPRESSE	OLANZAPINA	OLANZAPINA			Compressa rivestita con film	N05AH03	VIATRIS LIMITED	Autorizzata	Procedura Centralizzata	Medicinali soggetti a prescrizione medica
039034234	039034	OLANZAPINA VIATRIS	10 MG COMPRESSA RIVESTITA CON FILM - USO ORALE - CONTENITORE PER COMPRESSE (PP)- 100 COMPRESSE	OLANZAPINA	OLANZAPINA			Compressa rivestita con film	N05AH03	VIATRIS LIMITED	Autorizzata	Procedura Centralizzata	Medicinali soggetti a prescrizione medica
039034246	039034	OLANZAPINA VIATRIS	10 MG COMPRESSA RIVESTITA CON FILM - USO ORALE - CONTENITORE PER COMPRESSE (PP)- 500 COMPRESSE	OLANZAPINA	OLANZAPINA			Compressa rivestita con film	N05AH03	VIATRIS LIMITED	Autorizzata	Procedura Centralizzata	Medicinali soggetti a prescrizione medica
039034259	039034	OLANZAPINA VIATRIS	15 MG - COMRPESSA RIVESTITA CON FILM - USO ORALE - BLISTER (ALU/ALU)- 28 COMPRESSE	OLANZAPINA	OLANZAPINA			Compressa rivestita con film	N05AH03	VIATRIS LIMITED	Autorizzata	Procedura Centralizzata	Medicinali soggetti a prescrizione medica
039034261	039034	OLANZAPINA VIATRIS	15 MG - COMRPESSA RIVESTITA CON FILM - USO ORALE - BLISTER (ALU/ALU)- 35 COMPRESSE	OLANZAPINA	OLANZAPINA			Compressa rivestita con film	N05AH03	VIATRIS LIMITED	Autorizzata	Procedura Centralizzata	Medicinali soggetti a prescrizione medica
039034273	039034	OLANZAPINA VIATRIS	15 MG - COMRPESSA RIVESTITA CON FILM - USO ORALE - BLISTER (ALU/ALU)- 56 COMPRESSE	OLANZAPINA	OLANZAPINA			Compressa rivestita con film	N05AH03	VIATRIS LIMITED	Autorizzata	Procedura Centralizzata	Medicinali soggetti a prescrizione medica
039034285	039034	OLANZAPINA VIATRIS	15 MG - COMRPESSA RIVESTITA CON FILM - USO ORALE - BLISTER (ALU/ALU)- 70 COMPRESSE	OLANZAPINA	OLANZAPINA			Compressa rivestita con film	N05AH03	VIATRIS LIMITED	Autorizzata	Procedura Centralizzata	Medicinali soggetti a prescrizione medica
039034297	039034	OLANZAPINA VIATRIS	15 MG - COMPRESSA RIVESTITA CON FILM - USO ORALE - CONTENITORE PER COMPRESSE  (PP)- 100 COMPRESSE	OLANZAPINA	OLANZAPINA			Compressa rivestita con film	N05AH03	VIATRIS LIMITED	Autorizzata	Procedura Centralizzata	Medicinali soggetti a prescrizione medica
039034309	039034	OLANZAPINA VIATRIS	20 MG - COMPRESSA RIVESTITA CON FILM - USO ORALE - BLISTER  (ALU/ALU)- 28 COMPRESSE	OLANZAPINA	OLANZAPINA			Compressa rivestita con film	N05AH03	VIATRIS LIMITED	Autorizzata	Procedura Centralizzata	Medicinali soggetti a prescrizione medica
039034311	039034	OLANZAPINA VIATRIS	20 MG - COMPRESSA RIVESTITA CON FILM - USO ORALE - BLISTER  (ALU/ALU)- 35 COMPRESSE	OLANZAPINA	OLANZAPINA			Compressa rivestita con film	N05AH03	VIATRIS LIMITED	Autorizzata	Procedura Centralizzata	Medicinali soggetti a prescrizione medica
039034323	039034	OLANZAPINA VIATRIS	20 MG - COMPRESSA RIVESTITA CON FILM - USO ORALE - BLISTER  (ALU/ALU)- 56 COMPRESSE	OLANZAPINA	OLANZAPINA			Compressa rivestita con film	N05AH03	VIATRIS LIMITED	Autorizzata	Procedura Centralizzata	Medicinali soggetti a prescrizione medica
039034335	039034	OLANZAPINA VIATRIS	20 MG - COMPRESSA RIVESTITA CON FILM - USO ORALE - BLISTER  (ALU/ALU)- 70 COMPRESSE	OLANZAPINA	OLANZAPINA			Compressa rivestita con film	N05AH03	VIATRIS LIMITED	Autorizzata	Procedura Centralizzata	Medicinali soggetti a prescrizione medica
039034347	039034	OLANZAPINA VIATRIS	20 MG - COMPRESSA RIVESTITA CON FILM - USO ORALE - CONTENITORE PER COMPRESSE  (PP)- 100 COMPRESSE	OLANZAPINA	OLANZAPINA			Compressa rivestita con film	N05AH03	VIATRIS LIMITED	Autorizzata	Procedura Centralizzata	Medicinali soggetti a prescrizione medica
039034614	039034	OLANZAPINA VIATRIS	5 MG - COMPRESSA RIVESTITA CON FILM - USO ORALE - BLISTER (ALU/ALU) - 98 X 1 COMPRESSE (DOSE UNITARIA)	OLANZAPINA	OLANZAPINA			Compressa rivestita con film	N05AH03	VIATRIS LIMITED	Autorizzata	Procedura Centralizzata	Medicinali soggetti a prescrizione medica
039034626	039034	OLANZAPINA VIATRIS	7,5 MG - COMPRESSA RIVESTITA CON FILM - USO ORALE - BLISTER (ALU/ALU) - 98 X 1 COMPRESSE (DOSE UNITARIA)	OLANZAPINA	OLANZAPINA			Compressa rivestita con film	N05AH03	VIATRIS LIMITED	Autorizzata	Procedura Centralizzata	Medicinali soggetti a prescrizione medica
039034638	039034	OLANZAPINA VIATRIS	10 MG - COMPRESSA RIVESTITA CON FILM - USO ORALE - BLISTER (ALU/ALU) - 98 X 1 COMPRESSE (DOSE UNITARIA)	OLANZAPINA	OLANZAPINA			Compressa rivestita con film	N05AH03	VIATRIS LIMITED	Autorizzata	Procedura Centralizzata	Medicinali soggetti a prescrizione medica
039949019	039949	OLANZAPINA DOC GENERICI	2,5 MG COMPRESSE RIVESTITE CON FILM- 28 COMPRESSE IN BLISTER AL/AL	OLANZAPINA	OLANZAPINA	2.5	milligrammi	Compressa rivestita con film	N05AH03	DOC GENERICI SRL	Autorizzata	Procedura Mutuo riconoscimento o Decentrata	Medicinali soggetti a prescrizione medica
039949021	039949	OLANZAPINA DOC GENERICI	5 MG COMPRESSE RIVESTITE CON FILM- 28 COMPRESSE IN BLISTER AL/AL	OLANZAPINA	OLANZAPINA	5	milligrammi	Compressa rivestita con film	N05AH03	DOC GENERICI SRL	Autorizzata	Procedura Mutuo riconoscimento o Decentrata	Medicinali soggetti a prescrizione medica
039949033	039949	OLANZAPINA DOC GENERICI	7,5 MG COMPRESSE RIVESTITE CON FILM- 28 COMPRESSE IN BLISTER AL/AL	OLANZAPINA	OLANZAPINA	7.5	milligrammi	Compressa rivestita con film	N05AH03	DOC GENERICI SRL	Autorizzata	Procedura Mutuo riconoscimento o Decentrata	Medicinali soggetti a prescrizione medica
039949045	039949	OLANZAPINA DOC GENERICI	10 MG COMPRESSE RIVESTITE CON FILM- 28 COMPRESSE IN BLISTER AL/AL	OLANZAPINA	OLANZAPINA	10	milligrammi	Compressa rivestita con film	N05AH03	DOC GENERICI SRL	Autorizzata	Procedura Mutuo riconoscimento o Decentrata	Medicinali soggetti a prescrizione medica
039949058	039949	OLANZAPINA DOC GENERICI	15 MG COMPRESSE RIVESTITE CON FILM- 28 COMPRESSE IN BLISTER AL/AL	OLANZAPINA	OLANZAPINA	15	milligrammi	Compressa rivestita con film	N05AH03	DOC GENERICI SRL	Autorizzata	Procedura Mutuo riconoscimento o Decentrata	Medicinali soggetti a prescrizione medica
039949060	039949	OLANZAPINA DOC GENERICI	20 MG COMPRESSE RIVESTITE CON FILM- 28 COMPRESSE IN BLISTER AL/AL	OLANZAPINA	OLANZAPINA	20	milligrammi	Compressa rivestita con film	N05AH03	DOC GENERICI SRL	Autorizzata	Procedura Mutuo riconoscimento o Decentrata	Medicinali soggetti a prescrizione medica
039949072	039949	OLANZAPINA DOC GENERICI	7,5 MG COMPRESSE RIVESTITE CON FILM- 56 COMPRESSE IN BLISTER AL/AL	OLANZAPINA	OLANZAPINA	7.5	milligrammi	Compressa rivestita con film	N05AH03	DOC GENERICI SRL	Autorizzata	Procedura Mutuo riconoscimento o Decentrata	Medicinali soggetti a prescrizione medica
039949084	039949	OLANZAPINA DOC GENERICI	10 MG COMPRESSE RIVESTITE CON FILM- 56 COMPRESSE IN BLISTER AL/AL	OLANZAPINA	OLANZAPINA	2.5	milligrammi	Compressa rivestita con film	N05AH03	DOC GENERICI SRL	Autorizzata	Procedura Mutuo riconoscimento o Decentrata	Medicinali soggetti a prescrizione medica
039949096	039949	OLANZAPINA DOC GENERICI	15 MG COMPRESSE RIVESTITE CON FILM- 56 COMPRESSE IN BLISTER AL/AL	OLANZAPINA	OLANZAPINA	15	milligrammi	Compressa rivestita con film	N05AH03	DOC GENERICI SRL	Autorizzata	Procedura Mutuo riconoscimento o Decentrata	Medicinali soggetti a prescrizione medica
039949108	039949	OLANZAPINA DOC GENERICI	20 MG COMPRESSE RIVESTITE CON FILM- 56 COMPRESSE IN BLISTER AL/AL	OLANZAPINA	OLANZAPINA	20	milligrammi	Compressa rivestita con film	N05AH03	DOC GENERICI SRL	Autorizzata	Procedura Mutuo riconoscimento o Decentrata	Medicinali soggetti a prescrizione medica
039987019	039987	OLANZAPINA DOC	5 MG COMPRESSE ORODISPERSIBILI- 28 COMPRESSE IN BLISTER OPA-AL-PVC/AL	OLANZAPINA	OLANZAPINA	5	milligrammi	Compressa orodispersibile	N05AH03	DOC GENERICI SRL	Autorizzata	Procedura Mutuo riconoscimento o Decentrata	Medicinali soggetti a prescrizione medica
039987021	039987	OLANZAPINA DOC	5 MG COMPRESSE ORODISPERSIBILI- 28 COMPRESSE IN BLISTER CARTA-PETP-AL/AL	OLANZAPINA	OLANZAPINA	5	milligrammi	Compressa orodispersibile	N05AH03	DOC GENERICI SRL	Autorizzata	Procedura Mutuo riconoscimento o Decentrata	Medicinali soggetti a prescrizione medica
039987033	039987	OLANZAPINA DOC	10 MG COMPRESSE ORODISPERSIBILI- 28 COMPRESSE IN BLISTER OPA-AL-PVC/AL	OLANZAPINA	OLANZAPINA	10	milligrammi	Compressa orodispersibile	N05AH03	DOC GENERICI SRL	Autorizzata	Procedura Mutuo riconoscimento o Decentrata	Medicinali soggetti a prescrizione medica
039987045	039987	OLANZAPINA DOC	10 MG COMPRESSE ORODISPERSIBILI- 28 COMPRESSE IN BLISTER CARTA-PETP-AL/AL	OLANZAPINA	OLANZAPINA	10	milligrammi	Compressa orodispersibile	N05AH03	DOC GENERICI SRL	Autorizzata	Procedura Mutuo riconoscimento o Decentrata	Medicinali soggetti a prescrizione medica
039987058	039987	OLANZAPINA DOC	15 MG COMPRESSE ORODISPERSIBILI- 28 COMPRESSE IN BLISTER OPA-AL-PVC/AL	OLANZAPINA	OLANZAPINA	15	milligrammi	Compressa orodispersibile	N05AH03	DOC GENERICI SRL	Autorizzata	Procedura Mutuo riconoscimento o Decentrata	Medicinali soggetti a prescrizione medica
039987060	039987	OLANZAPINA DOC	15 MG COMPRESSE ORODISPERSIBILI- 28 COMPRESSE IN BLISTER CARTA-PETP-AL/AL	OLANZAPINA	OLANZAPINA	15	milligrammi	Compressa orodispersibile	N05AH03	DOC GENERICI SRL	Autorizzata	Procedura Mutuo riconoscimento o Decentrata	Medicinali soggetti a prescrizione medica
039987072	039987	OLANZAPINA DOC	20 MG COMPRESSE ORODISPERSIBILI- 28 COMPRESSE IN BLISTER OPA-AL-PVC/AL	OLANZAPINA	OLANZAPINA	20	milligrammi	Compressa orodispersibile	N05AH03	DOC GENERICI SRL	Autorizzata	Procedura Mutuo riconoscimento o Decentrata	Medicinali soggetti a prescrizione medica
039987084	039987	OLANZAPINA DOC	20 MG COMPRESSE ORODISPERSIBILI- 28 COMPRESSE IN BLISTER CARTA-PETP-AL/AL	OLANZAPINA	OLANZAPINA	20	milligrammi	Compressa orodispersibile	N05AH03	DOC GENERICI SRL	Autorizzata	Procedura Mutuo riconoscimento o Decentrata	Medicinali soggetti a prescrizione medica
040089017	040089	OLANZAPINA EG	2,5 MG COMPRESSE RIVESTITE CON FILM- 10 COMPRESSE IN BLISTER AL/AL	OLANZAPINA	OLANZAPINA	2.5	milligrammi	Compressa rivestita con film	N05AH03	EG S.P.A.	Autorizzata	Procedura Mutuo riconoscimento o Decentrata	Medicinali soggetti a prescrizione medica
040089029	040089	OLANZAPINA EG	2,5 MG COMPRESSE RIVESTITE CON FILM- 28 COMPRESSE IN BLISTER AL/AL	OLANZAPINA	OLANZAPINA	2.5	milligrammi	Compressa rivestita con film	N05AH03	EG S.P.A.	Autorizzata	Procedura Mutuo riconoscimento o Decentrata	Medicinali soggetti a prescrizione medica
040089031	040089	OLANZAPINA EG	2,5 MG COMPRESSE RIVESTITE CON FILM- 30 COMPRESSE IN BLISTER AL/AL	OLANZAPINA	OLANZAPINA	2.5	milligrammi	Compressa rivestita con film	N05AH03	EG S.P.A.	Autorizzata	Procedura Mutuo riconoscimento o Decentrata	Medicinali soggetti a prescrizione medica
040089043	040089	OLANZAPINA EG	5 MG COMPRESSE RIVESTITE CON FILM- 10 COMPRESSE IN BLISTER AL/AL	OLANZAPINA	OLANZAPINA	5	milligrammi	Compressa rivestita con film	N05AH03	EG S.P.A.	Autorizzata	Procedura Mutuo riconoscimento o Decentrata	Medicinali soggetti a prescrizione medica
040089056	040089	OLANZAPINA EG	5 MG COMPRESSE RIVESTITE CON FILM- 28 COMPRESSE IN BLISTER AL/AL	OLANZAPINA	OLANZAPINA	5	milligrammi	Compressa rivestita con film	N05AH03	EG S.P.A.	Autorizzata	Procedura Mutuo riconoscimento o Decentrata	Medicinali soggetti a prescrizione medica
040089068	040089	OLANZAPINA EG	5 MG COMPRESSE RIVESTITE CON FILM- 30 COMPRESSE IN BLISTER AL/AL	OLANZAPINA	OLANZAPINA	5	milligrammi	Compressa rivestita con film	N05AH03	EG S.P.A.	Autorizzata	Procedura Mutuo riconoscimento o Decentrata	Medicinali soggetti a prescrizione medica
040089070	040089	OLANZAPINA EG	5 MG COMPRESSE RIVESTITE CON FILM- 50 COMPRESSE IN BLISTER AL/AL	OLANZAPINA	OLANZAPINA	5	milligrammi	Compressa rivestita con film	N05AH03	EG S.P.A.	Autorizzata	Procedura Mutuo riconoscimento o Decentrata	Medicinali soggetti a prescrizione medica
040089082	040089	OLANZAPINA EG	5 MG COMPRESSE RIVESTITE CON FILM- 56 COMPRESSE IN BLISTER AL/AL	OLANZAPINA	OLANZAPINA	5	milligrammi	Compressa rivestita con film	N05AH03	EG S.P.A.	Autorizzata	Procedura Mutuo riconoscimento o Decentrata	Medicinali soggetti a prescrizione medica
040089094	040089	OLANZAPINA EG	5 MG COMPRESSE RIVESTITE CON FILM- 84 COMPRESSE IN BLISTER AL/AL	OLANZAPINA	OLANZAPINA	5	milligrammi	Compressa rivestita con film	N05AH03	EG S.P.A.	Autorizzata	Procedura Mutuo riconoscimento o Decentrata	Medicinali soggetti a prescrizione medica
040089106	040089	OLANZAPINA EG	5 MG COMPRESSE RIVESTITE CON FILM- 112 COMPRESSE IN BLISTER AL/AL	OLANZAPINA	OLANZAPINA	5	milligrammi	Compressa rivestita con film	N05AH03	EG S.P.A.	Autorizzata	Procedura Mutuo riconoscimento o Decentrata	Medicinali soggetti a prescrizione medica
040089118	040089	OLANZAPINA EG	10 MG COMPRESSE RIVESTITE CON FILM- 7 COMPRESSE IN BLISTER AL/AL	OLANZAPINA	OLANZAPINA	10	milligrammi	Compressa rivestita con film	N05AH03	EG S.P.A.	Autorizzata	Procedura Mutuo riconoscimento o Decentrata	Medicinali soggetti a prescrizione medica
040089120	040089	OLANZAPINA EG	10 MG COMPRESSE RIVESTITE CON FILM- 10 COMPRESSE IN BLISTER AL/AL	OLANZAPINA	OLANZAPINA	10	milligrammi	Compressa rivestita con film	N05AH03	EG S.P.A.	Autorizzata	Procedura Mutuo riconoscimento o Decentrata	Medicinali soggetti a prescrizione medica
040089132	040089	OLANZAPINA EG	10 MG COMPRESSE RIVESTITE CON FILM- 28 COMPRESSE IN BLISTER AL/AL	OLANZAPINA	OLANZAPINA	10	milligrammi	Compressa rivestita con film	N05AH03	EG S.P.A.	Autorizzata	Procedura Mutuo riconoscimento o Decentrata	Medicinali soggetti a prescrizione medica
040089144	040089	OLANZAPINA EG	10 MG COMPRESSE RIVESTITE CON FILM- 30 COMPRESSE IN BLISTER AL/AL	OLANZAPINA	OLANZAPINA	10	milligrammi	Compressa rivestita con film	N05AH03	EG S.P.A.	Autorizzata	Procedura Mutuo riconoscimento o Decentrata	Medicinali soggetti a prescrizione medica
040089157	040089	OLANZAPINA EG	10 MG COMPRESSE RIVESTITE CON FILM- 50 COMPRESSE IN BLISTER AL/AL	OLANZAPINA	OLANZAPINA	10	milligrammi	Compressa rivestita con film	N05AH03	EG S.P.A.	Autorizzata	Procedura Mutuo riconoscimento o Decentrata	Medicinali soggetti a prescrizione medica
040089169	040089	OLANZAPINA EG	10 MG COMPRESSE RIVESTITE CON FILM- 56 COMPRESSE IN BLISTER AL/AL	OLANZAPINA	OLANZAPINA	10	milligrammi	Compressa rivestita con film	N05AH03	EG S.P.A.	Autorizzata	Procedura Mutuo riconoscimento o Decentrata	Medicinali soggetti a prescrizione medica
040089171	040089	OLANZAPINA EG	10 MG COMPRESSE RIVESTITE CON FILM- 60 COMPRESSE IN BLISTER AL/AL	OLANZAPINA	OLANZAPINA	10	milligrammi	Compressa rivestita con film	N05AH03	EG S.P.A.	Autorizzata	Procedura Mutuo riconoscimento o Decentrata	Medicinali soggetti a prescrizione medica
040089183	040089	OLANZAPINA EG	10 MG COMPRESSE RIVESTITE CON FILM- 84 COMPRESSE IN BLISTER AL/AL	OLANZAPINA	OLANZAPINA	10	milligrammi	Compressa rivestita con film	N05AH03	EG S.P.A.	Autorizzata	Procedura Mutuo riconoscimento o Decentrata	Medicinali soggetti a prescrizione medica
040089195	040089	OLANZAPINA EG	10 MG COMPRESSE RIVESTITE CON FILM- 112 COMPRESSE IN BLISTER AL/AL	OLANZAPINA	OLANZAPINA	10	milligrammi	Compressa rivestita con film	N05AH03	EG S.P.A.	Autorizzata	Procedura Mutuo riconoscimento o Decentrata	Medicinali soggetti a prescrizione medica
040089207	040089	OLANZAPINA EG	2,5 MG COMPRESSE RIVESTITE CON FILM- 30 COMPRESSE IN FLACONE HDPE	OLANZAPINA	OLANZAPINA	2.5	milligrammi	Compressa rivestita con film	N05AH03	EG S.P.A.	Autorizzata	Procedura Mutuo riconoscimento o Decentrata	Medicinali soggetti a prescrizione medica
040089219	040089	OLANZAPINA EG	2,5 MG COMPRESSE RIVESTITE CON FILM- 100 COMPRESSE IN FLACONE HDPE	OLANZAPINA	OLANZAPINA	2.5	milligrammi	Compressa rivestita con film	N05AH03	EG S.P.A.	Autorizzata	Procedura Mutuo riconoscimento o Decentrata	Medicinali soggetti a prescrizione medica
040089221	040089	OLANZAPINA EG	2,5 MG COMPRESSE RIVESTITE CON FILM- 500 COMPRESSE IN FLACONE HDPE	OLANZAPINA	OLANZAPINA	2.5	milligrammi	Compressa rivestita con film	N05AH03	EG S.P.A.	Autorizzata	Procedura Mutuo riconoscimento o Decentrata	Medicinali soggetti a prescrizione medica
040089233	040089	OLANZAPINA EG	5 MG COMPRESSE RIVESTITE CON FILM- 30 COMPRESSE IN FLACONE HDPE	OLANZAPINA	OLANZAPINA	5	milligrammi	Compressa rivestita con film	N05AH03	EG S.P.A.	Autorizzata	Procedura Mutuo riconoscimento o Decentrata	Medicinali soggetti a prescrizione medica
040089245	040089	OLANZAPINA EG	5 MG COMPRESSE RIVESTITE CON FILM- 100 COMPRESSE IN FLACONE HDPE	OLANZAPINA	OLANZAPINA	5	milligrammi	Compressa rivestita con film	N05AH03	EG S.P.A.	Autorizzata	Procedura Mutuo riconoscimento o Decentrata	Medicinali soggetti a prescrizione medica
040089258	040089	OLANZAPINA EG	5 MG COMPRESSE RIVESTITE CON FILM- 500 COMPRESSE IN FLACONE HDPE	OLANZAPINA	OLANZAPINA	5	milligrammi	Compressa rivestita con film	N05AH03	EG S.P.A.	Autorizzata	Procedura Mutuo riconoscimento o Decentrata	Medicinali soggetti a prescrizione medica
040089260	040089	OLANZAPINA EG	10 MG COMPRESSE RIVESTITE CON FILM- 30 COMPRESSE IN FLACONE HDPE	OLANZAPINA	OLANZAPINA	10	milligrammi	Compressa rivestita con film	N05AH03	EG S.P.A.	Autorizzata	Procedura Mutuo riconoscimento o Decentrata	Medicinali soggetti a prescrizione medica
040089272	040089	OLANZAPINA EG	10 MG COMPRESSE RIVESTITE CON FILM- 100 COMPRESSE IN FLACONE HDPE	OLANZAPINA	OLANZAPINA	10	milligrammi	Compressa rivestita con film	N05AH03	EG S.P.A.	Autorizzata	Procedura Mutuo riconoscimento o Decentrata	Medicinali soggetti a prescrizione medica
040089284	040089	OLANZAPINA EG	10 MG COMPRESSE RIVESTITE CON FILM- 500 COMPRESSE IN FLACONE HDPE	OLANZAPINA	OLANZAPINA	10	milligrammi	Compressa rivestita con film	N05AH03	EG S.P.A.	Autorizzata	Procedura Mutuo riconoscimento o Decentrata	Medicinali soggetti a prescrizione medica
040089296	040089	OLANZAPINA EG	2,5 MG COMPRESSE RIVESTITE CON FILM- 7 COMPRESSE IN BLISTER AL/AL	OLANZAPINA	OLANZAPINA	2.5	milligrammi	Compressa rivestita con film	N05AH03	EG S.P.A.	Autorizzata	Procedura Mutuo riconoscimento o Decentrata	Medicinali soggetti a prescrizione medica
040089308	040089	OLANZAPINA EG	5 MG COMPRESSE RIVESTITE CON FILM- 7 COMPRESSE IN BLISTER AL/AL	OLANZAPINA	OLANZAPINA	5	milligrammi	Compressa rivestita con film	N05AH03	EG S.P.A.	Autorizzata	Procedura Mutuo riconoscimento o Decentrata	Medicinali soggetti a prescrizione medica
040089322	040089	OLANZAPINA EG	2,5 MG COMPRESSE RIVESTITE CON FILM- 98 COMPRESSE IN BLISTER AL/AL	OLANZAPINA	OLANZAPINA	2.5	milligrammi	Compressa rivestita con film	N05AH03	EG S.P.A.	Autorizzata	Procedura Mutuo riconoscimento o Decentrata	Medicinali soggetti a prescrizione medica
040089334	040089	OLANZAPINA EG	5 MG COMPRESSE RIVESTITE CON FILM- 98 COMPRESSE IN BLISTER AL/AL	OLANZAPINA	OLANZAPINA	5	milligrammi	Compressa rivestita con film	N05AH03	EG S.P.A.	Autorizzata	Procedura Mutuo riconoscimento o Decentrata	Medicinali soggetti a prescrizione medica
040089359	040089	OLANZAPINA EG	10 MG COMPRESSE RIVESTITE CON FILM- 98 COMPRESSE IN BLISTER AL/AL	OLANZAPINA	OLANZAPINA	10	milligrammi	Compressa rivestita con film	N05AH03	EG S.P.A.	Autorizzata	Procedura Mutuo riconoscimento o Decentrata	Medicinali soggetti a prescrizione medica
040089361	040089	OLANZAPINA EG	2,5 MG COMPRESSE RIVESTITE CON FILM- 7X1 COMPRESSE IN BLISTER DIVISIBILE PER DOSE UNITARIA IN AL/AL	OLANZAPINA	OLANZAPINA	2.5	milligrammi	Compressa rivestita con film	N05AH03	EG S.P.A.	Autorizzata	Procedura Mutuo riconoscimento o Decentrata	Medicinali soggetti a prescrizione medica
040089373	040089	OLANZAPINA EG	2,5 MG COMPRESSE RIVESTITE CON FILM- 10X1 COMPRESSE IN BLISTER DIVISIBILE PER DOSE UNITARIA IN AL/AL	OLANZAPINA	OLANZAPINA	2.5	milligrammi	Compressa rivestita con film	N05AH03	EG S.P.A.	Autorizzata	Procedura Mutuo riconoscimento o Decentrata	Medicinali soggetti a prescrizione medica
040089385	040089	OLANZAPINA EG	2,5 MG COMPRESSE RIVESTITE CON FILM- 28X1 COMPRESSE IN BLISTER DIVISIBILE PER DOSE UNITARIA IN AL/AL	OLANZAPINA	OLANZAPINA	2.5	milligrammi	Compressa rivestita con film	N05AH03	EG S.P.A.	Autorizzata	Procedura Mutuo riconoscimento o Decentrata	Medicinali soggetti a prescrizione medica
040089397	040089	OLANZAPINA EG	2,5 MG COMPRESSE RIVESTITE CON FILM- 30X1 COMPRESSE IN BLISTER DIVISIBILE PER DOSE UNITARIA IN AL/AL	OLANZAPINA	OLANZAPINA	2.5	milligrammi	Compressa rivestita con film	N05AH03	EG S.P.A.	Autorizzata	Procedura Mutuo riconoscimento o Decentrata	Medicinali soggetti a prescrizione medica
040089409	040089	OLANZAPINA EG	2,5 MG COMPRESSE RIVESTITE CON FILM- 98X1 COMPRESSE IN BLISTER DIVISIBILE PER DOSE UNITARIA IN AL/AL	OLANZAPINA	OLANZAPINA	2.5	milligrammi	Compressa rivestita con film	N05AH03	EG S.P.A.	Autorizzata	Procedura Mutuo riconoscimento o Decentrata	Medicinali soggetti a prescrizione medica
040089411	040089	OLANZAPINA EG	5 MG COMPRESSE RIVESTITE CON FILM- 7X1 COMPRESSE IN BLISTER DIVISIBILE PER DOSE UNITARIA IN AL/AL	OLANZAPINA	OLANZAPINA	5	milligrammi	Compressa rivestita con film	N05AH03	EG S.P.A.	Autorizzata	Procedura Mutuo riconoscimento o Decentrata	Medicinali soggetti a prescrizione medica
040089423	040089	OLANZAPINA EG	5 MG COMPRESSE RIVESTITE CON FILM- 10X1 COMPRESSE IN BLISTER DIVISIBILE PER DOSE UNITARIA IN AL/AL	OLANZAPINA	OLANZAPINA	5	milligrammi	Compressa rivestita con film	N05AH03	EG S.P.A.	Autorizzata	Procedura Mutuo riconoscimento o Decentrata	Medicinali soggetti a prescrizione medica
040089435	040089	OLANZAPINA EG	5 MG COMPRESSE RIVESTITE CON FILM- 28X1 COMPRESSE IN BLISTER DIVISIBILE PER DOSE UNITARIA IN AL/AL	OLANZAPINA	OLANZAPINA	5	milligrammi	Compressa rivestita con film	N05AH03	EG S.P.A.	Autorizzata	Procedura Mutuo riconoscimento o Decentrata	Medicinali soggetti a prescrizione medica
040089447	040089	OLANZAPINA EG	5 MG COMPRESSE RIVESTITE CON FILM- 30X1 COMPRESSE IN BLISTER DIVISIBILE PER DOSE UNITARIA IN AL/AL	OLANZAPINA	OLANZAPINA	5	milligrammi	Compressa rivestita con film	N05AH03	EG S.P.A.	Autorizzata	Procedura Mutuo riconoscimento o Decentrata	Medicinali soggetti a prescrizione medica
040089450	040089	OLANZAPINA EG	5 MG COMPRESSE RIVESTITE CON FILM- 50X1 COMPRESSE IN BLISTER DIVISIBILE PER DOSE UNITARIA IN AL/AL	OLANZAPINA	OLANZAPINA	5	milligrammi	Compressa rivestita con film	N05AH03	EG S.P.A.	Autorizzata	Procedura Mutuo riconoscimento o Decentrata	Medicinali soggetti a prescrizione medica
040089462	040089	OLANZAPINA EG	5 MG COMPRESSE RIVESTITE CON FILM- 56X1 COMPRESSE IN BLISTER DIVISIBILE PER DOSE UNITARIA IN AL/AL	OLANZAPINA	OLANZAPINA	5	milligrammi	Compressa rivestita con film	N05AH03	EG S.P.A.	Autorizzata	Procedura Mutuo riconoscimento o Decentrata	Medicinali soggetti a prescrizione medica
040089474	040089	OLANZAPINA EG	5 MG COMPRESSE RIVESTITE CON FILM- 84X1 COMPRESSE IN BLISTER DIVISIBILE PER DOSE UNITARIA IN AL/AL	OLANZAPINA	OLANZAPINA	5	milligrammi	Compressa rivestita con film	N05AH03	EG S.P.A.	Autorizzata	Procedura Mutuo riconoscimento o Decentrata	Medicinali soggetti a prescrizione medica
040089486	040089	OLANZAPINA EG	5 MG COMPRESSE RIVESTITE CON FILM- 98X1 COMPRESSE IN BLISTER DIVISIBILE PER DOSE UNITARIA IN AL/AL	OLANZAPINA	OLANZAPINA	5	milligrammi	Compressa rivestita con film	N05AH03	EG S.P.A.	Autorizzata	Procedura Mutuo riconoscimento o Decentrata	Medicinali soggetti a prescrizione medica
040089498	040089	OLANZAPINA EG	5 MG COMPRESSE RIVESTITE CON FILM- 112X1 COMPRESSE IN BLISTER DIVISIBILE PER DOSE UNITARIA IN AL/AL	OLANZAPINA	OLANZAPINA	5	milligrammi	Compressa rivestita con film	N05AH03	EG S.P.A.	Autorizzata	Procedura Mutuo riconoscimento o Decentrata	Medicinali soggetti a prescrizione medica
040089500	040089	OLANZAPINA EG	10 MG COMPRESSE RIVESTITE CON FILM- 7X1 COMPRESSE IN BLISTER DIVISIBILE PER DOSE UNITARIA IN AL/AL	OLANZAPINA	OLANZAPINA	10	milligrammi	Compressa rivestita con film	N05AH03	EG S.P.A.	Autorizzata	Procedura Mutuo riconoscimento o Decentrata	Medicinali soggetti a prescrizione medica
040089512	040089	OLANZAPINA EG	10 MG COMPRESSE RIVESTITE CON FILM- 10X1 COMPRESSE IN BLISTER DIVISIBILE PER DOSE UNITARIA IN AL/AL	OLANZAPINA	OLANZAPINA	10	milligrammi	Compressa rivestita con film	N05AH03	EG S.P.A.	Autorizzata	Procedura Mutuo riconoscimento o Decentrata	Medicinali soggetti a prescrizione medica
040089524	040089	OLANZAPINA EG	10 MG COMPRESSE RIVESTITE CON FILM- 28X1 COMPRESSE IN BLISTER DIVISIBILE PER DOSE UNITARIA IN AL/AL	OLANZAPINA	OLANZAPINA	10	milligrammi	Compressa rivestita con film	N05AH03	EG S.P.A.	Autorizzata	Procedura Mutuo riconoscimento o Decentrata	Medicinali soggetti a prescrizione medica
040089536	040089	OLANZAPINA EG	10 MG COMPRESSE RIVESTITE CON FILM- 30X1 COMPRESSE IN BLISTER DIVISIBILE PER DOSE UNITARIA IN AL/AL	OLANZAPINA	OLANZAPINA	10	milligrammi	Compressa rivestita con film	N05AH03	EG S.P.A.	Autorizzata	Procedura Mutuo riconoscimento o Decentrata	Medicinali soggetti a prescrizione medica
040089548	040089	OLANZAPINA EG	10 MG COMPRESSE RIVESTITE CON FILM- 50X1 COMPRESSE IN BLISTER DIVISIBILE PER DOSE UNITARIA IN AL/AL	OLANZAPINA	OLANZAPINA	10	milligrammi	Compressa rivestita con film	N05AH03	EG S.P.A.	Autorizzata	Procedura Mutuo riconoscimento o Decentrata	Medicinali soggetti a prescrizione medica
040089551	040089	OLANZAPINA EG	10 MG COMPRESSE RIVESTITE CON FILM- 56X1 COMPRESSE IN BLISTER DIVISIBILE PER DOSE UNITARIA IN AL/AL	OLANZAPINA	OLANZAPINA	10	milligrammi	Compressa rivestita con film	N05AH03	EG S.P.A.	Autorizzata	Procedura Mutuo riconoscimento o Decentrata	Medicinali soggetti a prescrizione medica
040089563	040089	OLANZAPINA EG	10 MG COMPRESSE RIVESTITE CON FILM- 60X1 COMPRESSE IN BLISTER DIVISIBILE PER DOSE UNITARIA IN AL/AL	OLANZAPINA	OLANZAPINA	10	milligrammi	Compressa rivestita con film	N05AH03	EG S.P.A.	Autorizzata	Procedura Mutuo riconoscimento o Decentrata	Medicinali soggetti a prescrizione medica
040089575	040089	OLANZAPINA EG	10 MG COMPRESSE RIVESTITE CON FILM- 84X1 COMPRESSE IN BLISTER DIVISIBILE PER DOSE UNITARIA IN AL/AL	OLANZAPINA	OLANZAPINA	10	milligrammi	Compressa rivestita con film	N05AH03	EG S.P.A.	Autorizzata	Procedura Mutuo riconoscimento o Decentrata	Medicinali soggetti a prescrizione medica
040089587	040089	OLANZAPINA EG	10 MG COMPRESSE RIVESTITE CON FILM- 98X1 COMPRESSE IN BLISTER DIVISIBILE PER DOSE UNITARIA IN AL/AL	OLANZAPINA	OLANZAPINA	10	milligrammi	Compressa rivestita con film	N05AH03	EG S.P.A.	Autorizzata	Procedura Mutuo riconoscimento o Decentrata	Medicinali soggetti a prescrizione medica
040089599	040089	OLANZAPINA EG	10 MG COMPRESSE RIVESTITE CON FILM- 112X1 COMPRESSE IN BLISTER DIVISIBILE PER DOSE UNITARIA IN AL/AL	OLANZAPINA	OLANZAPINA	10	milligrammi	Compressa rivestita con film	N05AH03	EG S.P.A.	Autorizzata	Procedura Mutuo riconoscimento o Decentrata	Medicinali soggetti a prescrizione medica
040223012	040223	OLANZAPINA SUN	2,5 MG COMPRESSE- 28 COMPRESSE IN BLISTER AL/AL	OLANZAPINA	OLANZAPINA			Compressa	N05AH03	SUN PHARMACEUTICAL INDUSTRIES (EUROPE) B.V.	Autorizzata	Procedura Mutuo riconoscimento o Decentrata	Medicinali soggetti a prescrizione medica
040223024	040223	OLANZAPINA SUN	2,5 MG COMPRESSE- 30 COMPRESSE IN FLACONE HDPE	OLANZAPINA	OLANZAPINA			Compressa	N05AH03	SUN PHARMACEUTICAL INDUSTRIES (EUROPE) B.V.	Autorizzata	Procedura Mutuo riconoscimento o Decentrata	Medicinali soggetti a prescrizione medica
040223036	040223	OLANZAPINA SUN	2,5 MG COMPRESSE- 100 COMPRESSE IN FLACONE HDPE	OLANZAPINA	OLANZAPINA			Compressa	N05AH03	SUN PHARMACEUTICAL INDUSTRIES (EUROPE) B.V.	Autorizzata	Procedura Mutuo riconoscimento o Decentrata	Medicinali soggetti a prescrizione medica
040223048	040223	OLANZAPINA SUN	5 MG COMPRESSE- 28 COMPRESSE IN BLISTER AL/AL	OLANZAPINA	OLANZAPINA			Compressa	N05AH03	SUN PHARMACEUTICAL INDUSTRIES (EUROPE) B.V.	Autorizzata	Procedura Mutuo riconoscimento o Decentrata	Medicinali soggetti a prescrizione medica
040223051	040223	OLANZAPINA SUN	5 MG COMPRESSE- 30 COMPRESSE IN FLACONE HDPE	OLANZAPINA	OLANZAPINA			Compressa	N05AH03	SUN PHARMACEUTICAL INDUSTRIES (EUROPE) B.V.	Autorizzata	Procedura Mutuo riconoscimento o Decentrata	Medicinali soggetti a prescrizione medica
040223063	040223	OLANZAPINA SUN	5 MG COMPRESSE- 100 COMPRESSE IN FLACONE HDPE	OLANZAPINA	OLANZAPINA			Compressa	N05AH03	SUN PHARMACEUTICAL INDUSTRIES (EUROPE) B.V.	Autorizzata	Procedura Mutuo riconoscimento o Decentrata	Medicinali soggetti a prescrizione medica
040223075	040223	OLANZAPINA SUN	7,5 MG COMPRESSE- 28 COMPRESSE IN BLISTER AL/AL	OLANZAPINA	OLANZAPINA			Compressa	N05AH03	SUN PHARMACEUTICAL INDUSTRIES (EUROPE) B.V.	Autorizzata	Procedura Mutuo riconoscimento o Decentrata	Medicinali soggetti a prescrizione medica
040223087	040223	OLANZAPINA SUN	7,5 MG COMPRESSE- 30 COMPRESSE IN FLACONE HDPE	OLANZAPINA	OLANZAPINA			Compressa	N05AH03	SUN PHARMACEUTICAL INDUSTRIES (EUROPE) B.V.	Autorizzata	Procedura Mutuo riconoscimento o Decentrata	Medicinali soggetti a prescrizione medica
040223099	040223	OLANZAPINA SUN	7,5 MG COMPRESSE- 100 COMPRESSE IN FLACONE HDPE	OLANZAPINA	OLANZAPINA			Compressa	N05AH03	SUN PHARMACEUTICAL INDUSTRIES (EUROPE) B.V.	Autorizzata	Procedura Mutuo riconoscimento o Decentrata	Medicinali soggetti a prescrizione medica
040223101	040223	OLANZAPINA SUN	10 MG COMPRESSE- 28 COMPRESSE IN BLISTER AL/AL	OLANZAPINA	OLANZAPINA			Compressa	N05AH03	SUN PHARMACEUTICAL INDUSTRIES (EUROPE) B.V.	Autorizzata	Procedura Mutuo riconoscimento o Decentrata	Medicinali soggetti a prescrizione medica
040223113	040223	OLANZAPINA SUN	10 MG COMPRESSE- 30 COMPRESSE IN FLACONE HDPE	OLANZAPINA	OLANZAPINA			Compressa	N05AH03	SUN PHARMACEUTICAL INDUSTRIES (EUROPE) B.V.	Autorizzata	Procedura Mutuo riconoscimento o Decentrata	Medicinali soggetti a prescrizione medica
040223125	040223	OLANZAPINA SUN	10 MG COMPRESSE- 100 COMPRESSE IN FLACONE HDPE	OLANZAPINA	OLANZAPINA			Compressa	N05AH03	SUN PHARMACEUTICAL INDUSTRIES (EUROPE) B.V.	Autorizzata	Procedura Mutuo riconoscimento o Decentrata	Medicinali soggetti a prescrizione medica
040223137	040223	OLANZAPINA SUN	15 MG COMPRESSE- 28 COMPRESSE IN BLISTER AL/AL	OLANZAPINA	OLANZAPINA			Compressa	N05AH03	SUN PHARMACEUTICAL INDUSTRIES (EUROPE) B.V.	Autorizzata	Procedura Mutuo riconoscimento o Decentrata	Medicinali soggetti a prescrizione medica
040223149	040223	OLANZAPINA SUN	15 MG COMPRESSE- 30 COMPRESSE IN FLACONE HDPE	OLANZAPINA	OLANZAPINA			Compressa	N05AH03	SUN PHARMACEUTICAL INDUSTRIES (EUROPE) B.V.	Autorizzata	Procedura Mutuo riconoscimento o Decentrata	Medicinali soggetti a prescrizione medica
040223152	040223	OLANZAPINA SUN	15 MG COMPRESSE- 100 COMPRESSE IN FLACONE HDPE	OLANZAPINA	OLANZAPINA			Compressa	N05AH03	SUN PHARMACEUTICAL INDUSTRIES (EUROPE) B.V.	Autorizzata	Procedura Mutuo riconoscimento o Decentrata	Medicinali soggetti a prescrizione medica
040223164	040223	OLANZAPINA SUN	20 MG COMPRESSE- 28 COMPRESSE IN BLISTER AL/AL	OLANZAPINA	OLANZAPINA			Compressa	N05AH03	SUN PHARMACEUTICAL INDUSTRIES (EUROPE) B.V.	Autorizzata	Procedura Mutuo riconoscimento o Decentrata	Medicinali soggetti a prescrizione medica
040223176	040223	OLANZAPINA SUN	20 MG COMPRESSE- 30 COMPRESSE IN FLACONE HDPE	OLANZAPINA	OLANZAPINA			Compressa	N05AH03	SUN PHARMACEUTICAL INDUSTRIES (EUROPE) B.V.	Autorizzata	Procedura Mutuo riconoscimento o Decentrata	Medicinali soggetti a prescrizione medica
040223188	040223	OLANZAPINA SUN	20 MG COMPRESSE- 100 COMPRESSE IN FLACONE HDPE	OLANZAPINA	OLANZAPINA			Compressa	N05AH03	SUN PHARMACEUTICAL INDUSTRIES (EUROPE) B.V.	Autorizzata	Procedura Mutuo riconoscimento o Decentrata	Medicinali soggetti a prescrizione medica
040223190	040223	OLANZAPINA SUN	5 MG COMPRESSE ORODISPERSIBILI- 28 COMPRESSE IN BLISTER AL/AL MONODOSE	OLANZAPINA	OLANZAPINA			Compressa	N05AH03	SUN PHARMACEUTICAL INDUSTRIES (EUROPE) B.V.	Autorizzata	Procedura Mutuo riconoscimento o Decentrata	Medicinali soggetti a prescrizione medica
040223202	040223	OLANZAPINA SUN	10 MG COMPRESSE ORODISPERSIBILI- 28 COMPRESSE IN BLISTER AL/AL MONODOSE	OLANZAPINA	OLANZAPINA			Compressa	N05AH03	SUN PHARMACEUTICAL INDUSTRIES (EUROPE) B.V.	Autorizzata	Procedura Mutuo riconoscimento o Decentrata	Medicinali soggetti a prescrizione medica
040223214	040223	OLANZAPINA SUN	15 MG COMPRESSE ORODISPERSIBILI- 28 COMPRESSE IN BLISTER AL/AL MONODOSE	OLANZAPINA	OLANZAPINA			Compressa	N05AH03	SUN PHARMACEUTICAL INDUSTRIES (EUROPE) B.V.	Autorizzata	Procedura Mutuo riconoscimento o Decentrata	Medicinali soggetti a prescrizione medica
040223226	040223	OLANZAPINA SUN	20 MG COMPRESSE ORODISPERSIBILI- 28 COMPRESSE IN BLISTER AL/AL MONODOSE	OLANZAPINA	OLANZAPINA			Compressa	N05AH03	SUN PHARMACEUTICAL INDUSTRIES (EUROPE) B.V.	Autorizzata	Procedura Mutuo riconoscimento o Decentrata	Medicinali soggetti a prescrizione medica
040333015	040333	OLANZAPINA SANDOZ	2,5 MG COMPRESSE RIVESTITE CON FILM- 7 COMPRESSE IN BLISTER AL/AL	OLANZAPINA	OLANZAPINA	2.5	milligrammi	Compressa rivestita con film	N05AH03	SANDOZ S.P.A.	Autorizzata	Procedura Mutuo riconoscimento o Decentrata	Medicinali soggetti a prescrizione medica
040333027	040333	OLANZAPINA SANDOZ	2,5 MG COMPRESSE RIVESTITE CON FILM- 10 COMPRESSE IN BLISTER AL/AL	OLANZAPINA	OLANZAPINA	2.5	milligrammi	Compressa rivestita con film	N05AH03	SANDOZ S.P.A.	Autorizzata	Procedura Mutuo riconoscimento o Decentrata	Medicinali soggetti a prescrizione medica
040333039	040333	OLANZAPINA SANDOZ	2,5 MG COMPRESSE RIVESTITE CON FILM- 14 COMPRESSE IN BLISTER AL/AL	OLANZAPINA	OLANZAPINA	2.5	milligrammi	Compressa rivestita con film	N05AH03	SANDOZ S.P.A.	Autorizzata	Procedura Mutuo riconoscimento o Decentrata	Medicinali soggetti a prescrizione medica
040333041	040333	OLANZAPINA SANDOZ	2,5 MG COMPRESSE RIVESTITE CON FILM- 20 COMPRESSE IN BLISTER AL/AL	OLANZAPINA	OLANZAPINA	2.5	milligrammi	Compressa rivestita con film	N05AH03	SANDOZ S.P.A.	Autorizzata	Procedura Mutuo riconoscimento o Decentrata	Medicinali soggetti a prescrizione medica
040333054	040333	OLANZAPINA SANDOZ	2,5 MG COMPRESSE RIVESTITE CON FILM- 28 COMPRESSE IN BLISTER AL/AL	OLANZAPINA	OLANZAPINA	2.5	milligrammi	Compressa rivestita con film	N05AH03	SANDOZ S.P.A.	Autorizzata	Procedura Mutuo riconoscimento o Decentrata	Medicinali soggetti a prescrizione medica
040333066	040333	OLANZAPINA SANDOZ	2,5 MG COMPRESSE RIVESTITE CON FILM- 30 COMPRESSE IN BLISTER AL/AL	OLANZAPINA	OLANZAPINA	2.5	milligrammi	Compressa rivestita con film	N05AH03	SANDOZ S.P.A.	Autorizzata	Procedura Mutuo riconoscimento o Decentrata	Medicinali soggetti a prescrizione medica
040333078	040333	OLANZAPINA SANDOZ	2,5 MG COMPRESSE RIVESTITE CON FILM- 35 COMPRESSE IN BLISTER AL/AL	OLANZAPINA	OLANZAPINA	2.5	milligrammi	Compressa rivestita con film	N05AH03	SANDOZ S.P.A.	Autorizzata	Procedura Mutuo riconoscimento o Decentrata	Medicinali soggetti a prescrizione medica
040333080	040333	OLANZAPINA SANDOZ	2,5 MG COMPRESSE RIVESTITE CON FILM- 50 COMPRESSE IN BLISTER AL/AL	OLANZAPINA	OLANZAPINA	2.5	milligrammi	Compressa rivestita con film	N05AH03	SANDOZ S.P.A.	Autorizzata	Procedura Mutuo riconoscimento o Decentrata	Medicinali soggetti a prescrizione medica
040333092	040333	OLANZAPINA SANDOZ	2,5 MG COMPRESSE RIVESTITE CON FILM- 56 COMPRESSE IN BLISTER AL/AL	OLANZAPINA	OLANZAPINA	2.5	milligrammi	Compressa rivestita con film	N05AH03	SANDOZ S.P.A.	Autorizzata	Procedura Mutuo riconoscimento o Decentrata	Medicinali soggetti a prescrizione medica
040333104	040333	OLANZAPINA SANDOZ	2,5 MG COMPRESSE RIVESTITE CON FILM- 60 COMPRESSE IN BLISTER AL/AL	OLANZAPINA	OLANZAPINA	2.5	milligrammi	Compressa rivestita con film	N05AH03	SANDOZ S.P.A.	Autorizzata	Procedura Mutuo riconoscimento o Decentrata	Medicinali soggetti a prescrizione medica
040333116	040333	OLANZAPINA SANDOZ	2,5 MG COMPRESSE RIVESTITE CON FILM- 70 COMPRESSE IN BLISTER AL/AL	OLANZAPINA	OLANZAPINA	2.5	milligrammi	Compressa rivestita con film	N05AH03	SANDOZ S.P.A.	Autorizzata	Procedura Mutuo riconoscimento o Decentrata	Medicinali soggetti a prescrizione medica
040333128	040333	OLANZAPINA SANDOZ	2,5 MG COMPRESSE RIVESTITE CON FILM- 98 COMPRESSE IN BLISTER AL/AL	OLANZAPINA	OLANZAPINA	2.5	milligrammi	Compressa rivestita con film	N05AH03	SANDOZ S.P.A.	Autorizzata	Procedura Mutuo riconoscimento o Decentrata	Medicinali soggetti a prescrizione medica
040333130	040333	OLANZAPINA SANDOZ	2,5 MG COMPRESSE RIVESTITE CON FILM- 100 COMPRESSE IN BLISTER AL/AL	OLANZAPINA	OLANZAPINA	2.5	milligrammi	Compressa rivestita con film	N05AH03	SANDOZ S.P.A.	Autorizzata	Procedura Mutuo riconoscimento o Decentrata	Medicinali soggetti a prescrizione medica
040333142	040333	OLANZAPINA SANDOZ	2,5 MG COMPRESSE RIVESTITE CON FILM- 500 COMPRESSE IN BLISTER AL/AL	OLANZAPINA	OLANZAPINA	2.5	milligrammi	Compressa rivestita con film	N05AH03	SANDOZ S.P.A.	Autorizzata	Procedura Mutuo riconoscimento o Decentrata	Medicinali soggetti a prescrizione medica
040333155	040333	OLANZAPINA SANDOZ	2,5 MG COMPRESSE RIVESTITE CON FILM- 50 COMPRESSE IN FLACONE HDPE	OLANZAPINA	OLANZAPINA	2.5	milligrammi	Compressa rivestita con film	N05AH03	SANDOZ S.P.A.	Autorizzata	Procedura Mutuo riconoscimento o Decentrata	Medicinali soggetti a prescrizione medica
040333167	040333	OLANZAPINA SANDOZ	2,5 MG COMPRESSE RIVESTITE CON FILM- 100 COMPRESSE IN FLACONE HDPE	OLANZAPINA	OLANZAPINA	2.5	milligrammi	Compressa rivestita con film	N05AH03	SANDOZ S.P.A.	Autorizzata	Procedura Mutuo riconoscimento o Decentrata	Medicinali soggetti a prescrizione medica
040333179	040333	OLANZAPINA SANDOZ	2,5 MG COMPRESSE RIVESTITE CON FILM- 500 COMPRESSE IN FLACONE HDPE	OLANZAPINA	OLANZAPINA	2.5	milligrammi	Compressa rivestita con film	N05AH03	SANDOZ S.P.A.	Autorizzata	Procedura Mutuo riconoscimento o Decentrata	Medicinali soggetti a prescrizione medica
040333181	040333	OLANZAPINA SANDOZ	5 MG COMPRESSE RIVESTITE CON FILM- 7 COMPRESSE IN BLISTER AL/AL	OLANZAPINA	OLANZAPINA	5	milligrammi	Compressa rivestita con film	N05AH03	SANDOZ S.P.A.	Autorizzata	Procedura Mutuo riconoscimento o Decentrata	Medicinali soggetti a prescrizione medica
040333193	040333	OLANZAPINA SANDOZ	5 MG COMPRESSE RIVESTITE CON FILM- 10 COMPRESSE IN BLISTER AL/AL	OLANZAPINA	OLANZAPINA	5	milligrammi	Compressa rivestita con film	N05AH03	SANDOZ S.P.A.	Autorizzata	Procedura Mutuo riconoscimento o Decentrata	Medicinali soggetti a prescrizione medica
040333205	040333	OLANZAPINA SANDOZ	5 MG COMPRESSE RIVESTITE CON FILM- 14 COMPRESSE IN BLISTER AL/AL	OLANZAPINA	OLANZAPINA	5	milligrammi	Compressa rivestita con film	N05AH03	SANDOZ S.P.A.	Autorizzata	Procedura Mutuo riconoscimento o Decentrata	Medicinali soggetti a prescrizione medica
040333217	040333	OLANZAPINA SANDOZ	5 MG COMPRESSE RIVESTITE CON FILM- 20 COMPRESSE IN BLISTER AL/AL	OLANZAPINA	OLANZAPINA	5	milligrammi	Compressa rivestita con film	N05AH03	SANDOZ S.P.A.	Autorizzata	Procedura Mutuo riconoscimento o Decentrata	Medicinali soggetti a prescrizione medica
040333229	040333	OLANZAPINA SANDOZ	5 MG COMPRESSE RIVESTITE CON FILM- 28 COMPRESSE IN BLISTER AL/AL	OLANZAPINA	OLANZAPINA	5	milligrammi	Compressa rivestita con film	N05AH03	SANDOZ S.P.A.	Autorizzata	Procedura Mutuo riconoscimento o Decentrata	Medicinali soggetti a prescrizione medica
040333231	040333	OLANZAPINA SANDOZ	5 MG COMPRESSE RIVESTITE CON FILM- 30 COMPRESSE IN BLISTER AL/AL	OLANZAPINA	OLANZAPINA	5	milligrammi	Compressa rivestita con film	N05AH03	SANDOZ S.P.A.	Autorizzata	Procedura Mutuo riconoscimento o Decentrata	Medicinali soggetti a prescrizione medica
040333243	040333	OLANZAPINA SANDOZ	5 MG COMPRESSE RIVESTITE CON FILM- 35 COMPRESSE IN BLISTER AL/AL	OLANZAPINA	OLANZAPINA	5	milligrammi	Compressa rivestita con film	N05AH03	SANDOZ S.P.A.	Autorizzata	Procedura Mutuo riconoscimento o Decentrata	Medicinali soggetti a prescrizione medica
040333256	040333	OLANZAPINA SANDOZ	5 MG COMPRESSE RIVESTITE CON FILM- 50 COMPRESSE IN BLISTER AL/AL	OLANZAPINA	OLANZAPINA	5	milligrammi	Compressa rivestita con film	N05AH03	SANDOZ S.P.A.	Autorizzata	Procedura Mutuo riconoscimento o Decentrata	Medicinali soggetti a prescrizione medica
040333268	040333	OLANZAPINA SANDOZ	5 MG COMPRESSE RIVESTITE CON FILM- 56 COMPRESSE IN BLISTER AL/AL	OLANZAPINA	OLANZAPINA	5	milligrammi	Compressa rivestita con film	N05AH03	SANDOZ S.P.A.	Autorizzata	Procedura Mutuo riconoscimento o Decentrata	Medicinali soggetti a prescrizione medica
040333270	040333	OLANZAPINA SANDOZ	5 MG COMPRESSE RIVESTITE CON FILM- 60 COMPRESSE IN BLISTER AL/AL	OLANZAPINA	OLANZAPINA	5	milligrammi	Compressa rivestita con film	N05AH03	SANDOZ S.P.A.	Autorizzata	Procedura Mutuo riconoscimento o Decentrata	Medicinali soggetti a prescrizione medica
040333282	040333	OLANZAPINA SANDOZ	5 MG COMPRESSE RIVESTITE CON FILM- 70 COMPRESSE IN BLISTER AL/AL	OLANZAPINA	OLANZAPINA	5	milligrammi	Compressa rivestita con film	N05AH03	SANDOZ S.P.A.	Autorizzata	Procedura Mutuo riconoscimento o Decentrata	Medicinali soggetti a prescrizione medica
040333294	040333	OLANZAPINA SANDOZ	5 MG COMPRESSE RIVESTITE CON FILM- 98 COMPRESSE IN BLISTER AL/AL	OLANZAPINA	OLANZAPINA	5	milligrammi	Compressa rivestita con film	N05AH03	SANDOZ S.P.A.	Autorizzata	Procedura Mutuo riconoscimento o Decentrata	Medicinali soggetti a prescrizione medica
040333306	040333	OLANZAPINA SANDOZ	5 MG COMPRESSE RIVESTITE CON FILM- 100 COMPRESSE IN BLISTER AL/AL	OLANZAPINA	OLANZAPINA	5	milligrammi	Compressa rivestita con film	N05AH03	SANDOZ S.P.A.	Autorizzata	Procedura Mutuo riconoscimento o Decentrata	Medicinali soggetti a prescrizione medica
040333318	040333	OLANZAPINA SANDOZ	5 MG COMPRESSE RIVESTITE CON FILM- 500 COMPRESSE IN BLISTER AL/AL	OLANZAPINA	OLANZAPINA	5	milligrammi	Compressa rivestita con film	N05AH03	SANDOZ S.P.A.	Autorizzata	Procedura Mutuo riconoscimento o Decentrata	Medicinali soggetti a prescrizione medica
040333320	040333	OLANZAPINA SANDOZ	5 MG COMPRESSE RIVESTITE CON FILM- 50 COMPRESSE IN FLACONE HDPE	OLANZAPINA	OLANZAPINA	5	milligrammi	Compressa rivestita con film	N05AH03	SANDOZ S.P.A.	Autorizzata	Procedura Mutuo riconoscimento o Decentrata	Medicinali soggetti a prescrizione medica
040333332	040333	OLANZAPINA SANDOZ	5 MG COMPRESSE RIVESTITE CON FILM- 100 COMPRESSE IN FLACONE HDPE	OLANZAPINA	OLANZAPINA	5	milligrammi	Compressa rivestita con film	N05AH03	SANDOZ S.P.A.	Autorizzata	Procedura Mutuo riconoscimento o Decentrata	Medicinali soggetti a prescrizione medica
040333344	040333	OLANZAPINA SANDOZ	5 MG COMPRESSE RIVESTITE CON FILM- 500 COMPRESSE IN FLACONE HDPE	OLANZAPINA	OLANZAPINA	5	milligrammi	Compressa rivestita con film	N05AH03	SANDOZ S.P.A.	Autorizzata	Procedura Mutuo riconoscimento o Decentrata	Medicinali soggetti a prescrizione medica
040333357	040333	OLANZAPINA SANDOZ	10 MG COMPRESSE RIVESTITE CON FILM- 7 COMPRESSE IN BLISTER AL/AL	OLANZAPINA	OLANZAPINA	10	milligrammi	Compressa rivestita con film	N05AH03	SANDOZ S.P.A.	Autorizzata	Procedura Mutuo riconoscimento o Decentrata	Medicinali soggetti a prescrizione medica
040333369	040333	OLANZAPINA SANDOZ	10 MG COMPRESSE RIVESTITE CON FILM- 10 COMPRESSE IN BLISTER AL/AL	OLANZAPINA	OLANZAPINA	10	milligrammi	Compressa rivestita con film	N05AH03	SANDOZ S.P.A.	Autorizzata	Procedura Mutuo riconoscimento o Decentrata	Medicinali soggetti a prescrizione medica
040333371	040333	OLANZAPINA SANDOZ	10 MG COMPRESSE RIVESTITE CON FILM- 14 COMPRESSE IN BLISTER AL/AL	OLANZAPINA	OLANZAPINA	10	milligrammi	Compressa rivestita con film	N05AH03	SANDOZ S.P.A.	Autorizzata	Procedura Mutuo riconoscimento o Decentrata	Medicinali soggetti a prescrizione medica
040333383	040333	OLANZAPINA SANDOZ	10 MG COMPRESSE RIVESTITE CON FILM- 20 COMPRESSE IN BLISTER AL/AL	OLANZAPINA	OLANZAPINA	10	milligrammi	Compressa rivestita con film	N05AH03	SANDOZ S.P.A.	Autorizzata	Procedura Mutuo riconoscimento o Decentrata	Medicinali soggetti a prescrizione medica
040333395	040333	OLANZAPINA SANDOZ	10 MG COMPRESSE RIVESTITE CON FILM- 28 COMPRESSE IN BLISTER AL/AL	OLANZAPINA	OLANZAPINA	10	milligrammi	Compressa rivestita con film	N05AH03	SANDOZ S.P.A.	Autorizzata	Procedura Mutuo riconoscimento o Decentrata	Medicinali soggetti a prescrizione medica
040333407	040333	OLANZAPINA SANDOZ	10 MG COMPRESSE RIVESTITE CON FILM- 30 COMPRESSE IN BLISTER AL/AL	OLANZAPINA	OLANZAPINA	10	milligrammi	Compressa rivestita con film	N05AH03	SANDOZ S.P.A.	Autorizzata	Procedura Mutuo riconoscimento o Decentrata	Medicinali soggetti a prescrizione medica
040333419	040333	OLANZAPINA SANDOZ	10 MG COMPRESSE RIVESTITE CON FILM- 35 COMPRESSE IN BLISTER AL/AL	OLANZAPINA	OLANZAPINA	10	milligrammi	Compressa rivestita con film	N05AH03	SANDOZ S.P.A.	Autorizzata	Procedura Mutuo riconoscimento o Decentrata	Medicinali soggetti a prescrizione medica
040333421	040333	OLANZAPINA SANDOZ	10 MG COMPRESSE RIVESTITE CON FILM- 50 COMPRESSE IN BLISTER AL/AL	OLANZAPINA	OLANZAPINA	10	milligrammi	Compressa rivestita con film	N05AH03	SANDOZ S.P.A.	Autorizzata	Procedura Mutuo riconoscimento o Decentrata	Medicinali soggetti a prescrizione medica
040333433	040333	OLANZAPINA SANDOZ	10 MG COMPRESSE RIVESTITE CON FILM- 56 COMPRESSE IN BLISTER AL/AL	OLANZAPINA	OLANZAPINA	10	milligrammi	Compressa rivestita con film	N05AH03	SANDOZ S.P.A.	Autorizzata	Procedura Mutuo riconoscimento o Decentrata	Medicinali soggetti a prescrizione medica
040333445	040333	OLANZAPINA SANDOZ	10 MG COMPRESSE RIVESTITE CON FILM- 60 COMPRESSE IN BLISTER AL/AL	OLANZAPINA	OLANZAPINA	10	milligrammi	Compressa rivestita con film	N05AH03	SANDOZ S.P.A.	Autorizzata	Procedura Mutuo riconoscimento o Decentrata	Medicinali soggetti a prescrizione medica
040333458	040333	OLANZAPINA SANDOZ	10 MG COMPRESSE RIVESTITE CON FILM- 70 COMPRESSE IN BLISTER AL/AL	OLANZAPINA	OLANZAPINA	10	milligrammi	Compressa rivestita con film	N05AH03	SANDOZ S.P.A.	Autorizzata	Procedura Mutuo riconoscimento o Decentrata	Medicinali soggetti a prescrizione medica
040333460	040333	OLANZAPINA SANDOZ	10 MG COMPRESSE RIVESTITE CON FILM- 98 COMPRESSE IN BLISTER AL/AL	OLANZAPINA	OLANZAPINA	10	milligrammi	Compressa rivestita con film	N05AH03	SANDOZ S.P.A.	Autorizzata	Procedura Mutuo riconoscimento o Decentrata	Medicinali soggetti a prescrizione medica
040333472	040333	OLANZAPINA SANDOZ	10 MG COMPRESSE RIVESTITE CON FILM- 100 COMPRESSE IN BLISTER AL/AL	OLANZAPINA	OLANZAPINA	10	milligrammi	Compressa rivestita con film	N05AH03	SANDOZ S.P.A.	Autorizzata	Procedura Mutuo riconoscimento o Decentrata	Medicinali soggetti a prescrizione medica
040333484	040333	OLANZAPINA SANDOZ	10 MG COMPRESSE RIVESTITE CON FILM- 500 COMPRESSE IN BLISTER AL/AL	OLANZAPINA	OLANZAPINA	10	milligrammi	Compressa rivestita con film	N05AH03	SANDOZ S.P.A.	Autorizzata	Procedura Mutuo riconoscimento o Decentrata	Medicinali soggetti a prescrizione medica
040333496	040333	OLANZAPINA SANDOZ	10 MG COMPRESSE RIVESTITE CON FILM- 50 COMPRESSE IN FLACONE HDPE	OLANZAPINA	OLANZAPINA	10	milligrammi	Compressa rivestita con film	N05AH03	SANDOZ S.P.A.	Autorizzata	Procedura Mutuo riconoscimento o Decentrata	Medicinali soggetti a prescrizione medica
040333508	040333	OLANZAPINA SANDOZ	10 MG COMPRESSE RIVESTITE CON FILM- 100 COMPRESSE IN FLACONE HDPE	OLANZAPINA	OLANZAPINA	10	milligrammi	Compressa rivestita con film	N05AH03	SANDOZ S.P.A.	Autorizzata	Procedura Mutuo riconoscimento o Decentrata	Medicinali soggetti a prescrizione medica
040333510	040333	OLANZAPINA SANDOZ	10 MG COMPRESSE RIVESTITE CON FILM- 500 COMPRESSE IN FLACONE HDPE	OLANZAPINA	OLANZAPINA	10	milligrammi	Compressa rivestita con film	N05AH03	SANDOZ S.P.A.	Autorizzata	Procedura Mutuo riconoscimento o Decentrata	Medicinali soggetti a prescrizione medica
040429019	040429	OLANZAPINA AUROBINDO	2,5 MG COMPRESSE- 7 COMPRESSE IN BLISTER PVC/PA/AL/PVC-AL	OLANZAPINA	OLANZAPINA	2.5	milligrammi	Compressa	N05AH03	AUROBINDO PHARMA (ITALIA) S.R.L.	Autorizzata	Procedura Mutuo riconoscimento o Decentrata	Medicinali soggetti a prescrizione medica
040429021	040429	OLANZAPINA AUROBINDO	2,5 MG COMPRESSE- 14 COMPRESSE IN BLISTER PVC/PA/AL/PVC-AL	OLANZAPINA	OLANZAPINA	2.5	milligrammi	Compressa	N05AH03	AUROBINDO PHARMA (ITALIA) S.R.L.	Autorizzata	Procedura Mutuo riconoscimento o Decentrata	Medicinali soggetti a prescrizione medica
040429033	040429	OLANZAPINA AUROBINDO	2,5 MG COMPRESSE- 28 COMPRESSE IN BLISTER PVC/PA/AL/PVC-AL	OLANZAPINA	OLANZAPINA	2.5	milligrammi	Compressa	N05AH03	AUROBINDO PHARMA (ITALIA) S.R.L.	Autorizzata	Procedura Mutuo riconoscimento o Decentrata	Medicinali soggetti a prescrizione medica
040429045	040429	OLANZAPINA AUROBINDO	2,5 MG COMPRESSE- 30 COMPRESSE IN BLISTER PVC/PA/AL/PVC-AL	OLANZAPINA	OLANZAPINA	2.5	milligrammi	Compressa	N05AH03	AUROBINDO PHARMA (ITALIA) S.R.L.	Autorizzata	Procedura Mutuo riconoscimento o Decentrata	Medicinali soggetti a prescrizione medica
040429058	040429	OLANZAPINA AUROBINDO	2,5 MG COMPRESSE- 35 COMPRESSE IN BLISTER PVC/PA/AL/PVC-AL	OLANZAPINA	OLANZAPINA	2.5	milligrammi	Compressa	N05AH03	AUROBINDO PHARMA (ITALIA) S.R.L.	Autorizzata	Procedura Mutuo riconoscimento o Decentrata	Medicinali soggetti a prescrizione medica
040429060	040429	OLANZAPINA AUROBINDO	2,5 MG COMPRESSE- 50 COMPRESSE IN BLISTER PVC/PA/AL/PVC-AL	OLANZAPINA	OLANZAPINA	2.5	milligrammi	Compressa	N05AH03	AUROBINDO PHARMA (ITALIA) S.R.L.	Autorizzata	Procedura Mutuo riconoscimento o Decentrata	Medicinali soggetti a prescrizione medica
040429072	040429	OLANZAPINA AUROBINDO	2,5 MG COMPRESSE- 56 COMPRESSE IN BLISTER PVC/PA/AL/PVC-AL	OLANZAPINA	OLANZAPINA	2.5	milligrammi	Compressa	N05AH03	AUROBINDO PHARMA (ITALIA) S.R.L.	Autorizzata	Procedura Mutuo riconoscimento o Decentrata	Medicinali soggetti a prescrizione medica
040429084	040429	OLANZAPINA AUROBINDO	2,5 MG COMPRESSE- 70 COMPRESSE IN BLISTER PVC/PA/AL/PVC-AL	OLANZAPINA	OLANZAPINA	2.5	milligrammi	Compressa	N05AH03	AUROBINDO PHARMA (ITALIA) S.R.L.	Autorizzata	Procedura Mutuo riconoscimento o Decentrata	Medicinali soggetti a prescrizione medica
040429096	040429	OLANZAPINA AUROBINDO	2,5 MG COMPRESSE- 96 COMPRESSE IN BLISTER PVC/PA/AL/PVC-AL	OLANZAPINA	OLANZAPINA	2.5	milligrammi	Compressa	N05AH03	AUROBINDO PHARMA (ITALIA) S.R.L.	Autorizzata	Procedura Mutuo riconoscimento o Decentrata	Medicinali soggetti a prescrizione medica
040429108	040429	OLANZAPINA AUROBINDO	2,5 MG COMPRESSE- 98 COMPRESSE IN BLISTER PVC/PA/AL/PVC-AL	OLANZAPINA	OLANZAPINA	2.5	milligrammi	Compressa	N05AH03	AUROBINDO PHARMA (ITALIA) S.R.L.	Autorizzata	Procedura Mutuo riconoscimento o Decentrata	Medicinali soggetti a prescrizione medica
040429110	040429	OLANZAPINA AUROBINDO	2,5 MG COMPRESSE- 100 COMPRESSE IN BLISTER PVC/PA/AL/PVC-AL	OLANZAPINA	OLANZAPINA	2.5	milligrammi	Compressa	N05AH03	AUROBINDO PHARMA (ITALIA) S.R.L.	Autorizzata	Procedura Mutuo riconoscimento o Decentrata	Medicinali soggetti a prescrizione medica
040429122	040429	OLANZAPINA AUROBINDO	5 MG COMPRESSE- 7 COMPRESSE IN BLISTER PVC/PA/AL/PVC-AL	OLANZAPINA	OLANZAPINA	5	milligrammi	Compressa	N05AH03	AUROBINDO PHARMA (ITALIA) S.R.L.	Autorizzata	Procedura Mutuo riconoscimento o Decentrata	Medicinali soggetti a prescrizione medica
040429134	040429	OLANZAPINA AUROBINDO	5 MG COMPRESSE- 14 COMPRESSE IN BLISTER PVC/PA/AL/PVC-AL	OLANZAPINA	OLANZAPINA	5	milligrammi	Compressa	N05AH03	AUROBINDO PHARMA (ITALIA) S.R.L.	Autorizzata	Procedura Mutuo riconoscimento o Decentrata	Medicinali soggetti a prescrizione medica
040429146	040429	OLANZAPINA AUROBINDO	5 MG COMPRESSE- 28 COMPRESSE IN BLISTER PVC/PA/AL/PVC-AL	OLANZAPINA	OLANZAPINA	5	milligrammi	Compressa	N05AH03	AUROBINDO PHARMA (ITALIA) S.R.L.	Autorizzata	Procedura Mutuo riconoscimento o Decentrata	Medicinali soggetti a prescrizione medica
040429159	040429	OLANZAPINA AUROBINDO	5 MG COMPRESSE- 30 COMPRESSE IN BLISTER PVC/PA/AL/PVC-AL	OLANZAPINA	OLANZAPINA	5	milligrammi	Compressa	N05AH03	AUROBINDO PHARMA (ITALIA) S.R.L.	Autorizzata	Procedura Mutuo riconoscimento o Decentrata	Medicinali soggetti a prescrizione medica
040429161	040429	OLANZAPINA AUROBINDO	5 MG COMPRESSE- 35 COMPRESSE IN BLISTER PVC/PA/AL/PVC-AL	OLANZAPINA	OLANZAPINA	5	milligrammi	Compressa	N05AH03	AUROBINDO PHARMA (ITALIA) S.R.L.	Autorizzata	Procedura Mutuo riconoscimento o Decentrata	Medicinali soggetti a prescrizione medica
040429173	040429	OLANZAPINA AUROBINDO	5 MG COMPRESSE- 50 COMPRESSE IN BLISTER PVC/PA/AL/PVC-AL	OLANZAPINA	OLANZAPINA	5	milligrammi	Compressa	N05AH03	AUROBINDO PHARMA (ITALIA) S.R.L.	Autorizzata	Procedura Mutuo riconoscimento o Decentrata	Medicinali soggetti a prescrizione medica
040429185	040429	OLANZAPINA AUROBINDO	5 MG COMPRESSE- 56 COMPRESSE IN BLISTER PVC/PA/AL/PVC-AL	OLANZAPINA	OLANZAPINA	5	milligrammi	Compressa	N05AH03	AUROBINDO PHARMA (ITALIA) S.R.L.	Autorizzata	Procedura Mutuo riconoscimento o Decentrata	Medicinali soggetti a prescrizione medica
040429197	040429	OLANZAPINA AUROBINDO	5 MG COMPRESSE- 70 COMPRESSE IN BLISTER PVC/PA/AL/PVC-AL	OLANZAPINA	OLANZAPINA	5	milligrammi	Compressa	N05AH03	AUROBINDO PHARMA (ITALIA) S.R.L.	Autorizzata	Procedura Mutuo riconoscimento o Decentrata	Medicinali soggetti a prescrizione medica
040429209	040429	OLANZAPINA AUROBINDO	5 MG COMPRESSE- 96 COMPRESSE IN BLISTER PVC/PA/AL/PVC-AL	OLANZAPINA	OLANZAPINA	5	milligrammi	Compressa	N05AH03	AUROBINDO PHARMA (ITALIA) S.R.L.	Autorizzata	Procedura Mutuo riconoscimento o Decentrata	Medicinali soggetti a prescrizione medica
040429211	040429	OLANZAPINA AUROBINDO	5 MG COMPRESSE- 98 COMPRESSE IN BLISTER PVC/PA/AL/PVC-AL	OLANZAPINA	OLANZAPINA	5	milligrammi	Compressa	N05AH03	AUROBINDO PHARMA (ITALIA) S.R.L.	Autorizzata	Procedura Mutuo riconoscimento o Decentrata	Medicinali soggetti a prescrizione medica
040429223	040429	OLANZAPINA AUROBINDO	5 MG COMPRESSE- 100 COMPRESSE IN BLISTER PVC/PA/AL/PVC-AL	OLANZAPINA	OLANZAPINA	5	milligrammi	Compressa	N05AH03	AUROBINDO PHARMA (ITALIA) S.R.L.	Autorizzata	Procedura Mutuo riconoscimento o Decentrata	Medicinali soggetti a prescrizione medica
040429235	040429	OLANZAPINA AUROBINDO	10 MG COMPRESSE- 7 COMPRESSE IN BLISTER PVC/PA/AL/PVC-AL	OLANZAPINA	OLANZAPINA	10	milligrammi	Compressa	N05AH03	AUROBINDO PHARMA (ITALIA) S.R.L.	Autorizzata	Procedura Mutuo riconoscimento o Decentrata	Medicinali soggetti a prescrizione medica
040429247	040429	OLANZAPINA AUROBINDO	10 MG COMPRESSE- 14 COMPRESSE IN BLISTER PVC/PA/AL/PVC-AL	OLANZAPINA	OLANZAPINA	10	milligrammi	Compressa	N05AH03	AUROBINDO PHARMA (ITALIA) S.R.L.	Autorizzata	Procedura Mutuo riconoscimento o Decentrata	Medicinali soggetti a prescrizione medica
040429250	040429	OLANZAPINA AUROBINDO	10 MG COMPRESSE- 28 COMPRESSE IN BLISTER PVC/PA/AL/PVC-AL	OLANZAPINA	OLANZAPINA	10	milligrammi	Compressa	N05AH03	AUROBINDO PHARMA (ITALIA) S.R.L.	Autorizzata	Procedura Mutuo riconoscimento o Decentrata	Medicinali soggetti a prescrizione medica
040429262	040429	OLANZAPINA AUROBINDO	10 MG COMPRESSE- 30 COMPRESSE IN BLISTER PVC/PA/AL/PVC-AL	OLANZAPINA	OLANZAPINA	10	milligrammi	Compressa	N05AH03	AUROBINDO PHARMA (ITALIA) S.R.L.	Autorizzata	Procedura Mutuo riconoscimento o Decentrata	Medicinali soggetti a prescrizione medica
040429274	040429	OLANZAPINA AUROBINDO	10 MG COMPRESSE- 35 COMPRESSE IN BLISTER PVC/PA/AL/PVC-AL	OLANZAPINA	OLANZAPINA	10	milligrammi	Compressa	N05AH03	AUROBINDO PHARMA (ITALIA) S.R.L.	Autorizzata	Procedura Mutuo riconoscimento o Decentrata	Medicinali soggetti a prescrizione medica
040429286	040429	OLANZAPINA AUROBINDO	10 MG COMPRESSE- 50 COMPRESSE IN BLISTER PVC/PA/AL/PVC-AL	OLANZAPINA	OLANZAPINA	10	milligrammi	Compressa	N05AH03	AUROBINDO PHARMA (ITALIA) S.R.L.	Autorizzata	Procedura Mutuo riconoscimento o Decentrata	Medicinali soggetti a prescrizione medica
040429298	040429	OLANZAPINA AUROBINDO	10 MG COMPRESSE- 56 COMPRESSE IN BLISTER PVC/PA/AL/PVC-AL	OLANZAPINA	OLANZAPINA	10	milligrammi	Compressa	N05AH03	AUROBINDO PHARMA (ITALIA) S.R.L.	Autorizzata	Procedura Mutuo riconoscimento o Decentrata	Medicinali soggetti a prescrizione medica
040429300	040429	OLANZAPINA AUROBINDO	10 MG COMPRESSE- 70 COMPRESSE IN BLISTER PVC/PA/AL/PVC-AL	OLANZAPINA	OLANZAPINA	10	milligrammi	Compressa	N05AH03	AUROBINDO PHARMA (ITALIA) S.R.L.	Autorizzata	Procedura Mutuo riconoscimento o Decentrata	Medicinali soggetti a prescrizione medica
040429312	040429	OLANZAPINA AUROBINDO	10 MG COMPRESSE- 96 COMPRESSE IN BLISTER PVC/PA/AL/PVC-AL	OLANZAPINA	OLANZAPINA	10	milligrammi	Compressa	N05AH03	AUROBINDO PHARMA (ITALIA) S.R.L.	Autorizzata	Procedura Mutuo riconoscimento o Decentrata	Medicinali soggetti a prescrizione medica
040429324	040429	OLANZAPINA AUROBINDO	10 MG COMPRESSE- 98 COMPRESSE IN BLISTER PVC/PA/AL/PVC-AL	OLANZAPINA	OLANZAPINA	10	milligrammi	Compressa	N05AH03	AUROBINDO PHARMA (ITALIA) S.R.L.	Autorizzata	Procedura Mutuo riconoscimento o Decentrata	Medicinali soggetti a prescrizione medica
040429336	040429	OLANZAPINA AUROBINDO	10 MG COMPRESSE- 100 COMPRESSE IN BLISTER PVC/PA/AL/PVC-AL	OLANZAPINA	OLANZAPINA	10	milligrammi	Compressa	N05AH03	AUROBINDO PHARMA (ITALIA) S.R.L.	Autorizzata	Procedura Mutuo riconoscimento o Decentrata	Medicinali soggetti a prescrizione medica
040429348	040429	OLANZAPINA AUROBINDO	2,5 MG COMPRESSE- 30 COMPRESSE IN FLACONE HDPE	OLANZAPINA	OLANZAPINA	2.5	milligrammi	Compressa	N05AH03	AUROBINDO PHARMA (ITALIA) S.R.L.	Autorizzata	Procedura Mutuo riconoscimento o Decentrata	Medicinali soggetti a prescrizione medica
040429351	040429	OLANZAPINA AUROBINDO	2,5 MG COMPRESSE- 1000 COMPRESSE IN FLACONE HDPE	OLANZAPINA	OLANZAPINA	2.5	milligrammi	Compressa	N05AH03	AUROBINDO PHARMA (ITALIA) S.R.L.	Autorizzata	Procedura Mutuo riconoscimento o Decentrata	Medicinali soggetti a prescrizione medica
040429363	040429	OLANZAPINA AUROBINDO	5 MG COMPRESSE- 30 COMPRESSE IN FLACONE HDPE	OLANZAPINA	OLANZAPINA	5	milligrammi	Compressa	N05AH03	AUROBINDO PHARMA (ITALIA) S.R.L.	Autorizzata	Procedura Mutuo riconoscimento o Decentrata	Medicinali soggetti a prescrizione medica
040429375	040429	OLANZAPINA AUROBINDO	5 MG COMPRESSE- 1000 COMPRESSE IN FLACONE HDPE	OLANZAPINA	OLANZAPINA	5	milligrammi	Compressa	N05AH03	AUROBINDO PHARMA (ITALIA) S.R.L.	Autorizzata	Procedura Mutuo riconoscimento o Decentrata	Medicinali soggetti a prescrizione medica
040429387	040429	OLANZAPINA AUROBINDO	10 MG COMPRESSE- 30 COMPRESSE IN FLACONE HDPE	OLANZAPINA	OLANZAPINA	10	milligrammi	Compressa	N05AH03	AUROBINDO PHARMA (ITALIA) S.R.L.	Autorizzata	Procedura Mutuo riconoscimento o Decentrata	Medicinali soggetti a prescrizione medica
040429399	040429	OLANZAPINA AUROBINDO	10 MG COMPRESSE- 1000 COMPRESSE IN FLACONE HDPE	OLANZAPINA	OLANZAPINA	10	milligrammi	Compressa	N05AH03	AUROBINDO PHARMA (ITALIA) S.R.L.	Autorizzata	Procedura Mutuo riconoscimento o Decentrata	Medicinali soggetti a prescrizione medica
040429401	040429	OLANZAPINA AUROBINDO	7,5 MG COMPRESSE- 7 COMPRESSE IN BLISTER PVC/PO/AL/PVC/AL	OLANZAPINA	OLANZAPINA	7.5	milligrammi	Compressa	N05AH03	AUROBINDO PHARMA (ITALIA) S.R.L.	Autorizzata	Procedura Mutuo riconoscimento o Decentrata	Medicinali soggetti a prescrizione medica
040429413	040429	OLANZAPINA AUROBINDO	7,5 MG COMPRESSE- 14 COMPRESSE IN BLISTER PVC/PO/AL/PVC/AL	OLANZAPINA	OLANZAPINA	7.5	milligrammi	Compressa	N05AH03	AUROBINDO PHARMA (ITALIA) S.R.L.	Autorizzata	Procedura Mutuo riconoscimento o Decentrata	Medicinali soggetti a prescrizione medica
040429425	040429	OLANZAPINA AUROBINDO	7,5 MG COMPRESSE- 28 COMPRESSE IN BLISTER PVC/PO/AL/PVC/AL	OLANZAPINA	OLANZAPINA	7.5	milligrammi	Compressa	N05AH03	AUROBINDO PHARMA (ITALIA) S.R.L.	Autorizzata	Procedura Mutuo riconoscimento o Decentrata	Medicinali soggetti a prescrizione medica
040429437	040429	OLANZAPINA AUROBINDO	7,5 MG COMPRESSE- 30 COMPRESSE IN BLISTER PVC/PO/AL/PVC/AL	OLANZAPINA	OLANZAPINA	7.5	milligrammi	Compressa	N05AH03	AUROBINDO PHARMA (ITALIA) S.R.L.	Autorizzata	Procedura Mutuo riconoscimento o Decentrata	Medicinali soggetti a prescrizione medica
040429449	040429	OLANZAPINA AUROBINDO	7,5 MG COMPRESSE- 35 COMPRESSE IN BLISTER PVC/PO/AL/PVC/AL	OLANZAPINA	OLANZAPINA	7.5	milligrammi	Compressa	N05AH03	AUROBINDO PHARMA (ITALIA) S.R.L.	Autorizzata	Procedura Mutuo riconoscimento o Decentrata	Medicinali soggetti a prescrizione medica
040429452	040429	OLANZAPINA AUROBINDO	7,5 MG COMPRESSE- 50 COMPRESSE IN BLISTER PVC/PO/AL/PVC/AL	OLANZAPINA	OLANZAPINA	7.5	milligrammi	Compressa	N05AH03	AUROBINDO PHARMA (ITALIA) S.R.L.	Autorizzata	Procedura Mutuo riconoscimento o Decentrata	Medicinali soggetti a prescrizione medica
040429464	040429	OLANZAPINA AUROBINDO	7,5 MG COMPRESSE- 56 COMPRESSE IN BLISTER PVC/PO/AL/PVC/AL	OLANZAPINA	OLANZAPINA	7.5	milligrammi	Compressa	N05AH03	AUROBINDO PHARMA (ITALIA) S.R.L.	Autorizzata	Procedura Mutuo riconoscimento o Decentrata	Medicinali soggetti a prescrizione medica
040429476	040429	OLANZAPINA AUROBINDO	7,5 MG COMPRESSE- 70 COMPRESSE IN BLISTER PVC/PO/AL/PVC/AL	OLANZAPINA	OLANZAPINA	7.5	milligrammi	Compressa	N05AH03	AUROBINDO PHARMA (ITALIA) S.R.L.	Autorizzata	Procedura Mutuo riconoscimento o Decentrata	Medicinali soggetti a prescrizione medica
040429488	040429	OLANZAPINA AUROBINDO	7,5 MG COMPRESSE- 96 COMPRESSE IN BLISTER PVC/PO/AL/PVC/AL	OLANZAPINA	OLANZAPINA	7.5	milligrammi	Compressa	N05AH03	AUROBINDO PHARMA (ITALIA) S.R.L.	Autorizzata	Procedura Mutuo riconoscimento o Decentrata	Medicinali soggetti a prescrizione medica
040429490	040429	OLANZAPINA AUROBINDO	7,5 MG COMPRESSE- 98 COMPRESSE IN BLISTER PVC/PO/AL/PVC/AL	OLANZAPINA	OLANZAPINA	7.5	milligrammi	Compressa	N05AH03	AUROBINDO PHARMA (ITALIA) S.R.L.	Autorizzata	Procedura Mutuo riconoscimento o Decentrata	Medicinali soggetti a prescrizione medica
040429502	040429	OLANZAPINA AUROBINDO	7,5 MG COMPRESSE- 100 COMPRESSE IN BLISTER PVC/PO/AL/PVC/AL	OLANZAPINA	OLANZAPINA	7.5	milligrammi	Compressa	N05AH03	AUROBINDO PHARMA (ITALIA) S.R.L.	Autorizzata	Procedura Mutuo riconoscimento o Decentrata	Medicinali soggetti a prescrizione medica
040429514	040429	OLANZAPINA AUROBINDO	7,5 MG COMPRESSE- 30 COMPRESSE IN FLACONE HDPE	OLANZAPINA	OLANZAPINA	7.5	milligrammi	Compressa	N05AH03	AUROBINDO PHARMA (ITALIA) S.R.L.	Autorizzata	Procedura Mutuo riconoscimento o Decentrata	Medicinali soggetti a prescrizione medica
040429526	040429	OLANZAPINA AUROBINDO	7,5 MG COMPRESSE- 1000 COMPRESSE IN FLACONE HDPE	OLANZAPINA	OLANZAPINA	7.5	milligrammi	Compressa	N05AH03	AUROBINDO PHARMA (ITALIA) S.R.L.	Autorizzata	Procedura Mutuo riconoscimento o Decentrata	Medicinali soggetti a prescrizione medica limitativa, utilizzabili esclusivamente in ambiente ospedaliero o in una struttura ad esso assimilabile
040429538	040429	OLANZAPINA AUROBINDO	2,5 MG COMPRESSE- 250 COMPRESSE IN FLACONE HDPE	OLANZAPINA	OLANZAPINA	2.5	milligrammi	Compressa	N05AH03	AUROBINDO PHARMA (ITALIA) S.R.L.	Autorizzata	Procedura Mutuo riconoscimento o Decentrata	Medicinali soggetti a prescrizione medica
040429540	040429	OLANZAPINA AUROBINDO	5 MG COMPRESSE- 250 COMPRESSE IN FLACONE HDPE	OLANZAPINA	OLANZAPINA	2.5	milligrammi	Compressa	N05AH03	AUROBINDO PHARMA (ITALIA) S.R.L.	Autorizzata	Procedura Mutuo riconoscimento o Decentrata	Medicinali soggetti a prescrizione medica
040429553	040429	OLANZAPINA AUROBINDO	10 MG COMPRESSE- 250 COMPRESSE IN FLACONE HDPE	OLANZAPINA	OLANZAPINA	2.5	milligrammi	Compressa	N05AH03	AUROBINDO PHARMA (ITALIA) S.R.L.	Autorizzata	Procedura Mutuo riconoscimento o Decentrata	Medicinali soggetti a prescrizione medica
040470015	040470	OLANZAPINA TEVA	?2.5 MG - COMPRESSE RIVESTITE CON FILM ? USO ORALE ? BLISTER(OPA/AL/PVC/AL)- 28 COMPRESSE	OLANZAPINA	OLANZAPINA	2.5	milligrammi	Compressa rivestita con film	N05AH03	TEVA B.V.	Autorizzata	Procedura Centralizzata	Medicinali soggetti a prescrizione medica
040470027	040470	OLANZAPINA TEVA	?2.5 MG - COMPRESSE RIVESTITE CON FILM ? USO ORALE ? BLISTER(OPA/AL/PVC/AL)- 30 COMPRESSE	OLANZAPINA	OLANZAPINA	2.5	milligrammi	Compressa rivestita con film	N05AH03	TEVA B.V.	Autorizzata	Procedura Centralizzata	Medicinali soggetti a prescrizione medica
040470039	040470	OLANZAPINA TEVA	?2.5 MG - COMPRESSE RIVESTITE CON FILM ? USO ORALE ? BLISTER(OPA/AL/PVC/AL)- 56 COMPRESSE	OLANZAPINA	OLANZAPINA	2.5	milligrammi	Compressa rivestita con film	N05AH03	TEVA B.V.	Autorizzata	Procedura Centralizzata	Medicinali soggetti a prescrizione medica
040470041	040470	OLANZAPINA TEVA	?5 MG - COMPRESSE RIVESTITE CON FILM ? USO ORALE ? BLISTER(OPA/AL/PVC/AL)- 28 COMPRESSE	OLANZAPINA	OLANZAPINA	5	milligrammi	Compressa rivestita con film	N05AH03	TEVA B.V.	Autorizzata	Procedura Centralizzata	Medicinali soggetti a prescrizione medica
040470054	040470	OLANZAPINA TEVA	?5 MG - COMPRESSE RIVESTITE CON FILM ? USO ORALE ? BLISTER(OPA/AL/PVC/AL)- 30 COMPRESSE	OLANZAPINA	OLANZAPINA	5	milligrammi	Compressa rivestita con film	N05AH03	TEVA B.V.	Autorizzata	Procedura Centralizzata	Medicinali soggetti a prescrizione medica
040470066	040470	OLANZAPINA TEVA	?5 MG - COMPRESSE RIVESTITE CON FILM ? USO ORALE ? BLISTER(OPA/AL/PVC/AL)- 50 COMPRESSE	OLANZAPINA	OLANZAPINA	5	milligrammi	Compressa rivestita con film	N05AH03	TEVA B.V.	Autorizzata	Procedura Centralizzata	Medicinali soggetti a prescrizione medica
040470078	040470	OLANZAPINA TEVA	?5 MG - COMPRESSE RIVESTITE CON FILM ? USO ORALE ? BLISTER(OPA/AL/PVC/AL)- 56 COMPRESSE	OLANZAPINA	OLANZAPINA	5	milligrammi	Compressa rivestita con film	N05AH03	TEVA B.V.	Autorizzata	Procedura Centralizzata	Medicinali soggetti a prescrizione medica
040470080	040470	OLANZAPINA TEVA	?7.5 MG - COMPRESSE RIVESTITE CON FILM ? USO ORALE ? BLISTER(OPA/AL/PVC/AL)- 28 COMPRESSE	OLANZAPINA	OLANZAPINA	7.5	milligrammi	Compressa rivestita con film	N05AH03	TEVA B.V.	Autorizzata	Procedura Centralizzata	Medicinali soggetti a prescrizione medica
040470092	040470	OLANZAPINA TEVA	?7.5 MG - COMPRESSE RIVESTITE CON FILM ? USO ORALE ? BLISTER(OPA/AL/PVC/AL)- 30 COMPRESSE	OLANZAPINA	OLANZAPINA	7.5	milligrammi	Compressa rivestita con film	N05AH03	TEVA B.V.	Autorizzata	Procedura Centralizzata	Medicinali soggetti a prescrizione medica
040470104	040470	OLANZAPINA TEVA	?7.5 MG - COMPRESSE RIVESTITE CON FILM ? USO ORALE ? BLISTER(OPA/AL/PVC/AL)- 56 COMPRESSE	OLANZAPINA	OLANZAPINA	7.5	milligrammi	Compressa rivestita con film	N05AH03	TEVA B.V.	Autorizzata	Procedura Centralizzata	Medicinali soggetti a prescrizione medica
040470116	040470	OLANZAPINA TEVA	?10 MG - COMPRESSE RIVESTITE CON FILM ? USO ORALE ? BLISTER(OPA/AL/PVC/AL)- 7 COMPRESSE	OLANZAPINA	OLANZAPINA	10	milligrammi	Compressa rivestita con film	N05AH03	TEVA B.V.	Autorizzata	Procedura Centralizzata	Medicinali soggetti a prescrizione medica
040470128	040470	OLANZAPINA TEVA	?10 MG - COMPRESSE RIVESTITE CON FILM ? USO ORALE ? BLISTER(OPA/AL/PVC/AL)- 28 COMPRESSE	OLANZAPINA	OLANZAPINA	10	milligrammi	Compressa rivestita con film	N05AH03	TEVA B.V.	Autorizzata	Procedura Centralizzata	Medicinali soggetti a prescrizione medica
040470130	040470	OLANZAPINA TEVA	?10 MG - COMPRESSE RIVESTITE CON FILM ? USO ORALE ? BLISTER(OPA/AL/PVC/AL)- 30 COMPRESSE	OLANZAPINA	OLANZAPINA	10	milligrammi	Compressa rivestita con film	N05AH03	TEVA B.V.	Autorizzata	Procedura Centralizzata	Medicinali soggetti a prescrizione medica
040470142	040470	OLANZAPINA TEVA	?10 MG - COMPRESSE RIVESTITE CON FILM ? USO ORALE ? BLISTER(OPA/AL/PVC/AL)- 50 COMPRESSE	OLANZAPINA	OLANZAPINA	10	milligrammi	Compressa rivestita con film	N05AH03	TEVA B.V.	Autorizzata	Procedura Centralizzata	Medicinali soggetti a prescrizione medica
040470155	040470	OLANZAPINA TEVA	?10 MG - COMPRESSE RIVESTITE CON FILM ? USO ORALE ? BLISTER(OPA/AL/PVC/AL)- 56 COMPRESSE	OLANZAPINA	OLANZAPINA	10	milligrammi	Compressa rivestita con film	N05AH03	TEVA B.V.	Autorizzata	Procedura Centralizzata	Medicinali soggetti a prescrizione medica
040470167	040470	OLANZAPINA TEVA	?15 MG - COMPRESSE RIVESTITE CON FILM ? USO ORALE ? BLISTER(OPA/AL/PVC/AL)- 28 COMPRESSE	OLANZAPINA	OLANZAPINA	15	milligrammi	Compressa rivestita con film	N05AH03	TEVA B.V.	Autorizzata	Procedura Centralizzata	Medicinali soggetti a prescrizione medica
040470179	040470	OLANZAPINA TEVA	?15 MG - COMPRESSE RIVESTITE CON FILM ? USO ORALE ? BLISTER(OPA/AL/PVC/AL)- 30 COMPRESSE	OLANZAPINA	OLANZAPINA	15	milligrammi	Compressa rivestita con film	N05AH03	TEVA B.V.	Autorizzata	Procedura Centralizzata	Medicinali soggetti a prescrizione medica
040470181	040470	OLANZAPINA TEVA	?15 MG - COMPRESSE RIVESTITE CON FILM ? USO ORALE ? BLISTER(OPA/AL/PVC/AL)- 50 COMPRESSE	OLANZAPINA	OLANZAPINA	15	milligrammi	Compressa rivestita con film	N05AH03	TEVA B.V.	Autorizzata	Procedura Centralizzata	Medicinali soggetti a prescrizione medica
040470193	040470	OLANZAPINA TEVA	?15 MG - COMPRESSE RIVESTITE CON FILM ? USO ORALE ? BLISTER(OPA/AL/PVC/AL)- 56 COMPRESSE	OLANZAPINA	OLANZAPINA	15	milligrammi	Compressa rivestita con film	N05AH03	TEVA B.V.	Autorizzata	Procedura Centralizzata	Medicinali soggetti a prescrizione medica
040470205	040470	OLANZAPINA TEVA	?20 MG - COMPRESSE RIVESTITE CON FILM ? USO ORALE ? BLISTER(OPA/AL/PVC/AL)- 28 COMPRESSE	OLANZAPINA	OLANZAPINA	20	milligrammi	Compressa rivestita con film	N05AH03	TEVA B.V.	Autorizzata	Procedura Centralizzata	Medicinali soggetti a prescrizione medica
040470217	040470	OLANZAPINA TEVA	?20 MG - COMPRESSE RIVESTITE CON FILM ? USO ORALE ? BLISTER(OPA/AL/PVC/AL)- 30 COMPRESSE	OLANZAPINA	OLANZAPINA	20	milligrammi	Compressa rivestita con film	N05AH03	TEVA B.V.	Autorizzata	Procedura Centralizzata	Medicinali soggetti a prescrizione medica
040470229	040470	OLANZAPINA TEVA	?20 MG - COMPRESSE RIVESTITE CON FILM ? USO ORALE ? BLISTER(OPA/AL/PVC/AL)- 56 COMPRESSE	OLANZAPINA	OLANZAPINA	20	milligrammi	Compressa rivestita con film	N05AH03	TEVA B.V.	Autorizzata	Procedura Centralizzata	Medicinali soggetti a prescrizione medica
040470231	040470	OLANZAPINA TEVA	?5 MG - COMPRESSE ORODISPERSIBILI ? USO ORALE ? BLISTER(OPA/AL/PVC/AL)- 28 COMPRESSE	OLANZAPINA	OLANZAPINA			Compressa orodispersibile	N05AH03	TEVA B.V.	Autorizzata	Procedura Centralizzata	Medicinali soggetti a prescrizione medica
040470243	040470	OLANZAPINA TEVA	?5 MG - COMPRESSE ORODISPERSIBILI ? USO ORALE ? BLISTER(OPA/AL/PVC/AL)- 30 COMPRESSE	OLANZAPINA	OLANZAPINA			Compressa orodispersibile	N05AH03	TEVA B.V.	Autorizzata	Procedura Centralizzata	Medicinali soggetti a prescrizione medica
040470256	040470	OLANZAPINA TEVA	?5 MG - COMPRESSE ORODISPERSIBILI ? USO ORALE ? BLISTER(OPA/AL/PVC/AL)- 50 COMPRESSE	OLANZAPINA	OLANZAPINA			Compressa orodispersibile	N05AH03	TEVA B.V.	Autorizzata	Procedura Centralizzata	Medicinali soggetti a prescrizione medica
040470268	040470	OLANZAPINA TEVA	?5 MG - COMPRESSE ORODISPERSIBILI ? USO ORALE ? BLISTER(OPA/AL/PVC/AL)- 56 COMPRESSE	OLANZAPINA	OLANZAPINA			Compressa orodispersibile	N05AH03	TEVA B.V.	Autorizzata	Procedura Centralizzata	Medicinali soggetti a prescrizione medica
040470270	040470	OLANZAPINA TEVA	?10 MG - COMPRESSE ORODISPERSIBILI ? USO ORALE ? BLISTER(OPA/AL/PVC/AL)- 28 COMPRESSE	OLANZAPINA	OLANZAPINA			Compressa orodispersibile	N05AH03	TEVA B.V.	Autorizzata	Procedura Centralizzata	Medicinali soggetti a prescrizione medica
040470282	040470	OLANZAPINA TEVA	?10 MG - COMPRESSE ORODISPERSIBILI ? USO ORALE ? BLISTER(OPA/AL/PVC/AL)- 30 COMPRESSE	OLANZAPINA	OLANZAPINA			Compressa orodispersibile	N05AH03	TEVA B.V.	Autorizzata	Procedura Centralizzata	Medicinali soggetti a prescrizione medica
040470294	040470	OLANZAPINA TEVA	?10 MG - COMPRESSE ORODISPERSIBILI ? USO ORALE ? BLISTER(OPA/AL/PVC/AL)- 50 COMPRESSE	OLANZAPINA	OLANZAPINA			Compressa orodispersibile	N05AH03	TEVA B.V.	Autorizzata	Procedura Centralizzata	Medicinali soggetti a prescrizione medica
040470306	040470	OLANZAPINA TEVA	?10 MG - COMPRESSE ORODISPERSIBILI ? USO ORALE ? BLISTER(OPA/AL/PVC/AL)- 56 COMPRESSE	OLANZAPINA	OLANZAPINA			Compressa orodispersibile	N05AH03	TEVA B.V.	Autorizzata	Procedura Centralizzata	Medicinali soggetti a prescrizione medica
040470318	040470	OLANZAPINA TEVA	?15 MG - COMPRESSE ORODISPERSIBILI ? USO ORALE ? BLISTER(OPA/AL/PVC/AL)- 28 COMPRESSE	OLANZAPINA	OLANZAPINA			Compressa orodispersibile	N05AH03	TEVA B.V.	Autorizzata	Procedura Centralizzata	Medicinali soggetti a prescrizione medica
040470320	040470	OLANZAPINA TEVA	?15 MG - COMPRESSE ORODISPERSIBILI ? USO ORALE ? BLISTER(OPA/AL/PVC/AL)- 30 COMPRESSE	OLANZAPINA	OLANZAPINA			Compressa orodispersibile	N05AH03	TEVA B.V.	Autorizzata	Procedura Centralizzata	Medicinali soggetti a prescrizione medica
040470332	040470	OLANZAPINA TEVA	?15 MG - COMPRESSE ORODISPERSIBILI ? USO ORALE ? BLISTER(OPA/AL/PVC/AL)- 50 COMPRESSE	OLANZAPINA	OLANZAPINA			Compressa orodispersibile	N05AH03	TEVA B.V.	Autorizzata	Procedura Centralizzata	Medicinali soggetti a prescrizione medica
040470344	040470	OLANZAPINA TEVA	?15 MG - COMPRESSE ORODISPERSIBILI ? USO ORALE ? BLISTER(OPA/AL/PVC/AL)- 56 COMPRESSE	OLANZAPINA	OLANZAPINA			Compressa orodispersibile	N05AH03	TEVA B.V.	Autorizzata	Procedura Centralizzata	Medicinali soggetti a prescrizione medica
040470357	040470	OLANZAPINA TEVA	?20 MG - COMPRESSE ORODISPERSIBILI ? USO ORALE ? BLISTER(OPA/AL/PVC/AL)- 28 COMPRESSE	OLANZAPINA	OLANZAPINA			Compressa orodispersibile	N05AH03	TEVA B.V.	Autorizzata	Procedura Centralizzata	Medicinali soggetti a prescrizione medica
040470369	040470	OLANZAPINA TEVA	?20 MG - COMPRESSE ORODISPERSIBILI ? USO ORALE ? BLISTER(OPA/AL/PVC/AL)- 30 COMPRESSE	OLANZAPINA	OLANZAPINA			Compressa orodispersibile	N05AH03	TEVA B.V.	Autorizzata	Procedura Centralizzata	Medicinali soggetti a prescrizione medica
040470371	040470	OLANZAPINA TEVA	?20 MG - COMPRESSE ORODISPERSIBILI ? USO ORALE ? BLISTER(OPA/AL/PVC/AL)- 56 COMPRESSE	OLANZAPINA	OLANZAPINA			Compressa orodispersibile	N05AH03	TEVA B.V.	Autorizzata	Procedura Centralizzata	Medicinali soggetti a prescrizione medica
040470383	040470	OLANZAPINA TEVA	?2.5 MG - COMPRESSE RIVESTITE CON FILM ? USO ORALE ? BLISTER(OPA/AL/PVC/AL)- 35 COMPRESSE	OLANZAPINA	OLANZAPINA	2.5	milligrammi	Compressa rivestita con film	N05AH03	TEVA B.V.	Autorizzata	Procedura Centralizzata	Medicinali soggetti a prescrizione medica
040470395	040470	OLANZAPINA TEVA	?5 MG - COMPRESSE RIVESTITE CON FILM ? USO ORALE ? BLISTER(OPA/AL/PVC/AL)- 35 COMPRESSE	OLANZAPINA	OLANZAPINA	5	milligrammi	Compressa rivestita con film	N05AH03	TEVA B.V.	Autorizzata	Procedura Centralizzata	Medicinali soggetti a prescrizione medica
040470407	040470	OLANZAPINA TEVA	?7.5 MG - COMPRESSE RIVESTITE CON FILM ? USO ORALE ? BLISTER(OPA/AL/PVC/AL)- 35 COMPRESSE	OLANZAPINA	OLANZAPINA	7.5	milligrammi	Compressa rivestita con film	N05AH03	TEVA B.V.	Autorizzata	Procedura Centralizzata	Medicinali soggetti a prescrizione medica
040470419	040470	OLANZAPINA TEVA	?10 MG - COMPRESSE RIVESTITE CON FILM ? USO ORALE ? BLISTER(OPA/AL/PVC/AL)- 35 COMPRESSE	OLANZAPINA	OLANZAPINA	10	milligrammi	Compressa rivestita con film	N05AH03	TEVA B.V.	Autorizzata	Procedura Centralizzata	Medicinali soggetti a prescrizione medica
040470421	040470	OLANZAPINA TEVA	?15 MG - COMPRESSE RIVESTITE CON FILM ? USO ORALE ? BLISTER(OPA/AL/PVC/AL)- 35 COMPRESSE	OLANZAPINA	OLANZAPINA	15	milligrammi	Compressa rivestita con film	N05AH03	TEVA B.V.	Autorizzata	Procedura Centralizzata	Medicinali soggetti a prescrizione medica
040470433	040470	OLANZAPINA TEVA	?20 MG - COMPRESSE RIVESTITE CON FILM ? USO ORALE ? BLISTER(OPA/AL/PVC/AL)- 35 COMPRESSE	OLANZAPINA	OLANZAPINA	20	milligrammi	Compressa rivestita con film	N05AH03	TEVA B.V.	Autorizzata	Procedura Centralizzata	Medicinali soggetti a prescrizione medica
040470445	040470	OLANZAPINA TEVA	?5 MG - COMPRESSE ORODISPERSIBILI ? USO ORALE ? BLISTER(OPA/AL/PVC/AL)- 35 COMPRESSE	OLANZAPINA	OLANZAPINA			Compressa orodispersibile	N05AH03	TEVA B.V.	Autorizzata	Procedura Centralizzata	Medicinali soggetti a prescrizione medica
040470458	040470	OLANZAPINA TEVA	?10 MG - COMPRESSE ORODISPERSIBILI ? USO ORALE ? BLISTER(OPA/AL/PVC/AL)- 35 COMPRESSE	OLANZAPINA	OLANZAPINA			Compressa orodispersibile	N05AH03	TEVA B.V.	Autorizzata	Procedura Centralizzata	Medicinali soggetti a prescrizione medica
040470460	040470	OLANZAPINA TEVA	?15 MG - COMPRESSE ORODISPERSIBILI ? USO ORALE ? BLISTER(OPA/AL/PVC/AL)- 35 COMPRESSE	OLANZAPINA	OLANZAPINA			Compressa orodispersibile	N05AH03	TEVA B.V.	Autorizzata	Procedura Centralizzata	Medicinali soggetti a prescrizione medica
040470472	040470	OLANZAPINA TEVA	?20 MG - COMPRESSE ORODISPERSIBILI ? USO ORALE ? BLISTER(OPA/AL/PVC/AL)- 35 COMPRESSE	OLANZAPINA	OLANZAPINA			Compressa orodispersibile	N05AH03	TEVA B.V.	Autorizzata	Procedura Centralizzata	Medicinali soggetti a prescrizione medica
040470484	040470	OLANZAPINA TEVA	?2.5 MG - COMPRESSE RIVESTITE CON FILM ? USO ORALE ? BLISTER(OPA/AL/PVC/AL)- 70 COMPRESSE	OLANZAPINA	OLANZAPINA	2.5	milligrammi	Compressa rivestita con film	N05AH03	TEVA B.V.	Autorizzata	Procedura Centralizzata	Medicinali soggetti a prescrizione medica
040470496	040470	OLANZAPINA TEVA	?5 MG - COMPRESSE RIVESTITE CON FILM ? USO ORALE ? BLISTER(OPA/AL/PVC/AL)- 70 COMPRESSE	OLANZAPINA	OLANZAPINA	5	milligrammi	Compressa rivestita con film	N05AH03	TEVA B.V.	Autorizzata	Procedura Centralizzata	Medicinali soggetti a prescrizione medica
040470508	040470	OLANZAPINA TEVA	?7.5 MG - COMPRESSE RIVESTITE CON FILM ? USO ORALE ? BLISTER(OPA/AL/PVC/AL)- 70 COMPRESSE	OLANZAPINA	OLANZAPINA	7.5	milligrammi	Compressa rivestita con film	N05AH03	TEVA B.V.	Autorizzata	Procedura Centralizzata	Medicinali soggetti a prescrizione medica
040470510	040470	OLANZAPINA TEVA	?10 MG - COMPRESSE RIVESTITE CON FILM ? USO ORALE ? BLISTER(OPA/AL/PVC/AL)- 70 COMPRESSE	OLANZAPINA	OLANZAPINA	10	milligrammi	Compressa rivestita con film	N05AH03	TEVA B.V.	Autorizzata	Procedura Centralizzata	Medicinali soggetti a prescrizione medica
040470522	040470	OLANZAPINA TEVA	?15 MG - COMPRESSE RIVESTITE CON FILM ? USO ORALE ? BLISTER(OPA/AL/PVC/AL)- 70 COMPRESSE	OLANZAPINA	OLANZAPINA	15	milligrammi	Compressa rivestita con film	N05AH03	TEVA B.V.	Autorizzata	Procedura Centralizzata	Medicinali soggetti a prescrizione medica
040470534	040470	OLANZAPINA TEVA	?20 MG - COMPRESSE RIVESTITE CON FILM ? USO ORALE ? BLISTER(OPA/AL/PVC/AL)- 70 COMPRESSE	OLANZAPINA	OLANZAPINA	20	milligrammi	Compressa rivestita con film	N05AH03	TEVA B.V.	Autorizzata	Procedura Centralizzata	Medicinali soggetti a prescrizione medica
040470546	040470	OLANZAPINA TEVA	?5 MG - COMPRESSE ORODISPERSIBILI ? USO ORALE ? BLISTER(OPA/AL/PVC/AL)- 70 COMPRESSE	OLANZAPINA	OLANZAPINA			Compressa orodispersibile	N05AH03	TEVA B.V.	Autorizzata	Procedura Centralizzata	Medicinali soggetti a prescrizione medica
040470559	040470	OLANZAPINA TEVA	?10 MG - COMPRESSE ORODISPERSIBILI ? USO ORALE ? BLISTER(OPA/AL/PVC/AL)- 70 COMPRESSE	OLANZAPINA	OLANZAPINA			Compressa orodispersibile	N05AH03	TEVA B.V.	Autorizzata	Procedura Centralizzata	Medicinali soggetti a prescrizione medica
040470561	040470	OLANZAPINA TEVA	?15 MG - COMPRESSE ORODISPERSIBILI ? USO ORALE ? BLISTER(OPA/AL/PVC/AL)- 70 COMPRESSE	OLANZAPINA	OLANZAPINA			Compressa orodispersibile	N05AH03	TEVA B.V.	Autorizzata	Procedura Centralizzata	Medicinali soggetti a prescrizione medica
040470573	040470	OLANZAPINA TEVA	?20 MG - COMPRESSE ORODISPERSIBILI ? USO ORALE ? BLISTER(OPA/AL/PVC/AL)- 70 COMPRESSE	OLANZAPINA	OLANZAPINA			Compressa orodispersibile	N05AH03	TEVA B.V.	Autorizzata	Procedura Centralizzata	Medicinali soggetti a prescrizione medica
040470585	040470	OLANZAPINA TEVA	2,5 MG - COMPRESSA RIVESTITA CON FILM - USO ORALE - BLISTER (OPA/ALU/PVC/ALU) - 98 COMPRESSE	OLANZAPINA	OLANZAPINA	2.5	milligrammi	Compressa rivestita con film	N05AH03	TEVA B.V.	Autorizzata	Procedura Centralizzata	Medicinali soggetti a prescrizione medica
040470597	040470	OLANZAPINA TEVA	5 MG - COMPRESSA RIVESTITA CON FILM - USO ORALE - BLISTER (OPA/ALU/PVC/ALU) - 98 COMPRESSE	OLANZAPINA	OLANZAPINA	5	milligrammi	Compressa rivestita con film	N05AH03	TEVA B.V.	Autorizzata	Procedura Centralizzata	Medicinali soggetti a prescrizione medica
040470609	040470	OLANZAPINA TEVA	7,5 MG - COMPRESSA RIVESTITA CON FILM - USO ORALE - BLISTER (OPA/ALU/PVC/ALU) - 98 COMPRESSE	OLANZAPINA	OLANZAPINA	7.5	milligrammi	Compressa rivestita con film	N05AH03	TEVA B.V.	Autorizzata	Procedura Centralizzata	Medicinali soggetti a prescrizione medica
040470611	040470	OLANZAPINA TEVA	10 MG - COMPRESSA RIVESTITA CON FILM - USO ORALE - BLISTER (OPA/ALU/PVC/ALU) - 98 COMPRESSE	OLANZAPINA	OLANZAPINA	10	milligrammi	Compressa rivestita con film	N05AH03	TEVA B.V.	Autorizzata	Procedura Centralizzata	Medicinali soggetti a prescrizione medica
040470623	040470	OLANZAPINA TEVA	15 MG - COMPRESSA RIVESTITA CON FILM - USO ORALE - BLISTER (OPA/ALU/PVC/ALU) - 98 COMPRESSE	OLANZAPINA	OLANZAPINA	15	milligrammi	Compressa rivestita con film	N05AH03	TEVA B.V.	Autorizzata	Procedura Centralizzata	Medicinali soggetti a prescrizione medica
040470635	040470	OLANZAPINA TEVA	20 MG - COMPRESSA RIVESTITA CON FILM - USO ORALE - BLISTER (OPA/ALU/PVC/ALU) - 98 COMPRESSE	OLANZAPINA	OLANZAPINA	20	milligrammi	Compressa rivestita con film	N05AH03	TEVA B.V.	Autorizzata	Procedura Centralizzata	Medicinali soggetti a prescrizione medica
040470647	040470	OLANZAPINA TEVA	5 MG - COMPRESSA ORODISPERSIBILE - USO ORALE - BLISTER (OPA/ALU/PVC/ALU) - 98 COMPRESSE	OLANZAPINA	OLANZAPINA			Compressa orodispersibile	N05AH03	TEVA B.V.	Autorizzata	Procedura Centralizzata	Medicinali soggetti a prescrizione medica
040470650	040470	OLANZAPINA TEVA	10 MG - COMPRESSA ORODISPERSIBILE - USO ORALE - BLISTER (OPA/ALU/PVC/ALU) - 98 COMPRESSE	OLANZAPINA	OLANZAPINA			Compressa orodispersibile	N05AH03	TEVA B.V.	Autorizzata	Procedura Centralizzata	Medicinali soggetti a prescrizione medica
040470662	040470	OLANZAPINA TEVA	15 MG - COMPRESSA ORODISPERSIBILE - USO ORALE - BLISTER (OPA/ALU/PVC/ALU) - 98 COMPRESSE	OLANZAPINA	OLANZAPINA			Compressa orodispersibile	N05AH03	TEVA B.V.	Autorizzata	Procedura Centralizzata	Medicinali soggetti a prescrizione medica
040470674	040470	OLANZAPINA TEVA	20 MG - COMPRESSA ORODISPERSIBILE - USO ORALE - BLISTER (OPA/ALU/PVC/ALU) - 98 COMPRESSE	OLANZAPINA	OLANZAPINA			Compressa orodispersibile	N05AH03	TEVA B.V.	Autorizzata	Procedura Centralizzata	Medicinali soggetti a prescrizione medica
040470686	040470	OLANZAPINA TEVA	7,5 MG - COMPRESSA RIVESTITA CON FILM - USO ORALE - BLISTER (OPA/ALU/PVC/ALU) - 60 COMPRESSE	OLANZAPINA	OLANZAPINA	7.5	milligrammi	Compressa rivestita con film	N05AH03	TEVA B.V.	Autorizzata	Procedura Centralizzata	Medicinali soggetti a prescrizione medica
040470698	040470	OLANZAPINA TEVA	10 MG - COMPRESSA RIVESTITA CON FILM - USO ORALE - BLISTER (OPA/ALU/PVC/ALU) - 60 COMPRESSE	OLANZAPINA	OLANZAPINA	10	milligrammi	Compressa rivestita con film	N05AH03	TEVA B.V.	Autorizzata	Procedura Centralizzata	Medicinali soggetti a prescrizione medica
040470700	040470	OLANZAPINA TEVA	5 MG - COMPRESSA RIVESTITA CON FILM - USO ORALE - BLISTER (OPA/ALU/PVC/ALU) - 28 X 1 COMPRESSE (MONODOSE)	OLANZAPINA	OLANZAPINA	5	milligrammi	Compressa rivestita con film	N05AH03	TEVA B.V.	Autorizzata	Procedura Centralizzata	Medicinali soggetti a prescrizione medica
040470712	040470	OLANZAPINA TEVA	5 MG - COMPRESSA RIVESTITA CON FILM - USO ORALE - BLISTER (OPA/ALU/PVC/ALU) - 30 X 1 COMPRESSE (MONODOSE)	OLANZAPINA	OLANZAPINA	5	milligrammi	Compressa rivestita con film	N05AH03	TEVA B.V.	Autorizzata	Procedura Centralizzata	Medicinali soggetti a prescrizione medica
040470724	040470	OLANZAPINA TEVA	5 MG - COMPRESSA RIVESTITA CON FILM - USO ORALE - BLISTER (OPA/ALU/PVC/ALU) - 35 X 1 COMPRESSE (MONODOSE)	OLANZAPINA	OLANZAPINA	5	milligrammi	Compressa rivestita con film	N05AH03	TEVA B.V.	Autorizzata	Procedura Centralizzata	Medicinali soggetti a prescrizione medica
040470736	040470	OLANZAPINA TEVA	5 MG - COMPRESSA RIVESTITA CON FILM - USO ORALE - BLISTER (OPA/ALU/PVC/ALU) - 50 X 1 COMPRESSE (MONODOSE)	OLANZAPINA	OLANZAPINA	5	milligrammi	Compressa rivestita con film	N05AH03	TEVA B.V.	Autorizzata	Procedura Centralizzata	Medicinali soggetti a prescrizione medica
040470748	040470	OLANZAPINA TEVA	5 MG - COMPRESSA RIVESTITA CON FILM - USO ORALE - BLISTER (OPA/ALU/PVC/ALU) - 56 X 1 COMPRESSE (MONODOSE)	OLANZAPINA	OLANZAPINA	5	milligrammi	Compressa rivestita con film	N05AH03	TEVA B.V.	Autorizzata	Procedura Centralizzata	Medicinali soggetti a prescrizione medica
040470751	040470	OLANZAPINA TEVA	5 MG - COMPRESSA RIVESTITA CON FILM - USO ORALE - BLISTER (OPA/ALU/PVC/ALU) - 70 X 1 COMPRESSE (MONODOSE)	OLANZAPINA	OLANZAPINA	5	milligrammi	Compressa rivestita con film	N05AH03	TEVA B.V.	Autorizzata	Procedura Centralizzata	Medicinali soggetti a prescrizione medica
040470763	040470	OLANZAPINA TEVA	5 MG - COMPRESSA RIVESTITA CON FILM - USO ORALE - BLISTER (OPA/ALU/PVC/ALU) - 98 X 1 COMPRESSE (MONODOSE)	OLANZAPINA	OLANZAPINA	5	milligrammi	Compressa rivestita con film	N05AH03	TEVA B.V.	Autorizzata	Procedura Centralizzata	Medicinali soggetti a prescrizione medica
040470775	040470	OLANZAPINA TEVA	7,5 MG - COMPRESSA RIVESTITA CON FILM - USO ORALE - BLISTER (OPA/ALU/PVC/ALU) - 28 X 1 COMPRESSE (MONODOSE)	OLANZAPINA	OLANZAPINA	7.5	milligrammi	Compressa rivestita con film	N05AH03	TEVA B.V.	Autorizzata	Procedura Centralizzata	Medicinali soggetti a prescrizione medica
040470787	040470	OLANZAPINA TEVA	7,5 MG - COMPRESSA RIVESTITA CON FILM - USO ORALE - BLISTER (OPA/ALU/PVC/ALU) - 30 X 1 COMPRESSE (MONODOSE)	OLANZAPINA	OLANZAPINA	7.5	milligrammi	Compressa rivestita con film	N05AH03	TEVA B.V.	Autorizzata	Procedura Centralizzata	Medicinali soggetti a prescrizione medica
040470799	040470	OLANZAPINA TEVA	7,5 MG - COMPRESSA RIVESTITA CON FILM - USO ORALE - BLISTER (OPA/ALU/PVC/ALU) - 35 X 1 COMPRESSE (MONODOSE)	OLANZAPINA	OLANZAPINA	7.5	milligrammi	Compressa rivestita con film	N05AH03	TEVA B.V.	Autorizzata	Procedura Centralizzata	Medicinali soggetti a prescrizione medica
040470801	040470	OLANZAPINA TEVA	7,5 MG - COMPRESSA RIVESTITA CON FILM - USO ORALE - BLISTER (OPA/ALU/PVC/ALU) - 56 X 1 COMPRESSE (MONODOSE)	OLANZAPINA	OLANZAPINA	7.5	milligrammi	Compressa rivestita con film	N05AH03	TEVA B.V.	Autorizzata	Procedura Centralizzata	Medicinali soggetti a prescrizione medica
040470813	040470	OLANZAPINA TEVA	7,5 MG - COMPRESSA RIVESTITA CON FILM - USO ORALE - BLISTER (OPA/ALU/PVC/ALU) - 70 X 1 COMPRESSE (MONODOSE)	OLANZAPINA	OLANZAPINA	7.5	milligrammi	Compressa rivestita con film	N05AH03	TEVA B.V.	Autorizzata	Procedura Centralizzata	Medicinali soggetti a prescrizione medica
040470825	040470	OLANZAPINA TEVA	7,5 MG - COMPRESSA RIVESTITA CON FILM - USO ORALE - BLISTER (OPA/ALU/PVC/ALU) - 98 X 1 COMPRESSE (MONODOSE)	OLANZAPINA	OLANZAPINA	7.5	milligrammi	Compressa rivestita con film	N05AH03	TEVA B.V.	Autorizzata	Procedura Centralizzata	Medicinali soggetti a prescrizione medica
040470837	040470	OLANZAPINA TEVA	10 MG - COMPRESSA RIVESTITA CON FILM - USO ORALE - BLISTER (OPA/ALU/PVC/ALU) - 7 X 1 COMPRESSE (MONODOSE)	OLANZAPINA	OLANZAPINA	10	milligrammi	Compressa rivestita con film	N05AH03	TEVA B.V.	Autorizzata	Procedura Centralizzata	Medicinali soggetti a prescrizione medica
040470849	040470	OLANZAPINA TEVA	10 MG - COMPRESSA RIVESTITA CON FILM - USO ORALE - BLISTER (OPA/ALU/PVC/ALU) - 28 X 1 COMPRESSE (MONODOSE)	OLANZAPINA	OLANZAPINA	10	milligrammi	Compressa rivestita con film	N05AH03	TEVA B.V.	Autorizzata	Procedura Centralizzata	Medicinali soggetti a prescrizione medica
040470852	040470	OLANZAPINA TEVA	10 MG - COMPRESSA RIVESTITA CON FILM - USO ORALE - BLISTER (OPA/ALU/PVC/ALU) - 30 X 1 COMPRESSE (MONODOSE)	OLANZAPINA	OLANZAPINA	10	milligrammi	Compressa rivestita con film	N05AH03	TEVA B.V.	Autorizzata	Procedura Centralizzata	Medicinali soggetti a prescrizione medica
040470864	040470	OLANZAPINA TEVA	10 MG - COMPRESSA RIVESTITA CON FILM - USO ORALE - BLISTER (OPA/ALU/PVC/ALU) - 35 X 1 COMPRESSE (MONODOSE)	OLANZAPINA	OLANZAPINA	10	milligrammi	Compressa rivestita con film	N05AH03	TEVA B.V.	Autorizzata	Procedura Centralizzata	Medicinali soggetti a prescrizione medica
040470876	040470	OLANZAPINA TEVA	10 MG - COMPRESSA RIVESTITA CON FILM - USO ORALE - BLISTER (OPA/ALU/PVC/ALU) - 50 X 1 COMPRESSE (MONODOSE)	OLANZAPINA	OLANZAPINA	10	milligrammi	Compressa rivestita con film	N05AH03	TEVA B.V.	Autorizzata	Procedura Centralizzata	Medicinali soggetti a prescrizione medica
040470888	040470	OLANZAPINA TEVA	10 MG - COMPRESSA RIVESTITA CON FILM - USO ORALE - BLISTER (OPA/ALU/PVC/ALU) - 56 X 1 COMPRESSE (MONODOSE)	OLANZAPINA	OLANZAPINA	10	milligrammi	Compressa rivestita con film	N05AH03	TEVA B.V.	Autorizzata	Procedura Centralizzata	Medicinali soggetti a prescrizione medica
040470890	040470	OLANZAPINA TEVA	10 MG - COMPRESSA RIVESTITA CON FILM - USO ORALE - BLISTER (OPA/ALU/PVC/ALU) - 70 X 1 COMPRESSE (MONODOSE)	OLANZAPINA	OLANZAPINA	10	milligrammi	Compressa rivestita con film	N05AH03	TEVA B.V.	Autorizzata	Procedura Centralizzata	Medicinali soggetti a prescrizione medica
040470902	040470	OLANZAPINA TEVA	10 MG - COMPRESSA RIVESTITA CON FILM - USO ORALE - BLISTER (OPA/ALU/PVC/ALU) - 98 X 1 COMPRESSE (MONODOSE)	OLANZAPINA	OLANZAPINA	10	milligrammi	Compressa rivestita con film	N05AH03	TEVA B.V.	Autorizzata	Procedura Centralizzata	Medicinali soggetti a prescrizione medica
040532018	040532	LAZAPIR	5 MG COMPRESSE ORODISPERSIBILI- 28 COMPRESSE	OLANZAPINA	OLANZAPINA	5	milligrammi	Compressa orodispersibile	N05AH03	NEURAXPHARM ITALY S.P.A.	Autorizzata	Procedura Nazionale	Medicinali soggetti a prescrizione medica
040532020	040532	LAZAPIR	10 MG COMPRESSE ORODISPERSIBILI- 28 COMPRESSE	OLANZAPINA	OLANZAPINA	10	milligrammi	Compressa orodispersibile	N05AH03	NEURAXPHARM ITALY S.P.A.	Autorizzata	Procedura Nazionale	Medicinali soggetti a prescrizione medica
040532032	040532	LAZAPIR	5 MG COMPRESSE - 28 COMPRESSE	OLANZAPINA	OLANZAPINA	5	milligrammi	Compressa	N05AH03	NEURAXPHARM ITALY S.P.A.	Autorizzata	Procedura Nazionale	Medicinali soggetti a prescrizione medica
040532044	040532	LAZAPIR	10 MG COMPRESSE - 28 COMPRESSE	OLANZAPINA	OLANZAPINA	10	milligrammi	Compressa	N05AH03	NEURAXPHARM ITALY S.P.A.	Autorizzata	Procedura Nazionale	Medicinali soggetti a prescrizione medica
040771014	040771	OLANZAPINA EG STADA	5 MG COMPRESSE ORODISPERSIBILI- 10 COMPRESSE IN BLISTER OPA/AL/PVC/AL	OLANZAPINA	OLANZAPINA			Compressa orodispersibile	N05AH03	EG S.P.A.	Autorizzata	Procedura Mutuo riconoscimento o Decentrata	Medicinali soggetti a prescrizione medica
040771026	040771	OLANZAPINA EG STADA	5 MG COMPRESSE ORODISPERSIBILI- 14 COMPRESSE IN BLISTER OPA/AL/PVC/AL	OLANZAPINA	OLANZAPINA			Compressa orodispersibile	N05AH03	EG S.P.A.	Autorizzata	Procedura Mutuo riconoscimento o Decentrata	Medicinali soggetti a prescrizione medica
040771038	040771	OLANZAPINA EG STADA	5 MG COMPRESSE ORODISPERSIBILI- 28 COMPRESSE IN BLISTER OPA/AL/PVC/AL	OLANZAPINA	OLANZAPINA			Compressa orodispersibile	N05AH03	EG S.P.A.	Autorizzata	Procedura Mutuo riconoscimento o Decentrata	Medicinali soggetti a prescrizione medica
040771040	040771	OLANZAPINA EG STADA	5 MG COMPRESSE ORODISPERSIBILI- 30 COMPRESSE IN BLISTER OPA/AL/PVC/AL	OLANZAPINA	OLANZAPINA			Compressa orodispersibile	N05AH03	EG S.P.A.	Autorizzata	Procedura Mutuo riconoscimento o Decentrata	Medicinali soggetti a prescrizione medica
040771053	040771	OLANZAPINA EG STADA	5 MG COMPRESSE ORODISPERSIBILI- 56 COMPRESSE IN BLISTER OPA/AL/PVC/AL	OLANZAPINA	OLANZAPINA			Compressa orodispersibile	N05AH03	EG S.P.A.	Autorizzata	Procedura Mutuo riconoscimento o Decentrata	Medicinali soggetti a prescrizione medica
040771065	040771	OLANZAPINA EG STADA	5 MG COMPRESSE ORODISPERSIBILI- 98 COMPRESSE IN BLISTER OPA/AL/PVC/AL	OLANZAPINA	OLANZAPINA			Compressa orodispersibile	N05AH03	EG S.P.A.	Autorizzata	Procedura Mutuo riconoscimento o Decentrata	Medicinali soggetti a prescrizione medica
040771077	040771	OLANZAPINA EG STADA	5 MG COMPRESSE ORODISPERSIBILI- 126 COMPRESSE IN BLISTER OPA/AL/PVC/AL	OLANZAPINA	OLANZAPINA			Compressa orodispersibile	N05AH03	EG S.P.A.	Autorizzata	Procedura Mutuo riconoscimento o Decentrata	Medicinali soggetti a prescrizione medica
040771089	040771	OLANZAPINA EG STADA	5 MG COMPRESSE ORODISPERSIBILI- 154 COMPRESSE IN BLISTER OPA/AL/PVC/AL	OLANZAPINA	OLANZAPINA			Compressa orodispersibile	N05AH03	EG S.P.A.	Autorizzata	Procedura Mutuo riconoscimento o Decentrata	Medicinali soggetti a prescrizione medica
040771091	040771	OLANZAPINA EG STADA	5 MG COMPRESSE ORODISPERSIBILI- 10 COMPRESSE IN BLISTER CARTA/PETP/AL/AL	OLANZAPINA	OLANZAPINA			Compressa orodispersibile	N05AH03	EG S.P.A.	Autorizzata	Procedura Mutuo riconoscimento o Decentrata	Medicinali soggetti a prescrizione medica
040771103	040771	OLANZAPINA EG STADA	5 MG COMPRESSE ORODISPERSIBILI- 14 COMPRESSE IN BLISTER CARTA/PETP/AL/AL	OLANZAPINA	OLANZAPINA			Compressa orodispersibile	N05AH03	EG S.P.A.	Autorizzata	Procedura Mutuo riconoscimento o Decentrata	Medicinali soggetti a prescrizione medica
040771115	040771	OLANZAPINA EG STADA	5 MG COMPRESSE ORODISPERSIBILI- 28 COMPRESSE IN BLISTER CARTA/PETP/AL/AL	OLANZAPINA	OLANZAPINA			Compressa orodispersibile	N05AH03	EG S.P.A.	Autorizzata	Procedura Mutuo riconoscimento o Decentrata	Medicinali soggetti a prescrizione medica
040771127	040771	OLANZAPINA EG STADA	5 MG COMPRESSE ORODISPERSIBILI- 30 COMPRESSE IN BLISTER CARTA/PETP/AL/AL	OLANZAPINA	OLANZAPINA			Compressa orodispersibile	N05AH03	EG S.P.A.	Autorizzata	Procedura Mutuo riconoscimento o Decentrata	Medicinali soggetti a prescrizione medica
040771139	040771	OLANZAPINA EG STADA	5 MG COMPRESSE ORODISPERSIBILI- 56 COMPRESSE IN BLISTER CARTA/PETP/AL/AL	OLANZAPINA	OLANZAPINA			Compressa orodispersibile	N05AH03	EG S.P.A.	Autorizzata	Procedura Mutuo riconoscimento o Decentrata	Medicinali soggetti a prescrizione medica
040771141	040771	OLANZAPINA EG STADA	5 MG COMPRESSE ORODISPERSIBILI- 98 COMPRESSE IN BLISTER CARTA/PETP/AL/AL	OLANZAPINA	OLANZAPINA			Compressa orodispersibile	N05AH03	EG S.P.A.	Autorizzata	Procedura Mutuo riconoscimento o Decentrata	Medicinali soggetti a prescrizione medica
040771154	040771	OLANZAPINA EG STADA	5 MG COMPRESSE ORODISPERSIBILI- 126 COMPRESSE IN BLISTER CARTA/PETP/AL/AL	OLANZAPINA	OLANZAPINA			Compressa orodispersibile	N05AH03	EG S.P.A.	Autorizzata	Procedura Mutuo riconoscimento o Decentrata	Medicinali soggetti a prescrizione medica
040771166	040771	OLANZAPINA EG STADA	5 MG COMPRESSE ORODISPERSIBILI- 154 COMPRESSE IN BLISTER CARTA/PETP/AL/AL	OLANZAPINA	OLANZAPINA			Compressa orodispersibile	N05AH03	EG S.P.A.	Autorizzata	Procedura Mutuo riconoscimento o Decentrata	Medicinali soggetti a prescrizione medica
040771178	040771	OLANZAPINA EG STADA	10 MG COMPRESSE ORODISPERSIBILI- 10 COMPRESSE IN BLISTER OPA/AL/PVC/AL	OLANZAPINA	OLANZAPINA	5	milligrammi	Compressa orodispersibile	N05AH03	EG S.P.A.	Autorizzata	Procedura Mutuo riconoscimento o Decentrata	Medicinali soggetti a prescrizione medica
040771180	040771	OLANZAPINA EG STADA	10 MG COMPRESSE ORODISPERSIBILI- 28 COMPRESSE IN BLISTER OPA/AL/PVC/AL	OLANZAPINA	OLANZAPINA	5	milligrammi	Compressa orodispersibile	N05AH03	EG S.P.A.	Autorizzata	Procedura Mutuo riconoscimento o Decentrata	Medicinali soggetti a prescrizione medica
040771192	040771	OLANZAPINA EG STADA	10 MG COMPRESSE ORODISPERSIBILI- 30 COMPRESSE IN BLISTER OPA/AL/PVC/AL	OLANZAPINA	OLANZAPINA	5	milligrammi	Compressa orodispersibile	N05AH03	EG S.P.A.	Autorizzata	Procedura Mutuo riconoscimento o Decentrata	Medicinali soggetti a prescrizione medica
040771204	040771	OLANZAPINA EG STADA	10 MG COMPRESSE ORODISPERSIBILI- 56 COMPRESSE IN BLISTER OPA/AL/PVC/AL	OLANZAPINA	OLANZAPINA	5	milligrammi	Compressa orodispersibile	N05AH03	EG S.P.A.	Autorizzata	Procedura Mutuo riconoscimento o Decentrata	Medicinali soggetti a prescrizione medica
040771216	040771	OLANZAPINA EG STADA	10 MG COMPRESSE ORODISPERSIBILI- 60 COMPRESSE IN BLISTER OPA/AL/PVC/AL	OLANZAPINA	OLANZAPINA	5	milligrammi	Compressa orodispersibile	N05AH03	EG S.P.A.	Autorizzata	Procedura Mutuo riconoscimento o Decentrata	Medicinali soggetti a prescrizione medica
040771228	040771	OLANZAPINA EG STADA	10 MG COMPRESSE ORODISPERSIBILI- 98 COMPRESSE IN BLISTER OPA/AL/PVC/AL	OLANZAPINA	OLANZAPINA	5	milligrammi	Compressa orodispersibile	N05AH03	EG S.P.A.	Autorizzata	Procedura Mutuo riconoscimento o Decentrata	Medicinali soggetti a prescrizione medica
040771230	040771	OLANZAPINA EG STADA	10 MG COMPRESSE ORODISPERSIBILI- 126 COMPRESSE IN BLISTER OPA/AL/PVC/AL	OLANZAPINA	OLANZAPINA	5	milligrammi	Compressa orodispersibile	N05AH03	EG S.P.A.	Autorizzata	Procedura Mutuo riconoscimento o Decentrata	Medicinali soggetti a prescrizione medica
040771242	040771	OLANZAPINA EG STADA	10 MG COMPRESSE ORODISPERSIBILI- 154 COMPRESSE IN BLISTER OPA/AL/PVC/AL	OLANZAPINA	OLANZAPINA	5	milligrammi	Compressa orodispersibile	N05AH03	EG S.P.A.	Autorizzata	Procedura Mutuo riconoscimento o Decentrata	Medicinali soggetti a prescrizione medica
040771255	040771	OLANZAPINA EG STADA	10 MG COMPRESSE ORODISPERSIBILI- 10 COMPRESSE IN BLISTER CARTA/PETP/AL/AL	OLANZAPINA	OLANZAPINA	5	milligrammi	Compressa orodispersibile	N05AH03	EG S.P.A.	Autorizzata	Procedura Mutuo riconoscimento o Decentrata	Medicinali soggetti a prescrizione medica
040771267	040771	OLANZAPINA EG STADA	10 MG COMPRESSE ORODISPERSIBILI- 28 COMPRESSE IN BLISTER CARTA/PETP/AL/AL	OLANZAPINA	OLANZAPINA	5	milligrammi	Compressa orodispersibile	N05AH03	EG S.P.A.	Autorizzata	Procedura Mutuo riconoscimento o Decentrata	Medicinali soggetti a prescrizione medica
040771279	040771	OLANZAPINA EG STADA	10 MG COMPRESSE ORODISPERSIBILI- 30 COMPRESSE IN BLISTER CARTA/PETP/AL/AL	OLANZAPINA	OLANZAPINA	5	milligrammi	Compressa orodispersibile	N05AH03	EG S.P.A.	Autorizzata	Procedura Mutuo riconoscimento o Decentrata	Medicinali soggetti a prescrizione medica
040771281	040771	OLANZAPINA EG STADA	10 MG COMPRESSE ORODISPERSIBILI- 56 COMPRESSE IN BLISTER CARTA/PETP/AL/AL	OLANZAPINA	OLANZAPINA	5	milligrammi	Compressa orodispersibile	N05AH03	EG S.P.A.	Autorizzata	Procedura Mutuo riconoscimento o Decentrata	Medicinali soggetti a prescrizione medica
040771293	040771	OLANZAPINA EG STADA	10 MG COMPRESSE ORODISPERSIBILI- 60 COMPRESSE IN BLISTER CARTA/PETP/AL/AL	OLANZAPINA	OLANZAPINA	5	milligrammi	Compressa orodispersibile	N05AH03	EG S.P.A.	Autorizzata	Procedura Mutuo riconoscimento o Decentrata	Medicinali soggetti a prescrizione medica
040771305	040771	OLANZAPINA EG STADA	10 MG COMPRESSE ORODISPERSIBILI- 98 COMPRESSE IN BLISTER CARTA/PETP/AL/AL	OLANZAPINA	OLANZAPINA	5	milligrammi	Compressa orodispersibile	N05AH03	EG S.P.A.	Autorizzata	Procedura Mutuo riconoscimento o Decentrata	Medicinali soggetti a prescrizione medica
040771317	040771	OLANZAPINA EG STADA	10 MG COMPRESSE ORODISPERSIBILI- 126 COMPRESSE IN BLISTER CARTA/PETP/AL/AL	OLANZAPINA	OLANZAPINA	5	milligrammi	Compressa orodispersibile	N05AH03	EG S.P.A.	Autorizzata	Procedura Mutuo riconoscimento o Decentrata	Medicinali soggetti a prescrizione medica
040771329	040771	OLANZAPINA EG STADA	10 MG COMPRESSE ORODISPERSIBILI- 154 COMPRESSE IN BLISTER CARTA/PETP/AL/AL	OLANZAPINA	OLANZAPINA	5	milligrammi	Compressa orodispersibile	N05AH03	EG S.P.A.	Autorizzata	Procedura Mutuo riconoscimento o Decentrata	Medicinali soggetti a prescrizione medica
040830059	040830	OLANZAPINA ZENTIVA	5 MG COMPRESSE RIVESTITE CON FILM- 14 COMPRESSE IN BLISTER OPA/AL/PVC/AL	OLANZAPINA	OLANZAPINA	5	milligrammi	Compressa rivestita con film	N05AH03	ZENTIVA ITALIA S.R.L.	Autorizzata	Procedura Mutuo riconoscimento o Decentrata	Medicinali soggetti a prescrizione medica
040830061	040830	OLANZAPINA ZENTIVA	5 MG COMPRESSE RIVESTITE CON FILM- 28 COMPRESSE IN BLISTER OPA/AL/PVC/AL	OLANZAPINA	OLANZAPINA	5	milligrammi	Compressa rivestita con film	N05AH03	ZENTIVA ITALIA S.R.L.	Autorizzata	Procedura Mutuo riconoscimento o Decentrata	Medicinali soggetti a prescrizione medica
040830073	040830	OLANZAPINA ZENTIVA	5 MG COMPRESSE RIVESTITE CON FILM- 35 COMPRESSE IN BLISTER OPA/AL/PVC/AL	OLANZAPINA	OLANZAPINA	5	milligrammi	Compressa rivestita con film	N05AH03	ZENTIVA ITALIA S.R.L.	Autorizzata	Procedura Mutuo riconoscimento o Decentrata	Medicinali soggetti a prescrizione medica
040830085	040830	OLANZAPINA ZENTIVA	5 MG COMPRESSE RIVESTITE CON FILM- 70 COMPRESSE IN BLISTER OPA/AL/PVC/AL	OLANZAPINA	OLANZAPINA	5	milligrammi	Compressa rivestita con film	N05AH03	ZENTIVA ITALIA S.R.L.	Autorizzata	Procedura Mutuo riconoscimento o Decentrata	Medicinali soggetti a prescrizione medica
040830097	040830	OLANZAPINA ZENTIVA	10 MG COMPRESSE RIVESTITE CON FILM- 14 COMPRESSE IN BLISTER OPA/AL/PVC/AL	OLANZAPINA	OLANZAPINA	10	milligrammi	Compressa rivestita con film	N05AH03	ZENTIVA ITALIA S.R.L.	Autorizzata	Procedura Mutuo riconoscimento o Decentrata	Medicinali soggetti a prescrizione medica
040830109	040830	OLANZAPINA ZENTIVA	10 MG COMPRESSE RIVESTITE CON FILM- 28 COMPRESSE IN BLISTER OPA/AL/PVC/AL	OLANZAPINA	OLANZAPINA	10	milligrammi	Compressa rivestita con film	N05AH03	ZENTIVA ITALIA S.R.L.	Autorizzata	Procedura Mutuo riconoscimento o Decentrata	Medicinali soggetti a prescrizione medica
040830111	040830	OLANZAPINA ZENTIVA	10 MG COMPRESSE RIVESTITE CON FILM- 35 COMPRESSE IN BLISTER OPA/AL/PVC/AL	OLANZAPINA	OLANZAPINA	10	milligrammi	Compressa rivestita con film	N05AH03	ZENTIVA ITALIA S.R.L.	Autorizzata	Procedura Mutuo riconoscimento o Decentrata	Medicinali soggetti a prescrizione medica
040830123	040830	OLANZAPINA ZENTIVA	10 MG COMPRESSE RIVESTITE CON FILM- 56 COMPRESSE IN BLISTER OPA/AL/PVC/AL	OLANZAPINA	OLANZAPINA	10	milligrammi	Compressa rivestita con film	N05AH03	ZENTIVA ITALIA S.R.L.	Autorizzata	Procedura Mutuo riconoscimento o Decentrata	Medicinali soggetti a prescrizione medica
040830135	040830	OLANZAPINA ZENTIVA	10 MG COMPRESSE RIVESTITE CON FILM- 70 COMPRESSE IN BLISTER OPA/AL/PVC/AL	OLANZAPINA	OLANZAPINA	10	milligrammi	Compressa rivestita con film	N05AH03	ZENTIVA ITALIA S.R.L.	Autorizzata	Procedura Mutuo riconoscimento o Decentrata	Medicinali soggetti a prescrizione medica
040830147	040830	OLANZAPINA ZENTIVA	5 MG COMPRESSE ORODISPERSIBILI- 14 COMPRESSE IN BLISTER OPA/AL/PVC/AL	OLANZAPINA	OLANZAPINA			Compressa orodispersibile	N05AH03	ZENTIVA ITALIA S.R.L.	Autorizzata	Procedura Mutuo riconoscimento o Decentrata	Medicinali soggetti a prescrizione medica
040830150	040830	OLANZAPINA ZENTIVA	5 MG COMPRESSE ORODISPERSIBILI- 28 COMPRESSE IN BLISTER OPA/AL/PVC/AL	OLANZAPINA	OLANZAPINA			Compressa orodispersibile	N05AH03	ZENTIVA ITALIA S.R.L.	Autorizzata	Procedura Mutuo riconoscimento o Decentrata	Medicinali soggetti a prescrizione medica
040830162	040830	OLANZAPINA ZENTIVA	5 MG COMPRESSE ORODISPERSIBILI- 35 COMPRESSE IN BLISTER OPA/AL/PVC/AL	OLANZAPINA	OLANZAPINA			Compressa orodispersibile	N05AH03	ZENTIVA ITALIA S.R.L.	Autorizzata	Procedura Mutuo riconoscimento o Decentrata	Medicinali soggetti a prescrizione medica
040830174	040830	OLANZAPINA ZENTIVA	5 MG COMPRESSE ORODISPERSIBILI- 56 COMPRESSE IN BLISTER OPA/AL/PVC/AL	OLANZAPINA	OLANZAPINA			Compressa orodispersibile	N05AH03	ZENTIVA ITALIA S.R.L.	Autorizzata	Procedura Mutuo riconoscimento o Decentrata	Medicinali soggetti a prescrizione medica
040830186	040830	OLANZAPINA ZENTIVA	5 MG COMPRESSE ORODISPERSIBILI- 70 COMPRESSE IN BLISTER OPA/AL/PVC/AL	OLANZAPINA	OLANZAPINA			Compressa orodispersibile	N05AH03	ZENTIVA ITALIA S.R.L.	Autorizzata	Procedura Mutuo riconoscimento o Decentrata	Medicinali soggetti a prescrizione medica
040830198	040830	OLANZAPINA ZENTIVA	5 MG COMPRESSE ORODISPERSIBILI- 98 COMPRESSE IN BLISTER OPA/AL/PVC/AL	OLANZAPINA	OLANZAPINA			Compressa orodispersibile	N05AH03	ZENTIVA ITALIA S.R.L.	Autorizzata	Procedura Mutuo riconoscimento o Decentrata	Medicinali soggetti a prescrizione medica
040830200	040830	OLANZAPINA ZENTIVA	10 MG COMPRESSE ORODISPERSIBILI- 14 COMPRESSE IN BLISTER OPA/AL/PVC/AL	OLANZAPINA	OLANZAPINA			Compressa orodispersibile	N05AH03	ZENTIVA ITALIA S.R.L.	Autorizzata	Procedura Mutuo riconoscimento o Decentrata	Medicinali soggetti a prescrizione medica
040830212	040830	OLANZAPINA ZENTIVA	10 MG COMPRESSE ORODISPERSIBILI- 28 COMPRESSE IN BLISTER OPA/AL/PVC/AL	OLANZAPINA	OLANZAPINA			Compressa orodispersibile	N05AH03	ZENTIVA ITALIA S.R.L.	Autorizzata	Procedura Mutuo riconoscimento o Decentrata	Medicinali soggetti a prescrizione medica
040830224	040830	OLANZAPINA ZENTIVA	10 MG COMPRESSE ORODISPERSIBILI- 35 COMPRESSE IN BLISTER OPA/AL/PVC/AL	OLANZAPINA	OLANZAPINA			Compressa orodispersibile	N05AH03	ZENTIVA ITALIA S.R.L.	Autorizzata	Procedura Mutuo riconoscimento o Decentrata	Medicinali soggetti a prescrizione medica
040830236	040830	OLANZAPINA ZENTIVA	10 MG COMPRESSE ORODISPERSIBILI- 56 COMPRESSE IN BLISTER OPA/AL/PVC/AL	OLANZAPINA	OLANZAPINA			Compressa orodispersibile	N05AH03	ZENTIVA ITALIA S.R.L.	Autorizzata	Procedura Mutuo riconoscimento o Decentrata	Medicinali soggetti a prescrizione medica
040830248	040830	OLANZAPINA ZENTIVA	10 MG COMPRESSE ORODISPERSIBILI- 70 COMPRESSE IN BLISTER OPA/AL/PVC/AL	OLANZAPINA	OLANZAPINA			Compressa orodispersibile	N05AH03	ZENTIVA ITALIA S.R.L.	Autorizzata	Procedura Mutuo riconoscimento o Decentrata	Medicinali soggetti a prescrizione medica
040830251	040830	OLANZAPINA ZENTIVA	10 MG COMPRESSE ORODISPERSIBILI- 98 COMPRESSE IN BLISTER OPA/AL/PVC/AL	OLANZAPINA	OLANZAPINA			Compressa orodispersibile	N05AH03	ZENTIVA ITALIA S.R.L.	Autorizzata	Procedura Mutuo riconoscimento o Decentrata	Medicinali soggetti a prescrizione medica
040830275	040830	OLANZAPINA ZENTIVA	5 MG COMPRESSE RIVESTITE CON FILM- 56 COMPRESSE IN BLISTER OPA/AL/PVC/AL	OLANZAPINA	OLANZAPINA	5	milligrammi	Compressa rivestita con film	N05AH03	ZENTIVA ITALIA S.R.L.	Autorizzata	Procedura Mutuo riconoscimento o Decentrata	Medicinali soggetti a prescrizione medica
040870014	040870	OLANZAPINA CHEPLAPHARM	2,5 MG COMPRESSE RIVESTITE- 28 COMPRESSE IN BLISTER AL/AL	OLANZAPINA	OLANZAPINA			Compressa rivestita	N05AH03	CHEPLAPHARM REGISTRATION GMBH	Autorizzata	Procedura Mutuo riconoscimento o Decentrata	Medicinali soggetti a prescrizione medica
040870026	040870	OLANZAPINA CHEPLAPHARM	2,5 MG COMPRESSE RIVESTITE- 35 COMPRESSE IN BLISTER AL/AL	OLANZAPINA	OLANZAPINA			Compressa rivestita	N05AH03	CHEPLAPHARM REGISTRATION GMBH	Autorizzata	Procedura Mutuo riconoscimento o Decentrata	Medicinali soggetti a prescrizione medica
040870038	040870	OLANZAPINA CHEPLAPHARM	2,5 MG COMPRESSE RIVESTITE- 56 COMPRESSE IN BLISTER AL/AL	OLANZAPINA	OLANZAPINA			Compressa rivestita	N05AH03	CHEPLAPHARM REGISTRATION GMBH	Autorizzata	Procedura Mutuo riconoscimento o Decentrata	Medicinali soggetti a prescrizione medica
040870040	040870	OLANZAPINA CHEPLAPHARM	2,5 MG COMPRESSE RIVESTITE- 70 COMPRESSE IN BLISTER AL/AL	OLANZAPINA	OLANZAPINA			Compressa rivestita	N05AH03	CHEPLAPHARM REGISTRATION GMBH	Autorizzata	Procedura Mutuo riconoscimento o Decentrata	Medicinali soggetti a prescrizione medica
040870053	040870	OLANZAPINA CHEPLAPHARM	5 MG COMPRESSE RIVESTITE- 28 COMPRESSE IN BLISTER AL/AL	OLANZAPINA	OLANZAPINA			Compressa rivestita	N05AH03	CHEPLAPHARM REGISTRATION GMBH	Autorizzata	Procedura Mutuo riconoscimento o Decentrata	Medicinali soggetti a prescrizione medica
040870065	040870	OLANZAPINA CHEPLAPHARM	5 MG COMPRESSE RIVESTITE- 35 COMPRESSE IN BLISTER AL/AL	OLANZAPINA	OLANZAPINA			Compressa rivestita	N05AH03	CHEPLAPHARM REGISTRATION GMBH	Autorizzata	Procedura Mutuo riconoscimento o Decentrata	Medicinali soggetti a prescrizione medica
040870077	040870	OLANZAPINA CHEPLAPHARM	5 MG COMPRESSE RIVESTITE- 56 COMPRESSE IN BLISTER AL/AL	OLANZAPINA	OLANZAPINA			Compressa rivestita	N05AH03	CHEPLAPHARM REGISTRATION GMBH	Autorizzata	Procedura Mutuo riconoscimento o Decentrata	Medicinali soggetti a prescrizione medica
040870089	040870	OLANZAPINA CHEPLAPHARM	5 MG COMPRESSE RIVESTITE- 70 COMPRESSE IN BLISTER AL/AL	OLANZAPINA	OLANZAPINA			Compressa rivestita	N05AH03	CHEPLAPHARM REGISTRATION GMBH	Autorizzata	Procedura Mutuo riconoscimento o Decentrata	Medicinali soggetti a prescrizione medica
040870091	040870	OLANZAPINA CHEPLAPHARM	7,5 MG COMPRESSE RIVESTITE- 28 COMPRESSE IN BLISTER AL/AL	OLANZAPINA	OLANZAPINA			Compressa rivestita	N05AH03	CHEPLAPHARM REGISTRATION GMBH	Autorizzata	Procedura Mutuo riconoscimento o Decentrata	Medicinali soggetti a prescrizione medica
040870103	040870	OLANZAPINA CHEPLAPHARM	7,5 MG COMPRESSE RIVESTITE- 35 COMPRESSE IN BLISTER AL/AL	OLANZAPINA	OLANZAPINA			Compressa rivestita	N05AH03	CHEPLAPHARM REGISTRATION GMBH	Autorizzata	Procedura Mutuo riconoscimento o Decentrata	Medicinali soggetti a prescrizione medica
040870115	040870	OLANZAPINA CHEPLAPHARM	7,5 MG COMPRESSE RIVESTITE- 56 COMPRESSE IN BLISTER AL/AL	OLANZAPINA	OLANZAPINA			Compressa rivestita	N05AH03	CHEPLAPHARM REGISTRATION GMBH	Autorizzata	Procedura Mutuo riconoscimento o Decentrata	Medicinali soggetti a prescrizione medica
040870127	040870	OLANZAPINA CHEPLAPHARM	7,5 MG COMPRESSE RIVESTITE- 70 COMPRESSE IN BLISTER AL/AL	OLANZAPINA	OLANZAPINA			Compressa rivestita	N05AH03	CHEPLAPHARM REGISTRATION GMBH	Autorizzata	Procedura Mutuo riconoscimento o Decentrata	Medicinali soggetti a prescrizione medica
040870139	040870	OLANZAPINA CHEPLAPHARM	10 MG COMPRESSE RIVESTITE- 28 COMPRESSE IN BLISTER AL/AL	OLANZAPINA	OLANZAPINA			Compressa rivestita	N05AH03	CHEPLAPHARM REGISTRATION GMBH	Autorizzata	Procedura Mutuo riconoscimento o Decentrata	Medicinali soggetti a prescrizione medica
040870141	040870	OLANZAPINA CHEPLAPHARM	10 MG COMPRESSE RIVESTITE- 35 COMPRESSE IN BLISTER AL/AL	OLANZAPINA	OLANZAPINA			Compressa rivestita	N05AH03	CHEPLAPHARM REGISTRATION GMBH	Autorizzata	Procedura Mutuo riconoscimento o Decentrata	Medicinali soggetti a prescrizione medica
040870154	040870	OLANZAPINA CHEPLAPHARM	10 MG COMPRESSE RIVESTITE- 56 COMPRESSE IN BLISTER AL/AL	OLANZAPINA	OLANZAPINA			Compressa rivestita	N05AH03	CHEPLAPHARM REGISTRATION GMBH	Autorizzata	Procedura Mutuo riconoscimento o Decentrata	Medicinali soggetti a prescrizione medica
040870166	040870	OLANZAPINA CHEPLAPHARM	10 MG COMPRESSE RIVESTITE- 70 COMPRESSE IN BLISTER AL/AL	OLANZAPINA	OLANZAPINA			Compressa rivestita	N05AH03	CHEPLAPHARM REGISTRATION GMBH	Autorizzata	Procedura Mutuo riconoscimento o Decentrata	Medicinali soggetti a prescrizione medica
040870178	040870	OLANZAPINA CHEPLAPHARM	15 MG COMPRESSE RIVESTITE- 28 COMPRESSE IN BLISTER AL/AL	OLANZAPINA	OLANZAPINA			Compressa rivestita	N05AH03	CHEPLAPHARM REGISTRATION GMBH	Autorizzata	Procedura Mutuo riconoscimento o Decentrata	Medicinali soggetti a prescrizione medica
040870180	040870	OLANZAPINA CHEPLAPHARM	15 MG COMPRESSE RIVESTITE- 35 COMPRESSE IN BLISTER AL/AL	OLANZAPINA	OLANZAPINA			Compressa rivestita	N05AH03	CHEPLAPHARM REGISTRATION GMBH	Autorizzata	Procedura Mutuo riconoscimento o Decentrata	Medicinali soggetti a prescrizione medica
040870192	040870	OLANZAPINA CHEPLAPHARM	15 MG COMPRESSE RIVESTITE- 56 COMPRESSE IN BLISTER AL/AL	OLANZAPINA	OLANZAPINA			Compressa rivestita	N05AH03	CHEPLAPHARM REGISTRATION GMBH	Autorizzata	Procedura Mutuo riconoscimento o Decentrata	Medicinali soggetti a prescrizione medica
040870204	040870	OLANZAPINA CHEPLAPHARM	15 MG COMPRESSE RIVESTITE- 70 COMPRESSE IN BLISTER AL/AL	OLANZAPINA	OLANZAPINA			Compressa rivestita	N05AH03	CHEPLAPHARM REGISTRATION GMBH	Autorizzata	Procedura Mutuo riconoscimento o Decentrata	Medicinali soggetti a prescrizione medica
040870216	040870	OLANZAPINA CHEPLAPHARM	20 MG COMPRESSE RIVESTITE- 28 COMPRESSE IN BLISTER AL/AL	OLANZAPINA	OLANZAPINA			Compressa rivestita	N05AH03	CHEPLAPHARM REGISTRATION GMBH	Autorizzata	Procedura Mutuo riconoscimento o Decentrata	Medicinali soggetti a prescrizione medica
040870228	040870	OLANZAPINA CHEPLAPHARM	20 MG COMPRESSE RIVESTITE- 35 COMPRESSE IN BLISTER AL/AL	OLANZAPINA	OLANZAPINA			Compressa rivestita	N05AH03	CHEPLAPHARM REGISTRATION GMBH	Autorizzata	Procedura Mutuo riconoscimento o Decentrata	Medicinali soggetti a prescrizione medica
040870230	040870	OLANZAPINA CHEPLAPHARM	20 MG COMPRESSE RIVESTITE- 56 COMPRESSE IN BLISTER AL/AL	OLANZAPINA	OLANZAPINA			Compressa rivestita	N05AH03	CHEPLAPHARM REGISTRATION GMBH	Autorizzata	Procedura Mutuo riconoscimento o Decentrata	Medicinali soggetti a prescrizione medica
040870242	040870	OLANZAPINA CHEPLAPHARM	20 MG COMPRESSE RIVESTITE- 70 COMPRESSE IN BLISTER AL/AL	OLANZAPINA	OLANZAPINA			Compressa rivestita	N05AH03	CHEPLAPHARM REGISTRATION GMBH	Autorizzata	Procedura Mutuo riconoscimento o Decentrata	Medicinali soggetti a prescrizione medica
040870255	040870	OLANZAPINA CHEPLAPHARM	5 MG COMPRESSE ORODISPERSIBILI- 28 COMPRESSE IN BLISTER AL/AL	OLANZAPINA	OLANZAPINA	5	milligrammi	Compressa orodispersibile	N05AH03	CHEPLAPHARM REGISTRATION GMBH	Autorizzata	Procedura Mutuo riconoscimento o Decentrata	Medicinali soggetti a prescrizione medica
040870267	040870	OLANZAPINA CHEPLAPHARM	5 MG COMPRESSE ORODISPERSIBILI- 35 COMPRESSE IN BLISTER AL/AL	OLANZAPINA	OLANZAPINA	5	milligrammi	Compressa orodispersibile	N05AH03	CHEPLAPHARM REGISTRATION GMBH	Autorizzata	Procedura Mutuo riconoscimento o Decentrata	Medicinali soggetti a prescrizione medica
040870279	040870	OLANZAPINA CHEPLAPHARM	5 MG COMPRESSE ORODISPERSIBILI- 56 COMPRESSE IN BLISTER AL/AL	OLANZAPINA	OLANZAPINA	5	milligrammi	Compressa orodispersibile	N05AH03	CHEPLAPHARM REGISTRATION GMBH	Autorizzata	Procedura Mutuo riconoscimento o Decentrata	Medicinali soggetti a prescrizione medica
040870281	040870	OLANZAPINA CHEPLAPHARM	5 MG COMPRESSE ORODISPERSIBILI- 70 COMPRESSE IN BLISTER AL/AL	OLANZAPINA	OLANZAPINA	5	milligrammi	Compressa orodispersibile	N05AH03	CHEPLAPHARM REGISTRATION GMBH	Autorizzata	Procedura Mutuo riconoscimento o Decentrata	Medicinali soggetti a prescrizione medica
040870293	040870	OLANZAPINA CHEPLAPHARM	10 MG COMPRESSE ORODISPERSIBILI- 28 COMPRESSE IN BLISTER AL/AL	OLANZAPINA	OLANZAPINA	10	milligrammi	Compressa orodispersibile	N05AH03	CHEPLAPHARM REGISTRATION GMBH	Autorizzata	Procedura Mutuo riconoscimento o Decentrata	Medicinali soggetti a prescrizione medica
040870305	040870	OLANZAPINA CHEPLAPHARM	10 MG COMPRESSE ORODISPERSIBILI- 35 COMPRESSE IN BLISTER AL/AL	OLANZAPINA	OLANZAPINA	10	milligrammi	Compressa orodispersibile	N05AH03	CHEPLAPHARM REGISTRATION GMBH	Autorizzata	Procedura Mutuo riconoscimento o Decentrata	Medicinali soggetti a prescrizione medica
040870317	040870	OLANZAPINA CHEPLAPHARM	10 MG COMPRESSE ORODISPERSIBILI- 56 COMPRESSE IN BLISTER AL/AL	OLANZAPINA	OLANZAPINA	10	milligrammi	Compressa orodispersibile	N05AH03	CHEPLAPHARM REGISTRATION GMBH	Autorizzata	Procedura Mutuo riconoscimento o Decentrata	Medicinali soggetti a prescrizione medica
040870329	040870	OLANZAPINA CHEPLAPHARM	10 MG COMPRESSE ORODISPERSIBILI- 70 COMPRESSE IN BLISTER AL/AL	OLANZAPINA	OLANZAPINA	10	milligrammi	Compressa orodispersibile	N05AH03	CHEPLAPHARM REGISTRATION GMBH	Autorizzata	Procedura Mutuo riconoscimento o Decentrata	Medicinali soggetti a prescrizione medica
040870331	040870	OLANZAPINA CHEPLAPHARM	15 MG COMPRESSE ORODISPERSIBILI- 28 COMPRESSE IN BLISTER AL/AL	OLANZAPINA	OLANZAPINA	15	milligrammi	Compressa orodispersibile	N05AH03	CHEPLAPHARM REGISTRATION GMBH	Autorizzata	Procedura Mutuo riconoscimento o Decentrata	Medicinali soggetti a prescrizione medica
040870343	040870	OLANZAPINA CHEPLAPHARM	15 MG COMPRESSE ORODISPERSIBILI- 35 COMPRESSE IN BLISTER AL/AL	OLANZAPINA	OLANZAPINA	15	milligrammi	Compressa orodispersibile	N05AH03	CHEPLAPHARM REGISTRATION GMBH	Autorizzata	Procedura Mutuo riconoscimento o Decentrata	Medicinali soggetti a prescrizione medica
040870356	040870	OLANZAPINA CHEPLAPHARM	15 MG COMPRESSE ORODISPERSIBILI- 56 COMPRESSE IN BLISTER AL/AL	OLANZAPINA	OLANZAPINA	15	milligrammi	Compressa orodispersibile	N05AH03	CHEPLAPHARM REGISTRATION GMBH	Autorizzata	Procedura Mutuo riconoscimento o Decentrata	Medicinali soggetti a prescrizione medica
040870368	040870	OLANZAPINA CHEPLAPHARM	15 MG COMPRESSE ORODISPERSIBILI- 70 COMPRESSE IN BLISTER AL/AL	OLANZAPINA	OLANZAPINA	15	milligrammi	Compressa orodispersibile	N05AH03	CHEPLAPHARM REGISTRATION GMBH	Autorizzata	Procedura Mutuo riconoscimento o Decentrata	Medicinali soggetti a prescrizione medica
040870370	040870	OLANZAPINA CHEPLAPHARM	20 MG COMPRESSE ORODISPERSIBILI- 28 COMPRESSE IN BLISTER AL/AL	OLANZAPINA	OLANZAPINA	20	milligrammi	Compressa orodispersibile	N05AH03	CHEPLAPHARM REGISTRATION GMBH	Autorizzata	Procedura Mutuo riconoscimento o Decentrata	Medicinali soggetti a prescrizione medica
040870382	040870	OLANZAPINA CHEPLAPHARM	20 MG COMPRESSE ORODISPERSIBILI- 35 COMPRESSE IN BLISTER AL/AL	OLANZAPINA	OLANZAPINA	20	milligrammi	Compressa orodispersibile	N05AH03	CHEPLAPHARM REGISTRATION GMBH	Autorizzata	Procedura Mutuo riconoscimento o Decentrata	Medicinali soggetti a prescrizione medica
040870394	040870	OLANZAPINA CHEPLAPHARM	20 MG COMPRESSE ORODISPERSIBILI- 56 COMPRESSE IN BLISTER AL/AL	OLANZAPINA	OLANZAPINA	20	milligrammi	Compressa orodispersibile	N05AH03	CHEPLAPHARM REGISTRATION GMBH	Autorizzata	Procedura Mutuo riconoscimento o Decentrata	Medicinali soggetti a prescrizione medica
040870406	040870	OLANZAPINA CHEPLAPHARM	20 MG COMPRESSE ORODISPERSIBILI- 70 COMPRESSE IN BLISTER AL/AL	OLANZAPINA	OLANZAPINA	20	milligrammi	Compressa orodispersibile	N05AH03	CHEPLAPHARM REGISTRATION GMBH	Autorizzata	Procedura Mutuo riconoscimento o Decentrata	Medicinali soggetti a prescrizione medica
041011014	041011	ZALASTA	2,5 MG-COMPRESSA-USO ORALE -BLISTER (AL/OPA/AL/PVC) -14 COMPRESSE	OLANZAPINA	OLANZAPINA	2.5	milligrammi	Compressa	N05AH03	KRKA D.D. NOVO MESTO	Autorizzata	Procedura Centralizzata	Medicinali soggetti a prescrizione medica
041011026	041011	ZALASTA	2,5 MG-COMPRESSA-USO ORALE -BLISTER (AL/OPA/AL/PVC) -28 COMPRESSE	OLANZAPINA	OLANZAPINA	2.5	milligrammi	Compressa	N05AH03	KRKA D.D. NOVO MESTO	Autorizzata	Procedura Centralizzata	Medicinali soggetti a prescrizione medica
041011038	041011	ZALASTA	2,5 MG-COMPRESSA-USO ORALE -BLISTER (AL/OPA/AL/PVC) -35 COMPRESSE	OLANZAPINA	OLANZAPINA	2.5	milligrammi	Compressa	N05AH03	KRKA D.D. NOVO MESTO	Autorizzata	Procedura Centralizzata	Medicinali soggetti a prescrizione medica
041011040	041011	ZALASTA	2,5 MG-COMPRESSA-USO ORALE -BLISTER (AL/OPA/AL/PVC) -56 COMPRESSE	OLANZAPINA	OLANZAPINA	2.5	milligrammi	Compressa	N05AH03	KRKA D.D. NOVO MESTO	Autorizzata	Procedura Centralizzata	Medicinali soggetti a prescrizione medica
041011053	041011	ZALASTA	2,5 MG-COMPRESSA-USO ORALE -BLISTER (AL/OPA/AL/PVC) -70 COMPRESSE	OLANZAPINA	OLANZAPINA	2.5	milligrammi	Compressa	N05AH03	KRKA D.D. NOVO MESTO	Autorizzata	Procedura Centralizzata	Medicinali soggetti a prescrizione medica
041011065	041011	ZALASTA	5 MG-COMPRESSA-USO ORALE -BLISTER (AL/OPA/AL/PVC) -14 COMPRESSE	OLANZAPINA	OLANZAPINA	5	milligrammi	Compressa	N05AH03	KRKA D.D. NOVO MESTO	Autorizzata	Procedura Centralizzata	Medicinali soggetti a prescrizione medica
041011077	041011	ZALASTA	5 MG-COMPRESSA-USO ORALE -BLISTER (AL/OPA/AL/PVC) -28 COMPRESSE	OLANZAPINA	OLANZAPINA	5	milligrammi	Compressa	N05AH03	KRKA D.D. NOVO MESTO	Autorizzata	Procedura Centralizzata	Medicinali soggetti a prescrizione medica
041011089	041011	ZALASTA	5 MG-COMPRESSA-USO ORALE -BLISTER (AL/OPA/AL/PVC) -35 COMPRESSE	OLANZAPINA	OLANZAPINA	5	milligrammi	Compressa	N05AH03	KRKA D.D. NOVO MESTO	Autorizzata	Procedura Centralizzata	Medicinali soggetti a prescrizione medica
041011091	041011	ZALASTA	5 MG-COMPRESSA-USO ORALE -BLISTER (AL/OPA/AL/PVC) -56 COMPRESSE	OLANZAPINA	OLANZAPINA	5	milligrammi	Compressa	N05AH03	KRKA D.D. NOVO MESTO	Autorizzata	Procedura Centralizzata	Medicinali soggetti a prescrizione medica
041011103	041011	ZALASTA	5 MG-COMPRESSA-USO ORALE -BLISTER (AL/OPA/AL/PVC) -70 COMPRESSE	OLANZAPINA	OLANZAPINA	5	milligrammi	Compressa	N05AH03	KRKA D.D. NOVO MESTO	Autorizzata	Procedura Centralizzata	Medicinali soggetti a prescrizione medica
041011115	041011	ZALASTA	7,5 MG-COMPRESSA-USO ORALE -BLISTER (AL/OPA/AL/PVC) -14 COMPRESSE	OLANZAPINA	OLANZAPINA	7.5	milligrammi	Compressa	N05AH03	KRKA D.D. NOVO MESTO	Autorizzata	Procedura Centralizzata	Medicinali soggetti a prescrizione medica
041011127	041011	ZALASTA	7,5 MG-COMPRESSA-USO ORALE -BLISTER (AL/OPA/AL/PVC) -28 COMPRESSE	OLANZAPINA	OLANZAPINA	7.5	milligrammi	Compressa	N05AH03	KRKA D.D. NOVO MESTO	Autorizzata	Procedura Centralizzata	Medicinali soggetti a prescrizione medica
041011139	041011	ZALASTA	7,5 MG-COMPRESSA-USO ORALE -BLISTER (AL/OPA/AL/PVC) -35 COMPRESSE	OLANZAPINA	OLANZAPINA	7.5	milligrammi	Compressa	N05AH03	KRKA D.D. NOVO MESTO	Autorizzata	Procedura Centralizzata	Medicinali soggetti a prescrizione medica
041011141	041011	ZALASTA	7,5 MG-COMPRESSA-USO ORALE -BLISTER (AL/OPA/AL/PVC) -56 COMPRESSE	OLANZAPINA	OLANZAPINA	7.5	milligrammi	Compressa	N05AH03	KRKA D.D. NOVO MESTO	Autorizzata	Procedura Centralizzata	Medicinali soggetti a prescrizione medica
041011154	041011	ZALASTA	7,5 MG-COMPRESSA-USO ORALE -BLISTER (AL/OPA/AL/PVC) -70 COMPRESSE	OLANZAPINA	OLANZAPINA	7.5	milligrammi	Compressa	N05AH03	KRKA D.D. NOVO MESTO	Autorizzata	Procedura Centralizzata	Medicinali soggetti a prescrizione medica
041011166	041011	ZALASTA	10 MG-COMPRESSA-USO ORALE -BLISTER (AL/OPA/AL/PVC) - 7 COMPRESSE	OLANZAPINA	OLANZAPINA	10	milligrammi	Compressa	N05AH03	KRKA D.D. NOVO MESTO	Autorizzata	Procedura Centralizzata	Medicinali soggetti a prescrizione medica
041011178	041011	ZALASTA	10 MG-COMPRESSA-USO ORALE -BLISTER (AL/OPA/AL/PVC) - 14 COMPRESSE	OLANZAPINA	OLANZAPINA	10	milligrammi	Compressa	N05AH03	KRKA D.D. NOVO MESTO	Autorizzata	Procedura Centralizzata	Medicinali soggetti a prescrizione medica
041011180	041011	ZALASTA	10 MG-COMPRESSA-USO ORALE -BLISTER (AL/OPA/AL/PVC) - 28 COMPRESSE	OLANZAPINA	OLANZAPINA	10	milligrammi	Compressa	N05AH03	KRKA D.D. NOVO MESTO	Autorizzata	Procedura Centralizzata	Medicinali soggetti a prescrizione medica
041011192	041011	ZALASTA	10 MG-COMPRESSA-USO ORALE -BLISTER (AL/OPA/AL/PVC) - 35 COMPRESSE	OLANZAPINA	OLANZAPINA	10	milligrammi	Compressa	N05AH03	KRKA D.D. NOVO MESTO	Autorizzata	Procedura Centralizzata	Medicinali soggetti a prescrizione medica
041011204	041011	ZALASTA	10 MG-COMPRESSA-USO ORALE -BLISTER (AL/OPA/AL/PVC) - 56 COMPRESSE	OLANZAPINA	OLANZAPINA	10	milligrammi	Compressa	N05AH03	KRKA D.D. NOVO MESTO	Autorizzata	Procedura Centralizzata	Medicinali soggetti a prescrizione medica
041011216	041011	ZALASTA	10 MG-COMPRESSA-USO ORALE -BLISTER (AL/OPA/AL/PVC) - 70 COMPRESSE	OLANZAPINA	OLANZAPINA	10	milligrammi	Compressa	N05AH03	KRKA D.D. NOVO MESTO	Autorizzata	Procedura Centralizzata	Medicinali soggetti a prescrizione medica
041011228	041011	ZALASTA	15 MG-COMPRESSA-USO ORALE -BLISTER (AL/OPA/AL/PVC) - 14 COMPRESSE	OLANZAPINA	OLANZAPINA	15	milligrammi	Compressa	N05AH03	KRKA D.D. NOVO MESTO	Autorizzata	Procedura Centralizzata	Medicinali soggetti a prescrizione medica
041011230	041011	ZALASTA	15 MG-COMPRESSA-USO ORALE -BLISTER (AL/OPA/AL/PVC) - 28 COMPRESSE	OLANZAPINA	OLANZAPINA	15	milligrammi	Compressa	N05AH03	KRKA D.D. NOVO MESTO	Autorizzata	Procedura Centralizzata	Medicinali soggetti a prescrizione medica
041011242	041011	ZALASTA	15 MG-COMPRESSA-USO ORALE -BLISTER (AL/OPA/AL/PVC) - 35 COMPRESSE	OLANZAPINA	OLANZAPINA	15	milligrammi	Compressa	N05AH03	KRKA D.D. NOVO MESTO	Autorizzata	Procedura Centralizzata	Medicinali soggetti a prescrizione medica
041011255	041011	ZALASTA	15 MG-COMPRESSA-USO ORALE -BLISTER (AL/OPA/AL/PVC) - 56 COMPRESSE	OLANZAPINA	OLANZAPINA	15	milligrammi	Compressa	N05AH03	KRKA D.D. NOVO MESTO	Autorizzata	Procedura Centralizzata	Medicinali soggetti a prescrizione medica
041011267	041011	ZALASTA	15 MG-COMPRESSA-USO ORALE -BLISTER (AL/OPA/AL/PVC) - 70 COMPRESSE	OLANZAPINA	OLANZAPINA	15	milligrammi	Compressa	N05AH03	KRKA D.D. NOVO MESTO	Autorizzata	Procedura Centralizzata	Medicinali soggetti a prescrizione medica
041011279	041011	ZALASTA	20 MG-COMPRESSA-USO ORALE -BLISTER (AL/OPA/AL/PVC) - 14 COMPRESSE	OLANZAPINA	OLANZAPINA	20	milligrammi	Compressa	N05AH03	KRKA D.D. NOVO MESTO	Autorizzata	Procedura Centralizzata	Medicinali soggetti a prescrizione medica
041011281	041011	ZALASTA	20 MG-COMPRESSA-USO ORALE -BLISTER (AL/OPA/AL/PVC) - 28 COMPRESSE	OLANZAPINA	OLANZAPINA	20	milligrammi	Compressa	N05AH03	KRKA D.D. NOVO MESTO	Autorizzata	Procedura Centralizzata	Medicinali soggetti a prescrizione medica
041011293	041011	ZALASTA	20 MG-COMPRESSA-USO ORALE -BLISTER (AL/OPA/AL/PVC) - 35 COMPRESSE	OLANZAPINA	OLANZAPINA	20	milligrammi	Compressa	N05AH03	KRKA D.D. NOVO MESTO	Autorizzata	Procedura Centralizzata	Medicinali soggetti a prescrizione medica
041011305	041011	ZALASTA	20 MG-COMPRESSA-USO ORALE -BLISTER (AL/OPA/AL/PVC) - 56 COMPRESSE	OLANZAPINA	OLANZAPINA	20	milligrammi	Compressa	N05AH03	KRKA D.D. NOVO MESTO	Autorizzata	Procedura Centralizzata	Medicinali soggetti a prescrizione medica
041011317	041011	ZALASTA	20 MG-COMPRESSA-USO ORALE -BLISTER (AL/OPA/AL/PVC) - 70 COMPRESSE	OLANZAPINA	OLANZAPINA	20	milligrammi	Compressa	N05AH03	KRKA D.D. NOVO MESTO	Autorizzata	Procedura Centralizzata	Medicinali soggetti a prescrizione medica
041011329	041011	ZALASTA	5 MG-COMPRESSA ORODISPERSIBILE -USO ORALE -BLISTER (AL/OPA/AL/PVC) - 14 COMPRESSE	OLANZAPINA	OLANZAPINA	5	milligrammi	Compressa	N05AH03	KRKA D.D. NOVO MESTO	Autorizzata	Procedura Centralizzata	Medicinali soggetti a prescrizione medica
041011331	041011	ZALASTA	5 MG-COMPRESSA ORODISPERSIBILE -USO ORALE -BLISTER (AL/OPA/AL/PVC) -  28 COMPRESSE	OLANZAPINA	OLANZAPINA	5	milligrammi	Compressa	N05AH03	KRKA D.D. NOVO MESTO	Autorizzata	Procedura Centralizzata	Medicinali soggetti a prescrizione medica
041011343	041011	ZALASTA	5 MG-COMPRESSA ORODISPERSIBILE -USO ORALE -BLISTER (AL/OPA/AL/PVC) - 35 COMPRESSE	OLANZAPINA	OLANZAPINA	5	milligrammi	Compressa	N05AH03	KRKA D.D. NOVO MESTO	Autorizzata	Procedura Centralizzata	Medicinali soggetti a prescrizione medica
041011356	041011	ZALASTA	5 MG-COMPRESSA ORODISPERSIBILE -USO ORALE -BLISTER (AL/OPA/AL/PVC) - 56 COMPRESSE	OLANZAPINA	OLANZAPINA	5	milligrammi	Compressa	N05AH03	KRKA D.D. NOVO MESTO	Autorizzata	Procedura Centralizzata	Medicinali soggetti a prescrizione medica
041011368	041011	ZALASTA	5 MG-COMPRESSA ORODISPERSIBILE -USO ORALE -BLISTER (AL/OPA/AL/PVC) - 70 COMPRESSE	OLANZAPINA	OLANZAPINA	5	milligrammi	Compressa	N05AH03	KRKA D.D. NOVO MESTO	Autorizzata	Procedura Centralizzata	Medicinali soggetti a prescrizione medica
041011370	041011	ZALASTA	7,5 MG-COMPRESSA ORODISPERSIBILE -USO ORALE -BLISTER (AL/OPA/AL/PVC) - 14 COMPRESSE	OLANZAPINA	OLANZAPINA	7.5	milligrammi	Compressa	N05AH03	KRKA D.D. NOVO MESTO	Autorizzata	Procedura Centralizzata	Medicinali soggetti a prescrizione medica
041011382	041011	ZALASTA	7,5 MG-COMPRESSA ORODISPERSIBILE -USO ORALE -BLISTER (AL/OPA/AL/PVC) - 28 COMPRESSE	OLANZAPINA	OLANZAPINA	7.5	milligrammi	Compressa	N05AH03	KRKA D.D. NOVO MESTO	Autorizzata	Procedura Centralizzata	Medicinali soggetti a prescrizione medica
041011394	041011	ZALASTA	7,5 MG-COMPRESSA ORODISPERSIBILE -USO ORALE -BLISTER (AL/OPA/AL/PVC) - 35 COMPRESSE	OLANZAPINA	OLANZAPINA	7.5	milligrammi	Compressa	N05AH03	KRKA D.D. NOVO MESTO	Autorizzata	Procedura Centralizzata	Medicinali soggetti a prescrizione medica
041011406	041011	ZALASTA	7,5 MG-COMPRESSA ORODISPERSIBILE -USO ORALE -BLISTER (AL/OPA/AL/PVC) - 56 COMPRESSE	OLANZAPINA	OLANZAPINA	7.5	milligrammi	Compressa	N05AH03	KRKA D.D. NOVO MESTO	Autorizzata	Procedura Centralizzata	Medicinali soggetti a prescrizione medica
041011418	041011	ZALASTA	7,5 MG-COMPRESSA ORODISPERSIBILE -USO ORALE -BLISTER (AL/OPA/AL/PVC) - 70 COMPRESSE	OLANZAPINA	OLANZAPINA	7.5	milligrammi	Compressa	N05AH03	KRKA D.D. NOVO MESTO	Autorizzata	Procedura Centralizzata	Medicinali soggetti a prescrizione medica
041011420	041011	ZALASTA	10 MG-COMPRESSA ORODISPERSIBILE -USO ORALE -BLISTER (AL/OPA/AL/PVC) - 14 COMPRESSE	OLANZAPINA	OLANZAPINA	10	milligrammi	Compressa	N05AH03	KRKA D.D. NOVO MESTO	Autorizzata	Procedura Centralizzata	Medicinali soggetti a prescrizione medica
041011432	041011	ZALASTA	10 MG-COMPRESSA ORODISPERSIBILE -USO ORALE -BLISTER (AL/OPA/AL/PVC) - 28 COMPRESSE	OLANZAPINA	OLANZAPINA	10	milligrammi	Compressa	N05AH03	KRKA D.D. NOVO MESTO	Autorizzata	Procedura Centralizzata	Medicinali soggetti a prescrizione medica
041011444	041011	ZALASTA	10 MG-COMPRESSA ORODISPERSIBILE -USO ORALE -BLISTER (AL/OPA/AL/PVC) - 35 COMPRESSE	OLANZAPINA	OLANZAPINA	10	milligrammi	Compressa	N05AH03	KRKA D.D. NOVO MESTO	Autorizzata	Procedura Centralizzata	Medicinali soggetti a prescrizione medica
041011457	041011	ZALASTA	10 MG-COMPRESSA ORODISPERSIBILE -USO ORALE -BLISTER (AL/OPA/AL/PVC) - 56 COMPRESSE	OLANZAPINA	OLANZAPINA	10	milligrammi	Compressa	N05AH03	KRKA D.D. NOVO MESTO	Autorizzata	Procedura Centralizzata	Medicinali soggetti a prescrizione medica
041011469	041011	ZALASTA	10 MG-COMPRESSA ORODISPERSIBILE -USO ORALE -BLISTER (AL/OPA/AL/PVC) - 70 COMPRESSE	OLANZAPINA	OLANZAPINA	10	milligrammi	Compressa	N05AH03	KRKA D.D. NOVO MESTO	Autorizzata	Procedura Centralizzata	Medicinali soggetti a prescrizione medica
041011471	041011	ZALASTA	15 MG-COMPRESSA ORODISPERSIBILE -USO ORALE -BLISTER (AL/OPA/AL/PVC) - 14 COMPRESSE	OLANZAPINA	OLANZAPINA	15	milligrammi	Compressa	N05AH03	KRKA D.D. NOVO MESTO	Autorizzata	Procedura Centralizzata	Medicinali soggetti a prescrizione medica
041011483	041011	ZALASTA	15 MG-COMPRESSA ORODISPERSIBILE -USO ORALE -BLISTER (AL/OPA/AL/PVC) - 28 COMPRESSE	OLANZAPINA	OLANZAPINA	15	milligrammi	Compressa	N05AH03	KRKA D.D. NOVO MESTO	Autorizzata	Procedura Centralizzata	Medicinali soggetti a prescrizione medica
041011495	041011	ZALASTA	15 MG-COMPRESSA ORODISPERSIBILE -USO ORALE -BLISTER (AL/OPA/AL/PVC) - 35 COMPRESSE	OLANZAPINA	OLANZAPINA	15	milligrammi	Compressa	N05AH03	KRKA D.D. NOVO MESTO	Autorizzata	Procedura Centralizzata	Medicinali soggetti a prescrizione medica
041011507	041011	ZALASTA	15 MG-COMPRESSA ORODISPERSIBILE -USO ORALE -BLISTER (AL/OPA/AL/PVC) - 56 COMPRESSE	OLANZAPINA	OLANZAPINA	15	milligrammi	Compressa	N05AH03	KRKA D.D. NOVO MESTO	Autorizzata	Procedura Centralizzata	Medicinali soggetti a prescrizione medica
041011519	041011	ZALASTA	15 MG-COMPRESSA ORODISPERSIBILE -USO ORALE -BLISTER (AL/OPA/AL/PVC) - 70 COMPRESSE	OLANZAPINA	OLANZAPINA	15	milligrammi	Compressa	N05AH03	KRKA D.D. NOVO MESTO	Autorizzata	Procedura Centralizzata	Medicinali soggetti a prescrizione medica
041011521	041011	ZALASTA	20 MG-COMPRESSA ORODISPERSIBILE -USO ORALE -BLISTER (AL/OPA/AL/PVC) - 14 COMPRESSE	OLANZAPINA	OLANZAPINA	20	milligrammi	Compressa	N05AH03	KRKA D.D. NOVO MESTO	Autorizzata	Procedura Centralizzata	Medicinali soggetti a prescrizione medica
041011533	041011	ZALASTA	20 MG-COMPRESSA ORODISPERSIBILE -USO ORALE -BLISTER (AL/OPA/AL/PVC) - 28 COMPRESSE	OLANZAPINA	OLANZAPINA	20	milligrammi	Compressa	N05AH03	KRKA D.D. NOVO MESTO	Autorizzata	Procedura Centralizzata	Medicinali soggetti a prescrizione medica
041011545	041011	ZALASTA	20 MG-COMPRESSA ORODISPERSIBILE -USO ORALE -BLISTER (AL/OPA/AL/PVC) - 35 COMPRESSE	OLANZAPINA	OLANZAPINA	20	milligrammi	Compressa	N05AH03	KRKA D.D. NOVO MESTO	Autorizzata	Procedura Centralizzata	Medicinali soggetti a prescrizione medica
041011558	041011	ZALASTA	20 MG-COMPRESSA ORODISPERSIBILE -USO ORALE -BLISTER (AL/OPA/AL/PVC) - 56 COMPRESSE	OLANZAPINA	OLANZAPINA	20	milligrammi	Compressa	N05AH03	KRKA D.D. NOVO MESTO	Autorizzata	Procedura Centralizzata	Medicinali soggetti a prescrizione medica
041011560	041011	ZALASTA	20 MG-COMPRESSA ORODISPERSIBILE -USO ORALE -BLISTER (AL/OPA/AL/PVC) - 70 COMPRESSE	OLANZAPINA	OLANZAPINA	20	milligrammi	Compressa	N05AH03	KRKA D.D. NOVO MESTO	Autorizzata	Procedura Centralizzata	Medicinali soggetti a prescrizione medica
041011572	041011	ZALASTA	2,5 mg - Compressa - Uso orale - blister (Al/OPA/Al/PVC) - 98 compresse	OLANZAPINA	OLANZAPINA	2.5	milligrammi	Compressa	N05AH03	KRKA D.D. NOVO MESTO	Autorizzata	Procedura Centralizzata	Medicinali soggetti a prescrizione medica
041011584	041011	ZALASTA	5 mg - Compressa - Uso orale - blister (Al/OPA/Al/PVC) - 98 compresse	OLANZAPINA	OLANZAPINA	5	milligrammi	Compressa	N05AH03	KRKA D.D. NOVO MESTO	Autorizzata	Procedura Centralizzata	Medicinali soggetti a prescrizione medica
041011596	041011	ZALASTA	10 mg - Compressa - Uso orale - blister (Al/OPA/Al/PVC) - 98 compresse	OLANZAPINA	OLANZAPINA	10	milligrammi	Compressa	N05AH03	KRKA D.D. NOVO MESTO	Autorizzata	Procedura Centralizzata	Medicinali soggetti a prescrizione medica
041288010	041288	OLANZAPINA PENSA PHARMA	5 MG COMPRESSE ORODISPERSIBILI - 28 COMPRESSE IN BLISTER PA/AL/PVC/AL	OLANZAPINA	OLANZAPINA	5	milligrammi	Compressa orodispersibile	N05AH03	TOWA PHARMACEUTICAL S.P.A.	Autorizzata	Procedura Mutuo riconoscimento o Decentrata	Medicinali soggetti a prescrizione medica
041288022	041288	OLANZAPINA PENSA PHARMA	10 MG COMPRESSE ORODISPERSIBILI - 28 COMPRESSE IN BLISTER PA/AL/PVC/AL	OLANZAPINA	OLANZAPINA	10	milligrammi	Compressa orodispersibile	N05AH03	TOWA PHARMACEUTICAL S.P.A.	Autorizzata	Procedura Mutuo riconoscimento o Decentrata	Medicinali soggetti a prescrizione medica
041598018	041598	OLANZAPINA ACCORD	2,5 MG COMPRESSE RIVESTITE CON FILM- 28 COMPRESSE IN BLISTER AL/AL	OLANZAPINA	OLANZAPINA	2.5	milligrammi	Compressa rivestita con film	N05AH03	ACCORD HEALTHCARE, S.L.U.	Autorizzata	Procedura Mutuo riconoscimento o Decentrata	Medicinali soggetti a prescrizione medica
041598020	041598	OLANZAPINA ACCORD	2,5 MG COMPRESSE RIVESTITE CON FILM- 35 COMPRESSE IN BLISTER AL/AL	OLANZAPINA	OLANZAPINA	2.5	milligrammi	Compressa rivestita con film	N05AH03	ACCORD HEALTHCARE, S.L.U.	Autorizzata	Procedura Mutuo riconoscimento o Decentrata	Medicinali soggetti a prescrizione medica
041598032	041598	OLANZAPINA ACCORD	2,5 MG COMPRESSE RIVESTITE CON FILM- 56 COMPRESSE IN BLISTER AL/AL	OLANZAPINA	OLANZAPINA	2.5	milligrammi	Compressa rivestita con film	N05AH03	ACCORD HEALTHCARE, S.L.U.	Autorizzata	Procedura Mutuo riconoscimento o Decentrata	Medicinali soggetti a prescrizione medica
041598044	041598	OLANZAPINA ACCORD	2,5 MG COMPRESSE RIVESTITE CON FILM- 70 COMPRESSE IN BLISTER AL/AL	OLANZAPINA	OLANZAPINA	2.5	milligrammi	Compressa rivestita con film	N05AH03	ACCORD HEALTHCARE, S.L.U.	Autorizzata	Procedura Mutuo riconoscimento o Decentrata	Medicinali soggetti a prescrizione medica
041598057	041598	OLANZAPINA ACCORD	5 MG COMPRESSE RIVESTITE CON FILM- 28 COMPRESSE IN BLISTER AL/AL	OLANZAPINA	OLANZAPINA	5	milligrammi	Compressa rivestita con film	N05AH03	ACCORD HEALTHCARE, S.L.U.	Autorizzata	Procedura Mutuo riconoscimento o Decentrata	Medicinali soggetti a prescrizione medica
041598069	041598	OLANZAPINA ACCORD	5 MG COMPRESSE RIVESTITE CON FILM- 35 COMPRESSE IN BLISTER AL/AL	OLANZAPINA	OLANZAPINA	5	milligrammi	Compressa rivestita con film	N05AH03	ACCORD HEALTHCARE, S.L.U.	Autorizzata	Procedura Mutuo riconoscimento o Decentrata	Medicinali soggetti a prescrizione medica
041598071	041598	OLANZAPINA ACCORD	5 MG COMPRESSE RIVESTITE CON FILM- 56 COMPRESSE IN BLISTER AL/AL	OLANZAPINA	OLANZAPINA	5	milligrammi	Compressa rivestita con film	N05AH03	ACCORD HEALTHCARE, S.L.U.	Autorizzata	Procedura Mutuo riconoscimento o Decentrata	Medicinali soggetti a prescrizione medica
041598083	041598	OLANZAPINA ACCORD	5 MG COMPRESSE RIVESTITE CON FILM- 70 COMPRESSE IN BLISTER AL/AL	OLANZAPINA	OLANZAPINA	5	milligrammi	Compressa rivestita con film	N05AH03	ACCORD HEALTHCARE, S.L.U.	Autorizzata	Procedura Mutuo riconoscimento o Decentrata	Medicinali soggetti a prescrizione medica
041598133	041598	OLANZAPINA ACCORD	10 MG COMPRESSE RIVESTITE CON FILM- 28 COMPRESSE IN BLISTER AL/AL	OLANZAPINA	OLANZAPINA	10	milligrammi	Compressa rivestita con film	N05AH03	ACCORD HEALTHCARE, S.L.U.	Autorizzata	Procedura Mutuo riconoscimento o Decentrata	Medicinali soggetti a prescrizione medica
041598145	041598	OLANZAPINA ACCORD	10 MG COMPRESSE RIVESTITE CON FILM- 35 COMPRESSE IN BLISTER AL/AL	OLANZAPINA	OLANZAPINA	10	milligrammi	Compressa rivestita con film	N05AH03	ACCORD HEALTHCARE, S.L.U.	Autorizzata	Procedura Mutuo riconoscimento o Decentrata	Medicinali soggetti a prescrizione medica
041598158	041598	OLANZAPINA ACCORD	10 MG COMPRESSE RIVESTITE CON FILM- 56 COMPRESSE IN BLISTER AL/AL	OLANZAPINA	OLANZAPINA	10	milligrammi	Compressa rivestita con film	N05AH03	ACCORD HEALTHCARE, S.L.U.	Autorizzata	Procedura Mutuo riconoscimento o Decentrata	Medicinali soggetti a prescrizione medica
041598160	041598	OLANZAPINA ACCORD	10 MG COMPRESSE RIVESTITE CON FILM- 70 COMPRESSE IN BLISTER AL/AL	OLANZAPINA	OLANZAPINA	10	milligrammi	Compressa rivestita con film	N05AH03	ACCORD HEALTHCARE, S.L.U.	Autorizzata	Procedura Mutuo riconoscimento o Decentrata	Medicinali soggetti a prescrizione medica
041598210	041598	OLANZAPINA ACCORD	20 MG COMPRESSE RIVESTITE CON FILM- 28 COMPRESSE IN BLISTER AL/AL	OLANZAPINA	OLANZAPINA	20	milligrammi	Compressa rivestita con film	N05AH03	ACCORD HEALTHCARE, S.L.U.	Autorizzata	Procedura Mutuo riconoscimento o Decentrata	Medicinali soggetti a prescrizione medica
041598222	041598	OLANZAPINA ACCORD	20 MG COMPRESSE RIVESTITE CON FILM- 35 COMPRESSE IN BLISTER AL/AL	OLANZAPINA	OLANZAPINA	20	milligrammi	Compressa rivestita con film	N05AH03	ACCORD HEALTHCARE, S.L.U.	Autorizzata	Procedura Mutuo riconoscimento o Decentrata	Medicinali soggetti a prescrizione medica
041598234	041598	OLANZAPINA ACCORD	20 MG COMPRESSE RIVESTITE CON FILM- 56 COMPRESSE IN BLISTER AL/AL	OLANZAPINA	OLANZAPINA	20	milligrammi	Compressa rivestita con film	N05AH03	ACCORD HEALTHCARE, S.L.U.	Autorizzata	Procedura Mutuo riconoscimento o Decentrata	Medicinali soggetti a prescrizione medica
041598246	041598	OLANZAPINA ACCORD	20 MG COMPRESSE RIVESTITE CON FILM- 70 COMPRESSE IN BLISTER AL/AL	OLANZAPINA	OLANZAPINA	20	milligrammi	Compressa rivestita con film	N05AH03	ACCORD HEALTHCARE, S.L.U.	Autorizzata	Procedura Mutuo riconoscimento o Decentrata	Medicinali soggetti a prescrizione medica
041598259	041598	OLANZAPINA ACCORD	2,5 MG COMPRESSE RIVESTITE CON FILM- 15 COMPRESSE IN BLISTER AL/AL	OLANZAPINA	OLANZAPINA	2.5	milligrammi	Compressa rivestita con film	N05AH03	ACCORD HEALTHCARE, S.L.U.	Autorizzata	Procedura Mutuo riconoscimento o Decentrata	Medicinali soggetti a prescrizione medica
041598261	041598	OLANZAPINA ACCORD	5 MG COMPRESSE RIVESTITE CON FILM- 15 COMPRESSE IN BLISTER AL/AL	OLANZAPINA	OLANZAPINA	5	milligrammi	Compressa rivestita con film	N05AH03	ACCORD HEALTHCARE, S.L.U.	Autorizzata	Procedura Mutuo riconoscimento o Decentrata	Medicinali soggetti a prescrizione medica
041598273	041598	OLANZAPINA ACCORD	10 MG COMPRESSE RIVESTITE CON FILM- 15 COMPRESSE IN BLISTER AL/AL	OLANZAPINA	OLANZAPINA	10	milligrammi	Compressa rivestita con film	N05AH03	ACCORD HEALTHCARE, S.L.U.	Autorizzata	Procedura Mutuo riconoscimento o Decentrata	Medicinali soggetti a prescrizione medica
041954013	041954	OLANZAPINA AUROBINDO PHARMA ITALIA	5 MG COMPRESSE ORODISPERSIBILI-  1 COMPRESSA IN BLISTER PA/AL-EEA/PE/AL-PE	OLANZAPINA	OLANZAPINA	5	milligrammi	Compressa orodispersibile	N05AH03	AUROBINDO PHARMA (ITALIA) S.R.L.	Autorizzata	Procedura Mutuo riconoscimento o Decentrata	Medicinali soggetti a prescrizione medica
041954025	041954	OLANZAPINA AUROBINDO PHARMA ITALIA	5 MG COMPRESSE ORODISPERSIBILI- 10 COMPRESSE IN BLISTER PA/AL-EEA/PE/AL-PE	OLANZAPINA	OLANZAPINA	5	milligrammi	Compressa orodispersibile	N05AH03	AUROBINDO PHARMA (ITALIA) S.R.L.	Autorizzata	Procedura Mutuo riconoscimento o Decentrata	Medicinali soggetti a prescrizione medica
041954037	041954	OLANZAPINA AUROBINDO PHARMA ITALIA	5 MG COMPRESSE ORODISPERSIBILI- 14 COMPRESSE IN BLISTER PA/AL-EEA/PE/AL-PE	OLANZAPINA	OLANZAPINA	5	milligrammi	Compressa orodispersibile	N05AH03	AUROBINDO PHARMA (ITALIA) S.R.L.	Autorizzata	Procedura Mutuo riconoscimento o Decentrata	Medicinali soggetti a prescrizione medica
041954049	041954	OLANZAPINA AUROBINDO PHARMA ITALIA	5 MG COMPRESSE ORODISPERSIBILI- 28 COMPRESSE IN BLISTER PA/AL-EEA/PE/AL-PE	OLANZAPINA	OLANZAPINA	5	milligrammi	Compressa orodispersibile	N05AH03	AUROBINDO PHARMA (ITALIA) S.R.L.	Autorizzata	Procedura Mutuo riconoscimento o Decentrata	Medicinali soggetti a prescrizione medica
041954052	041954	OLANZAPINA AUROBINDO PHARMA ITALIA	5 MG COMPRESSE ORODISPERSIBILI- 30 COMPRESSE IN BLISTER PA/AL-EEA/PE/AL-PE	OLANZAPINA	OLANZAPINA	5	milligrammi	Compressa orodispersibile	N05AH03	AUROBINDO PHARMA (ITALIA) S.R.L.	Autorizzata	Procedura Mutuo riconoscimento o Decentrata	Medicinali soggetti a prescrizione medica
041954064	041954	OLANZAPINA AUROBINDO PHARMA ITALIA	5 MG COMPRESSE ORODISPERSIBILI- 35 COMPRESSE IN BLISTER PA/AL-EEA/PE/AL-PE	OLANZAPINA	OLANZAPINA	5	milligrammi	Compressa orodispersibile	N05AH03	AUROBINDO PHARMA (ITALIA) S.R.L.	Autorizzata	Procedura Mutuo riconoscimento o Decentrata	Medicinali soggetti a prescrizione medica
041954076	041954	OLANZAPINA AUROBINDO PHARMA ITALIA	5 MG COMPRESSE ORODISPERSIBILI- 56 COMPRESSE IN BLISTER PA/AL-EEA/PE/AL-PE	OLANZAPINA	OLANZAPINA	5	milligrammi	Compressa orodispersibile	N05AH03	AUROBINDO PHARMA (ITALIA) S.R.L.	Autorizzata	Procedura Mutuo riconoscimento o Decentrata	Medicinali soggetti a prescrizione medica
041954088	041954	OLANZAPINA AUROBINDO PHARMA ITALIA	5 MG COMPRESSE ORODISPERSIBILI- 60 COMPRESSE IN BLISTER PA/AL-EEA/PE/AL-PE	OLANZAPINA	OLANZAPINA	5	milligrammi	Compressa orodispersibile	N05AH03	AUROBINDO PHARMA (ITALIA) S.R.L.	Autorizzata	Procedura Mutuo riconoscimento o Decentrata	Medicinali soggetti a prescrizione medica
041954090	041954	OLANZAPINA AUROBINDO PHARMA ITALIA	5 MG COMPRESSE ORODISPERSIBILI- 70 COMPRESSE IN BLISTER PA/AL-EEA/PE/AL-PE	OLANZAPINA	OLANZAPINA	5	milligrammi	Compressa orodispersibile	N05AH03	AUROBINDO PHARMA (ITALIA) S.R.L.	Autorizzata	Procedura Mutuo riconoscimento o Decentrata	Medicinali soggetti a prescrizione medica
041954102	041954	OLANZAPINA AUROBINDO PHARMA ITALIA	5 MG COMPRESSE ORODISPERSIBILI- 98 COMPRESSE IN BLISTER PA/AL-EEA/PE/AL-PE	OLANZAPINA	OLANZAPINA	5	milligrammi	Compressa orodispersibile	N05AH03	AUROBINDO PHARMA (ITALIA) S.R.L.	Autorizzata	Procedura Mutuo riconoscimento o Decentrata	Medicinali soggetti a prescrizione medica
041954114	041954	OLANZAPINA AUROBINDO PHARMA ITALIA	5 MG COMPRESSE ORODISPERSIBILI- 100 COMPRESSE IN BLISTER PA/AL-EEA/PE/AL-PE	OLANZAPINA	OLANZAPINA	5	milligrammi	Compressa orodispersibile	N05AH03	AUROBINDO PHARMA (ITALIA) S.R.L.	Autorizzata	Procedura Mutuo riconoscimento o Decentrata	Medicinali soggetti a prescrizione medica
041954140	041954	OLANZAPINA AUROBINDO PHARMA ITALIA	10 MG COMPRESSE ORODISPERSIBILI- 1 COMPRESSA IN BLISTER PA/AL-EEA/PE/AL-PE	OLANZAPINA	OLANZAPINA	10	milligrammi	Compressa orodispersibile	N05AH03	AUROBINDO PHARMA (ITALIA) S.R.L.	Autorizzata	Procedura Mutuo riconoscimento o Decentrata	Medicinali soggetti a prescrizione medica
041954153	041954	OLANZAPINA AUROBINDO PHARMA ITALIA	10 MG COMPRESSE ORODISPERSIBILI- 10 COMPRESSE IN BLISTER PA/AL-EEA/PE/AL-PE	OLANZAPINA	OLANZAPINA	10	milligrammi	Compressa orodispersibile	N05AH03	AUROBINDO PHARMA (ITALIA) S.R.L.	Autorizzata	Procedura Mutuo riconoscimento o Decentrata	Medicinali soggetti a prescrizione medica
041954165	041954	OLANZAPINA AUROBINDO PHARMA ITALIA	10 MG COMPRESSE ORODISPERSIBILI- 14 COMPRESSE IN BLISTER PA/AL-EEA/PE/AL-PE	OLANZAPINA	OLANZAPINA	10	milligrammi	Compressa orodispersibile	N05AH03	AUROBINDO PHARMA (ITALIA) S.R.L.	Autorizzata	Procedura Mutuo riconoscimento o Decentrata	Medicinali soggetti a prescrizione medica
041954177	041954	OLANZAPINA AUROBINDO PHARMA ITALIA	10 MG COMPRESSE ORODISPERSIBILI- 28 COMPRESSE IN BLISTER PA/AL-EEA/PE/AL-PE	OLANZAPINA	OLANZAPINA	10	milligrammi	Compressa orodispersibile	N05AH03	AUROBINDO PHARMA (ITALIA) S.R.L.	Autorizzata	Procedura Mutuo riconoscimento o Decentrata	Medicinali soggetti a prescrizione medica
041954189	041954	OLANZAPINA AUROBINDO PHARMA ITALIA	10 MG COMPRESSE ORODISPERSIBILI- 30 COMPRESSE IN BLISTER PA/AL-EEA/PE/AL-PE	OLANZAPINA	OLANZAPINA	10	milligrammi	Compressa orodispersibile	N05AH03	AUROBINDO PHARMA (ITALIA) S.R.L.	Autorizzata	Procedura Mutuo riconoscimento o Decentrata	Medicinali soggetti a prescrizione medica
041954191	041954	OLANZAPINA AUROBINDO PHARMA ITALIA	10 MG COMPRESSE ORODISPERSIBILI- 35 COMPRESSE IN BLISTER PA/AL-EEA/PE/AL-PE	OLANZAPINA	OLANZAPINA	10	milligrammi	Compressa orodispersibile	N05AH03	AUROBINDO PHARMA (ITALIA) S.R.L.	Autorizzata	Procedura Mutuo riconoscimento o Decentrata	Medicinali soggetti a prescrizione medica
041954203	041954	OLANZAPINA AUROBINDO PHARMA ITALIA	10 MG COMPRESSE ORODISPERSIBILI- 56 COMPRESSE IN BLISTER PA/AL-EEA/PE/AL-PE	OLANZAPINA	OLANZAPINA	10	milligrammi	Compressa orodispersibile	N05AH03	AUROBINDO PHARMA (ITALIA) S.R.L.	Autorizzata	Procedura Mutuo riconoscimento o Decentrata	Medicinali soggetti a prescrizione medica
041954215	041954	OLANZAPINA AUROBINDO PHARMA ITALIA	10 MG COMPRESSE ORODISPERSIBILI- 60 COMPRESSE IN BLISTER PA/AL-EEA/PE/AL-PE	OLANZAPINA	OLANZAPINA	10	milligrammi	Compressa orodispersibile	N05AH03	AUROBINDO PHARMA (ITALIA) S.R.L.	Autorizzata	Procedura Mutuo riconoscimento o Decentrata	Medicinali soggetti a prescrizione medica
041954227	041954	OLANZAPINA AUROBINDO PHARMA ITALIA	10 MG COMPRESSE ORODISPERSIBILI- 70 COMPRESSE IN BLISTER PA/AL-EEA/PE/AL-PE	OLANZAPINA	OLANZAPINA	10	milligrammi	Compressa orodispersibile	N05AH03	AUROBINDO PHARMA (ITALIA) S.R.L.	Autorizzata	Procedura Mutuo riconoscimento o Decentrata	Medicinali soggetti a prescrizione medica
041954239	041954	OLANZAPINA AUROBINDO PHARMA ITALIA	10 MG COMPRESSE ORODISPERSIBILI- 98 COMPRESSE IN BLISTER PA/AL-EEA/PE/AL-PE	OLANZAPINA	OLANZAPINA	10	milligrammi	Compressa orodispersibile	N05AH03	AUROBINDO PHARMA (ITALIA) S.R.L.	Autorizzata	Procedura Mutuo riconoscimento o Decentrata	Medicinali soggetti a prescrizione medica
041954241	041954	OLANZAPINA AUROBINDO PHARMA ITALIA	10 MG COMPRESSE ORODISPERSIBILI- 100 COMPRESSE IN BLISTER PA/AL-EEA/PE/AL-PE	OLANZAPINA	OLANZAPINA	10	milligrammi	Compressa orodispersibile	N05AH03	AUROBINDO PHARMA (ITALIA) S.R.L.	Autorizzata	Procedura Mutuo riconoscimento o Decentrata	Medicinali soggetti a prescrizione medica
041954278	041954	OLANZAPINA AUROBINDO PHARMA ITALIA	15 MG COMPRESSE ORODISPERSIBILI- 1 COMPRESSA IN BLISTER PA/AL-EEA/PE/AL-PE	OLANZAPINA	OLANZAPINA	15	milligrammi	Compressa orodispersibile	N05AH03	AUROBINDO PHARMA (ITALIA) S.R.L.	Autorizzata	Procedura Mutuo riconoscimento o Decentrata	Medicinali soggetti a prescrizione medica
041954280	041954	OLANZAPINA AUROBINDO PHARMA ITALIA	15 MG COMPRESSE ORODISPERSIBILI- 10 COMPRESSE IN BLISTER PA/AL-EEA/PE/AL-PE	OLANZAPINA	OLANZAPINA	15	milligrammi	Compressa orodispersibile	N05AH03	AUROBINDO PHARMA (ITALIA) S.R.L.	Autorizzata	Procedura Mutuo riconoscimento o Decentrata	Medicinali soggetti a prescrizione medica
041954292	041954	OLANZAPINA AUROBINDO PHARMA ITALIA	15 MG COMPRESSE ORODISPERSIBILI- 14 COMPRESSE IN BLISTER PA/AL-EEA/PE/AL-PE	OLANZAPINA	OLANZAPINA	15	milligrammi	Compressa orodispersibile	N05AH03	AUROBINDO PHARMA (ITALIA) S.R.L.	Autorizzata	Procedura Mutuo riconoscimento o Decentrata	Medicinali soggetti a prescrizione medica
041954304	041954	OLANZAPINA AUROBINDO PHARMA ITALIA	15 MG COMPRESSE ORODISPERSIBILI- 28 COMPRESSE IN BLISTER PA/AL-EEA/PE/AL-PE	OLANZAPINA	OLANZAPINA	15	milligrammi	Compressa orodispersibile	N05AH03	AUROBINDO PHARMA (ITALIA) S.R.L.	Autorizzata	Procedura Mutuo riconoscimento o Decentrata	Medicinali soggetti a prescrizione medica
041954316	041954	OLANZAPINA AUROBINDO PHARMA ITALIA	15 MG COMPRESSE ORODISPERSIBILI- 30 COMPRESSE IN BLISTER PA/AL-EEA/PE/AL-PE	OLANZAPINA	OLANZAPINA	15	milligrammi	Compressa orodispersibile	N05AH03	AUROBINDO PHARMA (ITALIA) S.R.L.	Autorizzata	Procedura Mutuo riconoscimento o Decentrata	Medicinali soggetti a prescrizione medica
041954328	041954	OLANZAPINA AUROBINDO PHARMA ITALIA	15 MG COMPRESSE ORODISPERSIBILI- 35 COMPRESSE IN BLISTER PA/AL-EEA/PE/AL-PE	OLANZAPINA	OLANZAPINA	15	milligrammi	Compressa orodispersibile	N05AH03	AUROBINDO PHARMA (ITALIA) S.R.L.	Autorizzata	Procedura Mutuo riconoscimento o Decentrata	Medicinali soggetti a prescrizione medica
041954330	041954	OLANZAPINA AUROBINDO PHARMA ITALIA	15 MG COMPRESSE ORODISPERSIBILI- 56 COMPRESSE IN BLISTER PA/AL-EEA/PE/AL-PE	OLANZAPINA	OLANZAPINA	15	milligrammi	Compressa orodispersibile	N05AH03	AUROBINDO PHARMA (ITALIA) S.R.L.	Autorizzata	Procedura Mutuo riconoscimento o Decentrata	Medicinali soggetti a prescrizione medica
041954342	041954	OLANZAPINA AUROBINDO PHARMA ITALIA	15 MG COMPRESSE ORODISPERSIBILI- 60 COMPRESSE IN BLISTER PA/AL-EEA/PE/AL-PE	OLANZAPINA	OLANZAPINA	15	milligrammi	Compressa orodispersibile	N05AH03	AUROBINDO PHARMA (ITALIA) S.R.L.	Autorizzata	Procedura Mutuo riconoscimento o Decentrata	Medicinali soggetti a prescrizione medica
041954355	041954	OLANZAPINA AUROBINDO PHARMA ITALIA	15 MG COMPRESSE ORODISPERSIBILI- 70 COMPRESSE IN BLISTER PA/AL-EEA/PE/AL-PE	OLANZAPINA	OLANZAPINA	15	milligrammi	Compressa orodispersibile	N05AH03	AUROBINDO PHARMA (ITALIA) S.R.L.	Autorizzata	Procedura Mutuo riconoscimento o Decentrata	Medicinali soggetti a prescrizione medica
041954367	041954	OLANZAPINA AUROBINDO PHARMA ITALIA	15 MG COMPRESSE ORODISPERSIBILI- 98 COMPRESSE IN BLISTER PA/AL-EEA/PE/AL-PE	OLANZAPINA	OLANZAPINA	15	milligrammi	Compressa orodispersibile	N05AH03	AUROBINDO PHARMA (ITALIA) S.R.L.	Autorizzata	Procedura Mutuo riconoscimento o Decentrata	Medicinali soggetti a prescrizione medica
041954379	041954	OLANZAPINA AUROBINDO PHARMA ITALIA	15 MG COMPRESSE ORODISPERSIBILI- 100 COMPRESSE IN BLISTER PA/AL-EEA/PE/AL-PE	OLANZAPINA	OLANZAPINA	15	milligrammi	Compressa orodispersibile	N05AH03	AUROBINDO PHARMA (ITALIA) S.R.L.	Autorizzata	Procedura Mutuo riconoscimento o Decentrata	Medicinali soggetti a prescrizione medica
041954381	041954	OLANZAPINA AUROBINDO PHARMA ITALIA	20 MG COMPRESSE ORODISPERSIBILI- 1 COMPRESSA IN BLISTER PA/AL-EEA/PE/AL-PE	OLANZAPINA	OLANZAPINA	20	milligrammi	Compressa orodispersibile	N05AH03	AUROBINDO PHARMA (ITALIA) S.R.L.	Autorizzata	Procedura Mutuo riconoscimento o Decentrata	Medicinali soggetti a prescrizione medica
041954393	041954	OLANZAPINA AUROBINDO PHARMA ITALIA	20 MG COMPRESSE ORODISPERSIBILI- 10 COMPRESSE IN BLISTER PA/AL-EEA/PE/AL-PE	OLANZAPINA	OLANZAPINA	20	milligrammi	Compressa orodispersibile	N05AH03	AUROBINDO PHARMA (ITALIA) S.R.L.	Autorizzata	Procedura Mutuo riconoscimento o Decentrata	Medicinali soggetti a prescrizione medica
041954405	041954	OLANZAPINA AUROBINDO PHARMA ITALIA	20 MG COMPRESSE ORODISPERSIBILI- 14 COMPRESSE IN BLISTER PA/AL-EEA/PE/AL-PE	OLANZAPINA	OLANZAPINA	20	milligrammi	Compressa orodispersibile	N05AH03	AUROBINDO PHARMA (ITALIA) S.R.L.	Autorizzata	Procedura Mutuo riconoscimento o Decentrata	Medicinali soggetti a prescrizione medica
041954417	041954	OLANZAPINA AUROBINDO PHARMA ITALIA	20 MG COMPRESSE ORODISPERSIBILI- 28 COMPRESSE IN BLISTER PA/AL-EEA/PE/AL-PE	OLANZAPINA	OLANZAPINA	20	milligrammi	Compressa orodispersibile	N05AH03	AUROBINDO PHARMA (ITALIA) S.R.L.	Autorizzata	Procedura Mutuo riconoscimento o Decentrata	Medicinali soggetti a prescrizione medica
041954429	041954	OLANZAPINA AUROBINDO PHARMA ITALIA	20 MG COMPRESSE ORODISPERSIBILI- 30 COMPRESSE IN BLISTER PA/AL-EEA/PE/AL-PE	OLANZAPINA	OLANZAPINA	20	milligrammi	Compressa orodispersibile	N05AH03	AUROBINDO PHARMA (ITALIA) S.R.L.	Autorizzata	Procedura Mutuo riconoscimento o Decentrata	Medicinali soggetti a prescrizione medica
041954431	041954	OLANZAPINA AUROBINDO PHARMA ITALIA	20 MG COMPRESSE ORODISPERSIBILI- 35 COMPRESSE IN BLISTER PA/AL-EEA/PE/AL-PE	OLANZAPINA	OLANZAPINA	20	milligrammi	Compressa orodispersibile	N05AH03	AUROBINDO PHARMA (ITALIA) S.R.L.	Autorizzata	Procedura Mutuo riconoscimento o Decentrata	Medicinali soggetti a prescrizione medica
041954443	041954	OLANZAPINA AUROBINDO PHARMA ITALIA	20 MG COMPRESSE ORODISPERSIBILI- 56 COMPRESSE IN BLISTER PA/AL-EEA/PE/AL-PE	OLANZAPINA	OLANZAPINA	20	milligrammi	Compressa orodispersibile	N05AH03	AUROBINDO PHARMA (ITALIA) S.R.L.	Autorizzata	Procedura Mutuo riconoscimento o Decentrata	Medicinali soggetti a prescrizione medica
041954456	041954	OLANZAPINA AUROBINDO PHARMA ITALIA	20 MG COMPRESSE ORODISPERSIBILI- 60 COMPRESSE IN BLISTER PA/AL-EEA/PE/AL-PE	OLANZAPINA	OLANZAPINA	20	milligrammi	Compressa orodispersibile	N05AH03	AUROBINDO PHARMA (ITALIA) S.R.L.	Autorizzata	Procedura Mutuo riconoscimento o Decentrata	Medicinali soggetti a prescrizione medica
041954468	041954	OLANZAPINA AUROBINDO PHARMA ITALIA	20 MG COMPRESSE ORODISPERSIBILI- 70 COMPRESSE IN BLISTER PA/AL-EEA/PE/AL-PE	OLANZAPINA	OLANZAPINA	20	milligrammi	Compressa orodispersibile	N05AH03	AUROBINDO PHARMA (ITALIA) S.R.L.	Autorizzata	Procedura Mutuo riconoscimento o Decentrata	Medicinali soggetti a prescrizione medica
041954470	041954	OLANZAPINA AUROBINDO PHARMA ITALIA	20 MG COMPRESSE ORODISPERSIBILI- 98 COMPRESSE IN BLISTER PA/AL-EEA/PE/AL-PE	OLANZAPINA	OLANZAPINA	20	milligrammi	Compressa orodispersibile	N05AH03	AUROBINDO PHARMA (ITALIA) S.R.L.	Autorizzata	Procedura Mutuo riconoscimento o Decentrata	Medicinali soggetti a prescrizione medica
041954482	041954	OLANZAPINA AUROBINDO PHARMA ITALIA	20 MG COMPRESSE ORODISPERSIBILI- 100 COMPRESSE IN BLISTER PA/AL-EEA/PE/AL-PE	OLANZAPINA	OLANZAPINA	20	milligrammi	Compressa orodispersibile	N05AH03	AUROBINDO PHARMA (ITALIA) S.R.L.	Autorizzata	Procedura Mutuo riconoscimento o Decentrata	Medicinali soggetti a prescrizione medica
042192017	042192	ZYPREXA	VELOTAB- 5 MG 28 COMPRESSE DISPERSIBILI USO ORALE IN BLISTER (AL/AL)	OLANZAPINA	OLANZAPINA	5	milligrammi	Compressa dispersibile	N05AH03	BB FARMA S.R.L.	Autorizzata	Importazione Parallela	Medicinali soggetti a prescrizione medica
042420012	042420	OLANZAPINA MYLAN PHARMA	5 MG COMPRESSE ORODISPERSIBILI- 28 COMPRESSE IN BLISTER OPA/AL/PVC/AL	OLANZAPINA	OLANZAPINA	5	milligrammi	Compressa orodispersibile	N05AH03	MYLAN S.P.A.	Autorizzata	Procedura Mutuo riconoscimento o Decentrata	Medicinali soggetti a prescrizione medica
042420024	042420	OLANZAPINA MYLAN PHARMA	5 MG COMPRESSE ORODISPERSIBILI- 35 COMPRESSE IN BLISTER OPA/AL/PVC/AL	OLANZAPINA	OLANZAPINA	5	milligrammi	Compressa orodispersibile	N05AH03	MYLAN S.P.A.	Autorizzata	Procedura Mutuo riconoscimento o Decentrata	Medicinali soggetti a prescrizione medica
042420036	042420	OLANZAPINA MYLAN PHARMA	5 MG COMPRESSE ORODISPERSIBILI- 56 COMPRESSE IN BLISTER OPA/AL/PVC/AL	OLANZAPINA	OLANZAPINA	5	milligrammi	Compressa orodispersibile	N05AH03	MYLAN S.P.A.	Autorizzata	Procedura Mutuo riconoscimento o Decentrata	Medicinali soggetti a prescrizione medica
042420048	042420	OLANZAPINA MYLAN PHARMA	5 MG COMPRESSE ORODISPERSIBILI- 70 COMPRESSE IN BLISTER OPA/AL/PVC/AL	OLANZAPINA	OLANZAPINA	5	milligrammi	Compressa orodispersibile	N05AH03	MYLAN S.P.A.	Autorizzata	Procedura Mutuo riconoscimento o Decentrata	Medicinali soggetti a prescrizione medica
042420051	042420	OLANZAPINA MYLAN PHARMA	5 MG COMPRESSE ORODISPERSIBILI- 98 COMPRESSE IN BLISTER OPA/AL/PVC/AL	OLANZAPINA	OLANZAPINA	5	milligrammi	Compressa orodispersibile	N05AH03	MYLAN S.P.A.	Autorizzata	Procedura Mutuo riconoscimento o Decentrata	Medicinali soggetti a prescrizione medica
042420063	042420	OLANZAPINA MYLAN PHARMA	5 MG COMPRESSE ORODISPERSIBILI- 28 X 1 COMPRESSE IN BLISTER OPA/AL/PVC/AL	OLANZAPINA	OLANZAPINA	5	milligrammi	Compressa orodispersibile	N05AH03	MYLAN S.P.A.	Autorizzata	Procedura Mutuo riconoscimento o Decentrata	Medicinali soggetti a prescrizione medica
042420075	042420	OLANZAPINA MYLAN PHARMA	5 MG COMPRESSE ORODISPERSIBILI- 35 X 1 COMPRESSE IN BLISTER OPA/AL/PVC/AL	OLANZAPINA	OLANZAPINA	5	milligrammi	Compressa orodispersibile	N05AH03	MYLAN S.P.A.	Autorizzata	Procedura Mutuo riconoscimento o Decentrata	Medicinali soggetti a prescrizione medica
042420087	042420	OLANZAPINA MYLAN PHARMA	5 MG COMPRESSE ORODISPERSIBILI- 56 X 1 COMPRESSE IN BLISTER OPA/AL/PVC/AL	OLANZAPINA	OLANZAPINA	5	milligrammi	Compressa orodispersibile	N05AH03	MYLAN S.P.A.	Autorizzata	Procedura Mutuo riconoscimento o Decentrata	Medicinali soggetti a prescrizione medica
042420099	042420	OLANZAPINA MYLAN PHARMA	5 MG COMPRESSE ORODISPERSIBILI- 70 X 1 COMPRESSE IN BLISTER OPA/AL/PVC/AL	OLANZAPINA	OLANZAPINA	5	milligrammi	Compressa orodispersibile	N05AH03	MYLAN S.P.A.	Autorizzata	Procedura Mutuo riconoscimento o Decentrata	Medicinali soggetti a prescrizione medica
042420101	042420	OLANZAPINA MYLAN PHARMA	5 MG COMPRESSE ORODISPERSIBILI- 98 X 1 COMPRESSE IN BLISTER OPA/AL/PVC/AL	OLANZAPINA	OLANZAPINA	5	milligrammi	Compressa orodispersibile	N05AH03	MYLAN S.P.A.	Autorizzata	Procedura Mutuo riconoscimento o Decentrata	Medicinali soggetti a prescrizione medica
042420113	042420	OLANZAPINA MYLAN PHARMA	10 MG COMPRESSE ORODISPERSIBILI- 28 COMPRESSE IN BLISTER OPA/AL/PVC/AL	OLANZAPINA	OLANZAPINA	10	milligrammi	Compressa orodispersibile	N05AH03	MYLAN S.P.A.	Autorizzata	Procedura Mutuo riconoscimento o Decentrata	Medicinali soggetti a prescrizione medica
042420125	042420	OLANZAPINA MYLAN PHARMA	10 MG COMPRESSE ORODISPERSIBILI- 35 COMPRESSE IN BLISTER OPA/AL/PVC/AL	OLANZAPINA	OLANZAPINA	10	milligrammi	Compressa orodispersibile	N05AH03	MYLAN S.P.A.	Autorizzata	Procedura Mutuo riconoscimento o Decentrata	Medicinali soggetti a prescrizione medica
042420137	042420	OLANZAPINA MYLAN PHARMA	10 MG COMPRESSE ORODISPERSIBILI- 56 COMPRESSE IN BLISTER OPA/AL/PVC/AL	OLANZAPINA	OLANZAPINA	10	milligrammi	Compressa orodispersibile	N05AH03	MYLAN S.P.A.	Autorizzata	Procedura Mutuo riconoscimento o Decentrata	Medicinali soggetti a prescrizione medica
042420149	042420	OLANZAPINA MYLAN PHARMA	10 MG COMPRESSE ORODISPERSIBILI- 70 COMPRESSE IN BLISTER OPA/AL/PVC/AL	OLANZAPINA	OLANZAPINA	10	milligrammi	Compressa orodispersibile	N05AH03	MYLAN S.P.A.	Autorizzata	Procedura Mutuo riconoscimento o Decentrata	Medicinali soggetti a prescrizione medica
042420152	042420	OLANZAPINA MYLAN PHARMA	10 MG COMPRESSE ORODISPERSIBILI- 98 COMPRESSE IN BLISTER OPA/AL/PVC/AL	OLANZAPINA	OLANZAPINA	10	milligrammi	Compressa orodispersibile	N05AH03	MYLAN S.P.A.	Autorizzata	Procedura Mutuo riconoscimento o Decentrata	Medicinali soggetti a prescrizione medica
042420164	042420	OLANZAPINA MYLAN PHARMA	10 MG COMPRESSE ORODISPERSIBILI- 28 X 1 COMPRESSE IN BLISTER OPA/AL/PVC/AL	OLANZAPINA	OLANZAPINA	10	milligrammi	Compressa orodispersibile	N05AH03	MYLAN S.P.A.	Autorizzata	Procedura Mutuo riconoscimento o Decentrata	Medicinali soggetti a prescrizione medica
042420176	042420	OLANZAPINA MYLAN PHARMA	10 MG COMPRESSE ORODISPERSIBILI- 35 X 1 COMPRESSE IN BLISTER OPA/AL/PVC/AL	OLANZAPINA	OLANZAPINA	10	milligrammi	Compressa orodispersibile	N05AH03	MYLAN S.P.A.	Autorizzata	Procedura Mutuo riconoscimento o Decentrata	Medicinali soggetti a prescrizione medica
042420188	042420	OLANZAPINA MYLAN PHARMA	10 MG COMPRESSE ORODISPERSIBILI- 56 X 1 COMPRESSE IN BLISTER OPA/AL/PVC/AL	OLANZAPINA	OLANZAPINA	10	milligrammi	Compressa orodispersibile	N05AH03	MYLAN S.P.A.	Autorizzata	Procedura Mutuo riconoscimento o Decentrata	Medicinali soggetti a prescrizione medica
042420190	042420	OLANZAPINA MYLAN PHARMA	10 MG COMPRESSE ORODISPERSIBILI- 70 X 1 COMPRESSE IN BLISTER OPA/AL/PVC/AL	OLANZAPINA	OLANZAPINA	10	milligrammi	Compressa orodispersibile	N05AH03	MYLAN S.P.A.	Autorizzata	Procedura Mutuo riconoscimento o Decentrata	Medicinali soggetti a prescrizione medica
042420202	042420	OLANZAPINA MYLAN PHARMA	10 MG COMPRESSE ORODISPERSIBILI- 98 X 1 COMPRESSE IN BLISTER OPA/AL/PVC/AL	OLANZAPINA	OLANZAPINA	10	milligrammi	Compressa orodispersibile	N05AH03	MYLAN S.P.A.	Autorizzata	Procedura Mutuo riconoscimento o Decentrata	Medicinali soggetti a prescrizione medica
042420214	042420	OLANZAPINA MYLAN PHARMA	15 MG COMPRESSE ORODISPERSIBILI- 28 COMPRESSE IN BLISTER OPA/AL/PVC/AL	OLANZAPINA	OLANZAPINA	15	milligrammi	Compressa orodispersibile	N05AH03	MYLAN S.P.A.	Autorizzata	Procedura Mutuo riconoscimento o Decentrata	Medicinali soggetti a prescrizione medica
042420226	042420	OLANZAPINA MYLAN PHARMA	15 MG COMPRESSE ORODISPERSIBILI- 35 COMPRESSE IN BLISTER OPA/AL/PVC/AL	OLANZAPINA	OLANZAPINA	15	milligrammi	Compressa orodispersibile	N05AH03	MYLAN S.P.A.	Autorizzata	Procedura Mutuo riconoscimento o Decentrata	Medicinali soggetti a prescrizione medica
042420238	042420	OLANZAPINA MYLAN PHARMA	15 MG COMPRESSE ORODISPERSIBILI- 56 COMPRESSE IN BLISTER OPA/AL/PVC/AL	OLANZAPINA	OLANZAPINA	15	milligrammi	Compressa orodispersibile	N05AH03	MYLAN S.P.A.	Autorizzata	Procedura Mutuo riconoscimento o Decentrata	Medicinali soggetti a prescrizione medica
042420240	042420	OLANZAPINA MYLAN PHARMA	15 MG COMPRESSE ORODISPERSIBILI- 70 COMPRESSE IN BLISTER OPA/AL/PVC/AL	OLANZAPINA	OLANZAPINA	15	milligrammi	Compressa orodispersibile	N05AH03	MYLAN S.P.A.	Autorizzata	Procedura Mutuo riconoscimento o Decentrata	Medicinali soggetti a prescrizione medica
042420253	042420	OLANZAPINA MYLAN PHARMA	15 MG COMPRESSE ORODISPERSIBILI- 98 COMPRESSE IN BLISTER OPA/AL/PVC/AL	OLANZAPINA	OLANZAPINA	15	milligrammi	Compressa orodispersibile	N05AH03	MYLAN S.P.A.	Autorizzata	Procedura Mutuo riconoscimento o Decentrata	Medicinali soggetti a prescrizione medica
042420265	042420	OLANZAPINA MYLAN PHARMA	15 MG COMPRESSE ORODISPERSIBILI- 28 X 1 COMPRESSE IN BLISTER OPA/AL/PVC/AL	OLANZAPINA	OLANZAPINA	15	milligrammi	Compressa orodispersibile	N05AH03	MYLAN S.P.A.	Autorizzata	Procedura Mutuo riconoscimento o Decentrata	Medicinali soggetti a prescrizione medica
042420277	042420	OLANZAPINA MYLAN PHARMA	15 MG COMPRESSE ORODISPERSIBILI- 35 X 1 COMPRESSE IN BLISTER OPA/AL/PVC/AL	OLANZAPINA	OLANZAPINA	15	milligrammi	Compressa orodispersibile	N05AH03	MYLAN S.P.A.	Autorizzata	Procedura Mutuo riconoscimento o Decentrata	Medicinali soggetti a prescrizione medica
042420289	042420	OLANZAPINA MYLAN PHARMA	15 MG COMPRESSE ORODISPERSIBILI- 56 X 1 COMPRESSE IN BLISTER OPA/AL/PVC/AL	OLANZAPINA	OLANZAPINA	15	milligrammi	Compressa orodispersibile	N05AH03	MYLAN S.P.A.	Autorizzata	Procedura Mutuo riconoscimento o Decentrata	Medicinali soggetti a prescrizione medica
042420291	042420	OLANZAPINA MYLAN PHARMA	15 MG COMPRESSE ORODISPERSIBILI- 70 X 1 COMPRESSE IN BLISTER OPA/AL/PVC/AL	OLANZAPINA	OLANZAPINA	15	milligrammi	Compressa orodispersibile	N05AH03	MYLAN S.P.A.	Autorizzata	Procedura Mutuo riconoscimento o Decentrata	Medicinali soggetti a prescrizione medica
042420303	042420	OLANZAPINA MYLAN PHARMA	15 MG COMPRESSE ORODISPERSIBILI- 98 X 1 COMPRESSE IN BLISTER OPA/AL/PVC/AL	OLANZAPINA	OLANZAPINA	15	milligrammi	Compressa orodispersibile	N05AH03	MYLAN S.P.A.	Autorizzata	Procedura Mutuo riconoscimento o Decentrata	Medicinali soggetti a prescrizione medica
042420315	042420	OLANZAPINA MYLAN PHARMA	20 MG COMPRESSE ORODISPERSIBILI- 28 COMPRESSE IN BLISTER OPA/AL/PVC/AL	OLANZAPINA	OLANZAPINA	20	milligrammi	Compressa orodispersibile	N05AH03	MYLAN S.P.A.	Autorizzata	Procedura Mutuo riconoscimento o Decentrata	Medicinali soggetti a prescrizione medica
042420327	042420	OLANZAPINA MYLAN PHARMA	20 MG COMPRESSE ORODISPERSIBILI- 35 COMPRESSE IN BLISTER OPA/AL/PVC/AL	OLANZAPINA	OLANZAPINA	20	milligrammi	Compressa orodispersibile	N05AH03	MYLAN S.P.A.	Autorizzata	Procedura Mutuo riconoscimento o Decentrata	Medicinali soggetti a prescrizione medica
042420339	042420	OLANZAPINA MYLAN PHARMA	20 MG COMPRESSE ORODISPERSIBILI- 56 COMPRESSE IN BLISTER OPA/AL/PVC/AL	OLANZAPINA	OLANZAPINA	20	milligrammi	Compressa orodispersibile	N05AH03	MYLAN S.P.A.	Autorizzata	Procedura Mutuo riconoscimento o Decentrata	Medicinali soggetti a prescrizione medica
042420341	042420	OLANZAPINA MYLAN PHARMA	20 MG COMPRESSE ORODISPERSIBILI- 70 COMPRESSE IN BLISTER OPA/AL/PVC/AL	OLANZAPINA	OLANZAPINA	20	milligrammi	Compressa orodispersibile	N05AH03	MYLAN S.P.A.	Autorizzata	Procedura Mutuo riconoscimento o Decentrata	Medicinali soggetti a prescrizione medica
042420354	042420	OLANZAPINA MYLAN PHARMA	20 MG COMPRESSE ORODISPERSIBILI- 98 COMPRESSE IN BLISTER OPA/AL/PVC/AL	OLANZAPINA	OLANZAPINA	20	milligrammi	Compressa orodispersibile	N05AH03	MYLAN S.P.A.	Autorizzata	Procedura Mutuo riconoscimento o Decentrata	Medicinali soggetti a prescrizione medica
042420366	042420	OLANZAPINA MYLAN PHARMA	20 MG COMPRESSE ORODISPERSIBILI- 28 X 1 COMPRESSE IN BLISTER OPA/AL/PVC/AL	OLANZAPINA	OLANZAPINA	20	milligrammi	Compressa orodispersibile	N05AH03	MYLAN S.P.A.	Autorizzata	Procedura Mutuo riconoscimento o Decentrata	Medicinali soggetti a prescrizione medica
042420378	042420	OLANZAPINA MYLAN PHARMA	20 MG COMPRESSE ORODISPERSIBILI- 35 X 1 COMPRESSE IN BLISTER OPA/AL/PVC/AL	OLANZAPINA	OLANZAPINA	20	milligrammi	Compressa orodispersibile	N05AH03	MYLAN S.P.A.	Autorizzata	Procedura Mutuo riconoscimento o Decentrata	Medicinali soggetti a prescrizione medica
042420380	042420	OLANZAPINA MYLAN PHARMA	20 MG COMPRESSE ORODISPERSIBILI- 56 X 1 COMPRESSE IN BLISTER OPA/AL/PVC/AL	OLANZAPINA	OLANZAPINA	20	milligrammi	Compressa orodispersibile	N05AH03	MYLAN S.P.A.	Autorizzata	Procedura Mutuo riconoscimento o Decentrata	Medicinali soggetti a prescrizione medica
042420392	042420	OLANZAPINA MYLAN PHARMA	20 MG COMPRESSE ORODISPERSIBILI- 70 X 1 COMPRESSE IN BLISTER OPA/AL/PVC/AL	OLANZAPINA	OLANZAPINA	20	milligrammi	Compressa orodispersibile	N05AH03	MYLAN S.P.A.	Autorizzata	Procedura Mutuo riconoscimento o Decentrata	Medicinali soggetti a prescrizione medica
042420404	042420	OLANZAPINA MYLAN PHARMA	20 MG COMPRESSE ORODISPERSIBILI- 98 X 1 COMPRESSE IN BLISTER OPA/AL/PVC/AL	OLANZAPINA	OLANZAPINA	20	milligrammi	Compressa orodispersibile	N05AH03	MYLAN S.P.A.	Autorizzata	Procedura Mutuo riconoscimento o Decentrata	Medicinali soggetti a prescrizione medica
042681015	042681	OLANZAPINA PENSA	2,5 MG COMPRESSE- 28 COMPRESSE IN BLISTER AL/AL	OLANZAPINA	OLANZAPINA	2.5	milligrammi	Compressa	N05AH03	TOWA PHARMACEUTICAL S.P.A.	Autorizzata	Procedura Mutuo riconoscimento o Decentrata	Medicinali soggetti a prescrizione medica
042681027	042681	OLANZAPINA PENSA	2,5 MG COMPRESSE- 56 COMPRESSE IN BLISTER AL/AL	OLANZAPINA	OLANZAPINA	2.5	milligrammi	Compressa	N05AH03	TOWA PHARMACEUTICAL S.P.A.	Autorizzata	Procedura Mutuo riconoscimento o Decentrata	Medicinali soggetti a prescrizione medica
042681039	042681	OLANZAPINA PENSA	5 MG COMPRESSE- 28 COMPRESSE IN BLISTER AL/AL	OLANZAPINA	OLANZAPINA	5	milligrammi	Compressa	N05AH03	TOWA PHARMACEUTICAL S.P.A.	Autorizzata	Procedura Mutuo riconoscimento o Decentrata	Medicinali soggetti a prescrizione medica
042681041	042681	OLANZAPINA PENSA	5 MG COMPRESSE- 56 COMPRESSE IN BLISTER AL/AL	OLANZAPINA	OLANZAPINA	5	milligrammi	Compressa	N05AH03	TOWA PHARMACEUTICAL S.P.A.	Autorizzata	Procedura Mutuo riconoscimento o Decentrata	Medicinali soggetti a prescrizione medica
042681054	042681	OLANZAPINA PENSA	7,5 MG COMPRESSE- 28 COMPRESSE IN BLISTER AL/AL	OLANZAPINA	OLANZAPINA	7.5	milligrammi	Compressa	N05AH03	TOWA PHARMACEUTICAL S.P.A.	Autorizzata	Procedura Mutuo riconoscimento o Decentrata	Medicinali soggetti a prescrizione medica
042681066	042681	OLANZAPINA PENSA	7,5 MG COMPRESSE- 56 COMPRESSE IN BLISTER AL/AL	OLANZAPINA	OLANZAPINA	7.5	milligrammi	Compressa	N05AH03	TOWA PHARMACEUTICAL S.P.A.	Autorizzata	Procedura Mutuo riconoscimento o Decentrata	Medicinali soggetti a prescrizione medica
042681078	042681	OLANZAPINA PENSA	10 MG COMPRESSE- 28 COMPRESSE IN BLISTER AL/AL	OLANZAPINA	OLANZAPINA	10	milligrammi	Compressa	N05AH03	TOWA PHARMACEUTICAL S.P.A.	Autorizzata	Procedura Mutuo riconoscimento o Decentrata	Medicinali soggetti a prescrizione medica
042681080	042681	OLANZAPINA PENSA	10 MG COMPRESSE- 56 COMPRESSE IN BLISTER AL/AL	OLANZAPINA	OLANZAPINA	10	milligrammi	Compressa	N05AH03	TOWA PHARMACEUTICAL S.P.A.	Autorizzata	Procedura Mutuo riconoscimento o Decentrata	Medicinali soggetti a prescrizione medica
042681092	042681	OLANZAPINA PENSA	15 MG COMPRESSE- 28 COMPRESSE IN BLISTER AL/AL	OLANZAPINA	OLANZAPINA	15	milligrammi	Compressa	N05AH03	TOWA PHARMACEUTICAL S.P.A.	Autorizzata	Procedura Mutuo riconoscimento o Decentrata	Medicinali soggetti a prescrizione medica
042681104	042681	OLANZAPINA PENSA	15 MG COMPRESSE- 56 COMPRESSE IN BLISTER AL/AL	OLANZAPINA	OLANZAPINA	15	milligrammi	Compressa	N05AH03	TOWA PHARMACEUTICAL S.P.A.	Autorizzata	Procedura Mutuo riconoscimento o Decentrata	Medicinali soggetti a prescrizione medica
042681116	042681	OLANZAPINA PENSA	20 MG COMPRESSE- 28 COMPRESSE IN BLISTER AL/AL	OLANZAPINA	OLANZAPINA	20	milligrammi	Compressa	N05AH03	TOWA PHARMACEUTICAL S.P.A.	Autorizzata	Procedura Mutuo riconoscimento o Decentrata	Medicinali soggetti a prescrizione medica
042681128	042681	OLANZAPINA PENSA	20 MG COMPRESSE- 56 COMPRESSE IN BLISTER AL/AL	OLANZAPINA	OLANZAPINA	20	milligrammi	Compressa	N05AH03	TOWA PHARMACEUTICAL S.P.A.	Autorizzata	Procedura Mutuo riconoscimento o Decentrata	Medicinali soggetti a prescrizione medica
043037011	043037	OLANZAPINA TEVA	5 MG - COMPRESSE RIVESTITE CON FILM USO ORALE BLISTER (OPA/AL/PVC/AL)- 28 COMPRESSE	OLANZAPINA	OLANZAPINA	5	milligrammi	Compressa rivestita con film	N05AH03	BB FARMA S.R.L.	Autorizzata	Importazione Parallela	Medicinali soggetti a prescrizione medica
043037023	043037	OLANZAPINA TEVA	10 MG - COMPRESSE RIVESTITE CON FILM USO ORALE BLISTER (OPA/AL/PVC/AL)- 28 COMPRESSE	OLANZAPINA	OLANZAPINA	10	milligrammi	Compressa rivestita con film	N05AH03	BB FARMA S.R.L.	Autorizzata	Importazione Parallela	Medicinali soggetti a prescrizione medica
043037035	043037	OLANZAPINA TEVA	5 MG - COMPRESSE ORODISPERSIBILI USO ORALE BLISTER (OPA/AL/PVC/AL)- 28 COMPRESSE	OLANZAPINA	OLANZAPINA	5	milligrammi	Compressa orodispersibile	N05AH03	BB FARMA S.R.L.	Autorizzata	Importazione Parallela	Medicinali soggetti a prescrizione medica
043037047	043037	OLANZAPINA TEVA	10 MG - COMPRESSE ORODISPERSIBILI USO ORALE BLISTER (OPA/AL/PVC/AL)- 28 COMPRESSE	OLANZAPINA	OLANZAPINA	10	milligrammi	Compressa orodispersibile	N05AH03	BB FARMA S.R.L.	Autorizzata	Importazione Parallela	Medicinali soggetti a prescrizione medica
043038013	043038	OLANZAPINA VIATRIS	5 MG - COMPRESSA RIVESTITA CON FILM - USO ORALE - BLISTER (ALU/ALU)- 28 COMPRESSE	OLANZAPINA	OLANZAPINA	5	milligrammi	Compressa rivestita con film	N05AH03	BB FARMA S.R.L.	Autorizzata	Importazione Parallela	Medicinali soggetti a prescrizione medica
043547013	043547	OLANZAPINA GLENMARK	2,5 MG -COMPRESSA - USO ORALE - BLISTER (ALU/ALU) - 28 COMPRESSE	OLANZAPINA	OLANZAPINA	2.5	milligrammi	Compressa	N05AH03	GLENMARK ARZNEIMITTEL GMBH	Autorizzata	Procedura Centralizzata	Medicinali soggetti a prescrizione medica
043547025	043547	OLANZAPINA GLENMARK	2,5 MG -COMPRESSA - USO ORALE - BLISTER (ALU/ALU) - 56 COMPRESSE	OLANZAPINA	OLANZAPINA	2.5	milligrammi	Compressa	N05AH03	GLENMARK ARZNEIMITTEL GMBH	Autorizzata	Procedura Centralizzata	Medicinali soggetti a prescrizione medica
043547037	043547	OLANZAPINA GLENMARK	2,5 MG -COMPRESSA - USO ORALE - BLISTER (ALU/ALU) - 70 COMPRESSE	OLANZAPINA	OLANZAPINA	2.5	milligrammi	Compressa	N05AH03	GLENMARK ARZNEIMITTEL GMBH	Autorizzata	Procedura Centralizzata	Medicinali soggetti a prescrizione medica
043547049	043547	OLANZAPINA GLENMARK	5 MG -COMPRESSA - USO ORALE - BLISTER (ALU/ALU) - 28 COMPRESSE	OLANZAPINA	OLANZAPINA	2.5	milligrammi	Compressa	N05AH03	GLENMARK ARZNEIMITTEL GMBH	Autorizzata	Procedura Centralizzata	Medicinali soggetti a prescrizione medica
043547052	043547	OLANZAPINA GLENMARK	5 MG -COMPRESSA - USO ORALE - BLISTER (ALU/ALU) - 56 COMPRESSE	OLANZAPINA	OLANZAPINA	2.5	milligrammi	Compressa	N05AH03	GLENMARK ARZNEIMITTEL GMBH	Autorizzata	Procedura Centralizzata	Medicinali soggetti a prescrizione medica
043547064	043547	OLANZAPINA GLENMARK	5 MG -COMPRESSA - USO ORALE - BLISTER (ALU/ALU) - 70 COMPRESSE	OLANZAPINA	OLANZAPINA	2.5	milligrammi	Compressa	N05AH03	GLENMARK ARZNEIMITTEL GMBH	Autorizzata	Procedura Centralizzata	Medicinali soggetti a prescrizione medica
043547076	043547	OLANZAPINA GLENMARK	7,5 MG -COMPRESSA - USO ORALE - BLISTER (ALU/ALU) - 28 COMPRESSE	OLANZAPINA	OLANZAPINA	7.5	milligrammi	Compressa	N05AH03	GLENMARK ARZNEIMITTEL GMBH	Autorizzata	Procedura Centralizzata	Medicinali soggetti a prescrizione medica
043547088	043547	OLANZAPINA GLENMARK	7,5 MG -COMPRESSA - USO ORALE - BLISTER (ALU/ALU) - 56 COMPRESSE	OLANZAPINA	OLANZAPINA	7.5	milligrammi	Compressa	N05AH03	GLENMARK ARZNEIMITTEL GMBH	Autorizzata	Procedura Centralizzata	Medicinali soggetti a prescrizione medica
043547090	043547	OLANZAPINA GLENMARK	7,5 MG -COMPRESSA - USO ORALE - BLISTER (ALU/ALU) - 70 COMPRESSE	OLANZAPINA	OLANZAPINA	7.5	milligrammi	Compressa	N05AH03	GLENMARK ARZNEIMITTEL GMBH	Autorizzata	Procedura Centralizzata	Medicinali soggetti a prescrizione medica
043547102	043547	OLANZAPINA GLENMARK	10 MG -COMPRESSA - USO ORALE - BLISTER (ALU/ALU) - 28 COMPRESSE	OLANZAPINA	OLANZAPINA	10	milligrammi	Compressa	N05AH03	GLENMARK ARZNEIMITTEL GMBH	Autorizzata	Procedura Centralizzata	Medicinali soggetti a prescrizione medica
043547114	043547	OLANZAPINA GLENMARK	10 MG -COMPRESSA - USO ORALE - BLISTER (ALU/ALU) - 56 COMPRESSE	OLANZAPINA	OLANZAPINA	10	milligrammi	Compressa	N05AH03	GLENMARK ARZNEIMITTEL GMBH	Autorizzata	Procedura Centralizzata	Medicinali soggetti a prescrizione medica
043547126	043547	OLANZAPINA GLENMARK	10 MG -COMPRESSA - USO ORALE - BLISTER (ALU/ALU) - 70 COMPRESSE	OLANZAPINA	OLANZAPINA	10	milligrammi	Compressa	N05AH03	GLENMARK ARZNEIMITTEL GMBH	Autorizzata	Procedura Centralizzata	Medicinali soggetti a prescrizione medica
043547138	043547	OLANZAPINA GLENMARK	15 MG -COMPRESSA - USO ORALE - BLISTER (ALU/ALU) - 28 COMPRESSE	OLANZAPINA	OLANZAPINA	15	milligrammi	Compressa	N05AH03	GLENMARK ARZNEIMITTEL GMBH	Autorizzata	Procedura Centralizzata	Medicinali soggetti a prescrizione medica
043547140	043547	OLANZAPINA GLENMARK	15 MG -COMPRESSA - USO ORALE - BLISTER (ALU/ALU) - 56 COMPRESSE	OLANZAPINA	OLANZAPINA	15	milligrammi	Compressa	N05AH03	GLENMARK ARZNEIMITTEL GMBH	Autorizzata	Procedura Centralizzata	Medicinali soggetti a prescrizione medica
043547153	043547	OLANZAPINA GLENMARK	15 MG -COMPRESSA - USO ORALE - BLISTER (ALU/ALU) - 70 COMPRESSE	OLANZAPINA	OLANZAPINA	15	milligrammi	Compressa	N05AH03	GLENMARK ARZNEIMITTEL GMBH	Autorizzata	Procedura Centralizzata	Medicinali soggetti a prescrizione medica
043547165	043547	OLANZAPINA GLENMARK	20 MG -COMPRESSA - USO ORALE - BLISTER (ALU/ALU) - 28 COMPRESSE	OLANZAPINA	OLANZAPINA	20	milligrammi	Compressa	N05AH03	GLENMARK ARZNEIMITTEL GMBH	Autorizzata	Procedura Centralizzata	Medicinali soggetti a prescrizione medica
043547177	043547	OLANZAPINA GLENMARK	20 MG -COMPRESSA - USO ORALE - BLISTER (ALU/ALU) - 35 COMPRESSE	OLANZAPINA	OLANZAPINA	20	milligrammi	Compressa	N05AH03	GLENMARK ARZNEIMITTEL GMBH	Autorizzata	Procedura Centralizzata	Medicinali soggetti a prescrizione medica
043547189	043547	OLANZAPINA GLENMARK	20 MG -COMPRESSA - USO ORALE - BLISTER (ALU/ALU) - 56 COMPRESSE	OLANZAPINA	OLANZAPINA	20	milligrammi	Compressa	N05AH03	GLENMARK ARZNEIMITTEL GMBH	Autorizzata	Procedura Centralizzata	Medicinali soggetti a prescrizione medica
043547191	043547	OLANZAPINA GLENMARK	20 MG -COMPRESSA - USO ORALE - BLISTER (ALU/ALU) - 70 COMPRESSE	OLANZAPINA	OLANZAPINA	20	milligrammi	Compressa	N05AH03	GLENMARK ARZNEIMITTEL GMBH	Autorizzata	Procedura Centralizzata	Medicinali soggetti a prescrizione medica
043547203	043547	OLANZAPINA GLENMARK	2,5 MG - COMPRESSA - USO ORALE - BLISTER (ALU/ALU) - 98 COMPRESSE	OLANZAPINA	OLANZAPINA	2.5	milligrammi	Compressa	N05AH03	GLENMARK ARZNEIMITTEL GMBH	Autorizzata	Procedura Centralizzata	Medicinali soggetti a prescrizione medica
043547215	043547	OLANZAPINA GLENMARK	5 MG - COMPRESSA - USO ORALE - BLISTER (ALU/ALU) - 98 COMPRESSE	OLANZAPINA	OLANZAPINA			Compressa	N05AH03	GLENMARK ARZNEIMITTEL GMBH	Autorizzata	Procedura Centralizzata	Medicinali soggetti a prescrizione medica
043547227	043547	OLANZAPINA GLENMARK	7,5 MG - COMPRESSA - USO ORALE - BLISTER (ALU/ALU) - 98 COMPRESSE	OLANZAPINA	OLANZAPINA	7.5	milligrammi	Compressa	N05AH03	GLENMARK ARZNEIMITTEL GMBH	Autorizzata	Procedura Centralizzata	Medicinali soggetti a prescrizione medica
043547239	043547	OLANZAPINA GLENMARK	10 MG - COMPRESSA - USO ORALE - BLISTER (ALU/ALU) - 98 COMPRESSE	OLANZAPINA	OLANZAPINA	10	milligrammi	Compressa	N05AH03	GLENMARK ARZNEIMITTEL GMBH	Autorizzata	Procedura Centralizzata	Medicinali soggetti a prescrizione medica
043547241	043547	OLANZAPINA GLENMARK	15 MG - COMPRESSA - USO ORALE - BLISTER (ALU/ALU) - 98 COMPRESSE	OLANZAPINA	OLANZAPINA	15	milligrammi	Compressa	N05AH03	GLENMARK ARZNEIMITTEL GMBH	Autorizzata	Procedura Centralizzata	Medicinali soggetti a prescrizione medica
043547254	043547	OLANZAPINA GLENMARK	20 MG - COMPRESSA - USO ORALE - BLISTER (ALU/ALU) - 98 COMPRESSE	OLANZAPINA	OLANZAPINA	20	milligrammi	Compressa	N05AH03	GLENMARK ARZNEIMITTEL GMBH	Autorizzata	Procedura Centralizzata	Medicinali soggetti a prescrizione medica
044423010	044423	ZYPREXA	VELOTAB- 5 MG 28 COMPRESSE DISPERSIBILI USO ORALE IN BLISTER (AL/AL)	OLANZAPINA	OLANZAPINA	5	milligrammi	Compressa dispersibile	N05AH03	GENERAL PHARMA SOLUTIONS SPA	Autorizzata	Importazione Parallela	Medicinali soggetti a prescrizione medica
045680016	045680	OLAZAX DISPERZI	5 MG - COMPRESSA ORODISPERSIBILE - USO ORALE - BLISTER (ALU/ALU) - 28 COMPRESSE	OLANZAPINA	OLANZAPINA			Compressa orodispersibile	N05AH03	GLENMARK PHARMACEUTICALS S.R.O.	Autorizzata	Procedura Centralizzata	Medicinali soggetti a prescrizione medica
045680030	045680	OLAZAX DISPERZI	10 MG - COMPRESSA ORODISPERSIBILE - USO ORALE - BLISTER (ALU/ALU) - 28 COMPRESSE	OLANZAPINA	OLANZAPINA			Compressa orodispersibile	N05AH03	GLENMARK PHARMACEUTICALS S.R.O.	Autorizzata	Procedura Centralizzata	Medicinali soggetti a prescrizione medica
045680042	045680	OLAZAX DISPERZI	15 MG - COMPRESSA ORODISPERSIBILE - USO ORALE - BLISTER (ALU/ALU) - 28 COMPRESSE	OLANZAPINA	OLANZAPINA			Compressa orodispersibile	N05AH03	GLENMARK PHARMACEUTICALS S.R.O.	Autorizzata	Procedura Centralizzata	Medicinali soggetti a prescrizione medica
045680055	045680	OLAZAX DISPERZI	20 MG - COMPRESSA ORODISPERSIBILE - USO ORALE - BLISTER (ALU/ALU) - 28 COMPRESSE	OLANZAPINA	OLANZAPINA			Compressa orodispersibile	N05AH03	GLENMARK PHARMACEUTICALS S.R.O.	Autorizzata	Procedura Centralizzata	Medicinali soggetti a prescrizione medica
045680067	045680	OLAZAX DISPERZI	5 MG - COMPRESSA ORODISPERSIBILE - USO ORALE - BLISTER (ALU/ALU) - 56 COMPRESSE	OLANZAPINA	OLANZAPINA	5	milligrammi	Compressa orodispersibile	N05AH03	GLENMARK PHARMACEUTICALS S.R.O.	Autorizzata	Procedura Centralizzata	Medicinali soggetti a prescrizione medica
045680079	045680	OLAZAX DISPERZI	7,5 MG - COMPRESSA ORODISPERSIBILE - USO ORALE - BLISTER (ALU/ALU) - 56 COMPRESSE	OLANZAPINA	OLANZAPINA			Compressa orodispersibile	N05AH03	GLENMARK PHARMACEUTICALS S.R.O.	Autorizzata	Procedura Centralizzata	Medicinali soggetti a prescrizione medica
045680081	045680	OLAZAX DISPERZI	10 MG - COMPRESSA ORODISPERSIBILE - USO ORALE - BLISTER (ALU/ALU) - 56 COMPRESSE	OLANZAPINA	OLANZAPINA			Compressa orodispersibile	N05AH03	GLENMARK PHARMACEUTICALS S.R.O.	Autorizzata	Procedura Centralizzata	Medicinali soggetti a prescrizione medica
045680093	045680	OLAZAX DISPERZI	15 MG - COMPRESSA ORODISPERSIBILE - USO ORALE - BLISTER (ALU/ALU) - 56 COMPRESSE	OLANZAPINA	OLANZAPINA			Compressa orodispersibile	N05AH03	GLENMARK PHARMACEUTICALS S.R.O.	Autorizzata	Procedura Centralizzata	Medicinali soggetti a prescrizione medica
045680105	045680	OLAZAX DISPERZI	20 MG - COMPRESSA ORODISPERSIBILE - USO ORALE - BLISTER (ALU/ALU) - 56 COMPRESSE	OLANZAPINA	OLANZAPINA			Compressa orodispersibile	N05AH03	GLENMARK PHARMACEUTICALS S.R.O.	Autorizzata	Procedura Centralizzata	Medicinali soggetti a prescrizione medica
045681018	045681	OLAZAX	5 MG - COMPRESSA - USO ORALE - BLISTER (ALU/ALU) - 28 COMPRESSE	OLANZAPINA	OLANZAPINA			Compressa	N05AH03	GLENMARK PHARMACEUTICALS S.R.O.	Autorizzata	Procedura Centralizzata	Medicinali soggetti a prescrizione medica
045681020	045681	OLAZAX	7,5 MG - COMPRESSA - USO ORALE - BLISTER (ALU/ALU) - 28 COMPRESSE	OLANZAPINA	OLANZAPINA			Compressa	N05AH03	GLENMARK PHARMACEUTICALS S.R.O.	Autorizzata	Procedura Centralizzata	Medicinali soggetti a prescrizione medica
045681032	045681	OLAZAX	10 MG - COMPRESSA - USO ORALE - BLISTER (ALU/ALU) - 28 COMPRESSE	OLANZAPINA	OLANZAPINA			Compressa	N05AH03	GLENMARK PHARMACEUTICALS S.R.O.	Autorizzata	Procedura Centralizzata	Medicinali soggetti a prescrizione medica
045681044	045681	OLAZAX	15 MG - COMPRESSA - USO ORALE - BLISTER (ALU/ALU) - 28 COMPRESSE	OLANZAPINA	OLANZAPINA			Compressa	N05AH03	GLENMARK PHARMACEUTICALS S.R.O.	Autorizzata	Procedura Centralizzata	Medicinali soggetti a prescrizione medica
045681057	045681	OLAZAX	20 MG - COMPRESSA - USO ORALE - BLISTER (ALU/ALU) - 28 COMPRESSE	OLANZAPINA	OLANZAPINA			Compressa	N05AH03	GLENMARK PHARMACEUTICALS S.R.O.	Autorizzata	Procedura Centralizzata	Medicinali soggetti a prescrizione medica
045681069	045681	OLAZAX	5 MG - COMPRESSA - USO ORALE - BLISTER (ALU/ALU) - 56 COMPRESSE	OLANZAPINA	OLANZAPINA	5	milligrammi	Compressa	N05AH03	GLENMARK PHARMACEUTICALS S.R.O.	Autorizzata	Procedura Centralizzata	Medicinali soggetti a prescrizione medica
045681071	045681	OLAZAX	7,5 MG - COMPRESSA - USO ORALE - BLISTER (ALU/ALU) - 56 COMPRESSE	OLANZAPINA	OLANZAPINA			Compressa	N05AH03	GLENMARK PHARMACEUTICALS S.R.O.	Autorizzata	Procedura Centralizzata	Medicinali soggetti a prescrizione medica
045681083	045681	OLAZAX	10 MG - COMPRESSA - USO ORALE - BLISTER (ALU/ALU) - 56 COMPRESSE	OLANZAPINA	OLANZAPINA			Compressa	N05AH03	GLENMARK PHARMACEUTICALS S.R.O.	Autorizzata	Procedura Centralizzata	Medicinali soggetti a prescrizione medica
045681095	045681	OLAZAX	15 MG - COMPRESSA - USO ORALE - BLISTER (ALU/ALU) - 56 COMPRESSE	OLANZAPINA	OLANZAPINA			Compressa	N05AH03	GLENMARK PHARMACEUTICALS S.R.O.	Autorizzata	Procedura Centralizzata	Medicinali soggetti a prescrizione medica
045681107	045681	OLAZAX	20 MG - COMPRESSA - USO ORALE - BLISTER (ALU/ALU) - 56 COMPRESSE	OLANZAPINA	OLANZAPINA			Compressa	N05AH03	GLENMARK PHARMACEUTICALS S.R.O.	Autorizzata	Procedura Centralizzata	Medicinali soggetti a prescrizione medica
047486016	047486	FARPENTA	2,5 MG COMPRESSE RIVESTITE CON FILM- 28 COMPRESSE IN BLISTER OPA/AL/PVC-AL	OLANZAPINA	OLANZAPINA	2.5	milligrammi	Compressa rivestita con film	N05AH03	DOUBLE-E PHARMA LTD	Autorizzata	Procedura Mutuo riconoscimento o Decentrata	Medicinali soggetti a prescrizione medica
047486028	047486	FARPENTA	2,5 MG COMPRESSE RIVESTITE CON FILM- 30 COMPRESSE IN BLISTER OPA/AL/PVC-AL	OLANZAPINA	OLANZAPINA	2.5	milligrammi	Compressa rivestita con film	N05AH03	DOUBLE-E PHARMA LTD	Autorizzata	Procedura Mutuo riconoscimento o Decentrata	Medicinali soggetti a prescrizione medica
047486030	047486	FARPENTA	5 MG COMPRESSE RIVESTITE CON FILM- 28 COMPRESSE IN BLISTER OPA/AL/PVC-AL	OLANZAPINA	OLANZAPINA	5	milligrammi	Compressa rivestita con film	N05AH03	DOUBLE-E PHARMA LTD	Autorizzata	Procedura Mutuo riconoscimento o Decentrata	Medicinali soggetti a prescrizione medica
047486042	047486	FARPENTA	5 MG COMPRESSE RIVESTITE CON FILM- 30 COMPRESSE IN BLISTER OPA/AL/PVC-AL	OLANZAPINA	OLANZAPINA	5	milligrammi	Compressa rivestita con film	N05AH03	DOUBLE-E PHARMA LTD	Autorizzata	Procedura Mutuo riconoscimento o Decentrata	Medicinali soggetti a prescrizione medica
047486067	047486	FARPENTA	10 MG COMPRESSE RIVESTITE CON FILM- 28 COMPRESSE IN BLISTER OPA/AL/PVC-AL	OLANZAPINA	OLANZAPINA	10	milligrammi	Compressa rivestita con film	N05AH03	DOUBLE-E PHARMA LTD	Autorizzata	Procedura Mutuo riconoscimento o Decentrata	Medicinali soggetti a prescrizione medica
047486079	047486	FARPENTA	10 MG COMPRESSE RIVESTITE CON FILM- 30 COMPRESSE IN BLISTER OPA/AL/PVC-AL	OLANZAPINA	OLANZAPINA	10	milligrammi	Compressa rivestita con film	N05AH03	DOUBLE-E PHARMA LTD	Autorizzata	Procedura Mutuo riconoscimento o Decentrata	Medicinali soggetti a prescrizione medica
047486081	047486	FARPENTA	10 MG COMPRESSE RIVESTITE CON FILM- 60 COMPRESSE IN BLISTER OPA/AL/PVC-AL	OLANZAPINA	OLANZAPINA	10	milligrammi	Compressa rivestita con film	N05AH03	DOUBLE-E PHARMA LTD	Autorizzata	Procedura Mutuo riconoscimento o Decentrata	Medicinali soggetti a prescrizione medica
047486117	047486	FARPENTA	5 MG COMPRESSE ORODISPERSIBILI- 28 COMPRESSE IN BLISTER OPA/AL/PVC-AL	OLANZAPINA	OLANZAPINA	5	milligrammi	Compressa orodispersibile	N05AH03	DOUBLE-E PHARMA LTD	Autorizzata	Procedura Mutuo riconoscimento o Decentrata	Medicinali soggetti a prescrizione medica
047486129	047486	FARPENTA	5 MG COMPRESSE ORODISPERSIBILI- 30 COMPRESSE IN BLISTER OPA/AL/PVC-AL	OLANZAPINA	OLANZAPINA	5	milligrammi	Compressa orodispersibile	N05AH03	DOUBLE-E PHARMA LTD	Autorizzata	Procedura Mutuo riconoscimento o Decentrata	Medicinali soggetti a prescrizione medica
047486131	047486	FARPENTA	10 MG COMPRESSE ORODISPERSIBILI- 28 COMPRESSE IN BLISTER OPA/AL/PVC-AL	OLANZAPINA	OLANZAPINA	10	milligrammi	Compressa orodispersibile	N05AH03	DOUBLE-E PHARMA LTD	Autorizzata	Procedura Mutuo riconoscimento o Decentrata	Medicinali soggetti a prescrizione medica
047486143	047486	FARPENTA	10 MG COMPRESSE ORODISPERSIBILI- 30 COMPRESSE IN BLISTER OPA/AL/PVC-AL	OLANZAPINA	OLANZAPINA	10	milligrammi	Compressa orodispersibile	N05AH03	DOUBLE-E PHARMA LTD	Autorizzata	Procedura Mutuo riconoscimento o Decentrata	Medicinali soggetti a prescrizione medica
047486194	047486	FARPENTA	2,5 MG COMPRESSE RIVESTITE CON FILM- 56 COMPRESSE IN BLISTER OPA/AL/PVC-AL	OLANZAPINA	OLANZAPINA	2.5	milligrammi	Compressa rivestita con film	N05AH03	DOUBLE-E PHARMA LTD	Autorizzata	Procedura Mutuo riconoscimento o Decentrata	Medicinali soggetti a prescrizione medica
047486206	047486	FARPENTA	2,5 MG COMPRESSE RIVESTITE CON FILM- 98 COMPRESSE IN BLISTER OPA/AL/PVC-AL	OLANZAPINA	OLANZAPINA	2.5	milligrammi	Compressa rivestita con film	N05AH03	DOUBLE-E PHARMA LTD	Autorizzata	Procedura Mutuo riconoscimento o Decentrata	Medicinali soggetti a prescrizione medica
047486218	047486	FARPENTA	5 MG COMPRESSE RIVESTITE CON FILM- 56 COMPRESSE IN BLISTER OPA/AL/PVC-AL	OLANZAPINA	OLANZAPINA	5	milligrammi	Compressa rivestita con film	N05AH03	DOUBLE-E PHARMA LTD	Autorizzata	Procedura Mutuo riconoscimento o Decentrata	Medicinali soggetti a prescrizione medica
047486220	047486	FARPENTA	5 MG COMPRESSE RIVESTITE CON FILM- 98 COMPRESSE IN BLISTER OPA/AL/PVC-AL	OLANZAPINA	OLANZAPINA	5	milligrammi	Compressa rivestita con film	N05AH03	DOUBLE-E PHARMA LTD	Autorizzata	Procedura Mutuo riconoscimento o Decentrata	Medicinali soggetti a prescrizione medica
047486232	047486	FARPENTA	5 MG COMPRESSE ORODISPERSIBILI- 56 COMPRESSE IN BLISTER OPA/AL/PVC-AL	OLANZAPINA	OLANZAPINA	5	milligrammi	Compressa orodispersibile	N05AH03	DOUBLE-E PHARMA LTD	Autorizzata	Procedura Mutuo riconoscimento o Decentrata	Medicinali soggetti a prescrizione medica
047486244	047486	FARPENTA	5 MG COMPRESSE ORODISPERSIBILI- 98 COMPRESSE IN BLISTER OPA/AL/PVC-AL	OLANZAPINA	OLANZAPINA	5	milligrammi	Compressa orodispersibile	N05AH03	DOUBLE-E PHARMA LTD	Autorizzata	Procedura Mutuo riconoscimento o Decentrata	Medicinali soggetti a prescrizione medica
047486271	047486	FARPENTA	10 MG COMPRESSE RIVESTITE CON FILM- 56 COMPRESSE IN BLISTER OPA/AL/PVC-AL	OLANZAPINA	OLANZAPINA	10	milligrammi	Compressa rivestita con film	N05AH03	DOUBLE-E PHARMA LTD	Autorizzata	Procedura Mutuo riconoscimento o Decentrata	Medicinali soggetti a prescrizione medica
047486283	047486	FARPENTA	10 MG COMPRESSE RIVESTITE CON FILM- 98 COMPRESSE IN BLISTER OPA/AL/PVC-AL	OLANZAPINA	OLANZAPINA	10	milligrammi	Compressa rivestita con film	N05AH03	DOUBLE-E PHARMA LTD	Autorizzata	Procedura Mutuo riconoscimento o Decentrata	Medicinali soggetti a prescrizione medica
047486295	047486	FARPENTA	10 MG COMPRESSE ORODISPERSIBILI- 56 COMPRESSE IN BLISTER OPA/AL/PVC-AL	OLANZAPINA	OLANZAPINA	10	milligrammi	Compressa orodispersibile	N05AH03	DOUBLE-E PHARMA LTD	Autorizzata	Procedura Mutuo riconoscimento o Decentrata	Medicinali soggetti a prescrizione medica
047486307	047486	FARPENTA	10 MG COMPRESSE ORODISPERSIBILI- 98 COMPRESSE IN BLISTER OPA/AL/PVC-AL	OLANZAPINA	OLANZAPINA	10	milligrammi	Compressa orodispersibile	N05AH03	DOUBLE-E PHARMA LTD	Autorizzata	Procedura Mutuo riconoscimento o Decentrata	Medicinali soggetti a prescrizione medica
