codice_aic	cod_farmaco	denominazione	descrizione	pa_associati	principio_attivo	quantita	unita_misura	forma	codice_atc	ragione_sociale	stato_amministrativo	tipo_procedura	fornitura
022593103	022593	BRUFEN	600 MG GRANULATO EFFERVESCENTE-30 BUSTINE	IBUPROFENE	IBUPROFENE			Granulato effervescente	M01AE01	VIATRIS ITALIA S.R.L.	Autorizzata	Procedura Nazionale	Medicinali soggetti a prescrizione medica
022593115	022593	BRUFEN	800 MG COMPRESSE RIVESTITE A RILASCIO PROLUNGATO- 20 COMPRESSE	IBUPROFENE	IBUPROFENE			Compressa a rilascio prolungato	M01AE01	VIATRIS ITALIA S.R.L.	Autorizzata	Procedura Nazionale	Medicinali soggetti a prescrizione medica
022593178	022593	BRUFEN	600 MG GRANULATO EFFERVESCENTE- 10 BUSTINE	IBUPROFENE	IBUPROFENE			Granulato effervescente	M01AE01	VIATRIS ITALIA S.R.L.	Autorizzata	Procedura Nazionale	Medicinali soggetti a prescrizione medica
022593204	022593	BRUFEN	400 MG COMPRESSE RIVESTITE- 30 COMPRESSE  IN BLISTER	IBUPROFENE	IBUPROFENE			Compressa rivestita	M01AE01	VIATRIS ITALIA S.R.L.	Autorizzata	Procedura Nazionale	Medicinali soggetti a prescrizione medica
022593216	022593	BRUFEN	600 MG COMPRESSE RIVESTITE- 30 COMPRESSE IN BLISTER	IBUPROFENE	IBUPROFENE			Compressa rivestita	M01AE01	VIATRIS ITALIA S.R.L.	Autorizzata	Procedura Nazionale	Medicinali soggetti a prescrizione medica
022593228	022593	BRUFEN	20 MG/ML SOSPENSIONE ORALE- FLACONE IN PET DA 100 ML CON SIRINGA DOSATRICE	IBUPROFENE	IBUPROFENE			Sospensione orale	M01AE01	VIATRIS ITALIA S.R.L.	Autorizzata	Procedura Nazionale	Medicinali non soggetti a prescrizione medica ma non da banco
022593230	022593	BRUFEN	20 MG/ML SOSPENSIONE ORALE- FLACONE IN PET DA 200 ML CON SIRINGA DOSATRICE	IBUPROFENE	IBUPROFENE			Sospensione orale	M01AE01	VIATRIS ITALIA S.R.L.	Autorizzata	Procedura Nazionale	Medicinali non soggetti a prescrizione medica ma non da banco
023766025	023766	ALGOFEN	200 MG COMPRESSE RIVESTITE-12 COMPRESSE	IBUPROFENE	IBUPROFENE	200	milligrammi	Compressa rivestita	M01AE01	LABORATORIO FARMACEUTICO SIT SPECIALITA IGIENICO TERAPEUTICHE S.R.L.	Autorizzata	Procedura Nazionale	Medicinali non soggetti a prescrizione medica, da banco.
023766037	023766	ALGOFEN	200 MG COMPRESSE RIVESTITE- 24 COMPRESSE	IBUPROFENE	IBUPROFENE	200	milligrammi	Compressa rivestita	M01AE01	LABORATORIO FARMACEUTICO SIT SPECIALITA IGIENICO TERAPEUTICHE S.R.L.	Autorizzata	Procedura Nazionale	Medicinali non soggetti a prescrizione medica, da banco.
025634015	025634	NUROFEN	200 MG COMPRESSE RIVESTITE- 12 COMPRESSE	IBUPROFENE	IBUPROFENE	200	milligrammi	Compressa rivestita	M01AE01	RECKITT BENCKISER HEALTHCARE (ITALIA) S.P.A.	Autorizzata	Procedura Nazionale	Medicinali non soggetti a prescrizione medica, da banco.
025634041	025634	NUROFEN	200 MG COMPRESSE RIVESTITE- 24 COMPRESSE	IBUPROFENE	IBUPROFENE	200	milligrammi	Compressa rivestita	M01AE01	RECKITT BENCKISER HEALTHCARE (ITALIA) S.P.A.	Autorizzata	Procedura Nazionale	Medicinali non soggetti a prescrizione medica, da banco.
025634092	025634	NUROFEN	200 MG COMPRESSE RIVESTITE- 12 COMPRESSE IN ASTUCCIO RIGIDO	IBUPROFENE	IBUPROFENE	200	milligrammi	Compressa rivestita	M01AE01	RECKITT BENCKISER HEALTHCARE (ITALIA) S.P.A.	Autorizzata	Procedura Nazionale	Medicinali non soggetti a prescrizione medica, da banco.
025634128	025634	NUROFEN	400 MG COMPRESSE RIVESTITE - 12 COMPRESSE IN PVC/ALLUMINIO	IBUPROFENE	IBUPROFENE	400	milligrammi	Compressa rivestita	M01AE01	RECKITT BENCKISER HEALTHCARE (ITALIA) S.P.A.	Autorizzata	Procedura Nazionale	Medicinali non soggetti a prescrizione medica, da banco.
025634130	025634	NUROFEN	400 MG COMPRESSE RIVESTITE - 12 COMPRESSE IN PVC/PVDC/ALLUMINIO	IBUPROFENE	IBUPROFENE	400	milligrammi	Compressa rivestita	M01AE01	RECKITT BENCKISER HEALTHCARE (ITALIA) S.P.A.	Autorizzata	Procedura Nazionale	Medicinali non soggetti a prescrizione medica, da banco.
025636034	025636	IBUPROFENE SANDOZ	200 MG COMPRESSE RIVESTITE CON FILM- 10 COMPRESSE	IBUPROFENE	IBUPROFENE	200	milligrammi	Compressa rivestita con film	M01AE01	SANDOZ S.P.A.	Autorizzata	Procedura Nazionale	Medicinali non soggetti a prescrizione medica, da banco.
025636046	025636	IBUPROFENE SANDOZ	200 MG COMPRESSE RIVESTITE CON FILM- BLISTER DA 12 COMPRESSE	IBUPROFENE	IBUPROFENE	200	milligrammi	Compressa rivestita con film	M01AE01	SANDOZ S.P.A.	Autorizzata	Procedura Nazionale	Medicinali non soggetti a prescrizione medica, da banco.
025636059	025636	IBUPROFENE SANDOZ	200 MG COMPRESSE RIVESTITE CON FILM- BLISTER DA 24 COMPRESSE	IBUPROFENE	IBUPROFENE	200	milligrammi	Compressa rivestita con film	M01AE01	SANDOZ S.P.A.	Autorizzata	Procedura Nazionale	Medicinali non soggetti a prescrizione medica, da banco.
025669019	025669	MOMENT	200 MG COMPRESSE RIVESTITE-  12 COMPRESSE	IBUPROFENE	IBUPROFENE			Compressa rivestita	M01AE01	AZIENDE CHIMICHE RIUNITE ANGELINI FRANCESCO A.C.R.A.F. S.P.A.	Autorizzata	Procedura Nazionale	Medicinali non soggetti a prescrizione medica, da banco.
025669072	025669	MOMENT	200 MG COMPRESSE RIVESTITE- 24 COMPRESSE	IBUPROFENE	IBUPROFENE			Compressa rivestita	M01AE01	AZIENDE CHIMICHE RIUNITE ANGELINI FRANCESCO A.C.R.A.F. S.P.A.	Autorizzata	Procedura Nazionale	Medicinali non soggetti a prescrizione medica, da banco.
025669096	025669	MOMENT	200 MG COMPRESSE MASTICABILI- BLISTER 12 COMPRESSE MASTICABILI	IBUPROFENE	IBUPROFENE			Compressa masticabile	M01AE01	AZIENDE CHIMICHE RIUNITE ANGELINI FRANCESCO A.C.R.A.F. S.P.A.	Autorizzata	Procedura Nazionale	Medicinali non soggetti a prescrizione medica, da banco.
025669108	025669	MOMENT	200 MG COMPRESSE MASTICABILI- BLISTER 24 COMPRESSE MASTICABILI	IBUPROFENE	IBUPROFENE			Compressa masticabile	M01AE01	AZIENDE CHIMICHE RIUNITE ANGELINI FRANCESCO A.C.R.A.F. S.P.A.	Autorizzata	Procedura Nazionale	Medicinali non soggetti a prescrizione medica, da banco.
025669110	025669	MOMENT	200 MG COMPRESSE RIVESTITE - 6 COMPRESSE	IBUPROFENE	IBUPROFENE	2000	milligrammi	Compressa rivestita	M01AE01	AZIENDE CHIMICHE RIUNITE ANGELINI FRANCESCO A.C.R.A.F. S.P.A.	Autorizzata	Procedura Nazionale	Medicinali non soggetti a prescrizione medica, da banco.
025669122	025669	MOMENT	200 MG COMPRESSE RIVESTITE - 10 COMPRESSE	IBUPROFENE	IBUPROFENE	2000	milligrammi	Compressa rivestita	M01AE01	AZIENDE CHIMICHE RIUNITE ANGELINI FRANCESCO A.C.R.A.F. S.P.A.	Autorizzata	Procedura Nazionale	Medicinali non soggetti a prescrizione medica, da banco.
025669146	025669	MOMENT	200 MG COMPRESSE RIVESTITE - 20 COMPRESSE	IBUPROFENE	IBUPROFENE	2000	milligrammi	Compressa rivestita	M01AE01	AZIENDE CHIMICHE RIUNITE ANGELINI FRANCESCO A.C.R.A.F. S.P.A.	Autorizzata	Procedura Nazionale	Medicinali non soggetti a prescrizione medica, da banco.
025669161	025669	MOMENT	200 MG COMPRESSE RIVESTITE - 30 COMPRESSE	IBUPROFENE	IBUPROFENE	2000	milligrammi	Compressa rivestita	M01AE01	AZIENDE CHIMICHE RIUNITE ANGELINI FRANCESCO A.C.R.A.F. S.P.A.	Autorizzata	Procedura Nazionale	Medicinali non soggetti a prescrizione medica, da banco.
025669173	025669	MOMENT	200 MG COMPRESSE RIVESTITE - 32 COMPRESSE	IBUPROFENE	IBUPROFENE	2000	milligrammi	Compressa rivestita	M01AE01	AZIENDE CHIMICHE RIUNITE ANGELINI FRANCESCO A.C.R.A.F. S.P.A.	Autorizzata	Procedura Nazionale	Medicinali non soggetti a prescrizione medica, da banco.
025669185	025669	MOMENT	200 MG COMPRESSE RIVESTITE - 36 COMPRESSE	IBUPROFENE	IBUPROFENE	2000	milligrammi	Compressa rivestita	M01AE01	AZIENDE CHIMICHE RIUNITE ANGELINI FRANCESCO A.C.R.A.F. S.P.A.	Autorizzata	Procedura Nazionale	Medicinali non soggetti a prescrizione medica, da banco.
025669197	025669	MOMENT	200 MG CAPSULE MOLLI - 10 CAPSULE	IBUPROFENE	IBUPROFENE			Capsula molle	M01AE01	AZIENDE CHIMICHE RIUNITE ANGELINI FRANCESCO A.C.R.A.F. S.P.A.	Autorizzata	Procedura Nazionale	Medicinali non soggetti a prescrizione medica, da banco.
025669209	025669	MOMENT	200 MG CAPSULE MOLLI - 20 CAPSULE	IBUPROFENE	IBUPROFENE			Capsula molle	M01AE01	AZIENDE CHIMICHE RIUNITE ANGELINI FRANCESCO A.C.R.A.F. S.P.A.	Autorizzata	Procedura Nazionale	Medicinali non soggetti a prescrizione medica, da banco.
025669211	025669	MOMENT	<200 mg granulato per soluzione orale  in  bustina> 12 bustine in carta/PE/Alu/surlyn	IBUPROFENE	IBUPROFENE			Granulato per soluzione orale	M01AE01	AZIENDE CHIMICHE RIUNITE ANGELINI FRANCESCO A.C.R.A.F. S.P.A.	Autorizzata	Procedura Nazionale	Medicinali non soggetti a prescrizione medica, da banco.
025669223	025669	MOMENT	200 mg compresse orodispersibili> 12 compresse  in tubo	IBUPROFENE	IBUPROFENE			Compressa orodispersibile	M01AE01	AZIENDE CHIMICHE RIUNITE ANGELINI FRANCESCO A.C.R.A.F. S.P.A.	Autorizzata	Procedura Nazionale	Medicinali non soggetti a prescrizione medica, da banco.
025669235	025669	MOMENT	200 mg compresse orodispersibili> 24 compresse  in tubo	IBUPROFENE	IBUPROFENE			Compressa orodispersibile	M01AE01	AZIENDE CHIMICHE RIUNITE ANGELINI FRANCESCO A.C.R.A.F. S.P.A.	Autorizzata	Procedura Nazionale	Medicinali non soggetti a prescrizione medica, da banco.
025669247	025669	MOMENT	200 mg compresse orodispersibili> 6  compresse  in blister	IBUPROFENE	IBUPROFENE			Compressa orodispersibile	M01AE01	AZIENDE CHIMICHE RIUNITE ANGELINI FRANCESCO A.C.R.A.F. S.P.A.	Autorizzata	Procedura Nazionale	Medicinali non soggetti a prescrizione medica, da banco.
025669250	025669	MOMENT	200 mg compresse orodispersibili> 10 compresse  in blister	IBUPROFENE	IBUPROFENE			Compressa orodispersibile	M01AE01	AZIENDE CHIMICHE RIUNITE ANGELINI FRANCESCO A.C.R.A.F. S.P.A.	Autorizzata	Procedura Nazionale	Medicinali non soggetti a prescrizione medica, da banco.
025669262	025669	MOMENT	200 mg compresse orodispersibili> 12 compresse  in blister	IBUPROFENE	IBUPROFENE			Compressa orodispersibile	M01AE01	AZIENDE CHIMICHE RIUNITE ANGELINI FRANCESCO A.C.R.A.F. S.P.A.	Autorizzata	Procedura Nazionale	Medicinali non soggetti a prescrizione medica, da banco.
025669274	025669	MOMENT	200 mg compresse orodispersibili> 16 compresse  in blister	IBUPROFENE	IBUPROFENE			Compressa orodispersibile	M01AE01	AZIENDE CHIMICHE RIUNITE ANGELINI FRANCESCO A.C.R.A.F. S.P.A.	Autorizzata	Procedura Nazionale	Medicinali non soggetti a prescrizione medica, da banco.
025669286	025669	MOMENT	200 mg compresse orodispersibili> 20 compresse  in blister	IBUPROFENE	IBUPROFENE			Compressa orodispersibile	M01AE01	AZIENDE CHIMICHE RIUNITE ANGELINI FRANCESCO A.C.R.A.F. S.P.A.	Autorizzata	Procedura Nazionale	Medicinali non soggetti a prescrizione medica, da banco.
025669298	025669	MOMENT	200 mg compresse orodispersibili> 24 compresse  in blister	IBUPROFENE	IBUPROFENE			Compressa orodispersibile	M01AE01	AZIENDE CHIMICHE RIUNITE ANGELINI FRANCESCO A.C.R.A.F. S.P.A.	Autorizzata	Procedura Nazionale	Medicinali non soggetti a prescrizione medica, da banco.
025669300	025669	MOMENT	200 mg compresse orodispersibili> 30 compresse  in blister	IBUPROFENE	IBUPROFENE			Compressa orodispersibile	M01AE01	AZIENDE CHIMICHE RIUNITE ANGELINI FRANCESCO A.C.R.A.F. S.P.A.	Autorizzata	Procedura Nazionale	Medicinali non soggetti a prescrizione medica, da banco.
025669312	025669	MOMENT	200 mg compresse orodispersibili> 32 compresse  in blister	IBUPROFENE	IBUPROFENE			Compressa orodispersibile	M01AE01	AZIENDE CHIMICHE RIUNITE ANGELINI FRANCESCO A.C.R.A.F. S.P.A.	Autorizzata	Procedura Nazionale	Medicinali non soggetti a prescrizione medica, da banco.
025669324	025669	MOMENT	200 mg compresse orodispersibili> 36 compresse  in blister	IBUPROFENE	IBUPROFENE			Compressa orodispersibile	M01AE01	AZIENDE CHIMICHE RIUNITE ANGELINI FRANCESCO A.C.R.A.F. S.P.A.	Autorizzata	Procedura Nazionale	Medicinali non soggetti a prescrizione medica, da banco.
025669336	025669	MOMENT	200 MG SOSPENSIONE ORALE IN BUSTINE- 6 BUSTINE PET/AL/PE DA 5 ML	IBUPROFENE	IBUPROFENE			Sospensione orale in bustina	M01AE01	AZIENDE CHIMICHE RIUNITE ANGELINI FRANCESCO A.C.R.A.F. S.P.A.	Autorizzata	Procedura Nazionale	Medicinali non soggetti a prescrizione medica, da banco.
025669348	025669	MOMENT	200 MG SOSPENSIONE ORALE IN BUSTINE- 8 BUSTINE PET/AL/PE DA 5 ML	IBUPROFENE	IBUPROFENE			Sospensione orale in bustina	M01AE01	AZIENDE CHIMICHE RIUNITE ANGELINI FRANCESCO A.C.R.A.F. S.P.A.	Autorizzata	Procedura Nazionale	Medicinali non soggetti a prescrizione medica, da banco.
025669351	025669	MOMENT	200 MG SOSPENSIONE ORALE IN BUSTINE- 10 BUSTINE PET/AL/PE DA 5 ML	IBUPROFENE	IBUPROFENE			Sospensione orale in bustina	M01AE01	AZIENDE CHIMICHE RIUNITE ANGELINI FRANCESCO A.C.R.A.F. S.P.A.	Autorizzata	Procedura Nazionale	Medicinali non soggetti a prescrizione medica, da banco.
025669363	025669	MOMENT	200 MG SOSPENSIONE ORALE IN BUSTINE- 12 BUSTINE PET/AL/PE DA 5 ML	IBUPROFENE	IBUPROFENE			Sospensione orale in bustina	M01AE01	AZIENDE CHIMICHE RIUNITE ANGELINI FRANCESCO A.C.R.A.F. S.P.A.	Autorizzata	Procedura Nazionale	Medicinali non soggetti a prescrizione medica, da banco.
025669375	025669	MOMENT	200 MG SOSPENSIONE ORALE IN BUSTINE- 16 BUSTINE PET/AL/PE DA 5 ML	IBUPROFENE	IBUPROFENE			Sospensione orale in bustina	M01AE01	AZIENDE CHIMICHE RIUNITE ANGELINI FRANCESCO A.C.R.A.F. S.P.A.	Autorizzata	Procedura Nazionale	Medicinali non soggetti a prescrizione medica, da banco.
025669387	025669	MOMENT	200 MG SOSPENSIONE ORALE IN BUSTINE- 18 BUSTINE PET/AL/PE DA 5 ML	IBUPROFENE	IBUPROFENE			Sospensione orale in bustina	M01AE01	AZIENDE CHIMICHE RIUNITE ANGELINI FRANCESCO A.C.R.A.F. S.P.A.	Autorizzata	Procedura Nazionale	Medicinali non soggetti a prescrizione medica, da banco.
025669399	025669	MOMENT	200 MG SOSPENSIONE ORALE IN BUSTINE- 20 BUSTINE PET/AL/PE DA 5 ML	IBUPROFENE	IBUPROFENE			Sospensione orale in bustina	M01AE01	AZIENDE CHIMICHE RIUNITE ANGELINI FRANCESCO A.C.R.A.F. S.P.A.	Autorizzata	Procedura Nazionale	Medicinali non soggetti a prescrizione medica, da banco.
025669401	025669	MOMENT	200 MG SOSPENSIONE ORALE IN BUSTINE- 24 BUSTINE PET/AL/PE DA 5 ML	IBUPROFENE	IBUPROFENE			Sospensione orale in bustina	M01AE01	AZIENDE CHIMICHE RIUNITE ANGELINI FRANCESCO A.C.R.A.F. S.P.A.	Autorizzata	Procedura Nazionale	Medicinali non soggetti a prescrizione medica, da banco.
025669413	025669	MOMENT	200 MG SOSPENSIONE ORALE IN BUSTINE- 30 BUSTINE PET/AL/PE DA 5 ML	IBUPROFENE	IBUPROFENE			Sospensione orale in bustina	M01AE01	AZIENDE CHIMICHE RIUNITE ANGELINI FRANCESCO A.C.R.A.F. S.P.A.	Autorizzata	Procedura Nazionale	Medicinali non soggetti a prescrizione medica, da banco.
025669425	025669	MOMENT	200 MG GRANULATO PER SOLUZIONE ORALE IN BUSTINA- 12 BUSTINE IN CARTA/AL/PE	IBUPROFENE	IBUPROFENE			Granulato per soluzione orale	M01AE01	AZIENDE CHIMICHE RIUNITE ANGELINI FRANCESCO A.C.R.A.F. S.P.A.	Autorizzata	Procedura Nazionale	Medicinali non soggetti a prescrizione medica, da banco.
026916179	026916	SPIDIFEN	600 MG GRANULATO PER SOLUZIONE ORALE AROMA ALBICOCCA- 10 BUSTINE IN CARTA/AL/PE	IBUPROFENE	IBUPROFENE	600	milligrammi	Granulato per soluzione orale	M01AE01	ZAMBON ITALIA S.R.L.	Autorizzata	Procedura Nazionale	Medicinali soggetti a prescrizione medica
027432020	027432	ANTALGIL	200 MG COMPRESSE- 10 COMPRESSE	IBUPROFENE	IBUPROFENE	200	milligrammi	Compressa	M01AE01	V.I.M. - G. OTTAVIANI S.P.A.	Autorizzata	Procedura Nazionale	Medicinali non soggetti a prescrizione medica, da banco.
027432032	027432	ANTALGIL	200 MG COMPRESSE- 30 COMPRESSE IN BLISTER PVC/AL	IBUPROFENE	IBUPROFENE	200	milligrammi	Compressa	M01AE01	V.I.M. - G. OTTAVIANI S.P.A.	Autorizzata	Procedura Nazionale	Medicinali non soggetti a prescrizione medica, da banco.
028710010	028710	SPIDIDOL ANALGESICO	200 MG COMPRESSE EFFERVESCENTI- 12 COMPRESSE	IBUPROFENE	IBUPROFENE	200	milligrammi	Compressa effervescente	M01AE01	ZAMBON ITALIA S.R.L.	Autorizzata	Procedura Nazionale	Medicinali non soggetti a prescrizione medica, da banco.
028710022	028710	SPIDIDOL ANALGESICO	200 MG GRANULATO PER SOLUZIONE ORALE- 12 BUSTINE	IBUPROFENE	IBUPROFENE	200	milligrammi	Granulato per soluzione orale	M01AE01	ZAMBON ITALIA S.R.L.	Autorizzata	Procedura Nazionale	Medicinali non soggetti a prescrizione medica, da banco.
028710034	028710	SPIDIDOL ANALGESICO	200 MG COMPRESSE- 12 COMPRESSE	IBUPROFENE	IBUPROFENE	200	milligrammi	Compressa	M01AE01	ZAMBON ITALIA S.R.L.	Autorizzata	Procedura Nazionale	Medicinali non soggetti a prescrizione medica, da banco.
028710046	028710	SPIDIDOL ANALGESICO	200 MG/ML GOCCE ORALI, SOLUZIONE- FLACONE DA 12,5 ML	IBUPROFENE	IBUPROFENE	2500	milligrammi	Gocce orali, soluzione	M01AE01	ZAMBON ITALIA S.R.L.	Autorizzata	Procedura Nazionale	Medicinali non soggetti a prescrizione medica, da banco.
029396013	029396	BUSCOFEN	200 MG COMPRESSE RIVESTITE- 20 COMPRESSE	IBUPROFENE	IBUPROFENE	200	milligrammi	Compressa rivestita	M01AE01	OPELLA HEALTHCARE ITALY S.R.L.	Autorizzata	Procedura Nazionale	Medicinali non soggetti a prescrizione medica, da banco.
029396037	029396	BUSCOFEN	200 MG CAPSULE MOLLI- 12 CAPSULE	IBUPROFENE	IBUPROFENE	200	milligrammi	Capsula molle	M01AE01	OPELLA HEALTHCARE ITALY S.R.L.	Autorizzata	Procedura Nazionale	Medicinali non soggetti a prescrizione medica, da banco.
029396049	029396	BUSCOFEN	<400 mg granulato per soluzione orale in bustina> 10 bustine in carta/pe/al/surlyn	IBUPROFENE	IBUPROFENE			Granulato per soluzione orale	M01AE01	OPELLA HEALTHCARE ITALY S.R.L.	Autorizzata	Procedura Nazionale	Medicinali non soggetti a prescrizione medica, da banco.
029396052	029396	BUSCOFEN	200 MG CAPSULE MOLLI- 24 CAPSULE IN BLISTER AL/PVC/PE/PVDC	IBUPROFENE	IBUPROFENE	200	milligrammi	Capsula molle	M01AE01	OPELLA HEALTHCARE ITALY S.R.L.	Autorizzata	Procedura Nazionale	Medicinali non soggetti a prescrizione medica, da banco.
029396064	029396	BUSCOFEN	400 MG GRANULATO PER SOLUZIONE ORALE IN BUSTINA- 10 BUSTINE IN CARTA/AL/PE	IBUPROFENE	IBUPROFENE			Granulato per soluzione orale	M01AE01	OPELLA HEALTHCARE ITALY S.R.L.	Autorizzata	Procedura Nazionale	Medicinali non soggetti a prescrizione medica, da banco.
029500030	029500	CIBALGINA DUE	FAST 200 MG COMPRESSE GASTRORESISTENTI- 12 COMPRESSE	IBUPROFENE	IBUPROFENE	200	milligrammi	Compressa	M01AE01	VEMEDIA MANUFACTURING B.V.	Autorizzata	Procedura Nazionale	Medicinali non soggetti a prescrizione medica, da banco.
029500055	029500	CIBALGINA DUE	FAST 200 MG COMPRESSE GASTRORESISTENTI- 24 COMPRESSE	IBUPROFENE	IBUPROFENE	200	milligrammi	Compressa gastroresistente	M01AE01	VEMEDIA MANUFACTURING B.V.	Autorizzata	Procedura Nazionale	Medicinali non soggetti a prescrizione medica, da banco.
034102018	034102	NUROFEN FEBBRE E DOLORE	BAMBINI 100 MG/5 ML SOSPENSIONE ORALE GUSTO ARANCIA SENZA ZUCCHERO- FLACONE DA 100 ML CON SIRINGA DOSATRICE	IBUPROFENE	IBUPROFENE	100	milligrammi	Sospensione orale	M01AE01	RECKITT BENCKISER HEALTHCARE (ITALIA) S.P.A.	Autorizzata	Procedura Nazionale	Medicinali non soggetti a prescrizione medica ma non da banco
034102020	034102	NUROFEN FEBBRE E DOLORE	BAMBINI 100 MG/5 ML SOSPENSIONE ORALE GUSTO ARANCIA SENZA ZUCCHERO- FLACONE DA 150 ML CON SIRINGA DOSATRICE	IBUPROFENE	IBUPROFENE	100	milligrammi	Sospensione orale	M01AE01	RECKITT BENCKISER HEALTHCARE (ITALIA) S.P.A.	Autorizzata	Procedura Nazionale	Medicinali non soggetti a prescrizione medica ma non da banco
034102246	034102	NUROFEN FEBBRE E DOLORE	BAMBINI 100 MG/5 ML SOSPENSIONE ORALE GUSTO FRAGOLA SENZA ZUCCHERO- FLACONE DA 100 ML CON CUCCHIAIO DOSATORE	IBUPROFENE	IBUPROFENE	100	milligrammi	Sospensione orale	M01AE01	RECKITT BENCKISER HEALTHCARE (ITALIA) S.P.A.	Autorizzata	Procedura Nazionale	Medicinali non soggetti a prescrizione medica ma non da banco
034102259	034102	NUROFEN FEBBRE E DOLORE	BAMBINI 100 MG/5 ML SOSPENSIONE ORALE GUSTO FRAGOLA SENZA ZUCCHERO- FLACONE DA 100 ML CON SIRINGA DOSATRICE	IBUPROFENE	IBUPROFENE	100	milligrammi	Sospensione orale	M01AE01	RECKITT BENCKISER HEALTHCARE (ITALIA) S.P.A.	Autorizzata	Procedura Nazionale	Medicinali non soggetti a prescrizione medica ma non da banco
034102261	034102	NUROFEN FEBBRE E DOLORE	BAMBINI 100 MG/5 ML SOSPENSIONE ORALE GUSTO FRAGOLA SENZA ZUCCHERO - FLACONE DA 150 ML CON SIRINGA DOSATRICE	IBUPROFENE	IBUPROFENE	100	milligrammi	Sospensione orale	M01AE01	RECKITT BENCKISER HEALTHCARE (ITALIA) S.P.A.	Autorizzata	Procedura Nazionale	Medicinali non soggetti a prescrizione medica ma non da banco
034102273	034102	NUROFEN FEBBRE E DOLORE	BAMBINI 100 MG/5 ML SOSPENSIONE ORALE GUSTO FRAGOLA SENZA ZUCCHERO- FLACONE DA 150 ML CON CUCCHIAIO DOSATORE	IBUPROFENE	IBUPROFENE	100	milligrammi	Sospensione orale	M01AE01	RECKITT BENCKISER HEALTHCARE (ITALIA) S.P.A.	Autorizzata	Procedura Nazionale	Medicinali non soggetti a prescrizione medica ma non da banco
034102386	034102	NUROFEN FEBBRE E DOLORE	200 MG/5 ML SOSPENSIONE ORALE GUSTO FRAGOLA SENZA ZUCCHERO- FLACONE DA 100 ML CON SIRINGA DOSATRICE	IBUPROFENE	IBUPROFENE	200	milligrammi	Sospensione orale	M01AE01	RECKITT BENCKISER HEALTHCARE (ITALIA) S.P.A.	Autorizzata	Procedura Nazionale	Medicinali non soggetti a prescrizione medica, da banco.
034102398	034102	NUROFEN FEBBRE E DOLORE	200 MG/5 ML SOSPENSIONE ORALE GUSTO FRAGOLA SENZA ZUCCHERO- FLACONE DA 150 ML CON SIRINGA DOSATRICE	IBUPROFENE	IBUPROFENE	200	milligrammi	Sospensione orale	M01AE01	RECKITT BENCKISER HEALTHCARE (ITALIA) S.P.A.	Autorizzata	Procedura Nazionale	Medicinali non soggetti a prescrizione medica, da banco.
034102400	034102	NUROFEN FEBBRE E DOLORE	200 MG/5 ML SOSPENSIONE ORALE GUSTO FRAGOLA SENZA ZUCCHERO- FLACONE DA 100 ML CON CUCCHIAIO DOSATORE	IBUPROFENE	IBUPROFENE	200	milligrammi	Sospensione orale	M01AE01	RECKITT BENCKISER HEALTHCARE (ITALIA) S.P.A.	Autorizzata	Procedura Nazionale	Medicinali non soggetti a prescrizione medica, da banco.
034102412	034102	NUROFEN FEBBRE E DOLORE	200 MG/5 ML SOSPENSIONE ORALE GUSTO FRAGOLA SENZA ZUCCHERO- FLACONE DA 150 ML CON CUCCHIAIO DOSATORE	IBUPROFENE	IBUPROFENE	200	milligrammi	Sospensione orale	M01AE01	RECKITT BENCKISER HEALTHCARE (ITALIA) S.P.A.	Autorizzata	Procedura Nazionale	Medicinali non soggetti a prescrizione medica, da banco.
034102424	034102	NUROFEN FEBBRE E DOLORE	200 MG/5 ML SOSPENSIONE ORALE GUSTO ARANCIA SENZA ZUCCHERO- FLACONE DA 100 ML CON SIRINGA DOSATRICE	IBUPROFENE	IBUPROFENE	200	milligrammi	Sospensione orale	M01AE01	RECKITT BENCKISER HEALTHCARE (ITALIA) S.P.A.	Autorizzata	Procedura Nazionale	Medicinali non soggetti a prescrizione medica, da banco.
034102436	034102	NUROFEN FEBBRE E DOLORE	200 MG/5 ML SOSPENSIONE ORALE GUSTO ARANCIA SENZA ZUCCHERO- FLACONE DA 150 ML CON SIRINGA DOSATRICE	IBUPROFENE	IBUPROFENE	200	milligrammi	Sospensione orale	M01AE01	RECKITT BENCKISER HEALTHCARE (ITALIA) S.P.A.	Autorizzata	Procedura Nazionale	Medicinali non soggetti a prescrizione medica, da banco.
034102448	034102	NUROFEN FEBBRE E DOLORE	200 MG/5 ML SOSPENSIONE ORALE GUSTO ARANCIA SENZA ZUCCHERO- FLACONE DA 100 ML CON CUCCHIAIO DOSATORE	IBUPROFENE	IBUPROFENE	200	milligrammi	Sospensione orale	M01AE01	RECKITT BENCKISER HEALTHCARE (ITALIA) S.P.A.	Autorizzata	Procedura Nazionale	Medicinali non soggetti a prescrizione medica, da banco.
034102451	034102	NUROFEN FEBBRE E DOLORE	200 MG/5 ML SOSPENSIONE ORALE GUSTO ARANCIA SENZA ZUCCHERO- FLACONE DA 150 ML CON CUCCHIAIO DOSATORE	IBUPROFENE	IBUPROFENE	200	milligrammi	Sospensione orale	M01AE01	RECKITT BENCKISER HEALTHCARE (ITALIA) S.P.A.	Autorizzata	Procedura Nazionale	Medicinali non soggetti a prescrizione medica, da banco.
034764086	034764	SUBITENE	200 MG COMPRESSE RIVESTITE CON FILM - 6 COMPRESSE	IBUPROFENE	IBUPROFENE	200	milligrammi	Compressa rivestita con film	M01AE01	FARMAKOPEA S.P.A.	Autorizzata	Procedura Nazionale	Medicinali non soggetti a prescrizione medica, da banco.
034764098	034764	SUBITENE	200 MG COMPRESSE RIVESTITE CON FILM - 12 COMPRESSE	IBUPROFENE	IBUPROFENE	200	milligrammi	Compressa rivestita con film	M01AE01	FARMAKOPEA S.P.A.	Autorizzata	Procedura Nazionale	Medicinali non soggetti a prescrizione medica, da banco.
034764100	034764	SUBITENE	200 MG COMPRESSE RIVESTITE CON FILM - 24 COMPRESSE	IBUPROFENE	IBUPROFENE	200	milligrammi	Compressa rivestita con film	M01AE01	FARMAKOPEA S.P.A.	Autorizzata	Procedura Nazionale	Medicinali non soggetti a prescrizione medica, da banco.
035618014	035618	MOMENTACT	400 MG COMPRESSE RIVESTITE CON FILM- 6 COMPRESSE	IBUPROFENE	IBUPROFENE	400	milligrammi	Compressa rivestita	M01AE01	AZIENDE CHIMICHE RIUNITE ANGELINI FRANCESCO A.C.R.A.F. S.P.A.	Autorizzata	Procedura Nazionale	Medicinali non soggetti a prescrizione medica, da banco.
035618026	035618	MOMENTACT	400 MG COMPRESSE RIVESTITE CON FILM- 12 COMPRESSE	IBUPROFENE	IBUPROFENE	400	milligrammi	Compressa rivestita	M01AE01	AZIENDE CHIMICHE RIUNITE ANGELINI FRANCESCO A.C.R.A.F. S.P.A.	Autorizzata	Procedura Nazionale	Medicinali non soggetti a prescrizione medica, da banco.
035618038	035618	MOMENTACT	400 MG CAPSULE MOLLI - 10 CAPSULE	IBUPROFENE	IBUPROFENE	400	milligrammi	Capsula molle	M01AE01	AZIENDE CHIMICHE RIUNITE ANGELINI FRANCESCO A.C.R.A.F. S.P.A.	Autorizzata	Procedura Nazionale	Medicinali non soggetti a prescrizione medica, da banco.
035618040	035618	MOMENTACT	400 MG CAPSULE MOLLI - 20 CAPSULE	IBUPROFENE	IBUPROFENE	400	milligrammi	Capsula molle	M01AE01	AZIENDE CHIMICHE RIUNITE ANGELINI FRANCESCO A.C.R.A.F. S.P.A.	Autorizzata	Procedura Nazionale	Medicinali non soggetti a prescrizione medica, da banco.
035618053	035618	MOMENTACT	400 MG COMPRESSE RIVESTITE CON FILM- 20 COMPRESSE IN BLISTER IN PVC/PVDC/AL	IBUPROFENE	IBUPROFENE	400	milligrammi	Compressa rivestita	M01AE01	AZIENDE CHIMICHE RIUNITE ANGELINI FRANCESCO A.C.R.A.F. S.P.A.	Autorizzata	Procedura Nazionale	Medicinali non soggetti a prescrizione medica, da banco.
035618065	035618	MOMENTACT	400 MG SOSPENSIONE ORALE IN BUSTINE- 6 BUSTINE PET/AL/PE DA 10 ML	IBUPROFENE	IBUPROFENE	400	milligrammi	Compressa rivestita	M01AE01	AZIENDE CHIMICHE RIUNITE ANGELINI FRANCESCO A.C.R.A.F. S.P.A.	Autorizzata	Procedura Nazionale	Medicinali non soggetti a prescrizione medica, da banco.
035618077	035618	MOMENTACT	400 MG SOSPENSIONE ORALE IN BUSTINE- 8 BUSTINE PET/AL/PE DA 10 ML	IBUPROFENE	IBUPROFENE	400	milligrammi	Compressa rivestita	M01AE01	AZIENDE CHIMICHE RIUNITE ANGELINI FRANCESCO A.C.R.A.F. S.P.A.	Autorizzata	Procedura Nazionale	Medicinali non soggetti a prescrizione medica, da banco.
035618089	035618	MOMENTACT	400 MG SOSPENSIONE ORALE IN BUSTINE- 10 BUSTINE PET/AL/PE DA 10 ML	IBUPROFENE	IBUPROFENE	400	milligrammi	Compressa rivestita	M01AE01	AZIENDE CHIMICHE RIUNITE ANGELINI FRANCESCO A.C.R.A.F. S.P.A.	Autorizzata	Procedura Nazionale	Medicinali non soggetti a prescrizione medica, da banco.
035618091	035618	MOMENTACT	400 MG SOSPENSIONE ORALE IN BUSTINE- 12 BUSTINE PET/AL/PE DA 10 ML	IBUPROFENE	IBUPROFENE	400	milligrammi	Compressa rivestita	M01AE01	AZIENDE CHIMICHE RIUNITE ANGELINI FRANCESCO A.C.R.A.F. S.P.A.	Autorizzata	Procedura Nazionale	Medicinali non soggetti a prescrizione medica, da banco.
035618103	035618	MOMENTACT	400 MG SOSPENSIONE ORALE IN BUSTINE- 16 BUSTINE PET/AL/PE DA 10 ML	IBUPROFENE	IBUPROFENE	400	milligrammi	Compressa rivestita	M01AE01	AZIENDE CHIMICHE RIUNITE ANGELINI FRANCESCO A.C.R.A.F. S.P.A.	Autorizzata	Procedura Nazionale	Medicinali non soggetti a prescrizione medica, da banco.
035618115	035618	MOMENTACT	400 MG SOSPENSIONE ORALE IN BUSTINE- 18 BUSTINE PET/AL/PE DA 10 ML	IBUPROFENE	IBUPROFENE	400	milligrammi	Compressa rivestita	M01AE01	AZIENDE CHIMICHE RIUNITE ANGELINI FRANCESCO A.C.R.A.F. S.P.A.	Autorizzata	Procedura Nazionale	Medicinali non soggetti a prescrizione medica, da banco.
035618127	035618	MOMENTACT	400 MG SOSPENSIONE ORALE IN BUSTINE- 20 BUSTINE PET/AL/PE DA 10 ML	IBUPROFENE	IBUPROFENE	400	milligrammi	Compressa rivestita	M01AE01	AZIENDE CHIMICHE RIUNITE ANGELINI FRANCESCO A.C.R.A.F. S.P.A.	Autorizzata	Procedura Nazionale	Medicinali non soggetti a prescrizione medica, da banco.
035618139	035618	MOMENTACT	400 MG SOSPENSIONE ORALE IN BUSTINE- 24 BUSTINE PET/AL/PE DA 10 ML	IBUPROFENE	IBUPROFENE	400	milligrammi	Compressa rivestita	M01AE01	AZIENDE CHIMICHE RIUNITE ANGELINI FRANCESCO A.C.R.A.F. S.P.A.	Autorizzata	Procedura Nazionale	Medicinali non soggetti a prescrizione medica, da banco.
035618141	035618	MOMENTACT	400 MG SOSPENSIONE ORALE IN BUSTINE- 30 BUSTINE PET/AL/PE DA 10 ML	IBUPROFENE	IBUPROFENE	400	milligrammi	Compressa rivestita	M01AE01	AZIENDE CHIMICHE RIUNITE ANGELINI FRANCESCO A.C.R.A.F. S.P.A.	Autorizzata	Procedura Nazionale	Medicinali non soggetti a prescrizione medica, da banco.
035677018	035677	NUROFENTEEN	4 COMPRESSE ORODISPERSIBILI MENTA IN BLISTER PVC/AL/POLIAMIDE/AL DA 200 MG	IBUPROFENE	IBUPROFENE	200	milligrammi	Compressa orodispersibile	M01AE01	RECKITT BENCKISER HEALTHCARE (ITALIA) S.P.A.	Autorizzata	Procedura Mutuo riconoscimento o Decentrata	Medicinali non soggetti a prescrizione medica, da banco.
035677020	035677	NUROFENTEEN	6 COMPRESSE ORODISPERSIBILI MENTA IN BLISTER PVC/AL/POLIAMIDE/AL DA 200 MG	IBUPROFENE	IBUPROFENE	200	milligrammi	Compressa orodispersibile	M01AE01	RECKITT BENCKISER HEALTHCARE (ITALIA) S.P.A.	Autorizzata	Procedura Mutuo riconoscimento o Decentrata	Medicinali non soggetti a prescrizione medica, da banco.
035677032	035677	NUROFENTEEN	10 COMPRESSE ORODISPERSIBILI MENTA IN BLISTER PVC/AL/POLIAMIDE/AL DA 200 MG	IBUPROFENE	IBUPROFENE	200	milligrammi	Compressa orodispersibile	M01AE01	RECKITT BENCKISER HEALTHCARE (ITALIA) S.P.A.	Autorizzata	Procedura Mutuo riconoscimento o Decentrata	Medicinali non soggetti a prescrizione medica, da banco.
035677044	035677	NUROFENTEEN	12 COMPRESSE ORODISPERSIBILI MENTA IN BLISTER PVC/AL/POLIAMIDE/AL DA 200 MG	IBUPROFENE	IBUPROFENE	200	milligrammi	Compressa orodispersibile	M01AE01	RECKITT BENCKISER HEALTHCARE (ITALIA) S.P.A.	Autorizzata	Procedura Mutuo riconoscimento o Decentrata	Medicinali non soggetti a prescrizione medica, da banco.
035677057	035677	NUROFENTEEN	20 COMPRESSE ORODISPERSIBILI MENTA IN BLISTER PVC/AL/POLIAMIDE/AL DA 200 MG	IBUPROFENE	IBUPROFENE	200	milligrammi	Compressa orodispersibile	M01AE01	RECKITT BENCKISER HEALTHCARE (ITALIA) S.P.A.	Autorizzata	Procedura Mutuo riconoscimento o Decentrata	Medicinali non soggetti a prescrizione medica, da banco.
035677069	035677	NUROFENTEEN	24 COMPRESSE ORODISPERSIBILI MENTA IN BLISTER PVC/AL/POLIAMIDE/AL DA 200 MG	IBUPROFENE	IBUPROFENE	200	milligrammi	Compressa orodispersibile	M01AE01	RECKITT BENCKISER HEALTHCARE (ITALIA) S.P.A.	Autorizzata	Procedura Mutuo riconoscimento o Decentrata	Medicinali non soggetti a prescrizione medica, da banco.
035677071	035677	NUROFENTEEN	30 COMPRESSE ORODISPERSIBILI MENTA IN BLISTER PVC/AL/POLIAMIDE/AL DA 200 MG	IBUPROFENE	IBUPROFENE	200	milligrammi	Compressa orodispersibile	M01AE01	RECKITT BENCKISER HEALTHCARE (ITALIA) S.P.A.	Autorizzata	Procedura Mutuo riconoscimento o Decentrata	Medicinali non soggetti a prescrizione medica, da banco.
035677083	035677	NUROFENTEEN	36 COMPRESSE ORODISPERSIBILI MENTA IN BLISTER PVC/AL/POLIAMIDE/AL DA 200 MG	IBUPROFENE	IBUPROFENE	200	milligrammi	Compressa orodispersibile	M01AE01	RECKITT BENCKISER HEALTHCARE (ITALIA) S.P.A.	Autorizzata	Procedura Mutuo riconoscimento o Decentrata	Medicinali non soggetti a prescrizione medica, da banco.
035677095	035677	NUROFENTEEN	40 COMPRESSE ORODISPERSIBILI MENTA IN BLISTER PVC/AL/POLIAMIDE/AL DA 200 MG	IBUPROFENE	IBUPROFENE	200	milligrammi	Compressa orodispersibile	M01AE01	RECKITT BENCKISER HEALTHCARE (ITALIA) S.P.A.	Autorizzata	Procedura Mutuo riconoscimento o Decentrata	Medicinali non soggetti a prescrizione medica, da banco.
035677107	035677	NUROFENTEEN	48 COMPRESSE ORODISPERSIBILI MENTA IN BLISTER PVC/AL/POLIAMIDE/AL DA 200 MG	IBUPROFENE	IBUPROFENE	200	milligrammi	Compressa orodispersibile	M01AE01	RECKITT BENCKISER HEALTHCARE (ITALIA) S.P.A.	Autorizzata	Procedura Mutuo riconoscimento o Decentrata	Medicinali non soggetti a prescrizione medica, da banco.
035677119	035677	NUROFENTEEN	4 COMPRESSE ORODISPERSIBILI LIMONE IN BLISTER PVC/AL/POLIAMIDE/AL DA 200 MG	IBUPROFENE	IBUPROFENE	200	milligrammi	Compressa orodispersibile	M01AE01	RECKITT BENCKISER HEALTHCARE (ITALIA) S.P.A.	Autorizzata	Procedura Mutuo riconoscimento o Decentrata	Medicinali non soggetti a prescrizione medica, da banco.
035677121	035677	NUROFENTEEN	6 COMPRESSE ORODISPERSIBILI LIMONE IN BLISTER PVC/AL/POLIAMIDE/AL DA 200 MG	IBUPROFENE	IBUPROFENE	200	milligrammi	Compressa orodispersibile	M01AE01	RECKITT BENCKISER HEALTHCARE (ITALIA) S.P.A.	Autorizzata	Procedura Mutuo riconoscimento o Decentrata	Medicinali non soggetti a prescrizione medica, da banco.
035677133	035677	NUROFENTEEN	10 COMPRESSE ORODISPERSIBILI LIMONE IN BLISTER PVC/AL/POLIAMIDE/AL DA 200 MG	IBUPROFENE	IBUPROFENE	200	milligrammi	Compressa orodispersibile	M01AE01	RECKITT BENCKISER HEALTHCARE (ITALIA) S.P.A.	Autorizzata	Procedura Mutuo riconoscimento o Decentrata	Medicinali non soggetti a prescrizione medica, da banco.
035677145	035677	NUROFENTEEN	12 COMPRESSE ORODISPERSIBILI LIMONE IN BLISTER PVC/AL/POLIAMIDE/AL DA 200 MG	IBUPROFENE	IBUPROFENE	200	milligrammi	Compressa orodispersibile	M01AE01	RECKITT BENCKISER HEALTHCARE (ITALIA) S.P.A.	Autorizzata	Procedura Mutuo riconoscimento o Decentrata	Medicinali non soggetti a prescrizione medica, da banco.
035677158	035677	NUROFENTEEN	20 COMPRESSE ORODISPERSIBILI LIMONE IN BLISTER PVC/AL/POLIAMIDE/AL DA 200 MG	IBUPROFENE	IBUPROFENE	200	milligrammi	Compressa orodispersibile	M01AE01	RECKITT BENCKISER HEALTHCARE (ITALIA) S.P.A.	Autorizzata	Procedura Mutuo riconoscimento o Decentrata	Medicinali non soggetti a prescrizione medica, da banco.
035677160	035677	NUROFENTEEN	24 COMPRESSE ORODISPERSIBILI LIMONE IN BLISTER PVC/AL/POLIAMIDE/AL DA 200 MG	IBUPROFENE	IBUPROFENE	200	milligrammi	Compressa orodispersibile	M01AE01	RECKITT BENCKISER HEALTHCARE (ITALIA) S.P.A.	Autorizzata	Procedura Mutuo riconoscimento o Decentrata	Medicinali non soggetti a prescrizione medica, da banco.
035677172	035677	NUROFENTEEN	30 COMPRESSE ORODISPERSIBILI LIMONE IN BLISTER PVC/AL/POLIAMIDE/AL DA 200 MG	IBUPROFENE	IBUPROFENE	200	milligrammi	Compressa orodispersibile	M01AE01	RECKITT BENCKISER HEALTHCARE (ITALIA) S.P.A.	Autorizzata	Procedura Mutuo riconoscimento o Decentrata	Medicinali non soggetti a prescrizione medica, da banco.
035677184	035677	NUROFENTEEN	36 COMPRESSE ORODISPERSIBILI LIMONE IN BLISTER PVC/AL/POLIAMIDE/AL DA 200 MG	IBUPROFENE	IBUPROFENE	200	milligrammi	Compressa orodispersibile	M01AE01	RECKITT BENCKISER HEALTHCARE (ITALIA) S.P.A.	Autorizzata	Procedura Mutuo riconoscimento o Decentrata	Medicinali non soggetti a prescrizione medica, da banco.
035677196	035677	NUROFENTEEN	40 COMPRESSE ORODISPERSIBILI LIMONE IN BLISTER PVC/AL/POLIAMIDE/AL DA 200 MG	IBUPROFENE	IBUPROFENE	200	milligrammi	Compressa orodispersibile	M01AE01	RECKITT BENCKISER HEALTHCARE (ITALIA) S.P.A.	Autorizzata	Procedura Mutuo riconoscimento o Decentrata	Medicinali non soggetti a prescrizione medica, da banco.
035677208	035677	NUROFENTEEN	48 COMPRESSE ORODISPERSIBILI LIMONE IN BLISTER PVC/AL/POLIAMIDE/AL DA 200 MG	IBUPROFENE	IBUPROFENE	200	milligrammi	Compressa orodispersibile	M01AE01	RECKITT BENCKISER HEALTHCARE (ITALIA) S.P.A.	Autorizzata	Procedura Mutuo riconoscimento o Decentrata	Medicinali non soggetti a prescrizione medica, da banco.
035677210	035677	NUROFENTEEN	18 COMPRESSE ORODISPERSIBILI MENTA IN BLISTER PVC/AL/POLIAMIDE/AL DA 200 MG	IBUPROFENE	IBUPROFENE	200	milligrammi	Compressa orodispersibile	M01AE01	RECKITT BENCKISER HEALTHCARE (ITALIA) S.P.A.	Autorizzata	Procedura Mutuo riconoscimento o Decentrata	Medicinali non soggetti a prescrizione medica, da banco.
035677222	035677	NUROFENTEEN	18 COMPRESSE ORODISPERSIBILI LIMONE IN BLISTER PVC/AL/POLIAMIDE/AL DA 200 MG	IBUPROFENE	IBUPROFENE	200	milligrammi	Compressa orodispersibile	M01AE01	RECKITT BENCKISER HEALTHCARE (ITALIA) S.P.A.	Autorizzata	Procedura Mutuo riconoscimento o Decentrata	Medicinali non soggetti a prescrizione medica, da banco.
036061012	036061	BRUFENKIDS FEBBRE E DOLORE	20 MG /ML SOSPENSIONE ORALE - FLACONE 100 ML	IBUPROFENE	IBUPROFENE			Sospensione orale	M01AE01	VIATRIS ITALIA S.R.L.	Autorizzata	Procedura Nazionale	Medicinali non soggetti a prescrizione medica ma non da banco
036061024	036061	BRUFENKIDS FEBBRE E DOLORE	20 MG /ML SOSPENSIONE ORALE - FLACONE 150 ML	IBUPROFENE	IBUPROFENE			Sospensione orale	M01AE01	VIATRIS ITALIA S.R.L.	Autorizzata	Procedura Nazionale	Medicinali non soggetti a prescrizione medica ma non da banco
036061036	036061	BRUFENKIDS FEBBRE E DOLORE	20 MG /ML SOSPENSIONE ORALE - FLACONE 200 ML	IBUPROFENE	IBUPROFENE			Sospensione orale	M01AE01	VIATRIS ITALIA S.R.L.	Autorizzata	Procedura Nazionale	Medicinali non soggetti a prescrizione medica ma non da banco
036439014	036439	IBUPAS	136 MG CEROTTO MEDICATO- 5 CEROTTI	IBUPROFENE	IBUPROFENE			Cerotto transdermico	M02AA13	ALFASIGMA S.P.A.	Autorizzata	Procedura Nazionale	Medicinali non soggetti a prescrizione medica ma non da banco
036439026	036439	IBUPAS	136 MG CEROTTO MEDICATO- 7 CEROTTI	IBUPROFENE	IBUPROFENE			Cerotto transdermico	M02AA13	ALFASIGMA S.P.A.	Autorizzata	Procedura Nazionale	Medicinali non soggetti a prescrizione medica ma non da banco
036602011	036602	PEDEA	5 MG/ML SOLUZIONE INETTABILE USO ENDOVENOSO FIALA 2 ML 4 FIALE	IBUPROFENE	IBUPROFENE			Soluzione iniettabile	C01EB16	RECORDATI RARE DISEASES SARL	Autorizzata	Procedura Centralizzata	Medicinali soggetti a prescrizione medica limitativa, utilizzabili esclusivamente in ambiente ospedaliero o in una struttura ad esso assimilabile
037029016	037029	IBUPROFENE ALTER	400 MG COMPRESSE RIVESTITE CON FILM - 30 COMPRESSE	IBUPROFENE	IBUPROFENE	400	milligrammi	Compressa rivestita con film	M01AE01	LABORATORI ALTER S.R.L.	Autorizzata	Procedura Nazionale	Medicinali soggetti a prescrizione medica
037029028	037029	IBUPROFENE ALTER	600 MG COMPRESSE RIVESTITE CON FILM - 30 COMPRESSE	IBUPROFENE	IBUPROFENE	600	milligrammi	Compressa rivestita con film	M01AE01	LABORATORI ALTER S.R.L.	Autorizzata	Procedura Nazionale	Medicinali soggetti a prescrizione medica
037184013	037184	DICLOREUM UNIDIE	136 MG CEROTTO MEDICATO-  5 CEROTTI	IBUPROFENE	IBUPROFENE	136	milligrammi	Cerotto transdermico	M02AA13	ALFASIGMA S.P.A.	Autorizzata	Procedura Nazionale	Medicinali non soggetti a prescrizione medica, da banco.
037184025	037184	DICLOREUM UNIDIE	136 MG CEROTTO MEDICATO- 7 CEROTTI	IBUPROFENE	IBUPROFENE	136	milligrammi	Cerotto transdermico	M02AA13	ALFASIGMA S.P.A.	Autorizzata	Procedura Nazionale	Medicinali non soggetti a prescrizione medica, da banco.
037184037	037184	DICLOREUM UNIDIE	136 MG CEROTTO MEDICATO- 4 CEROTTI	IBUPROFENE	IBUPROFENE	136	milligrammi	Cerotto transdermico	M02AA13	ALFASIGMA S.P.A.	Autorizzata	Procedura Nazionale	Medicinali non soggetti a prescrizione medica, da banco.
037184049	037184	DICLOREUM UNIDIE	136 MG CEROTTO MEDICATO- 8 CEROTTI	IBUPROFENE	IBUPROFENE	136	milligrammi	Cerotto transdermico	M02AA13	ALFASIGMA S.P.A.	Autorizzata	Procedura Nazionale	Medicinali non soggetti a prescrizione medica, da banco.
037184052	037184	DICLOREUM UNIDIE	136 MG  CEROTTO MEDICATO- 10 CEROTTI	IBUPROFENE	IBUPROFENE	136	milligrammi	Cerotto transdermico	M02AA13	ALFASIGMA S.P.A.	Autorizzata	Procedura Nazionale	Medicinali non soggetti a prescrizione medica, da banco.
037858014	037858	MOMENTACT ANALGESICO	400 MG GRANULATO PER SOLUZIONE ORALE - 12 BUSTINE	IBUPROFENE	IBUPROFENE	400	milligrammi	Granulato per soluzione orale	M01AE01	AZIENDE CHIMICHE RIUNITE ANGELINI FRANCESCO A.C.R.A.F. S.P.A.	Autorizzata	Procedura Nazionale	Medicinali non soggetti a prescrizione medica, da banco.
037858026	037858	MOMENTACT ANALGESICO	400 MG GRANULATO PER SOLUZIONE ORALE IN BUSTINA- 12 BUSTINE IN CARTA/AL/PE	IBUPROFENE	IBUPROFENE	400	milligrammi	Granulato per soluzione orale	M01AE01	AZIENDE CHIMICHE RIUNITE ANGELINI FRANCESCO A.C.R.A.F. S.P.A.	Autorizzata	Procedura Nazionale	Medicinali non soggetti a prescrizione medica, da banco.
038061014	038061	KENDO	200 MG/ML GOCCE ORALI, SOLUZIONE - FLACONE DA 12,5 ML	IBUPROFENE	IBUPROFENE	200	milligrammi	Gocce orali, soluzione	M01AE01	ICE S.P.A	Autorizzata	Procedura Nazionale	Medicinali non soggetti a prescrizione medica, da banco.
038061026	038061	KENDO	200 MG /ML GOCCE ORALI, SOLUZIONE - FLACONE DA 20 ML	IBUPROFENE	IBUPROFENE	200	milligrammi	Gocce orali, soluzione	M01AE01	ICE S.P.A	Autorizzata	Procedura Nazionale	Medicinali non soggetti a prescrizione medica, da banco.
038599015	038599	CIBALGINAFOR	400  mg  granulato  per  soluzione  orale  in bustina> - 12 bustine in carta/Pe/Al/Surlyn	IBUPROFENE	IBUPROFENE	400	milligrammi	Granulato per soluzione orale	M01AE01	VEMEDIA MANUFACTURING B.V.	Autorizzata	Procedura Nazionale	Medicinali non soggetti a prescrizione medica, da banco.
038599027	038599	CIBALGINAFOR	400 MG COMPRESSE RIVESTITE CON FILM - 10 COMPRESSE	IBUPROFENE	IBUPROFENE	400	milligrammi	Compressa rivestita con film	M01AE01	VEMEDIA MANUFACTURING B.V.	Autorizzata	Procedura Nazionale	Medicinali non soggetti a prescrizione medica, da banco.
038599039	038599	CIBALGINAFOR	400 MG GRANULATO PER SOLUZIONE ORALE IN BUSTINA- 12 BUSTINE IN CARTA/AL/PE	IBUPROFENE	IBUPROFENE			Granulato per soluzione orale	M01AE01	VEMEDIA MANUFACTURING B.V.	Autorizzata	Procedura Nazionale	Medicinali non soggetti a prescrizione medica, da banco.
038666018	038666	MOMENTKID	BAMBINI 100 MG/5 ML SOSPENSIONE ORALE - FLACONE 150 ML CON SIRINGA DOSATRICE	IBUPROFENE	IBUPROFENE	20	milligram(s)/millilitre	Sospensione orale	M01AE01	AZIENDE CHIMICHE RIUNITE ANGELINI FRANCESCO A.C.R.A.F. S.P.A.	Autorizzata	Procedura Nazionale	Medicinali non soggetti a prescrizione medica ma non da banco
038666020	038666	MOMENTKID	PRIMA INFANZIA 60 MG SUPPOSTA- 10 SUPPOSTE	IBUPROFENE	IBUPROFENE	60	milligrammi	Supposta	M01AE01	AZIENDE CHIMICHE RIUNITE ANGELINI FRANCESCO A.C.R.A.F. S.P.A.	Autorizzata	Procedura Nazionale	Medicinali non soggetti a prescrizione medica ma non da banco
038666032	038666	MOMENTKID	BAMBINI 125 MG SUPPOSTA- 10 SUPPOSTE	IBUPROFENE	IBUPROFENE	125	milligrammi	Supposta	M01AE01	AZIENDE CHIMICHE RIUNITE ANGELINI FRANCESCO A.C.R.A.F. S.P.A.	Autorizzata	Procedura Nazionale	Medicinali non soggetti a prescrizione medica ma non da banco
038712016	038712	FEVRALT	BAMBINI 100 MG/5 ML SOSPENSIONE ORALE- 1 FLACONE PET DA 100 ML CON CUCCHIAIO DOSATORE	IBUPROFENE	IBUPROFENE	100	milligrammi	Sospensione orale	M01AE01	NEOPHARMED GENTILI S.P.A.	Autorizzata	Procedura Mutuo riconoscimento o Decentrata	Medicinali non soggetti a prescrizione medica ma non da banco
038955035	038955	NUROFEN FEBBRE E DOLORE    .	BAMBINI 100 MG/5 ML SOSPENSIONE ORALE GUSTO ARANCIA SENZA ZUCCHERO- FLACONE DA 150 ML CON SIRINGA DOSATRICE	IBUPROFENE	IBUPROFENE			Sospensione orale	M01AE01	BB FARMA S.R.L.	Autorizzata	Importazione Parallela	Medicinali non soggetti a prescrizione medica ma non da banco
038955047	038955	NUROFEN FEBBRE E DOLORE    .	200 MG/5 ML SOSPENSIONE ORALE GUSTO ARANCIA SENZA ZUCCHERO- FLACONE DA 100 ML CON SIRINGA DOSATRICE	IBUPROFENE	IBUPROFENE			Sospensione orale	M01AE01	BB FARMA S.R.L.	Autorizzata	Importazione Parallela	Medicinali non soggetti a prescrizione medica, da banco.
038955062	038955	NUROFEN FEBBRE E DOLORE    .	200 MG/5 ML SOSPENSIONE ORALE GUSTO FRAGOLA SENZA ZUCCHERO- FLACONE DA 100 ML CON SIRINGA DOSATRICE	IBUPROFENE	IBUPROFENE			Sospensione orale	M01AE01	BB FARMA S.R.L.	Autorizzata	Importazione Parallela	Medicinali non soggetti a prescrizione medica, da banco.
038955098	038955	NUROFEN FEBBRE E DOLORE    .	200 MG/5 ML SOSPENSIONE ORALE GUSTO FRAGOLA SENZA ZUCCHERO- FLACONE DA 100 ML CON SIRINGA DOSATRICE	IBUPROFENE	IBUPROFENE	200	milligrammi	Sospensione orale	M01AE01	BB FARMA S.R.L.	Autorizzata	Importazione Parallela	Medicinali non soggetti a prescrizione medica, da banco.
038955100	038955	NUROFEN FEBBRE E DOLORE    .	200 MG/5 ML SOSPENSIONE ORALE GUSTO ARANCIA SENZA ZUCCHERO- FLACONE IN PET DA 100 ML CON SIRINGA DOSATRICE	IBUPROFENE	IBUPROFENE	200	milligrammi	Sospensione orale	M01AE01	BB FARMA S.R.L.	Autorizzata	Importazione Parallela	Medicinali non soggetti a prescrizione medica, da banco.
038956037	038956	NUROFEN FEBBRE E DOLORE	BAMBINI 100 MG/5 ML SOSPENSIONE ORALE GUSTO ARANCIA SENZA ZUCCHERO- FLACONE DA 150 ML CON SIRINGA DOSATRICE	IBUPROFENE	IBUPROFENE	20	milligram(s)/millilitre	Sospensione orale	M01AE01	FARMA 1000 S.R.L.	Autorizzata	Importazione Parallela	Medicinali non soggetti a prescrizione medica ma non da banco
038956076	038956	NUROFEN FEBBRE E DOLORE	200 MG/5 ML SOSPENSIONE ORALE GUSTO FRAGOLA SENZA ZUCCHERO- FLACONE IN PET DA 100 ML CON SIRINGA DOSATRICE	IBUPROFENE	IBUPROFENE			Sospensione orale	M01AE01	FARMA 1000 S.R.L.	Autorizzata	Importazione Parallela	Medicinali non soggetti a prescrizione medica, da banco.
038956088	038956	NUROFEN FEBBRE E DOLORE	200 MG/5 ML SOSPENSIONE ORALE GUSTO FRAGOLA SENZA ZUCCHERO- FLACONE DA 100 ML CON SIRINGA DOSATRICE	IBUPROFENE	IBUPROFENE	200	milligrammi	Sospensione orale	M01AE01	FARMA 1000 S.R.L.	Autorizzata	Importazione Parallela	Medicinali non soggetti a prescrizione medica, da banco.
038956090	038956	NUROFEN FEBBRE E DOLORE	200 MG/5 ML SOSPENSIONE ORALE GUSTO ARANCIA SENZA ZUCCHERO- FLACONE IN PET DA 100 ML CON SIRINGA DOSATRICE	IBUPROFENE	IBUPROFENE	200	milligrammi	Sospensione orale	M01AE01	FARMA 1000 S.R.L.	Autorizzata	Importazione Parallela	Medicinali non soggetti a prescrizione medica, da banco.
038958029	038958	NUROFEN	400 mg COMPRESSA RIVESTITA- 12 COMPRESSA IN PVC/ALLUMINIO	IBUPROFENE	IBUPROFENE	400	milligrammi	Compressa rivestita	M01AE01	FARMA 1000 S.R.L.	Autorizzata	Importazione Parallela	Medicinali non soggetti a prescrizione medica, da banco.
039324049	039324	NUROFEN FEBBRE E DOLORE	BAMBINI 100 MG/5 ML SOSPENSIONE ORALE GUSTO ARANCIA SENZA ZUCCHERO- FLACONE DA 150 ML CON SIRINGA DOSATRICE	IBUPROFENE	IBUPROFENE	20	milligram(s)/millilitre	Sospensione orale	M01AE01	PROGRAMMI SANITARI INTEGRATI S.R.L.	Autorizzata	Importazione Parallela	Medicinali non soggetti a prescrizione medica ma non da banco
039324052	039324	NUROFEN FEBBRE E DOLORE	BAMBINI 100 MG/5 ML SOSPENSIONE ORALE GUSTO ARANCIA SENZA ZUCCHERO- FLACONE DA 150 ML CON SIRINGA DOSATRICE	IBUPROFENE	IBUPROFENE	100	milligrammi	Sospensione orale	M01AE01	PROGRAMMI SANITARI INTEGRATI S.R.L.	Autorizzata	Importazione Parallela	Medicinali non soggetti a prescrizione medica ma non da banco
039324064	039324	NUROFEN FEBBRE E DOLORE	200 MG/5 ML SOSPENSIONE ORALE GUSTO FRAGOLA SENZA ZUCCHERO- FLACONE DA 100 ML CON CUCCHIAIO DOSATORE	IBUPROFENE	IBUPROFENE	200	milligrammi	Sospensione orale	M01AE01	PROGRAMMI SANITARI INTEGRATI S.R.L.	Autorizzata	Importazione Parallela	Medicinali non soggetti a prescrizione medica, da banco.
039324076	039324	NUROFEN FEBBRE E DOLORE	200 MG/5 ML SOSPENSIONE ORALE GUSTO FRAGOLA SENZA ZUCCHERO- FLACONE IN PET DA 100 ML CON SIRINGA DOSATRICE	IBUPROFENE	IBUPROFENE	200	milligrammi	Sospensione orale	M01AE01	PROGRAMMI SANITARI INTEGRATI S.R.L.	Autorizzata	Importazione Parallela	Medicinali non soggetti a prescrizione medica, da banco.
039324088	039324	NUROFEN FEBBRE E DOLORE	200 MG/5 ML SOSPENSIONE ORALE GUSTO ARANCIA SENZA ZUCCHERO- FLACONE IN PET DA 100 ML CON SIRINGA DOSATRICE	IBUPROFENE	IBUPROFENE	200	milligrammi	Sospensione orale	M01AE01	PROGRAMMI SANITARI INTEGRATI S.R.L.	Autorizzata	Importazione Parallela	Medicinali non soggetti a prescrizione medica, da banco.
039339015	039339	EIREN	400 MG COMPRESSE RIVESTITE CON FILM- 6 COMPRESSE IN BLISTER PVC/AL	IBUPROFENE	IBUPROFENE	400	milligrammi	Compressa rivestita con film	M01AE01	AURORA LICENSING SRL	Autorizzata	Procedura Mutuo riconoscimento o Decentrata	Medicinali non soggetti a prescrizione medica, da banco.
039339027	039339	EIREN	400 MG COMPRESSE RIVESTITE CON FILM- 10 COMPRESSE IN BLISTER PVC/AL	IBUPROFENE	IBUPROFENE	400	milligrammi	Compressa rivestita con film	M01AE01	AURORA LICENSING SRL	Autorizzata	Procedura Mutuo riconoscimento o Decentrata	Medicinali non soggetti a prescrizione medica, da banco.
039339039	039339	EIREN	400 MG COMPRESSE RIVESTITE CON FILM- 12 COMPRESSE IN BLISTER PVC/AL	IBUPROFENE	IBUPROFENE	400	milligrammi	Compressa rivestita con film	M01AE01	AURORA LICENSING SRL	Autorizzata	Procedura Mutuo riconoscimento o Decentrata	Medicinali non soggetti a prescrizione medica, da banco.
039339041	039339	EIREN	400 MG COMPRESSE RIVESTITE CON FILM- 20 COMPRESSE IN BLISTER PVC/AL	IBUPROFENE	IBUPROFENE	400	milligrammi	Compressa rivestita con film	M01AE01	AURORA LICENSING SRL	Autorizzata	Procedura Mutuo riconoscimento o Decentrata	Medicinali non soggetti a prescrizione medica, da banco.
039339054	039339	EIREN	400 MG COMPRESSE RIVESTITE CON FILM- 30 COMPRESSE IN BLISTER PVC/AL	IBUPROFENE	IBUPROFENE	400	milligrammi	Compressa rivestita con film	M01AE01	AURORA LICENSING SRL	Autorizzata	Procedura Mutuo riconoscimento o Decentrata	Medicinali non soggetti a prescrizione medica, da banco.
039339066	039339	EIREN	400 MG COMPRESSE RIVESTITE CON FILM- 50 COMPRESSE IN BLISTER PVC/AL	IBUPROFENE	IBUPROFENE	400	milligrammi	Compressa rivestita con film	M01AE01	AURORA LICENSING SRL	Autorizzata	Procedura Mutuo riconoscimento o Decentrata	Medicinali non soggetti a prescrizione medica, da banco.
039339078	039339	EIREN	400 MG COMPRESSE RIVESTITE CON FILM- 100 COMPRESSE IN BLISTER PVC/AL	IBUPROFENE	IBUPROFENE	400	milligrammi	Compressa rivestita con film	M01AE01	AURORA LICENSING SRL	Autorizzata	Procedura Mutuo riconoscimento o Decentrata	Medicinali non soggetti a prescrizione medica, da banco.
039339080	039339	EIREN	400 MG COMPRESSE RIVESTITE CON FILM- 250 COMPRESSE IN BLISTER PVC/AL	IBUPROFENE	IBUPROFENE	400	milligrammi	Compressa rivestita con film	M01AE01	AURORA LICENSING SRL	Autorizzata	Procedura Mutuo riconoscimento o Decentrata	Medicinali non soggetti a prescrizione medica, da banco.
039339092	039339	EIREN	400 MG COMPRESSE RIVESTITE CON FILM- 60 COMPRESSE IN BLISTER PVC/AL	IBUPROFENE	IBUPROFENE	400	milligrammi	Compressa rivestita con film	M01AE01	AURORA LICENSING SRL	Autorizzata	Procedura Mutuo riconoscimento o Decentrata	Medicinali soggetti a prescrizione medica
039371012	039371	ABIDOL	200 MG COMPRESSE RIVESTITE CON FILM- - 6 COMPRESSE IN BLISTER PVC/AL	IBUPROFENE	IBUPROFENE	200	milligrammi	Compressa rivestita con film	M01AE01	AURORA LICENSING SRL	Autorizzata	Procedura Mutuo riconoscimento o Decentrata	Medicinali non soggetti a prescrizione medica, da banco.
039371024	039371	ABIDOL	200 MG COMPRESSE RIVESTITE CON FILM- 10 COMPRESSE IN BLISTER PVC/AL	IBUPROFENE	IBUPROFENE	200	milligrammi	Compressa rivestita con film	M01AE01	AURORA LICENSING SRL	Autorizzata	Procedura Mutuo riconoscimento o Decentrata	Medicinali non soggetti a prescrizione medica, da banco.
039371036	039371	ABIDOL	200 MG COMPRESSE RIVESTITE CON FILM- 12 COMPRESSE IN BLISTER PVC/AL	IBUPROFENE	IBUPROFENE	200	milligrammi	Compressa rivestita con film	M01AE01	AURORA LICENSING SRL	Autorizzata	Procedura Mutuo riconoscimento o Decentrata	Medicinali non soggetti a prescrizione medica, da banco.
039371048	039371	ABIDOL	200 MG COMPRESSE RIVESTITE CON FILM- 20 COMPRESSE IN BLISTER PVC/AL	IBUPROFENE	IBUPROFENE	200	milligrammi	Compressa rivestita con film	M01AE01	AURORA LICENSING SRL	Autorizzata	Procedura Mutuo riconoscimento o Decentrata	Medicinali non soggetti a prescrizione medica, da banco.
039371051	039371	ABIDOL	200 MG COMPRESSE RIVESTITE CON FILM- 24 COMPRESSE IN BLISTER PVC/AL	IBUPROFENE	IBUPROFENE	200	milligrammi	Compressa rivestita con film	M01AE01	AURORA LICENSING SRL	Autorizzata	Procedura Mutuo riconoscimento o Decentrata	Medicinali non soggetti a prescrizione medica, da banco.
039371063	039371	ABIDOL	200 MG COMPRESSE RIVESTITE CON FILM- 30 COMPRESSE IN BLISTER PVC/AL	IBUPROFENE	IBUPROFENE	200	milligrammi	Compressa rivestita con film	M01AE01	AURORA LICENSING SRL	Autorizzata	Procedura Mutuo riconoscimento o Decentrata	Medicinali non soggetti a prescrizione medica, da banco.
039371075	039371	ABIDOL	200 MG COMPRESSE RIVESTITE CON FILM- 50 COMPRESSE IN BLISTER PVC/AL	IBUPROFENE	IBUPROFENE	200	milligrammi	Compressa rivestita con film	M01AE01	AURORA LICENSING SRL	Autorizzata	Procedura Mutuo riconoscimento o Decentrata	Medicinali non soggetti a prescrizione medica, da banco.
039371087	039371	ABIDOL	200 MG COMPRESSE RIVESTITE CON FILM- 100 COMPRESSE IN BLISTER PVC/AL	IBUPROFENE	IBUPROFENE	200	milligrammi	Compressa rivestita con film	M01AE01	AURORA LICENSING SRL	Autorizzata	Procedura Mutuo riconoscimento o Decentrata	Medicinali non soggetti a prescrizione medica, da banco.
039500018	039500	NUROFEN	200 MG COMPRESSE RIVESTITE- 12 COMPRESSE	IBUPROFENE	IBUPROFENE			Compressa rivestita	M01AE01	BB FARMA S.R.L.	Autorizzata	Importazione Parallela	Medicinali non soggetti a prescrizione medica, da banco.
039500020	039500	NUROFEN	400 MG COMPRESSE RIVESTITE - 12 COMPRESSE IN PVC/ALLUMINIO	IBUPROFENE	IBUPROFENE			Compressa rivestita	M01AE01	BB FARMA S.R.L.	Autorizzata	Importazione Parallela	Medicinali non soggetti a prescrizione medica, da banco.
039500032	039500	NUROFEN	400 MG COMPRESSE RIVESTITE - 12 COMPRESSE IN PVC/ALLUMINIO	IBUPROFENE	IBUPROFENE			Compressa rivestita	M01AE01	BB FARMA S.R.L.	Autorizzata	Importazione Parallela	Medicinali non soggetti a prescrizione medica, da banco.
039500044	039500	NUROFEN	400 MG COMPRESSE RIVESTITE- 12 COMPRESSE IN PVC/ALLUMINIO	IBUPROFENE	IBUPROFENE	400	milligrammi	Compressa rivestita	M01AE01	BB FARMA S.R.L.	Autorizzata	Importazione Parallela	Medicinali non soggetti a prescrizione medica, da banco.
039500057	039500	NUROFEN	400 MG COMPRESSE RIVESTITE- 12 COMPRESSE IN PVC/ALLUMINIO	IBUPROFENE	IBUPROFENE	400	milligrammi	Compressa rivestita	M01AE01	BB FARMA S.R.L.	Autorizzata	Importazione Parallela	Medicinali non soggetti a prescrizione medica, da banco.
039500069	039500	NUROFEN	400 MG COMPRESSE RIVESTITE - 12 COMPRESSE IN PVC/ALLUMINIO	IBUPROFENE	IBUPROFENE	400	milligrammi	Compressa rivestita	M01AE01	BB FARMA S.R.L.	Autorizzata	Importazione Parallela	Medicinali non soggetti a prescrizione medica, da banco.
039693039	039693	BRUFEN	400 MG COMPRESSE RIVESTITE- 30 COMPRESSE IN BLISTER	IBUPROFENE	IBUPROFENE	400	milligrammi	Compressa rivestita	M01AE01	PROGRAMMI SANITARI INTEGRATI S.R.L.	Autorizzata	Importazione Parallela	Medicinali soggetti a prescrizione medica
039693041	039693	BRUFEN	600 MG COMPRESSE RIVESTITE- 30 COMPRESSE IN BLISTER	IBUPROFENE	IBUPROFENE	600	milligrammi	Compressa rivestita	M01AE01	PROGRAMMI SANITARI INTEGRATI S.R.L.	Autorizzata	Importazione Parallela	Medicinali soggetti a prescrizione medica
039693054	039693	BRUFEN	400 MG COMPRESSE RIVESTITE- 30 COMPRESSE  IN BLISTER	IBUPROFENE	IBUPROFENE	600	milligrammi	Compressa rivestita	M01AE01	PROGRAMMI SANITARI INTEGRATI S.R.L.	Autorizzata	Importazione Parallela	Medicinali soggetti a prescrizione medica
039693066	039693	BRUFEN	600 MG COMPRESSE RIVESTITE- 30 COMPRESSE IN BLISTER PVC	IBUPROFENE	IBUPROFENE	600	milligrammi	Compressa rivestita	M01AE01	PROGRAMMI SANITARI INTEGRATI S.R.L.	Autorizzata	Importazione Parallela	Medicinali soggetti a prescrizione medica
040033019	040033	NEO BOROCILLINA INFIAMMAZIONE E DOLORE	<400 mg granulato per soluzione orale in bustina> - 12 bustine in CARTA/PE/AL/SURLYN	IBUPROFENE	IBUPROFENE	400	milligrammi	Granulato per soluzione orale	M01AE01	ALFASIGMA S.P.A.	Autorizzata	Procedura Nazionale	Medicinali non soggetti a prescrizione medica, da banco.
040033021	040033	NEO BOROCILLINA INFIAMMAZIONE E DOLORE	?400 MG GRANULATO PER SOLUZIONE ORALE IN BUSTINA- 12 BUSTINE IN CARTA/AL/PE	IBUPROFENE	IBUPROFENE			Granulato per soluzione orale	M01AE01	ALFASIGMA S.P.A.	Autorizzata	Procedura Nazionale	Medicinali non soggetti a prescrizione medica, da banco.
040576011	040576	MOMENFLOGO	600 MG GRANULATO PER SOLUZIONE ORALE- 30 BUSTINE	IBUPROFENE	IBUPROFENE			Granulato per soluzione orale	M01AE01	AZIENDE CHIMICHE RIUNITE ANGELINI FRANCESCO A.C.R.A.F. S.P.A.	Autorizzata	Procedura Nazionale	Medicinali soggetti a prescrizione medica
040576023	040576	MOMENFLOGO	600 MG GRANULATO PER SOLUZIONE ORALE IN BUSTINA- 30 BUSTINE IN CARTA/AL/PE	IBUPROFENE	IBUPROFENE			Granulato per soluzione orale	M01AE01	AZIENDE CHIMICHE RIUNITE ANGELINI FRANCESCO A.C.R.A.F. S.P.A.	Autorizzata	Procedura Nazionale	Medicinali soggetti a prescrizione medica
040956017	040956	SAKITOL	400 MG COMPRESSE RIVESTITE CON FILM- 6 COMPRESSE	IBUPROFENE	IBUPROFENE	400	milligrammi	Compressa rivestita con film	M01AE01	LABORATORI ALTER S.R.L.	Autorizzata	Procedura Nazionale	Medicinali non soggetti a prescrizione medica, da banco.
040956029	040956	SAKITOL	400 MG COMPRESSE RIVESTITE CON FILM- 12 COMPRESSE	IBUPROFENE	IBUPROFENE	400	milligrammi	Compressa rivestita con film	M01AE01	LABORATORI ALTER S.R.L.	Autorizzata	Procedura Nazionale	Medicinali non soggetti a prescrizione medica, da banco.
041238039	041238	BRUFEN	600 MG COMPRESSE RIVESTITE- 30 COMPRESSE IN BLISTER	IBUPROFENE	IBUPROFENE	600	milligrammi	Compressa rivestita	M01AE01	BB FARMA S.R.L.	Autorizzata	Importazione Parallela	Medicinali soggetti a prescrizione medica
041238041	041238	BRUFEN	600 MG COMPRESSE RIVESTITE- 30 COMPRESSE IN BLISTER	IBUPROFENE	IBUPROFENE	600	milligrammi	Compressa rivestita	M01AE01	BB FARMA S.R.L.	Autorizzata	Importazione Parallela	Medicinali soggetti a prescrizione medica
041238054	041238	BRUFEN	600 MG COMPRESSE RIVESTITE- 30 COMPRESSE  (3x10) IN BLISTER PVC	IBUPROFENE	IBUPROFENE	600	milligrammi	Compressa rivestita	M01AE01	BB FARMA S.R.L.	Autorizzata	Importazione Parallela	Medicinali soggetti a prescrizione medica
041240033	041240	BRUFEN	400 MG COMPRESSE RIVESTITE- 30 COMPRESSE IN BLISTER	IBUPROFENE	IBUPROFENE	600	milligrammi	Compressa rivestita	M01AE01	FARMA 1000 S.R.L.	Autorizzata	Importazione Parallela	Medicinali soggetti a prescrizione medica
041240058	041240	BRUFEN	600 mg COMPRESSA RIVESTITA- 30 COMPRESSA	IBUPROFENE	IBUPROFENE	600	milligrammi	Compressa rivestita	M01AE01	FARMA 1000 S.R.L.	Autorizzata	Importazione Parallela	Medicinali soggetti a prescrizione medica
041240060	041240	BRUFEN	600 MG COMPRESSE RIVESTITE CON FILM- 30 COMPRESSE IN BLISTER PVC	IBUPROFENE	IBUPROFENE			Compressa rivestita con film	M01AE01	FARMA 1000 S.R.L.	Autorizzata	Importazione Parallela	Medicinali soggetti a prescrizione medica
041299013	041299	FLUIFORT FEBBRE E DOLORE	BAMBINI 100 MG/5 ML SOSPENSIONE ORALE GUSTO FRAGOLA SENZA ZUCCHERO- 1 FLACONE DA 150 ML CON SIRINGA DOSATRICE	IBUPROFENE	IBUPROFENE	20	milligram(s)/millilitre	Sospensione orale	M01AE01	DOMPE' FARMACEUTICI S.P.A.	Autorizzata	Procedura Nazionale	Medicinali non soggetti a prescrizione medica ma non da banco
041299025	041299	FLUIFORT FEBBRE E DOLORE	BAMBINI 100 MG/5 ML SOSPENSIONE ORALE GUSTO ARANCIA SENZA ZUCCHERO- 1 FLACONE DA 150 ML CON SIRINGA DOSATRICE	IBUPROFENE	IBUPROFENE	20	milligram(s)/millilitre	Sospensione orale	M01AE01	DOMPE' FARMACEUTICI S.P.A.	Autorizzata	Procedura Nazionale	Medicinali non soggetti a prescrizione medica ma non da banco
041312012	041312	IBUPROFENE DOC GENERICI	600 MG GRANULATO EFFERVESCENTE- 10 BUSTINE CARTA/PE/AL/SURLYN	IBUPROFENE	IBUPROFENE	600	milligrammi	Granulato effervescente	M01AE01	DOC GENERICI SRL	Autorizzata	Procedura Mutuo riconoscimento o Decentrata	Medicinali soggetti a prescrizione medica
041312024	041312	IBUPROFENE DOC GENERICI	600 MG GRANULATO EFFERVESCENTE- 20 BUSTINE CARTA/PE/AL/SURLYN	IBUPROFENE	IBUPROFENE	600	milligrammi	Granulato effervescente	M01AE01	DOC GENERICI SRL	Autorizzata	Procedura Mutuo riconoscimento o Decentrata	Medicinali soggetti a prescrizione medica
041312036	041312	IBUPROFENE DOC GENERICI	600 MG GRANULATO EFFERVESCENTE- 30 BUSTINE CARTA/PE/AL/SURLYN	IBUPROFENE	IBUPROFENE	600	milligrammi	Granulato effervescente	M01AE01	DOC GENERICI SRL	Autorizzata	Procedura Mutuo riconoscimento o Decentrata	Medicinali soggetti a prescrizione medica
041536018	041536	NUROFENBABY	60 MG SUPPOSTE- 1 SUPPOSTA IN BLISTER AL	IBUPROFENE	IBUPROFENE	60	milligrammi	Supposta	M01AE01	RECKITT BENCKISER HEALTHCARE (ITALIA) S.P.A.	Autorizzata	Procedura Mutuo riconoscimento o Decentrata	Medicinali non soggetti a prescrizione medica ma non da banco
041536020	041536	NUROFENBABY	60 MG SUPPOSTE- 10 SUPPOSTE IN BLISTER AL	IBUPROFENE	IBUPROFENE	60	milligrammi	Supposta	M01AE01	RECKITT BENCKISER HEALTHCARE (ITALIA) S.P.A.	Autorizzata	Procedura Mutuo riconoscimento o Decentrata	Medicinali non soggetti a prescrizione medica ma non da banco
041536032	041536	NUROFENBABY	60 MG SUPPOSTE- 11 SUPPOSTE IN BLISTER AL	IBUPROFENE	IBUPROFENE	60	milligrammi	Supposta	M01AE01	RECKITT BENCKISER HEALTHCARE (ITALIA) S.P.A.	Autorizzata	Procedura Mutuo riconoscimento o Decentrata	Medicinali non soggetti a prescrizione medica ma non da banco
041536044	041536	NUROFENBABY	60 MG SUPPOSTE- 12 SUPPOSTE IN BLISTER AL	IBUPROFENE	IBUPROFENE	60	milligrammi	Supposta	M01AE01	RECKITT BENCKISER HEALTHCARE (ITALIA) S.P.A.	Autorizzata	Procedura Mutuo riconoscimento o Decentrata	Medicinali non soggetti a prescrizione medica ma non da banco
041536057	041536	NUROFENBABY	60 MG SUPPOSTE- 13 SUPPOSTE IN BLISTER AL	IBUPROFENE	IBUPROFENE	60	milligrammi	Supposta	M01AE01	RECKITT BENCKISER HEALTHCARE (ITALIA) S.P.A.	Autorizzata	Procedura Mutuo riconoscimento o Decentrata	Medicinali non soggetti a prescrizione medica ma non da banco
041536069	041536	NUROFENBABY	60 MG SUPPOSTE- 14 SUPPOSTE IN BLISTER AL	IBUPROFENE	IBUPROFENE	60	milligrammi	Supposta	M01AE01	RECKITT BENCKISER HEALTHCARE (ITALIA) S.P.A.	Autorizzata	Procedura Mutuo riconoscimento o Decentrata	Medicinali non soggetti a prescrizione medica ma non da banco
041536071	041536	NUROFENBABY	60 MG SUPPOSTE- 15 SUPPOSTE IN BLISTER AL	IBUPROFENE	IBUPROFENE	60	milligrammi	Supposta	M01AE01	RECKITT BENCKISER HEALTHCARE (ITALIA) S.P.A.	Autorizzata	Procedura Mutuo riconoscimento o Decentrata	Medicinali non soggetti a prescrizione medica ma non da banco
041536083	041536	NUROFENBABY	60 MG SUPPOSTE- 16 SUPPOSTE IN BLISTER AL	IBUPROFENE	IBUPROFENE	60	milligrammi	Supposta	M01AE01	RECKITT BENCKISER HEALTHCARE (ITALIA) S.P.A.	Autorizzata	Procedura Mutuo riconoscimento o Decentrata	Medicinali non soggetti a prescrizione medica ma non da banco
041536095	041536	NUROFENBABY	60 MG SUPPOSTE- 17 SUPPOSTE IN BLISTER AL	IBUPROFENE	IBUPROFENE	60	milligrammi	Supposta	M01AE01	RECKITT BENCKISER HEALTHCARE (ITALIA) S.P.A.	Autorizzata	Procedura Mutuo riconoscimento o Decentrata	Medicinali non soggetti a prescrizione medica ma non da banco
041536107	041536	NUROFENBABY	60 MG SUPPOSTE- 18 SUPPOSTE IN BLISTER AL	IBUPROFENE	IBUPROFENE	60	milligrammi	Supposta	M01AE01	RECKITT BENCKISER HEALTHCARE (ITALIA) S.P.A.	Autorizzata	Procedura Mutuo riconoscimento o Decentrata	Medicinali non soggetti a prescrizione medica ma non da banco
041536119	041536	NUROFENBABY	60 MG SUPPOSTE- 19 SUPPOSTE IN BLISTER AL	IBUPROFENE	IBUPROFENE	60	milligrammi	Supposta	M01AE01	RECKITT BENCKISER HEALTHCARE (ITALIA) S.P.A.	Autorizzata	Procedura Mutuo riconoscimento o Decentrata	Medicinali non soggetti a prescrizione medica ma non da banco
041536121	041536	NUROFENBABY	60 MG SUPPOSTE- 20 SUPPOSTE IN BLISTER AL	IBUPROFENE	IBUPROFENE	60	milligrammi	Supposta	M01AE01	RECKITT BENCKISER HEALTHCARE (ITALIA) S.P.A.	Autorizzata	Procedura Mutuo riconoscimento o Decentrata	Medicinali non soggetti a prescrizione medica ma non da banco
041610015	041610	NUROFENJUNIOR	125 MG SUPPOSTE-  1 SUPPOSTA IN BLISTER AL	IBUPROFENE	IBUPROFENE	125	milligrammi	Supposta	M01AE01	RECKITT BENCKISER HEALTHCARE (ITALIA) S.P.A.	Autorizzata	Procedura Mutuo riconoscimento o Decentrata	Medicinali non soggetti a prescrizione medica ma non da banco
041610027	041610	NUROFENJUNIOR	125 MG SUPPOSTE- 10 SUPPOSTE IN BLISTER AL	IBUPROFENE	IBUPROFENE	125	milligrammi	Supposta	M01AE01	RECKITT BENCKISER HEALTHCARE (ITALIA) S.P.A.	Autorizzata	Procedura Mutuo riconoscimento o Decentrata	Medicinali non soggetti a prescrizione medica ma non da banco
041610039	041610	NUROFENJUNIOR	125 MG SUPPOSTE- 11 SUPPOSTE IN BLISTER AL	IBUPROFENE	IBUPROFENE	125	milligrammi	Supposta	M01AE01	RECKITT BENCKISER HEALTHCARE (ITALIA) S.P.A.	Autorizzata	Procedura Mutuo riconoscimento o Decentrata	Medicinali non soggetti a prescrizione medica ma non da banco
041610041	041610	NUROFENJUNIOR	125 MG SUPPOSTE- 12 SUPPOSTE IN BLISTER AL	IBUPROFENE	IBUPROFENE	125	milligrammi	Supposta	M01AE01	RECKITT BENCKISER HEALTHCARE (ITALIA) S.P.A.	Autorizzata	Procedura Mutuo riconoscimento o Decentrata	Medicinali non soggetti a prescrizione medica ma non da banco
041610054	041610	NUROFENJUNIOR	125 MG SUPPOSTE- 13 SUPPOSTE IN BLISTER AL	IBUPROFENE	IBUPROFENE	125	milligrammi	Supposta	M01AE01	RECKITT BENCKISER HEALTHCARE (ITALIA) S.P.A.	Autorizzata	Procedura Mutuo riconoscimento o Decentrata	Medicinali non soggetti a prescrizione medica ma non da banco
041610066	041610	NUROFENJUNIOR	125 MG SUPPOSTE- 14 SUPPOSTE IN BLISTER AL	IBUPROFENE	IBUPROFENE	125	milligrammi	Supposta	M01AE01	RECKITT BENCKISER HEALTHCARE (ITALIA) S.P.A.	Autorizzata	Procedura Mutuo riconoscimento o Decentrata	Medicinali non soggetti a prescrizione medica ma non da banco
041610078	041610	NUROFENJUNIOR	125 MG SUPPOSTE- 15 SUPPOSTE IN BLISTER AL	IBUPROFENE	IBUPROFENE	125	milligrammi	Supposta	M01AE01	RECKITT BENCKISER HEALTHCARE (ITALIA) S.P.A.	Autorizzata	Procedura Mutuo riconoscimento o Decentrata	Medicinali non soggetti a prescrizione medica ma non da banco
041610080	041610	NUROFENJUNIOR	125 MG SUPPOSTE- 16 SUPPOSTE IN BLISTER AL	IBUPROFENE	IBUPROFENE	125	milligrammi	Supposta	M01AE01	RECKITT BENCKISER HEALTHCARE (ITALIA) S.P.A.	Autorizzata	Procedura Mutuo riconoscimento o Decentrata	Medicinali non soggetti a prescrizione medica ma non da banco
041610092	041610	NUROFENJUNIOR	125 MG SUPPOSTE- 17 SUPPOSTE IN BLISTER AL	IBUPROFENE	IBUPROFENE	125	milligrammi	Supposta	M01AE01	RECKITT BENCKISER HEALTHCARE (ITALIA) S.P.A.	Autorizzata	Procedura Mutuo riconoscimento o Decentrata	Medicinali non soggetti a prescrizione medica ma non da banco
041610104	041610	NUROFENJUNIOR	125 MG SUPPOSTE- 18 SUPPOSTE IN BLISTER AL	IBUPROFENE	IBUPROFENE	125	milligrammi	Supposta	M01AE01	RECKITT BENCKISER HEALTHCARE (ITALIA) S.P.A.	Autorizzata	Procedura Mutuo riconoscimento o Decentrata	Medicinali non soggetti a prescrizione medica ma non da banco
041610116	041610	NUROFENJUNIOR	125 MG SUPPOSTE- 19 SUPPOSTE IN BLISTER AL	IBUPROFENE	IBUPROFENE	125	milligrammi	Supposta	M01AE01	RECKITT BENCKISER HEALTHCARE (ITALIA) S.P.A.	Autorizzata	Procedura Mutuo riconoscimento o Decentrata	Medicinali non soggetti a prescrizione medica ma non da banco
041610128	041610	NUROFENJUNIOR	125 MG SUPPOSTE- 20 SUPPOSTE IN BLISTER AL	IBUPROFENE	IBUPROFENE	125	milligrammi	Supposta	M01AE01	RECKITT BENCKISER HEALTHCARE (ITALIA) S.P.A.	Autorizzata	Procedura Mutuo riconoscimento o Decentrata	Medicinali non soggetti a prescrizione medica ma non da banco
041631019	041631	BUSCOFENACT	400 MG CAPSULE MOLLI- 6 CAPSULE IN BLISTER PVC/PE/PVDC-AL	IBUPROFENE	IBUPROFENE	400	milligrammi	Capsula molle	M01AE01	OPELLA HEALTHCARE ITALY S.R.L.	Autorizzata	Procedura Mutuo riconoscimento o Decentrata	Medicinali non soggetti a prescrizione medica, da banco.
041631021	041631	BUSCOFENACT	400 MG CAPSULE MOLLI- 12 CAPSULE IN BLISTER PVC/PE/PVDC-AL	IBUPROFENE	IBUPROFENE	400	milligrammi	Capsula molle	M01AE01	OPELLA HEALTHCARE ITALY S.R.L.	Autorizzata	Procedura Mutuo riconoscimento o Decentrata	Medicinali non soggetti a prescrizione medica, da banco.
041631033	041631	BUSCOFENACT	400 MG CAPSULE MOLLI- 20 CAPSULE IN BLISTER PVC/PE/PVDC-AL	IBUPROFENE	IBUPROFENE	400	milligrammi	Capsula molle	M01AE01	OPELLA HEALTHCARE ITALY S.R.L.	Autorizzata	Procedura Mutuo riconoscimento o Decentrata	Medicinali non soggetti a prescrizione medica, da banco.
041668029	041668	NUROFEN FEBBRE E DOLORE	BAMBINI 100 MG/5 ML SOSPENSIONE ORALE GUSTO ARANCIA SENZA ZUCCHERO- FLACONE DA 150 ML CON SIRINGA PER SOMMINISTRAZIONE ORALE	IBUPROFENE	IBUPROFENE	20	milligrammi	Sospensione orale	M01AE01	MEDIFARM S.R.L.	Autorizzata	Importazione Parallela	Medicinali non soggetti a prescrizione medica ma non da banco
041746025	041746	BRUFEN	600 MG COMPRESSE RIVESTITE- 30 COMPRESSE IN BLISTER	IBUPROFENE	IBUPROFENE	600	milligrammi	Compressa rivestita	M01AE01	GEKOFAR S.R.L.	Autorizzata	Importazione Parallela	Medicinali soggetti a prescrizione medica
041860014	041860	NUROFENCAPS	400 MG CAPSULE MOLLI- 2 CAPSULE IN BLISTER PVC/PVDC/AL	IBUPROFENE	IBUPROFENE	400	milligrammi	Capsula molle	M01AE01	RECKITT BENCKISER HEALTHCARE (ITALIA) S.P.A.	Autorizzata	Procedura Mutuo riconoscimento o Decentrata	Medicinali non soggetti a prescrizione medica, da banco.
041860026	041860	NUROFENCAPS	400 MG CAPSULE MOLLI- 4 CAPSULE IN BLISTER PVC/PVDC/AL	IBUPROFENE	IBUPROFENE	400	milligrammi	Capsula molle	M01AE01	RECKITT BENCKISER HEALTHCARE (ITALIA) S.P.A.	Autorizzata	Procedura Mutuo riconoscimento o Decentrata	Medicinali non soggetti a prescrizione medica, da banco.
041860038	041860	NUROFENCAPS	400 MG CAPSULE MOLLI- 6 CAPSULE IN BLISTER PVC/PVDC/AL	IBUPROFENE	IBUPROFENE	400	milligrammi	Capsula molle	M01AE01	RECKITT BENCKISER HEALTHCARE (ITALIA) S.P.A.	Autorizzata	Procedura Mutuo riconoscimento o Decentrata	Medicinali non soggetti a prescrizione medica, da banco.
041860040	041860	NUROFENCAPS	400 MG CAPSULE MOLLI- 8 CAPSULE IN BLISTER PVC/PVDC/AL	IBUPROFENE	IBUPROFENE	400	milligrammi	Capsula molle	M01AE01	RECKITT BENCKISER HEALTHCARE (ITALIA) S.P.A.	Autorizzata	Procedura Mutuo riconoscimento o Decentrata	Medicinali non soggetti a prescrizione medica, da banco.
041860053	041860	NUROFENCAPS	400 MG CAPSULE MOLLI- 10 CAPSULE IN BLISTER PVC/PVDC/AL	IBUPROFENE	IBUPROFENE	400	milligrammi	Capsula molle	M01AE01	RECKITT BENCKISER HEALTHCARE (ITALIA) S.P.A.	Autorizzata	Procedura Mutuo riconoscimento o Decentrata	Medicinali non soggetti a prescrizione medica, da banco.
041860065	041860	NUROFENCAPS	400 MG CAPSULE MOLLI- 12 CAPSULE IN BLISTER PVC/PVDC/AL	IBUPROFENE	IBUPROFENE	400	milligrammi	Capsula molle	M01AE01	RECKITT BENCKISER HEALTHCARE (ITALIA) S.P.A.	Autorizzata	Procedura Mutuo riconoscimento o Decentrata	Medicinali non soggetti a prescrizione medica, da banco.
041860077	041860	NUROFENCAPS	400 MG CAPSULE MOLLI- 16 CAPSULE IN BLISTER PVC/PVDC/AL	IBUPROFENE	IBUPROFENE	400	milligrammi	Capsula molle	M01AE01	RECKITT BENCKISER HEALTHCARE (ITALIA) S.P.A.	Autorizzata	Procedura Mutuo riconoscimento o Decentrata	Medicinali non soggetti a prescrizione medica, da banco.
041860089	041860	NUROFENCAPS	400 MG CAPSULE MOLLI- 20 CAPSULE IN BLISTER PVC/PVDC/AL	IBUPROFENE	IBUPROFENE	400	milligrammi	Capsula molle	M01AE01	RECKITT BENCKISER HEALTHCARE (ITALIA) S.P.A.	Autorizzata	Procedura Mutuo riconoscimento o Decentrata	Medicinali non soggetti a prescrizione medica, da banco.
041860091	041860	NUROFENCAPS	400 MG CAPSULE MOLLI- 24 CAPSULE IN BLISTER PVC/PVDC/AL	IBUPROFENE	IBUPROFENE	400	milligrammi	Capsula molle	M01AE01	RECKITT BENCKISER HEALTHCARE (ITALIA) S.P.A.	Autorizzata	Procedura Mutuo riconoscimento o Decentrata	Medicinali non soggetti a prescrizione medica, da banco.
041860103	041860	NUROFENCAPS	400 MG CAPSULE MOLLI- 30 CAPSULE IN BLISTER PVC/PVDC/AL	IBUPROFENE	IBUPROFENE	400	milligrammi	Capsula molle	M01AE01	RECKITT BENCKISER HEALTHCARE (ITALIA) S.P.A.	Autorizzata	Procedura Mutuo riconoscimento o Decentrata	Medicinali non soggetti a prescrizione medica, da banco.
041860115	041860	NUROFENCAPS	400 MG CAPSULE MOLLI- 40 CAPSULE IN BLISTER PVC/PVDC/AL	IBUPROFENE	IBUPROFENE	400	milligrammi	Capsula molle	M01AE01	RECKITT BENCKISER HEALTHCARE (ITALIA) S.P.A.	Autorizzata	Procedura Mutuo riconoscimento o Decentrata	Medicinali soggetti a prescrizione medica
041860127	041860	NUROFENCAPS	400 MG CAPSULE MOLLI- 50 CAPSULE IN BLISTER PVC/PVDC/AL	IBUPROFENE	IBUPROFENE	400	milligrammi	Capsula molle	M01AE01	RECKITT BENCKISER HEALTHCARE (ITALIA) S.P.A.	Autorizzata	Procedura Mutuo riconoscimento o Decentrata	Medicinali soggetti a prescrizione medica
041869013	041869	LEVIFEN	BAMBINI 100 MG/5 ML SOSPENSIONE ORALE GUSTO FRAGOLA SENZA ZUCCHERO- 1 FLACONE DA 150 ML CON SIRINGA DOSATRICE	IBUPROFENE	IBUPROFENE	20	milligram(s)/millilitre	Sospensione orale	M01AE01	EXIPHARMA S.R.L.	Autorizzata	Procedura Nazionale	Medicinali non soggetti a prescrizione medica ma non da banco
041869025	041869	LEVIFEN	BAMBINI 100 MG/5 ML SOSPENSIONE ORALE GUSTO ARANCIA SENZA ZUCCHERO- 1 FLACONE DA 150 ML CON SIRINGA DOSATRICE	IBUPROFENE	IBUPROFENE	20	milligram(s)/millilitre	Sospensione orale	M01AE01	EXIPHARMA S.R.L.	Autorizzata	Procedura Nazionale	Medicinali non soggetti a prescrizione medica ma non da banco
041952019	041952	PAIDOFEN	BAMBINI 100 MG/5 ML SOSPENSIONE ORALE GUSTO FRAGOLA SENZA ZUCCHERO- 1 FLACONE DA 150 ML CON SIRINGA DOSATRICE	IBUPROFENE	IBUPROFENE	20	milligram(s)/millilitre	Sospensione orale	M01AE01	D.M.G. ITALIA S.R.L.	Autorizzata	Procedura Nazionale	Medicinali non soggetti a prescrizione medica ma non da banco
041952021	041952	PAIDOFEN	BAMBINI 100 MG/5 ML SOSPENSIONE ORALE GUSTO ARANCIA SENZA ZUCCHERO- 1 FLACONE DA 150 ML CON SIRINGA DOSATRICE	IBUPROFENE	IBUPROFENE	20	milligram(s)/millilitre	Sospensione orale	M01AE01	D.M.G. ITALIA S.R.L.	Autorizzata	Procedura Nazionale	Medicinali non soggetti a prescrizione medica ma non da banco
041997014	041997	IBULEV	BAMBINI 100 MG/5 ML SOSPENSIONE ORALE GUSTO FRAGOLA SENZA ZUCCHERO- 1 FLACONE DA 150 ML CON SIRINGA DOSATRICE	IBUPROFENE	IBUPROFENE	20	milligram(s)/millilitre	Sospensione orale	M01AE01	FARTO S.R.L. - FARMACO BIOCHIMICO TOSCANO	Autorizzata	Procedura Nazionale	Medicinali non soggetti a prescrizione medica ma non da banco
041997026	041997	IBULEV	BAMBINI 100 MG/5 ML SOSPENSIONE ORALE GUSTO ARANCIA SENZA ZUCCHERO- 1 FLACONE DA 150 ML CON SIRINGA DOSATRICE	IBUPROFENE	IBUPROFENE	20	milligram(s)/millilitre	Sospensione orale	M01AE01	FARTO S.R.L. - FARMACO BIOCHIMICO TOSCANO	Autorizzata	Procedura Nazionale	Medicinali non soggetti a prescrizione medica ma non da banco
041997038	041997	IBULEV	200 MG SOSPENSIONE ORALE IN BUSTINA GUSTO ARANCIA- 6 BUSTINE PET/AL/PE DA 10 ML	IBUPROFENE	IBUPROFENE	20	milligram(s)/millilitre	Sospensione orale	M01AE01	FARTO S.R.L. - FARMACO BIOCHIMICO TOSCANO	Autorizzata	Procedura Nazionale	Medicinali non soggetti a prescrizione medica ma non da banco
041997040	041997	IBULEV	200 MG SOSPENSIONE ORALE IN BUSTINA GUSTO ARANCIA- 12 BUSTINE PET/AL/PE DA 10 ML	IBUPROFENE	IBUPROFENE	20	milligram(s)/millilitre	Sospensione orale	M01AE01	FARTO S.R.L. - FARMACO BIOCHIMICO TOSCANO	Autorizzata	Procedura Nazionale	Medicinali non soggetti a prescrizione medica ma non da banco
042094021	042094	NUROFEN FEBBRE E DOLORE	BAMBINI 100 MG/5 ML SOSPENSIONE ORALE GUSTO ARANCIA SENZA ZUCCHERO- FLACONE DA 150 ML CON SIRINGA DOSATRICE	IBUPROFENE	IBUPROFENE			Sospensione orale	M01AE01	GEKOFAR S.R.L.	Autorizzata	Importazione Parallela	Medicinali non soggetti a prescrizione medica ma non da banco
042094033	042094	NUROFEN FEBBRE E DOLORE	200 mg / 5 ml SOSPENSIONE ORALE GUSTO ARANCIA SENZA ZUCCHERO- FLACONE DA 100 ML CON SIRINGA DOSATRICE	IBUPROFENE	IBUPROFENE	200	milligrammi	Sospensione orale	M01AE01	GEKOFAR S.R.L.	Autorizzata	Importazione Parallela	Medicinali non soggetti a prescrizione medica, da banco.
042094045	042094	NUROFEN FEBBRE E DOLORE	200 mg / 5 ml SOSPENSIONE ORALE GUSTO FRAGOLA SENZA ZUCCHERO- FLACONE DA 100 ML CON SIRINGA DOSATRICE	IBUPROFENE	IBUPROFENE	200	milligrammi	Sospensione orale	M01AE01	GEKOFAR S.R.L.	Autorizzata	Importazione Parallela	Medicinali non soggetti a prescrizione medica, da banco.
042094058	042094	NUROFEN FEBBRE E DOLORE	BAMBINI 100 MG/5 ML- SOSPENSIONE ORALE GUSTO ARANCIA SENZA ZUCCHERO FLACONE DA 150 ML CON SIRINGA DOSATRICE	IBUPROFENE	IBUPROFENE	200	milligrammi	Sospensione orale	M01AE01	GEKOFAR S.R.L.	Autorizzata	Importazione Parallela	Medicinali non soggetti a prescrizione medica ma non da banco
042143014	042143	IBUPROFENE EG	BAMBINI 100 MG/5 ML SOSPENSIONE ORALE GUSTO FRAGOLA SENZA ZUCCHERO- 1 FLACONE DA 150 ML CON SIRINGA DOSATRICE	IBUPROFENE	IBUPROFENE	20	milligram(s)/millilitre	Sospensione orale	M01AE01	EG S.P.A.	Autorizzata	Procedura Nazionale	Medicinali non soggetti a prescrizione medica ma non da banco
042143026	042143	IBUPROFENE EG	BAMBINI 100 MG/5 ML SOSPENSIONE ORALE GUSTO ARANCIA SENZA ZUCCHERO- 1 FLACONE DA 150 ML CON SIRINGA DOSATRICE	IBUPROFENE	IBUPROFENE	20	milligram(s)/millilitre	Sospensione orale	M01AE01	EG S.P.A.	Autorizzata	Procedura Nazionale	Medicinali non soggetti a prescrizione medica ma non da banco
042178018	042178	ALGOPIRINA FEBBRE E DOLORE	BAMBINI 100 MG/5 ML SOSPENSIONE ORALE GUSTO FRAGOLA SENZA ZUCCHERO- 1 FLACONE DA 150 ML CON SIRINGA DOSATRICE	IBUPROFENE	IBUPROFENE	20	milligram(s)/millilitre	Sospensione orale	M01AE01	SO.SE.PHARM S.R.L. SOCIETA' DI SERVIZIO PER L'INDUSTRIA FARMACEUTICA ED AFFINI	Autorizzata	Procedura Nazionale	Medicinali non soggetti a prescrizione medica ma non da banco
042178020	042178	ALGOPIRINA FEBBRE E DOLORE	BAMBINI 100 MG/5 ML SOSPENSIONE ORALE GUSTO ARANCIA SENZA ZUCCHERO- 1 FLACONE DA 150 ML CON SIRINGA DOSATRICE	IBUPROFENE	IBUPROFENE	20	milligram(s)/millilitre	Sospensione orale	M01AE01	SO.SE.PHARM S.R.L. SOCIETA' DI SERVIZIO PER L'INDUSTRIA FARMACEUTICA ED AFFINI	Autorizzata	Procedura Nazionale	Medicinali non soggetti a prescrizione medica ma non da banco
042178032	042178	ALGOPIRINA FEBBRE E DOLORE	200 MG SOSPENSIONE ORALE IN BUSTINE - GUSTO ARANCIA- 6 BUSTINE PET/AL/PE DA 10 ML	IBUPROFENE	IBUPROFENE	200	milligrammi	Sospensione orale	M01AE01	SO.SE.PHARM S.R.L. SOCIETA' DI SERVIZIO PER L'INDUSTRIA FARMACEUTICA ED AFFINI	Autorizzata	Procedura Nazionale	Medicinali non soggetti a prescrizione medica ma non da banco
042178044	042178	ALGOPIRINA FEBBRE E DOLORE	200 MG SOSPENSIONE ORALE IN BUSTINE - GUSTO ARANCIA- 12 BUSTINE PET/AL/PE DA 10 ML	IBUPROFENE	IBUPROFENE	200	milligrammi	Sospensione orale	M01AE01	SO.SE.PHARM S.R.L. SOCIETA' DI SERVIZIO PER L'INDUSTRIA FARMACEUTICA ED AFFINI	Autorizzata	Procedura Nazionale	Medicinali non soggetti a prescrizione medica ma non da banco
042324018	042324	IBUPROFENE ZENTIVA ITALIA	200 MG COMPRESSE RIVESTITE CON FILM- 6 COMPRESSE IN BLISTER PVC/AL	IBUPROFENE	IBUPROFENE	200	milligrammi	Compressa rivestita con film	M01AE01	ZENTIVA ITALIA S.R.L.	Autorizzata	Procedura Nazionale	Medicinali non soggetti a prescrizione medica, da banco.
042324020	042324	IBUPROFENE ZENTIVA ITALIA	200 MG COMPRESSE RIVESTITE CON FILM- 12 COMPRESSE IN BLISTER PVC/AL	IBUPROFENE	IBUPROFENE	200	milligrammi	Compressa rivestita con film	M01AE01	ZENTIVA ITALIA S.R.L.	Autorizzata	Procedura Nazionale	Medicinali non soggetti a prescrizione medica, da banco.
042324032	042324	IBUPROFENE ZENTIVA ITALIA	200 MG COMPRESSE RIVESTITE CON FILM- 24 COMPRESSE IN BLISTER PVC/AL	IBUPROFENE	IBUPROFENE	200	milligrammi	Compressa rivestita con film	M01AE01	ZENTIVA ITALIA S.R.L.	Autorizzata	Procedura Nazionale	Medicinali non soggetti a prescrizione medica, da banco.
042324044	042324	IBUPROFENE ZENTIVA ITALIA	400 MG COMPRESSE RIVESTITE CON FILM- 6 COMPRESSE IN BLISTER PVC/AL	IBUPROFENE	IBUPROFENE	400	milligrammi	Compressa rivestita con film	M01AE01	ZENTIVA ITALIA S.R.L.	Autorizzata	Procedura Nazionale	Medicinali non soggetti a prescrizione medica, da banco.
042324057	042324	IBUPROFENE ZENTIVA ITALIA	400 MG COMPRESSE RIVESTITE CON FILM- 12 COMPRESSE IN BLISTER PVC/AL	IBUPROFENE	IBUPROFENE	400	milligrammi	Compressa rivestita con film	M01AE01	ZENTIVA ITALIA S.R.L.	Autorizzata	Procedura Nazionale	Medicinali non soggetti a prescrizione medica, da banco.
042386019	042386	BRUFEN ANALGESICO	200 MG COMPRESSE RIVESTITE CON FILM- 2 COMPRESSE IN BLISTER PVC/PE/PVDC/AL	IBUPROFENE	IBUPROFENE	200	milligrammi	Compressa rivestita con film	M01AE01	MYLAN S.P.A.	Autorizzata	Procedura Mutuo riconoscimento o Decentrata	Medicinali non soggetti a prescrizione medica, da banco.
042386021	042386	BRUFEN ANALGESICO	200 MG COMPRESSE RIVESTITE CON FILM- 4 COMPRESSE IN BLISTER PVC/PE/PVDC/AL	IBUPROFENE	IBUPROFENE	200	milligrammi	Compressa rivestita con film	M01AE01	MYLAN S.P.A.	Autorizzata	Procedura Mutuo riconoscimento o Decentrata	Medicinali non soggetti a prescrizione medica, da banco.
042386033	042386	BRUFEN ANALGESICO	200 MG COMPRESSE RIVESTITE CON FILM- 6 COMPRESSE IN BLISTER PVC/PE/PVDC/AL	IBUPROFENE	IBUPROFENE	200	milligrammi	Compressa rivestita con film	M01AE01	MYLAN S.P.A.	Autorizzata	Procedura Mutuo riconoscimento o Decentrata	Medicinali non soggetti a prescrizione medica, da banco.
042386045	042386	BRUFEN ANALGESICO	200 MG COMPRESSE RIVESTITE CON FILM- 10 COMPRESSE IN BLISTER PVC/PE/PVDC/AL	IBUPROFENE	IBUPROFENE	200	milligrammi	Compressa rivestita con film	M01AE01	MYLAN S.P.A.	Autorizzata	Procedura Mutuo riconoscimento o Decentrata	Medicinali non soggetti a prescrizione medica, da banco.
042386058	042386	BRUFEN ANALGESICO	200 MG COMPRESSE RIVESTITE CON FILM- 12 COMPRESSE IN BLISTER PVC/PE/PVDC/AL	IBUPROFENE	IBUPROFENE	200	milligrammi	Compressa rivestita con film	M01AE01	MYLAN S.P.A.	Autorizzata	Procedura Mutuo riconoscimento o Decentrata	Medicinali non soggetti a prescrizione medica, da banco.
042386060	042386	BRUFEN ANALGESICO	200 MG COMPRESSE RIVESTITE CON FILM- 16 COMPRESSE IN BLISTER PVC/PE/PVDC/AL	IBUPROFENE	IBUPROFENE	200	milligrammi	Compressa rivestita con film	M01AE01	MYLAN S.P.A.	Autorizzata	Procedura Mutuo riconoscimento o Decentrata	Medicinali non soggetti a prescrizione medica, da banco.
042386072	042386	BRUFEN ANALGESICO	200 MG COMPRESSE RIVESTITE CON FILM- 20 COMPRESSE IN BLISTER PVC/PE/PVDC/AL	IBUPROFENE	IBUPROFENE	200	milligrammi	Compressa rivestita con film	M01AE01	MYLAN S.P.A.	Autorizzata	Procedura Mutuo riconoscimento o Decentrata	Medicinali non soggetti a prescrizione medica, da banco.
042386084	042386	BRUFEN ANALGESICO	200 MG COMPRESSE RIVESTITE CON FILM- 24 COMPRESSE IN BLISTER PVC/PE/PVDC/AL	IBUPROFENE	IBUPROFENE	200	milligrammi	Compressa rivestita con film	M01AE01	MYLAN S.P.A.	Autorizzata	Procedura Mutuo riconoscimento o Decentrata	Medicinali non soggetti a prescrizione medica, da banco.
042386096	042386	BRUFEN ANALGESICO	200 MG COMPRESSE RIVESTITE CON FILM- 30 COMPRESSE IN BLISTER PVC/PE/PVDC/AL	IBUPROFENE	IBUPROFENE	200	milligrammi	Compressa rivestita con film	M01AE01	MYLAN S.P.A.	Autorizzata	Procedura Mutuo riconoscimento o Decentrata	Medicinali non soggetti a prescrizione medica, da banco.
042386108	042386	BRUFEN ANALGESICO	200 MG COMPRESSE RIVESTITE CON FILM- 48 COMPRESSE IN BLISTER PVC/PE/PVDC/AL	IBUPROFENE	IBUPROFENE	200	milligrammi	Compressa rivestita con film	M01AE01	MYLAN S.P.A.	Autorizzata	Procedura Mutuo riconoscimento o Decentrata	Medicinali soggetti a prescrizione medica
042386110	042386	BRUFEN ANALGESICO	200 MG COMPRESSE RIVESTITE CON FILM- 50 COMPRESSE IN BLISTER PVC/PE/PVDC/AL	IBUPROFENE	IBUPROFENE	200	milligrammi	Compressa rivestita con film	M01AE01	MYLAN S.P.A.	Autorizzata	Procedura Mutuo riconoscimento o Decentrata	Medicinali soggetti a prescrizione medica
042386122	042386	BRUFEN ANALGESICO	200 MG COMPRESSE RIVESTITE CON FILM- 100 COMPRESSE IN BLISTER PVC/PE/PVDC/AL	IBUPROFENE	IBUPROFENE	200	milligrammi	Compressa rivestita con film	M01AE01	MYLAN S.P.A.	Autorizzata	Procedura Mutuo riconoscimento o Decentrata	Medicinali soggetti a prescrizione medica
042386134	042386	BRUFEN ANALGESICO	200 MG COMPRESSE RIVESTITE CON FILM- 200 COMPRESSE IN BLISTER PVC/PE/PVDC/AL	IBUPROFENE	IBUPROFENE	200	milligrammi	Compressa rivestita con film	M01AE01	MYLAN S.P.A.	Autorizzata	Procedura Mutuo riconoscimento o Decentrata	Medicinali soggetti a prescrizione medica
042386146	042386	BRUFEN ANALGESICO	200 MG COMPRESSE RIVESTITE CON FILM- 2 COMPRESSE IN BLISTER OPA/AL/PVC/AL/VMCH	IBUPROFENE	IBUPROFENE	200	milligrammi	Compressa rivestita con film	M01AE01	MYLAN S.P.A.	Autorizzata	Procedura Mutuo riconoscimento o Decentrata	Medicinali non soggetti a prescrizione medica, da banco.
042386159	042386	BRUFEN ANALGESICO	200 MG COMPRESSE RIVESTITE CON FILM- 4 COMPRESSE IN BLISTER OPA/AL/PVC/AL/VMCH	IBUPROFENE	IBUPROFENE	200	milligrammi	Compressa rivestita con film	M01AE01	MYLAN S.P.A.	Autorizzata	Procedura Mutuo riconoscimento o Decentrata	Medicinali non soggetti a prescrizione medica, da banco.
042386161	042386	BRUFEN ANALGESICO	200 MG COMPRESSE RIVESTITE CON FILM- 6 COMPRESSE IN BLISTER OPA/AL/PVC/AL/VMCH	IBUPROFENE	IBUPROFENE	200	milligrammi	Compressa rivestita con film	M01AE01	MYLAN S.P.A.	Autorizzata	Procedura Mutuo riconoscimento o Decentrata	Medicinali non soggetti a prescrizione medica, da banco.
042386173	042386	BRUFEN ANALGESICO	200 MG COMPRESSE RIVESTITE CON FILM- 10 COMPRESSE IN BLISTER OPA/AL/PVC/AL/VMCH	IBUPROFENE	IBUPROFENE	200	milligrammi	Compressa rivestita con film	M01AE01	MYLAN S.P.A.	Autorizzata	Procedura Mutuo riconoscimento o Decentrata	Medicinali non soggetti a prescrizione medica, da banco.
042386185	042386	BRUFEN ANALGESICO	200 MG COMPRESSE RIVESTITE CON FILM- 12 COMPRESSE IN BLISTER OPA/AL/PVC/AL/VMCH	IBUPROFENE	IBUPROFENE	200	milligrammi	Compressa rivestita con film	M01AE01	MYLAN S.P.A.	Autorizzata	Procedura Mutuo riconoscimento o Decentrata	Medicinali non soggetti a prescrizione medica, da banco.
042386197	042386	BRUFEN ANALGESICO	200 MG COMPRESSE RIVESTITE CON FILM- 16 COMPRESSE IN BLISTER OPA/AL/PVC/AL/VMCH	IBUPROFENE	IBUPROFENE	200	milligrammi	Compressa rivestita con film	M01AE01	MYLAN S.P.A.	Autorizzata	Procedura Mutuo riconoscimento o Decentrata	Medicinali non soggetti a prescrizione medica, da banco.
042386209	042386	BRUFEN ANALGESICO	200 MG COMPRESSE RIVESTITE CON FILM- 20 COMPRESSE IN BLISTER OPA/AL/PVC/AL/VMCH	IBUPROFENE	IBUPROFENE	200	milligrammi	Compressa rivestita con film	M01AE01	MYLAN S.P.A.	Autorizzata	Procedura Mutuo riconoscimento o Decentrata	Medicinali non soggetti a prescrizione medica, da banco.
042386211	042386	BRUFEN ANALGESICO	200 MG COMPRESSE RIVESTITE CON FILM- 24 COMPRESSE IN BLISTER OPA/AL/PVC/AL/VMCH	IBUPROFENE	IBUPROFENE	200	milligrammi	Compressa rivestita con film	M01AE01	MYLAN S.P.A.	Autorizzata	Procedura Mutuo riconoscimento o Decentrata	Medicinali non soggetti a prescrizione medica, da banco.
042386223	042386	BRUFEN ANALGESICO	200 MG COMPRESSE RIVESTITE CON FILM- 30 COMPRESSE IN BLISTER OPA/AL/PVC/AL/VMCH	IBUPROFENE	IBUPROFENE	200	milligrammi	Compressa rivestita con film	M01AE01	MYLAN S.P.A.	Autorizzata	Procedura Mutuo riconoscimento o Decentrata	Medicinali non soggetti a prescrizione medica, da banco.
042386235	042386	BRUFEN ANALGESICO	200 MG COMPRESSE RIVESTITE CON FILM- 48 COMPRESSE IN BLISTER OPA/AL/PVC/AL/VMCH	IBUPROFENE	IBUPROFENE	200	milligrammi	Compressa rivestita con film	M01AE01	MYLAN S.P.A.	Autorizzata	Procedura Mutuo riconoscimento o Decentrata	Medicinali soggetti a prescrizione medica
042386247	042386	BRUFEN ANALGESICO	200 MG COMPRESSE RIVESTITE CON FILM- 50 COMPRESSE IN BLISTER OPA/AL/PVC/AL/VMCH	IBUPROFENE	IBUPROFENE	200	milligrammi	Compressa rivestita con film	M01AE01	MYLAN S.P.A.	Autorizzata	Procedura Mutuo riconoscimento o Decentrata	Medicinali soggetti a prescrizione medica
042386250	042386	BRUFEN ANALGESICO	200 MG COMPRESSE RIVESTITE CON FILM- 100 COMPRESSE IN BLISTER OPA/AL/PVC/AL/VMCH	IBUPROFENE	IBUPROFENE	200	milligrammi	Compressa rivestita con film	M01AE01	MYLAN S.P.A.	Autorizzata	Procedura Mutuo riconoscimento o Decentrata	Medicinali soggetti a prescrizione medica
042386262	042386	BRUFEN ANALGESICO	200 MG COMPRESSE RIVESTITE CON FILM- 200 COMPRESSE IN BLISTER OPA/AL/PVC/AL/VMCH	IBUPROFENE	IBUPROFENE	200	milligrammi	Compressa rivestita con film	M01AE01	MYLAN S.P.A.	Autorizzata	Procedura Mutuo riconoscimento o Decentrata	Medicinali soggetti a prescrizione medica
042386274	042386	BRUFEN ANALGESICO	200 MG COMPRESSE RIVESTITE CON FILM- 48 COMPRESSE IN FLACONE HDPE	IBUPROFENE	IBUPROFENE	200	milligrammi	Compressa rivestita con film	M01AE01	MYLAN S.P.A.	Autorizzata	Procedura Mutuo riconoscimento o Decentrata	Medicinali soggetti a prescrizione medica
042386286	042386	BRUFEN ANALGESICO	200 MG COMPRESSE RIVESTITE CON FILM- 100 COMPRESSE IN FLACONE HDPE	IBUPROFENE	IBUPROFENE	200	milligrammi	Compressa rivestita con film	M01AE01	MYLAN S.P.A.	Autorizzata	Procedura Mutuo riconoscimento o Decentrata	Medicinali soggetti a prescrizione medica
042386298	042386	BRUFEN ANALGESICO	200 MG COMPRESSE RIVESTITE CON FILM- 200 COMPRESSE IN FLACONE HDPE	IBUPROFENE	IBUPROFENE	200	milligrammi	Compressa rivestita con film	M01AE01	MYLAN S.P.A.	Autorizzata	Procedura Mutuo riconoscimento o Decentrata	Medicinali soggetti a prescrizione medica
042386300	042386	BRUFEN ANALGESICO	400 MG COMPRESSE RIVESTITE CON FILM- 2 COMPRESSE IN BLISTER PVC/PE/PVDC/AL	IBUPROFENE	IBUPROFENE	400	milligrammi	Compressa rivestita con film	M01AE01	MYLAN S.P.A.	Autorizzata	Procedura Mutuo riconoscimento o Decentrata	Medicinali non soggetti a prescrizione medica, da banco.
042386312	042386	BRUFEN ANALGESICO	400 MG COMPRESSE RIVESTITE CON FILM- 4 COMPRESSE IN BLISTER PVC/PE/PVDC/AL	IBUPROFENE	IBUPROFENE	400	milligrammi	Compressa rivestita con film	M01AE01	MYLAN S.P.A.	Autorizzata	Procedura Mutuo riconoscimento o Decentrata	Medicinali non soggetti a prescrizione medica, da banco.
042386324	042386	BRUFEN ANALGESICO	400 MG COMPRESSE RIVESTITE CON FILM- 6 COMPRESSE IN BLISTER PVC/PE/PVDC/AL	IBUPROFENE	IBUPROFENE	400	milligrammi	Compressa rivestita con film	M01AE01	MYLAN S.P.A.	Autorizzata	Procedura Mutuo riconoscimento o Decentrata	Medicinali non soggetti a prescrizione medica, da banco.
042386336	042386	BRUFEN ANALGESICO	400 MG COMPRESSE RIVESTITE CON FILM- 10 COMPRESSE IN BLISTER PVC/PE/PVDC/AL	IBUPROFENE	IBUPROFENE	400	milligrammi	Compressa rivestita con film	M01AE01	MYLAN S.P.A.	Autorizzata	Procedura Mutuo riconoscimento o Decentrata	Medicinali non soggetti a prescrizione medica, da banco.
042386348	042386	BRUFEN ANALGESICO	400 MG COMPRESSE RIVESTITE CON FILM- 12 COMPRESSE IN BLISTER PVC/PE/PVDC/AL	IBUPROFENE	IBUPROFENE	400	milligrammi	Compressa rivestita con film	M01AE01	MYLAN S.P.A.	Autorizzata	Procedura Mutuo riconoscimento o Decentrata	Medicinali non soggetti a prescrizione medica, da banco.
042386351	042386	BRUFEN ANALGESICO	400 MG COMPRESSE RIVESTITE CON FILM- 16 COMPRESSE IN BLISTER PVC/PE/PVDC/AL	IBUPROFENE	IBUPROFENE	400	milligrammi	Compressa rivestita con film	M01AE01	MYLAN S.P.A.	Autorizzata	Procedura Mutuo riconoscimento o Decentrata	Medicinali non soggetti a prescrizione medica, da banco.
042386363	042386	BRUFEN ANALGESICO	400 MG COMPRESSE RIVESTITE CON FILM- 20 COMPRESSE IN BLISTER PVC/PE/PVDC/AL	IBUPROFENE	IBUPROFENE	400	milligrammi	Compressa rivestita con film	M01AE01	MYLAN S.P.A.	Autorizzata	Procedura Mutuo riconoscimento o Decentrata	Medicinali non soggetti a prescrizione medica, da banco.
042386375	042386	BRUFEN ANALGESICO	400 MG COMPRESSE RIVESTITE CON FILM- 24 COMPRESSE IN BLISTER PVC/PE/PVDC/AL	IBUPROFENE	IBUPROFENE	400	milligrammi	Compressa rivestita con film	M01AE01	MYLAN S.P.A.	Autorizzata	Procedura Mutuo riconoscimento o Decentrata	Medicinali soggetti a prescrizione medica
042386387	042386	BRUFEN ANALGESICO	400 MG COMPRESSE RIVESTITE CON FILM- 30 COMPRESSE IN BLISTER PVC/PE/PVDC/AL	IBUPROFENE	IBUPROFENE	400	milligrammi	Compressa rivestita con film	M01AE01	MYLAN S.P.A.	Autorizzata	Procedura Mutuo riconoscimento o Decentrata	Medicinali soggetti a prescrizione medica
042386399	042386	BRUFEN ANALGESICO	400 MG COMPRESSE RIVESTITE CON FILM- 48 COMPRESSE IN BLISTER PVC/PE/PVDC/AL	IBUPROFENE	IBUPROFENE	400	milligrammi	Compressa rivestita con film	M01AE01	MYLAN S.P.A.	Autorizzata	Procedura Mutuo riconoscimento o Decentrata	Medicinali soggetti a prescrizione medica
042386401	042386	BRUFEN ANALGESICO	400 MG COMPRESSE RIVESTITE CON FILM- 50 COMPRESSE IN BLISTER PVC/PE/PVDC/AL	IBUPROFENE	IBUPROFENE	400	milligrammi	Compressa rivestita con film	M01AE01	MYLAN S.P.A.	Autorizzata	Procedura Mutuo riconoscimento o Decentrata	Medicinali soggetti a prescrizione medica
042386413	042386	BRUFEN ANALGESICO	400 MG COMPRESSE RIVESTITE CON FILM- 100 COMPRESSE IN BLISTER PVC/PE/PVDC/AL	IBUPROFENE	IBUPROFENE	400	milligrammi	Compressa rivestita con film	M01AE01	MYLAN S.P.A.	Autorizzata	Procedura Mutuo riconoscimento o Decentrata	Medicinali soggetti a prescrizione medica
042386425	042386	BRUFEN ANALGESICO	400 MG COMPRESSE RIVESTITE CON FILM- 200 COMPRESSE IN BLISTER PVC/PE/PVDC/AL	IBUPROFENE	IBUPROFENE	400	milligrammi	Compressa rivestita con film	M01AE01	MYLAN S.P.A.	Autorizzata	Procedura Mutuo riconoscimento o Decentrata	Medicinali soggetti a prescrizione medica
042386437	042386	BRUFEN ANALGESICO	400 MG COMPRESSE RIVESTITE CON FILM- 2 COMPRESSE IN BLISTER OPA/AL/PVC/AL/VMCH	IBUPROFENE	IBUPROFENE	400	milligrammi	Compressa rivestita con film	M01AE01	MYLAN S.P.A.	Autorizzata	Procedura Mutuo riconoscimento o Decentrata	Medicinali non soggetti a prescrizione medica, da banco.
042386449	042386	BRUFEN ANALGESICO	400 MG COMPRESSE RIVESTITE CON FILM- 4 COMPRESSE IN BLISTER OPA/AL/PVC/AL/VMCH	IBUPROFENE	IBUPROFENE	400	milligrammi	Compressa rivestita con film	M01AE01	MYLAN S.P.A.	Autorizzata	Procedura Mutuo riconoscimento o Decentrata	Medicinali non soggetti a prescrizione medica, da banco.
042386452	042386	BRUFEN ANALGESICO	400 MG COMPRESSE RIVESTITE CON FILM- 6 COMPRESSE IN BLISTER OPA/AL/PVC/AL/VMCH	IBUPROFENE	IBUPROFENE	400	milligrammi	Compressa rivestita con film	M01AE01	MYLAN S.P.A.	Autorizzata	Procedura Mutuo riconoscimento o Decentrata	Medicinali non soggetti a prescrizione medica, da banco.
042386464	042386	BRUFEN ANALGESICO	400 MG COMPRESSE RIVESTITE CON FILM- 10 COMPRESSE IN BLISTER OPA/AL/PVC/AL/VMCH	IBUPROFENE	IBUPROFENE	400	milligrammi	Compressa rivestita con film	M01AE01	MYLAN S.P.A.	Autorizzata	Procedura Mutuo riconoscimento o Decentrata	Medicinali non soggetti a prescrizione medica, da banco.
042386476	042386	BRUFEN ANALGESICO	400 MG COMPRESSE RIVESTITE CON FILM- 12 COMPRESSE IN BLISTER OPA/AL/PVC/AL/VMCH	IBUPROFENE	IBUPROFENE	400	milligrammi	Compressa rivestita con film	M01AE01	MYLAN S.P.A.	Autorizzata	Procedura Mutuo riconoscimento o Decentrata	Medicinali non soggetti a prescrizione medica, da banco.
042386488	042386	BRUFEN ANALGESICO	400 MG COMPRESSE RIVESTITE CON FILM- 16 COMPRESSE IN BLISTER OPA/AL/PVC/AL/VMCH	IBUPROFENE	IBUPROFENE	400	milligrammi	Compressa rivestita con film	M01AE01	MYLAN S.P.A.	Autorizzata	Procedura Mutuo riconoscimento o Decentrata	Medicinali non soggetti a prescrizione medica, da banco.
042386490	042386	BRUFEN ANALGESICO	400 MG COMPRESSE RIVESTITE CON FILM- 20 COMPRESSE IN BLISTER OPA/AL/PVC/AL/VMCH	IBUPROFENE	IBUPROFENE	400	milligrammi	Compressa rivestita con film	M01AE01	MYLAN S.P.A.	Autorizzata	Procedura Mutuo riconoscimento o Decentrata	Medicinali non soggetti a prescrizione medica, da banco.
042386502	042386	BRUFEN ANALGESICO	400 MG COMPRESSE RIVESTITE CON FILM- 24 COMPRESSE IN BLISTER OPA/AL/PVC/AL/VMCH	IBUPROFENE	IBUPROFENE	400	milligrammi	Compressa rivestita con film	M01AE01	MYLAN S.P.A.	Autorizzata	Procedura Mutuo riconoscimento o Decentrata	Medicinali soggetti a prescrizione medica
042386514	042386	BRUFEN ANALGESICO	400 MG COMPRESSE RIVESTITE CON FILM- 30 COMPRESSE IN BLISTER OPA/AL/PVC/AL/VMCH	IBUPROFENE	IBUPROFENE	400	milligrammi	Compressa rivestita con film	M01AE01	MYLAN S.P.A.	Autorizzata	Procedura Mutuo riconoscimento o Decentrata	Medicinali soggetti a prescrizione medica
042386526	042386	BRUFEN ANALGESICO	400 MG COMPRESSE RIVESTITE CON FILM- 48 COMPRESSE IN BLISTER OPA/AL/PVC/AL/VMCH	IBUPROFENE	IBUPROFENE	400	milligrammi	Compressa rivestita con film	M01AE01	MYLAN S.P.A.	Autorizzata	Procedura Mutuo riconoscimento o Decentrata	Medicinali soggetti a prescrizione medica
042386538	042386	BRUFEN ANALGESICO	400 MG COMPRESSE RIVESTITE CON FILM- 50 COMPRESSE IN BLISTER OPA/AL/PVC/AL/VMCH	IBUPROFENE	IBUPROFENE	400	milligrammi	Compressa rivestita con film	M01AE01	MYLAN S.P.A.	Autorizzata	Procedura Mutuo riconoscimento o Decentrata	Medicinali soggetti a prescrizione medica
042386540	042386	BRUFEN ANALGESICO	400 MG COMPRESSE RIVESTITE CON FILM- 100 COMPRESSE IN BLISTER OPA/AL/PVC/AL/VMCH	IBUPROFENE	IBUPROFENE	400	milligrammi	Compressa rivestita con film	M01AE01	MYLAN S.P.A.	Autorizzata	Procedura Mutuo riconoscimento o Decentrata	Medicinali soggetti a prescrizione medica
042386553	042386	BRUFEN ANALGESICO	400 MG COMPRESSE RIVESTITE CON FILM- 200 COMPRESSE IN BLISTER OPA/AL/PVC/AL/VMCH	IBUPROFENE	IBUPROFENE	400	milligrammi	Compressa rivestita con film	M01AE01	MYLAN S.P.A.	Autorizzata	Procedura Mutuo riconoscimento o Decentrata	Medicinali soggetti a prescrizione medica
042386565	042386	BRUFEN ANALGESICO	400 MG COMPRESSE RIVESTITE CON FILM- 48 COMPRESSE IN FLACONE HDPE	IBUPROFENE	IBUPROFENE	400	milligrammi	Compressa rivestita con film	M01AE01	MYLAN S.P.A.	Autorizzata	Procedura Mutuo riconoscimento o Decentrata	Medicinali soggetti a prescrizione medica
042386577	042386	BRUFEN ANALGESICO	400 MG COMPRESSE RIVESTITE CON FILM- 100 COMPRESSE IN FLACONE HDPE	IBUPROFENE	IBUPROFENE	400	milligrammi	Compressa rivestita con film	M01AE01	MYLAN S.P.A.	Autorizzata	Procedura Mutuo riconoscimento o Decentrata	Medicinali soggetti a prescrizione medica
042386589	042386	BRUFEN ANALGESICO	400 MG COMPRESSE RIVESTITE CON FILM- 200 COMPRESSE IN FLACONE HDPE	IBUPROFENE	IBUPROFENE	400	milligrammi	Compressa rivestita con film	M01AE01	MYLAN S.P.A.	Autorizzata	Procedura Mutuo riconoscimento o Decentrata	Medicinali soggetti a prescrizione medica
042386591	042386	BRUFEN ANALGESICO	200 MG COMPRESSE RIVESTITE CON FILM- 36 COMPRESSE IN BLISTER PVC/PE/PVDC/AL	IBUPROFENE	IBUPROFENE	200	milligrammi	Compressa rivestita con film	M01AE01	MYLAN S.P.A.	Autorizzata	Procedura Mutuo riconoscimento o Decentrata	Medicinali non soggetti a prescrizione medica, da banco.
042386603	042386	BRUFEN ANALGESICO	200 MG COMPRESSE RIVESTITE CON FILM- 36 COMPRESSE IN BLISTER OPA/AL/PVC/AL/VMCH	IBUPROFENE	IBUPROFENE	400	milligrammi	Compressa rivestita con film	M01AE01	MYLAN S.P.A.	Autorizzata	Procedura Mutuo riconoscimento o Decentrata	Medicinali non soggetti a prescrizione medica, da banco.
042386615	042386	BRUFEN ANALGESICO	400 MG COMPRESSE RIVESTITE CON FILM- 36 COMPRESSE IN BLISTER PVC/PE/PVDC/AL	IBUPROFENE	IBUPROFENE	400	milligrammi	Compressa rivestita con film	M01AE01	MYLAN S.P.A.	Autorizzata	Procedura Mutuo riconoscimento o Decentrata	Medicinali non soggetti a prescrizione medica ma non da banco
042386627	042386	BRUFEN ANALGESICO	400 MG COMPRESSE RIVESTITE CON FILM- 36 COMPRESSE IN BLISTER OPA/AL/PVC/AL/VMCH	IBUPROFENE	IBUPROFENE	400	milligrammi	Compressa rivestita con film	M01AE01	MYLAN S.P.A.	Autorizzata	Procedura Mutuo riconoscimento o Decentrata	Medicinali non soggetti a prescrizione medica ma non da banco
042844023	042844	NUROFEN FEBBRE E DOLORE	BAMBINI 100 MG/5 ML SOSPENSIONE ORALE GUSTO ARANCIA SENZA ZUCCHERO- FLACONE DA 150 ML CON SIRINGA DOSATRICE	IBUPROFENE	IBUPROFENE	20	milligram(s)/millilitre	Sospensione orale	M01AE01	GMM FARMA S.R.L.	Autorizzata	Importazione Parallela	Medicinali non soggetti a prescrizione medica ma non da banco
042844062	042844	NUROFEN FEBBRE E DOLORE	200 MG/5 ML SOSPENSIONE ORALE GUSTO ARANCIA SENZA ZUCCHERO- FLACONE DA 100 ML CON SIRINGA DOSATRICE	IBUPROFENE	IBUPROFENE	40	milligram(s)/millilitre	Sospensione orale	M01AE01	GMM FARMA S.R.L.	Autorizzata	Importazione Parallela	Medicinali non soggetti a prescrizione medica, da banco.
042844074	042844	NUROFEN FEBBRE E DOLORE	200 MG/5 ML SOSPENSIONE ORALE GUSTO FRAGOLA SENZA ZUCCHERO- FLACONE DA 100 ML CON SIRINGA DOSATRICE	IBUPROFENE	IBUPROFENE	40	milligram(s)/millilitre	Sospensione orale	M01AE01	GMM FARMA S.R.L.	Autorizzata	Importazione Parallela	Medicinali non soggetti a prescrizione medica, da banco.
042844086	042844	NUROFEN FEBBRE E DOLORE	200 MG/5 ML SOSPENSIONE ORALE GUSTO ARANCIA SENZA ZUCCHERO- FLACONE IN PET DA 100 ML CON SIRINGA DOSATRICE	IBUPROFENE	IBUPROFENE	200	milligrammi	Sospensione orale	M01AE01	GMM FARMA S.R.L.	Autorizzata	Importazione Parallela	Medicinali non soggetti a prescrizione medica, da banco.
042844098	042844	NUROFEN FEBBRE E DOLORE	200 MG/5 ML SOSPENSIONE ORALE GUSTO FRAGOLA SENZA ZUCCHERO- FLACONE  IN PET DA 100 ML CON SIRINGA DOSATRICE	IBUPROFENE	IBUPROFENE	200	milligrammi	Sospensione orale	M01AE01	GMM FARMA S.R.L.	Autorizzata	Importazione Parallela	Medicinali non soggetti a prescrizione medica, da banco.
042859013	042859	BRUFEN	600 MG COMPRESSE RIVESTITE- 30 COMPRESSE IN BLISTER	IBUPROFENE	IBUPROFENE			Compressa rivestita	M01AE01	GMM FARMA S.R.L.	Autorizzata	Importazione Parallela	Medicinali soggetti a prescrizione medica
042859037	042859	BRUFEN	600 MG COMPRESSE RIVESTITE- 30 COMPRESSE IN BLISTER	IBUPROFENE	IBUPROFENE			Compressa rivestita	M01AE01	GMM FARMA S.R.L.	Autorizzata	Importazione Parallela	Medicinali soggetti a prescrizione medica
042859049	042859	BRUFEN	400 mg COMPRESSA RIVESTITA- 30 COMPRESSE IN BLISTER	IBUPROFENE	IBUPROFENE			Compressa rivestita	M01AE01	GMM FARMA S.R.L.	Autorizzata	Importazione Parallela	Medicinali soggetti a prescrizione medica
042859052	042859	BRUFEN	600 MG COMPRESSE RIVESTITE- 30 COMPRESSE IN BLISTER	IBUPROFENE	IBUPROFENE			Compressa rivestita	M01AE01	GMM FARMA S.R.L.	Autorizzata	Importazione Parallela	Medicinali soggetti a prescrizione medica
042859064	042859	BRUFEN	600 MG COMPRESSE RIVESTITE- 30 COMPRESSE IN BLISTER	IBUPROFENE	IBUPROFENE			Compressa rivestita	M01AE01	GMM FARMA S.R.L.	Autorizzata	Importazione Parallela	Medicinali soggetti a prescrizione medica
042859076	042859	BRUFEN	800 MG COMPRESSE RIVESTITE A RILASCIO PROLUNGATO- 20 COMPRESSE	IBUPROFENE	IBUPROFENE	800	milligrammi	Compressa a rilascio prolungato	M01AE01	GMM FARMA S.R.L.	Autorizzata	Importazione Parallela	Medicinali soggetti a prescrizione medica
043109014	043109	IBUPROFENE DOC	400 MG COMPRESSA RIVESTITA CON FILM- 10 COMPRESSE	IBUPROFENE	IBUPROFENE	400	milligrammi	Compressa rivestita con film	M01AE01	DOC GENERICI SRL	Autorizzata	Procedura Nazionale	Medicinali non soggetti a prescrizione medica ma non da banco
043109026	043109	IBUPROFENE DOC	400 MG COMPRESSA RIVESTITA CON FILM- 30 COMPRESSE	IBUPROFENE	IBUPROFENE	400	milligrammi	Compressa rivestita con film	M01AE01	DOC GENERICI SRL	Autorizzata	Procedura Nazionale	Medicinali soggetti a prescrizione medica
043109038	043109	IBUPROFENE DOC	600 MG COMPRESSA RIVESTITA CON FILM- 30 COMPRESSE	IBUPROFENE	IBUPROFENE	600	milligrammi	Compressa rivestita con film	M01AE01	DOC GENERICI SRL	Autorizzata	Procedura Nazionale	Medicinali soggetti a prescrizione medica
043109040	043109	IBUPROFENE DOC	400 MG COMPRESSE RIVESTITE CON FILM- 12 COMPRESSE IN BLISTER PVC/AL	IBUPROFENE	IBUPROFENE	400	milligrammi	Compressa rivestita con film	M01AE01	DOC GENERICI SRL	Autorizzata	Procedura Nazionale	Medicinali non soggetti a prescrizione medica ma non da banco
043186016	043186	BENATIA	<Bambini  100  mg/5  ml  sospensione  orale gusto fragola senza zucchero> 1 flacone in PET da 150 ml con  siringa dosatrice in PE	IBUPROFENE	IBUPROFENE	20	milligram(s)/millilitre	Sospensione orale	M01AE01	DYMALIFE PHARMACEUTICAL S.R.L.	Autorizzata	Procedura Nazionale	Medicinali non soggetti a prescrizione medica ma non da banco
043186028	043186	BENATIA	<Bambini  100  mg/5  ml  sospensione  orale  gusto arancia senza zucchero> 1 flacone  in  PET  da  150  ml  con  siringa dosatrice in PE	IBUPROFENE	IBUPROFENE	20	milligram(s)/millilitre	Sospensione orale	M01AE01	DYMALIFE PHARMACEUTICAL S.R.L.	Autorizzata	Procedura Nazionale	Medicinali non soggetti a prescrizione medica ma non da banco
043188010	043188	DECAFLU FEBBRE E DOLORE	BAMBINI 100 MG/5 ML SOSPENSIONE ORALE GUSTO FRAGOLA SENZA ZUCCHERO- 1 FLACONE DA 150 ML	IBUPROFENE	IBUPROFENE	20	milligram(s)/millilitre	Sospensione orale	M01AE01	LABORATORIO CHIMICO DECA DR.CAPUANI S.R.L.	Autorizzata	Procedura Nazionale	Medicinali non soggetti a prescrizione medica ma non da banco
043188022	043188	DECAFLU FEBBRE E DOLORE	BAMBINI 100 MG/5 ML SOSPENSIONE ORALE GUSTO ARANCIA SENZA ZUCCHERO- 1 FLACONE DA 150 ML	IBUPROFENE	IBUPROFENE	20	milligram(s)/millilitre	Sospensione orale	M01AE01	LABORATORIO CHIMICO DECA DR.CAPUANI S.R.L.	Autorizzata	Procedura Nazionale	Medicinali non soggetti a prescrizione medica ma non da banco
043193010	043193	DOLIBLOC	BAMBINI 100 MG/5 ML SOSPENSIONE ORALE GUSTO FRAGOLA SENZA ZUCCHERO- 1 FLACONE DA 150 ML	IBUPROFENE	IBUPROFENE	20	milligram(s)/millilitre	Sospensione orale	M01AE01	EPIFARMA S.R.L	Autorizzata	Procedura Nazionale	Medicinali non soggetti a prescrizione medica ma non da banco
043193022	043193	DOLIBLOC	BAMBINI 100 MG/5 ML SOSPENSIONE ORALE GUSTO ARANCIA SENZA ZUCCHERO- 1 FLACONE DA 150 ML	IBUPROFENE	IBUPROFENE	20	milligram(s)/millilitre	Sospensione orale	M01AE01	EPIFARMA S.R.L	Autorizzata	Procedura Nazionale	Medicinali non soggetti a prescrizione medica ma non da banco
043197019	043197	IBUPROFENE DOCGEN	BAMBINI 100 MG/5 ML SOSPENSIONE ORALE GUSTO FRAGOLA SENZA ZUCCHERO- 1 FLACONE IN PET DA 150 ML CON SIRINGA DOSATRICE IN PE	IBUPROFENE	IBUPROFENE	20	milligram(s)/millilitre	Sospensione orale	M01AE01	DOC GENERICI SRL	Autorizzata	Procedura Nazionale	Medicinali non soggetti a prescrizione medica ma non da banco
043197021	043197	IBUPROFENE DOCGEN	BAMBINI 100 MG/5 ML SOSPENSIONE ORALE GUSTO ARANCIA SENZA ZUCCHERO- 1 FLACONE IN PET DA 150 ML CON SIRINGA DOSATRICE IN PE	IBUPROFENE	IBUPROFENE	20	milligram(s)/millilitre	Sospensione orale	M01AE01	DOC GENERICI SRL	Autorizzata	Procedura Nazionale	Medicinali non soggetti a prescrizione medica ma non da banco
043344023	043344	NUROFEN FEBBRE E DOLORE	BAMBINI 100 MG/5 ML SOSPENSIONE ORALE GUSTO ARANCIA SENZA ZUCCHERO- FLACONE DA 150 ML CON SIRINGA DOSATRICE	IBUPROFENE	IBUPROFENE			Sospensione orale	M01AE01	NEW PHARMASHOP S.R.L.	Autorizzata	Importazione Parallela	Medicinali non soggetti a prescrizione medica ma non da banco
043344047	043344	NUROFEN FEBBRE E DOLORE	200 MG/5 ML SOSPENSIONE ORALE GUSTO FRAGOLA SENZA ZUCCHERO FLACONE DA 100 ML CON SIRINGA DOSATRICE	IBUPROFENE	IBUPROFENE			Sospensione orale	M01AE01	NEW PHARMASHOP S.R.L.	Autorizzata	Importazione Parallela	Medicinali non soggetti a prescrizione medica, da banco.
043344050	043344	NUROFEN FEBBRE E DOLORE	BAMBINI 100 MG/5 ML SOSPENSIONE ORALE GUSTO ARANCIA SENZA ZUCCHERO-  FLACONE IN PET DA 150 ML CON SIRINGA DOSATRICE	IBUPROFENE	IBUPROFENE	100	milligrammi	Sospensione orale	M01AE01	NEW PHARMASHOP S.R.L.	Autorizzata	Importazione Parallela	Medicinali non soggetti a prescrizione medica ma non da banco
043344062	043344	NUROFEN FEBBRE E DOLORE	200 MG/5 ML SOSPENSIONE ORALE GUSTO ARANCIA SENZA ZUCCHERO- FLACONE IN PET DA 100 ML CON SIRINGA DOSATRICE	IBUPROFENE	IBUPROFENE	200	milligrammi	Sospensione orale	M01AE01	NEW PHARMASHOP S.R.L.	Autorizzata	Importazione Parallela	Medicinali non soggetti a prescrizione medica, da banco.
043521018	043521	ALGOPIRINDOL	600 MG COMPRESSE RIVESTITE CON FILM- 30 COMPRESSE IN BLISTER PVC/PVDC	IBUPROFENE	IBUPROFENE	600	milligrammi	Compressa rivestita con film	M01AE01	SO.SE.PHARM S.R.L. SOCIETA' DI SERVIZIO PER L'INDUSTRIA FARMACEUTICA ED AFFINI	Autorizzata	Procedura Nazionale	Medicinali soggetti a prescrizione medica
043523012	043523	IBUPROFENE PHARMEG	600 MG COMPRESSA RIVESTITA CON FILM- 30 COMPRESSE IN BLISTER PVC/PVDC	IBUPROFENE	IBUPROFENE	600	milligrammi	Compressa rivestita con film	M01AE01	PHARMEG S.R.L.	Autorizzata	Procedura Nazionale	Medicinali soggetti a prescrizione medica
043525017	043525	IBUMAL	600 MG COMPRESSA RIVESTITA CON FILM- 30 COMPRESSE IN BLISTER PVC/PVDC	IBUPROFENE	IBUPROFENE	600	milligrammi	Compressa rivestita con film	M01AE01	EPIFARMA S.R.L	Autorizzata	Procedura Nazionale	Medicinali soggetti a prescrizione medica
043526019	043526	IBUPROFENE  FG	600 MG COMPRESSA RIVESTITA CON FILM- 30 COMPRESSE IN BLISTER PVC/PVDC	IBUPROFENE	IBUPROFENE	600	milligrammi	Compressa rivestita con film	M01AE01	FG S.R.L.	Autorizzata	Procedura Nazionale	Medicinali soggetti a prescrizione medica
043528013	043528	RIFLONET	600 MG COMPRESSA RIVESTITA CON FILM- 30 COMPRESSE IN BLISTER PVC/PVDC	IBUPROFENE	IBUPROFENE	600	milligrammi	Compressa rivestita con film	M01AE01	IPSO PHARMA S.R.L.	Autorizzata	Procedura Nazionale	Medicinali soggetti a prescrizione medica
043529015	043529	IBUPROFENE TEVA	600 mg compresse rivestite con film> 30  compresse in blister PVC/PVDC	IBUPROFENE	IBUPROFENE	600	milligrammi	Compressa rivestita con film	M01AE01	TEVA ITALIA S.R.L.	Autorizzata	Procedura Nazionale	Medicinali soggetti a prescrizione medica
043555010	043555	IBUPROFENE ZENTIVA	200 MG CAPSULE, MOLLI- 12 CAPSULE IN BLISTER PVC/PVDC/AL	IBUPROFENE	IBUPROFENE	200	milligrammi	Capsula molle	M01AE01	ZENTIVA ITALIA S.R.L.	Autorizzata	Procedura Mutuo riconoscimento o Decentrata	Medicinali non soggetti a prescrizione medica, da banco.
043555022	043555	IBUPROFENE ZENTIVA	200 MG CAPSULE, MOLLI- 24 CAPSULE IN BLISTER PVC/PVDC/AL	IBUPROFENE	IBUPROFENE	200	milligrammi	Capsula molle	M01AE01	ZENTIVA ITALIA S.R.L.	Autorizzata	Procedura Mutuo riconoscimento o Decentrata	Medicinali non soggetti a prescrizione medica, da banco.
043555034	043555	IBUPROFENE ZENTIVA	400 MG CAPSULE, MOLLI- 10 CAPSULE IN BLISTER PVC/PVDC/AL	IBUPROFENE	IBUPROFENE	400	milligrammi	Capsula molle	M01AE01	ZENTIVA ITALIA S.R.L.	Autorizzata	Procedura Mutuo riconoscimento o Decentrata	Medicinali non soggetti a prescrizione medica, da banco.
043555046	043555	IBUPROFENE ZENTIVA	400 MG CAPSULE, MOLLI- 12 CAPSULE IN BLISTER PVC/PVDC/AL	IBUPROFENE	IBUPROFENE	400	milligrammi	Capsula molle	M01AE01	ZENTIVA ITALIA S.R.L.	Autorizzata	Procedura Mutuo riconoscimento o Decentrata	Medicinali non soggetti a prescrizione medica, da banco.
043555059	043555	IBUPROFENE ZENTIVA	400 MG CAPSULE, MOLLI- 20 CAPSULE IN BLISTER PVC/PVDC/AL	IBUPROFENE	IBUPROFENE	400	milligrammi	Capsula molle	M01AE01	ZENTIVA ITALIA S.R.L.	Autorizzata	Procedura Mutuo riconoscimento o Decentrata	Medicinali non soggetti a prescrizione medica, da banco.
043834011	043834	IBUPROFENE EG STADA	600 MG COMPRESSA RIVESTITA CON FILM- 30 COMPRESSE IN BLISTER PVC/AL	IBUPROFENE	IBUPROFENE	600	milligrammi	Compressa rivestita con film	M01AE01	EG S.P.A.	Autorizzata	Procedura Nazionale	Medicinali soggetti a prescrizione medica
043834023	043834	IBUPROFENE EG STADA	600 MG GRANULATO EFFERVESCENTE- 30 BUSTINE IN CARTA/PE/AL/SURLYN	IBUPROFENE	IBUPROFENE	600	milligrammi	Granulato effervescente	M01AE01	EG S.P.A.	Autorizzata	Procedura Nazionale	Medicinali soggetti a prescrizione medica
043890021	043890	BRUFEN	600 MG COMPRESSE RIVESTITE- 30 COMPRESSE IN BLISTER	IBUPROFENE	IBUPROFENE	600	milligrammi	Compressa rivestita	M01AE01	NEW PHARMASHOP S.R.L.	Autorizzata	Importazione Parallela	Medicinali soggetti a prescrizione medica
043890033	043890	BRUFEN	400 MG COMPRESSE RIVESTITE- 30 COMPRESSE  IN BLISTER	IBUPROFENE	IBUPROFENE	400	milligrammi	Compressa rivestita	M01AE01	NEW PHARMASHOP S.R.L.	Autorizzata	Importazione Parallela	Medicinali soggetti a prescrizione medica
043890045	043890	BRUFEN	600 MG COMPRESSE RIVESTITE- 30 COMPRESSE IN BLISTER	IBUPROFENE	IBUPROFENE	600	milligrammi	Compressa rivestita	M01AE01	NEW PHARMASHOP S.R.L.	Autorizzata	Importazione Parallela	Medicinali soggetti a prescrizione medica
043890058	043890	BRUFEN	600 MG COMPRESSE RIVESTITE  CON FILM- 30 COMPRESSE IN BLISTER PVC	IBUPROFENE	IBUPROFENE			Compressa rivestita con film	M01AE01	NEW PHARMASHOP S.R.L.	Autorizzata	Importazione Parallela	Medicinali soggetti a prescrizione medica
044042012	044042	IBUPROFENE ABC FARMACEUTICI	400 MG COMPRESSE RIVESTITE CON FILM- 20 COMPRESSE BLISTER AL/PVC/PVDC	IBUPROFENE	IBUPROFENE	400	milligrammi	Compressa rivestita con film	M01AE01	ICE S.P.A	Autorizzata	Procedura Mutuo riconoscimento o Decentrata	Medicinali soggetti a prescrizione medica
044042024	044042	IBUPROFENE ABC FARMACEUTICI	400 MG COMPRESSE RIVESTITE CON FILM- 30 COMPRESSE BLISTER AL/PVC/PVDC	IBUPROFENE	IBUPROFENE	400	milligrammi	Compressa rivestita con film	M01AE01	ICE S.P.A	Autorizzata	Procedura Mutuo riconoscimento o Decentrata	Medicinali soggetti a prescrizione medica
044042036	044042	IBUPROFENE ABC FARMACEUTICI	400 MG COMPRESSE RIVESTITE CON FILM- 60 COMPRESSE BLISTER AL/PVC/PVDC	IBUPROFENE	IBUPROFENE	400	milligrammi	Compressa rivestita con film	M01AE01	ICE S.P.A	Autorizzata	Procedura Mutuo riconoscimento o Decentrata	Medicinali soggetti a prescrizione medica
044042048	044042	IBUPROFENE ABC FARMACEUTICI	600 MG COMPRESSE RIVESTITE CON FILM- 20 COMPRESSE BLISTER AL/PVC/PVDC	IBUPROFENE	IBUPROFENE	600	milligrammi	Compressa rivestita con film	M01AE01	ICE S.P.A	Autorizzata	Procedura Mutuo riconoscimento o Decentrata	Medicinali soggetti a prescrizione medica
044042051	044042	IBUPROFENE ABC FARMACEUTICI	600 MG COMPRESSE RIVESTITE CON FILM- 30 COMPRESSE BLISTER AL/PVC/PVDC	IBUPROFENE	IBUPROFENE	600	milligrammi	Compressa rivestita con film	M01AE01	ICE S.P.A	Autorizzata	Procedura Mutuo riconoscimento o Decentrata	Medicinali soggetti a prescrizione medica
044042063	044042	IBUPROFENE ABC FARMACEUTICI	600 MG COMPRESSE RIVESTITE CON FILM- 40 COMPRESSE BLISTER AL/PVC/PVDC	IBUPROFENE	IBUPROFENE	600	milligrammi	Compressa rivestita con film	M01AE01	ICE S.P.A	Autorizzata	Procedura Mutuo riconoscimento o Decentrata	Medicinali soggetti a prescrizione medica
044042075	044042	IBUPROFENE ABC FARMACEUTICI	600 MG COMPRESSE RIVESTITE CON FILM- 60 COMPRESSE BLISTER AL/PVC/PVDC	IBUPROFENE	IBUPROFENE	600	milligrammi	Compressa rivestita con film	M01AE01	ICE S.P.A	Autorizzata	Procedura Mutuo riconoscimento o Decentrata	Medicinali soggetti a prescrizione medica
044247017	044247	NUROFENKID FEBBRE E DOLORE	100 MG CAPSULE MOLLI MASTICABILI- 2 CAPSULE IN BLISTER PVC/PE/PVDC/AL	IBUPROFENE	IBUPROFENE	100	milligrammi	Capsula molle	M01AE01	RECKITT BENCKISER HEALTHCARE (ITALIA) S.P.A.	Autorizzata	Procedura Mutuo riconoscimento o Decentrata	Medicinali non soggetti a prescrizione medica ma non da banco
044247029	044247	NUROFENKID FEBBRE E DOLORE	100 MG CAPSULE MOLLI MASTICABILI- 4 CAPSULE IN BLISTER PVC/PE/PVDC/AL	IBUPROFENE	IBUPROFENE	100	milligrammi	Capsula molle	M01AE01	RECKITT BENCKISER HEALTHCARE (ITALIA) S.P.A.	Autorizzata	Procedura Mutuo riconoscimento o Decentrata	Medicinali non soggetti a prescrizione medica ma non da banco
044247031	044247	NUROFENKID FEBBRE E DOLORE	100 MG CAPSULE MOLLI MASTICABILI- 6 CAPSULE IN BLISTER PVC/PE/PVDC/AL	IBUPROFENE	IBUPROFENE	100	milligrammi	Capsula molle	M01AE01	RECKITT BENCKISER HEALTHCARE (ITALIA) S.P.A.	Autorizzata	Procedura Mutuo riconoscimento o Decentrata	Medicinali non soggetti a prescrizione medica ma non da banco
044247043	044247	NUROFENKID FEBBRE E DOLORE	100 MG CAPSULE MOLLI MASTICABILI- 8 CAPSULE IN BLISTER PVC/PE/PVDC/AL	IBUPROFENE	IBUPROFENE	100	milligrammi	Capsula molle	M01AE01	RECKITT BENCKISER HEALTHCARE (ITALIA) S.P.A.	Autorizzata	Procedura Mutuo riconoscimento o Decentrata	Medicinali non soggetti a prescrizione medica ma non da banco
044247056	044247	NUROFENKID FEBBRE E DOLORE	100 MG CAPSULE MOLLI MASTICABILI- 10 CAPSULE IN BLISTER PVC/PE/PVDC/AL	IBUPROFENE	IBUPROFENE	100	milligrammi	Capsula molle	M01AE01	RECKITT BENCKISER HEALTHCARE (ITALIA) S.P.A.	Autorizzata	Procedura Mutuo riconoscimento o Decentrata	Medicinali non soggetti a prescrizione medica ma non da banco
044247068	044247	NUROFENKID FEBBRE E DOLORE	100 MG CAPSULE MOLLI MASTICABILI- 12 CAPSULE IN BLISTER PVC/PE/PVDC/AL	IBUPROFENE	IBUPROFENE	100	milligrammi	Capsula molle	M01AE01	RECKITT BENCKISER HEALTHCARE (ITALIA) S.P.A.	Autorizzata	Procedura Mutuo riconoscimento o Decentrata	Medicinali non soggetti a prescrizione medica ma non da banco
044247070	044247	NUROFENKID FEBBRE E DOLORE	100 MG CAPSULE MOLLI MASTICABILI- 14 CAPSULE IN BLISTER PVC/PE/PVDC/AL	IBUPROFENE	IBUPROFENE	100	milligrammi	Capsula molle	M01AE01	RECKITT BENCKISER HEALTHCARE (ITALIA) S.P.A.	Autorizzata	Procedura Mutuo riconoscimento o Decentrata	Medicinali non soggetti a prescrizione medica ma non da banco
044247082	044247	NUROFENKID FEBBRE E DOLORE	100 MG CAPSULE MOLLI MASTICABILI- 16 CAPSULE IN BLISTER PVC/PE/PVDC/AL	IBUPROFENE	IBUPROFENE	100	milligrammi	Capsula molle	M01AE01	RECKITT BENCKISER HEALTHCARE (ITALIA) S.P.A.	Autorizzata	Procedura Mutuo riconoscimento o Decentrata	Medicinali non soggetti a prescrizione medica ma non da banco
044247094	044247	NUROFENKID FEBBRE E DOLORE	100 MG CAPSULE MOLLI MASTICABILI- 18 CAPSULE IN BLISTER PVC/PE/PVDC/AL	IBUPROFENE	IBUPROFENE	100	milligrammi	Capsula molle	M01AE01	RECKITT BENCKISER HEALTHCARE (ITALIA) S.P.A.	Autorizzata	Procedura Mutuo riconoscimento o Decentrata	Medicinali non soggetti a prescrizione medica ma non da banco
044247106	044247	NUROFENKID FEBBRE E DOLORE	100 MG CAPSULE MOLLI MASTICABILI- 20 CAPSULE IN BLISTER PVC/PE/PVDC/AL	IBUPROFENE	IBUPROFENE	100	milligrammi	Capsula molle	M01AE01	RECKITT BENCKISER HEALTHCARE (ITALIA) S.P.A.	Autorizzata	Procedura Mutuo riconoscimento o Decentrata	Medicinali non soggetti a prescrizione medica ma non da banco
044247118	044247	NUROFENKID FEBBRE E DOLORE	100 MG CAPSULE MOLLI MASTICABILI- 22 CAPSULE IN BLISTER PVC/PE/PVDC/AL	IBUPROFENE	IBUPROFENE	100	milligrammi	Capsula molle	M01AE01	RECKITT BENCKISER HEALTHCARE (ITALIA) S.P.A.	Autorizzata	Procedura Mutuo riconoscimento o Decentrata	Medicinali non soggetti a prescrizione medica ma non da banco
044247120	044247	NUROFENKID FEBBRE E DOLORE	100 MG CAPSULE MOLLI MASTICABILI- 24 CAPSULE IN BLISTER PVC/PE/PVDC/AL	IBUPROFENE	IBUPROFENE	100	milligrammi	Capsula molle	M01AE01	RECKITT BENCKISER HEALTHCARE (ITALIA) S.P.A.	Autorizzata	Procedura Mutuo riconoscimento o Decentrata	Medicinali non soggetti a prescrizione medica ma non da banco
044247132	044247	NUROFENKID FEBBRE E DOLORE	100 MG CAPSULE MOLLI MASTICABILI- 26 CAPSULE IN BLISTER PVC/PE/PVDC/AL	IBUPROFENE	IBUPROFENE	100	milligrammi	Capsula molle	M01AE01	RECKITT BENCKISER HEALTHCARE (ITALIA) S.P.A.	Autorizzata	Procedura Mutuo riconoscimento o Decentrata	Medicinali non soggetti a prescrizione medica ma non da banco
044247144	044247	NUROFENKID FEBBRE E DOLORE	100 MG CAPSULE MOLLI MASTICABILI- 28 CAPSULE IN BLISTER PVC/PE/PVDC/AL	IBUPROFENE	IBUPROFENE	100	milligrammi	Capsula molle	M01AE01	RECKITT BENCKISER HEALTHCARE (ITALIA) S.P.A.	Autorizzata	Procedura Mutuo riconoscimento o Decentrata	Medicinali non soggetti a prescrizione medica ma non da banco
044247157	044247	NUROFENKID FEBBRE E DOLORE	100 MG CAPSULE MOLLI MASTICABILI- 30 CAPSULE IN BLISTER PVC/PE/PVDC/AL	IBUPROFENE	IBUPROFENE	100	milligrammi	Capsula molle	M01AE01	RECKITT BENCKISER HEALTHCARE (ITALIA) S.P.A.	Autorizzata	Procedura Mutuo riconoscimento o Decentrata	Medicinali non soggetti a prescrizione medica ma non da banco
044247169	044247	NUROFENKID FEBBRE E DOLORE	100 MG CAPSULE MOLLI MASTICABILI- 32 CAPSULE IN BLISTER PVC/PE/PVDC/AL	IBUPROFENE	IBUPROFENE	100	milligrammi	Capsula molle	M01AE01	RECKITT BENCKISER HEALTHCARE (ITALIA) S.P.A.	Autorizzata	Procedura Mutuo riconoscimento o Decentrata	Medicinali non soggetti a prescrizione medica ma non da banco
044457012	044457	SPIDIDOLPOCKET	200 MG SOSPENSIONE ORALE IN BUSTINA- 10 BUSTINE IN PET/ALU/PET/PE	IBUPROFENE	IBUPROFENE	200	milligrammi	Sospensione orale	M01AE01	ZAMBON ITALIA S.R.L.	Autorizzata	Procedura Mutuo riconoscimento o Decentrata	Medicinali non soggetti a prescrizione medica, da banco.
044457024	044457	SPIDIDOLPOCKET	200 MG SOSPENSIONE ORALE IN BUSTINA- 12 BUSTINE IN PET/ALU/PET/PE	IBUPROFENE	IBUPROFENE	200	milligrammi	Sospensione orale	M01AE01	ZAMBON ITALIA S.R.L.	Autorizzata	Procedura Mutuo riconoscimento o Decentrata	Medicinali non soggetti a prescrizione medica, da banco.
044457036	044457	SPIDIDOLPOCKET	200 MG SOSPENSIONE ORALE IN BUSTINA- 18 BUSTINE IN PET/ALU/PET/PE	IBUPROFENE	IBUPROFENE	200	milligrammi	Sospensione orale	M01AE01	ZAMBON ITALIA S.R.L.	Autorizzata	Procedura Mutuo riconoscimento o Decentrata	Medicinali non soggetti a prescrizione medica, da banco.
044457048	044457	SPIDIDOLPOCKET	200 MG SOSPENSIONE ORALE IN BUSTINA- 20 BUSTINE IN PET/ALU/PET/PE	IBUPROFENE	IBUPROFENE	200	milligrammi	Sospensione orale	M01AE01	ZAMBON ITALIA S.R.L.	Autorizzata	Procedura Mutuo riconoscimento o Decentrata	Medicinali non soggetti a prescrizione medica, da banco.
044457051	044457	SPIDIDOLPOCKET	200 MG SOSPENSIONE ORALE IN BUSTINA- 24 BUSTINE IN PET/ALU/PET/PE	IBUPROFENE	IBUPROFENE	200	milligrammi	Sospensione orale	M01AE01	ZAMBON ITALIA S.R.L.	Autorizzata	Procedura Mutuo riconoscimento o Decentrata	Medicinali non soggetti a prescrizione medica, da banco.
044457063	044457	SPIDIDOLPOCKET	200 MG SOSPENSIONE ORALE IN BUSTINA- 30 BUSTINE IN PET/ALU/PET/PE	IBUPROFENE	IBUPROFENE	200	milligrammi	Sospensione orale	M01AE01	ZAMBON ITALIA S.R.L.	Autorizzata	Procedura Mutuo riconoscimento o Decentrata	Medicinali non soggetti a prescrizione medica, da banco.
044457075	044457	SPIDIDOLPOCKET	400 MG SOSPENSIONE ORALE IN BUSTINA- 10 BUSTINE IN PET/ALU/PET/PE	IBUPROFENE	IBUPROFENE	400	milligrammi	Sospensione orale	M01AE01	ZAMBON ITALIA S.R.L.	Autorizzata	Procedura Mutuo riconoscimento o Decentrata	Medicinali non soggetti a prescrizione medica ma non da banco
044457087	044457	SPIDIDOLPOCKET	400 MG SOSPENSIONE ORALE IN BUSTINA- 12 BUSTINE IN PET/ALU/PET/PE	IBUPROFENE	IBUPROFENE	400	milligrammi	Sospensione orale	M01AE01	ZAMBON ITALIA S.R.L.	Autorizzata	Procedura Mutuo riconoscimento o Decentrata	Medicinali non soggetti a prescrizione medica ma non da banco
044457099	044457	SPIDIDOLPOCKET	400 MG SOSPENSIONE ORALE IN BUSTINA- 18 BUSTINE IN PET/ALU/PET/PE	IBUPROFENE	IBUPROFENE	400	milligrammi	Sospensione orale	M01AE01	ZAMBON ITALIA S.R.L.	Autorizzata	Procedura Mutuo riconoscimento o Decentrata	Medicinali non soggetti a prescrizione medica ma non da banco
044457101	044457	SPIDIDOLPOCKET	400 MG SOSPENSIONE ORALE IN BUSTINA- 20 BUSTINE IN PET/ALU/PET/PE	IBUPROFENE	IBUPROFENE	400	milligrammi	Sospensione orale	M01AE01	ZAMBON ITALIA S.R.L.	Autorizzata	Procedura Mutuo riconoscimento o Decentrata	Medicinali non soggetti a prescrizione medica ma non da banco
044457113	044457	SPIDIDOLPOCKET	400 MG SOSPENSIONE ORALE IN BUSTINA- 24 BUSTINE IN PET/ALU/PET/PE	IBUPROFENE	IBUPROFENE	400	milligrammi	Sospensione orale	M01AE01	ZAMBON ITALIA S.R.L.	Autorizzata	Procedura Mutuo riconoscimento o Decentrata	Medicinali non soggetti a prescrizione medica ma non da banco
044457125	044457	SPIDIDOLPOCKET	400 MG SOSPENSIONE ORALE IN BUSTINA- 30 BUSTINE IN PET/ALU/PET/PE	IBUPROFENE	IBUPROFENE	400	milligrammi	Sospensione orale	M01AE01	ZAMBON ITALIA S.R.L.	Autorizzata	Procedura Mutuo riconoscimento o Decentrata	Medicinali non soggetti a prescrizione medica ma non da banco
044658021	044658	NUROFEN FEBBRE E DOLORE	BAMBINI 100 MG/5 ML SOSPENSIONE ORALE GUSTO ARANCIA SENZA ZUCCHERO- FLACONE DA 150 ML CON SIRINGA DOSATRICE	IBUPROFENE	IBUPROFENE	3		Sospensione orale	M01AE01	FARMED S.R.L.	Autorizzata	Importazione Parallela	Medicinali non soggetti a prescrizione medica ma non da banco
044658058	044658	NUROFEN FEBBRE E DOLORE	200 MG/5 ML SOSPENSIONE ORALE GUSTO FRAGOLA SENZA ZUCCHERO- FLACONE DA 100 ML CON SIRINGA DOSATRICE	IBUPROFENE	IBUPROFENE	200	milligrammi	Sospensione orale	M01AE01	FARMED S.R.L.	Autorizzata	Importazione Parallela	Medicinali non soggetti a prescrizione medica, da banco.
044658060	044658	NUROFEN FEBBRE E DOLORE	200 MG/5 ML SOSPENSIONE ORALE GUSTO ARANCIA SENZA ZUCCHERO- FLACONE DA 100 ML CON SIRINGA DOSATRICE	IBUPROFENE	IBUPROFENE	200	milligrammi	Sospensione orale	M01AE01	FARMED S.R.L.	Autorizzata	Importazione Parallela	Medicinali non soggetti a prescrizione medica, da banco.
044661027	044661	BRUFEN	600 MG COMPRESSE RIVESTITE- 30 COMPRESSE IN BLISTER	IBUPROFENE	IBUPROFENE	600	milligrammi	Compressa rivestita	M01AE01	FARMED S.R.L.	Autorizzata	Importazione Parallela	Medicinali soggetti a prescrizione medica
044661039	044661	BRUFEN	400 MG COMPRESSE RIVESTITE- 30 COMPRESSE  IN BLISTER PVC/AL	IBUPROFENE	IBUPROFENE	400	milligrammi	Compressa rivestita	M01AE01	FARMED S.R.L.	Autorizzata	Importazione Parallela	Medicinali soggetti a prescrizione medica
044912018	044912	VEGETALLUMINA DOLORE E FEBBRE	<400 mg granulato per soluzione orale in bustina>, 12 bustine in carta/pe/al/surlyn	IBUPROFENE	IBUPROFENE	400	milligrammi	Granulato per soluzione orale	M01AE01	PIETRASANTA PHARMA S.P.A.	Autorizzata	Procedura Nazionale	Medicinali non soggetti a prescrizione medica, da banco.
044912020	044912	VEGETALLUMINA DOLORE E FEBBRE	400 MG GRANULATO PER SOLUZIONE ORALE IN BUSTINA- 12 BUSTINE IN CARTA/AL/PE	IBUPROFENE	IBUPROFENE			Granulato per soluzione orale	M01AE01	PIETRASANTA PHARMA S.P.A.	Autorizzata	Procedura Nazionale	Medicinali non soggetti a prescrizione medica, da banco.
045125010	045125	IBUPROFENE B.BRAUN MELSUNGEN	600 MG SOLUZIONE PER INFUSIONE - 10 FLACONI IN LDPE DA 100 ML	IBUPROFENE	IBUPROFENE			Soluzione per infusione	M01AE01	B. BRAUN MELSUNGEN AG	Autorizzata	Procedura Mutuo riconoscimento o Decentrata	Medicinali soggetti a prescrizione medica limitativa, utilizzabili esclusivamente in ambiente ospedaliero o in una struttura ad esso assimilabile
045125022	045125	IBUPROFENE B.BRAUN MELSUNGEN	600 MG SOLUZIONE PER INFUSIONE - 20 FLACONI IN LDPE DA 100 ML	IBUPROFENE	IBUPROFENE			Soluzione per infusione	M01AE01	B. BRAUN MELSUNGEN AG	Autorizzata	Procedura Mutuo riconoscimento o Decentrata	Medicinali soggetti a prescrizione medica limitativa, utilizzabili esclusivamente in ambiente ospedaliero o in una struttura ad esso assimilabile
045125034	045125	IBUPROFENE B.BRAUN MELSUNGEN	200 MG SOLUZIONE PER INFUSIONE- 10 FLACONI IN LDPE DA 50 ML	IBUPROFENE	IBUPROFENE			Soluzione per infusione	M01AE01	B. BRAUN MELSUNGEN AG	Autorizzata	Procedura Mutuo riconoscimento o Decentrata	Medicinali soggetti a prescrizione medica limitativa, utilizzabili esclusivamente in ambiente ospedaliero o in una struttura ad esso assimilabile
045125046	045125	IBUPROFENE B.BRAUN MELSUNGEN	200 MG SOLUZIONE PER INFUSIONE- 20 FLACONI IN LDPE DA 50 ML	IBUPROFENE	IBUPROFENE			Soluzione per infusione	M01AE01	B. BRAUN MELSUNGEN AG	Autorizzata	Procedura Mutuo riconoscimento o Decentrata	Medicinali soggetti a prescrizione medica limitativa, utilizzabili esclusivamente in ambiente ospedaliero o in una struttura ad esso assimilabile
045126012	045126	IBUPROFENE B.BRAUN	400 MG SOLUZIONE PER INFUSIONE - 10 FLACONI IN LDPE DA 100 ML	IBUPROFENE	IBUPROFENE	400	milligrammi	Soluzione per infusione	M01AE01	B. BRAUN MELSUNGEN AG	Autorizzata	Procedura Mutuo riconoscimento o Decentrata	Medicinali soggetti a prescrizione medica limitativa, utilizzabili esclusivamente in ambiente ospedaliero o in una struttura ad esso assimilabile
045126024	045126	IBUPROFENE B.BRAUN	400 MG SOLUZIONE PER INFUSIONE - 20 FLACONI IN LDPE DA 100 ML	IBUPROFENE	IBUPROFENE	400	milligrammi	Soluzione per infusione	M01AE01	B. BRAUN MELSUNGEN AG	Autorizzata	Procedura Mutuo riconoscimento o Decentrata	Medicinali soggetti a prescrizione medica limitativa, utilizzabili esclusivamente in ambiente ospedaliero o in una struttura ad esso assimilabile
045386075	045386	BUSCOFENPOCKET	400 MG POLVERE ORALE IN BUSTINA- 10 BUSTINE MONODOSE IN PAP/AL/MEEA	IBUPROFENE	IBUPROFENE			Polvere orale	M01AE01	OPELLA HEALTHCARE ITALY S.R.L.	Autorizzata	Procedura Mutuo riconoscimento o Decentrata	Medicinali non soggetti a prescrizione medica, da banco.
045386087	045386	BUSCOFENPOCKET	400 MG POLVERE ORALE IN BUSTINA- 12 BUSTINE MONODOSE IN PAP/AL/MEEA	IBUPROFENE	IBUPROFENE			Polvere orale	M01AE01	OPELLA HEALTHCARE ITALY S.R.L.	Autorizzata	Procedura Mutuo riconoscimento o Decentrata	Medicinali non soggetti a prescrizione medica, da banco.
045386099	045386	BUSCOFENPOCKET	400 MG POLVERE ORALE IN BUSTINA- 18 BUSTINE MONODOSE IN PAP/AL/MEEA	IBUPROFENE	IBUPROFENE			Polvere orale	M01AE01	OPELLA HEALTHCARE ITALY S.R.L.	Autorizzata	Procedura Mutuo riconoscimento o Decentrata	Medicinali non soggetti a prescrizione medica, da banco.
045386101	045386	BUSCOFENPOCKET	400 MG POLVERE ORALE IN BUSTINA- 20 BUSTINE MONODOSE IN PAP/AL/MEEA	IBUPROFENE	IBUPROFENE			Polvere orale	M01AE01	OPELLA HEALTHCARE ITALY S.R.L.	Autorizzata	Procedura Mutuo riconoscimento o Decentrata	Medicinali non soggetti a prescrizione medica, da banco.
045386113	045386	BUSCOFENPOCKET	400 MG POLVERE ORALE IN BUSTINA- 24 BUSTINE MONODOSE IN PAP/AL/MEEA	IBUPROFENE	IBUPROFENE			Polvere orale	M01AE01	OPELLA HEALTHCARE ITALY S.R.L.	Autorizzata	Procedura Mutuo riconoscimento o Decentrata	Medicinali non soggetti a prescrizione medica, da banco.
045386125	045386	BUSCOFENPOCKET	400 MG POLVERE ORALE IN BUSTINA- 30 BUSTINE MONODOSE IN PAP/AL/MEEA	IBUPROFENE	IBUPROFENE			Polvere orale	M01AE01	OPELLA HEALTHCARE ITALY S.R.L.	Autorizzata	Procedura Mutuo riconoscimento o Decentrata	Medicinali non soggetti a prescrizione medica, da banco.
045538016	045538	VEGEDOL	400 MG COMPRESSE RIVESTITE CON FILM- 10 COMPRESSE IN BLISTER PVC/PVDC/AL	IBUPROFENE	IBUPROFENE	400	milligrammi	Compressa rivestita con film	M01AE01	PIETRASANTA PHARMA S.P.A.	Autorizzata	Procedura Mutuo riconoscimento o Decentrata	Medicinali non soggetti a prescrizione medica ma non da banco
045538028	045538	VEGEDOL	400 MG COMPRESSE RIVESTITE CON FILM- 12 COMPRESSE IN BLISTER PVC/PVDC/AL	IBUPROFENE	IBUPROFENE	400	milligrammi	Compressa rivestita con film	M01AE01	PIETRASANTA PHARMA S.P.A.	Autorizzata	Procedura Mutuo riconoscimento o Decentrata	Medicinali non soggetti a prescrizione medica ma non da banco
045538030	045538	VEGEDOL	400 MG COMPRESSE RIVESTITE CON FILM- 20 COMPRESSE IN BLISTER PVC/PVDC/AL	IBUPROFENE	IBUPROFENE	400	milligrammi	Compressa rivestita con film	M01AE01	PIETRASANTA PHARMA S.P.A.	Autorizzata	Procedura Mutuo riconoscimento o Decentrata	Medicinali non soggetti a prescrizione medica ma non da banco
045538042	045538	VEGEDOL	400 MG COMPRESSE RIVESTITE CON FILM- 24 COMPRESSE IN BLISTER PVC/PVDC/AL	IBUPROFENE	IBUPROFENE	400	milligrammi	Compressa rivestita con film	M01AE01	PIETRASANTA PHARMA S.P.A.	Autorizzata	Procedura Mutuo riconoscimento o Decentrata	Medicinali non soggetti a prescrizione medica ma non da banco
045538055	045538	VEGEDOL	400 MG COMPRESSE RIVESTITE CON FILM- 10 COMPRESSE IN BLISTER PVC/PVDC/AL/PET	IBUPROFENE	IBUPROFENE	400	milligrammi	Compressa rivestita con film	M01AE01	PIETRASANTA PHARMA S.P.A.	Autorizzata	Procedura Mutuo riconoscimento o Decentrata	Medicinali non soggetti a prescrizione medica ma non da banco
045538067	045538	VEGEDOL	400 MG COMPRESSE RIVESTITE CON FILM- 12 COMPRESSE IN BLISTER PVC/PVDC/AL/PET	IBUPROFENE	IBUPROFENE	400	milligrammi	Compressa rivestita con film	M01AE01	PIETRASANTA PHARMA S.P.A.	Autorizzata	Procedura Mutuo riconoscimento o Decentrata	Medicinali non soggetti a prescrizione medica ma non da banco
045538079	045538	VEGEDOL	400 MG COMPRESSE RIVESTITE CON FILM- 20 COMPRESSE IN BLISTER PVC/PVDC/AL/PET	IBUPROFENE	IBUPROFENE	400	milligrammi	Compressa rivestita con film	M01AE01	PIETRASANTA PHARMA S.P.A.	Autorizzata	Procedura Mutuo riconoscimento o Decentrata	Medicinali non soggetti a prescrizione medica ma non da banco
045538081	045538	VEGEDOL	400 MG COMPRESSE RIVESTITE CON FILM- 24 COMPRESSE IN BLISTER PVC/PVDC/AL/PET	IBUPROFENE	IBUPROFENE	400	milligrammi	Compressa rivestita con film	M01AE01	PIETRASANTA PHARMA S.P.A.	Autorizzata	Procedura Mutuo riconoscimento o Decentrata	Medicinali non soggetti a prescrizione medica ma non da banco
045557016	045557	IBUPROFENE AUROBINDO PHARMA ITALIA	400 MG COMPRESSE RIVESTITE CON FILM- 30 COMPRESSE IN BLISTER PVC/AL	IBUPROFENE	IBUPROFENE	400	milligrammi	Compressa rivestita con film	M01AE01	AUROBINDO PHARMA (ITALIA) S.R.L.	Autorizzata	Procedura Mutuo riconoscimento o Decentrata	Medicinali soggetti a prescrizione medica
045557028	045557	IBUPROFENE AUROBINDO PHARMA ITALIA	600 MG COMPRESSE RIVESTITE CON FILM- 30 COMPRESSE IN BLISTER PVC/AL	IBUPROFENE	IBUPROFENE	600	milligrammi	Compressa rivestita con film	M01AE01	AUROBINDO PHARMA (ITALIA) S.R.L.	Autorizzata	Procedura Mutuo riconoscimento o Decentrata	Medicinali soggetti a prescrizione medica
045557030	045557	IBUPROFENE AUROBINDO PHARMA ITALIA	400 MG COMPRESSE RIVESTITE CON FILM- 20 COMPRESSE IN BLISTER PVC/AL	IBUPROFENE	IBUPROFENE	400	milligrammi	Compressa rivestita con film	M01AE01	AUROBINDO PHARMA (ITALIA) S.R.L.	Autorizzata	Procedura Mutuo riconoscimento o Decentrata	Medicinali soggetti a prescrizione medica
045557042	045557	IBUPROFENE AUROBINDO PHARMA ITALIA	400 MG COMPRESSE RIVESTITE CON FILM- 60 COMPRESSE IN BLISTER PVC/AL	IBUPROFENE	IBUPROFENE	400	milligrammi	Compressa rivestita con film	M01AE01	AUROBINDO PHARMA (ITALIA) S.R.L.	Autorizzata	Procedura Mutuo riconoscimento o Decentrata	Medicinali soggetti a prescrizione medica
045557055	045557	IBUPROFENE AUROBINDO PHARMA ITALIA	600 MG COMPRESSE RIVESTITE CON FILM- 20 COMPRESSE IN BLISTER PVC/AL	IBUPROFENE	IBUPROFENE	600	milligrammi	Compressa rivestita con film	M01AE01	AUROBINDO PHARMA (ITALIA) S.R.L.	Autorizzata	Procedura Mutuo riconoscimento o Decentrata	Medicinali soggetti a prescrizione medica
045557067	045557	IBUPROFENE AUROBINDO PHARMA ITALIA	600 MG COMPRESSE RIVESTITE CON FILM- 60 COMPRESSE IN BLISTER PVC/AL	IBUPROFENE	IBUPROFENE	600	milligrammi	Compressa rivestita con film	M01AE01	AUROBINDO PHARMA (ITALIA) S.R.L.	Autorizzata	Procedura Mutuo riconoscimento o Decentrata	Medicinali soggetti a prescrizione medica
045558018	045558	IBUPROFENE LIVSANE	200 MG COMPRESSE RIVESTITE CON FILM- 10 COMPRESSE IN BLISTER PVC/AL	IBUPROFENE	IBUPROFENE	200	milligrammi	Compressa rivestita con film	M01AE01	AUROBINDO PHARMA (ITALIA) S.R.L.	Autorizzata	Procedura Mutuo riconoscimento o Decentrata	Medicinali non soggetti a prescrizione medica, da banco.
045558020	045558	IBUPROFENE LIVSANE	200 MG COMPRESSE RIVESTITE CON FILM- 20 COMPRESSE IN BLISTER PVC/AL	IBUPROFENE	IBUPROFENE	200	milligrammi	Compressa rivestita con film	M01AE01	AUROBINDO PHARMA (ITALIA) S.R.L.	Autorizzata	Procedura Mutuo riconoscimento o Decentrata	Medicinali non soggetti a prescrizione medica, da banco.
045558032	045558	IBUPROFENE LIVSANE	200 MG COMPRESSE RIVESTITE CON FILM- 24 COMPRESSE IN BLISTER PVC/AL	IBUPROFENE	IBUPROFENE	200	milligrammi	Compressa rivestita con film	M01AE01	AUROBINDO PHARMA (ITALIA) S.R.L.	Autorizzata	Procedura Mutuo riconoscimento o Decentrata	Medicinali non soggetti a prescrizione medica, da banco.
045558044	045558	IBUPROFENE LIVSANE	200 MG COMPRESSE RIVESTITE CON FILM- 56 COMPRESSE IN BLISTER PVC/AL	IBUPROFENE	IBUPROFENE	200	milligrammi	Compressa rivestita con film	M01AE01	AUROBINDO PHARMA (ITALIA) S.R.L.	Autorizzata	Procedura Mutuo riconoscimento o Decentrata	Medicinali soggetti a prescrizione medica
045558057	045558	IBUPROFENE LIVSANE	200 MG COMPRESSE RIVESTITE CON FILM- 60 COMPRESSE IN BLISTER PVC/AL	IBUPROFENE	IBUPROFENE	200	milligrammi	Compressa rivestita con film	M01AE01	AUROBINDO PHARMA (ITALIA) S.R.L.	Autorizzata	Procedura Mutuo riconoscimento o Decentrata	Medicinali soggetti a prescrizione medica
045558069	045558	IBUPROFENE LIVSANE	200 MG COMPRESSE RIVESTITE CON FILM- 84 COMPRESSE IN BLISTER PVC/AL	IBUPROFENE	IBUPROFENE	200	milligrammi	Compressa rivestita con film	M01AE01	AUROBINDO PHARMA (ITALIA) S.R.L.	Autorizzata	Procedura Mutuo riconoscimento o Decentrata	Medicinali soggetti a prescrizione medica
045558071	045558	IBUPROFENE LIVSANE	400 MG COMPRESSE RIVESTITE CON FILM- 10 COMPRESSE IN BLISTER PVC/AL	IBUPROFENE	IBUPROFENE	400	milligrammi	Compressa rivestita con film	M01AE01	AUROBINDO PHARMA (ITALIA) S.R.L.	Autorizzata	Procedura Mutuo riconoscimento o Decentrata	Medicinali non soggetti a prescrizione medica, da banco.
045558083	045558	IBUPROFENE LIVSANE	400 MG COMPRESSE RIVESTITE CON FILM- 20 COMPRESSE IN BLISTER PVC/AL	IBUPROFENE	IBUPROFENE	400	milligrammi	Compressa rivestita con film	M01AE01	AUROBINDO PHARMA (ITALIA) S.R.L.	Autorizzata	Procedura Mutuo riconoscimento o Decentrata	Medicinali non soggetti a prescrizione medica, da banco.
045558095	045558	IBUPROFENE LIVSANE	400 MG COMPRESSE RIVESTITE CON FILM- 24 COMPRESSE IN BLISTER PVC/AL	IBUPROFENE	IBUPROFENE	400	milligrammi	Compressa rivestita con film	M01AE01	AUROBINDO PHARMA (ITALIA) S.R.L.	Autorizzata	Procedura Mutuo riconoscimento o Decentrata	Medicinali soggetti a prescrizione medica
045558107	045558	IBUPROFENE LIVSANE	400 MG COMPRESSE RIVESTITE CON FILM- 56 COMPRESSE IN BLISTER PVC/AL	IBUPROFENE	IBUPROFENE	400	milligrammi	Compressa rivestita con film	M01AE01	AUROBINDO PHARMA (ITALIA) S.R.L.	Autorizzata	Procedura Mutuo riconoscimento o Decentrata	Medicinali soggetti a prescrizione medica
045558119	045558	IBUPROFENE LIVSANE	400 MG COMPRESSE RIVESTITE CON FILM- 60 COMPRESSE IN BLISTER PVC/AL	IBUPROFENE	IBUPROFENE	400	milligrammi	Compressa rivestita con film	M01AE01	AUROBINDO PHARMA (ITALIA) S.R.L.	Autorizzata	Procedura Mutuo riconoscimento o Decentrata	Medicinali soggetti a prescrizione medica
045558121	045558	IBUPROFENE LIVSANE	400 MG COMPRESSE RIVESTITE CON FILM- 84 COMPRESSE IN BLISTER PVC/AL	IBUPROFENE	IBUPROFENE	400	milligrammi	Compressa rivestita con film	M01AE01	AUROBINDO PHARMA (ITALIA) S.R.L.	Autorizzata	Procedura Mutuo riconoscimento o Decentrata	Medicinali soggetti a prescrizione medica
045558133	045558	IBUPROFENE LIVSANE	400 MG COMPRESSE RIVESTITE CON FILM- 100 COMPRESSE IN BLISTER PVC/AL	IBUPROFENE	IBUPROFENE	400	milligrammi	Compressa rivestita con film	M01AE01	AUROBINDO PHARMA (ITALIA) S.R.L.	Autorizzata	Procedura Mutuo riconoscimento o Decentrata	Medicinali soggetti a prescrizione medica
046054019	046054	MOMENT OROSOLUBILE	200 MG POLVERE ORALE- 10 BUSTINE IN PAP/PE/AL/PE	IBUPROFENE	IBUPROFENE			Polvere orale	M01AE01	AZIENDE CHIMICHE RIUNITE ANGELINI FRANCESCO A.C.R.A.F. S.P.A.	Autorizzata	Procedura Mutuo riconoscimento o Decentrata	Medicinali non soggetti a prescrizione medica, da banco.
046054021	046054	MOMENT OROSOLUBILE	200 MG POLVERE ORALE- 12 BUSTINE IN PAP/PE/AL/PE	IBUPROFENE	IBUPROFENE			Polvere orale	M01AE01	AZIENDE CHIMICHE RIUNITE ANGELINI FRANCESCO A.C.R.A.F. S.P.A.	Autorizzata	Procedura Mutuo riconoscimento o Decentrata	Medicinali non soggetti a prescrizione medica, da banco.
046054033	046054	MOMENT OROSOLUBILE	200 MG POLVERE ORALE- 20 BUSTINE IN PAP/PE/AL/PE	IBUPROFENE	IBUPROFENE			Polvere orale	M01AE01	AZIENDE CHIMICHE RIUNITE ANGELINI FRANCESCO A.C.R.A.F. S.P.A.	Autorizzata	Procedura Mutuo riconoscimento o Decentrata	Medicinali non soggetti a prescrizione medica, da banco.
046054045	046054	MOMENT OROSOLUBILE	400 MG POLVERE ORALE- 10 BUSTINE IN PAP/PE/AL/PE	IBUPROFENE	IBUPROFENE			Polvere orale	M01AE01	AZIENDE CHIMICHE RIUNITE ANGELINI FRANCESCO A.C.R.A.F. S.P.A.	Autorizzata	Procedura Mutuo riconoscimento o Decentrata	Medicinali non soggetti a prescrizione medica, da banco.
046054058	046054	MOMENT OROSOLUBILE	400 MG POLVERE ORALE- 12 BUSTINE IN PAP/PE/AL/PE	IBUPROFENE	IBUPROFENE			Polvere orale	M01AE01	AZIENDE CHIMICHE RIUNITE ANGELINI FRANCESCO A.C.R.A.F. S.P.A.	Autorizzata	Procedura Mutuo riconoscimento o Decentrata	Medicinali non soggetti a prescrizione medica, da banco.
046054060	046054	MOMENT OROSOLUBILE	400 MG POLVERE ORALE- 20 BUSTINE IN PAP/PE/AL/PE	IBUPROFENE	IBUPROFENE			Polvere orale	M01AE01	AZIENDE CHIMICHE RIUNITE ANGELINI FRANCESCO A.C.R.A.F. S.P.A.	Autorizzata	Procedura Mutuo riconoscimento o Decentrata	Medicinali non soggetti a prescrizione medica, da banco.
046331029	046331	NUROFEN	400 MG COMPRESSE RIVESTITE - 12 COMPRESSE IN PVC-PVDC/AL	IBUPROFENE	IBUPROFENE	400	milligrammi	Compressa rivestita	M01AE01	NEW PHARMASHOP S.R.L.	Autorizzata	Importazione Parallela	Medicinali non soggetti a prescrizione medica, da banco.
046780019	046780	IBUMENOL	400 MG COMPRESSA RIVESTITA CON FILM- 20 COMPRESSE IN BLISTER AL/PVC/PVDC	IBUPROFENE	IBUPROFENE	400	milligrammi	Compressa rivestita con film	M01AE01	S.F. GROUP S.R.L.	Autorizzata	Procedura Nazionale	Medicinali non soggetti a prescrizione medica, da banco.
046903011	046903	FEDOTASK	200 MG POLVERE ORALE IN BUSTINA- 12 BUSTINE IN PET/AL/PE	IBUPROFENE	IBUPROFENE			Polvere orale	M01AE01	S.F. GROUP S.R.L.	Autorizzata	Procedura Nazionale	Medicinali non soggetti a prescrizione medica, da banco.
046903023	046903	FEDOTASK	200 MG POLVERE ORALE IN BUSTINA- 24 BUSTINE IN PET/AL/PE	IBUPROFENE	IBUPROFENE			Polvere orale	M01AE01	S.F. GROUP S.R.L.	Autorizzata	Procedura Nazionale	Medicinali non soggetti a prescrizione medica, da banco.
046903035	046903	FEDOTASK	400 MG POLVERE ORALE IN BUSTINA- 12 BUSTINE IN PET/AL/PE	IBUPROFENE	IBUPROFENE			Polvere orale	M01AE01	S.F. GROUP S.R.L.	Autorizzata	Procedura Nazionale	Medicinali non soggetti a prescrizione medica, da banco.
046903047	046903	FEDOTASK	400 MG POLVERE ORALE IN BUSTINA- 24 BUSTINE IN PET/AL/PE	IBUPROFENE	IBUPROFENE			Polvere orale	M01AE01	S.F. GROUP S.R.L.	Autorizzata	Procedura Nazionale	Medicinali non soggetti a prescrizione medica, da banco.
046903050	046903	FEDOTASK	200 MG POLVERE ORALE IN BUSTINA- 12 BUSTINE IN CARTA-PE/AL-PE	IBUPROFENE	IBUPROFENE			Polvere orale	M01AE01	S.F. GROUP S.R.L.	Autorizzata	Procedura Nazionale	Medicinali non soggetti a prescrizione medica, da banco.
046903062	046903	FEDOTASK	200 MG POLVERE ORALE IN BUSTINA- 24 BUSTINE IN CARTA-PE/AL-PE	IBUPROFENE	IBUPROFENE			Polvere orale	M01AE01	S.F. GROUP S.R.L.	Autorizzata	Procedura Nazionale	Medicinali non soggetti a prescrizione medica, da banco.
046903074	046903	FEDOTASK	400 MG POLVERE ORALE IN BUSTINA- 12 BUSTINE IN CARTA-PE/AL-PE	IBUPROFENE	IBUPROFENE			Polvere orale	M01AE01	S.F. GROUP S.R.L.	Autorizzata	Procedura Nazionale	Medicinali non soggetti a prescrizione medica, da banco.
046903086	046903	FEDOTASK	400 MG POLVERE ORALE IN BUSTINA- 24 BUSTINE IN CARTA-PE/AL-PE	IBUPROFENE	IBUPROFENE			Polvere orale	M01AE01	S.F. GROUP S.R.L.	Autorizzata	Procedura Nazionale	Medicinali non soggetti a prescrizione medica, da banco.
047036013	047036	NUROFLEX DOLORI MUSCOLARI E ARTICOLARI	200 MG CEROTTO MEDICATO- 2 CEROTTI IN BUSTINA PET/LDPE/AL/LDPE	IBUPROFENE	IBUPROFENE	200	milligrammi	Cerotto transdermico	M02AA13	RECKITT BENCKISER HEALTHCARE (ITALIA) S.P.A.	Autorizzata	Procedura Mutuo riconoscimento o Decentrata	Medicinali non soggetti a prescrizione medica, da banco.
047036025	047036	NUROFLEX DOLORI MUSCOLARI E ARTICOLARI	200 MG CEROTTO MEDICATO- 4 CEROTTI IN BUSTINA PET/LDPE/AL/LDPE	IBUPROFENE	IBUPROFENE	200	milligrammi	Cerotto transdermico	M02AA13	RECKITT BENCKISER HEALTHCARE (ITALIA) S.P.A.	Autorizzata	Procedura Mutuo riconoscimento o Decentrata	Medicinali non soggetti a prescrizione medica, da banco.
047036037	047036	NUROFLEX DOLORI MUSCOLARI E ARTICOLARI	200 MG CEROTTO MEDICATO- 6 CEROTTI IN BUSTINA PET/LDPE/AL/LDPE	IBUPROFENE	IBUPROFENE	200	milligrammi	Cerotto transdermico	M02AA13	RECKITT BENCKISER HEALTHCARE (ITALIA) S.P.A.	Autorizzata	Procedura Mutuo riconoscimento o Decentrata	Medicinali non soggetti a prescrizione medica, da banco.
047036049	047036	NUROFLEX DOLORI MUSCOLARI E ARTICOLARI	200 MG CEROTTO MEDICATO- 8 CEROTTI IN BUSTINA PET/LDPE/AL/LDPE	IBUPROFENE	IBUPROFENE	200	milligrammi	Cerotto transdermico	M02AA13	RECKITT BENCKISER HEALTHCARE (ITALIA) S.P.A.	Autorizzata	Procedura Mutuo riconoscimento o Decentrata	Medicinali non soggetti a prescrizione medica, da banco.
047036052	047036	NUROFLEX DOLORI MUSCOLARI E ARTICOLARI	200 MG CEROTTO MEDICATO- 10 CEROTTI IN BUSTINA PET/LDPE/AL/LDPE	IBUPROFENE	IBUPROFENE	200	milligrammi	Cerotto transdermico	M02AA13	RECKITT BENCKISER HEALTHCARE (ITALIA) S.P.A.	Autorizzata	Procedura Mutuo riconoscimento o Decentrata	Medicinali non soggetti a prescrizione medica, da banco.
047552017	047552	VELITIX	200 MG COMPRESSE RIVESTITE CON FILM- 10 COMPRESSE IN BLISTER  PVC/PVDC-AL	IBUPROFENE	IBUPROFENE	200	milligrammi	Compressa rivestita con film	M01AE01	ARISTO PHARMA GMBH	Autorizzata	Procedura Mutuo riconoscimento o Decentrata	Medicinali non soggetti a prescrizione medica, da banco.
047552029	047552	VELITIX	200 MG COMPRESSE RIVESTITE CON FILM- 12 COMPRESSE IN BLISTER  PVC/PVDC-AL	IBUPROFENE	IBUPROFENE	200	milligrammi	Compressa rivestita con film	M01AE01	ARISTO PHARMA GMBH	Autorizzata	Procedura Mutuo riconoscimento o Decentrata	Medicinali non soggetti a prescrizione medica, da banco.
047552031	047552	VELITIX	200 MG COMPRESSE RIVESTITE CON FILM- 16 COMPRESSE IN BLISTER  PVC/PVDC-AL	IBUPROFENE	IBUPROFENE	200	milligrammi	Compressa rivestita con film	M01AE01	ARISTO PHARMA GMBH	Autorizzata	Procedura Mutuo riconoscimento o Decentrata	Medicinali non soggetti a prescrizione medica, da banco.
047552043	047552	VELITIX	200 MG COMPRESSE RIVESTITE CON FILM- 20 COMPRESSE IN BLISTER  PVC/PVDC-AL	IBUPROFENE	IBUPROFENE	200	milligrammi	Compressa rivestita con film	M01AE01	ARISTO PHARMA GMBH	Autorizzata	Procedura Mutuo riconoscimento o Decentrata	Medicinali non soggetti a prescrizione medica, da banco.
047552056	047552	VELITIX	200 MG COMPRESSE RIVESTITE CON FILM- 24 COMPRESSE IN BLISTER  PVC/PVDC-AL	IBUPROFENE	IBUPROFENE	200	milligrammi	Compressa rivestita con film	M01AE01	ARISTO PHARMA GMBH	Autorizzata	Procedura Mutuo riconoscimento o Decentrata	Medicinali non soggetti a prescrizione medica, da banco.
047552068	047552	VELITIX	200 MG COMPRESSE RIVESTITE CON FILM- 30 COMPRESSE IN BLISTER  PVC/PVDC-AL	IBUPROFENE	IBUPROFENE	200	milligrammi	Compressa rivestita con film	M01AE01	ARISTO PHARMA GMBH	Autorizzata	Procedura Mutuo riconoscimento o Decentrata	Medicinali non soggetti a prescrizione medica, da banco.
047552070	047552	VELITIX	200 MG COMPRESSE RIVESTITE CON FILM- 36 COMPRESSE IN BLISTER  PVC/PVDC-AL	IBUPROFENE	IBUPROFENE	200	milligrammi	Compressa rivestita con film	M01AE01	ARISTO PHARMA GMBH	Autorizzata	Procedura Mutuo riconoscimento o Decentrata	Medicinali non soggetti a prescrizione medica, da banco.
047552082	047552	VELITIX	200 MG COMPRESSE RIVESTITE CON FILM- 48 COMPRESSE IN BLISTER  PVC/PVDC-AL	IBUPROFENE	IBUPROFENE	200	milligrammi	Compressa rivestita con film	M01AE01	ARISTO PHARMA GMBH	Autorizzata	Procedura Mutuo riconoscimento o Decentrata	Medicinali soggetti a prescrizione medica
047552094	047552	VELITIX	200 MG COMPRESSE RIVESTITE CON FILM- 50 COMPRESSE IN BLISTER  PVC/PVDC-AL	IBUPROFENE	IBUPROFENE	200	milligrammi	Compressa rivestita con film	M01AE01	ARISTO PHARMA GMBH	Autorizzata	Procedura Mutuo riconoscimento o Decentrata	Medicinali soggetti a prescrizione medica
047552106	047552	VELITIX	200 MG COMPRESSE RIVESTITE CON FILM- 60 COMPRESSE IN BLISTER  PVC/PVDC-AL	IBUPROFENE	IBUPROFENE	200	milligrammi	Compressa rivestita con film	M01AE01	ARISTO PHARMA GMBH	Autorizzata	Procedura Mutuo riconoscimento o Decentrata	Medicinali soggetti a prescrizione medica
047552118	047552	VELITIX	200 MG COMPRESSE RIVESTITE CON FILM- 96 COMPRESSE IN BLISTER  PVC/PVDC-AL	IBUPROFENE	IBUPROFENE	200	milligrammi	Compressa rivestita con film	M01AE01	ARISTO PHARMA GMBH	Autorizzata	Procedura Mutuo riconoscimento o Decentrata	Medicinali soggetti a prescrizione medica
047552120	047552	VELITIX	400 MG COMPRESSE RIVESTITE CON FILM- 10 COMPRESSE IN BLISTER  PVC/PVDC-AL	IBUPROFENE	IBUPROFENE	400	milligrammi	Compressa rivestita con film	M01AE01	ARISTO PHARMA GMBH	Autorizzata	Procedura Mutuo riconoscimento o Decentrata	Medicinali non soggetti a prescrizione medica, da banco.
047552132	047552	VELITIX	400 MG COMPRESSE RIVESTITE CON FILM- 12 COMPRESSE IN BLISTER  PVC/PVDC-AL	IBUPROFENE	IBUPROFENE	400	milligrammi	Compressa rivestita con film	M01AE01	ARISTO PHARMA GMBH	Autorizzata	Procedura Mutuo riconoscimento o Decentrata	Medicinali non soggetti a prescrizione medica, da banco.
047552144	047552	VELITIX	400 MG COMPRESSE RIVESTITE CON FILM- 20 COMPRESSE IN BLISTER  PVC/PVDC-AL	IBUPROFENE	IBUPROFENE	400	milligrammi	Compressa rivestita con film	M01AE01	ARISTO PHARMA GMBH	Autorizzata	Procedura Mutuo riconoscimento o Decentrata	Medicinali non soggetti a prescrizione medica, da banco.
047552157	047552	VELITIX	400 MG COMPRESSE RIVESTITE CON FILM- 24 COMPRESSE IN BLISTER  PVC/PVDC-AL	IBUPROFENE	IBUPROFENE	400	milligrammi	Compressa rivestita con film	M01AE01	ARISTO PHARMA GMBH	Autorizzata	Procedura Mutuo riconoscimento o Decentrata	Medicinali non soggetti a prescrizione medica, da banco.
047552169	047552	VELITIX	400 MG COMPRESSE RIVESTITE CON FILM- 30 COMPRESSE IN BLISTER  PVC/PVDC-AL	IBUPROFENE	IBUPROFENE	400	milligrammi	Compressa rivestita con film	M01AE01	ARISTO PHARMA GMBH	Autorizzata	Procedura Mutuo riconoscimento o Decentrata	Medicinali non soggetti a prescrizione medica, da banco.
047552171	047552	VELITIX	400 MG COMPRESSE RIVESTITE CON FILM- 50 COMPRESSE IN BLISTER  PVC/PVDC-AL	IBUPROFENE	IBUPROFENE	400	milligrammi	Compressa rivestita con film	M01AE01	ARISTO PHARMA GMBH	Autorizzata	Procedura Mutuo riconoscimento o Decentrata	Medicinali soggetti a prescrizione medica
047552183	047552	VELITIX	400 MG COMPRESSE RIVESTITE CON FILM- 60 COMPRESSE IN BLISTER  PVC/PVDC-AL	IBUPROFENE	IBUPROFENE	400	milligrammi	Compressa rivestita con film	M01AE01	ARISTO PHARMA GMBH	Autorizzata	Procedura Mutuo riconoscimento o Decentrata	Medicinali soggetti a prescrizione medica
048387017	048387	BINOFENACT	400 MG CAPSULE MOLLI- 10 CAPSULE IN BLISTER PVC/PVDC/AL	IBUPROFENE	IBUPROFENE	400	milligrammi	Capsula molle	M01AE01	MEDREG S.R.O.	Autorizzata	Procedura Mutuo riconoscimento o Decentrata	Medicinali non soggetti a prescrizione medica, da banco.
048387029	048387	BINOFENACT	400 MG CAPSULE MOLLI- 12 CAPSULE IN BLISTER PVC/PVDC/AL	IBUPROFENE	IBUPROFENE	400	milligrammi	Capsula molle	M01AE01	MEDREG S.R.O.	Autorizzata	Procedura Mutuo riconoscimento o Decentrata	Medicinali non soggetti a prescrizione medica, da banco.
048387031	048387	BINOFENACT	400 MG CAPSULE MOLLI- 20 CAPSULE IN BLISTER PVC/PVDC/AL	IBUPROFENE	IBUPROFENE	400	milligrammi	Capsula molle	M01AE01	MEDREG S.R.O.	Autorizzata	Procedura Mutuo riconoscimento o Decentrata	Medicinali non soggetti a prescrizione medica, da banco.
048387043	048387	BINOFENACT	400 MG CAPSULE MOLLI- 24 CAPSULE IN BLISTER PVC/PVDC/AL	IBUPROFENE	IBUPROFENE	400	milligrammi	Capsula molle	M01AE01	MEDREG S.R.O.	Autorizzata	Procedura Mutuo riconoscimento o Decentrata	Medicinali soggetti a prescrizione medica
048387056	048387	BINOFENACT	400 MG CAPSULE MOLLI- 30 CAPSULE IN BLISTER PVC/PVDC/AL	IBUPROFENE	IBUPROFENE	400	milligrammi	Capsula molle	M01AE01	MEDREG S.R.O.	Autorizzata	Procedura Mutuo riconoscimento o Decentrata	Medicinali soggetti a prescrizione medica
048387068	048387	BINOFENACT	400 MG CAPSULE MOLLI- 48 CAPSULE IN BLISTER PVC/PVDC/AL	IBUPROFENE	IBUPROFENE	400	milligrammi	Capsula molle	M01AE01	MEDREG S.R.O.	Autorizzata	Procedura Mutuo riconoscimento o Decentrata	Medicinali soggetti a prescrizione medica
048387070	048387	BINOFENACT	400 MG CAPSULE MOLLI- 50 CAPSULE IN BLISTER PVC/PVDC/AL	IBUPROFENE	IBUPROFENE	400	milligrammi	Capsula molle	M01AE01	MEDREG S.R.O.	Autorizzata	Procedura Mutuo riconoscimento o Decentrata	Medicinali soggetti a prescrizione medica
048424016	048424	BRUFENLIK	200 MG SOSPENSIONE ORALE IN BUSTINA- 20 BUSTINE IN PET/AL/PET/PE DA 10 ML	IBUPROFENE	IBUPROFENE	200	milligrammi	Sospensione orale	M01AE01	MYLAN S.P.A.	Autorizzata	Procedura Mutuo riconoscimento o Decentrata	Medicinali non soggetti a prescrizione medica, da banco.
048424028	048424	BRUFENLIK	200 MG SOSPENSIONE ORALE IN BUSTINA- 40 BUSTINE IN PET/AL/PET/PE DA 10 ML	IBUPROFENE	IBUPROFENE	200	milligrammi	Sospensione orale	M01AE01	MYLAN S.P.A.	Autorizzata	Procedura Mutuo riconoscimento o Decentrata	Medicinali non soggetti a prescrizione medica, da banco.
048424030	048424	BRUFENLIK	400 MG SOSPENSIONE ORALE IN BUSTINA- 10 BUSTINE IN PET/AL/PET/PE DA 10 ML	IBUPROFENE	IBUPROFENE	400	milligrammi	Sospensione orale	M01AE01	MYLAN S.P.A.	Autorizzata	Procedura Mutuo riconoscimento o Decentrata	Medicinali non soggetti a prescrizione medica, da banco.
048424042	048424	BRUFENLIK	400 MG SOSPENSIONE ORALE IN BUSTINA- 20 BUSTINE IN PET/AL/PET/PE DA 10 ML	IBUPROFENE	IBUPROFENE	400	milligrammi	Sospensione orale	M01AE01	MYLAN S.P.A.	Autorizzata	Procedura Mutuo riconoscimento o Decentrata	Medicinali non soggetti a prescrizione medica, da banco.
048631016	048631	NUROFEN	200 MG COMPRESSE RIVESTITE- 12 COMPRESSE	IBUPROFENE	IBUPROFENE	200	milligrammi	Compressa rivestita	M01AE01	PROGRAMMI SANITARI INTEGRATI S.R.L.	Autorizzata	Importazione Parallela	Medicinali non soggetti a prescrizione medica, da banco.
049108018	049108	ALGIDRIN	20 MG/ML SOSPENSIONE ORALE, BAMBINI- 1 FLACONE IN PET DA 100 ML CON SIRINGA PER SOMMINISTRAZIONE ORALE DA 5 ML	IBUPROFENE	IBUPROFENE	20	milligram(s)/millilitre	Sospensione orale	M01AE01	DICOFARM S.P.A.	Autorizzata	Procedura Mutuo riconoscimento o Decentrata	Medicinali non soggetti a prescrizione medica ma non da banco
049108020	049108	ALGIDRIN	20 MG/ML SOSPENSIONE ORALE, BAMBINI- 1 FLACONE IN PET DA 120 ML CON SIRINGA PER SOMMINISTRAZIONE ORALE DA 5 ML	IBUPROFENE	IBUPROFENE	20	milligram(s)/millilitre	Sospensione orale	M01AE01	DICOFARM S.P.A.	Autorizzata	Procedura Mutuo riconoscimento o Decentrata	Medicinali non soggetti a prescrizione medica ma non da banco
049108032	049108	ALGIDRIN	20 MG/ML SOSPENSIONE ORALE, BAMBINI- 1 FLACONE IN PET DA 200 ML CON SIRINGA PER SOMMINISTRAZIONE ORALE DA 5 ML	IBUPROFENE	IBUPROFENE	20	milligram(s)/millilitre	Sospensione orale	M01AE01	DICOFARM S.P.A.	Autorizzata	Procedura Mutuo riconoscimento o Decentrata	Medicinali non soggetti a prescrizione medica ma non da banco
049150030	049150	IBUPROFENE ZENTIVA GENERICS	400 MG COMPRESSE RIVESTITE CON FILM- 20 COMPRESSE IN BLISTER PVC/AL	IBUPROFENE	IBUPROFENE			Compressa rivestita con film	M01AE01	ZENTIVA ITALIA S.R.L.	Autorizzata	Procedura Mutuo riconoscimento o Decentrata	Medicinali soggetti a prescrizione medica
049150042	049150	IBUPROFENE ZENTIVA GENERICS	400 MG COMPRESSE RIVESTITE CON FILM- 30 COMPRESSE IN BLISTER PVC/AL	IBUPROFENE	IBUPROFENE			Compressa rivestita con film	M01AE01	ZENTIVA ITALIA S.R.L.	Autorizzata	Procedura Mutuo riconoscimento o Decentrata	Medicinali soggetti a prescrizione medica
049150055	049150	IBUPROFENE ZENTIVA GENERICS	400 MG COMPRESSE RIVESTITE CON FILM- 60 COMPRESSE IN BLISTER PVC/AL	IBUPROFENE	IBUPROFENE			Compressa rivestita con film	M01AE01	ZENTIVA ITALIA S.R.L.	Autorizzata	Procedura Mutuo riconoscimento o Decentrata	Medicinali soggetti a prescrizione medica
049150067	049150	IBUPROFENE ZENTIVA GENERICS	400 MG COMPRESSE RIVESTITE CON FILM- 10 COMPRESSE IN BLISTER PVC/GLASSINE	IBUPROFENE	IBUPROFENE			Compressa rivestita con film	M01AE01	ZENTIVA ITALIA S.R.L.	Autorizzata	Procedura Mutuo riconoscimento o Decentrata	Medicinali soggetti a prescrizione medica
049150079	049150	IBUPROFENE ZENTIVA GENERICS	400 MG COMPRESSE RIVESTITE CON FILM- 20 COMPRESSE IN BLISTER PVC/GLASSINE	IBUPROFENE	IBUPROFENE			Compressa rivestita con film	M01AE01	ZENTIVA ITALIA S.R.L.	Autorizzata	Procedura Mutuo riconoscimento o Decentrata	Medicinali soggetti a prescrizione medica
049150081	049150	IBUPROFENE ZENTIVA GENERICS	400 MG COMPRESSE RIVESTITE CON FILM- 50 COMPRESSE IN BLISTER PVC/GLASSINE	IBUPROFENE	IBUPROFENE			Compressa rivestita con film	M01AE01	ZENTIVA ITALIA S.R.L.	Autorizzata	Procedura Mutuo riconoscimento o Decentrata	Medicinali soggetti a prescrizione medica
049150093	049150	IBUPROFENE ZENTIVA GENERICS	400 MG COMPRESSE RIVESTITE CON FILM- 100 COMPRESSE IN BLISTER PVC/GLASSINE	IBUPROFENE	IBUPROFENE			Compressa rivestita con film	M01AE01	ZENTIVA ITALIA S.R.L.	Autorizzata	Procedura Mutuo riconoscimento o Decentrata	Medicinali soggetti a prescrizione medica
049150105	049150	IBUPROFENE ZENTIVA GENERICS	600 MG COMPRESSE RIVESTITE CON FILM- 20 COMPRESSE IN BLISTER PVC/AL	IBUPROFENE	IBUPROFENE			Compressa rivestita con film	M01AE01	ZENTIVA ITALIA S.R.L.	Autorizzata	Procedura Mutuo riconoscimento o Decentrata	Medicinali soggetti a prescrizione medica
049150117	049150	IBUPROFENE ZENTIVA GENERICS	600 MG COMPRESSE RIVESTITE CON FILM- 30 COMPRESSE IN BLISTER PVC/AL	IBUPROFENE	IBUPROFENE			Compressa rivestita con film	M01AE01	ZENTIVA ITALIA S.R.L.	Autorizzata	Procedura Mutuo riconoscimento o Decentrata	Medicinali soggetti a prescrizione medica
049150129	049150	IBUPROFENE ZENTIVA GENERICS	600 MG COMPRESSE RIVESTITE CON FILM- 60 COMPRESSE IN BLISTER PVC/AL	IBUPROFENE	IBUPROFENE			Compressa rivestita con film	M01AE01	ZENTIVA ITALIA S.R.L.	Autorizzata	Procedura Mutuo riconoscimento o Decentrata	Medicinali soggetti a prescrizione medica
049150131	049150	IBUPROFENE ZENTIVA GENERICS	600 MG COMPRESSE RIVESTITE CON FILM- 10 COMPRESSE IN BLISTER PVC/GLASSINE	IBUPROFENE	IBUPROFENE			Compressa rivestita con film	M01AE01	ZENTIVA ITALIA S.R.L.	Autorizzata	Procedura Mutuo riconoscimento o Decentrata	Medicinali soggetti a prescrizione medica
049150143	049150	IBUPROFENE ZENTIVA GENERICS	600 MG COMPRESSE RIVESTITE CON FILM- 20 COMPRESSE IN BLISTER PVC/GLASSINE	IBUPROFENE	IBUPROFENE			Compressa rivestita con film	M01AE01	ZENTIVA ITALIA S.R.L.	Autorizzata	Procedura Mutuo riconoscimento o Decentrata	Medicinali soggetti a prescrizione medica
049150156	049150	IBUPROFENE ZENTIVA GENERICS	600 MG COMPRESSE RIVESTITE CON FILM- 50 COMPRESSE IN BLISTER PVC/GLASSINE	IBUPROFENE	IBUPROFENE			Compressa rivestita con film	M01AE01	ZENTIVA ITALIA S.R.L.	Autorizzata	Procedura Mutuo riconoscimento o Decentrata	Medicinali soggetti a prescrizione medica
049150168	049150	IBUPROFENE ZENTIVA GENERICS	600 MG COMPRESSE RIVESTITE CON FILM- 100 COMPRESSE IN BLISTER PVC/GLASSINE	IBUPROFENE	IBUPROFENE			Compressa rivestita con film	M01AE01	ZENTIVA ITALIA S.R.L.	Autorizzata	Procedura Mutuo riconoscimento o Decentrata	Medicinali soggetti a prescrizione medica
049161019	049161	NUROFEN	400 MG COMPRESSE RIVESTITE - 12 COMPRESSE IN PVC/ALLUMINIO	IBUPROFENE	IBUPROFENE	400	milligrammi	Compressa rivestita	M01AE01	GMM FARMA S.R.L.	Autorizzata	Importazione Parallela	Medicinali non soggetti a prescrizione medica, da banco.
049161021	049161	NUROFEN	200 MG COMPRESSE RIVESTITE- 12 COMPRESSE	IBUPROFENE	IBUPROFENE	200	milligrammi	Compressa rivestita	M01AE01	GMM FARMA S.R.L.	Autorizzata	Importazione Parallela	Medicinali non soggetti a prescrizione medica, da banco.
049161033	049161	NUROFEN	400 MG COMPRESSE RIVESTITE - 12 COMPRESSE IN PVC/ALLUMINIO	IBUPROFENE	IBUPROFENE	400	milligrammi	Compressa rivestita	M01AE01	GMM FARMA S.R.L.	Autorizzata	Importazione Parallela	Medicinali non soggetti a prescrizione medica, da banco.
049348028	049348	BRUFEN ANALGESICO	400 MG COMPRESSE RIVESTITE CON FILM- 12 COMPRESSE IN BLISTER PVC/PE/PVDC/AL	IBUPROFENE	IBUPROFENE	400	milligrammi	Compressa rivestita con film	M01AE01	GMM FARMA S.R.L.	Autorizzata	Importazione Parallela	Medicinali non soggetti a prescrizione medica, da banco.
049466016	049466	NUROFEN	200 MG COMPRESSE RIVESTITE- 12 COMPRESSE	IBUPROFENE	IBUPROFENE	200	milligrammi	Compressa rivestita	M01AE01	FARMED S.R.L.	Autorizzata	Importazione Parallela	Medicinali non soggetti a prescrizione medica, da banco.
049466028	049466	NUROFEN	400 mg COMPRESSA RIVESTITA- 12 COMPRESSA IN PVC/ALLUMINIO	IBUPROFENE	IBUPROFENE	400	milligrammi	Compressa rivestita	M01AE01	FARMED S.R.L.	Autorizzata	Importazione Parallela	Medicinali non soggetti a prescrizione medica, da banco.
049466030	049466	NUROFEN	400 MG COMPRESSE RIVESTITE - 12 COMPRESSE IN PVC/ALLUMINIO	IBUPROFENE	IBUPROFENE	400	milligrammi	Compressa rivestita	M01AE01	FARMED S.R.L.	Autorizzata	Importazione Parallela	Medicinali non soggetti a prescrizione medica, da banco.
049528019	049528	IBUPROFENE AUROBINDO PHARMA	400 MG CAPSULE MOLLI- 10 CAPSULE IN BLISTER PVC/PVDC-AL	IBUPROFENE	IBUPROFENE			Capsula molle	M01AE01	AUROBINDO PHARMA (ITALIA) S.R.L.	Autorizzata	Procedura Mutuo riconoscimento o Decentrata	Medicinali non soggetti a prescrizione medica, da banco.
049528021	049528	IBUPROFENE AUROBINDO PHARMA	400 MG CAPSULE MOLLI- 12 CAPSULE IN BLISTER PVC/PVDC-AL	IBUPROFENE	IBUPROFENE			Capsula molle	M01AE01	AUROBINDO PHARMA (ITALIA) S.R.L.	Autorizzata	Procedura Mutuo riconoscimento o Decentrata	Medicinali non soggetti a prescrizione medica, da banco.
049528033	049528	IBUPROFENE AUROBINDO PHARMA	400 MG CAPSULE MOLLI- 14 CAPSULE IN BLISTER PVC/PVDC-AL	IBUPROFENE	IBUPROFENE			Capsula molle	M01AE01	AUROBINDO PHARMA (ITALIA) S.R.L.	Autorizzata	Procedura Mutuo riconoscimento o Decentrata	Medicinali non soggetti a prescrizione medica, da banco.
049528045	049528	IBUPROFENE AUROBINDO PHARMA	400 MG CAPSULE MOLLI- 20 CAPSULE IN BLISTER PVC/PVDC-AL	IBUPROFENE	IBUPROFENE			Capsula molle	M01AE01	AUROBINDO PHARMA (ITALIA) S.R.L.	Autorizzata	Procedura Mutuo riconoscimento o Decentrata	Medicinali non soggetti a prescrizione medica, da banco.
049528058	049528	IBUPROFENE AUROBINDO PHARMA	400 MG CAPSULE MOLLI- 30 CAPSULE IN BLISTER PVC/PVDC-AL	IBUPROFENE	IBUPROFENE			Capsula molle	M01AE01	AUROBINDO PHARMA (ITALIA) S.R.L.	Autorizzata	Procedura Mutuo riconoscimento o Decentrata	Medicinali soggetti a prescrizione medica
049528060	049528	IBUPROFENE AUROBINDO PHARMA	400 MG CAPSULE MOLLI- 36 CAPSULE IN BLISTER PVC/PVDC-AL	IBUPROFENE	IBUPROFENE			Capsula molle	M01AE01	AUROBINDO PHARMA (ITALIA) S.R.L.	Autorizzata	Procedura Mutuo riconoscimento o Decentrata	Medicinali soggetti a prescrizione medica
049528072	049528	IBUPROFENE AUROBINDO PHARMA	400 MG CAPSULE MOLLI- 50 CAPSULE IN BLISTER PVC/PVDC-AL	IBUPROFENE	IBUPROFENE	400	milligrammi	Capsula molle	M01AE01	AUROBINDO PHARMA (ITALIA) S.R.L.	Autorizzata	Procedura Mutuo riconoscimento o Decentrata	Medicinali soggetti a prescrizione medica
049714013	049714	IBUPROFENE PENSAVITAL	400 mg COMPRESSE RIVESTITE CON FILM- 12 COMPRESSE IN BLISTER AL/PVC/PVDC	IBUPROFENE	IBUPROFENE	400	milligrammi	Compressa rivestita con film	M01AE01	TOWA PHARMACEUTICAL S.P.A.	Autorizzata	Procedura Mutuo riconoscimento o Decentrata	Medicinali non soggetti a prescrizione medica, da banco.
049714025	049714	IBUPROFENE PENSAVITAL	400 mg COMPRESSE RIVESTITE CON FILM- 24 COMPRESSE IN BLISTER AL/PVC/PVDC	IBUPROFENE	IBUPROFENE	400	milligrammi	Compressa rivestita con film	M01AE01	TOWA PHARMACEUTICAL S.P.A.	Autorizzata	Procedura Mutuo riconoscimento o Decentrata	Medicinali non soggetti a prescrizione medica, da banco.
049768017	049768	IBUPROFENE LABORATORI ALTER	400 MG COMPRESSA RIVESTITA CON FILM- 30 COMPRESSE IN BLISTER AL/PVC/PVDC	IBUPROFENE	IBUPROFENE	400	milligrammi	Compressa rivestita con film	M01AE01	LABORATORI ALTER S.R.L.	Autorizzata	Procedura Nazionale	Medicinali soggetti a prescrizione medica
049768029	049768	IBUPROFENE LABORATORI ALTER	600 MG COMPRESSA RIVESTITA CON FILM- 30 COMPRESSE IN BLISTER AL/PVC/PVDC	IBUPROFENE	IBUPROFENE	600	milligrammi	Compressa rivestita con film	M01AE01	LABORATORI ALTER S.R.L.	Autorizzata	Procedura Nazionale	Medicinali soggetti a prescrizione medica
049795026	049795	BRUFEN ANALGESICO	400 MG COMPRESSE RIVESTITE CON FILM- 12 COMPRESSE IN BLISTER PVC/PE/PVDC/AL	IBUPROFENE	IBUPROFENE	400	milligrammi	Compressa rivestita con film	M01AE01	FARMA 1000 S.R.L.	Autorizzata	Importazione Parallela	Medicinali non soggetti a prescrizione medica, da banco.
049875014	049875	IBUPROFENE ZENTIVA LAB	200 MG COMPRESSA RIVESTITA CON FILM- 12 COMPRESSE IN BLISTER PVC/AL	IBUPROFENE	IBUPROFENE			Compressa rivestita con film	M01AE01	ZENTIVA ITALIA S.R.L.	Autorizzata	Procedura Mutuo riconoscimento o Decentrata	Medicinali non soggetti a prescrizione medica, da banco.
049875026	049875	IBUPROFENE ZENTIVA LAB	200 MG COMPRESSA RIVESTITA CON FILM- 20 COMPRESSE IN BLISTER PVC/AL	IBUPROFENE	IBUPROFENE			Compressa rivestita con film	M01AE01	ZENTIVA ITALIA S.R.L.	Autorizzata	Procedura Mutuo riconoscimento o Decentrata	Medicinali non soggetti a prescrizione medica, da banco.
049875038	049875	IBUPROFENE ZENTIVA LAB	200 MG COMPRESSA RIVESTITA CON FILM- 24 COMPRESSE IN BLISTER PVC/AL	IBUPROFENE	IBUPROFENE			Compressa rivestita con film	M01AE01	ZENTIVA ITALIA S.R.L.	Autorizzata	Procedura Mutuo riconoscimento o Decentrata	Medicinali non soggetti a prescrizione medica, da banco.
049875040	049875	IBUPROFENE ZENTIVA LAB	200 MG COMPRESSA RIVESTITA CON FILM- 30 COMPRESSE IN BLISTER PVC/AL	IBUPROFENE	IBUPROFENE			Compressa rivestita con film	M01AE01	ZENTIVA ITALIA S.R.L.	Autorizzata	Procedura Mutuo riconoscimento o Decentrata	Medicinali non soggetti a prescrizione medica, da banco.
049875053	049875	IBUPROFENE ZENTIVA LAB	200 MG COMPRESSA RIVESTITA CON FILM- 10 COMPRESSE IN BLISTER PVC/GLASSIN	IBUPROFENE	IBUPROFENE			Compressa rivestita con film	M01AE01	ZENTIVA ITALIA S.R.L.	Autorizzata	Procedura Mutuo riconoscimento o Decentrata	Medicinali non soggetti a prescrizione medica, da banco.
049875065	049875	IBUPROFENE ZENTIVA LAB	200 MG COMPRESSA RIVESTITA CON FILM- 20 COMPRESSE IN BLISTER PVC/GLASSIN	IBUPROFENE	IBUPROFENE			Compressa rivestita con film	M01AE01	ZENTIVA ITALIA S.R.L.	Autorizzata	Procedura Mutuo riconoscimento o Decentrata	Medicinali non soggetti a prescrizione medica, da banco.
049875077	049875	IBUPROFENE ZENTIVA LAB	200 MG COMPRESSA RIVESTITA CON FILM- 50 COMPRESSE IN BLISTER PVC/GLASSIN	IBUPROFENE	IBUPROFENE			Compressa rivestita con film	M01AE01	ZENTIVA ITALIA S.R.L.	Autorizzata	Procedura Mutuo riconoscimento o Decentrata	Medicinali soggetti a prescrizione medica
049875089	049875	IBUPROFENE ZENTIVA LAB	400 MG COMPRESSA RIVESTITA CON FILM- 10 COMPRESSE IN BLISTER PVC/AL	IBUPROFENE	IBUPROFENE			Compressa rivestita con film	M01AE01	ZENTIVA ITALIA S.R.L.	Autorizzata	Procedura Mutuo riconoscimento o Decentrata	Medicinali non soggetti a prescrizione medica, da banco.
049875091	049875	IBUPROFENE ZENTIVA LAB	400 MG COMPRESSA RIVESTITA CON FILM- 12 COMPRESSE IN BLISTER PVC/AL	IBUPROFENE	IBUPROFENE			Compressa rivestita con film	M01AE01	ZENTIVA ITALIA S.R.L.	Autorizzata	Procedura Mutuo riconoscimento o Decentrata	Medicinali non soggetti a prescrizione medica, da banco.
049875103	049875	IBUPROFENE ZENTIVA LAB	400 MG COMPRESSA RIVESTITA CON FILM- 15 COMPRESSE IN BLISTER PVC/AL	IBUPROFENE	IBUPROFENE			Compressa rivestita con film	M01AE01	ZENTIVA ITALIA S.R.L.	Autorizzata	Procedura Mutuo riconoscimento o Decentrata	Medicinali non soggetti a prescrizione medica, da banco.
049875115	049875	IBUPROFENE ZENTIVA LAB	400 MG COMPRESSA RIVESTITA CON FILM- 20 COMPRESSE IN BLISTER PVC/AL	IBUPROFENE	IBUPROFENE			Compressa rivestita con film	M01AE01	ZENTIVA ITALIA S.R.L.	Autorizzata	Procedura Mutuo riconoscimento o Decentrata	Medicinali non soggetti a prescrizione medica, da banco.
049875127	049875	IBUPROFENE ZENTIVA LAB	400 MG COMPRESSA RIVESTITA CON FILM- 10 COMPRESSE IN BLISTER PVC/GLASSIN	IBUPROFENE	IBUPROFENE			Compressa rivestita con film	M01AE01	ZENTIVA ITALIA S.R.L.	Autorizzata	Procedura Mutuo riconoscimento o Decentrata	Medicinali non soggetti a prescrizione medica, da banco.
049875139	049875	IBUPROFENE ZENTIVA LAB	400 MG COMPRESSA RIVESTITA CON FILM- 20 COMPRESSE IN BLISTER PVC/GLASSIN	IBUPROFENE	IBUPROFENE			Compressa rivestita con film	M01AE01	ZENTIVA ITALIA S.R.L.	Autorizzata	Procedura Mutuo riconoscimento o Decentrata	Medicinali non soggetti a prescrizione medica, da banco.
049875141	049875	IBUPROFENE ZENTIVA LAB	400 MG COMPRESSA RIVESTITA CON FILM- 50 COMPRESSE IN BLISTER PVC/GLASSIN	IBUPROFENE	IBUPROFENE			Compressa rivestita con film	M01AE01	ZENTIVA ITALIA S.R.L.	Autorizzata	Procedura Mutuo riconoscimento o Decentrata	Medicinali soggetti a prescrizione medica
049875154	049875	IBUPROFENE ZENTIVA LAB	200 MG COMPRESSA RIVESTITA CON FILM- 10 COMPRESSE IN BLISTER PVC/AL	IBUPROFENE	IBUPROFENE			Compressa rivestita con film	M01AE01	ZENTIVA ITALIA S.R.L.	Autorizzata	Procedura Mutuo riconoscimento o Decentrata	Medicinali non soggetti a prescrizione medica, da banco.
049944022	049944	NUROFEN FEBBRE E DOLORE	200 MG/5 ML SOSPENSIONE ORALE GUSTO FRAGOLA SENZA ZUCCHERO- FLACONE IN PET DA 100 ML CON SIRINGA DOSATRICE	IBUPROFENE	IBUPROFENE	200	milligrammi	Sospensione orale	M01AE01	SM PHARMA S.R.L.	Autorizzata	Importazione Parallela	Medicinali non soggetti a prescrizione medica, da banco.
049953019	049953	BRUFEN	600 MG COMPRESSE RIVESTITE- 30 COMPRESSE IN BLISTER	IBUPROFENE	IBUPROFENE			Compressa rivestita	M01AE01	DIFARMED SOCIEDAD LIMITADA UNIPERSONAL	Autorizzata	Importazione Parallela	Medicinali soggetti a prescrizione medica
049953021	049953	BRUFEN	600 MG COMPRESSE RIVESTITE- 30 COMPRESSE IN BLISTER	IBUPROFENE	IBUPROFENE			Compressa rivestita	M01AE01	DIFARMED SOCIEDAD LIMITADA UNIPERSONAL	Autorizzata	Importazione Parallela	Medicinali soggetti a prescrizione medica
049953033	049953	BRUFEN	400 MG COMPRESSE RIVESTITE CON FILM- 30 COMPRESSE IN BLISTER PVC/AL	IBUPROFENE	IBUPROFENE			Compressa rivestita con film	M01AE01	DIFARMED SOCIEDAD LIMITADA UNIPERSONAL	Autorizzata	Importazione Parallela	Medicinali soggetti a prescrizione medica
049979014	049979	DOLFENIBUPROFENE PENSA GENERICS	400 MG COMPRESSE RIVESTITE CON FILM- 20 COMPRESSE IN BLISTER AL/PVC/PVDC	IBUPROFENE	IBUPROFENE	400	milligrammi	Compressa rivestita con film	M01AE01	TOWA PHARMACEUTICAL S.P.A.	Autorizzata	Procedura Mutuo riconoscimento o Decentrata	Medicinali soggetti a prescrizione medica
049979026	049979	DOLFENIBUPROFENE PENSA GENERICS	400 MG COMPRESSE RIVESTITE CON FILM- 30 COMPRESSE IN BLISTER AL/PVC/PVDC	IBUPROFENE	IBUPROFENE	400	milligrammi	Compressa rivestita con film	M01AE01	TOWA PHARMACEUTICAL S.P.A.	Autorizzata	Procedura Mutuo riconoscimento o Decentrata	Medicinali soggetti a prescrizione medica
049979038	049979	DOLFENIBUPROFENE PENSA GENERICS	400 MG COMPRESSE RIVESTITE CON FILM- 60 COMPRESSE IN BLISTER AL/PVC/PVDC	IBUPROFENE	IBUPROFENE	400	milligrammi	Compressa rivestita con film	M01AE01	TOWA PHARMACEUTICAL S.P.A.	Autorizzata	Procedura Mutuo riconoscimento o Decentrata	Medicinali soggetti a prescrizione medica
049980028	049980	IBUPROFENE PENSA	600 MG COMPRESSE RIVESTITE CON FILM- 30 COMPRESSE IN BLISTER AL/PVC/PVDC	IBUPROFENE	IBUPROFENE	600	milligrammi	Compressa rivestita con film	M01AE01	TOWA PHARMACEUTICAL S.P.A.	Autorizzata	Procedura Mutuo riconoscimento o Decentrata	Medicinali soggetti a prescrizione medica
050101017	050101	ANTALGIL DOLORE E FEBBRE	400 mg GRANULATO PER SOLUZIONE ORALE- 10 BUSTINE MONODOSE IN PAP/PE/AL/SURLYN	IBUPROFENE	IBUPROFENE			Granulato per soluzione orale	M01AE01	V.I.M. - G. OTTAVIANI S.P.A.	Autorizzata	Procedura Mutuo riconoscimento o Decentrata	Medicinali non soggetti a prescrizione medica, da banco.
050112010	050112	DOLGIT	50 MG/G CREMA- 1 TUBO IN AL DA 20 G	IBUPROFENE	IBUPROFENE	50	milligram(s)/gram	Crema	M02AA13	DOLORGIET GMBH & CO. KG	Autorizzata	Procedura Mutuo riconoscimento o Decentrata	Medicinali non soggetti a prescrizione medica, da banco.
050112022	050112	DOLGIT	50 MG/G CREMA- 1 TUBO IN AL DA 40 G	IBUPROFENE	IBUPROFENE	50	milligram(s)/gram	Crema	M02AA13	DOLORGIET GMBH & CO. KG	Autorizzata	Procedura Mutuo riconoscimento o Decentrata	Medicinali non soggetti a prescrizione medica, da banco.
050112034	050112	DOLGIT	50 MG/G CREMA- 1 TUBO IN AL DA 50 G	IBUPROFENE	IBUPROFENE	50	milligram(s)/gram	Crema	M02AA13	DOLORGIET GMBH & CO. KG	Autorizzata	Procedura Mutuo riconoscimento o Decentrata	Medicinali non soggetti a prescrizione medica, da banco.
050112046	050112	DOLGIT	50 MG/G CREMA- 1 TUBO IN AL DA 60 G	IBUPROFENE	IBUPROFENE	50	milligram(s)/gram	Crema	M02AA13	DOLORGIET GMBH & CO. KG	Autorizzata	Procedura Mutuo riconoscimento o Decentrata	Medicinali non soggetti a prescrizione medica, da banco.
050112059	050112	DOLGIT	50 MG/G CREMA- 1 TUBO IN AL DA 100 G	IBUPROFENE	IBUPROFENE	50	milligram(s)/gram	Crema	M02AA13	DOLORGIET GMBH & CO. KG	Autorizzata	Procedura Mutuo riconoscimento o Decentrata	Medicinali non soggetti a prescrizione medica, da banco.
050112061	050112	DOLGIT	50 MG/G CREMA- 1 TUBO IN AL DA 120 G	IBUPROFENE	IBUPROFENE	50	milligram(s)/gram	Crema	M02AA13	DOLORGIET GMBH & CO. KG	Autorizzata	Procedura Mutuo riconoscimento o Decentrata	Medicinali non soggetti a prescrizione medica, da banco.
050112073	050112	DOLGIT	50 MG/G CREMA- 1 TUBO IN AL DA 150 G	IBUPROFENE	IBUPROFENE	50	milligram(s)/gram	Crema	M02AA13	DOLORGIET GMBH & CO. KG	Autorizzata	Procedura Mutuo riconoscimento o Decentrata	Medicinali non soggetti a prescrizione medica, da banco.
050198011	050198	BRUFEN	400 MG COMPRESSE RIVESTITE- 30 COMPRESSE  IN BLISTER	IBUPROFENE	IBUPROFENE	400	milligrammi	Compressa rivestita	M01AE01	SM PHARMA S.R.L.	Autorizzata	Importazione Parallela	Medicinali soggetti a prescrizione medica
050198023	050198	BRUFEN	600 MG COMPRESSE RIVESTITE CON FILM- 30 COMPRESSE IN BLISTER PVC	IBUPROFENE	IBUPROFENE			Compressa rivestita con film	M01AE01	SM PHARMA S.R.L.	Autorizzata	Importazione Parallela	Medicinali soggetti a prescrizione medica
050279013	050279	NUROFEN FEBBRE E DOLORE	200 MG/5 ML SOSPENSIONE ORALE GUSTO FRAGOLA SENZA ZUCCHERO- FLACONE DA 100 ML CON SIRINGA DOSATRICE	IBUPROFENE	IBUPROFENE	40	milligram(s)/millilitre	Sospensione orale	M01AE01	DIFARMED SOCIEDAD LIMITADA UNIPERSONAL	Autorizzata	Importazione Parallela	Medicinali non soggetti a prescrizione medica, da banco.
050459015	050459	NUROFENXS	400 MG CAPSULE MOLLI- 10 CAPSULE IN BLISTER PVC/PVDC/AL	IBUPROFENE	IBUPROFENE	400	milligrammi	Capsula molle	M01AE01	RECKITT BENCKISER HEALTHCARE (ITALIA) S.P.A.	Autorizzata	Procedura Mutuo riconoscimento o Decentrata	Medicinali non soggetti a prescrizione medica, da banco.
050459027	050459	NUROFENXS	400 MG CAPSULE MOLLI- 20 CAPSULE IN BLISTER PVC/PVDC/AL	IBUPROFENE	IBUPROFENE	400	milligrammi	Capsula molle	M01AE01	RECKITT BENCKISER HEALTHCARE (ITALIA) S.P.A.	Autorizzata	Procedura Mutuo riconoscimento o Decentrata	Medicinali non soggetti a prescrizione medica, da banco.
050459039	050459	NUROFENXS	400 MG CAPSULE MOLLI- 24 CAPSULE IN BLISTER PVC/PVDC/AL	IBUPROFENE	IBUPROFENE	400	milligrammi	Capsula molle	M01AE01	RECKITT BENCKISER HEALTHCARE (ITALIA) S.P.A.	Autorizzata	Procedura Mutuo riconoscimento o Decentrata	Medicinali non soggetti a prescrizione medica, da banco.
050459041	050459	NUROFENXS	400 MG CAPSULE MOLLI- 30 CAPSULE IN BLISTER PVC/PVDC/AL	IBUPROFENE	IBUPROFENE	400	milligrammi	Capsula molle	M01AE01	RECKITT BENCKISER HEALTHCARE (ITALIA) S.P.A.	Autorizzata	Procedura Mutuo riconoscimento o Decentrata	Medicinali non soggetti a prescrizione medica, da banco.
050459054	050459	NUROFENXS	400 MG CAPSULE MOLLI- 40 CAPSULE IN BLISTER PVC/PVDC/AL	IBUPROFENE	IBUPROFENE	400	milligrammi	Capsula molle	M01AE01	RECKITT BENCKISER HEALTHCARE (ITALIA) S.P.A.	Autorizzata	Procedura Mutuo riconoscimento o Decentrata	Medicinali soggetti a prescrizione medica
050497015	050497	MUSCOPOCKET	400 MG POLVERE ORALE IN BUSTINA- 12 BUSTINE IN PET/AL/PE	IBUPROFENE	IBUPROFENE	400	milligrammi	Polvere orale in bustina	M01AE01	DOC GENERICI SRL	Autorizzata	Procedura Nazionale	Medicinali non soggetti a prescrizione medica, da banco.
050497027	050497	MUSCOPOCKET	400 MG POLVERE ORALE IN BUSTINA- 24 BUSTINE IN PET/AL/PE	IBUPROFENE	IBUPROFENE	400	milligrammi	Polvere orale in bustina	M01AE01	DOC GENERICI SRL	Autorizzata	Procedura Nazionale	Medicinali non soggetti a prescrizione medica, da banco.
050648017	050648	NUROFEN EFFETTO PROLUNGATO	300 MG COMPRESSE A RILASCIO PROLUNGATO- 6 COMPRESSE IN BLISTER PVC/AL/PA	IBUPROFENE	IBUPROFENE			Compressa a rilascio prolungato	M01AE01	RECKITT BENCKISER HEALTHCARE (ITALIA) S.P.A.	Autorizzata	Procedura Mutuo riconoscimento o Decentrata	Medicinali non soggetti a prescrizione medica ma non da banco
050648029	050648	NUROFEN EFFETTO PROLUNGATO	300 MG COMPRESSE A RILASCIO PROLUNGATO- 8 COMPRESSE IN BLISTER PVC/AL/PA	IBUPROFENE	IBUPROFENE			Compressa a rilascio prolungato	M01AE01	RECKITT BENCKISER HEALTHCARE (ITALIA) S.P.A.	Autorizzata	Procedura Mutuo riconoscimento o Decentrata	Medicinali non soggetti a prescrizione medica ma non da banco
050648031	050648	NUROFEN EFFETTO PROLUNGATO	300 MG COMPRESSE A RILASCIO PROLUNGATO- 10 COMPRESSE IN BLISTER PVC/AL/PA	IBUPROFENE	IBUPROFENE			Compressa a rilascio prolungato	M01AE01	RECKITT BENCKISER HEALTHCARE (ITALIA) S.P.A.	Autorizzata	Procedura Mutuo riconoscimento o Decentrata	Medicinali non soggetti a prescrizione medica ma non da banco
050648043	050648	NUROFEN EFFETTO PROLUNGATO	300 MG COMPRESSE A RILASCIO PROLUNGATO- 12 COMPRESSE IN BLISTER PVC/AL/PA	IBUPROFENE	IBUPROFENE			Compressa a rilascio prolungato	M01AE01	RECKITT BENCKISER HEALTHCARE (ITALIA) S.P.A.	Autorizzata	Procedura Mutuo riconoscimento o Decentrata	Medicinali non soggetti a prescrizione medica ma non da banco
050648056	050648	NUROFEN EFFETTO PROLUNGATO	300 MG COMPRESSE A RILASCIO PROLUNGATO- 16 COMPRESSE IN BLISTER PVC/AL/PA	IBUPROFENE	IBUPROFENE			Compressa a rilascio prolungato	M01AE01	RECKITT BENCKISER HEALTHCARE (ITALIA) S.P.A.	Autorizzata	Procedura Mutuo riconoscimento o Decentrata	Medicinali non soggetti a prescrizione medica ma non da banco
050648068	050648	NUROFEN EFFETTO PROLUNGATO	300 MG COMPRESSE A RILASCIO PROLUNGATO- 20 COMPRESSE IN BLISTER PVC/AL/PA	IBUPROFENE	IBUPROFENE			Compressa a rilascio prolungato	M01AE01	RECKITT BENCKISER HEALTHCARE (ITALIA) S.P.A.	Autorizzata	Procedura Mutuo riconoscimento o Decentrata	Medicinali non soggetti a prescrizione medica ma non da banco
050648070	050648	NUROFEN EFFETTO PROLUNGATO	300 MG COMPRESSE A RILASCIO PROLUNGATO- 24 COMPRESSE IN BLISTER PVC/AL/PA	IBUPROFENE	IBUPROFENE			Compressa a rilascio prolungato	M01AE01	RECKITT BENCKISER HEALTHCARE (ITALIA) S.P.A.	Autorizzata	Procedura Mutuo riconoscimento o Decentrata	Medicinali non soggetti a prescrizione medica ma non da banco
050752017	050752	IBUPROFENE PENSA ITALIA	?200 MG COMPRESSE RIVESTITE CON FILM? 12 COMPRESSE IN BLISTER AL-PVC/PVDC	IBUPROFENE	IBUPROFENE	200	milligrammi	Compressa rivestita con film	M01AE01	TOWA PHARMACEUTICAL S.P.A.	Autorizzata	Procedura Mutuo riconoscimento o Decentrata	Medicinali non soggetti a prescrizione medica, da banco.
050752029	050752	IBUPROFENE PENSA ITALIA	?200 MG COMPRESSE RIVESTITE CON FILM? 20 COMPRESSE IN BLISTER AL-PVC/PVDC	IBUPROFENE	IBUPROFENE	200	milligrammi	Compressa rivestita con film	M01AE01	TOWA PHARMACEUTICAL S.P.A.	Autorizzata	Procedura Mutuo riconoscimento o Decentrata	Medicinali non soggetti a prescrizione medica, da banco.
050752031	050752	IBUPROFENE PENSA ITALIA	?200 MG COMPRESSE RIVESTITE CON FILM? 60 COMPRESSE IN BLISTER AL-PVC/PVDC	IBUPROFENE	IBUPROFENE	200	milligrammi	Compressa rivestita con film	M01AE01	TOWA PHARMACEUTICAL S.P.A.	Autorizzata	Procedura Mutuo riconoscimento o Decentrata	Medicinali soggetti a prescrizione medica
050950017	050950	BINOFENKID	20 MG/ML SOSPENSIONE ORALE- 1 FLACONE IN VETRO DA 100 ML CON SIRINGA PER SOMMINISTRAZIONE ORALE	IBUPROFENE	IBUPROFENE	20	milligram(s)/millilitre	Sospensione orale	M01AE01	DR. MAX PHARMA S.R.O.	Autorizzata	Procedura Mutuo riconoscimento o Decentrata	Medicinali non soggetti a prescrizione medica ma non da banco
050950029	050950	BINOFENKID	20 MG/ML SOSPENSIONE ORALE- 1 FLACONE IN VETRO DA 100 ML CON CHIUSURA A PROVA DI BAMBINO CON SIRINGA PER SOMMINISTRAZIONE ORALE	IBUPROFENE	IBUPROFENE	20	milligram(s)/millilitre	Sospensione orale	M01AE01	DR. MAX PHARMA S.R.O.	Autorizzata	Procedura Mutuo riconoscimento o Decentrata	Medicinali non soggetti a prescrizione medica ma non da banco
051068017	051068	IBUPROFENE ALKALOID-INT	?50 MG/G GEL? 1 TUBO IN AL DA 50 G	IBUPROFENE	IBUPROFENE	50	milligram(s)/gram	Gel	M02AA13	ALKALOID-INT D.O.O.	Autorizzata	Procedura Mutuo riconoscimento o Decentrata	Medicinali non soggetti a prescrizione medica, da banco.
051068029	051068	IBUPROFENE ALKALOID-INT	?50 MG/G GEL? 1 TUBO IN AL DA 100 G	IBUPROFENE	IBUPROFENE	50	milligram(s)/gram	Gel	M02AA13	ALKALOID-INT D.O.O.	Autorizzata	Procedura Mutuo riconoscimento o Decentrata	Medicinali non soggetti a prescrizione medica, da banco.
051114015	051114	IBUPROFENE GEN.ORPH	5 mg/mL - Soluzione iniettabile - Uso endovenoso - fiala (vetro) 2 mL - 4 fiale	IBUPROFENE	IBUPROFENE	5	milligram(s)/millilitre	Soluzione iniettabile	C01EB16	GEN.ORPH	Autorizzata	Procedura Centralizzata	Medicinali soggetti a prescrizione medica limitativa, utilizzabili esclusivamente in ambiente ospedaliero o in una struttura ad esso assimilabile
051308017	051308	DOLZAN	400 MG COMPRESSE RIVESTITE CON FILM- 20 COMPRESSE IN BLISTER AL-PVC/PVDC	IBUPROFENE	IBUPROFENE	400	milligrammi	Compressa rivestita con film	M01AE01	LABORATORI ALTER S.R.L.	Autorizzata	Procedura Nazionale	Medicinali soggetti a prescrizione medica
051308029	051308	DOLZAN	400 MG COMPRESSE RIVESTITE CON FILM- 30 COMPRESSE IN BLISTER AL-PVC/PVDC	IBUPROFENE	IBUPROFENE	400	milligrammi	Compressa rivestita con film	M01AE01	LABORATORI ALTER S.R.L.	Autorizzata	Procedura Nazionale	Medicinali soggetti a prescrizione medica
051308031	051308	DOLZAN	400 MG COMPRESSE RIVESTITE CON FILM- 60 COMPRESSE IN BLISTER AL-PVC/PVDC	IBUPROFENE	IBUPROFENE	400	milligrammi	Compressa rivestita con film	M01AE01	LABORATORI ALTER S.R.L.	Autorizzata	Procedura Nazionale	Medicinali soggetti a prescrizione medica
051595015	051595	BINOFENUM	400 MG COMPRESSE RIVESTITE CON FILM- 10 COMPRESSE IN BLISTER PVC/AL	IBUPROFENE	IBUPROFENE	400	milligrammi	Compressa rivestita con film	M01AE01	MEDREG S.R.O.	Autorizzata	Procedura Mutuo riconoscimento o Decentrata	Medicinali non soggetti a prescrizione medica, da banco.
051595027	051595	BINOFENUM	400 MG COMPRESSE RIVESTITE CON FILM- 12 COMPRESSE IN BLISTER PVC/AL	IBUPROFENE	IBUPROFENE	400	milligrammi	Compressa rivestita con film	M01AE01	MEDREG S.R.O.	Autorizzata	Procedura Mutuo riconoscimento o Decentrata	Medicinali non soggetti a prescrizione medica, da banco.
051595039	051595	BINOFENUM	400 MG COMPRESSE RIVESTITE CON FILM- 20 COMPRESSE IN BLISTER PVC/AL	IBUPROFENE	IBUPROFENE	400	milligrammi	Compressa rivestita con film	M01AE01	MEDREG S.R.O.	Autorizzata	Procedura Mutuo riconoscimento o Decentrata	Medicinali non soggetti a prescrizione medica, da banco.
051595041	051595	BINOFENUM	400 MG COMPRESSE RIVESTITE CON FILM- 24 COMPRESSE IN BLISTER PVC/AL	IBUPROFENE	IBUPROFENE	400	milligrammi	Compressa rivestita con film	M01AE01	MEDREG S.R.O.	Autorizzata	Procedura Mutuo riconoscimento o Decentrata	Medicinali soggetti a prescrizione medica
051595054	051595	BINOFENUM	400 MG COMPRESSE RIVESTITE CON FILM- 30 COMPRESSE IN BLISTER PVC/AL	IBUPROFENE	IBUPROFENE	400	milligrammi	Compressa rivestita con film	M01AE01	MEDREG S.R.O.	Autorizzata	Procedura Mutuo riconoscimento o Decentrata	Medicinali soggetti a prescrizione medica
051595066	051595	BINOFENUM	400 MG COMPRESSE RIVESTITE CON FILM- 36 COMPRESSE IN BLISTER PVC/AL	IBUPROFENE	IBUPROFENE	400	milligrammi	Compressa rivestita con film	M01AE01	MEDREG S.R.O.	Autorizzata	Procedura Mutuo riconoscimento o Decentrata	Medicinali soggetti a prescrizione medica
051595078	051595	BINOFENUM	400 MG COMPRESSE RIVESTITE CON FILM- 48 COMPRESSE IN BLISTER PVC/AL	IBUPROFENE	IBUPROFENE	400	milligrammi	Compressa rivestita con film	M01AE01	MEDREG S.R.O.	Autorizzata	Procedura Mutuo riconoscimento o Decentrata	Medicinali soggetti a prescrizione medica
051595080	051595	BINOFENUM	400 MG COMPRESSE RIVESTITE CON FILM- 50 COMPRESSE IN BLISTER PVC/AL	IBUPROFENE	IBUPROFENE	400	milligrammi	Compressa rivestita con film	M01AE01	MEDREG S.R.O.	Autorizzata	Procedura Mutuo riconoscimento o Decentrata	Medicinali soggetti a prescrizione medica
051595092	051595	BINOFENUM	400 MG COMPRESSE RIVESTITE CON FILM- 100 COMPRESSE IN BLISTER PVC/AL	IBUPROFENE	IBUPROFENE	400	milligrammi	Compressa rivestita con film	M01AE01	MEDREG S.R.O.	Autorizzata	Procedura Mutuo riconoscimento o Decentrata	Medicinali soggetti a prescrizione medica
052143017	052143	BRUFEN ANALGESICO	400 MG COMPRESSE RIVESTITE CON FILM- 12 COMPRESSE IN BLISTER PVC/PE/PVDC/AL	IBUPROFENE	IBUPROFENE	400	milligrammi	Compressa rivestita con film	M01AE01	FARMED S.R.L.	Autorizzata	Importazione Parallela	Medicinali non soggetti a prescrizione medica, da banco.
052227016	052227	BRUFEN ANALGESICO	400 MG COMPRESSE RIVESTITE CON FILM- 12 COMPRESSE IN BLISTER PVC/PE/PVDC/AL	IBUPROFENE	IBUPROFENE	400	milligrammi	Compressa rivestita con film	M01AE01	NEW PHARMASHOP S.R.L.	Autorizzata	Importazione Parallela	Medicinali non soggetti a prescrizione medica, da banco.
052476013	052476	BRUFEN ANALGESICO	400 MG COMPRESSE RIVESTITE CON FILM- 12 COMPRESSE IN BLISTER PVC/PE/PVDC/AL	IBUPROFENE	IBUPROFENE	400	milligrammi	Compressa rivestita con film	M01AE01	BB FARMA S.R.L.	Autorizzata	Importazione Parallela	Medicinali non soggetti a prescrizione medica, da banco.
052516010	052516	NUROFENCAPS	400 MG CAPSULE MOLLI- 10 CAPSULE IN BLISTER PVC/PVDC/AL	IBUPROFENE	IBUPROFENE	400	milligrammi	Capsula molle	M01AE01	FARMA 1000 S.R.L.	Autorizzata	Importazione Parallela	Medicinali non soggetti a prescrizione medica, da banco.
052587019	052587	BRUFEACT	400 MG CAPSULE MOLLI- 10 CAPSULE IN BLISTER PVC/PVDC/AL	IBUPROFENE	IBUPROFENE			Capsula molle	M01AE01	MYLAN S.P.A.	Autorizzata	Procedura Mutuo riconoscimento o Decentrata	Medicinali non soggetti a prescrizione medica, da banco.
052587021	052587	BRUFEACT	400 MG CAPSULE MOLLI- 12 CAPSULE IN BLISTER PVC/PVDC/AL	IBUPROFENE	IBUPROFENE			Capsula molle	M01AE01	MYLAN S.P.A.	Autorizzata	Procedura Mutuo riconoscimento o Decentrata	Medicinali non soggetti a prescrizione medica, da banco.
052587033	052587	BRUFEACT	400 MG CAPSULE MOLLI- 15 CAPSULE IN BLISTER PVC/PVDC/AL	IBUPROFENE	IBUPROFENE			Capsula molle	M01AE01	MYLAN S.P.A.	Autorizzata	Procedura Mutuo riconoscimento o Decentrata	Medicinali non soggetti a prescrizione medica, da banco.
052587045	052587	BRUFEACT	400 MG CAPSULE MOLLI- 20 CAPSULE IN BLISTER PVC/PVDC/AL	IBUPROFENE	IBUPROFENE			Capsula molle	M01AE01	MYLAN S.P.A.	Autorizzata	Procedura Mutuo riconoscimento o Decentrata	Medicinali non soggetti a prescrizione medica, da banco.
052587058	052587	BRUFEACT	400 MG CAPSULE MOLLI- 30 CAPSULE IN BLISTER PVC/PVDC/AL	IBUPROFENE	IBUPROFENE			Capsula molle	M01AE01	MYLAN S.P.A.	Autorizzata	Procedura Mutuo riconoscimento o Decentrata	Medicinali non soggetti a prescrizione medica, da banco.
052612013	052612	BRUFEN ANALGESICO	400 MG COMPRESSE RIVESTITE CON FILM- 12 COMPRESSE IN BLISTER PVC/PE/PVDC/AL	IBUPROFENE	IBUPROFENE	400	milligrammi	Compressa rivestita con film	M01AE01	PROGRAMMI SANITARI INTEGRATI S.R.L.	Autorizzata	Importazione Parallela	Medicinali non soggetti a prescrizione medica, da banco.
052705011	052705	NUROFEN FEBBRE E DOLORE	200 MG/5 ML SOSPENSIONE ORALE GUSTO FRAGOLA SENZA ZUCCHERO- FLACONE IN PET DA 100 ML CON SIRINGA DOSATRICE	IBUPROFENE	IBUPROFENE	200	milligrammi	Sospensione orale	M01AE01	F.P. HEALTHCARE SOLUTIONS S.R.L.	Autorizzata	Importazione Parallela	Medicinali non soggetti a prescrizione medica, da banco.
052705023	052705	NUROFEN FEBBRE E DOLORE	200 MG/5 ML SOSPENSIONE ORALE GUSTO ARANCIA SENZA ZUCCHERO- FLACONE IN PET DA 100 ML CON SIRINGA DOSATRICE	IBUPROFENE	IBUPROFENE	200	milligrammi	Sospensione orale	M01AE01	F.P. HEALTHCARE SOLUTIONS S.R.L.	Autorizzata	Importazione Parallela	Medicinali non soggetti a prescrizione medica, da banco.
052892015	052892	BRUFEN ANALGESICO	400 MG COMPRESSE RIVESTITE CON FILM- 12 COMPRESSE IN BLISTER PVC/PE/PVDC/AL	IBUPROFENE	IBUPROFENE	400	milligrammi	Compressa rivestita con film	M01AE01	DIFARMED SOCIEDAD LIMITADA UNIPERSONAL	Autorizzata	Importazione Parallela	Medicinali non soggetti a prescrizione medica, da banco.
052956012	052956	BRUFEN	600 MG COMPRESSE RIVESTITE CON FILM- 30 COMPRESSE IN BLISTER	IBUPROFENE	IBUPROFENE	600	milligrammi	Compressa rivestita	M01AE01	ISTITUTO FARMACEUTICO TOSCANO SRL	Autorizzata	Importazione Parallela	Medicinali soggetti a prescrizione medica
