codice_aic	cod_farmaco	denominazione	descrizione	pa_associati	principio_attivo	quantita	unita_misura	forma	codice_atc	ragione_sociale	stato_amministrativo	tipo_procedura	fornitura
037793193	037793	JANUVIA	25 MG - COMPRESSA RIVESTITA CON FILM - USO ORALE - BLISTER (PVC/PE/PVDC/ALL) - 30 COMPRESSE	SITAGLIPTIN	SITAGLIPTIN	25	milligrammi	Compressa rivestita con film	A10BH01	MERCK SHARP & DOHME B.V.	Autorizzata	Procedura Centralizzata	Medicinali soggetti a prescrizione medica limitativa, vendibili al pubblico su prescrizione di centri ospedalieri o di specialisti
037793205	037793	JANUVIA	25 MG - COMPRESSA RIVESTITA CON FILM - USO ORALE - BLISTER (PVC/PE/PVDC/ALL) - 90 COMPRESSE	SITAGLIPTIN	SITAGLIPTIN	25	milligrammi	Compressa rivestita con film	A10BH01	MERCK SHARP & DOHME B.V.	Autorizzata	Procedura Centralizzata	Medicinali soggetti a prescrizione medica limitativa, vendibili al pubblico su prescrizione di centri ospedalieri o di specialisti
037793217	037793	JANUVIA	50 MG - COMPRESSA RIVESTITA CON FILM - USO ORALE - BLISTER (PVC/PE/PVDC/ALL) - 30 COMPRESSE	SITAGLIPTIN	SITAGLIPTIN	50	milligrammi	Compressa rivestita con film	A10BH01	MERCK SHARP & DOHME B.V.	Autorizzata	Procedura Centralizzata	Medicinali soggetti a prescrizione medica limitativa, vendibili al pubblico su prescrizione di centri ospedalieri o di specialisti
037793229	037793	JANUVIA	50 MG - COMPRESSA RIVESTITA CON FILM - USO ORALE - BLISTER (PVC/PE/PVDC/ALL) - 90 COMPRESSE	SITAGLIPTIN	SITAGLIPTIN	50	milligrammi	Compressa rivestita con film	A10BH01	MERCK SHARP & DOHME B.V.	Autorizzata	Procedura Centralizzata	Medicinali soggetti a prescrizione medica limitativa, vendibili al pubblico su prescrizione di centri ospedalieri o di specialisti
037793231	037793	JANUVIA	100 MG - COMPRESSA RIVESTITA CON FILM - USO ORALE - BLISTER (PVC/PE/PVDC/ALL) - 30 COMPRESSE	SITAGLIPTIN	SITAGLIPTIN	100	milligrammi	Compressa rivestita con film	A10BH01	MERCK SHARP & DOHME B.V.	Autorizzata	Procedura Centralizzata	Medicinali soggetti a prescrizione medica limitativa, vendibili al pubblico su prescrizione di centri ospedalieri o di specialisti
037793243	037793	JANUVIA	100 MG - COMPRESSA RIVESTITA CON FILM - USO ORALE - BLISTER (PVC/PE/PVDC/ALL) - 90 COMPRESSE	SITAGLIPTIN	SITAGLIPTIN	100	milligrammi	Compressa rivestita con film	A10BH01	MERCK SHARP & DOHME B.V.	Autorizzata	Procedura Centralizzata	Medicinali soggetti a prescrizione medica limitativa, vendibili al pubblico su prescrizione di centri ospedalieri o di specialisti
043563194	043563	RISTABEN	25 MG - COMPRESSA RIVESTITA CON FILM - USO ORALE - BLISTER (PVC/PE/PVDC/ALL) - 30 COMPRESSE	SITAGLIPTIN	SITAGLIPTIN	25	milligrammi	Compressa rivestita con film	A10BH01	MERCK SHARP & DOHME B.V.	Autorizzata	Procedura Centralizzata	Medicinali soggetti a prescrizione medica limitativa, vendibili al pubblico su prescrizione di centri ospedalieri o di specialisti
043563206	043563	RISTABEN	25 MG - COMPRESSA RIVESTITA CON FILM - USO ORALE - BLISTER (PVC/PE/PVDC/ALL) - 90 COMPRESSE	SITAGLIPTIN	SITAGLIPTIN	25	milligrammi	Compressa rivestita con film	A10BH01	MERCK SHARP & DOHME B.V.	Autorizzata	Procedura Centralizzata	Medicinali soggetti a prescrizione medica limitativa, vendibili al pubblico su prescrizione di centri ospedalieri o di specialisti
043563218	043563	RISTABEN	50 MG - COMPRESSA RIVESTITA CON FILM - USO ORALE - BLISTER (PVC/PE/PVDC/ALL) - 30 COMPRESSE	SITAGLIPTIN	SITAGLIPTIN	50	milligrammi	Compressa rivestita con film	A10BH01	MERCK SHARP & DOHME B.V.	Autorizzata	Procedura Centralizzata	Medicinali soggetti a prescrizione medica limitativa, vendibili al pubblico su prescrizione di centri ospedalieri o di specialisti
043563220	043563	RISTABEN	50 MG - COMPRESSA RIVESTITA CON FILM - USO ORALE - BLISTER (PVC/PE/PVDC/ALL) - 90 COMPRESSE	SITAGLIPTIN	SITAGLIPTIN	50	milligrammi	Compressa rivestita con film	A10BH01	MERCK SHARP & DOHME B.V.	Autorizzata	Procedura Centralizzata	Medicinali soggetti a prescrizione medica limitativa, vendibili al pubblico su prescrizione di centri ospedalieri o di specialisti
043563232	043563	RISTABEN	100 MG - COMPRESSA RIVESTITA CON FILM - USO ORALE - BLISTER (PVC/PE/PVDC/ALL) - 30 COMPRESSE	SITAGLIPTIN	SITAGLIPTIN	100	milligrammi	Compressa rivestita con film	A10BH01	MERCK SHARP & DOHME B.V.	Autorizzata	Procedura Centralizzata	Medicinali soggetti a prescrizione medica limitativa, vendibili al pubblico su prescrizione di centri ospedalieri o di specialisti
043563244	043563	RISTABEN	100 MG - COMPRESSA RIVESTITA CON FILM - USO ORALE - BLISTER (PVC/PE/PVDC/ALL) - 90 COMPRESSE	SITAGLIPTIN	SITAGLIPTIN	100	milligrammi	Compressa rivestita con film	A10BH01	MERCK SHARP & DOHME B.V.	Autorizzata	Procedura Centralizzata	Medicinali soggetti a prescrizione medica limitativa, vendibili al pubblico su prescrizione di centri ospedalieri o di specialisti
047830017	047830	SITAGLIPTIN DOC	25 MG COMPRESSE RIVESTITE CON FILM- 28 COMPRESSE IN BLISTER PVC/PE/PVDC-AL	SITAGLIPTIN	SITAGLIPTIN	25	milligrammi	Compressa rivestita con film	A10BH01	DOC GENERICI SRL	Autorizzata	Procedura Mutuo riconoscimento o Decentrata	Medicinali soggetti a prescrizione medica
047830029	047830	SITAGLIPTIN DOC	50 MG COMPRESSE RIVESTITE CON FILM- 28 COMPRESSE IN BLISTER PVC/PE/PVDC-AL	SITAGLIPTIN	SITAGLIPTIN	50	milligrammi	Compressa rivestita con film	A10BH01	DOC GENERICI SRL	Autorizzata	Procedura Mutuo riconoscimento o Decentrata	Medicinali soggetti a prescrizione medica
047830031	047830	SITAGLIPTIN DOC	100 MG COMPRESSE RIVESTITE CON FILM- 28 COMPRESSE IN BLISTER PVC/PE/PVDC-AL	SITAGLIPTIN	SITAGLIPTIN	100	milligrammi	Compressa rivestita con film	A10BH01	DOC GENERICI SRL	Autorizzata	Procedura Mutuo riconoscimento o Decentrata	Medicinali soggetti a prescrizione medica
047969011	047969	SITAGLIPTIN HCS	25 MG COMPRESSE RIVESTITE CON FILM- 14 COMPRESSE IN BLISTER OPA/AL/PVC/AL	SITAGLIPTIN	SITAGLIPTIN			Compressa rivestita con film	A10BH01	HCS BV	Autorizzata	Procedura Mutuo riconoscimento o Decentrata	Medicinali soggetti a prescrizione medica
047969023	047969	SITAGLIPTIN HCS	25 MG COMPRESSE RIVESTITE CON FILM- 28 COMPRESSE IN BLISTER OPA/AL/PVC/AL	SITAGLIPTIN	SITAGLIPTIN			Compressa rivestita con film	A10BH01	HCS BV	Autorizzata	Procedura Mutuo riconoscimento o Decentrata	Medicinali soggetti a prescrizione medica
047969035	047969	SITAGLIPTIN HCS	25 MG COMPRESSE RIVESTITE CON FILM- 56 COMPRESSE IN BLISTER OPA/AL/PVC/AL	SITAGLIPTIN	SITAGLIPTIN			Compressa rivestita con film	A10BH01	HCS BV	Autorizzata	Procedura Mutuo riconoscimento o Decentrata	Medicinali soggetti a prescrizione medica
047969047	047969	SITAGLIPTIN HCS	25 MG COMPRESSE RIVESTITE CON FILM- 98 COMPRESSE IN BLISTER OPA/AL/PVC/AL	SITAGLIPTIN	SITAGLIPTIN			Compressa rivestita con film	A10BH01	HCS BV	Autorizzata	Procedura Mutuo riconoscimento o Decentrata	Medicinali soggetti a prescrizione medica
047969050	047969	SITAGLIPTIN HCS	50 MG COMPRESSE RIVESTITE CON FILM- 14 COMPRESSE IN BLISTER OPA/AL/PVC/AL	SITAGLIPTIN	SITAGLIPTIN			Compressa rivestita con film	A10BH01	HCS BV	Autorizzata	Procedura Mutuo riconoscimento o Decentrata	Medicinali soggetti a prescrizione medica
047969062	047969	SITAGLIPTIN HCS	50 MG COMPRESSE RIVESTITE CON FILM- 28 COMPRESSE IN BLISTER OPA/AL/PVC/AL	SITAGLIPTIN	SITAGLIPTIN			Compressa rivestita con film	A10BH01	HCS BV	Autorizzata	Procedura Mutuo riconoscimento o Decentrata	Medicinali soggetti a prescrizione medica
047969074	047969	SITAGLIPTIN HCS	50 MG COMPRESSE RIVESTITE CON FILM- 56 COMPRESSE IN BLISTER OPA/AL/PVC/AL	SITAGLIPTIN	SITAGLIPTIN			Compressa rivestita con film	A10BH01	HCS BV	Autorizzata	Procedura Mutuo riconoscimento o Decentrata	Medicinali soggetti a prescrizione medica
047969086	047969	SITAGLIPTIN HCS	50 MG COMPRESSE RIVESTITE CON FILM- 98 COMPRESSE IN BLISTER OPA/AL/PVC/AL	SITAGLIPTIN	SITAGLIPTIN			Compressa rivestita con film	A10BH01	HCS BV	Autorizzata	Procedura Mutuo riconoscimento o Decentrata	Medicinali soggetti a prescrizione medica
047969098	047969	SITAGLIPTIN HCS	100 MG COMPRESSE RIVESTITE CON FILM- 14 COMPRESSE IN BLISTER OPA/AL/PVC/AL	SITAGLIPTIN	SITAGLIPTIN			Compressa rivestita con film	A10BH01	HCS BV	Autorizzata	Procedura Mutuo riconoscimento o Decentrata	Medicinali soggetti a prescrizione medica
047969100	047969	SITAGLIPTIN HCS	100 MG COMPRESSE RIVESTITE CON FILM- 28 COMPRESSE IN BLISTER OPA/AL/PVC/AL	SITAGLIPTIN	SITAGLIPTIN			Compressa rivestita con film	A10BH01	HCS BV	Autorizzata	Procedura Mutuo riconoscimento o Decentrata	Medicinali soggetti a prescrizione medica
047969112	047969	SITAGLIPTIN HCS	100 MG COMPRESSE RIVESTITE CON FILM- 56 COMPRESSE IN BLISTER OPA/AL/PVC/AL	SITAGLIPTIN	SITAGLIPTIN			Compressa rivestita con film	A10BH01	HCS BV	Autorizzata	Procedura Mutuo riconoscimento o Decentrata	Medicinali soggetti a prescrizione medica
047969124	047969	SITAGLIPTIN HCS	100 MG COMPRESSE RIVESTITE CON FILM- 98 COMPRESSE IN BLISTER OPA/AL/PVC/AL	SITAGLIPTIN	SITAGLIPTIN			Compressa rivestita con film	A10BH01	HCS BV	Autorizzata	Procedura Mutuo riconoscimento o Decentrata	Medicinali soggetti a prescrizione medica
047969136	047969	SITAGLIPTIN HCS	25 MG COMPRESSE RIVESTITE CON FILM- 30 COMPRESSE IN BLISTER OPA/AL/PVC/AL	SITAGLIPTIN	SITAGLIPTIN	25	milligrammi	Compressa rivestita con film	A10BH01	HCS BV	Autorizzata	Procedura Mutuo riconoscimento o Decentrata	Medicinali soggetti a prescrizione medica
047969148	047969	SITAGLIPTIN HCS	50 MG COMPRESSE RIVESTITE CON FILM- 30 COMPRESSE IN BLISTER OPA/AL/PVC/AL	SITAGLIPTIN	SITAGLIPTIN	50	milligrammi	Compressa rivestita con film	A10BH01	HCS BV	Autorizzata	Procedura Mutuo riconoscimento o Decentrata	Medicinali soggetti a prescrizione medica
047969151	047969	SITAGLIPTIN HCS	100 MG COMPRESSE RIVESTITE CON FILM- 30 COMPRESSE IN BLISTER OPA/AL/PVC/AL	SITAGLIPTIN	SITAGLIPTIN	100	milligrammi	Compressa rivestita con film	A10BH01	HCS BV	Autorizzata	Procedura Mutuo riconoscimento o Decentrata	Medicinali soggetti a prescrizione medica
048137018	048137	SITAGLIPTIN SANDOZ	25 MG COMPRESSE RIVESTITE CON FILM- 28 COMPRESSE IN BLISTER OPA/AL/PVC/AL	SITAGLIPTIN	SITAGLIPTIN			Compressa rivestita con film	A10BH01	SANDOZ S.P.A.	Autorizzata	Procedura Mutuo riconoscimento o Decentrata	Medicinali soggetti a prescrizione medica
048137020	048137	SITAGLIPTIN SANDOZ	25 MG COMPRESSE RIVESTITE CON FILM- 30 COMPRESSE IN BLISTER OPA/AL/PVC/AL	SITAGLIPTIN	SITAGLIPTIN			Compressa rivestita con film	A10BH01	SANDOZ S.P.A.	Autorizzata	Procedura Mutuo riconoscimento o Decentrata	Medicinali soggetti a prescrizione medica limitativa, vendibili al pubblico su prescrizione di centri ospedalieri o di specialisti
048137032	048137	SITAGLIPTIN SANDOZ	25 MG COMPRESSE RIVESTITE CON FILM- 50 COMPRESSE IN BLISTER OPA/AL/PVC/AL	SITAGLIPTIN	SITAGLIPTIN			Compressa rivestita con film	A10BH01	SANDOZ S.P.A.	Autorizzata	Procedura Mutuo riconoscimento o Decentrata	Medicinali soggetti a prescrizione medica limitativa, vendibili al pubblico su prescrizione di centri ospedalieri o di specialisti
048137044	048137	SITAGLIPTIN SANDOZ	25 MG COMPRESSE RIVESTITE CON FILM- 56 COMPRESSE IN BLISTER OPA/AL/PVC/AL	SITAGLIPTIN	SITAGLIPTIN			Compressa rivestita con film	A10BH01	SANDOZ S.P.A.	Autorizzata	Procedura Mutuo riconoscimento o Decentrata	Medicinali soggetti a prescrizione medica limitativa, vendibili al pubblico su prescrizione di centri ospedalieri o di specialisti
048137057	048137	SITAGLIPTIN SANDOZ	25 MG COMPRESSE RIVESTITE CON FILM- 60 COMPRESSE IN BLISTER OPA/AL/PVC/AL	SITAGLIPTIN	SITAGLIPTIN			Compressa rivestita con film	A10BH01	SANDOZ S.P.A.	Autorizzata	Procedura Mutuo riconoscimento o Decentrata	Medicinali soggetti a prescrizione medica limitativa, vendibili al pubblico su prescrizione di centri ospedalieri o di specialisti
048137069	048137	SITAGLIPTIN SANDOZ	25 MG COMPRESSE RIVESTITE CON FILM- 84 COMPRESSE IN BLISTER OPA/AL/PVC/AL	SITAGLIPTIN	SITAGLIPTIN			Compressa rivestita con film	A10BH01	SANDOZ S.P.A.	Autorizzata	Procedura Mutuo riconoscimento o Decentrata	Medicinali soggetti a prescrizione medica limitativa, vendibili al pubblico su prescrizione di centri ospedalieri o di specialisti
048137071	048137	SITAGLIPTIN SANDOZ	25 MG COMPRESSE RIVESTITE CON FILM- 90 COMPRESSE IN BLISTER OPA/AL/PVC/AL	SITAGLIPTIN	SITAGLIPTIN			Compressa rivestita con film	A10BH01	SANDOZ S.P.A.	Autorizzata	Procedura Mutuo riconoscimento o Decentrata	Medicinali soggetti a prescrizione medica limitativa, vendibili al pubblico su prescrizione di centri ospedalieri o di specialisti
048137083	048137	SITAGLIPTIN SANDOZ	25 MG COMPRESSE RIVESTITE CON FILM- 98 COMPRESSE IN BLISTER OPA/AL/PVC/AL	SITAGLIPTIN	SITAGLIPTIN			Compressa rivestita con film	A10BH01	SANDOZ S.P.A.	Autorizzata	Procedura Mutuo riconoscimento o Decentrata	Medicinali soggetti a prescrizione medica limitativa, vendibili al pubblico su prescrizione di centri ospedalieri o di specialisti
048137095	048137	SITAGLIPTIN SANDOZ	25 MG COMPRESSE RIVESTITE CON FILM- 100 COMPRESSE IN BLISTER OPA/AL/PVC/AL	SITAGLIPTIN	SITAGLIPTIN			Compressa rivestita con film	A10BH01	SANDOZ S.P.A.	Autorizzata	Procedura Mutuo riconoscimento o Decentrata	Medicinali soggetti a prescrizione medica limitativa, vendibili al pubblico su prescrizione di centri ospedalieri o di specialisti
048137107	048137	SITAGLIPTIN SANDOZ	25 MG COMPRESSE RIVESTITE CON FILM- 105 COMPRESSE IN BLISTER OPA/AL/PVC/AL	SITAGLIPTIN	SITAGLIPTIN			Compressa rivestita con film	A10BH01	SANDOZ S.P.A.	Autorizzata	Procedura Mutuo riconoscimento o Decentrata	Medicinali soggetti a prescrizione medica limitativa, vendibili al pubblico su prescrizione di centri ospedalieri o di specialisti
048137119	048137	SITAGLIPTIN SANDOZ	25 MG COMPRESSE RIVESTITE CON FILM- 108 COMPRESSE IN BLISTER OPA/AL/PVC/AL	SITAGLIPTIN	SITAGLIPTIN			Compressa rivestita con film	A10BH01	SANDOZ S.P.A.	Autorizzata	Procedura Mutuo riconoscimento o Decentrata	Medicinali soggetti a prescrizione medica limitativa, vendibili al pubblico su prescrizione di centri ospedalieri o di specialisti
048137121	048137	SITAGLIPTIN SANDOZ	25 MG COMPRESSE RIVESTITE CON FILM- 110 COMPRESSE IN BLISTER OPA/AL/PVC/AL	SITAGLIPTIN	SITAGLIPTIN			Compressa rivestita con film	A10BH01	SANDOZ S.P.A.	Autorizzata	Procedura Mutuo riconoscimento o Decentrata	Medicinali soggetti a prescrizione medica limitativa, vendibili al pubblico su prescrizione di centri ospedalieri o di specialisti
048137133	048137	SITAGLIPTIN SANDOZ	25 MG COMPRESSE RIVESTITE CON FILM- 112 COMPRESSE IN BLISTER OPA/AL/PVC/AL	SITAGLIPTIN	SITAGLIPTIN			Compressa rivestita con film	A10BH01	SANDOZ S.P.A.	Autorizzata	Procedura Mutuo riconoscimento o Decentrata	Medicinali soggetti a prescrizione medica limitativa, vendibili al pubblico su prescrizione di centri ospedalieri o di specialisti
048137145	048137	SITAGLIPTIN SANDOZ	25 MG COMPRESSE RIVESTITE CON FILM- 120 COMPRESSE IN BLISTER OPA/AL/PVC/AL	SITAGLIPTIN	SITAGLIPTIN			Compressa rivestita con film	A10BH01	SANDOZ S.P.A.	Autorizzata	Procedura Mutuo riconoscimento o Decentrata	Medicinali soggetti a prescrizione medica limitativa, vendibili al pubblico su prescrizione di centri ospedalieri o di specialisti
048137158	048137	SITAGLIPTIN SANDOZ	25 MG COMPRESSE RIVESTITE CON FILM- 168 COMPRESSE IN BLISTER OPA/AL/PVC/AL	SITAGLIPTIN	SITAGLIPTIN			Compressa rivestita con film	A10BH01	SANDOZ S.P.A.	Autorizzata	Procedura Mutuo riconoscimento o Decentrata	Medicinali soggetti a prescrizione medica limitativa, vendibili al pubblico su prescrizione di centri ospedalieri o di specialisti
048137160	048137	SITAGLIPTIN SANDOZ	25 MG COMPRESSE RIVESTITE CON FILM- 180 COMPRESSE IN BLISTER OPA/AL/PVC/AL	SITAGLIPTIN	SITAGLIPTIN			Compressa rivestita con film	A10BH01	SANDOZ S.P.A.	Autorizzata	Procedura Mutuo riconoscimento o Decentrata	Medicinali soggetti a prescrizione medica limitativa, vendibili al pubblico su prescrizione di centri ospedalieri o di specialisti
048137172	048137	SITAGLIPTIN SANDOZ	25 MG COMPRESSE RIVESTITE CON FILM- 196 COMPRESSE IN BLISTER OPA/AL/PVC/AL	SITAGLIPTIN	SITAGLIPTIN			Compressa rivestita con film	A10BH01	SANDOZ S.P.A.	Autorizzata	Procedura Mutuo riconoscimento o Decentrata	Medicinali soggetti a prescrizione medica limitativa, vendibili al pubblico su prescrizione di centri ospedalieri o di specialisti
048137184	048137	SITAGLIPTIN SANDOZ	25 MG COMPRESSE RIVESTITE CON FILM- 198 COMPRESSE IN BLISTER OPA/AL/PVC/AL	SITAGLIPTIN	SITAGLIPTIN			Compressa rivestita con film	A10BH01	SANDOZ S.P.A.	Autorizzata	Procedura Mutuo riconoscimento o Decentrata	Medicinali soggetti a prescrizione medica limitativa, vendibili al pubblico su prescrizione di centri ospedalieri o di specialisti
048137196	048137	SITAGLIPTIN SANDOZ	25 MG COMPRESSE RIVESTITE CON FILM- 200 COMPRESSE IN BLISTER OPA/AL/PVC/AL	SITAGLIPTIN	SITAGLIPTIN			Compressa rivestita con film	A10BH01	SANDOZ S.P.A.	Autorizzata	Procedura Mutuo riconoscimento o Decentrata	Medicinali soggetti a prescrizione medica limitativa, vendibili al pubblico su prescrizione di centri ospedalieri o di specialisti
048137208	048137	SITAGLIPTIN SANDOZ	25 MG COMPRESSE RIVESTITE CON FILM- 28 COMPRESSE IN BLISTER PVC/PE/PVDC/AL	SITAGLIPTIN	SITAGLIPTIN			Compressa rivestita con film	A10BH01	SANDOZ S.P.A.	Autorizzata	Procedura Mutuo riconoscimento o Decentrata	Medicinali soggetti a prescrizione medica
048137210	048137	SITAGLIPTIN SANDOZ	25 MG COMPRESSE RIVESTITE CON FILM- 30 COMPRESSE IN BLISTER PVC/PE/PVDC/AL	SITAGLIPTIN	SITAGLIPTIN			Compressa rivestita con film	A10BH01	SANDOZ S.P.A.	Autorizzata	Procedura Mutuo riconoscimento o Decentrata	Medicinali soggetti a prescrizione medica limitativa, vendibili al pubblico su prescrizione di centri ospedalieri o di specialisti
048137222	048137	SITAGLIPTIN SANDOZ	25 MG COMPRESSE RIVESTITE CON FILM- 50 COMPRESSE IN BLISTER PVC/PE/PVDC/AL	SITAGLIPTIN	SITAGLIPTIN			Compressa rivestita con film	A10BH01	SANDOZ S.P.A.	Autorizzata	Procedura Mutuo riconoscimento o Decentrata	Medicinali soggetti a prescrizione medica limitativa, vendibili al pubblico su prescrizione di centri ospedalieri o di specialisti
048137234	048137	SITAGLIPTIN SANDOZ	25 MG COMPRESSE RIVESTITE CON FILM- 56 COMPRESSE IN BLISTER PVC/PE/PVDC/AL	SITAGLIPTIN	SITAGLIPTIN			Compressa rivestita con film	A10BH01	SANDOZ S.P.A.	Autorizzata	Procedura Mutuo riconoscimento o Decentrata	Medicinali soggetti a prescrizione medica limitativa, vendibili al pubblico su prescrizione di centri ospedalieri o di specialisti
048137246	048137	SITAGLIPTIN SANDOZ	25 MG COMPRESSE RIVESTITE CON FILM- 60 COMPRESSE IN BLISTER PVC/PE/PVDC/AL	SITAGLIPTIN	SITAGLIPTIN			Compressa rivestita con film	A10BH01	SANDOZ S.P.A.	Autorizzata	Procedura Mutuo riconoscimento o Decentrata	Medicinali soggetti a prescrizione medica limitativa, vendibili al pubblico su prescrizione di centri ospedalieri o di specialisti
048137259	048137	SITAGLIPTIN SANDOZ	25 MG COMPRESSE RIVESTITE CON FILM- 84 COMPRESSE IN BLISTER PVC/PE/PVDC/AL	SITAGLIPTIN	SITAGLIPTIN			Compressa rivestita con film	A10BH01	SANDOZ S.P.A.	Autorizzata	Procedura Mutuo riconoscimento o Decentrata	Medicinali soggetti a prescrizione medica limitativa, vendibili al pubblico su prescrizione di centri ospedalieri o di specialisti
048137261	048137	SITAGLIPTIN SANDOZ	25 MG COMPRESSE RIVESTITE CON FILM- 90 COMPRESSE IN BLISTER PVC/PE/PVDC/AL	SITAGLIPTIN	SITAGLIPTIN			Compressa rivestita con film	A10BH01	SANDOZ S.P.A.	Autorizzata	Procedura Mutuo riconoscimento o Decentrata	Medicinali soggetti a prescrizione medica limitativa, vendibili al pubblico su prescrizione di centri ospedalieri o di specialisti
048137273	048137	SITAGLIPTIN SANDOZ	25 MG COMPRESSE RIVESTITE CON FILM- 98 COMPRESSE IN BLISTER PVC/PE/PVDC/AL	SITAGLIPTIN	SITAGLIPTIN			Compressa rivestita con film	A10BH01	SANDOZ S.P.A.	Autorizzata	Procedura Mutuo riconoscimento o Decentrata	Medicinali soggetti a prescrizione medica limitativa, vendibili al pubblico su prescrizione di centri ospedalieri o di specialisti
048137285	048137	SITAGLIPTIN SANDOZ	25 MG COMPRESSE RIVESTITE CON FILM- 100 COMPRESSE IN BLISTER PVC/PE/PVDC/AL	SITAGLIPTIN	SITAGLIPTIN			Compressa rivestita con film	A10BH01	SANDOZ S.P.A.	Autorizzata	Procedura Mutuo riconoscimento o Decentrata	Medicinali soggetti a prescrizione medica limitativa, vendibili al pubblico su prescrizione di centri ospedalieri o di specialisti
048137297	048137	SITAGLIPTIN SANDOZ	25 MG COMPRESSE RIVESTITE CON FILM- 105 COMPRESSE IN BLISTER PVC/PE/PVDC/AL	SITAGLIPTIN	SITAGLIPTIN			Compressa rivestita con film	A10BH01	SANDOZ S.P.A.	Autorizzata	Procedura Mutuo riconoscimento o Decentrata	Medicinali soggetti a prescrizione medica limitativa, vendibili al pubblico su prescrizione di centri ospedalieri o di specialisti
048137309	048137	SITAGLIPTIN SANDOZ	25 MG COMPRESSE RIVESTITE CON FILM- 108 COMPRESSE IN BLISTER PVC/PE/PVDC/AL	SITAGLIPTIN	SITAGLIPTIN			Compressa rivestita con film	A10BH01	SANDOZ S.P.A.	Autorizzata	Procedura Mutuo riconoscimento o Decentrata	Medicinali soggetti a prescrizione medica limitativa, vendibili al pubblico su prescrizione di centri ospedalieri o di specialisti
048137311	048137	SITAGLIPTIN SANDOZ	25 MG COMPRESSE RIVESTITE CON FILM- 110 COMPRESSE IN BLISTER PVC/PE/PVDC/AL	SITAGLIPTIN	SITAGLIPTIN			Compressa rivestita con film	A10BH01	SANDOZ S.P.A.	Autorizzata	Procedura Mutuo riconoscimento o Decentrata	Medicinali soggetti a prescrizione medica limitativa, vendibili al pubblico su prescrizione di centri ospedalieri o di specialisti
048137323	048137	SITAGLIPTIN SANDOZ	25 MG COMPRESSE RIVESTITE CON FILM- 112 COMPRESSE IN BLISTER PVC/PE/PVDC/AL	SITAGLIPTIN	SITAGLIPTIN			Compressa rivestita con film	A10BH01	SANDOZ S.P.A.	Autorizzata	Procedura Mutuo riconoscimento o Decentrata	Medicinali soggetti a prescrizione medica limitativa, vendibili al pubblico su prescrizione di centri ospedalieri o di specialisti
048137335	048137	SITAGLIPTIN SANDOZ	25 MG COMPRESSE RIVESTITE CON FILM- 120 COMPRESSE IN BLISTER PVC/PE/PVDC/AL	SITAGLIPTIN	SITAGLIPTIN			Compressa rivestita con film	A10BH01	SANDOZ S.P.A.	Autorizzata	Procedura Mutuo riconoscimento o Decentrata	Medicinali soggetti a prescrizione medica limitativa, vendibili al pubblico su prescrizione di centri ospedalieri o di specialisti
048137347	048137	SITAGLIPTIN SANDOZ	25 MG COMPRESSE RIVESTITE CON FILM- 168 COMPRESSE IN BLISTER PVC/PE/PVDC/AL	SITAGLIPTIN	SITAGLIPTIN			Compressa rivestita con film	A10BH01	SANDOZ S.P.A.	Autorizzata	Procedura Mutuo riconoscimento o Decentrata	Medicinali soggetti a prescrizione medica limitativa, vendibili al pubblico su prescrizione di centri ospedalieri o di specialisti
048137350	048137	SITAGLIPTIN SANDOZ	25 MG COMPRESSE RIVESTITE CON FILM- 180 COMPRESSE IN BLISTER PVC/PE/PVDC/AL	SITAGLIPTIN	SITAGLIPTIN			Compressa rivestita con film	A10BH01	SANDOZ S.P.A.	Autorizzata	Procedura Mutuo riconoscimento o Decentrata	Medicinali soggetti a prescrizione medica limitativa, vendibili al pubblico su prescrizione di centri ospedalieri o di specialisti
048137362	048137	SITAGLIPTIN SANDOZ	25 MG COMPRESSE RIVESTITE CON FILM- 196 COMPRESSE IN BLISTER PVC/PE/PVDC/AL	SITAGLIPTIN	SITAGLIPTIN			Compressa rivestita con film	A10BH01	SANDOZ S.P.A.	Autorizzata	Procedura Mutuo riconoscimento o Decentrata	Medicinali soggetti a prescrizione medica limitativa, vendibili al pubblico su prescrizione di centri ospedalieri o di specialisti
048137374	048137	SITAGLIPTIN SANDOZ	25 MG COMPRESSE RIVESTITE CON FILM- 198 COMPRESSE IN BLISTER PVC/PE/PVDC/AL	SITAGLIPTIN	SITAGLIPTIN			Compressa rivestita con film	A10BH01	SANDOZ S.P.A.	Autorizzata	Procedura Mutuo riconoscimento o Decentrata	Medicinali soggetti a prescrizione medica limitativa, vendibili al pubblico su prescrizione di centri ospedalieri o di specialisti
048137386	048137	SITAGLIPTIN SANDOZ	25 MG COMPRESSE RIVESTITE CON FILM- 200 COMPRESSE IN BLISTER PVC/PE/PVDC/AL	SITAGLIPTIN	SITAGLIPTIN			Compressa rivestita con film	A10BH01	SANDOZ S.P.A.	Autorizzata	Procedura Mutuo riconoscimento o Decentrata	Medicinali soggetti a prescrizione medica limitativa, vendibili al pubblico su prescrizione di centri ospedalieri o di specialisti
048137398	048137	SITAGLIPTIN SANDOZ	50 MG COMPRESSE RIVESTITE CON FILM- 28 COMPRESSE IN BLISTER OPA/AL/PVC/AL	SITAGLIPTIN	SITAGLIPTIN			Compressa rivestita con film	A10BH01	SANDOZ S.P.A.	Autorizzata	Procedura Mutuo riconoscimento o Decentrata	Medicinali soggetti a prescrizione medica
048137400	048137	SITAGLIPTIN SANDOZ	50 MG COMPRESSE RIVESTITE CON FILM- 30 COMPRESSE IN BLISTER OPA/AL/PVC/AL	SITAGLIPTIN	SITAGLIPTIN			Compressa rivestita con film	A10BH01	SANDOZ S.P.A.	Autorizzata	Procedura Mutuo riconoscimento o Decentrata	Medicinali soggetti a prescrizione medica limitativa, vendibili al pubblico su prescrizione di centri ospedalieri o di specialisti
048137412	048137	SITAGLIPTIN SANDOZ	50 MG COMPRESSE RIVESTITE CON FILM- 50 COMPRESSE IN BLISTER OPA/AL/PVC/AL	SITAGLIPTIN	SITAGLIPTIN			Compressa rivestita con film	A10BH01	SANDOZ S.P.A.	Autorizzata	Procedura Mutuo riconoscimento o Decentrata	Medicinali soggetti a prescrizione medica limitativa, vendibili al pubblico su prescrizione di centri ospedalieri o di specialisti
048137424	048137	SITAGLIPTIN SANDOZ	50 MG COMPRESSE RIVESTITE CON FILM- 56 COMPRESSE IN BLISTER OPA/AL/PVC/AL	SITAGLIPTIN	SITAGLIPTIN			Compressa rivestita con film	A10BH01	SANDOZ S.P.A.	Autorizzata	Procedura Mutuo riconoscimento o Decentrata	Medicinali soggetti a prescrizione medica limitativa, vendibili al pubblico su prescrizione di centri ospedalieri o di specialisti
048137436	048137	SITAGLIPTIN SANDOZ	50 MG COMPRESSE RIVESTITE CON FILM- 60 COMPRESSE IN BLISTER OPA/AL/PVC/AL	SITAGLIPTIN	SITAGLIPTIN			Compressa rivestita con film	A10BH01	SANDOZ S.P.A.	Autorizzata	Procedura Mutuo riconoscimento o Decentrata	Medicinali soggetti a prescrizione medica limitativa, vendibili al pubblico su prescrizione di centri ospedalieri o di specialisti
048137448	048137	SITAGLIPTIN SANDOZ	50 MG COMPRESSE RIVESTITE CON FILM- 84 COMPRESSE IN BLISTER OPA/AL/PVC/AL	SITAGLIPTIN	SITAGLIPTIN			Compressa rivestita con film	A10BH01	SANDOZ S.P.A.	Autorizzata	Procedura Mutuo riconoscimento o Decentrata	Medicinali soggetti a prescrizione medica limitativa, vendibili al pubblico su prescrizione di centri ospedalieri o di specialisti
048137451	048137	SITAGLIPTIN SANDOZ	50 MG COMPRESSE RIVESTITE CON FILM- 90 COMPRESSE IN BLISTER OPA/AL/PVC/AL	SITAGLIPTIN	SITAGLIPTIN			Compressa rivestita con film	A10BH01	SANDOZ S.P.A.	Autorizzata	Procedura Mutuo riconoscimento o Decentrata	Medicinali soggetti a prescrizione medica limitativa, vendibili al pubblico su prescrizione di centri ospedalieri o di specialisti
048137463	048137	SITAGLIPTIN SANDOZ	50 MG COMPRESSE RIVESTITE CON FILM- 98 COMPRESSE IN BLISTER OPA/AL/PVC/AL	SITAGLIPTIN	SITAGLIPTIN			Compressa rivestita con film	A10BH01	SANDOZ S.P.A.	Autorizzata	Procedura Mutuo riconoscimento o Decentrata	Medicinali soggetti a prescrizione medica limitativa, vendibili al pubblico su prescrizione di centri ospedalieri o di specialisti
048137475	048137	SITAGLIPTIN SANDOZ	50 MG COMPRESSE RIVESTITE CON FILM- 100 COMPRESSE IN BLISTER OPA/AL/PVC/AL	SITAGLIPTIN	SITAGLIPTIN			Compressa rivestita con film	A10BH01	SANDOZ S.P.A.	Autorizzata	Procedura Mutuo riconoscimento o Decentrata	Medicinali soggetti a prescrizione medica limitativa, vendibili al pubblico su prescrizione di centri ospedalieri o di specialisti
048137487	048137	SITAGLIPTIN SANDOZ	50 MG COMPRESSE RIVESTITE CON FILM- 105 COMPRESSE IN BLISTER OPA/AL/PVC/AL	SITAGLIPTIN	SITAGLIPTIN			Compressa rivestita con film	A10BH01	SANDOZ S.P.A.	Autorizzata	Procedura Mutuo riconoscimento o Decentrata	Medicinali soggetti a prescrizione medica limitativa, vendibili al pubblico su prescrizione di centri ospedalieri o di specialisti
048137499	048137	SITAGLIPTIN SANDOZ	50 MG COMPRESSE RIVESTITE CON FILM- 108 COMPRESSE IN BLISTER OPA/AL/PVC/AL	SITAGLIPTIN	SITAGLIPTIN			Compressa rivestita con film	A10BH01	SANDOZ S.P.A.	Autorizzata	Procedura Mutuo riconoscimento o Decentrata	Medicinali soggetti a prescrizione medica limitativa, vendibili al pubblico su prescrizione di centri ospedalieri o di specialisti
048137501	048137	SITAGLIPTIN SANDOZ	50 MG COMPRESSE RIVESTITE CON FILM- 110 COMPRESSE IN BLISTER OPA/AL/PVC/AL	SITAGLIPTIN	SITAGLIPTIN			Compressa rivestita con film	A10BH01	SANDOZ S.P.A.	Autorizzata	Procedura Mutuo riconoscimento o Decentrata	Medicinali soggetti a prescrizione medica limitativa, vendibili al pubblico su prescrizione di centri ospedalieri o di specialisti
048137513	048137	SITAGLIPTIN SANDOZ	50 MG COMPRESSE RIVESTITE CON FILM- 112 COMPRESSE IN BLISTER OPA/AL/PVC/AL	SITAGLIPTIN	SITAGLIPTIN			Compressa rivestita con film	A10BH01	SANDOZ S.P.A.	Autorizzata	Procedura Mutuo riconoscimento o Decentrata	Medicinali soggetti a prescrizione medica limitativa, vendibili al pubblico su prescrizione di centri ospedalieri o di specialisti
048137525	048137	SITAGLIPTIN SANDOZ	50 MG COMPRESSE RIVESTITE CON FILM- 120 COMPRESSE IN BLISTER OPA/AL/PVC/AL	SITAGLIPTIN	SITAGLIPTIN			Compressa rivestita con film	A10BH01	SANDOZ S.P.A.	Autorizzata	Procedura Mutuo riconoscimento o Decentrata	Medicinali soggetti a prescrizione medica limitativa, vendibili al pubblico su prescrizione di centri ospedalieri o di specialisti
048137537	048137	SITAGLIPTIN SANDOZ	50 MG COMPRESSE RIVESTITE CON FILM- 168 COMPRESSE IN BLISTER OPA/AL/PVC/AL	SITAGLIPTIN	SITAGLIPTIN			Compressa rivestita con film	A10BH01	SANDOZ S.P.A.	Autorizzata	Procedura Mutuo riconoscimento o Decentrata	Medicinali soggetti a prescrizione medica limitativa, vendibili al pubblico su prescrizione di centri ospedalieri o di specialisti
048137549	048137	SITAGLIPTIN SANDOZ	50 MG COMPRESSE RIVESTITE CON FILM- 180 COMPRESSE IN BLISTER OPA/AL/PVC/AL	SITAGLIPTIN	SITAGLIPTIN			Compressa rivestita con film	A10BH01	SANDOZ S.P.A.	Autorizzata	Procedura Mutuo riconoscimento o Decentrata	Medicinali soggetti a prescrizione medica limitativa, vendibili al pubblico su prescrizione di centri ospedalieri o di specialisti
048137552	048137	SITAGLIPTIN SANDOZ	50 MG COMPRESSE RIVESTITE CON FILM- 196 COMPRESSE IN BLISTER OPA/AL/PVC/AL	SITAGLIPTIN	SITAGLIPTIN			Compressa rivestita con film	A10BH01	SANDOZ S.P.A.	Autorizzata	Procedura Mutuo riconoscimento o Decentrata	Medicinali soggetti a prescrizione medica limitativa, vendibili al pubblico su prescrizione di centri ospedalieri o di specialisti
048137564	048137	SITAGLIPTIN SANDOZ	50 MG COMPRESSE RIVESTITE CON FILM- 198 COMPRESSE IN BLISTER OPA/AL/PVC/AL	SITAGLIPTIN	SITAGLIPTIN			Compressa rivestita con film	A10BH01	SANDOZ S.P.A.	Autorizzata	Procedura Mutuo riconoscimento o Decentrata	Medicinali soggetti a prescrizione medica limitativa, vendibili al pubblico su prescrizione di centri ospedalieri o di specialisti
048137576	048137	SITAGLIPTIN SANDOZ	50 MG COMPRESSE RIVESTITE CON FILM- 200 COMPRESSE IN BLISTER OPA/AL/PVC/AL	SITAGLIPTIN	SITAGLIPTIN			Compressa rivestita con film	A10BH01	SANDOZ S.P.A.	Autorizzata	Procedura Mutuo riconoscimento o Decentrata	Medicinali soggetti a prescrizione medica limitativa, vendibili al pubblico su prescrizione di centri ospedalieri o di specialisti
048137588	048137	SITAGLIPTIN SANDOZ	50 MG COMPRESSE RIVESTITE CON FILM- 28 COMPRESSE IN BLISTER PVC/PE/PVDC/AL	SITAGLIPTIN	SITAGLIPTIN			Compressa rivestita con film	A10BH01	SANDOZ S.P.A.	Autorizzata	Procedura Mutuo riconoscimento o Decentrata	Medicinali soggetti a prescrizione medica
048137590	048137	SITAGLIPTIN SANDOZ	50 MG COMPRESSE RIVESTITE CON FILM- 30 COMPRESSE IN BLISTER PVC/PE/PVDC/AL	SITAGLIPTIN	SITAGLIPTIN			Compressa rivestita con film	A10BH01	SANDOZ S.P.A.	Autorizzata	Procedura Mutuo riconoscimento o Decentrata	Medicinali soggetti a prescrizione medica limitativa, vendibili al pubblico su prescrizione di centri ospedalieri o di specialisti
048137602	048137	SITAGLIPTIN SANDOZ	50 MG COMPRESSE RIVESTITE CON FILM- 50 COMPRESSE IN BLISTER PVC/PE/PVDC/AL	SITAGLIPTIN	SITAGLIPTIN			Compressa rivestita con film	A10BH01	SANDOZ S.P.A.	Autorizzata	Procedura Mutuo riconoscimento o Decentrata	Medicinali soggetti a prescrizione medica limitativa, vendibili al pubblico su prescrizione di centri ospedalieri o di specialisti
048137614	048137	SITAGLIPTIN SANDOZ	50 MG COMPRESSE RIVESTITE CON FILM- 56 COMPRESSE IN BLISTER PVC/PE/PVDC/AL	SITAGLIPTIN	SITAGLIPTIN			Compressa rivestita con film	A10BH01	SANDOZ S.P.A.	Autorizzata	Procedura Mutuo riconoscimento o Decentrata	Medicinali soggetti a prescrizione medica limitativa, vendibili al pubblico su prescrizione di centri ospedalieri o di specialisti
048137626	048137	SITAGLIPTIN SANDOZ	50 MG COMPRESSE RIVESTITE CON FILM- 60 COMPRESSE IN BLISTER PVC/PE/PVDC/AL	SITAGLIPTIN	SITAGLIPTIN			Compressa rivestita con film	A10BH01	SANDOZ S.P.A.	Autorizzata	Procedura Mutuo riconoscimento o Decentrata	Medicinali soggetti a prescrizione medica limitativa, vendibili al pubblico su prescrizione di centri ospedalieri o di specialisti
048137638	048137	SITAGLIPTIN SANDOZ	50 MG COMPRESSE RIVESTITE CON FILM- 84 COMPRESSE IN BLISTER PVC/PE/PVDC/AL	SITAGLIPTIN	SITAGLIPTIN			Compressa rivestita con film	A10BH01	SANDOZ S.P.A.	Autorizzata	Procedura Mutuo riconoscimento o Decentrata	Medicinali soggetti a prescrizione medica limitativa, vendibili al pubblico su prescrizione di centri ospedalieri o di specialisti
048137640	048137	SITAGLIPTIN SANDOZ	50 MG COMPRESSE RIVESTITE CON FILM- 90 COMPRESSE IN BLISTER PVC/PE/PVDC/AL	SITAGLIPTIN	SITAGLIPTIN			Compressa rivestita con film	A10BH01	SANDOZ S.P.A.	Autorizzata	Procedura Mutuo riconoscimento o Decentrata	Medicinali soggetti a prescrizione medica limitativa, vendibili al pubblico su prescrizione di centri ospedalieri o di specialisti
048137653	048137	SITAGLIPTIN SANDOZ	50 MG COMPRESSE RIVESTITE CON FILM- 98 COMPRESSE IN BLISTER PVC/PE/PVDC/AL	SITAGLIPTIN	SITAGLIPTIN			Compressa rivestita con film	A10BH01	SANDOZ S.P.A.	Autorizzata	Procedura Mutuo riconoscimento o Decentrata	Medicinali soggetti a prescrizione medica limitativa, vendibili al pubblico su prescrizione di centri ospedalieri o di specialisti
048137665	048137	SITAGLIPTIN SANDOZ	50 MG COMPRESSE RIVESTITE CON FILM- 100 COMPRESSE IN BLISTER PVC/PE/PVDC/AL	SITAGLIPTIN	SITAGLIPTIN			Compressa rivestita con film	A10BH01	SANDOZ S.P.A.	Autorizzata	Procedura Mutuo riconoscimento o Decentrata	Medicinali soggetti a prescrizione medica limitativa, vendibili al pubblico su prescrizione di centri ospedalieri o di specialisti
048137677	048137	SITAGLIPTIN SANDOZ	50 MG COMPRESSE RIVESTITE CON FILM- 105 COMPRESSE IN BLISTER PVC/PE/PVDC/AL	SITAGLIPTIN	SITAGLIPTIN			Compressa rivestita con film	A10BH01	SANDOZ S.P.A.	Autorizzata	Procedura Mutuo riconoscimento o Decentrata	Medicinali soggetti a prescrizione medica limitativa, vendibili al pubblico su prescrizione di centri ospedalieri o di specialisti
048137689	048137	SITAGLIPTIN SANDOZ	50 MG COMPRESSE RIVESTITE CON FILM- 108 COMPRESSE IN BLISTER PVC/PE/PVDC/AL	SITAGLIPTIN	SITAGLIPTIN			Compressa rivestita con film	A10BH01	SANDOZ S.P.A.	Autorizzata	Procedura Mutuo riconoscimento o Decentrata	Medicinali soggetti a prescrizione medica limitativa, vendibili al pubblico su prescrizione di centri ospedalieri o di specialisti
048137691	048137	SITAGLIPTIN SANDOZ	50 MG COMPRESSE RIVESTITE CON FILM- 110 COMPRESSE IN BLISTER PVC/PE/PVDC/AL	SITAGLIPTIN	SITAGLIPTIN			Compressa rivestita con film	A10BH01	SANDOZ S.P.A.	Autorizzata	Procedura Mutuo riconoscimento o Decentrata	Medicinali soggetti a prescrizione medica limitativa, vendibili al pubblico su prescrizione di centri ospedalieri o di specialisti
048137703	048137	SITAGLIPTIN SANDOZ	50 MG COMPRESSE RIVESTITE CON FILM- 112 COMPRESSE IN BLISTER PVC/PE/PVDC/AL	SITAGLIPTIN	SITAGLIPTIN			Compressa rivestita con film	A10BH01	SANDOZ S.P.A.	Autorizzata	Procedura Mutuo riconoscimento o Decentrata	Medicinali soggetti a prescrizione medica limitativa, vendibili al pubblico su prescrizione di centri ospedalieri o di specialisti
048137715	048137	SITAGLIPTIN SANDOZ	50 MG COMPRESSE RIVESTITE CON FILM- 120 COMPRESSE IN BLISTER PVC/PE/PVDC/AL	SITAGLIPTIN	SITAGLIPTIN			Compressa rivestita con film	A10BH01	SANDOZ S.P.A.	Autorizzata	Procedura Mutuo riconoscimento o Decentrata	Medicinali soggetti a prescrizione medica limitativa, vendibili al pubblico su prescrizione di centri ospedalieri o di specialisti
048137727	048137	SITAGLIPTIN SANDOZ	50 MG COMPRESSE RIVESTITE CON FILM- 168 COMPRESSE IN BLISTER PVC/PE/PVDC/AL	SITAGLIPTIN	SITAGLIPTIN			Compressa rivestita con film	A10BH01	SANDOZ S.P.A.	Autorizzata	Procedura Mutuo riconoscimento o Decentrata	Medicinali soggetti a prescrizione medica limitativa, vendibili al pubblico su prescrizione di centri ospedalieri o di specialisti
048137739	048137	SITAGLIPTIN SANDOZ	50 MG COMPRESSE RIVESTITE CON FILM- 180 COMPRESSE IN BLISTER PVC/PE/PVDC/AL	SITAGLIPTIN	SITAGLIPTIN			Compressa rivestita con film	A10BH01	SANDOZ S.P.A.	Autorizzata	Procedura Mutuo riconoscimento o Decentrata	Medicinali soggetti a prescrizione medica limitativa, vendibili al pubblico su prescrizione di centri ospedalieri o di specialisti
048137741	048137	SITAGLIPTIN SANDOZ	50 MG COMPRESSE RIVESTITE CON FILM- 196 COMPRESSE IN BLISTER PVC/PE/PVDC/AL	SITAGLIPTIN	SITAGLIPTIN			Compressa rivestita con film	A10BH01	SANDOZ S.P.A.	Autorizzata	Procedura Mutuo riconoscimento o Decentrata	Medicinali soggetti a prescrizione medica limitativa, vendibili al pubblico su prescrizione di centri ospedalieri o di specialisti
048137754	048137	SITAGLIPTIN SANDOZ	50 MG COMPRESSE RIVESTITE CON FILM- 198 COMPRESSE IN BLISTER PVC/PE/PVDC/AL	SITAGLIPTIN	SITAGLIPTIN			Compressa rivestita con film	A10BH01	SANDOZ S.P.A.	Autorizzata	Procedura Mutuo riconoscimento o Decentrata	Medicinali soggetti a prescrizione medica limitativa, vendibili al pubblico su prescrizione di centri ospedalieri o di specialisti
048137766	048137	SITAGLIPTIN SANDOZ	50 MG COMPRESSE RIVESTITE CON FILM- 200 COMPRESSE IN BLISTER PVC/PE/PVDC/AL	SITAGLIPTIN	SITAGLIPTIN			Compressa rivestita con film	A10BH01	SANDOZ S.P.A.	Autorizzata	Procedura Mutuo riconoscimento o Decentrata	Medicinali soggetti a prescrizione medica limitativa, vendibili al pubblico su prescrizione di centri ospedalieri o di specialisti
048137778	048137	SITAGLIPTIN SANDOZ	100 MG COMPRESSE RIVESTITE CON FILM- 28 COMPRESSE IN BLISTER OPA/AL/PVC/AL	SITAGLIPTIN	SITAGLIPTIN			Compressa rivestita con film	A10BH01	SANDOZ S.P.A.	Autorizzata	Procedura Mutuo riconoscimento o Decentrata	Medicinali soggetti a prescrizione medica
048137780	048137	SITAGLIPTIN SANDOZ	100 MG COMPRESSE RIVESTITE CON FILM- 30 COMPRESSE IN BLISTER OPA/AL/PVC/AL	SITAGLIPTIN	SITAGLIPTIN			Compressa rivestita con film	A10BH01	SANDOZ S.P.A.	Autorizzata	Procedura Mutuo riconoscimento o Decentrata	Medicinali soggetti a prescrizione medica limitativa, vendibili al pubblico su prescrizione di centri ospedalieri o di specialisti
048137792	048137	SITAGLIPTIN SANDOZ	100 MG COMPRESSE RIVESTITE CON FILM- 50 COMPRESSE IN BLISTER OPA/AL/PVC/AL	SITAGLIPTIN	SITAGLIPTIN			Compressa rivestita con film	A10BH01	SANDOZ S.P.A.	Autorizzata	Procedura Mutuo riconoscimento o Decentrata	Medicinali soggetti a prescrizione medica limitativa, vendibili al pubblico su prescrizione di centri ospedalieri o di specialisti
048137804	048137	SITAGLIPTIN SANDOZ	100 MG COMPRESSE RIVESTITE CON FILM- 56 COMPRESSE IN BLISTER OPA/AL/PVC/AL	SITAGLIPTIN	SITAGLIPTIN			Compressa rivestita con film	A10BH01	SANDOZ S.P.A.	Autorizzata	Procedura Mutuo riconoscimento o Decentrata	Medicinali soggetti a prescrizione medica limitativa, vendibili al pubblico su prescrizione di centri ospedalieri o di specialisti
048137816	048137	SITAGLIPTIN SANDOZ	100 MG COMPRESSE RIVESTITE CON FILM- 60 COMPRESSE IN BLISTER OPA/AL/PVC/AL	SITAGLIPTIN	SITAGLIPTIN			Compressa rivestita con film	A10BH01	SANDOZ S.P.A.	Autorizzata	Procedura Mutuo riconoscimento o Decentrata	Medicinali soggetti a prescrizione medica limitativa, vendibili al pubblico su prescrizione di centri ospedalieri o di specialisti
048137828	048137	SITAGLIPTIN SANDOZ	100 MG COMPRESSE RIVESTITE CON FILM- 84 COMPRESSE IN BLISTER OPA/AL/PVC/AL	SITAGLIPTIN	SITAGLIPTIN			Compressa rivestita con film	A10BH01	SANDOZ S.P.A.	Autorizzata	Procedura Mutuo riconoscimento o Decentrata	Medicinali soggetti a prescrizione medica limitativa, vendibili al pubblico su prescrizione di centri ospedalieri o di specialisti
048137830	048137	SITAGLIPTIN SANDOZ	100 MG COMPRESSE RIVESTITE CON FILM- 90 COMPRESSE IN BLISTER OPA/AL/PVC/AL	SITAGLIPTIN	SITAGLIPTIN			Compressa rivestita con film	A10BH01	SANDOZ S.P.A.	Autorizzata	Procedura Mutuo riconoscimento o Decentrata	Medicinali soggetti a prescrizione medica limitativa, vendibili al pubblico su prescrizione di centri ospedalieri o di specialisti
048137842	048137	SITAGLIPTIN SANDOZ	100 MG COMPRESSE RIVESTITE CON FILM- 98 COMPRESSE IN BLISTER OPA/AL/PVC/AL	SITAGLIPTIN	SITAGLIPTIN			Compressa rivestita con film	A10BH01	SANDOZ S.P.A.	Autorizzata	Procedura Mutuo riconoscimento o Decentrata	Medicinali soggetti a prescrizione medica limitativa, vendibili al pubblico su prescrizione di centri ospedalieri o di specialisti
048137855	048137	SITAGLIPTIN SANDOZ	100 MG COMPRESSE RIVESTITE CON FILM- 100 COMPRESSE IN BLISTER OPA/AL/PVC/AL	SITAGLIPTIN	SITAGLIPTIN			Compressa rivestita con film	A10BH01	SANDOZ S.P.A.	Autorizzata	Procedura Mutuo riconoscimento o Decentrata	Medicinali soggetti a prescrizione medica limitativa, vendibili al pubblico su prescrizione di centri ospedalieri o di specialisti
048137867	048137	SITAGLIPTIN SANDOZ	100 MG COMPRESSE RIVESTITE CON FILM- 105 COMPRESSE IN BLISTER OPA/AL/PVC/AL	SITAGLIPTIN	SITAGLIPTIN			Compressa rivestita con film	A10BH01	SANDOZ S.P.A.	Autorizzata	Procedura Mutuo riconoscimento o Decentrata	Medicinali soggetti a prescrizione medica limitativa, vendibili al pubblico su prescrizione di centri ospedalieri o di specialisti
048137879	048137	SITAGLIPTIN SANDOZ	100 MG COMPRESSE RIVESTITE CON FILM- 108 COMPRESSE IN BLISTER OPA/AL/PVC/AL	SITAGLIPTIN	SITAGLIPTIN			Compressa rivestita con film	A10BH01	SANDOZ S.P.A.	Autorizzata	Procedura Mutuo riconoscimento o Decentrata	Medicinali soggetti a prescrizione medica limitativa, vendibili al pubblico su prescrizione di centri ospedalieri o di specialisti
048137881	048137	SITAGLIPTIN SANDOZ	100 MG COMPRESSE RIVESTITE CON FILM- 110 COMPRESSE IN BLISTER OPA/AL/PVC/AL	SITAGLIPTIN	SITAGLIPTIN			Compressa rivestita con film	A10BH01	SANDOZ S.P.A.	Autorizzata	Procedura Mutuo riconoscimento o Decentrata	Medicinali soggetti a prescrizione medica limitativa, vendibili al pubblico su prescrizione di centri ospedalieri o di specialisti
048137893	048137	SITAGLIPTIN SANDOZ	100 MG COMPRESSE RIVESTITE CON FILM- 112 COMPRESSE IN BLISTER OPA/AL/PVC/AL	SITAGLIPTIN	SITAGLIPTIN			Compressa rivestita con film	A10BH01	SANDOZ S.P.A.	Autorizzata	Procedura Mutuo riconoscimento o Decentrata	Medicinali soggetti a prescrizione medica limitativa, vendibili al pubblico su prescrizione di centri ospedalieri o di specialisti
048137905	048137	SITAGLIPTIN SANDOZ	100 MG COMPRESSE RIVESTITE CON FILM- 120 COMPRESSE IN BLISTER OPA/AL/PVC/AL	SITAGLIPTIN	SITAGLIPTIN			Compressa rivestita con film	A10BH01	SANDOZ S.P.A.	Autorizzata	Procedura Mutuo riconoscimento o Decentrata	Medicinali soggetti a prescrizione medica limitativa, vendibili al pubblico su prescrizione di centri ospedalieri o di specialisti
048137917	048137	SITAGLIPTIN SANDOZ	100 MG COMPRESSE RIVESTITE CON FILM- 168 COMPRESSE IN BLISTER OPA/AL/PVC/AL	SITAGLIPTIN	SITAGLIPTIN			Compressa rivestita con film	A10BH01	SANDOZ S.P.A.	Autorizzata	Procedura Mutuo riconoscimento o Decentrata	Medicinali soggetti a prescrizione medica limitativa, vendibili al pubblico su prescrizione di centri ospedalieri o di specialisti
048137929	048137	SITAGLIPTIN SANDOZ	100 MG COMPRESSE RIVESTITE CON FILM- 180 COMPRESSE IN BLISTER OPA/AL/PVC/AL	SITAGLIPTIN	SITAGLIPTIN			Compressa rivestita con film	A10BH01	SANDOZ S.P.A.	Autorizzata	Procedura Mutuo riconoscimento o Decentrata	Medicinali soggetti a prescrizione medica limitativa, vendibili al pubblico su prescrizione di centri ospedalieri o di specialisti
048137931	048137	SITAGLIPTIN SANDOZ	100 MG COMPRESSE RIVESTITE CON FILM- 196 COMPRESSE IN BLISTER OPA/AL/PVC/AL	SITAGLIPTIN	SITAGLIPTIN			Compressa rivestita con film	A10BH01	SANDOZ S.P.A.	Autorizzata	Procedura Mutuo riconoscimento o Decentrata	Medicinali soggetti a prescrizione medica limitativa, vendibili al pubblico su prescrizione di centri ospedalieri o di specialisti
048137943	048137	SITAGLIPTIN SANDOZ	100 MG COMPRESSE RIVESTITE CON FILM- 198 COMPRESSE IN BLISTER OPA/AL/PVC/AL	SITAGLIPTIN	SITAGLIPTIN			Compressa rivestita con film	A10BH01	SANDOZ S.P.A.	Autorizzata	Procedura Mutuo riconoscimento o Decentrata	Medicinali soggetti a prescrizione medica limitativa, vendibili al pubblico su prescrizione di centri ospedalieri o di specialisti
048137956	048137	SITAGLIPTIN SANDOZ	100 MG COMPRESSE RIVESTITE CON FILM- 200 COMPRESSE IN BLISTER OPA/AL/PVC/AL	SITAGLIPTIN	SITAGLIPTIN			Compressa rivestita con film	A10BH01	SANDOZ S.P.A.	Autorizzata	Procedura Mutuo riconoscimento o Decentrata	Medicinali soggetti a prescrizione medica limitativa, vendibili al pubblico su prescrizione di centri ospedalieri o di specialisti
048137968	048137	SITAGLIPTIN SANDOZ	100 MG COMPRESSE RIVESTITE CON FILM- 28 COMPRESSE IN BLISTER PVC/PE/PVDC/AL	SITAGLIPTIN	SITAGLIPTIN			Compressa rivestita con film	A10BH01	SANDOZ S.P.A.	Autorizzata	Procedura Mutuo riconoscimento o Decentrata	Medicinali soggetti a prescrizione medica
048137970	048137	SITAGLIPTIN SANDOZ	100 MG COMPRESSE RIVESTITE CON FILM- 30 COMPRESSE IN BLISTER PVC/PE/PVDC/AL	SITAGLIPTIN	SITAGLIPTIN			Compressa rivestita con film	A10BH01	SANDOZ S.P.A.	Autorizzata	Procedura Mutuo riconoscimento o Decentrata	Medicinali soggetti a prescrizione medica limitativa, vendibili al pubblico su prescrizione di centri ospedalieri o di specialisti
048137982	048137	SITAGLIPTIN SANDOZ	100 MG COMPRESSE RIVESTITE CON FILM- 50 COMPRESSE IN BLISTER PVC/PE/PVDC/AL	SITAGLIPTIN	SITAGLIPTIN			Compressa rivestita con film	A10BH01	SANDOZ S.P.A.	Autorizzata	Procedura Mutuo riconoscimento o Decentrata	Medicinali soggetti a prescrizione medica limitativa, vendibili al pubblico su prescrizione di centri ospedalieri o di specialisti
048137994	048137	SITAGLIPTIN SANDOZ	100 MG COMPRESSE RIVESTITE CON FILM- 56 COMPRESSE IN BLISTER PVC/PE/PVDC/AL	SITAGLIPTIN	SITAGLIPTIN			Compressa rivestita con film	A10BH01	SANDOZ S.P.A.	Autorizzata	Procedura Mutuo riconoscimento o Decentrata	Medicinali soggetti a prescrizione medica limitativa, vendibili al pubblico su prescrizione di centri ospedalieri o di specialisti
048139024	048139	SITAGLIPTIN SANDOZ	100 MG COMPRESSE RIVESTITE CON FILM- 60 COMPRESSE IN BLISTER PVC/PE/PVDC/AL	SITAGLIPTIN	SITAGLIPTIN			Compressa rivestita con film	A10BH01	SANDOZ S.P.A.	Autorizzata	Procedura Mutuo riconoscimento o Decentrata	Medicinali soggetti a prescrizione medica limitativa, vendibili al pubblico su prescrizione di centri ospedalieri o di specialisti
048139036	048139	SITAGLIPTIN SANDOZ	100 MG COMPRESSE RIVESTITE CON FILM- 84 COMPRESSE IN BLISTER PVC/PE/PVDC/AL	SITAGLIPTIN	SITAGLIPTIN			Compressa rivestita con film	A10BH01	SANDOZ S.P.A.	Autorizzata	Procedura Mutuo riconoscimento o Decentrata	Medicinali soggetti a prescrizione medica limitativa, vendibili al pubblico su prescrizione di centri ospedalieri o di specialisti
048139048	048139	SITAGLIPTIN SANDOZ	100 MG COMPRESSE RIVESTITE CON FILM- 90 COMPRESSE IN BLISTER PVC/PE/PVDC/AL	SITAGLIPTIN	SITAGLIPTIN			Compressa rivestita con film	A10BH01	SANDOZ S.P.A.	Autorizzata	Procedura Mutuo riconoscimento o Decentrata	Medicinali soggetti a prescrizione medica limitativa, vendibili al pubblico su prescrizione di centri ospedalieri o di specialisti
048139051	048139	SITAGLIPTIN SANDOZ	100 MG COMPRESSE RIVESTITE CON FILM- 98 COMPRESSE IN BLISTER PVC/PE/PVDC/AL	SITAGLIPTIN	SITAGLIPTIN			Compressa rivestita con film	A10BH01	SANDOZ S.P.A.	Autorizzata	Procedura Mutuo riconoscimento o Decentrata	Medicinali soggetti a prescrizione medica limitativa, vendibili al pubblico su prescrizione di centri ospedalieri o di specialisti
048139063	048139	SITAGLIPTIN SANDOZ	100 MG COMPRESSE RIVESTITE CON FILM- 100 COMPRESSE IN BLISTER PVC/PE/PVDC/AL	SITAGLIPTIN	SITAGLIPTIN			Compressa rivestita con film	A10BH01	SANDOZ S.P.A.	Autorizzata	Procedura Mutuo riconoscimento o Decentrata	Medicinali soggetti a prescrizione medica limitativa, vendibili al pubblico su prescrizione di centri ospedalieri o di specialisti
048139075	048139	SITAGLIPTIN SANDOZ	100 MG COMPRESSE RIVESTITE CON FILM- 105 COMPRESSE IN BLISTER PVC/PE/PVDC/AL	SITAGLIPTIN	SITAGLIPTIN			Compressa rivestita con film	A10BH01	SANDOZ S.P.A.	Autorizzata	Procedura Mutuo riconoscimento o Decentrata	Medicinali soggetti a prescrizione medica limitativa, vendibili al pubblico su prescrizione di centri ospedalieri o di specialisti
048139087	048139	SITAGLIPTIN SANDOZ	100 MG COMPRESSE RIVESTITE CON FILM- 108 COMPRESSE IN BLISTER PVC/PE/PVDC/AL	SITAGLIPTIN	SITAGLIPTIN			Compressa rivestita con film	A10BH01	SANDOZ S.P.A.	Autorizzata	Procedura Mutuo riconoscimento o Decentrata	Medicinali soggetti a prescrizione medica limitativa, vendibili al pubblico su prescrizione di centri ospedalieri o di specialisti
048139099	048139	SITAGLIPTIN SANDOZ	100 MG COMPRESSE RIVESTITE CON FILM- 110 COMPRESSE IN BLISTER PVC/PE/PVDC/AL	SITAGLIPTIN	SITAGLIPTIN			Compressa rivestita con film	A10BH01	SANDOZ S.P.A.	Autorizzata	Procedura Mutuo riconoscimento o Decentrata	Medicinali soggetti a prescrizione medica limitativa, vendibili al pubblico su prescrizione di centri ospedalieri o di specialisti
048139101	048139	SITAGLIPTIN SANDOZ	100 MG COMPRESSE RIVESTITE CON FILM- 112 COMPRESSE IN BLISTER PVC/PE/PVDC/AL	SITAGLIPTIN	SITAGLIPTIN			Compressa rivestita con film	A10BH01	SANDOZ S.P.A.	Autorizzata	Procedura Mutuo riconoscimento o Decentrata	Medicinali soggetti a prescrizione medica limitativa, vendibili al pubblico su prescrizione di centri ospedalieri o di specialisti
048139113	048139	SITAGLIPTIN SANDOZ	100 MG COMPRESSE RIVESTITE CON FILM- 120 COMPRESSE IN BLISTER PVC/PE/PVDC/AL	SITAGLIPTIN	SITAGLIPTIN			Compressa rivestita con film	A10BH01	SANDOZ S.P.A.	Autorizzata	Procedura Mutuo riconoscimento o Decentrata	Medicinali soggetti a prescrizione medica limitativa, vendibili al pubblico su prescrizione di centri ospedalieri o di specialisti
048139125	048139	SITAGLIPTIN SANDOZ	100 MG COMPRESSE RIVESTITE CON FILM- 168 COMPRESSE IN BLISTER PVC/PE/PVDC/AL	SITAGLIPTIN	SITAGLIPTIN			Compressa rivestita con film	A10BH01	SANDOZ S.P.A.	Autorizzata	Procedura Mutuo riconoscimento o Decentrata	Medicinali soggetti a prescrizione medica limitativa, vendibili al pubblico su prescrizione di centri ospedalieri o di specialisti
048139137	048139	SITAGLIPTIN SANDOZ	100 MG COMPRESSE RIVESTITE CON FILM- 180 COMPRESSE IN BLISTER PVC/PE/PVDC/AL	SITAGLIPTIN	SITAGLIPTIN			Compressa rivestita con film	A10BH01	SANDOZ S.P.A.	Autorizzata	Procedura Mutuo riconoscimento o Decentrata	Medicinali soggetti a prescrizione medica limitativa, vendibili al pubblico su prescrizione di centri ospedalieri o di specialisti
048139149	048139	SITAGLIPTIN SANDOZ	100 MG COMPRESSE RIVESTITE CON FILM- 196 COMPRESSE IN BLISTER PVC/PE/PVDC/AL	SITAGLIPTIN	SITAGLIPTIN			Compressa rivestita con film	A10BH01	SANDOZ S.P.A.	Autorizzata	Procedura Mutuo riconoscimento o Decentrata	Medicinali soggetti a prescrizione medica limitativa, vendibili al pubblico su prescrizione di centri ospedalieri o di specialisti
048139152	048139	SITAGLIPTIN SANDOZ	100 MG COMPRESSE RIVESTITE CON FILM- 198 COMPRESSE IN BLISTER PVC/PE/PVDC/AL	SITAGLIPTIN	SITAGLIPTIN			Compressa rivestita con film	A10BH01	SANDOZ S.P.A.	Autorizzata	Procedura Mutuo riconoscimento o Decentrata	Medicinali soggetti a prescrizione medica limitativa, vendibili al pubblico su prescrizione di centri ospedalieri o di specialisti
048139164	048139	SITAGLIPTIN SANDOZ	100 MG COMPRESSE RIVESTITE CON FILM- 200 COMPRESSE IN BLISTER PVC/PE/PVDC/AL	SITAGLIPTIN	SITAGLIPTIN			Compressa rivestita con film	A10BH01	SANDOZ S.P.A.	Autorizzata	Procedura Mutuo riconoscimento o Decentrata	Medicinali soggetti a prescrizione medica limitativa, vendibili al pubblico su prescrizione di centri ospedalieri o di specialisti
048139176	048139	SITAGLIPTIN SANDOZ	25 MG COMPRESSE RIVESTITE CON FILM- 28X1 COMPRESSE IN BLISTER DIVISIBILE PER DOSE UNITARIA IN OPA/AL/PVC/AL	SITAGLIPTIN	SITAGLIPTIN			Compressa rivestita con film	A10BH01	SANDOZ S.P.A.	Autorizzata	Procedura Mutuo riconoscimento o Decentrata	Medicinali soggetti a prescrizione medica
048139188	048139	SITAGLIPTIN SANDOZ	25 MG COMPRESSE RIVESTITE CON FILM- 30X1 COMPRESSE IN BLISTER DIVISIBILE PER DOSE UNITARIA IN OPA/AL/PVC/AL	SITAGLIPTIN	SITAGLIPTIN			Compressa rivestita con film	A10BH01	SANDOZ S.P.A.	Autorizzata	Procedura Mutuo riconoscimento o Decentrata	Medicinali soggetti a prescrizione medica
048139190	048139	SITAGLIPTIN SANDOZ	25 MG COMPRESSE RIVESTITE CON FILM- 50X1 COMPRESSE IN BLISTER DIVISIBILE PER DOSE UNITARIA IN OPA/AL/PVC/AL	SITAGLIPTIN	SITAGLIPTIN			Compressa rivestita con film	A10BH01	SANDOZ S.P.A.	Autorizzata	Procedura Mutuo riconoscimento o Decentrata	Medicinali soggetti a prescrizione medica
048139202	048139	SITAGLIPTIN SANDOZ	25 MG COMPRESSE RIVESTITE CON FILM- 56X1 COMPRESSE IN BLISTER DIVISIBILE PER DOSE UNITARIA IN OPA/AL/PVC/AL	SITAGLIPTIN	SITAGLIPTIN			Compressa rivestita con film	A10BH01	SANDOZ S.P.A.	Autorizzata	Procedura Mutuo riconoscimento o Decentrata	Medicinali soggetti a prescrizione medica
048139214	048139	SITAGLIPTIN SANDOZ	25 MG COMPRESSE RIVESTITE CON FILM- 84X1 COMPRESSE IN BLISTER DIVISIBILE PER DOSE UNITARIA IN OPA/AL/PVC/AL	SITAGLIPTIN	SITAGLIPTIN			Compressa rivestita con film	A10BH01	SANDOZ S.P.A.	Autorizzata	Procedura Mutuo riconoscimento o Decentrata	Medicinali soggetti a prescrizione medica
048139226	048139	SITAGLIPTIN SANDOZ	25 MG COMPRESSE RIVESTITE CON FILM- 90X1 COMPRESSE IN BLISTER DIVISIBILE PER DOSE UNITARIA IN OPA/AL/PVC/AL	SITAGLIPTIN	SITAGLIPTIN			Compressa rivestita con film	A10BH01	SANDOZ S.P.A.	Autorizzata	Procedura Mutuo riconoscimento o Decentrata	Medicinali soggetti a prescrizione medica
048139238	048139	SITAGLIPTIN SANDOZ	25 MG COMPRESSE RIVESTITE CON FILM- 98X1 COMPRESSE IN BLISTER DIVISIBILE PER DOSE UNITARIA IN OPA/AL/PVC/AL	SITAGLIPTIN	SITAGLIPTIN			Compressa rivestita con film	A10BH01	SANDOZ S.P.A.	Autorizzata	Procedura Mutuo riconoscimento o Decentrata	Medicinali soggetti a prescrizione medica
048139240	048139	SITAGLIPTIN SANDOZ	25 MG COMPRESSE RIVESTITE CON FILM- 28X1 COMPRESSE IN BLISTER DIVISIBILE PER DOSE UNITARIA IN PVC/PE/PVDC/AL	SITAGLIPTIN	SITAGLIPTIN			Compressa rivestita con film	A10BH01	SANDOZ S.P.A.	Autorizzata	Procedura Mutuo riconoscimento o Decentrata	Medicinali soggetti a prescrizione medica
048139253	048139	SITAGLIPTIN SANDOZ	25 MG COMPRESSE RIVESTITE CON FILM- 30X1 COMPRESSE IN BLISTER DIVISIBILE PER DOSE UNITARIA IN PVC/PE/PVDC/AL	SITAGLIPTIN	SITAGLIPTIN			Compressa rivestita con film	A10BH01	SANDOZ S.P.A.	Autorizzata	Procedura Mutuo riconoscimento o Decentrata	Medicinali soggetti a prescrizione medica
048139265	048139	SITAGLIPTIN SANDOZ	25 MG COMPRESSE RIVESTITE CON FILM- 50X1 COMPRESSE IN BLISTER DIVISIBILE PER DOSE UNITARIA IN PVC/PE/PVDC/AL	SITAGLIPTIN	SITAGLIPTIN			Compressa rivestita con film	A10BH01	SANDOZ S.P.A.	Autorizzata	Procedura Mutuo riconoscimento o Decentrata	Medicinali soggetti a prescrizione medica
048139277	048139	SITAGLIPTIN SANDOZ	25 MG COMPRESSE RIVESTITE CON FILM- 56X1 COMPRESSE IN BLISTER DIVISIBILE PER DOSE UNITARIA IN PVC/PE/PVDC/AL	SITAGLIPTIN	SITAGLIPTIN			Compressa rivestita con film	A10BH01	SANDOZ S.P.A.	Autorizzata	Procedura Mutuo riconoscimento o Decentrata	Medicinali soggetti a prescrizione medica
048139289	048139	SITAGLIPTIN SANDOZ	25 MG COMPRESSE RIVESTITE CON FILM- 84X1 COMPRESSE IN BLISTER DIVISIBILE PER DOSE UNITARIA IN PVC/PE/PVDC/AL	SITAGLIPTIN	SITAGLIPTIN			Compressa rivestita con film	A10BH01	SANDOZ S.P.A.	Autorizzata	Procedura Mutuo riconoscimento o Decentrata	Medicinali soggetti a prescrizione medica
048139291	048139	SITAGLIPTIN SANDOZ	25 MG COMPRESSE RIVESTITE CON FILM- 90X1 COMPRESSE IN BLISTER DIVISIBILE PER DOSE UNITARIA IN PVC/PE/PVDC/AL	SITAGLIPTIN	SITAGLIPTIN			Compressa rivestita con film	A10BH01	SANDOZ S.P.A.	Autorizzata	Procedura Mutuo riconoscimento o Decentrata	Medicinali soggetti a prescrizione medica
048139303	048139	SITAGLIPTIN SANDOZ	25 MG COMPRESSE RIVESTITE CON FILM- 98X1 COMPRESSE IN BLISTER DIVISIBILE PER DOSE UNITARIA IN PVC/PE/PVDC/AL	SITAGLIPTIN	SITAGLIPTIN			Compressa rivestita con film	A10BH01	SANDOZ S.P.A.	Autorizzata	Procedura Mutuo riconoscimento o Decentrata	Medicinali soggetti a prescrizione medica
048139315	048139	SITAGLIPTIN SANDOZ	50 MG COMPRESSE RIVESTITE CON FILM- 28X1 COMPRESSE IN BLISTER DIVISIBILE PER DOSE UNITARIA IN OPA/AL/PVC/AL	SITAGLIPTIN	SITAGLIPTIN			Compressa rivestita con film	A10BH01	SANDOZ S.P.A.	Autorizzata	Procedura Mutuo riconoscimento o Decentrata	Medicinali soggetti a prescrizione medica
048139327	048139	SITAGLIPTIN SANDOZ	50 MG COMPRESSE RIVESTITE CON FILM- 30X1 COMPRESSE IN BLISTER DIVISIBILE PER DOSE UNITARIA IN OPA/AL/PVC/AL	SITAGLIPTIN	SITAGLIPTIN			Compressa rivestita con film	A10BH01	SANDOZ S.P.A.	Autorizzata	Procedura Mutuo riconoscimento o Decentrata	Medicinali soggetti a prescrizione medica
048139339	048139	SITAGLIPTIN SANDOZ	50 MG COMPRESSE RIVESTITE CON FILM- 50X1 COMPRESSE IN BLISTER DIVISIBILE PER DOSE UNITARIA IN OPA/AL/PVC/AL	SITAGLIPTIN	SITAGLIPTIN			Compressa rivestita con film	A10BH01	SANDOZ S.P.A.	Autorizzata	Procedura Mutuo riconoscimento o Decentrata	Medicinali soggetti a prescrizione medica
048139341	048139	SITAGLIPTIN SANDOZ	50 MG COMPRESSE RIVESTITE CON FILM- 56X1 COMPRESSE IN BLISTER DIVISIBILE PER DOSE UNITARIA IN OPA/AL/PVC/AL	SITAGLIPTIN	SITAGLIPTIN			Compressa rivestita con film	A10BH01	SANDOZ S.P.A.	Autorizzata	Procedura Mutuo riconoscimento o Decentrata	Medicinali soggetti a prescrizione medica
048139354	048139	SITAGLIPTIN SANDOZ	50 MG COMPRESSE RIVESTITE CON FILM- 84X1 COMPRESSE IN BLISTER DIVISIBILE PER DOSE UNITARIA IN OPA/AL/PVC/AL	SITAGLIPTIN	SITAGLIPTIN			Compressa rivestita con film	A10BH01	SANDOZ S.P.A.	Autorizzata	Procedura Mutuo riconoscimento o Decentrata	Medicinali soggetti a prescrizione medica
048139366	048139	SITAGLIPTIN SANDOZ	50 MG COMPRESSE RIVESTITE CON FILM- 90X1 COMPRESSE IN BLISTER DIVISIBILE PER DOSE UNITARIA IN OPA/AL/PVC/AL	SITAGLIPTIN	SITAGLIPTIN			Compressa rivestita con film	A10BH01	SANDOZ S.P.A.	Autorizzata	Procedura Mutuo riconoscimento o Decentrata	Medicinali soggetti a prescrizione medica
048139378	048139	SITAGLIPTIN SANDOZ	50 MG COMPRESSE RIVESTITE CON FILM- 98X1 COMPRESSE IN BLISTER DIVISIBILE PER DOSE UNITARIA IN OPA/AL/PVC/AL	SITAGLIPTIN	SITAGLIPTIN			Compressa rivestita con film	A10BH01	SANDOZ S.P.A.	Autorizzata	Procedura Mutuo riconoscimento o Decentrata	Medicinali soggetti a prescrizione medica
048139380	048139	SITAGLIPTIN SANDOZ	50 MG COMPRESSE RIVESTITE CON FILM- 28X1 COMPRESSE IN BLISTER DIVISIBILE PER DOSE UNITARIA IN PVC/PE/PVDC/AL	SITAGLIPTIN	SITAGLIPTIN			Compressa rivestita con film	A10BH01	SANDOZ S.P.A.	Autorizzata	Procedura Mutuo riconoscimento o Decentrata	Medicinali soggetti a prescrizione medica
048139392	048139	SITAGLIPTIN SANDOZ	50 MG COMPRESSE RIVESTITE CON FILM- 30X1 COMPRESSE IN BLISTER DIVISIBILE PER DOSE UNITARIA IN PVC/PE/PVDC/AL	SITAGLIPTIN	SITAGLIPTIN			Compressa rivestita con film	A10BH01	SANDOZ S.P.A.	Autorizzata	Procedura Mutuo riconoscimento o Decentrata	Medicinali soggetti a prescrizione medica
048139404	048139	SITAGLIPTIN SANDOZ	50 MG COMPRESSE RIVESTITE CON FILM- 50X1 COMPRESSE IN BLISTER DIVISIBILE PER DOSE UNITARIA IN PVC/PE/PVDC/AL	SITAGLIPTIN	SITAGLIPTIN			Compressa rivestita con film	A10BH01	SANDOZ S.P.A.	Autorizzata	Procedura Mutuo riconoscimento o Decentrata	Medicinali soggetti a prescrizione medica
048139416	048139	SITAGLIPTIN SANDOZ	50 MG COMPRESSE RIVESTITE CON FILM- 56X1 COMPRESSE IN BLISTER DIVISIBILE PER DOSE UNITARIA IN PVC/PE/PVDC/AL	SITAGLIPTIN	SITAGLIPTIN			Compressa rivestita con film	A10BH01	SANDOZ S.P.A.	Autorizzata	Procedura Mutuo riconoscimento o Decentrata	Medicinali soggetti a prescrizione medica
048139428	048139	SITAGLIPTIN SANDOZ	50 MG COMPRESSE RIVESTITE CON FILM- 84X1 COMPRESSE IN BLISTER DIVISIBILE PER DOSE UNITARIA IN PVC/PE/PVDC/AL	SITAGLIPTIN	SITAGLIPTIN			Compressa rivestita con film	A10BH01	SANDOZ S.P.A.	Autorizzata	Procedura Mutuo riconoscimento o Decentrata	Medicinali soggetti a prescrizione medica
048139430	048139	SITAGLIPTIN SANDOZ	50 MG COMPRESSE RIVESTITE CON FILM- 90X1 COMPRESSE IN BLISTER DIVISIBILE PER DOSE UNITARIA IN PVC/PE/PVDC/AL	SITAGLIPTIN	SITAGLIPTIN			Compressa rivestita con film	A10BH01	SANDOZ S.P.A.	Autorizzata	Procedura Mutuo riconoscimento o Decentrata	Medicinali soggetti a prescrizione medica
048139442	048139	SITAGLIPTIN SANDOZ	50 MG COMPRESSE RIVESTITE CON FILM- 98X1 COMPRESSE IN BLISTER DIVISIBILE PER DOSE UNITARIA IN PVC/PE/PVDC/AL	SITAGLIPTIN	SITAGLIPTIN			Compressa rivestita con film	A10BH01	SANDOZ S.P.A.	Autorizzata	Procedura Mutuo riconoscimento o Decentrata	Medicinali soggetti a prescrizione medica
048139455	048139	SITAGLIPTIN SANDOZ	100 MG COMPRESSE RIVESTITE CON FILM- 28X1 COMPRESSE IN BLISTER DIVISIBILE PER DOSE UNITARIA IN OPA/AL/PVC/AL	SITAGLIPTIN	SITAGLIPTIN			Compressa rivestita con film	A10BH01	SANDOZ S.P.A.	Autorizzata	Procedura Mutuo riconoscimento o Decentrata	Medicinali soggetti a prescrizione medica
048139467	048139	SITAGLIPTIN SANDOZ	100 MG COMPRESSE RIVESTITE CON FILM- 30X1 COMPRESSE IN BLISTER DIVISIBILE PER DOSE UNITARIA IN OPA/AL/PVC/AL	SITAGLIPTIN	SITAGLIPTIN			Compressa rivestita con film	A10BH01	SANDOZ S.P.A.	Autorizzata	Procedura Mutuo riconoscimento o Decentrata	Medicinali soggetti a prescrizione medica
048139479	048139	SITAGLIPTIN SANDOZ	100 MG COMPRESSE RIVESTITE CON FILM- 50X1 COMPRESSE IN BLISTER DIVISIBILE PER DOSE UNITARIA IN OPA/AL/PVC/AL	SITAGLIPTIN	SITAGLIPTIN			Compressa rivestita con film	A10BH01	SANDOZ S.P.A.	Autorizzata	Procedura Mutuo riconoscimento o Decentrata	Medicinali soggetti a prescrizione medica
048139481	048139	SITAGLIPTIN SANDOZ	100 MG COMPRESSE RIVESTITE CON FILM- 56X1 COMPRESSE IN BLISTER DIVISIBILE PER DOSE UNITARIA IN OPA/AL/PVC/AL	SITAGLIPTIN	SITAGLIPTIN			Compressa rivestita con film	A10BH01	SANDOZ S.P.A.	Autorizzata	Procedura Mutuo riconoscimento o Decentrata	Medicinali soggetti a prescrizione medica
048139493	048139	SITAGLIPTIN SANDOZ	100 MG COMPRESSE RIVESTITE CON FILM- 84X1 COMPRESSE IN BLISTER DIVISIBILE PER DOSE UNITARIA IN OPA/AL/PVC/AL	SITAGLIPTIN	SITAGLIPTIN			Compressa rivestita con film	A10BH01	SANDOZ S.P.A.	Autorizzata	Procedura Mutuo riconoscimento o Decentrata	Medicinali soggetti a prescrizione medica
048139505	048139	SITAGLIPTIN SANDOZ	100 MG COMPRESSE RIVESTITE CON FILM- 90X1 COMPRESSE IN BLISTER DIVISIBILE PER DOSE UNITARIA IN OPA/AL/PVC/AL	SITAGLIPTIN	SITAGLIPTIN			Compressa rivestita con film	A10BH01	SANDOZ S.P.A.	Autorizzata	Procedura Mutuo riconoscimento o Decentrata	Medicinali soggetti a prescrizione medica
048139517	048139	SITAGLIPTIN SANDOZ	100 MG COMPRESSE RIVESTITE CON FILM- 98X1 COMPRESSE IN BLISTER DIVISIBILE PER DOSE UNITARIA IN OPA/AL/PVC/AL	SITAGLIPTIN	SITAGLIPTIN			Compressa rivestita con film	A10BH01	SANDOZ S.P.A.	Autorizzata	Procedura Mutuo riconoscimento o Decentrata	Medicinali soggetti a prescrizione medica
048139529	048139	SITAGLIPTIN SANDOZ	100 MG COMPRESSE RIVESTITE CON FILM- 28X1 COMPRESSE IN BLISTER DIVISIBILE PER DOSE UNITARIA IN PVC/PE/PVDC/AL	SITAGLIPTIN	SITAGLIPTIN			Compressa rivestita con film	A10BH01	SANDOZ S.P.A.	Autorizzata	Procedura Mutuo riconoscimento o Decentrata	Medicinali soggetti a prescrizione medica
048139531	048139	SITAGLIPTIN SANDOZ	100 MG COMPRESSE RIVESTITE CON FILM- 30X1 COMPRESSE IN BLISTER DIVISIBILE PER DOSE UNITARIA IN PVC/PE/PVDC/AL	SITAGLIPTIN	SITAGLIPTIN			Compressa rivestita con film	A10BH01	SANDOZ S.P.A.	Autorizzata	Procedura Mutuo riconoscimento o Decentrata	Medicinali soggetti a prescrizione medica
048139543	048139	SITAGLIPTIN SANDOZ	100 MG COMPRESSE RIVESTITE CON FILM- 50X1 COMPRESSE IN BLISTER DIVISIBILE PER DOSE UNITARIA IN PVC/PE/PVDC/AL	SITAGLIPTIN	SITAGLIPTIN			Compressa rivestita con film	A10BH01	SANDOZ S.P.A.	Autorizzata	Procedura Mutuo riconoscimento o Decentrata	Medicinali soggetti a prescrizione medica
048139556	048139	SITAGLIPTIN SANDOZ	100 MG COMPRESSE RIVESTITE CON FILM- 56X1 COMPRESSE IN BLISTER DIVISIBILE PER DOSE UNITARIA IN PVC/PE/PVDC/AL	SITAGLIPTIN	SITAGLIPTIN			Compressa rivestita con film	A10BH01	SANDOZ S.P.A.	Autorizzata	Procedura Mutuo riconoscimento o Decentrata	Medicinali soggetti a prescrizione medica
048139568	048139	SITAGLIPTIN SANDOZ	100 MG COMPRESSE RIVESTITE CON FILM- 84X1 COMPRESSE IN BLISTER DIVISIBILE PER DOSE UNITARIA IN PVC/PE/PVDC/AL	SITAGLIPTIN	SITAGLIPTIN			Compressa rivestita con film	A10BH01	SANDOZ S.P.A.	Autorizzata	Procedura Mutuo riconoscimento o Decentrata	Medicinali soggetti a prescrizione medica
048139570	048139	SITAGLIPTIN SANDOZ	100 MG COMPRESSE RIVESTITE CON FILM- 90X1 COMPRESSE IN BLISTER DIVISIBILE PER DOSE UNITARIA IN PVC/PE/PVDC/AL	SITAGLIPTIN	SITAGLIPTIN			Compressa rivestita con film	A10BH01	SANDOZ S.P.A.	Autorizzata	Procedura Mutuo riconoscimento o Decentrata	Medicinali soggetti a prescrizione medica
048139582	048139	SITAGLIPTIN SANDOZ	100 MG COMPRESSE RIVESTITE CON FILM- 98X1 COMPRESSE IN BLISTER DIVISIBILE PER DOSE UNITARIA IN PVC/PE/PVDC/AL	SITAGLIPTIN	SITAGLIPTIN			Compressa rivestita con film	A10BH01	SANDOZ S.P.A.	Autorizzata	Procedura Mutuo riconoscimento o Decentrata	Medicinali soggetti a prescrizione medica
048139594	048139	SITAGLIPTIN SANDOZ	25 MG COMPRESSE RIVESTITE CON FILM- 120 COMPRESSE IN FLACONE HDPE	SITAGLIPTIN	SITAGLIPTIN			Compressa rivestita con film	A10BH01	SANDOZ S.P.A.	Autorizzata	Procedura Mutuo riconoscimento o Decentrata	Medicinali soggetti a prescrizione medica
048139606	048139	SITAGLIPTIN SANDOZ	50 MG COMPRESSE RIVESTITE CON FILM- 120 COMPRESSE IN FLACONE HDPE	SITAGLIPTIN	SITAGLIPTIN			Compressa rivestita con film	A10BH01	SANDOZ S.P.A.	Autorizzata	Procedura Mutuo riconoscimento o Decentrata	Medicinali soggetti a prescrizione medica
048139618	048139	SITAGLIPTIN SANDOZ	100 MG COMPRESSE RIVESTITE CON FILM- 120 COMPRESSE IN FLACONE HDPE	SITAGLIPTIN	SITAGLIPTIN			Compressa rivestita con film	A10BH01	SANDOZ S.P.A.	Autorizzata	Procedura Mutuo riconoscimento o Decentrata	Medicinali soggetti a prescrizione medica
048139620	048139	SITAGLIPTIN SANDOZ	25 MG COMPRESSE RIVESTITE CON FILM- 30 COMPRESSE IN FLACONE HDPE	SITAGLIPTIN	SITAGLIPTIN			Compressa rivestita con film	A10BH01	SANDOZ S.P.A.	Autorizzata	Procedura Mutuo riconoscimento o Decentrata	Medicinali soggetti a prescrizione medica
048139632	048139	SITAGLIPTIN SANDOZ	50 MG COMPRESSE RIVESTITE CON FILM- 30 COMPRESSE IN FLACONE HDPE	SITAGLIPTIN	SITAGLIPTIN			Compressa rivestita con film	A10BH01	SANDOZ S.P.A.	Autorizzata	Procedura Mutuo riconoscimento o Decentrata	Medicinali soggetti a prescrizione medica
048139644	048139	SITAGLIPTIN SANDOZ	100 MG COMPRESSE RIVESTITE CON FILM- 30 COMPRESSE IN FLACONE HDPE	SITAGLIPTIN	SITAGLIPTIN			Compressa rivestita con film	A10BH01	SANDOZ S.P.A.	Autorizzata	Procedura Mutuo riconoscimento o Decentrata	Medicinali soggetti a prescrizione medica
048139657	048139	SITAGLIPTIN SANDOZ	25 MG COMPRESSE RIVESTITE CON FILM- 100 COMPRESSE IN FLACONE HDPE	SITAGLIPTIN	SITAGLIPTIN			Compressa rivestita con film	A10BH01	SANDOZ S.P.A.	Autorizzata	Procedura Mutuo riconoscimento o Decentrata	Medicinali soggetti a prescrizione medica
048139669	048139	SITAGLIPTIN SANDOZ	50 MG COMPRESSE RIVESTITE CON FILM- 100 COMPRESSE IN FLACONE HDPE	SITAGLIPTIN	SITAGLIPTIN			Compressa rivestita con film	A10BH01	SANDOZ S.P.A.	Autorizzata	Procedura Mutuo riconoscimento o Decentrata	Medicinali soggetti a prescrizione medica
048139671	048139	SITAGLIPTIN SANDOZ	100 MG COMPRESSE RIVESTITE CON FILM- 100 COMPRESSE IN FLACONE HDPE	SITAGLIPTIN	SITAGLIPTIN			Compressa rivestita con film	A10BH01	SANDOZ S.P.A.	Autorizzata	Procedura Mutuo riconoscimento o Decentrata	Medicinali soggetti a prescrizione medica
048257012	048257	SITAGLIPTIN EG	25 MG COMPRESSE RIVESTITE CON FILM- 28 COMPRESSE IN BLISTER PVC/PVDC/AL	SITAGLIPTIN	SITAGLIPTIN	25	milligrammi	Compressa rivestita con film	A10BH01	EG S.P.A.	Autorizzata	Procedura Mutuo riconoscimento o Decentrata	Medicinali soggetti a prescrizione medica
048257024	048257	SITAGLIPTIN EG	50 MG COMPRESSE RIVESTITE CON FILM- 28 COMPRESSE IN BLISTER PVC/PVDC/AL	SITAGLIPTIN	SITAGLIPTIN	50	milligrammi	Compressa rivestita con film	A10BH01	EG S.P.A.	Autorizzata	Procedura Mutuo riconoscimento o Decentrata	Medicinali soggetti a prescrizione medica
048257036	048257	SITAGLIPTIN EG	100 MG COMPRESSE RIVESTITE CON FILM- 28 COMPRESSE IN BLISTER PVC/PVDC/AL	SITAGLIPTIN	SITAGLIPTIN	100	milligrammi	Compressa rivestita con film	A10BH01	EG S.P.A.	Autorizzata	Procedura Mutuo riconoscimento o Decentrata	Medicinali soggetti a prescrizione medica
048257164	048257	SITAGLIPTIN EG	25 MG COMPRESSE RIVESTITE CON FILM- 98 COMPRESSE IN BLISTER PVC/PVDC/AL	SITAGLIPTIN	SITAGLIPTIN	25	milligrammi	Compressa rivestita con film	A10BH01	EG S.P.A.	Autorizzata	Procedura Mutuo riconoscimento o Decentrata	Medicinali soggetti a prescrizione medica
048257176	048257	SITAGLIPTIN EG	50 MG COMPRESSE RIVESTITE CON FILM- 98 COMPRESSE IN BLISTER PVC/PVDC/AL	SITAGLIPTIN	SITAGLIPTIN	50	milligrammi	Compressa rivestita con film	A10BH01	EG S.P.A.	Autorizzata	Procedura Mutuo riconoscimento o Decentrata	Medicinali soggetti a prescrizione medica
048257188	048257	SITAGLIPTIN EG	100 MG COMPRESSE RIVESTITE CON FILM- 98 COMPRESSE IN BLISTER PVC/PVDC/AL	SITAGLIPTIN	SITAGLIPTIN	100	milligrammi	Compressa rivestita con film	A10BH01	EG S.P.A.	Autorizzata	Procedura Mutuo riconoscimento o Decentrata	Medicinali soggetti a prescrizione medica
048740017	048740	ADAGLIP	25 MG COMPRESSE RIVESTITE CON FILM- 28 COMPRESSE IN BLISTER PVC/PVDC/AL	SITAGLIPTIN	SITAGLIPTIN			Compressa rivestita con film	A10BH01	ADAMED S.R.L.	Autorizzata	Procedura Mutuo riconoscimento o Decentrata	Medicinali soggetti a prescrizione medica
048740029	048740	ADAGLIP	25 MG COMPRESSE RIVESTITE CON FILM- 98 COMPRESSE IN BLISTER PVC/PVDC/AL	SITAGLIPTIN	SITAGLIPTIN			Compressa rivestita con film	A10BH01	ADAMED S.R.L.	Autorizzata	Procedura Mutuo riconoscimento o Decentrata	Medicinali soggetti a prescrizione medica
048740031	048740	ADAGLIP	50 MG COMPRESSE RIVESTITE CON FILM- 28 COMPRESSE IN BLISTER PVC/PVDC/AL	SITAGLIPTIN	SITAGLIPTIN			Compressa rivestita con film	A10BH01	ADAMED S.R.L.	Autorizzata	Procedura Mutuo riconoscimento o Decentrata	Medicinali soggetti a prescrizione medica
048740043	048740	ADAGLIP	50 MG COMPRESSE RIVESTITE CON FILM- 98 COMPRESSE IN BLISTER PVC/PVDC/AL	SITAGLIPTIN	SITAGLIPTIN			Compressa rivestita con film	A10BH01	ADAMED S.R.L.	Autorizzata	Procedura Mutuo riconoscimento o Decentrata	Medicinali soggetti a prescrizione medica
048740056	048740	ADAGLIP	100 MG COMPRESSE RIVESTITE CON FILM- 28 COMPRESSE IN BLISTER PVC/PVDC/AL	SITAGLIPTIN	SITAGLIPTIN			Compressa rivestita con film	A10BH01	ADAMED S.R.L.	Autorizzata	Procedura Mutuo riconoscimento o Decentrata	Medicinali soggetti a prescrizione medica
048740068	048740	ADAGLIP	100 MG COMPRESSE RIVESTITE CON FILM- 98 COMPRESSE IN BLISTER PVC/PVDC/AL	SITAGLIPTIN	SITAGLIPTIN			Compressa rivestita con film	A10BH01	ADAMED S.R.L.	Autorizzata	Procedura Mutuo riconoscimento o Decentrata	Medicinali soggetti a prescrizione medica
048940011	048940	SITAGLIPTIN MYLAN ITALIA	25 MG COMPRESSE RIVESTITE CON FILM- 14 COMPRESSE IN BLISTER PVC/PVDC/AL	SITAGLIPTIN	SITAGLIPTIN			Compressa rivestita con film	A10BH01	MYLAN S.P.A.	Autorizzata	Procedura Mutuo riconoscimento o Decentrata	Medicinali soggetti a prescrizione medica
048940023	048940	SITAGLIPTIN MYLAN ITALIA	25 MG COMPRESSE RIVESTITE CON FILM- 28 COMPRESSE IN BLISTER PVC/PVDC/AL	SITAGLIPTIN	SITAGLIPTIN			Compressa rivestita con film	A10BH01	MYLAN S.P.A.	Autorizzata	Procedura Mutuo riconoscimento o Decentrata	Medicinali soggetti a prescrizione medica
048940035	048940	SITAGLIPTIN MYLAN ITALIA	25 MG COMPRESSE RIVESTITE CON FILM- 56 COMPRESSE IN BLISTER PVC/PVDC/AL	SITAGLIPTIN	SITAGLIPTIN			Compressa rivestita con film	A10BH01	MYLAN S.P.A.	Autorizzata	Procedura Mutuo riconoscimento o Decentrata	Medicinali soggetti a prescrizione medica
048940047	048940	SITAGLIPTIN MYLAN ITALIA	25 MG COMPRESSE RIVESTITE CON FILM- 98 COMPRESSE IN BLISTER PVC/PVDC/AL	SITAGLIPTIN	SITAGLIPTIN			Compressa rivestita con film	A10BH01	MYLAN S.P.A.	Autorizzata	Procedura Mutuo riconoscimento o Decentrata	Medicinali soggetti a prescrizione medica
048940050	048940	SITAGLIPTIN MYLAN ITALIA	50 MG COMPRESSE RIVESTITE CON FILM- 14 COMPRESSE IN BLISTER PVC/PVDC/AL	SITAGLIPTIN	SITAGLIPTIN			Compressa rivestita con film	A10BH01	MYLAN S.P.A.	Autorizzata	Procedura Mutuo riconoscimento o Decentrata	Medicinali soggetti a prescrizione medica
048940062	048940	SITAGLIPTIN MYLAN ITALIA	50 MG COMPRESSE RIVESTITE CON FILM- 28 COMPRESSE IN BLISTER PVC/PVDC/AL	SITAGLIPTIN	SITAGLIPTIN			Compressa rivestita con film	A10BH01	MYLAN S.P.A.	Autorizzata	Procedura Mutuo riconoscimento o Decentrata	Medicinali soggetti a prescrizione medica
048940074	048940	SITAGLIPTIN MYLAN ITALIA	50 MG COMPRESSE RIVESTITE CON FILM- 56 COMPRESSE IN BLISTER PVC/PVDC/AL	SITAGLIPTIN	SITAGLIPTIN			Compressa rivestita con film	A10BH01	MYLAN S.P.A.	Autorizzata	Procedura Mutuo riconoscimento o Decentrata	Medicinali soggetti a prescrizione medica
048940086	048940	SITAGLIPTIN MYLAN ITALIA	50 MG COMPRESSE RIVESTITE CON FILM- 98 COMPRESSE IN BLISTER PVC/PVDC/AL	SITAGLIPTIN	SITAGLIPTIN			Compressa rivestita con film	A10BH01	MYLAN S.P.A.	Autorizzata	Procedura Mutuo riconoscimento o Decentrata	Medicinali soggetti a prescrizione medica
048940098	048940	SITAGLIPTIN MYLAN ITALIA	100 MG COMPRESSE RIVESTITE CON FILM- 14 COMPRESSE IN BLISTER PVC/PVDC/AL	SITAGLIPTIN	SITAGLIPTIN			Compressa rivestita con film	A10BH01	MYLAN S.P.A.	Autorizzata	Procedura Mutuo riconoscimento o Decentrata	Medicinali soggetti a prescrizione medica
048940100	048940	SITAGLIPTIN MYLAN ITALIA	100 MG COMPRESSE RIVESTITE CON FILM- 28 COMPRESSE IN BLISTER PVC/PVDC/AL	SITAGLIPTIN	SITAGLIPTIN			Compressa rivestita con film	A10BH01	MYLAN S.P.A.	Autorizzata	Procedura Mutuo riconoscimento o Decentrata	Medicinali soggetti a prescrizione medica
048940112	048940	SITAGLIPTIN MYLAN ITALIA	100 MG COMPRESSE RIVESTITE CON FILM- 56 COMPRESSE IN BLISTER PVC/PVDC/AL	SITAGLIPTIN	SITAGLIPTIN			Compressa rivestita con film	A10BH01	MYLAN S.P.A.	Autorizzata	Procedura Mutuo riconoscimento o Decentrata	Medicinali soggetti a prescrizione medica
048940124	048940	SITAGLIPTIN MYLAN ITALIA	100 MG COMPRESSE RIVESTITE CON FILM- 98 COMPRESSE IN BLISTER PVC/PVDC/AL	SITAGLIPTIN	SITAGLIPTIN			Compressa rivestita con film	A10BH01	MYLAN S.P.A.	Autorizzata	Procedura Mutuo riconoscimento o Decentrata	Medicinali soggetti a prescrizione medica
048940136	048940	SITAGLIPTIN MYLAN ITALIA	25 MG COMPRESSE RIVESTITE CON FILM- 30 COMPRESSE IN BLISTER PVC/PVDC/AL	SITAGLIPTIN	SITAGLIPTIN			Compressa rivestita con film	A10BH01	MYLAN S.P.A.	Autorizzata	Procedura Mutuo riconoscimento o Decentrata	Medicinali soggetti a prescrizione medica
048940148	048940	SITAGLIPTIN MYLAN ITALIA	50 MG COMPRESSE RIVESTITE CON FILM- 30 COMPRESSE IN BLISTER PVC/PVDC/AL	SITAGLIPTIN	SITAGLIPTIN			Compressa rivestita con film	A10BH01	MYLAN S.P.A.	Autorizzata	Procedura Mutuo riconoscimento o Decentrata	Medicinali soggetti a prescrizione medica
048940151	048940	SITAGLIPTIN MYLAN ITALIA	100 MG COMPRESSE RIVESTITE CON FILM- 30 COMPRESSE IN BLISTER PVC/PVDC/AL	SITAGLIPTIN	SITAGLIPTIN			Compressa rivestita con film	A10BH01	MYLAN S.P.A.	Autorizzata	Procedura Mutuo riconoscimento o Decentrata	Medicinali soggetti a prescrizione medica
049443017	049443	SITAGLIPTIN MYLAN	25 mg COMPRESSA RIVESTITA CON FILM- 14 COMPRESSA	SITAGLIPTIN	SITAGLIPTIN	25	milligrammi	Compressa rivestita con film	A10BH01	MYLAN S.P.A.	Autorizzata	Procedura Mutuo riconoscimento o Decentrata	Medicinali soggetti a prescrizione medica
049443029	049443	SITAGLIPTIN MYLAN	25 MG COMPRESSE RIVESTITE CON FILM- 28 COMPRESSE IN BLISTER OPA/AL/PVC-AL	SITAGLIPTIN	SITAGLIPTIN	25	milligrammi	Compressa rivestita con film	A10BH01	MYLAN S.P.A.	Autorizzata	Procedura Mutuo riconoscimento o Decentrata	Medicinali soggetti a prescrizione medica
049443031	049443	SITAGLIPTIN MYLAN	25 MG COMPRESSE RIVESTITE CON FILM- 30 COMPRESSE IN BLISTER OPA/AL/PVC-AL	SITAGLIPTIN	SITAGLIPTIN	25	milligrammi	Compressa rivestita con film	A10BH01	MYLAN S.P.A.	Autorizzata	Procedura Mutuo riconoscimento o Decentrata	Medicinali soggetti a prescrizione medica
049443043	049443	SITAGLIPTIN MYLAN	25 MG COMPRESSE RIVESTITE CON FILM- 56 COMPRESSE IN BLISTER OPA/AL/PVC-AL	SITAGLIPTIN	SITAGLIPTIN	25	milligrammi	Compressa rivestita con film	A10BH01	MYLAN S.P.A.	Autorizzata	Procedura Mutuo riconoscimento o Decentrata	Medicinali soggetti a prescrizione medica
049443056	049443	SITAGLIPTIN MYLAN	25 MG COMPRESSE RIVESTITE CON FILM- 98 COMPRESSE IN BLISTER OPA/AL/PVC-AL	SITAGLIPTIN	SITAGLIPTIN	25	milligrammi	Compressa rivestita con film	A10BH01	MYLAN S.P.A.	Autorizzata	Procedura Mutuo riconoscimento o Decentrata	Medicinali soggetti a prescrizione medica
049443068	049443	SITAGLIPTIN MYLAN	25 MG COMPRESSE RIVESTITE CON FILM- 14X1 COMPRESSE IN BLISTER DIVISIBILE PER DOSE UNITARIA OPA/AL/PVC-AL	SITAGLIPTIN	SITAGLIPTIN	25	milligrammi	Compressa rivestita con film	A10BH01	MYLAN S.P.A.	Autorizzata	Procedura Mutuo riconoscimento o Decentrata	Medicinali soggetti a prescrizione medica
049443070	049443	SITAGLIPTIN MYLAN	25 MG COMPRESSE RIVESTITE CON FILM- 28X1 COMPRESSE IN BLISTER DIVISIBILE PER DOSE UNITARIA OPA/AL/PVC-AL	SITAGLIPTIN	SITAGLIPTIN	25	milligrammi	Compressa rivestita con film	A10BH01	MYLAN S.P.A.	Autorizzata	Procedura Mutuo riconoscimento o Decentrata	Medicinali soggetti a prescrizione medica
049443082	049443	SITAGLIPTIN MYLAN	25 MG COMPRESSE RIVESTITE CON FILM- 30X1 COMPRESSE IN BLISTER DIVISIBILE PER DOSE UNITARIA OPA/AL/PVC-AL	SITAGLIPTIN	SITAGLIPTIN	25	milligrammi	Compressa rivestita con film	A10BH01	MYLAN S.P.A.	Autorizzata	Procedura Mutuo riconoscimento o Decentrata	Medicinali soggetti a prescrizione medica
049443094	049443	SITAGLIPTIN MYLAN	25 MG COMPRESSE RIVESTITE CON FILM- 28 COMPRESSE IN BLISTER OPA/AL/PVC-AL CON CALENDARIO	SITAGLIPTIN	SITAGLIPTIN	25	milligrammi	Compressa rivestita con film	A10BH01	MYLAN S.P.A.	Autorizzata	Procedura Mutuo riconoscimento o Decentrata	Medicinali soggetti a prescrizione medica
049443106	049443	SITAGLIPTIN MYLAN	25 MG COMPRESSE RIVESTITE CON FILM- 98 COMPRESSE IN FLACONE HDPE	SITAGLIPTIN	SITAGLIPTIN	25	milligrammi	Compressa rivestita con film	A10BH01	MYLAN S.P.A.	Autorizzata	Procedura Mutuo riconoscimento o Decentrata	Medicinali soggetti a prescrizione medica
049443118	049443	SITAGLIPTIN MYLAN	25 MG COMPRESSE RIVESTITE CON FILM- 100 COMPRESSE IN FLACONE HDPE	SITAGLIPTIN	SITAGLIPTIN	25	milligrammi	Compressa rivestita con film	A10BH01	MYLAN S.P.A.	Autorizzata	Procedura Mutuo riconoscimento o Decentrata	Medicinali soggetti a prescrizione medica
049443120	049443	SITAGLIPTIN MYLAN	25 MG COMPRESSE RIVESTITE CON FILM- 250 COMPRESSE IN FLACONE HDPE	SITAGLIPTIN	SITAGLIPTIN	25	milligrammi	Compressa rivestita con film	A10BH01	MYLAN S.P.A.	Autorizzata	Procedura Mutuo riconoscimento o Decentrata	Medicinali soggetti a prescrizione medica
049443132	049443	SITAGLIPTIN MYLAN	50 MG COMPRESSE RIVESTITE CON FILM- 14 COMPRESSE IN BLISTER OPA/AL/PVC-AL	SITAGLIPTIN	SITAGLIPTIN	50	milligrammi	Compressa rivestita con film	A10BH01	MYLAN S.P.A.	Autorizzata	Procedura Mutuo riconoscimento o Decentrata	Medicinali soggetti a prescrizione medica
049443144	049443	SITAGLIPTIN MYLAN	50 MG COMPRESSE RIVESTITE CON FILM- 28 COMPRESSE IN BLISTER OPA/AL/PVC-AL	SITAGLIPTIN	SITAGLIPTIN	50	milligrammi	Compressa rivestita con film	A10BH01	MYLAN S.P.A.	Autorizzata	Procedura Mutuo riconoscimento o Decentrata	Medicinali soggetti a prescrizione medica
049443157	049443	SITAGLIPTIN MYLAN	50 MG COMPRESSE RIVESTITE CON FILM- 30 COMPRESSE IN BLISTER OPA/AL/PVC-AL	SITAGLIPTIN	SITAGLIPTIN	50	milligrammi	Compressa rivestita con film	A10BH01	MYLAN S.P.A.	Autorizzata	Procedura Mutuo riconoscimento o Decentrata	Medicinali soggetti a prescrizione medica
049443169	049443	SITAGLIPTIN MYLAN	50 MG COMPRESSE RIVESTITE CON FILM- 56 COMPRESSE IN BLISTER OPA/AL/PVC-AL	SITAGLIPTIN	SITAGLIPTIN	50	milligrammi	Compressa rivestita con film	A10BH01	MYLAN S.P.A.	Autorizzata	Procedura Mutuo riconoscimento o Decentrata	Medicinali soggetti a prescrizione medica
049443171	049443	SITAGLIPTIN MYLAN	50 MG COMPRESSE RIVESTITE CON FILM- 98 COMPRESSE IN BLISTER OPA/AL/PVC-AL	SITAGLIPTIN	SITAGLIPTIN	50	milligrammi	Compressa rivestita con film	A10BH01	MYLAN S.P.A.	Autorizzata	Procedura Mutuo riconoscimento o Decentrata	Medicinali soggetti a prescrizione medica
049443183	049443	SITAGLIPTIN MYLAN	50 MG COMPRESSE RIVESTITE CON FILM- 14X1 COMPRESSE IN BLISTER DIVISIBILE PER DOSE UNITARIA OPA/AL/PVC-AL	SITAGLIPTIN	SITAGLIPTIN	50	milligrammi	Compressa rivestita con film	A10BH01	MYLAN S.P.A.	Autorizzata	Procedura Mutuo riconoscimento o Decentrata	Medicinali soggetti a prescrizione medica
049443195	049443	SITAGLIPTIN MYLAN	50 MG COMPRESSE RIVESTITE CON FILM- 28X1 COMPRESSE IN BLISTER DIVISIBILE PER DOSE UNITARIA OPA/AL/PVC-AL	SITAGLIPTIN	SITAGLIPTIN	50	milligrammi	Compressa rivestita con film	A10BH01	MYLAN S.P.A.	Autorizzata	Procedura Mutuo riconoscimento o Decentrata	Medicinali soggetti a prescrizione medica
049443207	049443	SITAGLIPTIN MYLAN	50 MG COMPRESSE RIVESTITE CON FILM- 56X1 COMPRESSE IN BLISTER DIVISIBILE PER DOSE UNITARIA OPA/AL/PVC-AL	SITAGLIPTIN	SITAGLIPTIN	50	milligrammi	Compressa rivestita con film	A10BH01	MYLAN S.P.A.	Autorizzata	Procedura Mutuo riconoscimento o Decentrata	Medicinali soggetti a prescrizione medica
049443219	049443	SITAGLIPTIN MYLAN	50 MG COMPRESSE RIVESTITE CON FILM- 28 COMPRESSE IN BLISTER OPA/AL/PVC-AL CON CALENDARIO	SITAGLIPTIN	SITAGLIPTIN	50	milligrammi	Compressa rivestita con film	A10BH01	MYLAN S.P.A.	Autorizzata	Procedura Mutuo riconoscimento o Decentrata	Medicinali soggetti a prescrizione medica
049443221	049443	SITAGLIPTIN MYLAN	50 MG COMPRESSE RIVESTITE CON FILM- 98 COMPRESSE IN FLACONE HDPE	SITAGLIPTIN	SITAGLIPTIN	50	milligrammi	Compressa rivestita con film	A10BH01	MYLAN S.P.A.	Autorizzata	Procedura Mutuo riconoscimento o Decentrata	Medicinali soggetti a prescrizione medica
049443233	049443	SITAGLIPTIN MYLAN	50 MG COMPRESSE RIVESTITE CON FILM- 100 COMPRESSE IN FLACONE HDPE	SITAGLIPTIN	SITAGLIPTIN	50	milligrammi	Compressa rivestita con film	A10BH01	MYLAN S.P.A.	Autorizzata	Procedura Mutuo riconoscimento o Decentrata	Medicinali soggetti a prescrizione medica
049443245	049443	SITAGLIPTIN MYLAN	50 MG COMPRESSE RIVESTITE CON FILM- 250 COMPRESSE IN FLACONE HDPE	SITAGLIPTIN	SITAGLIPTIN	50	milligrammi	Compressa rivestita con film	A10BH01	MYLAN S.P.A.	Autorizzata	Procedura Mutuo riconoscimento o Decentrata	Medicinali soggetti a prescrizione medica
049443258	049443	SITAGLIPTIN MYLAN	100 MG COMPRESSE RIVESTITE CON FILM- 14 COMPRESSE IN BLISTER OPA/AL/PVC-AL	SITAGLIPTIN	SITAGLIPTIN	100	milligrammi	Compressa rivestita con film	A10BH01	MYLAN S.P.A.	Autorizzata	Procedura Mutuo riconoscimento o Decentrata	Medicinali soggetti a prescrizione medica
049443260	049443	SITAGLIPTIN MYLAN	100 MG COMPRESSE RIVESTITE CON FILM- 28 COMPRESSE IN BLISTER OPA/AL/PVC-AL	SITAGLIPTIN	SITAGLIPTIN	100	milligrammi	Compressa rivestita con film	A10BH01	MYLAN S.P.A.	Autorizzata	Procedura Mutuo riconoscimento o Decentrata	Medicinali soggetti a prescrizione medica
049443272	049443	SITAGLIPTIN MYLAN	100 MG COMPRESSE RIVESTITE CON FILM- 30 COMPRESSE IN BLISTER OPA/AL/PVC-AL	SITAGLIPTIN	SITAGLIPTIN	100	milligrammi	Compressa rivestita con film	A10BH01	MYLAN S.P.A.	Autorizzata	Procedura Mutuo riconoscimento o Decentrata	Medicinali soggetti a prescrizione medica
049443284	049443	SITAGLIPTIN MYLAN	100 MG COMPRESSE RIVESTITE CON FILM- 56 COMPRESSE IN BLISTER OPA/AL/PVC-AL	SITAGLIPTIN	SITAGLIPTIN	100	milligrammi	Compressa rivestita con film	A10BH01	MYLAN S.P.A.	Autorizzata	Procedura Mutuo riconoscimento o Decentrata	Medicinali soggetti a prescrizione medica
049443296	049443	SITAGLIPTIN MYLAN	100 MG COMPRESSE RIVESTITE CON FILM- 98 COMPRESSE IN BLISTER OPA/AL/PVC-AL	SITAGLIPTIN	SITAGLIPTIN	100	milligrammi	Compressa rivestita con film	A10BH01	MYLAN S.P.A.	Autorizzata	Procedura Mutuo riconoscimento o Decentrata	Medicinali soggetti a prescrizione medica
049443308	049443	SITAGLIPTIN MYLAN	100 MG COMPRESSE RIVESTITE CON FILM- 14X1 COMPRESSE IN BLISTER DIVISIBILE PER DOSE UNITARIA OPA/AL/PVC-AL	SITAGLIPTIN	SITAGLIPTIN	100	milligrammi	Compressa rivestita con film	A10BH01	MYLAN S.P.A.	Autorizzata	Procedura Mutuo riconoscimento o Decentrata	Medicinali soggetti a prescrizione medica
049443310	049443	SITAGLIPTIN MYLAN	100 MG COMPRESSE RIVESTITE CON FILM- 28X1 COMPRESSE IN BLISTER DIVISIBILE PER DOSE UNITARIA OPA/AL/PVC-AL	SITAGLIPTIN	SITAGLIPTIN	100	milligrammi	Compressa rivestita con film	A10BH01	MYLAN S.P.A.	Autorizzata	Procedura Mutuo riconoscimento o Decentrata	Medicinali soggetti a prescrizione medica
049443322	049443	SITAGLIPTIN MYLAN	100 MG COMPRESSE RIVESTITE CON FILM- 56X1 COMPRESSE IN BLISTER DIVISIBILE PER DOSE UNITARIA OPA/AL/PVC-AL	SITAGLIPTIN	SITAGLIPTIN	100	milligrammi	Compressa rivestita con film	A10BH01	MYLAN S.P.A.	Autorizzata	Procedura Mutuo riconoscimento o Decentrata	Medicinali soggetti a prescrizione medica
049443334	049443	SITAGLIPTIN MYLAN	100 MG COMPRESSE RIVESTITE CON FILM- 28 COMPRESSE IN BLISTER OPA/AL/PVC-AL CON CALENDARIO	SITAGLIPTIN	SITAGLIPTIN	100	milligrammi	Compressa rivestita con film	A10BH01	MYLAN S.P.A.	Autorizzata	Procedura Mutuo riconoscimento o Decentrata	Medicinali soggetti a prescrizione medica
049443346	049443	SITAGLIPTIN MYLAN	100 MG COMPRESSE RIVESTITE CON FILM- 98 COMPRESSE IN FLACONE HDPE	SITAGLIPTIN	SITAGLIPTIN	100	milligrammi	Compressa rivestita con film	A10BH01	MYLAN S.P.A.	Autorizzata	Procedura Mutuo riconoscimento o Decentrata	Medicinali soggetti a prescrizione medica
049443359	049443	SITAGLIPTIN MYLAN	100 MG COMPRESSE RIVESTITE CON FILM- 100 COMPRESSE IN FLACONE HDPE	SITAGLIPTIN	SITAGLIPTIN	100	milligrammi	Compressa rivestita con film	A10BH01	MYLAN S.P.A.	Autorizzata	Procedura Mutuo riconoscimento o Decentrata	Medicinali soggetti a prescrizione medica
049443361	049443	SITAGLIPTIN MYLAN	100 MG COMPRESSE RIVESTITE CON FILM- 250 COMPRESSE IN FLACONE HDPE	SITAGLIPTIN	SITAGLIPTIN	100	milligrammi	Compressa rivestita con film	A10BH01	MYLAN S.P.A.	Autorizzata	Procedura Mutuo riconoscimento o Decentrata	Medicinali soggetti a prescrizione medica
049443373	049443	SITAGLIPTIN MYLAN	100 MG COMPRESSE RIVESTITE CON FILM- 56 COMPRESSE IN BLISTER OPA/AL/PVC-AL CON CALENDARIO	SITAGLIPTIN	SITAGLIPTIN	100	milligrammi	Compressa rivestita con film	A10BH01	MYLAN S.P.A.	Autorizzata	Procedura Mutuo riconoscimento o Decentrata	Medicinali soggetti a prescrizione medica
049443385	049443	SITAGLIPTIN MYLAN	50 MG COMPRESSE RIVESTITE CON FILM- 30X1 COMPRESSE IN BLISTER DIVISIBILE PER DOSE UNITARIA IN OPA/AL/PVC-AL	SITAGLIPTIN	SITAGLIPTIN	50	milligrammi	Compressa rivestita con film	A10BH01	MYLAN S.P.A.	Autorizzata	Procedura Mutuo riconoscimento o Decentrata	Medicinali soggetti a prescrizione medica
049443397	049443	SITAGLIPTIN MYLAN	100 MG COMPRESSE RIVESTITE CON FILM- 30X1 COMPRESSE IN BLISTER DIVISIBILE PER DOSE UNITARIA IN OPA/AL/PVC-AL	SITAGLIPTIN	SITAGLIPTIN	100	milligrammi	Compressa rivestita con film	A10BH01	MYLAN S.P.A.	Autorizzata	Procedura Mutuo riconoscimento o Decentrata	Medicinali soggetti a prescrizione medica
049656010	049656	SITAGLIPTIN PENSA	25 MG COMPRESSE RIVESTITE CON FILM- 14 COMPRESSE IN BLISTER PVC/PE/PVDC-AL	SITAGLIPTIN	SITAGLIPTIN			Compressa rivestita con film	A10BH01	TOWA PHARMACEUTICAL S.P.A.	Autorizzata	Procedura Mutuo riconoscimento o Decentrata	Medicinali soggetti a prescrizione medica
049656022	049656	SITAGLIPTIN PENSA	25 MG COMPRESSE RIVESTITE CON FILM- 28 COMPRESSE IN BLISTER PVC/PE/PVDC-AL	SITAGLIPTIN	SITAGLIPTIN			Compressa rivestita con film	A10BH01	TOWA PHARMACEUTICAL S.P.A.	Autorizzata	Procedura Mutuo riconoscimento o Decentrata	Medicinali soggetti a prescrizione medica
049656034	049656	SITAGLIPTIN PENSA	50 MG COMPRESSE RIVESTITE CON FILM- 14 COMPRESSE IN BLISTER PVC/PE/PVDC-AL	SITAGLIPTIN	SITAGLIPTIN			Compressa rivestita con film	A10BH01	TOWA PHARMACEUTICAL S.P.A.	Autorizzata	Procedura Mutuo riconoscimento o Decentrata	Medicinali soggetti a prescrizione medica
049656046	049656	SITAGLIPTIN PENSA	50 MG COMPRESSE RIVESTITE CON FILM- 28 COMPRESSE IN BLISTER PVC/PE/PVDC-AL	SITAGLIPTIN	SITAGLIPTIN			Compressa rivestita con film	A10BH01	TOWA PHARMACEUTICAL S.P.A.	Autorizzata	Procedura Mutuo riconoscimento o Decentrata	Medicinali soggetti a prescrizione medica
049656059	049656	SITAGLIPTIN PENSA	100 MG COMPRESSE RIVESTITE CON FILM- 14 COMPRESSE IN BLISTER PVC/PE/PVDC-AL	SITAGLIPTIN	SITAGLIPTIN			Compressa rivestita con film	A10BH01	TOWA PHARMACEUTICAL S.P.A.	Autorizzata	Procedura Mutuo riconoscimento o Decentrata	Medicinali soggetti a prescrizione medica
049656061	049656	SITAGLIPTIN PENSA	100 MG COMPRESSE RIVESTITE CON FILM- 28 COMPRESSE IN BLISTER PVC/PE/PVDC-AL	SITAGLIPTIN	SITAGLIPTIN			Compressa rivestita con film	A10BH01	TOWA PHARMACEUTICAL S.P.A.	Autorizzata	Procedura Mutuo riconoscimento o Decentrata	Medicinali soggetti a prescrizione medica
049656073	049656	SITAGLIPTIN PENSA	100 MG COMPRESSE RIVESTITE CON FILM- 56 COMPRESSE IN BLISTER PVC/PE/PVDC-AL	SITAGLIPTIN	SITAGLIPTIN			Compressa rivestita con film	A10BH01	TOWA PHARMACEUTICAL S.P.A.	Autorizzata	Procedura Mutuo riconoscimento o Decentrata	Medicinali soggetti a prescrizione medica
049816010	049816	SITAGLIPTIN GRINDEKS	25 MG COMPRESSE RIVESTITE CON FILM- 28 COMPRESSE IN BLISTER PVC/PVDC-AL	SITAGLIPTIN	SITAGLIPTIN			Compressa rivestita con film	A10BH01	AS GRINDEKS	Autorizzata	Procedura Mutuo riconoscimento o Decentrata	Medicinali soggetti a prescrizione medica
049816022	049816	SITAGLIPTIN GRINDEKS	25 MG COMPRESSE RIVESTITE CON FILM- 56 COMPRESSE IN BLISTER PVC/PVDC-AL	SITAGLIPTIN	SITAGLIPTIN			Compressa rivestita con film	A10BH01	AS GRINDEKS	Autorizzata	Procedura Mutuo riconoscimento o Decentrata	Medicinali soggetti a prescrizione medica
049816034	049816	SITAGLIPTIN GRINDEKS	25 MG COMPRESSE RIVESTITE CON FILM- 98 COMPRESSE IN BLISTER PVC/PVDC-AL	SITAGLIPTIN	SITAGLIPTIN			Compressa rivestita con film	A10BH01	AS GRINDEKS	Autorizzata	Procedura Mutuo riconoscimento o Decentrata	Medicinali soggetti a prescrizione medica
049816046	049816	SITAGLIPTIN GRINDEKS	50 MG COMPRESSE RIVESTITE CON FILM- 28 COMPRESSE IN BLISTER PVC/PVDC-AL	SITAGLIPTIN	SITAGLIPTIN			Compressa rivestita con film	A10BH01	AS GRINDEKS	Autorizzata	Procedura Mutuo riconoscimento o Decentrata	Medicinali soggetti a prescrizione medica
049816059	049816	SITAGLIPTIN GRINDEKS	50 MG COMPRESSE RIVESTITE CON FILM- 56 COMPRESSE IN BLISTER PVC/PVDC-AL	SITAGLIPTIN	SITAGLIPTIN			Compressa rivestita con film	A10BH01	AS GRINDEKS	Autorizzata	Procedura Mutuo riconoscimento o Decentrata	Medicinali soggetti a prescrizione medica
049816061	049816	SITAGLIPTIN GRINDEKS	50 MG COMPRESSE RIVESTITE CON FILM- 98 COMPRESSE IN BLISTER PVC/PVDC-AL	SITAGLIPTIN	SITAGLIPTIN			Compressa rivestita con film	A10BH01	AS GRINDEKS	Autorizzata	Procedura Mutuo riconoscimento o Decentrata	Medicinali soggetti a prescrizione medica
049816073	049816	SITAGLIPTIN GRINDEKS	100 MG COMPRESSE RIVESTITE CON FILM- 28 COMPRESSE IN BLISTER PVC/PVDC-AL	SITAGLIPTIN	SITAGLIPTIN			Compressa rivestita con film	A10BH01	AS GRINDEKS	Autorizzata	Procedura Mutuo riconoscimento o Decentrata	Medicinali soggetti a prescrizione medica
049816085	049816	SITAGLIPTIN GRINDEKS	100 MG COMPRESSE RIVESTITE CON FILM- 56 COMPRESSE IN BLISTER PVC/PVDC-AL	SITAGLIPTIN	SITAGLIPTIN			Compressa rivestita con film	A10BH01	AS GRINDEKS	Autorizzata	Procedura Mutuo riconoscimento o Decentrata	Medicinali soggetti a prescrizione medica
049816097	049816	SITAGLIPTIN GRINDEKS	100 MG COMPRESSE RIVESTITE CON FILM- 98 COMPRESSE IN BLISTER PVC/PVDC-AL	SITAGLIPTIN	SITAGLIPTIN			Compressa rivestita con film	A10BH01	AS GRINDEKS	Autorizzata	Procedura Mutuo riconoscimento o Decentrata	Medicinali soggetti a prescrizione medica
049930011	049930	GLIPTERIN	25 MG COMPRESSE RIVESTITE CON FILM- 28 COMPRESSE IN BLISTER  PVC/PE/PVDC - AL	SITAGLIPTIN	SITAGLIPTIN			Compressa rivestita con film	A10BH01	PHARMEXTRACTA S.P.A.	Autorizzata	Procedura Mutuo riconoscimento o Decentrata	Medicinali soggetti a prescrizione medica
049930023	049930	GLIPTERIN	25 MG COMPRESSE RIVESTITE CON FILM- 28 COMPRESSE IN BLISTER OPA/AL/PVC-AL	SITAGLIPTIN	SITAGLIPTIN			Compressa rivestita con film	A10BH01	PHARMEXTRACTA S.P.A.	Autorizzata	Procedura Mutuo riconoscimento o Decentrata	Medicinali soggetti a prescrizione medica
049930035	049930	GLIPTERIN	50 MG COMPRESSE RIVESTITE CON FILM- 28 COMPRESSE IN BLISTER  PVC/PE/PVDC - AL	SITAGLIPTIN	SITAGLIPTIN			Compressa rivestita con film	A10BH01	PHARMEXTRACTA S.P.A.	Autorizzata	Procedura Mutuo riconoscimento o Decentrata	Medicinali soggetti a prescrizione medica
049930047	049930	GLIPTERIN	50 MG COMPRESSE RIVESTITE CON FILM- 28 COMPRESSE IN BLISTER OPA/AL/PVC-AL	SITAGLIPTIN	SITAGLIPTIN			Compressa rivestita con film	A10BH01	PHARMEXTRACTA S.P.A.	Autorizzata	Procedura Mutuo riconoscimento o Decentrata	Medicinali soggetti a prescrizione medica
049930050	049930	GLIPTERIN	100 MG COMPRESSE RIVESTITE CON FILM- 28 COMPRESSE IN BLISTER  PVC/PE/PVDC - AL	SITAGLIPTIN	SITAGLIPTIN			Compressa rivestita con film	A10BH01	PHARMEXTRACTA S.P.A.	Autorizzata	Procedura Mutuo riconoscimento o Decentrata	Medicinali soggetti a prescrizione medica
049930062	049930	GLIPTERIN	100 MG COMPRESSE RIVESTITE CON FILM- 28 COMPRESSE IN BLISTER OPA/AL/PVC-AL	SITAGLIPTIN	SITAGLIPTIN			Compressa rivestita con film	A10BH01	PHARMEXTRACTA S.P.A.	Autorizzata	Procedura Mutuo riconoscimento o Decentrata	Medicinali soggetti a prescrizione medica
049987011	049987	MELIGLIX	25 mg COMPRESSE RIVESTITE CON FILM-  14 COMPRESSE IN BLISTER AL-PVC/PE/PVDC	SITAGLIPTIN	SITAGLIPTIN			Compressa rivestita con film	A10BH01	AURORA BIOFARMA S.R.L.	Autorizzata	Procedura Mutuo riconoscimento o Decentrata	Medicinali soggetti a prescrizione medica
049987023	049987	MELIGLIX	25 mg COMPRESSE RIVESTITE CON FILM-  28 COMPRESSE IN BLISTER AL-PVC/PE/PVDC	SITAGLIPTIN	SITAGLIPTIN			Compressa rivestita con film	A10BH01	AURORA BIOFARMA S.R.L.	Autorizzata	Procedura Mutuo riconoscimento o Decentrata	Medicinali soggetti a prescrizione medica
049987035	049987	MELIGLIX	25 mg COMPRESSE RIVESTITE CON FILM-  30 COMPRESSE IN BLISTER AL-PVC/PE/PVDC	SITAGLIPTIN	SITAGLIPTIN			Compressa rivestita con film	A10BH01	AURORA BIOFARMA S.R.L.	Autorizzata	Procedura Mutuo riconoscimento o Decentrata	Medicinali soggetti a prescrizione medica
049987047	049987	MELIGLIX	25 mg COMPRESSE RIVESTITE CON FILM-  56 COMPRESSE IN BLISTER AL-PVC/PE/PVDC	SITAGLIPTIN	SITAGLIPTIN			Compressa rivestita con film	A10BH01	AURORA BIOFARMA S.R.L.	Autorizzata	Procedura Mutuo riconoscimento o Decentrata	Medicinali soggetti a prescrizione medica
049987050	049987	MELIGLIX	25 mg COMPRESSE RIVESTITE CON FILM-  84 COMPRESSE IN BLISTER AL-PVC/PE/PVDC	SITAGLIPTIN	SITAGLIPTIN			Compressa rivestita con film	A10BH01	AURORA BIOFARMA S.R.L.	Autorizzata	Procedura Mutuo riconoscimento o Decentrata	Medicinali soggetti a prescrizione medica
049987062	049987	MELIGLIX	25 mg COMPRESSE RIVESTITE CON FILM-  90 COMPRESSE IN BLISTER AL-PVC/PE/PVDC	SITAGLIPTIN	SITAGLIPTIN			Compressa rivestita con film	A10BH01	AURORA BIOFARMA S.R.L.	Autorizzata	Procedura Mutuo riconoscimento o Decentrata	Medicinali soggetti a prescrizione medica
049987074	049987	MELIGLIX	25 mg COMPRESSE RIVESTITE CON FILM-  98 COMPRESSE IN BLISTER AL-PVC/PE/PVDC	SITAGLIPTIN	SITAGLIPTIN			Compressa rivestita con film	A10BH01	AURORA BIOFARMA S.R.L.	Autorizzata	Procedura Mutuo riconoscimento o Decentrata	Medicinali soggetti a prescrizione medica
049987086	049987	MELIGLIX	50 mg COMPRESSE RIVESTITE CON FILM- 14 COMPRESSE IN BLISTER AL-PVC/PE/PVDC	SITAGLIPTIN	SITAGLIPTIN			Compressa rivestita con film	A10BH01	AURORA BIOFARMA S.R.L.	Autorizzata	Procedura Mutuo riconoscimento o Decentrata	Medicinali soggetti a prescrizione medica
049987098	049987	MELIGLIX	50 mg COMPRESSE RIVESTITE CON FILM- 28 COMPRESSE IN BLISTER AL-PVC/PE/PVDC	SITAGLIPTIN	SITAGLIPTIN			Compressa rivestita con film	A10BH01	AURORA BIOFARMA S.R.L.	Autorizzata	Procedura Mutuo riconoscimento o Decentrata	Medicinali soggetti a prescrizione medica
049987100	049987	MELIGLIX	50 mg COMPRESSE RIVESTITE CON FILM- 30 COMPRESSE IN BLISTER AL-PVC/PE/PVDC	SITAGLIPTIN	SITAGLIPTIN			Compressa rivestita con film	A10BH01	AURORA BIOFARMA S.R.L.	Autorizzata	Procedura Mutuo riconoscimento o Decentrata	Medicinali soggetti a prescrizione medica
049987112	049987	MELIGLIX	50 mg COMPRESSE RIVESTITE CON FILM- 56 COMPRESSE IN BLISTER AL-PVC/PE/PVDC	SITAGLIPTIN	SITAGLIPTIN			Compressa rivestita con film	A10BH01	AURORA BIOFARMA S.R.L.	Autorizzata	Procedura Mutuo riconoscimento o Decentrata	Medicinali soggetti a prescrizione medica
049987124	049987	MELIGLIX	50 mg COMPRESSE RIVESTITE CON FILM- 84 COMPRESSE IN BLISTER AL-PVC/PE/PVDC	SITAGLIPTIN	SITAGLIPTIN			Compressa rivestita con film	A10BH01	AURORA BIOFARMA S.R.L.	Autorizzata	Procedura Mutuo riconoscimento o Decentrata	Medicinali soggetti a prescrizione medica
049987136	049987	MELIGLIX	50 mg COMPRESSE RIVESTITE CON FILM- 90 COMPRESSE IN BLISTER AL-PVC/PE/PVDC	SITAGLIPTIN	SITAGLIPTIN			Compressa rivestita con film	A10BH01	AURORA BIOFARMA S.R.L.	Autorizzata	Procedura Mutuo riconoscimento o Decentrata	Medicinali soggetti a prescrizione medica
049987148	049987	MELIGLIX	50 mg COMPRESSE RIVESTITE CON FILM- 98 COMPRESSE IN BLISTER AL-PVC/PE/PVDC	SITAGLIPTIN	SITAGLIPTIN			Compressa rivestita con film	A10BH01	AURORA BIOFARMA S.R.L.	Autorizzata	Procedura Mutuo riconoscimento o Decentrata	Medicinali soggetti a prescrizione medica
049987151	049987	MELIGLIX	100 mg COMPRESSE RIVESTITE CON FILM-  14 COMPRESSE IN BLISTER AL-PVC/PE/PVDC	SITAGLIPTIN	SITAGLIPTIN			Compressa rivestita con film	A10BH01	AURORA BIOFARMA S.R.L.	Autorizzata	Procedura Mutuo riconoscimento o Decentrata	Medicinali soggetti a prescrizione medica
049987163	049987	MELIGLIX	100 mg COMPRESSE RIVESTITE CON FILM-  28 COMPRESSE IN BLISTER AL-PVC/PE/PVDC	SITAGLIPTIN	SITAGLIPTIN			Compressa rivestita con film	A10BH01	AURORA BIOFARMA S.R.L.	Autorizzata	Procedura Mutuo riconoscimento o Decentrata	Medicinali soggetti a prescrizione medica
049987175	049987	MELIGLIX	100 mg COMPRESSE RIVESTITE CON FILM-  30 COMPRESSE IN BLISTER AL-PVC/PE/PVDC	SITAGLIPTIN	SITAGLIPTIN			Compressa rivestita con film	A10BH01	AURORA BIOFARMA S.R.L.	Autorizzata	Procedura Mutuo riconoscimento o Decentrata	Medicinali soggetti a prescrizione medica
049987187	049987	MELIGLIX	100 mg COMPRESSE RIVESTITE CON FILM-  56 COMPRESSE IN BLISTER AL-PVC/PE/PVDC	SITAGLIPTIN	SITAGLIPTIN			Compressa rivestita con film	A10BH01	AURORA BIOFARMA S.R.L.	Autorizzata	Procedura Mutuo riconoscimento o Decentrata	Medicinali soggetti a prescrizione medica
049987199	049987	MELIGLIX	100 mg COMPRESSE RIVESTITE CON FILM-  84 COMPRESSE IN BLISTER AL-PVC/PE/PVDC	SITAGLIPTIN	SITAGLIPTIN			Compressa rivestita con film	A10BH01	AURORA BIOFARMA S.R.L.	Autorizzata	Procedura Mutuo riconoscimento o Decentrata	Medicinali soggetti a prescrizione medica
049987201	049987	MELIGLIX	100 mg COMPRESSE RIVESTITE CON FILM-  90 COMPRESSE IN BLISTER AL-PVC/PE/PVDC	SITAGLIPTIN	SITAGLIPTIN			Compressa rivestita con film	A10BH01	AURORA BIOFARMA S.R.L.	Autorizzata	Procedura Mutuo riconoscimento o Decentrata	Medicinali soggetti a prescrizione medica
049987213	049987	MELIGLIX	100 mg COMPRESSE RIVESTITE CON FILM-  98 COMPRESSE IN BLISTER AL-PVC/PE/PVDC	SITAGLIPTIN	SITAGLIPTIN			Compressa rivestita con film	A10BH01	AURORA BIOFARMA S.R.L.	Autorizzata	Procedura Mutuo riconoscimento o Decentrata	Medicinali soggetti a prescrizione medica
049999016	049999	SITAGLIPTIN PHARMACARE	25 MG COMPRESSA RIVESTITA CON FILM- 28 COMPRESSE IN BLISTER PVC/PE/PVDC/AL	SITAGLIPTIN	SITAGLIPTIN	25	milligrammi	Compressa rivestita con film	A10BH01	PHARMACARE S.R.L.	Autorizzata	Procedura Mutuo riconoscimento o Decentrata	Medicinali soggetti a prescrizione medica
049999028	049999	SITAGLIPTIN PHARMACARE	25 MG COMPRESSA RIVESTITA CON FILM- 56 COMPRESSE IN BLISTER PVC/PE/PVDC/AL	SITAGLIPTIN	SITAGLIPTIN	25	milligrammi	Compressa rivestita con film	A10BH01	PHARMACARE S.R.L.	Autorizzata	Procedura Mutuo riconoscimento o Decentrata	Medicinali soggetti a prescrizione medica
049999030	049999	SITAGLIPTIN PHARMACARE	50 MG COMPRESSA RIVESTITA CON FILM- 28 COMPRESSE IN BLISTER PVC/PE/PVDC/AL	SITAGLIPTIN	SITAGLIPTIN	50	milligrammi	Compressa rivestita con film	A10BH01	PHARMACARE S.R.L.	Autorizzata	Procedura Mutuo riconoscimento o Decentrata	Medicinali soggetti a prescrizione medica
049999042	049999	SITAGLIPTIN PHARMACARE	50 MG COMPRESSA RIVESTITA CON FILM- 56 COMPRESSE IN BLISTER PVC/PE/PVDC/AL	SITAGLIPTIN	SITAGLIPTIN	50	milligrammi	Compressa rivestita con film	A10BH01	PHARMACARE S.R.L.	Autorizzata	Procedura Mutuo riconoscimento o Decentrata	Medicinali soggetti a prescrizione medica
049999055	049999	SITAGLIPTIN PHARMACARE	100 MG COMPRESSA RIVESTITA CON FILM- 28 COMPRESSE IN BLISTER PVC/PE/PVDC/AL	SITAGLIPTIN	SITAGLIPTIN	100	milligrammi	Compressa rivestita con film	A10BH01	PHARMACARE S.R.L.	Autorizzata	Procedura Mutuo riconoscimento o Decentrata	Medicinali soggetti a prescrizione medica
049999067	049999	SITAGLIPTIN PHARMACARE	100 MG COMPRESSA RIVESTITA CON FILM- 56 COMPRESSE IN BLISTER PVC/PE/PVDC/AL	SITAGLIPTIN	SITAGLIPTIN	100	milligrammi	Compressa rivestita con film	A10BH01	PHARMACARE S.R.L.	Autorizzata	Procedura Mutuo riconoscimento o Decentrata	Medicinali soggetti a prescrizione medica
050038013	050038	SITAGLIPTIN TECNIGEN ITALIA	25 MG COMPRESSE RIVESTITE CON FILM- 14 COMPRESSE IN BLISTER PVC/PE/PVDC-AL	SITAGLIPTIN	SITAGLIPTIN	25	milligrammi	Compressa rivestita con film	A10BH01	TECNIGEN S.R.L.	Autorizzata	Procedura Mutuo riconoscimento o Decentrata	Medicinali soggetti a prescrizione medica
050038025	050038	SITAGLIPTIN TECNIGEN ITALIA	25 MG COMPRESSE RIVESTITE CON FILM- 28 COMPRESSE IN BLISTER PVC/PE/PVDC-AL	SITAGLIPTIN	SITAGLIPTIN	25	milligrammi	Compressa rivestita con film	A10BH01	TECNIGEN S.R.L.	Autorizzata	Procedura Mutuo riconoscimento o Decentrata	Medicinali soggetti a prescrizione medica
050038037	050038	SITAGLIPTIN TECNIGEN ITALIA	25 MG COMPRESSE RIVESTITE CON FILM- 56 COMPRESSE IN BLISTER PVC/PE/PVDC-AL	SITAGLIPTIN	SITAGLIPTIN	25	milligrammi	Compressa rivestita con film	A10BH01	TECNIGEN S.R.L.	Autorizzata	Procedura Mutuo riconoscimento o Decentrata	Medicinali soggetti a prescrizione medica
050038049	050038	SITAGLIPTIN TECNIGEN ITALIA	50 MG COMPRESSE RIVESTITE CON FILM- 14 COMPRESSE IN BLISTER PVC/PE/PVDC-AL	SITAGLIPTIN	SITAGLIPTIN	50	milligrammi	Compressa rivestita con film	A10BH01	TECNIGEN S.R.L.	Autorizzata	Procedura Mutuo riconoscimento o Decentrata	Medicinali soggetti a prescrizione medica
050038052	050038	SITAGLIPTIN TECNIGEN ITALIA	50 MG COMPRESSE RIVESTITE CON FILM- 28 COMPRESSE IN BLISTER PVC/PE/PVDC-AL	SITAGLIPTIN	SITAGLIPTIN	50	milligrammi	Compressa rivestita con film	A10BH01	TECNIGEN S.R.L.	Autorizzata	Procedura Mutuo riconoscimento o Decentrata	Medicinali soggetti a prescrizione medica
050038064	050038	SITAGLIPTIN TECNIGEN ITALIA	50 MG COMPRESSE RIVESTITE CON FILM- 56 COMPRESSE IN BLISTER PVC/PE/PVDC-AL	SITAGLIPTIN	SITAGLIPTIN	50	milligrammi	Compressa rivestita con film	A10BH01	TECNIGEN S.R.L.	Autorizzata	Procedura Mutuo riconoscimento o Decentrata	Medicinali soggetti a prescrizione medica
050038076	050038	SITAGLIPTIN TECNIGEN ITALIA	100 MG COMPRESSE RIVESTITE CON FILM- 14 COMPRESSE IN BLISTER PVC/PE/PVDC-AL	SITAGLIPTIN	SITAGLIPTIN	100	milligrammi	Compressa rivestita con film	A10BH01	TECNIGEN S.R.L.	Autorizzata	Procedura Mutuo riconoscimento o Decentrata	Medicinali soggetti a prescrizione medica
050038088	050038	SITAGLIPTIN TECNIGEN ITALIA	100 MG COMPRESSE RIVESTITE CON FILM- 28 COMPRESSE IN BLISTER PVC/PE/PVDC-AL	SITAGLIPTIN	SITAGLIPTIN	100	milligrammi	Compressa rivestita con film	A10BH01	TECNIGEN S.R.L.	Autorizzata	Procedura Mutuo riconoscimento o Decentrata	Medicinali soggetti a prescrizione medica
050038090	050038	SITAGLIPTIN TECNIGEN ITALIA	100 MG COMPRESSE RIVESTITE CON FILM- 56 COMPRESSE IN BLISTER PVC/PE/PVDC-AL	SITAGLIPTIN	SITAGLIPTIN	100	milligrammi	Compressa rivestita con film	A10BH01	TECNIGEN S.R.L.	Autorizzata	Procedura Mutuo riconoscimento o Decentrata	Medicinali soggetti a prescrizione medica
050083017	050083	SITAGLIPTIN ACCORD	25 mg - Compressa rivestita con film - Uso orale - blister (PVC/PE/PVDC/alu) - 28 compresse	SITAGLIPTIN	SITAGLIPTIN	25	milligrammi	Compressa rivestita con film	A10BH01	ACCORD HEALTHCARE, S.L.U.	Autorizzata	Procedura Centralizzata	Medicinali soggetti a prescrizione medica
050083029	050083	SITAGLIPTIN ACCORD	25 mg - Compressa rivestita con film - Uso orale - blister (PVC/PE/PVDC/alu) - 30 compresse	SITAGLIPTIN	SITAGLIPTIN	25	milligrammi	Compressa rivestita con film	A10BH01	ACCORD HEALTHCARE, S.L.U.	Autorizzata	Procedura Centralizzata	Medicinali soggetti a prescrizione medica
050083031	050083	SITAGLIPTIN ACCORD	25 mg - Compressa rivestita con film - Uso orale - blister (PVC/PE/PVDC/alu) - 56 compresse	SITAGLIPTIN	SITAGLIPTIN	25	milligrammi	Compressa rivestita con film	A10BH01	ACCORD HEALTHCARE, S.L.U.	Autorizzata	Procedura Centralizzata	Medicinali soggetti a prescrizione medica
050083043	050083	SITAGLIPTIN ACCORD	25 mg - Compressa rivestita con film - Uso orale - blister (PVC/PE/PVDC/alu) - 98 compresse	SITAGLIPTIN	SITAGLIPTIN	25	milligrammi	Compressa rivestita con film	A10BH01	ACCORD HEALTHCARE, S.L.U.	Autorizzata	Procedura Centralizzata	Medicinali soggetti a prescrizione medica
050083056	050083	SITAGLIPTIN ACCORD	25 mg - Compressa rivestita con film - Uso orale - blister (PVC/PE/PVDC/alu) - 100 compresse	SITAGLIPTIN	SITAGLIPTIN	25	milligrammi	Compressa rivestita con film	A10BH01	ACCORD HEALTHCARE, S.L.U.	Autorizzata	Procedura Centralizzata	Medicinali soggetti a prescrizione medica
050083068	050083	SITAGLIPTIN ACCORD	50 mg - Compressa rivestita con film - Uso orale - blister (PVC/PE/PVDC/alu) - 28 compresse	SITAGLIPTIN	SITAGLIPTIN	50	milligrammi	Compressa rivestita con film	A10BH01	ACCORD HEALTHCARE, S.L.U.	Autorizzata	Procedura Centralizzata	Medicinali soggetti a prescrizione medica
050083070	050083	SITAGLIPTIN ACCORD	50 mg - Compressa rivestita con film - Uso orale - blister (PVC/PE/PVDC/alu) - 30 compresse	SITAGLIPTIN	SITAGLIPTIN	50	milligrammi	Compressa rivestita con film	A10BH01	ACCORD HEALTHCARE, S.L.U.	Autorizzata	Procedura Centralizzata	Medicinali soggetti a prescrizione medica
050083082	050083	SITAGLIPTIN ACCORD	50 mg - Compressa rivestita con film - Uso orale - blister (PVC/PE/PVDC/alu) - 56 compresse	SITAGLIPTIN	SITAGLIPTIN	50	milligrammi	Compressa rivestita con film	A10BH01	ACCORD HEALTHCARE, S.L.U.	Autorizzata	Procedura Centralizzata	Medicinali soggetti a prescrizione medica
050083094	050083	SITAGLIPTIN ACCORD	50 mg - Compressa rivestita con film - Uso orale - blister (PVC/PE/PVDC/alu) - 98 compresse	SITAGLIPTIN	SITAGLIPTIN	50	milligrammi	Compressa rivestita con film	A10BH01	ACCORD HEALTHCARE, S.L.U.	Autorizzata	Procedura Centralizzata	Medicinali soggetti a prescrizione medica
050083106	050083	SITAGLIPTIN ACCORD	50 mg - Compressa rivestita con film - Uso orale - blister (PVC/PE/PVDC/alu) - 100 compresse	SITAGLIPTIN	SITAGLIPTIN	50	milligrammi	Compressa rivestita con film	A10BH01	ACCORD HEALTHCARE, S.L.U.	Autorizzata	Procedura Centralizzata	Medicinali soggetti a prescrizione medica
050083118	050083	SITAGLIPTIN ACCORD	100 mg - Compressa rivestita con film - Uso orale - blister (PVC/PE/PVDC/alu) - 28 compresse	SITAGLIPTIN	SITAGLIPTIN	100	milligrammi	Compressa rivestita con film	A10BH01	ACCORD HEALTHCARE, S.L.U.	Autorizzata	Procedura Centralizzata	Medicinali soggetti a prescrizione medica
050083120	050083	SITAGLIPTIN ACCORD	100 mg - Compressa rivestita con film - Uso orale - blister (PVC/PE/PVDC/alu) - 30 compresse	SITAGLIPTIN	SITAGLIPTIN	100	milligrammi	Compressa rivestita con film	A10BH01	ACCORD HEALTHCARE, S.L.U.	Autorizzata	Procedura Centralizzata	Medicinali soggetti a prescrizione medica
050083132	050083	SITAGLIPTIN ACCORD	100 mg - Compressa rivestita con film - Uso orale - blister (PVC/PE/PVDC/alu) - 56 compresse	SITAGLIPTIN	SITAGLIPTIN	100	milligrammi	Compressa rivestita con film	A10BH01	ACCORD HEALTHCARE, S.L.U.	Autorizzata	Procedura Centralizzata	Medicinali soggetti a prescrizione medica
050083144	050083	SITAGLIPTIN ACCORD	100 mg - Compressa rivestita con film - Uso orale - blister (PVC/PE/PVDC/alu) - 98 compresse	SITAGLIPTIN	SITAGLIPTIN	100	milligrammi	Compressa rivestita con film	A10BH01	ACCORD HEALTHCARE, S.L.U.	Autorizzata	Procedura Centralizzata	Medicinali soggetti a prescrizione medica
050083157	050083	SITAGLIPTIN ACCORD	100 mg - Compressa rivestita con film - Uso orale - blister (PVC/PE/PVDC/alu) - 100 compresse	SITAGLIPTIN	SITAGLIPTIN	100	milligrammi	Compressa rivestita con film	A10BH01	ACCORD HEALTHCARE, S.L.U.	Autorizzata	Procedura Centralizzata	Medicinali soggetti a prescrizione medica
050096015	050096	SITAGLIPTIN AUROBINDO	25 MG COMPRESSE RIVESTITE CON FILM- 28 COMPRESSE IN BLISTER PVC/PVDC/AL	SITAGLIPTIN	SITAGLIPTIN	25	milligrammi	Compressa rivestita con film	A10BH01	AUROBINDO PHARMA (ITALIA) S.R.L.	Autorizzata	Procedura Mutuo riconoscimento o Decentrata	Medicinali soggetti a prescrizione medica
050096027	050096	SITAGLIPTIN AUROBINDO	25 MG COMPRESSE RIVESTITE CON FILM- 98 COMPRESSE IN BLISTER PVC/PVDC/AL	SITAGLIPTIN	SITAGLIPTIN	25	milligrammi	Compressa rivestita con film	A10BH01	AUROBINDO PHARMA (ITALIA) S.R.L.	Autorizzata	Procedura Mutuo riconoscimento o Decentrata	Medicinali soggetti a prescrizione medica
050096039	050096	SITAGLIPTIN AUROBINDO	50 MG COMPRESSE RIVESTITE CON FILM- 28 COMPRESSE IN BLISTER PVC/PVDC/AL	SITAGLIPTIN	SITAGLIPTIN	50	milligrammi	Compressa rivestita con film	A10BH01	AUROBINDO PHARMA (ITALIA) S.R.L.	Autorizzata	Procedura Mutuo riconoscimento o Decentrata	Medicinali soggetti a prescrizione medica
050096041	050096	SITAGLIPTIN AUROBINDO	50 MG COMPRESSE RIVESTITE CON FILM- 98 COMPRESSE IN BLISTER PVC/PVDC/AL	SITAGLIPTIN	SITAGLIPTIN	50	milligrammi	Compressa rivestita con film	A10BH01	AUROBINDO PHARMA (ITALIA) S.R.L.	Autorizzata	Procedura Mutuo riconoscimento o Decentrata	Medicinali soggetti a prescrizione medica
050096054	050096	SITAGLIPTIN AUROBINDO	100 MG COMPRESSE RIVESTITE CON FILM- 28 COMPRESSE IN BLISTER PVC/PVDC/AL	SITAGLIPTIN	SITAGLIPTIN	100	milligrammi	Compressa rivestita con film	A10BH01	AUROBINDO PHARMA (ITALIA) S.R.L.	Autorizzata	Procedura Mutuo riconoscimento o Decentrata	Medicinali soggetti a prescrizione medica
050096066	050096	SITAGLIPTIN AUROBINDO	100 MG COMPRESSE RIVESTITE CON FILM- 98 COMPRESSE IN BLISTER PVC/PVDC/AL	SITAGLIPTIN	SITAGLIPTIN	100	milligrammi	Compressa rivestita con film	A10BH01	AUROBINDO PHARMA (ITALIA) S.R.L.	Autorizzata	Procedura Mutuo riconoscimento o Decentrata	Medicinali soggetti a prescrizione medica
050744010	050744	ANDAMANE	?25 MG COMPRESSE RIVESTITE CON FILM? 28 COMPRESSE IN BLISTER OPA/AL/PVC-AL	SITAGLIPTIN	SITAGLIPTIN	25	milligrammi	Compressa rivestita con film	A10BH01	I.B.N. SAVIO S.R.L	Autorizzata	Procedura Mutuo riconoscimento o Decentrata	Medicinali soggetti a prescrizione medica
050744022	050744	ANDAMANE	?25 MG COMPRESSE RIVESTITE CON FILM? 56 COMPRESSE IN BLISTER OPA/AL/PVC-AL	SITAGLIPTIN	SITAGLIPTIN	25	milligrammi	Compressa rivestita con film	A10BH01	I.B.N. SAVIO S.R.L	Autorizzata	Procedura Mutuo riconoscimento o Decentrata	Medicinali soggetti a prescrizione medica
050744034	050744	ANDAMANE	?25 MG COMPRESSE RIVESTITE CON FILM? 98 COMPRESSE IN BLISTER OPA/AL/PVC-AL	SITAGLIPTIN	SITAGLIPTIN	25	milligrammi	Compressa rivestita con film	A10BH01	I.B.N. SAVIO S.R.L	Autorizzata	Procedura Mutuo riconoscimento o Decentrata	Medicinali soggetti a prescrizione medica
050744046	050744	ANDAMANE	?25 MG COMPRESSE RIVESTITE CON FILM? 28 COMPRESSE IN BLISTER PVC/PCTFE-AL	SITAGLIPTIN	SITAGLIPTIN	25	milligrammi	Compressa rivestita con film	A10BH01	I.B.N. SAVIO S.R.L	Autorizzata	Procedura Mutuo riconoscimento o Decentrata	Medicinali soggetti a prescrizione medica
050744059	050744	ANDAMANE	?25 MG COMPRESSE RIVESTITE CON FILM? 56 COMPRESSE IN BLISTER PVC/PCTFE-AL	SITAGLIPTIN	SITAGLIPTIN	25	milligrammi	Compressa rivestita con film	A10BH01	I.B.N. SAVIO S.R.L	Autorizzata	Procedura Mutuo riconoscimento o Decentrata	Medicinali soggetti a prescrizione medica
050744061	050744	ANDAMANE	?25 MG COMPRESSE RIVESTITE CON FILM? 98 COMPRESSE IN BLISTER PVC/PCTFE-AL	SITAGLIPTIN	SITAGLIPTIN	25	milligrammi	Compressa rivestita con film	A10BH01	I.B.N. SAVIO S.R.L	Autorizzata	Procedura Mutuo riconoscimento o Decentrata	Medicinali soggetti a prescrizione medica
050744073	050744	ANDAMANE	?50 MG COMPRESSE RIVESTITE CON FILM? 28 COMPRESSE IN BLISTER OPA/AL/PVC-AL	SITAGLIPTIN	SITAGLIPTIN	50	milligrammi	Compressa rivestita con film	A10BH01	I.B.N. SAVIO S.R.L	Autorizzata	Procedura Mutuo riconoscimento o Decentrata	Medicinali soggetti a prescrizione medica
050744085	050744	ANDAMANE	?50 MG COMPRESSE RIVESTITE CON FILM? 56 COMPRESSE IN BLISTER OPA/AL/PVC-AL	SITAGLIPTIN	SITAGLIPTIN	50	milligrammi	Compressa rivestita con film	A10BH01	I.B.N. SAVIO S.R.L	Autorizzata	Procedura Mutuo riconoscimento o Decentrata	Medicinali soggetti a prescrizione medica
050744097	050744	ANDAMANE	?50 MG COMPRESSE RIVESTITE CON FILM? 98 COMPRESSE IN BLISTER OPA/AL/PVC-AL	SITAGLIPTIN	SITAGLIPTIN	50	milligrammi	Compressa rivestita con film	A10BH01	I.B.N. SAVIO S.R.L	Autorizzata	Procedura Mutuo riconoscimento o Decentrata	Medicinali soggetti a prescrizione medica
050744109	050744	ANDAMANE	?50 MG COMPRESSE RIVESTITE CON FILM? 28 COMPRESSE IN BLISTER PVC/PCTFE-AL	SITAGLIPTIN	SITAGLIPTIN	50	milligrammi	Compressa rivestita con film	A10BH01	I.B.N. SAVIO S.R.L	Autorizzata	Procedura Mutuo riconoscimento o Decentrata	Medicinali soggetti a prescrizione medica
050744111	050744	ANDAMANE	?50 MG COMPRESSE RIVESTITE CON FILM? 56 COMPRESSE IN BLISTER PVC/PCTFE-AL	SITAGLIPTIN	SITAGLIPTIN	50	milligrammi	Compressa rivestita con film	A10BH01	I.B.N. SAVIO S.R.L	Autorizzata	Procedura Mutuo riconoscimento o Decentrata	Medicinali soggetti a prescrizione medica
050744123	050744	ANDAMANE	?50 MG COMPRESSE RIVESTITE CON FILM? 98 COMPRESSE IN BLISTER PVC/PCTFE-AL	SITAGLIPTIN	SITAGLIPTIN	50	milligrammi	Compressa rivestita con film	A10BH01	I.B.N. SAVIO S.R.L	Autorizzata	Procedura Mutuo riconoscimento o Decentrata	Medicinali soggetti a prescrizione medica
050744135	050744	ANDAMANE	?100 MG COMPRESSE RIVESTITE CON FILM? 28 COMPRESSE IN BLISTER OPA/AL/PVC-AL	SITAGLIPTIN	SITAGLIPTIN	100	milligrammi	Compressa rivestita con film	A10BH01	I.B.N. SAVIO S.R.L	Autorizzata	Procedura Mutuo riconoscimento o Decentrata	Medicinali soggetti a prescrizione medica
050744147	050744	ANDAMANE	?100 MG COMPRESSE RIVESTITE CON FILM? 56 COMPRESSE IN BLISTER OPA/AL/PVC-AL	SITAGLIPTIN	SITAGLIPTIN	100	milligrammi	Compressa rivestita con film	A10BH01	I.B.N. SAVIO S.R.L	Autorizzata	Procedura Mutuo riconoscimento o Decentrata	Medicinali soggetti a prescrizione medica
050744150	050744	ANDAMANE	?100 MG COMPRESSE RIVESTITE CON FILM?98 COMPRESSE IN BLISTER OPA/AL/PVC-AL	SITAGLIPTIN	SITAGLIPTIN	100	milligrammi	Compressa rivestita con film	A10BH01	I.B.N. SAVIO S.R.L	Autorizzata	Procedura Mutuo riconoscimento o Decentrata	Medicinali soggetti a prescrizione medica
050744162	050744	ANDAMANE	?100 MG COMPRESSE RIVESTITE CON FILM? 28 COMPRESSE IN BLISTER PVC/PCTFE-AL	SITAGLIPTIN	SITAGLIPTIN	100	milligrammi	Compressa rivestita con film	A10BH01	I.B.N. SAVIO S.R.L	Autorizzata	Procedura Mutuo riconoscimento o Decentrata	Medicinali soggetti a prescrizione medica
050744174	050744	ANDAMANE	?100 MG COMPRESSE RIVESTITE CON FILM? 56 COMPRESSE IN BLISTER PVC/PCTFE-AL	SITAGLIPTIN	SITAGLIPTIN	100	milligrammi	Compressa rivestita con film	A10BH01	I.B.N. SAVIO S.R.L	Autorizzata	Procedura Mutuo riconoscimento o Decentrata	Medicinali soggetti a prescrizione medica
050744186	050744	ANDAMANE	?100 MG COMPRESSE RIVESTITE CON FILM? 98 COMPRESSE IN BLISTER PVC/PCTFE-AL	SITAGLIPTIN	SITAGLIPTIN	100	milligrammi	Compressa rivestita con film	A10BH01	I.B.N. SAVIO S.R.L	Autorizzata	Procedura Mutuo riconoscimento o Decentrata	Medicinali soggetti a prescrizione medica
