codice_aic	cod_farmaco	denominazione	descrizione	pa_associati	principio_attivo	quantita	unita_misura	forma	codice_atc	ragione_sociale	stato_amministrativo	tipo_procedura	fornitura
035883014	035883	PROVISACOR	10 MG COMPRESSE RIVESTITE CON FILM-  7 COMPRESSE IN BLISTER AL/AL	ROSUVASTATINA SALE DI CALCIO	ROSUVASTATINA SALE DI CALCIO			Compressa rivestita con film	C10AA07	GRUNENTHAL ITALIA S.R.L.	Autorizzata	Procedura Mutuo riconoscimento o Decentrata	Medicinali soggetti a prescrizione medica
035883026	035883	PROVISACOR	10 MG COMPRESSE RIVESTITE CON FILM- 14 COMPRESSE IN BLISTER AL/AL	ROSUVASTATINA SALE DI CALCIO	ROSUVASTATINA SALE DI CALCIO			Compressa rivestita con film	C10AA07	GRUNENTHAL ITALIA S.R.L.	Autorizzata	Procedura Mutuo riconoscimento o Decentrata	Medicinali soggetti a prescrizione medica
035883038	035883	PROVISACOR	10 MG COMPRESSE RIVESTITE CON FILM- 15 COMPRESSE IN BLISTER AL/AL	ROSUVASTATINA SALE DI CALCIO	ROSUVASTATINA SALE DI CALCIO			Compressa rivestita con film	C10AA07	GRUNENTHAL ITALIA S.R.L.	Autorizzata	Procedura Mutuo riconoscimento o Decentrata	Medicinali soggetti a prescrizione medica
035883040	035883	PROVISACOR	10 MG COMPRESSE RIVESTITE CON FILM- 20 COMPRESSE IN BLISTER AL/AL	ROSUVASTATINA SALE DI CALCIO	ROSUVASTATINA SALE DI CALCIO			Compressa rivestita con film	C10AA07	GRUNENTHAL ITALIA S.R.L.	Autorizzata	Procedura Mutuo riconoscimento o Decentrata	Medicinali soggetti a prescrizione medica
035883053	035883	PROVISACOR	10 MG COMPRESSE RIVESTITE CON FILM- 28 COMPRESSE IN BLISTER AL/AL	ROSUVASTATINA SALE DI CALCIO	ROSUVASTATINA SALE DI CALCIO			Compressa rivestita con film	C10AA07	GRUNENTHAL ITALIA S.R.L.	Autorizzata	Procedura Mutuo riconoscimento o Decentrata	Medicinali soggetti a prescrizione medica
035883065	035883	PROVISACOR	10 MG COMPRESSE RIVESTITE CON FILM- 30 COMPRESSE IN BLISTER AL/AL	ROSUVASTATINA SALE DI CALCIO	ROSUVASTATINA SALE DI CALCIO			Compressa rivestita con film	C10AA07	GRUNENTHAL ITALIA S.R.L.	Autorizzata	Procedura Mutuo riconoscimento o Decentrata	Medicinali soggetti a prescrizione medica
035883077	035883	PROVISACOR	10 MG COMPRESSE RIVESTITE CON FILM- 42 COMPRESSE IN BLISTER AL/AL	ROSUVASTATINA SALE DI CALCIO	ROSUVASTATINA SALE DI CALCIO			Compressa rivestita con film	C10AA07	GRUNENTHAL ITALIA S.R.L.	Autorizzata	Procedura Mutuo riconoscimento o Decentrata	Medicinali soggetti a prescrizione medica
035883089	035883	PROVISACOR	10 MG COMPRESSE RIVESTITE CON FILM- 50 COMPRESSE IN BLISTER AL/AL	ROSUVASTATINA SALE DI CALCIO	ROSUVASTATINA SALE DI CALCIO			Compressa rivestita con film	C10AA07	GRUNENTHAL ITALIA S.R.L.	Autorizzata	Procedura Mutuo riconoscimento o Decentrata	Medicinali soggetti a prescrizione medica
035883091	035883	PROVISACOR	10 MG COMPRESSE RIVESTITE CON FILM- 56 COMPRESSE IN BLISTER AL/AL	ROSUVASTATINA SALE DI CALCIO	ROSUVASTATINA SALE DI CALCIO			Compressa rivestita con film	C10AA07	GRUNENTHAL ITALIA S.R.L.	Autorizzata	Procedura Mutuo riconoscimento o Decentrata	Medicinali soggetti a prescrizione medica
035883103	035883	PROVISACOR	10 MG COMPRESSE RIVESTITE CON FILM- 60 COMPRESSE IN BLISTER AL/AL	ROSUVASTATINA SALE DI CALCIO	ROSUVASTATINA SALE DI CALCIO			Compressa rivestita con film	C10AA07	GRUNENTHAL ITALIA S.R.L.	Autorizzata	Procedura Mutuo riconoscimento o Decentrata	Medicinali soggetti a prescrizione medica
035883115	035883	PROVISACOR	10 MG COMPRESSE RIVESTITE CON FILM- 84 COMPRESSE IN BLISTER AL/AL	ROSUVASTATINA SALE DI CALCIO	ROSUVASTATINA SALE DI CALCIO			Compressa rivestita con film	C10AA07	GRUNENTHAL ITALIA S.R.L.	Autorizzata	Procedura Mutuo riconoscimento o Decentrata	Medicinali soggetti a prescrizione medica
035883127	035883	PROVISACOR	10 MG COMPRESSE RIVESTITE CON FILM- 98 COMPRESSE IN BLISTER AL/AL	ROSUVASTATINA SALE DI CALCIO	ROSUVASTATINA SALE DI CALCIO			Compressa rivestita con film	C10AA07	GRUNENTHAL ITALIA S.R.L.	Autorizzata	Procedura Mutuo riconoscimento o Decentrata	Medicinali soggetti a prescrizione medica
035883139	035883	PROVISACOR	10 MG COMPRESSE RIVESTITE CON FILM- 100 COMPRESSE IN BLISTER AL/AL	ROSUVASTATINA SALE DI CALCIO	ROSUVASTATINA SALE DI CALCIO			Compressa rivestita con film	C10AA07	GRUNENTHAL ITALIA S.R.L.	Autorizzata	Procedura Mutuo riconoscimento o Decentrata	Medicinali soggetti a prescrizione medica
035883141	035883	PROVISACOR	20 MG COMPRESSE RIVESTITE CON FILM- 7 COMPRESSE IN BLISTER AL/AL	ROSUVASTATINA SALE DI CALCIO	ROSUVASTATINA SALE DI CALCIO			Compressa rivestita con film	C10AA07	GRUNENTHAL ITALIA S.R.L.	Autorizzata	Procedura Mutuo riconoscimento o Decentrata	Medicinali soggetti a prescrizione medica
035883154	035883	PROVISACOR	20 MG COMPRESSE RIVESTITE CON FILM- 14 COMPRESSE IN BLISTER AL/AL	ROSUVASTATINA SALE DI CALCIO	ROSUVASTATINA SALE DI CALCIO			Compressa rivestita con film	C10AA07	GRUNENTHAL ITALIA S.R.L.	Autorizzata	Procedura Mutuo riconoscimento o Decentrata	Medicinali soggetti a prescrizione medica
035883166	035883	PROVISACOR	20 MG COMPRESSE RIVESTITE CON FILM- 15 COMPRESSE IN BLISTER AL/AL	ROSUVASTATINA SALE DI CALCIO	ROSUVASTATINA SALE DI CALCIO			Compressa rivestita con film	C10AA07	GRUNENTHAL ITALIA S.R.L.	Autorizzata	Procedura Mutuo riconoscimento o Decentrata	Medicinali soggetti a prescrizione medica
035883178	035883	PROVISACOR	20 MG COMPRESSE RIVESTITE CON FILM- 20 COMPRESSE IN BLISTER AL/AL	ROSUVASTATINA SALE DI CALCIO	ROSUVASTATINA SALE DI CALCIO			Compressa rivestita con film	C10AA07	GRUNENTHAL ITALIA S.R.L.	Autorizzata	Procedura Mutuo riconoscimento o Decentrata	Medicinali soggetti a prescrizione medica
035883180	035883	PROVISACOR	20 MG COMPRESSE RIVESTITE CON FILM- 28 COMPRESSE IN BLISTER AL/AL	ROSUVASTATINA SALE DI CALCIO	ROSUVASTATINA SALE DI CALCIO			Compressa rivestita con film	C10AA07	GRUNENTHAL ITALIA S.R.L.	Autorizzata	Procedura Mutuo riconoscimento o Decentrata	Medicinali soggetti a prescrizione medica
035883192	035883	PROVISACOR	20 MG COMPRESSE RIVESTITE CON FILM- 30 COMPRESSE IN BLISTER AL/AL	ROSUVASTATINA SALE DI CALCIO	ROSUVASTATINA SALE DI CALCIO			Compressa rivestita con film	C10AA07	GRUNENTHAL ITALIA S.R.L.	Autorizzata	Procedura Mutuo riconoscimento o Decentrata	Medicinali soggetti a prescrizione medica
035883204	035883	PROVISACOR	20 MG COMPRESSE RIVESTITE CON FILM- 42 COMPRESSE IN BLISTER AL/AL	ROSUVASTATINA SALE DI CALCIO	ROSUVASTATINA SALE DI CALCIO			Compressa rivestita con film	C10AA07	GRUNENTHAL ITALIA S.R.L.	Autorizzata	Procedura Mutuo riconoscimento o Decentrata	Medicinali soggetti a prescrizione medica
035883216	035883	PROVISACOR	20 MG COMPRESSE RIVESTITE CON FILM- 50 COMPRESSE IN BLISTER AL/AL	ROSUVASTATINA SALE DI CALCIO	ROSUVASTATINA SALE DI CALCIO			Compressa rivestita con film	C10AA07	GRUNENTHAL ITALIA S.R.L.	Autorizzata	Procedura Mutuo riconoscimento o Decentrata	Medicinali soggetti a prescrizione medica
035883228	035883	PROVISACOR	20 MG COMPRESSE RIVESTITE CON FILM- 56 COMPRESSE IN BLISTER AL/AL	ROSUVASTATINA SALE DI CALCIO	ROSUVASTATINA SALE DI CALCIO			Compressa rivestita con film	C10AA07	GRUNENTHAL ITALIA S.R.L.	Autorizzata	Procedura Mutuo riconoscimento o Decentrata	Medicinali soggetti a prescrizione medica
035883230	035883	PROVISACOR	20 MG COMPRESSE RIVESTITE CON FILM- 60 COMPRESSE IN BLISTER AL/AL	ROSUVASTATINA SALE DI CALCIO	ROSUVASTATINA SALE DI CALCIO			Compressa rivestita con film	C10AA07	GRUNENTHAL ITALIA S.R.L.	Autorizzata	Procedura Mutuo riconoscimento o Decentrata	Medicinali soggetti a prescrizione medica
035883242	035883	PROVISACOR	20 MG COMPRESSE RIVESTITE CON FILM- 84 COMPRESSE IN BLISTER AL/AL	ROSUVASTATINA SALE DI CALCIO	ROSUVASTATINA SALE DI CALCIO			Compressa rivestita con film	C10AA07	GRUNENTHAL ITALIA S.R.L.	Autorizzata	Procedura Mutuo riconoscimento o Decentrata	Medicinali soggetti a prescrizione medica
035883255	035883	PROVISACOR	20 MG COMPRESSE RIVESTITE CON FILM- 98 COMPRESSE IN BLISTER AL/AL	ROSUVASTATINA SALE DI CALCIO	ROSUVASTATINA SALE DI CALCIO			Compressa rivestita con film	C10AA07	GRUNENTHAL ITALIA S.R.L.	Autorizzata	Procedura Mutuo riconoscimento o Decentrata	Medicinali soggetti a prescrizione medica
035883267	035883	PROVISACOR	20 MG COMPRESSE RIVESTITE CON FILM- 100 COMPRESSE IN BLISTER AL/AL	ROSUVASTATINA SALE DI CALCIO	ROSUVASTATINA SALE DI CALCIO			Compressa rivestita con film	C10AA07	GRUNENTHAL ITALIA S.R.L.	Autorizzata	Procedura Mutuo riconoscimento o Decentrata	Medicinali soggetti a prescrizione medica
035883279	035883	PROVISACOR	10 MG COMPRESSE RIVESTITE CON FILM- 30 COMPRESSE IN FLACONDE HDPE	ROSUVASTATINA SALE DI CALCIO	ROSUVASTATINA SALE DI CALCIO			Compressa rivestita con film	C10AA07	GRUNENTHAL ITALIA S.R.L.	Autorizzata	Procedura Mutuo riconoscimento o Decentrata	Medicinali soggetti a prescrizione medica
035883281	035883	PROVISACOR	10 MG COMPRESSE RIVESTITE CON FILM- 100 COMPRESSE IN FLACONE HDPE	ROSUVASTATINA SALE DI CALCIO	ROSUVASTATINA SALE DI CALCIO			Compressa rivestita con film	C10AA07	GRUNENTHAL ITALIA S.R.L.	Autorizzata	Procedura Mutuo riconoscimento o Decentrata	Medicinali soggetti a prescrizione medica
035883293	035883	PROVISACOR	20 MG COMPRESSE RIVESTITE CON FILM- 30 COMPRESSE IN FLACONE HDPE	ROSUVASTATINA SALE DI CALCIO	ROSUVASTATINA SALE DI CALCIO			Compressa rivestita con film	C10AA07	GRUNENTHAL ITALIA S.R.L.	Autorizzata	Procedura Mutuo riconoscimento o Decentrata	Medicinali soggetti a prescrizione medica
035883305	035883	PROVISACOR	20 MG COMPRESSE RIVESTITE CON FILM- 100 COMPRESSE IN FLACONE HDPE	ROSUVASTATINA SALE DI CALCIO	ROSUVASTATINA SALE DI CALCIO			Compressa rivestita con film	C10AA07	GRUNENTHAL ITALIA S.R.L.	Autorizzata	Procedura Mutuo riconoscimento o Decentrata	Medicinali soggetti a prescrizione medica
035883317	035883	PROVISACOR	40 MG COMPRESSE RIVESTITE CON FILM- 7 COMPRESSE IN BLISTER AL/AL	ROSUVASTATINA SALE DI CALCIO	ROSUVASTATINA SALE DI CALCIO			Compressa rivestita con film	C10AA07	GRUNENTHAL ITALIA S.R.L.	Autorizzata	Procedura Mutuo riconoscimento o Decentrata	Medicinali soggetti a prescrizione medica
035883329	035883	PROVISACOR	40 MG COMPRESSE RIVESTITE CON FILM- 14 COMPRESSE IN BLISTER AL/AL	ROSUVASTATINA SALE DI CALCIO	ROSUVASTATINA SALE DI CALCIO			Compressa rivestita con film	C10AA07	GRUNENTHAL ITALIA S.R.L.	Autorizzata	Procedura Mutuo riconoscimento o Decentrata	Medicinali soggetti a prescrizione medica
035883331	035883	PROVISACOR	40 MG COMPRESSE RIVESTITE CON FILM- 15 COMPRESSE IN BLISTER AL/AL	ROSUVASTATINA SALE DI CALCIO	ROSUVASTATINA SALE DI CALCIO			Compressa rivestita con film	C10AA07	GRUNENTHAL ITALIA S.R.L.	Autorizzata	Procedura Mutuo riconoscimento o Decentrata	Medicinali soggetti a prescrizione medica
035883343	035883	PROVISACOR	40 MG COMPRESSE RIVESTITE CON FILM- 20 COMPRESSE IN BLISTER AL/AL	ROSUVASTATINA SALE DI CALCIO	ROSUVASTATINA SALE DI CALCIO			Compressa rivestita con film	C10AA07	GRUNENTHAL ITALIA S.R.L.	Autorizzata	Procedura Mutuo riconoscimento o Decentrata	Medicinali soggetti a prescrizione medica
035883356	035883	PROVISACOR	40 MG COMPRESSE RIVESTITE CON FILM- 28 COMPRESSE IN BLISTER AL/AL	ROSUVASTATINA SALE DI CALCIO	ROSUVASTATINA SALE DI CALCIO			Compressa rivestita con film	C10AA07	GRUNENTHAL ITALIA S.R.L.	Autorizzata	Procedura Mutuo riconoscimento o Decentrata	Medicinali soggetti a prescrizione medica
035883368	035883	PROVISACOR	40 MG COMPRESSE RIVESTITE CON FILM- 30 COMPRESSE IN BLISTER AL/AL	ROSUVASTATINA SALE DI CALCIO	ROSUVASTATINA SALE DI CALCIO			Compressa rivestita con film	C10AA07	GRUNENTHAL ITALIA S.R.L.	Autorizzata	Procedura Mutuo riconoscimento o Decentrata	Medicinali soggetti a prescrizione medica
035883370	035883	PROVISACOR	40 MG COMPRESSE RIVESTITE CON FILM- 42 COMPRESSE IN BLISTER AL/AL	ROSUVASTATINA SALE DI CALCIO	ROSUVASTATINA SALE DI CALCIO			Compressa rivestita con film	C10AA07	GRUNENTHAL ITALIA S.R.L.	Autorizzata	Procedura Mutuo riconoscimento o Decentrata	Medicinali soggetti a prescrizione medica
035883382	035883	PROVISACOR	40 MG COMPRESSE RIVESTITE CON FILM- 50 COMPRESSE IN BLISTER AL/AL	ROSUVASTATINA SALE DI CALCIO	ROSUVASTATINA SALE DI CALCIO			Compressa rivestita con film	C10AA07	GRUNENTHAL ITALIA S.R.L.	Autorizzata	Procedura Mutuo riconoscimento o Decentrata	Medicinali soggetti a prescrizione medica
035883394	035883	PROVISACOR	40 MG COMPRESSE RIVESTITE CON FILM- 56 COMPRESSE IN BLISTER AL/AL	ROSUVASTATINA SALE DI CALCIO	ROSUVASTATINA SALE DI CALCIO			Compressa rivestita con film	C10AA07	GRUNENTHAL ITALIA S.R.L.	Autorizzata	Procedura Mutuo riconoscimento o Decentrata	Medicinali soggetti a prescrizione medica
035883406	035883	PROVISACOR	40 MG COMPRESSE RIVESTITE CON FILM- 60 COMPRESSE IN BLISTER AL/AL	ROSUVASTATINA SALE DI CALCIO	ROSUVASTATINA SALE DI CALCIO			Compressa rivestita con film	C10AA07	GRUNENTHAL ITALIA S.R.L.	Autorizzata	Procedura Mutuo riconoscimento o Decentrata	Medicinali soggetti a prescrizione medica
035883418	035883	PROVISACOR	40 MG COMPRESSE RIVESTITE CON FILM- 84 COMPRESSE IN BLISTER AL/AL	ROSUVASTATINA SALE DI CALCIO	ROSUVASTATINA SALE DI CALCIO			Compressa rivestita con film	C10AA07	GRUNENTHAL ITALIA S.R.L.	Autorizzata	Procedura Mutuo riconoscimento o Decentrata	Medicinali soggetti a prescrizione medica
035883420	035883	PROVISACOR	40 MG COMPRESSE RIVESTITE CON FILM- 98 COMPRESSE IN BLISTER AL/AL	ROSUVASTATINA SALE DI CALCIO	ROSUVASTATINA SALE DI CALCIO			Compressa rivestita con film	C10AA07	GRUNENTHAL ITALIA S.R.L.	Autorizzata	Procedura Mutuo riconoscimento o Decentrata	Medicinali soggetti a prescrizione medica
035883432	035883	PROVISACOR	40 MG COMPRESSE RIVESTITE CON FILM- 100 COMPRESSE IN BLISTER AL/AL	ROSUVASTATINA SALE DI CALCIO	ROSUVASTATINA SALE DI CALCIO			Compressa rivestita con film	C10AA07	GRUNENTHAL ITALIA S.R.L.	Autorizzata	Procedura Mutuo riconoscimento o Decentrata	Medicinali soggetti a prescrizione medica
035883444	035883	PROVISACOR	40 MG COMPRESSE RIVESTITE CON FILM- 30 COMPRESSE IN FLACONE HDPE	ROSUVASTATINA SALE DI CALCIO	ROSUVASTATINA SALE DI CALCIO			Compressa rivestita con film	C10AA07	GRUNENTHAL ITALIA S.R.L.	Autorizzata	Procedura Mutuo riconoscimento o Decentrata	Medicinali soggetti a prescrizione medica
035883457	035883	PROVISACOR	40 MG COMPRESSE RIVESTITE CON FILM- 100 COMPRESSE IN FLACONE HDPE	ROSUVASTATINA SALE DI CALCIO	ROSUVASTATINA SALE DI CALCIO			Compressa rivestita con film	C10AA07	GRUNENTHAL ITALIA S.R.L.	Autorizzata	Procedura Mutuo riconoscimento o Decentrata	Medicinali soggetti a prescrizione medica
035883469	035883	PROVISACOR	5 MG COMPRESSE RIVESTITE CON FILM -  7 COMPRESSE IN  BLISTER AL/AL	ROSUVASTATINA SALE DI CALCIO	ROSUVASTATINA SALE DI CALCIO			Compressa rivestita con film	C10AA07	GRUNENTHAL ITALIA S.R.L.	Autorizzata	Procedura Mutuo riconoscimento o Decentrata	Medicinali soggetti a prescrizione medica
035883471	035883	PROVISACOR	5 MG COMPRESSE RIVESTITE CON FILM -  14 COMPRESSE IN  BLISTER AL/AL	ROSUVASTATINA SALE DI CALCIO	ROSUVASTATINA SALE DI CALCIO			Compressa rivestita con film	C10AA07	GRUNENTHAL ITALIA S.R.L.	Autorizzata	Procedura Mutuo riconoscimento o Decentrata	Medicinali soggetti a prescrizione medica
035883483	035883	PROVISACOR	5 MG COMPRESSE RIVESTITE CON FILM -  15 COMPRESSE IN  BLISTER AL/AL	ROSUVASTATINA SALE DI CALCIO	ROSUVASTATINA SALE DI CALCIO			Compressa rivestita con film	C10AA07	GRUNENTHAL ITALIA S.R.L.	Autorizzata	Procedura Mutuo riconoscimento o Decentrata	Medicinali soggetti a prescrizione medica
035883495	035883	PROVISACOR	5 MG COMPRESSE RIVESTITE CON FILM -  20 COMPRESSE IN  BLISTER AL/AL	ROSUVASTATINA SALE DI CALCIO	ROSUVASTATINA SALE DI CALCIO			Compressa rivestita con film	C10AA07	GRUNENTHAL ITALIA S.R.L.	Autorizzata	Procedura Mutuo riconoscimento o Decentrata	Medicinali soggetti a prescrizione medica
035883507	035883	PROVISACOR	5 MG COMPRESSE RIVESTITE CON FILM -  28 COMPRESSE IN  BLISTER AL/AL	ROSUVASTATINA SALE DI CALCIO	ROSUVASTATINA SALE DI CALCIO			Compressa rivestita con film	C10AA07	GRUNENTHAL ITALIA S.R.L.	Autorizzata	Procedura Mutuo riconoscimento o Decentrata	Medicinali soggetti a prescrizione medica
035883519	035883	PROVISACOR	5 MG COMPRESSE RIVESTITE CON FILM -  30 COMPRESSE IN  BLISTER AL/AL	ROSUVASTATINA SALE DI CALCIO	ROSUVASTATINA SALE DI CALCIO			Compressa rivestita con film	C10AA07	GRUNENTHAL ITALIA S.R.L.	Autorizzata	Procedura Mutuo riconoscimento o Decentrata	Medicinali soggetti a prescrizione medica
035883521	035883	PROVISACOR	5 MG COMPRESSE RIVESTITE CON FILM - 42 COMPRESSE IN  BLISTER AL/AL	ROSUVASTATINA SALE DI CALCIO	ROSUVASTATINA SALE DI CALCIO			Compressa rivestita con film	C10AA07	GRUNENTHAL ITALIA S.R.L.	Autorizzata	Procedura Mutuo riconoscimento o Decentrata	Medicinali soggetti a prescrizione medica
035883533	035883	PROVISACOR	5 MG COMPRESSE RIVESTITE CON FILM -  50 COMPRESSE IN  BLISTER AL/AL	ROSUVASTATINA SALE DI CALCIO	ROSUVASTATINA SALE DI CALCIO			Compressa rivestita con film	C10AA07	GRUNENTHAL ITALIA S.R.L.	Autorizzata	Procedura Mutuo riconoscimento o Decentrata	Medicinali soggetti a prescrizione medica
035883545	035883	PROVISACOR	5 MG COMPRESSE RIVESTITE CON FILM -  56 COMPRESSE IN  BLISTER AL/AL	ROSUVASTATINA SALE DI CALCIO	ROSUVASTATINA SALE DI CALCIO			Compressa rivestita con film	C10AA07	GRUNENTHAL ITALIA S.R.L.	Autorizzata	Procedura Mutuo riconoscimento o Decentrata	Medicinali soggetti a prescrizione medica
035883558	035883	PROVISACOR	5 MG COMPRESSE RIVESTITE CON FILM -  60 COMPRESSE IN  BLISTER AL/AL	ROSUVASTATINA SALE DI CALCIO	ROSUVASTATINA SALE DI CALCIO			Compressa rivestita con film	C10AA07	GRUNENTHAL ITALIA S.R.L.	Autorizzata	Procedura Mutuo riconoscimento o Decentrata	Medicinali soggetti a prescrizione medica
035883560	035883	PROVISACOR	5 MG COMPRESSE RIVESTITE CON FILM -  84 COMPRESSE IN  BLISTER AL/AL	ROSUVASTATINA SALE DI CALCIO	ROSUVASTATINA SALE DI CALCIO			Compressa rivestita con film	C10AA07	GRUNENTHAL ITALIA S.R.L.	Autorizzata	Procedura Mutuo riconoscimento o Decentrata	Medicinali soggetti a prescrizione medica
035883572	035883	PROVISACOR	5 MG COMPRESSE RIVESTITE CON FILM -  98 COMPRESSE IN  BLISTER AL/AL	ROSUVASTATINA SALE DI CALCIO	ROSUVASTATINA SALE DI CALCIO			Compressa rivestita con film	C10AA07	GRUNENTHAL ITALIA S.R.L.	Autorizzata	Procedura Mutuo riconoscimento o Decentrata	Medicinali soggetti a prescrizione medica
035883584	035883	PROVISACOR	5 MG COMPRESSE RIVESTITE CON FILM -  100 COMPRESSE IN  BLISTER AL/AL	ROSUVASTATINA SALE DI CALCIO	ROSUVASTATINA SALE DI CALCIO			Compressa rivestita con film	C10AA07	GRUNENTHAL ITALIA S.R.L.	Autorizzata	Procedura Mutuo riconoscimento o Decentrata	Medicinali soggetti a prescrizione medica
035883596	035883	PROVISACOR	5 MG COMPRESSE RIVESTITE CON FILM -  30 COMPRESSE IN  FLACONE HDPE	ROSUVASTATINA SALE DI CALCIO	ROSUVASTATINA SALE DI CALCIO			Compressa rivestita con film	C10AA07	GRUNENTHAL ITALIA S.R.L.	Autorizzata	Procedura Mutuo riconoscimento o Decentrata	Medicinali soggetti a prescrizione medica
035883608	035883	PROVISACOR	5 MG COMPRESSE RIVESTITE CON FILM -  100 COMPRESSE IN  FLACONE HDPE	ROSUVASTATINA SALE DI CALCIO	ROSUVASTATINA SALE DI CALCIO			Compressa rivestita con film	C10AA07	GRUNENTHAL ITALIA S.R.L.	Autorizzata	Procedura Mutuo riconoscimento o Decentrata	Medicinali soggetti a prescrizione medica
035883610	035883	PROVISACOR	5  MG COMPRESSE RIVESTITE CON FILM- 90 COMPRESSE IN BLISTER AL/AL	ROSUVASTATINA SALE DI CALCIO	ROSUVASTATINA SALE DI CALCIO			Compressa rivestita con film	C10AA07	GRUNENTHAL ITALIA S.R.L.	Autorizzata	Procedura Mutuo riconoscimento o Decentrata	Medicinali soggetti a prescrizione medica
035883622	035883	PROVISACOR	10  MG COMPRESSE RIVESTITE CON FILM- 90 COMPRESSE IN BLISTER AL/AL	ROSUVASTATINA SALE DI CALCIO	ROSUVASTATINA SALE DI CALCIO			Compressa rivestita con film	C10AA07	GRUNENTHAL ITALIA S.R.L.	Autorizzata	Procedura Mutuo riconoscimento o Decentrata	Medicinali soggetti a prescrizione medica
035883634	035883	PROVISACOR	20  MG COMPRESSE RIVESTITE CON FILM- 90 COMPRESSE IN BLISTER AL/AL	ROSUVASTATINA SALE DI CALCIO	ROSUVASTATINA SALE DI CALCIO	20	milligrammi	Compressa rivestita con film	C10AA07	GRUNENTHAL ITALIA S.R.L.	Autorizzata	Procedura Mutuo riconoscimento o Decentrata	Medicinali soggetti a prescrizione medica
035883646	035883	PROVISACOR	40  MG COMPRESSE RIVESTITE CON FILM- 90 COMPRESSE IN BLISTER AL/AL	ROSUVASTATINA SALE DI CALCIO	ROSUVASTATINA SALE DI CALCIO	40	milligrammi	Compressa rivestita con film	C10AA07	GRUNENTHAL ITALIA S.R.L.	Autorizzata	Procedura Mutuo riconoscimento o Decentrata	Medicinali soggetti a prescrizione medica
035884016	035884	SIMESTAT	10 MG COMPRESSE RIVESTITE CON FILM- 7 COMPRESSE IN BLISTER AL/AL	ROSUVASTATINA SALE DI CALCIO	ROSUVASTATINA SALE DI CALCIO			Compressa rivestita con film	C10AA07	GRUNENTHAL ITALIA S.R.L.	Autorizzata	Procedura Mutuo riconoscimento o Decentrata	Medicinali soggetti a prescrizione medica
035884028	035884	SIMESTAT	10 MG COMPRESSE RIVESTITE CON FILM- 14 COMPRESSE IN BLISTER AL/AL	ROSUVASTATINA SALE DI CALCIO	ROSUVASTATINA SALE DI CALCIO			Compressa rivestita con film	C10AA07	GRUNENTHAL ITALIA S.R.L.	Autorizzata	Procedura Mutuo riconoscimento o Decentrata	Medicinali soggetti a prescrizione medica
035884030	035884	SIMESTAT	10 MG COMPRESSE RIVESTITE CON FILM- 15 COMPRESSE IN BLISTER AL/AL	ROSUVASTATINA SALE DI CALCIO	ROSUVASTATINA SALE DI CALCIO			Compressa rivestita con film	C10AA07	GRUNENTHAL ITALIA S.R.L.	Autorizzata	Procedura Mutuo riconoscimento o Decentrata	Medicinali soggetti a prescrizione medica
035884042	035884	SIMESTAT	10 MG COMPRESSE RIVESTITE CON FILM- 20 COMPRESSE IN BLISTER AL/AL	ROSUVASTATINA SALE DI CALCIO	ROSUVASTATINA SALE DI CALCIO			Compressa rivestita con film	C10AA07	GRUNENTHAL ITALIA S.R.L.	Autorizzata	Procedura Mutuo riconoscimento o Decentrata	Medicinali soggetti a prescrizione medica
035884055	035884	SIMESTAT	10 MG COMPRESSE RIVESTITE CON FILM- 28 COMPRESSE IN BLISTER AL/AL	ROSUVASTATINA SALE DI CALCIO	ROSUVASTATINA SALE DI CALCIO			Compressa rivestita con film	C10AA07	GRUNENTHAL ITALIA S.R.L.	Autorizzata	Procedura Mutuo riconoscimento o Decentrata	Medicinali soggetti a prescrizione medica
035884067	035884	SIMESTAT	10 MG COMPRESSE RIVESTITE CON FILM- 30 COMPRESSE IN BLISTER AL/AL	ROSUVASTATINA SALE DI CALCIO	ROSUVASTATINA SALE DI CALCIO			Compressa rivestita con film	C10AA07	GRUNENTHAL ITALIA S.R.L.	Autorizzata	Procedura Mutuo riconoscimento o Decentrata	Medicinali soggetti a prescrizione medica
035884079	035884	SIMESTAT	10 MG COMPRESSE RIVESTITE CON FILM- 42 COMPRESSE IN BLISTER AL/AL	ROSUVASTATINA SALE DI CALCIO	ROSUVASTATINA SALE DI CALCIO			Compressa rivestita con film	C10AA07	GRUNENTHAL ITALIA S.R.L.	Autorizzata	Procedura Mutuo riconoscimento o Decentrata	Medicinali soggetti a prescrizione medica
035884081	035884	SIMESTAT	10 MG COMPRESSE RIVESTITE CON FILM- 50 COMPRESSE IN BLISTER AL/AL	ROSUVASTATINA SALE DI CALCIO	ROSUVASTATINA SALE DI CALCIO			Compressa rivestita con film	C10AA07	GRUNENTHAL ITALIA S.R.L.	Autorizzata	Procedura Mutuo riconoscimento o Decentrata	Medicinali soggetti a prescrizione medica
035884093	035884	SIMESTAT	10 MG COMPRESSE RIVESTITE CON FILM- 56 COMPRESSE IN BLISTER AL/AL	ROSUVASTATINA SALE DI CALCIO	ROSUVASTATINA SALE DI CALCIO			Compressa rivestita con film	C10AA07	GRUNENTHAL ITALIA S.R.L.	Autorizzata	Procedura Mutuo riconoscimento o Decentrata	Medicinali soggetti a prescrizione medica
035884105	035884	SIMESTAT	10 MG COMPRESSE RIVESTITE CON FILM- 60 COMPRESSE IN BLISTER AL/AL	ROSUVASTATINA SALE DI CALCIO	ROSUVASTATINA SALE DI CALCIO			Compressa rivestita con film	C10AA07	GRUNENTHAL ITALIA S.R.L.	Autorizzata	Procedura Mutuo riconoscimento o Decentrata	Medicinali soggetti a prescrizione medica
035884117	035884	SIMESTAT	10 MG COMPRESSE RIVESTITE CON FILM- 84 COMPRESSE IN BLISTER AL/AL	ROSUVASTATINA SALE DI CALCIO	ROSUVASTATINA SALE DI CALCIO			Compressa rivestita con film	C10AA07	GRUNENTHAL ITALIA S.R.L.	Autorizzata	Procedura Mutuo riconoscimento o Decentrata	Medicinali soggetti a prescrizione medica
035884129	035884	SIMESTAT	10 MG COMPRESSE RIVESTITE CON FILM- 98 COMPRESSE IN BLISTER AL/AL	ROSUVASTATINA SALE DI CALCIO	ROSUVASTATINA SALE DI CALCIO			Compressa rivestita con film	C10AA07	GRUNENTHAL ITALIA S.R.L.	Autorizzata	Procedura Mutuo riconoscimento o Decentrata	Medicinali soggetti a prescrizione medica
035884131	035884	SIMESTAT	10 MG COMPRESSE RIVESTITE CON FILM- 100 COMPRESSE IN BLISTER AL/AL	ROSUVASTATINA SALE DI CALCIO	ROSUVASTATINA SALE DI CALCIO			Compressa rivestita con film	C10AA07	GRUNENTHAL ITALIA S.R.L.	Autorizzata	Procedura Mutuo riconoscimento o Decentrata	Medicinali soggetti a prescrizione medica
035884143	035884	SIMESTAT	10 MG COMPRESSE RIVESTITE CON FILM- 30 COMPRESSE IN FLACONE HDPE	ROSUVASTATINA SALE DI CALCIO	ROSUVASTATINA SALE DI CALCIO			Compressa rivestita con film	C10AA07	GRUNENTHAL ITALIA S.R.L.	Autorizzata	Procedura Mutuo riconoscimento o Decentrata	Medicinali soggetti a prescrizione medica
035884156	035884	SIMESTAT	10 MG COMPRESSE RIVESTITE CON FILM- 100 COMPRESSE IN FLACONE HDPE	ROSUVASTATINA SALE DI CALCIO	ROSUVASTATINA SALE DI CALCIO			Compressa rivestita con film	C10AA07	GRUNENTHAL ITALIA S.R.L.	Autorizzata	Procedura Mutuo riconoscimento o Decentrata	Medicinali soggetti a prescrizione medica
035884168	035884	SIMESTAT	20 MG COMPRESSE RIVESTITE CON FILM- 7 COMPRESSE IN BLISTER AL/AL	ROSUVASTATINA SALE DI CALCIO	ROSUVASTATINA SALE DI CALCIO			Compressa rivestita con film	C10AA07	GRUNENTHAL ITALIA S.R.L.	Autorizzata	Procedura Mutuo riconoscimento o Decentrata	Medicinali soggetti a prescrizione medica
035884170	035884	SIMESTAT	20 MG COMPRESSE RIVESTITE CON FILM- 14 COMPRESSE IN BLISTER AL/AL	ROSUVASTATINA SALE DI CALCIO	ROSUVASTATINA SALE DI CALCIO	20	milligrammi	Compressa rivestita con film	C10AA07	GRUNENTHAL ITALIA S.R.L.	Autorizzata	Procedura Mutuo riconoscimento o Decentrata	Medicinali soggetti a prescrizione medica
035884182	035884	SIMESTAT	20 MG COMPRESSE RIVESTITE CON FILM- 15 COMPRESSE IN BLISTER AL/AL	ROSUVASTATINA SALE DI CALCIO	ROSUVASTATINA SALE DI CALCIO	20	milligrammi	Compressa rivestita con film	C10AA07	GRUNENTHAL ITALIA S.R.L.	Autorizzata	Procedura Mutuo riconoscimento o Decentrata	Medicinali soggetti a prescrizione medica
035884194	035884	SIMESTAT	20 MG COMPRESSE RIVESTITE CON FILM- 20 COMPRESSE IN BLISTER AL/AL	ROSUVASTATINA SALE DI CALCIO	ROSUVASTATINA SALE DI CALCIO	20	milligrammi	Compressa rivestita con film	C10AA07	GRUNENTHAL ITALIA S.R.L.	Autorizzata	Procedura Mutuo riconoscimento o Decentrata	Medicinali soggetti a prescrizione medica
035884206	035884	SIMESTAT	20 MG COMPRESSE RIVESTITE CON FILM- 28 COMPRESSE IN BLISTER AL/AL	ROSUVASTATINA SALE DI CALCIO	ROSUVASTATINA SALE DI CALCIO	20	milligrammi	Compressa rivestita con film	C10AA07	GRUNENTHAL ITALIA S.R.L.	Autorizzata	Procedura Mutuo riconoscimento o Decentrata	Medicinali soggetti a prescrizione medica
035884218	035884	SIMESTAT	20 MG COMPRESSE RIVESTITE CON FILM- 30 COMPRESSE IN BLISTER AL/AL	ROSUVASTATINA SALE DI CALCIO	ROSUVASTATINA SALE DI CALCIO	20	milligrammi	Compressa rivestita con film	C10AA07	GRUNENTHAL ITALIA S.R.L.	Autorizzata	Procedura Mutuo riconoscimento o Decentrata	Medicinali soggetti a prescrizione medica
035884220	035884	SIMESTAT	20 MG COMPRESSE RIVESTITE CON FILM- 42 COMPRESSE IN BLISTER AL/AL	ROSUVASTATINA SALE DI CALCIO	ROSUVASTATINA SALE DI CALCIO	20	milligrammi	Compressa rivestita con film	C10AA07	GRUNENTHAL ITALIA S.R.L.	Autorizzata	Procedura Mutuo riconoscimento o Decentrata	Medicinali soggetti a prescrizione medica
035884232	035884	SIMESTAT	20 MG COMPRESSE RIVESTITE CON FILM- 50 COMPRESSE IN BLISTER AL/AL	ROSUVASTATINA SALE DI CALCIO	ROSUVASTATINA SALE DI CALCIO	20	milligrammi	Compressa rivestita con film	C10AA07	GRUNENTHAL ITALIA S.R.L.	Autorizzata	Procedura Mutuo riconoscimento o Decentrata	Medicinali soggetti a prescrizione medica
035884244	035884	SIMESTAT	20 MG COMPRESSE RIVESTITE CON FILM- 56 COMPRESSE IN BLISTER AL/AL	ROSUVASTATINA SALE DI CALCIO	ROSUVASTATINA SALE DI CALCIO	20	milligrammi	Compressa rivestita con film	C10AA07	GRUNENTHAL ITALIA S.R.L.	Autorizzata	Procedura Mutuo riconoscimento o Decentrata	Medicinali soggetti a prescrizione medica
035884257	035884	SIMESTAT	20 MG COMPRESSE RIVESTITE CON FILM- 60 COMPRESSE IN BLISTER AL/AL	ROSUVASTATINA SALE DI CALCIO	ROSUVASTATINA SALE DI CALCIO	20	milligrammi	Compressa rivestita con film	C10AA07	GRUNENTHAL ITALIA S.R.L.	Autorizzata	Procedura Mutuo riconoscimento o Decentrata	Medicinali soggetti a prescrizione medica
035884269	035884	SIMESTAT	20 MG COMPRESSE RIVESTITE CON FILM- 84 COMPRESSE IN BLISTER AL/AL	ROSUVASTATINA SALE DI CALCIO	ROSUVASTATINA SALE DI CALCIO	20	milligrammi	Compressa rivestita con film	C10AA07	GRUNENTHAL ITALIA S.R.L.	Autorizzata	Procedura Mutuo riconoscimento o Decentrata	Medicinali soggetti a prescrizione medica
035884271	035884	SIMESTAT	20 MG COMPRESSE RIVESTITE CON FILM- 98 COMPRESSE IN BLISTER AL/AL	ROSUVASTATINA SALE DI CALCIO	ROSUVASTATINA SALE DI CALCIO	20	milligrammi	Compressa rivestita con film	C10AA07	GRUNENTHAL ITALIA S.R.L.	Autorizzata	Procedura Mutuo riconoscimento o Decentrata	Medicinali soggetti a prescrizione medica
035884283	035884	SIMESTAT	20 MG COMPRESSE RIVESTITE CON FILM- 100 COMPRESSE IN BLISTER AL/AL	ROSUVASTATINA SALE DI CALCIO	ROSUVASTATINA SALE DI CALCIO	20	milligrammi	Compressa rivestita con film	C10AA07	GRUNENTHAL ITALIA S.R.L.	Autorizzata	Procedura Mutuo riconoscimento o Decentrata	Medicinali soggetti a prescrizione medica
035884295	035884	SIMESTAT	20 MG COMPRESSE RIVESTITE CON FILM- 30 COMPRESSE IN FLACONE HDPE	ROSUVASTATINA SALE DI CALCIO	ROSUVASTATINA SALE DI CALCIO			Compressa rivestita con film	C10AA07	GRUNENTHAL ITALIA S.R.L.	Autorizzata	Procedura Mutuo riconoscimento o Decentrata	Medicinali soggetti a prescrizione medica
035884307	035884	SIMESTAT	20 MG COMPRESSE RIVESTITE CON FILM- 100 COMPRESSE IN FLACONE HDPE	ROSUVASTATINA SALE DI CALCIO	ROSUVASTATINA SALE DI CALCIO			Compressa rivestita con film	C10AA07	GRUNENTHAL ITALIA S.R.L.	Autorizzata	Procedura Mutuo riconoscimento o Decentrata	Medicinali soggetti a prescrizione medica
035884319	035884	SIMESTAT	40 MG COMPRESSE RIVESTITE CON FILM- 7 COMPRESSE IN BLISTER AL/AL	ROSUVASTATINA SALE DI CALCIO	ROSUVASTATINA SALE DI CALCIO			Compressa rivestita con film	C10AA07	GRUNENTHAL ITALIA S.R.L.	Autorizzata	Procedura Mutuo riconoscimento o Decentrata	Medicinali soggetti a prescrizione medica
035884321	035884	SIMESTAT	40 MG COMPRESSE RIVESTITE CON FILM- 14 COMPRESSE IN BLISTER AL/AL	ROSUVASTATINA SALE DI CALCIO	ROSUVASTATINA SALE DI CALCIO			Compressa rivestita con film	C10AA07	GRUNENTHAL ITALIA S.R.L.	Autorizzata	Procedura Mutuo riconoscimento o Decentrata	Medicinali soggetti a prescrizione medica
035884333	035884	SIMESTAT	40 MG COMPRESSE RIVESTITE CON FILM- 15 COMPRESSE IN BLISTER AL/AL	ROSUVASTATINA SALE DI CALCIO	ROSUVASTATINA SALE DI CALCIO			Compressa rivestita con film	C10AA07	GRUNENTHAL ITALIA S.R.L.	Autorizzata	Procedura Mutuo riconoscimento o Decentrata	Medicinali soggetti a prescrizione medica
035884345	035884	SIMESTAT	40 MG COMPRESSE RIVESTITE CON FILM- 20 COMPRESSE IN BLISTER AL/AL	ROSUVASTATINA SALE DI CALCIO	ROSUVASTATINA SALE DI CALCIO			Compressa rivestita con film	C10AA07	GRUNENTHAL ITALIA S.R.L.	Autorizzata	Procedura Mutuo riconoscimento o Decentrata	Medicinali soggetti a prescrizione medica
035884358	035884	SIMESTAT	40 MG COMPRESSE RIVESTITE CON FILM- 28 COMPRESSE IN BLISTER AL/AL	ROSUVASTATINA SALE DI CALCIO	ROSUVASTATINA SALE DI CALCIO			Compressa rivestita con film	C10AA07	GRUNENTHAL ITALIA S.R.L.	Autorizzata	Procedura Mutuo riconoscimento o Decentrata	Medicinali soggetti a prescrizione medica
035884360	035884	SIMESTAT	40 MG COMPRESSE RIVESTITE CON FILM- 30 COMPRESSE IN BLISTER AL/AL	ROSUVASTATINA SALE DI CALCIO	ROSUVASTATINA SALE DI CALCIO			Compressa rivestita con film	C10AA07	GRUNENTHAL ITALIA S.R.L.	Autorizzata	Procedura Mutuo riconoscimento o Decentrata	Medicinali soggetti a prescrizione medica
035884372	035884	SIMESTAT	40 MG COMPRESSE RIVESTITE CON FILM- 42 COMPRESSE IN BLISTER AL/AL	ROSUVASTATINA SALE DI CALCIO	ROSUVASTATINA SALE DI CALCIO			Compressa rivestita con film	C10AA07	GRUNENTHAL ITALIA S.R.L.	Autorizzata	Procedura Mutuo riconoscimento o Decentrata	Medicinali soggetti a prescrizione medica
035884384	035884	SIMESTAT	40 MG COMPRESSE RIVESTITE CON FILM- 50 COMPRESSE IN BLISTER AL/AL	ROSUVASTATINA SALE DI CALCIO	ROSUVASTATINA SALE DI CALCIO			Compressa rivestita con film	C10AA07	GRUNENTHAL ITALIA S.R.L.	Autorizzata	Procedura Mutuo riconoscimento o Decentrata	Medicinali soggetti a prescrizione medica
035884396	035884	SIMESTAT	40 MG COMPRESSE RIVESTITE CON FILM- 56 COMPRESSE IN BLISTER AL/AL	ROSUVASTATINA SALE DI CALCIO	ROSUVASTATINA SALE DI CALCIO			Compressa rivestita con film	C10AA07	GRUNENTHAL ITALIA S.R.L.	Autorizzata	Procedura Mutuo riconoscimento o Decentrata	Medicinali soggetti a prescrizione medica
035884408	035884	SIMESTAT	40 MG COMPRESSE RIVESTITE CON FILM- 60 COMPRESSE IN BLISTER AL/AL	ROSUVASTATINA SALE DI CALCIO	ROSUVASTATINA SALE DI CALCIO			Compressa rivestita con film	C10AA07	GRUNENTHAL ITALIA S.R.L.	Autorizzata	Procedura Mutuo riconoscimento o Decentrata	Medicinali soggetti a prescrizione medica
035884410	035884	SIMESTAT	40 MG COMPRESSE RIVESTITE CON FILM- 84 COMPRESSE IN BLISTER AL/AL	ROSUVASTATINA SALE DI CALCIO	ROSUVASTATINA SALE DI CALCIO			Compressa rivestita con film	C10AA07	GRUNENTHAL ITALIA S.R.L.	Autorizzata	Procedura Mutuo riconoscimento o Decentrata	Medicinali soggetti a prescrizione medica
035884422	035884	SIMESTAT	40 MG COMPRESSE RIVESTITE CON FILM- 98 COMPRESSE IN BLISTER AL/AL	ROSUVASTATINA SALE DI CALCIO	ROSUVASTATINA SALE DI CALCIO			Compressa rivestita con film	C10AA07	GRUNENTHAL ITALIA S.R.L.	Autorizzata	Procedura Mutuo riconoscimento o Decentrata	Medicinali soggetti a prescrizione medica
035884434	035884	SIMESTAT	40 MG COMPRESSE RIVESTITE CON FILM- 100 COMPRESSE IN BLISTER AL/AL	ROSUVASTATINA SALE DI CALCIO	ROSUVASTATINA SALE DI CALCIO			Compressa rivestita con film	C10AA07	GRUNENTHAL ITALIA S.R.L.	Autorizzata	Procedura Mutuo riconoscimento o Decentrata	Medicinali soggetti a prescrizione medica
035884446	035884	SIMESTAT	40 MG COMPRESSE RIVESTITE CON FILM- 30 COMPRESSE IN FLACONE HDPE	ROSUVASTATINA SALE DI CALCIO	ROSUVASTATINA SALE DI CALCIO			Compressa rivestita con film	C10AA07	GRUNENTHAL ITALIA S.R.L.	Autorizzata	Procedura Mutuo riconoscimento o Decentrata	Medicinali soggetti a prescrizione medica
035884459	035884	SIMESTAT	40 MG COMPRESSE RIVESTITE CON FILM- 100 COMPRESSE IN FLACONE HDPE	ROSUVASTATINA SALE DI CALCIO	ROSUVASTATINA SALE DI CALCIO			Compressa rivestita con film	C10AA07	GRUNENTHAL ITALIA S.R.L.	Autorizzata	Procedura Mutuo riconoscimento o Decentrata	Medicinali soggetti a prescrizione medica
035884461	035884	SIMESTAT	5 MG COMPRESSE RIVESTITE CON FILM -  7 COMPRESSE IN  BLISTER AL/AL	ROSUVASTATINA SALE DI CALCIO	ROSUVASTATINA SALE DI CALCIO			Compressa rivestita con film	C10AA07	GRUNENTHAL ITALIA S.R.L.	Autorizzata	Procedura Mutuo riconoscimento o Decentrata	Medicinali soggetti a prescrizione medica
035884473	035884	SIMESTAT	5 MG COMPRESSE RIVESTITE CON FILM -  14 COMPRESSE IN  BLISTER AL/AL	ROSUVASTATINA SALE DI CALCIO	ROSUVASTATINA SALE DI CALCIO			Compressa rivestita con film	C10AA07	GRUNENTHAL ITALIA S.R.L.	Autorizzata	Procedura Mutuo riconoscimento o Decentrata	Medicinali soggetti a prescrizione medica
035884485	035884	SIMESTAT	5 MG COMPRESSE RIVESTITE CON FILM -  15 COMPRESSE IN  BLISTER AL/AL	ROSUVASTATINA SALE DI CALCIO	ROSUVASTATINA SALE DI CALCIO			Compressa rivestita con film	C10AA07	GRUNENTHAL ITALIA S.R.L.	Autorizzata	Procedura Mutuo riconoscimento o Decentrata	Medicinali soggetti a prescrizione medica
035884497	035884	SIMESTAT	5 MG COMPRESSE RIVESTITE CON FILM -  20 COMPRESSE IN  BLISTER AL/AL	ROSUVASTATINA SALE DI CALCIO	ROSUVASTATINA SALE DI CALCIO			Compressa rivestita con film	C10AA07	GRUNENTHAL ITALIA S.R.L.	Autorizzata	Procedura Mutuo riconoscimento o Decentrata	Medicinali soggetti a prescrizione medica
035884509	035884	SIMESTAT	5 MG COMPRESSE RIVESTITE CON FILM -  28 COMPRESSE IN  BLISTER AL/AL	ROSUVASTATINA SALE DI CALCIO	ROSUVASTATINA SALE DI CALCIO			Compressa rivestita con film	C10AA07	GRUNENTHAL ITALIA S.R.L.	Autorizzata	Procedura Mutuo riconoscimento o Decentrata	Medicinali soggetti a prescrizione medica
035884511	035884	SIMESTAT	5 MG COMPRESSE RIVESTITE CON FILM -  30 COMPRESSE IN  BLISTER AL/AL	ROSUVASTATINA SALE DI CALCIO	ROSUVASTATINA SALE DI CALCIO			Compressa rivestita con film	C10AA07	GRUNENTHAL ITALIA S.R.L.	Autorizzata	Procedura Mutuo riconoscimento o Decentrata	Medicinali soggetti a prescrizione medica
035884523	035884	SIMESTAT	5 MG COMPRESSE RIVESTITE CON FILM -  42 COMPRESSE IN  BLISTER AL/AL	ROSUVASTATINA SALE DI CALCIO	ROSUVASTATINA SALE DI CALCIO			Compressa rivestita con film	C10AA07	GRUNENTHAL ITALIA S.R.L.	Autorizzata	Procedura Mutuo riconoscimento o Decentrata	Medicinali soggetti a prescrizione medica
035884535	035884	SIMESTAT	5 MG COMPRESSE RIVESTITE CON FILM -  50 COMPRESSE IN  BLISTER AL/AL	ROSUVASTATINA SALE DI CALCIO	ROSUVASTATINA SALE DI CALCIO			Compressa rivestita con film	C10AA07	GRUNENTHAL ITALIA S.R.L.	Autorizzata	Procedura Mutuo riconoscimento o Decentrata	Medicinali soggetti a prescrizione medica
035884547	035884	SIMESTAT	5 MG COMPRESSE RIVESTITE CON FILM -  56 COMPRESSE IN  BLISTER AL/AL	ROSUVASTATINA SALE DI CALCIO	ROSUVASTATINA SALE DI CALCIO			Compressa rivestita con film	C10AA07	GRUNENTHAL ITALIA S.R.L.	Autorizzata	Procedura Mutuo riconoscimento o Decentrata	Medicinali soggetti a prescrizione medica
035884550	035884	SIMESTAT	5 MG COMPRESSE RIVESTITE CON FILM -  60 COMPRESSE IN  BLISTER AL/AL	ROSUVASTATINA SALE DI CALCIO	ROSUVASTATINA SALE DI CALCIO			Compressa rivestita con film	C10AA07	GRUNENTHAL ITALIA S.R.L.	Autorizzata	Procedura Mutuo riconoscimento o Decentrata	Medicinali soggetti a prescrizione medica
035884562	035884	SIMESTAT	5 MG COMPRESSE RIVESTITE CON FILM -  84 COMPRESSE IN  BLISTER AL/AL	ROSUVASTATINA SALE DI CALCIO	ROSUVASTATINA SALE DI CALCIO			Compressa rivestita con film	C10AA07	GRUNENTHAL ITALIA S.R.L.	Autorizzata	Procedura Mutuo riconoscimento o Decentrata	Medicinali soggetti a prescrizione medica
035884574	035884	SIMESTAT	5 MG COMPRESSE RIVESTITE CON FILM -  98 COMPRESSE IN  BLISTER AL/AL	ROSUVASTATINA SALE DI CALCIO	ROSUVASTATINA SALE DI CALCIO			Compressa rivestita con film	C10AA07	GRUNENTHAL ITALIA S.R.L.	Autorizzata	Procedura Mutuo riconoscimento o Decentrata	Medicinali soggetti a prescrizione medica
035884586	035884	SIMESTAT	5 MG COMPRESSE RIVESTITE CON FILM -  100 COMPRESSE IN  BLISTER AL/AL	ROSUVASTATINA SALE DI CALCIO	ROSUVASTATINA SALE DI CALCIO			Compressa rivestita con film	C10AA07	GRUNENTHAL ITALIA S.R.L.	Autorizzata	Procedura Mutuo riconoscimento o Decentrata	Medicinali soggetti a prescrizione medica
035884598	035884	SIMESTAT	5 MG COMPRESSE RIVESTITE CON FILM -  30 COMPRESSE IN  FLACONE HDPE	ROSUVASTATINA SALE DI CALCIO	ROSUVASTATINA SALE DI CALCIO			Compressa rivestita con film	C10AA07	GRUNENTHAL ITALIA S.R.L.	Autorizzata	Procedura Mutuo riconoscimento o Decentrata	Medicinali soggetti a prescrizione medica
035884600	035884	SIMESTAT	5 MG COMPRESSE RIVESTITE CON FILM -  100 COMPRESSE IN  FLACONE HDPE	ROSUVASTATINA SALE DI CALCIO	ROSUVASTATINA SALE DI CALCIO			Compressa rivestita con film	C10AA07	GRUNENTHAL ITALIA S.R.L.	Autorizzata	Procedura Mutuo riconoscimento o Decentrata	Medicinali soggetti a prescrizione medica
035884612	035884	SIMESTAT	5 MG COMPRESSE RIVESTITE CON FILM- 90 COMPRESSE IN BLISTER AL/AL	ROSUVASTATINA SALE DI CALCIO	ROSUVASTATINA SALE DI CALCIO			Compressa rivestita con film	C10AA07	GRUNENTHAL ITALIA S.R.L.	Autorizzata	Procedura Mutuo riconoscimento o Decentrata	Medicinali soggetti a prescrizione medica
035884624	035884	SIMESTAT	10 MG COMPRESSE RIVESTITE CON FILM- 90 COMPRESSE IN BLISTER AL/AL	ROSUVASTATINA SALE DI CALCIO	ROSUVASTATINA SALE DI CALCIO			Compressa rivestita con film	C10AA07	GRUNENTHAL ITALIA S.R.L.	Autorizzata	Procedura Mutuo riconoscimento o Decentrata	Medicinali soggetti a prescrizione medica
035884636	035884	SIMESTAT	20 MG COMPRESSE RIVESTITE CON FILM- 90 COMPRESSE IN BLISTER AL/AL	ROSUVASTATINA SALE DI CALCIO	ROSUVASTATINA SALE DI CALCIO			Compressa rivestita con film	C10AA07	GRUNENTHAL ITALIA S.R.L.	Autorizzata	Procedura Mutuo riconoscimento o Decentrata	Medicinali soggetti a prescrizione medica
035884648	035884	SIMESTAT	40 MG COMPRESSE RIVESTITE CON FILM- 90 COMPRESSE IN BLISTER AL/AL	ROSUVASTATINA SALE DI CALCIO	ROSUVASTATINA SALE DI CALCIO			Compressa rivestita con film	C10AA07	GRUNENTHAL ITALIA S.R.L.	Autorizzata	Procedura Mutuo riconoscimento o Decentrata	Medicinali soggetti a prescrizione medica
042575011	042575	ROSUVASTATINA MYLAN	5 MG COMPRESSE RIVESTITE CON FILM- 14 COMPRESSE IN BLISTER PA/AL/LDPE-HDPE/AL	ROSUVASTATINA SALE DI CALCIO	ROSUVASTATINA SALE DI CALCIO			Compressa rivestita con film	C10AA07	MYLAN S.P.A.	Autorizzata	Procedura Mutuo riconoscimento o Decentrata	Medicinali soggetti a prescrizione medica
042575023	042575	ROSUVASTATINA MYLAN	5 MG COMPRESSE RIVESTITE CON FILM- 15 COMPRESSE IN BLISTER PA/AL/LDPE-HDPE/AL	ROSUVASTATINA SALE DI CALCIO	ROSUVASTATINA SALE DI CALCIO			Compressa rivestita con film	C10AA07	MYLAN S.P.A.	Autorizzata	Procedura Mutuo riconoscimento o Decentrata	Medicinali soggetti a prescrizione medica
042575035	042575	ROSUVASTATINA MYLAN	5 MG COMPRESSE RIVESTITE CON FILM- 28 COMPRESSE IN BLISTER PA/AL/LDPE-HDPE/AL	ROSUVASTATINA SALE DI CALCIO	ROSUVASTATINA SALE DI CALCIO			Compressa rivestita con film	C10AA07	MYLAN S.P.A.	Autorizzata	Procedura Mutuo riconoscimento o Decentrata	Medicinali soggetti a prescrizione medica
042575047	042575	ROSUVASTATINA MYLAN	5 MG COMPRESSE RIVESTITE CON FILM- 30 COMPRESSE IN BLISTER PA/AL/LDPE-HDPE/AL	ROSUVASTATINA SALE DI CALCIO	ROSUVASTATINA SALE DI CALCIO			Compressa rivestita con film	C10AA07	MYLAN S.P.A.	Autorizzata	Procedura Mutuo riconoscimento o Decentrata	Medicinali soggetti a prescrizione medica
042575050	042575	ROSUVASTATINA MYLAN	5 MG COMPRESSE RIVESTITE CON FILM- 56 COMPRESSE IN BLISTER PA/AL/LDPE-HDPE/AL	ROSUVASTATINA SALE DI CALCIO	ROSUVASTATINA SALE DI CALCIO			Compressa rivestita con film	C10AA07	MYLAN S.P.A.	Autorizzata	Procedura Mutuo riconoscimento o Decentrata	Medicinali soggetti a prescrizione medica
042575062	042575	ROSUVASTATINA MYLAN	5 MG COMPRESSE RIVESTITE CON FILM- 60 COMPRESSE IN BLISTER PA/AL/LDPE-HDPE/AL	ROSUVASTATINA SALE DI CALCIO	ROSUVASTATINA SALE DI CALCIO			Compressa rivestita con film	C10AA07	MYLAN S.P.A.	Autorizzata	Procedura Mutuo riconoscimento o Decentrata	Medicinali soggetti a prescrizione medica
042575074	042575	ROSUVASTATINA MYLAN	5 MG COMPRESSE RIVESTITE CON FILM- 84 COMPRESSE IN BLISTER PA/AL/LDPE-HDPE/AL	ROSUVASTATINA SALE DI CALCIO	ROSUVASTATINA SALE DI CALCIO			Compressa rivestita con film	C10AA07	MYLAN S.P.A.	Autorizzata	Procedura Mutuo riconoscimento o Decentrata	Medicinali soggetti a prescrizione medica
042575086	042575	ROSUVASTATINA MYLAN	5 MG COMPRESSE RIVESTITE CON FILM- 90 COMPRESSE IN BLISTER PA/AL/LDPE-HDPE/AL	ROSUVASTATINA SALE DI CALCIO	ROSUVASTATINA SALE DI CALCIO			Compressa rivestita con film	C10AA07	MYLAN S.P.A.	Autorizzata	Procedura Mutuo riconoscimento o Decentrata	Medicinali soggetti a prescrizione medica
042575098	042575	ROSUVASTATINA MYLAN	5 MG COMPRESSE RIVESTITE CON FILM- 98 COMPRESSE IN BLISTER PA/AL/LDPE-HDPE/AL	ROSUVASTATINA SALE DI CALCIO	ROSUVASTATINA SALE DI CALCIO			Compressa rivestita con film	C10AA07	MYLAN S.P.A.	Autorizzata	Procedura Mutuo riconoscimento o Decentrata	Medicinali soggetti a prescrizione medica
042575100	042575	ROSUVASTATINA MYLAN	5 MG COMPRESSE RIVESTITE CON FILM- 28 COMPRESSE IN FLACONE HDPE	ROSUVASTATINA SALE DI CALCIO	ROSUVASTATINA SALE DI CALCIO			Compressa rivestita con film	C10AA07	MYLAN S.P.A.	Autorizzata	Procedura Mutuo riconoscimento o Decentrata	Medicinali soggetti a prescrizione medica
042575112	042575	ROSUVASTATINA MYLAN	5 MG COMPRESSE RIVESTITE CON FILM- 30 COMPRESSE IN FLACONE HDPE	ROSUVASTATINA SALE DI CALCIO	ROSUVASTATINA SALE DI CALCIO			Compressa rivestita con film	C10AA07	MYLAN S.P.A.	Autorizzata	Procedura Mutuo riconoscimento o Decentrata	Medicinali soggetti a prescrizione medica
042575124	042575	ROSUVASTATINA MYLAN	5 MG COMPRESSE RIVESTITE CON FILM- 56 COMPRESSE IN FLACONE HDPE	ROSUVASTATINA SALE DI CALCIO	ROSUVASTATINA SALE DI CALCIO			Compressa rivestita con film	C10AA07	MYLAN S.P.A.	Autorizzata	Procedura Mutuo riconoscimento o Decentrata	Medicinali soggetti a prescrizione medica
042575136	042575	ROSUVASTATINA MYLAN	5 MG COMPRESSE RIVESTITE CON FILM- 60 COMPRESSE IN FLACONE HDPE	ROSUVASTATINA SALE DI CALCIO	ROSUVASTATINA SALE DI CALCIO			Compressa rivestita con film	C10AA07	MYLAN S.P.A.	Autorizzata	Procedura Mutuo riconoscimento o Decentrata	Medicinali soggetti a prescrizione medica
042575148	042575	ROSUVASTATINA MYLAN	5 MG COMPRESSE RIVESTITE CON FILM- 84 COMPRESSE IN FLACONE HDPE	ROSUVASTATINA SALE DI CALCIO	ROSUVASTATINA SALE DI CALCIO			Compressa rivestita con film	C10AA07	MYLAN S.P.A.	Autorizzata	Procedura Mutuo riconoscimento o Decentrata	Medicinali soggetti a prescrizione medica
042575151	042575	ROSUVASTATINA MYLAN	5 MG COMPRESSE RIVESTITE CON FILM- 90 COMPRESSE IN FLACONE HDPE	ROSUVASTATINA SALE DI CALCIO	ROSUVASTATINA SALE DI CALCIO			Compressa rivestita con film	C10AA07	MYLAN S.P.A.	Autorizzata	Procedura Mutuo riconoscimento o Decentrata	Medicinali soggetti a prescrizione medica
042575163	042575	ROSUVASTATINA MYLAN	10 MG COMPRESSE RIVESTITE CON FILM- 14 COMPRESSE IN BLISTER PA/AL/LDPE-HDPE/AL	ROSUVASTATINA SALE DI CALCIO	ROSUVASTATINA SALE DI CALCIO			Compressa rivestita con film	C10AA07	MYLAN S.P.A.	Autorizzata	Procedura Mutuo riconoscimento o Decentrata	Medicinali soggetti a prescrizione medica
042575175	042575	ROSUVASTATINA MYLAN	10 MG COMPRESSE RIVESTITE CON FILM- 15 COMPRESSE IN BLISTER PA/AL/LDPE-HDPE/AL	ROSUVASTATINA SALE DI CALCIO	ROSUVASTATINA SALE DI CALCIO			Compressa rivestita con film	C10AA07	MYLAN S.P.A.	Autorizzata	Procedura Mutuo riconoscimento o Decentrata	Medicinali soggetti a prescrizione medica
042575187	042575	ROSUVASTATINA MYLAN	10 MG COMPRESSE RIVESTITE CON FILM- 28 COMPRESSE IN BLISTER PA/AL/LDPE-HDPE/AL	ROSUVASTATINA SALE DI CALCIO	ROSUVASTATINA SALE DI CALCIO			Compressa rivestita con film	C10AA07	MYLAN S.P.A.	Autorizzata	Procedura Mutuo riconoscimento o Decentrata	Medicinali soggetti a prescrizione medica
042575199	042575	ROSUVASTATINA MYLAN	10 MG COMPRESSE RIVESTITE CON FILM- 30 COMPRESSE IN BLISTER PA/AL/LDPE-HDPE/AL	ROSUVASTATINA SALE DI CALCIO	ROSUVASTATINA SALE DI CALCIO			Compressa rivestita con film	C10AA07	MYLAN S.P.A.	Autorizzata	Procedura Mutuo riconoscimento o Decentrata	Medicinali soggetti a prescrizione medica
042575201	042575	ROSUVASTATINA MYLAN	10 MG COMPRESSE RIVESTITE CON FILM- 56 COMPRESSE IN BLISTER PA/AL/LDPE-HDPE/AL	ROSUVASTATINA SALE DI CALCIO	ROSUVASTATINA SALE DI CALCIO			Compressa rivestita con film	C10AA07	MYLAN S.P.A.	Autorizzata	Procedura Mutuo riconoscimento o Decentrata	Medicinali soggetti a prescrizione medica
042575213	042575	ROSUVASTATINA MYLAN	10 MG COMPRESSE RIVESTITE CON FILM- 60 COMPRESSE IN BLISTER PA/AL/LDPE-HDPE/AL	ROSUVASTATINA SALE DI CALCIO	ROSUVASTATINA SALE DI CALCIO			Compressa rivestita con film	C10AA07	MYLAN S.P.A.	Autorizzata	Procedura Mutuo riconoscimento o Decentrata	Medicinali soggetti a prescrizione medica
042575225	042575	ROSUVASTATINA MYLAN	10 MG COMPRESSE RIVESTITE CON FILM- 84 COMPRESSE IN BLISTER PA/AL/LDPE-HDPE/AL	ROSUVASTATINA SALE DI CALCIO	ROSUVASTATINA SALE DI CALCIO			Compressa rivestita con film	C10AA07	MYLAN S.P.A.	Autorizzata	Procedura Mutuo riconoscimento o Decentrata	Medicinali soggetti a prescrizione medica
042575237	042575	ROSUVASTATINA MYLAN	10 MG COMPRESSE RIVESTITE CON FILM- 90 COMPRESSE IN BLISTER PA/AL/LDPE-HDPE/AL	ROSUVASTATINA SALE DI CALCIO	ROSUVASTATINA SALE DI CALCIO			Compressa rivestita con film	C10AA07	MYLAN S.P.A.	Autorizzata	Procedura Mutuo riconoscimento o Decentrata	Medicinali soggetti a prescrizione medica
042575249	042575	ROSUVASTATINA MYLAN	10 MG COMPRESSE RIVESTITE CON FILM- 98 COMPRESSE IN BLISTER PA/AL/LDPE-HDPE/AL	ROSUVASTATINA SALE DI CALCIO	ROSUVASTATINA SALE DI CALCIO			Compressa rivestita con film	C10AA07	MYLAN S.P.A.	Autorizzata	Procedura Mutuo riconoscimento o Decentrata	Medicinali soggetti a prescrizione medica
042575252	042575	ROSUVASTATINA MYLAN	10 MG COMPRESSE RIVESTITE CON FILM- 28 COMPRESSE IN FLACONE HDPE	ROSUVASTATINA SALE DI CALCIO	ROSUVASTATINA SALE DI CALCIO			Compressa rivestita con film	C10AA07	MYLAN S.P.A.	Autorizzata	Procedura Mutuo riconoscimento o Decentrata	Medicinali soggetti a prescrizione medica
042575264	042575	ROSUVASTATINA MYLAN	10 MG COMPRESSE RIVESTITE CON FILM- 30 COMPRESSE IN FLACONE HDPE	ROSUVASTATINA SALE DI CALCIO	ROSUVASTATINA SALE DI CALCIO			Compressa rivestita con film	C10AA07	MYLAN S.P.A.	Autorizzata	Procedura Mutuo riconoscimento o Decentrata	Medicinali soggetti a prescrizione medica
042575276	042575	ROSUVASTATINA MYLAN	10 MG COMPRESSE RIVESTITE CON FILM- 56 COMPRESSE IN FLACONE HDPE	ROSUVASTATINA SALE DI CALCIO	ROSUVASTATINA SALE DI CALCIO			Compressa rivestita con film	C10AA07	MYLAN S.P.A.	Autorizzata	Procedura Mutuo riconoscimento o Decentrata	Medicinali soggetti a prescrizione medica
042575288	042575	ROSUVASTATINA MYLAN	10 MG COMPRESSE RIVESTITE CON FILM- 60 COMPRESSE IN FLACONE HDPE	ROSUVASTATINA SALE DI CALCIO	ROSUVASTATINA SALE DI CALCIO			Compressa rivestita con film	C10AA07	MYLAN S.P.A.	Autorizzata	Procedura Mutuo riconoscimento o Decentrata	Medicinali soggetti a prescrizione medica
042575290	042575	ROSUVASTATINA MYLAN	10 MG COMPRESSE RIVESTITE CON FILM- 84 COMPRESSE IN FLACONE HDPE	ROSUVASTATINA SALE DI CALCIO	ROSUVASTATINA SALE DI CALCIO			Compressa rivestita con film	C10AA07	MYLAN S.P.A.	Autorizzata	Procedura Mutuo riconoscimento o Decentrata	Medicinali soggetti a prescrizione medica
042575302	042575	ROSUVASTATINA MYLAN	10 MG COMPRESSE RIVESTITE CON FILM- 90 COMPRESSE IN FLACONE HDPE	ROSUVASTATINA SALE DI CALCIO	ROSUVASTATINA SALE DI CALCIO			Compressa rivestita con film	C10AA07	MYLAN S.P.A.	Autorizzata	Procedura Mutuo riconoscimento o Decentrata	Medicinali soggetti a prescrizione medica
042575314	042575	ROSUVASTATINA MYLAN	20 MG COMPRESSE RIVESTITE CON FILM- 14 COMPRESSE IN BLISTER PA/AL/LDPE-HDPE/AL	ROSUVASTATINA SALE DI CALCIO	ROSUVASTATINA SALE DI CALCIO			Compressa rivestita con film	C10AA07	MYLAN S.P.A.	Autorizzata	Procedura Mutuo riconoscimento o Decentrata	Medicinali soggetti a prescrizione medica
042575326	042575	ROSUVASTATINA MYLAN	20 MG COMPRESSE RIVESTITE CON FILM- 15 COMPRESSE IN BLISTER PA/AL/LDPE-HDPE/AL	ROSUVASTATINA SALE DI CALCIO	ROSUVASTATINA SALE DI CALCIO			Compressa rivestita con film	C10AA07	MYLAN S.P.A.	Autorizzata	Procedura Mutuo riconoscimento o Decentrata	Medicinali soggetti a prescrizione medica
042575338	042575	ROSUVASTATINA MYLAN	20 MG COMPRESSE RIVESTITE CON FILM- 28 COMPRESSE IN BLISTER PA/AL/LDPE-HDPE/AL	ROSUVASTATINA SALE DI CALCIO	ROSUVASTATINA SALE DI CALCIO			Compressa rivestita con film	C10AA07	MYLAN S.P.A.	Autorizzata	Procedura Mutuo riconoscimento o Decentrata	Medicinali soggetti a prescrizione medica
042575340	042575	ROSUVASTATINA MYLAN	20 MG COMPRESSE RIVESTITE CON FILM- 30 COMPRESSE IN BLISTER PA/AL/LDPE-HDPE/AL	ROSUVASTATINA SALE DI CALCIO	ROSUVASTATINA SALE DI CALCIO			Compressa rivestita con film	C10AA07	MYLAN S.P.A.	Autorizzata	Procedura Mutuo riconoscimento o Decentrata	Medicinali soggetti a prescrizione medica
042575353	042575	ROSUVASTATINA MYLAN	20 MG COMPRESSE RIVESTITE CON FILM- 56 COMPRESSE IN BLISTER PA/AL/LDPE-HDPE/AL	ROSUVASTATINA SALE DI CALCIO	ROSUVASTATINA SALE DI CALCIO			Compressa rivestita con film	C10AA07	MYLAN S.P.A.	Autorizzata	Procedura Mutuo riconoscimento o Decentrata	Medicinali soggetti a prescrizione medica
042575365	042575	ROSUVASTATINA MYLAN	20 MG COMPRESSE RIVESTITE CON FILM- 60 COMPRESSE IN BLISTER PA/AL/LDPE-HDPE/AL	ROSUVASTATINA SALE DI CALCIO	ROSUVASTATINA SALE DI CALCIO			Compressa rivestita con film	C10AA07	MYLAN S.P.A.	Autorizzata	Procedura Mutuo riconoscimento o Decentrata	Medicinali soggetti a prescrizione medica
042575377	042575	ROSUVASTATINA MYLAN	20 MG COMPRESSE RIVESTITE CON FILM- 84 COMPRESSE IN BLISTER PA/AL/LDPE-HDPE/AL	ROSUVASTATINA SALE DI CALCIO	ROSUVASTATINA SALE DI CALCIO			Compressa rivestita con film	C10AA07	MYLAN S.P.A.	Autorizzata	Procedura Mutuo riconoscimento o Decentrata	Medicinali soggetti a prescrizione medica
042575389	042575	ROSUVASTATINA MYLAN	20 MG COMPRESSE RIVESTITE CON FILM- 90 COMPRESSE IN BLISTER PA/AL/LDPE-HDPE/AL	ROSUVASTATINA SALE DI CALCIO	ROSUVASTATINA SALE DI CALCIO			Compressa rivestita con film	C10AA07	MYLAN S.P.A.	Autorizzata	Procedura Mutuo riconoscimento o Decentrata	Medicinali soggetti a prescrizione medica
042575391	042575	ROSUVASTATINA MYLAN	20 MG COMPRESSE RIVESTITE CON FILM- 98 COMPRESSE IN BLISTER PA/AL/LDPE-HDPE/AL	ROSUVASTATINA SALE DI CALCIO	ROSUVASTATINA SALE DI CALCIO			Compressa rivestita con film	C10AA07	MYLAN S.P.A.	Autorizzata	Procedura Mutuo riconoscimento o Decentrata	Medicinali soggetti a prescrizione medica
042575403	042575	ROSUVASTATINA MYLAN	20 MG COMPRESSE RIVESTITE CON FILM- 28 COMPRESSE IN FLACONE HDPE	ROSUVASTATINA SALE DI CALCIO	ROSUVASTATINA SALE DI CALCIO			Compressa rivestita con film	C10AA07	MYLAN S.P.A.	Autorizzata	Procedura Mutuo riconoscimento o Decentrata	Medicinali soggetti a prescrizione medica
042575415	042575	ROSUVASTATINA MYLAN	20 MG COMPRESSE RIVESTITE CON FILM- 30 COMPRESSE IN FLACONE HDPE	ROSUVASTATINA SALE DI CALCIO	ROSUVASTATINA SALE DI CALCIO			Compressa rivestita con film	C10AA07	MYLAN S.P.A.	Autorizzata	Procedura Mutuo riconoscimento o Decentrata	Medicinali soggetti a prescrizione medica
042575427	042575	ROSUVASTATINA MYLAN	20 MG COMPRESSE RIVESTITE CON FILM- 56 COMPRESSE IN FLACONE HDPE	ROSUVASTATINA SALE DI CALCIO	ROSUVASTATINA SALE DI CALCIO			Compressa rivestita con film	C10AA07	MYLAN S.P.A.	Autorizzata	Procedura Mutuo riconoscimento o Decentrata	Medicinali soggetti a prescrizione medica
042575439	042575	ROSUVASTATINA MYLAN	20 MG COMPRESSE RIVESTITE CON FILM- 60 COMPRESSE IN FLACONE HDPE	ROSUVASTATINA SALE DI CALCIO	ROSUVASTATINA SALE DI CALCIO			Compressa rivestita con film	C10AA07	MYLAN S.P.A.	Autorizzata	Procedura Mutuo riconoscimento o Decentrata	Medicinali soggetti a prescrizione medica
042575441	042575	ROSUVASTATINA MYLAN	20 MG COMPRESSE RIVESTITE CON FILM- 84 COMPRESSE IN FLACONE HDPE	ROSUVASTATINA SALE DI CALCIO	ROSUVASTATINA SALE DI CALCIO			Compressa rivestita con film	C10AA07	MYLAN S.P.A.	Autorizzata	Procedura Mutuo riconoscimento o Decentrata	Medicinali soggetti a prescrizione medica
042575454	042575	ROSUVASTATINA MYLAN	20 MG COMPRESSE RIVESTITE CON FILM- 90 COMPRESSE IN FLACONE HDPE	ROSUVASTATINA SALE DI CALCIO	ROSUVASTATINA SALE DI CALCIO			Compressa rivestita con film	C10AA07	MYLAN S.P.A.	Autorizzata	Procedura Mutuo riconoscimento o Decentrata	Medicinali soggetti a prescrizione medica
042575466	042575	ROSUVASTATINA MYLAN	40 MG COMPRESSE RIVESTITE CON FILM- 14 COMPRESSE IN BLISTER PA/AL/LDPE-HDPE/AL	ROSUVASTATINA SALE DI CALCIO	ROSUVASTATINA SALE DI CALCIO	40	milligrammi	Compressa rivestita con film	C10AA07	MYLAN S.P.A.	Autorizzata	Procedura Mutuo riconoscimento o Decentrata	Medicinali soggetti a prescrizione medica
042575478	042575	ROSUVASTATINA MYLAN	40 MG COMPRESSE RIVESTITE CON FILM- 15 COMPRESSE IN BLISTER PA/AL/LDPE-HDPE/AL	ROSUVASTATINA SALE DI CALCIO	ROSUVASTATINA SALE DI CALCIO	40	milligrammi	Compressa rivestita con film	C10AA07	MYLAN S.P.A.	Autorizzata	Procedura Mutuo riconoscimento o Decentrata	Medicinali soggetti a prescrizione medica
042575480	042575	ROSUVASTATINA MYLAN	40 MG COMPRESSE RIVESTITE CON FILM- 28 COMPRESSE IN BLISTER PA/AL/LDPE-HDPE/AL	ROSUVASTATINA SALE DI CALCIO	ROSUVASTATINA SALE DI CALCIO	40	milligrammi	Compressa rivestita con film	C10AA07	MYLAN S.P.A.	Autorizzata	Procedura Mutuo riconoscimento o Decentrata	Medicinali soggetti a prescrizione medica
042575492	042575	ROSUVASTATINA MYLAN	40 MG COMPRESSE RIVESTITE CON FILM- 30 COMPRESSE IN BLISTER PA/AL/LDPE-HDPE/AL	ROSUVASTATINA SALE DI CALCIO	ROSUVASTATINA SALE DI CALCIO	40	milligrammi	Compressa rivestita con film	C10AA07	MYLAN S.P.A.	Autorizzata	Procedura Mutuo riconoscimento o Decentrata	Medicinali soggetti a prescrizione medica
042575504	042575	ROSUVASTATINA MYLAN	40 MG COMPRESSE RIVESTITE CON FILM- 56 COMPRESSE IN BLISTER PA/AL/LDPE-HDPE/AL	ROSUVASTATINA SALE DI CALCIO	ROSUVASTATINA SALE DI CALCIO	40	milligrammi	Compressa rivestita con film	C10AA07	MYLAN S.P.A.	Autorizzata	Procedura Mutuo riconoscimento o Decentrata	Medicinali soggetti a prescrizione medica
042575516	042575	ROSUVASTATINA MYLAN	40 MG COMPRESSE RIVESTITE CON FILM- 60 COMPRESSE IN BLISTER PA/AL/LDPE-HDPE/AL	ROSUVASTATINA SALE DI CALCIO	ROSUVASTATINA SALE DI CALCIO	40	milligrammi	Compressa rivestita con film	C10AA07	MYLAN S.P.A.	Autorizzata	Procedura Mutuo riconoscimento o Decentrata	Medicinali soggetti a prescrizione medica
042575528	042575	ROSUVASTATINA MYLAN	40 MG COMPRESSE RIVESTITE CON FILM- 84 COMPRESSE IN BLISTER PA/AL/LDPE-HDPE/AL	ROSUVASTATINA SALE DI CALCIO	ROSUVASTATINA SALE DI CALCIO	40	milligrammi	Compressa rivestita con film	C10AA07	MYLAN S.P.A.	Autorizzata	Procedura Mutuo riconoscimento o Decentrata	Medicinali soggetti a prescrizione medica
042575530	042575	ROSUVASTATINA MYLAN	40 MG COMPRESSE RIVESTITE CON FILM- 90 COMPRESSE IN BLISTER PA/AL/LDPE-HDPE/AL	ROSUVASTATINA SALE DI CALCIO	ROSUVASTATINA SALE DI CALCIO	40	milligrammi	Compressa rivestita con film	C10AA07	MYLAN S.P.A.	Autorizzata	Procedura Mutuo riconoscimento o Decentrata	Medicinali soggetti a prescrizione medica
042575542	042575	ROSUVASTATINA MYLAN	40 MG COMPRESSE RIVESTITE CON FILM- 98 COMPRESSE IN BLISTER PA/AL/LDPE-HDPE/AL	ROSUVASTATINA SALE DI CALCIO	ROSUVASTATINA SALE DI CALCIO	40	milligrammi	Compressa rivestita con film	C10AA07	MYLAN S.P.A.	Autorizzata	Procedura Mutuo riconoscimento o Decentrata	Medicinali soggetti a prescrizione medica
042575555	042575	ROSUVASTATINA MYLAN	40 MG COMPRESSE RIVESTITE CON FILM- 28 COMPRESSE IN FLACONE HDPE	ROSUVASTATINA SALE DI CALCIO	ROSUVASTATINA SALE DI CALCIO	40	milligrammi	Compressa rivestita con film	C10AA07	MYLAN S.P.A.	Autorizzata	Procedura Mutuo riconoscimento o Decentrata	Medicinali soggetti a prescrizione medica
042575567	042575	ROSUVASTATINA MYLAN	40 MG COMPRESSE RIVESTITE CON FILM- 30 COMPRESSE IN FLACONE HDPE	ROSUVASTATINA SALE DI CALCIO	ROSUVASTATINA SALE DI CALCIO	40	milligrammi	Compressa rivestita con film	C10AA07	MYLAN S.P.A.	Autorizzata	Procedura Mutuo riconoscimento o Decentrata	Medicinali soggetti a prescrizione medica
042575579	042575	ROSUVASTATINA MYLAN	40 MG COMPRESSE RIVESTITE CON FILM- 56 COMPRESSE IN FLACONE HDPE	ROSUVASTATINA SALE DI CALCIO	ROSUVASTATINA SALE DI CALCIO	40	milligrammi	Compressa rivestita con film	C10AA07	MYLAN S.P.A.	Autorizzata	Procedura Mutuo riconoscimento o Decentrata	Medicinali soggetti a prescrizione medica
042575581	042575	ROSUVASTATINA MYLAN	40 MG COMPRESSE RIVESTITE CON FILM- 60 COMPRESSE IN FLACONE HDPE	ROSUVASTATINA SALE DI CALCIO	ROSUVASTATINA SALE DI CALCIO	40	milligrammi	Compressa rivestita con film	C10AA07	MYLAN S.P.A.	Autorizzata	Procedura Mutuo riconoscimento o Decentrata	Medicinali soggetti a prescrizione medica
042575593	042575	ROSUVASTATINA MYLAN	40 MG COMPRESSE RIVESTITE CON FILM- 84 COMPRESSE IN FLACONE HDPE	ROSUVASTATINA SALE DI CALCIO	ROSUVASTATINA SALE DI CALCIO	40	milligrammi	Compressa rivestita con film	C10AA07	MYLAN S.P.A.	Autorizzata	Procedura Mutuo riconoscimento o Decentrata	Medicinali soggetti a prescrizione medica
042575605	042575	ROSUVASTATINA MYLAN	40 MG COMPRESSE RIVESTITE CON FILM- 90 COMPRESSE IN FLACONE HDPE	ROSUVASTATINA SALE DI CALCIO	ROSUVASTATINA SALE DI CALCIO	40	milligrammi	Compressa rivestita con film	C10AA07	MYLAN S.P.A.	Autorizzata	Procedura Mutuo riconoscimento o Decentrata	Medicinali soggetti a prescrizione medica
042575617	042575	ROSUVASTATINA MYLAN	5 MG COMPRESSE RIVESTITE CON FILM- 14 COMPRESSE IN BLISTER OPA/AL/PVC-AL	ROSUVASTATINA SALE DI CALCIO	ROSUVASTATINA SALE DI CALCIO			Compressa rivestita con film	C10AA07	MYLAN S.P.A.	Autorizzata	Procedura Mutuo riconoscimento o Decentrata	Medicinali soggetti a prescrizione medica
042575629	042575	ROSUVASTATINA MYLAN	5 MG COMPRESSE RIVESTITE CON FILM- 15 COMPRESSE IN BLISTER OPA/AL/PVC-AL	ROSUVASTATINA SALE DI CALCIO	ROSUVASTATINA SALE DI CALCIO			Compressa rivestita con film	C10AA07	MYLAN S.P.A.	Autorizzata	Procedura Mutuo riconoscimento o Decentrata	Medicinali soggetti a prescrizione medica
042575631	042575	ROSUVASTATINA MYLAN	5 MG COMPRESSE RIVESTITE CON FILM- 28 COMPRESSE IN BLISTER OPA/AL/PVC-AL	ROSUVASTATINA SALE DI CALCIO	ROSUVASTATINA SALE DI CALCIO			Compressa rivestita con film	C10AA07	MYLAN S.P.A.	Autorizzata	Procedura Mutuo riconoscimento o Decentrata	Medicinali soggetti a prescrizione medica
042575643	042575	ROSUVASTATINA MYLAN	5 MG COMPRESSE RIVESTITE CON FILM- 30 COMPRESSE IN BLISTER OPA/AL/PVC-AL	ROSUVASTATINA SALE DI CALCIO	ROSUVASTATINA SALE DI CALCIO			Compressa rivestita con film	C10AA07	MYLAN S.P.A.	Autorizzata	Procedura Mutuo riconoscimento o Decentrata	Medicinali soggetti a prescrizione medica
042575656	042575	ROSUVASTATINA MYLAN	5 MG COMPRESSE RIVESTITE CON FILM- 60 COMPRESSE IN BLISTER OPA/AL/PVC-AL	ROSUVASTATINA SALE DI CALCIO	ROSUVASTATINA SALE DI CALCIO			Compressa rivestita con film	C10AA07	MYLAN S.P.A.	Autorizzata	Procedura Mutuo riconoscimento o Decentrata	Medicinali soggetti a prescrizione medica
042575668	042575	ROSUVASTATINA MYLAN	5 MG COMPRESSE RIVESTITE CON FILM- 56 COMPRESSE IN BLISTER OPA/AL/PVC-AL	ROSUVASTATINA SALE DI CALCIO	ROSUVASTATINA SALE DI CALCIO			Compressa rivestita con film	C10AA07	MYLAN S.P.A.	Autorizzata	Procedura Mutuo riconoscimento o Decentrata	Medicinali soggetti a prescrizione medica
042575670	042575	ROSUVASTATINA MYLAN	5 MG COMPRESSE RIVESTITE CON FILM- 84 COMPRESSE IN BLISTER OPA/AL/PVC-AL	ROSUVASTATINA SALE DI CALCIO	ROSUVASTATINA SALE DI CALCIO			Compressa rivestita con film	C10AA07	MYLAN S.P.A.	Autorizzata	Procedura Mutuo riconoscimento o Decentrata	Medicinali soggetti a prescrizione medica
042575682	042575	ROSUVASTATINA MYLAN	5 MG COMPRESSE RIVESTITE CON FILM- 90 COMPRESSE IN BLISTER OPA/AL/PVC-AL	ROSUVASTATINA SALE DI CALCIO	ROSUVASTATINA SALE DI CALCIO			Compressa rivestita con film	C10AA07	MYLAN S.P.A.	Autorizzata	Procedura Mutuo riconoscimento o Decentrata	Medicinali soggetti a prescrizione medica
042575694	042575	ROSUVASTATINA MYLAN	5 MG COMPRESSE RIVESTITE CON FILM- 98 COMPRESSE IN BLISTER OPA/AL/PVC-AL	ROSUVASTATINA SALE DI CALCIO	ROSUVASTATINA SALE DI CALCIO			Compressa rivestita con film	C10AA07	MYLAN S.P.A.	Autorizzata	Procedura Mutuo riconoscimento o Decentrata	Medicinali soggetti a prescrizione medica
042575706	042575	ROSUVASTATINA MYLAN	10 MG COMPRESSE RIVESTITE CON FILM- 14 COMPRESSE IN BLISTER OPA/AL/PVC-AL	ROSUVASTATINA SALE DI CALCIO	ROSUVASTATINA SALE DI CALCIO			Compressa rivestita con film	C10AA07	MYLAN S.P.A.	Autorizzata	Procedura Mutuo riconoscimento o Decentrata	Medicinali soggetti a prescrizione medica
042575718	042575	ROSUVASTATINA MYLAN	10 MG COMPRESSE RIVESTITE CON FILM- 15 COMPRESSE IN BLISTER OPA/AL/PVC-AL	ROSUVASTATINA SALE DI CALCIO	ROSUVASTATINA SALE DI CALCIO			Compressa rivestita con film	C10AA07	MYLAN S.P.A.	Autorizzata	Procedura Mutuo riconoscimento o Decentrata	Medicinali soggetti a prescrizione medica
042575720	042575	ROSUVASTATINA MYLAN	10 MG COMPRESSE RIVESTITE CON FILM- 28 COMPRESSE IN BLISTER OPA/AL/PVC-AL	ROSUVASTATINA SALE DI CALCIO	ROSUVASTATINA SALE DI CALCIO			Compressa rivestita con film	C10AA07	MYLAN S.P.A.	Autorizzata	Procedura Mutuo riconoscimento o Decentrata	Medicinali soggetti a prescrizione medica
042575732	042575	ROSUVASTATINA MYLAN	10 MG COMPRESSE RIVESTITE CON FILM- 30 COMPRESSE IN BLISTER OPA/AL/PVC-AL	ROSUVASTATINA SALE DI CALCIO	ROSUVASTATINA SALE DI CALCIO			Compressa rivestita con film	C10AA07	MYLAN S.P.A.	Autorizzata	Procedura Mutuo riconoscimento o Decentrata	Medicinali soggetti a prescrizione medica
042575744	042575	ROSUVASTATINA MYLAN	10 MG COMPRESSE RIVESTITE CON FILM- 56 COMPRESSE IN BLISTER OPA/AL/PVC-AL	ROSUVASTATINA SALE DI CALCIO	ROSUVASTATINA SALE DI CALCIO			Compressa rivestita con film	C10AA07	MYLAN S.P.A.	Autorizzata	Procedura Mutuo riconoscimento o Decentrata	Medicinali soggetti a prescrizione medica
042575757	042575	ROSUVASTATINA MYLAN	10 MG COMPRESSE RIVESTITE CON FILM- 60 COMPRESSE IN BLISTER OPA/AL/PVC-AL	ROSUVASTATINA SALE DI CALCIO	ROSUVASTATINA SALE DI CALCIO			Compressa rivestita con film	C10AA07	MYLAN S.P.A.	Autorizzata	Procedura Mutuo riconoscimento o Decentrata	Medicinali soggetti a prescrizione medica
042575769	042575	ROSUVASTATINA MYLAN	10 MG COMPRESSE RIVESTITE CON FILM- 84 COMPRESSE IN BLISTER OPA/AL/PVC-AL	ROSUVASTATINA SALE DI CALCIO	ROSUVASTATINA SALE DI CALCIO			Compressa rivestita con film	C10AA07	MYLAN S.P.A.	Autorizzata	Procedura Mutuo riconoscimento o Decentrata	Medicinali soggetti a prescrizione medica
042575771	042575	ROSUVASTATINA MYLAN	10 MG COMPRESSE RIVESTITE CON FILM- 90 COMPRESSE IN BLISTER OPA/AL/PVC-AL	ROSUVASTATINA SALE DI CALCIO	ROSUVASTATINA SALE DI CALCIO			Compressa rivestita con film	C10AA07	MYLAN S.P.A.	Autorizzata	Procedura Mutuo riconoscimento o Decentrata	Medicinali soggetti a prescrizione medica
042575783	042575	ROSUVASTATINA MYLAN	10 MG COMPRESSE RIVESTITE CON FILM- 98 COMPRESSE IN BLISTER OPA/AL/PVC-AL	ROSUVASTATINA SALE DI CALCIO	ROSUVASTATINA SALE DI CALCIO			Compressa rivestita con film	C10AA07	MYLAN S.P.A.	Autorizzata	Procedura Mutuo riconoscimento o Decentrata	Medicinali soggetti a prescrizione medica
042575795	042575	ROSUVASTATINA MYLAN	20 MG COMPRESSE RIVESTITE CON FILM- 14 COMPRESSE IN BLISTER OPA/AL/PVC-AL	ROSUVASTATINA SALE DI CALCIO	ROSUVASTATINA SALE DI CALCIO			Compressa rivestita con film	C10AA07	MYLAN S.P.A.	Autorizzata	Procedura Mutuo riconoscimento o Decentrata	Medicinali soggetti a prescrizione medica
042575807	042575	ROSUVASTATINA MYLAN	20 MG COMPRESSE RIVESTITE CON FILM- 15 COMPRESSE IN BLISTER OPA/AL/PVC-AL	ROSUVASTATINA SALE DI CALCIO	ROSUVASTATINA SALE DI CALCIO			Compressa rivestita con film	C10AA07	MYLAN S.P.A.	Autorizzata	Procedura Mutuo riconoscimento o Decentrata	Medicinali soggetti a prescrizione medica
042575819	042575	ROSUVASTATINA MYLAN	20 MG COMPRESSE RIVESTITE CON FILM- 28 COMPRESSE IN BLISTER OPA/AL/PVC-AL	ROSUVASTATINA SALE DI CALCIO	ROSUVASTATINA SALE DI CALCIO			Compressa rivestita con film	C10AA07	MYLAN S.P.A.	Autorizzata	Procedura Mutuo riconoscimento o Decentrata	Medicinali soggetti a prescrizione medica
042575821	042575	ROSUVASTATINA MYLAN	20 MG COMPRESSE RIVESTITE CON FILM- 30 COMPRESSE IN BLISTER OPA/AL/PVC-AL	ROSUVASTATINA SALE DI CALCIO	ROSUVASTATINA SALE DI CALCIO			Compressa rivestita con film	C10AA07	MYLAN S.P.A.	Autorizzata	Procedura Mutuo riconoscimento o Decentrata	Medicinali soggetti a prescrizione medica
042575833	042575	ROSUVASTATINA MYLAN	20 MG COMPRESSE RIVESTITE CON FILM- 56 COMPRESSE IN BLISTER OPA/AL/PVC-AL	ROSUVASTATINA SALE DI CALCIO	ROSUVASTATINA SALE DI CALCIO			Compressa rivestita con film	C10AA07	MYLAN S.P.A.	Autorizzata	Procedura Mutuo riconoscimento o Decentrata	Medicinali soggetti a prescrizione medica
042575845	042575	ROSUVASTATINA MYLAN	20 MG COMPRESSE RIVESTITE CON FILM- 60 COMPRESSE IN BLISTER OPA/AL/PVC-AL	ROSUVASTATINA SALE DI CALCIO	ROSUVASTATINA SALE DI CALCIO			Compressa rivestita con film	C10AA07	MYLAN S.P.A.	Autorizzata	Procedura Mutuo riconoscimento o Decentrata	Medicinali soggetti a prescrizione medica
042575858	042575	ROSUVASTATINA MYLAN	20 MG COMPRESSE RIVESTITE CON FILM- 84 COMPRESSE IN BLISTER OPA/AL/PVC-AL	ROSUVASTATINA SALE DI CALCIO	ROSUVASTATINA SALE DI CALCIO			Compressa rivestita con film	C10AA07	MYLAN S.P.A.	Autorizzata	Procedura Mutuo riconoscimento o Decentrata	Medicinali soggetti a prescrizione medica
042575860	042575	ROSUVASTATINA MYLAN	20 MG COMPRESSE RIVESTITE CON FILM- 90 COMPRESSE IN BLISTER OPA/AL/PVC-AL	ROSUVASTATINA SALE DI CALCIO	ROSUVASTATINA SALE DI CALCIO			Compressa rivestita con film	C10AA07	MYLAN S.P.A.	Autorizzata	Procedura Mutuo riconoscimento o Decentrata	Medicinali soggetti a prescrizione medica
042575872	042575	ROSUVASTATINA MYLAN	20 MG COMPRESSE RIVESTITE CON FILM- 98 COMPRESSE IN BLISTER OPA/AL/PVC-AL	ROSUVASTATINA SALE DI CALCIO	ROSUVASTATINA SALE DI CALCIO			Compressa rivestita con film	C10AA07	MYLAN S.P.A.	Autorizzata	Procedura Mutuo riconoscimento o Decentrata	Medicinali soggetti a prescrizione medica
042575884	042575	ROSUVASTATINA MYLAN	40 MG COMPRESSE RIVESTITE CON FILM- 14 COMPRESSE IN BLISTER OPA/AL/PVC-AL	ROSUVASTATINA SALE DI CALCIO	ROSUVASTATINA SALE DI CALCIO	40	milligrammi	Compressa rivestita con film	C10AA07	MYLAN S.P.A.	Autorizzata	Procedura Mutuo riconoscimento o Decentrata	Medicinali soggetti a prescrizione medica
042575896	042575	ROSUVASTATINA MYLAN	40 MG COMPRESSE RIVESTITE CON FILM- 15 COMPRESSE IN BLISTER OPA/AL/PVC-AL	ROSUVASTATINA SALE DI CALCIO	ROSUVASTATINA SALE DI CALCIO	40	milligrammi	Compressa rivestita con film	C10AA07	MYLAN S.P.A.	Autorizzata	Procedura Mutuo riconoscimento o Decentrata	Medicinali soggetti a prescrizione medica
042575908	042575	ROSUVASTATINA MYLAN	40 MG COMPRESSE RIVESTITE CON FILM- 28 COMPRESSE IN BLISTER OPA/AL/PVC-AL	ROSUVASTATINA SALE DI CALCIO	ROSUVASTATINA SALE DI CALCIO	40	milligrammi	Compressa rivestita con film	C10AA07	MYLAN S.P.A.	Autorizzata	Procedura Mutuo riconoscimento o Decentrata	Medicinali soggetti a prescrizione medica
042575910	042575	ROSUVASTATINA MYLAN	40 MG COMPRESSE RIVESTITE CON FILM- 30 COMPRESSE IN BLISTER OPA/AL/PVC-AL	ROSUVASTATINA SALE DI CALCIO	ROSUVASTATINA SALE DI CALCIO	40	milligrammi	Compressa rivestita con film	C10AA07	MYLAN S.P.A.	Autorizzata	Procedura Mutuo riconoscimento o Decentrata	Medicinali soggetti a prescrizione medica
042575922	042575	ROSUVASTATINA MYLAN	40 MG COMPRESSE RIVESTITE CON FILM- 56 COMPRESSE IN BLISTER OPA/AL/PVC-AL	ROSUVASTATINA SALE DI CALCIO	ROSUVASTATINA SALE DI CALCIO	40	milligrammi	Compressa rivestita con film	C10AA07	MYLAN S.P.A.	Autorizzata	Procedura Mutuo riconoscimento o Decentrata	Medicinali soggetti a prescrizione medica
042575934	042575	ROSUVASTATINA MYLAN	40 MG COMPRESSE RIVESTITE CON FILM- 60 COMPRESSE IN BLISTER OPA/AL/PVC-AL	ROSUVASTATINA SALE DI CALCIO	ROSUVASTATINA SALE DI CALCIO	40	milligrammi	Compressa rivestita con film	C10AA07	MYLAN S.P.A.	Autorizzata	Procedura Mutuo riconoscimento o Decentrata	Medicinali soggetti a prescrizione medica
042575946	042575	ROSUVASTATINA MYLAN	40 MG COMPRESSE RIVESTITE CON FILM- 84 COMPRESSE IN BLISTER OPA/AL/PVC-AL	ROSUVASTATINA SALE DI CALCIO	ROSUVASTATINA SALE DI CALCIO	40	milligrammi	Compressa rivestita con film	C10AA07	MYLAN S.P.A.	Autorizzata	Procedura Mutuo riconoscimento o Decentrata	Medicinali soggetti a prescrizione medica
042575959	042575	ROSUVASTATINA MYLAN	40 MG COMPRESSE RIVESTITE CON FILM- 90 COMPRESSE IN BLISTER OPA/AL/PVC-AL	ROSUVASTATINA SALE DI CALCIO	ROSUVASTATINA SALE DI CALCIO	40	milligrammi	Compressa rivestita con film	C10AA07	MYLAN S.P.A.	Autorizzata	Procedura Mutuo riconoscimento o Decentrata	Medicinali soggetti a prescrizione medica
042575961	042575	ROSUVASTATINA MYLAN	40 MG COMPRESSE RIVESTITE CON FILM- 98 COMPRESSE IN BLISTER OPA/AL/PVC-AL	ROSUVASTATINA SALE DI CALCIO	ROSUVASTATINA SALE DI CALCIO	40	milligrammi	Compressa rivestita con film	C10AA07	MYLAN S.P.A.	Autorizzata	Procedura Mutuo riconoscimento o Decentrata	Medicinali soggetti a prescrizione medica
042575973	042575	ROSUVASTATINA MYLAN	5 MG COMPRESSE RIVESTITE CON FILM- 14 COMPRESSE IN BLISTER PVC/ACLAR-AL	ROSUVASTATINA SALE DI CALCIO	ROSUVASTATINA SALE DI CALCIO			Compressa rivestita con film	C10AA07	MYLAN S.P.A.	Autorizzata	Procedura Mutuo riconoscimento o Decentrata	Medicinali soggetti a prescrizione medica
042575985	042575	ROSUVASTATINA MYLAN	5 MG COMPRESSE RIVESTITE CON FILM- 15 COMPRESSE IN BLISTER PVC/ACLAR-AL	ROSUVASTATINA SALE DI CALCIO	ROSUVASTATINA SALE DI CALCIO			Compressa rivestita con film	C10AA07	MYLAN S.P.A.	Autorizzata	Procedura Mutuo riconoscimento o Decentrata	Medicinali soggetti a prescrizione medica
042575997	042575	ROSUVASTATINA MYLAN	5 MG COMPRESSE RIVESTITE CON FILM- 28 COMPRESSE IN BLISTER PVC/ACLAR-AL	ROSUVASTATINA SALE DI CALCIO	ROSUVASTATINA SALE DI CALCIO			Compressa rivestita con film	C10AA07	MYLAN S.P.A.	Autorizzata	Procedura Mutuo riconoscimento o Decentrata	Medicinali soggetti a prescrizione medica
043064017	043064	ROSUVASTATINA TEVA	5 MG COMPRESSE RIVESTITE CON FILM- 7 COMPRESSE IN BLISTER OPA/AL/PVC/AL	ROSUVASTATINA SALE DI CALCIO	ROSUVASTATINA SALE DI CALCIO			Compressa rivestita con film	C10AA07	TEVA ITALIA S.R.L.	Autorizzata	Procedura Mutuo riconoscimento o Decentrata	Medicinali soggetti a prescrizione medica
043064029	043064	ROSUVASTATINA TEVA	5 MG COMPRESSE RIVESTITE CON FILM- 14 COMPRESSE IN BLISTER OPA/AL/PVC/AL	ROSUVASTATINA SALE DI CALCIO	ROSUVASTATINA SALE DI CALCIO			Compressa rivestita con film	C10AA07	TEVA ITALIA S.R.L.	Autorizzata	Procedura Mutuo riconoscimento o Decentrata	Medicinali soggetti a prescrizione medica
043064031	043064	ROSUVASTATINA TEVA	5 MG COMPRESSE RIVESTITE CON FILM- 15 COMPRESSE IN BLISTER OPA/AL/PVC/AL	ROSUVASTATINA SALE DI CALCIO	ROSUVASTATINA SALE DI CALCIO			Compressa rivestita con film	C10AA07	TEVA ITALIA S.R.L.	Autorizzata	Procedura Mutuo riconoscimento o Decentrata	Medicinali soggetti a prescrizione medica
043064043	043064	ROSUVASTATINA TEVA	5 MG COMPRESSE RIVESTITE CON FILM- 20 COMPRESSE IN BLISTER OPA/AL/PVC/AL	ROSUVASTATINA SALE DI CALCIO	ROSUVASTATINA SALE DI CALCIO			Compressa rivestita con film	C10AA07	TEVA ITALIA S.R.L.	Autorizzata	Procedura Mutuo riconoscimento o Decentrata	Medicinali soggetti a prescrizione medica
043064056	043064	ROSUVASTATINA TEVA	5 MG COMPRESSE RIVESTITE CON FILM- 28 COMPRESSE IN BLISTER OPA/AL/PVC/AL	ROSUVASTATINA SALE DI CALCIO	ROSUVASTATINA SALE DI CALCIO			Compressa rivestita con film	C10AA07	TEVA ITALIA S.R.L.	Autorizzata	Procedura Mutuo riconoscimento o Decentrata	Medicinali soggetti a prescrizione medica
043064068	043064	ROSUVASTATINA TEVA	5 MG COMPRESSE RIVESTITE CON FILM- 30 COMPRESSE IN BLISTER OPA/AL/PVC/AL	ROSUVASTATINA SALE DI CALCIO	ROSUVASTATINA SALE DI CALCIO			Compressa rivestita con film	C10AA07	TEVA ITALIA S.R.L.	Autorizzata	Procedura Mutuo riconoscimento o Decentrata	Medicinali soggetti a prescrizione medica
043064070	043064	ROSUVASTATINA TEVA	5 MG COMPRESSE RIVESTITE CON FILM- 30X1 COMPRESSE IN BLISTER OPA/AL/PVC/AL	ROSUVASTATINA SALE DI CALCIO	ROSUVASTATINA SALE DI CALCIO			Compressa rivestita con film	C10AA07	TEVA ITALIA S.R.L.	Autorizzata	Procedura Mutuo riconoscimento o Decentrata	Medicinali soggetti a prescrizione medica
043064082	043064	ROSUVASTATINA TEVA	5 MG COMPRESSE RIVESTITE CON FILM- 42 COMPRESSE IN BLISTER OPA/AL/PVC/AL	ROSUVASTATINA SALE DI CALCIO	ROSUVASTATINA SALE DI CALCIO			Compressa rivestita con film	C10AA07	TEVA ITALIA S.R.L.	Autorizzata	Procedura Mutuo riconoscimento o Decentrata	Medicinali soggetti a prescrizione medica
043064094	043064	ROSUVASTATINA TEVA	5 MG COMPRESSE RIVESTITE CON FILM- 50 COMPRESSE IN BLISTER OPA/AL/PVC/AL	ROSUVASTATINA SALE DI CALCIO	ROSUVASTATINA SALE DI CALCIO			Compressa rivestita con film	C10AA07	TEVA ITALIA S.R.L.	Autorizzata	Procedura Mutuo riconoscimento o Decentrata	Medicinali soggetti a prescrizione medica
043064106	043064	ROSUVASTATINA TEVA	5 MG COMPRESSE RIVESTITE CON FILM- 50X1 COMPRESSE IN BLISTER OPA/AL/PVC/AL	ROSUVASTATINA SALE DI CALCIO	ROSUVASTATINA SALE DI CALCIO			Compressa rivestita con film	C10AA07	TEVA ITALIA S.R.L.	Autorizzata	Procedura Mutuo riconoscimento o Decentrata	Medicinali soggetti a prescrizione medica
043064118	043064	ROSUVASTATINA TEVA	5 MG COMPRESSE RIVESTITE CON FILM- 56 COMPRESSE IN BLISTER OPA/AL/PVC/AL	ROSUVASTATINA SALE DI CALCIO	ROSUVASTATINA SALE DI CALCIO			Compressa rivestita con film	C10AA07	TEVA ITALIA S.R.L.	Autorizzata	Procedura Mutuo riconoscimento o Decentrata	Medicinali soggetti a prescrizione medica
043064120	043064	ROSUVASTATINA TEVA	5 MG COMPRESSE RIVESTITE CON FILM- 60 COMPRESSE IN BLISTER OPA/AL/PVC/AL	ROSUVASTATINA SALE DI CALCIO	ROSUVASTATINA SALE DI CALCIO			Compressa rivestita con film	C10AA07	TEVA ITALIA S.R.L.	Autorizzata	Procedura Mutuo riconoscimento o Decentrata	Medicinali soggetti a prescrizione medica
043064132	043064	ROSUVASTATINA TEVA	5 MG COMPRESSE RIVESTITE CON FILM- 84 COMPRESSE IN BLISTER OPA/AL/PVC/AL	ROSUVASTATINA SALE DI CALCIO	ROSUVASTATINA SALE DI CALCIO			Compressa rivestita con film	C10AA07	TEVA ITALIA S.R.L.	Autorizzata	Procedura Mutuo riconoscimento o Decentrata	Medicinali soggetti a prescrizione medica
043064144	043064	ROSUVASTATINA TEVA	5 MG COMPRESSE RIVESTITE CON FILM- 90 COMPRESSE IN BLISTER OPA/AL/PVC/AL	ROSUVASTATINA SALE DI CALCIO	ROSUVASTATINA SALE DI CALCIO			Compressa rivestita con film	C10AA07	TEVA ITALIA S.R.L.	Autorizzata	Procedura Mutuo riconoscimento o Decentrata	Medicinali soggetti a prescrizione medica
043064157	043064	ROSUVASTATINA TEVA	5 MG COMPRESSE RIVESTITE CON FILM- 98 COMPRESSE IN BLISTER OPA/AL/PVC/AL	ROSUVASTATINA SALE DI CALCIO	ROSUVASTATINA SALE DI CALCIO			Compressa rivestita con film	C10AA07	TEVA ITALIA S.R.L.	Autorizzata	Procedura Mutuo riconoscimento o Decentrata	Medicinali soggetti a prescrizione medica
043064169	043064	ROSUVASTATINA TEVA	5 MG COMPRESSE RIVESTITE CON FILM- 100 COMPRESSE IN BLISTER OPA/AL/PVC/AL	ROSUVASTATINA SALE DI CALCIO	ROSUVASTATINA SALE DI CALCIO			Compressa rivestita con film	C10AA07	TEVA ITALIA S.R.L.	Autorizzata	Procedura Mutuo riconoscimento o Decentrata	Medicinali soggetti a prescrizione medica
043064171	043064	ROSUVASTATINA TEVA	5 MG COMPRESSE RIVESTITE CON FILM- 100X1 COMPRESSE IN BLISTER OPA/AL/PVC/AL	ROSUVASTATINA SALE DI CALCIO	ROSUVASTATINA SALE DI CALCIO			Compressa rivestita con film	C10AA07	TEVA ITALIA S.R.L.	Autorizzata	Procedura Mutuo riconoscimento o Decentrata	Medicinali soggetti a prescrizione medica
043064183	043064	ROSUVASTATINA TEVA	5 MG COMPRESSE RIVESTITE CON FILM- 7 COMPRESSE IN BLISTER PVC/PVDC/AL	ROSUVASTATINA SALE DI CALCIO	ROSUVASTATINA SALE DI CALCIO			Compressa rivestita con film	C10AA07	TEVA ITALIA S.R.L.	Autorizzata	Procedura Mutuo riconoscimento o Decentrata	Medicinali soggetti a prescrizione medica
043064195	043064	ROSUVASTATINA TEVA	5 MG COMPRESSE RIVESTITE CON FILM- 14 COMPRESSE IN BLISTER PVC/PVDC/AL	ROSUVASTATINA SALE DI CALCIO	ROSUVASTATINA SALE DI CALCIO			Compressa rivestita con film	C10AA07	TEVA ITALIA S.R.L.	Autorizzata	Procedura Mutuo riconoscimento o Decentrata	Medicinali soggetti a prescrizione medica
043064207	043064	ROSUVASTATINA TEVA	5 MG COMPRESSE RIVESTITE CON FILM- 15 COMPRESSE IN BLISTER PVC/PVDC/AL	ROSUVASTATINA SALE DI CALCIO	ROSUVASTATINA SALE DI CALCIO			Compressa rivestita con film	C10AA07	TEVA ITALIA S.R.L.	Autorizzata	Procedura Mutuo riconoscimento o Decentrata	Medicinali soggetti a prescrizione medica
043064219	043064	ROSUVASTATINA TEVA	5 MG COMPRESSE RIVESTITE CON FILM- 20 COMPRESSE IN BLISTER PVC/PVDC/AL	ROSUVASTATINA SALE DI CALCIO	ROSUVASTATINA SALE DI CALCIO			Compressa rivestita con film	C10AA07	TEVA ITALIA S.R.L.	Autorizzata	Procedura Mutuo riconoscimento o Decentrata	Medicinali soggetti a prescrizione medica
043064221	043064	ROSUVASTATINA TEVA	5 MG COMPRESSE RIVESTITE CON FILM- 28 COMPRESSE IN BLISTER PVC/PVDC/AL	ROSUVASTATINA SALE DI CALCIO	ROSUVASTATINA SALE DI CALCIO			Compressa rivestita con film	C10AA07	TEVA ITALIA S.R.L.	Autorizzata	Procedura Mutuo riconoscimento o Decentrata	Medicinali soggetti a prescrizione medica
043064233	043064	ROSUVASTATINA TEVA	5 MG COMPRESSE RIVESTITE CON FILM- 30 COMPRESSE IN BLISTER PVC/PVDC/AL	ROSUVASTATINA SALE DI CALCIO	ROSUVASTATINA SALE DI CALCIO			Compressa rivestita con film	C10AA07	TEVA ITALIA S.R.L.	Autorizzata	Procedura Mutuo riconoscimento o Decentrata	Medicinali soggetti a prescrizione medica
043064245	043064	ROSUVASTATINA TEVA	5 MG COMPRESSE RIVESTITE CON FILM- 30X1 COMPRESSE IN BLISTER PVC/PVDC/AL	ROSUVASTATINA SALE DI CALCIO	ROSUVASTATINA SALE DI CALCIO			Compressa rivestita con film	C10AA07	TEVA ITALIA S.R.L.	Autorizzata	Procedura Mutuo riconoscimento o Decentrata	Medicinali soggetti a prescrizione medica
043064258	043064	ROSUVASTATINA TEVA	5 MG COMPRESSE RIVESTITE CON FILM- 42 COMPRESSE IN BLISTER PVC/PVDC/AL	ROSUVASTATINA SALE DI CALCIO	ROSUVASTATINA SALE DI CALCIO			Compressa rivestita con film	C10AA07	TEVA ITALIA S.R.L.	Autorizzata	Procedura Mutuo riconoscimento o Decentrata	Medicinali soggetti a prescrizione medica
043064260	043064	ROSUVASTATINA TEVA	5 MG COMPRESSE RIVESTITE CON FILM- 50 COMPRESSE IN BLISTER PVC/PVDC/AL	ROSUVASTATINA SALE DI CALCIO	ROSUVASTATINA SALE DI CALCIO			Compressa rivestita con film	C10AA07	TEVA ITALIA S.R.L.	Autorizzata	Procedura Mutuo riconoscimento o Decentrata	Medicinali soggetti a prescrizione medica
043064272	043064	ROSUVASTATINA TEVA	5 MG COMPRESSE RIVESTITE CON FILM- 50X1 COMPRESSE IN BLISTER PVC/PVDC/AL	ROSUVASTATINA SALE DI CALCIO	ROSUVASTATINA SALE DI CALCIO			Compressa rivestita con film	C10AA07	TEVA ITALIA S.R.L.	Autorizzata	Procedura Mutuo riconoscimento o Decentrata	Medicinali soggetti a prescrizione medica
043064284	043064	ROSUVASTATINA TEVA	5 MG COMPRESSE RIVESTITE CON FILM- 56 COMPRESSE IN BLISTER PVC/PVDC/AL	ROSUVASTATINA SALE DI CALCIO	ROSUVASTATINA SALE DI CALCIO			Compressa rivestita con film	C10AA07	TEVA ITALIA S.R.L.	Autorizzata	Procedura Mutuo riconoscimento o Decentrata	Medicinali soggetti a prescrizione medica
043064296	043064	ROSUVASTATINA TEVA	5 MG COMPRESSE RIVESTITE CON FILM- 60 COMPRESSE IN BLISTER PVC/PVDC/AL	ROSUVASTATINA SALE DI CALCIO	ROSUVASTATINA SALE DI CALCIO			Compressa rivestita con film	C10AA07	TEVA ITALIA S.R.L.	Autorizzata	Procedura Mutuo riconoscimento o Decentrata	Medicinali soggetti a prescrizione medica
043064308	043064	ROSUVASTATINA TEVA	5 MG COMPRESSE RIVESTITE CON FILM- 84 COMPRESSE IN BLISTER PVC/PVDC/AL	ROSUVASTATINA SALE DI CALCIO	ROSUVASTATINA SALE DI CALCIO			Compressa rivestita con film	C10AA07	TEVA ITALIA S.R.L.	Autorizzata	Procedura Mutuo riconoscimento o Decentrata	Medicinali soggetti a prescrizione medica
043064310	043064	ROSUVASTATINA TEVA	5 MG COMPRESSE RIVESTITE CON FILM- 90 COMPRESSE IN BLISTER PVC/PVDC/AL	ROSUVASTATINA SALE DI CALCIO	ROSUVASTATINA SALE DI CALCIO			Compressa rivestita con film	C10AA07	TEVA ITALIA S.R.L.	Autorizzata	Procedura Mutuo riconoscimento o Decentrata	Medicinali soggetti a prescrizione medica
043064322	043064	ROSUVASTATINA TEVA	5 MG COMPRESSE RIVESTITE CON FILM- 98 COMPRESSE IN BLISTER PVC/PVDC/AL	ROSUVASTATINA SALE DI CALCIO	ROSUVASTATINA SALE DI CALCIO			Compressa rivestita con film	C10AA07	TEVA ITALIA S.R.L.	Autorizzata	Procedura Mutuo riconoscimento o Decentrata	Medicinali soggetti a prescrizione medica
043064334	043064	ROSUVASTATINA TEVA	5 MG COMPRESSE RIVESTITE CON FILM- 100 COMPRESSE IN BLISTER PVC/PVDC/AL	ROSUVASTATINA SALE DI CALCIO	ROSUVASTATINA SALE DI CALCIO			Compressa rivestita con film	C10AA07	TEVA ITALIA S.R.L.	Autorizzata	Procedura Mutuo riconoscimento o Decentrata	Medicinali soggetti a prescrizione medica
043064346	043064	ROSUVASTATINA TEVA	5 MG COMPRESSE RIVESTITE CON FILM- 100X1 COMPRESSE IN BLISTER PVC/PVDC/AL	ROSUVASTATINA SALE DI CALCIO	ROSUVASTATINA SALE DI CALCIO			Compressa rivestita con film	C10AA07	TEVA ITALIA S.R.L.	Autorizzata	Procedura Mutuo riconoscimento o Decentrata	Medicinali soggetti a prescrizione medica
043064359	043064	ROSUVASTATINA TEVA	5 MG COMPRESSE RIVESTITE CON FILM- 30 COMPRESSE IN FLACONE HDPE	ROSUVASTATINA SALE DI CALCIO	ROSUVASTATINA SALE DI CALCIO			Compressa rivestita con film	C10AA07	TEVA ITALIA S.R.L.	Autorizzata	Procedura Mutuo riconoscimento o Decentrata	Medicinali soggetti a prescrizione medica
043064361	043064	ROSUVASTATINA TEVA	5 MG COMPRESSE RIVESTITE CON FILM- 100 COMPRESSE IN FLACONE HDPE	ROSUVASTATINA SALE DI CALCIO	ROSUVASTATINA SALE DI CALCIO			Compressa rivestita con film	C10AA07	TEVA ITALIA S.R.L.	Autorizzata	Procedura Mutuo riconoscimento o Decentrata	Medicinali soggetti a prescrizione medica
043064373	043064	ROSUVASTATINA TEVA	10 MG COMPRESSE RIVESTITE CON FILM- 7 COMPRESSE IN BLISTER OPA/AL/PVC/AL	ROSUVASTATINA SALE DI CALCIO	ROSUVASTATINA SALE DI CALCIO			Compressa rivestita con film	C10AA07	TEVA ITALIA S.R.L.	Autorizzata	Procedura Mutuo riconoscimento o Decentrata	Medicinali soggetti a prescrizione medica
043064385	043064	ROSUVASTATINA TEVA	10 MG COMPRESSE RIVESTITE CON FILM- 14 COMPRESSE IN BLISTER OPA/AL/PVC/AL	ROSUVASTATINA SALE DI CALCIO	ROSUVASTATINA SALE DI CALCIO			Compressa rivestita con film	C10AA07	TEVA ITALIA S.R.L.	Autorizzata	Procedura Mutuo riconoscimento o Decentrata	Medicinali soggetti a prescrizione medica
043064397	043064	ROSUVASTATINA TEVA	10 MG COMPRESSE RIVESTITE CON FILM- 15 COMPRESSE IN BLISTER OPA/AL/PVC/AL	ROSUVASTATINA SALE DI CALCIO	ROSUVASTATINA SALE DI CALCIO			Compressa rivestita con film	C10AA07	TEVA ITALIA S.R.L.	Autorizzata	Procedura Mutuo riconoscimento o Decentrata	Medicinali soggetti a prescrizione medica
043064409	043064	ROSUVASTATINA TEVA	10 MG COMPRESSE RIVESTITE CON FILM- 20 COMPRESSE IN BLISTER OPA/AL/PVC/AL	ROSUVASTATINA SALE DI CALCIO	ROSUVASTATINA SALE DI CALCIO			Compressa rivestita con film	C10AA07	TEVA ITALIA S.R.L.	Autorizzata	Procedura Mutuo riconoscimento o Decentrata	Medicinali soggetti a prescrizione medica
043064411	043064	ROSUVASTATINA TEVA	10 MG COMPRESSE RIVESTITE CON FILM- 28 COMPRESSE IN BLISTER OPA/AL/PVC/AL	ROSUVASTATINA SALE DI CALCIO	ROSUVASTATINA SALE DI CALCIO			Compressa rivestita con film	C10AA07	TEVA ITALIA S.R.L.	Autorizzata	Procedura Mutuo riconoscimento o Decentrata	Medicinali soggetti a prescrizione medica
043064423	043064	ROSUVASTATINA TEVA	10 MG COMPRESSE RIVESTITE CON FILM- 30 COMPRESSE IN BLISTER OPA/AL/PVC/AL	ROSUVASTATINA SALE DI CALCIO	ROSUVASTATINA SALE DI CALCIO			Compressa rivestita con film	C10AA07	TEVA ITALIA S.R.L.	Autorizzata	Procedura Mutuo riconoscimento o Decentrata	Medicinali soggetti a prescrizione medica
043064435	043064	ROSUVASTATINA TEVA	10 MG COMPRESSE RIVESTITE CON FILM- 30X1 COMPRESSE IN BLISTER OPA/AL/PVC/AL	ROSUVASTATINA SALE DI CALCIO	ROSUVASTATINA SALE DI CALCIO			Compressa rivestita con film	C10AA07	TEVA ITALIA S.R.L.	Autorizzata	Procedura Mutuo riconoscimento o Decentrata	Medicinali soggetti a prescrizione medica
043064447	043064	ROSUVASTATINA TEVA	10 MG COMPRESSE RIVESTITE CON FILM- 42 COMPRESSE IN BLISTER OPA/AL/PVC/AL	ROSUVASTATINA SALE DI CALCIO	ROSUVASTATINA SALE DI CALCIO			Compressa rivestita con film	C10AA07	TEVA ITALIA S.R.L.	Autorizzata	Procedura Mutuo riconoscimento o Decentrata	Medicinali soggetti a prescrizione medica
043064450	043064	ROSUVASTATINA TEVA	10 MG COMPRESSE RIVESTITE CON FILM- 50 COMPRESSE IN BLISTER OPA/AL/PVC/AL	ROSUVASTATINA SALE DI CALCIO	ROSUVASTATINA SALE DI CALCIO			Compressa rivestita con film	C10AA07	TEVA ITALIA S.R.L.	Autorizzata	Procedura Mutuo riconoscimento o Decentrata	Medicinali soggetti a prescrizione medica
043064462	043064	ROSUVASTATINA TEVA	10 MG COMPRESSE RIVESTITE CON FILM- 50X1 COMPRESSE IN BLISTER OPA/AL/PVC/AL	ROSUVASTATINA SALE DI CALCIO	ROSUVASTATINA SALE DI CALCIO			Compressa rivestita con film	C10AA07	TEVA ITALIA S.R.L.	Autorizzata	Procedura Mutuo riconoscimento o Decentrata	Medicinali soggetti a prescrizione medica
043064474	043064	ROSUVASTATINA TEVA	10 MG COMPRESSE RIVESTITE CON FILM- 56 COMPRESSE IN BLISTER OPA/AL/PVC/AL	ROSUVASTATINA SALE DI CALCIO	ROSUVASTATINA SALE DI CALCIO			Compressa rivestita con film	C10AA07	TEVA ITALIA S.R.L.	Autorizzata	Procedura Mutuo riconoscimento o Decentrata	Medicinali soggetti a prescrizione medica
043064486	043064	ROSUVASTATINA TEVA	10 MG COMPRESSE RIVESTITE CON FILM- 60 COMPRESSE IN BLISTER OPA/AL/PVC/AL	ROSUVASTATINA SALE DI CALCIO	ROSUVASTATINA SALE DI CALCIO			Compressa rivestita con film	C10AA07	TEVA ITALIA S.R.L.	Autorizzata	Procedura Mutuo riconoscimento o Decentrata	Medicinali soggetti a prescrizione medica
043064498	043064	ROSUVASTATINA TEVA	10 MG COMPRESSE RIVESTITE CON FILM- 84 COMPRESSE IN BLISTER OPA/AL/PVC/AL	ROSUVASTATINA SALE DI CALCIO	ROSUVASTATINA SALE DI CALCIO			Compressa rivestita con film	C10AA07	TEVA ITALIA S.R.L.	Autorizzata	Procedura Mutuo riconoscimento o Decentrata	Medicinali soggetti a prescrizione medica
043064500	043064	ROSUVASTATINA TEVA	10 MG COMPRESSE RIVESTITE CON FILM- 90 COMPRESSE IN BLISTER OPA/AL/PVC/AL	ROSUVASTATINA SALE DI CALCIO	ROSUVASTATINA SALE DI CALCIO			Compressa rivestita con film	C10AA07	TEVA ITALIA S.R.L.	Autorizzata	Procedura Mutuo riconoscimento o Decentrata	Medicinali soggetti a prescrizione medica
043064512	043064	ROSUVASTATINA TEVA	10 MG COMPRESSE RIVESTITE CON FILM- 98 COMPRESSE IN BLISTER OPA/AL/PVC/AL	ROSUVASTATINA SALE DI CALCIO	ROSUVASTATINA SALE DI CALCIO			Compressa rivestita con film	C10AA07	TEVA ITALIA S.R.L.	Autorizzata	Procedura Mutuo riconoscimento o Decentrata	Medicinali soggetti a prescrizione medica
043064524	043064	ROSUVASTATINA TEVA	10 MG COMPRESSE RIVESTITE CON FILM- 100 COMPRESSE IN BLISTER OPA/AL/PVC/AL	ROSUVASTATINA SALE DI CALCIO	ROSUVASTATINA SALE DI CALCIO			Compressa rivestita con film	C10AA07	TEVA ITALIA S.R.L.	Autorizzata	Procedura Mutuo riconoscimento o Decentrata	Medicinali soggetti a prescrizione medica
043064536	043064	ROSUVASTATINA TEVA	10 MG COMPRESSE RIVESTITE CON FILM- 100X1 COMPRESSE IN BLISTER OPA/AL/PVC/AL	ROSUVASTATINA SALE DI CALCIO	ROSUVASTATINA SALE DI CALCIO			Compressa rivestita con film	C10AA07	TEVA ITALIA S.R.L.	Autorizzata	Procedura Mutuo riconoscimento o Decentrata	Medicinali soggetti a prescrizione medica
043064548	043064	ROSUVASTATINA TEVA	10 MG COMPRESSE RIVESTITE CON FILM- 7 COMPRESSE IN BLISTER PVC/PVDC/AL	ROSUVASTATINA SALE DI CALCIO	ROSUVASTATINA SALE DI CALCIO			Compressa rivestita con film	C10AA07	TEVA ITALIA S.R.L.	Autorizzata	Procedura Mutuo riconoscimento o Decentrata	Medicinali soggetti a prescrizione medica
043064551	043064	ROSUVASTATINA TEVA	10 MG COMPRESSE RIVESTITE CON FILM- 14 COMPRESSE IN BLISTER PVC/PVDC/AL	ROSUVASTATINA SALE DI CALCIO	ROSUVASTATINA SALE DI CALCIO			Compressa rivestita con film	C10AA07	TEVA ITALIA S.R.L.	Autorizzata	Procedura Mutuo riconoscimento o Decentrata	Medicinali soggetti a prescrizione medica
043064563	043064	ROSUVASTATINA TEVA	10 MG COMPRESSE RIVESTITE CON FILM- 15 COMPRESSE IN BLISTER PVC/PVDC/AL	ROSUVASTATINA SALE DI CALCIO	ROSUVASTATINA SALE DI CALCIO			Compressa rivestita con film	C10AA07	TEVA ITALIA S.R.L.	Autorizzata	Procedura Mutuo riconoscimento o Decentrata	Medicinali soggetti a prescrizione medica
043064575	043064	ROSUVASTATINA TEVA	10 MG COMPRESSE RIVESTITE CON FILM- 20 COMPRESSE IN BLISTER PVC/PVDC/AL	ROSUVASTATINA SALE DI CALCIO	ROSUVASTATINA SALE DI CALCIO			Compressa rivestita con film	C10AA07	TEVA ITALIA S.R.L.	Autorizzata	Procedura Mutuo riconoscimento o Decentrata	Medicinali soggetti a prescrizione medica
043064587	043064	ROSUVASTATINA TEVA	10 MG COMPRESSE RIVESTITE CON FILM- 28 COMPRESSE IN BLISTER PVC/PVDC/AL	ROSUVASTATINA SALE DI CALCIO	ROSUVASTATINA SALE DI CALCIO			Compressa rivestita con film	C10AA07	TEVA ITALIA S.R.L.	Autorizzata	Procedura Mutuo riconoscimento o Decentrata	Medicinali soggetti a prescrizione medica
043064599	043064	ROSUVASTATINA TEVA	10 MG COMPRESSE RIVESTITE CON FILM- 30 COMPRESSE IN BLISTER PVC/PVDC/AL	ROSUVASTATINA SALE DI CALCIO	ROSUVASTATINA SALE DI CALCIO			Compressa rivestita con film	C10AA07	TEVA ITALIA S.R.L.	Autorizzata	Procedura Mutuo riconoscimento o Decentrata	Medicinali soggetti a prescrizione medica
043064601	043064	ROSUVASTATINA TEVA	10 MG COMPRESSE RIVESTITE CON FILM- 30X1 COMPRESSE IN BLISTER PVC/PVDC/AL	ROSUVASTATINA SALE DI CALCIO	ROSUVASTATINA SALE DI CALCIO			Compressa rivestita con film	C10AA07	TEVA ITALIA S.R.L.	Autorizzata	Procedura Mutuo riconoscimento o Decentrata	Medicinali soggetti a prescrizione medica
043064613	043064	ROSUVASTATINA TEVA	10 MG COMPRESSE RIVESTITE CON FILM- 42 COMPRESSE IN BLISTER PVC/PVDC/AL	ROSUVASTATINA SALE DI CALCIO	ROSUVASTATINA SALE DI CALCIO			Compressa rivestita con film	C10AA07	TEVA ITALIA S.R.L.	Autorizzata	Procedura Mutuo riconoscimento o Decentrata	Medicinali soggetti a prescrizione medica
043064625	043064	ROSUVASTATINA TEVA	10 MG COMPRESSE RIVESTITE CON FILM- 50 COMPRESSE IN BLISTER PVC/PVDC/AL	ROSUVASTATINA SALE DI CALCIO	ROSUVASTATINA SALE DI CALCIO			Compressa rivestita con film	C10AA07	TEVA ITALIA S.R.L.	Autorizzata	Procedura Mutuo riconoscimento o Decentrata	Medicinali soggetti a prescrizione medica
043064637	043064	ROSUVASTATINA TEVA	10 MG COMPRESSE RIVESTITE CON FILM- 50X1 COMPRESSE IN BLISTER PVC/PVDC/AL	ROSUVASTATINA SALE DI CALCIO	ROSUVASTATINA SALE DI CALCIO			Compressa rivestita con film	C10AA07	TEVA ITALIA S.R.L.	Autorizzata	Procedura Mutuo riconoscimento o Decentrata	Medicinali soggetti a prescrizione medica
043064649	043064	ROSUVASTATINA TEVA	10 MG COMPRESSE RIVESTITE CON FILM- 56 COMPRESSE IN BLISTER PVC/PVDC/AL	ROSUVASTATINA SALE DI CALCIO	ROSUVASTATINA SALE DI CALCIO			Compressa rivestita con film	C10AA07	TEVA ITALIA S.R.L.	Autorizzata	Procedura Mutuo riconoscimento o Decentrata	Medicinali soggetti a prescrizione medica
043064652	043064	ROSUVASTATINA TEVA	10 MG COMPRESSE RIVESTITE CON FILM- 60 COMPRESSE IN BLISTER PVC/PVDC/AL	ROSUVASTATINA SALE DI CALCIO	ROSUVASTATINA SALE DI CALCIO			Compressa rivestita con film	C10AA07	TEVA ITALIA S.R.L.	Autorizzata	Procedura Mutuo riconoscimento o Decentrata	Medicinali soggetti a prescrizione medica
043064664	043064	ROSUVASTATINA TEVA	10 MG COMPRESSE RIVESTITE CON FILM- 84 COMPRESSE IN BLISTER PVC/PVDC/AL	ROSUVASTATINA SALE DI CALCIO	ROSUVASTATINA SALE DI CALCIO			Compressa rivestita con film	C10AA07	TEVA ITALIA S.R.L.	Autorizzata	Procedura Mutuo riconoscimento o Decentrata	Medicinali soggetti a prescrizione medica
043064676	043064	ROSUVASTATINA TEVA	10 MG COMPRESSE RIVESTITE CON FILM- 90 COMPRESSE IN BLISTER PVC/PVDC/AL	ROSUVASTATINA SALE DI CALCIO	ROSUVASTATINA SALE DI CALCIO			Compressa rivestita con film	C10AA07	TEVA ITALIA S.R.L.	Autorizzata	Procedura Mutuo riconoscimento o Decentrata	Medicinali soggetti a prescrizione medica
043064688	043064	ROSUVASTATINA TEVA	10 MG COMPRESSE RIVESTITE CON FILM- 98 COMPRESSE IN BLISTER PVC/PVDC/AL	ROSUVASTATINA SALE DI CALCIO	ROSUVASTATINA SALE DI CALCIO			Compressa rivestita con film	C10AA07	TEVA ITALIA S.R.L.	Autorizzata	Procedura Mutuo riconoscimento o Decentrata	Medicinali soggetti a prescrizione medica
043064690	043064	ROSUVASTATINA TEVA	10 MG COMPRESSE RIVESTITE CON FILM- 100 COMPRESSE IN BLISTER PVC/PVDC/AL	ROSUVASTATINA SALE DI CALCIO	ROSUVASTATINA SALE DI CALCIO			Compressa rivestita con film	C10AA07	TEVA ITALIA S.R.L.	Autorizzata	Procedura Mutuo riconoscimento o Decentrata	Medicinali soggetti a prescrizione medica
043064702	043064	ROSUVASTATINA TEVA	10 MG COMPRESSE RIVESTITE CON FILM- 100X1 COMPRESSE IN BLISTER PVC/PVDC/AL	ROSUVASTATINA SALE DI CALCIO	ROSUVASTATINA SALE DI CALCIO			Compressa rivestita con film	C10AA07	TEVA ITALIA S.R.L.	Autorizzata	Procedura Mutuo riconoscimento o Decentrata	Medicinali soggetti a prescrizione medica
043064714	043064	ROSUVASTATINA TEVA	10 MG COMPRESSE RIVESTITE CON FILM- 30 COMPRESSE IN FLACONE HDPE	ROSUVASTATINA SALE DI CALCIO	ROSUVASTATINA SALE DI CALCIO			Compressa rivestita con film	C10AA07	TEVA ITALIA S.R.L.	Autorizzata	Procedura Mutuo riconoscimento o Decentrata	Medicinali soggetti a prescrizione medica
043064726	043064	ROSUVASTATINA TEVA	10 MG COMPRESSE RIVESTITE CON FILM- 100 COMPRESSE IN FLACONE HDPE	ROSUVASTATINA SALE DI CALCIO	ROSUVASTATINA SALE DI CALCIO			Compressa rivestita con film	C10AA07	TEVA ITALIA S.R.L.	Autorizzata	Procedura Mutuo riconoscimento o Decentrata	Medicinali soggetti a prescrizione medica
043064738	043064	ROSUVASTATINA TEVA	20 MG COMPRESSE RIVESTITE CON FILM- 7 COMPRESSE IN BLISTER OPA/AL/PVC/AL	ROSUVASTATINA SALE DI CALCIO	ROSUVASTATINA SALE DI CALCIO			Compressa rivestita con film	C10AA07	TEVA ITALIA S.R.L.	Autorizzata	Procedura Mutuo riconoscimento o Decentrata	Medicinali soggetti a prescrizione medica
043064740	043064	ROSUVASTATINA TEVA	20 MG COMPRESSE RIVESTITE CON FILM- 14 COMPRESSE IN BLISTER OPA/AL/PVC/AL	ROSUVASTATINA SALE DI CALCIO	ROSUVASTATINA SALE DI CALCIO			Compressa rivestita con film	C10AA07	TEVA ITALIA S.R.L.	Autorizzata	Procedura Mutuo riconoscimento o Decentrata	Medicinali soggetti a prescrizione medica
043064753	043064	ROSUVASTATINA TEVA	20 MG COMPRESSE RIVESTITE CON FILM- 15 COMPRESSE IN BLISTER OPA/AL/PVC/AL	ROSUVASTATINA SALE DI CALCIO	ROSUVASTATINA SALE DI CALCIO			Compressa rivestita con film	C10AA07	TEVA ITALIA S.R.L.	Autorizzata	Procedura Mutuo riconoscimento o Decentrata	Medicinali soggetti a prescrizione medica
043064765	043064	ROSUVASTATINA TEVA	20 MG COMPRESSE RIVESTITE CON FILM- 20 COMPRESSE IN BLISTER OPA/AL/PVC/AL	ROSUVASTATINA SALE DI CALCIO	ROSUVASTATINA SALE DI CALCIO			Compressa rivestita con film	C10AA07	TEVA ITALIA S.R.L.	Autorizzata	Procedura Mutuo riconoscimento o Decentrata	Medicinali soggetti a prescrizione medica
043064777	043064	ROSUVASTATINA TEVA	20 MG COMPRESSE RIVESTITE CON FILM- 28 COMPRESSE IN BLISTER OPA/AL/PVC/AL	ROSUVASTATINA SALE DI CALCIO	ROSUVASTATINA SALE DI CALCIO			Compressa rivestita con film	C10AA07	TEVA ITALIA S.R.L.	Autorizzata	Procedura Mutuo riconoscimento o Decentrata	Medicinali soggetti a prescrizione medica
043064789	043064	ROSUVASTATINA TEVA	20 MG COMPRESSE RIVESTITE CON FILM- 30 COMPRESSE IN BLISTER OPA/AL/PVC/AL	ROSUVASTATINA SALE DI CALCIO	ROSUVASTATINA SALE DI CALCIO			Compressa rivestita con film	C10AA07	TEVA ITALIA S.R.L.	Autorizzata	Procedura Mutuo riconoscimento o Decentrata	Medicinali soggetti a prescrizione medica
043064791	043064	ROSUVASTATINA TEVA	20 MG COMPRESSE RIVESTITE CON FILM- 30X1 COMPRESSE IN BLISTER OPA/AL/PVC/AL	ROSUVASTATINA SALE DI CALCIO	ROSUVASTATINA SALE DI CALCIO			Compressa rivestita con film	C10AA07	TEVA ITALIA S.R.L.	Autorizzata	Procedura Mutuo riconoscimento o Decentrata	Medicinali soggetti a prescrizione medica
043064803	043064	ROSUVASTATINA TEVA	20 MG COMPRESSE RIVESTITE CON FILM- 42 COMPRESSE IN BLISTER OPA/AL/PVC/AL	ROSUVASTATINA SALE DI CALCIO	ROSUVASTATINA SALE DI CALCIO			Compressa rivestita con film	C10AA07	TEVA ITALIA S.R.L.	Autorizzata	Procedura Mutuo riconoscimento o Decentrata	Medicinali soggetti a prescrizione medica
043064815	043064	ROSUVASTATINA TEVA	20 MG COMPRESSE RIVESTITE CON FILM- 50 COMPRESSE IN BLISTER OPA/AL/PVC/AL	ROSUVASTATINA SALE DI CALCIO	ROSUVASTATINA SALE DI CALCIO			Compressa rivestita con film	C10AA07	TEVA ITALIA S.R.L.	Autorizzata	Procedura Mutuo riconoscimento o Decentrata	Medicinali soggetti a prescrizione medica
043064827	043064	ROSUVASTATINA TEVA	20 MG COMPRESSE RIVESTITE CON FILM- 50X1 COMPRESSE IN BLISTER OPA/AL/PVC/AL	ROSUVASTATINA SALE DI CALCIO	ROSUVASTATINA SALE DI CALCIO			Compressa rivestita con film	C10AA07	TEVA ITALIA S.R.L.	Autorizzata	Procedura Mutuo riconoscimento o Decentrata	Medicinali soggetti a prescrizione medica
043064839	043064	ROSUVASTATINA TEVA	20 MG COMPRESSE RIVESTITE CON FILM- 56 COMPRESSE IN BLISTER OPA/AL/PVC/AL	ROSUVASTATINA SALE DI CALCIO	ROSUVASTATINA SALE DI CALCIO			Compressa rivestita con film	C10AA07	TEVA ITALIA S.R.L.	Autorizzata	Procedura Mutuo riconoscimento o Decentrata	Medicinali soggetti a prescrizione medica
043064841	043064	ROSUVASTATINA TEVA	20 MG COMPRESSE RIVESTITE CON FILM- 60 COMPRESSE IN BLISTER OPA/AL/PVC/AL	ROSUVASTATINA SALE DI CALCIO	ROSUVASTATINA SALE DI CALCIO			Compressa rivestita con film	C10AA07	TEVA ITALIA S.R.L.	Autorizzata	Procedura Mutuo riconoscimento o Decentrata	Medicinali soggetti a prescrizione medica
043064854	043064	ROSUVASTATINA TEVA	20 MG COMPRESSE RIVESTITE CON FILM- 84 COMPRESSE IN BLISTER OPA/AL/PVC/AL	ROSUVASTATINA SALE DI CALCIO	ROSUVASTATINA SALE DI CALCIO			Compressa rivestita con film	C10AA07	TEVA ITALIA S.R.L.	Autorizzata	Procedura Mutuo riconoscimento o Decentrata	Medicinali soggetti a prescrizione medica
043064866	043064	ROSUVASTATINA TEVA	20 MG COMPRESSE RIVESTITE CON FILM- 90 COMPRESSE IN BLISTER OPA/AL/PVC/AL	ROSUVASTATINA SALE DI CALCIO	ROSUVASTATINA SALE DI CALCIO			Compressa rivestita con film	C10AA07	TEVA ITALIA S.R.L.	Autorizzata	Procedura Mutuo riconoscimento o Decentrata	Medicinali soggetti a prescrizione medica
043064878	043064	ROSUVASTATINA TEVA	20 MG COMPRESSE RIVESTITE CON FILM- 98 COMPRESSE IN BLISTER OPA/AL/PVC/AL	ROSUVASTATINA SALE DI CALCIO	ROSUVASTATINA SALE DI CALCIO			Compressa rivestita con film	C10AA07	TEVA ITALIA S.R.L.	Autorizzata	Procedura Mutuo riconoscimento o Decentrata	Medicinali soggetti a prescrizione medica
043064880	043064	ROSUVASTATINA TEVA	20 MG COMPRESSE RIVESTITE CON FILM- 100 COMPRESSE IN BLISTER OPA/AL/PVC/AL	ROSUVASTATINA SALE DI CALCIO	ROSUVASTATINA SALE DI CALCIO			Compressa rivestita con film	C10AA07	TEVA ITALIA S.R.L.	Autorizzata	Procedura Mutuo riconoscimento o Decentrata	Medicinali soggetti a prescrizione medica
043064892	043064	ROSUVASTATINA TEVA	20 MG COMPRESSE RIVESTITE CON FILM- 100X1 COMPRESSE IN BLISTER OPA/AL/PVC/AL	ROSUVASTATINA SALE DI CALCIO	ROSUVASTATINA SALE DI CALCIO			Compressa rivestita con film	C10AA07	TEVA ITALIA S.R.L.	Autorizzata	Procedura Mutuo riconoscimento o Decentrata	Medicinali soggetti a prescrizione medica
043064904	043064	ROSUVASTATINA TEVA	20 MG COMPRESSE RIVESTITE CON FILM- 7 COMPRESSE IN BLISTER PVC/PVDC/AL	ROSUVASTATINA SALE DI CALCIO	ROSUVASTATINA SALE DI CALCIO			Compressa rivestita con film	C10AA07	TEVA ITALIA S.R.L.	Autorizzata	Procedura Mutuo riconoscimento o Decentrata	Medicinali soggetti a prescrizione medica
043064916	043064	ROSUVASTATINA TEVA	20 MG COMPRESSE RIVESTITE CON FILM- 14 COMPRESSE IN BLISTER PVC/PVDC/AL	ROSUVASTATINA SALE DI CALCIO	ROSUVASTATINA SALE DI CALCIO			Compressa rivestita con film	C10AA07	TEVA ITALIA S.R.L.	Autorizzata	Procedura Mutuo riconoscimento o Decentrata	Medicinali soggetti a prescrizione medica
043064928	043064	ROSUVASTATINA TEVA	20 MG COMPRESSE RIVESTITE CON FILM- 15 COMPRESSE IN BLISTER PVC/PVDC/AL	ROSUVASTATINA SALE DI CALCIO	ROSUVASTATINA SALE DI CALCIO			Compressa rivestita con film	C10AA07	TEVA ITALIA S.R.L.	Autorizzata	Procedura Mutuo riconoscimento o Decentrata	Medicinali soggetti a prescrizione medica
043064930	043064	ROSUVASTATINA TEVA	20 MG COMPRESSE RIVESTITE CON FILM- 20 COMPRESSE IN BLISTER PVC/PVDC/AL	ROSUVASTATINA SALE DI CALCIO	ROSUVASTATINA SALE DI CALCIO			Compressa rivestita con film	C10AA07	TEVA ITALIA S.R.L.	Autorizzata	Procedura Mutuo riconoscimento o Decentrata	Medicinali soggetti a prescrizione medica
043064942	043064	ROSUVASTATINA TEVA	20 MG COMPRESSE RIVESTITE CON FILM- 28 COMPRESSE IN BLISTER PVC/PVDC/AL	ROSUVASTATINA SALE DI CALCIO	ROSUVASTATINA SALE DI CALCIO			Compressa rivestita con film	C10AA07	TEVA ITALIA S.R.L.	Autorizzata	Procedura Mutuo riconoscimento o Decentrata	Medicinali soggetti a prescrizione medica
043064955	043064	ROSUVASTATINA TEVA	20 MG COMPRESSE RIVESTITE CON FILM- 30 COMPRESSE IN BLISTER PVC/PVDC/AL	ROSUVASTATINA SALE DI CALCIO	ROSUVASTATINA SALE DI CALCIO			Compressa rivestita con film	C10AA07	TEVA ITALIA S.R.L.	Autorizzata	Procedura Mutuo riconoscimento o Decentrata	Medicinali soggetti a prescrizione medica
043064967	043064	ROSUVASTATINA TEVA	20 MG COMPRESSE RIVESTITE CON FILM- 30X1 COMPRESSE IN BLISTER PVC/PVDC/AL	ROSUVASTATINA SALE DI CALCIO	ROSUVASTATINA SALE DI CALCIO			Compressa rivestita con film	C10AA07	TEVA ITALIA S.R.L.	Autorizzata	Procedura Mutuo riconoscimento o Decentrata	Medicinali soggetti a prescrizione medica
043064979	043064	ROSUVASTATINA TEVA	20 MG COMPRESSE RIVESTITE CON FILM- 42 COMPRESSE IN BLISTER PVC/PVDC/AL	ROSUVASTATINA SALE DI CALCIO	ROSUVASTATINA SALE DI CALCIO			Compressa rivestita con film	C10AA07	TEVA ITALIA S.R.L.	Autorizzata	Procedura Mutuo riconoscimento o Decentrata	Medicinali soggetti a prescrizione medica
043064981	043064	ROSUVASTATINA TEVA	20 MG COMPRESSE RIVESTITE CON FILM- 50 COMPRESSE IN BLISTER PVC/PVDC/AL	ROSUVASTATINA SALE DI CALCIO	ROSUVASTATINA SALE DI CALCIO			Compressa rivestita con film	C10AA07	TEVA ITALIA S.R.L.	Autorizzata	Procedura Mutuo riconoscimento o Decentrata	Medicinali soggetti a prescrizione medica
043064993	043064	ROSUVASTATINA TEVA	20 MG COMPRESSE RIVESTITE CON FILM- 50X1 COMPRESSE IN BLISTER PVC/PVDC/AL	ROSUVASTATINA SALE DI CALCIO	ROSUVASTATINA SALE DI CALCIO			Compressa rivestita con film	C10AA07	TEVA ITALIA S.R.L.	Autorizzata	Procedura Mutuo riconoscimento o Decentrata	Medicinali soggetti a prescrizione medica
043065010	043065	ROSUVASTATINA TEVA	20 MG COMPRESSE RIVESTITE CON FILM- 56 COMPRESSE IN BLISTER PVC/PVDC/AL	ROSUVASTATINA SALE DI CALCIO	ROSUVASTATINA SALE DI CALCIO			Compressa rivestita con film	C10AA07	TEVA ITALIA S.R.L.	Autorizzata	Procedura Mutuo riconoscimento o Decentrata	Medicinali soggetti a prescrizione medica
043065022	043065	ROSUVASTATINA TEVA	20 MG COMPRESSE RIVESTITE CON FILM- 60 COMPRESSE IN BLISTER PVC/PVDC/AL	ROSUVASTATINA SALE DI CALCIO	ROSUVASTATINA SALE DI CALCIO			Compressa rivestita con film	C10AA07	TEVA ITALIA S.R.L.	Autorizzata	Procedura Mutuo riconoscimento o Decentrata	Medicinali soggetti a prescrizione medica
043065034	043065	ROSUVASTATINA TEVA	20 MG COMPRESSE RIVESTITE CON FILM- 84 COMPRESSE IN BLISTER PVC/PVDC/AL	ROSUVASTATINA SALE DI CALCIO	ROSUVASTATINA SALE DI CALCIO			Compressa rivestita con film	C10AA07	TEVA ITALIA S.R.L.	Autorizzata	Procedura Mutuo riconoscimento o Decentrata	Medicinali soggetti a prescrizione medica
043065046	043065	ROSUVASTATINA TEVA	20 MG COMPRESSE RIVESTITE CON FILM- 90 COMPRESSE IN BLISTER PVC/PVDC/AL	ROSUVASTATINA SALE DI CALCIO	ROSUVASTATINA SALE DI CALCIO			Compressa rivestita con film	C10AA07	TEVA ITALIA S.R.L.	Autorizzata	Procedura Mutuo riconoscimento o Decentrata	Medicinali soggetti a prescrizione medica
043065059	043065	ROSUVASTATINA TEVA	20 MG COMPRESSE RIVESTITE CON FILM- 98 COMPRESSE IN BLISTER PVC/PVDC/AL	ROSUVASTATINA SALE DI CALCIO	ROSUVASTATINA SALE DI CALCIO			Compressa rivestita con film	C10AA07	TEVA ITALIA S.R.L.	Autorizzata	Procedura Mutuo riconoscimento o Decentrata	Medicinali soggetti a prescrizione medica
043065061	043065	ROSUVASTATINA TEVA	20 MG COMPRESSE RIVESTITE CON FILM- 100 COMPRESSE IN BLISTER PVC/PVDC/AL	ROSUVASTATINA SALE DI CALCIO	ROSUVASTATINA SALE DI CALCIO			Compressa rivestita con film	C10AA07	TEVA ITALIA S.R.L.	Autorizzata	Procedura Mutuo riconoscimento o Decentrata	Medicinali soggetti a prescrizione medica
043065073	043065	ROSUVASTATINA TEVA	20 MG COMPRESSE RIVESTITE CON FILM- 100X1 COMPRESSE IN BLISTER PVC/PVDC/AL	ROSUVASTATINA SALE DI CALCIO	ROSUVASTATINA SALE DI CALCIO			Compressa rivestita con film	C10AA07	TEVA ITALIA S.R.L.	Autorizzata	Procedura Mutuo riconoscimento o Decentrata	Medicinali soggetti a prescrizione medica
043065085	043065	ROSUVASTATINA TEVA	20 MG COMPRESSE RIVESTITE CON FILM- 30 COMPRESSE IN FLACONE HDPE	ROSUVASTATINA SALE DI CALCIO	ROSUVASTATINA SALE DI CALCIO			Compressa rivestita con film	C10AA07	TEVA ITALIA S.R.L.	Autorizzata	Procedura Mutuo riconoscimento o Decentrata	Medicinali soggetti a prescrizione medica
043065097	043065	ROSUVASTATINA TEVA	20 MG COMPRESSE RIVESTITE CON FILM- 100 COMPRESSE IN FLACONE HDPE	ROSUVASTATINA SALE DI CALCIO	ROSUVASTATINA SALE DI CALCIO			Compressa rivestita con film	C10AA07	TEVA ITALIA S.R.L.	Autorizzata	Procedura Mutuo riconoscimento o Decentrata	Medicinali soggetti a prescrizione medica
043065109	043065	ROSUVASTATINA TEVA	40 MG COMPRESSE RIVESTITE CON FILM- 7 COMPRESSE IN BLISTER OPA/AL/PVC/AL	ROSUVASTATINA SALE DI CALCIO	ROSUVASTATINA SALE DI CALCIO			Compressa rivestita con film	C10AA07	TEVA ITALIA S.R.L.	Autorizzata	Procedura Mutuo riconoscimento o Decentrata	Medicinali soggetti a prescrizione medica
043065111	043065	ROSUVASTATINA TEVA	40 MG COMPRESSE RIVESTITE CON FILM- 14 COMPRESSE IN BLISTER OPA/AL/PVC/AL	ROSUVASTATINA SALE DI CALCIO	ROSUVASTATINA SALE DI CALCIO			Compressa rivestita con film	C10AA07	TEVA ITALIA S.R.L.	Autorizzata	Procedura Mutuo riconoscimento o Decentrata	Medicinali soggetti a prescrizione medica
043065123	043065	ROSUVASTATINA TEVA	40 MG COMPRESSE RIVESTITE CON FILM- 15 COMPRESSE IN BLISTER OPA/AL/PVC/AL	ROSUVASTATINA SALE DI CALCIO	ROSUVASTATINA SALE DI CALCIO			Compressa rivestita con film	C10AA07	TEVA ITALIA S.R.L.	Autorizzata	Procedura Mutuo riconoscimento o Decentrata	Medicinali soggetti a prescrizione medica
043065135	043065	ROSUVASTATINA TEVA	40 MG COMPRESSE RIVESTITE CON FILM- 20 COMPRESSE IN BLISTER OPA/AL/PVC/AL	ROSUVASTATINA SALE DI CALCIO	ROSUVASTATINA SALE DI CALCIO			Compressa rivestita con film	C10AA07	TEVA ITALIA S.R.L.	Autorizzata	Procedura Mutuo riconoscimento o Decentrata	Medicinali soggetti a prescrizione medica
043065147	043065	ROSUVASTATINA TEVA	40 MG COMPRESSE RIVESTITE CON FILM- 28 COMPRESSE IN BLISTER OPA/AL/PVC/AL	ROSUVASTATINA SALE DI CALCIO	ROSUVASTATINA SALE DI CALCIO			Compressa rivestita con film	C10AA07	TEVA ITALIA S.R.L.	Autorizzata	Procedura Mutuo riconoscimento o Decentrata	Medicinali soggetti a prescrizione medica
043065150	043065	ROSUVASTATINA TEVA	40 MG COMPRESSE RIVESTITE CON FILM- 30 COMPRESSE IN BLISTER OPA/AL/PVC/AL	ROSUVASTATINA SALE DI CALCIO	ROSUVASTATINA SALE DI CALCIO			Compressa rivestita con film	C10AA07	TEVA ITALIA S.R.L.	Autorizzata	Procedura Mutuo riconoscimento o Decentrata	Medicinali soggetti a prescrizione medica
043065162	043065	ROSUVASTATINA TEVA	40 MG COMPRESSE RIVESTITE CON FILM- 30X1 COMPRESSE IN BLISTER OPA/AL/PVC/AL	ROSUVASTATINA SALE DI CALCIO	ROSUVASTATINA SALE DI CALCIO			Compressa rivestita con film	C10AA07	TEVA ITALIA S.R.L.	Autorizzata	Procedura Mutuo riconoscimento o Decentrata	Medicinali soggetti a prescrizione medica
043065174	043065	ROSUVASTATINA TEVA	40 MG COMPRESSE RIVESTITE CON FILM- 42 COMPRESSE IN BLISTER OPA/AL/PVC/AL	ROSUVASTATINA SALE DI CALCIO	ROSUVASTATINA SALE DI CALCIO			Compressa rivestita con film	C10AA07	TEVA ITALIA S.R.L.	Autorizzata	Procedura Mutuo riconoscimento o Decentrata	Medicinali soggetti a prescrizione medica
043065186	043065	ROSUVASTATINA TEVA	40 MG COMPRESSE RIVESTITE CON FILM- 50 COMPRESSE IN BLISTER OPA/AL/PVC/AL	ROSUVASTATINA SALE DI CALCIO	ROSUVASTATINA SALE DI CALCIO			Compressa rivestita con film	C10AA07	TEVA ITALIA S.R.L.	Autorizzata	Procedura Mutuo riconoscimento o Decentrata	Medicinali soggetti a prescrizione medica
043065198	043065	ROSUVASTATINA TEVA	40 MG COMPRESSE RIVESTITE CON FILM- 50X1 COMPRESSE IN BLISTER OPA/AL/PVC/AL	ROSUVASTATINA SALE DI CALCIO	ROSUVASTATINA SALE DI CALCIO			Compressa rivestita con film	C10AA07	TEVA ITALIA S.R.L.	Autorizzata	Procedura Mutuo riconoscimento o Decentrata	Medicinali soggetti a prescrizione medica
043065200	043065	ROSUVASTATINA TEVA	40 MG COMPRESSE RIVESTITE CON FILM- 56 COMPRESSE IN BLISTER OPA/AL/PVC/AL	ROSUVASTATINA SALE DI CALCIO	ROSUVASTATINA SALE DI CALCIO			Compressa rivestita con film	C10AA07	TEVA ITALIA S.R.L.	Autorizzata	Procedura Mutuo riconoscimento o Decentrata	Medicinali soggetti a prescrizione medica
043065212	043065	ROSUVASTATINA TEVA	40 MG COMPRESSE RIVESTITE CON FILM- 60 COMPRESSE IN BLISTER OPA/AL/PVC/AL	ROSUVASTATINA SALE DI CALCIO	ROSUVASTATINA SALE DI CALCIO			Compressa rivestita con film	C10AA07	TEVA ITALIA S.R.L.	Autorizzata	Procedura Mutuo riconoscimento o Decentrata	Medicinali soggetti a prescrizione medica
043065224	043065	ROSUVASTATINA TEVA	40 MG COMPRESSE RIVESTITE CON FILM- 84 COMPRESSE IN BLISTER OPA/AL/PVC/AL	ROSUVASTATINA SALE DI CALCIO	ROSUVASTATINA SALE DI CALCIO			Compressa rivestita con film	C10AA07	TEVA ITALIA S.R.L.	Autorizzata	Procedura Mutuo riconoscimento o Decentrata	Medicinali soggetti a prescrizione medica
043065236	043065	ROSUVASTATINA TEVA	40 MG COMPRESSE RIVESTITE CON FILM- 90 COMPRESSE IN BLISTER OPA/AL/PVC/AL	ROSUVASTATINA SALE DI CALCIO	ROSUVASTATINA SALE DI CALCIO			Compressa rivestita con film	C10AA07	TEVA ITALIA S.R.L.	Autorizzata	Procedura Mutuo riconoscimento o Decentrata	Medicinali soggetti a prescrizione medica
043065248	043065	ROSUVASTATINA TEVA	40 MG COMPRESSE RIVESTITE CON FILM- 98 COMPRESSE IN BLISTER OPA/AL/PVC/AL	ROSUVASTATINA SALE DI CALCIO	ROSUVASTATINA SALE DI CALCIO			Compressa rivestita con film	C10AA07	TEVA ITALIA S.R.L.	Autorizzata	Procedura Mutuo riconoscimento o Decentrata	Medicinali soggetti a prescrizione medica
043065251	043065	ROSUVASTATINA TEVA	40 MG COMPRESSE RIVESTITE CON FILM- 100 COMPRESSE IN BLISTER OPA/AL/PVC/AL	ROSUVASTATINA SALE DI CALCIO	ROSUVASTATINA SALE DI CALCIO			Compressa rivestita con film	C10AA07	TEVA ITALIA S.R.L.	Autorizzata	Procedura Mutuo riconoscimento o Decentrata	Medicinali soggetti a prescrizione medica
043065263	043065	ROSUVASTATINA TEVA	40 MG COMPRESSE RIVESTITE CON FILM- 100X1 COMPRESSE IN BLISTER OPA/AL/PVC/AL	ROSUVASTATINA SALE DI CALCIO	ROSUVASTATINA SALE DI CALCIO			Compressa rivestita con film	C10AA07	TEVA ITALIA S.R.L.	Autorizzata	Procedura Mutuo riconoscimento o Decentrata	Medicinali soggetti a prescrizione medica
043065275	043065	ROSUVASTATINA TEVA	40 MG COMPRESSE RIVESTITE CON FILM- 7 COMPRESSE IN BLISTER PVC/PVDC/AL	ROSUVASTATINA SALE DI CALCIO	ROSUVASTATINA SALE DI CALCIO			Compressa rivestita con film	C10AA07	TEVA ITALIA S.R.L.	Autorizzata	Procedura Mutuo riconoscimento o Decentrata	Medicinali soggetti a prescrizione medica
043065287	043065	ROSUVASTATINA TEVA	40 MG COMPRESSE RIVESTITE CON FILM- 14 COMPRESSE IN BLISTER PVC/PVDC/AL	ROSUVASTATINA SALE DI CALCIO	ROSUVASTATINA SALE DI CALCIO			Compressa rivestita con film	C10AA07	TEVA ITALIA S.R.L.	Autorizzata	Procedura Mutuo riconoscimento o Decentrata	Medicinali soggetti a prescrizione medica
043065299	043065	ROSUVASTATINA TEVA	40 MG COMPRESSE RIVESTITE CON FILM- 15 COMPRESSE IN BLISTER PVC/PVDC/AL	ROSUVASTATINA SALE DI CALCIO	ROSUVASTATINA SALE DI CALCIO			Compressa rivestita con film	C10AA07	TEVA ITALIA S.R.L.	Autorizzata	Procedura Mutuo riconoscimento o Decentrata	Medicinali soggetti a prescrizione medica
043065301	043065	ROSUVASTATINA TEVA	40 MG COMPRESSE RIVESTITE CON FILM- 20 COMPRESSE IN BLISTER PVC/PVDC/AL	ROSUVASTATINA SALE DI CALCIO	ROSUVASTATINA SALE DI CALCIO			Compressa rivestita con film	C10AA07	TEVA ITALIA S.R.L.	Autorizzata	Procedura Mutuo riconoscimento o Decentrata	Medicinali soggetti a prescrizione medica
043065313	043065	ROSUVASTATINA TEVA	40 MG COMPRESSE RIVESTITE CON FILM- 28 COMPRESSE IN BLISTER PVC/PVDC/AL	ROSUVASTATINA SALE DI CALCIO	ROSUVASTATINA SALE DI CALCIO			Compressa rivestita con film	C10AA07	TEVA ITALIA S.R.L.	Autorizzata	Procedura Mutuo riconoscimento o Decentrata	Medicinali soggetti a prescrizione medica
043065325	043065	ROSUVASTATINA TEVA	40 MG COMPRESSE RIVESTITE CON FILM- 30 COMPRESSE IN BLISTER PVC/PVDC/AL	ROSUVASTATINA SALE DI CALCIO	ROSUVASTATINA SALE DI CALCIO			Compressa rivestita con film	C10AA07	TEVA ITALIA S.R.L.	Autorizzata	Procedura Mutuo riconoscimento o Decentrata	Medicinali soggetti a prescrizione medica
043065337	043065	ROSUVASTATINA TEVA	40 MG COMPRESSE RIVESTITE CON FILM- 30X1 COMPRESSE IN BLISTER PVC/PVDC/AL	ROSUVASTATINA SALE DI CALCIO	ROSUVASTATINA SALE DI CALCIO			Compressa rivestita con film	C10AA07	TEVA ITALIA S.R.L.	Autorizzata	Procedura Mutuo riconoscimento o Decentrata	Medicinali soggetti a prescrizione medica
043065349	043065	ROSUVASTATINA TEVA	40 MG COMPRESSE RIVESTITE CON FILM- 42 COMPRESSE IN BLISTER PVC/PVDC/AL	ROSUVASTATINA SALE DI CALCIO	ROSUVASTATINA SALE DI CALCIO			Compressa rivestita con film	C10AA07	TEVA ITALIA S.R.L.	Autorizzata	Procedura Mutuo riconoscimento o Decentrata	Medicinali soggetti a prescrizione medica
043065352	043065	ROSUVASTATINA TEVA	40 MG COMPRESSE RIVESTITE CON FILM- 50 COMPRESSE IN BLISTER PVC/PVDC/AL	ROSUVASTATINA SALE DI CALCIO	ROSUVASTATINA SALE DI CALCIO			Compressa rivestita con film	C10AA07	TEVA ITALIA S.R.L.	Autorizzata	Procedura Mutuo riconoscimento o Decentrata	Medicinali soggetti a prescrizione medica
043065364	043065	ROSUVASTATINA TEVA	40 MG COMPRESSE RIVESTITE CON FILM- 50X1 COMPRESSE IN BLISTER PVC/PVDC/AL	ROSUVASTATINA SALE DI CALCIO	ROSUVASTATINA SALE DI CALCIO			Compressa rivestita con film	C10AA07	TEVA ITALIA S.R.L.	Autorizzata	Procedura Mutuo riconoscimento o Decentrata	Medicinali soggetti a prescrizione medica
043065376	043065	ROSUVASTATINA TEVA	40 MG COMPRESSE RIVESTITE CON FILM- 56 COMPRESSE IN BLISTER PVC/PVDC/AL	ROSUVASTATINA SALE DI CALCIO	ROSUVASTATINA SALE DI CALCIO			Compressa rivestita con film	C10AA07	TEVA ITALIA S.R.L.	Autorizzata	Procedura Mutuo riconoscimento o Decentrata	Medicinali soggetti a prescrizione medica
043065388	043065	ROSUVASTATINA TEVA	40 MG COMPRESSE RIVESTITE CON FILM- 60 COMPRESSE IN BLISTER PVC/PVDC/AL	ROSUVASTATINA SALE DI CALCIO	ROSUVASTATINA SALE DI CALCIO			Compressa rivestita con film	C10AA07	TEVA ITALIA S.R.L.	Autorizzata	Procedura Mutuo riconoscimento o Decentrata	Medicinali soggetti a prescrizione medica
043065390	043065	ROSUVASTATINA TEVA	40 MG COMPRESSE RIVESTITE CON FILM- 84 COMPRESSE IN BLISTER PVC/PVDC/AL	ROSUVASTATINA SALE DI CALCIO	ROSUVASTATINA SALE DI CALCIO			Compressa rivestita con film	C10AA07	TEVA ITALIA S.R.L.	Autorizzata	Procedura Mutuo riconoscimento o Decentrata	Medicinali soggetti a prescrizione medica
043065402	043065	ROSUVASTATINA TEVA	40 MG COMPRESSE RIVESTITE CON FILM- 90 COMPRESSE IN BLISTER PVC/PVDC/AL	ROSUVASTATINA SALE DI CALCIO	ROSUVASTATINA SALE DI CALCIO			Compressa rivestita con film	C10AA07	TEVA ITALIA S.R.L.	Autorizzata	Procedura Mutuo riconoscimento o Decentrata	Medicinali soggetti a prescrizione medica
043065414	043065	ROSUVASTATINA TEVA	40 MG COMPRESSE RIVESTITE CON FILM- 98 COMPRESSE IN BLISTER PVC/PVDC/AL	ROSUVASTATINA SALE DI CALCIO	ROSUVASTATINA SALE DI CALCIO			Compressa rivestita con film	C10AA07	TEVA ITALIA S.R.L.	Autorizzata	Procedura Mutuo riconoscimento o Decentrata	Medicinali soggetti a prescrizione medica
043065426	043065	ROSUVASTATINA TEVA	40 MG COMPRESSE RIVESTITE CON FILM- 100 COMPRESSE IN BLISTER PVC/PVDC/AL	ROSUVASTATINA SALE DI CALCIO	ROSUVASTATINA SALE DI CALCIO			Compressa rivestita con film	C10AA07	TEVA ITALIA S.R.L.	Autorizzata	Procedura Mutuo riconoscimento o Decentrata	Medicinali soggetti a prescrizione medica
043065438	043065	ROSUVASTATINA TEVA	40 MG COMPRESSE RIVESTITE CON FILM- 100X1 COMPRESSE IN BLISTER PVC/PVDC/AL	ROSUVASTATINA SALE DI CALCIO	ROSUVASTATINA SALE DI CALCIO			Compressa rivestita con film	C10AA07	TEVA ITALIA S.R.L.	Autorizzata	Procedura Mutuo riconoscimento o Decentrata	Medicinali soggetti a prescrizione medica
043065440	043065	ROSUVASTATINA TEVA	40 MG COMPRESSE RIVESTITE CON FILM- 30 COMPRESSE IN FLACONE HDPE	ROSUVASTATINA SALE DI CALCIO	ROSUVASTATINA SALE DI CALCIO			Compressa rivestita con film	C10AA07	TEVA ITALIA S.R.L.	Autorizzata	Procedura Mutuo riconoscimento o Decentrata	Medicinali soggetti a prescrizione medica
043065453	043065	ROSUVASTATINA TEVA	40 MG COMPRESSE RIVESTITE CON FILM- 100 COMPRESSE IN FLACONE HDPE	ROSUVASTATINA SALE DI CALCIO	ROSUVASTATINA SALE DI CALCIO			Compressa rivestita con film	C10AA07	TEVA ITALIA S.R.L.	Autorizzata	Procedura Mutuo riconoscimento o Decentrata	Medicinali soggetti a prescrizione medica
043065465	043065	ROSUVASTATINA TEVA	5 MG COMPRESSE RIVESTITE CON FILM- 90X1 COMPRESSE IN BLISTER PVC/PVDC/AL	ROSUVASTATINA SALE DI CALCIO	ROSUVASTATINA SALE DI CALCIO			Compressa rivestita con film	C10AA07	TEVA ITALIA S.R.L.	Autorizzata	Procedura Mutuo riconoscimento o Decentrata	Medicinali soggetti a prescrizione medica
043065477	043065	ROSUVASTATINA TEVA	10 MG COMPRESSE RIVESTITE CON FILM- 90X1 COMPRESSE IN BLISTER PVC/PVDC/AL	ROSUVASTATINA SALE DI CALCIO	ROSUVASTATINA SALE DI CALCIO			Compressa rivestita con film	C10AA07	TEVA ITALIA S.R.L.	Autorizzata	Procedura Mutuo riconoscimento o Decentrata	Medicinali soggetti a prescrizione medica
043065489	043065	ROSUVASTATINA TEVA	20 MG COMPRESSE RIVESTITE CON FILM- 90X1 COMPRESSE IN BLISTER PVC/PVDC/AL	ROSUVASTATINA SALE DI CALCIO	ROSUVASTATINA SALE DI CALCIO			Compressa rivestita con film	C10AA07	TEVA ITALIA S.R.L.	Autorizzata	Procedura Mutuo riconoscimento o Decentrata	Medicinali soggetti a prescrizione medica
043065491	043065	ROSUVASTATINA TEVA	40 MG COMPRESSE RIVESTITE CON FILM- 90X1 COMPRESSE IN BLISTER PVC/PVDC/AL	ROSUVASTATINA SALE DI CALCIO	ROSUVASTATINA SALE DI CALCIO			Compressa rivestita con film	C10AA07	TEVA ITALIA S.R.L.	Autorizzata	Procedura Mutuo riconoscimento o Decentrata	Medicinali soggetti a prescrizione medica
043065503	043065	ROSUVASTATINA TEVA	5 MG COMPRESSE RIVESTITE CON FILM- 250 COMPRESSE IN FLACONE HDPE	ROSUVASTATINA SALE DI CALCIO	ROSUVASTATINA SALE DI CALCIO			Compressa rivestita con film	C10AA07	TEVA ITALIA S.R.L.	Autorizzata	Procedura Mutuo riconoscimento o Decentrata	Medicinali soggetti a prescrizione medica limitativa, utilizzabili esclusivamente in ambiente ospedaliero o in una struttura ad esso assimilabile
043065515	043065	ROSUVASTATINA TEVA	10 MG COMPRESSE RIVESTITE CON FILM- 250 COMPRESSE IN FLACONE HDPE	ROSUVASTATINA SALE DI CALCIO	ROSUVASTATINA SALE DI CALCIO			Compressa rivestita con film	C10AA07	TEVA ITALIA S.R.L.	Autorizzata	Procedura Mutuo riconoscimento o Decentrata	Medicinali soggetti a prescrizione medica limitativa, utilizzabili esclusivamente in ambiente ospedaliero o in una struttura ad esso assimilabile
043065527	043065	ROSUVASTATINA TEVA	20 MG COMPRESSE RIVESTITE CON FILM- 250 COMPRESSE IN FLACONE HDPE	ROSUVASTATINA SALE DI CALCIO	ROSUVASTATINA SALE DI CALCIO			Compressa rivestita con film	C10AA07	TEVA ITALIA S.R.L.	Autorizzata	Procedura Mutuo riconoscimento o Decentrata	Medicinali soggetti a prescrizione medica limitativa, utilizzabili esclusivamente in ambiente ospedaliero o in una struttura ad esso assimilabile
043065539	043065	ROSUVASTATINA TEVA	40 MG COMPRESSE RIVESTITE CON FILM- 250 COMPRESSE IN FLACONE HDPE	ROSUVASTATINA SALE DI CALCIO	ROSUVASTATINA SALE DI CALCIO			Compressa rivestita con film	C10AA07	TEVA ITALIA S.R.L.	Autorizzata	Procedura Mutuo riconoscimento o Decentrata	Medicinali soggetti a prescrizione medica limitativa, utilizzabili esclusivamente in ambiente ospedaliero o in una struttura ad esso assimilabile
043065554	043065	ROSUVASTATINA TEVA	10 MG COMPRESSE RIVESTITE CON FILM- 28 COMPRESSE IN BLISTER PVC/PVDC/AL CON CALENDARIO	ROSUVASTATINA SALE DI CALCIO	ROSUVASTATINA SALE DI CALCIO			Compressa rivestita con film	C10AA07	TEVA ITALIA S.R.L.	Autorizzata	Procedura Mutuo riconoscimento o Decentrata	Medicinali soggetti a prescrizione medica
043065566	043065	ROSUVASTATINA TEVA	20 MG COMPRESSE RIVESTITE CON FILM- 28 COMPRESSE IN BLISTER PVC/PVDC/AL CON CALENDARIO	ROSUVASTATINA SALE DI CALCIO	ROSUVASTATINA SALE DI CALCIO			Compressa rivestita con film	C10AA07	TEVA ITALIA S.R.L.	Autorizzata	Procedura Mutuo riconoscimento o Decentrata	Medicinali soggetti a prescrizione medica
043065578	043065	ROSUVASTATINA TEVA	40 MG COMPRESSE RIVESTITE CON FILM- 28 COMPRESSE IN BLISTER PVC/PVDC/AL CON CALENDARIO	ROSUVASTATINA SALE DI CALCIO	ROSUVASTATINA SALE DI CALCIO			Compressa rivestita con film	C10AA07	TEVA ITALIA S.R.L.	Autorizzata	Procedura Mutuo riconoscimento o Decentrata	Medicinali soggetti a prescrizione medica
043065592	043065	ROSUVASTATINA TEVA	10 MG COMPRESSE RIVESTITE CON FILM- 28 COMPRESSE IN BLISTER OPA/AL/PVC/AL CON CALENDARIO	ROSUVASTATINA SALE DI CALCIO	ROSUVASTATINA SALE DI CALCIO			Compressa rivestita con film	C10AA07	TEVA ITALIA S.R.L.	Autorizzata	Procedura Mutuo riconoscimento o Decentrata	Medicinali soggetti a prescrizione medica
043065604	043065	ROSUVASTATINA TEVA	20 MG COMPRESSE RIVESTITE CON FILM- 28 COMPRESSE IN BLISTER OPA/AL/PVC/AL CON CALENDARIO	ROSUVASTATINA SALE DI CALCIO	ROSUVASTATINA SALE DI CALCIO			Compressa rivestita con film	C10AA07	TEVA ITALIA S.R.L.	Autorizzata	Procedura Mutuo riconoscimento o Decentrata	Medicinali soggetti a prescrizione medica
043065616	043065	ROSUVASTATINA TEVA	40 MG COMPRESSE RIVESTITE CON FILM- 28 COMPRESSE IN BLISTER OPA/AL/PVC/AL CON CALENDARIO	ROSUVASTATINA SALE DI CALCIO	ROSUVASTATINA SALE DI CALCIO			Compressa rivestita con film	C10AA07	TEVA ITALIA S.R.L.	Autorizzata	Procedura Mutuo riconoscimento o Decentrata	Medicinali soggetti a prescrizione medica
043065630	043065	ROSUVASTATINA TEVA	10 MG COMPRESSE RIVESTITE CON FILM- 28 COMPRESSE IN FLACONE HDPE	ROSUVASTATINA SALE DI CALCIO	ROSUVASTATINA SALE DI CALCIO			Compressa rivestita con film	C10AA07	TEVA ITALIA S.R.L.	Autorizzata	Procedura Mutuo riconoscimento o Decentrata	Medicinali soggetti a prescrizione medica
043065642	043065	ROSUVASTATINA TEVA	20 MG COMPRESSE RIVESTITE CON FILM- 28 COMPRESSE IN FLACONE HDPE	ROSUVASTATINA SALE DI CALCIO	ROSUVASTATINA SALE DI CALCIO			Compressa rivestita con film	C10AA07	TEVA ITALIA S.R.L.	Autorizzata	Procedura Mutuo riconoscimento o Decentrata	Medicinali soggetti a prescrizione medica
043065655	043065	ROSUVASTATINA TEVA	40 MG COMPRESSE RIVESTITE CON FILM- 28 COMPRESSE IN FLACONE HDPE	ROSUVASTATINA SALE DI CALCIO	ROSUVASTATINA SALE DI CALCIO			Compressa rivestita con film	C10AA07	TEVA ITALIA S.R.L.	Autorizzata	Procedura Mutuo riconoscimento o Decentrata	Medicinali soggetti a prescrizione medica
043267018	043267	MIASTINA	5MG COMPRESSE RIVESTITE CON FILM- 7 COMPRESSE IN BLISTER OPA/AL/PVC/AL	ROSUVASTATINA SALE DI CALCIO	ROSUVASTATINA SALE DI CALCIO	5	milligrammi	Compressa rivestita con film	C10AA07	I.B.N. SAVIO S.R.L	Autorizzata	Procedura Mutuo riconoscimento o Decentrata	Medicinali soggetti a prescrizione medica
043267020	043267	MIASTINA	5MG COMPRESSE RIVESTITE CON FILM- 14 COMPRESSE IN BLISTER OPA/AL/PVC/AL	ROSUVASTATINA SALE DI CALCIO	ROSUVASTATINA SALE DI CALCIO	5	milligrammi	Compressa rivestita con film	C10AA07	I.B.N. SAVIO S.R.L	Autorizzata	Procedura Mutuo riconoscimento o Decentrata	Medicinali soggetti a prescrizione medica
043267032	043267	MIASTINA	5MG COMPRESSE RIVESTITE CON FILM- 15 COMPRESSE IN BLISTER OPA/AL/PVC/AL	ROSUVASTATINA SALE DI CALCIO	ROSUVASTATINA SALE DI CALCIO	5	milligrammi	Compressa rivestita con film	C10AA07	I.B.N. SAVIO S.R.L	Autorizzata	Procedura Mutuo riconoscimento o Decentrata	Medicinali soggetti a prescrizione medica
043267044	043267	MIASTINA	5MG COMPRESSE RIVESTITE CON FILM- 20 COMPRESSE IN BLISTER OPA/AL/PVC/AL	ROSUVASTATINA SALE DI CALCIO	ROSUVASTATINA SALE DI CALCIO	5	milligrammi	Compressa rivestita con film	C10AA07	I.B.N. SAVIO S.R.L	Autorizzata	Procedura Mutuo riconoscimento o Decentrata	Medicinali soggetti a prescrizione medica
043267057	043267	MIASTINA	5MG COMPRESSE RIVESTITE CON FILM- 28 COMPRESSE IN BLISTER OPA/AL/PVC/AL	ROSUVASTATINA SALE DI CALCIO	ROSUVASTATINA SALE DI CALCIO	5	milligrammi	Compressa rivestita con film	C10AA07	I.B.N. SAVIO S.R.L	Autorizzata	Procedura Mutuo riconoscimento o Decentrata	Medicinali soggetti a prescrizione medica
043267069	043267	MIASTINA	5MG COMPRESSE RIVESTITE CON FILM- 30 COMPRESSE IN BLISTER OPA/AL/PVC/AL	ROSUVASTATINA SALE DI CALCIO	ROSUVASTATINA SALE DI CALCIO	5	milligrammi	Compressa rivestita con film	C10AA07	I.B.N. SAVIO S.R.L	Autorizzata	Procedura Mutuo riconoscimento o Decentrata	Medicinali soggetti a prescrizione medica
043267071	043267	MIASTINA	5MG COMPRESSE RIVESTITE CON FILM- 30X1 COMPRESSE IN BLISTER OPA/AL/PVC/AL	ROSUVASTATINA SALE DI CALCIO	ROSUVASTATINA SALE DI CALCIO	5	milligrammi	Compressa rivestita con film	C10AA07	I.B.N. SAVIO S.R.L	Autorizzata	Procedura Mutuo riconoscimento o Decentrata	Medicinali soggetti a prescrizione medica
043267083	043267	MIASTINA	5MG COMPRESSE RIVESTITE CON FILM- 42 COMPRESSE IN BLISTER OPA/AL/PVC/AL	ROSUVASTATINA SALE DI CALCIO	ROSUVASTATINA SALE DI CALCIO	5	milligrammi	Compressa rivestita con film	C10AA07	I.B.N. SAVIO S.R.L	Autorizzata	Procedura Mutuo riconoscimento o Decentrata	Medicinali soggetti a prescrizione medica
043267095	043267	MIASTINA	5MG COMPRESSE RIVESTITE CON FILM- 50 COMPRESSE IN BLISTER OPA/AL/PVC/AL	ROSUVASTATINA SALE DI CALCIO	ROSUVASTATINA SALE DI CALCIO	5	milligrammi	Compressa rivestita con film	C10AA07	I.B.N. SAVIO S.R.L	Autorizzata	Procedura Mutuo riconoscimento o Decentrata	Medicinali soggetti a prescrizione medica
043267107	043267	MIASTINA	5MG COMPRESSE RIVESTITE CON FILM- 50X1 COMPRESSE IN BLISTER OPA/AL/PVC/AL	ROSUVASTATINA SALE DI CALCIO	ROSUVASTATINA SALE DI CALCIO	5	milligrammi	Compressa rivestita con film	C10AA07	I.B.N. SAVIO S.R.L	Autorizzata	Procedura Mutuo riconoscimento o Decentrata	Medicinali soggetti a prescrizione medica
043267119	043267	MIASTINA	5MG COMPRESSE RIVESTITE CON FILM- 56 COMPRESSE IN BLISTER OPA/AL/PVC/AL	ROSUVASTATINA SALE DI CALCIO	ROSUVASTATINA SALE DI CALCIO	5	milligrammi	Compressa rivestita con film	C10AA07	I.B.N. SAVIO S.R.L	Autorizzata	Procedura Mutuo riconoscimento o Decentrata	Medicinali soggetti a prescrizione medica
043267121	043267	MIASTINA	5MG COMPRESSE RIVESTITE CON FILM- 60 COMPRESSE IN BLISTER OPA/AL/PVC/AL	ROSUVASTATINA SALE DI CALCIO	ROSUVASTATINA SALE DI CALCIO	5	milligrammi	Compressa rivestita con film	C10AA07	I.B.N. SAVIO S.R.L	Autorizzata	Procedura Mutuo riconoscimento o Decentrata	Medicinali soggetti a prescrizione medica
043267133	043267	MIASTINA	5MG COMPRESSE RIVESTITE CON FILM- 84 COMPRESSE IN BLISTER OPA/AL/PVC/AL	ROSUVASTATINA SALE DI CALCIO	ROSUVASTATINA SALE DI CALCIO	5	milligrammi	Compressa rivestita con film	C10AA07	I.B.N. SAVIO S.R.L	Autorizzata	Procedura Mutuo riconoscimento o Decentrata	Medicinali soggetti a prescrizione medica
043267145	043267	MIASTINA	5MG COMPRESSE RIVESTITE CON FILM- 90 COMPRESSE IN BLISTER OPA/AL/PVC/AL	ROSUVASTATINA SALE DI CALCIO	ROSUVASTATINA SALE DI CALCIO	5	milligrammi	Compressa rivestita con film	C10AA07	I.B.N. SAVIO S.R.L	Autorizzata	Procedura Mutuo riconoscimento o Decentrata	Medicinali soggetti a prescrizione medica
043267158	043267	MIASTINA	5MG COMPRESSE RIVESTITE CON FILM- 98 COMPRESSE IN BLISTER OPA/AL/PVC/AL	ROSUVASTATINA SALE DI CALCIO	ROSUVASTATINA SALE DI CALCIO	5	milligrammi	Compressa rivestita con film	C10AA07	I.B.N. SAVIO S.R.L	Autorizzata	Procedura Mutuo riconoscimento o Decentrata	Medicinali soggetti a prescrizione medica
043267160	043267	MIASTINA	5MG COMPRESSE RIVESTITE CON FILM- 100 COMPRESSE IN BLISTER OPA/AL/PVC/AL	ROSUVASTATINA SALE DI CALCIO	ROSUVASTATINA SALE DI CALCIO	5	milligrammi	Compressa rivestita con film	C10AA07	I.B.N. SAVIO S.R.L	Autorizzata	Procedura Mutuo riconoscimento o Decentrata	Medicinali soggetti a prescrizione medica
043267172	043267	MIASTINA	5MG COMPRESSE RIVESTITE CON FILM- 100X1 COMPRESSE IN BLISTER OPA/AL/PVC/AL	ROSUVASTATINA SALE DI CALCIO	ROSUVASTATINA SALE DI CALCIO	5	milligrammi	Compressa rivestita con film	C10AA07	I.B.N. SAVIO S.R.L	Autorizzata	Procedura Mutuo riconoscimento o Decentrata	Medicinali soggetti a prescrizione medica
043267184	043267	MIASTINA	5MG COMPRESSE RIVESTITE CON FILM- 7 COMPRESSE IN BLISTER PVC/PVDC/AL	ROSUVASTATINA SALE DI CALCIO	ROSUVASTATINA SALE DI CALCIO	5	milligrammi	Compressa rivestita con film	C10AA07	I.B.N. SAVIO S.R.L	Autorizzata	Procedura Mutuo riconoscimento o Decentrata	Medicinali soggetti a prescrizione medica
043267196	043267	MIASTINA	5MG COMPRESSE RIVESTITE CON FILM- 14 COMPRESSE IN BLISTER PVC/PVDC/AL	ROSUVASTATINA SALE DI CALCIO	ROSUVASTATINA SALE DI CALCIO	5	milligrammi	Compressa rivestita con film	C10AA07	I.B.N. SAVIO S.R.L	Autorizzata	Procedura Mutuo riconoscimento o Decentrata	Medicinali soggetti a prescrizione medica
043267208	043267	MIASTINA	5MG COMPRESSE RIVESTITE CON FILM- 15 COMPRESSE IN BLISTER PVC/PVDC/AL	ROSUVASTATINA SALE DI CALCIO	ROSUVASTATINA SALE DI CALCIO	5	milligrammi	Compressa rivestita con film	C10AA07	I.B.N. SAVIO S.R.L	Autorizzata	Procedura Mutuo riconoscimento o Decentrata	Medicinali soggetti a prescrizione medica
043267210	043267	MIASTINA	5MG COMPRESSE RIVESTITE CON FILM- 20 COMPRESSE IN BLISTER PVC/PVDC/AL	ROSUVASTATINA SALE DI CALCIO	ROSUVASTATINA SALE DI CALCIO	5	milligrammi	Compressa rivestita con film	C10AA07	I.B.N. SAVIO S.R.L	Autorizzata	Procedura Mutuo riconoscimento o Decentrata	Medicinali soggetti a prescrizione medica
043267222	043267	MIASTINA	5MG COMPRESSE RIVESTITE CON FILM- 28 COMPRESSE IN BLISTER PVC/PVDC/AL	ROSUVASTATINA SALE DI CALCIO	ROSUVASTATINA SALE DI CALCIO	5	milligrammi	Compressa rivestita con film	C10AA07	I.B.N. SAVIO S.R.L	Autorizzata	Procedura Mutuo riconoscimento o Decentrata	Medicinali soggetti a prescrizione medica
043267234	043267	MIASTINA	5MG COMPRESSE RIVESTITE CON FILM- 30 COMPRESSE IN BLISTER PVC/PVDC/AL	ROSUVASTATINA SALE DI CALCIO	ROSUVASTATINA SALE DI CALCIO	5	milligrammi	Compressa rivestita con film	C10AA07	I.B.N. SAVIO S.R.L	Autorizzata	Procedura Mutuo riconoscimento o Decentrata	Medicinali soggetti a prescrizione medica
043267246	043267	MIASTINA	5MG COMPRESSE RIVESTITE CON FILM- 30X1 COMPRESSE IN BLISTER PVC/PVDC/AL	ROSUVASTATINA SALE DI CALCIO	ROSUVASTATINA SALE DI CALCIO	5	milligrammi	Compressa rivestita con film	C10AA07	I.B.N. SAVIO S.R.L	Autorizzata	Procedura Mutuo riconoscimento o Decentrata	Medicinali soggetti a prescrizione medica
043267259	043267	MIASTINA	5MG COMPRESSE RIVESTITE CON FILM- 42 COMPRESSE IN BLISTER PVC/PVDC/AL	ROSUVASTATINA SALE DI CALCIO	ROSUVASTATINA SALE DI CALCIO	5	milligrammi	Compressa rivestita con film	C10AA07	I.B.N. SAVIO S.R.L	Autorizzata	Procedura Mutuo riconoscimento o Decentrata	Medicinali soggetti a prescrizione medica
043267261	043267	MIASTINA	5MG COMPRESSE RIVESTITE CON FILM- 50 COMPRESSE IN BLISTER PVC/PVDC/AL	ROSUVASTATINA SALE DI CALCIO	ROSUVASTATINA SALE DI CALCIO	5	milligrammi	Compressa rivestita con film	C10AA07	I.B.N. SAVIO S.R.L	Autorizzata	Procedura Mutuo riconoscimento o Decentrata	Medicinali soggetti a prescrizione medica
043267273	043267	MIASTINA	5MG COMPRESSE RIVESTITE CON FILM- 50X1 COMPRESSE IN BLISTER PVC/PVDC/AL	ROSUVASTATINA SALE DI CALCIO	ROSUVASTATINA SALE DI CALCIO	5	milligrammi	Compressa rivestita con film	C10AA07	I.B.N. SAVIO S.R.L	Autorizzata	Procedura Mutuo riconoscimento o Decentrata	Medicinali soggetti a prescrizione medica
043267285	043267	MIASTINA	5MG COMPRESSE RIVESTITE CON FILM- 56 COMPRESSE IN BLISTER PVC/PVDC/AL	ROSUVASTATINA SALE DI CALCIO	ROSUVASTATINA SALE DI CALCIO	5	milligrammi	Compressa rivestita con film	C10AA07	I.B.N. SAVIO S.R.L	Autorizzata	Procedura Mutuo riconoscimento o Decentrata	Medicinali soggetti a prescrizione medica
043267297	043267	MIASTINA	5MG COMPRESSE RIVESTITE CON FILM- 60 COMPRESSE IN BLISTER PVC/PVDC/AL	ROSUVASTATINA SALE DI CALCIO	ROSUVASTATINA SALE DI CALCIO	5	milligrammi	Compressa rivestita con film	C10AA07	I.B.N. SAVIO S.R.L	Autorizzata	Procedura Mutuo riconoscimento o Decentrata	Medicinali soggetti a prescrizione medica
043267309	043267	MIASTINA	5MG COMPRESSE RIVESTITE CON FILM- 84 COMPRESSE IN BLISTER PVC/PVDC/AL	ROSUVASTATINA SALE DI CALCIO	ROSUVASTATINA SALE DI CALCIO	5	milligrammi	Compressa rivestita con film	C10AA07	I.B.N. SAVIO S.R.L	Autorizzata	Procedura Mutuo riconoscimento o Decentrata	Medicinali soggetti a prescrizione medica
043267311	043267	MIASTINA	5MG COMPRESSE RIVESTITE CON FILM- 90 COMPRESSE IN BLISTER PVC/PVDC/AL	ROSUVASTATINA SALE DI CALCIO	ROSUVASTATINA SALE DI CALCIO	5	milligrammi	Compressa rivestita con film	C10AA07	I.B.N. SAVIO S.R.L	Autorizzata	Procedura Mutuo riconoscimento o Decentrata	Medicinali soggetti a prescrizione medica
043267323	043267	MIASTINA	5MG COMPRESSE RIVESTITE CON FILM- 98 COMPRESSE IN BLISTER PVC/PVDC/AL	ROSUVASTATINA SALE DI CALCIO	ROSUVASTATINA SALE DI CALCIO	5	milligrammi	Compressa rivestita con film	C10AA07	I.B.N. SAVIO S.R.L	Autorizzata	Procedura Mutuo riconoscimento o Decentrata	Medicinali soggetti a prescrizione medica
043267335	043267	MIASTINA	5MG COMPRESSE RIVESTITE CON FILM- 100 COMPRESSE IN BLISTER PVC/PVDC/AL	ROSUVASTATINA SALE DI CALCIO	ROSUVASTATINA SALE DI CALCIO	5	milligrammi	Compressa rivestita con film	C10AA07	I.B.N. SAVIO S.R.L	Autorizzata	Procedura Mutuo riconoscimento o Decentrata	Medicinali soggetti a prescrizione medica
043267347	043267	MIASTINA	5MG COMPRESSE RIVESTITE CON FILM- 100X1 COMPRESSE IN BLISTER PVC/PVDC/AL	ROSUVASTATINA SALE DI CALCIO	ROSUVASTATINA SALE DI CALCIO	5	milligrammi	Compressa rivestita con film	C10AA07	I.B.N. SAVIO S.R.L	Autorizzata	Procedura Mutuo riconoscimento o Decentrata	Medicinali soggetti a prescrizione medica
043267350	043267	MIASTINA	5MG COMPRESSE RIVESTITE CON FILM- 30 COMPRESSE IN FLACONE HDPE	ROSUVASTATINA SALE DI CALCIO	ROSUVASTATINA SALE DI CALCIO	5	milligrammi	Compressa rivestita con film	C10AA07	I.B.N. SAVIO S.R.L	Autorizzata	Procedura Mutuo riconoscimento o Decentrata	Medicinali soggetti a prescrizione medica
043267362	043267	MIASTINA	5MG COMPRESSE RIVESTITE CON FILM- 100 COMPRESSE IN FLACONE HDPE	ROSUVASTATINA SALE DI CALCIO	ROSUVASTATINA SALE DI CALCIO	5	milligrammi	Compressa rivestita con film	C10AA07	I.B.N. SAVIO S.R.L	Autorizzata	Procedura Mutuo riconoscimento o Decentrata	Medicinali soggetti a prescrizione medica
043267374	043267	MIASTINA	10MG COMPRESSE RIVESTITE CON FILM- 7 COMPRESSE IN BLISTER OPA/AL/PVC/AL	ROSUVASTATINA SALE DI CALCIO	ROSUVASTATINA SALE DI CALCIO	10	milligrammi	Compressa rivestita con film	C10AA07	I.B.N. SAVIO S.R.L	Autorizzata	Procedura Mutuo riconoscimento o Decentrata	Medicinali soggetti a prescrizione medica
043267398	043267	MIASTINA	10MG COMPRESSE RIVESTITE CON FILM- 14 COMPRESSE IN BLISTER OPA/AL/PVC/AL	ROSUVASTATINA SALE DI CALCIO	ROSUVASTATINA SALE DI CALCIO	10	milligrammi	Compressa rivestita con film	C10AA07	I.B.N. SAVIO S.R.L	Autorizzata	Procedura Mutuo riconoscimento o Decentrata	Medicinali soggetti a prescrizione medica
043267400	043267	MIASTINA	10MG COMPRESSE RIVESTITE CON FILM- 15 COMPRESSE IN BLISTER OPA/AL/PVC/AL	ROSUVASTATINA SALE DI CALCIO	ROSUVASTATINA SALE DI CALCIO	10	milligrammi	Compressa rivestita con film	C10AA07	I.B.N. SAVIO S.R.L	Autorizzata	Procedura Mutuo riconoscimento o Decentrata	Medicinali soggetti a prescrizione medica
043267412	043267	MIASTINA	10MG COMPRESSE RIVESTITE CON FILM- 20 COMPRESSE IN BLISTER OPA/AL/PVC/AL	ROSUVASTATINA SALE DI CALCIO	ROSUVASTATINA SALE DI CALCIO	10	milligrammi	Compressa rivestita con film	C10AA07	I.B.N. SAVIO S.R.L	Autorizzata	Procedura Mutuo riconoscimento o Decentrata	Medicinali soggetti a prescrizione medica
043267424	043267	MIASTINA	10MG COMPRESSE RIVESTITE CON FILM- 28 COMPRESSE IN BLISTER OPA/AL/PVC/AL	ROSUVASTATINA SALE DI CALCIO	ROSUVASTATINA SALE DI CALCIO	10	milligrammi	Compressa rivestita con film	C10AA07	I.B.N. SAVIO S.R.L	Autorizzata	Procedura Mutuo riconoscimento o Decentrata	Medicinali soggetti a prescrizione medica
043267436	043267	MIASTINA	10MG COMPRESSE RIVESTITE CON FILM- 30 COMPRESSE IN BLISTER OPA/AL/PVC/AL	ROSUVASTATINA SALE DI CALCIO	ROSUVASTATINA SALE DI CALCIO	10	milligrammi	Compressa rivestita con film	C10AA07	I.B.N. SAVIO S.R.L	Autorizzata	Procedura Mutuo riconoscimento o Decentrata	Medicinali soggetti a prescrizione medica
043267448	043267	MIASTINA	10MG COMPRESSE RIVESTITE CON FILM- 30X1 COMPRESSE IN BLISTER OPA/AL/PVC/AL	ROSUVASTATINA SALE DI CALCIO	ROSUVASTATINA SALE DI CALCIO	10	milligrammi	Compressa rivestita con film	C10AA07	I.B.N. SAVIO S.R.L	Autorizzata	Procedura Mutuo riconoscimento o Decentrata	Medicinali soggetti a prescrizione medica
043267451	043267	MIASTINA	10MG COMPRESSE RIVESTITE CON FILM- 42 COMPRESSE IN BLISTER OPA/AL/PVC/AL	ROSUVASTATINA SALE DI CALCIO	ROSUVASTATINA SALE DI CALCIO	10	milligrammi	Compressa rivestita con film	C10AA07	I.B.N. SAVIO S.R.L	Autorizzata	Procedura Mutuo riconoscimento o Decentrata	Medicinali soggetti a prescrizione medica
043267463	043267	MIASTINA	10MG COMPRESSE RIVESTITE CON FILM- 50 COMPRESSE IN BLISTER OPA/AL/PVC/AL	ROSUVASTATINA SALE DI CALCIO	ROSUVASTATINA SALE DI CALCIO	10	milligrammi	Compressa rivestita con film	C10AA07	I.B.N. SAVIO S.R.L	Autorizzata	Procedura Mutuo riconoscimento o Decentrata	Medicinali soggetti a prescrizione medica
043267475	043267	MIASTINA	10MG COMPRESSE RIVESTITE CON FILM- 50X1 COMPRESSE IN BLISTER OPA/AL/PVC/AL	ROSUVASTATINA SALE DI CALCIO	ROSUVASTATINA SALE DI CALCIO	10	milligrammi	Compressa rivestita con film	C10AA07	I.B.N. SAVIO S.R.L	Autorizzata	Procedura Mutuo riconoscimento o Decentrata	Medicinali soggetti a prescrizione medica
043267487	043267	MIASTINA	10MG COMPRESSE RIVESTITE CON FILM- 56 COMPRESSE IN BLISTER OPA/AL/PVC/AL	ROSUVASTATINA SALE DI CALCIO	ROSUVASTATINA SALE DI CALCIO	10	milligrammi	Compressa rivestita con film	C10AA07	I.B.N. SAVIO S.R.L	Autorizzata	Procedura Mutuo riconoscimento o Decentrata	Medicinali soggetti a prescrizione medica
043267499	043267	MIASTINA	10MG COMPRESSE RIVESTITE CON FILM- 60 COMPRESSE IN BLISTER OPA/AL/PVC/AL	ROSUVASTATINA SALE DI CALCIO	ROSUVASTATINA SALE DI CALCIO	10	milligrammi	Compressa rivestita con film	C10AA07	I.B.N. SAVIO S.R.L	Autorizzata	Procedura Mutuo riconoscimento o Decentrata	Medicinali soggetti a prescrizione medica
043267501	043267	MIASTINA	10MG COMPRESSE RIVESTITE CON FILM- 84 COMPRESSE IN BLISTER OPA/AL/PVC/AL	ROSUVASTATINA SALE DI CALCIO	ROSUVASTATINA SALE DI CALCIO	10	milligrammi	Compressa rivestita con film	C10AA07	I.B.N. SAVIO S.R.L	Autorizzata	Procedura Mutuo riconoscimento o Decentrata	Medicinali soggetti a prescrizione medica
043267513	043267	MIASTINA	10MG COMPRESSE RIVESTITE CON FILM- 90 COMPRESSE IN BLISTER OPA/AL/PVC/AL	ROSUVASTATINA SALE DI CALCIO	ROSUVASTATINA SALE DI CALCIO	10	milligrammi	Compressa rivestita con film	C10AA07	I.B.N. SAVIO S.R.L	Autorizzata	Procedura Mutuo riconoscimento o Decentrata	Medicinali soggetti a prescrizione medica
043267525	043267	MIASTINA	10MG COMPRESSE RIVESTITE CON FILM- 98 COMPRESSE IN BLISTER OPA/AL/PVC/AL	ROSUVASTATINA SALE DI CALCIO	ROSUVASTATINA SALE DI CALCIO	10	milligrammi	Compressa rivestita con film	C10AA07	I.B.N. SAVIO S.R.L	Autorizzata	Procedura Mutuo riconoscimento o Decentrata	Medicinali soggetti a prescrizione medica
043267537	043267	MIASTINA	10MG COMPRESSE RIVESTITE CON FILM- 100 COMPRESSE IN BLISTER OPA/AL/PVC/AL	ROSUVASTATINA SALE DI CALCIO	ROSUVASTATINA SALE DI CALCIO	10	milligrammi	Compressa rivestita con film	C10AA07	I.B.N. SAVIO S.R.L	Autorizzata	Procedura Mutuo riconoscimento o Decentrata	Medicinali soggetti a prescrizione medica
043267549	043267	MIASTINA	10MG COMPRESSE RIVESTITE CON FILM- 100X1 COMPRESSE IN BLISTER OPA/AL/PVC/AL	ROSUVASTATINA SALE DI CALCIO	ROSUVASTATINA SALE DI CALCIO	10	milligrammi	Compressa rivestita con film	C10AA07	I.B.N. SAVIO S.R.L	Autorizzata	Procedura Mutuo riconoscimento o Decentrata	Medicinali soggetti a prescrizione medica
043267552	043267	MIASTINA	10MG COMPRESSE RIVESTITE CON FILM- 7 COMPRESSE IN BLISTER PVC/PVDC/AL	ROSUVASTATINA SALE DI CALCIO	ROSUVASTATINA SALE DI CALCIO	10	milligrammi	Compressa rivestita con film	C10AA07	I.B.N. SAVIO S.R.L	Autorizzata	Procedura Mutuo riconoscimento o Decentrata	Medicinali soggetti a prescrizione medica
043267564	043267	MIASTINA	10MG COMPRESSE RIVESTITE CON FILM- 14 COMPRESSE IN BLISTER PVC/PVDC/AL	ROSUVASTATINA SALE DI CALCIO	ROSUVASTATINA SALE DI CALCIO	10	milligrammi	Compressa rivestita con film	C10AA07	I.B.N. SAVIO S.R.L	Autorizzata	Procedura Mutuo riconoscimento o Decentrata	Medicinali soggetti a prescrizione medica
043267576	043267	MIASTINA	10MG COMPRESSE RIVESTITE CON FILM- 15 COMPRESSE IN BLISTER PVC/PVDC/AL	ROSUVASTATINA SALE DI CALCIO	ROSUVASTATINA SALE DI CALCIO	10	milligrammi	Compressa rivestita con film	C10AA07	I.B.N. SAVIO S.R.L	Autorizzata	Procedura Mutuo riconoscimento o Decentrata	Medicinali soggetti a prescrizione medica
043267588	043267	MIASTINA	10MG COMPRESSE RIVESTITE CON FILM- 20 COMPRESSE IN BLISTER PVC/PVDC/AL	ROSUVASTATINA SALE DI CALCIO	ROSUVASTATINA SALE DI CALCIO	10	milligrammi	Compressa rivestita con film	C10AA07	I.B.N. SAVIO S.R.L	Autorizzata	Procedura Mutuo riconoscimento o Decentrata	Medicinali soggetti a prescrizione medica
043267590	043267	MIASTINA	10MG COMPRESSE RIVESTITE CON FILM- 28 COMPRESSE IN BLISTER PVC/PVDC/AL	ROSUVASTATINA SALE DI CALCIO	ROSUVASTATINA SALE DI CALCIO	10	milligrammi	Compressa rivestita con film	C10AA07	I.B.N. SAVIO S.R.L	Autorizzata	Procedura Mutuo riconoscimento o Decentrata	Medicinali soggetti a prescrizione medica
043267602	043267	MIASTINA	10MG COMPRESSE RIVESTITE CON FILM- 30 COMPRESSE IN BLISTER PVC/PVDC/AL	ROSUVASTATINA SALE DI CALCIO	ROSUVASTATINA SALE DI CALCIO	10	milligrammi	Compressa rivestita con film	C10AA07	I.B.N. SAVIO S.R.L	Autorizzata	Procedura Mutuo riconoscimento o Decentrata	Medicinali soggetti a prescrizione medica
043267614	043267	MIASTINA	10MG COMPRESSE RIVESTITE CON FILM- 30X1 COMPRESSE IN BLISTER PVC/PVDC/AL	ROSUVASTATINA SALE DI CALCIO	ROSUVASTATINA SALE DI CALCIO	10	milligrammi	Compressa rivestita con film	C10AA07	I.B.N. SAVIO S.R.L	Autorizzata	Procedura Mutuo riconoscimento o Decentrata	Medicinali soggetti a prescrizione medica
043267626	043267	MIASTINA	10MG COMPRESSE RIVESTITE CON FILM- 42 COMPRESSE IN BLISTER PVC/PVDC/AL	ROSUVASTATINA SALE DI CALCIO	ROSUVASTATINA SALE DI CALCIO	10	milligrammi	Compressa rivestita con film	C10AA07	I.B.N. SAVIO S.R.L	Autorizzata	Procedura Mutuo riconoscimento o Decentrata	Medicinali soggetti a prescrizione medica
043267638	043267	MIASTINA	10MG COMPRESSE RIVESTITE CON FILM- 50 COMPRESSE IN BLISTER PVC/PVDC/AL	ROSUVASTATINA SALE DI CALCIO	ROSUVASTATINA SALE DI CALCIO	10	milligrammi	Compressa rivestita con film	C10AA07	I.B.N. SAVIO S.R.L	Autorizzata	Procedura Mutuo riconoscimento o Decentrata	Medicinali soggetti a prescrizione medica
043267640	043267	MIASTINA	10MG COMPRESSE RIVESTITE CON FILM- 50X1 COMPRESSE IN BLISTER PVC/PVDC/AL	ROSUVASTATINA SALE DI CALCIO	ROSUVASTATINA SALE DI CALCIO	10	milligrammi	Compressa rivestita con film	C10AA07	I.B.N. SAVIO S.R.L	Autorizzata	Procedura Mutuo riconoscimento o Decentrata	Medicinali soggetti a prescrizione medica
043267653	043267	MIASTINA	10MG COMPRESSE RIVESTITE CON FILM- 56 COMPRESSE IN BLISTER PVC/PVDC/AL	ROSUVASTATINA SALE DI CALCIO	ROSUVASTATINA SALE DI CALCIO	10	milligrammi	Compressa rivestita con film	C10AA07	I.B.N. SAVIO S.R.L	Autorizzata	Procedura Mutuo riconoscimento o Decentrata	Medicinali soggetti a prescrizione medica
043267665	043267	MIASTINA	10MG COMPRESSE RIVESTITE CON FILM- 60 COMPRESSE IN BLISTER PVC/PVDC/AL	ROSUVASTATINA SALE DI CALCIO	ROSUVASTATINA SALE DI CALCIO	10	milligrammi	Compressa rivestita con film	C10AA07	I.B.N. SAVIO S.R.L	Autorizzata	Procedura Mutuo riconoscimento o Decentrata	Medicinali soggetti a prescrizione medica
043267677	043267	MIASTINA	10MG COMPRESSE RIVESTITE CON FILM- 84 COMPRESSE IN BLISTER PVC/PVDC/AL	ROSUVASTATINA SALE DI CALCIO	ROSUVASTATINA SALE DI CALCIO	10	milligrammi	Compressa rivestita con film	C10AA07	I.B.N. SAVIO S.R.L	Autorizzata	Procedura Mutuo riconoscimento o Decentrata	Medicinali soggetti a prescrizione medica
043267689	043267	MIASTINA	10MG COMPRESSE RIVESTITE CON FILM- 90 COMPRESSE IN BLISTER PVC/PVDC/AL	ROSUVASTATINA SALE DI CALCIO	ROSUVASTATINA SALE DI CALCIO	10	milligrammi	Compressa rivestita con film	C10AA07	I.B.N. SAVIO S.R.L	Autorizzata	Procedura Mutuo riconoscimento o Decentrata	Medicinali soggetti a prescrizione medica
043267691	043267	MIASTINA	10MG COMPRESSE RIVESTITE CON FILM- 98 COMPRESSE IN BLISTER PVC/PVDC/AL	ROSUVASTATINA SALE DI CALCIO	ROSUVASTATINA SALE DI CALCIO	10	milligrammi	Compressa rivestita con film	C10AA07	I.B.N. SAVIO S.R.L	Autorizzata	Procedura Mutuo riconoscimento o Decentrata	Medicinali soggetti a prescrizione medica
043267703	043267	MIASTINA	10MG COMPRESSE RIVESTITE CON FILM- 100 COMPRESSE IN BLISTER PVC/PVDC/AL	ROSUVASTATINA SALE DI CALCIO	ROSUVASTATINA SALE DI CALCIO	10	milligrammi	Compressa rivestita con film	C10AA07	I.B.N. SAVIO S.R.L	Autorizzata	Procedura Mutuo riconoscimento o Decentrata	Medicinali soggetti a prescrizione medica
043267715	043267	MIASTINA	10MG COMPRESSE RIVESTITE CON FILM- 100X1 COMPRESSE IN BLISTER PVC/PVDC/AL	ROSUVASTATINA SALE DI CALCIO	ROSUVASTATINA SALE DI CALCIO	10	milligrammi	Compressa rivestita con film	C10AA07	I.B.N. SAVIO S.R.L	Autorizzata	Procedura Mutuo riconoscimento o Decentrata	Medicinali soggetti a prescrizione medica
043267727	043267	MIASTINA	10MG COMPRESSE RIVESTITE CON FILM- 30 COMPRESSE IN FLACONE HDPE	ROSUVASTATINA SALE DI CALCIO	ROSUVASTATINA SALE DI CALCIO	10	milligrammi	Compressa rivestita con film	C10AA07	I.B.N. SAVIO S.R.L	Autorizzata	Procedura Mutuo riconoscimento o Decentrata	Medicinali soggetti a prescrizione medica
043267739	043267	MIASTINA	10MG COMPRESSE RIVESTITE CON FILM- 100 COMPRESSE IN FLACONE HDPE	ROSUVASTATINA SALE DI CALCIO	ROSUVASTATINA SALE DI CALCIO	10	milligrammi	Compressa rivestita con film	C10AA07	I.B.N. SAVIO S.R.L	Autorizzata	Procedura Mutuo riconoscimento o Decentrata	Medicinali soggetti a prescrizione medica
043267741	043267	MIASTINA	20MG COMPRESSE RIVESTITE CON FILM- 7 COMPRESSE IN BLISTER OPA/AL/PVC/AL	ROSUVASTATINA SALE DI CALCIO	ROSUVASTATINA SALE DI CALCIO	20	milligrammi	Compressa rivestita con film	C10AA07	I.B.N. SAVIO S.R.L	Autorizzata	Procedura Mutuo riconoscimento o Decentrata	Medicinali soggetti a prescrizione medica
043267754	043267	MIASTINA	20MG COMPRESSE RIVESTITE CON FILM- 14 COMPRESSE IN BLISTER OPA/AL/PVC/AL	ROSUVASTATINA SALE DI CALCIO	ROSUVASTATINA SALE DI CALCIO	20	milligrammi	Compressa rivestita con film	C10AA07	I.B.N. SAVIO S.R.L	Autorizzata	Procedura Mutuo riconoscimento o Decentrata	Medicinali soggetti a prescrizione medica
043267766	043267	MIASTINA	20MG COMPRESSE RIVESTITE CON FILM- 15 COMPRESSE IN BLISTER OPA/AL/PVC/AL	ROSUVASTATINA SALE DI CALCIO	ROSUVASTATINA SALE DI CALCIO	20	milligrammi	Compressa rivestita con film	C10AA07	I.B.N. SAVIO S.R.L	Autorizzata	Procedura Mutuo riconoscimento o Decentrata	Medicinali soggetti a prescrizione medica
043267778	043267	MIASTINA	20MG COMPRESSE RIVESTITE CON FILM- 20 COMPRESSE IN BLISTER OPA/AL/PVC/AL	ROSUVASTATINA SALE DI CALCIO	ROSUVASTATINA SALE DI CALCIO	20	milligrammi	Compressa rivestita con film	C10AA07	I.B.N. SAVIO S.R.L	Autorizzata	Procedura Mutuo riconoscimento o Decentrata	Medicinali soggetti a prescrizione medica
043267780	043267	MIASTINA	20MG COMPRESSE RIVESTITE CON FILM- 28 COMPRESSE IN BLISTER OPA/AL/PVC/AL	ROSUVASTATINA SALE DI CALCIO	ROSUVASTATINA SALE DI CALCIO	20	milligrammi	Compressa rivestita con film	C10AA07	I.B.N. SAVIO S.R.L	Autorizzata	Procedura Mutuo riconoscimento o Decentrata	Medicinali soggetti a prescrizione medica
043267792	043267	MIASTINA	20MG COMPRESSE RIVESTITE CON FILM- 30 COMPRESSE IN BLISTER OPA/AL/PVC/AL	ROSUVASTATINA SALE DI CALCIO	ROSUVASTATINA SALE DI CALCIO	20	milligrammi	Compressa rivestita con film	C10AA07	I.B.N. SAVIO S.R.L	Autorizzata	Procedura Mutuo riconoscimento o Decentrata	Medicinali soggetti a prescrizione medica
043267804	043267	MIASTINA	20MG COMPRESSE RIVESTITE CON FILM- 30X1 COMPRESSE IN BLISTER OPA/AL/PVC/AL	ROSUVASTATINA SALE DI CALCIO	ROSUVASTATINA SALE DI CALCIO	20	milligrammi	Compressa rivestita con film	C10AA07	I.B.N. SAVIO S.R.L	Autorizzata	Procedura Mutuo riconoscimento o Decentrata	Medicinali soggetti a prescrizione medica
043267816	043267	MIASTINA	20MG COMPRESSE RIVESTITE CON FILM- 42 COMPRESSE IN BLISTER OPA/AL/PVC/AL	ROSUVASTATINA SALE DI CALCIO	ROSUVASTATINA SALE DI CALCIO	20	milligrammi	Compressa rivestita con film	C10AA07	I.B.N. SAVIO S.R.L	Autorizzata	Procedura Mutuo riconoscimento o Decentrata	Medicinali soggetti a prescrizione medica
043267828	043267	MIASTINA	20MG COMPRESSE RIVESTITE CON FILM- 50 COMPRESSE IN BLISTER OPA/AL/PVC/AL	ROSUVASTATINA SALE DI CALCIO	ROSUVASTATINA SALE DI CALCIO	20	milligrammi	Compressa rivestita con film	C10AA07	I.B.N. SAVIO S.R.L	Autorizzata	Procedura Mutuo riconoscimento o Decentrata	Medicinali soggetti a prescrizione medica
043267830	043267	MIASTINA	20MG COMPRESSE RIVESTITE CON FILM- 50X1 COMPRESSE IN BLISTER OPA/AL/PVC/AL	ROSUVASTATINA SALE DI CALCIO	ROSUVASTATINA SALE DI CALCIO	20	milligrammi	Compressa rivestita con film	C10AA07	I.B.N. SAVIO S.R.L	Autorizzata	Procedura Mutuo riconoscimento o Decentrata	Medicinali soggetti a prescrizione medica
043267842	043267	MIASTINA	20MG COMPRESSE RIVESTITE CON FILM- 56 COMPRESSE IN BLISTER OPA/AL/PVC/AL	ROSUVASTATINA SALE DI CALCIO	ROSUVASTATINA SALE DI CALCIO	20	milligrammi	Compressa rivestita con film	C10AA07	I.B.N. SAVIO S.R.L	Autorizzata	Procedura Mutuo riconoscimento o Decentrata	Medicinali soggetti a prescrizione medica
043267855	043267	MIASTINA	20MG COMPRESSE RIVESTITE CON FILM- 60 COMPRESSE IN BLISTER OPA/AL/PVC/AL	ROSUVASTATINA SALE DI CALCIO	ROSUVASTATINA SALE DI CALCIO	20	milligrammi	Compressa rivestita con film	C10AA07	I.B.N. SAVIO S.R.L	Autorizzata	Procedura Mutuo riconoscimento o Decentrata	Medicinali soggetti a prescrizione medica
043267867	043267	MIASTINA	20MG COMPRESSE RIVESTITE CON FILM- 84 COMPRESSE IN BLISTER OPA/AL/PVC/AL	ROSUVASTATINA SALE DI CALCIO	ROSUVASTATINA SALE DI CALCIO	20	milligrammi	Compressa rivestita con film	C10AA07	I.B.N. SAVIO S.R.L	Autorizzata	Procedura Mutuo riconoscimento o Decentrata	Medicinali soggetti a prescrizione medica
043267879	043267	MIASTINA	20MG COMPRESSE RIVESTITE CON FILM- 90 COMPRESSE IN BLISTER OPA/AL/PVC/AL	ROSUVASTATINA SALE DI CALCIO	ROSUVASTATINA SALE DI CALCIO	20	milligrammi	Compressa rivestita con film	C10AA07	I.B.N. SAVIO S.R.L	Autorizzata	Procedura Mutuo riconoscimento o Decentrata	Medicinali soggetti a prescrizione medica
043267881	043267	MIASTINA	20MG COMPRESSE RIVESTITE CON FILM- 98 COMPRESSE IN BLISTER OPA/AL/PVC/AL	ROSUVASTATINA SALE DI CALCIO	ROSUVASTATINA SALE DI CALCIO	20	milligrammi	Compressa rivestita con film	C10AA07	I.B.N. SAVIO S.R.L	Autorizzata	Procedura Mutuo riconoscimento o Decentrata	Medicinali soggetti a prescrizione medica
043267893	043267	MIASTINA	20MG COMPRESSE RIVESTITE CON FILM- 100 COMPRESSE IN BLISTER OPA/AL/PVC/AL	ROSUVASTATINA SALE DI CALCIO	ROSUVASTATINA SALE DI CALCIO	20	milligrammi	Compressa rivestita con film	C10AA07	I.B.N. SAVIO S.R.L	Autorizzata	Procedura Mutuo riconoscimento o Decentrata	Medicinali soggetti a prescrizione medica
043267905	043267	MIASTINA	20MG COMPRESSE RIVESTITE CON FILM- 100X1 COMPRESSE IN BLISTER OPA/AL/PVC/AL	ROSUVASTATINA SALE DI CALCIO	ROSUVASTATINA SALE DI CALCIO	20	milligrammi	Compressa rivestita con film	C10AA07	I.B.N. SAVIO S.R.L	Autorizzata	Procedura Mutuo riconoscimento o Decentrata	Medicinali soggetti a prescrizione medica
043267917	043267	MIASTINA	20MG COMPRESSE RIVESTITE CON FILM- 7 COMPRESSE IN BLISTER PVC/PVDC/AL	ROSUVASTATINA SALE DI CALCIO	ROSUVASTATINA SALE DI CALCIO	20	milligrammi	Compressa rivestita con film	C10AA07	I.B.N. SAVIO S.R.L	Autorizzata	Procedura Mutuo riconoscimento o Decentrata	Medicinali soggetti a prescrizione medica
043267929	043267	MIASTINA	20MG COMPRESSE RIVESTITE CON FILM- 14 COMPRESSE IN BLISTER PVC/PVDC/AL	ROSUVASTATINA SALE DI CALCIO	ROSUVASTATINA SALE DI CALCIO	20	milligrammi	Compressa rivestita con film	C10AA07	I.B.N. SAVIO S.R.L	Autorizzata	Procedura Mutuo riconoscimento o Decentrata	Medicinali soggetti a prescrizione medica
043267931	043267	MIASTINA	20MG COMPRESSE RIVESTITE CON FILM- 15 COMPRESSE IN BLISTER PVC/PVDC/AL	ROSUVASTATINA SALE DI CALCIO	ROSUVASTATINA SALE DI CALCIO	20	milligrammi	Compressa rivestita con film	C10AA07	I.B.N. SAVIO S.R.L	Autorizzata	Procedura Mutuo riconoscimento o Decentrata	Medicinali soggetti a prescrizione medica
043267943	043267	MIASTINA	20MG COMPRESSE RIVESTITE CON FILM- 20 COMPRESSE IN BLISTER PVC/PVDC/AL	ROSUVASTATINA SALE DI CALCIO	ROSUVASTATINA SALE DI CALCIO	20	milligrammi	Compressa rivestita con film	C10AA07	I.B.N. SAVIO S.R.L	Autorizzata	Procedura Mutuo riconoscimento o Decentrata	Medicinali soggetti a prescrizione medica
043267956	043267	MIASTINA	20MG COMPRESSE RIVESTITE CON FILM- 28 COMPRESSE IN BLISTER PVC/PVDC/AL	ROSUVASTATINA SALE DI CALCIO	ROSUVASTATINA SALE DI CALCIO	20	milligrammi	Compressa rivestita con film	C10AA07	I.B.N. SAVIO S.R.L	Autorizzata	Procedura Mutuo riconoscimento o Decentrata	Medicinali soggetti a prescrizione medica
043267968	043267	MIASTINA	20MG COMPRESSE RIVESTITE CON FILM- 30 COMPRESSE IN BLISTER PVC/PVDC/AL	ROSUVASTATINA SALE DI CALCIO	ROSUVASTATINA SALE DI CALCIO	20	milligrammi	Compressa rivestita con film	C10AA07	I.B.N. SAVIO S.R.L	Autorizzata	Procedura Mutuo riconoscimento o Decentrata	Medicinali soggetti a prescrizione medica
043267970	043267	MIASTINA	20MG COMPRESSE RIVESTITE CON FILM- 30X1 COMPRESSE IN BLISTER PVC/PVDC/AL	ROSUVASTATINA SALE DI CALCIO	ROSUVASTATINA SALE DI CALCIO	20	milligrammi	Compressa rivestita con film	C10AA07	I.B.N. SAVIO S.R.L	Autorizzata	Procedura Mutuo riconoscimento o Decentrata	Medicinali soggetti a prescrizione medica
043267982	043267	MIASTINA	20MG COMPRESSE RIVESTITE CON FILM- 42 COMPRESSE IN BLISTER PVC/PVDC/AL	ROSUVASTATINA SALE DI CALCIO	ROSUVASTATINA SALE DI CALCIO	20	milligrammi	Compressa rivestita con film	C10AA07	I.B.N. SAVIO S.R.L	Autorizzata	Procedura Mutuo riconoscimento o Decentrata	Medicinali soggetti a prescrizione medica
043267994	043267	MIASTINA	20MG COMPRESSE RIVESTITE CON FILM- 50 COMPRESSE IN BLISTER PVC/PVDC/AL	ROSUVASTATINA SALE DI CALCIO	ROSUVASTATINA SALE DI CALCIO	20	milligrammi	Compressa rivestita con film	C10AA07	I.B.N. SAVIO S.R.L	Autorizzata	Procedura Mutuo riconoscimento o Decentrata	Medicinali soggetti a prescrizione medica
043277019	043277	ROSUVASTATINA ZENTIVA	5 MG COMPRESSE RIVESTITE CON FILM- 14 COMPRESSE IN BLISTER AL/AL	ROSUVASTATINA SALE DI CALCIO	ROSUVASTATINA SALE DI CALCIO	5	milligrammi	Compressa rivestita con film	C10AA07	ZENTIVA ITALIA S.R.L.	Autorizzata	Procedura Mutuo riconoscimento o Decentrata	Medicinali soggetti a prescrizione medica
043277021	043277	ROSUVASTATINA ZENTIVA	5 MG COMPRESSE RIVESTITE CON FILM- 20 COMPRESSE IN BLISTER AL/AL	ROSUVASTATINA SALE DI CALCIO	ROSUVASTATINA SALE DI CALCIO	5	milligrammi	Compressa rivestita con film	C10AA07	ZENTIVA ITALIA S.R.L.	Autorizzata	Procedura Mutuo riconoscimento o Decentrata	Medicinali soggetti a prescrizione medica
043277033	043277	ROSUVASTATINA ZENTIVA	5 MG COMPRESSE RIVESTITE CON FILM- 28 COMPRESSE IN BLISTER AL/AL	ROSUVASTATINA SALE DI CALCIO	ROSUVASTATINA SALE DI CALCIO	5	milligrammi	Compressa rivestita con film	C10AA07	ZENTIVA ITALIA S.R.L.	Autorizzata	Procedura Mutuo riconoscimento o Decentrata	Medicinali soggetti a prescrizione medica
043277045	043277	ROSUVASTATINA ZENTIVA	5 MG COMPRESSE RIVESTITE CON FILM- 30 COMPRESSE IN BLISTER AL/AL	ROSUVASTATINA SALE DI CALCIO	ROSUVASTATINA SALE DI CALCIO	5	milligrammi	Compressa rivestita con film	C10AA07	ZENTIVA ITALIA S.R.L.	Autorizzata	Procedura Mutuo riconoscimento o Decentrata	Medicinali soggetti a prescrizione medica
043277058	043277	ROSUVASTATINA ZENTIVA	5 MG COMPRESSE RIVESTITE CON FILM- 56 COMPRESSE IN BLISTER AL/AL	ROSUVASTATINA SALE DI CALCIO	ROSUVASTATINA SALE DI CALCIO	5	milligrammi	Compressa rivestita con film	C10AA07	ZENTIVA ITALIA S.R.L.	Autorizzata	Procedura Mutuo riconoscimento o Decentrata	Medicinali soggetti a prescrizione medica
043277060	043277	ROSUVASTATINA ZENTIVA	5 MG COMPRESSE RIVESTITE CON FILM- 60 COMPRESSE IN BLISTER AL/AL	ROSUVASTATINA SALE DI CALCIO	ROSUVASTATINA SALE DI CALCIO	5	milligrammi	Compressa rivestita con film	C10AA07	ZENTIVA ITALIA S.R.L.	Autorizzata	Procedura Mutuo riconoscimento o Decentrata	Medicinali soggetti a prescrizione medica
043277072	043277	ROSUVASTATINA ZENTIVA	5 MG COMPRESSE RIVESTITE CON FILM- 84 COMPRESSE IN BLISTER AL/AL	ROSUVASTATINA SALE DI CALCIO	ROSUVASTATINA SALE DI CALCIO	5	milligrammi	Compressa rivestita con film	C10AA07	ZENTIVA ITALIA S.R.L.	Autorizzata	Procedura Mutuo riconoscimento o Decentrata	Medicinali soggetti a prescrizione medica
043277084	043277	ROSUVASTATINA ZENTIVA	5 MG COMPRESSE RIVESTITE CON FILM- 90 COMPRESSE IN BLISTER AL/AL	ROSUVASTATINA SALE DI CALCIO	ROSUVASTATINA SALE DI CALCIO	5	milligrammi	Compressa rivestita con film	C10AA07	ZENTIVA ITALIA S.R.L.	Autorizzata	Procedura Mutuo riconoscimento o Decentrata	Medicinali soggetti a prescrizione medica
043277096	043277	ROSUVASTATINA ZENTIVA	10 MG COMPRESSE RIVESTITE CON FILM- 14 COMPRESSE IN BLISTER AL/AL	ROSUVASTATINA SALE DI CALCIO	ROSUVASTATINA SALE DI CALCIO	10	milligrammi	Compressa rivestita con film	C10AA07	ZENTIVA ITALIA S.R.L.	Autorizzata	Procedura Mutuo riconoscimento o Decentrata	Medicinali soggetti a prescrizione medica
043277108	043277	ROSUVASTATINA ZENTIVA	10 MG COMPRESSE RIVESTITE CON FILM- 20 COMPRESSE IN BLISTER AL/AL	ROSUVASTATINA SALE DI CALCIO	ROSUVASTATINA SALE DI CALCIO	10	milligrammi	Compressa rivestita con film	C10AA07	ZENTIVA ITALIA S.R.L.	Autorizzata	Procedura Mutuo riconoscimento o Decentrata	Medicinali soggetti a prescrizione medica
043277110	043277	ROSUVASTATINA ZENTIVA	10 MG COMPRESSE RIVESTITE CON FILM- 28 COMPRESSE IN BLISTER AL/AL	ROSUVASTATINA SALE DI CALCIO	ROSUVASTATINA SALE DI CALCIO	10	milligrammi	Compressa rivestita con film	C10AA07	ZENTIVA ITALIA S.R.L.	Autorizzata	Procedura Mutuo riconoscimento o Decentrata	Medicinali soggetti a prescrizione medica
043277122	043277	ROSUVASTATINA ZENTIVA	10 MG COMPRESSE RIVESTITE CON FILM- 30 COMPRESSE IN BLISTER AL/AL	ROSUVASTATINA SALE DI CALCIO	ROSUVASTATINA SALE DI CALCIO	10	milligrammi	Compressa rivestita con film	C10AA07	ZENTIVA ITALIA S.R.L.	Autorizzata	Procedura Mutuo riconoscimento o Decentrata	Medicinali soggetti a prescrizione medica
043277134	043277	ROSUVASTATINA ZENTIVA	10 MG COMPRESSE RIVESTITE CON FILM- 60 COMPRESSE IN BLISTER AL/AL	ROSUVASTATINA SALE DI CALCIO	ROSUVASTATINA SALE DI CALCIO	10	milligrammi	Compressa rivestita con film	C10AA07	ZENTIVA ITALIA S.R.L.	Autorizzata	Procedura Mutuo riconoscimento o Decentrata	Medicinali soggetti a prescrizione medica
043277146	043277	ROSUVASTATINA ZENTIVA	10 MG COMPRESSE RIVESTITE CON FILM- 84 COMPRESSE IN BLISTER AL/AL	ROSUVASTATINA SALE DI CALCIO	ROSUVASTATINA SALE DI CALCIO	10	milligrammi	Compressa rivestita con film	C10AA07	ZENTIVA ITALIA S.R.L.	Autorizzata	Procedura Mutuo riconoscimento o Decentrata	Medicinali soggetti a prescrizione medica
043277159	043277	ROSUVASTATINA ZENTIVA	10 MG COMPRESSE RIVESTITE CON FILM- 90 COMPRESSE IN BLISTER AL/AL	ROSUVASTATINA SALE DI CALCIO	ROSUVASTATINA SALE DI CALCIO	10	milligrammi	Compressa rivestita con film	C10AA07	ZENTIVA ITALIA S.R.L.	Autorizzata	Procedura Mutuo riconoscimento o Decentrata	Medicinali soggetti a prescrizione medica
043277161	043277	ROSUVASTATINA ZENTIVA	20 MG COMPRESSE RIVESTITE CON FILM- 14 COMPRESSE IN BLISTER AL/AL	ROSUVASTATINA SALE DI CALCIO	ROSUVASTATINA SALE DI CALCIO	20	milligrammi	Compressa rivestita con film	C10AA07	ZENTIVA ITALIA S.R.L.	Autorizzata	Procedura Mutuo riconoscimento o Decentrata	Medicinali soggetti a prescrizione medica
043277173	043277	ROSUVASTATINA ZENTIVA	20 MG COMPRESSE RIVESTITE CON FILM- 28 COMPRESSE IN BLISTER AL/AL	ROSUVASTATINA SALE DI CALCIO	ROSUVASTATINA SALE DI CALCIO	20	milligrammi	Compressa rivestita con film	C10AA07	ZENTIVA ITALIA S.R.L.	Autorizzata	Procedura Mutuo riconoscimento o Decentrata	Medicinali soggetti a prescrizione medica
043277185	043277	ROSUVASTATINA ZENTIVA	20 MG COMPRESSE RIVESTITE CON FILM- 30 COMPRESSE IN BLISTER AL/AL	ROSUVASTATINA SALE DI CALCIO	ROSUVASTATINA SALE DI CALCIO	20	milligrammi	Compressa rivestita con film	C10AA07	ZENTIVA ITALIA S.R.L.	Autorizzata	Procedura Mutuo riconoscimento o Decentrata	Medicinali soggetti a prescrizione medica
043277197	043277	ROSUVASTATINA ZENTIVA	20 MG COMPRESSE RIVESTITE CON FILM- 84 COMPRESSE IN BLISTER AL/AL	ROSUVASTATINA SALE DI CALCIO	ROSUVASTATINA SALE DI CALCIO	20	milligrammi	Compressa rivestita con film	C10AA07	ZENTIVA ITALIA S.R.L.	Autorizzata	Procedura Mutuo riconoscimento o Decentrata	Medicinali soggetti a prescrizione medica
043277209	043277	ROSUVASTATINA ZENTIVA	20 MG COMPRESSE RIVESTITE CON FILM- 90 COMPRESSE IN BLISTER AL/AL	ROSUVASTATINA SALE DI CALCIO	ROSUVASTATINA SALE DI CALCIO	20	milligrammi	Compressa rivestita con film	C10AA07	ZENTIVA ITALIA S.R.L.	Autorizzata	Procedura Mutuo riconoscimento o Decentrata	Medicinali soggetti a prescrizione medica
043277211	043277	ROSUVASTATINA ZENTIVA	40 MG COMPRESSE RIVESTITE CON FILM- 14 COMPRESSE IN BLISTER AL/AL	ROSUVASTATINA SALE DI CALCIO	ROSUVASTATINA SALE DI CALCIO	40	milligrammi	Compressa rivestita con film	C10AA07	ZENTIVA ITALIA S.R.L.	Autorizzata	Procedura Mutuo riconoscimento o Decentrata	Medicinali soggetti a prescrizione medica
043277223	043277	ROSUVASTATINA ZENTIVA	40 MG COMPRESSE RIVESTITE CON FILM- 28 COMPRESSE IN BLISTER AL/AL	ROSUVASTATINA SALE DI CALCIO	ROSUVASTATINA SALE DI CALCIO	40	milligrammi	Compressa rivestita con film	C10AA07	ZENTIVA ITALIA S.R.L.	Autorizzata	Procedura Mutuo riconoscimento o Decentrata	Medicinali soggetti a prescrizione medica
043277235	043277	ROSUVASTATINA ZENTIVA	40 MG COMPRESSE RIVESTITE CON FILM- 30 COMPRESSE IN BLISTER AL/AL	ROSUVASTATINA SALE DI CALCIO	ROSUVASTATINA SALE DI CALCIO	40	milligrammi	Compressa rivestita con film	C10AA07	ZENTIVA ITALIA S.R.L.	Autorizzata	Procedura Mutuo riconoscimento o Decentrata	Medicinali soggetti a prescrizione medica
043277247	043277	ROSUVASTATINA ZENTIVA	40 MG COMPRESSE RIVESTITE CON FILM- 84 COMPRESSE IN BLISTER AL/AL	ROSUVASTATINA SALE DI CALCIO	ROSUVASTATINA SALE DI CALCIO	40	milligrammi	Compressa rivestita con film	C10AA07	ZENTIVA ITALIA S.R.L.	Autorizzata	Procedura Mutuo riconoscimento o Decentrata	Medicinali soggetti a prescrizione medica
043277250	043277	ROSUVASTATINA ZENTIVA	40 MG COMPRESSE RIVESTITE CON FILM- 90 COMPRESSE IN BLISTER AL/AL	ROSUVASTATINA SALE DI CALCIO	ROSUVASTATINA SALE DI CALCIO	40	milligrammi	Compressa rivestita con film	C10AA07	ZENTIVA ITALIA S.R.L.	Autorizzata	Procedura Mutuo riconoscimento o Decentrata	Medicinali soggetti a prescrizione medica
043277262	043277	ROSUVASTATINA ZENTIVA	5 MG COMPRESSE RIVESTITE CON FILM- 15 COMPRESSE IN BLISTER AL/AL	ROSUVASTATINA SALE DI CALCIO	ROSUVASTATINA SALE DI CALCIO	5	milligrammi	Compressa rivestita con film	C10AA07	ZENTIVA ITALIA S.R.L.	Autorizzata	Procedura Mutuo riconoscimento o Decentrata	Medicinali soggetti a prescrizione medica
043277274	043277	ROSUVASTATINA ZENTIVA	10 MG COMPRESSE RIVESTITE CON FILM- 15 COMPRESSE IN BLISTER AL/AL	ROSUVASTATINA SALE DI CALCIO	ROSUVASTATINA SALE DI CALCIO	10	milligrammi	Compressa rivestita con film	C10AA07	ZENTIVA ITALIA S.R.L.	Autorizzata	Procedura Mutuo riconoscimento o Decentrata	Medicinali soggetti a prescrizione medica
043277286	043277	ROSUVASTATINA ZENTIVA	5 MG COMPRESSE RIVESTITE CON FILM- 14 COMPRESSE IN BLISTER PVC/PVDC/AL	ROSUVASTATINA SALE DI CALCIO	ROSUVASTATINA SALE DI CALCIO	5	milligrammi	Compressa rivestita con film	C10AA07	ZENTIVA ITALIA S.R.L.	Autorizzata	Procedura Mutuo riconoscimento o Decentrata	Medicinali soggetti a prescrizione medica
043277298	043277	ROSUVASTATINA ZENTIVA	5 MG COMPRESSE RIVESTITE CON FILM- 15 COMPRESSE IN BLISTER PVC/PVDC/AL	ROSUVASTATINA SALE DI CALCIO	ROSUVASTATINA SALE DI CALCIO	5	milligrammi	Compressa rivestita con film	C10AA07	ZENTIVA ITALIA S.R.L.	Autorizzata	Procedura Mutuo riconoscimento o Decentrata	Medicinali soggetti a prescrizione medica
043277300	043277	ROSUVASTATINA ZENTIVA	5 MG COMPRESSE RIVESTITE CON FILM- 20 COMPRESSE IN BLISTER PVC/PVDC/AL	ROSUVASTATINA SALE DI CALCIO	ROSUVASTATINA SALE DI CALCIO	5	milligrammi	Compressa rivestita con film	C10AA07	ZENTIVA ITALIA S.R.L.	Autorizzata	Procedura Mutuo riconoscimento o Decentrata	Medicinali soggetti a prescrizione medica
043277312	043277	ROSUVASTATINA ZENTIVA	5 MG COMPRESSE RIVESTITE CON FILM- 28 COMPRESSE IN BLISTER PVC/PVDC/AL	ROSUVASTATINA SALE DI CALCIO	ROSUVASTATINA SALE DI CALCIO	5	milligrammi	Compressa rivestita con film	C10AA07	ZENTIVA ITALIA S.R.L.	Autorizzata	Procedura Mutuo riconoscimento o Decentrata	Medicinali soggetti a prescrizione medica
043277324	043277	ROSUVASTATINA ZENTIVA	5 MG COMPRESSE RIVESTITE CON FILM- 30 COMPRESSE IN BLISTER PVC/PVDC/AL	ROSUVASTATINA SALE DI CALCIO	ROSUVASTATINA SALE DI CALCIO	5	milligrammi	Compressa rivestita con film	C10AA07	ZENTIVA ITALIA S.R.L.	Autorizzata	Procedura Mutuo riconoscimento o Decentrata	Medicinali soggetti a prescrizione medica
043277336	043277	ROSUVASTATINA ZENTIVA	5 MG COMPRESSE RIVESTITE CON FILM- 56 COMPRESSE IN BLISTER PVC/PVDC/AL	ROSUVASTATINA SALE DI CALCIO	ROSUVASTATINA SALE DI CALCIO	5	milligrammi	Compressa rivestita con film	C10AA07	ZENTIVA ITALIA S.R.L.	Autorizzata	Procedura Mutuo riconoscimento o Decentrata	Medicinali soggetti a prescrizione medica
043277348	043277	ROSUVASTATINA ZENTIVA	5 MG COMPRESSE RIVESTITE CON FILM- 60 COMPRESSE IN BLISTER PVC/PVDC/AL	ROSUVASTATINA SALE DI CALCIO	ROSUVASTATINA SALE DI CALCIO	5	milligrammi	Compressa rivestita con film	C10AA07	ZENTIVA ITALIA S.R.L.	Autorizzata	Procedura Mutuo riconoscimento o Decentrata	Medicinali soggetti a prescrizione medica
043277351	043277	ROSUVASTATINA ZENTIVA	5 MG COMPRESSE RIVESTITE CON FILM- 84 COMPRESSE IN BLISTER PVC/PVDC/AL	ROSUVASTATINA SALE DI CALCIO	ROSUVASTATINA SALE DI CALCIO	5	milligrammi	Compressa rivestita con film	C10AA07	ZENTIVA ITALIA S.R.L.	Autorizzata	Procedura Mutuo riconoscimento o Decentrata	Medicinali soggetti a prescrizione medica
043277363	043277	ROSUVASTATINA ZENTIVA	5 MG COMPRESSE RIVESTITE CON FILM- 90 COMPRESSE IN BLISTER PVC/PVDC/AL	ROSUVASTATINA SALE DI CALCIO	ROSUVASTATINA SALE DI CALCIO	5	milligrammi	Compressa rivestita con film	C10AA07	ZENTIVA ITALIA S.R.L.	Autorizzata	Procedura Mutuo riconoscimento o Decentrata	Medicinali soggetti a prescrizione medica
043277375	043277	ROSUVASTATINA ZENTIVA	10 MG COMPRESSE RIVESTITE CON FILM- 14 COMPRESSE IN BLISTER PVC/PVDC/AL	ROSUVASTATINA SALE DI CALCIO	ROSUVASTATINA SALE DI CALCIO	10	milligrammi	Compressa rivestita con film	C10AA07	ZENTIVA ITALIA S.R.L.	Autorizzata	Procedura Mutuo riconoscimento o Decentrata	Medicinali soggetti a prescrizione medica
043277387	043277	ROSUVASTATINA ZENTIVA	10 MG COMPRESSE RIVESTITE CON FILM- 15 COMPRESSE IN BLISTER PVC/PVDC/AL	ROSUVASTATINA SALE DI CALCIO	ROSUVASTATINA SALE DI CALCIO	10	milligrammi	Compressa rivestita con film	C10AA07	ZENTIVA ITALIA S.R.L.	Autorizzata	Procedura Mutuo riconoscimento o Decentrata	Medicinali soggetti a prescrizione medica
043277399	043277	ROSUVASTATINA ZENTIVA	10 MG COMPRESSE RIVESTITE CON FILM- 20 COMPRESSE IN BLISTER PVC/PVDC/AL	ROSUVASTATINA SALE DI CALCIO	ROSUVASTATINA SALE DI CALCIO	10	milligrammi	Compressa rivestita con film	C10AA07	ZENTIVA ITALIA S.R.L.	Autorizzata	Procedura Mutuo riconoscimento o Decentrata	Medicinali soggetti a prescrizione medica
043277401	043277	ROSUVASTATINA ZENTIVA	10 MG COMPRESSE RIVESTITE CON FILM- 28 COMPRESSE IN BLISTER PVC/PVDC/AL	ROSUVASTATINA SALE DI CALCIO	ROSUVASTATINA SALE DI CALCIO	10	milligrammi	Compressa rivestita con film	C10AA07	ZENTIVA ITALIA S.R.L.	Autorizzata	Procedura Mutuo riconoscimento o Decentrata	Medicinali soggetti a prescrizione medica
043277413	043277	ROSUVASTATINA ZENTIVA	10 MG COMPRESSE RIVESTITE CON FILM- 30 COMPRESSE IN BLISTER PVC/PVDC/AL	ROSUVASTATINA SALE DI CALCIO	ROSUVASTATINA SALE DI CALCIO	10	milligrammi	Compressa rivestita con film	C10AA07	ZENTIVA ITALIA S.R.L.	Autorizzata	Procedura Mutuo riconoscimento o Decentrata	Medicinali soggetti a prescrizione medica
043277425	043277	ROSUVASTATINA ZENTIVA	10 MG COMPRESSE RIVESTITE CON FILM- 60 COMPRESSE IN BLISTER PVC/PVDC/AL	ROSUVASTATINA SALE DI CALCIO	ROSUVASTATINA SALE DI CALCIO	10	milligrammi	Compressa rivestita con film	C10AA07	ZENTIVA ITALIA S.R.L.	Autorizzata	Procedura Mutuo riconoscimento o Decentrata	Medicinali soggetti a prescrizione medica
043277437	043277	ROSUVASTATINA ZENTIVA	10 MG COMPRESSE RIVESTITE CON FILM- 84 COMPRESSE IN BLISTER PVC/PVDC/AL	ROSUVASTATINA SALE DI CALCIO	ROSUVASTATINA SALE DI CALCIO	10	milligrammi	Compressa rivestita con film	C10AA07	ZENTIVA ITALIA S.R.L.	Autorizzata	Procedura Mutuo riconoscimento o Decentrata	Medicinali soggetti a prescrizione medica
043277449	043277	ROSUVASTATINA ZENTIVA	10 MG COMPRESSE RIVESTITE CON FILM- 90 COMPRESSE IN BLISTER PVC/PVDC/AL	ROSUVASTATINA SALE DI CALCIO	ROSUVASTATINA SALE DI CALCIO	10	milligrammi	Compressa rivestita con film	C10AA07	ZENTIVA ITALIA S.R.L.	Autorizzata	Procedura Mutuo riconoscimento o Decentrata	Medicinali soggetti a prescrizione medica
043277452	043277	ROSUVASTATINA ZENTIVA	20 MG COMPRESSE RIVESTITE CON FILM- 14 COMPRESSE IN BLISTER PVC/PVDC/AL	ROSUVASTATINA SALE DI CALCIO	ROSUVASTATINA SALE DI CALCIO	20	milligrammi	Compressa rivestita con film	C10AA07	ZENTIVA ITALIA S.R.L.	Autorizzata	Procedura Mutuo riconoscimento o Decentrata	Medicinali soggetti a prescrizione medica
043277464	043277	ROSUVASTATINA ZENTIVA	20 MG COMPRESSE RIVESTITE CON FILM- 28 COMPRESSE IN BLISTER PVC/PVDC/AL	ROSUVASTATINA SALE DI CALCIO	ROSUVASTATINA SALE DI CALCIO	20	milligrammi	Compressa rivestita con film	C10AA07	ZENTIVA ITALIA S.R.L.	Autorizzata	Procedura Mutuo riconoscimento o Decentrata	Medicinali soggetti a prescrizione medica
043277476	043277	ROSUVASTATINA ZENTIVA	20 MG COMPRESSE RIVESTITE CON FILM- 30 COMPRESSE IN BLISTER PVC/PVDC/AL	ROSUVASTATINA SALE DI CALCIO	ROSUVASTATINA SALE DI CALCIO	20	milligrammi	Compressa rivestita con film	C10AA07	ZENTIVA ITALIA S.R.L.	Autorizzata	Procedura Mutuo riconoscimento o Decentrata	Medicinali soggetti a prescrizione medica
043277488	043277	ROSUVASTATINA ZENTIVA	20 MG COMPRESSE RIVESTITE CON FILM- 84 COMPRESSE IN BLISTER PVC/PVDC/AL	ROSUVASTATINA SALE DI CALCIO	ROSUVASTATINA SALE DI CALCIO	20	milligrammi	Compressa rivestita con film	C10AA07	ZENTIVA ITALIA S.R.L.	Autorizzata	Procedura Mutuo riconoscimento o Decentrata	Medicinali soggetti a prescrizione medica
043277490	043277	ROSUVASTATINA ZENTIVA	20 MG COMPRESSE RIVESTITE CON FILM- 90 COMPRESSE IN BLISTER PVC/PVDC/AL	ROSUVASTATINA SALE DI CALCIO	ROSUVASTATINA SALE DI CALCIO	20	milligrammi	Compressa rivestita con film	C10AA07	ZENTIVA ITALIA S.R.L.	Autorizzata	Procedura Mutuo riconoscimento o Decentrata	Medicinali soggetti a prescrizione medica
043277502	043277	ROSUVASTATINA ZENTIVA	40 MG COMPRESSE RIVESTITE CON FILM- 14 COMPRESSE IN BLISTER PVC/PVDC/AL	ROSUVASTATINA SALE DI CALCIO	ROSUVASTATINA SALE DI CALCIO	40	milligrammi	Compressa rivestita con film	C10AA07	ZENTIVA ITALIA S.R.L.	Autorizzata	Procedura Mutuo riconoscimento o Decentrata	Medicinali soggetti a prescrizione medica
043277514	043277	ROSUVASTATINA ZENTIVA	40 MG COMPRESSE RIVESTITE CON FILM- 28 COMPRESSE IN BLISTER PVC/PVDC/AL	ROSUVASTATINA SALE DI CALCIO	ROSUVASTATINA SALE DI CALCIO	40	milligrammi	Compressa rivestita con film	C10AA07	ZENTIVA ITALIA S.R.L.	Autorizzata	Procedura Mutuo riconoscimento o Decentrata	Medicinali soggetti a prescrizione medica
043277526	043277	ROSUVASTATINA ZENTIVA	40 MG COMPRESSE RIVESTITE CON FILM- 30 COMPRESSE IN BLISTER PVC/PVDC/AL	ROSUVASTATINA SALE DI CALCIO	ROSUVASTATINA SALE DI CALCIO	40	milligrammi	Compressa rivestita con film	C10AA07	ZENTIVA ITALIA S.R.L.	Autorizzata	Procedura Mutuo riconoscimento o Decentrata	Medicinali soggetti a prescrizione medica
043277538	043277	ROSUVASTATINA ZENTIVA	40 MG COMPRESSE RIVESTITE CON FILM- 84 COMPRESSE IN BLISTER PVC/PVDC/AL	ROSUVASTATINA SALE DI CALCIO	ROSUVASTATINA SALE DI CALCIO	40	milligrammi	Compressa rivestita con film	C10AA07	ZENTIVA ITALIA S.R.L.	Autorizzata	Procedura Mutuo riconoscimento o Decentrata	Medicinali soggetti a prescrizione medica
043277540	043277	ROSUVASTATINA ZENTIVA	40 MG COMPRESSE RIVESTITE CON FILM- 90 COMPRESSE IN BLISTER PVC/PVDC/AL	ROSUVASTATINA SALE DI CALCIO	ROSUVASTATINA SALE DI CALCIO	40	milligrammi	Compressa rivestita con film	C10AA07	ZENTIVA ITALIA S.R.L.	Autorizzata	Procedura Mutuo riconoscimento o Decentrata	Medicinali soggetti a prescrizione medica
043418019	043418	ROSUVASTATINA EG	5 MG COMPRESSE RIVESTITE CON FILM- 7 COMPRESSE IN BLISTER OPA/AL/PVC/AL	ROSUVASTATINA SALE DI CALCIO	ROSUVASTATINA SALE DI CALCIO	5	milligrammi	Compressa rivestita con film	C10AA07	EG S.P.A.	Autorizzata	Procedura Mutuo riconoscimento o Decentrata	Medicinali soggetti a prescrizione medica
043418021	043418	ROSUVASTATINA EG	5 MG COMPRESSE RIVESTITE CON FILM- 14 COMPRESSE IN BLISTER OPA/AL/PVC/AL	ROSUVASTATINA SALE DI CALCIO	ROSUVASTATINA SALE DI CALCIO	5	milligrammi	Compressa rivestita con film	C10AA07	EG S.P.A.	Autorizzata	Procedura Mutuo riconoscimento o Decentrata	Medicinali soggetti a prescrizione medica
043418033	043418	ROSUVASTATINA EG	5 MG COMPRESSE RIVESTITE CON FILM- 15 COMPRESSE IN BLISTER OPA/AL/PVC/AL	ROSUVASTATINA SALE DI CALCIO	ROSUVASTATINA SALE DI CALCIO	5	milligrammi	Compressa rivestita con film	C10AA07	EG S.P.A.	Autorizzata	Procedura Mutuo riconoscimento o Decentrata	Medicinali soggetti a prescrizione medica
043418045	043418	ROSUVASTATINA EG	5 MG COMPRESSE RIVESTITE CON FILM- 20 COMPRESSE IN BLISTER OPA/AL/PVC/AL	ROSUVASTATINA SALE DI CALCIO	ROSUVASTATINA SALE DI CALCIO	5	milligrammi	Compressa rivestita con film	C10AA07	EG S.P.A.	Autorizzata	Procedura Mutuo riconoscimento o Decentrata	Medicinali soggetti a prescrizione medica
043418058	043418	ROSUVASTATINA EG	5 MG COMPRESSE RIVESTITE CON FILM- 28 COMPRESSE IN BLISTER OPA/AL/PVC/AL	ROSUVASTATINA SALE DI CALCIO	ROSUVASTATINA SALE DI CALCIO	5	milligrammi	Compressa rivestita con film	C10AA07	EG S.P.A.	Autorizzata	Procedura Mutuo riconoscimento o Decentrata	Medicinali soggetti a prescrizione medica
043418060	043418	ROSUVASTATINA EG	5 MG COMPRESSE RIVESTITE CON FILM- 30 COMPRESSE IN BLISTER OPA/AL/PVC/AL	ROSUVASTATINA SALE DI CALCIO	ROSUVASTATINA SALE DI CALCIO	5	milligrammi	Compressa rivestita con film	C10AA07	EG S.P.A.	Autorizzata	Procedura Mutuo riconoscimento o Decentrata	Medicinali soggetti a prescrizione medica
043418072	043418	ROSUVASTATINA EG	5 MG COMPRESSE RIVESTITE CON FILM- 50 COMPRESSE IN BLISTER OPA/AL/PVC/AL	ROSUVASTATINA SALE DI CALCIO	ROSUVASTATINA SALE DI CALCIO	5	milligrammi	Compressa rivestita con film	C10AA07	EG S.P.A.	Autorizzata	Procedura Mutuo riconoscimento o Decentrata	Medicinali soggetti a prescrizione medica
043418084	043418	ROSUVASTATINA EG	5 MG COMPRESSE RIVESTITE CON FILM- 50 X 1 COMPRESSE IN BLISTER OPA/AL/PVC/AL	ROSUVASTATINA SALE DI CALCIO	ROSUVASTATINA SALE DI CALCIO	5	milligrammi	Compressa rivestita con film	C10AA07	EG S.P.A.	Autorizzata	Procedura Mutuo riconoscimento o Decentrata	Medicinali soggetti a prescrizione medica
043418096	043418	ROSUVASTATINA EG	5 MG COMPRESSE RIVESTITE CON FILM- 60 COMPRESSE IN BLISTER OPA/AL/PVC/AL	ROSUVASTATINA SALE DI CALCIO	ROSUVASTATINA SALE DI CALCIO	5	milligrammi	Compressa rivestita con film	C10AA07	EG S.P.A.	Autorizzata	Procedura Mutuo riconoscimento o Decentrata	Medicinali soggetti a prescrizione medica
043418108	043418	ROSUVASTATINA EG	5 MG COMPRESSE RIVESTITE CON FILM- 90 COMPRESSE IN BLISTER OPA/AL/PVC/AL	ROSUVASTATINA SALE DI CALCIO	ROSUVASTATINA SALE DI CALCIO	5	milligrammi	Compressa rivestita con film	C10AA07	EG S.P.A.	Autorizzata	Procedura Mutuo riconoscimento o Decentrata	Medicinali soggetti a prescrizione medica
043418110	043418	ROSUVASTATINA EG	5 MG COMPRESSE RIVESTITE CON FILM- 98 COMPRESSE IN BLISTER OPA/AL/PVC/AL	ROSUVASTATINA SALE DI CALCIO	ROSUVASTATINA SALE DI CALCIO	5	milligrammi	Compressa rivestita con film	C10AA07	EG S.P.A.	Autorizzata	Procedura Mutuo riconoscimento o Decentrata	Medicinali soggetti a prescrizione medica
043418122	043418	ROSUVASTATINA EG	5 MG COMPRESSE RIVESTITE CON FILM- 100 COMPRESSE IN BLISTER OPA/AL/PVC/AL	ROSUVASTATINA SALE DI CALCIO	ROSUVASTATINA SALE DI CALCIO	5	milligrammi	Compressa rivestita con film	C10AA07	EG S.P.A.	Autorizzata	Procedura Mutuo riconoscimento o Decentrata	Medicinali soggetti a prescrizione medica
043418134	043418	ROSUVASTATINA EG	5 MG COMPRESSE RIVESTITE CON FILM- 154 COMPRESSE IN BLISTER OPA/AL/PVC/AL	ROSUVASTATINA SALE DI CALCIO	ROSUVASTATINA SALE DI CALCIO	5	milligrammi	Compressa rivestita con film	C10AA07	EG S.P.A.	Autorizzata	Procedura Mutuo riconoscimento o Decentrata	Medicinali soggetti a prescrizione medica limitativa, utilizzabili esclusivamente in ambiente ospedaliero o in una struttura ad esso assimilabile
043418146	043418	ROSUVASTATINA EG	5 MG COMPRESSE RIVESTITE CON FILM- 196 COMPRESSE IN BLISTER OPA/AL/PVC/AL	ROSUVASTATINA SALE DI CALCIO	ROSUVASTATINA SALE DI CALCIO	5	milligrammi	Compressa rivestita con film	C10AA07	EG S.P.A.	Autorizzata	Procedura Mutuo riconoscimento o Decentrata	Medicinali soggetti a prescrizione medica limitativa, utilizzabili esclusivamente in ambiente ospedaliero o in una struttura ad esso assimilabile
043418159	043418	ROSUVASTATINA EG	5 MG COMPRESSE RIVESTITE CON FILM- 252 COMPRESSE IN BLISTER OPA/AL/PVC/AL	ROSUVASTATINA SALE DI CALCIO	ROSUVASTATINA SALE DI CALCIO	5	milligrammi	Compressa rivestita con film	C10AA07	EG S.P.A.	Autorizzata	Procedura Mutuo riconoscimento o Decentrata	Medicinali soggetti a prescrizione medica limitativa, utilizzabili esclusivamente in ambiente ospedaliero o in una struttura ad esso assimilabile
043418161	043418	ROSUVASTATINA EG	10 MG COMPRESSE RIVESTITE CON FILM- 7 COMPRESSE IN BLISTER OPA/AL/PVC/AL	ROSUVASTATINA SALE DI CALCIO	ROSUVASTATINA SALE DI CALCIO	10	milligrammi	Compressa rivestita con film	C10AA07	EG S.P.A.	Autorizzata	Procedura Mutuo riconoscimento o Decentrata	Medicinali soggetti a prescrizione medica
043418173	043418	ROSUVASTATINA EG	10 MG COMPRESSE RIVESTITE CON FILM- 14 COMPRESSE IN BLISTER OPA/AL/PVC/AL	ROSUVASTATINA SALE DI CALCIO	ROSUVASTATINA SALE DI CALCIO	10	milligrammi	Compressa rivestita con film	C10AA07	EG S.P.A.	Autorizzata	Procedura Mutuo riconoscimento o Decentrata	Medicinali soggetti a prescrizione medica
043418185	043418	ROSUVASTATINA EG	10 MG COMPRESSE RIVESTITE CON FILM- 15 COMPRESSE IN BLISTER OPA/AL/PVC/AL	ROSUVASTATINA SALE DI CALCIO	ROSUVASTATINA SALE DI CALCIO	10	milligrammi	Compressa rivestita con film	C10AA07	EG S.P.A.	Autorizzata	Procedura Mutuo riconoscimento o Decentrata	Medicinali soggetti a prescrizione medica
043418197	043418	ROSUVASTATINA EG	10 MG COMPRESSE RIVESTITE CON FILM- 20 COMPRESSE IN BLISTER OPA/AL/PVC/AL	ROSUVASTATINA SALE DI CALCIO	ROSUVASTATINA SALE DI CALCIO	10	milligrammi	Compressa rivestita con film	C10AA07	EG S.P.A.	Autorizzata	Procedura Mutuo riconoscimento o Decentrata	Medicinali soggetti a prescrizione medica
043418209	043418	ROSUVASTATINA EG	10 MG COMPRESSE RIVESTITE CON FILM- 28 COMPRESSE IN BLISTER OPA/AL/PVC/AL	ROSUVASTATINA SALE DI CALCIO	ROSUVASTATINA SALE DI CALCIO	10	milligrammi	Compressa rivestita con film	C10AA07	EG S.P.A.	Autorizzata	Procedura Mutuo riconoscimento o Decentrata	Medicinali soggetti a prescrizione medica
043418211	043418	ROSUVASTATINA EG	10 MG COMPRESSE RIVESTITE CON FILM- 30 COMPRESSE IN BLISTER OPA/AL/PVC/AL	ROSUVASTATINA SALE DI CALCIO	ROSUVASTATINA SALE DI CALCIO	10	milligrammi	Compressa rivestita con film	C10AA07	EG S.P.A.	Autorizzata	Procedura Mutuo riconoscimento o Decentrata	Medicinali soggetti a prescrizione medica
043418223	043418	ROSUVASTATINA EG	10 MG COMPRESSE RIVESTITE CON FILM- 50 COMPRESSE IN BLISTER OPA/AL/PVC/AL	ROSUVASTATINA SALE DI CALCIO	ROSUVASTATINA SALE DI CALCIO	10	milligrammi	Compressa rivestita con film	C10AA07	EG S.P.A.	Autorizzata	Procedura Mutuo riconoscimento o Decentrata	Medicinali soggetti a prescrizione medica
043418235	043418	ROSUVASTATINA EG	10 MG COMPRESSE RIVESTITE CON FILM- 50 X 1 COMPRESSE IN BLISTER OPA/AL/PVC/AL	ROSUVASTATINA SALE DI CALCIO	ROSUVASTATINA SALE DI CALCIO	10	milligrammi	Compressa rivestita con film	C10AA07	EG S.P.A.	Autorizzata	Procedura Mutuo riconoscimento o Decentrata	Medicinali soggetti a prescrizione medica
043418247	043418	ROSUVASTATINA EG	10 MG COMPRESSE RIVESTITE CON FILM- 60 COMPRESSE IN BLISTER OPA/AL/PVC/AL	ROSUVASTATINA SALE DI CALCIO	ROSUVASTATINA SALE DI CALCIO	10	milligrammi	Compressa rivestita con film	C10AA07	EG S.P.A.	Autorizzata	Procedura Mutuo riconoscimento o Decentrata	Medicinali soggetti a prescrizione medica
043418250	043418	ROSUVASTATINA EG	10 MG COMPRESSE RIVESTITE CON FILM- 90 COMPRESSE IN BLISTER OPA/AL/PVC/AL	ROSUVASTATINA SALE DI CALCIO	ROSUVASTATINA SALE DI CALCIO	10	milligrammi	Compressa rivestita con film	C10AA07	EG S.P.A.	Autorizzata	Procedura Mutuo riconoscimento o Decentrata	Medicinali soggetti a prescrizione medica
043418262	043418	ROSUVASTATINA EG	10 MG COMPRESSE RIVESTITE CON FILM- 98 COMPRESSE IN BLISTER OPA/AL/PVC/AL	ROSUVASTATINA SALE DI CALCIO	ROSUVASTATINA SALE DI CALCIO	10	milligrammi	Compressa rivestita con film	C10AA07	EG S.P.A.	Autorizzata	Procedura Mutuo riconoscimento o Decentrata	Medicinali soggetti a prescrizione medica
043418274	043418	ROSUVASTATINA EG	10 MG COMPRESSE RIVESTITE CON FILM- 100 COMPRESSE IN BLISTER OPA/AL/PVC/AL	ROSUVASTATINA SALE DI CALCIO	ROSUVASTATINA SALE DI CALCIO	10	milligrammi	Compressa rivestita con film	C10AA07	EG S.P.A.	Autorizzata	Procedura Mutuo riconoscimento o Decentrata	Medicinali soggetti a prescrizione medica
043418286	043418	ROSUVASTATINA EG	10 MG COMPRESSE RIVESTITE CON FILM- 154 COMPRESSE IN BLISTER OPA/AL/PVC/AL	ROSUVASTATINA SALE DI CALCIO	ROSUVASTATINA SALE DI CALCIO	10	milligrammi	Compressa rivestita con film	C10AA07	EG S.P.A.	Autorizzata	Procedura Mutuo riconoscimento o Decentrata	Medicinali soggetti a prescrizione medica limitativa, utilizzabili esclusivamente in ambiente ospedaliero o in una struttura ad esso assimilabile
043418298	043418	ROSUVASTATINA EG	10 MG COMPRESSE RIVESTITE CON FILM- 196 COMPRESSE IN BLISTER OPA/AL/PVC/AL	ROSUVASTATINA SALE DI CALCIO	ROSUVASTATINA SALE DI CALCIO	10	milligrammi	Compressa rivestita con film	C10AA07	EG S.P.A.	Autorizzata	Procedura Mutuo riconoscimento o Decentrata	Medicinali soggetti a prescrizione medica limitativa, utilizzabili esclusivamente in ambiente ospedaliero o in una struttura ad esso assimilabile
043418300	043418	ROSUVASTATINA EG	10 MG COMPRESSE RIVESTITE CON FILM- 252 COMPRESSE IN BLISTER OPA/AL/PVC/AL	ROSUVASTATINA SALE DI CALCIO	ROSUVASTATINA SALE DI CALCIO	10	milligrammi	Compressa rivestita con film	C10AA07	EG S.P.A.	Autorizzata	Procedura Mutuo riconoscimento o Decentrata	Medicinali soggetti a prescrizione medica limitativa, utilizzabili esclusivamente in ambiente ospedaliero o in una struttura ad esso assimilabile
043418312	043418	ROSUVASTATINA EG	20 MG COMPRESSE RIVESTITE CON FILM- 7 COMPRESSE IN BLISTER OPA/AL/PVC/AL	ROSUVASTATINA SALE DI CALCIO	ROSUVASTATINA SALE DI CALCIO	20	milligrammi	Compressa rivestita con film	C10AA07	EG S.P.A.	Autorizzata	Procedura Mutuo riconoscimento o Decentrata	Medicinali soggetti a prescrizione medica
043418324	043418	ROSUVASTATINA EG	20 MG COMPRESSE RIVESTITE CON FILM- 14 COMPRESSE IN BLISTER OPA/AL/PVC/AL	ROSUVASTATINA SALE DI CALCIO	ROSUVASTATINA SALE DI CALCIO	20	milligrammi	Compressa rivestita con film	C10AA07	EG S.P.A.	Autorizzata	Procedura Mutuo riconoscimento o Decentrata	Medicinali soggetti a prescrizione medica
043418336	043418	ROSUVASTATINA EG	20 MG COMPRESSE RIVESTITE CON FILM- 15 COMPRESSE IN BLISTER OPA/AL/PVC/AL	ROSUVASTATINA SALE DI CALCIO	ROSUVASTATINA SALE DI CALCIO	20	milligrammi	Compressa rivestita con film	C10AA07	EG S.P.A.	Autorizzata	Procedura Mutuo riconoscimento o Decentrata	Medicinali soggetti a prescrizione medica
043418348	043418	ROSUVASTATINA EG	20 MG COMPRESSE RIVESTITE CON FILM- 20 COMPRESSE IN BLISTER OPA/AL/PVC/AL	ROSUVASTATINA SALE DI CALCIO	ROSUVASTATINA SALE DI CALCIO	20	milligrammi	Compressa rivestita con film	C10AA07	EG S.P.A.	Autorizzata	Procedura Mutuo riconoscimento o Decentrata	Medicinali soggetti a prescrizione medica
043418351	043418	ROSUVASTATINA EG	20 MG COMPRESSE RIVESTITE CON FILM- 28 COMPRESSE IN BLISTER OPA/AL/PVC/AL	ROSUVASTATINA SALE DI CALCIO	ROSUVASTATINA SALE DI CALCIO	20	milligrammi	Compressa rivestita con film	C10AA07	EG S.P.A.	Autorizzata	Procedura Mutuo riconoscimento o Decentrata	Medicinali soggetti a prescrizione medica
043418363	043418	ROSUVASTATINA EG	20 MG COMPRESSE RIVESTITE CON FILM- 30 COMPRESSE IN BLISTER OPA/AL/PVC/AL	ROSUVASTATINA SALE DI CALCIO	ROSUVASTATINA SALE DI CALCIO	20	milligrammi	Compressa rivestita con film	C10AA07	EG S.P.A.	Autorizzata	Procedura Mutuo riconoscimento o Decentrata	Medicinali soggetti a prescrizione medica
043418375	043418	ROSUVASTATINA EG	20 MG COMPRESSE RIVESTITE CON FILM- 50 COMPRESSE IN BLISTER OPA/AL/PVC/AL	ROSUVASTATINA SALE DI CALCIO	ROSUVASTATINA SALE DI CALCIO	20	milligrammi	Compressa rivestita con film	C10AA07	EG S.P.A.	Autorizzata	Procedura Mutuo riconoscimento o Decentrata	Medicinali soggetti a prescrizione medica
043418387	043418	ROSUVASTATINA EG	20 MG COMPRESSE RIVESTITE CON FILM- 50 X 1 COMPRESSE IN BLISTER OPA/AL/PVC/AL	ROSUVASTATINA SALE DI CALCIO	ROSUVASTATINA SALE DI CALCIO	20	milligrammi	Compressa rivestita con film	C10AA07	EG S.P.A.	Autorizzata	Procedura Mutuo riconoscimento o Decentrata	Medicinali soggetti a prescrizione medica
043418399	043418	ROSUVASTATINA EG	20 MG COMPRESSE RIVESTITE CON FILM- 60 COMPRESSE IN BLISTER OPA/AL/PVC/AL	ROSUVASTATINA SALE DI CALCIO	ROSUVASTATINA SALE DI CALCIO	20	milligrammi	Compressa rivestita con film	C10AA07	EG S.P.A.	Autorizzata	Procedura Mutuo riconoscimento o Decentrata	Medicinali soggetti a prescrizione medica
043418401	043418	ROSUVASTATINA EG	20 MG COMPRESSE RIVESTITE CON FILM- 90 COMPRESSE IN BLISTER OPA/AL/PVC/AL	ROSUVASTATINA SALE DI CALCIO	ROSUVASTATINA SALE DI CALCIO	20	milligrammi	Compressa rivestita con film	C10AA07	EG S.P.A.	Autorizzata	Procedura Mutuo riconoscimento o Decentrata	Medicinali soggetti a prescrizione medica
043418413	043418	ROSUVASTATINA EG	20 MG COMPRESSE RIVESTITE CON FILM- 98 COMPRESSE IN BLISTER OPA/AL/PVC/AL	ROSUVASTATINA SALE DI CALCIO	ROSUVASTATINA SALE DI CALCIO	20	milligrammi	Compressa rivestita con film	C10AA07	EG S.P.A.	Autorizzata	Procedura Mutuo riconoscimento o Decentrata	Medicinali soggetti a prescrizione medica
043418425	043418	ROSUVASTATINA EG	20 MG COMPRESSE RIVESTITE CON FILM- 100 COMPRESSE IN BLISTER OPA/AL/PVC/AL	ROSUVASTATINA SALE DI CALCIO	ROSUVASTATINA SALE DI CALCIO	20	milligrammi	Compressa rivestita con film	C10AA07	EG S.P.A.	Autorizzata	Procedura Mutuo riconoscimento o Decentrata	Medicinali soggetti a prescrizione medica
043418437	043418	ROSUVASTATINA EG	20 MG COMPRESSE RIVESTITE CON FILM- 154 COMPRESSE IN BLISTER OPA/AL/PVC/AL	ROSUVASTATINA SALE DI CALCIO	ROSUVASTATINA SALE DI CALCIO	20	milligrammi	Compressa rivestita con film	C10AA07	EG S.P.A.	Autorizzata	Procedura Mutuo riconoscimento o Decentrata	Medicinali soggetti a prescrizione medica limitativa, utilizzabili esclusivamente in ambiente ospedaliero o in una struttura ad esso assimilabile
043418449	043418	ROSUVASTATINA EG	20 MG COMPRESSE RIVESTITE CON FILM- 196 COMPRESSE IN BLISTER OPA/AL/PVC/AL	ROSUVASTATINA SALE DI CALCIO	ROSUVASTATINA SALE DI CALCIO	20	milligrammi	Compressa rivestita con film	C10AA07	EG S.P.A.	Autorizzata	Procedura Mutuo riconoscimento o Decentrata	Medicinali soggetti a prescrizione medica limitativa, utilizzabili esclusivamente in ambiente ospedaliero o in una struttura ad esso assimilabile
043418452	043418	ROSUVASTATINA EG	20 MG COMPRESSE RIVESTITE CON FILM- 252 COMPRESSE IN BLISTER OPA/AL/PVC/AL	ROSUVASTATINA SALE DI CALCIO	ROSUVASTATINA SALE DI CALCIO	20	milligrammi	Compressa rivestita con film	C10AA07	EG S.P.A.	Autorizzata	Procedura Mutuo riconoscimento o Decentrata	Medicinali soggetti a prescrizione medica limitativa, utilizzabili esclusivamente in ambiente ospedaliero o in una struttura ad esso assimilabile
043418464	043418	ROSUVASTATINA EG	40 MG COMPRESSE RIVESTITE CON FILM- 28 COMPRESSE IN BLISTER OPA/AL/PVC/AL	ROSUVASTATINA SALE DI CALCIO	ROSUVASTATINA SALE DI CALCIO	40	milligrammi	Compressa rivestita con film	C10AA07	EG S.P.A.	Autorizzata	Procedura Mutuo riconoscimento o Decentrata	Medicinali soggetti a prescrizione medica
043418476	043418	ROSUVASTATINA EG	40 MG COMPRESSE RIVESTITE CON FILM- 30 COMPRESSE IN BLISTER OPA/AL/PVC/AL	ROSUVASTATINA SALE DI CALCIO	ROSUVASTATINA SALE DI CALCIO	40	milligrammi	Compressa rivestita con film	C10AA07	EG S.P.A.	Autorizzata	Procedura Mutuo riconoscimento o Decentrata	Medicinali soggetti a prescrizione medica
043418488	043418	ROSUVASTATINA EG	40 MG COMPRESSE RIVESTITE CON FILM- 50 X 1 COMPRESSE IN BLISTER OPA/AL/PVC/AL	ROSUVASTATINA SALE DI CALCIO	ROSUVASTATINA SALE DI CALCIO	40	milligrammi	Compressa rivestita con film	C10AA07	EG S.P.A.	Autorizzata	Procedura Mutuo riconoscimento o Decentrata	Medicinali soggetti a prescrizione medica
043418490	043418	ROSUVASTATINA EG	40 MG COMPRESSE RIVESTITE CON FILM- 90 COMPRESSE IN BLISTER OPA/AL/PVC/AL	ROSUVASTATINA SALE DI CALCIO	ROSUVASTATINA SALE DI CALCIO	40	milligrammi	Compressa rivestita con film	C10AA07	EG S.P.A.	Autorizzata	Procedura Mutuo riconoscimento o Decentrata	Medicinali soggetti a prescrizione medica
043418502	043418	ROSUVASTATINA EG	40 MG COMPRESSE RIVESTITE CON FILM- 100 COMPRESSE IN BLISTER OPA/AL/PVC/AL	ROSUVASTATINA SALE DI CALCIO	ROSUVASTATINA SALE DI CALCIO	40	milligrammi	Compressa rivestita con film	C10AA07	EG S.P.A.	Autorizzata	Procedura Mutuo riconoscimento o Decentrata	Medicinali soggetti a prescrizione medica
043418514	043418	ROSUVASTATINA EG	40 MG COMPRESSE RIVESTITE CON FILM- 154 COMPRESSE IN BLISTER OPA/AL/PVC/AL	ROSUVASTATINA SALE DI CALCIO	ROSUVASTATINA SALE DI CALCIO	40	milligrammi	Compressa rivestita con film	C10AA07	EG S.P.A.	Autorizzata	Procedura Mutuo riconoscimento o Decentrata	Medicinali soggetti a prescrizione medica limitativa, utilizzabili esclusivamente in ambiente ospedaliero o in una struttura ad esso assimilabile
043418526	043418	ROSUVASTATINA EG	40 MG COMPRESSE RIVESTITE CON FILM- 196 COMPRESSE IN BLISTER OPA/AL/PVC/AL	ROSUVASTATINA SALE DI CALCIO	ROSUVASTATINA SALE DI CALCIO	40	milligrammi	Compressa rivestita con film	C10AA07	EG S.P.A.	Autorizzata	Procedura Mutuo riconoscimento o Decentrata	Medicinali soggetti a prescrizione medica limitativa, utilizzabili esclusivamente in ambiente ospedaliero o in una struttura ad esso assimilabile
043418538	043418	ROSUVASTATINA EG	40 MG COMPRESSE RIVESTITE CON FILM- 252 COMPRESSE IN BLISTER OPA/AL/PVC/AL	ROSUVASTATINA SALE DI CALCIO	ROSUVASTATINA SALE DI CALCIO	40	milligrammi	Compressa rivestita con film	C10AA07	EG S.P.A.	Autorizzata	Procedura Mutuo riconoscimento o Decentrata	Medicinali soggetti a prescrizione medica limitativa, utilizzabili esclusivamente in ambiente ospedaliero o in una struttura ad esso assimilabile
043418540	043418	ROSUVASTATINA EG	40 MG COMPRESSE RIVESTITE CON FILM- 98 COMPRESSE IN BLISTER OPA/AL/PVC/AL	ROSUVASTATINA SALE DI CALCIO	ROSUVASTATINA SALE DI CALCIO	40	milligrammi	Compressa rivestita con film	C10AA07	EG S.P.A.	Autorizzata	Procedura Mutuo riconoscimento o Decentrata	Medicinali soggetti a prescrizione medica
043418553	043418	ROSUVASTATINA EG	5 MG COMPRESSE RIVESTITE CON FILM- 28x1 COMPRESSE IN BLISTER DIVISIBILE PER DOSE UNITARIA IN OPA/AL/PVC/AL	ROSUVASTATINA SALE DI CALCIO	ROSUVASTATINA SALE DI CALCIO	5	milligrammi	Compressa rivestita con film	C10AA07	EG S.P.A.	Autorizzata	Procedura Mutuo riconoscimento o Decentrata	Medicinali soggetti a prescrizione medica
043418565	043418	ROSUVASTATINA EG	10 MG COMPRESSE RIVESTITE CON FILM- 28X1 COMPRESSE IN BLISTER  DIVISIBILE PER DOSE UNITARIA IN OPA/AL/PVC/AL	ROSUVASTATINA SALE DI CALCIO	ROSUVASTATINA SALE DI CALCIO	10	milligrammi	Compressa rivestita con film	C10AA07	EG S.P.A.	Autorizzata	Procedura Mutuo riconoscimento o Decentrata	Medicinali soggetti a prescrizione medica
043418577	043418	ROSUVASTATINA EG	20 MG COMPRESSE RIVESTITE CON FILM- 28X1 COMPRESSE IN BLISTER DIVISIBILE PER DOSE UNITARIA IN OPA/AL/PVC/AL	ROSUVASTATINA SALE DI CALCIO	ROSUVASTATINA SALE DI CALCIO	20	milligrammi	Compressa rivestita con film	C10AA07	EG S.P.A.	Autorizzata	Procedura Mutuo riconoscimento o Decentrata	Medicinali soggetti a prescrizione medica
043418589	043418	ROSUVASTATINA EG	40 MG COMPRESSE RIVESTITE CON FILM- 28X1 COMPRESSE IN BLISTER  DIVISIBILE PER DOSE UNITARIA IN OPA/AL/PVC/AL	ROSUVASTATINA SALE DI CALCIO	ROSUVASTATINA SALE DI CALCIO	40	milligrammi	Compressa rivestita con film	C10AA07	EG S.P.A.	Autorizzata	Procedura Mutuo riconoscimento o Decentrata	Medicinali soggetti a prescrizione medica
043602010	043602	ROSUVASTATINA SANDOZ	5 MG COMPRESSE RIVESTITE CON FILM- 7 COMPRESSE IN BLISTER OPA/AL/PVC/AL	ROSUVASTATINA SALE DI CALCIO	ROSUVASTATINA SALE DI CALCIO	5	milligrammi	Compressa rivestita con film	C10AA07	SANDOZ S.P.A.	Autorizzata	Procedura Mutuo riconoscimento o Decentrata	Medicinali soggetti a prescrizione medica
043602022	043602	ROSUVASTATINA SANDOZ	5 MG COMPRESSE RIVESTITE CON FILM- 10 COMPRESSE IN BLISTER OPA/AL/PVC/AL	ROSUVASTATINA SALE DI CALCIO	ROSUVASTATINA SALE DI CALCIO	5	milligrammi	Compressa rivestita con film	C10AA07	SANDOZ S.P.A.	Autorizzata	Procedura Mutuo riconoscimento o Decentrata	Medicinali soggetti a prescrizione medica
043602034	043602	ROSUVASTATINA SANDOZ	5 MG COMPRESSE RIVESTITE CON FILM- 14 COMPRESSE IN BLISTER OPA/AL/PVC/AL	ROSUVASTATINA SALE DI CALCIO	ROSUVASTATINA SALE DI CALCIO	5	milligrammi	Compressa rivestita con film	C10AA07	SANDOZ S.P.A.	Autorizzata	Procedura Mutuo riconoscimento o Decentrata	Medicinali soggetti a prescrizione medica
043602046	043602	ROSUVASTATINA SANDOZ	5 MG COMPRESSE RIVESTITE CON FILM- 20 COMPRESSE IN BLISTER OPA/AL/PVC/AL	ROSUVASTATINA SALE DI CALCIO	ROSUVASTATINA SALE DI CALCIO	5	milligrammi	Compressa rivestita con film	C10AA07	SANDOZ S.P.A.	Autorizzata	Procedura Mutuo riconoscimento o Decentrata	Medicinali soggetti a prescrizione medica
043602059	043602	ROSUVASTATINA SANDOZ	5 MG COMPRESSE RIVESTITE CON FILM- 21 COMPRESSE IN BLISTER OPA/AL/PVC/AL	ROSUVASTATINA SALE DI CALCIO	ROSUVASTATINA SALE DI CALCIO	5	milligrammi	Compressa rivestita con film	C10AA07	SANDOZ S.P.A.	Autorizzata	Procedura Mutuo riconoscimento o Decentrata	Medicinali soggetti a prescrizione medica
043602061	043602	ROSUVASTATINA SANDOZ	5 MG COMPRESSE RIVESTITE CON FILM- 28 COMPRESSE IN BLISTER OPA/AL/PVC/AL	ROSUVASTATINA SALE DI CALCIO	ROSUVASTATINA SALE DI CALCIO	5	milligrammi	Compressa rivestita con film	C10AA07	SANDOZ S.P.A.	Autorizzata	Procedura Mutuo riconoscimento o Decentrata	Medicinali soggetti a prescrizione medica
043602073	043602	ROSUVASTATINA SANDOZ	5 MG COMPRESSE RIVESTITE CON FILM- 30 COMPRESSE IN BLISTER OPA/AL/PVC/AL	ROSUVASTATINA SALE DI CALCIO	ROSUVASTATINA SALE DI CALCIO	5	milligrammi	Compressa rivestita con film	C10AA07	SANDOZ S.P.A.	Autorizzata	Procedura Mutuo riconoscimento o Decentrata	Medicinali soggetti a prescrizione medica
043602085	043602	ROSUVASTATINA SANDOZ	5 MG COMPRESSE RIVESTITE CON FILM- 40 COMPRESSE IN BLISTER OPA/AL/PVC/AL	ROSUVASTATINA SALE DI CALCIO	ROSUVASTATINA SALE DI CALCIO	5	milligrammi	Compressa rivestita con film	C10AA07	SANDOZ S.P.A.	Autorizzata	Procedura Mutuo riconoscimento o Decentrata	Medicinali soggetti a prescrizione medica
043602097	043602	ROSUVASTATINA SANDOZ	5 MG COMPRESSE RIVESTITE CON FILM- 42 COMPRESSE IN BLISTER OPA/AL/PVC/AL	ROSUVASTATINA SALE DI CALCIO	ROSUVASTATINA SALE DI CALCIO	5	milligrammi	Compressa rivestita con film	C10AA07	SANDOZ S.P.A.	Autorizzata	Procedura Mutuo riconoscimento o Decentrata	Medicinali soggetti a prescrizione medica
043602109	043602	ROSUVASTATINA SANDOZ	5 MG COMPRESSE RIVESTITE CON FILM- 60 COMPRESSE IN BLISTER OPA/AL/PVC/AL	ROSUVASTATINA SALE DI CALCIO	ROSUVASTATINA SALE DI CALCIO	5	milligrammi	Compressa rivestita con film	C10AA07	SANDOZ S.P.A.	Autorizzata	Procedura Mutuo riconoscimento o Decentrata	Medicinali soggetti a prescrizione medica
043602111	043602	ROSUVASTATINA SANDOZ	5 MG COMPRESSE RIVESTITE CON FILM- 70 COMPRESSE IN BLISTER OPA/AL/PVC/AL	ROSUVASTATINA SALE DI CALCIO	ROSUVASTATINA SALE DI CALCIO	5	milligrammi	Compressa rivestita con film	C10AA07	SANDOZ S.P.A.	Autorizzata	Procedura Mutuo riconoscimento o Decentrata	Medicinali soggetti a prescrizione medica
043602123	043602	ROSUVASTATINA SANDOZ	5 MG COMPRESSE RIVESTITE CON FILM- 100 COMPRESSE IN BLISTER OPA/AL/PVC/AL	ROSUVASTATINA SALE DI CALCIO	ROSUVASTATINA SALE DI CALCIO	5	milligrammi	Compressa rivestita con film	C10AA07	SANDOZ S.P.A.	Autorizzata	Procedura Mutuo riconoscimento o Decentrata	Medicinali soggetti a prescrizione medica
043602135	043602	ROSUVASTATINA SANDOZ	5 MG COMPRESSE RIVESTITE CON FILM- 30 COMPRESSE IN FLACONE HDPE	ROSUVASTATINA SALE DI CALCIO	ROSUVASTATINA SALE DI CALCIO	5	milligrammi	Compressa rivestita con film	C10AA07	SANDOZ S.P.A.	Autorizzata	Procedura Mutuo riconoscimento o Decentrata	Medicinali soggetti a prescrizione medica
043602147	043602	ROSUVASTATINA SANDOZ	5 MG COMPRESSE RIVESTITE CON FILM- 90 COMPRESSE IN FLACONE HDPE	ROSUVASTATINA SALE DI CALCIO	ROSUVASTATINA SALE DI CALCIO	5	milligrammi	Compressa rivestita con film	C10AA07	SANDOZ S.P.A.	Autorizzata	Procedura Mutuo riconoscimento o Decentrata	Medicinali soggetti a prescrizione medica
043602150	043602	ROSUVASTATINA SANDOZ	5 MG COMPRESSE RIVESTITE CON FILM- 100 COMPRESSE IN FLACONE HDPE	ROSUVASTATINA SALE DI CALCIO	ROSUVASTATINA SALE DI CALCIO	5	milligrammi	Compressa rivestita con film	C10AA07	SANDOZ S.P.A.	Autorizzata	Procedura Mutuo riconoscimento o Decentrata	Medicinali soggetti a prescrizione medica
043602162	043602	ROSUVASTATINA SANDOZ	10 MG COMPRESSE RIVESTITE CON FILM- 7 COMPRESSE IN BLISTER OPA/AL/PVC/AL	ROSUVASTATINA SALE DI CALCIO	ROSUVASTATINA SALE DI CALCIO	10	milligrammi	Compressa rivestita con film	C10AA07	SANDOZ S.P.A.	Autorizzata	Procedura Mutuo riconoscimento o Decentrata	Medicinali soggetti a prescrizione medica
043602174	043602	ROSUVASTATINA SANDOZ	10 MG COMPRESSE RIVESTITE CON FILM- 10 COMPRESSE IN BLISTER OPA/AL/PVC/AL	ROSUVASTATINA SALE DI CALCIO	ROSUVASTATINA SALE DI CALCIO	10	milligrammi	Compressa rivestita con film	C10AA07	SANDOZ S.P.A.	Autorizzata	Procedura Mutuo riconoscimento o Decentrata	Medicinali soggetti a prescrizione medica
043602186	043602	ROSUVASTATINA SANDOZ	10 MG COMPRESSE RIVESTITE CON FILM- 14 COMPRESSE IN BLISTER OPA/AL/PVC/AL	ROSUVASTATINA SALE DI CALCIO	ROSUVASTATINA SALE DI CALCIO	10	milligrammi	Compressa rivestita con film	C10AA07	SANDOZ S.P.A.	Autorizzata	Procedura Mutuo riconoscimento o Decentrata	Medicinali soggetti a prescrizione medica
043602198	043602	ROSUVASTATINA SANDOZ	10 MG COMPRESSE RIVESTITE CON FILM- 20 COMPRESSE IN BLISTER OPA/AL/PVC/AL	ROSUVASTATINA SALE DI CALCIO	ROSUVASTATINA SALE DI CALCIO	10	milligrammi	Compressa rivestita con film	C10AA07	SANDOZ S.P.A.	Autorizzata	Procedura Mutuo riconoscimento o Decentrata	Medicinali soggetti a prescrizione medica
043602200	043602	ROSUVASTATINA SANDOZ	10 MG COMPRESSE RIVESTITE CON FILM- 21 COMPRESSE IN BLISTER OPA/AL/PVC/AL	ROSUVASTATINA SALE DI CALCIO	ROSUVASTATINA SALE DI CALCIO	10	milligrammi	Compressa rivestita con film	C10AA07	SANDOZ S.P.A.	Autorizzata	Procedura Mutuo riconoscimento o Decentrata	Medicinali soggetti a prescrizione medica
043602212	043602	ROSUVASTATINA SANDOZ	10 MG COMPRESSE RIVESTITE CON FILM- 28 COMPRESSE IN BLISTER OPA/AL/PVC/AL	ROSUVASTATINA SALE DI CALCIO	ROSUVASTATINA SALE DI CALCIO	10	milligrammi	Compressa rivestita con film	C10AA07	SANDOZ S.P.A.	Autorizzata	Procedura Mutuo riconoscimento o Decentrata	Medicinali soggetti a prescrizione medica
043602224	043602	ROSUVASTATINA SANDOZ	10 MG COMPRESSE RIVESTITE CON FILM- 30 COMPRESSE IN BLISTER OPA/AL/PVC/AL	ROSUVASTATINA SALE DI CALCIO	ROSUVASTATINA SALE DI CALCIO	10	milligrammi	Compressa rivestita con film	C10AA07	SANDOZ S.P.A.	Autorizzata	Procedura Mutuo riconoscimento o Decentrata	Medicinali soggetti a prescrizione medica
043602236	043602	ROSUVASTATINA SANDOZ	10 MG COMPRESSE RIVESTITE CON FILM- 40 COMPRESSE IN BLISTER OPA/AL/PVC/AL	ROSUVASTATINA SALE DI CALCIO	ROSUVASTATINA SALE DI CALCIO	10	milligrammi	Compressa rivestita con film	C10AA07	SANDOZ S.P.A.	Autorizzata	Procedura Mutuo riconoscimento o Decentrata	Medicinali soggetti a prescrizione medica
043602248	043602	ROSUVASTATINA SANDOZ	10 MG COMPRESSE RIVESTITE CON FILM- 42 COMPRESSE IN BLISTER OPA/AL/PVC/AL	ROSUVASTATINA SALE DI CALCIO	ROSUVASTATINA SALE DI CALCIO	10	milligrammi	Compressa rivestita con film	C10AA07	SANDOZ S.P.A.	Autorizzata	Procedura Mutuo riconoscimento o Decentrata	Medicinali soggetti a prescrizione medica
043602251	043602	ROSUVASTATINA SANDOZ	10 MG COMPRESSE RIVESTITE CON FILM- 60 COMPRESSE IN BLISTER OPA/AL/PVC/AL	ROSUVASTATINA SALE DI CALCIO	ROSUVASTATINA SALE DI CALCIO	10	milligrammi	Compressa rivestita con film	C10AA07	SANDOZ S.P.A.	Autorizzata	Procedura Mutuo riconoscimento o Decentrata	Medicinali soggetti a prescrizione medica
043602263	043602	ROSUVASTATINA SANDOZ	10 MG COMPRESSE RIVESTITE CON FILM- 70 COMPRESSE IN BLISTER OPA/AL/PVC/AL	ROSUVASTATINA SALE DI CALCIO	ROSUVASTATINA SALE DI CALCIO	10	milligrammi	Compressa rivestita con film	C10AA07	SANDOZ S.P.A.	Autorizzata	Procedura Mutuo riconoscimento o Decentrata	Medicinali soggetti a prescrizione medica
043602275	043602	ROSUVASTATINA SANDOZ	10 MG COMPRESSE RIVESTITE CON FILM- 100 COMPRESSE IN BLISTER OPA/AL/PVC/AL	ROSUVASTATINA SALE DI CALCIO	ROSUVASTATINA SALE DI CALCIO	10	milligrammi	Compressa rivestita con film	C10AA07	SANDOZ S.P.A.	Autorizzata	Procedura Mutuo riconoscimento o Decentrata	Medicinali soggetti a prescrizione medica
043602287	043602	ROSUVASTATINA SANDOZ	10 MG COMPRESSE RIVESTITE CON FILM- 30 COMPRESSE IN FLACONE HDPE	ROSUVASTATINA SALE DI CALCIO	ROSUVASTATINA SALE DI CALCIO	10	milligrammi	Compressa rivestita con film	C10AA07	SANDOZ S.P.A.	Autorizzata	Procedura Mutuo riconoscimento o Decentrata	Medicinali soggetti a prescrizione medica
043602299	043602	ROSUVASTATINA SANDOZ	10 MG COMPRESSE RIVESTITE CON FILM- 90 COMPRESSE IN FLACONE HDPE	ROSUVASTATINA SALE DI CALCIO	ROSUVASTATINA SALE DI CALCIO	10	milligrammi	Compressa rivestita con film	C10AA07	SANDOZ S.P.A.	Autorizzata	Procedura Mutuo riconoscimento o Decentrata	Medicinali soggetti a prescrizione medica
043602301	043602	ROSUVASTATINA SANDOZ	10 MG COMPRESSE RIVESTITE CON FILM- 100 COMPRESSE IN FLACONE HDPE	ROSUVASTATINA SALE DI CALCIO	ROSUVASTATINA SALE DI CALCIO	10	milligrammi	Compressa rivestita con film	C10AA07	SANDOZ S.P.A.	Autorizzata	Procedura Mutuo riconoscimento o Decentrata	Medicinali soggetti a prescrizione medica
043602313	043602	ROSUVASTATINA SANDOZ	20 MG COMPRESSE RIVESTITE CON FILM- 7 COMPRESSE IN BLISTER OPA/AL/PVC/AL	ROSUVASTATINA SALE DI CALCIO	ROSUVASTATINA SALE DI CALCIO	20	milligrammi	Compressa rivestita con film	C10AA07	SANDOZ S.P.A.	Autorizzata	Procedura Mutuo riconoscimento o Decentrata	Medicinali soggetti a prescrizione medica
043602325	043602	ROSUVASTATINA SANDOZ	20 MG COMPRESSE RIVESTITE CON FILM- 10 COMPRESSE IN BLISTER OPA/AL/PVC/AL	ROSUVASTATINA SALE DI CALCIO	ROSUVASTATINA SALE DI CALCIO	20	milligrammi	Compressa rivestita con film	C10AA07	SANDOZ S.P.A.	Autorizzata	Procedura Mutuo riconoscimento o Decentrata	Medicinali soggetti a prescrizione medica
043602337	043602	ROSUVASTATINA SANDOZ	20 MG COMPRESSE RIVESTITE CON FILM- 14 COMPRESSE IN BLISTER OPA/AL/PVC/AL	ROSUVASTATINA SALE DI CALCIO	ROSUVASTATINA SALE DI CALCIO	20	milligrammi	Compressa rivestita con film	C10AA07	SANDOZ S.P.A.	Autorizzata	Procedura Mutuo riconoscimento o Decentrata	Medicinali soggetti a prescrizione medica
043602349	043602	ROSUVASTATINA SANDOZ	20 MG COMPRESSE RIVESTITE CON FILM- 20 COMPRESSE IN BLISTER OPA/AL/PVC/AL	ROSUVASTATINA SALE DI CALCIO	ROSUVASTATINA SALE DI CALCIO	20	milligrammi	Compressa rivestita con film	C10AA07	SANDOZ S.P.A.	Autorizzata	Procedura Mutuo riconoscimento o Decentrata	Medicinali soggetti a prescrizione medica
043602352	043602	ROSUVASTATINA SANDOZ	20 MG COMPRESSE RIVESTITE CON FILM- 21 COMPRESSE IN BLISTER OPA/AL/PVC/AL	ROSUVASTATINA SALE DI CALCIO	ROSUVASTATINA SALE DI CALCIO	20	milligrammi	Compressa rivestita con film	C10AA07	SANDOZ S.P.A.	Autorizzata	Procedura Mutuo riconoscimento o Decentrata	Medicinali soggetti a prescrizione medica
043602364	043602	ROSUVASTATINA SANDOZ	20 MG COMPRESSE RIVESTITE CON FILM- 28 COMPRESSE IN BLISTER OPA/AL/PVC/AL	ROSUVASTATINA SALE DI CALCIO	ROSUVASTATINA SALE DI CALCIO	20	milligrammi	Compressa rivestita con film	C10AA07	SANDOZ S.P.A.	Autorizzata	Procedura Mutuo riconoscimento o Decentrata	Medicinali soggetti a prescrizione medica
043602376	043602	ROSUVASTATINA SANDOZ	20 MG COMPRESSE RIVESTITE CON FILM- 30 COMPRESSE IN BLISTER OPA/AL/PVC/AL	ROSUVASTATINA SALE DI CALCIO	ROSUVASTATINA SALE DI CALCIO	20	milligrammi	Compressa rivestita con film	C10AA07	SANDOZ S.P.A.	Autorizzata	Procedura Mutuo riconoscimento o Decentrata	Medicinali soggetti a prescrizione medica
043602388	043602	ROSUVASTATINA SANDOZ	20 MG COMPRESSE RIVESTITE CON FILM- 40 COMPRESSE IN BLISTER OPA/AL/PVC/AL	ROSUVASTATINA SALE DI CALCIO	ROSUVASTATINA SALE DI CALCIO	20	milligrammi	Compressa rivestita con film	C10AA07	SANDOZ S.P.A.	Autorizzata	Procedura Mutuo riconoscimento o Decentrata	Medicinali soggetti a prescrizione medica
043602390	043602	ROSUVASTATINA SANDOZ	20 MG COMPRESSE RIVESTITE CON FILM- 42 COMPRESSE IN BLISTER OPA/AL/PVC/AL	ROSUVASTATINA SALE DI CALCIO	ROSUVASTATINA SALE DI CALCIO	20	milligrammi	Compressa rivestita con film	C10AA07	SANDOZ S.P.A.	Autorizzata	Procedura Mutuo riconoscimento o Decentrata	Medicinali soggetti a prescrizione medica
043602402	043602	ROSUVASTATINA SANDOZ	20 MG COMPRESSE RIVESTITE CON FILM- 60 COMPRESSE IN BLISTER OPA/AL/PVC/AL	ROSUVASTATINA SALE DI CALCIO	ROSUVASTATINA SALE DI CALCIO	20	milligrammi	Compressa rivestita con film	C10AA07	SANDOZ S.P.A.	Autorizzata	Procedura Mutuo riconoscimento o Decentrata	Medicinali soggetti a prescrizione medica
043602414	043602	ROSUVASTATINA SANDOZ	20 MG COMPRESSE RIVESTITE CON FILM- 70 COMPRESSE IN BLISTER OPA/AL/PVC/AL	ROSUVASTATINA SALE DI CALCIO	ROSUVASTATINA SALE DI CALCIO	20	milligrammi	Compressa rivestita con film	C10AA07	SANDOZ S.P.A.	Autorizzata	Procedura Mutuo riconoscimento o Decentrata	Medicinali soggetti a prescrizione medica
043602426	043602	ROSUVASTATINA SANDOZ	20 MG COMPRESSE RIVESTITE CON FILM- 100 COMPRESSE IN BLISTER OPA/AL/PVC/AL	ROSUVASTATINA SALE DI CALCIO	ROSUVASTATINA SALE DI CALCIO	20	milligrammi	Compressa rivestita con film	C10AA07	SANDOZ S.P.A.	Autorizzata	Procedura Mutuo riconoscimento o Decentrata	Medicinali soggetti a prescrizione medica
043602438	043602	ROSUVASTATINA SANDOZ	20 MG COMPRESSE RIVESTITE CON FILM- 30 COMPRESSE IN FLACONE HDPE	ROSUVASTATINA SALE DI CALCIO	ROSUVASTATINA SALE DI CALCIO	20	milligrammi	Compressa rivestita con film	C10AA07	SANDOZ S.P.A.	Autorizzata	Procedura Mutuo riconoscimento o Decentrata	Medicinali soggetti a prescrizione medica
043602440	043602	ROSUVASTATINA SANDOZ	20 MG COMPRESSE RIVESTITE CON FILM- 90 COMPRESSE IN FLACONE HDPE	ROSUVASTATINA SALE DI CALCIO	ROSUVASTATINA SALE DI CALCIO	20	milligrammi	Compressa rivestita con film	C10AA07	SANDOZ S.P.A.	Autorizzata	Procedura Mutuo riconoscimento o Decentrata	Medicinali soggetti a prescrizione medica
043602453	043602	ROSUVASTATINA SANDOZ	20 MG COMPRESSE RIVESTITE CON FILM- 100 COMPRESSE IN FLACONE HDPE	ROSUVASTATINA SALE DI CALCIO	ROSUVASTATINA SALE DI CALCIO	20	milligrammi	Compressa rivestita con film	C10AA07	SANDOZ S.P.A.	Autorizzata	Procedura Mutuo riconoscimento o Decentrata	Medicinali soggetti a prescrizione medica
043602465	043602	ROSUVASTATINA SANDOZ	40 MG COMPRESSE RIVESTITE CON FILM- 7 COMPRESSE IN BLISTER OPA/AL/PVC/AL	ROSUVASTATINA SALE DI CALCIO	ROSUVASTATINA SALE DI CALCIO	40	milligrammi	Compressa rivestita con film	C10AA07	SANDOZ S.P.A.	Autorizzata	Procedura Mutuo riconoscimento o Decentrata	Medicinali soggetti a prescrizione medica
043602477	043602	ROSUVASTATINA SANDOZ	40 MG COMPRESSE RIVESTITE CON FILM- 10 COMPRESSE IN BLISTER OPA/AL/PVC/AL	ROSUVASTATINA SALE DI CALCIO	ROSUVASTATINA SALE DI CALCIO	40	milligrammi	Compressa rivestita con film	C10AA07	SANDOZ S.P.A.	Autorizzata	Procedura Mutuo riconoscimento o Decentrata	Medicinali soggetti a prescrizione medica
043602489	043602	ROSUVASTATINA SANDOZ	40 MG COMPRESSE RIVESTITE CON FILM- 14 COMPRESSE IN BLISTER OPA/AL/PVC/AL	ROSUVASTATINA SALE DI CALCIO	ROSUVASTATINA SALE DI CALCIO	40	milligrammi	Compressa rivestita con film	C10AA07	SANDOZ S.P.A.	Autorizzata	Procedura Mutuo riconoscimento o Decentrata	Medicinali soggetti a prescrizione medica
043602491	043602	ROSUVASTATINA SANDOZ	40 MG COMPRESSE RIVESTITE CON FILM- 20 COMPRESSE IN BLISTER OPA/AL/PVC/AL	ROSUVASTATINA SALE DI CALCIO	ROSUVASTATINA SALE DI CALCIO	40	milligrammi	Compressa rivestita con film	C10AA07	SANDOZ S.P.A.	Autorizzata	Procedura Mutuo riconoscimento o Decentrata	Medicinali soggetti a prescrizione medica
043602503	043602	ROSUVASTATINA SANDOZ	40 MG COMPRESSE RIVESTITE CON FILM- 21 COMPRESSE IN BLISTER OPA/AL/PVC/AL	ROSUVASTATINA SALE DI CALCIO	ROSUVASTATINA SALE DI CALCIO	40	milligrammi	Compressa rivestita con film	C10AA07	SANDOZ S.P.A.	Autorizzata	Procedura Mutuo riconoscimento o Decentrata	Medicinali soggetti a prescrizione medica
043602515	043602	ROSUVASTATINA SANDOZ	40 MG COMPRESSE RIVESTITE CON FILM- 28 COMPRESSE IN BLISTER OPA/AL/PVC/AL	ROSUVASTATINA SALE DI CALCIO	ROSUVASTATINA SALE DI CALCIO	40	milligrammi	Compressa rivestita con film	C10AA07	SANDOZ S.P.A.	Autorizzata	Procedura Mutuo riconoscimento o Decentrata	Medicinali soggetti a prescrizione medica
043602527	043602	ROSUVASTATINA SANDOZ	40 MG COMPRESSE RIVESTITE CON FILM- 30 COMPRESSE IN BLISTER OPA/AL/PVC/AL	ROSUVASTATINA SALE DI CALCIO	ROSUVASTATINA SALE DI CALCIO	40	milligrammi	Compressa rivestita con film	C10AA07	SANDOZ S.P.A.	Autorizzata	Procedura Mutuo riconoscimento o Decentrata	Medicinali soggetti a prescrizione medica
043602539	043602	ROSUVASTATINA SANDOZ	40 MG COMPRESSE RIVESTITE CON FILM- 40 COMPRESSE IN BLISTER OPA/AL/PVC/AL	ROSUVASTATINA SALE DI CALCIO	ROSUVASTATINA SALE DI CALCIO	40	milligrammi	Compressa rivestita con film	C10AA07	SANDOZ S.P.A.	Autorizzata	Procedura Mutuo riconoscimento o Decentrata	Medicinali soggetti a prescrizione medica
043602541	043602	ROSUVASTATINA SANDOZ	40 MG COMPRESSE RIVESTITE CON FILM- 42 COMPRESSE IN BLISTER OPA/AL/PVC/AL	ROSUVASTATINA SALE DI CALCIO	ROSUVASTATINA SALE DI CALCIO	40	milligrammi	Compressa rivestita con film	C10AA07	SANDOZ S.P.A.	Autorizzata	Procedura Mutuo riconoscimento o Decentrata	Medicinali soggetti a prescrizione medica
043602554	043602	ROSUVASTATINA SANDOZ	40 MG COMPRESSE RIVESTITE CON FILM- 60 COMPRESSE IN BLISTER OPA/AL/PVC/AL	ROSUVASTATINA SALE DI CALCIO	ROSUVASTATINA SALE DI CALCIO	40	milligrammi	Compressa rivestita con film	C10AA07	SANDOZ S.P.A.	Autorizzata	Procedura Mutuo riconoscimento o Decentrata	Medicinali soggetti a prescrizione medica
043602566	043602	ROSUVASTATINA SANDOZ	40 MG COMPRESSE RIVESTITE CON FILM- 70 COMPRESSE IN BLISTER OPA/AL/PVC/AL	ROSUVASTATINA SALE DI CALCIO	ROSUVASTATINA SALE DI CALCIO	40	milligrammi	Compressa rivestita con film	C10AA07	SANDOZ S.P.A.	Autorizzata	Procedura Mutuo riconoscimento o Decentrata	Medicinali soggetti a prescrizione medica
043602578	043602	ROSUVASTATINA SANDOZ	40 MG COMPRESSE RIVESTITE CON FILM- 100 COMPRESSE IN BLISTER OPA/AL/PVC/AL	ROSUVASTATINA SALE DI CALCIO	ROSUVASTATINA SALE DI CALCIO	40	milligrammi	Compressa rivestita con film	C10AA07	SANDOZ S.P.A.	Autorizzata	Procedura Mutuo riconoscimento o Decentrata	Medicinali soggetti a prescrizione medica
043602580	043602	ROSUVASTATINA SANDOZ	40 MG COMPRESSE RIVESTITE CON FILM- 30 COMPRESSE IN FLACONE HDPE	ROSUVASTATINA SALE DI CALCIO	ROSUVASTATINA SALE DI CALCIO	40	milligrammi	Compressa rivestita con film	C10AA07	SANDOZ S.P.A.	Autorizzata	Procedura Mutuo riconoscimento o Decentrata	Medicinali soggetti a prescrizione medica
043602592	043602	ROSUVASTATINA SANDOZ	40 MG COMPRESSE RIVESTITE CON FILM- 90 COMPRESSE IN FLACONE HDPE	ROSUVASTATINA SALE DI CALCIO	ROSUVASTATINA SALE DI CALCIO	40	milligrammi	Compressa rivestita con film	C10AA07	SANDOZ S.P.A.	Autorizzata	Procedura Mutuo riconoscimento o Decentrata	Medicinali soggetti a prescrizione medica
043602604	043602	ROSUVASTATINA SANDOZ	40 MG COMPRESSE RIVESTITE CON FILM- 100 COMPRESSE IN FLACONE HDPE	ROSUVASTATINA SALE DI CALCIO	ROSUVASTATINA SALE DI CALCIO	40	milligrammi	Compressa rivestita con film	C10AA07	SANDOZ S.P.A.	Autorizzata	Procedura Mutuo riconoscimento o Decentrata	Medicinali soggetti a prescrizione medica
043602616	043602	ROSUVASTATINA SANDOZ	5 MG COMPRESSE RIVESTITE CON FILM- 98 COMPRESSE IN BLISTER OPA/AL/PVC/AL	ROSUVASTATINA SALE DI CALCIO	ROSUVASTATINA SALE DI CALCIO	5	milligrammi	Compressa rivestita con film	C10AA07	SANDOZ S.P.A.	Autorizzata	Procedura Mutuo riconoscimento o Decentrata	Medicinali soggetti a prescrizione medica
043602628	043602	ROSUVASTATINA SANDOZ	10 MG COMPRESSE RIVESTITE CON FILM- 98 COMPRESSE IN BLISTER OPA/AL/PVC/AL	ROSUVASTATINA SALE DI CALCIO	ROSUVASTATINA SALE DI CALCIO	10	milligrammi	Compressa rivestita con film	C10AA07	SANDOZ S.P.A.	Autorizzata	Procedura Mutuo riconoscimento o Decentrata	Medicinali soggetti a prescrizione medica
043602630	043602	ROSUVASTATINA SANDOZ	20 MG COMPRESSE RIVESTITE CON FILM- 98 COMPRESSE IN BLISTER OPA/AL/PVC/AL	ROSUVASTATINA SALE DI CALCIO	ROSUVASTATINA SALE DI CALCIO	20	milligrammi	Compressa rivestita con film	C10AA07	SANDOZ S.P.A.	Autorizzata	Procedura Mutuo riconoscimento o Decentrata	Medicinali soggetti a prescrizione medica
043602642	043602	ROSUVASTATINA SANDOZ	40 MG COMPRESSE RIVESTITE CON FILM- 98 COMPRESSE IN BLISTER OPA/AL/PVC/AL	ROSUVASTATINA SALE DI CALCIO	ROSUVASTATINA SALE DI CALCIO	40	milligrammi	Compressa rivestita con film	C10AA07	SANDOZ S.P.A.	Autorizzata	Procedura Mutuo riconoscimento o Decentrata	Medicinali soggetti a prescrizione medica
043724018	043724	ROSUVASTATINA MYLAN ITALIA	5 MG COMPRESSE RIVESTITE CON FILM- 7 COMPRESSE IN BLISTER AL/AL	ROSUVASTATINA SALE DI CALCIO	ROSUVASTATINA SALE DI CALCIO	5	milligrammi	Compressa rivestita con film	C10AA07	MYLAN S.P.A.	Autorizzata	Procedura Mutuo riconoscimento o Decentrata	Medicinali soggetti a prescrizione medica
043724020	043724	ROSUVASTATINA MYLAN ITALIA	5 MG COMPRESSE RIVESTITE CON FILM- 28 COMPRESSE IN BLISTER AL/AL	ROSUVASTATINA SALE DI CALCIO	ROSUVASTATINA SALE DI CALCIO	5	milligrammi	Compressa rivestita con film	C10AA07	MYLAN S.P.A.	Autorizzata	Procedura Mutuo riconoscimento o Decentrata	Medicinali soggetti a prescrizione medica
043724032	043724	ROSUVASTATINA MYLAN ITALIA	5 MG COMPRESSE RIVESTITE CON FILM- 30 COMPRESSE IN BLISTER AL/AL	ROSUVASTATINA SALE DI CALCIO	ROSUVASTATINA SALE DI CALCIO	5	milligrammi	Compressa rivestita con film	C10AA07	MYLAN S.P.A.	Autorizzata	Procedura Mutuo riconoscimento o Decentrata	Medicinali soggetti a prescrizione medica
043724044	043724	ROSUVASTATINA MYLAN ITALIA	5 MG COMPRESSE RIVESTITE CON FILM- 60 COMPRESSE IN BLISTER AL/AL	ROSUVASTATINA SALE DI CALCIO	ROSUVASTATINA SALE DI CALCIO	5	milligrammi	Compressa rivestita con film	C10AA07	MYLAN S.P.A.	Autorizzata	Procedura Mutuo riconoscimento o Decentrata	Medicinali soggetti a prescrizione medica
043724057	043724	ROSUVASTATINA MYLAN ITALIA	5 MG COMPRESSE RIVESTITE CON FILM- 84 COMPRESSE IN BLISTER AL/AL	ROSUVASTATINA SALE DI CALCIO	ROSUVASTATINA SALE DI CALCIO	5	milligrammi	Compressa rivestita con film	C10AA07	MYLAN S.P.A.	Autorizzata	Procedura Mutuo riconoscimento o Decentrata	Medicinali soggetti a prescrizione medica
043724069	043724	ROSUVASTATINA MYLAN ITALIA	5 MG COMPRESSE RIVESTITE CON FILM- 90 COMPRESSE IN BLISTER AL/AL	ROSUVASTATINA SALE DI CALCIO	ROSUVASTATINA SALE DI CALCIO	5	milligrammi	Compressa rivestita con film	C10AA07	MYLAN S.P.A.	Autorizzata	Procedura Mutuo riconoscimento o Decentrata	Medicinali soggetti a prescrizione medica
043724071	043724	ROSUVASTATINA MYLAN ITALIA	5 MG COMPRESSE RIVESTITE CON FILM- 98 COMPRESSE IN BLISTER AL/AL	ROSUVASTATINA SALE DI CALCIO	ROSUVASTATINA SALE DI CALCIO	5	milligrammi	Compressa rivestita con film	C10AA07	MYLAN S.P.A.	Autorizzata	Procedura Mutuo riconoscimento o Decentrata	Medicinali soggetti a prescrizione medica
043724083	043724	ROSUVASTATINA MYLAN ITALIA	5 MG COMPRESSE RIVESTITE CON FILM- 30 COMPRESSE IN FLACONE HDPE	ROSUVASTATINA SALE DI CALCIO	ROSUVASTATINA SALE DI CALCIO	5	milligrammi	Compressa rivestita con film	C10AA07	MYLAN S.P.A.	Autorizzata	Procedura Mutuo riconoscimento o Decentrata	Medicinali soggetti a prescrizione medica
043724095	043724	ROSUVASTATINA MYLAN ITALIA	5 MG COMPRESSE RIVESTITE CON FILM- 500 COMPRESSE IN FLACONE HDPE CONFEZIONE OSPEDALIERA	ROSUVASTATINA SALE DI CALCIO	ROSUVASTATINA SALE DI CALCIO	5	milligrammi	Compressa rivestita con film	C10AA07	MYLAN S.P.A.	Autorizzata	Procedura Mutuo riconoscimento o Decentrata	Medicinali soggetti a prescrizione medica limitativa, utilizzabili esclusivamente in ambiente ospedaliero o in una struttura ad esso assimilabile
043724107	043724	ROSUVASTATINA MYLAN ITALIA	10 MG COMPRESSE RIVESTITE CON FILM- 7 COMPRESSE IN BLISTER AL/AL	ROSUVASTATINA SALE DI CALCIO	ROSUVASTATINA SALE DI CALCIO	10	milligrammi	Compressa rivestita con film	C10AA07	MYLAN S.P.A.	Autorizzata	Procedura Mutuo riconoscimento o Decentrata	Medicinali soggetti a prescrizione medica
043724119	043724	ROSUVASTATINA MYLAN ITALIA	10 MG COMPRESSE RIVESTITE CON FILM- 28 COMPRESSE IN BLISTER AL/AL	ROSUVASTATINA SALE DI CALCIO	ROSUVASTATINA SALE DI CALCIO	10	milligrammi	Compressa rivestita con film	C10AA07	MYLAN S.P.A.	Autorizzata	Procedura Mutuo riconoscimento o Decentrata	Medicinali soggetti a prescrizione medica
043724121	043724	ROSUVASTATINA MYLAN ITALIA	10 MG COMPRESSE RIVESTITE CON FILM- 30 COMPRESSE IN BLISTER AL/AL	ROSUVASTATINA SALE DI CALCIO	ROSUVASTATINA SALE DI CALCIO	10	milligrammi	Compressa rivestita con film	C10AA07	MYLAN S.P.A.	Autorizzata	Procedura Mutuo riconoscimento o Decentrata	Medicinali soggetti a prescrizione medica
043724133	043724	ROSUVASTATINA MYLAN ITALIA	10 MG COMPRESSE RIVESTITE CON FILM- 60 COMPRESSE IN BLISTER AL/AL	ROSUVASTATINA SALE DI CALCIO	ROSUVASTATINA SALE DI CALCIO	10	milligrammi	Compressa rivestita con film	C10AA07	MYLAN S.P.A.	Autorizzata	Procedura Mutuo riconoscimento o Decentrata	Medicinali soggetti a prescrizione medica
043724145	043724	ROSUVASTATINA MYLAN ITALIA	10 MG COMPRESSE RIVESTITE CON FILM- 84 COMPRESSE IN BLISTER AL/AL	ROSUVASTATINA SALE DI CALCIO	ROSUVASTATINA SALE DI CALCIO	10	milligrammi	Compressa rivestita con film	C10AA07	MYLAN S.P.A.	Autorizzata	Procedura Mutuo riconoscimento o Decentrata	Medicinali soggetti a prescrizione medica
043724158	043724	ROSUVASTATINA MYLAN ITALIA	10 MG COMPRESSE RIVESTITE CON FILM- 90 COMPRESSE IN BLISTER AL/AL	ROSUVASTATINA SALE DI CALCIO	ROSUVASTATINA SALE DI CALCIO	10	milligrammi	Compressa rivestita con film	C10AA07	MYLAN S.P.A.	Autorizzata	Procedura Mutuo riconoscimento o Decentrata	Medicinali soggetti a prescrizione medica
043724160	043724	ROSUVASTATINA MYLAN ITALIA	10 MG COMPRESSE RIVESTITE CON FILM- 98 COMPRESSE IN BLISTER AL/AL	ROSUVASTATINA SALE DI CALCIO	ROSUVASTATINA SALE DI CALCIO	10	milligrammi	Compressa rivestita con film	C10AA07	MYLAN S.P.A.	Autorizzata	Procedura Mutuo riconoscimento o Decentrata	Medicinali soggetti a prescrizione medica
043724172	043724	ROSUVASTATINA MYLAN ITALIA	10 MG COMPRESSE RIVESTITE CON FILM- 100 COMPRESSE IN BLISTER AL/AL	ROSUVASTATINA SALE DI CALCIO	ROSUVASTATINA SALE DI CALCIO	10	milligrammi	Compressa rivestita con film	C10AA07	MYLAN S.P.A.	Autorizzata	Procedura Mutuo riconoscimento o Decentrata	Medicinali soggetti a prescrizione medica
043724184	043724	ROSUVASTATINA MYLAN ITALIA	10 MG COMPRESSE RIVESTITE CON FILM- 30 COMPRESSE IN FLACONE HDPE	ROSUVASTATINA SALE DI CALCIO	ROSUVASTATINA SALE DI CALCIO	10	milligrammi	Compressa rivestita con film	C10AA07	MYLAN S.P.A.	Autorizzata	Procedura Mutuo riconoscimento o Decentrata	Medicinali soggetti a prescrizione medica
043724196	043724	ROSUVASTATINA MYLAN ITALIA	10 MG COMPRESSE RIVESTITE CON FILM- 500 COMPRESSE IN FLACONE HDPE CONFEZIONE OSPEDALIERA	ROSUVASTATINA SALE DI CALCIO	ROSUVASTATINA SALE DI CALCIO	10	milligrammi	Compressa rivestita con film	C10AA07	MYLAN S.P.A.	Autorizzata	Procedura Mutuo riconoscimento o Decentrata	Medicinali soggetti a prescrizione medica limitativa, utilizzabili esclusivamente in ambiente ospedaliero o in una struttura ad esso assimilabile
043724208	043724	ROSUVASTATINA MYLAN ITALIA	20 MG COMPRESSE RIVESTITE CON FILM- 7 COMPRESSE IN BLISTER AL/AL	ROSUVASTATINA SALE DI CALCIO	ROSUVASTATINA SALE DI CALCIO	20	milligrammi	Compressa rivestita con film	C10AA07	MYLAN S.P.A.	Autorizzata	Procedura Mutuo riconoscimento o Decentrata	Medicinali soggetti a prescrizione medica
043724210	043724	ROSUVASTATINA MYLAN ITALIA	20 MG COMPRESSE RIVESTITE CON FILM- 28 COMPRESSE IN BLISTER AL/AL	ROSUVASTATINA SALE DI CALCIO	ROSUVASTATINA SALE DI CALCIO	20	milligrammi	Compressa rivestita con film	C10AA07	MYLAN S.P.A.	Autorizzata	Procedura Mutuo riconoscimento o Decentrata	Medicinali soggetti a prescrizione medica
043724222	043724	ROSUVASTATINA MYLAN ITALIA	20 MG COMPRESSE RIVESTITE CON FILM- 30 COMPRESSE IN BLISTER AL/AL	ROSUVASTATINA SALE DI CALCIO	ROSUVASTATINA SALE DI CALCIO	20	milligrammi	Compressa rivestita con film	C10AA07	MYLAN S.P.A.	Autorizzata	Procedura Mutuo riconoscimento o Decentrata	Medicinali soggetti a prescrizione medica
043724234	043724	ROSUVASTATINA MYLAN ITALIA	20 MG COMPRESSE RIVESTITE CON FILM- 60 COMPRESSE IN BLISTER AL/AL	ROSUVASTATINA SALE DI CALCIO	ROSUVASTATINA SALE DI CALCIO	20	milligrammi	Compressa rivestita con film	C10AA07	MYLAN S.P.A.	Autorizzata	Procedura Mutuo riconoscimento o Decentrata	Medicinali soggetti a prescrizione medica
043724246	043724	ROSUVASTATINA MYLAN ITALIA	20 MG COMPRESSE RIVESTITE CON FILM- 84 COMPRESSE IN BLISTER AL/AL	ROSUVASTATINA SALE DI CALCIO	ROSUVASTATINA SALE DI CALCIO	20	milligrammi	Compressa rivestita con film	C10AA07	MYLAN S.P.A.	Autorizzata	Procedura Mutuo riconoscimento o Decentrata	Medicinali soggetti a prescrizione medica
043724259	043724	ROSUVASTATINA MYLAN ITALIA	20 MG COMPRESSE RIVESTITE CON FILM- 90 COMPRESSE IN BLISTER AL/AL	ROSUVASTATINA SALE DI CALCIO	ROSUVASTATINA SALE DI CALCIO	20	milligrammi	Compressa rivestita con film	C10AA07	MYLAN S.P.A.	Autorizzata	Procedura Mutuo riconoscimento o Decentrata	Medicinali soggetti a prescrizione medica
043724261	043724	ROSUVASTATINA MYLAN ITALIA	20 MG COMPRESSE RIVESTITE CON FILM- 98 COMPRESSE IN BLISTER AL/AL	ROSUVASTATINA SALE DI CALCIO	ROSUVASTATINA SALE DI CALCIO	20	milligrammi	Compressa rivestita con film	C10AA07	MYLAN S.P.A.	Autorizzata	Procedura Mutuo riconoscimento o Decentrata	Medicinali soggetti a prescrizione medica
043724273	043724	ROSUVASTATINA MYLAN ITALIA	20 MG COMPRESSE RIVESTITE CON FILM- 100 COMPRESSE IN BLISTER AL/AL	ROSUVASTATINA SALE DI CALCIO	ROSUVASTATINA SALE DI CALCIO	20	milligrammi	Compressa rivestita con film	C10AA07	MYLAN S.P.A.	Autorizzata	Procedura Mutuo riconoscimento o Decentrata	Medicinali soggetti a prescrizione medica
043724285	043724	ROSUVASTATINA MYLAN ITALIA	20 MG COMPRESSE RIVESTITE CON FILM- 30 COMPRESSE IN FLACONE HDPE	ROSUVASTATINA SALE DI CALCIO	ROSUVASTATINA SALE DI CALCIO	20	milligrammi	Compressa rivestita con film	C10AA07	MYLAN S.P.A.	Autorizzata	Procedura Mutuo riconoscimento o Decentrata	Medicinali soggetti a prescrizione medica
043724297	043724	ROSUVASTATINA MYLAN ITALIA	20 MG COMPRESSE RIVESTITE CON FILM- 500 COMPRESSE IN FLACONE HDPE CONFEZIONE OSPEDALIERA	ROSUVASTATINA SALE DI CALCIO	ROSUVASTATINA SALE DI CALCIO	20	milligrammi	Compressa rivestita con film	C10AA07	MYLAN S.P.A.	Autorizzata	Procedura Mutuo riconoscimento o Decentrata	Medicinali soggetti a prescrizione medica limitativa, utilizzabili esclusivamente in ambiente ospedaliero o in una struttura ad esso assimilabile
043724309	043724	ROSUVASTATINA MYLAN ITALIA	40 MG COMPRESSE RIVESTITE CON FILM- 7 COMPRESSE IN BLISTER AL/AL	ROSUVASTATINA SALE DI CALCIO	ROSUVASTATINA SALE DI CALCIO	40	milligrammi	Compressa rivestita con film	C10AA07	MYLAN S.P.A.	Autorizzata	Procedura Mutuo riconoscimento o Decentrata	Medicinali soggetti a prescrizione medica
043724311	043724	ROSUVASTATINA MYLAN ITALIA	40 MG COMPRESSE RIVESTITE CON FILM- 28 COMPRESSE IN BLISTER AL/AL	ROSUVASTATINA SALE DI CALCIO	ROSUVASTATINA SALE DI CALCIO	40	milligrammi	Compressa rivestita con film	C10AA07	MYLAN S.P.A.	Autorizzata	Procedura Mutuo riconoscimento o Decentrata	Medicinali soggetti a prescrizione medica
043724323	043724	ROSUVASTATINA MYLAN ITALIA	40 MG COMPRESSE RIVESTITE CON FILM- 30 COMPRESSE IN BLISTER AL/AL	ROSUVASTATINA SALE DI CALCIO	ROSUVASTATINA SALE DI CALCIO	40	milligrammi	Compressa rivestita con film	C10AA07	MYLAN S.P.A.	Autorizzata	Procedura Mutuo riconoscimento o Decentrata	Medicinali soggetti a prescrizione medica
043724335	043724	ROSUVASTATINA MYLAN ITALIA	40 MG COMPRESSE RIVESTITE CON FILM- 60 COMPRESSE IN BLISTER AL/AL	ROSUVASTATINA SALE DI CALCIO	ROSUVASTATINA SALE DI CALCIO	40	milligrammi	Compressa rivestita con film	C10AA07	MYLAN S.P.A.	Autorizzata	Procedura Mutuo riconoscimento o Decentrata	Medicinali soggetti a prescrizione medica
043724347	043724	ROSUVASTATINA MYLAN ITALIA	40 MG COMPRESSE RIVESTITE CON FILM- 90 COMPRESSE IN BLISTER AL/AL	ROSUVASTATINA SALE DI CALCIO	ROSUVASTATINA SALE DI CALCIO	40	milligrammi	Compressa rivestita con film	C10AA07	MYLAN S.P.A.	Autorizzata	Procedura Mutuo riconoscimento o Decentrata	Medicinali soggetti a prescrizione medica
043724350	043724	ROSUVASTATINA MYLAN ITALIA	40 MG COMPRESSE RIVESTITE CON FILM- 98 COMPRESSE IN BLISTER AL/AL	ROSUVASTATINA SALE DI CALCIO	ROSUVASTATINA SALE DI CALCIO	40	milligrammi	Compressa rivestita con film	C10AA07	MYLAN S.P.A.	Autorizzata	Procedura Mutuo riconoscimento o Decentrata	Medicinali soggetti a prescrizione medica
043724362	043724	ROSUVASTATINA MYLAN ITALIA	40 MG COMPRESSE RIVESTITE CON FILM- 100 COMPRESSE IN BLISTER AL/AL	ROSUVASTATINA SALE DI CALCIO	ROSUVASTATINA SALE DI CALCIO	40	milligrammi	Compressa rivestita con film	C10AA07	MYLAN S.P.A.	Autorizzata	Procedura Mutuo riconoscimento o Decentrata	Medicinali soggetti a prescrizione medica
043724374	043724	ROSUVASTATINA MYLAN ITALIA	40 MG COMPRESSE RIVESTITE CON FILM- 500 COMPRESSE IN FLACONE HDPE CONFEZIONE OSPEDALIERA	ROSUVASTATINA SALE DI CALCIO	ROSUVASTATINA SALE DI CALCIO	40	milligrammi	Compressa rivestita con film	C10AA07	MYLAN S.P.A.	Autorizzata	Procedura Mutuo riconoscimento o Decentrata	Medicinali soggetti a prescrizione medica limitativa, utilizzabili esclusivamente in ambiente ospedaliero o in una struttura ad esso assimilabile
043806013	043806	ROSUVASTATINA ALTER	5 MG COMPRESSE RIVESTITE CON FILM- 20 COMPRESSE IN BLISTER PA/AL/PVC/AL	ROSUVASTATINA SALE DI CALCIO	ROSUVASTATINA SALE DI CALCIO			Compressa rivestita con film	C10AA07	LABORATORI ALTER S.R.L.	Autorizzata	Procedura Mutuo riconoscimento o Decentrata	Medicinali soggetti a prescrizione medica
043806025	043806	ROSUVASTATINA ALTER	5 MG COMPRESSE RIVESTITE CON FILM- 28 COMPRESSE IN BLISTER PA/AL/PVC/AL	ROSUVASTATINA SALE DI CALCIO	ROSUVASTATINA SALE DI CALCIO			Compressa rivestita con film	C10AA07	LABORATORI ALTER S.R.L.	Autorizzata	Procedura Mutuo riconoscimento o Decentrata	Medicinali soggetti a prescrizione medica
043806037	043806	ROSUVASTATINA ALTER	5 MG COMPRESSE RIVESTITE CON FILM- 30 COMPRESSE IN BLISTER PA/AL/PVC/AL	ROSUVASTATINA SALE DI CALCIO	ROSUVASTATINA SALE DI CALCIO			Compressa rivestita con film	C10AA07	LABORATORI ALTER S.R.L.	Autorizzata	Procedura Mutuo riconoscimento o Decentrata	Medicinali soggetti a prescrizione medica
043806049	043806	ROSUVASTATINA ALTER	5 MG COMPRESSE RIVESTITE CON FILM- 60 COMPRESSE IN BLISTER PA/AL/PVC/AL	ROSUVASTATINA SALE DI CALCIO	ROSUVASTATINA SALE DI CALCIO			Compressa rivestita con film	C10AA07	LABORATORI ALTER S.R.L.	Autorizzata	Procedura Mutuo riconoscimento o Decentrata	Medicinali soggetti a prescrizione medica
043806052	043806	ROSUVASTATINA ALTER	5 MG COMPRESSE RIVESTITE CON FILM- 90 COMPRESSE IN BLISTER PA/AL/PVC/AL	ROSUVASTATINA SALE DI CALCIO	ROSUVASTATINA SALE DI CALCIO			Compressa rivestita con film	C10AA07	LABORATORI ALTER S.R.L.	Autorizzata	Procedura Mutuo riconoscimento o Decentrata	Medicinali soggetti a prescrizione medica
043806064	043806	ROSUVASTATINA ALTER	10 MG COMPRESSE RIVESTITE CON FILM- 20 COMPRESSE IN BLISTER PA/AL/PVC/AL	ROSUVASTATINA SALE DI CALCIO	ROSUVASTATINA SALE DI CALCIO			Compressa rivestita con film	C10AA07	LABORATORI ALTER S.R.L.	Autorizzata	Procedura Mutuo riconoscimento o Decentrata	Medicinali soggetti a prescrizione medica
043806076	043806	ROSUVASTATINA ALTER	10 MG COMPRESSE RIVESTITE CON FILM- 28 COMPRESSE IN BLISTER PA/AL/PVC/AL	ROSUVASTATINA SALE DI CALCIO	ROSUVASTATINA SALE DI CALCIO			Compressa rivestita con film	C10AA07	LABORATORI ALTER S.R.L.	Autorizzata	Procedura Mutuo riconoscimento o Decentrata	Medicinali soggetti a prescrizione medica
043806088	043806	ROSUVASTATINA ALTER	10 MG COMPRESSE RIVESTITE CON FILM- 30 COMPRESSE IN BLISTER PA/AL/PVC/AL	ROSUVASTATINA SALE DI CALCIO	ROSUVASTATINA SALE DI CALCIO			Compressa rivestita con film	C10AA07	LABORATORI ALTER S.R.L.	Autorizzata	Procedura Mutuo riconoscimento o Decentrata	Medicinali soggetti a prescrizione medica
043806090	043806	ROSUVASTATINA ALTER	10 MG COMPRESSE RIVESTITE CON FILM- 60 COMPRESSE IN BLISTER PA/AL/PVC/AL	ROSUVASTATINA SALE DI CALCIO	ROSUVASTATINA SALE DI CALCIO			Compressa rivestita con film	C10AA07	LABORATORI ALTER S.R.L.	Autorizzata	Procedura Mutuo riconoscimento o Decentrata	Medicinali soggetti a prescrizione medica
043806102	043806	ROSUVASTATINA ALTER	10 MG COMPRESSE RIVESTITE CON FILM- 90 COMPRESSE IN BLISTER PA/AL/PVC/AL	ROSUVASTATINA SALE DI CALCIO	ROSUVASTATINA SALE DI CALCIO			Compressa rivestita con film	C10AA07	LABORATORI ALTER S.R.L.	Autorizzata	Procedura Mutuo riconoscimento o Decentrata	Medicinali soggetti a prescrizione medica
043806114	043806	ROSUVASTATINA ALTER	20 MG COMPRESSE RIVESTITE CON FILM- 28 COMPRESSE IN BLISTER PA/AL/PVC/AL	ROSUVASTATINA SALE DI CALCIO	ROSUVASTATINA SALE DI CALCIO			Compressa rivestita con film	C10AA07	LABORATORI ALTER S.R.L.	Autorizzata	Procedura Mutuo riconoscimento o Decentrata	Medicinali soggetti a prescrizione medica
043806126	043806	ROSUVASTATINA ALTER	20 MG COMPRESSE RIVESTITE CON FILM- 30 COMPRESSE IN BLISTER PA/AL/PVC/AL	ROSUVASTATINA SALE DI CALCIO	ROSUVASTATINA SALE DI CALCIO			Compressa rivestita con film	C10AA07	LABORATORI ALTER S.R.L.	Autorizzata	Procedura Mutuo riconoscimento o Decentrata	Medicinali soggetti a prescrizione medica
043806138	043806	ROSUVASTATINA ALTER	20 MG COMPRESSE RIVESTITE CON FILM- 60 COMPRESSE IN BLISTER PA/AL/PVC/AL	ROSUVASTATINA SALE DI CALCIO	ROSUVASTATINA SALE DI CALCIO			Compressa rivestita con film	C10AA07	LABORATORI ALTER S.R.L.	Autorizzata	Procedura Mutuo riconoscimento o Decentrata	Medicinali soggetti a prescrizione medica
043806140	043806	ROSUVASTATINA ALTER	20 MG COMPRESSE RIVESTITE CON FILM- 90 COMPRESSE IN BLISTER PA/AL/PVC/AL	ROSUVASTATINA SALE DI CALCIO	ROSUVASTATINA SALE DI CALCIO			Compressa rivestita con film	C10AA07	LABORATORI ALTER S.R.L.	Autorizzata	Procedura Mutuo riconoscimento o Decentrata	Medicinali soggetti a prescrizione medica
044203014	044203	ROSUVASTATINA AUROBINDO	5 MG COMPRESSE RIVESTITE CON FILM- 20 COMPRESSE IN BLISTER PA/AL/PVC/AL	ROSUVASTATINA SALE DI CALCIO	ROSUVASTATINA SALE DI CALCIO			Compressa rivestita con film	C10AA07	AUROBINDO PHARMA (ITALIA) S.R.L.	Autorizzata	Procedura Mutuo riconoscimento o Decentrata	Medicinali soggetti a prescrizione medica
044203026	044203	ROSUVASTATINA AUROBINDO	5 MG COMPRESSE RIVESTITE CON FILM- 28 COMPRESSE IN BLISTER PA/AL/PVC/AL	ROSUVASTATINA SALE DI CALCIO	ROSUVASTATINA SALE DI CALCIO			Compressa rivestita con film	C10AA07	AUROBINDO PHARMA (ITALIA) S.R.L.	Autorizzata	Procedura Mutuo riconoscimento o Decentrata	Medicinali soggetti a prescrizione medica
044203038	044203	ROSUVASTATINA AUROBINDO	5 MG COMPRESSE RIVESTITE CON FILM- 60 COMPRESSE IN BLISTER PA/AL/PVC/AL	ROSUVASTATINA SALE DI CALCIO	ROSUVASTATINA SALE DI CALCIO			Compressa rivestita con film	C10AA07	AUROBINDO PHARMA (ITALIA) S.R.L.	Autorizzata	Procedura Mutuo riconoscimento o Decentrata	Medicinali soggetti a prescrizione medica
044203040	044203	ROSUVASTATINA AUROBINDO	10 MG COMPRESSE RIVESTITE CON FILM- 20 COMPRESSE IN BLISTER PA/AL/PVC/AL	ROSUVASTATINA SALE DI CALCIO	ROSUVASTATINA SALE DI CALCIO			Compressa rivestita con film	C10AA07	AUROBINDO PHARMA (ITALIA) S.R.L.	Autorizzata	Procedura Mutuo riconoscimento o Decentrata	Medicinali soggetti a prescrizione medica
044203053	044203	ROSUVASTATINA AUROBINDO	10 MG COMPRESSE RIVESTITE CON FILM- 28 COMPRESSE IN BLISTER PA/AL/PVC/AL	ROSUVASTATINA SALE DI CALCIO	ROSUVASTATINA SALE DI CALCIO			Compressa rivestita con film	C10AA07	AUROBINDO PHARMA (ITALIA) S.R.L.	Autorizzata	Procedura Mutuo riconoscimento o Decentrata	Medicinali soggetti a prescrizione medica
044203065	044203	ROSUVASTATINA AUROBINDO	10 MG COMPRESSE RIVESTITE CON FILM- 60 COMPRESSE IN BLISTER PA/AL/PVC/AL	ROSUVASTATINA SALE DI CALCIO	ROSUVASTATINA SALE DI CALCIO			Compressa rivestita con film	C10AA07	AUROBINDO PHARMA (ITALIA) S.R.L.	Autorizzata	Procedura Mutuo riconoscimento o Decentrata	Medicinali soggetti a prescrizione medica
044203077	044203	ROSUVASTATINA AUROBINDO	20 MG COMPRESSE RIVESTITE CON FILM- 28 COMPRESSE IN BLISTER PA/AL/PVC/AL	ROSUVASTATINA SALE DI CALCIO	ROSUVASTATINA SALE DI CALCIO			Compressa rivestita con film	C10AA07	AUROBINDO PHARMA (ITALIA) S.R.L.	Autorizzata	Procedura Mutuo riconoscimento o Decentrata	Medicinali soggetti a prescrizione medica
044203089	044203	ROSUVASTATINA AUROBINDO	20 MG COMPRESSE RIVESTITE CON FILM- 30 COMPRESSE IN BLISTER PA/AL/PVC/AL	ROSUVASTATINA SALE DI CALCIO	ROSUVASTATINA SALE DI CALCIO			Compressa rivestita con film	C10AA07	AUROBINDO PHARMA (ITALIA) S.R.L.	Autorizzata	Procedura Mutuo riconoscimento o Decentrata	Medicinali soggetti a prescrizione medica
044203091	044203	ROSUVASTATINA AUROBINDO	40 MG COMPRESSE RIVESTITE CON FILM- 28 COMPRESSE IN BLISTER PA/AL/PVC/AL	ROSUVASTATINA SALE DI CALCIO	ROSUVASTATINA SALE DI CALCIO			Compressa rivestita con film	C10AA07	AUROBINDO PHARMA (ITALIA) S.R.L.	Autorizzata	Procedura Mutuo riconoscimento o Decentrata	Medicinali soggetti a prescrizione medica
044432019	044432	COLCARDIOL	5 MG COMPRESSE RIVESTITE CON FILM- 28 COMPRESSE IN BLISTER PA/AL/PVC-AL	ROSUVASTATINA SALE DI CALCIO	ROSUVASTATINA SALE DI CALCIO	5	milligrammi	Compressa rivestita con film	C10AA07	EURO-PHARMA S.R.L.	Autorizzata	Procedura Nazionale	Medicinali soggetti a prescrizione medica
044432021	044432	COLCARDIOL	10 MG COMPRESSE RIVESTITE CON FILM- 28 COMPRESSE IN BLISTER PA/AL/PVC-AL	ROSUVASTATINA SALE DI CALCIO	ROSUVASTATINA SALE DI CALCIO	10	milligrammi	Compressa rivestita con film	C10AA07	EURO-PHARMA S.R.L.	Autorizzata	Procedura Nazionale	Medicinali soggetti a prescrizione medica
044432033	044432	COLCARDIOL	20 MG COMPRESSE RIVESTITE CON FILM- 28 COMPRESSE IN BLISTER PA/AL/PVC-AL	ROSUVASTATINA SALE DI CALCIO	ROSUVASTATINA SALE DI CALCIO	20	milligrammi	Compressa rivestita con film	C10AA07	EURO-PHARMA S.R.L.	Autorizzata	Procedura Nazionale	Medicinali soggetti a prescrizione medica
044432045	044432	COLCARDIOL	40 MG COMPRESSE RIVESTITE CON FILM- 28 COMPRESSE IN BLISTER PA/AL/PVC-AL	ROSUVASTATINA SALE DI CALCIO	ROSUVASTATINA SALE DI CALCIO	40	milligrammi	Compressa rivestita con film	C10AA07	EURO-PHARMA S.R.L.	Autorizzata	Procedura Nazionale	Medicinali soggetti a prescrizione medica
044495012	044495	ROSUVASTATINA ALMUS	5 MG COMPRESSE RIVESTITE CON FILM- 7 COMPRESSE IN BLISTER OPA/AL/PVC/AL	ROSUVASTATINA SALE DI CALCIO	ROSUVASTATINA SALE DI CALCIO			Compressa rivestita con film	C10AA07	ALMUS S.R.L.	Autorizzata	Procedura Mutuo riconoscimento o Decentrata	Medicinali soggetti a prescrizione medica
044495024	044495	ROSUVASTATINA ALMUS	5 MG COMPRESSE RIVESTITE CON FILM- 14 COMPRESSE IN BLISTER OPA/AL/PVC/AL	ROSUVASTATINA SALE DI CALCIO	ROSUVASTATINA SALE DI CALCIO			Compressa rivestita con film	C10AA07	ALMUS S.R.L.	Autorizzata	Procedura Mutuo riconoscimento o Decentrata	Medicinali soggetti a prescrizione medica
044495036	044495	ROSUVASTATINA ALMUS	5 MG COMPRESSE RIVESTITE CON FILM- 15 COMPRESSE IN BLISTER OPA/AL/PVC/AL	ROSUVASTATINA SALE DI CALCIO	ROSUVASTATINA SALE DI CALCIO			Compressa rivestita con film	C10AA07	ALMUS S.R.L.	Autorizzata	Procedura Mutuo riconoscimento o Decentrata	Medicinali soggetti a prescrizione medica
044495048	044495	ROSUVASTATINA ALMUS	5 MG COMPRESSE RIVESTITE CON FILM- 20 COMPRESSE IN BLISTER OPA/AL/PVC/AL	ROSUVASTATINA SALE DI CALCIO	ROSUVASTATINA SALE DI CALCIO			Compressa rivestita con film	C10AA07	ALMUS S.R.L.	Autorizzata	Procedura Mutuo riconoscimento o Decentrata	Medicinali soggetti a prescrizione medica
044495051	044495	ROSUVASTATINA ALMUS	5 MG COMPRESSE RIVESTITE CON FILM- 28 COMPRESSE IN BLISTER OPA/AL/PVC/AL	ROSUVASTATINA SALE DI CALCIO	ROSUVASTATINA SALE DI CALCIO			Compressa rivestita con film	C10AA07	ALMUS S.R.L.	Autorizzata	Procedura Mutuo riconoscimento o Decentrata	Medicinali soggetti a prescrizione medica
044495063	044495	ROSUVASTATINA ALMUS	5 MG COMPRESSE RIVESTITE CON FILM- 30 COMPRESSE IN BLISTER OPA/AL/PVC/AL	ROSUVASTATINA SALE DI CALCIO	ROSUVASTATINA SALE DI CALCIO			Compressa rivestita con film	C10AA07	ALMUS S.R.L.	Autorizzata	Procedura Mutuo riconoscimento o Decentrata	Medicinali soggetti a prescrizione medica
044495075	044495	ROSUVASTATINA ALMUS	5 MG COMPRESSE RIVESTITE CON FILM- 30X1 COMPRESSE IN BLISTER OPA/AL/PVC/AL	ROSUVASTATINA SALE DI CALCIO	ROSUVASTATINA SALE DI CALCIO			Compressa rivestita con film	C10AA07	ALMUS S.R.L.	Autorizzata	Procedura Mutuo riconoscimento o Decentrata	Medicinali soggetti a prescrizione medica
044495087	044495	ROSUVASTATINA ALMUS	5 MG COMPRESSE RIVESTITE CON FILM- 42 COMPRESSE IN BLISTER OPA/AL/PVC/AL	ROSUVASTATINA SALE DI CALCIO	ROSUVASTATINA SALE DI CALCIO			Compressa rivestita con film	C10AA07	ALMUS S.R.L.	Autorizzata	Procedura Mutuo riconoscimento o Decentrata	Medicinali soggetti a prescrizione medica
044495099	044495	ROSUVASTATINA ALMUS	5 MG COMPRESSE RIVESTITE CON FILM- 50 COMPRESSE IN BLISTER OPA/AL/PVC/AL	ROSUVASTATINA SALE DI CALCIO	ROSUVASTATINA SALE DI CALCIO			Compressa rivestita con film	C10AA07	ALMUS S.R.L.	Autorizzata	Procedura Mutuo riconoscimento o Decentrata	Medicinali soggetti a prescrizione medica
044495101	044495	ROSUVASTATINA ALMUS	5 MG COMPRESSE RIVESTITE CON FILM- 50X1 COMPRESSE IN BLISTER OPA/AL/PVC/AL	ROSUVASTATINA SALE DI CALCIO	ROSUVASTATINA SALE DI CALCIO			Compressa rivestita con film	C10AA07	ALMUS S.R.L.	Autorizzata	Procedura Mutuo riconoscimento o Decentrata	Medicinali soggetti a prescrizione medica
044495113	044495	ROSUVASTATINA ALMUS	5 MG COMPRESSE RIVESTITE CON FILM- 56 COMPRESSE IN BLISTER OPA/AL/PVC/AL	ROSUVASTATINA SALE DI CALCIO	ROSUVASTATINA SALE DI CALCIO			Compressa rivestita con film	C10AA07	ALMUS S.R.L.	Autorizzata	Procedura Mutuo riconoscimento o Decentrata	Medicinali soggetti a prescrizione medica
044495125	044495	ROSUVASTATINA ALMUS	5 MG COMPRESSE RIVESTITE CON FILM- 60 COMPRESSE IN BLISTER OPA/AL/PVC/AL	ROSUVASTATINA SALE DI CALCIO	ROSUVASTATINA SALE DI CALCIO			Compressa rivestita con film	C10AA07	ALMUS S.R.L.	Autorizzata	Procedura Mutuo riconoscimento o Decentrata	Medicinali soggetti a prescrizione medica
044495137	044495	ROSUVASTATINA ALMUS	5 MG COMPRESSE RIVESTITE CON FILM- 84 COMPRESSE IN BLISTER OPA/AL/PVC/AL	ROSUVASTATINA SALE DI CALCIO	ROSUVASTATINA SALE DI CALCIO			Compressa rivestita con film	C10AA07	ALMUS S.R.L.	Autorizzata	Procedura Mutuo riconoscimento o Decentrata	Medicinali soggetti a prescrizione medica
044495149	044495	ROSUVASTATINA ALMUS	5 MG COMPRESSE RIVESTITE CON FILM- 90 COMPRESSE IN BLISTER OPA/AL/PVC/AL	ROSUVASTATINA SALE DI CALCIO	ROSUVASTATINA SALE DI CALCIO			Compressa rivestita con film	C10AA07	ALMUS S.R.L.	Autorizzata	Procedura Mutuo riconoscimento o Decentrata	Medicinali soggetti a prescrizione medica
044495152	044495	ROSUVASTATINA ALMUS	5 MG COMPRESSE RIVESTITE CON FILM- 98 COMPRESSE IN BLISTER OPA/AL/PVC/AL	ROSUVASTATINA SALE DI CALCIO	ROSUVASTATINA SALE DI CALCIO			Compressa rivestita con film	C10AA07	ALMUS S.R.L.	Autorizzata	Procedura Mutuo riconoscimento o Decentrata	Medicinali soggetti a prescrizione medica
044495164	044495	ROSUVASTATINA ALMUS	5 MG COMPRESSE RIVESTITE CON FILM- 100 COMPRESSE IN BLISTER OPA/AL/PVC/AL	ROSUVASTATINA SALE DI CALCIO	ROSUVASTATINA SALE DI CALCIO			Compressa rivestita con film	C10AA07	ALMUS S.R.L.	Autorizzata	Procedura Mutuo riconoscimento o Decentrata	Medicinali soggetti a prescrizione medica
044495176	044495	ROSUVASTATINA ALMUS	5 MG COMPRESSE RIVESTITE CON FILM- 100 X 1 COMPRESSE IN BLISTER OPA/AL/PVC/AL	ROSUVASTATINA SALE DI CALCIO	ROSUVASTATINA SALE DI CALCIO			Compressa rivestita con film	C10AA07	ALMUS S.R.L.	Autorizzata	Procedura Mutuo riconoscimento o Decentrata	Medicinali soggetti a prescrizione medica
044495188	044495	ROSUVASTATINA ALMUS	5 MG COMPRESSE RIVESTITE CON FILM- 7 COMPRESSE IN BLISTER PVC/PVDC/AL	ROSUVASTATINA SALE DI CALCIO	ROSUVASTATINA SALE DI CALCIO			Compressa rivestita con film	C10AA07	ALMUS S.R.L.	Autorizzata	Procedura Mutuo riconoscimento o Decentrata	Medicinali soggetti a prescrizione medica
044495190	044495	ROSUVASTATINA ALMUS	5 MG COMPRESSE RIVESTITE CON FILM- 14 COMPRESSE IN BLISTER PVC/PVDC/AL	ROSUVASTATINA SALE DI CALCIO	ROSUVASTATINA SALE DI CALCIO			Compressa rivestita con film	C10AA07	ALMUS S.R.L.	Autorizzata	Procedura Mutuo riconoscimento o Decentrata	Medicinali soggetti a prescrizione medica
044495202	044495	ROSUVASTATINA ALMUS	5 MG COMPRESSE RIVESTITE CON FILM- 15 COMPRESSE IN BLISTER PVC/PVDC/AL	ROSUVASTATINA SALE DI CALCIO	ROSUVASTATINA SALE DI CALCIO			Compressa rivestita con film	C10AA07	ALMUS S.R.L.	Autorizzata	Procedura Mutuo riconoscimento o Decentrata	Medicinali soggetti a prescrizione medica
044495214	044495	ROSUVASTATINA ALMUS	5 MG COMPRESSE RIVESTITE CON FILM- 20 COMPRESSE IN BLISTER PVC/PVDC/AL	ROSUVASTATINA SALE DI CALCIO	ROSUVASTATINA SALE DI CALCIO			Compressa rivestita con film	C10AA07	ALMUS S.R.L.	Autorizzata	Procedura Mutuo riconoscimento o Decentrata	Medicinali soggetti a prescrizione medica
044495226	044495	ROSUVASTATINA ALMUS	5 MG COMPRESSE RIVESTITE CON FILM- 28 COMPRESSE IN BLISTER PVC/PVDC/AL	ROSUVASTATINA SALE DI CALCIO	ROSUVASTATINA SALE DI CALCIO			Compressa rivestita con film	C10AA07	ALMUS S.R.L.	Autorizzata	Procedura Mutuo riconoscimento o Decentrata	Medicinali soggetti a prescrizione medica
044495238	044495	ROSUVASTATINA ALMUS	5 MG COMPRESSE RIVESTITE CON FILM- 30 COMPRESSE IN BLISTER PVC/PVDC/AL	ROSUVASTATINA SALE DI CALCIO	ROSUVASTATINA SALE DI CALCIO			Compressa rivestita con film	C10AA07	ALMUS S.R.L.	Autorizzata	Procedura Mutuo riconoscimento o Decentrata	Medicinali soggetti a prescrizione medica
044495240	044495	ROSUVASTATINA ALMUS	5 MG COMPRESSE RIVESTITE CON FILM- 30X1 COMPRESSE IN BLISTER PVC/PVDC/AL	ROSUVASTATINA SALE DI CALCIO	ROSUVASTATINA SALE DI CALCIO			Compressa rivestita con film	C10AA07	ALMUS S.R.L.	Autorizzata	Procedura Mutuo riconoscimento o Decentrata	Medicinali soggetti a prescrizione medica
044495253	044495	ROSUVASTATINA ALMUS	5 MG COMPRESSE RIVESTITE CON FILM- 42 COMPRESSE IN BLISTER PVC/PVDC/AL	ROSUVASTATINA SALE DI CALCIO	ROSUVASTATINA SALE DI CALCIO			Compressa rivestita con film	C10AA07	ALMUS S.R.L.	Autorizzata	Procedura Mutuo riconoscimento o Decentrata	Medicinali soggetti a prescrizione medica
044495265	044495	ROSUVASTATINA ALMUS	5 MG COMPRESSE RIVESTITE CON FILM- 50 COMPRESSE IN BLISTER PVC/PVDC/AL	ROSUVASTATINA SALE DI CALCIO	ROSUVASTATINA SALE DI CALCIO			Compressa rivestita con film	C10AA07	ALMUS S.R.L.	Autorizzata	Procedura Mutuo riconoscimento o Decentrata	Medicinali soggetti a prescrizione medica
044495277	044495	ROSUVASTATINA ALMUS	5 MG COMPRESSE RIVESTITE CON FILM- 50X1 COMPRESSE IN BLISTER PVC/PVDC/AL	ROSUVASTATINA SALE DI CALCIO	ROSUVASTATINA SALE DI CALCIO			Compressa rivestita con film	C10AA07	ALMUS S.R.L.	Autorizzata	Procedura Mutuo riconoscimento o Decentrata	Medicinali soggetti a prescrizione medica
044495289	044495	ROSUVASTATINA ALMUS	5 MG COMPRESSE RIVESTITE CON FILM- 56 COMPRESSE IN BLISTER PVC/PVDC/AL	ROSUVASTATINA SALE DI CALCIO	ROSUVASTATINA SALE DI CALCIO			Compressa rivestita con film	C10AA07	ALMUS S.R.L.	Autorizzata	Procedura Mutuo riconoscimento o Decentrata	Medicinali soggetti a prescrizione medica
044495291	044495	ROSUVASTATINA ALMUS	5 MG COMPRESSE RIVESTITE CON FILM- 60 COMPRESSE IN BLISTER PVC/PVDC/AL	ROSUVASTATINA SALE DI CALCIO	ROSUVASTATINA SALE DI CALCIO			Compressa rivestita con film	C10AA07	ALMUS S.R.L.	Autorizzata	Procedura Mutuo riconoscimento o Decentrata	Medicinali soggetti a prescrizione medica
044495303	044495	ROSUVASTATINA ALMUS	5 MG COMPRESSE RIVESTITE CON FILM- 84 COMPRESSE IN BLISTER PVC/PVDC/AL	ROSUVASTATINA SALE DI CALCIO	ROSUVASTATINA SALE DI CALCIO			Compressa rivestita con film	C10AA07	ALMUS S.R.L.	Autorizzata	Procedura Mutuo riconoscimento o Decentrata	Medicinali soggetti a prescrizione medica
044495315	044495	ROSUVASTATINA ALMUS	5 MG COMPRESSE RIVESTITE CON FILM- 90 COMPRESSE IN BLISTER PVC/PVDC/AL	ROSUVASTATINA SALE DI CALCIO	ROSUVASTATINA SALE DI CALCIO			Compressa rivestita con film	C10AA07	ALMUS S.R.L.	Autorizzata	Procedura Mutuo riconoscimento o Decentrata	Medicinali soggetti a prescrizione medica
044495327	044495	ROSUVASTATINA ALMUS	5 MG COMPRESSE RIVESTITE CON FILM- 98 COMPRESSE IN BLISTER PVC/PVDC/AL	ROSUVASTATINA SALE DI CALCIO	ROSUVASTATINA SALE DI CALCIO			Compressa rivestita con film	C10AA07	ALMUS S.R.L.	Autorizzata	Procedura Mutuo riconoscimento o Decentrata	Medicinali soggetti a prescrizione medica
044495339	044495	ROSUVASTATINA ALMUS	5 MG COMPRESSE RIVESTITE CON FILM- 100 COMPRESSE IN BLISTER PVC/PVDC/AL	ROSUVASTATINA SALE DI CALCIO	ROSUVASTATINA SALE DI CALCIO			Compressa rivestita con film	C10AA07	ALMUS S.R.L.	Autorizzata	Procedura Mutuo riconoscimento o Decentrata	Medicinali soggetti a prescrizione medica
044495341	044495	ROSUVASTATINA ALMUS	5 MG COMPRESSE RIVESTITE CON FILM- 100X1 COMPRESSE IN BLISTER PVC/PVDC/AL	ROSUVASTATINA SALE DI CALCIO	ROSUVASTATINA SALE DI CALCIO			Compressa rivestita con film	C10AA07	ALMUS S.R.L.	Autorizzata	Procedura Mutuo riconoscimento o Decentrata	Medicinali soggetti a prescrizione medica
044495354	044495	ROSUVASTATINA ALMUS	5 MG COMPRESSE RIVESTITE CON FILM- 30 COMPRESSE IN FLACONE HDPE	ROSUVASTATINA SALE DI CALCIO	ROSUVASTATINA SALE DI CALCIO			Compressa rivestita con film	C10AA07	ALMUS S.R.L.	Autorizzata	Procedura Mutuo riconoscimento o Decentrata	Medicinali soggetti a prescrizione medica
044495366	044495	ROSUVASTATINA ALMUS	5 MG COMPRESSE RIVESTITE CON FILM- 100 COMPRESSE IN FLACONE HDPE	ROSUVASTATINA SALE DI CALCIO	ROSUVASTATINA SALE DI CALCIO			Compressa rivestita con film	C10AA07	ALMUS S.R.L.	Autorizzata	Procedura Mutuo riconoscimento o Decentrata	Medicinali soggetti a prescrizione medica
044495378	044495	ROSUVASTATINA ALMUS	10 MG COMPRESSE RIVESTITE CON FILM- 7 COMPRESSE IN BLISTER OPA-AL-PVC-AL	ROSUVASTATINA SALE DI CALCIO	ROSUVASTATINA SALE DI CALCIO			Compressa rivestita con film	C10AA07	ALMUS S.R.L.	Autorizzata	Procedura Mutuo riconoscimento o Decentrata	Medicinali soggetti a prescrizione medica
044495380	044495	ROSUVASTATINA ALMUS	10 MG COMPRESSE RIVESTITE CON FILM- 14 COMPRESSE IN BLISTER OPA-AL-PVC-AL	ROSUVASTATINA SALE DI CALCIO	ROSUVASTATINA SALE DI CALCIO			Compressa rivestita con film	C10AA07	ALMUS S.R.L.	Autorizzata	Procedura Mutuo riconoscimento o Decentrata	Medicinali soggetti a prescrizione medica
044495392	044495	ROSUVASTATINA ALMUS	10 MG COMPRESSE RIVESTITE CON FILM- 15 COMPRESSE IN BLISTER OPA-AL-PVC-AL	ROSUVASTATINA SALE DI CALCIO	ROSUVASTATINA SALE DI CALCIO			Compressa rivestita con film	C10AA07	ALMUS S.R.L.	Autorizzata	Procedura Mutuo riconoscimento o Decentrata	Medicinali soggetti a prescrizione medica
044495404	044495	ROSUVASTATINA ALMUS	10 MG COMPRESSE RIVESTITE CON FILM- 20 COMPRESSE IN BLISTER OPA-AL-PVC-AL	ROSUVASTATINA SALE DI CALCIO	ROSUVASTATINA SALE DI CALCIO			Compressa rivestita con film	C10AA07	ALMUS S.R.L.	Autorizzata	Procedura Mutuo riconoscimento o Decentrata	Medicinali soggetti a prescrizione medica
044495416	044495	ROSUVASTATINA ALMUS	10 MG COMPRESSE RIVESTITE CON FILM- 28 COMPRESSE IN BLISTER OPA-AL-PVC-AL	ROSUVASTATINA SALE DI CALCIO	ROSUVASTATINA SALE DI CALCIO			Compressa rivestita con film	C10AA07	ALMUS S.R.L.	Autorizzata	Procedura Mutuo riconoscimento o Decentrata	Medicinali soggetti a prescrizione medica
044495428	044495	ROSUVASTATINA ALMUS	10 MG COMPRESSE RIVESTITE CON FILM- 30 COMPRESSE IN BLISTER OPA-AL-PVC-AL	ROSUVASTATINA SALE DI CALCIO	ROSUVASTATINA SALE DI CALCIO			Compressa rivestita con film	C10AA07	ALMUS S.R.L.	Autorizzata	Procedura Mutuo riconoscimento o Decentrata	Medicinali soggetti a prescrizione medica
044495430	044495	ROSUVASTATINA ALMUS	10 MG COMPRESSE RIVESTITE CON FILM- 30X1 COMPRESSE IN BLISTER OPA-AL-PVC-AL	ROSUVASTATINA SALE DI CALCIO	ROSUVASTATINA SALE DI CALCIO			Compressa rivestita con film	C10AA07	ALMUS S.R.L.	Autorizzata	Procedura Mutuo riconoscimento o Decentrata	Medicinali soggetti a prescrizione medica
044495442	044495	ROSUVASTATINA ALMUS	10 MG COMPRESSE RIVESTITE CON FILM- 42 COMPRESSE IN BLISTER OPA-AL-PVC-AL	ROSUVASTATINA SALE DI CALCIO	ROSUVASTATINA SALE DI CALCIO			Compressa rivestita con film	C10AA07	ALMUS S.R.L.	Autorizzata	Procedura Mutuo riconoscimento o Decentrata	Medicinali soggetti a prescrizione medica
044495455	044495	ROSUVASTATINA ALMUS	10 MG COMPRESSE RIVESTITE CON FILM- 50 COMPRESSE IN BLISTER OPA-AL-PVC-AL	ROSUVASTATINA SALE DI CALCIO	ROSUVASTATINA SALE DI CALCIO			Compressa rivestita con film	C10AA07	ALMUS S.R.L.	Autorizzata	Procedura Mutuo riconoscimento o Decentrata	Medicinali soggetti a prescrizione medica
044495467	044495	ROSUVASTATINA ALMUS	10 MG COMPRESSE RIVESTITE CON FILM- 50X1 COMPRESSE IN BLISTER OPA-AL-PVC-AL	ROSUVASTATINA SALE DI CALCIO	ROSUVASTATINA SALE DI CALCIO			Compressa rivestita con film	C10AA07	ALMUS S.R.L.	Autorizzata	Procedura Mutuo riconoscimento o Decentrata	Medicinali soggetti a prescrizione medica
044495479	044495	ROSUVASTATINA ALMUS	10 MG COMPRESSE RIVESTITE CON FILM- 56 COMPRESSE IN BLISTER OPA-AL-PVC-AL	ROSUVASTATINA SALE DI CALCIO	ROSUVASTATINA SALE DI CALCIO			Compressa rivestita con film	C10AA07	ALMUS S.R.L.	Autorizzata	Procedura Mutuo riconoscimento o Decentrata	Medicinali soggetti a prescrizione medica
044495481	044495	ROSUVASTATINA ALMUS	10 MG COMPRESSE RIVESTITE CON FILM- 60 COMPRESSE IN BLISTER OPA-AL-PVC-AL	ROSUVASTATINA SALE DI CALCIO	ROSUVASTATINA SALE DI CALCIO			Compressa rivestita con film	C10AA07	ALMUS S.R.L.	Autorizzata	Procedura Mutuo riconoscimento o Decentrata	Medicinali soggetti a prescrizione medica
044495493	044495	ROSUVASTATINA ALMUS	10 MG COMPRESSE RIVESTITE CON FILM- 84 COMPRESSE IN BLISTER OPA-AL-PVC-AL	ROSUVASTATINA SALE DI CALCIO	ROSUVASTATINA SALE DI CALCIO			Compressa rivestita con film	C10AA07	ALMUS S.R.L.	Autorizzata	Procedura Mutuo riconoscimento o Decentrata	Medicinali soggetti a prescrizione medica
044495505	044495	ROSUVASTATINA ALMUS	10 MG COMPRESSE RIVESTITE CON FILM- 90 COMPRESSE IN BLISTER OPA-AL-PVC-AL	ROSUVASTATINA SALE DI CALCIO	ROSUVASTATINA SALE DI CALCIO			Compressa rivestita con film	C10AA07	ALMUS S.R.L.	Autorizzata	Procedura Mutuo riconoscimento o Decentrata	Medicinali soggetti a prescrizione medica
044495517	044495	ROSUVASTATINA ALMUS	10 MG COMPRESSE RIVESTITE CON FILM- 98 COMPRESSE IN BLISTER OPA-AL-PVC-AL	ROSUVASTATINA SALE DI CALCIO	ROSUVASTATINA SALE DI CALCIO			Compressa rivestita con film	C10AA07	ALMUS S.R.L.	Autorizzata	Procedura Mutuo riconoscimento o Decentrata	Medicinali soggetti a prescrizione medica
044495529	044495	ROSUVASTATINA ALMUS	10 MG COMPRESSE RIVESTITE CON FILM- 100 COMPRESSE IN BLISTER OPA-AL-PVC-AL	ROSUVASTATINA SALE DI CALCIO	ROSUVASTATINA SALE DI CALCIO			Compressa rivestita con film	C10AA07	ALMUS S.R.L.	Autorizzata	Procedura Mutuo riconoscimento o Decentrata	Medicinali soggetti a prescrizione medica
044495531	044495	ROSUVASTATINA ALMUS	10 MG COMPRESSE RIVESTITE CON FILM- 100 X 1 COMPRESSE IN BLISTER OPA-AL-PVC-AL	ROSUVASTATINA SALE DI CALCIO	ROSUVASTATINA SALE DI CALCIO			Compressa rivestita con film	C10AA07	ALMUS S.R.L.	Autorizzata	Procedura Mutuo riconoscimento o Decentrata	Medicinali soggetti a prescrizione medica
044495543	044495	ROSUVASTATINA ALMUS	10 MG COMPRESSE RIVESTITE CON FILM- 7 COMPRESSE IN BLISTER PVC/PVDC/AL	ROSUVASTATINA SALE DI CALCIO	ROSUVASTATINA SALE DI CALCIO			Compressa rivestita con film	C10AA07	ALMUS S.R.L.	Autorizzata	Procedura Mutuo riconoscimento o Decentrata	Medicinali soggetti a prescrizione medica
044495556	044495	ROSUVASTATINA ALMUS	10 MG COMPRESSE RIVESTITE CON FILM- 14 COMPRESSE IN BLISTER PVC/PVDC/AL	ROSUVASTATINA SALE DI CALCIO	ROSUVASTATINA SALE DI CALCIO			Compressa rivestita con film	C10AA07	ALMUS S.R.L.	Autorizzata	Procedura Mutuo riconoscimento o Decentrata	Medicinali soggetti a prescrizione medica
044495568	044495	ROSUVASTATINA ALMUS	10 MG COMPRESSE RIVESTITE CON FILM- 15 COMPRESSE IN BLISTER PVC/PVDC/AL	ROSUVASTATINA SALE DI CALCIO	ROSUVASTATINA SALE DI CALCIO			Compressa rivestita con film	C10AA07	ALMUS S.R.L.	Autorizzata	Procedura Mutuo riconoscimento o Decentrata	Medicinali soggetti a prescrizione medica
044495570	044495	ROSUVASTATINA ALMUS	10 MG COMPRESSE RIVESTITE CON FILM- 20 COMPRESSE IN BLISTER PVC/PVDC/AL	ROSUVASTATINA SALE DI CALCIO	ROSUVASTATINA SALE DI CALCIO			Compressa rivestita con film	C10AA07	ALMUS S.R.L.	Autorizzata	Procedura Mutuo riconoscimento o Decentrata	Medicinali soggetti a prescrizione medica
044495582	044495	ROSUVASTATINA ALMUS	10 MG COMPRESSE RIVESTITE CON FILM- 28 COMPRESSE IN BLISTER PVC/PVDC/AL	ROSUVASTATINA SALE DI CALCIO	ROSUVASTATINA SALE DI CALCIO			Compressa rivestita con film	C10AA07	ALMUS S.R.L.	Autorizzata	Procedura Mutuo riconoscimento o Decentrata	Medicinali soggetti a prescrizione medica
044495594	044495	ROSUVASTATINA ALMUS	10 MG COMPRESSE RIVESTITE CON FILM- 30 COMPRESSE IN BLISTER PVC/PVDC/AL	ROSUVASTATINA SALE DI CALCIO	ROSUVASTATINA SALE DI CALCIO			Compressa rivestita con film	C10AA07	ALMUS S.R.L.	Autorizzata	Procedura Mutuo riconoscimento o Decentrata	Medicinali soggetti a prescrizione medica
044495606	044495	ROSUVASTATINA ALMUS	10 MG COMPRESSE RIVESTITE CON FILM- 30X1 COMPRESSE IN BLISTER PVC/PVDC/AL	ROSUVASTATINA SALE DI CALCIO	ROSUVASTATINA SALE DI CALCIO			Compressa rivestita con film	C10AA07	ALMUS S.R.L.	Autorizzata	Procedura Mutuo riconoscimento o Decentrata	Medicinali soggetti a prescrizione medica
044495618	044495	ROSUVASTATINA ALMUS	10 MG COMPRESSE RIVESTITE CON FILM- 42 COMPRESSE IN BLISTER PVC/PVDC/AL	ROSUVASTATINA SALE DI CALCIO	ROSUVASTATINA SALE DI CALCIO			Compressa rivestita con film	C10AA07	ALMUS S.R.L.	Autorizzata	Procedura Mutuo riconoscimento o Decentrata	Medicinali soggetti a prescrizione medica
044495620	044495	ROSUVASTATINA ALMUS	10 MG COMPRESSE RIVESTITE CON FILM- 50 COMPRESSE IN BLISTER PVC/PVDC/AL	ROSUVASTATINA SALE DI CALCIO	ROSUVASTATINA SALE DI CALCIO			Compressa rivestita con film	C10AA07	ALMUS S.R.L.	Autorizzata	Procedura Mutuo riconoscimento o Decentrata	Medicinali soggetti a prescrizione medica
044495632	044495	ROSUVASTATINA ALMUS	10 MG COMPRESSE RIVESTITE CON FILM- 50X1 COMPRESSE IN BLISTER PVC/PVDC/AL	ROSUVASTATINA SALE DI CALCIO	ROSUVASTATINA SALE DI CALCIO			Compressa rivestita con film	C10AA07	ALMUS S.R.L.	Autorizzata	Procedura Mutuo riconoscimento o Decentrata	Medicinali soggetti a prescrizione medica
044495644	044495	ROSUVASTATINA ALMUS	10 MG COMPRESSE RIVESTITE CON FILM- 56 COMPRESSE IN BLISTER PVC/PVDC/AL	ROSUVASTATINA SALE DI CALCIO	ROSUVASTATINA SALE DI CALCIO			Compressa rivestita con film	C10AA07	ALMUS S.R.L.	Autorizzata	Procedura Mutuo riconoscimento o Decentrata	Medicinali soggetti a prescrizione medica
044495657	044495	ROSUVASTATINA ALMUS	10 MG COMPRESSE RIVESTITE CON FILM- 60 COMPRESSE IN BLISTER PVC/PVDC/AL	ROSUVASTATINA SALE DI CALCIO	ROSUVASTATINA SALE DI CALCIO			Compressa rivestita con film	C10AA07	ALMUS S.R.L.	Autorizzata	Procedura Mutuo riconoscimento o Decentrata	Medicinali soggetti a prescrizione medica
044495669	044495	ROSUVASTATINA ALMUS	10 MG COMPRESSE RIVESTITE CON FILM- 84 COMPRESSE IN BLISTER PVC/PVDC/AL	ROSUVASTATINA SALE DI CALCIO	ROSUVASTATINA SALE DI CALCIO			Compressa rivestita con film	C10AA07	ALMUS S.R.L.	Autorizzata	Procedura Mutuo riconoscimento o Decentrata	Medicinali soggetti a prescrizione medica
044495671	044495	ROSUVASTATINA ALMUS	10 MG COMPRESSE RIVESTITE CON FILM- 90 COMPRESSE IN BLISTER PVC/PVDC/AL	ROSUVASTATINA SALE DI CALCIO	ROSUVASTATINA SALE DI CALCIO			Compressa rivestita con film	C10AA07	ALMUS S.R.L.	Autorizzata	Procedura Mutuo riconoscimento o Decentrata	Medicinali soggetti a prescrizione medica
044495683	044495	ROSUVASTATINA ALMUS	10 MG COMPRESSE RIVESTITE CON FILM- 98 COMPRESSE IN BLISTER PVC/PVDC/AL	ROSUVASTATINA SALE DI CALCIO	ROSUVASTATINA SALE DI CALCIO			Compressa rivestita con film	C10AA07	ALMUS S.R.L.	Autorizzata	Procedura Mutuo riconoscimento o Decentrata	Medicinali soggetti a prescrizione medica
044495695	044495	ROSUVASTATINA ALMUS	10 MG COMPRESSE RIVESTITE CON FILM- 100 COMPRESSE IN BLISTER PVC/PVDC/AL	ROSUVASTATINA SALE DI CALCIO	ROSUVASTATINA SALE DI CALCIO			Compressa rivestita con film	C10AA07	ALMUS S.R.L.	Autorizzata	Procedura Mutuo riconoscimento o Decentrata	Medicinali soggetti a prescrizione medica
044495707	044495	ROSUVASTATINA ALMUS	10 MG COMPRESSE RIVESTITE CON FILM- 100X1 COMPRESSE IN BLISTER PVC/PVDC/AL	ROSUVASTATINA SALE DI CALCIO	ROSUVASTATINA SALE DI CALCIO			Compressa rivestita con film	C10AA07	ALMUS S.R.L.	Autorizzata	Procedura Mutuo riconoscimento o Decentrata	Medicinali soggetti a prescrizione medica
044495719	044495	ROSUVASTATINA ALMUS	10 MG COMPRESSE RIVESTITE CON FILM- 30 COMPRESSE IN FLACONE HDPE	ROSUVASTATINA SALE DI CALCIO	ROSUVASTATINA SALE DI CALCIO			Compressa rivestita con film	C10AA07	ALMUS S.R.L.	Autorizzata	Procedura Mutuo riconoscimento o Decentrata	Medicinali soggetti a prescrizione medica
044495721	044495	ROSUVASTATINA ALMUS	10 MG COMPRESSE RIVESTITE CON FILM- 100 COMPRESSE IN FLACONE HDPE	ROSUVASTATINA SALE DI CALCIO	ROSUVASTATINA SALE DI CALCIO			Compressa rivestita con film	C10AA07	ALMUS S.R.L.	Autorizzata	Procedura Mutuo riconoscimento o Decentrata	Medicinali soggetti a prescrizione medica
044495733	044495	ROSUVASTATINA ALMUS	20 MG COMPRESSE RIVESTITE CON FILM- 7 COMPRESSE IN BLISTER OPA-AL-PVC-AL	ROSUVASTATINA SALE DI CALCIO	ROSUVASTATINA SALE DI CALCIO			Compressa rivestita con film	C10AA07	ALMUS S.R.L.	Autorizzata	Procedura Mutuo riconoscimento o Decentrata	Medicinali soggetti a prescrizione medica
044495745	044495	ROSUVASTATINA ALMUS	20 MG COMPRESSE RIVESTITE CON FILM- 14 COMPRESSE IN BLISTER OPA-AL-PVC-AL	ROSUVASTATINA SALE DI CALCIO	ROSUVASTATINA SALE DI CALCIO			Compressa rivestita con film	C10AA07	ALMUS S.R.L.	Autorizzata	Procedura Mutuo riconoscimento o Decentrata	Medicinali soggetti a prescrizione medica
044495758	044495	ROSUVASTATINA ALMUS	20 MG COMPRESSE RIVESTITE CON FILM- 15 COMPRESSE IN BLISTER OPA-AL-PVC-AL	ROSUVASTATINA SALE DI CALCIO	ROSUVASTATINA SALE DI CALCIO			Compressa rivestita con film	C10AA07	ALMUS S.R.L.	Autorizzata	Procedura Mutuo riconoscimento o Decentrata	Medicinali soggetti a prescrizione medica
044495760	044495	ROSUVASTATINA ALMUS	20 MG COMPRESSE RIVESTITE CON FILM- 20 COMPRESSE IN BLISTER OPA-AL-PVC-AL	ROSUVASTATINA SALE DI CALCIO	ROSUVASTATINA SALE DI CALCIO			Compressa rivestita con film	C10AA07	ALMUS S.R.L.	Autorizzata	Procedura Mutuo riconoscimento o Decentrata	Medicinali soggetti a prescrizione medica
044495772	044495	ROSUVASTATINA ALMUS	20 MG COMPRESSE RIVESTITE CON FILM- 28 COMPRESSE IN BLISTER OPA-AL-PVC-AL	ROSUVASTATINA SALE DI CALCIO	ROSUVASTATINA SALE DI CALCIO			Compressa rivestita con film	C10AA07	ALMUS S.R.L.	Autorizzata	Procedura Mutuo riconoscimento o Decentrata	Medicinali soggetti a prescrizione medica
044495784	044495	ROSUVASTATINA ALMUS	20 MG COMPRESSE RIVESTITE CON FILM- 30 COMPRESSE IN BLISTER OPA-AL-PVC-AL	ROSUVASTATINA SALE DI CALCIO	ROSUVASTATINA SALE DI CALCIO			Compressa rivestita con film	C10AA07	ALMUS S.R.L.	Autorizzata	Procedura Mutuo riconoscimento o Decentrata	Medicinali soggetti a prescrizione medica
044495796	044495	ROSUVASTATINA ALMUS	20 MG COMPRESSE RIVESTITE CON FILM- 30X1 COMPRESSE IN BLISTER OPA-AL-PVC-AL	ROSUVASTATINA SALE DI CALCIO	ROSUVASTATINA SALE DI CALCIO			Compressa rivestita con film	C10AA07	ALMUS S.R.L.	Autorizzata	Procedura Mutuo riconoscimento o Decentrata	Medicinali soggetti a prescrizione medica
044495808	044495	ROSUVASTATINA ALMUS	20 MG COMPRESSE RIVESTITE CON FILM- 42 COMPRESSE IN BLISTER OPA-AL-PVC-AL	ROSUVASTATINA SALE DI CALCIO	ROSUVASTATINA SALE DI CALCIO			Compressa rivestita con film	C10AA07	ALMUS S.R.L.	Autorizzata	Procedura Mutuo riconoscimento o Decentrata	Medicinali soggetti a prescrizione medica
044495810	044495	ROSUVASTATINA ALMUS	20 MG COMPRESSE RIVESTITE CON FILM- 50 COMPRESSE IN BLISTER OPA-AL-PVC-AL	ROSUVASTATINA SALE DI CALCIO	ROSUVASTATINA SALE DI CALCIO			Compressa rivestita con film	C10AA07	ALMUS S.R.L.	Autorizzata	Procedura Mutuo riconoscimento o Decentrata	Medicinali soggetti a prescrizione medica
044495822	044495	ROSUVASTATINA ALMUS	20 MG COMPRESSE RIVESTITE CON FILM- 50X1 COMPRESSE IN BLISTER OPA-AL-PVC-AL	ROSUVASTATINA SALE DI CALCIO	ROSUVASTATINA SALE DI CALCIO			Compressa rivestita con film	C10AA07	ALMUS S.R.L.	Autorizzata	Procedura Mutuo riconoscimento o Decentrata	Medicinali soggetti a prescrizione medica
044495834	044495	ROSUVASTATINA ALMUS	20 MG COMPRESSE RIVESTITE CON FILM- 56 COMPRESSE IN BLISTER OPA-AL-PVC-AL	ROSUVASTATINA SALE DI CALCIO	ROSUVASTATINA SALE DI CALCIO			Compressa rivestita con film	C10AA07	ALMUS S.R.L.	Autorizzata	Procedura Mutuo riconoscimento o Decentrata	Medicinali soggetti a prescrizione medica
044495846	044495	ROSUVASTATINA ALMUS	20 MG COMPRESSE RIVESTITE CON FILM- 60 COMPRESSE IN BLISTER OPA-AL-PVC-AL	ROSUVASTATINA SALE DI CALCIO	ROSUVASTATINA SALE DI CALCIO			Compressa rivestita con film	C10AA07	ALMUS S.R.L.	Autorizzata	Procedura Mutuo riconoscimento o Decentrata	Medicinali soggetti a prescrizione medica
044495859	044495	ROSUVASTATINA ALMUS	20 MG COMPRESSE RIVESTITE CON FILM- 84 COMPRESSE IN BLISTER OPA-AL-PVC-AL	ROSUVASTATINA SALE DI CALCIO	ROSUVASTATINA SALE DI CALCIO			Compressa rivestita con film	C10AA07	ALMUS S.R.L.	Autorizzata	Procedura Mutuo riconoscimento o Decentrata	Medicinali soggetti a prescrizione medica
044495861	044495	ROSUVASTATINA ALMUS	20 MG COMPRESSE RIVESTITE CON FILM- 90 COMPRESSE IN BLISTER OPA-AL-PVC-AL	ROSUVASTATINA SALE DI CALCIO	ROSUVASTATINA SALE DI CALCIO			Compressa rivestita con film	C10AA07	ALMUS S.R.L.	Autorizzata	Procedura Mutuo riconoscimento o Decentrata	Medicinali soggetti a prescrizione medica
044495873	044495	ROSUVASTATINA ALMUS	20 MG COMPRESSE RIVESTITE CON FILM- 98 COMPRESSE IN BLISTER OPA-AL-PVC-AL	ROSUVASTATINA SALE DI CALCIO	ROSUVASTATINA SALE DI CALCIO			Compressa rivestita con film	C10AA07	ALMUS S.R.L.	Autorizzata	Procedura Mutuo riconoscimento o Decentrata	Medicinali soggetti a prescrizione medica
044495885	044495	ROSUVASTATINA ALMUS	20 MG COMPRESSE RIVESTITE CON FILM- 100 COMPRESSE IN BLISTER OPA-AL-PVC-AL	ROSUVASTATINA SALE DI CALCIO	ROSUVASTATINA SALE DI CALCIO			Compressa rivestita con film	C10AA07	ALMUS S.R.L.	Autorizzata	Procedura Mutuo riconoscimento o Decentrata	Medicinali soggetti a prescrizione medica
044495897	044495	ROSUVASTATINA ALMUS	20 MG COMPRESSE RIVESTITE CON FILM- 100X1 COMPRESSE IN BLISTER OPA-AL-PVC-AL	ROSUVASTATINA SALE DI CALCIO	ROSUVASTATINA SALE DI CALCIO			Compressa rivestita con film	C10AA07	ALMUS S.R.L.	Autorizzata	Procedura Mutuo riconoscimento o Decentrata	Medicinali soggetti a prescrizione medica
044495909	044495	ROSUVASTATINA ALMUS	20 MG COMPRESSE RIVESTITE CON FILM- 7 COMPRESSE IN BLISTER PVC/PVDC/AL	ROSUVASTATINA SALE DI CALCIO	ROSUVASTATINA SALE DI CALCIO			Compressa rivestita con film	C10AA07	ALMUS S.R.L.	Autorizzata	Procedura Mutuo riconoscimento o Decentrata	Medicinali soggetti a prescrizione medica
044495911	044495	ROSUVASTATINA ALMUS	20 MG COMPRESSE RIVESTITE CON FILM- 14 COMPRESSE IN BLISTER PVC/PVDC/AL	ROSUVASTATINA SALE DI CALCIO	ROSUVASTATINA SALE DI CALCIO			Compressa rivestita con film	C10AA07	ALMUS S.R.L.	Autorizzata	Procedura Mutuo riconoscimento o Decentrata	Medicinali soggetti a prescrizione medica
044495923	044495	ROSUVASTATINA ALMUS	20 MG COMPRESSE RIVESTITE CON FILM- 15 COMPRESSE IN BLISTER PVC/PVDC/AL	ROSUVASTATINA SALE DI CALCIO	ROSUVASTATINA SALE DI CALCIO			Compressa rivestita con film	C10AA07	ALMUS S.R.L.	Autorizzata	Procedura Mutuo riconoscimento o Decentrata	Medicinali soggetti a prescrizione medica
044495935	044495	ROSUVASTATINA ALMUS	20 MG COMPRESSE RIVESTITE CON FILM- 20 COMPRESSE IN BLISTER PVC/PVDC/AL	ROSUVASTATINA SALE DI CALCIO	ROSUVASTATINA SALE DI CALCIO			Compressa rivestita con film	C10AA07	ALMUS S.R.L.	Autorizzata	Procedura Mutuo riconoscimento o Decentrata	Medicinali soggetti a prescrizione medica
044495947	044495	ROSUVASTATINA ALMUS	20 MG COMPRESSE RIVESTITE CON FILM- 28 COMPRESSE IN BLISTER PVC/PVDC/AL	ROSUVASTATINA SALE DI CALCIO	ROSUVASTATINA SALE DI CALCIO			Compressa rivestita con film	C10AA07	ALMUS S.R.L.	Autorizzata	Procedura Mutuo riconoscimento o Decentrata	Medicinali soggetti a prescrizione medica
044495950	044495	ROSUVASTATINA ALMUS	20 MG COMPRESSE RIVESTITE CON FILM- 30 COMPRESSE IN BLISTER PVC/PVDC/AL	ROSUVASTATINA SALE DI CALCIO	ROSUVASTATINA SALE DI CALCIO			Compressa rivestita con film	C10AA07	ALMUS S.R.L.	Autorizzata	Procedura Mutuo riconoscimento o Decentrata	Medicinali soggetti a prescrizione medica
044495962	044495	ROSUVASTATINA ALMUS	20 MG COMPRESSE RIVESTITE CON FILM- 30X1 COMPRESSE IN BLISTER PVC/PVDC/AL	ROSUVASTATINA SALE DI CALCIO	ROSUVASTATINA SALE DI CALCIO			Compressa rivestita con film	C10AA07	ALMUS S.R.L.	Autorizzata	Procedura Mutuo riconoscimento o Decentrata	Medicinali soggetti a prescrizione medica
044495974	044495	ROSUVASTATINA ALMUS	20 MG COMPRESSE RIVESTITE CON FILM- 42 COMPRESSE IN BLISTER PVC/PVDC/AL	ROSUVASTATINA SALE DI CALCIO	ROSUVASTATINA SALE DI CALCIO			Compressa rivestita con film	C10AA07	ALMUS S.R.L.	Autorizzata	Procedura Mutuo riconoscimento o Decentrata	Medicinali soggetti a prescrizione medica
044495986	044495	ROSUVASTATINA ALMUS	20 MG COMPRESSE RIVESTITE CON FILM- 50 COMPRESSE IN BLISTER PVC/PVDC/AL	ROSUVASTATINA SALE DI CALCIO	ROSUVASTATINA SALE DI CALCIO			Compressa rivestita con film	C10AA07	ALMUS S.R.L.	Autorizzata	Procedura Mutuo riconoscimento o Decentrata	Medicinali soggetti a prescrizione medica
044495998	044495	ROSUVASTATINA ALMUS	20 MG COMPRESSE RIVESTITE CON FILM- 50X1 COMPRESSE IN BLISTER PVC/PVDC/AL	ROSUVASTATINA SALE DI CALCIO	ROSUVASTATINA SALE DI CALCIO			Compressa rivestita con film	C10AA07	ALMUS S.R.L.	Autorizzata	Procedura Mutuo riconoscimento o Decentrata	Medicinali soggetti a prescrizione medica
044496014	044496	ROSUVASTATINA ALMUS	20 MG COMPRESSE RIVESTITE CON FILM- 56 COMPRESSE IN BLISTER PVC/PVDC/AL	ROSUVASTATINA SALE DI CALCIO	ROSUVASTATINA SALE DI CALCIO			Compressa rivestita con film	C10AA07	ALMUS S.R.L.	Autorizzata	Procedura Mutuo riconoscimento o Decentrata	Medicinali soggetti a prescrizione medica
044496026	044496	ROSUVASTATINA ALMUS	40 MG COMPRESSE RIVESTITE CON FILM- 56 COMPRESSE IN BLISTER PVC/PVDC/AL	ROSUVASTATINA SALE DI CALCIO	ROSUVASTATINA SALE DI CALCIO			Compressa rivestita con film	C10AA07	ALMUS S.R.L.	Autorizzata	Procedura Mutuo riconoscimento o Decentrata	Medicinali soggetti a prescrizione medica
044496038	044496	ROSUVASTATINA ALMUS	20 MG COMPRESSE RIVESTITE CON FILM- 60 COMPRESSE IN BLISTER PVC/PVDC/AL	ROSUVASTATINA SALE DI CALCIO	ROSUVASTATINA SALE DI CALCIO			Compressa rivestita con film	C10AA07	ALMUS S.R.L.	Autorizzata	Procedura Mutuo riconoscimento o Decentrata	Medicinali soggetti a prescrizione medica
044496040	044496	ROSUVASTATINA ALMUS	20 MG COMPRESSE RIVESTITE CON FILM- 84 COMPRESSE IN BLISTER PVC/PVDC/AL	ROSUVASTATINA SALE DI CALCIO	ROSUVASTATINA SALE DI CALCIO			Compressa rivestita con film	C10AA07	ALMUS S.R.L.	Autorizzata	Procedura Mutuo riconoscimento o Decentrata	Medicinali soggetti a prescrizione medica
044496053	044496	ROSUVASTATINA ALMUS	20 MG COMPRESSE RIVESTITE CON FILM- 90 COMPRESSE IN BLISTER PVC/PVDC/AL	ROSUVASTATINA SALE DI CALCIO	ROSUVASTATINA SALE DI CALCIO			Compressa rivestita con film	C10AA07	ALMUS S.R.L.	Autorizzata	Procedura Mutuo riconoscimento o Decentrata	Medicinali soggetti a prescrizione medica
044496065	044496	ROSUVASTATINA ALMUS	20 MG COMPRESSE RIVESTITE CON FILM- 98 COMPRESSE IN BLISTER PVC/PVDC/AL	ROSUVASTATINA SALE DI CALCIO	ROSUVASTATINA SALE DI CALCIO			Compressa rivestita con film	C10AA07	ALMUS S.R.L.	Autorizzata	Procedura Mutuo riconoscimento o Decentrata	Medicinali soggetti a prescrizione medica
044496077	044496	ROSUVASTATINA ALMUS	20 MG COMPRESSE RIVESTITE CON FILM- 100 COMPRESSE IN BLISTER PVC/PVDC/AL	ROSUVASTATINA SALE DI CALCIO	ROSUVASTATINA SALE DI CALCIO			Compressa rivestita con film	C10AA07	ALMUS S.R.L.	Autorizzata	Procedura Mutuo riconoscimento o Decentrata	Medicinali soggetti a prescrizione medica
044496089	044496	ROSUVASTATINA ALMUS	20 MG COMPRESSE RIVESTITE CON FILM- 100X1 COMPRESSE IN BLISTER PVC/PVDC/AL	ROSUVASTATINA SALE DI CALCIO	ROSUVASTATINA SALE DI CALCIO			Compressa rivestita con film	C10AA07	ALMUS S.R.L.	Autorizzata	Procedura Mutuo riconoscimento o Decentrata	Medicinali soggetti a prescrizione medica
044496091	044496	ROSUVASTATINA ALMUS	20 MG COMPRESSE RIVESTITE CON FILM- 30 COMPRESSE FLACONE HDPE	ROSUVASTATINA SALE DI CALCIO	ROSUVASTATINA SALE DI CALCIO			Compressa rivestita con film	C10AA07	ALMUS S.R.L.	Autorizzata	Procedura Mutuo riconoscimento o Decentrata	Medicinali soggetti a prescrizione medica
044496103	044496	ROSUVASTATINA ALMUS	20 MG COMPRESSE RIVESTITE CON FILM- 100 COMPRESSE FLACONE HDPE	ROSUVASTATINA SALE DI CALCIO	ROSUVASTATINA SALE DI CALCIO			Compressa rivestita con film	C10AA07	ALMUS S.R.L.	Autorizzata	Procedura Mutuo riconoscimento o Decentrata	Medicinali soggetti a prescrizione medica
044496154	044496	ROSUVASTATINA ALMUS	40 MG COMPRESSE RIVESTITE CON FILM- 28 COMPRESSE IN BLISTER OPA/AL/PVC/AL	ROSUVASTATINA SALE DI CALCIO	ROSUVASTATINA SALE DI CALCIO			Compressa rivestita con film	C10AA07	ALMUS S.R.L.	Autorizzata	Procedura Mutuo riconoscimento o Decentrata	Medicinali soggetti a prescrizione medica
044631012	044631	EXORTA	5 MG COMPRESSE RIVESTITE CON FILM- 7 COMPRESSE IN CONTENITORE HDPE	ROSUVASTATINA SALE DI CALCIO	ROSUVASTATINA SALE DI CALCIO	5	milligrammi	Compressa rivestita con film	C10AA07	A. MENARINI INDUSTRIE FARMACEUTICHE RIUNITE S.R.L.	Autorizzata	Procedura Mutuo riconoscimento o Decentrata	Medicinali soggetti a prescrizione medica
044631024	044631	EXORTA	5 MG COMPRESSE RIVESTITE CON FILM- 28 COMPRESSE IN CONTENITORE HDPE	ROSUVASTATINA SALE DI CALCIO	ROSUVASTATINA SALE DI CALCIO	5	milligrammi	Compressa rivestita con film	C10AA07	A. MENARINI INDUSTRIE FARMACEUTICHE RIUNITE S.R.L.	Autorizzata	Procedura Mutuo riconoscimento o Decentrata	Medicinali soggetti a prescrizione medica
044631036	044631	EXORTA	5 MG COMPRESSE RIVESTITE CON FILM- 30 COMPRESSE IN CONTENITORE HDPE	ROSUVASTATINA SALE DI CALCIO	ROSUVASTATINA SALE DI CALCIO	5	milligrammi	Compressa rivestita con film	C10AA07	A. MENARINI INDUSTRIE FARMACEUTICHE RIUNITE S.R.L.	Autorizzata	Procedura Mutuo riconoscimento o Decentrata	Medicinali soggetti a prescrizione medica
044631048	044631	EXORTA	5 MG COMPRESSE RIVESTITE CON FILM- 90 COMPRESSE IN CONTENITORE HDPE	ROSUVASTATINA SALE DI CALCIO	ROSUVASTATINA SALE DI CALCIO	5	milligrammi	Compressa rivestita con film	C10AA07	A. MENARINI INDUSTRIE FARMACEUTICHE RIUNITE S.R.L.	Autorizzata	Procedura Mutuo riconoscimento o Decentrata	Medicinali soggetti a prescrizione medica
044631051	044631	EXORTA	5 MG COMPRESSE RIVESTITE CON FILM- 100 COMPRESSE IN CONTENITORE HDPE	ROSUVASTATINA SALE DI CALCIO	ROSUVASTATINA SALE DI CALCIO	5	milligrammi	Compressa rivestita con film	C10AA07	A. MENARINI INDUSTRIE FARMACEUTICHE RIUNITE S.R.L.	Autorizzata	Procedura Mutuo riconoscimento o Decentrata	Medicinali soggetti a prescrizione medica
044631063	044631	EXORTA	10 MG COMPRESSE RIVESTITE CON FILM- 7 COMPRESSE IN CONTENITORE HDPE	ROSUVASTATINA SALE DI CALCIO	ROSUVASTATINA SALE DI CALCIO	10	milligrammi	Compressa rivestita con film	C10AA07	A. MENARINI INDUSTRIE FARMACEUTICHE RIUNITE S.R.L.	Autorizzata	Procedura Mutuo riconoscimento o Decentrata	Medicinali soggetti a prescrizione medica
044631075	044631	EXORTA	10 MG COMPRESSE RIVESTITE CON FILM- 28 COMPRESSE IN CONTENITORE HDPE	ROSUVASTATINA SALE DI CALCIO	ROSUVASTATINA SALE DI CALCIO	10	milligrammi	Compressa rivestita con film	C10AA07	A. MENARINI INDUSTRIE FARMACEUTICHE RIUNITE S.R.L.	Autorizzata	Procedura Mutuo riconoscimento o Decentrata	Medicinali soggetti a prescrizione medica
044631087	044631	EXORTA	10 MG COMPRESSE RIVESTITE CON FILM- 30 COMPRESSE IN CONTENITORE HDPE	ROSUVASTATINA SALE DI CALCIO	ROSUVASTATINA SALE DI CALCIO	5	milligrammi	Compressa rivestita con film	C10AA07	A. MENARINI INDUSTRIE FARMACEUTICHE RIUNITE S.R.L.	Autorizzata	Procedura Mutuo riconoscimento o Decentrata	Medicinali soggetti a prescrizione medica
044631099	044631	EXORTA	10 MG COMPRESSE RIVESTITE CON FILM- 90 COMPRESSE IN CONTENITORE HDPE	ROSUVASTATINA SALE DI CALCIO	ROSUVASTATINA SALE DI CALCIO	10	milligrammi	Compressa rivestita con film	C10AA07	A. MENARINI INDUSTRIE FARMACEUTICHE RIUNITE S.R.L.	Autorizzata	Procedura Mutuo riconoscimento o Decentrata	Medicinali soggetti a prescrizione medica
044631101	044631	EXORTA	10 MG COMPRESSE RIVESTITE CON FILM- 100 COMPRESSE IN CONTENITORE HDPE	ROSUVASTATINA SALE DI CALCIO	ROSUVASTATINA SALE DI CALCIO	10	milligrammi	Compressa rivestita con film	C10AA07	A. MENARINI INDUSTRIE FARMACEUTICHE RIUNITE S.R.L.	Autorizzata	Procedura Mutuo riconoscimento o Decentrata	Medicinali soggetti a prescrizione medica
044631113	044631	EXORTA	20 MG COMPRESSE RIVESTITE CON FILM- 7 COMPRESSE IN CONTENITORE HDPE	ROSUVASTATINA SALE DI CALCIO	ROSUVASTATINA SALE DI CALCIO	20	milligrammi	Compressa rivestita con film	C10AA07	A. MENARINI INDUSTRIE FARMACEUTICHE RIUNITE S.R.L.	Autorizzata	Procedura Mutuo riconoscimento o Decentrata	Medicinali soggetti a prescrizione medica
044631125	044631	EXORTA	20 MG COMPRESSE RIVESTITE CON FILM- 28 COMPRESSE IN CONTENITORE HDPE	ROSUVASTATINA SALE DI CALCIO	ROSUVASTATINA SALE DI CALCIO	20	milligrammi	Compressa rivestita con film	C10AA07	A. MENARINI INDUSTRIE FARMACEUTICHE RIUNITE S.R.L.	Autorizzata	Procedura Mutuo riconoscimento o Decentrata	Medicinali soggetti a prescrizione medica
044631137	044631	EXORTA	20 MG COMPRESSE RIVESTITE CON FILM- 30 COMPRESSE IN CONTENITORE HDPE	ROSUVASTATINA SALE DI CALCIO	ROSUVASTATINA SALE DI CALCIO	20	milligrammi	Compressa rivestita con film	C10AA07	A. MENARINI INDUSTRIE FARMACEUTICHE RIUNITE S.R.L.	Autorizzata	Procedura Mutuo riconoscimento o Decentrata	Medicinali soggetti a prescrizione medica
044631149	044631	EXORTA	20 MG COMPRESSE RIVESTITE CON FILM- 90 COMPRESSE IN CONTENITORE HDPE	ROSUVASTATINA SALE DI CALCIO	ROSUVASTATINA SALE DI CALCIO	20	milligrammi	Compressa rivestita con film	C10AA07	A. MENARINI INDUSTRIE FARMACEUTICHE RIUNITE S.R.L.	Autorizzata	Procedura Mutuo riconoscimento o Decentrata	Medicinali soggetti a prescrizione medica
044631152	044631	EXORTA	20 MG COMPRESSE RIVESTITE CON FILM- 100 COMPRESSE IN CONTENITORE HDPE	ROSUVASTATINA SALE DI CALCIO	ROSUVASTATINA SALE DI CALCIO	20	milligrammi	Compressa rivestita con film	C10AA07	A. MENARINI INDUSTRIE FARMACEUTICHE RIUNITE S.R.L.	Autorizzata	Procedura Mutuo riconoscimento o Decentrata	Medicinali soggetti a prescrizione medica
044631164	044631	EXORTA	40 MG COMPRESSE RIVESTITE CON FILM- 7 COMPRESSE IN CONTENITORE HDPE	ROSUVASTATINA SALE DI CALCIO	ROSUVASTATINA SALE DI CALCIO	40	milligrammi	Compressa rivestita con film	C10AA07	A. MENARINI INDUSTRIE FARMACEUTICHE RIUNITE S.R.L.	Autorizzata	Procedura Mutuo riconoscimento o Decentrata	Medicinali soggetti a prescrizione medica
044631176	044631	EXORTA	40 MG COMPRESSE RIVESTITE CON FILM- 28 COMPRESSE IN CONTENITORE HDPE	ROSUVASTATINA SALE DI CALCIO	ROSUVASTATINA SALE DI CALCIO	40	milligrammi	Compressa rivestita con film	C10AA07	A. MENARINI INDUSTRIE FARMACEUTICHE RIUNITE S.R.L.	Autorizzata	Procedura Mutuo riconoscimento o Decentrata	Medicinali soggetti a prescrizione medica
044631188	044631	EXORTA	40 MG COMPRESSE RIVESTITE CON FILM- 30 COMPRESSE IN CONTENITORE HDPE	ROSUVASTATINA SALE DI CALCIO	ROSUVASTATINA SALE DI CALCIO	40	milligrammi	Compressa rivestita con film	C10AA07	A. MENARINI INDUSTRIE FARMACEUTICHE RIUNITE S.R.L.	Autorizzata	Procedura Mutuo riconoscimento o Decentrata	Medicinali soggetti a prescrizione medica
044631190	044631	EXORTA	40 MG COMPRESSE RIVESTITE CON FILM- 90 COMPRESSE IN CONTENITORE HDPE	ROSUVASTATINA SALE DI CALCIO	ROSUVASTATINA SALE DI CALCIO	40	milligrammi	Compressa rivestita con film	C10AA07	A. MENARINI INDUSTRIE FARMACEUTICHE RIUNITE S.R.L.	Autorizzata	Procedura Mutuo riconoscimento o Decentrata	Medicinali soggetti a prescrizione medica
044631202	044631	EXORTA	40 MG COMPRESSE RIVESTITE CON FILM- 100 COMPRESSE IN CONTENITORE HDPE	ROSUVASTATINA SALE DI CALCIO	ROSUVASTATINA SALE DI CALCIO	40	milligrammi	Compressa rivestita con film	C10AA07	A. MENARINI INDUSTRIE FARMACEUTICHE RIUNITE S.R.L.	Autorizzata	Procedura Mutuo riconoscimento o Decentrata	Medicinali soggetti a prescrizione medica
044631214	044631	EXORTA	5 MG COMPRESSE RIVESTITE CON FILM- 7 COMPRESSE IN BLISTER OPA/AL/PVC-AL	ROSUVASTATINA SALE DI CALCIO	ROSUVASTATINA SALE DI CALCIO	5	milligrammi	Compressa rivestita con film	C10AA07	A. MENARINI INDUSTRIE FARMACEUTICHE RIUNITE S.R.L.	Autorizzata	Procedura Mutuo riconoscimento o Decentrata	Medicinali soggetti a prescrizione medica
044631226	044631	EXORTA	5 MG COMPRESSE RIVESTITE CON FILM- 28 COMPRESSE IN BLISTER OPA/AL/PVC-AL	ROSUVASTATINA SALE DI CALCIO	ROSUVASTATINA SALE DI CALCIO	5	milligrammi	Compressa rivestita con film	C10AA07	A. MENARINI INDUSTRIE FARMACEUTICHE RIUNITE S.R.L.	Autorizzata	Procedura Mutuo riconoscimento o Decentrata	Medicinali soggetti a prescrizione medica
044631238	044631	EXORTA	5 MG COMPRESSE RIVESTITE CON FILM- 30 COMPRESSE IN BLISTER OPA/AL/PVC-AL	ROSUVASTATINA SALE DI CALCIO	ROSUVASTATINA SALE DI CALCIO	5	milligrammi	Compressa rivestita con film	C10AA07	A. MENARINI INDUSTRIE FARMACEUTICHE RIUNITE S.R.L.	Autorizzata	Procedura Mutuo riconoscimento o Decentrata	Medicinali soggetti a prescrizione medica
044631240	044631	EXORTA	5 MG COMPRESSE RIVESTITE CON FILM- 90 COMPRESSE IN BLISTER OPA/AL/PVC-AL	ROSUVASTATINA SALE DI CALCIO	ROSUVASTATINA SALE DI CALCIO	5	milligrammi	Compressa rivestita con film	C10AA07	A. MENARINI INDUSTRIE FARMACEUTICHE RIUNITE S.R.L.	Autorizzata	Procedura Mutuo riconoscimento o Decentrata	Medicinali soggetti a prescrizione medica
044631253	044631	EXORTA	5 MG COMPRESSE RIVESTITE CON FILM- 100 COMPRESSE IN BLISTER OPA/AL/PVC-AL	ROSUVASTATINA SALE DI CALCIO	ROSUVASTATINA SALE DI CALCIO	5	milligrammi	Compressa rivestita con film	C10AA07	A. MENARINI INDUSTRIE FARMACEUTICHE RIUNITE S.R.L.	Autorizzata	Procedura Mutuo riconoscimento o Decentrata	Medicinali soggetti a prescrizione medica
044631265	044631	EXORTA	10 MG COMPRESSE RIVESTITE CON FILM- 7 COMPRESSE IN BLISTER OPA/AL/PVC-AL	ROSUVASTATINA SALE DI CALCIO	ROSUVASTATINA SALE DI CALCIO	10	milligrammi	Compressa rivestita con film	C10AA07	A. MENARINI INDUSTRIE FARMACEUTICHE RIUNITE S.R.L.	Autorizzata	Procedura Mutuo riconoscimento o Decentrata	Medicinali soggetti a prescrizione medica
044631277	044631	EXORTA	10 MG COMPRESSE RIVESTITE CON FILM- 28 COMPRESSE IN BLISTER OPA/AL/PVC-AL	ROSUVASTATINA SALE DI CALCIO	ROSUVASTATINA SALE DI CALCIO	10	milligrammi	Compressa rivestita con film	C10AA07	A. MENARINI INDUSTRIE FARMACEUTICHE RIUNITE S.R.L.	Autorizzata	Procedura Mutuo riconoscimento o Decentrata	Medicinali soggetti a prescrizione medica
044631289	044631	EXORTA	10 MG COMPRESSE RIVESTITE CON FILM- 30 COMPRESSE IN BLISTER OPA/AL/PVC-AL	ROSUVASTATINA SALE DI CALCIO	ROSUVASTATINA SALE DI CALCIO	10	milligrammi	Compressa rivestita con film	C10AA07	A. MENARINI INDUSTRIE FARMACEUTICHE RIUNITE S.R.L.	Autorizzata	Procedura Mutuo riconoscimento o Decentrata	Medicinali soggetti a prescrizione medica
044631291	044631	EXORTA	10 MG COMPRESSE RIVESTITE CON FILM- 90 COMPRESSE IN BLISTER OPA/AL/PVC-AL	ROSUVASTATINA SALE DI CALCIO	ROSUVASTATINA SALE DI CALCIO	10	milligrammi	Compressa rivestita con film	C10AA07	A. MENARINI INDUSTRIE FARMACEUTICHE RIUNITE S.R.L.	Autorizzata	Procedura Mutuo riconoscimento o Decentrata	Medicinali soggetti a prescrizione medica
044631303	044631	EXORTA	10 MG COMPRESSE RIVESTITE CON FILM- 100 COMPRESSE IN BLISTER OPA/AL/PVC-AL	ROSUVASTATINA SALE DI CALCIO	ROSUVASTATINA SALE DI CALCIO	10	milligrammi	Compressa rivestita con film	C10AA07	A. MENARINI INDUSTRIE FARMACEUTICHE RIUNITE S.R.L.	Autorizzata	Procedura Mutuo riconoscimento o Decentrata	Medicinali soggetti a prescrizione medica
044631315	044631	EXORTA	20 MG COMPRESSE RIVESTITE CON FILM- 7 COMPRESSE IN BLISTER OPA/AL/PVC-AL	ROSUVASTATINA SALE DI CALCIO	ROSUVASTATINA SALE DI CALCIO	20	milligrammi	Compressa rivestita con film	C10AA07	A. MENARINI INDUSTRIE FARMACEUTICHE RIUNITE S.R.L.	Autorizzata	Procedura Mutuo riconoscimento o Decentrata	Medicinali soggetti a prescrizione medica
044631327	044631	EXORTA	20 MG COMPRESSE RIVESTITE CON FILM- 28 COMPRESSE IN BLISTER OPA/AL/PVC-AL	ROSUVASTATINA SALE DI CALCIO	ROSUVASTATINA SALE DI CALCIO	20	milligrammi	Compressa rivestita con film	C10AA07	A. MENARINI INDUSTRIE FARMACEUTICHE RIUNITE S.R.L.	Autorizzata	Procedura Mutuo riconoscimento o Decentrata	Medicinali soggetti a prescrizione medica
044631339	044631	EXORTA	20 MG COMPRESSE RIVESTITE CON FILM- 30 COMPRESSE IN BLISTER OPA/AL/PVC-AL	ROSUVASTATINA SALE DI CALCIO	ROSUVASTATINA SALE DI CALCIO	20	milligrammi	Compressa rivestita con film	C10AA07	A. MENARINI INDUSTRIE FARMACEUTICHE RIUNITE S.R.L.	Autorizzata	Procedura Mutuo riconoscimento o Decentrata	Medicinali soggetti a prescrizione medica
044631341	044631	EXORTA	20 MG COMPRESSE RIVESTITE CON FILM- 90 COMPRESSE IN BLISTER OPA/AL/PVC-AL	ROSUVASTATINA SALE DI CALCIO	ROSUVASTATINA SALE DI CALCIO	20	milligrammi	Compressa rivestita con film	C10AA07	A. MENARINI INDUSTRIE FARMACEUTICHE RIUNITE S.R.L.	Autorizzata	Procedura Mutuo riconoscimento o Decentrata	Medicinali soggetti a prescrizione medica
044631354	044631	EXORTA	20 MG COMPRESSE RIVESTITE CON FILM- 100 COMPRESSE IN BLISTER OPA/AL/PVC-AL	ROSUVASTATINA SALE DI CALCIO	ROSUVASTATINA SALE DI CALCIO	20	milligrammi	Compressa rivestita con film	C10AA07	A. MENARINI INDUSTRIE FARMACEUTICHE RIUNITE S.R.L.	Autorizzata	Procedura Mutuo riconoscimento o Decentrata	Medicinali soggetti a prescrizione medica
044631366	044631	EXORTA	40 MG COMPRESSE RIVESTITE CON FILM- 7 COMPRESSE IN BLISTER OPA/AL/PVC-AL	ROSUVASTATINA SALE DI CALCIO	ROSUVASTATINA SALE DI CALCIO	40	milligrammi	Compressa rivestita con film	C10AA07	A. MENARINI INDUSTRIE FARMACEUTICHE RIUNITE S.R.L.	Autorizzata	Procedura Mutuo riconoscimento o Decentrata	Medicinali soggetti a prescrizione medica
044631378	044631	EXORTA	40 MG COMPRESSE RIVESTITE CON FILM- 28 COMPRESSE IN BLISTER OPA/AL/PVC-AL	ROSUVASTATINA SALE DI CALCIO	ROSUVASTATINA SALE DI CALCIO	40	milligrammi	Compressa rivestita con film	C10AA07	A. MENARINI INDUSTRIE FARMACEUTICHE RIUNITE S.R.L.	Autorizzata	Procedura Mutuo riconoscimento o Decentrata	Medicinali soggetti a prescrizione medica
044631380	044631	EXORTA	40 MG COMPRESSE RIVESTITE CON FILM- 30 COMPRESSE IN BLISTER OPA/AL/PVC-AL	ROSUVASTATINA SALE DI CALCIO	ROSUVASTATINA SALE DI CALCIO	40	milligrammi	Compressa rivestita con film	C10AA07	A. MENARINI INDUSTRIE FARMACEUTICHE RIUNITE S.R.L.	Autorizzata	Procedura Mutuo riconoscimento o Decentrata	Medicinali soggetti a prescrizione medica
044631392	044631	EXORTA	40 MG COMPRESSE RIVESTITE CON FILM- 90 COMPRESSE IN BLISTER OPA/AL/PVC-AL	ROSUVASTATINA SALE DI CALCIO	ROSUVASTATINA SALE DI CALCIO	40	milligrammi	Compressa rivestita con film	C10AA07	A. MENARINI INDUSTRIE FARMACEUTICHE RIUNITE S.R.L.	Autorizzata	Procedura Mutuo riconoscimento o Decentrata	Medicinali soggetti a prescrizione medica
044631404	044631	EXORTA	40 MG COMPRESSE RIVESTITE CON FILM- 100 COMPRESSE IN BLISTER OPA/AL/PVC-AL	ROSUVASTATINA SALE DI CALCIO	ROSUVASTATINA SALE DI CALCIO	40	milligrammi	Compressa rivestita con film	C10AA07	A. MENARINI INDUSTRIE FARMACEUTICHE RIUNITE S.R.L.	Autorizzata	Procedura Mutuo riconoscimento o Decentrata	Medicinali soggetti a prescrizione medica
044631416	044631	EXORTA	5 MG COMPRESSE RIVESTITE CON FILM- 60 COMPRESSE IN BLISTER OPA/AL/PVC-AL	ROSUVASTATINA SALE DI CALCIO	ROSUVASTATINA SALE DI CALCIO	5	milligrammi	Compressa rivestita con film	C10AA07	A. MENARINI INDUSTRIE FARMACEUTICHE RIUNITE S.R.L.	Autorizzata	Procedura Mutuo riconoscimento o Decentrata	Medicinali soggetti a prescrizione medica
044631428	044631	EXORTA	10 MG COMPRESSE RIVESTITE CON FILM- 60 COMPRESSE IN BLISTER OPA/AL/PVC-AL	ROSUVASTATINA SALE DI CALCIO	ROSUVASTATINA SALE DI CALCIO	5	milligrammi	Compressa rivestita con film	C10AA07	A. MENARINI INDUSTRIE FARMACEUTICHE RIUNITE S.R.L.	Autorizzata	Procedura Mutuo riconoscimento o Decentrata	Medicinali soggetti a prescrizione medica
044631430	044631	EXORTA	20 MG COMPRESSE RIVESTITE CON FILM- 60 COMPRESSE IN BLISTER OPA/AL/PVC-AL	ROSUVASTATINA SALE DI CALCIO	ROSUVASTATINA SALE DI CALCIO	5	milligrammi	Compressa rivestita con film	C10AA07	A. MENARINI INDUSTRIE FARMACEUTICHE RIUNITE S.R.L.	Autorizzata	Procedura Mutuo riconoscimento o Decentrata	Medicinali soggetti a prescrizione medica
044631442	044631	EXORTA	40 MG COMPRESSE RIVESTITE CON FILM- 60 COMPRESSE IN BLISTER OPA/AL/PVC-AL	ROSUVASTATINA SALE DI CALCIO	ROSUVASTATINA SALE DI CALCIO	5	milligrammi	Compressa rivestita con film	C10AA07	A. MENARINI INDUSTRIE FARMACEUTICHE RIUNITE S.R.L.	Autorizzata	Procedura Mutuo riconoscimento o Decentrata	Medicinali soggetti a prescrizione medica
044711012	044711	ROSUVASTATINA HCS	5 MG COMPRESSE RIVESTITE CON FILM- 28 COMPRESSE IN BLISTER OPA/AL/PVC-AL	ROSUVASTATINA SALE DI CALCIO	ROSUVASTATINA SALE DI CALCIO			Compressa rivestita con film	C10AA07	HCS BV	Autorizzata	Procedura Mutuo riconoscimento o Decentrata	Medicinali soggetti a prescrizione medica
044711024	044711	ROSUVASTATINA HCS	10 MG COMPRESSE RIVESTITE CON FILM- 28 COMPRESSE IN BLISTER OPA/AL/PVC-AL	ROSUVASTATINA SALE DI CALCIO	ROSUVASTATINA SALE DI CALCIO			Compressa rivestita con film	C10AA07	HCS BV	Autorizzata	Procedura Mutuo riconoscimento o Decentrata	Medicinali soggetti a prescrizione medica
044711048	044711	ROSUVASTATINA HCS	20 MG COMPRESSE RIVESTITE CON FILM- 28 COMPRESSE IN BLISTER OPA/AL/PVC-AL	ROSUVASTATINA SALE DI CALCIO	ROSUVASTATINA SALE DI CALCIO			Compressa rivestita con film	C10AA07	HCS BV	Autorizzata	Procedura Mutuo riconoscimento o Decentrata	Medicinali soggetti a prescrizione medica
044711063	044711	ROSUVASTATINA HCS	40 MG COMPRESSE RIVESTITE CON FILM- 28 COMPRESSE IN BLISTER OPA/AL/PVC-AL	ROSUVASTATINA SALE DI CALCIO	ROSUVASTATINA SALE DI CALCIO			Compressa rivestita con film	C10AA07	HCS BV	Autorizzata	Procedura Mutuo riconoscimento o Decentrata	Medicinali soggetti a prescrizione medica
044711075	044711	ROSUVASTATINA HCS	5 MG COMPRESSE RIVESTITE CON FILM- 28X1 COMPRESSE IN BLISTER OPA/AL/PVA-AL DIVISIBILE PER DOSE UNITARIA	ROSUVASTATINA SALE DI CALCIO	ROSUVASTATINA SALE DI CALCIO			Compressa rivestita con film	C10AA07	HCS BV	Autorizzata	Procedura Mutuo riconoscimento o Decentrata	Medicinali soggetti a prescrizione medica
044711087	044711	ROSUVASTATINA HCS	10 MG COMPRESSE RIVESTITE CON FILM- 28X1 COMPRESSE IN BLISTER OPA/AL/PVA-AL DIVISIBILE PER DOSE UNITARIA	ROSUVASTATINA SALE DI CALCIO	ROSUVASTATINA SALE DI CALCIO			Compressa rivestita con film	C10AA07	HCS BV	Autorizzata	Procedura Mutuo riconoscimento o Decentrata	Medicinali soggetti a prescrizione medica
044711101	044711	ROSUVASTATINA HCS	20 MG COMPRESSE RIVESTITE CON FILM- 28X1 COMPRESSE IN BLISTER OPA/AL/PVA-AL DIVISIBILE PER DOSE UNITARIA	ROSUVASTATINA SALE DI CALCIO	ROSUVASTATINA SALE DI CALCIO			Compressa rivestita con film	C10AA07	HCS BV	Autorizzata	Procedura Mutuo riconoscimento o Decentrata	Medicinali soggetti a prescrizione medica
044711125	044711	ROSUVASTATINA HCS	40 MG COMPRESSE RIVESTITE CON FILM- 28X1 COMPRESSE IN BLISTER OPA/AL/PVA-AL DIVISIBILE PER DOSE UNITARIA	ROSUVASTATINA SALE DI CALCIO	ROSUVASTATINA SALE DI CALCIO			Compressa rivestita con film	C10AA07	HCS BV	Autorizzata	Procedura Mutuo riconoscimento o Decentrata	Medicinali soggetti a prescrizione medica
044810012	044810	ROSUVASTATINA DOC GENERICI	5 MG COMPRESSE RIVESTITE CON FILM - 28 COMPRESSE IN BLISTER OPA/AL/PVC/AL	ROSUVASTATINA SALE DI CALCIO	ROSUVASTATINA SALE DI CALCIO			Compressa rivestita con film	C10AA07	DOC GENERICI SRL	Autorizzata	Procedura Mutuo riconoscimento o Decentrata	Medicinali soggetti a prescrizione medica
044810024	044810	ROSUVASTATINA DOC GENERICI	5 MG COMPRESSE RIVESTITE CON FILM - 28 COMPRESSE IN BLISTER PVC-PVDC/AL	ROSUVASTATINA SALE DI CALCIO	ROSUVASTATINA SALE DI CALCIO			Compressa rivestita con film	C10AA07	DOC GENERICI SRL	Autorizzata	Procedura Mutuo riconoscimento o Decentrata	Medicinali soggetti a prescrizione medica
044810036	044810	ROSUVASTATINA DOC GENERICI	10 MG COMPRESSE RIVESTITE CON FILM - 28 COMPRESSE IN BLISTER PVC-PVDC/AL	ROSUVASTATINA SALE DI CALCIO	ROSUVASTATINA SALE DI CALCIO			Compressa rivestita con film	C10AA07	DOC GENERICI SRL	Autorizzata	Procedura Mutuo riconoscimento o Decentrata	Medicinali soggetti a prescrizione medica
044810048	044810	ROSUVASTATINA DOC GENERICI	10 MG COMPRESSE RIVESTITE CON FILM - 28 COMPRESSE IN BLISTER OPA/AL/PVC/AL	ROSUVASTATINA SALE DI CALCIO	ROSUVASTATINA SALE DI CALCIO			Compressa rivestita con film	C10AA07	DOC GENERICI SRL	Autorizzata	Procedura Mutuo riconoscimento o Decentrata	Medicinali soggetti a prescrizione medica
044810051	044810	ROSUVASTATINA DOC GENERICI	20 MG COMPRESSE RIVESTITE CON FILM - 28 COMPRESSE IN BLISTER OPA/AL/PVC/AL	ROSUVASTATINA SALE DI CALCIO	ROSUVASTATINA SALE DI CALCIO			Compressa rivestita con film	C10AA07	DOC GENERICI SRL	Autorizzata	Procedura Mutuo riconoscimento o Decentrata	Medicinali soggetti a prescrizione medica
044810063	044810	ROSUVASTATINA DOC GENERICI	20 MG COMPRESSE RIVESTITE CON FILM - 28 COMPRESSE IN BLISTER PVC-PVDC/AL	ROSUVASTATINA SALE DI CALCIO	ROSUVASTATINA SALE DI CALCIO			Compressa rivestita con film	C10AA07	DOC GENERICI SRL	Autorizzata	Procedura Mutuo riconoscimento o Decentrata	Medicinali soggetti a prescrizione medica
044810075	044810	ROSUVASTATINA DOC GENERICI	40 MG COMPRESSE RIVESTITE CON FILM - 28 COMPRESSE IN BLISTER PVC-PVDC/AL	ROSUVASTATINA SALE DI CALCIO	ROSUVASTATINA SALE DI CALCIO			Compressa rivestita con film	C10AA07	DOC GENERICI SRL	Autorizzata	Procedura Mutuo riconoscimento o Decentrata	Medicinali soggetti a prescrizione medica
044810087	044810	ROSUVASTATINA DOC GENERICI	40 MG COMPRESSE RIVESTITE CON FILM - 28 COMPRESSE IN BLISTER OPA/AL/PVC/AL	ROSUVASTATINA SALE DI CALCIO	ROSUVASTATINA SALE DI CALCIO			Compressa rivestita con film	C10AA07	DOC GENERICI SRL	Autorizzata	Procedura Mutuo riconoscimento o Decentrata	Medicinali soggetti a prescrizione medica
045245014	045245	STAROS	5 MG COMPRESSE RIVESTITE CON FILM- 28 COMPRESSE IN BLISTER AL/AL	ROSUVASTATINA SALE DI CALCIO	ROSUVASTATINA SALE DI CALCIO	5	milligrammi	Compressa rivestita con film	C10AA07	S.F. GROUP S.R.L.	Autorizzata	Procedura Mutuo riconoscimento o Decentrata	Medicinali soggetti a prescrizione medica
045245026	045245	STAROS	10 MG COMPRESSE RIVESTITE CON FILM- 28 COMPRESSE IN BLISTER AL/AL	ROSUVASTATINA SALE DI CALCIO	ROSUVASTATINA SALE DI CALCIO	10	milligrammi	Compressa rivestita con film	C10AA07	S.F. GROUP S.R.L.	Autorizzata	Procedura Mutuo riconoscimento o Decentrata	Medicinali soggetti a prescrizione medica
045245038	045245	STAROS	20 MG COMPRESSE RIVESTITE CON FILM- 28 COMPRESSE IN BLISTER AL/AL	ROSUVASTATINA SALE DI CALCIO	ROSUVASTATINA SALE DI CALCIO	20	milligrammi	Compressa rivestita con film	C10AA07	S.F. GROUP S.R.L.	Autorizzata	Procedura Mutuo riconoscimento o Decentrata	Medicinali soggetti a prescrizione medica
045245040	045245	STAROS	40 MG COMPRESSE RIVESTITE CON FILM- 28 COMPRESSE IN BLISTER AL/AL	ROSUVASTATINA SALE DI CALCIO	ROSUVASTATINA SALE DI CALCIO	40	milligrammi	Compressa rivestita con film	C10AA07	S.F. GROUP S.R.L.	Autorizzata	Procedura Mutuo riconoscimento o Decentrata	Medicinali soggetti a prescrizione medica
045246016	045246	KOLEROS	5 MG COMPRESSE RIVESTITE CON FILM- 28 COMPRESSE IN BLISTER AL/AL	ROSUVASTATINA SALE DI CALCIO	ROSUVASTATINA SALE DI CALCIO	5	milligrammi	Compressa rivestita con film	C10AA07	KONPHARMA S.R.L.	Autorizzata	Procedura Mutuo riconoscimento o Decentrata	Medicinali soggetti a prescrizione medica
045246028	045246	KOLEROS	10 MG COMPRESSE RIVESTITE CON FILM- 28 COMPRESSE IN BLISTER AL/AL	ROSUVASTATINA SALE DI CALCIO	ROSUVASTATINA SALE DI CALCIO	10	milligrammi	Compressa rivestita con film	C10AA07	KONPHARMA S.R.L.	Autorizzata	Procedura Mutuo riconoscimento o Decentrata	Medicinali soggetti a prescrizione medica
045246030	045246	KOLEROS	20 MG COMPRESSE RIVESTITE CON FILM- 28 COMPRESSE IN BLISTER AL/AL	ROSUVASTATINA SALE DI CALCIO	ROSUVASTATINA SALE DI CALCIO	20	milligrammi	Compressa rivestita con film	C10AA07	KONPHARMA S.R.L.	Autorizzata	Procedura Mutuo riconoscimento o Decentrata	Medicinali soggetti a prescrizione medica
045246042	045246	KOLEROS	40 MG COMPRESSE RIVESTITE CON FILM- 28 COMPRESSE IN BLISTER AL/AL	ROSUVASTATINA SALE DI CALCIO	ROSUVASTATINA SALE DI CALCIO	40	milligrammi	Compressa rivestita con film	C10AA07	KONPHARMA S.R.L.	Autorizzata	Procedura Mutuo riconoscimento o Decentrata	Medicinali soggetti a prescrizione medica
045301013	045301	ROSUVASTATINA PENSA	5 MG COMPRESSE RIVESTITE CON FILM- 28 COMPRESSE IN BLISTER OPA/AL/PVC/AL	ROSUVASTATINA SALE DI CALCIO	ROSUVASTATINA SALE DI CALCIO	5	milligrammi	Compressa rivestita con film	C10AA07	TOWA PHARMACEUTICAL S.P.A.	Autorizzata	Procedura Mutuo riconoscimento o Decentrata	Medicinali soggetti a prescrizione medica
045301025	045301	ROSUVASTATINA PENSA	10 MG COMPRESSE RIVESTITE CON FILM- 28 COMPRESSE IN BLISTER OPA/AL/PVC/AL	ROSUVASTATINA SALE DI CALCIO	ROSUVASTATINA SALE DI CALCIO	10	milligrammi	Compressa rivestita con film	C10AA07	TOWA PHARMACEUTICAL S.P.A.	Autorizzata	Procedura Mutuo riconoscimento o Decentrata	Medicinali soggetti a prescrizione medica
045301037	045301	ROSUVASTATINA PENSA	20 MG COMPRESSE RIVESTITE CON FILM- 28 COMPRESSE IN BLISTER OPA/AL/PVC/AL	ROSUVASTATINA SALE DI CALCIO	ROSUVASTATINA SALE DI CALCIO	20	milligrammi	Compressa rivestita con film	C10AA07	TOWA PHARMACEUTICAL S.P.A.	Autorizzata	Procedura Mutuo riconoscimento o Decentrata	Medicinali soggetti a prescrizione medica
045301049	045301	ROSUVASTATINA PENSA	40 MG COMPRESSE RIVESTITE CON FILM- 28 COMPRESSE IN BLISTER OPA/AL/PVC/AL	ROSUVASTATINA SALE DI CALCIO	ROSUVASTATINA SALE DI CALCIO	40	milligrammi	Compressa rivestita con film	C10AA07	TOWA PHARMACEUTICAL S.P.A.	Autorizzata	Procedura Mutuo riconoscimento o Decentrata	Medicinali soggetti a prescrizione medica
047876014	047876	ROSUVASTATINA E EZETIMIBE TEVA	5 MG/10 MG COMPRESSE- 28 COMPRESSE IN BLISTER PA/AL/PVC/AL	ROSUVASTATINA SALE DI CALCIO	ROSUVASTATINA SALE DI CALCIO	5	milligrammi	Compressa	C10BA06	TEVA B.V.	Autorizzata	Procedura Mutuo riconoscimento o Decentrata	Medicinali soggetti a prescrizione medica
047876038	047876	ROSUVASTATINA E EZETIMIBE TEVA	5 MG/10 MG COMPRESSE- 84 COMPRESSE IN BLISTER PA/AL/PVC/AL	ROSUVASTATINA SALE DI CALCIO	ROSUVASTATINA SALE DI CALCIO	5	milligrammi	Compressa	C10BA06	TEVA B.V.	Autorizzata	Procedura Mutuo riconoscimento o Decentrata	Medicinali soggetti a prescrizione medica
047876040	047876	ROSUVASTATINA E EZETIMIBE TEVA	5 MG/10 MG COMPRESSE- 90 COMPRESSE IN BLISTER PA/AL/PVC/AL	ROSUVASTATINA SALE DI CALCIO	ROSUVASTATINA SALE DI CALCIO	5	milligrammi	Compressa	C10BA06	TEVA B.V.	Autorizzata	Procedura Mutuo riconoscimento o Decentrata	Medicinali soggetti a prescrizione medica
047876053	047876	ROSUVASTATINA E EZETIMIBE TEVA	10 MG/10 MG COMPRESSE- 28 COMPRESSE IN BLISTER PA/AL/PVC/AL	ROSUVASTATINA SALE DI CALCIO	ROSUVASTATINA SALE DI CALCIO	10	milligrammi	Compressa	C10BA06	TEVA B.V.	Autorizzata	Procedura Mutuo riconoscimento o Decentrata	Medicinali soggetti a prescrizione medica
047876077	047876	ROSUVASTATINA E EZETIMIBE TEVA	10 MG/10 MG COMPRESSE- 84 COMPRESSE IN BLISTER PA/AL/PVC/AL	ROSUVASTATINA SALE DI CALCIO	ROSUVASTATINA SALE DI CALCIO	10	milligrammi	Compressa	C10BA06	TEVA B.V.	Autorizzata	Procedura Mutuo riconoscimento o Decentrata	Medicinali soggetti a prescrizione medica
047876089	047876	ROSUVASTATINA E EZETIMIBE TEVA	10 MG/10 MG COMPRESSE- 90 COMPRESSE IN BLISTER PA/AL/PVC/AL	ROSUVASTATINA SALE DI CALCIO	ROSUVASTATINA SALE DI CALCIO	10	milligrammi	Compressa	C10BA06	TEVA B.V.	Autorizzata	Procedura Mutuo riconoscimento o Decentrata	Medicinali soggetti a prescrizione medica
047876091	047876	ROSUVASTATINA E EZETIMIBE TEVA	20 MG/10 MG COMPRESSE- 28 COMPRESSE IN BLISTER PA/AL/PVC/AL	ROSUVASTATINA SALE DI CALCIO	ROSUVASTATINA SALE DI CALCIO	20	milligrammi	Compressa	C10BA06	TEVA B.V.	Autorizzata	Procedura Mutuo riconoscimento o Decentrata	Medicinali soggetti a prescrizione medica
047876115	047876	ROSUVASTATINA E EZETIMIBE TEVA	20 MG/10 MG COMPRESSE- 84 COMPRESSE IN BLISTER PA/AL/PVC/AL	ROSUVASTATINA SALE DI CALCIO	ROSUVASTATINA SALE DI CALCIO	20	milligrammi	Compressa	C10BA06	TEVA B.V.	Autorizzata	Procedura Mutuo riconoscimento o Decentrata	Medicinali soggetti a prescrizione medica
047876127	047876	ROSUVASTATINA E EZETIMIBE TEVA	20 MG/10 MG COMPRESSE- 90 COMPRESSE IN BLISTER PA/AL/PVC/AL	ROSUVASTATINA SALE DI CALCIO	ROSUVASTATINA SALE DI CALCIO	20	milligrammi	Compressa	C10BA06	TEVA B.V.	Autorizzata	Procedura Mutuo riconoscimento o Decentrata	Medicinali soggetti a prescrizione medica
047876139	047876	ROSUVASTATINA E EZETIMIBE TEVA	5 MG/10 MG COMPRESSE- 10 COMPRESSE IN BLISTER PA/AL/PVC/AL	ROSUVASTATINA SALE DI CALCIO	ROSUVASTATINA SALE DI CALCIO	5	milligrammi	Compressa	C10BA06	TEVA B.V.	Autorizzata	Procedura Mutuo riconoscimento o Decentrata	Medicinali soggetti a prescrizione medica
047876141	047876	ROSUVASTATINA E EZETIMIBE TEVA	5 MG/10 MG COMPRESSE- 98 COMPRESSE IN BLISTER PA/AL/PVC/AL	ROSUVASTATINA SALE DI CALCIO	ROSUVASTATINA SALE DI CALCIO	5	milligrammi	Compressa	C10BA06	TEVA B.V.	Autorizzata	Procedura Mutuo riconoscimento o Decentrata	Medicinali soggetti a prescrizione medica
047876154	047876	ROSUVASTATINA E EZETIMIBE TEVA	5 MG/10 MG COMPRESSE- 100 COMPRESSE IN BLISTER PA/AL/PVC/AL	ROSUVASTATINA SALE DI CALCIO	ROSUVASTATINA SALE DI CALCIO	5	milligrammi	Compressa	C10BA06	TEVA B.V.	Autorizzata	Procedura Mutuo riconoscimento o Decentrata	Medicinali soggetti a prescrizione medica
047876166	047876	ROSUVASTATINA E EZETIMIBE TEVA	10 MG/10 MG COMPRESSE- 10 COMPRESSE IN BLISTER PA/AL/PVC/AL	ROSUVASTATINA SALE DI CALCIO	ROSUVASTATINA SALE DI CALCIO	10	milligrammi	Compressa	C10BA06	TEVA B.V.	Autorizzata	Procedura Mutuo riconoscimento o Decentrata	Medicinali soggetti a prescrizione medica
047876178	047876	ROSUVASTATINA E EZETIMIBE TEVA	10 MG/10 MG COMPRESSE- 98 COMPRESSE IN BLISTER PA/AL/PVC/AL	ROSUVASTATINA SALE DI CALCIO	ROSUVASTATINA SALE DI CALCIO	10	milligrammi	Compressa	C10BA06	TEVA B.V.	Autorizzata	Procedura Mutuo riconoscimento o Decentrata	Medicinali soggetti a prescrizione medica
047876180	047876	ROSUVASTATINA E EZETIMIBE TEVA	10 MG/10 MG COMPRESSE- 100 COMPRESSE IN BLISTER PA/AL/PVC/AL	ROSUVASTATINA SALE DI CALCIO	ROSUVASTATINA SALE DI CALCIO	10	milligrammi	Compressa	C10BA06	TEVA B.V.	Autorizzata	Procedura Mutuo riconoscimento o Decentrata	Medicinali soggetti a prescrizione medica
047876192	047876	ROSUVASTATINA E EZETIMIBE TEVA	20 MG/10 MG COMPRESSE- 10 COMPRESSE IN BLISTER PA/AL/PVC/AL	ROSUVASTATINA SALE DI CALCIO	ROSUVASTATINA SALE DI CALCIO	20	milligrammi	Compressa	C10BA06	TEVA B.V.	Autorizzata	Procedura Mutuo riconoscimento o Decentrata	Medicinali soggetti a prescrizione medica
047876204	047876	ROSUVASTATINA E EZETIMIBE TEVA	20 MG/10 MG COMPRESSE- 98 COMPRESSE IN BLISTER PA/AL/PVC/AL	ROSUVASTATINA SALE DI CALCIO	ROSUVASTATINA SALE DI CALCIO	20	milligrammi	Compressa	C10BA06	TEVA B.V.	Autorizzata	Procedura Mutuo riconoscimento o Decentrata	Medicinali soggetti a prescrizione medica
047876216	047876	ROSUVASTATINA E EZETIMIBE TEVA	20 MG/10 MG COMPRESSE- 100 COMPRESSE IN BLISTER PA/AL/PVC/AL	ROSUVASTATINA SALE DI CALCIO	ROSUVASTATINA SALE DI CALCIO	20	milligrammi	Compressa	C10BA06	TEVA B.V.	Autorizzata	Procedura Mutuo riconoscimento o Decentrata	Medicinali soggetti a prescrizione medica
048412011	048412	ROSUVASTATINA E EZETIMIBE EG	5 MG/10 MG CAPSULE RIGIDE- 10 CAPSULE IN BLISTER OPA/PVC/AL	ROSUVASTATINA SALE DI CALCIO	ROSUVASTATINA SALE DI CALCIO	10	milligrammi	Capsula rigida	C10BA06	EG S.P.A.	Autorizzata	Procedura Mutuo riconoscimento o Decentrata	Medicinali soggetti a prescrizione medica
048829016	048829	ASADROX	5MG/100MG CAPSULE RIGIDE- 28 CAPSULE IN BLISTER PA/AL-PVC/AL	ROSUVASTATINA SALE DI CALCIO	ROSUVASTATINA SALE DI CALCIO	5	milligrammi	Capsula rigida	C10BX05	ADAMED S.R.L.	Autorizzata	Procedura Mutuo riconoscimento o Decentrata	Medicinali soggetti a prescrizione medica
048829030	048829	ASADROX	5MG/100MG CAPSULE RIGIDE- 56 CAPSULE IN BLISTER PA/AL-PVC/AL	ROSUVASTATINA SALE DI CALCIO	ROSUVASTATINA SALE DI CALCIO	5	milligrammi	Capsula rigida	C10BX05	ADAMED S.R.L.	Autorizzata	Procedura Mutuo riconoscimento o Decentrata	Medicinali soggetti a prescrizione medica
048829042	048829	ASADROX	5MG/100MG CAPSULE RIGIDE- 60 CAPSULE IN BLISTER PA/AL-PVC/AL	ROSUVASTATINA SALE DI CALCIO	ROSUVASTATINA SALE DI CALCIO	5	milligrammi	Capsula rigida	C10BX05	ADAMED S.R.L.	Autorizzata	Procedura Mutuo riconoscimento o Decentrata	Medicinali soggetti a prescrizione medica
048829055	048829	ASADROX	5MG/100MG CAPSULE RIGIDE- 90 CAPSULE IN BLISTER PA/AL-PVC/AL	ROSUVASTATINA SALE DI CALCIO	ROSUVASTATINA SALE DI CALCIO	5	milligrammi	Capsula rigida	C10BX05	ADAMED S.R.L.	Autorizzata	Procedura Mutuo riconoscimento o Decentrata	Medicinali soggetti a prescrizione medica
048829067	048829	ASADROX	5MG/100MG CAPSULE RIGIDE- 100 CAPSULE IN BLISTER PA/AL-PVC/AL	ROSUVASTATINA SALE DI CALCIO	ROSUVASTATINA SALE DI CALCIO	5	milligrammi	Capsula rigida	C10BX05	ADAMED S.R.L.	Autorizzata	Procedura Mutuo riconoscimento o Decentrata	Medicinali soggetti a prescrizione medica
048829079	048829	ASADROX	10MG/100MG CAPSULE RIGIDE- 28 CAPSULE IN BLISTER PA/AL-PVC/AL	ROSUVASTATINA SALE DI CALCIO	ROSUVASTATINA SALE DI CALCIO	10	milligrammi	Capsula rigida	C10BX05	ADAMED S.R.L.	Autorizzata	Procedura Mutuo riconoscimento o Decentrata	Medicinali soggetti a prescrizione medica
048829093	048829	ASADROX	10MG/100MG CAPSULE RIGIDE- 56 CAPSULE IN BLISTER PA/AL-PVC/AL	ROSUVASTATINA SALE DI CALCIO	ROSUVASTATINA SALE DI CALCIO	10	milligrammi	Capsula rigida	C10BX05	ADAMED S.R.L.	Autorizzata	Procedura Mutuo riconoscimento o Decentrata	Medicinali soggetti a prescrizione medica
048829105	048829	ASADROX	10MG/100MG CAPSULE RIGIDE- 60 CAPSULE IN BLISTER PA/AL-PVC/AL	ROSUVASTATINA SALE DI CALCIO	ROSUVASTATINA SALE DI CALCIO	10	milligrammi	Capsula rigida	C10BX05	ADAMED S.R.L.	Autorizzata	Procedura Mutuo riconoscimento o Decentrata	Medicinali soggetti a prescrizione medica
048829117	048829	ASADROX	10MG/100MG CAPSULE RIGIDE- 90 CAPSULE IN BLISTER PA/AL-PVC/AL	ROSUVASTATINA SALE DI CALCIO	ROSUVASTATINA SALE DI CALCIO	10	milligrammi	Capsula rigida	C10BX05	ADAMED S.R.L.	Autorizzata	Procedura Mutuo riconoscimento o Decentrata	Medicinali soggetti a prescrizione medica
048829129	048829	ASADROX	10MG/100MG CAPSULE RIGIDE- 100 CAPSULE IN BLISTER PA/AL-PVC/AL	ROSUVASTATINA SALE DI CALCIO	ROSUVASTATINA SALE DI CALCIO	10	milligrammi	Capsula rigida	C10BX05	ADAMED S.R.L.	Autorizzata	Procedura Mutuo riconoscimento o Decentrata	Medicinali soggetti a prescrizione medica
048829131	048829	ASADROX	20MG/100MG CAPSULE RIGIDE- 28 CAPSULE IN BLISTER PA/AL-PVC/AL	ROSUVASTATINA SALE DI CALCIO	ROSUVASTATINA SALE DI CALCIO	20	milligrammi	Capsula rigida	C10BX05	ADAMED S.R.L.	Autorizzata	Procedura Mutuo riconoscimento o Decentrata	Medicinali soggetti a prescrizione medica
048829156	048829	ASADROX	20MG/100MG CAPSULE RIGIDE- 56 CAPSULE IN BLISTER PA/AL-PVC/AL	ROSUVASTATINA SALE DI CALCIO	ROSUVASTATINA SALE DI CALCIO	20	milligrammi	Capsula rigida	C10BX05	ADAMED S.R.L.	Autorizzata	Procedura Mutuo riconoscimento o Decentrata	Medicinali soggetti a prescrizione medica
048829168	048829	ASADROX	20MG/100MG CAPSULE RIGIDE- 60 CAPSULE IN BLISTER PA/AL-PVC/AL	ROSUVASTATINA SALE DI CALCIO	ROSUVASTATINA SALE DI CALCIO	20	milligrammi	Capsula rigida	C10BX05	ADAMED S.R.L.	Autorizzata	Procedura Mutuo riconoscimento o Decentrata	Medicinali soggetti a prescrizione medica
048829170	048829	ASADROX	20MG/100MG CAPSULE RIGIDE- 90 CAPSULE IN BLISTER PA/AL-PVC/AL	ROSUVASTATINA SALE DI CALCIO	ROSUVASTATINA SALE DI CALCIO	20	milligrammi	Capsula rigida	C10BX05	ADAMED S.R.L.	Autorizzata	Procedura Mutuo riconoscimento o Decentrata	Medicinali soggetti a prescrizione medica
048829182	048829	ASADROX	20MG/100MG CAPSULE RIGIDE- 100 CAPSULE IN BLISTER PA/AL-PVC/AL	ROSUVASTATINA SALE DI CALCIO	ROSUVASTATINA SALE DI CALCIO	20	milligrammi	Capsula rigida	C10BX05	ADAMED S.R.L.	Autorizzata	Procedura Mutuo riconoscimento o Decentrata	Medicinali soggetti a prescrizione medica
048829194	048829	ASADROX	5 MG/100 MG CAPSULE RIGIDE-  10 CPSULE IN BLISTER PA/AL/PVC/AL	ROSUVASTATINA SALE DI CALCIO	ROSUVASTATINA SALE DI CALCIO	5	milligrammi	Capsula rigida	C10BX05	ADAMED S.R.L.	Autorizzata	Procedura Mutuo riconoscimento o Decentrata	Medicinali soggetti a prescrizione medica
048829206	048829	ASADROX	10 MG/100 MG CAPSULE RIGIDE-  10 CPSULE IN BLISTER PA/AL/PVC/AL	ROSUVASTATINA SALE DI CALCIO	ROSUVASTATINA SALE DI CALCIO	10	milligrammi	Capsula rigida	C10BX05	ADAMED S.R.L.	Autorizzata	Procedura Mutuo riconoscimento o Decentrata	Medicinali soggetti a prescrizione medica
048829218	048829	ASADROX	20 MG/100 MG CAPSULE RIGIDE-  10 CPSULE IN BLISTER PA/AL/PVC/AL	ROSUVASTATINA SALE DI CALCIO	ROSUVASTATINA SALE DI CALCIO	20	milligrammi	Capsula rigida	C10BX05	ADAMED S.R.L.	Autorizzata	Procedura Mutuo riconoscimento o Decentrata	Medicinali soggetti a prescrizione medica
051621011	051621	SIGROLEM	5 MG COMPRESSE RIVESTITE CON FILM- 28 COMPRESSE IN BLISTER PVC/PVDC-AL	ROSUVASTATINA SALE DI CALCIO	ROSUVASTATINA SALE DI CALCIO	5.21	milligrammi	Compressa rivestita con film	C10AA07	S.F. GROUP S.R.L.	Autorizzata	Procedura Mutuo riconoscimento o Decentrata	Medicinali soggetti a prescrizione medica
051621023	051621	SIGROLEM	10 MG COMPRESSE RIVESTITE CON FILM- 28 COMPRESSE IN BLISTER PVC/PVDC-AL	ROSUVASTATINA SALE DI CALCIO	ROSUVASTATINA SALE DI CALCIO	10.42	milligrammi	Compressa rivestita con film	C10AA07	S.F. GROUP S.R.L.	Autorizzata	Procedura Mutuo riconoscimento o Decentrata	Medicinali soggetti a prescrizione medica
051621035	051621	SIGROLEM	15 MG COMPRESSE RIVESTITE CON FILM- 28 COMPRESSE IN BLISTER PVC/PVDC-AL	ROSUVASTATINA SALE DI CALCIO	ROSUVASTATINA SALE DI CALCIO	15.63	milligrammi	Compressa rivestita con film	C10AA07	S.F. GROUP S.R.L.	Autorizzata	Procedura Mutuo riconoscimento o Decentrata	Medicinali soggetti a prescrizione medica
051621047	051621	SIGROLEM	20 MG COMPRESSE RIVESTITE CON FILM- 28 COMPRESSE IN BLISTER PVC/PVDC-AL	ROSUVASTATINA SALE DI CALCIO	ROSUVASTATINA SALE DI CALCIO	20.84	milligrammi	Compressa rivestita con film	C10AA07	S.F. GROUP S.R.L.	Autorizzata	Procedura Mutuo riconoscimento o Decentrata	Medicinali soggetti a prescrizione medica
051621050	051621	SIGROLEM	30 MG COMPRESSE RIVESTITE CON FILM- 28 COMPRESSE IN BLISTER PVC/PVDC-AL	ROSUVASTATINA SALE DI CALCIO	ROSUVASTATINA SALE DI CALCIO	31.26	milligrammi	Compressa rivestita con film	C10AA07	S.F. GROUP S.R.L.	Autorizzata	Procedura Mutuo riconoscimento o Decentrata	Medicinali soggetti a prescrizione medica
051621062	051621	SIGROLEM	40 MG COMPRESSE RIVESTITE CON FILM- 28 COMPRESSE IN BLISTER PVC/PVDC-AL	ROSUVASTATINA SALE DI CALCIO	ROSUVASTATINA SALE DI CALCIO	41.68	milligrammi	Compressa rivestita con film	C10AA07	S.F. GROUP S.R.L.	Autorizzata	Procedura Mutuo riconoscimento o Decentrata	Medicinali soggetti a prescrizione medica
051717015	051717	ROSANTA	5 MG COMPRESSE RIVESTITE CON FILM- 28 COMPRESSE IN BLISTER PVC/PVDC/AL	ROSUVASTATINA SALE DI CALCIO	ROSUVASTATINA SALE DI CALCIO			Compressa rivestita con film	C10AA07	PIAM FARMACEUTICI S.P.A.	Autorizzata	Procedura Mutuo riconoscimento o Decentrata	Medicinali soggetti a prescrizione medica
051717027	051717	ROSANTA	5 MG COMPRESSE RIVESTITE CON FILM- 30 COMPRESSE IN BLISTER PVC/PVDC/AL	ROSUVASTATINA SALE DI CALCIO	ROSUVASTATINA SALE DI CALCIO			Compressa rivestita con film	C10AA07	PIAM FARMACEUTICI S.P.A.	Autorizzata	Procedura Mutuo riconoscimento o Decentrata	Medicinali soggetti a prescrizione medica
051717039	051717	ROSANTA	5 MG COMPRESSE RIVESTITE CON FILM- 60 COMPRESSE IN BLISTER PVC/PVDC/AL	ROSUVASTATINA SALE DI CALCIO	ROSUVASTATINA SALE DI CALCIO			Compressa rivestita con film	C10AA07	PIAM FARMACEUTICI S.P.A.	Autorizzata	Procedura Mutuo riconoscimento o Decentrata	Medicinali soggetti a prescrizione medica
051717041	051717	ROSANTA	5 MG COMPRESSE RIVESTITE CON FILM- 90 COMPRESSE IN BLISTER PVC/PVDC/AL	ROSUVASTATINA SALE DI CALCIO	ROSUVASTATINA SALE DI CALCIO			Compressa rivestita con film	C10AA07	PIAM FARMACEUTICI S.P.A.	Autorizzata	Procedura Mutuo riconoscimento o Decentrata	Medicinali soggetti a prescrizione medica
051717054	051717	ROSANTA	5 MG COMPRESSE RIVESTITE CON FILM- 100 COMPRESSE IN BLISTER PVC/PVDC/AL	ROSUVASTATINA SALE DI CALCIO	ROSUVASTATINA SALE DI CALCIO			Compressa rivestita con film	C10AA07	PIAM FARMACEUTICI S.P.A.	Autorizzata	Procedura Mutuo riconoscimento o Decentrata	Medicinali soggetti a prescrizione medica
051717066	051717	ROSANTA	10 MG COMPRESSE RIVESTITE CON FILM- 28 COMPRESSE IN BLISTER PVC/PVDC/AL	ROSUVASTATINA SALE DI CALCIO	ROSUVASTATINA SALE DI CALCIO			Compressa rivestita con film	C10AA07	PIAM FARMACEUTICI S.P.A.	Autorizzata	Procedura Mutuo riconoscimento o Decentrata	Medicinali soggetti a prescrizione medica
051717078	051717	ROSANTA	10 MG COMPRESSE RIVESTITE CON FILM- 30 COMPRESSE IN BLISTER PVC/PVDC/AL	ROSUVASTATINA SALE DI CALCIO	ROSUVASTATINA SALE DI CALCIO			Compressa rivestita con film	C10AA07	PIAM FARMACEUTICI S.P.A.	Autorizzata	Procedura Mutuo riconoscimento o Decentrata	Medicinali soggetti a prescrizione medica
051717080	051717	ROSANTA	10 MG COMPRESSE RIVESTITE CON FILM- 60 COMPRESSE IN BLISTER PVC/PVDC/AL	ROSUVASTATINA SALE DI CALCIO	ROSUVASTATINA SALE DI CALCIO			Compressa rivestita con film	C10AA07	PIAM FARMACEUTICI S.P.A.	Autorizzata	Procedura Mutuo riconoscimento o Decentrata	Medicinali soggetti a prescrizione medica
051717092	051717	ROSANTA	10 MG COMPRESSE RIVESTITE CON FILM- 90 COMPRESSE IN BLISTER PVC/PVDC/AL	ROSUVASTATINA SALE DI CALCIO	ROSUVASTATINA SALE DI CALCIO			Compressa rivestita con film	C10AA07	PIAM FARMACEUTICI S.P.A.	Autorizzata	Procedura Mutuo riconoscimento o Decentrata	Medicinali soggetti a prescrizione medica
051717104	051717	ROSANTA	10 MG COMPRESSE RIVESTITE CON FILM- 100 COMPRESSE IN BLISTER PVC/PVDC/AL	ROSUVASTATINA SALE DI CALCIO	ROSUVASTATINA SALE DI CALCIO			Compressa rivestita con film	C10AA07	PIAM FARMACEUTICI S.P.A.	Autorizzata	Procedura Mutuo riconoscimento o Decentrata	Medicinali soggetti a prescrizione medica
051717116	051717	ROSANTA	15 MG COMPRESSE RIVESTITA CON FILM- 28 COMPRESSE IN BLISTER PVC/PVDC/AL	ROSUVASTATINA SALE DI CALCIO	ROSUVASTATINA SALE DI CALCIO			Compressa rivestita con film	C10AA07	PIAM FARMACEUTICI S.P.A.	Autorizzata	Procedura Mutuo riconoscimento o Decentrata	Medicinali soggetti a prescrizione medica
051717128	051717	ROSANTA	15 MG COMPRESSE RIVESTITA CON FILM- 30 COMPRESSE IN BLISTER PVC/PVDC/AL	ROSUVASTATINA SALE DI CALCIO	ROSUVASTATINA SALE DI CALCIO			Compressa rivestita con film	C10AA07	PIAM FARMACEUTICI S.P.A.	Autorizzata	Procedura Mutuo riconoscimento o Decentrata	Medicinali soggetti a prescrizione medica
051717130	051717	ROSANTA	15 MG COMPRESSE RIVESTITA CON FILM- 60 COMPRESSE IN BLISTER PVC/PVDC/AL	ROSUVASTATINA SALE DI CALCIO	ROSUVASTATINA SALE DI CALCIO			Compressa rivestita con film	C10AA07	PIAM FARMACEUTICI S.P.A.	Autorizzata	Procedura Mutuo riconoscimento o Decentrata	Medicinali soggetti a prescrizione medica
051717142	051717	ROSANTA	15 MG COMPRESSE RIVESTITA CON FILM- 90 COMPRESSE IN BLISTER PVC/PVDC/AL	ROSUVASTATINA SALE DI CALCIO	ROSUVASTATINA SALE DI CALCIO			Compressa rivestita con film	C10AA07	PIAM FARMACEUTICI S.P.A.	Autorizzata	Procedura Mutuo riconoscimento o Decentrata	Medicinali soggetti a prescrizione medica
051717155	051717	ROSANTA	15 MG COMPRESSE RIVESTITA CON FILM- 100 COMPRESSE IN BLISTER PVC/PVDC/AL	ROSUVASTATINA SALE DI CALCIO	ROSUVASTATINA SALE DI CALCIO			Compressa rivestita con film	C10AA07	PIAM FARMACEUTICI S.P.A.	Autorizzata	Procedura Mutuo riconoscimento o Decentrata	Medicinali soggetti a prescrizione medica
051717167	051717	ROSANTA	20 MG COMPRESSE RIVESTITA CON FILM- 28 COMPRESSE IN BLISTER PVC/PVDC/AL	ROSUVASTATINA SALE DI CALCIO	ROSUVASTATINA SALE DI CALCIO			Compressa rivestita con film	C10AA07	PIAM FARMACEUTICI S.P.A.	Autorizzata	Procedura Mutuo riconoscimento o Decentrata	Medicinali soggetti a prescrizione medica
051717179	051717	ROSANTA	20 MG COMPRESSE RIVESTITA CON FILM- 30 COMPRESSE IN BLISTER PVC/PVDC/AL	ROSUVASTATINA SALE DI CALCIO	ROSUVASTATINA SALE DI CALCIO			Compressa rivestita con film	C10AA07	PIAM FARMACEUTICI S.P.A.	Autorizzata	Procedura Mutuo riconoscimento o Decentrata	Medicinali soggetti a prescrizione medica
051717181	051717	ROSANTA	20 MG COMPRESSE RIVESTITA CON FILM- 60 COMPRESSE IN BLISTER PVC/PVDC/AL	ROSUVASTATINA SALE DI CALCIO	ROSUVASTATINA SALE DI CALCIO			Compressa rivestita con film	C10AA07	PIAM FARMACEUTICI S.P.A.	Autorizzata	Procedura Mutuo riconoscimento o Decentrata	Medicinali soggetti a prescrizione medica
051717193	051717	ROSANTA	20 MG COMPRESSE RIVESTITA CON FILM- 90 COMPRESSE IN BLISTER PVC/PVDC/AL	ROSUVASTATINA SALE DI CALCIO	ROSUVASTATINA SALE DI CALCIO			Compressa rivestita con film	C10AA07	PIAM FARMACEUTICI S.P.A.	Autorizzata	Procedura Mutuo riconoscimento o Decentrata	Medicinali soggetti a prescrizione medica
051717205	051717	ROSANTA	20 MG COMPRESSE RIVESTITA CON FILM- 100 COMPRESSE IN BLISTER PVC/PVDC/AL	ROSUVASTATINA SALE DI CALCIO	ROSUVASTATINA SALE DI CALCIO			Compressa rivestita con film	C10AA07	PIAM FARMACEUTICI S.P.A.	Autorizzata	Procedura Mutuo riconoscimento o Decentrata	Medicinali soggetti a prescrizione medica
051717217	051717	ROSANTA	30 MG COMPRESSE RIVESTITE CON FILM- 28 COMPRESSE IN BLISTER PVC/PVDC/AL	ROSUVASTATINA SALE DI CALCIO	ROSUVASTATINA SALE DI CALCIO			Compressa rivestita con film	C10AA07	PIAM FARMACEUTICI S.P.A.	Autorizzata	Procedura Mutuo riconoscimento o Decentrata	Medicinali soggetti a prescrizione medica
051717229	051717	ROSANTA	30 MG COMPRESSE RIVESTITE CON FILM- 30 COMPRESSE IN BLISTER PVC/PVDC/AL	ROSUVASTATINA SALE DI CALCIO	ROSUVASTATINA SALE DI CALCIO			Compressa rivestita con film	C10AA07	PIAM FARMACEUTICI S.P.A.	Autorizzata	Procedura Mutuo riconoscimento o Decentrata	Medicinali soggetti a prescrizione medica
051717231	051717	ROSANTA	30 MG COMPRESSE RIVESTITE CON FILM- 60 COMPRESSE IN BLISTER PVC/PVDC/AL	ROSUVASTATINA SALE DI CALCIO	ROSUVASTATINA SALE DI CALCIO			Compressa rivestita con film	C10AA07	PIAM FARMACEUTICI S.P.A.	Autorizzata	Procedura Mutuo riconoscimento o Decentrata	Medicinali soggetti a prescrizione medica
051717243	051717	ROSANTA	30 MG COMPRESSE RIVESTITE CON FILM- 90 COMPRESSE IN BLISTER PVC/PVDC/AL	ROSUVASTATINA SALE DI CALCIO	ROSUVASTATINA SALE DI CALCIO			Compressa rivestita con film	C10AA07	PIAM FARMACEUTICI S.P.A.	Autorizzata	Procedura Mutuo riconoscimento o Decentrata	Medicinali soggetti a prescrizione medica
051717256	051717	ROSANTA	30 MG COMPRESSE RIVESTITE CON FILM- 100 COMPRESSE IN BLISTER PVC/PVDC/AL	ROSUVASTATINA SALE DI CALCIO	ROSUVASTATINA SALE DI CALCIO			Compressa rivestita con film	C10AA07	PIAM FARMACEUTICI S.P.A.	Autorizzata	Procedura Mutuo riconoscimento o Decentrata	Medicinali soggetti a prescrizione medica
051717268	051717	ROSANTA	40 MG COMPRESSE RIVESTITE CON FILM- 28 COMPRESSE IN BLISTER PVC/PVDC/AL	ROSUVASTATINA SALE DI CALCIO	ROSUVASTATINA SALE DI CALCIO			Compressa rivestita con film	C10AA07	PIAM FARMACEUTICI S.P.A.	Autorizzata	Procedura Mutuo riconoscimento o Decentrata	Medicinali soggetti a prescrizione medica
051717270	051717	ROSANTA	40 MG COMPRESSE RIVESTITE CON FILM- 30 COMPRESSE IN BLISTER PVC/PVDC/AL	ROSUVASTATINA SALE DI CALCIO	ROSUVASTATINA SALE DI CALCIO			Compressa rivestita con film	C10AA07	PIAM FARMACEUTICI S.P.A.	Autorizzata	Procedura Mutuo riconoscimento o Decentrata	Medicinali soggetti a prescrizione medica
051717282	051717	ROSANTA	40 MG COMPRESSE RIVESTITE CON FILM- 60 COMPRESSE IN BLISTER PVC/PVDC/AL	ROSUVASTATINA SALE DI CALCIO	ROSUVASTATINA SALE DI CALCIO			Compressa rivestita con film	C10AA07	PIAM FARMACEUTICI S.P.A.	Autorizzata	Procedura Mutuo riconoscimento o Decentrata	Medicinali soggetti a prescrizione medica
051717294	051717	ROSANTA	40 MG COMPRESSE RIVESTITE CON FILM- 90 COMPRESSE IN BLISTER PVC/PVDC/AL	ROSUVASTATINA SALE DI CALCIO	ROSUVASTATINA SALE DI CALCIO			Compressa rivestita con film	C10AA07	PIAM FARMACEUTICI S.P.A.	Autorizzata	Procedura Mutuo riconoscimento o Decentrata	Medicinali soggetti a prescrizione medica
051717306	051717	ROSANTA	40 MG COMPRESSE RIVESTITE CON FILM- 100 COMPRESSE IN BLISTER PVC/PVDC/AL	ROSUVASTATINA SALE DI CALCIO	ROSUVASTATINA SALE DI CALCIO			Compressa rivestita con film	C10AA07	PIAM FARMACEUTICI S.P.A.	Autorizzata	Procedura Mutuo riconoscimento o Decentrata	Medicinali soggetti a prescrizione medica
