codice_aic	cod_farmaco	denominazione	descrizione	pa_associati	principio_attivo	quantita	unita_misura	forma	codice_atc	ragione_sociale	stato_amministrativo	tipo_procedura	fornitura
026573016	026573	CONCOR	10 MG COMPRESSE RIVESTITE CON FILM- 28 COMPRESSE	BISOPROLOLO FUMARATO	BISOPROLOLO FUMARATO			Compressa rivestita con film	C07AB07	DOMPE' FARMACEUTICI S.P.A.	Autorizzata	Procedura Nazionale	Medicinali soggetti a prescrizione medica
034952010	034952	SEQUACOR	1,25 MG COMPRESSE RIVESTITE CON FILM- 20 COMPRESSE IN BLISTER PVC/AL	BISOPROLOLO FUMARATO	BISOPROLOLO FUMARATO	1.25	milligrammi	Compressa rivestita con film	C07AB07	DOMPE' FARMACEUTICI S.P.A.	Autorizzata	Procedura Mutuo riconoscimento o Decentrata	Medicinali soggetti a prescrizione medica
034952022	034952	SEQUACOR	1,25 MG COMPRESSE RIVESTITE CON FILM- 28 COMPRESSE IN BLISTER PVC/AL	BISOPROLOLO FUMARATO	BISOPROLOLO FUMARATO	1.25	milligrammi	Compressa rivestita con film	C07AB07	DOMPE' FARMACEUTICI S.P.A.	Autorizzata	Procedura Mutuo riconoscimento o Decentrata	Medicinali soggetti a prescrizione medica
034952034	034952	SEQUACOR	1,25 MG COMPRESSE RIVESTITE CON FILM- 30 COMPRESSE IN BLISTER PVC/AL	BISOPROLOLO FUMARATO	BISOPROLOLO FUMARATO	1.25	milligrammi	Compressa rivestita con film	C07AB07	DOMPE' FARMACEUTICI S.P.A.	Autorizzata	Procedura Mutuo riconoscimento o Decentrata	Medicinali soggetti a prescrizione medica
034952046	034952	SEQUACOR	1,25 MG COMPRESSE RIVESTITE CON FILM- 50 COMPRESSE IN BLISTER PVC/AL	BISOPROLOLO FUMARATO	BISOPROLOLO FUMARATO	1.25	milligrammi	Compressa rivestita con film	C07AB07	DOMPE' FARMACEUTICI S.P.A.	Autorizzata	Procedura Mutuo riconoscimento o Decentrata	Medicinali soggetti a prescrizione medica
034952059	034952	SEQUACOR	1,25 MG COMPRESSE RIVESTITE CON FILM- 56 COMPRESSE IN BLISTER PVC/AL	BISOPROLOLO FUMARATO	BISOPROLOLO FUMARATO	1.25	milligrammi	Compressa rivestita con film	C07AB07	DOMPE' FARMACEUTICI S.P.A.	Autorizzata	Procedura Mutuo riconoscimento o Decentrata	Medicinali soggetti a prescrizione medica
034952061	034952	SEQUACOR	1,25 MG COMPRESSE RIVESTITE CON FILM- 60 COMPRESSE IN BLISTER PVC/AL	BISOPROLOLO FUMARATO	BISOPROLOLO FUMARATO	1.25	milligrammi	Compressa rivestita con film	C07AB07	DOMPE' FARMACEUTICI S.P.A.	Autorizzata	Procedura Mutuo riconoscimento o Decentrata	Medicinali soggetti a prescrizione medica
034952073	034952	SEQUACOR	1,25 MG COMPRESSE RIVESTITE CON FILM- 90 COMPRESSE IN BLISTER PVC/AL	BISOPROLOLO FUMARATO	BISOPROLOLO FUMARATO	1.25	milligrammi	Compressa rivestita con film	C07AB07	DOMPE' FARMACEUTICI S.P.A.	Autorizzata	Procedura Mutuo riconoscimento o Decentrata	Medicinali soggetti a prescrizione medica
034952085	034952	SEQUACOR	1,25 MG COMPRESSE RIVESTITE CON FILM- 100 COMPRESSE IN BLISTER PVC/AL	BISOPROLOLO FUMARATO	BISOPROLOLO FUMARATO	1.25	milligrammi	Compressa rivestita con film	C07AB07	DOMPE' FARMACEUTICI S.P.A.	Autorizzata	Procedura Mutuo riconoscimento o Decentrata	Medicinali soggetti a prescrizione medica
034952097	034952	SEQUACOR	2,5 MG COMPRESSE RIVESTITE CON FILM- 20 COMPRESSE IN BLISTER PVC/AL	BISOPROLOLO FUMARATO	BISOPROLOLO FUMARATO	2.5	milligrammi	Compressa rivestita con film	C07AB07	DOMPE' FARMACEUTICI S.P.A.	Autorizzata	Procedura Mutuo riconoscimento o Decentrata	Medicinali soggetti a prescrizione medica
034952109	034952	SEQUACOR	2,5 MG COMPRESSE RIVESTITE CON FILM- 28 COMPRESSE IN BLISTER PVC/AL	BISOPROLOLO FUMARATO	BISOPROLOLO FUMARATO	2.5	milligrammi	Compressa rivestita con film	C07AB07	DOMPE' FARMACEUTICI S.P.A.	Autorizzata	Procedura Mutuo riconoscimento o Decentrata	Medicinali soggetti a prescrizione medica
034952111	034952	SEQUACOR	2,5 MG COMPRESSE RIVESTITE CON FILM- 30 COMPRESSE IN BLISTER PVC/AL	BISOPROLOLO FUMARATO	BISOPROLOLO FUMARATO	2.5	milligrammi	Compressa rivestita con film	C07AB07	DOMPE' FARMACEUTICI S.P.A.	Autorizzata	Procedura Mutuo riconoscimento o Decentrata	Medicinali soggetti a prescrizione medica
034952123	034952	SEQUACOR	2,5 MG COMPRESSE RIVESTITE CON FILM- 50 COMPRESSE IN BLISTER PVC/AL	BISOPROLOLO FUMARATO	BISOPROLOLO FUMARATO	2.5	milligrammi	Compressa rivestita con film	C07AB07	DOMPE' FARMACEUTICI S.P.A.	Autorizzata	Procedura Mutuo riconoscimento o Decentrata	Medicinali soggetti a prescrizione medica
034952135	034952	SEQUACOR	2,5 MG COMPRESSE RIVESTITE CON FILM- 56 COMPRESSE IN BLISTER PVC/AL	BISOPROLOLO FUMARATO	BISOPROLOLO FUMARATO	2.5	milligrammi	Compressa rivestita con film	C07AB07	DOMPE' FARMACEUTICI S.P.A.	Autorizzata	Procedura Mutuo riconoscimento o Decentrata	Medicinali soggetti a prescrizione medica
034952147	034952	SEQUACOR	2,5 MG COMPRESSE RIVESTITE CON FILM- 60 COMPRESSE IN BLISTER PVC/AL	BISOPROLOLO FUMARATO	BISOPROLOLO FUMARATO	2.5	milligrammi	Compressa rivestita con film	C07AB07	DOMPE' FARMACEUTICI S.P.A.	Autorizzata	Procedura Mutuo riconoscimento o Decentrata	Medicinali soggetti a prescrizione medica
034952150	034952	SEQUACOR	2,5 MG COMPRESSE RIVESTITE CON FILM- 90 COMPRESSE IN BLISTER PVC/AL	BISOPROLOLO FUMARATO	BISOPROLOLO FUMARATO	2.5	milligrammi	Compressa rivestita con film	C07AB07	DOMPE' FARMACEUTICI S.P.A.	Autorizzata	Procedura Mutuo riconoscimento o Decentrata	Medicinali soggetti a prescrizione medica
034952162	034952	SEQUACOR	2,5 MG COMPRESSE RIVESTITE CON FILM- 100 COMPRESSE IN BLISTER PVC/AL	BISOPROLOLO FUMARATO	BISOPROLOLO FUMARATO	2.5	milligrammi	Compressa rivestita con film	C07AB07	DOMPE' FARMACEUTICI S.P.A.	Autorizzata	Procedura Mutuo riconoscimento o Decentrata	Medicinali soggetti a prescrizione medica
034952174	034952	SEQUACOR	3,75 MG COMPRESSE RIVESTITE CON FILM- 20 COMPRESSE IN BLISTER PVC/AL	BISOPROLOLO FUMARATO	BISOPROLOLO FUMARATO	3.75	milligrammi	Compressa rivestita con film	C07AB07	DOMPE' FARMACEUTICI S.P.A.	Autorizzata	Procedura Mutuo riconoscimento o Decentrata	Medicinali soggetti a prescrizione medica
034952186	034952	SEQUACOR	3,75 MG COMPRESSE RIVESTITE CON FILM- 28 COMPRESSE IN BLISTER PVC/AL	BISOPROLOLO FUMARATO	BISOPROLOLO FUMARATO	3.75	milligrammi	Compressa rivestita con film	C07AB07	DOMPE' FARMACEUTICI S.P.A.	Autorizzata	Procedura Mutuo riconoscimento o Decentrata	Medicinali soggetti a prescrizione medica
034952198	034952	SEQUACOR	3,75 MG COMPRESSE RIVESTITE CON FILM- 30 COMPRESSE IN BLISTER PVC/AL	BISOPROLOLO FUMARATO	BISOPROLOLO FUMARATO	3.75	milligrammi	Compressa rivestita con film	C07AB07	DOMPE' FARMACEUTICI S.P.A.	Autorizzata	Procedura Mutuo riconoscimento o Decentrata	Medicinali soggetti a prescrizione medica
034952200	034952	SEQUACOR	3,75 MG COMPRESSE RIVESTITE CON FILM- 50 COMPRESSE IN BLISTER PVC/AL	BISOPROLOLO FUMARATO	BISOPROLOLO FUMARATO	3.75	milligrammi	Compressa rivestita con film	C07AB07	DOMPE' FARMACEUTICI S.P.A.	Autorizzata	Procedura Mutuo riconoscimento o Decentrata	Medicinali soggetti a prescrizione medica
034952212	034952	SEQUACOR	3,75 MG COMPRESSE RIVESTITE CON FILM- 56 COMPRESSE IN BLISTER PVC/AL	BISOPROLOLO FUMARATO	BISOPROLOLO FUMARATO	3.75	milligrammi	Compressa rivestita con film	C07AB07	DOMPE' FARMACEUTICI S.P.A.	Autorizzata	Procedura Mutuo riconoscimento o Decentrata	Medicinali soggetti a prescrizione medica
034952224	034952	SEQUACOR	3,75 MG COMPRESSE RIVESTITE CON FILM- 60 COMPRESSE IN BLISTER PVC/AL	BISOPROLOLO FUMARATO	BISOPROLOLO FUMARATO	3.75	milligrammi	Compressa rivestita con film	C07AB07	DOMPE' FARMACEUTICI S.P.A.	Autorizzata	Procedura Mutuo riconoscimento o Decentrata	Medicinali soggetti a prescrizione medica
034952236	034952	SEQUACOR	3,75 MG COMPRESSE RIVESTITE CON FILM- 90 COMPRESSE IN BLISTER PVC/AL	BISOPROLOLO FUMARATO	BISOPROLOLO FUMARATO	3.75	milligrammi	Compressa rivestita con film	C07AB07	DOMPE' FARMACEUTICI S.P.A.	Autorizzata	Procedura Mutuo riconoscimento o Decentrata	Medicinali soggetti a prescrizione medica
034952248	034952	SEQUACOR	3,75 MG COMPRESSE RIVESTITE CON FILM- 100 COMPRESSE IN BLISTER PVC/AL	BISOPROLOLO FUMARATO	BISOPROLOLO FUMARATO	3.75	milligrammi	Compressa rivestita con film	C07AB07	DOMPE' FARMACEUTICI S.P.A.	Autorizzata	Procedura Mutuo riconoscimento o Decentrata	Medicinali soggetti a prescrizione medica
034952251	034952	SEQUACOR	5 MG COMPRESSE RIVESTITE CON FILM- 20 COMPRESSE IN BLISTER PVC/AL	BISOPROLOLO FUMARATO	BISOPROLOLO FUMARATO	5	milligrammi	Compressa rivestita con film	C07AB07	DOMPE' FARMACEUTICI S.P.A.	Autorizzata	Procedura Mutuo riconoscimento o Decentrata	Medicinali soggetti a prescrizione medica
034952263	034952	SEQUACOR	5 MG COMPRESSE RIVESTITE CON FILM- 28 COMPRESSE IN BLISTER PVC/AL	BISOPROLOLO FUMARATO	BISOPROLOLO FUMARATO	5	milligrammi	Compressa rivestita con film	C07AB07	DOMPE' FARMACEUTICI S.P.A.	Autorizzata	Procedura Mutuo riconoscimento o Decentrata	Medicinali soggetti a prescrizione medica
034952275	034952	SEQUACOR	5 MG COMPRESSE RIVESTITE CON FILM- 30 COMPRESSE IN BLISTER PVC/AL	BISOPROLOLO FUMARATO	BISOPROLOLO FUMARATO	5	milligrammi	Compressa rivestita con film	C07AB07	DOMPE' FARMACEUTICI S.P.A.	Autorizzata	Procedura Mutuo riconoscimento o Decentrata	Medicinali soggetti a prescrizione medica
034952287	034952	SEQUACOR	5 MG COMPRESSE RIVESTITE CON FILM- 50 COMPRESSE IN BLISTER PVC/AL	BISOPROLOLO FUMARATO	BISOPROLOLO FUMARATO	5	milligrammi	Compressa rivestita con film	C07AB07	DOMPE' FARMACEUTICI S.P.A.	Autorizzata	Procedura Mutuo riconoscimento o Decentrata	Medicinali soggetti a prescrizione medica
034952299	034952	SEQUACOR	5 MG COMPRESSE RIVESTITE CON FILM- 56 COMPRESSE IN BLISTER PVC/AL	BISOPROLOLO FUMARATO	BISOPROLOLO FUMARATO	5	milligrammi	Compressa rivestita con film	C07AB07	DOMPE' FARMACEUTICI S.P.A.	Autorizzata	Procedura Mutuo riconoscimento o Decentrata	Medicinali soggetti a prescrizione medica
034952301	034952	SEQUACOR	5 MG COMPRESSE RIVESTITE CON FILM- 60 COMPRESSE IN BLISTER PVC/AL	BISOPROLOLO FUMARATO	BISOPROLOLO FUMARATO	5	milligrammi	Compressa rivestita con film	C07AB07	DOMPE' FARMACEUTICI S.P.A.	Autorizzata	Procedura Mutuo riconoscimento o Decentrata	Medicinali soggetti a prescrizione medica
034952313	034952	SEQUACOR	5 MG COMPRESSE RIVESTITE CON FILM- 90 COMPRESSE IN BLISTER PVC/AL	BISOPROLOLO FUMARATO	BISOPROLOLO FUMARATO	5	milligrammi	Compressa rivestita con film	C07AB07	DOMPE' FARMACEUTICI S.P.A.	Autorizzata	Procedura Mutuo riconoscimento o Decentrata	Medicinali soggetti a prescrizione medica
034952325	034952	SEQUACOR	5 MG COMPRESSE RIVESTITE CON FILM- 100 COMPRESSE IN BLISTER PVC/AL	BISOPROLOLO FUMARATO	BISOPROLOLO FUMARATO	5	milligrammi	Compressa rivestita con film	C07AB07	DOMPE' FARMACEUTICI S.P.A.	Autorizzata	Procedura Mutuo riconoscimento o Decentrata	Medicinali soggetti a prescrizione medica
034952337	034952	SEQUACOR	7,5 MG COMPRESSE RIVESTITE CON FILM- 20 COMPRESSE IN BLISTER PVC/AL	BISOPROLOLO FUMARATO	BISOPROLOLO FUMARATO	7.5	milligrammi	Compressa rivestita con film	C07AB07	DOMPE' FARMACEUTICI S.P.A.	Autorizzata	Procedura Mutuo riconoscimento o Decentrata	Medicinali soggetti a prescrizione medica
034952349	034952	SEQUACOR	7,5 MG COMPRESSE RIVESTITE CON FILM- 28 COMPRESSE IN BLISTER PVC/AL	BISOPROLOLO FUMARATO	BISOPROLOLO FUMARATO	7.5	milligrammi	Compressa rivestita con film	C07AB07	DOMPE' FARMACEUTICI S.P.A.	Autorizzata	Procedura Mutuo riconoscimento o Decentrata	Medicinali soggetti a prescrizione medica
034952352	034952	SEQUACOR	7,5 MG COMPRESSE RIVESTITE CON FILM- 30 COMPRESSE IN BLISTER PVC/AL	BISOPROLOLO FUMARATO	BISOPROLOLO FUMARATO	7.5	milligrammi	Compressa rivestita con film	C07AB07	DOMPE' FARMACEUTICI S.P.A.	Autorizzata	Procedura Mutuo riconoscimento o Decentrata	Medicinali soggetti a prescrizione medica
034952364	034952	SEQUACOR	7,5 MG COMPRESSE RIVESTITE CON FILM- 50 COMPRESSE IN BLISTER PVC/AL	BISOPROLOLO FUMARATO	BISOPROLOLO FUMARATO	7.5	milligrammi	Compressa rivestita con film	C07AB07	DOMPE' FARMACEUTICI S.P.A.	Autorizzata	Procedura Mutuo riconoscimento o Decentrata	Medicinali soggetti a prescrizione medica
034952376	034952	SEQUACOR	7,5 MG COMPRESSE RIVESTITE CON FILM- 56 COMPRESSE IN BLISTER PVC/AL	BISOPROLOLO FUMARATO	BISOPROLOLO FUMARATO	7.5	milligrammi	Compressa rivestita con film	C07AB07	DOMPE' FARMACEUTICI S.P.A.	Autorizzata	Procedura Mutuo riconoscimento o Decentrata	Medicinali soggetti a prescrizione medica
034952388	034952	SEQUACOR	7,5 MG COMPRESSE RIVESTITE CON FILM- 60 COMPRESSE IN BLISTER PVC/AL	BISOPROLOLO FUMARATO	BISOPROLOLO FUMARATO	7.5	milligrammi	Compressa rivestita con film	C07AB07	DOMPE' FARMACEUTICI S.P.A.	Autorizzata	Procedura Mutuo riconoscimento o Decentrata	Medicinali soggetti a prescrizione medica
034952390	034952	SEQUACOR	7,5 MG COMPRESSE RIVESTITE CON FILM- 90 COMPRESSE IN BLISTER PVC/AL	BISOPROLOLO FUMARATO	BISOPROLOLO FUMARATO	7.5	milligrammi	Compressa rivestita con film	C07AB07	DOMPE' FARMACEUTICI S.P.A.	Autorizzata	Procedura Mutuo riconoscimento o Decentrata	Medicinali soggetti a prescrizione medica
034952402	034952	SEQUACOR	7,5 MG COMPRESSE RIVESTITE CON FILM- 100 COMPRESSE IN BLISTER PVC/AL	BISOPROLOLO FUMARATO	BISOPROLOLO FUMARATO	7.5	milligrammi	Compressa rivestita con film	C07AB07	DOMPE' FARMACEUTICI S.P.A.	Autorizzata	Procedura Mutuo riconoscimento o Decentrata	Medicinali soggetti a prescrizione medica
034952414	034952	SEQUACOR	10 MG COMPRESSE RIVESTITE CON FILM- 20 COMPRESSE IN BLISTER PVC/AL	BISOPROLOLO FUMARATO	BISOPROLOLO FUMARATO	10	milligrammi	Compressa rivestita con film	C07AB07	DOMPE' FARMACEUTICI S.P.A.	Autorizzata	Procedura Mutuo riconoscimento o Decentrata	Medicinali soggetti a prescrizione medica
034952426	034952	SEQUACOR	10 MG COMPRESSE RIVESTITE CON FILM- 28 COMPRESSE IN BLISTER PVC/AL	BISOPROLOLO FUMARATO	BISOPROLOLO FUMARATO	10	milligrammi	Compressa rivestita con film	C07AB07	DOMPE' FARMACEUTICI S.P.A.	Autorizzata	Procedura Mutuo riconoscimento o Decentrata	Medicinali soggetti a prescrizione medica
034952438	034952	SEQUACOR	10 MG COMPRESSE RIVESTITE CON FILM- 30 COMPRESSE IN BLISTER PVC/AL	BISOPROLOLO FUMARATO	BISOPROLOLO FUMARATO	10	milligrammi	Compressa rivestita con film	C07AB07	DOMPE' FARMACEUTICI S.P.A.	Autorizzata	Procedura Mutuo riconoscimento o Decentrata	Medicinali soggetti a prescrizione medica
034952440	034952	SEQUACOR	10 MG COMPRESSE RIVESTITE CON FILM- 50 COMPRESSE IN BLISTER PVC/AL	BISOPROLOLO FUMARATO	BISOPROLOLO FUMARATO	10	milligrammi	Compressa rivestita con film	C07AB07	DOMPE' FARMACEUTICI S.P.A.	Autorizzata	Procedura Mutuo riconoscimento o Decentrata	Medicinali soggetti a prescrizione medica
034952453	034952	SEQUACOR	10 MG COMPRESSE RIVESTITE CON FILM- 56 COMPRESSE IN BLISTER PVC/AL	BISOPROLOLO FUMARATO	BISOPROLOLO FUMARATO	10	milligrammi	Compressa rivestita con film	C07AB07	DOMPE' FARMACEUTICI S.P.A.	Autorizzata	Procedura Mutuo riconoscimento o Decentrata	Medicinali soggetti a prescrizione medica
034952465	034952	SEQUACOR	10 MG COMPRESSE RIVESTITE CON FILM- 60 COMPRESSE IN BLISTER PVC/AL	BISOPROLOLO FUMARATO	BISOPROLOLO FUMARATO	10	milligrammi	Compressa rivestita con film	C07AB07	DOMPE' FARMACEUTICI S.P.A.	Autorizzata	Procedura Mutuo riconoscimento o Decentrata	Medicinali soggetti a prescrizione medica
034952477	034952	SEQUACOR	10 MG COMPRESSE RIVESTITE CON FILM- 90 COMPRESSE IN BLISTER PVC/AL	BISOPROLOLO FUMARATO	BISOPROLOLO FUMARATO	10	milligrammi	Compressa rivestita con film	C07AB07	DOMPE' FARMACEUTICI S.P.A.	Autorizzata	Procedura Mutuo riconoscimento o Decentrata	Medicinali soggetti a prescrizione medica
034952489	034952	SEQUACOR	10 MG COMPRESSE RIVESTITE CON FILM- 100 COMPRESSE IN BLISTER PVC/AL	BISOPROLOLO FUMARATO	BISOPROLOLO FUMARATO	10	milligrammi	Compressa rivestita con film	C07AB07	DOMPE' FARMACEUTICI S.P.A.	Autorizzata	Procedura Mutuo riconoscimento o Decentrata	Medicinali soggetti a prescrizione medica
034952491	034952	SEQUACOR	1,25 MG COMPRESSE RIVESTITE CON FILM- 28 COMPRESSE IN BLISTER AL/AL	BISOPROLOLO FUMARATO	BISOPROLOLO FUMARATO	1.25	milligrammi	Compressa rivestita con film	C07AB07	DOMPE' FARMACEUTICI S.P.A.	Autorizzata	Procedura Mutuo riconoscimento o Decentrata	Medicinali soggetti a prescrizione medica
034952503	034952	SEQUACOR	2,5 MG COMPRESSE RIVESTITE CON FILM- 28 COMPRESSE IN BLISTER AL/AL	BISOPROLOLO FUMARATO	BISOPROLOLO FUMARATO	2.5	milligrammi	Compressa rivestita con film	C07AB07	DOMPE' FARMACEUTICI S.P.A.	Autorizzata	Procedura Mutuo riconoscimento o Decentrata	Medicinali soggetti a prescrizione medica
034952515	034952	SEQUACOR	3,75 MG COMPRESSE RIVESTITE CON FILM- 28 COMPRESSE IN BLISTER AL/AL	BISOPROLOLO FUMARATO	BISOPROLOLO FUMARATO	3.75	milligrammi	Compressa rivestita con film	C07AB07	DOMPE' FARMACEUTICI S.P.A.	Autorizzata	Procedura Mutuo riconoscimento o Decentrata	Medicinali soggetti a prescrizione medica
034952527	034952	SEQUACOR	5 MG COMPRESSE RIVESTITE CON FILM- 28 COMPRESSE IN BLISTER AL/AL	BISOPROLOLO FUMARATO	BISOPROLOLO FUMARATO	5	milligrammi	Compressa rivestita con film	C07AB07	DOMPE' FARMACEUTICI S.P.A.	Autorizzata	Procedura Mutuo riconoscimento o Decentrata	Medicinali soggetti a prescrizione medica
034952539	034952	SEQUACOR	7,5 MG COMPRESSE RIVESTITE CON FILM- 28 COMPRESSE IN BLISTER AL/AL	BISOPROLOLO FUMARATO	BISOPROLOLO FUMARATO	7.5	milligrammi	Compressa rivestita con film	C07AB07	DOMPE' FARMACEUTICI S.P.A.	Autorizzata	Procedura Mutuo riconoscimento o Decentrata	Medicinali soggetti a prescrizione medica
034952541	034952	SEQUACOR	10 MG COMPRESSE RIVESTITE CON FILM- 28 COMPRESSE IN BLISTER AL/AL	BISOPROLOLO FUMARATO	BISOPROLOLO FUMARATO	10	milligrammi	Compressa rivestita con film	C07AB07	DOMPE' FARMACEUTICI S.P.A.	Autorizzata	Procedura Mutuo riconoscimento o Decentrata	Medicinali soggetti a prescrizione medica
034953012	034953	CONGESCOR	20 COMPRESSE IN BLISTER PVC/AL DA 1.25 MG	BISOPROLOLO FUMARATO	BISOPROLOLO FUMARATO	1.25	milligrammi	Compressa rivestita con film	C07AB07	MERCK SERONO S.P.A.	Autorizzata	Procedura Mutuo riconoscimento o Decentrata	Medicinali soggetti a prescrizione medica
034953024	034953	CONGESCOR	28 COMPRESSE IN BLISTER PVC/AL DA 1.25 MG	BISOPROLOLO FUMARATO	BISOPROLOLO FUMARATO	1.25	milligrammi	Compressa rivestita con film	C07AB07	MERCK SERONO S.P.A.	Autorizzata	Procedura Mutuo riconoscimento o Decentrata	Medicinali soggetti a prescrizione medica
034953036	034953	CONGESCOR	30 COMPRESSE IN BLISTER PVC/AL DA 1.25 MG	BISOPROLOLO FUMARATO	BISOPROLOLO FUMARATO	1.25	milligrammi	Compressa rivestita con film	C07AB07	MERCK SERONO S.P.A.	Autorizzata	Procedura Mutuo riconoscimento o Decentrata	Medicinali soggetti a prescrizione medica
034953048	034953	CONGESCOR	50 COMPRESSE IN BLISTER PVC/AL DA 1.25 MG	BISOPROLOLO FUMARATO	BISOPROLOLO FUMARATO	1.25	milligrammi	Compressa rivestita con film	C07AB07	MERCK SERONO S.P.A.	Autorizzata	Procedura Mutuo riconoscimento o Decentrata	Medicinali soggetti a prescrizione medica
034953051	034953	CONGESCOR	56 COMPRESSE IN BLISTER PVC/AL DA 1.25 MG	BISOPROLOLO FUMARATO	BISOPROLOLO FUMARATO	1.25	milligrammi	Compressa rivestita con film	C07AB07	MERCK SERONO S.P.A.	Autorizzata	Procedura Mutuo riconoscimento o Decentrata	Medicinali soggetti a prescrizione medica
034953063	034953	CONGESCOR	60 COMPRESSE IN BLISTER PVC/AL DA 1.25 MG	BISOPROLOLO FUMARATO	BISOPROLOLO FUMARATO	1.25	milligrammi	Compressa rivestita con film	C07AB07	MERCK SERONO S.P.A.	Autorizzata	Procedura Mutuo riconoscimento o Decentrata	Medicinali soggetti a prescrizione medica
034953075	034953	CONGESCOR	90 COMPRESSE IN BLISTER PVC/AL DA 1.25 MG	BISOPROLOLO FUMARATO	BISOPROLOLO FUMARATO	1.25	milligrammi	Compressa rivestita con film	C07AB07	MERCK SERONO S.P.A.	Autorizzata	Procedura Mutuo riconoscimento o Decentrata	Medicinali soggetti a prescrizione medica
034953087	034953	CONGESCOR	20 COMPRESSE IN BLISTER PVC/AL DA 2.5 MG	BISOPROLOLO FUMARATO	BISOPROLOLO FUMARATO	2.5	milligrammi	Compressa rivestita con film	C07AB07	MERCK SERONO S.P.A.	Autorizzata	Procedura Mutuo riconoscimento o Decentrata	Medicinali soggetti a prescrizione medica
034953099	034953	CONGESCOR	28 COMPRESSE IN BLISTER PVC/AL DA 2.5 MG	BISOPROLOLO FUMARATO	BISOPROLOLO FUMARATO	2.5	milligrammi	Compressa rivestita con film	C07AB07	MERCK SERONO S.P.A.	Autorizzata	Procedura Mutuo riconoscimento o Decentrata	Medicinali soggetti a prescrizione medica
034953101	034953	CONGESCOR	30 COMPRESSE IN BLISTER PVC/AL DA 2.5 MG	BISOPROLOLO FUMARATO	BISOPROLOLO FUMARATO	2.5	milligrammi	Compressa rivestita con film	C07AB07	MERCK SERONO S.P.A.	Autorizzata	Procedura Mutuo riconoscimento o Decentrata	Medicinali soggetti a prescrizione medica
034953113	034953	CONGESCOR	50 COMPRESSE IN BLISTER PVC/AL DA 2.5 MG	BISOPROLOLO FUMARATO	BISOPROLOLO FUMARATO	2.5	milligrammi	Compressa rivestita con film	C07AB07	MERCK SERONO S.P.A.	Autorizzata	Procedura Mutuo riconoscimento o Decentrata	Medicinali soggetti a prescrizione medica
034953125	034953	CONGESCOR	56 COMPRESSE IN BLISTER PVC/AL DA 2.5 MG	BISOPROLOLO FUMARATO	BISOPROLOLO FUMARATO	2.5	milligrammi	Compressa rivestita con film	C07AB07	MERCK SERONO S.P.A.	Autorizzata	Procedura Mutuo riconoscimento o Decentrata	Medicinali soggetti a prescrizione medica
034953137	034953	CONGESCOR	60 COMPRESSE IN BLISTER PVC/AL DA 2.5 MG	BISOPROLOLO FUMARATO	BISOPROLOLO FUMARATO	2.5	milligrammi	Compressa rivestita con film	C07AB07	MERCK SERONO S.P.A.	Autorizzata	Procedura Mutuo riconoscimento o Decentrata	Medicinali soggetti a prescrizione medica
034953149	034953	CONGESCOR	90 COMPRESSE IN BLISTER PVC/AL DA 2.5 MG	BISOPROLOLO FUMARATO	BISOPROLOLO FUMARATO	2.5	milligrammi	Compressa rivestita con film	C07AB07	MERCK SERONO S.P.A.	Autorizzata	Procedura Mutuo riconoscimento o Decentrata	Medicinali soggetti a prescrizione medica
034953152	034953	CONGESCOR	100 COMPRESSE IN BLISTER PVC/AL DA 2.5 MG	BISOPROLOLO FUMARATO	BISOPROLOLO FUMARATO	2.5	milligrammi	Compressa rivestita con film	C07AB07	MERCK SERONO S.P.A.	Autorizzata	Procedura Mutuo riconoscimento o Decentrata	Medicinali soggetti a prescrizione medica
034953164	034953	CONGESCOR	20 COMPRESSE IN BLISTER PVC/AL DA 3.75 MG	BISOPROLOLO FUMARATO	BISOPROLOLO FUMARATO	3.75	milligrammi	Compressa rivestita con film	C07AB07	MERCK SERONO S.P.A.	Autorizzata	Procedura Mutuo riconoscimento o Decentrata	Medicinali soggetti a prescrizione medica
034953176	034953	CONGESCOR	28 COMPRESSE IN BLISTER PVC/AL DA 3.75 MG	BISOPROLOLO FUMARATO	BISOPROLOLO FUMARATO	3.75	milligrammi	Compressa rivestita con film	C07AB07	MERCK SERONO S.P.A.	Autorizzata	Procedura Mutuo riconoscimento o Decentrata	Medicinali soggetti a prescrizione medica
034953188	034953	CONGESCOR	30 COMPRESSE IN BLISTER PVC/AL DA 3.75 MG	BISOPROLOLO FUMARATO	BISOPROLOLO FUMARATO	3.75	milligrammi	Compressa rivestita con film	C07AB07	MERCK SERONO S.P.A.	Autorizzata	Procedura Mutuo riconoscimento o Decentrata	Medicinali soggetti a prescrizione medica
034953190	034953	CONGESCOR	50 COMPRESSE IN BLISTER PVC/AL DA 3.75 MG	BISOPROLOLO FUMARATO	BISOPROLOLO FUMARATO	3.75	milligrammi	Compressa rivestita con film	C07AB07	MERCK SERONO S.P.A.	Autorizzata	Procedura Mutuo riconoscimento o Decentrata	Medicinali soggetti a prescrizione medica
034953202	034953	CONGESCOR	56 COMPRESSE IN BLISTER PVC/AL DA 3.75 MG	BISOPROLOLO FUMARATO	BISOPROLOLO FUMARATO	3.75	milligrammi	Compressa rivestita con film	C07AB07	MERCK SERONO S.P.A.	Autorizzata	Procedura Mutuo riconoscimento o Decentrata	Medicinali soggetti a prescrizione medica
034953214	034953	CONGESCOR	60 COMPRESSE IN BLISTER PVC/AL DA 3.75 MG	BISOPROLOLO FUMARATO	BISOPROLOLO FUMARATO	3.75	milligrammi	Compressa rivestita con film	C07AB07	MERCK SERONO S.P.A.	Autorizzata	Procedura Mutuo riconoscimento o Decentrata	Medicinali soggetti a prescrizione medica
034953226	034953	CONGESCOR	90 COMPRESSE IN BLISTER PVC/AL DA 3.75 MG	BISOPROLOLO FUMARATO	BISOPROLOLO FUMARATO	3.75	milligrammi	Compressa rivestita con film	C07AB07	MERCK SERONO S.P.A.	Autorizzata	Procedura Mutuo riconoscimento o Decentrata	Medicinali soggetti a prescrizione medica
034953238	034953	CONGESCOR	100 COMPRESSE IN BLISTER PVC/AL DA 3.75 MG	BISOPROLOLO FUMARATO	BISOPROLOLO FUMARATO	3.75	milligrammi	Compressa rivestita con film	C07AB07	MERCK SERONO S.P.A.	Autorizzata	Procedura Mutuo riconoscimento o Decentrata	Medicinali soggetti a prescrizione medica
034953240	034953	CONGESCOR	20 COMPRESSE IN BLISTER PVC/AL DA 5 MG	BISOPROLOLO FUMARATO	BISOPROLOLO FUMARATO	5	milligrammi	Compressa rivestita con film	C07AB07	MERCK SERONO S.P.A.	Autorizzata	Procedura Mutuo riconoscimento o Decentrata	Medicinali soggetti a prescrizione medica
034953253	034953	CONGESCOR	28 COMPRESSE IN BLISTER PVC/AL DA 5 MG	BISOPROLOLO FUMARATO	BISOPROLOLO FUMARATO	5	milligrammi	Compressa rivestita con film	C07AB07	MERCK SERONO S.P.A.	Autorizzata	Procedura Mutuo riconoscimento o Decentrata	Medicinali soggetti a prescrizione medica
034953265	034953	CONGESCOR	30 COMPRESSE IN BLISTER PVC/AL DA 5 MG	BISOPROLOLO FUMARATO	BISOPROLOLO FUMARATO	5	milligrammi	Compressa rivestita con film	C07AB07	MERCK SERONO S.P.A.	Autorizzata	Procedura Mutuo riconoscimento o Decentrata	Medicinali soggetti a prescrizione medica
034953277	034953	CONGESCOR	50 COMPRESSE IN BLISTER PVC/AL DA 5 MG	BISOPROLOLO FUMARATO	BISOPROLOLO FUMARATO	5	milligrammi	Compressa rivestita con film	C07AB07	MERCK SERONO S.P.A.	Autorizzata	Procedura Mutuo riconoscimento o Decentrata	Medicinali soggetti a prescrizione medica
034953289	034953	CONGESCOR	56 COMPRESSE IN BLISTER PVC/AL DA 5 MG	BISOPROLOLO FUMARATO	BISOPROLOLO FUMARATO	5	milligrammi	Compressa rivestita con film	C07AB07	MERCK SERONO S.P.A.	Autorizzata	Procedura Mutuo riconoscimento o Decentrata	Medicinali soggetti a prescrizione medica
034953291	034953	CONGESCOR	60 COMPRESSE IN BLISTER PVC/AL DA 5 MG	BISOPROLOLO FUMARATO	BISOPROLOLO FUMARATO	5	milligrammi	Compressa rivestita con film	C07AB07	MERCK SERONO S.P.A.	Autorizzata	Procedura Mutuo riconoscimento o Decentrata	Medicinali soggetti a prescrizione medica
034953303	034953	CONGESCOR	90 COMPRESSE IN BLISTER PVC/AL DA 5 MG	BISOPROLOLO FUMARATO	BISOPROLOLO FUMARATO	5	milligrammi	Compressa rivestita con film	C07AB07	MERCK SERONO S.P.A.	Autorizzata	Procedura Mutuo riconoscimento o Decentrata	Medicinali soggetti a prescrizione medica
034953315	034953	CONGESCOR	100 COMPRESSE IN BLISTER PVC/AL DA 5 MG	BISOPROLOLO FUMARATO	BISOPROLOLO FUMARATO	5	milligrammi	Compressa rivestita con film	C07AB07	MERCK SERONO S.P.A.	Autorizzata	Procedura Mutuo riconoscimento o Decentrata	Medicinali soggetti a prescrizione medica
034953327	034953	CONGESCOR	20 COMPRESSE IN BLISTER PVC/AL DA 7.5 MG	BISOPROLOLO FUMARATO	BISOPROLOLO FUMARATO	7.5	milligrammi	Compressa rivestita con film	C07AB07	MERCK SERONO S.P.A.	Autorizzata	Procedura Mutuo riconoscimento o Decentrata	Medicinali soggetti a prescrizione medica
034953339	034953	CONGESCOR	28 COMPRESSE IN BLISTER PVC/AL DA 7.5 MG	BISOPROLOLO FUMARATO	BISOPROLOLO FUMARATO	7.5	milligrammi	Compressa rivestita con film	C07AB07	MERCK SERONO S.P.A.	Autorizzata	Procedura Mutuo riconoscimento o Decentrata	Medicinali soggetti a prescrizione medica
034953341	034953	CONGESCOR	30 COMPRESSE IN BLISTER PVC/AL DA 7.5 MG	BISOPROLOLO FUMARATO	BISOPROLOLO FUMARATO	7.5	milligrammi	Compressa rivestita con film	C07AB07	MERCK SERONO S.P.A.	Autorizzata	Procedura Mutuo riconoscimento o Decentrata	Medicinali soggetti a prescrizione medica
034953354	034953	CONGESCOR	50 COMPRESSE IN BLISTER PVC/AL DA 7.5 MG	BISOPROLOLO FUMARATO	BISOPROLOLO FUMARATO	7.5	milligrammi	Compressa rivestita con film	C07AB07	MERCK SERONO S.P.A.	Autorizzata	Procedura Mutuo riconoscimento o Decentrata	Medicinali soggetti a prescrizione medica
034953366	034953	CONGESCOR	56 COMPRESSE IN BLISTER PVC/AL DA 7.5 MG	BISOPROLOLO FUMARATO	BISOPROLOLO FUMARATO	7.5	milligrammi	Compressa rivestita con film	C07AB07	MERCK SERONO S.P.A.	Autorizzata	Procedura Mutuo riconoscimento o Decentrata	Medicinali soggetti a prescrizione medica
034953378	034953	CONGESCOR	60 COMPRESSE IN BLISTER PVC/AL DA 7.5 MG	BISOPROLOLO FUMARATO	BISOPROLOLO FUMARATO	7.5	milligrammi	Compressa rivestita con film	C07AB07	MERCK SERONO S.P.A.	Autorizzata	Procedura Mutuo riconoscimento o Decentrata	Medicinali soggetti a prescrizione medica
034953380	034953	CONGESCOR	90 COMPRESSE IN BLISTER PVC/AL DA 7.5 MG	BISOPROLOLO FUMARATO	BISOPROLOLO FUMARATO	7.5	milligrammi	Compressa rivestita con film	C07AB07	MERCK SERONO S.P.A.	Autorizzata	Procedura Mutuo riconoscimento o Decentrata	Medicinali soggetti a prescrizione medica
034953392	034953	CONGESCOR	100 COMPRESSE IN BLISTER PVC/AL DA 7.5 MG	BISOPROLOLO FUMARATO	BISOPROLOLO FUMARATO	7.5	milligrammi	Compressa rivestita con film	C07AB07	MERCK SERONO S.P.A.	Autorizzata	Procedura Mutuo riconoscimento o Decentrata	Medicinali soggetti a prescrizione medica
034953404	034953	CONGESCOR	20 COMPRESSE IN BLISTER PVC/AL DA 10 MG	BISOPROLOLO FUMARATO	BISOPROLOLO FUMARATO	10	milligrammi	Compressa rivestita con film	C07AB07	MERCK SERONO S.P.A.	Autorizzata	Procedura Mutuo riconoscimento o Decentrata	Medicinali soggetti a prescrizione medica
034953416	034953	CONGESCOR	28 COMPRESSE IN BLISTER PVC/AL DA 10 MG	BISOPROLOLO FUMARATO	BISOPROLOLO FUMARATO	10	milligrammi	Compressa rivestita con film	C07AB07	MERCK SERONO S.P.A.	Autorizzata	Procedura Mutuo riconoscimento o Decentrata	Medicinali soggetti a prescrizione medica
034953428	034953	CONGESCOR	30 COMPRESSE IN BLISTER PVC/AL DA 10 MG	BISOPROLOLO FUMARATO	BISOPROLOLO FUMARATO	10	milligrammi	Compressa rivestita con film	C07AB07	MERCK SERONO S.P.A.	Autorizzata	Procedura Mutuo riconoscimento o Decentrata	Medicinali soggetti a prescrizione medica
034953430	034953	CONGESCOR	50 COMPRESSE IN BLISTER PVC/AL DA 10 MG	BISOPROLOLO FUMARATO	BISOPROLOLO FUMARATO	10	milligrammi	Compressa rivestita con film	C07AB07	MERCK SERONO S.P.A.	Autorizzata	Procedura Mutuo riconoscimento o Decentrata	Medicinali soggetti a prescrizione medica
034953442	034953	CONGESCOR	56 COMPRESSE IN BLISTER PVC/AL DA 10 MG	BISOPROLOLO FUMARATO	BISOPROLOLO FUMARATO	10	milligrammi	Compressa rivestita con film	C07AB07	MERCK SERONO S.P.A.	Autorizzata	Procedura Mutuo riconoscimento o Decentrata	Medicinali soggetti a prescrizione medica
034953455	034953	CONGESCOR	60 COMPRESSE IN BLISTER PVC/AL DA 10 MG	BISOPROLOLO FUMARATO	BISOPROLOLO FUMARATO	10	milligrammi	Compressa rivestita con film	C07AB07	MERCK SERONO S.P.A.	Autorizzata	Procedura Mutuo riconoscimento o Decentrata	Medicinali soggetti a prescrizione medica
034953467	034953	CONGESCOR	90 COMPRESSE IN BLISTER PVC/AL DA 10 MG	BISOPROLOLO FUMARATO	BISOPROLOLO FUMARATO	10	milligrammi	Compressa rivestita con film	C07AB07	MERCK SERONO S.P.A.	Autorizzata	Procedura Mutuo riconoscimento o Decentrata	Medicinali soggetti a prescrizione medica
034953479	034953	CONGESCOR	100 COMPRESSE IN BLISTER PVC/AL DA 10 MG	BISOPROLOLO FUMARATO	BISOPROLOLO FUMARATO	10	milligrammi	Compressa rivestita con film	C07AB07	MERCK SERONO S.P.A.	Autorizzata	Procedura Mutuo riconoscimento o Decentrata	Medicinali soggetti a prescrizione medica
034953481	034953	CONGESCOR	100 COMPRESSE IN BLISTER PVC/AL DA 1,25 MG	BISOPROLOLO FUMARATO	BISOPROLOLO FUMARATO	1.25	milligrammi	Compressa rivestita con film	C07AB07	MERCK SERONO S.P.A.	Autorizzata	Procedura Mutuo riconoscimento o Decentrata	Medicinali soggetti a prescrizione medica
034954014	034954	CARDICOR	28 COMPRESSE IN BLISTER PVC/AL DA 1.25 MG	BISOPROLOLO FUMARATO	BISOPROLOLO FUMARATO	1.25	milligrammi	Compressa rivestita con film	C07AB07	MERCK SERONO S.P.A.	Autorizzata	Procedura Mutuo riconoscimento o Decentrata	Medicinali soggetti a prescrizione medica
034954026	034954	CARDICOR	20 COMPRESSE IN BLISTER PVC/AL DA 1.25 MG	BISOPROLOLO FUMARATO	BISOPROLOLO FUMARATO	1.25	milligrammi	Compressa rivestita con film	C07AB07	MERCK SERONO S.P.A.	Autorizzata	Procedura Mutuo riconoscimento o Decentrata	Medicinali soggetti a prescrizione medica
034954038	034954	CARDICOR	30 COMPRESSE IN BLISTER PVC/AL DA 1.25 MG	BISOPROLOLO FUMARATO	BISOPROLOLO FUMARATO	1.25	milligrammi	Compressa rivestita con film	C07AB07	MERCK SERONO S.P.A.	Autorizzata	Procedura Mutuo riconoscimento o Decentrata	Medicinali soggetti a prescrizione medica
034954040	034954	CARDICOR	50 COMPRESSE IN BLISTER PVC/AL DA 1.25 MG	BISOPROLOLO FUMARATO	BISOPROLOLO FUMARATO	1.25	milligrammi	Compressa rivestita con film	C07AB07	MERCK SERONO S.P.A.	Autorizzata	Procedura Mutuo riconoscimento o Decentrata	Medicinali soggetti a prescrizione medica
034954053	034954	CARDICOR	56 COMPRESSE IN BLISTER PVC/AL DA 1.25 MG	BISOPROLOLO FUMARATO	BISOPROLOLO FUMARATO	1.25	milligrammi	Compressa rivestita con film	C07AB07	MERCK SERONO S.P.A.	Autorizzata	Procedura Mutuo riconoscimento o Decentrata	Medicinali soggetti a prescrizione medica
034954065	034954	CARDICOR	60 COMPRESSE IN BLISTER PVC/AL DA 1.25 MG	BISOPROLOLO FUMARATO	BISOPROLOLO FUMARATO	1.25	milligrammi	Compressa rivestita con film	C07AB07	MERCK SERONO S.P.A.	Autorizzata	Procedura Mutuo riconoscimento o Decentrata	Medicinali soggetti a prescrizione medica
034954077	034954	CARDICOR	90 COMPRESSE IN BLISTER PVC/AL DA 1.25 MG	BISOPROLOLO FUMARATO	BISOPROLOLO FUMARATO	1.25	milligrammi	Compressa rivestita con film	C07AB07	MERCK SERONO S.P.A.	Autorizzata	Procedura Mutuo riconoscimento o Decentrata	Medicinali soggetti a prescrizione medica
034954089	034954	CARDICOR	100 COMPRESSE IN BLISTER PVC/AL DA 1.25 MG	BISOPROLOLO FUMARATO	BISOPROLOLO FUMARATO	1.25	milligrammi	Compressa rivestita con film	C07AB07	MERCK SERONO S.P.A.	Autorizzata	Procedura Mutuo riconoscimento o Decentrata	Medicinali soggetti a prescrizione medica
034954091	034954	CARDICOR	20 COMPRESSE IN BLISTER PVC/AL DA 2.5 MG	BISOPROLOLO FUMARATO	BISOPROLOLO FUMARATO	2.5	milligrammi	Compressa rivestita con film	C07AB07	MERCK SERONO S.P.A.	Autorizzata	Procedura Mutuo riconoscimento o Decentrata	Medicinali soggetti a prescrizione medica
034954103	034954	CARDICOR	28 COMPRESSE IN BLISTER PVC/AL DA 2.5 MG	BISOPROLOLO FUMARATO	BISOPROLOLO FUMARATO	2.5	milligrammi	Compressa rivestita con film	C07AB07	MERCK SERONO S.P.A.	Autorizzata	Procedura Mutuo riconoscimento o Decentrata	Medicinali soggetti a prescrizione medica
034954115	034954	CARDICOR	30 COMPRESSE IN BLISTER PVC/AL DA 2.5 MG	BISOPROLOLO FUMARATO	BISOPROLOLO FUMARATO	2.5	milligrammi	Compressa rivestita con film	C07AB07	MERCK SERONO S.P.A.	Autorizzata	Procedura Mutuo riconoscimento o Decentrata	Medicinali soggetti a prescrizione medica
034954127	034954	CARDICOR	50 COMPRESSE IN BLISTER PVC/AL DA 2.5 MG	BISOPROLOLO FUMARATO	BISOPROLOLO FUMARATO	2.5	milligrammi	Compressa rivestita con film	C07AB07	MERCK SERONO S.P.A.	Autorizzata	Procedura Mutuo riconoscimento o Decentrata	Medicinali soggetti a prescrizione medica
034954139	034954	CARDICOR	56 COMPRESSE IN BLISTER PVC/AL DA 2.5 MG	BISOPROLOLO FUMARATO	BISOPROLOLO FUMARATO	2.5	milligrammi	Compressa rivestita con film	C07AB07	MERCK SERONO S.P.A.	Autorizzata	Procedura Mutuo riconoscimento o Decentrata	Medicinali soggetti a prescrizione medica
034954141	034954	CARDICOR	60 COMPRESSE IN BLISTER PVC/AL DA 2.5 MG	BISOPROLOLO FUMARATO	BISOPROLOLO FUMARATO	2.5	milligrammi	Compressa rivestita con film	C07AB07	MERCK SERONO S.P.A.	Autorizzata	Procedura Mutuo riconoscimento o Decentrata	Medicinali soggetti a prescrizione medica
034954154	034954	CARDICOR	90 COMPRESSE IN BLISTER PVC/AL DA 2.5 MG	BISOPROLOLO FUMARATO	BISOPROLOLO FUMARATO	2.5	milligrammi	Compressa rivestita con film	C07AB07	MERCK SERONO S.P.A.	Autorizzata	Procedura Mutuo riconoscimento o Decentrata	Medicinali soggetti a prescrizione medica
034954166	034954	CARDICOR	100 COMPRESSE IN BLISTER PVC/AL DA 2.5 MG	BISOPROLOLO FUMARATO	BISOPROLOLO FUMARATO	2.5	milligrammi	Compressa rivestita con film	C07AB07	MERCK SERONO S.P.A.	Autorizzata	Procedura Mutuo riconoscimento o Decentrata	Medicinali soggetti a prescrizione medica
034954178	034954	CARDICOR	20 COMPRESSE IN BLISTER PVC/AL DA 3.75 MG	BISOPROLOLO FUMARATO	BISOPROLOLO FUMARATO	3.75	milligrammi	Compressa rivestita con film	C07AB07	MERCK SERONO S.P.A.	Autorizzata	Procedura Mutuo riconoscimento o Decentrata	Medicinali soggetti a prescrizione medica
034954180	034954	CARDICOR	28 COMPRESSE IN BLISTER PVC/AL DA 3.75 MG	BISOPROLOLO FUMARATO	BISOPROLOLO FUMARATO	3.75	milligrammi	Compressa rivestita con film	C07AB07	MERCK SERONO S.P.A.	Autorizzata	Procedura Mutuo riconoscimento o Decentrata	Medicinali soggetti a prescrizione medica
034954192	034954	CARDICOR	30 COMPRESSE IN BLISTER PVC/AL DA 3.75 MG	BISOPROLOLO FUMARATO	BISOPROLOLO FUMARATO	3.75	milligrammi	Compressa rivestita con film	C07AB07	MERCK SERONO S.P.A.	Autorizzata	Procedura Mutuo riconoscimento o Decentrata	Medicinali soggetti a prescrizione medica
034954204	034954	CARDICOR	50 COMPRESSE IN BLISTER PVC/AL DA 3.75 MG	BISOPROLOLO FUMARATO	BISOPROLOLO FUMARATO	3.75	milligrammi	Compressa rivestita con film	C07AB07	MERCK SERONO S.P.A.	Autorizzata	Procedura Mutuo riconoscimento o Decentrata	Medicinali soggetti a prescrizione medica
034954216	034954	CARDICOR	56 COMPRESSE IN BLISTER PVC/AL DA 3.75 MG	BISOPROLOLO FUMARATO	BISOPROLOLO FUMARATO	3.75	milligrammi	Compressa rivestita con film	C07AB07	MERCK SERONO S.P.A.	Autorizzata	Procedura Mutuo riconoscimento o Decentrata	Medicinali soggetti a prescrizione medica
034954228	034954	CARDICOR	60 COMPRESSE IN BLISTER PVC/AL DA 3.75 MG	BISOPROLOLO FUMARATO	BISOPROLOLO FUMARATO	3.75	milligrammi	Compressa rivestita con film	C07AB07	MERCK SERONO S.P.A.	Autorizzata	Procedura Mutuo riconoscimento o Decentrata	Medicinali soggetti a prescrizione medica
034954230	034954	CARDICOR	90 COMPRESSE IN BLISTER PVC/AL DA 3.75 MG	BISOPROLOLO FUMARATO	BISOPROLOLO FUMARATO	3.75	milligrammi	Compressa rivestita con film	C07AB07	MERCK SERONO S.P.A.	Autorizzata	Procedura Mutuo riconoscimento o Decentrata	Medicinali soggetti a prescrizione medica
034954242	034954	CARDICOR	100 COMPRESSE IN BLISTER PVC/AL DA 3.75 MG	BISOPROLOLO FUMARATO	BISOPROLOLO FUMARATO	3.75	milligrammi	Compressa rivestita con film	C07AB07	MERCK SERONO S.P.A.	Autorizzata	Procedura Mutuo riconoscimento o Decentrata	Medicinali soggetti a prescrizione medica
034954255	034954	CARDICOR	20 COMPRESSE IN BLISTER PVC/AL DA 5 MG	BISOPROLOLO FUMARATO	BISOPROLOLO FUMARATO	5	milligrammi	Compressa rivestita con film	C07AB07	MERCK SERONO S.P.A.	Autorizzata	Procedura Mutuo riconoscimento o Decentrata	Medicinali soggetti a prescrizione medica
034954267	034954	CARDICOR	28 COMPRESSE IN BLISTER PVC/AL DA 5 MG	BISOPROLOLO FUMARATO	BISOPROLOLO FUMARATO	5	milligrammi	Compressa rivestita con film	C07AB07	MERCK SERONO S.P.A.	Autorizzata	Procedura Mutuo riconoscimento o Decentrata	Medicinali soggetti a prescrizione medica
034954279	034954	CARDICOR	30 COMPRESSE IN BLISTER PVC/AL DA 5 MG	BISOPROLOLO FUMARATO	BISOPROLOLO FUMARATO	5	milligrammi	Compressa rivestita con film	C07AB07	MERCK SERONO S.P.A.	Autorizzata	Procedura Mutuo riconoscimento o Decentrata	Medicinali soggetti a prescrizione medica
034954281	034954	CARDICOR	50 COMPRESSE IN BLISTER PVC/AL DA 5 MG	BISOPROLOLO FUMARATO	BISOPROLOLO FUMARATO	5	milligrammi	Compressa rivestita con film	C07AB07	MERCK SERONO S.P.A.	Autorizzata	Procedura Mutuo riconoscimento o Decentrata	Medicinali soggetti a prescrizione medica
034954293	034954	CARDICOR	56 COMPRESSE IN BLISTER PVC/AL DA 5 MG	BISOPROLOLO FUMARATO	BISOPROLOLO FUMARATO	5	milligrammi	Compressa rivestita con film	C07AB07	MERCK SERONO S.P.A.	Autorizzata	Procedura Mutuo riconoscimento o Decentrata	Medicinali soggetti a prescrizione medica
034954305	034954	CARDICOR	60 COMPRESSE IN BLISTER PVC/AL DA 5 MG	BISOPROLOLO FUMARATO	BISOPROLOLO FUMARATO	5	milligrammi	Compressa rivestita con film	C07AB07	MERCK SERONO S.P.A.	Autorizzata	Procedura Mutuo riconoscimento o Decentrata	Medicinali soggetti a prescrizione medica
034954317	034954	CARDICOR	90 COMPRESSE IN BLISTER PVC/AL DA 5 MG	BISOPROLOLO FUMARATO	BISOPROLOLO FUMARATO	5	milligrammi	Compressa rivestita con film	C07AB07	MERCK SERONO S.P.A.	Autorizzata	Procedura Mutuo riconoscimento o Decentrata	Medicinali soggetti a prescrizione medica
034954329	034954	CARDICOR	100 COMPRESSE IN BLISTER PVC/AL DA 5 MG	BISOPROLOLO FUMARATO	BISOPROLOLO FUMARATO	5	milligrammi	Compressa rivestita con film	C07AB07	MERCK SERONO S.P.A.	Autorizzata	Procedura Mutuo riconoscimento o Decentrata	Medicinali soggetti a prescrizione medica
034954331	034954	CARDICOR	20 COMPRESSE IN BLISTER PVC/AL DA 7.5 MG	BISOPROLOLO FUMARATO	BISOPROLOLO FUMARATO	7.5	milligrammi	Compressa rivestita con film	C07AB07	MERCK SERONO S.P.A.	Autorizzata	Procedura Mutuo riconoscimento o Decentrata	Medicinali soggetti a prescrizione medica
034954343	034954	CARDICOR	28 COMPRESSE IN BLISTER PVC/AL DA 7.5 MG	BISOPROLOLO FUMARATO	BISOPROLOLO FUMARATO	7.5	milligrammi	Compressa rivestita con film	C07AB07	MERCK SERONO S.P.A.	Autorizzata	Procedura Mutuo riconoscimento o Decentrata	Medicinali soggetti a prescrizione medica
034954356	034954	CARDICOR	30 COMPRESSE IN BLISTER PVC/AL DA 7.5 MG	BISOPROLOLO FUMARATO	BISOPROLOLO FUMARATO	7.5	milligrammi	Compressa rivestita con film	C07AB07	MERCK SERONO S.P.A.	Autorizzata	Procedura Mutuo riconoscimento o Decentrata	Medicinali soggetti a prescrizione medica
034954368	034954	CARDICOR	50 COMPRESSE IN BLISTER PVC/AL DA 7.5 MG	BISOPROLOLO FUMARATO	BISOPROLOLO FUMARATO	7.5	milligrammi	Compressa rivestita con film	C07AB07	MERCK SERONO S.P.A.	Autorizzata	Procedura Mutuo riconoscimento o Decentrata	Medicinali soggetti a prescrizione medica
034954370	034954	CARDICOR	56 COMPRESSE IN BLISTER PVC/AL DA 7.5 MG	BISOPROLOLO FUMARATO	BISOPROLOLO FUMARATO	7.5	milligrammi	Compressa rivestita con film	C07AB07	MERCK SERONO S.P.A.	Autorizzata	Procedura Mutuo riconoscimento o Decentrata	Medicinali soggetti a prescrizione medica
034954382	034954	CARDICOR	60 COMPRESSE IN BLISTER PVC/AL DA 7.5 MG	BISOPROLOLO FUMARATO	BISOPROLOLO FUMARATO	7.5	milligrammi	Compressa rivestita con film	C07AB07	MERCK SERONO S.P.A.	Autorizzata	Procedura Mutuo riconoscimento o Decentrata	Medicinali soggetti a prescrizione medica
034954394	034954	CARDICOR	90 COMPRESSE IN BLISTER PVC/AL DA 7.5 MG	BISOPROLOLO FUMARATO	BISOPROLOLO FUMARATO	7.5	milligrammi	Compressa rivestita con film	C07AB07	MERCK SERONO S.P.A.	Autorizzata	Procedura Mutuo riconoscimento o Decentrata	Medicinali soggetti a prescrizione medica
034954406	034954	CARDICOR	100 COMPRESSE IN BLISTER PVC/AL DA 7.5 MG	BISOPROLOLO FUMARATO	BISOPROLOLO FUMARATO	7.5	milligrammi	Compressa rivestita con film	C07AB07	MERCK SERONO S.P.A.	Autorizzata	Procedura Mutuo riconoscimento o Decentrata	Medicinali soggetti a prescrizione medica
034954418	034954	CARDICOR	20 COMPRESSE IN BLISTER PVC/AL DA 10 MG	BISOPROLOLO FUMARATO	BISOPROLOLO FUMARATO	10	milligrammi	Compressa rivestita con film	C07AB07	MERCK SERONO S.P.A.	Autorizzata	Procedura Mutuo riconoscimento o Decentrata	Medicinali soggetti a prescrizione medica
034954420	034954	CARDICOR	28 COMPRESSE IN BLISTER PVC/AL DA 10 MG	BISOPROLOLO FUMARATO	BISOPROLOLO FUMARATO	10	milligrammi	Compressa rivestita con film	C07AB07	MERCK SERONO S.P.A.	Autorizzata	Procedura Mutuo riconoscimento o Decentrata	Medicinali soggetti a prescrizione medica
034954432	034954	CARDICOR	30 COMPRESSE IN BLISTER PVC/AL DA 10 MG	BISOPROLOLO FUMARATO	BISOPROLOLO FUMARATO	10	milligrammi	Compressa rivestita con film	C07AB07	MERCK SERONO S.P.A.	Autorizzata	Procedura Mutuo riconoscimento o Decentrata	Medicinali soggetti a prescrizione medica
034954444	034954	CARDICOR	50 COMPRESSE IN BLISTER PVC/AL DA 10 MG	BISOPROLOLO FUMARATO	BISOPROLOLO FUMARATO	10	milligrammi	Compressa rivestita con film	C07AB07	MERCK SERONO S.P.A.	Autorizzata	Procedura Mutuo riconoscimento o Decentrata	Medicinali soggetti a prescrizione medica
034954457	034954	CARDICOR	56 COMPRESSE IN BLISTER PVC/AL DA 10 MG	BISOPROLOLO FUMARATO	BISOPROLOLO FUMARATO	10	milligrammi	Compressa rivestita con film	C07AB07	MERCK SERONO S.P.A.	Autorizzata	Procedura Mutuo riconoscimento o Decentrata	Medicinali soggetti a prescrizione medica
034954469	034954	CARDICOR	60 COMPRESSE IN BLISTER PVC/AL DA 10 MG	BISOPROLOLO FUMARATO	BISOPROLOLO FUMARATO	10	milligrammi	Compressa rivestita con film	C07AB07	MERCK SERONO S.P.A.	Autorizzata	Procedura Mutuo riconoscimento o Decentrata	Medicinali soggetti a prescrizione medica
034954471	034954	CARDICOR	90 COMPRESSE IN BLISTER PVC/AL DA 10 MG	BISOPROLOLO FUMARATO	BISOPROLOLO FUMARATO	10	milligrammi	Compressa rivestita con film	C07AB07	MERCK SERONO S.P.A.	Autorizzata	Procedura Mutuo riconoscimento o Decentrata	Medicinali soggetti a prescrizione medica
034954483	034954	CARDICOR	100 COMPRESSE IN BLISTER PVC/AL DA 10 MG	BISOPROLOLO FUMARATO	BISOPROLOLO FUMARATO	10	milligrammi	Compressa rivestita con film	C07AB07	MERCK SERONO S.P.A.	Autorizzata	Procedura Mutuo riconoscimento o Decentrata	Medicinali soggetti a prescrizione medica
035583018	035583	LODOZ	30 COMPRESSE RIVESTITE CON FILM DA 2,5 MG/6,25 MG	BISOPROLOLO FUMARATO	BISOPROLOLO FUMARATO	2.5	milligrammi	Compressa rivestita con film	C07BB07	MERCK SERONO S.P.A.	Autorizzata	Procedura Mutuo riconoscimento o Decentrata	Medicinali soggetti a prescrizione medica
035583020	035583	LODOZ	50 COMPRESSE RIVESTITE CON FILM DA 2,5 MG/6,25 MG	BISOPROLOLO FUMARATO	BISOPROLOLO FUMARATO	2.5	milligrammi	Compressa rivestita con film	C07BB07	MERCK SERONO S.P.A.	Autorizzata	Procedura Mutuo riconoscimento o Decentrata	Medicinali soggetti a prescrizione medica
035583032	035583	LODOZ	60 COMPRESSE RIVESTITE CON FILM DA 2,5 MG/6,25 MG	BISOPROLOLO FUMARATO	BISOPROLOLO FUMARATO	2.5	milligrammi	Compressa rivestita con film	C07BB07	MERCK SERONO S.P.A.	Autorizzata	Procedura Mutuo riconoscimento o Decentrata	Medicinali soggetti a prescrizione medica
035583044	035583	LODOZ	90 COMPRESSE RIVESTITE CON FILM DA 2,5 MG/6,25 MG	BISOPROLOLO FUMARATO	BISOPROLOLO FUMARATO	2.5	milligrammi	Compressa rivestita con film	C07BB07	MERCK SERONO S.P.A.	Autorizzata	Procedura Mutuo riconoscimento o Decentrata	Medicinali soggetti a prescrizione medica
035583057	035583	LODOZ	100 COMPRESSE RIVESTITE CON FILM DA 2,5 MG/6,25 MG	BISOPROLOLO FUMARATO	BISOPROLOLO FUMARATO	2.5	milligrammi	Compressa rivestita con film	C07BB07	MERCK SERONO S.P.A.	Autorizzata	Procedura Mutuo riconoscimento o Decentrata	Medicinali soggetti a prescrizione medica
035583069	035583	LODOZ	30 COMPRESSE RIVESTITE CON FILM DA 5 MG/6,25 MG	BISOPROLOLO FUMARATO	BISOPROLOLO FUMARATO	5	milligrammi	Compressa rivestita con film	C07BB07	MERCK SERONO S.P.A.	Autorizzata	Procedura Mutuo riconoscimento o Decentrata	Medicinali soggetti a prescrizione medica
035583071	035583	LODOZ	50 COMPRESSE RIVESTITE CON FILM DA,5 MG/6,25 MG	BISOPROLOLO FUMARATO	BISOPROLOLO FUMARATO	5	milligrammi	Compressa rivestita con film	C07BB07	MERCK SERONO S.P.A.	Autorizzata	Procedura Mutuo riconoscimento o Decentrata	Medicinali soggetti a prescrizione medica
035583083	035583	LODOZ	60 COMPRESSE RIVESTITE CON FILM DA 5 MG/6,25 MG	BISOPROLOLO FUMARATO	BISOPROLOLO FUMARATO	5	milligrammi	Compressa rivestita con film	C07BB07	MERCK SERONO S.P.A.	Autorizzata	Procedura Mutuo riconoscimento o Decentrata	Medicinali soggetti a prescrizione medica
035583095	035583	LODOZ	90 COMPRESSE RIVESTITE CON FILM DA 5 MG/6,25 MG	BISOPROLOLO FUMARATO	BISOPROLOLO FUMARATO	5	milligrammi	Compressa rivestita con film	C07BB07	MERCK SERONO S.P.A.	Autorizzata	Procedura Mutuo riconoscimento o Decentrata	Medicinali soggetti a prescrizione medica
035583107	035583	LODOZ	100 COMPRESSE RIVESTITE CON FILM DA 5 MG/6,25 MG	BISOPROLOLO FUMARATO	BISOPROLOLO FUMARATO	5	milligrammi	Compressa rivestita con film	C07BB07	MERCK SERONO S.P.A.	Autorizzata	Procedura Mutuo riconoscimento o Decentrata	Medicinali soggetti a prescrizione medica
035583119	035583	LODOZ	30 COMPRESSE RIVESTITE CON FILM DA 10 MG/6,25 MG	BISOPROLOLO FUMARATO	BISOPROLOLO FUMARATO	10	milligrammi	Compressa rivestita con film	C07BB07	MERCK SERONO S.P.A.	Autorizzata	Procedura Mutuo riconoscimento o Decentrata	Medicinali soggetti a prescrizione medica
035583121	035583	LODOZ	50 COMPRESSE RIVESTITE CON FILM DA 10 MG/6,25 MG	BISOPROLOLO FUMARATO	BISOPROLOLO FUMARATO	10	milligrammi	Compressa rivestita con film	C07BB07	MERCK SERONO S.P.A.	Autorizzata	Procedura Mutuo riconoscimento o Decentrata	Medicinali soggetti a prescrizione medica
035583133	035583	LODOZ	60 COMPRESSE RIVESTITE CON FILM DA 10 MG/6,25 MG	BISOPROLOLO FUMARATO	BISOPROLOLO FUMARATO	10	milligrammi	Compressa rivestita con film	C07BB07	MERCK SERONO S.P.A.	Autorizzata	Procedura Mutuo riconoscimento o Decentrata	Medicinali soggetti a prescrizione medica
035583145	035583	LODOZ	90 COMPRESSE RIVESTITE CON FILM DA 10 MG/6,25 MG	BISOPROLOLO FUMARATO	BISOPROLOLO FUMARATO	10	milligrammi	Compressa rivestita con film	C07BB07	MERCK SERONO S.P.A.	Autorizzata	Procedura Mutuo riconoscimento o Decentrata	Medicinali soggetti a prescrizione medica
035583158	035583	LODOZ	100 COMPRESSE RIVESTITE CON FILM DA 10 MG/6,25 MG	BISOPROLOLO FUMARATO	BISOPROLOLO FUMARATO	10	milligrammi	Compressa rivestita con film	C07BB07	MERCK SERONO S.P.A.	Autorizzata	Procedura Mutuo riconoscimento o Decentrata	Medicinali soggetti a prescrizione medica
035583160	035583	LODOZ	2,5 MG/6,25 MG COMPRESSE RIVESTITE CON FILM- 30 COMPRESSE IN BLISTER PVC/AL	BISOPROLOLO FUMARATO	BISOPROLOLO FUMARATO	2.5	milligrammi	Compressa rivestita con film	C07BB07	MERCK SERONO S.P.A.	Autorizzata	Procedura Mutuo riconoscimento o Decentrata	Medicinali soggetti a prescrizione medica
035583172	035583	LODOZ	2,5 MG/6,25 MG COMPRESSE RIVESTITE CON FILM- 50 COMPRESSE IN BLISTER PVC/AL	BISOPROLOLO FUMARATO	BISOPROLOLO FUMARATO	2.5	milligrammi	Compressa rivestita con film	C07BB07	MERCK SERONO S.P.A.	Autorizzata	Procedura Mutuo riconoscimento o Decentrata	Medicinali soggetti a prescrizione medica
035583184	035583	LODOZ	2,5 MG/6,25 MG COMPRESSE RIVESTITE CON FILM- 60 COMPRESSE IN BLISTER PVC/AL	BISOPROLOLO FUMARATO	BISOPROLOLO FUMARATO	2.5	milligrammi	Compressa rivestita con film	C07BB07	MERCK SERONO S.P.A.	Autorizzata	Procedura Mutuo riconoscimento o Decentrata	Medicinali soggetti a prescrizione medica
035583196	035583	LODOZ	2,5 MG/6,25 MG COMPRESSE RIVESTITE CON FILM- 90 COMPRESSE IN BLISTER PVC/AL	BISOPROLOLO FUMARATO	BISOPROLOLO FUMARATO	2.5	milligrammi	Compressa rivestita con film	C07BB07	MERCK SERONO S.P.A.	Autorizzata	Procedura Mutuo riconoscimento o Decentrata	Medicinali soggetti a prescrizione medica
035583208	035583	LODOZ	2,5 MG/6,25 MG COMPRESSE RIVESTITE CON FILM- 100 COMPRESSE IN BLISTER PVC/AL	BISOPROLOLO FUMARATO	BISOPROLOLO FUMARATO	2.5	milligrammi	Compressa rivestita con film	C07BB07	MERCK SERONO S.P.A.	Autorizzata	Procedura Mutuo riconoscimento o Decentrata	Medicinali soggetti a prescrizione medica
035583210	035583	LODOZ	5 MG/6,25 MG COMPRESSE RIVESTITE CON FILM- 30 COMPRESSE IN BLISTER PVC/AL	BISOPROLOLO FUMARATO	BISOPROLOLO FUMARATO	5	milligrammi	Compressa rivestita con film	C07BB07	MERCK SERONO S.P.A.	Autorizzata	Procedura Mutuo riconoscimento o Decentrata	Medicinali soggetti a prescrizione medica
035583222	035583	LODOZ	5 MG/6,25 MG COMPRESSE RIVESTITE CON FILM- 50 COMPRESSE IN BLISTER PVC/AL	BISOPROLOLO FUMARATO	BISOPROLOLO FUMARATO	5	milligrammi	Compressa rivestita con film	C07BB07	MERCK SERONO S.P.A.	Autorizzata	Procedura Mutuo riconoscimento o Decentrata	Medicinali soggetti a prescrizione medica
035583234	035583	LODOZ	5 MG/6,25 MG COMPRESSE RIVESTITE CON FILM- 60 COMPRESSE IN BLISTER PVC/AL	BISOPROLOLO FUMARATO	BISOPROLOLO FUMARATO	5	milligrammi	Compressa rivestita con film	C07BB07	MERCK SERONO S.P.A.	Autorizzata	Procedura Mutuo riconoscimento o Decentrata	Medicinali soggetti a prescrizione medica
035583246	035583	LODOZ	5 MG/6,25 MG COMPRESSE RIVESTITE CON FILM- 90 COMPRESSE IN BLISTER PVC/AL	BISOPROLOLO FUMARATO	BISOPROLOLO FUMARATO	5	milligrammi	Compressa rivestita con film	C07BB07	MERCK SERONO S.P.A.	Autorizzata	Procedura Mutuo riconoscimento o Decentrata	Medicinali soggetti a prescrizione medica
035583259	035583	LODOZ	5 MG/6,25 MG COMPRESSE RIVESTITE CON FILM- 100 COMPRESSE IN BLISTER PVC/AL	BISOPROLOLO FUMARATO	BISOPROLOLO FUMARATO	5	milligrammi	Compressa rivestita con film	C07BB07	MERCK SERONO S.P.A.	Autorizzata	Procedura Mutuo riconoscimento o Decentrata	Medicinali soggetti a prescrizione medica
035583261	035583	LODOZ	10 MG/6,25 MG COMPRESSE RIVESTITE CON FILM- 30 COMPRESSE IN BLISTER PVC/AL	BISOPROLOLO FUMARATO	BISOPROLOLO FUMARATO	10	milligrammi	Compressa rivestita con film	C07BB07	MERCK SERONO S.P.A.	Autorizzata	Procedura Mutuo riconoscimento o Decentrata	Medicinali soggetti a prescrizione medica
035583273	035583	LODOZ	10 MG/6,25 MG COMPRESSE RIVESTITE CON FILM- 50 COMPRESSE IN BLISTER PVC/AL	BISOPROLOLO FUMARATO	BISOPROLOLO FUMARATO	10	milligrammi	Compressa rivestita con film	C07BB07	MERCK SERONO S.P.A.	Autorizzata	Procedura Mutuo riconoscimento o Decentrata	Medicinali soggetti a prescrizione medica
035583285	035583	LODOZ	10 MG/6,25 MG COMPRESSE RIVESTITE CON FILM- 60 COMPRESSE IN BLISTER PVC/AL	BISOPROLOLO FUMARATO	BISOPROLOLO FUMARATO	10	milligrammi	Compressa rivestita con film	C07BB07	MERCK SERONO S.P.A.	Autorizzata	Procedura Mutuo riconoscimento o Decentrata	Medicinali soggetti a prescrizione medica
035583297	035583	LODOZ	10 MG/6,25 MG COMPRESSE RIVESTITE CON FILM- 90 COMPRESSE IN BLISTER PVC/AL	BISOPROLOLO FUMARATO	BISOPROLOLO FUMARATO	10	milligrammi	Compressa rivestita con film	C07BB07	MERCK SERONO S.P.A.	Autorizzata	Procedura Mutuo riconoscimento o Decentrata	Medicinali soggetti a prescrizione medica
035583309	035583	LODOZ	10 MG/6,25 MG COMPRESSE RIVESTITE CON FILM- 100 COMPRESSE IN BLISTER PVC/AL	BISOPROLOLO FUMARATO	BISOPROLOLO FUMARATO	10	milligrammi	Compressa rivestita con film	C07BB07	MERCK SERONO S.P.A.	Autorizzata	Procedura Mutuo riconoscimento o Decentrata	Medicinali soggetti a prescrizione medica
035583311	035583	LODOZ	2,5 MG/6,25 MG COMPRESSE RIVESTITE CON FILM- 30 COMPRESSE IN BLISTER AL/AL	BISOPROLOLO FUMARATO	BISOPROLOLO FUMARATO	2.5	milligrammi	Compressa rivestita con film	C07BB07	MERCK SERONO S.P.A.	Autorizzata	Procedura Mutuo riconoscimento o Decentrata	Medicinali soggetti a prescrizione medica
035583323	035583	LODOZ	2,5 MG/6,25 MG COMPRESSE RIVESTITE CON FILM- 50 COMPRESSE IN BLISTER AL/AL	BISOPROLOLO FUMARATO	BISOPROLOLO FUMARATO	2.5	milligrammi	Compressa rivestita con film	C07BB07	MERCK SERONO S.P.A.	Autorizzata	Procedura Mutuo riconoscimento o Decentrata	Medicinali soggetti a prescrizione medica
035583335	035583	LODOZ	2,5 MG/6,25 MG COMPRESSE RIVESTITE CON FILM- 60 COMPRESSE IN BLISTER AL/AL	BISOPROLOLO FUMARATO	BISOPROLOLO FUMARATO	2.5	milligrammi	Compressa rivestita con film	C07BB07	MERCK SERONO S.P.A.	Autorizzata	Procedura Mutuo riconoscimento o Decentrata	Medicinali soggetti a prescrizione medica
035583347	035583	LODOZ	2,5 MG/6,25 MG COMPRESSE RIVESTITE CON FILM- 90 COMPRESSE IN BLISTER AL/AL	BISOPROLOLO FUMARATO	BISOPROLOLO FUMARATO	2.5	milligrammi	Compressa rivestita con film	C07BB07	MERCK SERONO S.P.A.	Autorizzata	Procedura Mutuo riconoscimento o Decentrata	Medicinali soggetti a prescrizione medica
035583350	035583	LODOZ	2,5 MG/6,25 MG COMPRESSE RIVESTITE CON FILM- 100 COMPRESSE IN BLISTER AL/AL	BISOPROLOLO FUMARATO	BISOPROLOLO FUMARATO	2.5	milligrammi	Compressa rivestita con film	C07BB07	MERCK SERONO S.P.A.	Autorizzata	Procedura Mutuo riconoscimento o Decentrata	Medicinali soggetti a prescrizione medica
035583362	035583	LODOZ	5 MG/6,25 MG COMPRESSE RIVESTITE CON FILM- 30 COMPRESSE IN BLISTER AL/AL	BISOPROLOLO FUMARATO	BISOPROLOLO FUMARATO	5	milligrammi	Compressa rivestita con film	C07BB07	MERCK SERONO S.P.A.	Autorizzata	Procedura Mutuo riconoscimento o Decentrata	Medicinali soggetti a prescrizione medica
035583374	035583	LODOZ	5 MG/6,25 MG COMPRESSE RIVESTITE CON FILM- 50 COMPRESSE IN BLISTER AL/AL	BISOPROLOLO FUMARATO	BISOPROLOLO FUMARATO	5	milligrammi	Compressa rivestita con film	C07BB07	MERCK SERONO S.P.A.	Autorizzata	Procedura Mutuo riconoscimento o Decentrata	Medicinali soggetti a prescrizione medica
035583386	035583	LODOZ	5 MG/6,25 MG COMPRESSE RIVESTITE CON FILM- 60 COMPRESSE IN BLISTER AL/AL	BISOPROLOLO FUMARATO	BISOPROLOLO FUMARATO	5	milligrammi	Compressa rivestita con film	C07BB07	MERCK SERONO S.P.A.	Autorizzata	Procedura Mutuo riconoscimento o Decentrata	Medicinali soggetti a prescrizione medica
035583398	035583	LODOZ	5 MG/6,25 MG COMPRESSE RIVESTITE CON FILM- 90 COMPRESSE IN BLISTER AL/AL	BISOPROLOLO FUMARATO	BISOPROLOLO FUMARATO	5	milligrammi	Compressa rivestita con film	C07BB07	MERCK SERONO S.P.A.	Autorizzata	Procedura Mutuo riconoscimento o Decentrata	Medicinali soggetti a prescrizione medica
035583400	035583	LODOZ	5 MG/6,25 MG COMPRESSE RIVESTITE CON FILM- 100 COMPRESSE IN BLISTER AL/AL	BISOPROLOLO FUMARATO	BISOPROLOLO FUMARATO	5	milligrammi	Compressa rivestita con film	C07BB07	MERCK SERONO S.P.A.	Autorizzata	Procedura Mutuo riconoscimento o Decentrata	Medicinali soggetti a prescrizione medica
035583412	035583	LODOZ	10 MG/6,25 MG COMPRESSE RIVESTITE CON FILM- 30 COMPRESSE IN BLISTER AL/AL	BISOPROLOLO FUMARATO	BISOPROLOLO FUMARATO	10	milligrammi	Compressa rivestita con film	C07BB07	MERCK SERONO S.P.A.	Autorizzata	Procedura Mutuo riconoscimento o Decentrata	Medicinali soggetti a prescrizione medica
035583424	035583	LODOZ	10 MG/6,25 MG COMPRESSE RIVESTITE CON FILM- 50 COMPRESSE IN BLISTER AL/AL	BISOPROLOLO FUMARATO	BISOPROLOLO FUMARATO	10	milligrammi	Compressa rivestita con film	C07BB07	MERCK SERONO S.P.A.	Autorizzata	Procedura Mutuo riconoscimento o Decentrata	Medicinali soggetti a prescrizione medica
035583436	035583	LODOZ	10 MG/6,25 MG COMPRESSE RIVESTITE CON FILM- 60 COMPRESSE IN BLISTER AL/AL	BISOPROLOLO FUMARATO	BISOPROLOLO FUMARATO	10	milligrammi	Compressa rivestita con film	C07BB07	MERCK SERONO S.P.A.	Autorizzata	Procedura Mutuo riconoscimento o Decentrata	Medicinali soggetti a prescrizione medica
035583448	035583	LODOZ	10 MG/6,25 MG COMPRESSE RIVESTITE CON FILM- 90 COMPRESSE IN BLISTER AL/AL	BISOPROLOLO FUMARATO	BISOPROLOLO FUMARATO	10	milligrammi	Compressa rivestita con film	C07BB07	MERCK SERONO S.P.A.	Autorizzata	Procedura Mutuo riconoscimento o Decentrata	Medicinali soggetti a prescrizione medica
035583451	035583	LODOZ	10 MG/6,25 MG COMPRESSE RIVESTITE CON FILM- 100 COMPRESSE IN BLISTER AL/AL	BISOPROLOLO FUMARATO	BISOPROLOLO FUMARATO	10	milligrammi	Compressa rivestita con film	C07BB07	MERCK SERONO S.P.A.	Autorizzata	Procedura Mutuo riconoscimento o Decentrata	Medicinali soggetti a prescrizione medica
037130010	037130	BISOPROLOLO EG	5 MG COMPRESSE RIVESTITE CON FILM- 14 COMPRESSE IN BLISTER PVC/PE/PVDC/AL	BISOPROLOLO FUMARATO	BISOPROLOLO FUMARATO	5	milligrammi	Compressa rivestita con film	C07AB07	EG S.P.A.	Autorizzata	Procedura Mutuo riconoscimento o Decentrata	Medicinali soggetti a prescrizione medica
037130022	037130	BISOPROLOLO EG	5 MG COMPRESSE RIVESTITE CON FILM- 20 COMPRESSE IN BLISTER PVC/PE/PVDC/AL	BISOPROLOLO FUMARATO	BISOPROLOLO FUMARATO	5	milligrammi	Compressa rivestita con film	C07AB07	EG S.P.A.	Autorizzata	Procedura Mutuo riconoscimento o Decentrata	Medicinali soggetti a prescrizione medica
037130034	037130	BISOPROLOLO EG	5 MG COMPRESSE RIVESTITE CON FILM- 30 COMPRESSE IN BLISTER PVC/PE/PVDC/AL	BISOPROLOLO FUMARATO	BISOPROLOLO FUMARATO	5	milligrammi	Compressa rivestita con film	C07AB07	EG S.P.A.	Autorizzata	Procedura Mutuo riconoscimento o Decentrata	Medicinali soggetti a prescrizione medica
037130046	037130	BISOPROLOLO EG	5 MG COMPRESSE RIVESTITE CON FILM- 28 COMPRESSE IN BLISTER PVC/PE/PVDC/AL	BISOPROLOLO FUMARATO	BISOPROLOLO FUMARATO	5	milligrammi	Compressa rivestita con film	C07AB07	EG S.P.A.	Autorizzata	Procedura Mutuo riconoscimento o Decentrata	Medicinali soggetti a prescrizione medica
037130059	037130	BISOPROLOLO EG	5 MG COMPRESSE RIVESTITE CON FILM- 50 COMPRESSE IN BLISTER PVC/PE/PVDC/AL	BISOPROLOLO FUMARATO	BISOPROLOLO FUMARATO	5	milligrammi	Compressa rivestita con film	C07AB07	EG S.P.A.	Autorizzata	Procedura Mutuo riconoscimento o Decentrata	Medicinali soggetti a prescrizione medica
037130061	037130	BISOPROLOLO EG	5 MG COMPRESSE RIVESTITE CON FILM- 56 COMPRESSE IN BLISTER PVC/PE/PVDC/AL	BISOPROLOLO FUMARATO	BISOPROLOLO FUMARATO	5	milligrammi	Compressa rivestita con film	C07AB07	EG S.P.A.	Autorizzata	Procedura Mutuo riconoscimento o Decentrata	Medicinali soggetti a prescrizione medica
037130073	037130	BISOPROLOLO EG	5 MG COMPRESSE RIVESTITE CON FILM- 100 COMPRESSE IN BLISTER PVC/PE/PVDC/AL	BISOPROLOLO FUMARATO	BISOPROLOLO FUMARATO	5	milligrammi	Compressa rivestita con film	C07AB07	EG S.P.A.	Autorizzata	Procedura Mutuo riconoscimento o Decentrata	Medicinali soggetti a prescrizione medica
037130085	037130	BISOPROLOLO EG	5 MG COMPRESSE RIVESTITE CON FILM- 14 COMPRESSE IN BLISTER PVC/PE/PVDC/AL IN BUSTINA DI AL	BISOPROLOLO FUMARATO	BISOPROLOLO FUMARATO	5	milligrammi	Compressa rivestita con film	C07AB07	EG S.P.A.	Autorizzata	Procedura Mutuo riconoscimento o Decentrata	Medicinali soggetti a prescrizione medica
037130097	037130	BISOPROLOLO EG	5 MG COMPRESSE RIVESTITE CON FILM- 20 COMPRESSE IN BLISTER PVC/PE/PVDC/AL IN BUSTINA DI AL	BISOPROLOLO FUMARATO	BISOPROLOLO FUMARATO	5	milligrammi	Compressa rivestita con film	C07AB07	EG S.P.A.	Autorizzata	Procedura Mutuo riconoscimento o Decentrata	Medicinali soggetti a prescrizione medica
037130109	037130	BISOPROLOLO EG	5 MG COMPRESSE RIVESTITE CON FILM- 28 COMPRESSE IN BLISTER PVC/PE/PVDC/AL IN BUSTINA DI AL	BISOPROLOLO FUMARATO	BISOPROLOLO FUMARATO	5	milligrammi	Compressa rivestita con film	C07AB07	EG S.P.A.	Autorizzata	Procedura Mutuo riconoscimento o Decentrata	Medicinali soggetti a prescrizione medica
037130111	037130	BISOPROLOLO EG	5 MG COMPRESSE RIVESTITE CON FILM- 30 COMPRESSE IN BLISTER PVC/PE/PVDC/AL IN BUSTINA DI AL	BISOPROLOLO FUMARATO	BISOPROLOLO FUMARATO	5	milligrammi	Compressa rivestita con film	C07AB07	EG S.P.A.	Autorizzata	Procedura Mutuo riconoscimento o Decentrata	Medicinali soggetti a prescrizione medica
037130123	037130	BISOPROLOLO EG	5 MG COMPRESSE RIVESTITE CON FILM- 50 COMPRESSE IN BLISTER PVC/PE/PVDC/AL IN BUSTINA DI AL	BISOPROLOLO FUMARATO	BISOPROLOLO FUMARATO	5	milligrammi	Compressa rivestita con film	C07AB07	EG S.P.A.	Autorizzata	Procedura Mutuo riconoscimento o Decentrata	Medicinali soggetti a prescrizione medica
037130135	037130	BISOPROLOLO EG	5 MG COMPRESSE RIVESTITE CON FILM- 56 COMPRESSE IN BLISTER PVC/PE/PVDC/AL IN BUSTINA DI AL	BISOPROLOLO FUMARATO	BISOPROLOLO FUMARATO	5	milligrammi	Compressa rivestita con film	C07AB07	EG S.P.A.	Autorizzata	Procedura Mutuo riconoscimento o Decentrata	Medicinali soggetti a prescrizione medica
037130147	037130	BISOPROLOLO EG	5 MG COMPRESSE RIVESTITE CON FILM- 100 COMPRESSE IN BLISTER PVC/PE/PVDC/AL IN BUSTINA DI AL	BISOPROLOLO FUMARATO	BISOPROLOLO FUMARATO	5	milligrammi	Compressa rivestita con film	C07AB07	EG S.P.A.	Autorizzata	Procedura Mutuo riconoscimento o Decentrata	Medicinali soggetti a prescrizione medica
037130150	037130	BISOPROLOLO EG	10 MG COMPRESSE RIVESTITE CON FILM- 14 COMPRESSE IN BLISTER PVC/PE/PVDC/AL	BISOPROLOLO FUMARATO	BISOPROLOLO FUMARATO	10	milligrammi	Compressa rivestita con film	C07AB07	EG S.P.A.	Autorizzata	Procedura Mutuo riconoscimento o Decentrata	Medicinali soggetti a prescrizione medica
037130162	037130	BISOPROLOLO EG	10 MG COMPRESSE RIVESTITE CON FILM- 20 COMPRESSE IN BLISTER PVC/PE/PVDC/AL	BISOPROLOLO FUMARATO	BISOPROLOLO FUMARATO	10	milligrammi	Compressa rivestita con film	C07AB07	EG S.P.A.	Autorizzata	Procedura Mutuo riconoscimento o Decentrata	Medicinali soggetti a prescrizione medica
037130174	037130	BISOPROLOLO EG	10 MG COMPRESSE RIVESTITE CON FILM- 28 COMPRESSE IN BLISTER PVC/PE/PVDC/AL	BISOPROLOLO FUMARATO	BISOPROLOLO FUMARATO	10	milligrammi	Compressa rivestita con film	C07AB07	EG S.P.A.	Autorizzata	Procedura Mutuo riconoscimento o Decentrata	Medicinali soggetti a prescrizione medica
037130186	037130	BISOPROLOLO EG	10 MG COMPRESSE RIVESTITE CON FILM- 30 COMPRESSE IN BLISTER PVC/PE/PVDC/AL	BISOPROLOLO FUMARATO	BISOPROLOLO FUMARATO	10	milligrammi	Compressa rivestita con film	C07AB07	EG S.P.A.	Autorizzata	Procedura Mutuo riconoscimento o Decentrata	Medicinali soggetti a prescrizione medica
037130198	037130	BISOPROLOLO EG	10 MG COMPRESSE RIVESTITE CON FILM- 50 COMPRESSE IN BLISTER PVC/PE/PVDC/AL	BISOPROLOLO FUMARATO	BISOPROLOLO FUMARATO	10	milligrammi	Compressa rivestita con film	C07AB07	EG S.P.A.	Autorizzata	Procedura Mutuo riconoscimento o Decentrata	Medicinali soggetti a prescrizione medica
037130200	037130	BISOPROLOLO EG	10 MG COMPRESSE RIVESTITE CON FILM- 56 COMPRESSE IN BLISTER PVC/PE/PVDC/AL	BISOPROLOLO FUMARATO	BISOPROLOLO FUMARATO	10	milligrammi	Compressa rivestita con film	C07AB07	EG S.P.A.	Autorizzata	Procedura Mutuo riconoscimento o Decentrata	Medicinali soggetti a prescrizione medica
037130212	037130	BISOPROLOLO EG	10 MG COMPRESSE RIVESTITE CON FILM- 100 COMPRESSE IN BLISTER PVC/PE/PVDC/AL	BISOPROLOLO FUMARATO	BISOPROLOLO FUMARATO	10	milligrammi	Compressa rivestita con film	C07AB07	EG S.P.A.	Autorizzata	Procedura Mutuo riconoscimento o Decentrata	Medicinali soggetti a prescrizione medica
037130224	037130	BISOPROLOLO EG	10 MG COMPRESSE RIVESTITE CON FILM- 14 COMPRESSE IN BLISTER PVC/PE/PVDC/AL IN BUSTINA DI AL	BISOPROLOLO FUMARATO	BISOPROLOLO FUMARATO	10	milligrammi	Compressa rivestita con film	C07AB07	EG S.P.A.	Autorizzata	Procedura Mutuo riconoscimento o Decentrata	Medicinali soggetti a prescrizione medica
037130236	037130	BISOPROLOLO EG	10 MG COMPRESSE RIVESTITE CON FILM- 20 COMPRESSE IN BLISTER PVC/PE/PVDC/AL IN BUSTINA DI AL	BISOPROLOLO FUMARATO	BISOPROLOLO FUMARATO	10	milligrammi	Compressa rivestita con film	C07AB07	EG S.P.A.	Autorizzata	Procedura Mutuo riconoscimento o Decentrata	Medicinali soggetti a prescrizione medica
037130248	037130	BISOPROLOLO EG	10 MG COMPRESSE RIVESTITE CON FILM- 28 COMPRESSE IN BLISTER PVC/PE/PVDC/AL IN BUSTINA DI AL	BISOPROLOLO FUMARATO	BISOPROLOLO FUMARATO	10	milligrammi	Compressa rivestita con film	C07AB07	EG S.P.A.	Autorizzata	Procedura Mutuo riconoscimento o Decentrata	Medicinali soggetti a prescrizione medica
037130251	037130	BISOPROLOLO EG	10 MG COMPRESSE RIVESTITE CON FILM- 30 COMPRESSE IN BLISTER PVC/PE/PVDC/AL IN BUSTINA DI AL	BISOPROLOLO FUMARATO	BISOPROLOLO FUMARATO	10	milligrammi	Compressa rivestita con film	C07AB07	EG S.P.A.	Autorizzata	Procedura Mutuo riconoscimento o Decentrata	Medicinali soggetti a prescrizione medica
037130263	037130	BISOPROLOLO EG	10 MG COMPRESSE RIVESTITE CON FILM- 50 COMPRESSE IN BLISTER PVC/PE/PVDC/AL IN BUSTINA DI AL	BISOPROLOLO FUMARATO	BISOPROLOLO FUMARATO	10	milligrammi	Compressa rivestita con film	C07AB07	EG S.P.A.	Autorizzata	Procedura Mutuo riconoscimento o Decentrata	Medicinali soggetti a prescrizione medica
037130275	037130	BISOPROLOLO EG	10 MG COMPRESSE RIVESTITE CON FILM- 56 COMPRESSE IN BLISTER PVC/PE/PVDC/AL IN BUSTINA DI AL	BISOPROLOLO FUMARATO	BISOPROLOLO FUMARATO	10	milligrammi	Compressa rivestita con film	C07AB07	EG S.P.A.	Autorizzata	Procedura Mutuo riconoscimento o Decentrata	Medicinali soggetti a prescrizione medica
037130287	037130	BISOPROLOLO EG	10 MG COMPRESSE RIVESTITE CON FILM- 100 COMPRESSE IN BLISTER PVC/PE/PVDC/AL IN BUSTINA DI AL	BISOPROLOLO FUMARATO	BISOPROLOLO FUMARATO	10	milligrammi	Compressa rivestita con film	C07AB07	EG S.P.A.	Autorizzata	Procedura Mutuo riconoscimento o Decentrata	Medicinali soggetti a prescrizione medica
037130299	037130	BISOPROLOLO EG	5 MG COMPRESSE RIVESTITE CON FILM- 30 COMPRESSE IN FLACONE HDPE	BISOPROLOLO FUMARATO	BISOPROLOLO FUMARATO	5	milligrammi	Compressa rivestita con film	C07AB07	EG S.P.A.	Autorizzata	Procedura Mutuo riconoscimento o Decentrata	Medicinali soggetti a prescrizione medica
037130301	037130	BISOPROLOLO EG	5 MG COMPRESSE RIVESTITE CON FILM- 50 COMPRESSE IN FLACONE HDPE	BISOPROLOLO FUMARATO	BISOPROLOLO FUMARATO	5	milligrammi	Compressa rivestita con film	C07AB07	EG S.P.A.	Autorizzata	Procedura Mutuo riconoscimento o Decentrata	Medicinali soggetti a prescrizione medica
037130313	037130	BISOPROLOLO EG	10 MG COMPRESSE RIVESTITE CON FILM- 30 COMPRESSE IN FLACONE HDPE	BISOPROLOLO FUMARATO	BISOPROLOLO FUMARATO	10	milligrammi	Compressa rivestita con film	C07AB07	EG S.P.A.	Autorizzata	Procedura Mutuo riconoscimento o Decentrata	Medicinali soggetti a prescrizione medica
037130325	037130	BISOPROLOLO EG	10 MG COMPRESSE RIVESTITE CON FILM- 50 COMPRESSE IN FLACONE HDPE	BISOPROLOLO FUMARATO	BISOPROLOLO FUMARATO	10	milligrammi	Compressa rivestita con film	C07AB07	EG S.P.A.	Autorizzata	Procedura Mutuo riconoscimento o Decentrata	Medicinali soggetti a prescrizione medica
037130337	037130	BISOPROLOLO EG	5 MG COMPRESSE RIVESTITE CON FILM- 50 (50 X1)  COMPRESSE IN BLISTER MONODOSE PVC/PE/PVDC/AL	BISOPROLOLO FUMARATO	BISOPROLOLO FUMARATO	5	milligrammi	Compressa rivestita con film	C07AB07	EG S.P.A.	Autorizzata	Procedura Mutuo riconoscimento o Decentrata	Medicinali soggetti a prescrizione medica
037130349	037130	BISOPROLOLO EG	10 MG COMPRESSE RIVESTITE CON FILM- 50 (50 X1)  COMPRESSE IN BLISTER MONODOSE PVC/PE/PVDC/AL	BISOPROLOLO FUMARATO	BISOPROLOLO FUMARATO	10	milligrammi	Compressa rivestita con film	C07AB07	EG S.P.A.	Autorizzata	Procedura Mutuo riconoscimento o Decentrata	Medicinali soggetti a prescrizione medica
038810014	038810	BISOPROLOLO ALMUS	1,25 MG COMPRESSE RIVESTITE CON FILM- 7 COMPRESSE IN BLISTER OPA-AL-PVC/AL	BISOPROLOLO FUMARATO	BISOPROLOLO FUMARATO	1.25	milligrammi	Compressa rivestita con film	C07AB07	SANDOZ S.P.A.	Autorizzata	Procedura Mutuo riconoscimento o Decentrata	Medicinali soggetti a prescrizione medica
038810026	038810	BISOPROLOLO ALMUS	1,25 MG COMPRESSE RIVESTITE CON FILM- 10 COMPRESSE IN BLISTER OPA-AL-PVC-AL	BISOPROLOLO FUMARATO	BISOPROLOLO FUMARATO	1.25	milligrammi	Compressa rivestita con film	C07AB07	SANDOZ S.P.A.	Autorizzata	Procedura Mutuo riconoscimento o Decentrata	Medicinali soggetti a prescrizione medica
038810038	038810	BISOPROLOLO ALMUS	1,25 MG COMPRESSE RIVESTITE CON FILM- 20 COMPRESSE IN BLISTER OPA-AL-PVC-AL	BISOPROLOLO FUMARATO	BISOPROLOLO FUMARATO	1.25	milligrammi	Compressa rivestita con film	C07AB07	SANDOZ S.P.A.	Autorizzata	Procedura Mutuo riconoscimento o Decentrata	Medicinali soggetti a prescrizione medica
038810040	038810	BISOPROLOLO ALMUS	1,25 MG COMPRESSE RIVESTITE CON FILM- 28 COMPRESSE IN BLISTER OPA-AL-PVC-AL	BISOPROLOLO FUMARATO	BISOPROLOLO FUMARATO	1.25	milligrammi	Compressa rivestita con film	C07AB07	SANDOZ S.P.A.	Autorizzata	Procedura Mutuo riconoscimento o Decentrata	Medicinali soggetti a prescrizione medica
038810053	038810	BISOPROLOLO ALMUS	1,25 MG COMPRESSE RIVESTITE CON FILM- 30 COMPRESSE IN BLISTER OPA-AL-PVC-AL	BISOPROLOLO FUMARATO	BISOPROLOLO FUMARATO	1.25	milligrammi	Compressa rivestita con film	C07AB07	SANDOZ S.P.A.	Autorizzata	Procedura Mutuo riconoscimento o Decentrata	Medicinali soggetti a prescrizione medica
038810065	038810	BISOPROLOLO ALMUS	1,25 MG COMPRESSE RIVESTITE CON FILM- 50 COMPRESSE IN BLISTER OPA-AL-PVC-AL	BISOPROLOLO FUMARATO	BISOPROLOLO FUMARATO	1.25	milligrammi	Compressa rivestita con film	C07AB07	SANDOZ S.P.A.	Autorizzata	Procedura Mutuo riconoscimento o Decentrata	Medicinali soggetti a prescrizione medica
038810077	038810	BISOPROLOLO ALMUS	1,25 MG COMPRESSE RIVESTITE CON FILM- 60 COMPRESSE IN BLISTER OPA-AL-PVC-AL	BISOPROLOLO FUMARATO	BISOPROLOLO FUMARATO	1.25	milligrammi	Compressa rivestita con film	C07AB07	SANDOZ S.P.A.	Autorizzata	Procedura Mutuo riconoscimento o Decentrata	Medicinali soggetti a prescrizione medica
038810089	038810	BISOPROLOLO ALMUS	1,25 MG COMPRESSE RIVESTITE CON FILM- 100 COMPRESSE IN BLISTER OPA-AL-PVC-AL	BISOPROLOLO FUMARATO	BISOPROLOLO FUMARATO	1.25	milligrammi	Compressa rivestita con film	C07AB07	SANDOZ S.P.A.	Autorizzata	Procedura Mutuo riconoscimento o Decentrata	Medicinali soggetti a prescrizione medica
038810091	038810	BISOPROLOLO ALMUS	1,25 MG COMPRESSE RIVESTITE CON FILM- 10X20 COMPRESSE IN BLISTER OPA-AL-PVC-AL	BISOPROLOLO FUMARATO	BISOPROLOLO FUMARATO	1.25	milligrammi	Compressa rivestita con film	C07AB07	SANDOZ S.P.A.	Autorizzata	Procedura Mutuo riconoscimento o Decentrata	Medicinali soggetti a prescrizione medica
038810103	038810	BISOPROLOLO ALMUS	1,25 MG COMPRESSE RIVESTITE CON FILM- 10X30 COMPRESSE IN BLISTER OPA-AL-PVC-AL	BISOPROLOLO FUMARATO	BISOPROLOLO FUMARATO	1.25	milligrammi	Compressa rivestita con film	C07AB07	SANDOZ S.P.A.	Autorizzata	Procedura Mutuo riconoscimento o Decentrata	Medicinali soggetti a prescrizione medica
038810115	038810	BISOPROLOLO ALMUS	2,5 MG COMPRESSE RIVESTITE CON FILM- 7 COMPRESSE IN BLISTER OPA-AL-PVC-AL	BISOPROLOLO FUMARATO	BISOPROLOLO FUMARATO	2.5	milligrammi	Compressa rivestita con film	C07AB07	SANDOZ S.P.A.	Autorizzata	Procedura Mutuo riconoscimento o Decentrata	Medicinali soggetti a prescrizione medica
038810127	038810	BISOPROLOLO ALMUS	2,5 MG COMPRESSE RIVESTITE CON FILM- 10 COMPRESSE IN BLISTER OPA-AL-PVC-AL	BISOPROLOLO FUMARATO	BISOPROLOLO FUMARATO	2.5	milligrammi	Compressa rivestita con film	C07AB07	SANDOZ S.P.A.	Autorizzata	Procedura Mutuo riconoscimento o Decentrata	Medicinali soggetti a prescrizione medica
038810139	038810	BISOPROLOLO ALMUS	2,5 MG COMPRESSE RIVESTITE CON FILM- 20 COMPRESSE IN BLISTER OPA-AL-PVC-AL	BISOPROLOLO FUMARATO	BISOPROLOLO FUMARATO	2.5	milligrammi	Compressa rivestita con film	C07AB07	SANDOZ S.P.A.	Autorizzata	Procedura Mutuo riconoscimento o Decentrata	Medicinali soggetti a prescrizione medica
038810141	038810	BISOPROLOLO ALMUS	2,5 MG COMPRESSE RIVESTITE CON FILM- 28 COMPRESSE IN BLISTER OPA-AL-PVC-AL	BISOPROLOLO FUMARATO	BISOPROLOLO FUMARATO	2.5	milligrammi	Compressa rivestita con film	C07AB07	SANDOZ S.P.A.	Autorizzata	Procedura Mutuo riconoscimento o Decentrata	Medicinali soggetti a prescrizione medica
038810154	038810	BISOPROLOLO ALMUS	2,5 MG COMPRESSE RIVESTITE CON FILM- 30 COMPRESSE IN BLISTER OPA-AL-PVC-AL	BISOPROLOLO FUMARATO	BISOPROLOLO FUMARATO	2.5	milligrammi	Compressa rivestita con film	C07AB07	SANDOZ S.P.A.	Autorizzata	Procedura Mutuo riconoscimento o Decentrata	Medicinali soggetti a prescrizione medica
038810166	038810	BISOPROLOLO ALMUS	2,5 MG COMPRESSE RIVESTITE CON FILM- 50 COMPRESSE IN BLISTER OPA-AL-PVC-AL	BISOPROLOLO FUMARATO	BISOPROLOLO FUMARATO	2.5	milligrammi	Compressa rivestita con film	C07AB07	SANDOZ S.P.A.	Autorizzata	Procedura Mutuo riconoscimento o Decentrata	Medicinali soggetti a prescrizione medica
038810178	038810	BISOPROLOLO ALMUS	2,5 MG COMPRESSE RIVESTITE CON FILM- 60 COMPRESSE IN BLISTER OPA-AL-PVC-AL	BISOPROLOLO FUMARATO	BISOPROLOLO FUMARATO	2.5	milligrammi	Compressa rivestita con film	C07AB07	SANDOZ S.P.A.	Autorizzata	Procedura Mutuo riconoscimento o Decentrata	Medicinali soggetti a prescrizione medica
038810180	038810	BISOPROLOLO ALMUS	2,5 MG COMPRESSE RIVESTITE CON FILM- 100 COMPRESSE IN BLISTER OPA-AL-PVC-AL	BISOPROLOLO FUMARATO	BISOPROLOLO FUMARATO	2.5	milligrammi	Compressa rivestita con film	C07AB07	SANDOZ S.P.A.	Autorizzata	Procedura Mutuo riconoscimento o Decentrata	Medicinali soggetti a prescrizione medica
038810192	038810	BISOPROLOLO ALMUS	2,5 MG COMPRESSE RIVESTITE CON FILM- 10X30 COMPRESSE IN BLISTER OPA-AL-PVC-AL	BISOPROLOLO FUMARATO	BISOPROLOLO FUMARATO	2.5	milligrammi	Compressa rivestita con film	C07AB07	SANDOZ S.P.A.	Autorizzata	Procedura Mutuo riconoscimento o Decentrata	Medicinali soggetti a prescrizione medica
038810204	038810	BISOPROLOLO ALMUS	3,75 MG COMPRESSE RIVESTITE CON FILM-  7 COMPRESSE IN BLISTER OPA-AL-PVC-AL	BISOPROLOLO FUMARATO	BISOPROLOLO FUMARATO	3.75	milligrammi	Compressa rivestita con film	C07AB07	SANDOZ S.P.A.	Autorizzata	Procedura Mutuo riconoscimento o Decentrata	Medicinali soggetti a prescrizione medica
038810216	038810	BISOPROLOLO ALMUS	3,75 MG COMPRESSE RIVESTITE CON FILM- 10 COMPRESSE IN BLISTER OPA-AL-PVC-AL	BISOPROLOLO FUMARATO	BISOPROLOLO FUMARATO	3.75	milligrammi	Compressa rivestita con film	C07AB07	SANDOZ S.P.A.	Autorizzata	Procedura Mutuo riconoscimento o Decentrata	Medicinali soggetti a prescrizione medica
038810228	038810	BISOPROLOLO ALMUS	3,75 MG COMPRESSE RIVESTITE CON FILM- 20 COMPRESSE IN BLISTER OPA-AL-PVC-AL	BISOPROLOLO FUMARATO	BISOPROLOLO FUMARATO	3.75	milligrammi	Compressa rivestita con film	C07AB07	SANDOZ S.P.A.	Autorizzata	Procedura Mutuo riconoscimento o Decentrata	Medicinali soggetti a prescrizione medica
038810230	038810	BISOPROLOLO ALMUS	3,75 MG COMPRESSE RIVESTITE CON FILM- 28 COMPRESSE IN BLISTER OPA-AL-PVC-AL	BISOPROLOLO FUMARATO	BISOPROLOLO FUMARATO	3.75	milligrammi	Compressa rivestita con film	C07AB07	SANDOZ S.P.A.	Autorizzata	Procedura Mutuo riconoscimento o Decentrata	Medicinali soggetti a prescrizione medica
038810242	038810	BISOPROLOLO ALMUS	3,75 MG COMPRESSE RIVESTITE CON FILM- 30 COMPRESSE IN BLISTER OPA-AL-PVC-AL	BISOPROLOLO FUMARATO	BISOPROLOLO FUMARATO	3.75	milligrammi	Compressa rivestita con film	C07AB07	SANDOZ S.P.A.	Autorizzata	Procedura Mutuo riconoscimento o Decentrata	Medicinali soggetti a prescrizione medica
038810255	038810	BISOPROLOLO ALMUS	3,75 MG COMPRESSE RIVESTITE CON FILM- 50 COMPRESSE IN BLISTER OPA-AL-PVC-AL	BISOPROLOLO FUMARATO	BISOPROLOLO FUMARATO	3.75	milligrammi	Compressa rivestita con film	C07AB07	SANDOZ S.P.A.	Autorizzata	Procedura Mutuo riconoscimento o Decentrata	Medicinali soggetti a prescrizione medica
038810267	038810	BISOPROLOLO ALMUS	3,75 MG COMPRESSE RIVESTITE CON FILM- 60 COMPRESSE IN BLISTER OPA-AL-PVC-AL	BISOPROLOLO FUMARATO	BISOPROLOLO FUMARATO	3.75	milligrammi	Compressa rivestita con film	C07AB07	SANDOZ S.P.A.	Autorizzata	Procedura Mutuo riconoscimento o Decentrata	Medicinali soggetti a prescrizione medica
038810279	038810	BISOPROLOLO ALMUS	3,75 MG COMPRESSE RIVESTITE CON FILM- 100 COMPRESSE IN BLISTER OPA-AL-PVC-AL	BISOPROLOLO FUMARATO	BISOPROLOLO FUMARATO	3.75	milligrammi	Compressa rivestita con film	C07AB07	SANDOZ S.P.A.	Autorizzata	Procedura Mutuo riconoscimento o Decentrata	Medicinali soggetti a prescrizione medica
038810281	038810	BISOPROLOLO ALMUS	3,75 MG COMPRESSE RIVESTITE CON FILM- 10X30 COMPRESSE IN BLISTER OPA-AL-PVC-AL	BISOPROLOLO FUMARATO	BISOPROLOLO FUMARATO	3.75	milligrammi	Compressa rivestita con film	C07AB07	SANDOZ S.P.A.	Autorizzata	Procedura Mutuo riconoscimento o Decentrata	Medicinali soggetti a prescrizione medica
038810293	038810	BISOPROLOLO ALMUS	5 MG COMPRESSE RIVESTITE CON FILM- 7 COMPRESSE IN BLISTER OPA-AL-PVC-AL	BISOPROLOLO FUMARATO	BISOPROLOLO FUMARATO	5	milligrammi	Compressa rivestita con film	C07AB07	SANDOZ S.P.A.	Autorizzata	Procedura Mutuo riconoscimento o Decentrata	Medicinali soggetti a prescrizione medica
038810305	038810	BISOPROLOLO ALMUS	5 MG COMPRESSE RIVESTITE CON FILM- 10 COMPRESSE IN BLISTER OPA-AL-PVC-AL	BISOPROLOLO FUMARATO	BISOPROLOLO FUMARATO	5	milligrammi	Compressa rivestita con film	C07AB07	SANDOZ S.P.A.	Autorizzata	Procedura Mutuo riconoscimento o Decentrata	Medicinali soggetti a prescrizione medica
038810317	038810	BISOPROLOLO ALMUS	5 MG COMPRESSE RIVESTITE CON FILM- 14 COMPRESSE IN BLISTER OPA-AL-PVC-AL	BISOPROLOLO FUMARATO	BISOPROLOLO FUMARATO	5	milligrammi	Compressa rivestita con film	C07AB07	SANDOZ S.P.A.	Autorizzata	Procedura Mutuo riconoscimento o Decentrata	Medicinali soggetti a prescrizione medica
038810329	038810	BISOPROLOLO ALMUS	5 MG COMPRESSE RIVESTITE CON FILM- 20 COMPRESSE IN BLISTER OPA-AL-PVC-AL	BISOPROLOLO FUMARATO	BISOPROLOLO FUMARATO	5	milligrammi	Compressa rivestita con film	C07AB07	SANDOZ S.P.A.	Autorizzata	Procedura Mutuo riconoscimento o Decentrata	Medicinali soggetti a prescrizione medica
038810331	038810	BISOPROLOLO ALMUS	5 MG COMPRESSE RIVESTITE CON FILM- 28 COMPRESSE IN BLISTER OPA-AL-PVC-AL	BISOPROLOLO FUMARATO	BISOPROLOLO FUMARATO	5	milligrammi	Compressa rivestita con film	C07AB07	SANDOZ S.P.A.	Autorizzata	Procedura Mutuo riconoscimento o Decentrata	Medicinali soggetti a prescrizione medica
038810343	038810	BISOPROLOLO ALMUS	5 MG COMPRESSE RIVESTITE CON FILM- 30 COMPRESSE IN BLISTER OPA-AL-PVC-AL	BISOPROLOLO FUMARATO	BISOPROLOLO FUMARATO	5	milligrammi	Compressa rivestita con film	C07AB07	SANDOZ S.P.A.	Autorizzata	Procedura Mutuo riconoscimento o Decentrata	Medicinali soggetti a prescrizione medica
038810356	038810	BISOPROLOLO ALMUS	5 MG COMPRESSE RIVESTITE CON FILM- 50 COMPRESSE IN BLISTER OPA-AL-PVC-AL	BISOPROLOLO FUMARATO	BISOPROLOLO FUMARATO	5	milligrammi	Compressa rivestita con film	C07AB07	SANDOZ S.P.A.	Autorizzata	Procedura Mutuo riconoscimento o Decentrata	Medicinali soggetti a prescrizione medica
038810368	038810	BISOPROLOLO ALMUS	5 MG COMPRESSE RIVESTITE CON FILM- 56 COMPRESSE IN BLISTER OPA-AL-PVC-AL	BISOPROLOLO FUMARATO	BISOPROLOLO FUMARATO	5	milligrammi	Compressa rivestita con film	C07AB07	SANDOZ S.P.A.	Autorizzata	Procedura Mutuo riconoscimento o Decentrata	Medicinali soggetti a prescrizione medica
038810370	038810	BISOPROLOLO ALMUS	5 MG COMPRESSE RIVESTITE CON FILM- 60 COMPRESSE IN BLISTER OPA-AL-PVC-AL	BISOPROLOLO FUMARATO	BISOPROLOLO FUMARATO	5	milligrammi	Compressa rivestita con film	C07AB07	SANDOZ S.P.A.	Autorizzata	Procedura Mutuo riconoscimento o Decentrata	Medicinali soggetti a prescrizione medica
038810382	038810	BISOPROLOLO ALMUS	5 MG COMPRESSE RIVESTITE CON FILM- 100 COMPRESSE IN BLISTER OPA-AL-PVC-AL	BISOPROLOLO FUMARATO	BISOPROLOLO FUMARATO	5	milligrammi	Compressa rivestita con film	C07AB07	SANDOZ S.P.A.	Autorizzata	Procedura Mutuo riconoscimento o Decentrata	Medicinali soggetti a prescrizione medica
038810394	038810	BISOPROLOLO ALMUS	5 MG COMPRESSE RIVESTITE CON FILM- 10X30 COMPRESSE IN BLISTER OPA-AL-PVC-AL	BISOPROLOLO FUMARATO	BISOPROLOLO FUMARATO	5	milligrammi	Compressa rivestita con film	C07AB07	SANDOZ S.P.A.	Autorizzata	Procedura Mutuo riconoscimento o Decentrata	Medicinali soggetti a prescrizione medica
038810406	038810	BISOPROLOLO ALMUS	7,5 MG COMPRESSE RIVESTITE CON FILM- 7 COMPRESSE IN BLISTER OPA-AL-PVC-AL	BISOPROLOLO FUMARATO	BISOPROLOLO FUMARATO	7.5	milligrammi	Compressa rivestita con film	C07AB07	SANDOZ S.P.A.	Autorizzata	Procedura Mutuo riconoscimento o Decentrata	Medicinali soggetti a prescrizione medica
038810418	038810	BISOPROLOLO ALMUS	7,5 MG COMPRESSE RIVESTITE CON FILM- 10 COMPRESSE IN BLISTER OPA-AL-PVC-AL	BISOPROLOLO FUMARATO	BISOPROLOLO FUMARATO	7.5	milligrammi	Compressa rivestita con film	C07AB07	SANDOZ S.P.A.	Autorizzata	Procedura Mutuo riconoscimento o Decentrata	Medicinali soggetti a prescrizione medica
038810420	038810	BISOPROLOLO ALMUS	7,5 MG COMPRESSE RIVESTITE CON FILM- 20 COMPRESSE IN BLISTER OPA-AL-PVC-AL	BISOPROLOLO FUMARATO	BISOPROLOLO FUMARATO	7.5	milligrammi	Compressa rivestita con film	C07AB07	SANDOZ S.P.A.	Autorizzata	Procedura Mutuo riconoscimento o Decentrata	Medicinali soggetti a prescrizione medica
038810432	038810	BISOPROLOLO ALMUS	7,5 MG COMPRESSE RIVESTITE CON FILM- 28 COMPRESSE IN BLISTER OPA-AL-PVC-AL	BISOPROLOLO FUMARATO	BISOPROLOLO FUMARATO	7.5	milligrammi	Compressa rivestita con film	C07AB07	SANDOZ S.P.A.	Autorizzata	Procedura Mutuo riconoscimento o Decentrata	Medicinali soggetti a prescrizione medica
038810444	038810	BISOPROLOLO ALMUS	7,5 MG COMPRESSE RIVESTITE CON FILM- 30 COMPRESSE IN BLISTER OPA-AL-PVC-AL	BISOPROLOLO FUMARATO	BISOPROLOLO FUMARATO	7.5	milligrammi	Compressa rivestita con film	C07AB07	SANDOZ S.P.A.	Autorizzata	Procedura Mutuo riconoscimento o Decentrata	Medicinali soggetti a prescrizione medica
038810457	038810	BISOPROLOLO ALMUS	7,5 MG COMPRESSE RIVESTITE CON FILM- 50 COMPRESSE IN BLISTER OPA-AL-PVC-AL	BISOPROLOLO FUMARATO	BISOPROLOLO FUMARATO	7.5	milligrammi	Compressa rivestita con film	C07AB07	SANDOZ S.P.A.	Autorizzata	Procedura Mutuo riconoscimento o Decentrata	Medicinali soggetti a prescrizione medica
038810469	038810	BISOPROLOLO ALMUS	7,5 MG COMPRESSE RIVESTITE CON FILM- 60 COMPRESSE IN BLISTER OPA-AL-PVC-AL	BISOPROLOLO FUMARATO	BISOPROLOLO FUMARATO	7.5	milligrammi	Compressa rivestita con film	C07AB07	SANDOZ S.P.A.	Autorizzata	Procedura Mutuo riconoscimento o Decentrata	Medicinali soggetti a prescrizione medica
038810471	038810	BISOPROLOLO ALMUS	7,5 MG COMPRESSE RIVESTITE CON FILM- 100 COMPRESSE IN BLISTER OPA-AL-PVC-AL	BISOPROLOLO FUMARATO	BISOPROLOLO FUMARATO	7.5	milligrammi	Compressa rivestita con film	C07AB07	SANDOZ S.P.A.	Autorizzata	Procedura Mutuo riconoscimento o Decentrata	Medicinali soggetti a prescrizione medica
038810483	038810	BISOPROLOLO ALMUS	7,5 MG COMPRESSE RIVESTITE CON FILM- 10X30 COMPRESSE IN BLISTER OPA-AL-PVC-AL	BISOPROLOLO FUMARATO	BISOPROLOLO FUMARATO	7.5	milligrammi	Compressa rivestita con film	C07AB07	SANDOZ S.P.A.	Autorizzata	Procedura Mutuo riconoscimento o Decentrata	Medicinali soggetti a prescrizione medica
038810495	038810	BISOPROLOLO ALMUS	10 MG COMPRESSE RIVESTITE CON FILM- 7 COMPRESSE IN BLISTER OPA-AL-PVC-AL	BISOPROLOLO FUMARATO	BISOPROLOLO FUMARATO	10	milligrammi	Compressa rivestita con film	C07AB07	SANDOZ S.P.A.	Autorizzata	Procedura Mutuo riconoscimento o Decentrata	Medicinali soggetti a prescrizione medica
038810507	038810	BISOPROLOLO ALMUS	10 MG COMPRESSE RIVESTITE CON FILM- 10 COMPRESSE IN BLISTER OPA-AL-PVC-AL	BISOPROLOLO FUMARATO	BISOPROLOLO FUMARATO	10	milligrammi	Compressa rivestita con film	C07AB07	SANDOZ S.P.A.	Autorizzata	Procedura Mutuo riconoscimento o Decentrata	Medicinali soggetti a prescrizione medica
038810519	038810	BISOPROLOLO ALMUS	10 MG COMPRESSE RIVESTITE CON FILM- 14 COMPRESSE IN BLISTER OPA-AL-PVC-AL	BISOPROLOLO FUMARATO	BISOPROLOLO FUMARATO	10	milligrammi	Compressa rivestita con film	C07AB07	SANDOZ S.P.A.	Autorizzata	Procedura Mutuo riconoscimento o Decentrata	Medicinali soggetti a prescrizione medica
038810521	038810	BISOPROLOLO ALMUS	10 MG COMPRESSE RIVESTITE CON FILM- 20 COMPRESSE IN BLISTER OPA-AL-PVC-AL	BISOPROLOLO FUMARATO	BISOPROLOLO FUMARATO	10	milligrammi	Compressa rivestita con film	C07AB07	SANDOZ S.P.A.	Autorizzata	Procedura Mutuo riconoscimento o Decentrata	Medicinali soggetti a prescrizione medica
038810533	038810	BISOPROLOLO ALMUS	10 MG COMPRESSE RIVESTITE CON FILM- 28 COMPRESSE IN BLISTER OPA-AL-PVC-AL	BISOPROLOLO FUMARATO	BISOPROLOLO FUMARATO	10	milligrammi	Compressa rivestita con film	C07AB07	SANDOZ S.P.A.	Autorizzata	Procedura Mutuo riconoscimento o Decentrata	Medicinali soggetti a prescrizione medica
038810545	038810	BISOPROLOLO ALMUS	10 MG COMPRESSE RIVESTITE CON FILM- 30 COMPRESSE IN BLISTER OPA-AL-PVC-AL	BISOPROLOLO FUMARATO	BISOPROLOLO FUMARATO	10	milligrammi	Compressa rivestita con film	C07AB07	SANDOZ S.P.A.	Autorizzata	Procedura Mutuo riconoscimento o Decentrata	Medicinali soggetti a prescrizione medica
038810558	038810	BISOPROLOLO ALMUS	10 MG COMPRESSE RIVESTITE CON FILM- 50 COMPRESSE IN BLISTER OPA-AL-PVC-AL	BISOPROLOLO FUMARATO	BISOPROLOLO FUMARATO	10	milligrammi	Compressa rivestita con film	C07AB07	SANDOZ S.P.A.	Autorizzata	Procedura Mutuo riconoscimento o Decentrata	Medicinali soggetti a prescrizione medica
038810560	038810	BISOPROLOLO ALMUS	10 MG COMPRESSE RIVESTITE CON FILM- 56 COMPRESSE IN BLISTER OPA-AL-PVC-AL	BISOPROLOLO FUMARATO	BISOPROLOLO FUMARATO	10	milligrammi	Compressa rivestita con film	C07AB07	SANDOZ S.P.A.	Autorizzata	Procedura Mutuo riconoscimento o Decentrata	Medicinali soggetti a prescrizione medica
038810572	038810	BISOPROLOLO ALMUS	10 MG COMPRESSE RIVESTITE CON FILM- 60 COMPRESSE IN BLISTER OPA-AL-PVC-AL	BISOPROLOLO FUMARATO	BISOPROLOLO FUMARATO	10	milligrammi	Compressa rivestita con film	C07AB07	SANDOZ S.P.A.	Autorizzata	Procedura Mutuo riconoscimento o Decentrata	Medicinali soggetti a prescrizione medica
038810584	038810	BISOPROLOLO ALMUS	10 MG COMPRESSE RIVESTITE CON FILM- 100 COMPRESSE IN BLISTER OPA-AL-PVC-AL	BISOPROLOLO FUMARATO	BISOPROLOLO FUMARATO	10	milligrammi	Compressa rivestita con film	C07AB07	SANDOZ S.P.A.	Autorizzata	Procedura Mutuo riconoscimento o Decentrata	Medicinali soggetti a prescrizione medica
038810596	038810	BISOPROLOLO ALMUS	10 MG COMPRESSE RIVESTITE CON FILM- 10X30 COMPRESSE IN BLISTER OPA-AL-PVC-AL	BISOPROLOLO FUMARATO	BISOPROLOLO FUMARATO	10	milligrammi	Compressa rivestita con film	C07AB07	SANDOZ S.P.A.	Autorizzata	Procedura Mutuo riconoscimento o Decentrata	Medicinali soggetti a prescrizione medica
038810608	038810	BISOPROLOLO ALMUS	2,5 MG COMPRESSE RIVESTITE CON FILM- 100 COMPRESSE IN FLACONE HDPE	BISOPROLOLO FUMARATO	BISOPROLOLO FUMARATO	2.5	milligrammi	Compressa rivestita con film	C07AB07	SANDOZ S.P.A.	Autorizzata	Procedura Mutuo riconoscimento o Decentrata	Medicinali soggetti a prescrizione medica
038811016	038811	BISOPROLOLO SANDOZ	1,25 MG COMPRESSE RIVESTITE CON FILM- 7 COMPRESSE IN BLISTER OPA-AL-PVC/AL	BISOPROLOLO FUMARATO	BISOPROLOLO FUMARATO	1.25	milligrammi	Compressa rivestita con film	C07AB07	SANDOZ S.P.A.	Autorizzata	Procedura Mutuo riconoscimento o Decentrata	Medicinali soggetti a prescrizione medica
038811028	038811	BISOPROLOLO SANDOZ	1,25 MG COMPRESSE RIVESTITE CON FILM- 10 COMPRESSE IN BLISTER OPA-AL-PVC/AL	BISOPROLOLO FUMARATO	BISOPROLOLO FUMARATO	1.25	milligrammi	Compressa rivestita con film	C07AB07	SANDOZ S.P.A.	Autorizzata	Procedura Mutuo riconoscimento o Decentrata	Medicinali soggetti a prescrizione medica
038811030	038811	BISOPROLOLO SANDOZ	1,25 MG COMPRESSE RIVESTITE CON FILM- 20 COMPRESSE IN BLISTER OPA-AL-PVC/AL	BISOPROLOLO FUMARATO	BISOPROLOLO FUMARATO	1.25	milligrammi	Compressa rivestita con film	C07AB07	SANDOZ S.P.A.	Autorizzata	Procedura Mutuo riconoscimento o Decentrata	Medicinali soggetti a prescrizione medica
038811042	038811	BISOPROLOLO SANDOZ	1,25 MG COMPRESSE RIVESTITE CON FILM- 28 COMPRESSE IN BLISTER OPA-AL-PVC/AL	BISOPROLOLO FUMARATO	BISOPROLOLO FUMARATO	1.25	milligrammi	Compressa rivestita con film	C07AB07	SANDOZ S.P.A.	Autorizzata	Procedura Mutuo riconoscimento o Decentrata	Medicinali soggetti a prescrizione medica
038811055	038811	BISOPROLOLO SANDOZ	1,25 MG COMPRESSE RIVESTITE CON FILM- 30 COMPRESSE IN BLISTER OPA-AL-PVC/AL	BISOPROLOLO FUMARATO	BISOPROLOLO FUMARATO	1.25	milligrammi	Compressa rivestita con film	C07AB07	SANDOZ S.P.A.	Autorizzata	Procedura Mutuo riconoscimento o Decentrata	Medicinali soggetti a prescrizione medica
038811067	038811	BISOPROLOLO SANDOZ	1,25 MG COMPRESSE RIVESTITE CON FILM- 50 COMPRESSE IN BLISTER OPA-AL-PVC/AL	BISOPROLOLO FUMARATO	BISOPROLOLO FUMARATO	1.25	milligrammi	Compressa rivestita con film	C07AB07	SANDOZ S.P.A.	Autorizzata	Procedura Mutuo riconoscimento o Decentrata	Medicinali soggetti a prescrizione medica
038811079	038811	BISOPROLOLO SANDOZ	1,25 MG COMPRESSE RIVESTITE CON FILM- 60 COMPRESSE IN BLISTER OPA-AL-PVC/AL	BISOPROLOLO FUMARATO	BISOPROLOLO FUMARATO	1.25	milligrammi	Compressa rivestita con film	C07AB07	SANDOZ S.P.A.	Autorizzata	Procedura Mutuo riconoscimento o Decentrata	Medicinali soggetti a prescrizione medica
038811081	038811	BISOPROLOLO SANDOZ	1,25 MG COMPRESSE RIVESTITE CON FILM- 100 COMPRESSE IN BLISTER OPA-AL-PVC/AL	BISOPROLOLO FUMARATO	BISOPROLOLO FUMARATO	1.25	milligrammi	Compressa rivestita con film	C07AB07	SANDOZ S.P.A.	Autorizzata	Procedura Mutuo riconoscimento o Decentrata	Medicinali soggetti a prescrizione medica
038811093	038811	BISOPROLOLO SANDOZ	1,25 MG COMPRESSE RIVESTITE CON FILM- 10X20 COMPRESSE IN BLISTER OPA-AL-PVC/AL	BISOPROLOLO FUMARATO	BISOPROLOLO FUMARATO	1.25	milligrammi	Compressa rivestita con film	C07AB07	SANDOZ S.P.A.	Autorizzata	Procedura Mutuo riconoscimento o Decentrata	Medicinali soggetti a prescrizione medica
038811105	038811	BISOPROLOLO SANDOZ	1,25 MG COMPRESSE RIVESTITE CON FILM- 10X30 COMPRESSE IN BLISTER OPA-AL-PVC/AL	BISOPROLOLO FUMARATO	BISOPROLOLO FUMARATO	1.25	milligrammi	Compressa rivestita con film	C07AB07	SANDOZ S.P.A.	Autorizzata	Procedura Mutuo riconoscimento o Decentrata	Medicinali soggetti a prescrizione medica
038811117	038811	BISOPROLOLO SANDOZ	2,5 MG COMPRESSE RIVESTITE CON FILM- 7 COMPRESSE IN BLISTER OPA-AL-PVC/AL	BISOPROLOLO FUMARATO	BISOPROLOLO FUMARATO	2.5	milligrammi	Compressa rivestita con film	C07AB07	SANDOZ S.P.A.	Autorizzata	Procedura Mutuo riconoscimento o Decentrata	Medicinali soggetti a prescrizione medica
038811129	038811	BISOPROLOLO SANDOZ	2,5 MG COMPRESSE RIVESTITE CON FILM- 10 COMPRESSE IN BLISTER OPA-AL-PVC/AL	BISOPROLOLO FUMARATO	BISOPROLOLO FUMARATO	2.5	milligrammi	Compressa rivestita con film	C07AB07	SANDOZ S.P.A.	Autorizzata	Procedura Mutuo riconoscimento o Decentrata	Medicinali soggetti a prescrizione medica
038811131	038811	BISOPROLOLO SANDOZ	2,5 MG COMPRESSE RIVESTITE CON FILM- 20 COMPRESSE IN BLISTER OPA-AL-PVC/AL	BISOPROLOLO FUMARATO	BISOPROLOLO FUMARATO	2.5	milligrammi	Compressa rivestita con film	C07AB07	SANDOZ S.P.A.	Autorizzata	Procedura Mutuo riconoscimento o Decentrata	Medicinali soggetti a prescrizione medica
038811143	038811	BISOPROLOLO SANDOZ	2,5 MG COMPRESSE RIVESTITE CON FILM- 28 COMPRESSE IN BLISTER OPA-AL-PVC/AL	BISOPROLOLO FUMARATO	BISOPROLOLO FUMARATO	2.5	milligrammi	Compressa rivestita con film	C07AB07	SANDOZ S.P.A.	Autorizzata	Procedura Mutuo riconoscimento o Decentrata	Medicinali soggetti a prescrizione medica
038811156	038811	BISOPROLOLO SANDOZ	2,5 MG COMPRESSE RIVESTITE CON FILM- 30 COMPRESSE IN BLISTER OPA-AL-PVC/AL	BISOPROLOLO FUMARATO	BISOPROLOLO FUMARATO	2.5	milligrammi	Compressa rivestita con film	C07AB07	SANDOZ S.P.A.	Autorizzata	Procedura Mutuo riconoscimento o Decentrata	Medicinali soggetti a prescrizione medica
038811168	038811	BISOPROLOLO SANDOZ	2,5 MG COMPRESSE RIVESTITE CON FILM- 50 COMPRESSE IN BLISTER OPA-AL-PVC/AL	BISOPROLOLO FUMARATO	BISOPROLOLO FUMARATO	2.5	milligrammi	Compressa rivestita con film	C07AB07	SANDOZ S.P.A.	Autorizzata	Procedura Mutuo riconoscimento o Decentrata	Medicinali soggetti a prescrizione medica
038811170	038811	BISOPROLOLO SANDOZ	2,5 MG COMPRESSE RIVESTITE CON FILM- 60 COMPRESSE IN BLISTER OPA-AL-PVC/AL	BISOPROLOLO FUMARATO	BISOPROLOLO FUMARATO	2.5	milligrammi	Compressa rivestita con film	C07AB07	SANDOZ S.P.A.	Autorizzata	Procedura Mutuo riconoscimento o Decentrata	Medicinali soggetti a prescrizione medica
038811182	038811	BISOPROLOLO SANDOZ	2,5 MG COMPRESSE RIVESTITE CON FILM- 100 COMPRESSE IN BLISTER OPA-AL-PVC/AL	BISOPROLOLO FUMARATO	BISOPROLOLO FUMARATO	2.5	milligrammi	Compressa rivestita con film	C07AB07	SANDOZ S.P.A.	Autorizzata	Procedura Mutuo riconoscimento o Decentrata	Medicinali soggetti a prescrizione medica
038811194	038811	BISOPROLOLO SANDOZ	2,5 MG COMPRESSE RIVESTITE CON FILM- 10X30 COMPRESSE IN BLISTER OPA-AL-PVC/AL	BISOPROLOLO FUMARATO	BISOPROLOLO FUMARATO	2.5	milligrammi	Compressa rivestita con film	C07AB07	SANDOZ S.P.A.	Autorizzata	Procedura Mutuo riconoscimento o Decentrata	Medicinali soggetti a prescrizione medica
038811206	038811	BISOPROLOLO SANDOZ	3,75 MG COMPRESSE RIVESTITE CON FILM- 7 COMPRESSE IN BLISTER OPA-AL-PVC/AL	BISOPROLOLO FUMARATO	BISOPROLOLO FUMARATO	3.75	milligrammi	Compressa rivestita con film	C07AB07	SANDOZ S.P.A.	Autorizzata	Procedura Mutuo riconoscimento o Decentrata	Medicinali soggetti a prescrizione medica
038811218	038811	BISOPROLOLO SANDOZ	3,75 MG COMPRESSE RIVESTITE CON FILM- 10 COMPRESSE IN BLISTER OPA-AL-PVC/AL	BISOPROLOLO FUMARATO	BISOPROLOLO FUMARATO	3.75	milligrammi	Compressa rivestita con film	C07AB07	SANDOZ S.P.A.	Autorizzata	Procedura Mutuo riconoscimento o Decentrata	Medicinali soggetti a prescrizione medica
038811220	038811	BISOPROLOLO SANDOZ	3,75 MG COMPRESSE RIVESTITE CON FILM- 20 COMPRESSE IN BLISTER OPA-AL-PVC/AL	BISOPROLOLO FUMARATO	BISOPROLOLO FUMARATO	3.75	milligrammi	Compressa rivestita con film	C07AB07	SANDOZ S.P.A.	Autorizzata	Procedura Mutuo riconoscimento o Decentrata	Medicinali soggetti a prescrizione medica
038811232	038811	BISOPROLOLO SANDOZ	3,75 MG COMPRESSE RIVESTITE CON FILM- 28 COMPRESSE IN BLISTER OPA-AL-PVC/AL	BISOPROLOLO FUMARATO	BISOPROLOLO FUMARATO	3.75	milligrammi	Compressa rivestita con film	C07AB07	SANDOZ S.P.A.	Autorizzata	Procedura Mutuo riconoscimento o Decentrata	Medicinali soggetti a prescrizione medica
038811244	038811	BISOPROLOLO SANDOZ	3,75 MG COMPRESSE RIVESTITE CON FILM- 30 COMPRESSE IN BLISTER OPA-AL-PVC/AL	BISOPROLOLO FUMARATO	BISOPROLOLO FUMARATO	3.75	milligrammi	Compressa rivestita con film	C07AB07	SANDOZ S.P.A.	Autorizzata	Procedura Mutuo riconoscimento o Decentrata	Medicinali soggetti a prescrizione medica
038811257	038811	BISOPROLOLO SANDOZ	3,75 MG COMPRESSE RIVESTITE CON FILM- 50 COMPRESSE IN BLISTER OPA-AL-PVC/AL	BISOPROLOLO FUMARATO	BISOPROLOLO FUMARATO	3.75	milligrammi	Compressa rivestita con film	C07AB07	SANDOZ S.P.A.	Autorizzata	Procedura Mutuo riconoscimento o Decentrata	Medicinali soggetti a prescrizione medica
038811269	038811	BISOPROLOLO SANDOZ	3,75 MG COMPRESSE RIVESTITE CON FILM- 60 COMPRESSE IN BLISTER OPA-AL-PVC/AL	BISOPROLOLO FUMARATO	BISOPROLOLO FUMARATO	3.75	milligrammi	Compressa rivestita con film	C07AB07	SANDOZ S.P.A.	Autorizzata	Procedura Mutuo riconoscimento o Decentrata	Medicinali soggetti a prescrizione medica
038811271	038811	BISOPROLOLO SANDOZ	3,75 MG COMPRESSE RIVESTITE CON FILM- 100 COMPRESSE IN BLISTER OPA-AL-PVC/AL	BISOPROLOLO FUMARATO	BISOPROLOLO FUMARATO	3.75	milligrammi	Compressa rivestita con film	C07AB07	SANDOZ S.P.A.	Autorizzata	Procedura Mutuo riconoscimento o Decentrata	Medicinali soggetti a prescrizione medica
038811283	038811	BISOPROLOLO SANDOZ	3,75 MG COMPRESSE RIVESTITE CON FILM- 10X30 COMPRESSE IN BLISTER OPA-AL-PVC/AL	BISOPROLOLO FUMARATO	BISOPROLOLO FUMARATO	3.75	milligrammi	Compressa rivestita con film	C07AB07	SANDOZ S.P.A.	Autorizzata	Procedura Mutuo riconoscimento o Decentrata	Medicinali soggetti a prescrizione medica
038811295	038811	BISOPROLOLO SANDOZ	5 MG COMPRESSE RIVESTITE CON FILM- 7 COMPRESSE IN BLISTER OPA-AL-PVC/AL	BISOPROLOLO FUMARATO	BISOPROLOLO FUMARATO	5	milligrammi	Compressa rivestita con film	C07AB07	SANDOZ S.P.A.	Autorizzata	Procedura Mutuo riconoscimento o Decentrata	Medicinali soggetti a prescrizione medica
038811307	038811	BISOPROLOLO SANDOZ	5 MG COMPRESSE RIVESTITE CON FILM- 10 COMPRESSE IN BLISTER OPA-AL-PVC/AL	BISOPROLOLO FUMARATO	BISOPROLOLO FUMARATO	5	milligrammi	Compressa rivestita con film	C07AB07	SANDOZ S.P.A.	Autorizzata	Procedura Mutuo riconoscimento o Decentrata	Medicinali soggetti a prescrizione medica
038811319	038811	BISOPROLOLO SANDOZ	5 MG COMPRESSE RIVESTITE CON FILM- 14 COMPRESSE IN BLISTER OPA-AL-PVC/AL	BISOPROLOLO FUMARATO	BISOPROLOLO FUMARATO	5	milligrammi	Compressa rivestita con film	C07AB07	SANDOZ S.P.A.	Autorizzata	Procedura Mutuo riconoscimento o Decentrata	Medicinali soggetti a prescrizione medica
038811321	038811	BISOPROLOLO SANDOZ	5 MG COMPRESSE RIVESTITE CON FILM- 20 COMPRESSE IN BLISTER OPA-AL-PVC/AL	BISOPROLOLO FUMARATO	BISOPROLOLO FUMARATO	5	milligrammi	Compressa rivestita con film	C07AB07	SANDOZ S.P.A.	Autorizzata	Procedura Mutuo riconoscimento o Decentrata	Medicinali soggetti a prescrizione medica
038811333	038811	BISOPROLOLO SANDOZ	5 MG COMPRESSE RIVESTITE CON FILM- 28 COMPRESSE IN BLISTER OPA-AL-PVC/AL	BISOPROLOLO FUMARATO	BISOPROLOLO FUMARATO	5	milligrammi	Compressa rivestita con film	C07AB07	SANDOZ S.P.A.	Autorizzata	Procedura Mutuo riconoscimento o Decentrata	Medicinali soggetti a prescrizione medica
038811345	038811	BISOPROLOLO SANDOZ	5 MG COMPRESSE RIVESTITE CON FILM- 30 COMPRESSE IN BLISTER OPA-AL-PVC/AL	BISOPROLOLO FUMARATO	BISOPROLOLO FUMARATO	5	milligrammi	Compressa rivestita con film	C07AB07	SANDOZ S.P.A.	Autorizzata	Procedura Mutuo riconoscimento o Decentrata	Medicinali soggetti a prescrizione medica
038811358	038811	BISOPROLOLO SANDOZ	5 MG COMPRESSE RIVESTITE CON FILM- 50 COMPRESSE IN BLISTER OPA-AL-PVC/AL	BISOPROLOLO FUMARATO	BISOPROLOLO FUMARATO	5	milligrammi	Compressa rivestita con film	C07AB07	SANDOZ S.P.A.	Autorizzata	Procedura Mutuo riconoscimento o Decentrata	Medicinali soggetti a prescrizione medica
038811360	038811	BISOPROLOLO SANDOZ	5 MG COMPRESSE RIVESTITE CON FILM- 56 COMPRESSE IN BLISTER OPA-AL-PVC/AL	BISOPROLOLO FUMARATO	BISOPROLOLO FUMARATO	5	milligrammi	Compressa rivestita con film	C07AB07	SANDOZ S.P.A.	Autorizzata	Procedura Mutuo riconoscimento o Decentrata	Medicinali soggetti a prescrizione medica
038811372	038811	BISOPROLOLO SANDOZ	5 MG COMPRESSE RIVESTITE CON FILM- 60 COMPRESSE IN BLISTER OPA-AL-PVC/AL	BISOPROLOLO FUMARATO	BISOPROLOLO FUMARATO	5	milligrammi	Compressa rivestita con film	C07AB07	SANDOZ S.P.A.	Autorizzata	Procedura Mutuo riconoscimento o Decentrata	Medicinali soggetti a prescrizione medica
038811384	038811	BISOPROLOLO SANDOZ	5 MG COMPRESSE RIVESTITE CON FILM- 100 COMPRESSE IN BLISTER OPA-AL-PVC/AL	BISOPROLOLO FUMARATO	BISOPROLOLO FUMARATO	5	milligrammi	Compressa rivestita con film	C07AB07	SANDOZ S.P.A.	Autorizzata	Procedura Mutuo riconoscimento o Decentrata	Medicinali soggetti a prescrizione medica
038811396	038811	BISOPROLOLO SANDOZ	5 MG COMPRESSE RIVESTITE CON FILM- 10X30 COMPRESSE IN BLISTER OPA-AL-PVC/AL	BISOPROLOLO FUMARATO	BISOPROLOLO FUMARATO	5	milligrammi	Compressa rivestita con film	C07AB07	SANDOZ S.P.A.	Autorizzata	Procedura Mutuo riconoscimento o Decentrata	Medicinali soggetti a prescrizione medica
038811408	038811	BISOPROLOLO SANDOZ	7,5 MG COMPRESSE RIVESTITE CON FILM- 7 COMPRESSE IN BLISTER OPA-AL-PVC/AL	BISOPROLOLO FUMARATO	BISOPROLOLO FUMARATO	7.5	milligrammi	Compressa rivestita con film	C07AB07	SANDOZ S.P.A.	Autorizzata	Procedura Mutuo riconoscimento o Decentrata	Medicinali soggetti a prescrizione medica
038811410	038811	BISOPROLOLO SANDOZ	7,5 MG COMPRESSE RIVESTITE CON FILM- 10 COMPRESSE IN BLISTER OPA-AL-PVC/AL	BISOPROLOLO FUMARATO	BISOPROLOLO FUMARATO	7.5	milligrammi	Compressa rivestita con film	C07AB07	SANDOZ S.P.A.	Autorizzata	Procedura Mutuo riconoscimento o Decentrata	Medicinali soggetti a prescrizione medica
038811422	038811	BISOPROLOLO SANDOZ	7,5 MG COMPRESSE RIVESTITE CON FILM- 20 COMPRESSE IN BLISTER OPA-AL-PVC/AL	BISOPROLOLO FUMARATO	BISOPROLOLO FUMARATO	7.5	milligrammi	Compressa rivestita con film	C07AB07	SANDOZ S.P.A.	Autorizzata	Procedura Mutuo riconoscimento o Decentrata	Medicinali soggetti a prescrizione medica
038811434	038811	BISOPROLOLO SANDOZ	7,5 MG COMPRESSE RIVESTITE CON FILM- 28 COMPRESSE IN BLISTER OPA-AL-PVC/AL	BISOPROLOLO FUMARATO	BISOPROLOLO FUMARATO	7.5	milligrammi	Compressa rivestita con film	C07AB07	SANDOZ S.P.A.	Autorizzata	Procedura Mutuo riconoscimento o Decentrata	Medicinali soggetti a prescrizione medica
038811446	038811	BISOPROLOLO SANDOZ	7,5 MG COMPRESSE RIVESTITE CON FILM- 30 COMPRESSE IN BLISTER OPA-AL-PVC/AL	BISOPROLOLO FUMARATO	BISOPROLOLO FUMARATO	7.5	milligrammi	Compressa rivestita con film	C07AB07	SANDOZ S.P.A.	Autorizzata	Procedura Mutuo riconoscimento o Decentrata	Medicinali soggetti a prescrizione medica
038811459	038811	BISOPROLOLO SANDOZ	7,5 MG COMPRESSE RIVESTITE CON FILM- 50 COMPRESSE IN BLISTER OPA-AL-PVC/AL	BISOPROLOLO FUMARATO	BISOPROLOLO FUMARATO	7.5	milligrammi	Compressa rivestita con film	C07AB07	SANDOZ S.P.A.	Autorizzata	Procedura Mutuo riconoscimento o Decentrata	Medicinali soggetti a prescrizione medica
038811461	038811	BISOPROLOLO SANDOZ	7,5 MG COMPRESSE RIVESTITE CON FILM- 60 COMPRESSE IN BLISTER OPA-AL-PVC/AL	BISOPROLOLO FUMARATO	BISOPROLOLO FUMARATO	7.5	milligrammi	Compressa rivestita con film	C07AB07	SANDOZ S.P.A.	Autorizzata	Procedura Mutuo riconoscimento o Decentrata	Medicinali soggetti a prescrizione medica
038811473	038811	BISOPROLOLO SANDOZ	7,5 MG COMPRESSE RIVESTITE CON FILM- 100 COMPRESSE IN BLISTER OPA-AL-PVC/AL	BISOPROLOLO FUMARATO	BISOPROLOLO FUMARATO	7.5	milligrammi	Compressa rivestita con film	C07AB07	SANDOZ S.P.A.	Autorizzata	Procedura Mutuo riconoscimento o Decentrata	Medicinali soggetti a prescrizione medica
038811485	038811	BISOPROLOLO SANDOZ	7,5 MG COMPRESSE RIVESTITE CON FILM- 10X30 COMPRESSE IN BLISTER OPA-AL-PVC/AL	BISOPROLOLO FUMARATO	BISOPROLOLO FUMARATO	7.5	milligrammi	Compressa rivestita con film	C07AB07	SANDOZ S.P.A.	Autorizzata	Procedura Mutuo riconoscimento o Decentrata	Medicinali soggetti a prescrizione medica
038811497	038811	BISOPROLOLO SANDOZ	10 MG COMPRESSE RIVESTITE CON FILM- 7 COMPRESSE IN BLISTER OPA-AL-PVC/AL	BISOPROLOLO FUMARATO	BISOPROLOLO FUMARATO	10	milligrammi	Compressa rivestita con film	C07AB07	SANDOZ S.P.A.	Autorizzata	Procedura Mutuo riconoscimento o Decentrata	Medicinali soggetti a prescrizione medica
038811509	038811	BISOPROLOLO SANDOZ	10 MG COMPRESSE RIVESTITE CON FILM- 10 COMPRESSE IN BLISTER OPA-AL-PVC/AL	BISOPROLOLO FUMARATO	BISOPROLOLO FUMARATO	10	milligrammi	Compressa rivestita con film	C07AB07	SANDOZ S.P.A.	Autorizzata	Procedura Mutuo riconoscimento o Decentrata	Medicinali soggetti a prescrizione medica
038811511	038811	BISOPROLOLO SANDOZ	10 MG COMPRESSE RIVESTITE CON FILM- 14 COMPRESSE IN BLISTER OPA-AL-PVC/AL	BISOPROLOLO FUMARATO	BISOPROLOLO FUMARATO	10	milligrammi	Compressa rivestita con film	C07AB07	SANDOZ S.P.A.	Autorizzata	Procedura Mutuo riconoscimento o Decentrata	Medicinali soggetti a prescrizione medica
038811523	038811	BISOPROLOLO SANDOZ	10 MG COMPRESSE RIVESTITE CON FILM- 20 COMPRESSE IN BLISTER OPA-AL-PVC/AL	BISOPROLOLO FUMARATO	BISOPROLOLO FUMARATO	10	milligrammi	Compressa rivestita con film	C07AB07	SANDOZ S.P.A.	Autorizzata	Procedura Mutuo riconoscimento o Decentrata	Medicinali soggetti a prescrizione medica
038811535	038811	BISOPROLOLO SANDOZ	10 MG COMPRESSE RIVESTITE CON FILM- 28 COMPRESSE IN BLISTER OPA-AL-PVC/AL	BISOPROLOLO FUMARATO	BISOPROLOLO FUMARATO	10	milligrammi	Compressa rivestita con film	C07AB07	SANDOZ S.P.A.	Autorizzata	Procedura Mutuo riconoscimento o Decentrata	Medicinali soggetti a prescrizione medica
038811547	038811	BISOPROLOLO SANDOZ	10 MG COMPRESSE RIVESTITE CON FILM- 30 COMPRESSE IN BLISTER OPA-AL-PVC/AL	BISOPROLOLO FUMARATO	BISOPROLOLO FUMARATO	10	milligrammi	Compressa rivestita con film	C07AB07	SANDOZ S.P.A.	Autorizzata	Procedura Mutuo riconoscimento o Decentrata	Medicinali soggetti a prescrizione medica
038811550	038811	BISOPROLOLO SANDOZ	10 MG COMPRESSE RIVESTITE CON FILM- 50 COMPRESSE IN BLISTER OPA-AL-PVC/AL	BISOPROLOLO FUMARATO	BISOPROLOLO FUMARATO	10	milligrammi	Compressa rivestita con film	C07AB07	SANDOZ S.P.A.	Autorizzata	Procedura Mutuo riconoscimento o Decentrata	Medicinali soggetti a prescrizione medica
038811562	038811	BISOPROLOLO SANDOZ	10 MG COMPRESSE RIVESTITE CON FILM- 56 COMPRESSE IN BLISTER OPA-AL-PVC/AL	BISOPROLOLO FUMARATO	BISOPROLOLO FUMARATO	10	milligrammi	Compressa rivestita con film	C07AB07	SANDOZ S.P.A.	Autorizzata	Procedura Mutuo riconoscimento o Decentrata	Medicinali soggetti a prescrizione medica
038811574	038811	BISOPROLOLO SANDOZ	10 MG COMPRESSE RIVESTITE CON FILM- 60 COMPRESSE IN BLISTER OPA-AL-PVC/AL	BISOPROLOLO FUMARATO	BISOPROLOLO FUMARATO	10	milligrammi	Compressa rivestita con film	C07AB07	SANDOZ S.P.A.	Autorizzata	Procedura Mutuo riconoscimento o Decentrata	Medicinali soggetti a prescrizione medica
038811586	038811	BISOPROLOLO SANDOZ	10 MG COMPRESSE RIVESTITE CON FILM- 100 COMPRESSE IN BLISTER OPA-AL-PVC/AL	BISOPROLOLO FUMARATO	BISOPROLOLO FUMARATO	10	milligrammi	Compressa rivestita con film	C07AB07	SANDOZ S.P.A.	Autorizzata	Procedura Mutuo riconoscimento o Decentrata	Medicinali soggetti a prescrizione medica
038811598	038811	BISOPROLOLO SANDOZ	10 MG COMPRESSE RIVESTITE CON FILM- 10X30 COMPRESSE IN BLISTER OPA-AL-PVC/AL	BISOPROLOLO FUMARATO	BISOPROLOLO FUMARATO	10	milligrammi	Compressa rivestita con film	C07AB07	SANDOZ S.P.A.	Autorizzata	Procedura Mutuo riconoscimento o Decentrata	Medicinali soggetti a prescrizione medica
038811600	038811	BISOPROLOLO SANDOZ	1,25 MG COMPRESSE RIVESTITE CON FILM- 10 COMPRESSE IN FLACONE HDPE	BISOPROLOLO FUMARATO	BISOPROLOLO FUMARATO	1.25	milligrammi	Compressa rivestita con film	C07AB07	SANDOZ S.P.A.	Autorizzata	Procedura Mutuo riconoscimento o Decentrata	Medicinali soggetti a prescrizione medica
038811612	038811	BISOPROLOLO SANDOZ	1,25 MG COMPRESSE RIVESTITE CON FILM- 20 COMPRESSE IN FLACONE HDPE	BISOPROLOLO FUMARATO	BISOPROLOLO FUMARATO	1.25	milligrammi	Compressa rivestita con film	C07AB07	SANDOZ S.P.A.	Autorizzata	Procedura Mutuo riconoscimento o Decentrata	Medicinali soggetti a prescrizione medica
038811624	038811	BISOPROLOLO SANDOZ	1,25 MG COMPRESSE RIVESTITE CON FILM- 30 COMPRESSE IN FLACONE HDPE	BISOPROLOLO FUMARATO	BISOPROLOLO FUMARATO	1.25	milligrammi	Compressa rivestita con film	C07AB07	SANDOZ S.P.A.	Autorizzata	Procedura Mutuo riconoscimento o Decentrata	Medicinali soggetti a prescrizione medica
038811636	038811	BISOPROLOLO SANDOZ	1,25 MG COMPRESSE RIVESTITE CON FILM- 50 COMPRESSE IN FLACONE HDPE	BISOPROLOLO FUMARATO	BISOPROLOLO FUMARATO	1.25	milligrammi	Compressa rivestita con film	C07AB07	SANDOZ S.P.A.	Autorizzata	Procedura Mutuo riconoscimento o Decentrata	Medicinali soggetti a prescrizione medica
038811648	038811	BISOPROLOLO SANDOZ	1,25 MG COMPRESSE RIVESTITE CON FILM- 60 COMPRESSE IN FLACONE HDPE	BISOPROLOLO FUMARATO	BISOPROLOLO FUMARATO	1.25	milligrammi	Compressa rivestita con film	C07AB07	SANDOZ S.P.A.	Autorizzata	Procedura Mutuo riconoscimento o Decentrata	Medicinali soggetti a prescrizione medica
038811651	038811	BISOPROLOLO SANDOZ	1,25 MG COMPRESSE RIVESTITE CON FILM- 100 COMPRESSE IN FLACONE HDPE	BISOPROLOLO FUMARATO	BISOPROLOLO FUMARATO	1.25	milligrammi	Compressa rivestita con film	C07AB07	SANDOZ S.P.A.	Autorizzata	Procedura Mutuo riconoscimento o Decentrata	Medicinali soggetti a prescrizione medica
038811663	038811	BISOPROLOLO SANDOZ	1,25 MG COMPRESSE RIVESTITE CON FILM- 250 COMPRESSE IN FLACONE HDPE	BISOPROLOLO FUMARATO	BISOPROLOLO FUMARATO	1.25	milligrammi	Compressa rivestita con film	C07AB07	SANDOZ S.P.A.	Autorizzata	Procedura Mutuo riconoscimento o Decentrata	Medicinali soggetti a prescrizione medica da rinnovare volta per volta
038811675	038811	BISOPROLOLO SANDOZ	1,25 MG COMPRESSE RIVESTITE CON FILM- 500 COMPRESSE IN FLACONE HDPE	BISOPROLOLO FUMARATO	BISOPROLOLO FUMARATO	1.25	milligrammi	Compressa rivestita con film	C07AB07	SANDOZ S.P.A.	Autorizzata	Procedura Mutuo riconoscimento o Decentrata	Medicinali soggetti a prescrizione medica da rinnovare volta per volta
038811687	038811	BISOPROLOLO SANDOZ	2,5 MG COMPRESSE RIVESTITE CON FILM- 10 COMPRESSE IN FLACONE HDPE	BISOPROLOLO FUMARATO	BISOPROLOLO FUMARATO	2.5	milligrammi	Compressa rivestita con film	C07AB07	SANDOZ S.P.A.	Autorizzata	Procedura Mutuo riconoscimento o Decentrata	Medicinali soggetti a prescrizione medica
038811699	038811	BISOPROLOLO SANDOZ	2,5 MG COMPRESSE RIVESTITE CON FILM- 20 COMPRESSE IN FLACONE HDPE	BISOPROLOLO FUMARATO	BISOPROLOLO FUMARATO	2.5	milligrammi	Compressa rivestita con film	C07AB07	SANDOZ S.P.A.	Autorizzata	Procedura Mutuo riconoscimento o Decentrata	Medicinali soggetti a prescrizione medica
038811701	038811	BISOPROLOLO SANDOZ	2,5 MG COMPRESSE RIVESTITE CON FILM- 30 COMPRESSE IN FLACONE HDPE	BISOPROLOLO FUMARATO	BISOPROLOLO FUMARATO	2.5	milligrammi	Compressa rivestita con film	C07AB07	SANDOZ S.P.A.	Autorizzata	Procedura Mutuo riconoscimento o Decentrata	Medicinali soggetti a prescrizione medica
038811713	038811	BISOPROLOLO SANDOZ	2,5 MG COMPRESSE RIVESTITE CON FILM- 50 COMPRESSE IN FLACONE HDPE	BISOPROLOLO FUMARATO	BISOPROLOLO FUMARATO	2.5	milligrammi	Compressa rivestita con film	C07AB07	SANDOZ S.P.A.	Autorizzata	Procedura Mutuo riconoscimento o Decentrata	Medicinali soggetti a prescrizione medica
038811725	038811	BISOPROLOLO SANDOZ	2,5 MG COMPRESSE RIVESTITE CON FILM- 60 COMPRESSE IN FLACONE HDPE	BISOPROLOLO FUMARATO	BISOPROLOLO FUMARATO	2.5	milligrammi	Compressa rivestita con film	C07AB07	SANDOZ S.P.A.	Autorizzata	Procedura Mutuo riconoscimento o Decentrata	Medicinali soggetti a prescrizione medica
038811737	038811	BISOPROLOLO SANDOZ	2,5 MG COMPRESSE RIVESTITE CON FILM- 100 COMPRESSE IN FLACONE HDPE	BISOPROLOLO FUMARATO	BISOPROLOLO FUMARATO	2.5	milligrammi	Compressa rivestita con film	C07AB07	SANDOZ S.P.A.	Autorizzata	Procedura Mutuo riconoscimento o Decentrata	Medicinali soggetti a prescrizione medica
038811749	038811	BISOPROLOLO SANDOZ	2,5 MG COMPRESSE RIVESTITE CON FILM- 250 COMPRESSE IN FLACONE HDPE	BISOPROLOLO FUMARATO	BISOPROLOLO FUMARATO	2.5	milligrammi	Compressa rivestita con film	C07AB07	SANDOZ S.P.A.	Autorizzata	Procedura Mutuo riconoscimento o Decentrata	Medicinali soggetti a prescrizione medica da rinnovare volta per volta
038811752	038811	BISOPROLOLO SANDOZ	2,5 MG COMPRESSE RIVESTITE CON FILM- 500 COMPRESSE IN FLACONE HDPE	BISOPROLOLO FUMARATO	BISOPROLOLO FUMARATO	2.5	milligrammi	Compressa rivestita con film	C07AB07	SANDOZ S.P.A.	Autorizzata	Procedura Mutuo riconoscimento o Decentrata	Medicinali soggetti a prescrizione medica da rinnovare volta per volta
038811764	038811	BISOPROLOLO SANDOZ	3,75 MG COMPRESSE RIVESTITE CON FILM- 10 COMPRESSE IN FLACONE HDPE	BISOPROLOLO FUMARATO	BISOPROLOLO FUMARATO	3.75	milligrammi	Compressa rivestita con film	C07AB07	SANDOZ S.P.A.	Autorizzata	Procedura Mutuo riconoscimento o Decentrata	Medicinali soggetti a prescrizione medica
038811776	038811	BISOPROLOLO SANDOZ	3,75 MG COMPRESSE RIVESTITE CON FILM- 20 COMPRESSE IN FLACONE HDPE	BISOPROLOLO FUMARATO	BISOPROLOLO FUMARATO	3.75	milligrammi	Compressa rivestita con film	C07AB07	SANDOZ S.P.A.	Autorizzata	Procedura Mutuo riconoscimento o Decentrata	Medicinali soggetti a prescrizione medica
038811788	038811	BISOPROLOLO SANDOZ	3,75 MG COMPRESSE RIVESTITE CON FILM- 30 COMPRESSE IN FLACONE HDPE	BISOPROLOLO FUMARATO	BISOPROLOLO FUMARATO	3.75	milligrammi	Compressa rivestita con film	C07AB07	SANDOZ S.P.A.	Autorizzata	Procedura Mutuo riconoscimento o Decentrata	Medicinali soggetti a prescrizione medica
038811790	038811	BISOPROLOLO SANDOZ	3,75 MG COMPRESSE RIVESTITE CON FILM- 50 COMPRESSE IN FLACONE HDPE	BISOPROLOLO FUMARATO	BISOPROLOLO FUMARATO	3.75	milligrammi	Compressa rivestita con film	C07AB07	SANDOZ S.P.A.	Autorizzata	Procedura Mutuo riconoscimento o Decentrata	Medicinali soggetti a prescrizione medica
038811802	038811	BISOPROLOLO SANDOZ	3,75 MG COMPRESSE RIVESTITE CON FILM- 60 COMPRESSE IN FLACONE HDPE	BISOPROLOLO FUMARATO	BISOPROLOLO FUMARATO	3.75	milligrammi	Compressa rivestita con film	C07AB07	SANDOZ S.P.A.	Autorizzata	Procedura Mutuo riconoscimento o Decentrata	Medicinali soggetti a prescrizione medica
038811814	038811	BISOPROLOLO SANDOZ	3,75 MG COMPRESSE RIVESTITE CON FILM- 100 COMPRESSE IN FLACONE HDPE	BISOPROLOLO FUMARATO	BISOPROLOLO FUMARATO	3.75	milligrammi	Compressa rivestita con film	C07AB07	SANDOZ S.P.A.	Autorizzata	Procedura Mutuo riconoscimento o Decentrata	Medicinali soggetti a prescrizione medica
038811826	038811	BISOPROLOLO SANDOZ	3,75 MG COMPRESSE RIVESTITE CON FILM- 250 COMPRESSE IN FLACONE HDPE	BISOPROLOLO FUMARATO	BISOPROLOLO FUMARATO	3.75	milligrammi	Compressa rivestita con film	C07AB07	SANDOZ S.P.A.	Autorizzata	Procedura Mutuo riconoscimento o Decentrata	Medicinali soggetti a prescrizione medica da rinnovare volta per volta
038811838	038811	BISOPROLOLO SANDOZ	3,75 MG COMPRESSE RIVESTITE CON FILM- 500 COMPRESSE IN FLACONE HDPE	BISOPROLOLO FUMARATO	BISOPROLOLO FUMARATO	3.75	milligrammi	Compressa rivestita con film	C07AB07	SANDOZ S.P.A.	Autorizzata	Procedura Mutuo riconoscimento o Decentrata	Medicinali soggetti a prescrizione medica da rinnovare volta per volta
038811840	038811	BISOPROLOLO SANDOZ	5 MG COMPRESSE RIVESTITE CON FILM- 10 COMPRESSE IN FLACONE HDPE	BISOPROLOLO FUMARATO	BISOPROLOLO FUMARATO	5	milligrammi	Compressa rivestita con film	C07AB07	SANDOZ S.P.A.	Autorizzata	Procedura Mutuo riconoscimento o Decentrata	Medicinali soggetti a prescrizione medica
038811853	038811	BISOPROLOLO SANDOZ	5 MG COMPRESSE RIVESTITE CON FILM- 20 COMPRESSE IN FLACONE HDPE	BISOPROLOLO FUMARATO	BISOPROLOLO FUMARATO	5	milligrammi	Compressa rivestita con film	C07AB07	SANDOZ S.P.A.	Autorizzata	Procedura Mutuo riconoscimento o Decentrata	Medicinali soggetti a prescrizione medica
038811865	038811	BISOPROLOLO SANDOZ	5 MG COMPRESSE RIVESTITE CON FILM- 30 COMPRESSE IN FLACONE HDPE	BISOPROLOLO FUMARATO	BISOPROLOLO FUMARATO	5	milligrammi	Compressa rivestita con film	C07AB07	SANDOZ S.P.A.	Autorizzata	Procedura Mutuo riconoscimento o Decentrata	Medicinali soggetti a prescrizione medica
038811877	038811	BISOPROLOLO SANDOZ	5 MG COMPRESSE RIVESTITE CON FILM- 50 COMPRESSE IN FLACONE HDPE	BISOPROLOLO FUMARATO	BISOPROLOLO FUMARATO	5	milligrammi	Compressa rivestita con film	C07AB07	SANDOZ S.P.A.	Autorizzata	Procedura Mutuo riconoscimento o Decentrata	Medicinali soggetti a prescrizione medica
038811889	038811	BISOPROLOLO SANDOZ	5 MG COMPRESSE RIVESTITE CON FILM- 60 COMPRESSE IN FLACONE HDPE	BISOPROLOLO FUMARATO	BISOPROLOLO FUMARATO	5	milligrammi	Compressa rivestita con film	C07AB07	SANDOZ S.P.A.	Autorizzata	Procedura Mutuo riconoscimento o Decentrata	Medicinali soggetti a prescrizione medica
038811891	038811	BISOPROLOLO SANDOZ	5 MG COMPRESSE RIVESTITE CON FILM- 100 COMPRESSE IN FLACONE HDPE	BISOPROLOLO FUMARATO	BISOPROLOLO FUMARATO	5	milligrammi	Compressa rivestita con film	C07AB07	SANDOZ S.P.A.	Autorizzata	Procedura Mutuo riconoscimento o Decentrata	Medicinali soggetti a prescrizione medica
038811903	038811	BISOPROLOLO SANDOZ	5 MG COMPRESSE RIVESTITE CON FILM- 250 COMPRESSE IN FLACONE HDPE	BISOPROLOLO FUMARATO	BISOPROLOLO FUMARATO	5	milligrammi	Compressa rivestita con film	C07AB07	SANDOZ S.P.A.	Autorizzata	Procedura Mutuo riconoscimento o Decentrata	Medicinali soggetti a prescrizione medica da rinnovare volta per volta
038811915	038811	BISOPROLOLO SANDOZ	5 MG COMPRESSE RIVESTITE CON FILM- 500 COMPRESSE IN FLACONE HDPE	BISOPROLOLO FUMARATO	BISOPROLOLO FUMARATO	5	milligrammi	Compressa rivestita con film	C07AB07	SANDOZ S.P.A.	Autorizzata	Procedura Mutuo riconoscimento o Decentrata	Medicinali soggetti a prescrizione medica da rinnovare volta per volta
038811927	038811	BISOPROLOLO SANDOZ	7,5 MG COMPRESSE RIVESTITE CON FILM- 10 COMPRESSE IN FLACONE HDPE	BISOPROLOLO FUMARATO	BISOPROLOLO FUMARATO	7.5	milligrammi	Compressa rivestita con film	C07AB07	SANDOZ S.P.A.	Autorizzata	Procedura Mutuo riconoscimento o Decentrata	Medicinali soggetti a prescrizione medica
038811939	038811	BISOPROLOLO SANDOZ	7,5 MG COMPRESSE RIVESTITE CON FILM- 20 COMPRESSE IN FLACONE HDPE	BISOPROLOLO FUMARATO	BISOPROLOLO FUMARATO	7.5	milligrammi	Compressa rivestita con film	C07AB07	SANDOZ S.P.A.	Autorizzata	Procedura Mutuo riconoscimento o Decentrata	Medicinali soggetti a prescrizione medica
038811941	038811	BISOPROLOLO SANDOZ	7,5 MG COMPRESSE RIVESTITE CON FILM- 30 COMPRESSE IN FLACONE HDPE	BISOPROLOLO FUMARATO	BISOPROLOLO FUMARATO	7.5	milligrammi	Compressa rivestita con film	C07AB07	SANDOZ S.P.A.	Autorizzata	Procedura Mutuo riconoscimento o Decentrata	Medicinali soggetti a prescrizione medica
038811954	038811	BISOPROLOLO SANDOZ	7,5 MG COMPRESSE RIVESTITE CON FILM- 50 COMPRESSE IN FLACONE HDPE	BISOPROLOLO FUMARATO	BISOPROLOLO FUMARATO	7.5	milligrammi	Compressa rivestita con film	C07AB07	SANDOZ S.P.A.	Autorizzata	Procedura Mutuo riconoscimento o Decentrata	Medicinali soggetti a prescrizione medica
038811966	038811	BISOPROLOLO SANDOZ	7,5 MG COMPRESSE RIVESTITE CON FILM- 60 COMPRESSE IN FLACONE HDPE	BISOPROLOLO FUMARATO	BISOPROLOLO FUMARATO	7.5	milligrammi	Compressa rivestita con film	C07AB07	SANDOZ S.P.A.	Autorizzata	Procedura Mutuo riconoscimento o Decentrata	Medicinali soggetti a prescrizione medica
038811978	038811	BISOPROLOLO SANDOZ	7,5 MG COMPRESSE RIVESTITE CON FILM- 100 COMPRESSE IN FLACONE HDPE	BISOPROLOLO FUMARATO	BISOPROLOLO FUMARATO	7.5	milligrammi	Compressa rivestita con film	C07AB07	SANDOZ S.P.A.	Autorizzata	Procedura Mutuo riconoscimento o Decentrata	Medicinali soggetti a prescrizione medica
038811980	038811	BISOPROLOLO SANDOZ	7,5 MG COMPRESSE RIVESTITE CON FILM- 250 COMPRESSE IN FLACONE HDPE	BISOPROLOLO FUMARATO	BISOPROLOLO FUMARATO	7.5	milligrammi	Compressa rivestita con film	C07AB07	SANDOZ S.P.A.	Autorizzata	Procedura Mutuo riconoscimento o Decentrata	Medicinali soggetti a prescrizione medica da rinnovare volta per volta
038811992	038811	BISOPROLOLO SANDOZ	7,5 MG COMPRESSE RIVESTITE CON FILM- 500 COMPRESSE IN FLACONE HDPE	BISOPROLOLO FUMARATO	BISOPROLOLO FUMARATO	7.5	milligrammi	Compressa rivestita con film	C07AB07	SANDOZ S.P.A.	Autorizzata	Procedura Mutuo riconoscimento o Decentrata	Medicinali soggetti a prescrizione medica da rinnovare volta per volta
039829015	039829	CONGESCOR	28 COMPRESSE IN BLISTER PVC/AL DA 2,5 MG	BISOPROLOLO FUMARATO	BISOPROLOLO FUMARATO	2.5	milligrammi	Compressa	C07AB07	FARMA 1000 S.R.L.	Autorizzata	Importazione Parallela	Medicinali soggetti a prescrizione medica
039829039	039829	CONGESCOR	1,25 MG COMPRESSE RIVESTITE CON FILM- 28 COMPRESSE IN BLISTER PVC/AL	BISOPROLOLO FUMARATO	BISOPROLOLO FUMARATO			Compressa rivestita con film	C07AB07	FARMA 1000 S.R.L.	Autorizzata	Importazione Parallela	Medicinali soggetti a prescrizione medica
039829054	039829	CONGESCOR	5 mg COMPRESSA- 28 COMPRESSE IN BLISTER PVC/AL	BISOPROLOLO FUMARATO	BISOPROLOLO FUMARATO	5	milligrammi	Compressa	C07AB07	FARMA 1000 S.R.L.	Autorizzata	Importazione Parallela	Medicinali soggetti a prescrizione medica
039829066	039829	CONGESCOR	2,5 MG COMPRESSE RIVESTITE CON FILM- 28 COMPRESSE IN BLISTER PVC/AL	BISOPROLOLO FUMARATO	BISOPROLOLO FUMARATO	2.5	milligrammi	Compressa rivestita con film	C07AB07	FARMA 1000 S.R.L.	Autorizzata	Importazione Parallela	Medicinali soggetti a prescrizione medica
039829078	039829	CONGESCOR	1,25 MG COMPRESSE RIVESTITE CON FILM- 28 COMPRESSE IN BLISTER PVC/AL	BISOPROLOLO FUMARATO	BISOPROLOLO FUMARATO	1.25	milligrammi	Compressa rivestita con film	C07AB07	FARMA 1000 S.R.L.	Autorizzata	Importazione Parallela	Medicinali soggetti a prescrizione medica
039870011	039870	BISOPROLOLO EG STADA	1,25 MG COMPRESSE - 10 COMPRESSE IN BLISTER PVC/PVDC/AL	BISOPROLOLO FUMARATO	BISOPROLOLO FUMARATO	1.25	milligrammi	Compressa	C07AB07	EG S.P.A.	Autorizzata	Procedura Mutuo riconoscimento o Decentrata	Medicinali soggetti a prescrizione medica
039870023	039870	BISOPROLOLO EG STADA	1,25 MG COMPRESSE - 20 COMPRESSE IN BLISTER PVC/PVDC/AL	BISOPROLOLO FUMARATO	BISOPROLOLO FUMARATO	1.25	milligrammi	Compressa	C07AB07	EG S.P.A.	Autorizzata	Procedura Mutuo riconoscimento o Decentrata	Medicinali soggetti a prescrizione medica
039870035	039870	BISOPROLOLO EG STADA	1,25 MG COMPRESSE - 28 COMPRESSE IN BLISTER PVC/PVDC/AL	BISOPROLOLO FUMARATO	BISOPROLOLO FUMARATO	1.25	milligrammi	Compressa	C07AB07	EG S.P.A.	Autorizzata	Procedura Mutuo riconoscimento o Decentrata	Medicinali soggetti a prescrizione medica
039870047	039870	BISOPROLOLO EG STADA	1,25 MG COMPRESSE - 30 COMPRESSE IN BLISTER PVC/PVDC/AL	BISOPROLOLO FUMARATO	BISOPROLOLO FUMARATO	1.25	milligrammi	Compressa	C07AB07	EG S.P.A.	Autorizzata	Procedura Mutuo riconoscimento o Decentrata	Medicinali soggetti a prescrizione medica
039870050	039870	BISOPROLOLO EG STADA	1,25 MG COMPRESSE - 50 COMPRESSE IN BLISTER PVC/PVDC/AL	BISOPROLOLO FUMARATO	BISOPROLOLO FUMARATO	1.25	milligrammi	Compressa	C07AB07	EG S.P.A.	Autorizzata	Procedura Mutuo riconoscimento o Decentrata	Medicinali soggetti a prescrizione medica
039870062	039870	BISOPROLOLO EG STADA	1,25 MG COMPRESSE - 56 COMPRESSE IN BLISTER PVC/PVDC/AL	BISOPROLOLO FUMARATO	BISOPROLOLO FUMARATO	1.25	milligrammi	Compressa	C07AB07	EG S.P.A.	Autorizzata	Procedura Mutuo riconoscimento o Decentrata	Medicinali soggetti a prescrizione medica
039870074	039870	BISOPROLOLO EG STADA	1,25 MG COMPRESSE - 60 COMPRESSE IN BLISTER PVC/PVDC/AL	BISOPROLOLO FUMARATO	BISOPROLOLO FUMARATO	1.25	milligrammi	Compressa	C07AB07	EG S.P.A.	Autorizzata	Procedura Mutuo riconoscimento o Decentrata	Medicinali soggetti a prescrizione medica
039870086	039870	BISOPROLOLO EG STADA	1,25 MG COMPRESSE - 90 COMPRESSE IN BLISTER PVC/PVDC/AL	BISOPROLOLO FUMARATO	BISOPROLOLO FUMARATO	1.25	milligrammi	Compressa	C07AB07	EG S.P.A.	Autorizzata	Procedura Mutuo riconoscimento o Decentrata	Medicinali soggetti a prescrizione medica
039870098	039870	BISOPROLOLO EG STADA	1,25 MG COMPRESSE - 100 COMPRESSE IN BLISTER PVC/PVDC/AL	BISOPROLOLO FUMARATO	BISOPROLOLO FUMARATO	1.25	milligrammi	Compressa	C07AB07	EG S.P.A.	Autorizzata	Procedura Mutuo riconoscimento o Decentrata	Medicinali soggetti a prescrizione medica
039870100	039870	BISOPROLOLO EG STADA	2,5 MG COMPRESSE - 10 COMPRESSE IN BLISTER PVC/PVDC/AL	BISOPROLOLO FUMARATO	BISOPROLOLO FUMARATO	2.5	milligrammi	Compressa	C07AB07	EG S.P.A.	Autorizzata	Procedura Mutuo riconoscimento o Decentrata	Medicinali soggetti a prescrizione medica
039870112	039870	BISOPROLOLO EG STADA	2,5 MG COMPRESSE - 20 COMPRESSE IN BLISTER PVC/PVDC/AL	BISOPROLOLO FUMARATO	BISOPROLOLO FUMARATO	2.5	milligrammi	Compressa	C07AB07	EG S.P.A.	Autorizzata	Procedura Mutuo riconoscimento o Decentrata	Medicinali soggetti a prescrizione medica
039870124	039870	BISOPROLOLO EG STADA	2,5 MG COMPRESSE - 28 COMPRESSE IN BLISTER PVC/PVDC/AL	BISOPROLOLO FUMARATO	BISOPROLOLO FUMARATO	2.5	milligrammi	Compressa	C07AB07	EG S.P.A.	Autorizzata	Procedura Mutuo riconoscimento o Decentrata	Medicinali soggetti a prescrizione medica
039870136	039870	BISOPROLOLO EG STADA	2,5 MG COMPRESSE - 30 COMPRESSE IN BLISTER PVC/PVDC/AL	BISOPROLOLO FUMARATO	BISOPROLOLO FUMARATO	2.5	milligrammi	Compressa	C07AB07	EG S.P.A.	Autorizzata	Procedura Mutuo riconoscimento o Decentrata	Medicinali soggetti a prescrizione medica
039870148	039870	BISOPROLOLO EG STADA	2,5 MG COMPRESSE - 50 COMPRESSE IN BLISTER PVC/PVDC/AL	BISOPROLOLO FUMARATO	BISOPROLOLO FUMARATO	2.5	milligrammi	Compressa	C07AB07	EG S.P.A.	Autorizzata	Procedura Mutuo riconoscimento o Decentrata	Medicinali soggetti a prescrizione medica
039870151	039870	BISOPROLOLO EG STADA	2,5 MG COMPRESSE - 56 COMPRESSE IN BLISTER PVC/PVDC/AL	BISOPROLOLO FUMARATO	BISOPROLOLO FUMARATO	2.5	milligrammi	Compressa	C07AB07	EG S.P.A.	Autorizzata	Procedura Mutuo riconoscimento o Decentrata	Medicinali soggetti a prescrizione medica
039870163	039870	BISOPROLOLO EG STADA	2,5 MG COMPRESSE - 60 COMPRESSE IN BLISTER PVC/PVDC/AL	BISOPROLOLO FUMARATO	BISOPROLOLO FUMARATO	2.5	milligrammi	Compressa	C07AB07	EG S.P.A.	Autorizzata	Procedura Mutuo riconoscimento o Decentrata	Medicinali soggetti a prescrizione medica
039870175	039870	BISOPROLOLO EG STADA	2,5 MG COMPRESSE - 90 COMPRESSE IN BLISTER PVC/PVDC/AL	BISOPROLOLO FUMARATO	BISOPROLOLO FUMARATO	2.5	milligrammi	Compressa	C07AB07	EG S.P.A.	Autorizzata	Procedura Mutuo riconoscimento o Decentrata	Medicinali soggetti a prescrizione medica
039870187	039870	BISOPROLOLO EG STADA	2,5 MG COMPRESSE - 100 COMPRESSE IN BLISTER PVC/PVDC/AL	BISOPROLOLO FUMARATO	BISOPROLOLO FUMARATO	2.5	milligrammi	Compressa	C07AB07	EG S.P.A.	Autorizzata	Procedura Mutuo riconoscimento o Decentrata	Medicinali soggetti a prescrizione medica
039870199	039870	BISOPROLOLO EG STADA	3,75 MG COMPRESSE - 10 COMPRESSE IN BLISTER PVC/PVDC/AL	BISOPROLOLO FUMARATO	BISOPROLOLO FUMARATO	3.75	milligrammi	Compressa	C07AB07	EG S.P.A.	Autorizzata	Procedura Mutuo riconoscimento o Decentrata	Medicinali soggetti a prescrizione medica
039870201	039870	BISOPROLOLO EG STADA	3,75 MG COMPRESSE - 20 COMPRESSE IN BLISTER PVC/PVDC/AL	BISOPROLOLO FUMARATO	BISOPROLOLO FUMARATO	3.75	milligrammi	Compressa	C07AB07	EG S.P.A.	Autorizzata	Procedura Mutuo riconoscimento o Decentrata	Medicinali soggetti a prescrizione medica
039870213	039870	BISOPROLOLO EG STADA	3,75 MG COMPRESSE - 28 COMPRESSE IN BLISTER PVC/PVDC/AL	BISOPROLOLO FUMARATO	BISOPROLOLO FUMARATO	3.75	milligrammi	Compressa	C07AB07	EG S.P.A.	Autorizzata	Procedura Mutuo riconoscimento o Decentrata	Medicinali soggetti a prescrizione medica
039870225	039870	BISOPROLOLO EG STADA	3,75 MG COMPRESSE - 30 COMPRESSE IN BLISTER PVC/PVDC/AL	BISOPROLOLO FUMARATO	BISOPROLOLO FUMARATO	3.75	milligrammi	Compressa	C07AB07	EG S.P.A.	Autorizzata	Procedura Mutuo riconoscimento o Decentrata	Medicinali soggetti a prescrizione medica
039870237	039870	BISOPROLOLO EG STADA	3,75 MG COMPRESSE - 50 COMPRESSE IN BLISTER PVC/PVDC/AL	BISOPROLOLO FUMARATO	BISOPROLOLO FUMARATO	3.75	milligrammi	Compressa	C07AB07	EG S.P.A.	Autorizzata	Procedura Mutuo riconoscimento o Decentrata	Medicinali soggetti a prescrizione medica
039870249	039870	BISOPROLOLO EG STADA	3,75 MG COMPRESSE - 56 COMPRESSE IN BLISTER PVC/PVDC/AL	BISOPROLOLO FUMARATO	BISOPROLOLO FUMARATO	3.75	milligrammi	Compressa	C07AB07	EG S.P.A.	Autorizzata	Procedura Mutuo riconoscimento o Decentrata	Medicinali soggetti a prescrizione medica
039870252	039870	BISOPROLOLO EG STADA	3,75 MG COMPRESSE - 60 COMPRESSE IN BLISTER PVC/PVDC/AL	BISOPROLOLO FUMARATO	BISOPROLOLO FUMARATO	3.75	milligrammi	Compressa	C07AB07	EG S.P.A.	Autorizzata	Procedura Mutuo riconoscimento o Decentrata	Medicinali soggetti a prescrizione medica
039870264	039870	BISOPROLOLO EG STADA	3,75 MG COMPRESSE - 90 COMPRESSE IN BLISTER PVC/PVDC/AL	BISOPROLOLO FUMARATO	BISOPROLOLO FUMARATO	3.75	milligrammi	Compressa	C07AB07	EG S.P.A.	Autorizzata	Procedura Mutuo riconoscimento o Decentrata	Medicinali soggetti a prescrizione medica
039870276	039870	BISOPROLOLO EG STADA	3,75 MG COMPRESSE - 100 COMPRESSE IN BLISTER PVC/PVDC/AL	BISOPROLOLO FUMARATO	BISOPROLOLO FUMARATO	3.75	milligrammi	Compressa	C07AB07	EG S.P.A.	Autorizzata	Procedura Mutuo riconoscimento o Decentrata	Medicinali soggetti a prescrizione medica
040147011	040147	BISOPROLOLO TEVA	1,25 MG COMPRESSE- 20 COMPRESSE IN BLISTER OPA/AL	BISOPROLOLO FUMARATO	BISOPROLOLO FUMARATO	1.25	milligrammi	Compressa	C07AB07	TEVA ITALIA S.R.L.	Autorizzata	Procedura Mutuo riconoscimento o Decentrata	Medicinali soggetti a prescrizione medica
040147023	040147	BISOPROLOLO TEVA	1,25 MG COMPRESSE- 28 COMPRESSE IN BLISTER OPA/AL	BISOPROLOLO FUMARATO	BISOPROLOLO FUMARATO	1.25	milligrammi	Compressa	C07AB07	TEVA ITALIA S.R.L.	Autorizzata	Procedura Mutuo riconoscimento o Decentrata	Medicinali soggetti a prescrizione medica
040147035	040147	BISOPROLOLO TEVA	1,25 MG COMPRESSE- 30 COMPRESSE IN BLISTER OPA/AL	BISOPROLOLO FUMARATO	BISOPROLOLO FUMARATO	1.25	milligrammi	Compressa	C07AB07	TEVA ITALIA S.R.L.	Autorizzata	Procedura Mutuo riconoscimento o Decentrata	Medicinali soggetti a prescrizione medica
040147047	040147	BISOPROLOLO TEVA	1,25 MG COMPRESSE- 50 COMPRESSE IN BLISTER OPA/AL	BISOPROLOLO FUMARATO	BISOPROLOLO FUMARATO	1.25	milligrammi	Compressa	C07AB07	TEVA ITALIA S.R.L.	Autorizzata	Procedura Mutuo riconoscimento o Decentrata	Medicinali soggetti a prescrizione medica
040147050	040147	BISOPROLOLO TEVA	1,25 MG COMPRESSE- 56 COMPRESSE IN BLISTER OPA/AL	BISOPROLOLO FUMARATO	BISOPROLOLO FUMARATO	1.25	milligrammi	Compressa	C07AB07	TEVA ITALIA S.R.L.	Autorizzata	Procedura Mutuo riconoscimento o Decentrata	Medicinali soggetti a prescrizione medica
040147062	040147	BISOPROLOLO TEVA	1,25 MG COMPRESSE- 60 COMPRESSE IN BLISTER OPA/AL	BISOPROLOLO FUMARATO	BISOPROLOLO FUMARATO	1.25	milligrammi	Compressa	C07AB07	TEVA ITALIA S.R.L.	Autorizzata	Procedura Mutuo riconoscimento o Decentrata	Medicinali soggetti a prescrizione medica
040147074	040147	BISOPROLOLO TEVA	1,25 MG COMPRESSE- 90 COMPRESSE IN BLISTER OPA/AL	BISOPROLOLO FUMARATO	BISOPROLOLO FUMARATO	1.25	milligrammi	Compressa	C07AB07	TEVA ITALIA S.R.L.	Autorizzata	Procedura Mutuo riconoscimento o Decentrata	Medicinali soggetti a prescrizione medica
040147086	040147	BISOPROLOLO TEVA	1,25 MG COMPRESSE- 100 COMPRESSE IN BLISTER OPA/AL	BISOPROLOLO FUMARATO	BISOPROLOLO FUMARATO	1.25	milligrammi	Compressa	C07AB07	TEVA ITALIA S.R.L.	Autorizzata	Procedura Mutuo riconoscimento o Decentrata	Medicinali soggetti a prescrizione medica
040147098	040147	BISOPROLOLO TEVA	2,5 MG COMPRESSE- 20 COMPRESSE IN BLISTER OPA/AL	BISOPROLOLO FUMARATO	BISOPROLOLO FUMARATO	2.5	milligrammi	Compressa	C07AB07	TEVA ITALIA S.R.L.	Autorizzata	Procedura Mutuo riconoscimento o Decentrata	Medicinali soggetti a prescrizione medica
040147100	040147	BISOPROLOLO TEVA	2,5 MG COMPRESSE- 28 COMPRESSE IN BLISTER OPA/AL	BISOPROLOLO FUMARATO	BISOPROLOLO FUMARATO	2.5	milligrammi	Compressa	C07AB07	TEVA ITALIA S.R.L.	Autorizzata	Procedura Mutuo riconoscimento o Decentrata	Medicinali soggetti a prescrizione medica
040147112	040147	BISOPROLOLO TEVA	2,5 MG COMPRESSE- 30 COMPRESSE IN BLISTER OPA/AL	BISOPROLOLO FUMARATO	BISOPROLOLO FUMARATO	2.5	milligrammi	Compressa	C07AB07	TEVA ITALIA S.R.L.	Autorizzata	Procedura Mutuo riconoscimento o Decentrata	Medicinali soggetti a prescrizione medica
040147124	040147	BISOPROLOLO TEVA	2,5 MG COMPRESSE- 50 COMPRESSE IN BLISTER OPA/AL	BISOPROLOLO FUMARATO	BISOPROLOLO FUMARATO	2.5	milligrammi	Compressa	C07AB07	TEVA ITALIA S.R.L.	Autorizzata	Procedura Mutuo riconoscimento o Decentrata	Medicinali soggetti a prescrizione medica
040147136	040147	BISOPROLOLO TEVA	2,5 MG COMPRESSE- 56 COMPRESSE IN BLISTER OPA/AL	BISOPROLOLO FUMARATO	BISOPROLOLO FUMARATO	2.5	milligrammi	Compressa	C07AB07	TEVA ITALIA S.R.L.	Autorizzata	Procedura Mutuo riconoscimento o Decentrata	Medicinali soggetti a prescrizione medica
040147148	040147	BISOPROLOLO TEVA	2,5 MG COMPRESSE- 60 COMPRESSE IN BLISTER OPA/AL	BISOPROLOLO FUMARATO	BISOPROLOLO FUMARATO	2.5	milligrammi	Compressa	C07AB07	TEVA ITALIA S.R.L.	Autorizzata	Procedura Mutuo riconoscimento o Decentrata	Medicinali soggetti a prescrizione medica
040147151	040147	BISOPROLOLO TEVA	2,5 MG COMPRESSE- 90 COMPRESSE IN BLISTER OPA/AL	BISOPROLOLO FUMARATO	BISOPROLOLO FUMARATO	2.5	milligrammi	Compressa	C07AB07	TEVA ITALIA S.R.L.	Autorizzata	Procedura Mutuo riconoscimento o Decentrata	Medicinali soggetti a prescrizione medica
040147163	040147	BISOPROLOLO TEVA	2,5 MG COMPRESSE- 100 COMPRESSE IN BLISTER OPA/AL	BISOPROLOLO FUMARATO	BISOPROLOLO FUMARATO	2.5	milligrammi	Compressa	C07AB07	TEVA ITALIA S.R.L.	Autorizzata	Procedura Mutuo riconoscimento o Decentrata	Medicinali soggetti a prescrizione medica
040147175	040147	BISOPROLOLO TEVA	3,75 MG COMPRESSE- 20 COMPRESSE IN BLISTER OPA/AL	BISOPROLOLO FUMARATO	BISOPROLOLO FUMARATO	3.75	milligrammi	Compressa	C07AB07	TEVA ITALIA S.R.L.	Autorizzata	Procedura Mutuo riconoscimento o Decentrata	Medicinali soggetti a prescrizione medica
040147187	040147	BISOPROLOLO TEVA	3,75 MG COMPRESSE- 28 COMPRESSE IN BLISTER OPA/AL	BISOPROLOLO FUMARATO	BISOPROLOLO FUMARATO	3.75	milligrammi	Compressa	C07AB07	TEVA ITALIA S.R.L.	Autorizzata	Procedura Mutuo riconoscimento o Decentrata	Medicinali soggetti a prescrizione medica
040147199	040147	BISOPROLOLO TEVA	3,75 MG COMPRESSE- 30 COMPRESSE IN BLISTER OPAAL	BISOPROLOLO FUMARATO	BISOPROLOLO FUMARATO	3.75	milligrammi	Compressa	C07AB07	TEVA ITALIA S.R.L.	Autorizzata	Procedura Mutuo riconoscimento o Decentrata	Medicinali soggetti a prescrizione medica
040147201	040147	BISOPROLOLO TEVA	3,75 MG COMPRESSE- 50 COMPRESSE IN BLISTER OPA/AL	BISOPROLOLO FUMARATO	BISOPROLOLO FUMARATO	3.75	milligrammi	Compressa	C07AB07	TEVA ITALIA S.R.L.	Autorizzata	Procedura Mutuo riconoscimento o Decentrata	Medicinali soggetti a prescrizione medica
040147213	040147	BISOPROLOLO TEVA	3,75 MG COMPRESSE- 56 COMPRESSE IN BLISTER OPA/AL	BISOPROLOLO FUMARATO	BISOPROLOLO FUMARATO	3.75	milligrammi	Compressa	C07AB07	TEVA ITALIA S.R.L.	Autorizzata	Procedura Mutuo riconoscimento o Decentrata	Medicinali soggetti a prescrizione medica
040147225	040147	BISOPROLOLO TEVA	3,75 MG COMPRESSE- 60 COMPRESSE IN BLISTER OPA/AL	BISOPROLOLO FUMARATO	BISOPROLOLO FUMARATO	3.75	milligrammi	Compressa	C07AB07	TEVA ITALIA S.R.L.	Autorizzata	Procedura Mutuo riconoscimento o Decentrata	Medicinali soggetti a prescrizione medica
040147237	040147	BISOPROLOLO TEVA	3,75 MG COMPRESSE- 90 COMPRESSE IN BLISTER OPA/AL	BISOPROLOLO FUMARATO	BISOPROLOLO FUMARATO	3.75	milligrammi	Compressa	C07AB07	TEVA ITALIA S.R.L.	Autorizzata	Procedura Mutuo riconoscimento o Decentrata	Medicinali soggetti a prescrizione medica
040147249	040147	BISOPROLOLO TEVA	3,75 MG COMPRESSE- 100 COMPRESSE IN BLISTER OPA/AL	BISOPROLOLO FUMARATO	BISOPROLOLO FUMARATO	3.75	milligrammi	Compressa	C07AB07	TEVA ITALIA S.R.L.	Autorizzata	Procedura Mutuo riconoscimento o Decentrata	Medicinali soggetti a prescrizione medica
040147252	040147	BISOPROLOLO TEVA	5 MG COMPRESSE- 20 COMPRESSE IN BLISTER PVC/PVDC/AL	BISOPROLOLO FUMARATO	BISOPROLOLO FUMARATO	5	milligrammi	Compressa	C07AB07	TEVA ITALIA S.R.L.	Autorizzata	Procedura Mutuo riconoscimento o Decentrata	Medicinali soggetti a prescrizione medica
040147264	040147	BISOPROLOLO TEVA	5 MG COMPRESSE- 28 COMPRESSE IN BLISTER PVC/PVDC/AL	BISOPROLOLO FUMARATO	BISOPROLOLO FUMARATO	5	milligrammi	Compressa	C07AB07	TEVA ITALIA S.R.L.	Autorizzata	Procedura Mutuo riconoscimento o Decentrata	Medicinali soggetti a prescrizione medica
040147276	040147	BISOPROLOLO TEVA	5 MG COMPRESSE- 30 COMPRESSE IN BLISTER PVC/PVDC/AL	BISOPROLOLO FUMARATO	BISOPROLOLO FUMARATO	5	milligrammi	Compressa	C07AB07	TEVA ITALIA S.R.L.	Autorizzata	Procedura Mutuo riconoscimento o Decentrata	Medicinali soggetti a prescrizione medica
040147288	040147	BISOPROLOLO TEVA	5 MG COMPRESSE- 50 COMPRESSE IN BLISTER PVC/PVDC/AL	BISOPROLOLO FUMARATO	BISOPROLOLO FUMARATO	5	milligrammi	Compressa	C07AB07	TEVA ITALIA S.R.L.	Autorizzata	Procedura Mutuo riconoscimento o Decentrata	Medicinali soggetti a prescrizione medica
040147290	040147	BISOPROLOLO TEVA	5 MG COMPRESSE- 56 COMPRESSE IN BLISTER PVC/PVDC/AL	BISOPROLOLO FUMARATO	BISOPROLOLO FUMARATO	5	milligrammi	Compressa	C07AB07	TEVA ITALIA S.R.L.	Autorizzata	Procedura Mutuo riconoscimento o Decentrata	Medicinali soggetti a prescrizione medica
040147302	040147	BISOPROLOLO TEVA	5 MG COMPRESSE- 60 COMPRESSE IN BLISTER PVC/PVDC/AL	BISOPROLOLO FUMARATO	BISOPROLOLO FUMARATO	5	milligrammi	Compressa	C07AB07	TEVA ITALIA S.R.L.	Autorizzata	Procedura Mutuo riconoscimento o Decentrata	Medicinali soggetti a prescrizione medica
040147314	040147	BISOPROLOLO TEVA	5 MG COMPRESSE- 90 COMPRESSE IN BLISTER PVC/PVDC/AL	BISOPROLOLO FUMARATO	BISOPROLOLO FUMARATO	5	milligrammi	Compressa	C07AB07	TEVA ITALIA S.R.L.	Autorizzata	Procedura Mutuo riconoscimento o Decentrata	Medicinali soggetti a prescrizione medica
040147326	040147	BISOPROLOLO TEVA	5 MG COMPRESSE- 100 COMPRESSE IN BLISTER PVC/PVDC/AL	BISOPROLOLO FUMARATO	BISOPROLOLO FUMARATO	5	milligrammi	Compressa	C07AB07	TEVA ITALIA S.R.L.	Autorizzata	Procedura Mutuo riconoscimento o Decentrata	Medicinali soggetti a prescrizione medica
040147338	040147	BISOPROLOLO TEVA	10 MG COMPRESSE- 20 COMPRESSE IN BLISTER PVC/PVDC/AL	BISOPROLOLO FUMARATO	BISOPROLOLO FUMARATO	10	milligrammi	Compressa	C07AB07	TEVA ITALIA S.R.L.	Autorizzata	Procedura Mutuo riconoscimento o Decentrata	Medicinali soggetti a prescrizione medica
040147340	040147	BISOPROLOLO TEVA	10 MG COMPRESSE- 28 COMPRESSE IN BLISTER PVC/PVDC/AL	BISOPROLOLO FUMARATO	BISOPROLOLO FUMARATO	10	milligrammi	Compressa	C07AB07	TEVA ITALIA S.R.L.	Autorizzata	Procedura Mutuo riconoscimento o Decentrata	Medicinali soggetti a prescrizione medica
040147353	040147	BISOPROLOLO TEVA	10 MG COMPRESSE- 30 COMPRESSE IN BLISTER PVC/PVDC/AL	BISOPROLOLO FUMARATO	BISOPROLOLO FUMARATO	10	milligrammi	Compressa	C07AB07	TEVA ITALIA S.R.L.	Autorizzata	Procedura Mutuo riconoscimento o Decentrata	Medicinali soggetti a prescrizione medica
040147365	040147	BISOPROLOLO TEVA	10 MG COMPRESSE- 50 COMPRESSE IN BLISTER PVC/PVDC/AL	BISOPROLOLO FUMARATO	BISOPROLOLO FUMARATO	10	milligrammi	Compressa	C07AB07	TEVA ITALIA S.R.L.	Autorizzata	Procedura Mutuo riconoscimento o Decentrata	Medicinali soggetti a prescrizione medica
040147377	040147	BISOPROLOLO TEVA	10 MG COMPRESSE- 56 COMPRESSE IN BLISTER PVC/PVDC/AL	BISOPROLOLO FUMARATO	BISOPROLOLO FUMARATO	10	milligrammi	Compressa	C07AB07	TEVA ITALIA S.R.L.	Autorizzata	Procedura Mutuo riconoscimento o Decentrata	Medicinali soggetti a prescrizione medica
040147389	040147	BISOPROLOLO TEVA	10 MG COMPRESSE- 60 COMPRESSE IN BLISTER PVC/PVDC/AL	BISOPROLOLO FUMARATO	BISOPROLOLO FUMARATO	10	milligrammi	Compressa	C07AB07	TEVA ITALIA S.R.L.	Autorizzata	Procedura Mutuo riconoscimento o Decentrata	Medicinali soggetti a prescrizione medica
040147391	040147	BISOPROLOLO TEVA	10 MG COMPRESSE- 90 COMPRESSE IN BLISTER PVC/PVDC/AL	BISOPROLOLO FUMARATO	BISOPROLOLO FUMARATO	10	milligrammi	Compressa	C07AB07	TEVA ITALIA S.R.L.	Autorizzata	Procedura Mutuo riconoscimento o Decentrata	Medicinali soggetti a prescrizione medica
040147403	040147	BISOPROLOLO TEVA	10 MG COMPRESSE- 100 COMPRESSE IN BLISTER PVC/PVDC/AL	BISOPROLOLO FUMARATO	BISOPROLOLO FUMARATO	10	milligrammi	Compressa	C07AB07	TEVA ITALIA S.R.L.	Autorizzata	Procedura Mutuo riconoscimento o Decentrata	Medicinali soggetti a prescrizione medica
040147415	040147	BISOPROLOLO TEVA	1,25 MG COMPRESSE- 21 COMPRESSE IN BLISTER OPA/AL	BISOPROLOLO FUMARATO	BISOPROLOLO FUMARATO	1.25	milligrammi	Compressa	C07AB07	TEVA ITALIA S.R.L.	Autorizzata	Procedura Mutuo riconoscimento o Decentrata	Medicinali soggetti a prescrizione medica
040147427	040147	BISOPROLOLO TEVA	2,5 MG COMPRESSE- 21 COMPRESSE IN BLISTER OPA/AL	BISOPROLOLO FUMARATO	BISOPROLOLO FUMARATO	2.5	milligrammi	Compressa	C07AB07	TEVA ITALIA S.R.L.	Autorizzata	Procedura Mutuo riconoscimento o Decentrata	Medicinali soggetti a prescrizione medica
040147439	040147	BISOPROLOLO TEVA	3,75 MG COMPRESSE- 21 COMPRESSE IN BLISTER OPA/AL	BISOPROLOLO FUMARATO	BISOPROLOLO FUMARATO	3.75	milligrammi	Compressa	C07AB07	TEVA ITALIA S.R.L.	Autorizzata	Procedura Mutuo riconoscimento o Decentrata	Medicinali soggetti a prescrizione medica
040147441	040147	BISOPROLOLO TEVA	5 MG COMPRESSE- 21 COMPRESSE IN BLISTER PVC/PVDC/AL	BISOPROLOLO FUMARATO	BISOPROLOLO FUMARATO	5	milligrammi	Compressa	C07AB07	TEVA ITALIA S.R.L.	Autorizzata	Procedura Mutuo riconoscimento o Decentrata	Medicinali soggetti a prescrizione medica
040147454	040147	BISOPROLOLO TEVA	10 MG COMPRESSE- 21 COMPRESSE IN BLISTER PVC/PVDC/AL	BISOPROLOLO FUMARATO	BISOPROLOLO FUMARATO	10	milligrammi	Compressa	C07AB07	TEVA ITALIA S.R.L.	Autorizzata	Procedura Mutuo riconoscimento o Decentrata	Medicinali soggetti a prescrizione medica
040444010	040444	BISOPROLOLO AHCL	2,5 MG COMPRESSE RIVESTITE CON FILM- 20 COMPRESSE IN BLISTER PVC/PVDC-AL	BISOPROLOLO FUMARATO	BISOPROLOLO FUMARATO	2.5	milligrammi	Compressa rivestita con film	C07AB07	ACCORD HEALTHCARE, S.L.U.	Autorizzata	Procedura Mutuo riconoscimento o Decentrata	Medicinali soggetti a prescrizione medica
040444022	040444	BISOPROLOLO AHCL	2,5 MG COMPRESSE RIVESTITE CON FILM- 28 COMPRESSE IN BLISTER PVC/PVDC-AL	BISOPROLOLO FUMARATO	BISOPROLOLO FUMARATO	2.5	milligrammi	Compressa rivestita con film	C07AB07	ACCORD HEALTHCARE, S.L.U.	Autorizzata	Procedura Mutuo riconoscimento o Decentrata	Medicinali soggetti a prescrizione medica
040444034	040444	BISOPROLOLO AHCL	2,5 MG COMPRESSE RIVESTITE CON FILM- 30 COMPRESSE IN BLISTER PVC/PVDC-AL	BISOPROLOLO FUMARATO	BISOPROLOLO FUMARATO	2.5	milligrammi	Compressa rivestita con film	C07AB07	ACCORD HEALTHCARE, S.L.U.	Autorizzata	Procedura Mutuo riconoscimento o Decentrata	Medicinali soggetti a prescrizione medica
040444046	040444	BISOPROLOLO AHCL	2,5 MG COMPRESSE RIVESTITE CON FILM- 50 COMPRESSE IN BLISTER PVC/PVDC-AL	BISOPROLOLO FUMARATO	BISOPROLOLO FUMARATO	2.5	milligrammi	Compressa rivestita con film	C07AB07	ACCORD HEALTHCARE, S.L.U.	Autorizzata	Procedura Mutuo riconoscimento o Decentrata	Medicinali soggetti a prescrizione medica
040444059	040444	BISOPROLOLO AHCL	2,5 MG COMPRESSE RIVESTITE CON FILM- 56 COMPRESSE IN BLISTER PVC/PVDC-AL	BISOPROLOLO FUMARATO	BISOPROLOLO FUMARATO	2.5	milligrammi	Compressa rivestita con film	C07AB07	ACCORD HEALTHCARE, S.L.U.	Autorizzata	Procedura Mutuo riconoscimento o Decentrata	Medicinali soggetti a prescrizione medica
040444061	040444	BISOPROLOLO AHCL	2,5 MG COMPRESSE RIVESTITE CON FILM- 60 COMPRESSE IN BLISTER PVC/PVDC-AL	BISOPROLOLO FUMARATO	BISOPROLOLO FUMARATO	2.5	milligrammi	Compressa rivestita con film	C07AB07	ACCORD HEALTHCARE, S.L.U.	Autorizzata	Procedura Mutuo riconoscimento o Decentrata	Medicinali soggetti a prescrizione medica
040444073	040444	BISOPROLOLO AHCL	2,5 MG COMPRESSE RIVESTITE CON FILM- 90 COMPRESSE IN BLISTER PVC/PVDC-AL	BISOPROLOLO FUMARATO	BISOPROLOLO FUMARATO	2.5	milligrammi	Compressa rivestita con film	C07AB07	ACCORD HEALTHCARE, S.L.U.	Autorizzata	Procedura Mutuo riconoscimento o Decentrata	Medicinali soggetti a prescrizione medica
040444085	040444	BISOPROLOLO AHCL	2,5 MG COMPRESSE RIVESTITE CON FILM- 100 COMPRESSE IN BLISTER PVC/PVDC-AL	BISOPROLOLO FUMARATO	BISOPROLOLO FUMARATO	2.5	milligrammi	Compressa rivestita con film	C07AB07	ACCORD HEALTHCARE, S.L.U.	Autorizzata	Procedura Mutuo riconoscimento o Decentrata	Medicinali soggetti a prescrizione medica
040444097	040444	BISOPROLOLO AHCL	2,5 MG COMPRESSE RIVESTITE CON FILM- 20 COMPRESSE IN BLISTER AL-AL	BISOPROLOLO FUMARATO	BISOPROLOLO FUMARATO	2.5	milligrammi	Compressa rivestita con film	C07AB07	ACCORD HEALTHCARE, S.L.U.	Autorizzata	Procedura Mutuo riconoscimento o Decentrata	Medicinali soggetti a prescrizione medica
040444109	040444	BISOPROLOLO AHCL	2,5 MG COMPRESSE RIVESTITE CON FILM- 28 COMPRESSE IN BLISTER AL-AL	BISOPROLOLO FUMARATO	BISOPROLOLO FUMARATO	2.5	milligrammi	Compressa rivestita con film	C07AB07	ACCORD HEALTHCARE, S.L.U.	Autorizzata	Procedura Mutuo riconoscimento o Decentrata	Medicinali soggetti a prescrizione medica
040444111	040444	BISOPROLOLO AHCL	2,5 MG COMPRESSE RIVESTITE CON FILM- 30 COMPRESSE IN BLISTER AL-AL	BISOPROLOLO FUMARATO	BISOPROLOLO FUMARATO	2.5	milligrammi	Compressa rivestita con film	C07AB07	ACCORD HEALTHCARE, S.L.U.	Autorizzata	Procedura Mutuo riconoscimento o Decentrata	Medicinali soggetti a prescrizione medica
040444123	040444	BISOPROLOLO AHCL	2,5 MG COMPRESSE RIVESTITE CON FILM- 50 COMPRESSE IN BLISTER AL-AL	BISOPROLOLO FUMARATO	BISOPROLOLO FUMARATO	2.5	milligrammi	Compressa rivestita con film	C07AB07	ACCORD HEALTHCARE, S.L.U.	Autorizzata	Procedura Mutuo riconoscimento o Decentrata	Medicinali soggetti a prescrizione medica
040444135	040444	BISOPROLOLO AHCL	2,5 MG COMPRESSE RIVESTITE CON FILM- 56 COMPRESSE IN BLISTER AL-AL	BISOPROLOLO FUMARATO	BISOPROLOLO FUMARATO	2.5	milligrammi	Compressa rivestita con film	C07AB07	ACCORD HEALTHCARE, S.L.U.	Autorizzata	Procedura Mutuo riconoscimento o Decentrata	Medicinali soggetti a prescrizione medica
040444147	040444	BISOPROLOLO AHCL	2,5 MG COMPRESSE RIVESTITE CON FILM- 60 COMPRESSE IN BLISTER AL-AL	BISOPROLOLO FUMARATO	BISOPROLOLO FUMARATO	2.5	milligrammi	Compressa rivestita con film	C07AB07	ACCORD HEALTHCARE, S.L.U.	Autorizzata	Procedura Mutuo riconoscimento o Decentrata	Medicinali soggetti a prescrizione medica
040444150	040444	BISOPROLOLO AHCL	2,5 MG COMPRESSE RIVESTITE CON FILM- 90 COMPRESSE IN BLISTER AL-AL	BISOPROLOLO FUMARATO	BISOPROLOLO FUMARATO	2.5	milligrammi	Compressa rivestita con film	C07AB07	ACCORD HEALTHCARE, S.L.U.	Autorizzata	Procedura Mutuo riconoscimento o Decentrata	Medicinali soggetti a prescrizione medica
040444162	040444	BISOPROLOLO AHCL	2,5 MG COMPRESSE RIVESTITE CON FILM- 100 COMPRESSE IN BLISTER AL-AL	BISOPROLOLO FUMARATO	BISOPROLOLO FUMARATO	2.5	milligrammi	Compressa rivestita con film	C07AB07	ACCORD HEALTHCARE, S.L.U.	Autorizzata	Procedura Mutuo riconoscimento o Decentrata	Medicinali soggetti a prescrizione medica
040444174	040444	BISOPROLOLO AHCL	5 MG COMPRESSE RIVESTITE CON FILM- 20 COMPRESSE IN BLISTER PVC/PVDC-AL	BISOPROLOLO FUMARATO	BISOPROLOLO FUMARATO	5	milligrammi	Compressa rivestita con film	C07AB07	ACCORD HEALTHCARE, S.L.U.	Autorizzata	Procedura Mutuo riconoscimento o Decentrata	Medicinali soggetti a prescrizione medica
040444186	040444	BISOPROLOLO AHCL	5 MG COMPRESSE RIVESTITE CON FILM- 28 COMPRESSE IN BLISTER PVC/PVDC-AL	BISOPROLOLO FUMARATO	BISOPROLOLO FUMARATO	5	milligrammi	Compressa rivestita con film	C07AB07	ACCORD HEALTHCARE, S.L.U.	Autorizzata	Procedura Mutuo riconoscimento o Decentrata	Medicinali soggetti a prescrizione medica
040444198	040444	BISOPROLOLO AHCL	5 MG COMPRESSE RIVESTITE CON FILM- 30 COMPRESSE IN BLISTER PVC/PVDC-AL	BISOPROLOLO FUMARATO	BISOPROLOLO FUMARATO	5	milligrammi	Compressa rivestita con film	C07AB07	ACCORD HEALTHCARE, S.L.U.	Autorizzata	Procedura Mutuo riconoscimento o Decentrata	Medicinali soggetti a prescrizione medica
040444200	040444	BISOPROLOLO AHCL	5 MG COMPRESSE RIVESTITE CON FILM- 50 COMPRESSE IN BLISTER PVC/PVDC-AL	BISOPROLOLO FUMARATO	BISOPROLOLO FUMARATO	5	milligrammi	Compressa rivestita con film	C07AB07	ACCORD HEALTHCARE, S.L.U.	Autorizzata	Procedura Mutuo riconoscimento o Decentrata	Medicinali soggetti a prescrizione medica
040444212	040444	BISOPROLOLO AHCL	5 MG COMPRESSE RIVESTITE CON FILM- 56 COMPRESSE IN BLISTER PVC/PVDC-AL	BISOPROLOLO FUMARATO	BISOPROLOLO FUMARATO	5	milligrammi	Compressa rivestita con film	C07AB07	ACCORD HEALTHCARE, S.L.U.	Autorizzata	Procedura Mutuo riconoscimento o Decentrata	Medicinali soggetti a prescrizione medica
040444224	040444	BISOPROLOLO AHCL	5 MG COMPRESSE RIVESTITE CON FILM- 60 COMPRESSE IN BLISTER PVC/PVDC-AL	BISOPROLOLO FUMARATO	BISOPROLOLO FUMARATO	5	milligrammi	Compressa rivestita con film	C07AB07	ACCORD HEALTHCARE, S.L.U.	Autorizzata	Procedura Mutuo riconoscimento o Decentrata	Medicinali soggetti a prescrizione medica
040444236	040444	BISOPROLOLO AHCL	5 MG COMPRESSE RIVESTITE CON FILM- 90 COMPRESSE IN BLISTER PVC/PVDC-AL	BISOPROLOLO FUMARATO	BISOPROLOLO FUMARATO	5	milligrammi	Compressa rivestita con film	C07AB07	ACCORD HEALTHCARE, S.L.U.	Autorizzata	Procedura Mutuo riconoscimento o Decentrata	Medicinali soggetti a prescrizione medica
040444248	040444	BISOPROLOLO AHCL	5 MG COMPRESSE RIVESTITE CON FILM- 100 COMPRESSE IN BLISTER PVC/PVDC-AL	BISOPROLOLO FUMARATO	BISOPROLOLO FUMARATO	5	milligrammi	Compressa rivestita con film	C07AB07	ACCORD HEALTHCARE, S.L.U.	Autorizzata	Procedura Mutuo riconoscimento o Decentrata	Medicinali soggetti a prescrizione medica
040444251	040444	BISOPROLOLO AHCL	5 MG COMPRESSE RIVESTITE CON FILM- 20 COMPRESSE IN BLISTER AL-AL	BISOPROLOLO FUMARATO	BISOPROLOLO FUMARATO	5	milligrammi	Compressa rivestita con film	C07AB07	ACCORD HEALTHCARE, S.L.U.	Autorizzata	Procedura Mutuo riconoscimento o Decentrata	Medicinali soggetti a prescrizione medica
040444263	040444	BISOPROLOLO AHCL	5 MG COMPRESSE RIVESTITE CON FILM- 28 COMPRESSE IN BLISTER AL-AL	BISOPROLOLO FUMARATO	BISOPROLOLO FUMARATO	5	milligrammi	Compressa rivestita con film	C07AB07	ACCORD HEALTHCARE, S.L.U.	Autorizzata	Procedura Mutuo riconoscimento o Decentrata	Medicinali soggetti a prescrizione medica
040444275	040444	BISOPROLOLO AHCL	5 MG COMPRESSE RIVESTITE CON FILM- 30 COMPRESSE IN BLISTER AL-AL	BISOPROLOLO FUMARATO	BISOPROLOLO FUMARATO	5	milligrammi	Compressa rivestita con film	C07AB07	ACCORD HEALTHCARE, S.L.U.	Autorizzata	Procedura Mutuo riconoscimento o Decentrata	Medicinali soggetti a prescrizione medica
040444287	040444	BISOPROLOLO AHCL	5 MG COMPRESSE RIVESTITE CON FILM- 50 COMPRESSE IN BLISTER AL-AL	BISOPROLOLO FUMARATO	BISOPROLOLO FUMARATO	5	milligrammi	Compressa rivestita con film	C07AB07	ACCORD HEALTHCARE, S.L.U.	Autorizzata	Procedura Mutuo riconoscimento o Decentrata	Medicinali soggetti a prescrizione medica
040444299	040444	BISOPROLOLO AHCL	5 MG COMPRESSE RIVESTITE CON FILM- 56 COMPRESSE IN BLISTER AL-AL	BISOPROLOLO FUMARATO	BISOPROLOLO FUMARATO	5	milligrammi	Compressa rivestita con film	C07AB07	ACCORD HEALTHCARE, S.L.U.	Autorizzata	Procedura Mutuo riconoscimento o Decentrata	Medicinali soggetti a prescrizione medica
040444301	040444	BISOPROLOLO AHCL	5 MG COMPRESSE RIVESTITE CON FILM- 60 COMPRESSE IN BLISTER AL-AL	BISOPROLOLO FUMARATO	BISOPROLOLO FUMARATO	5	milligrammi	Compressa rivestita con film	C07AB07	ACCORD HEALTHCARE, S.L.U.	Autorizzata	Procedura Mutuo riconoscimento o Decentrata	Medicinali soggetti a prescrizione medica
040444313	040444	BISOPROLOLO AHCL	5 MG COMPRESSE RIVESTITE CON FILM- 90 COMPRESSE IN BLISTER AL-AL	BISOPROLOLO FUMARATO	BISOPROLOLO FUMARATO	5	milligrammi	Compressa rivestita con film	C07AB07	ACCORD HEALTHCARE, S.L.U.	Autorizzata	Procedura Mutuo riconoscimento o Decentrata	Medicinali soggetti a prescrizione medica
040444325	040444	BISOPROLOLO AHCL	5 MG COMPRESSE RIVESTITE CON FILM- 100 COMPRESSE IN BLISTER AL-AL	BISOPROLOLO FUMARATO	BISOPROLOLO FUMARATO	5	milligrammi	Compressa rivestita con film	C07AB07	ACCORD HEALTHCARE, S.L.U.	Autorizzata	Procedura Mutuo riconoscimento o Decentrata	Medicinali soggetti a prescrizione medica
040444337	040444	BISOPROLOLO AHCL	10 MG COMPRESSE RIVESTITE CON FILM- 20 COMPRESSE IN BLISTER PVC/PVDC-AL	BISOPROLOLO FUMARATO	BISOPROLOLO FUMARATO	10	milligrammi	Compressa rivestita con film	C07AB07	ACCORD HEALTHCARE, S.L.U.	Autorizzata	Procedura Mutuo riconoscimento o Decentrata	Medicinali soggetti a prescrizione medica
040444349	040444	BISOPROLOLO AHCL	10 MG COMPRESSE RIVESTITE CON FILM- 28 COMPRESSE IN BLISTER PVC/PVDC-AL	BISOPROLOLO FUMARATO	BISOPROLOLO FUMARATO	10	milligrammi	Compressa rivestita con film	C07AB07	ACCORD HEALTHCARE, S.L.U.	Autorizzata	Procedura Mutuo riconoscimento o Decentrata	Medicinali soggetti a prescrizione medica
040444352	040444	BISOPROLOLO AHCL	10 MG COMPRESSE RIVESTITE CON FILM- 30 COMPRESSE IN BLISTER PVC/PVDC-AL	BISOPROLOLO FUMARATO	BISOPROLOLO FUMARATO	10	milligrammi	Compressa rivestita con film	C07AB07	ACCORD HEALTHCARE, S.L.U.	Autorizzata	Procedura Mutuo riconoscimento o Decentrata	Medicinali soggetti a prescrizione medica
040444364	040444	BISOPROLOLO AHCL	10 MG COMPRESSE RIVESTITE CON FILM- 50 COMPRESSE IN BLISTER PVC/PVDC-AL	BISOPROLOLO FUMARATO	BISOPROLOLO FUMARATO	10	milligrammi	Compressa rivestita con film	C07AB07	ACCORD HEALTHCARE, S.L.U.	Autorizzata	Procedura Mutuo riconoscimento o Decentrata	Medicinali soggetti a prescrizione medica
040444376	040444	BISOPROLOLO AHCL	10 MG COMPRESSE RIVESTITE CON FILM- 56 COMPRESSE IN BLISTER PVC/PVDC-AL	BISOPROLOLO FUMARATO	BISOPROLOLO FUMARATO	10	milligrammi	Compressa rivestita con film	C07AB07	ACCORD HEALTHCARE, S.L.U.	Autorizzata	Procedura Mutuo riconoscimento o Decentrata	Medicinali soggetti a prescrizione medica
040444388	040444	BISOPROLOLO AHCL	10 MG COMPRESSE RIVESTITE CON FILM- 60 COMPRESSE IN BLISTER PVC/PVDC-AL	BISOPROLOLO FUMARATO	BISOPROLOLO FUMARATO	10	milligrammi	Compressa rivestita con film	C07AB07	ACCORD HEALTHCARE, S.L.U.	Autorizzata	Procedura Mutuo riconoscimento o Decentrata	Medicinali soggetti a prescrizione medica
040444390	040444	BISOPROLOLO AHCL	10 MG COMPRESSE RIVESTITE CON FILM- 90 COMPRESSE IN BLISTER PVC/PVDC-AL	BISOPROLOLO FUMARATO	BISOPROLOLO FUMARATO	10	milligrammi	Compressa rivestita con film	C07AB07	ACCORD HEALTHCARE, S.L.U.	Autorizzata	Procedura Mutuo riconoscimento o Decentrata	Medicinali soggetti a prescrizione medica
040444402	040444	BISOPROLOLO AHCL	10 MG COMPRESSE RIVESTITE CON FILM- 100 COMPRESSE IN BLISTER PVC/PVDC-AL	BISOPROLOLO FUMARATO	BISOPROLOLO FUMARATO	10	milligrammi	Compressa rivestita con film	C07AB07	ACCORD HEALTHCARE, S.L.U.	Autorizzata	Procedura Mutuo riconoscimento o Decentrata	Medicinali soggetti a prescrizione medica
040444414	040444	BISOPROLOLO AHCL	10 MG COMPRESSE RIVESTITE CON FILM- 20 COMPRESSE IN BLISTER AL-AL	BISOPROLOLO FUMARATO	BISOPROLOLO FUMARATO	10	milligrammi	Compressa rivestita con film	C07AB07	ACCORD HEALTHCARE, S.L.U.	Autorizzata	Procedura Mutuo riconoscimento o Decentrata	Medicinali soggetti a prescrizione medica
040444426	040444	BISOPROLOLO AHCL	10 MG COMPRESSE RIVESTITE CON FILM- 28 COMPRESSE IN BLISTER AL-AL	BISOPROLOLO FUMARATO	BISOPROLOLO FUMARATO	10	milligrammi	Compressa rivestita con film	C07AB07	ACCORD HEALTHCARE, S.L.U.	Autorizzata	Procedura Mutuo riconoscimento o Decentrata	Medicinali soggetti a prescrizione medica
040444438	040444	BISOPROLOLO AHCL	10 MG COMPRESSE RIVESTITE CON FILM- 30 COMPRESSE IN BLISTER AL-AL	BISOPROLOLO FUMARATO	BISOPROLOLO FUMARATO	10	milligrammi	Compressa rivestita con film	C07AB07	ACCORD HEALTHCARE, S.L.U.	Autorizzata	Procedura Mutuo riconoscimento o Decentrata	Medicinali soggetti a prescrizione medica
040444440	040444	BISOPROLOLO AHCL	10 MG COMPRESSE RIVESTITE CON FILM- 50 COMPRESSE IN BLISTER AL-AL	BISOPROLOLO FUMARATO	BISOPROLOLO FUMARATO	10	milligrammi	Compressa rivestita con film	C07AB07	ACCORD HEALTHCARE, S.L.U.	Autorizzata	Procedura Mutuo riconoscimento o Decentrata	Medicinali soggetti a prescrizione medica
040444453	040444	BISOPROLOLO AHCL	10 MG COMPRESSE RIVESTITE CON FILM- 56 COMPRESSE IN BLISTER AL-AL	BISOPROLOLO FUMARATO	BISOPROLOLO FUMARATO	10	milligrammi	Compressa rivestita con film	C07AB07	ACCORD HEALTHCARE, S.L.U.	Autorizzata	Procedura Mutuo riconoscimento o Decentrata	Medicinali soggetti a prescrizione medica
040444465	040444	BISOPROLOLO AHCL	10 MG COMPRESSE RIVESTITE CON FILM- 60 COMPRESSE IN BLISTER AL-AL	BISOPROLOLO FUMARATO	BISOPROLOLO FUMARATO	10	milligrammi	Compressa rivestita con film	C07AB07	ACCORD HEALTHCARE, S.L.U.	Autorizzata	Procedura Mutuo riconoscimento o Decentrata	Medicinali soggetti a prescrizione medica
040444477	040444	BISOPROLOLO AHCL	10 MG COMPRESSE RIVESTITE CON FILM- 90 COMPRESSE IN BLISTER AL-AL	BISOPROLOLO FUMARATO	BISOPROLOLO FUMARATO	10	milligrammi	Compressa rivestita con film	C07AB07	ACCORD HEALTHCARE, S.L.U.	Autorizzata	Procedura Mutuo riconoscimento o Decentrata	Medicinali soggetti a prescrizione medica
040444489	040444	BISOPROLOLO AHCL	10 MG COMPRESSE RIVESTITE CON FILM- 100 COMPRESSE IN BLISTER AL-AL	BISOPROLOLO FUMARATO	BISOPROLOLO FUMARATO	10	milligrammi	Compressa rivestita con film	C07AB07	ACCORD HEALTHCARE, S.L.U.	Autorizzata	Procedura Mutuo riconoscimento o Decentrata	Medicinali soggetti a prescrizione medica
040486019	040486	BISOPROLOLO MYLAN	1,25 MG COMPRESSE RIVESTITE CON FILM- 28 COMPRESSE IN BLISTER PVC/AL	BISOPROLOLO FUMARATO	BISOPROLOLO FUMARATO	1.25	milligrammi	Compressa rivestita con film	C07AB07	MYLAN S.P.A.	Autorizzata	Procedura Mutuo riconoscimento o Decentrata	Medicinali soggetti a prescrizione medica
040486021	040486	BISOPROLOLO MYLAN	1,25 MG COMPRESSE RIVESTITE CON FILM- 30 COMPRESSE IN BLISTER PVC/AL	BISOPROLOLO FUMARATO	BISOPROLOLO FUMARATO	1.25	milligrammi	Compressa rivestita con film	C07AB07	MYLAN S.P.A.	Autorizzata	Procedura Mutuo riconoscimento o Decentrata	Medicinali soggetti a prescrizione medica
040486033	040486	BISOPROLOLO MYLAN	1,25 MG COMPRESSE RIVESTITE CON FILM- 84 COMPRESSE IN BLISTER PVC/AL	BISOPROLOLO FUMARATO	BISOPROLOLO FUMARATO	1.25	milligrammi	Compressa rivestita con film	C07AB07	MYLAN S.P.A.	Autorizzata	Procedura Mutuo riconoscimento o Decentrata	Medicinali soggetti a prescrizione medica
040486045	040486	BISOPROLOLO MYLAN	1,25 MG COMPRESSE RIVESTITE CON FILM- 90 COMPRESSE IN BLISTER PVC/AL	BISOPROLOLO FUMARATO	BISOPROLOLO FUMARATO	1.25	milligrammi	Compressa rivestita con film	C07AB07	MYLAN S.P.A.	Autorizzata	Procedura Mutuo riconoscimento o Decentrata	Medicinali soggetti a prescrizione medica
040486058	040486	BISOPROLOLO MYLAN	2,5 MG COMPRESSE RIVESTITE CON FILM- 28 COMPRESSE IN BLISTER PVC/AL	BISOPROLOLO FUMARATO	BISOPROLOLO FUMARATO	2.5	milligrammi	Compressa rivestita con film	C07AB07	MYLAN S.P.A.	Autorizzata	Procedura Mutuo riconoscimento o Decentrata	Medicinali soggetti a prescrizione medica
040486060	040486	BISOPROLOLO MYLAN	2,5 MG COMPRESSE RIVESTITE CON FILM- 30 COMPRESSE IN BLISTER PVC/AL	BISOPROLOLO FUMARATO	BISOPROLOLO FUMARATO	2.5	milligrammi	Compressa rivestita con film	C07AB07	MYLAN S.P.A.	Autorizzata	Procedura Mutuo riconoscimento o Decentrata	Medicinali soggetti a prescrizione medica
040486072	040486	BISOPROLOLO MYLAN	2,5 MG COMPRESSE RIVESTITE CON FILM- 84 COMPRESSE IN BLISTER PVC/AL	BISOPROLOLO FUMARATO	BISOPROLOLO FUMARATO	2.5	milligrammi	Compressa rivestita con film	C07AB07	MYLAN S.P.A.	Autorizzata	Procedura Mutuo riconoscimento o Decentrata	Medicinali soggetti a prescrizione medica
040486084	040486	BISOPROLOLO MYLAN	2,5 MG COMPRESSE RIVESTITE CON FILM- 90 COMPRESSE IN BLISTER PVC/AL	BISOPROLOLO FUMARATO	BISOPROLOLO FUMARATO	2.5	milligrammi	Compressa rivestita con film	C07AB07	MYLAN S.P.A.	Autorizzata	Procedura Mutuo riconoscimento o Decentrata	Medicinali soggetti a prescrizione medica
040486096	040486	BISOPROLOLO MYLAN	3,75 MG COMPRESSE RIVESTITE CON FILM- 28 COMPRESSE IN BLISTER PVC/AL	BISOPROLOLO FUMARATO	BISOPROLOLO FUMARATO	3.75	milligrammi	Compressa rivestita con film	C07AB07	MYLAN S.P.A.	Autorizzata	Procedura Mutuo riconoscimento o Decentrata	Medicinali soggetti a prescrizione medica
040486108	040486	BISOPROLOLO MYLAN	3,75 MG COMPRESSE RIVESTITE CON FILM- 30 COMPRESSE IN BLISTER PVC/AL	BISOPROLOLO FUMARATO	BISOPROLOLO FUMARATO	3.75	milligrammi	Compressa rivestita con film	C07AB07	MYLAN S.P.A.	Autorizzata	Procedura Mutuo riconoscimento o Decentrata	Medicinali soggetti a prescrizione medica
040486110	040486	BISOPROLOLO MYLAN	3,75 MG COMPRESSE RIVESTITE CON FILM- 84 COMPRESSE IN BLISTER PVC/AL	BISOPROLOLO FUMARATO	BISOPROLOLO FUMARATO	3.75	milligrammi	Compressa rivestita con film	C07AB07	MYLAN S.P.A.	Autorizzata	Procedura Mutuo riconoscimento o Decentrata	Medicinali soggetti a prescrizione medica
040486122	040486	BISOPROLOLO MYLAN	3,75 MG COMPRESSE RIVESTITE CON FILM- 90 COMPRESSE IN BLISTER PVC/AL	BISOPROLOLO FUMARATO	BISOPROLOLO FUMARATO	3.75	milligrammi	Compressa rivestita con film	C07AB07	MYLAN S.P.A.	Autorizzata	Procedura Mutuo riconoscimento o Decentrata	Medicinali soggetti a prescrizione medica
040486134	040486	BISOPROLOLO MYLAN	5 MG COMPRESSE RIVESTITE CON FILM- 28 COMPRESSE IN BLISTER PVC/AL	BISOPROLOLO FUMARATO	BISOPROLOLO FUMARATO	5	milligrammi	Compressa rivestita con film	C07AB07	MYLAN S.P.A.	Autorizzata	Procedura Mutuo riconoscimento o Decentrata	Medicinali soggetti a prescrizione medica
040486146	040486	BISOPROLOLO MYLAN	5 MG COMPRESSE RIVESTITE CON FILM- 30 COMPRESSE IN BLISTER PVC/AL	BISOPROLOLO FUMARATO	BISOPROLOLO FUMARATO	5	milligrammi	Compressa rivestita con film	C07AB07	MYLAN S.P.A.	Autorizzata	Procedura Mutuo riconoscimento o Decentrata	Medicinali soggetti a prescrizione medica
040486159	040486	BISOPROLOLO MYLAN	5 MG COMPRESSE RIVESTITE CON FILM- 84 COMPRESSE IN BLISTER PVC/AL	BISOPROLOLO FUMARATO	BISOPROLOLO FUMARATO	5	milligrammi	Compressa rivestita con film	C07AB07	MYLAN S.P.A.	Autorizzata	Procedura Mutuo riconoscimento o Decentrata	Medicinali soggetti a prescrizione medica
040486161	040486	BISOPROLOLO MYLAN	5 MG COMPRESSE RIVESTITE CON FILM- 90 COMPRESSE IN BLISTER PVC/AL	BISOPROLOLO FUMARATO	BISOPROLOLO FUMARATO	5	milligrammi	Compressa rivestita con film	C07AB07	MYLAN S.P.A.	Autorizzata	Procedura Mutuo riconoscimento o Decentrata	Medicinali soggetti a prescrizione medica
040486173	040486	BISOPROLOLO MYLAN	7,5 MG COMPRESSE RIVESTITE CON FILM- 28 COMPRESSE IN BLISTER PVC/AL	BISOPROLOLO FUMARATO	BISOPROLOLO FUMARATO	7.5	milligrammi	Compressa rivestita con film	C07AB07	MYLAN S.P.A.	Autorizzata	Procedura Mutuo riconoscimento o Decentrata	Medicinali soggetti a prescrizione medica
040486185	040486	BISOPROLOLO MYLAN	7,5 MG COMPRESSE RIVESTITE CON FILM- 30 COMPRESSE IN BLISTER PVC/AL	BISOPROLOLO FUMARATO	BISOPROLOLO FUMARATO	7.5	milligrammi	Compressa rivestita con film	C07AB07	MYLAN S.P.A.	Autorizzata	Procedura Mutuo riconoscimento o Decentrata	Medicinali soggetti a prescrizione medica
040486197	040486	BISOPROLOLO MYLAN	7,5 MG COMPRESSE RIVESTITE CON FILM-84 COMPRESSE IN BLISTER PVC/AL	BISOPROLOLO FUMARATO	BISOPROLOLO FUMARATO	7.5	milligrammi	Compressa rivestita con film	C07AB07	MYLAN S.P.A.	Autorizzata	Procedura Mutuo riconoscimento o Decentrata	Medicinali soggetti a prescrizione medica
040486209	040486	BISOPROLOLO MYLAN	7,5 MG COMPRESSE RIVESTITE CON FILM-90 COMPRESSE IN BLISTER PVC/AL	BISOPROLOLO FUMARATO	BISOPROLOLO FUMARATO	7.5	milligrammi	Compressa rivestita con film	C07AB07	MYLAN S.P.A.	Autorizzata	Procedura Mutuo riconoscimento o Decentrata	Medicinali soggetti a prescrizione medica
040486211	040486	BISOPROLOLO MYLAN	10 MG COMPRESSE RIVESTITE CON FILM-28 COMPRESSE IN BLISTER PVC/AL	BISOPROLOLO FUMARATO	BISOPROLOLO FUMARATO	10	milligrammi	Compressa rivestita con film	C07AB07	MYLAN S.P.A.	Autorizzata	Procedura Mutuo riconoscimento o Decentrata	Medicinali soggetti a prescrizione medica
040486223	040486	BISOPROLOLO MYLAN	10 MG COMPRESSE RIVESTITE CON FILM-30 COMPRESSE IN BLISTER PVC/AL	BISOPROLOLO FUMARATO	BISOPROLOLO FUMARATO	10	milligrammi	Compressa rivestita con film	C07AB07	MYLAN S.P.A.	Autorizzata	Procedura Mutuo riconoscimento o Decentrata	Medicinali soggetti a prescrizione medica
040486235	040486	BISOPROLOLO MYLAN	10 MG COMPRESSE RIVESTITE CON FILM-84 COMPRESSE IN BLISTER PVC/AL	BISOPROLOLO FUMARATO	BISOPROLOLO FUMARATO	10	milligrammi	Compressa rivestita con film	C07AB07	MYLAN S.P.A.	Autorizzata	Procedura Mutuo riconoscimento o Decentrata	Medicinali soggetti a prescrizione medica
040486247	040486	BISOPROLOLO MYLAN	10 MG COMPRESSE RIVESTITE CON FILM-90 COMPRESSE IN BLISTER PVC/AL	BISOPROLOLO FUMARATO	BISOPROLOLO FUMARATO	10	milligrammi	Compressa rivestita con film	C07AB07	MYLAN S.P.A.	Autorizzata	Procedura Mutuo riconoscimento o Decentrata	Medicinali soggetti a prescrizione medica
040486250	040486	BISOPROLOLO MYLAN	1,25 MG COMPRESSE RIVESTITE CON FILM-100 COMPRESSE IN FLACONI HDPE	BISOPROLOLO FUMARATO	BISOPROLOLO FUMARATO	1.25	milligrammi	Compressa rivestita con film	C07AB07	MYLAN S.P.A.	Autorizzata	Procedura Mutuo riconoscimento o Decentrata	Medicinali soggetti a prescrizione medica
040486262	040486	BISOPROLOLO MYLAN	1,25 MG COMPRESSE RIVESTITE CON FILM-500 COMPRESSE IN FLACONI HDPE	BISOPROLOLO FUMARATO	BISOPROLOLO FUMARATO	1.25	milligrammi	Compressa rivestita con film	C07AB07	MYLAN S.P.A.	Autorizzata	Procedura Mutuo riconoscimento o Decentrata	Medicinali soggetti a prescrizione medica
040486274	040486	BISOPROLOLO MYLAN	2,5 MG COMPRESSE RIVESTITE CON FILM- 100 COMPRESSE IN FLACONI HDPE	BISOPROLOLO FUMARATO	BISOPROLOLO FUMARATO	2.5	milligrammi	Compressa rivestita con film	C07AB07	MYLAN S.P.A.	Autorizzata	Procedura Mutuo riconoscimento o Decentrata	Medicinali soggetti a prescrizione medica
040486286	040486	BISOPROLOLO MYLAN	2,5 MG COMPRESSE RIVESTITE CON FILM- 500 COMPRESSE IN FLACONI HDPE	BISOPROLOLO FUMARATO	BISOPROLOLO FUMARATO	2.5	milligrammi	Compressa rivestita con film	C07AB07	MYLAN S.P.A.	Autorizzata	Procedura Mutuo riconoscimento o Decentrata	Medicinali soggetti a prescrizione medica
040486298	040486	BISOPROLOLO MYLAN	3,75 MG COMPRESSE RIVESTITE CON FILM- 100 COMPRESSE IN FLACONI HDPE	BISOPROLOLO FUMARATO	BISOPROLOLO FUMARATO	3.75	milligrammi	Compressa rivestita con film	C07AB07	MYLAN S.P.A.	Autorizzata	Procedura Mutuo riconoscimento o Decentrata	Medicinali soggetti a prescrizione medica
040486300	040486	BISOPROLOLO MYLAN	3,75 MG COMPRESSE RIVESTITE CON FILM- 500 COMPRESSE IN FLACONI HDPE	BISOPROLOLO FUMARATO	BISOPROLOLO FUMARATO	3.75	milligrammi	Compressa rivestita con film	C07AB07	MYLAN S.P.A.	Autorizzata	Procedura Mutuo riconoscimento o Decentrata	Medicinali soggetti a prescrizione medica
040486312	040486	BISOPROLOLO MYLAN	5 MG COMPRESSE RIVESTITE CON FILM- 100 COMPRESSE IN FLACONI HDPE	BISOPROLOLO FUMARATO	BISOPROLOLO FUMARATO	5	milligrammi	Compressa rivestita con film	C07AB07	MYLAN S.P.A.	Autorizzata	Procedura Mutuo riconoscimento o Decentrata	Medicinali soggetti a prescrizione medica
040486324	040486	BISOPROLOLO MYLAN	5 MG COMPRESSE RIVESTITE CON FILM- 500 COMPRESSE IN FLACONI HDPE	BISOPROLOLO FUMARATO	BISOPROLOLO FUMARATO	5	milligrammi	Compressa rivestita con film	C07AB07	MYLAN S.P.A.	Autorizzata	Procedura Mutuo riconoscimento o Decentrata	Medicinali soggetti a prescrizione medica
040486336	040486	BISOPROLOLO MYLAN	7,5 MG COMPRESSE RIVESTITE CON FILM- 100 COMPRESSE IN FLACONI HDPE	BISOPROLOLO FUMARATO	BISOPROLOLO FUMARATO	7.5	milligrammi	Compressa rivestita con film	C07AB07	MYLAN S.P.A.	Autorizzata	Procedura Mutuo riconoscimento o Decentrata	Medicinali soggetti a prescrizione medica
040486348	040486	BISOPROLOLO MYLAN	7,5 MG COMPRESSE RIVESTITE CON FILM- 500 COMPRESSE IN FLACONI HDPE	BISOPROLOLO FUMARATO	BISOPROLOLO FUMARATO	7.5	milligrammi	Compressa rivestita con film	C07AB07	MYLAN S.P.A.	Autorizzata	Procedura Mutuo riconoscimento o Decentrata	Medicinali soggetti a prescrizione medica
040486351	040486	BISOPROLOLO MYLAN	10 MG COMPRESSE RIVESTITE CON FILM- 100 COMPRESSE IN FLACONI HDPE	BISOPROLOLO FUMARATO	BISOPROLOLO FUMARATO	10	milligrammi	Compressa rivestita con film	C07AB07	MYLAN S.P.A.	Autorizzata	Procedura Mutuo riconoscimento o Decentrata	Medicinali soggetti a prescrizione medica
040486363	040486	BISOPROLOLO MYLAN	10 MG COMPRESSE RIVESTITE CON FILM- 500 COMPRESSE IN FLACONI HDPE	BISOPROLOLO FUMARATO	BISOPROLOLO FUMARATO	10	milligrammi	Compressa rivestita con film	C07AB07	MYLAN S.P.A.	Autorizzata	Procedura Mutuo riconoscimento o Decentrata	Medicinali soggetti a prescrizione medica
041462019	041462	BISOPROLOLO ZENTIVA ITALIA	2.5 MG COMPRESSE - 28 COMPRESSE IN BLISTER PVC/PVDC/AL	BISOPROLOLO FUMARATO	BISOPROLOLO FUMARATO	2.5	milligrammi	Compressa	C07AB07	ZENTIVA ITALIA S.R.L.	Autorizzata	Procedura Mutuo riconoscimento o Decentrata	Medicinali soggetti a prescrizione medica
041462021	041462	BISOPROLOLO ZENTIVA ITALIA	2.5 MG COMPRESSE - 30 COMPRESSE IN BLISTER PVC/PVDC/AL	BISOPROLOLO FUMARATO	BISOPROLOLO FUMARATO	2.5	milligrammi	Compressa	C07AB07	ZENTIVA ITALIA S.R.L.	Autorizzata	Procedura Mutuo riconoscimento o Decentrata	Medicinali soggetti a prescrizione medica
041462033	041462	BISOPROLOLO ZENTIVA ITALIA	2.5 MG COMPRESSE - 90 COMPRESSE IN BLISTER PVC/PVDC/AL	BISOPROLOLO FUMARATO	BISOPROLOLO FUMARATO	2.5	milligrammi	Compressa	C07AB07	ZENTIVA ITALIA S.R.L.	Autorizzata	Procedura Mutuo riconoscimento o Decentrata	Medicinali soggetti a prescrizione medica
041498015	041498	BISOPROLOLO AUROBINDO PHARMA ITALIA	1,25 MG COMPRESSE RIVESTITE CON FILM- 20 COMPRESSE IN BLISTER AL-AL	BISOPROLOLO FUMARATO	BISOPROLOLO FUMARATO	1.25	milligrammi	Compressa rivestita con film	C07AB07	AUROBINDO PHARMA (ITALIA) S.R.L.	Autorizzata	Procedura Mutuo riconoscimento o Decentrata	Medicinali soggetti a prescrizione medica
041498027	041498	BISOPROLOLO AUROBINDO PHARMA ITALIA	1,25 MG COMPRESSE RIVESTITE CON FILM- 28 COMPRESSE IN BLISTER AL-AL	BISOPROLOLO FUMARATO	BISOPROLOLO FUMARATO	1.25	milligrammi	Compressa rivestita con film	C07AB07	AUROBINDO PHARMA (ITALIA) S.R.L.	Autorizzata	Procedura Mutuo riconoscimento o Decentrata	Medicinali soggetti a prescrizione medica
041498039	041498	BISOPROLOLO AUROBINDO PHARMA ITALIA	1,25 MG COMPRESSE RIVESTITE CON FILM- 30 COMPRESSE IN BLISTER AL-AL	BISOPROLOLO FUMARATO	BISOPROLOLO FUMARATO	1.25	milligrammi	Compressa rivestita con film	C07AB07	AUROBINDO PHARMA (ITALIA) S.R.L.	Autorizzata	Procedura Mutuo riconoscimento o Decentrata	Medicinali soggetti a prescrizione medica
041498041	041498	BISOPROLOLO AUROBINDO PHARMA ITALIA	1,25 MG COMPRESSE RIVESTITE CON FILM- 50 COMPRESSE IN BLISTER AL-AL	BISOPROLOLO FUMARATO	BISOPROLOLO FUMARATO	1.25	milligrammi	Compressa rivestita con film	C07AB07	AUROBINDO PHARMA (ITALIA) S.R.L.	Autorizzata	Procedura Mutuo riconoscimento o Decentrata	Medicinali soggetti a prescrizione medica
041498054	041498	BISOPROLOLO AUROBINDO PHARMA ITALIA	1,25 MG COMPRESSE RIVESTITE CON FILM- 90 COMPRESSE IN BLISTER AL-AL	BISOPROLOLO FUMARATO	BISOPROLOLO FUMARATO	1.25	milligrammi	Compressa rivestita con film	C07AB07	AUROBINDO PHARMA (ITALIA) S.R.L.	Autorizzata	Procedura Mutuo riconoscimento o Decentrata	Medicinali soggetti a prescrizione medica
041498066	041498	BISOPROLOLO AUROBINDO PHARMA ITALIA	1,25 MG COMPRESSE RIVESTITE CON FILM- 100 COMPRESSE IN BLISTER AL-AL	BISOPROLOLO FUMARATO	BISOPROLOLO FUMARATO	1.25	milligrammi	Compressa rivestita con film	C07AB07	AUROBINDO PHARMA (ITALIA) S.R.L.	Autorizzata	Procedura Mutuo riconoscimento o Decentrata	Medicinali soggetti a prescrizione medica
041498078	041498	BISOPROLOLO AUROBINDO PHARMA ITALIA	1,25 MG COMPRESSE RIVESTITE CON FILM- 30 COMPRESSE IN FLACONE HDPE	BISOPROLOLO FUMARATO	BISOPROLOLO FUMARATO	1.25	milligrammi	Compressa rivestita con film	C07AB07	AUROBINDO PHARMA (ITALIA) S.R.L.	Autorizzata	Procedura Mutuo riconoscimento o Decentrata	Medicinali soggetti a prescrizione medica
041498080	041498	BISOPROLOLO AUROBINDO PHARMA ITALIA	1,25 MG COMPRESSE RIVESTITE CON FILM- 500 COMPRESSE IN FLACONE HDPE	BISOPROLOLO FUMARATO	BISOPROLOLO FUMARATO	1.25	milligrammi	Compressa rivestita con film	C07AB07	AUROBINDO PHARMA (ITALIA) S.R.L.	Autorizzata	Procedura Mutuo riconoscimento o Decentrata	Medicinali soggetti a prescrizione medica
041498092	041498	BISOPROLOLO AUROBINDO PHARMA ITALIA	2,5 MG COMPRESSE RIVESTITE CON FILM- 20 COMPRESSE IN BLISTER AL-AL	BISOPROLOLO FUMARATO	BISOPROLOLO FUMARATO	2.5	milligrammi	Compressa rivestita con film	C07AB07	AUROBINDO PHARMA (ITALIA) S.R.L.	Autorizzata	Procedura Mutuo riconoscimento o Decentrata	Medicinali soggetti a prescrizione medica
041498104	041498	BISOPROLOLO AUROBINDO PHARMA ITALIA	2,5 MG COMPRESSE RIVESTITE CON FILM- 28 COMPRESSE IN BLISTER AL-AL	BISOPROLOLO FUMARATO	BISOPROLOLO FUMARATO	2.5	milligrammi	Compressa rivestita con film	C07AB07	AUROBINDO PHARMA (ITALIA) S.R.L.	Autorizzata	Procedura Mutuo riconoscimento o Decentrata	Medicinali soggetti a prescrizione medica
041498116	041498	BISOPROLOLO AUROBINDO PHARMA ITALIA	2,5 MG COMPRESSE RIVESTITE CON FILM- 30 COMPRESSE IN BLISTER AL-AL	BISOPROLOLO FUMARATO	BISOPROLOLO FUMARATO	2.5	milligrammi	Compressa rivestita con film	C07AB07	AUROBINDO PHARMA (ITALIA) S.R.L.	Autorizzata	Procedura Mutuo riconoscimento o Decentrata	Medicinali soggetti a prescrizione medica
041498128	041498	BISOPROLOLO AUROBINDO PHARMA ITALIA	2,5 MG COMPRESSE RIVESTITE CON FILM- 50 COMPRESSE IN BLISTER AL-AL	BISOPROLOLO FUMARATO	BISOPROLOLO FUMARATO	2.5	milligrammi	Compressa rivestita con film	C07AB07	AUROBINDO PHARMA (ITALIA) S.R.L.	Autorizzata	Procedura Mutuo riconoscimento o Decentrata	Medicinali soggetti a prescrizione medica
041498130	041498	BISOPROLOLO AUROBINDO PHARMA ITALIA	2,5 MG COMPRESSE RIVESTITE CON FILM- 90 COMPRESSE IN BLISTER AL-AL	BISOPROLOLO FUMARATO	BISOPROLOLO FUMARATO	2.5	milligrammi	Compressa rivestita con film	C07AB07	AUROBINDO PHARMA (ITALIA) S.R.L.	Autorizzata	Procedura Mutuo riconoscimento o Decentrata	Medicinali soggetti a prescrizione medica
041498142	041498	BISOPROLOLO AUROBINDO PHARMA ITALIA	2,5 MG COMPRESSE RIVESTITE CON FILM- 100 COMPRESSE IN BLISTER AL-AL	BISOPROLOLO FUMARATO	BISOPROLOLO FUMARATO	2.5	milligrammi	Compressa rivestita con film	C07AB07	AUROBINDO PHARMA (ITALIA) S.R.L.	Autorizzata	Procedura Mutuo riconoscimento o Decentrata	Medicinali soggetti a prescrizione medica
041498155	041498	BISOPROLOLO AUROBINDO PHARMA ITALIA	2,5 MG COMPRESSE RIVESTITE CON FILM- 30 COMPRESSE IN FLACONE HDPE	BISOPROLOLO FUMARATO	BISOPROLOLO FUMARATO	2.5	milligrammi	Compressa rivestita con film	C07AB07	AUROBINDO PHARMA (ITALIA) S.R.L.	Autorizzata	Procedura Mutuo riconoscimento o Decentrata	Medicinali soggetti a prescrizione medica
041498167	041498	BISOPROLOLO AUROBINDO PHARMA ITALIA	2,5 MG COMPRESSE RIVESTITE CON FILM- 500 COMPRESSE IN FLACONE HDPE	BISOPROLOLO FUMARATO	BISOPROLOLO FUMARATO	2.5	milligrammi	Compressa rivestita con film	C07AB07	AUROBINDO PHARMA (ITALIA) S.R.L.	Autorizzata	Procedura Mutuo riconoscimento o Decentrata	Medicinali soggetti a prescrizione medica
041498179	041498	BISOPROLOLO AUROBINDO PHARMA ITALIA	3,75 MG COMPRESSE RIVESTITE CON FILM- 20 COMPRESSE IN BLISTER AL-AL	BISOPROLOLO FUMARATO	BISOPROLOLO FUMARATO	3.75	milligrammi	Compressa rivestita con film	C07AB07	AUROBINDO PHARMA (ITALIA) S.R.L.	Autorizzata	Procedura Mutuo riconoscimento o Decentrata	Medicinali soggetti a prescrizione medica
041498181	041498	BISOPROLOLO AUROBINDO PHARMA ITALIA	3,75 MG COMPRESSE RIVESTITE CON FILM- 28 COMPRESSE IN BLISTER AL-AL	BISOPROLOLO FUMARATO	BISOPROLOLO FUMARATO	3.75	milligrammi	Compressa rivestita con film	C07AB07	AUROBINDO PHARMA (ITALIA) S.R.L.	Autorizzata	Procedura Mutuo riconoscimento o Decentrata	Medicinali soggetti a prescrizione medica
041498193	041498	BISOPROLOLO AUROBINDO PHARMA ITALIA	3,75 MG COMPRESSE RIVESTITE CON FILM- 30 COMPRESSE IN BLISTER AL-AL	BISOPROLOLO FUMARATO	BISOPROLOLO FUMARATO	3.75	milligrammi	Compressa rivestita con film	C07AB07	AUROBINDO PHARMA (ITALIA) S.R.L.	Autorizzata	Procedura Mutuo riconoscimento o Decentrata	Medicinali soggetti a prescrizione medica
041498205	041498	BISOPROLOLO AUROBINDO PHARMA ITALIA	3,75 MG COMPRESSE RIVESTITE CON FILM- 50 COMPRESSE IN BLISTER AL-AL	BISOPROLOLO FUMARATO	BISOPROLOLO FUMARATO	3.75	milligrammi	Compressa rivestita con film	C07AB07	AUROBINDO PHARMA (ITALIA) S.R.L.	Autorizzata	Procedura Mutuo riconoscimento o Decentrata	Medicinali soggetti a prescrizione medica
041498217	041498	BISOPROLOLO AUROBINDO PHARMA ITALIA	3,75 MG COMPRESSE RIVESTITE CON FILM- 90 COMPRESSE IN BLISTER AL-AL	BISOPROLOLO FUMARATO	BISOPROLOLO FUMARATO	3.75	milligrammi	Compressa rivestita con film	C07AB07	AUROBINDO PHARMA (ITALIA) S.R.L.	Autorizzata	Procedura Mutuo riconoscimento o Decentrata	Medicinali soggetti a prescrizione medica
041498229	041498	BISOPROLOLO AUROBINDO PHARMA ITALIA	3,75 MG COMPRESSE RIVESTITE CON FILM- 100 COMPRESSE IN BLISTER AL-AL	BISOPROLOLO FUMARATO	BISOPROLOLO FUMARATO	3.75	milligrammi	Compressa rivestita con film	C07AB07	AUROBINDO PHARMA (ITALIA) S.R.L.	Autorizzata	Procedura Mutuo riconoscimento o Decentrata	Medicinali soggetti a prescrizione medica
041498231	041498	BISOPROLOLO AUROBINDO PHARMA ITALIA	3,75 MG COMPRESSE RIVESTITE CON FILM- 30 COMPRESSE IN FLACONE HDPE	BISOPROLOLO FUMARATO	BISOPROLOLO FUMARATO	3.75	milligrammi	Compressa rivestita con film	C07AB07	AUROBINDO PHARMA (ITALIA) S.R.L.	Autorizzata	Procedura Mutuo riconoscimento o Decentrata	Medicinali soggetti a prescrizione medica
041498243	041498	BISOPROLOLO AUROBINDO PHARMA ITALIA	3,75 MG COMPRESSE RIVESTITE CON FILM- 500 COMPRESSE IN FLACONE HDPE	BISOPROLOLO FUMARATO	BISOPROLOLO FUMARATO	3.75	milligrammi	Compressa rivestita con film	C07AB07	AUROBINDO PHARMA (ITALIA) S.R.L.	Autorizzata	Procedura Mutuo riconoscimento o Decentrata	Medicinali soggetti a prescrizione medica
041498256	041498	BISOPROLOLO AUROBINDO PHARMA ITALIA	5 MG COMPRESSE RIVESTITE CON FILM- 20 COMPRESSE IN BLISTER AL-AL	BISOPROLOLO FUMARATO	BISOPROLOLO FUMARATO	5	milligrammi	Compressa rivestita con film	C07AB07	AUROBINDO PHARMA (ITALIA) S.R.L.	Autorizzata	Procedura Mutuo riconoscimento o Decentrata	Medicinali soggetti a prescrizione medica
041498268	041498	BISOPROLOLO AUROBINDO PHARMA ITALIA	5 MG COMPRESSE RIVESTITE CON FILM- 28 COMPRESSE IN BLISTER AL-AL	BISOPROLOLO FUMARATO	BISOPROLOLO FUMARATO	5	milligrammi	Compressa rivestita con film	C07AB07	AUROBINDO PHARMA (ITALIA) S.R.L.	Autorizzata	Procedura Mutuo riconoscimento o Decentrata	Medicinali soggetti a prescrizione medica
041498270	041498	BISOPROLOLO AUROBINDO PHARMA ITALIA	5 MG COMPRESSE RIVESTITE CON FILM- 30 COMPRESSE IN BLISTER AL-AL	BISOPROLOLO FUMARATO	BISOPROLOLO FUMARATO	5	milligrammi	Compressa rivestita con film	C07AB07	AUROBINDO PHARMA (ITALIA) S.R.L.	Autorizzata	Procedura Mutuo riconoscimento o Decentrata	Medicinali soggetti a prescrizione medica
041498282	041498	BISOPROLOLO AUROBINDO PHARMA ITALIA	5 MG COMPRESSE RIVESTITE CON FILM- 50 COMPRESSE IN BLISTER AL-AL	BISOPROLOLO FUMARATO	BISOPROLOLO FUMARATO	5	milligrammi	Compressa rivestita con film	C07AB07	AUROBINDO PHARMA (ITALIA) S.R.L.	Autorizzata	Procedura Mutuo riconoscimento o Decentrata	Medicinali soggetti a prescrizione medica
041498294	041498	BISOPROLOLO AUROBINDO PHARMA ITALIA	5 MG COMPRESSE RIVESTITE CON FILM- 90 COMPRESSE IN BLISTER AL-AL	BISOPROLOLO FUMARATO	BISOPROLOLO FUMARATO	5	milligrammi	Compressa rivestita con film	C07AB07	AUROBINDO PHARMA (ITALIA) S.R.L.	Autorizzata	Procedura Mutuo riconoscimento o Decentrata	Medicinali soggetti a prescrizione medica
041498306	041498	BISOPROLOLO AUROBINDO PHARMA ITALIA	5 MG COMPRESSE RIVESTITE CON FILM- 100 COMPRESSE IN BLISTER AL-AL	BISOPROLOLO FUMARATO	BISOPROLOLO FUMARATO	5	milligrammi	Compressa rivestita con film	C07AB07	AUROBINDO PHARMA (ITALIA) S.R.L.	Autorizzata	Procedura Mutuo riconoscimento o Decentrata	Medicinali soggetti a prescrizione medica
041498318	041498	BISOPROLOLO AUROBINDO PHARMA ITALIA	5 MG COMPRESSE RIVESTITE CON FILM- 30 COMPRESSE IN FLACONE HDPE	BISOPROLOLO FUMARATO	BISOPROLOLO FUMARATO	5	milligrammi	Compressa rivestita con film	C07AB07	AUROBINDO PHARMA (ITALIA) S.R.L.	Autorizzata	Procedura Mutuo riconoscimento o Decentrata	Medicinali soggetti a prescrizione medica
041498320	041498	BISOPROLOLO AUROBINDO PHARMA ITALIA	5 MG COMPRESSE RIVESTITE CON FILM- 500 COMPRESSE IN FLACONE HDPE	BISOPROLOLO FUMARATO	BISOPROLOLO FUMARATO	5	milligrammi	Compressa rivestita con film	C07AB07	AUROBINDO PHARMA (ITALIA) S.R.L.	Autorizzata	Procedura Mutuo riconoscimento o Decentrata	Medicinali soggetti a prescrizione medica
041498332	041498	BISOPROLOLO AUROBINDO PHARMA ITALIA	7,5 MG COMPRESSE RIVESTITE CON FILM- 20 COMPRESSE IN BLISTER AL-AL	BISOPROLOLO FUMARATO	BISOPROLOLO FUMARATO	7.5	milligrammi	Compressa rivestita con film	C07AB07	AUROBINDO PHARMA (ITALIA) S.R.L.	Autorizzata	Procedura Mutuo riconoscimento o Decentrata	Medicinali soggetti a prescrizione medica
041498344	041498	BISOPROLOLO AUROBINDO PHARMA ITALIA	7,5 MG COMPRESSE RIVESTITE CON FILM- 28 COMPRESSE IN BLISTER AL-AL	BISOPROLOLO FUMARATO	BISOPROLOLO FUMARATO	7.5	milligrammi	Compressa rivestita con film	C07AB07	AUROBINDO PHARMA (ITALIA) S.R.L.	Autorizzata	Procedura Mutuo riconoscimento o Decentrata	Medicinali soggetti a prescrizione medica
041498357	041498	BISOPROLOLO AUROBINDO PHARMA ITALIA	7,5 MG COMPRESSE RIVESTITE CON FILM- 30 COMPRESSE IN BLISTER AL-AL	BISOPROLOLO FUMARATO	BISOPROLOLO FUMARATO	7.5	milligrammi	Compressa rivestita con film	C07AB07	AUROBINDO PHARMA (ITALIA) S.R.L.	Autorizzata	Procedura Mutuo riconoscimento o Decentrata	Medicinali soggetti a prescrizione medica
041498369	041498	BISOPROLOLO AUROBINDO PHARMA ITALIA	7,5 MG COMPRESSE RIVESTITE CON FILM- 50 COMPRESSE IN BLISTER AL-AL	BISOPROLOLO FUMARATO	BISOPROLOLO FUMARATO	7.5	milligrammi	Compressa rivestita con film	C07AB07	AUROBINDO PHARMA (ITALIA) S.R.L.	Autorizzata	Procedura Mutuo riconoscimento o Decentrata	Medicinali soggetti a prescrizione medica
041498371	041498	BISOPROLOLO AUROBINDO PHARMA ITALIA	7,5 MG COMPRESSE RIVESTITE CON FILM- 90 COMPRESSE IN BLISTER AL-AL	BISOPROLOLO FUMARATO	BISOPROLOLO FUMARATO	7.5	milligrammi	Compressa rivestita con film	C07AB07	AUROBINDO PHARMA (ITALIA) S.R.L.	Autorizzata	Procedura Mutuo riconoscimento o Decentrata	Medicinali soggetti a prescrizione medica
041498383	041498	BISOPROLOLO AUROBINDO PHARMA ITALIA	7,5 MG COMPRESSE RIVESTITE CON FILM- 100 COMPRESSE IN BLISTER AL-AL	BISOPROLOLO FUMARATO	BISOPROLOLO FUMARATO	7.5	milligrammi	Compressa rivestita con film	C07AB07	AUROBINDO PHARMA (ITALIA) S.R.L.	Autorizzata	Procedura Mutuo riconoscimento o Decentrata	Medicinali soggetti a prescrizione medica
041498395	041498	BISOPROLOLO AUROBINDO PHARMA ITALIA	7,5 MG COMPRESSE RIVESTITE CON FILM- 30 COMPRESSE IN FLACONE HDPE	BISOPROLOLO FUMARATO	BISOPROLOLO FUMARATO	7.5	milligrammi	Compressa rivestita con film	C07AB07	AUROBINDO PHARMA (ITALIA) S.R.L.	Autorizzata	Procedura Mutuo riconoscimento o Decentrata	Medicinali soggetti a prescrizione medica
041498407	041498	BISOPROLOLO AUROBINDO PHARMA ITALIA	7,5 MG COMPRESSE RIVESTITE CON FILM- 500 COMPRESSE IN FLACONE HDPE	BISOPROLOLO FUMARATO	BISOPROLOLO FUMARATO	7.5	milligrammi	Compressa rivestita con film	C07AB07	AUROBINDO PHARMA (ITALIA) S.R.L.	Autorizzata	Procedura Mutuo riconoscimento o Decentrata	Medicinali soggetti a prescrizione medica
041498419	041498	BISOPROLOLO AUROBINDO PHARMA ITALIA	10 MG COMPRESSE RIVESTITE CON FILM- 20 COMPRESSE IN BLISTER  AL-AL	BISOPROLOLO FUMARATO	BISOPROLOLO FUMARATO	10	milligrammi	Compressa rivestita con film	C07AB07	AUROBINDO PHARMA (ITALIA) S.R.L.	Autorizzata	Procedura Mutuo riconoscimento o Decentrata	Medicinali soggetti a prescrizione medica
041498421	041498	BISOPROLOLO AUROBINDO PHARMA ITALIA	10 MG COMPRESSE RIVESTITE CON FILM- 28 COMPRESSE IN BLISTER AL-AL	BISOPROLOLO FUMARATO	BISOPROLOLO FUMARATO	10	milligrammi	Compressa rivestita con film	C07AB07	AUROBINDO PHARMA (ITALIA) S.R.L.	Autorizzata	Procedura Mutuo riconoscimento o Decentrata	Medicinali soggetti a prescrizione medica
041498433	041498	BISOPROLOLO AUROBINDO PHARMA ITALIA	10 MG COMPRESSE RIVESTITE CON FILM- 30 COMPRESSE IN BLISTER  AL-AL	BISOPROLOLO FUMARATO	BISOPROLOLO FUMARATO	10	milligrammi	Compressa rivestita con film	C07AB07	AUROBINDO PHARMA (ITALIA) S.R.L.	Autorizzata	Procedura Mutuo riconoscimento o Decentrata	Medicinali soggetti a prescrizione medica
041498445	041498	BISOPROLOLO AUROBINDO PHARMA ITALIA	10 MG COMPRESSE RIVESTITE CON FILM- 50 COMPRESSE IN BLISTER AL-AL	BISOPROLOLO FUMARATO	BISOPROLOLO FUMARATO	10	milligrammi	Compressa rivestita con film	C07AB07	AUROBINDO PHARMA (ITALIA) S.R.L.	Autorizzata	Procedura Mutuo riconoscimento o Decentrata	Medicinali soggetti a prescrizione medica
041498458	041498	BISOPROLOLO AUROBINDO PHARMA ITALIA	10 MG COMPRESSE RIVESTITE CON FILM- 90 COMPRESSE IN BLISTER AL-AL	BISOPROLOLO FUMARATO	BISOPROLOLO FUMARATO	10	milligrammi	Compressa rivestita con film	C07AB07	AUROBINDO PHARMA (ITALIA) S.R.L.	Autorizzata	Procedura Mutuo riconoscimento o Decentrata	Medicinali soggetti a prescrizione medica
041498460	041498	BISOPROLOLO AUROBINDO PHARMA ITALIA	10 MG COMPRESSE RIVESTITE CON FILM- 100 COMPRESSE IN BLISTER AL-AL	BISOPROLOLO FUMARATO	BISOPROLOLO FUMARATO	10	milligrammi	Compressa rivestita con film	C07AB07	AUROBINDO PHARMA (ITALIA) S.R.L.	Autorizzata	Procedura Mutuo riconoscimento o Decentrata	Medicinali soggetti a prescrizione medica
041498472	041498	BISOPROLOLO AUROBINDO PHARMA ITALIA	10 MG COMPRESSE RIVESTITE CON FILM- 30 COMPRESSE IN FLACONE HDPE	BISOPROLOLO FUMARATO	BISOPROLOLO FUMARATO	10	milligrammi	Compressa rivestita con film	C07AB07	AUROBINDO PHARMA (ITALIA) S.R.L.	Autorizzata	Procedura Mutuo riconoscimento o Decentrata	Medicinali soggetti a prescrizione medica
041498484	041498	BISOPROLOLO AUROBINDO PHARMA ITALIA	10 MG COMPRESSE RIVESTITE CON FILM- 500 COMPRESSE IN FLACONE HDPE	BISOPROLOLO FUMARATO	BISOPROLOLO FUMARATO	10	milligrammi	Compressa rivestita con film	C07AB07	AUROBINDO PHARMA (ITALIA) S.R.L.	Autorizzata	Procedura Mutuo riconoscimento o Decentrata	Medicinali soggetti a prescrizione medica
042667016	042667	CONGESCOR	28 COMPRESSE IN BLISTER PVC/AL DA 2.5 MG	BISOPROLOLO FUMARATO	BISOPROLOLO FUMARATO			Compressa	C07AB07	BB FARMA S.R.L.	Autorizzata	Importazione Parallela	Medicinali soggetti a prescrizione medica
042667028	042667	CONGESCOR	5 MG COMPRESSE RIVESTITE CON FILM- 28 COMPRESSE IN BLISTER PVC/AL	BISOPROLOLO FUMARATO	BISOPROLOLO FUMARATO			Compressa rivestita con film	C07AB07	BB FARMA S.R.L.	Autorizzata	Importazione Parallela	Medicinali soggetti a prescrizione medica
042667030	042667	CONGESCOR	1,25 MG COMPRESSE - 28 COMPRESSE IN BLISTER PVC/AL	BISOPROLOLO FUMARATO	BISOPROLOLO FUMARATO			Compressa	C07AB07	BB FARMA S.R.L.	Autorizzata	Importazione Parallela	Medicinali soggetti a prescrizione medica
042667055	042667	CONGESCOR	2.5 mg COMPRESSA- 28 COMPRESSA IN BLISTER PVC/AL	BISOPROLOLO FUMARATO	BISOPROLOLO FUMARATO			Compressa	C07AB07	BB FARMA S.R.L.	Autorizzata	Importazione Parallela	Medicinali soggetti a prescrizione medica
042667081	042667	CONGESCOR	2,5 MG COMPRESSE RIVESTITE CON FILM- 28 COMPRESSE IN BLISTER PVC/AL	BISOPROLOLO FUMARATO	BISOPROLOLO FUMARATO	2.5	milligrammi	Compressa rivestita con film	C07AB07	BB FARMA S.R.L.	Autorizzata	Importazione Parallela	Medicinali soggetti a prescrizione medica
042667093	042667	CONGESCOR	1,25 MG COMPRESSE RIESTITE CON FILM- 28 COOMPRESSE IN BLISTER PVC/AL	BISOPROLOLO FUMARATO	BISOPROLOLO FUMARATO	1.25	milligrammi	Compressa rivestita con film	C07AB07	BB FARMA S.R.L.	Autorizzata	Importazione Parallela	Medicinali soggetti a prescrizione medica
042667105	042667	CONGESCOR	2.5 MG COMPRESSE RIVESTITE CON FILM- 28 COMPRESSE IN BLISTER PVC/AL	BISOPROLOLO FUMARATO	BISOPROLOLO FUMARATO	2.5	milligrammi	Compressa rivestita con film	C07AB07	BB FARMA S.R.L.	Autorizzata	Importazione Parallela	Medicinali soggetti a prescrizione medica
042667117	042667	CONGESCOR	1,25 MG COMPRESSE RIVESTITE CON FILM- 28 COMPRESSE IN BLISTER PVC/AL	BISOPROLOLO FUMARATO	BISOPROLOLO FUMARATO	1.25	milligrammi	Compressa rivestita con film	C07AB07	BB FARMA S.R.L.	Autorizzata	Importazione Parallela	Medicinali soggetti a prescrizione medica
042875017	042875	CONGESCOR	2,5 MG  COMPRESSE- 28 COMPRESSE N BLISTER PVC/AL	BISOPROLOLO FUMARATO	BISOPROLOLO FUMARATO			Compressa	C07AB07	PROGRAMMI SANITARI INTEGRATI S.R.L.	Autorizzata	Importazione Parallela	Medicinali soggetti a prescrizione medica
042875029	042875	CONGESCOR	1,25 MG COMPRESSE- 28 COMPRESSE IN BLISTER PVC/AL	BISOPROLOLO FUMARATO	BISOPROLOLO FUMARATO			Compressa	C07AB07	PROGRAMMI SANITARI INTEGRATI S.R.L.	Autorizzata	Importazione Parallela	Medicinali soggetti a prescrizione medica
042875031	042875	CONGESCOR	28 COMPRESSE IN BLISTER PVC/AL DA 5 MG	BISOPROLOLO FUMARATO	BISOPROLOLO FUMARATO			Compressa	C07AB07	PROGRAMMI SANITARI INTEGRATI S.R.L.	Autorizzata	Importazione Parallela	Medicinali soggetti a prescrizione medica
042875043	042875	CONGESCOR	2.5 MG COMPRESSE RIVESTITE CON FILM- 28 COMPRESSE IN BLISTER PVC/AL	BISOPROLOLO FUMARATO	BISOPROLOLO FUMARATO			Compressa rivestita con film	C07AB07	PROGRAMMI SANITARI INTEGRATI S.R.L.	Autorizzata	Importazione Parallela	Medicinali soggetti a prescrizione medica
043651013	043651	CONGESCOR	5 MG COMPRESSE- 28 COMPRESSE IN BLISTER PVC/AL	BISOPROLOLO FUMARATO	BISOPROLOLO FUMARATO			Compressa	C07AB07	MEDIFARM S.R.L.	Autorizzata	Importazione Parallela	Medicinali soggetti a prescrizione medica
043651025	043651	CONGESCOR	2,5 MG COMPRESSE- 28 COMPRESSE IN BLISTER PVC/AL	BISOPROLOLO FUMARATO	BISOPROLOLO FUMARATO			Compressa rivestita con film	C07AB07	MEDIFARM S.R.L.	Autorizzata	Importazione Parallela	Medicinali soggetti a prescrizione medica
043654019	043654	CONGESCOR	2,5 MG COMPRESSE- 28 COMPRESSE IN BLISTER PVC/AL	BISOPROLOLO FUMARATO	BISOPROLOLO FUMARATO			Compressa	C07AB07	GMM FARMA S.R.L.	Autorizzata	Importazione Parallela	Medicinali soggetti a prescrizione medica
043654021	043654	CONGESCOR	1,25 MG COMPRESSE - 28 COMPRESSE IN BLISTER PVC/AL	BISOPROLOLO FUMARATO	BISOPROLOLO FUMARATO			Compressa	C07AB07	GMM FARMA S.R.L.	Autorizzata	Importazione Parallela	Medicinali soggetti a prescrizione medica
043654033	043654	CONGESCOR	5 MG COMPRESSE RIVESTITE CON FILM- 28 COMPRESSE IN BLISTER PVC/AL	BISOPROLOLO FUMARATO	BISOPROLOLO FUMARATO			Compressa rivestita con film	C07AB07	GMM FARMA S.R.L.	Autorizzata	Importazione Parallela	Medicinali soggetti a prescrizione medica
043654045	043654	CONGESCOR	2,5 MG  COMPRESSE- 28 COMPRESSE N BLISTER PVC/AL	BISOPROLOLO FUMARATO	BISOPROLOLO FUMARATO			Compressa	C07AB07	GMM FARMA S.R.L.	Autorizzata	Importazione Parallela	Medicinali soggetti a prescrizione medica
043654058	043654	CONGESCOR	1.25 mg COMPRESSA- 28 COMPRESSE IN BLISTER PVC/AL	BISOPROLOLO FUMARATO	BISOPROLOLO FUMARATO			Compressa	C07AB07	GMM FARMA S.R.L.	Autorizzata	Importazione Parallela	Medicinali soggetti a prescrizione medica
043654060	043654	CONGESCOR	1.25 MG COMPRESSE RIVESTITE CON FILM- 28 COMPRESSE IN BLISTER PVC/AL	BISOPROLOLO FUMARATO	BISOPROLOLO FUMARATO	1.25	milligrammi	Compressa rivestita con film	C07AB07	GMM FARMA S.R.L.	Autorizzata	Importazione Parallela	Medicinali soggetti a prescrizione medica
043828019	043828	CONGESCOR	2,5 MG COMPRESSE- 28 COMPRESSE IN BLISTER PVC/AL	BISOPROLOLO FUMARATO	BISOPROLOLO FUMARATO	2.5	milligrammi	Compressa	C07AB07	GENERAL PHARMA SOLUTIONS SPA	Autorizzata	Importazione Parallela	Medicinali soggetti a prescrizione medica
043828033	043828	CONGESCOR	28 COMPRESSE IN BLISTER PVC/AL DA 5 MG	BISOPROLOLO FUMARATO	BISOPROLOLO FUMARATO			Compressa	C07AB07	GENERAL PHARMA SOLUTIONS SPA	Autorizzata	Importazione Parallela	Medicinali soggetti a prescrizione medica
044139020	044139	CONGESCOR	2,5 MG COMPRESSE? 28 COMPRESSE IN BLISTER PVC/AL	BISOPROLOLO FUMARATO	BISOPROLOLO FUMARATO	2.5	milligrammi	Compressa	C07AB07	FARMED S.R.L.	Autorizzata	Importazione Parallela	Medicinali soggetti a prescrizione medica
044139032	044139	CONGESCOR	1,25 MG COMPRESSE RIVESTITE CON FILM- 28 COMPRESSE IN BLISTER PVC/AL	BISOPROLOLO FUMARATO	BISOPROLOLO FUMARATO	1.25	milligrammi	Compressa rivestita con film	C07AB07	FARMED S.R.L.	Autorizzata	Importazione Parallela	Medicinali soggetti a prescrizione medica
044139044	044139	CONGESCOR	2,5 MG COMPRESSE RIVESTITE CON FILM- 28 COMPRESSE IN BLISTER PVC/AL	BISOPROLOLO FUMARATO	BISOPROLOLO FUMARATO	2.5	milligrammi	Compressa rivestita con film	C07AB07	FARMED S.R.L.	Autorizzata	Importazione Parallela	Medicinali soggetti a prescrizione medica
044640011	044640	BISOPROLOLO PENSA	2,5 COMPRESSE- 28 COMPRESSE IN BLISTER PVC/PVDC	BISOPROLOLO FUMARATO	BISOPROLOLO FUMARATO	2.5	milligrammi	Compressa	C07AB07	TOWA PHARMACEUTICAL S.P.A.	Autorizzata	Procedura Mutuo riconoscimento o Decentrata	Medicinali soggetti a prescrizione medica
044640023	044640	BISOPROLOLO PENSA	2,5 COMPRESSE- 28 COMPRESSE IN BLISTER PVC/PCTFE/AL	BISOPROLOLO FUMARATO	BISOPROLOLO FUMARATO	2.5	milligrammi	Compressa	C07AB07	TOWA PHARMACEUTICAL S.P.A.	Autorizzata	Procedura Mutuo riconoscimento o Decentrata	Medicinali soggetti a prescrizione medica
044640035	044640	BISOPROLOLO PENSA	5 MG  COMPRESSE- 28 COMPRESSE IN BLISTER PVC/PVDC	BISOPROLOLO FUMARATO	BISOPROLOLO FUMARATO	5	milligrammi	Compressa	C07AB07	TOWA PHARMACEUTICAL S.P.A.	Autorizzata	Procedura Mutuo riconoscimento o Decentrata	Medicinali soggetti a prescrizione medica
044640047	044640	BISOPROLOLO PENSA	5 MG  COMPRESSE- 30 COMPRESSE IN BLISTER PVC/PVDC	BISOPROLOLO FUMARATO	BISOPROLOLO FUMARATO	5	milligrammi	Compressa	C07AB07	TOWA PHARMACEUTICAL S.P.A.	Autorizzata	Procedura Mutuo riconoscimento o Decentrata	Medicinali soggetti a prescrizione medica
044640050	044640	BISOPROLOLO PENSA	5 MG  COMPRESSE- 60 COMPRESSE IN BLISTER PVC/PVDC	BISOPROLOLO FUMARATO	BISOPROLOLO FUMARATO	5	milligrammi	Compressa	C07AB07	TOWA PHARMACEUTICAL S.P.A.	Autorizzata	Procedura Mutuo riconoscimento o Decentrata	Medicinali soggetti a prescrizione medica
044640062	044640	BISOPROLOLO PENSA	5 MG  COMPRESSE- 28 COMPRESSE IN BLISTER PVC/PCTFE/AL	BISOPROLOLO FUMARATO	BISOPROLOLO FUMARATO	5	milligrammi	Compressa	C07AB07	TOWA PHARMACEUTICAL S.P.A.	Autorizzata	Procedura Mutuo riconoscimento o Decentrata	Medicinali soggetti a prescrizione medica
044640074	044640	BISOPROLOLO PENSA	5 MG  COMPRESSE- 30 COMPRESSE IN BLISTER PVC/PCTFE/AL	BISOPROLOLO FUMARATO	BISOPROLOLO FUMARATO	5	milligrammi	Compressa	C07AB07	TOWA PHARMACEUTICAL S.P.A.	Autorizzata	Procedura Mutuo riconoscimento o Decentrata	Medicinali soggetti a prescrizione medica
044640086	044640	BISOPROLOLO PENSA	5 MG  COMPRESSE- 60 COMPRESSE IN BLISTER PVC/PCTFE/AL	BISOPROLOLO FUMARATO	BISOPROLOLO FUMARATO	5	milligrammi	Compressa	C07AB07	TOWA PHARMACEUTICAL S.P.A.	Autorizzata	Procedura Mutuo riconoscimento o Decentrata	Medicinali soggetti a prescrizione medica
044640100	044640	BISOPROLOLO PENSA	10 MG  COMPRESSE- 30 COMPRESSE IN BLISTER PVC/PVDC	BISOPROLOLO FUMARATO	BISOPROLOLO FUMARATO	10	milligrammi	Compressa	C07AB07	TOWA PHARMACEUTICAL S.P.A.	Autorizzata	Procedura Mutuo riconoscimento o Decentrata	Medicinali soggetti a prescrizione medica
044640112	044640	BISOPROLOLO PENSA	10 MG  COMPRESSE- 60 COMPRESSE IN BLISTER PVC/PVDC	BISOPROLOLO FUMARATO	BISOPROLOLO FUMARATO	10	milligrammi	Compressa	C07AB07	TOWA PHARMACEUTICAL S.P.A.	Autorizzata	Procedura Mutuo riconoscimento o Decentrata	Medicinali soggetti a prescrizione medica
044640124	044640	BISOPROLOLO PENSA	10 MG  COMPRESSE- 28 COMPRESSE IN BLISTER PVC/PCTFE/AL	BISOPROLOLO FUMARATO	BISOPROLOLO FUMARATO	10	milligrammi	Compressa	C07AB07	TOWA PHARMACEUTICAL S.P.A.	Autorizzata	Procedura Mutuo riconoscimento o Decentrata	Medicinali soggetti a prescrizione medica
044640136	044640	BISOPROLOLO PENSA	10 MG  COMPRESSE- 30 COMPRESSE IN BLISTER PVC/PCTFE/AL	BISOPROLOLO FUMARATO	BISOPROLOLO FUMARATO	10	milligrammi	Compressa	C07AB07	TOWA PHARMACEUTICAL S.P.A.	Autorizzata	Procedura Mutuo riconoscimento o Decentrata	Medicinali soggetti a prescrizione medica
044640148	044640	BISOPROLOLO PENSA	10 MG  COMPRESSE- 60 COMPRESSE IN BLISTER PVC/PCTFE/AL	BISOPROLOLO FUMARATO	BISOPROLOLO FUMARATO	10	milligrammi	Compressa	C07AB07	TOWA PHARMACEUTICAL S.P.A.	Autorizzata	Procedura Mutuo riconoscimento o Decentrata	Medicinali soggetti a prescrizione medica
044644019	044644	BISOPROLOLO PENSA PHARMA	1,25 MG COMPRESSE - 28 COMPRESSE IN BLISTER PVC/PVDC	BISOPROLOLO FUMARATO	BISOPROLOLO FUMARATO	1.25	milligrammi	Compressa	C07AB07	TOWA PHARMACEUTICAL S.P.A.	Autorizzata	Procedura Mutuo riconoscimento o Decentrata	Medicinali soggetti a prescrizione medica
044644021	044644	BISOPROLOLO PENSA PHARMA	1,25 MG COMPRESSE - 28 COMPRESSE IN BLISTER PVC/PCTFE/AL	BISOPROLOLO FUMARATO	BISOPROLOLO FUMARATO	1.25	milligrammi	Compressa	C07AB07	TOWA PHARMACEUTICAL S.P.A.	Autorizzata	Procedura Mutuo riconoscimento o Decentrata	Medicinali soggetti a prescrizione medica
044644033	044644	BISOPROLOLO PENSA PHARMA	3,75 MG COMPRESSE - 28 COMPRESSE IN BLISTER PVC/PVDC	BISOPROLOLO FUMARATO	BISOPROLOLO FUMARATO	3.75	milligrammi	Compressa	C07AB07	TOWA PHARMACEUTICAL S.P.A.	Autorizzata	Procedura Mutuo riconoscimento o Decentrata	Medicinali soggetti a prescrizione medica
044644045	044644	BISOPROLOLO PENSA PHARMA	3,75 MG COMPRESSE - 28 COMPRESSE IN BLISTER PVC/PCTFE/AL	BISOPROLOLO FUMARATO	BISOPROLOLO FUMARATO	3.75	milligrammi	Compressa	C07AB07	TOWA PHARMACEUTICAL S.P.A.	Autorizzata	Procedura Mutuo riconoscimento o Decentrata	Medicinali soggetti a prescrizione medica
044644058	044644	BISOPROLOLO PENSA PHARMA	7,5 MG COMPRESSE - 28 COMPRESSE IN BLISTER PVC/PVDC	BISOPROLOLO FUMARATO	BISOPROLOLO FUMARATO	7.5	milligrammi	Compressa	C07AB07	TOWA PHARMACEUTICAL S.P.A.	Autorizzata	Procedura Mutuo riconoscimento o Decentrata	Medicinali soggetti a prescrizione medica
044644060	044644	BISOPROLOLO PENSA PHARMA	7,5 MG COMPRESSE - 28 COMPRESSE IN BLISTER PVC/PCTFE/AL	BISOPROLOLO FUMARATO	BISOPROLOLO FUMARATO	7.5	milligrammi	Compressa	C07AB07	TOWA PHARMACEUTICAL S.P.A.	Autorizzata	Procedura Mutuo riconoscimento o Decentrata	Medicinali soggetti a prescrizione medica
045099052	045099	CONGESCOR	28 COMPRESSE IN BLISTER PVC/AL DA 1.25 MG	BISOPROLOLO FUMARATO	BISOPROLOLO FUMARATO			Compressa	C07AB07	PRICETAG SPA	Autorizzata	Importazione Parallela	Medicinali soggetti a prescrizione medica
048314013	048314	BISOPROLOLO ZENTIVA GENERICS	1,25 MG COMPRESSE- 20 COMPRESSE IN BLISTER OPA/AL/PVC/AL	BISOPROLOLO FUMARATO	BISOPROLOLO FUMARATO			Compressa	C07AB07	ZENTIVA ITALIA S.R.L.	Autorizzata	Procedura Mutuo riconoscimento o Decentrata	Medicinali soggetti a prescrizione medica
048314025	048314	BISOPROLOLO ZENTIVA GENERICS	1,25 MG COMPRESSE- 28 COMPRESSE IN BLISTER OPA/AL/PVC/AL	BISOPROLOLO FUMARATO	BISOPROLOLO FUMARATO			Compressa	C07AB07	ZENTIVA ITALIA S.R.L.	Autorizzata	Procedura Mutuo riconoscimento o Decentrata	Medicinali soggetti a prescrizione medica
048314037	048314	BISOPROLOLO ZENTIVA GENERICS	1,25 MG COMPRESSE- 30 COMPRESSE IN BLISTER OPA/AL/PVC/AL	BISOPROLOLO FUMARATO	BISOPROLOLO FUMARATO			Compressa	C07AB07	ZENTIVA ITALIA S.R.L.	Autorizzata	Procedura Mutuo riconoscimento o Decentrata	Medicinali soggetti a prescrizione medica
048314049	048314	BISOPROLOLO ZENTIVA GENERICS	1,25 MG COMPRESSE- 60 COMPRESSE IN BLISTER OPA/AL/PVC/AL	BISOPROLOLO FUMARATO	BISOPROLOLO FUMARATO			Compressa	C07AB07	ZENTIVA ITALIA S.R.L.	Autorizzata	Procedura Mutuo riconoscimento o Decentrata	Medicinali soggetti a prescrizione medica
048314052	048314	BISOPROLOLO ZENTIVA GENERICS	1,25 MG COMPRESSE- 90 COMPRESSE IN BLISTER OPA/AL/PVC/AL	BISOPROLOLO FUMARATO	BISOPROLOLO FUMARATO			Compressa	C07AB07	ZENTIVA ITALIA S.R.L.	Autorizzata	Procedura Mutuo riconoscimento o Decentrata	Medicinali soggetti a prescrizione medica
048314064	048314	BISOPROLOLO ZENTIVA GENERICS	1,25 MG COMPRESSE- 100 COMPRESSE IN BLISTER OPA/AL/PVC/AL	BISOPROLOLO FUMARATO	BISOPROLOLO FUMARATO			Compressa	C07AB07	ZENTIVA ITALIA S.R.L.	Autorizzata	Procedura Mutuo riconoscimento o Decentrata	Medicinali soggetti a prescrizione medica
048314076	048314	BISOPROLOLO ZENTIVA GENERICS	7,5 MG COMPRESSE- 60 COMPRESSE IN BLISTER OPA/AL/PVC/AL	BISOPROLOLO FUMARATO	BISOPROLOLO FUMARATO			Compressa	C07AB07	ZENTIVA ITALIA S.R.L.	Autorizzata	Procedura Mutuo riconoscimento o Decentrata	Medicinali soggetti a prescrizione medica
048314088	048314	BISOPROLOLO ZENTIVA GENERICS	7,5 MG COMPRESSE- 60 COMPRESSE IN BLISTER PVC/PVDC/AL	BISOPROLOLO FUMARATO	BISOPROLOLO FUMARATO			Compressa	C07AB07	ZENTIVA ITALIA S.R.L.	Autorizzata	Procedura Mutuo riconoscimento o Decentrata	Medicinali soggetti a prescrizione medica
048314138	048314	BISOPROLOLO ZENTIVA GENERICS	2,5 MG COMPRESSE- 15 COMPRESSE IN BLISTER OPA/AL/PVC/AL	BISOPROLOLO FUMARATO	BISOPROLOLO FUMARATO			Compressa	C07AB07	ZENTIVA ITALIA S.R.L.	Autorizzata	Procedura Mutuo riconoscimento o Decentrata	Medicinali soggetti a prescrizione medica
048314140	048314	BISOPROLOLO ZENTIVA GENERICS	2,5 MG COMPRESSE- 28 COMPRESSE IN BLISTER OPA/AL/PVC/AL	BISOPROLOLO FUMARATO	BISOPROLOLO FUMARATO			Compressa	C07AB07	ZENTIVA ITALIA S.R.L.	Autorizzata	Procedura Mutuo riconoscimento o Decentrata	Medicinali soggetti a prescrizione medica
048314153	048314	BISOPROLOLO ZENTIVA GENERICS	2,5 MG COMPRESSE- 30 COMPRESSE IN BLISTER OPA/AL/PVC/AL	BISOPROLOLO FUMARATO	BISOPROLOLO FUMARATO			Compressa	C07AB07	ZENTIVA ITALIA S.R.L.	Autorizzata	Procedura Mutuo riconoscimento o Decentrata	Medicinali soggetti a prescrizione medica
048314165	048314	BISOPROLOLO ZENTIVA GENERICS	2,5 MG COMPRESSE- 60 COMPRESSE IN BLISTER OPA/AL/PVC/AL	BISOPROLOLO FUMARATO	BISOPROLOLO FUMARATO			Compressa	C07AB07	ZENTIVA ITALIA S.R.L.	Autorizzata	Procedura Mutuo riconoscimento o Decentrata	Medicinali soggetti a prescrizione medica
048314177	048314	BISOPROLOLO ZENTIVA GENERICS	2,5 MG COMPRESSE- 90 COMPRESSE IN BLISTER OPA/AL/PVC/AL	BISOPROLOLO FUMARATO	BISOPROLOLO FUMARATO			Compressa	C07AB07	ZENTIVA ITALIA S.R.L.	Autorizzata	Procedura Mutuo riconoscimento o Decentrata	Medicinali soggetti a prescrizione medica
048314189	048314	BISOPROLOLO ZENTIVA GENERICS	2,5 MG COMPRESSE- 100 COMPRESSE IN BLISTER OPA/AL/PVC/AL	BISOPROLOLO FUMARATO	BISOPROLOLO FUMARATO			Compressa	C07AB07	ZENTIVA ITALIA S.R.L.	Autorizzata	Procedura Mutuo riconoscimento o Decentrata	Medicinali soggetti a prescrizione medica
048314191	048314	BISOPROLOLO ZENTIVA GENERICS	2,5 MG COMPRESSE- 15 COMPRESSE IN BLISTER PVC/PVDC/AL	BISOPROLOLO FUMARATO	BISOPROLOLO FUMARATO			Compressa	C07AB07	ZENTIVA ITALIA S.R.L.	Autorizzata	Procedura Mutuo riconoscimento o Decentrata	Medicinali soggetti a prescrizione medica
048314203	048314	BISOPROLOLO ZENTIVA GENERICS	2,5 MG COMPRESSE- 28 COMPRESSE IN BLISTER PVC/PVDC/AL	BISOPROLOLO FUMARATO	BISOPROLOLO FUMARATO			Compressa	C07AB07	ZENTIVA ITALIA S.R.L.	Autorizzata	Procedura Mutuo riconoscimento o Decentrata	Medicinali soggetti a prescrizione medica
048314215	048314	BISOPROLOLO ZENTIVA GENERICS	2,5 MG COMPRESSE- 30 COMPRESSE IN BLISTER PVC/PVDC/AL	BISOPROLOLO FUMARATO	BISOPROLOLO FUMARATO			Compressa	C07AB07	ZENTIVA ITALIA S.R.L.	Autorizzata	Procedura Mutuo riconoscimento o Decentrata	Medicinali soggetti a prescrizione medica
048314227	048314	BISOPROLOLO ZENTIVA GENERICS	2,5 MG COMPRESSE- 60 COMPRESSE IN BLISTER PVC/PVDC/AL	BISOPROLOLO FUMARATO	BISOPROLOLO FUMARATO			Compressa	C07AB07	ZENTIVA ITALIA S.R.L.	Autorizzata	Procedura Mutuo riconoscimento o Decentrata	Medicinali soggetti a prescrizione medica
048314239	048314	BISOPROLOLO ZENTIVA GENERICS	2,5 MG COMPRESSE- 90 COMPRESSE IN BLISTER PVC/PVDC/AL	BISOPROLOLO FUMARATO	BISOPROLOLO FUMARATO			Compressa	C07AB07	ZENTIVA ITALIA S.R.L.	Autorizzata	Procedura Mutuo riconoscimento o Decentrata	Medicinali soggetti a prescrizione medica
048314241	048314	BISOPROLOLO ZENTIVA GENERICS	2,5 MG COMPRESSE- 100 COMPRESSE IN BLISTER PVC/PVDC/AL	BISOPROLOLO FUMARATO	BISOPROLOLO FUMARATO			Compressa	C07AB07	ZENTIVA ITALIA S.R.L.	Autorizzata	Procedura Mutuo riconoscimento o Decentrata	Medicinali soggetti a prescrizione medica
048314254	048314	BISOPROLOLO ZENTIVA GENERICS	3,75 MG COMPRESSE- 28 COMPRESSE IN BLISTER OPA/AL/PVC/AL	BISOPROLOLO FUMARATO	BISOPROLOLO FUMARATO			Compressa	C07AB07	ZENTIVA ITALIA S.R.L.	Autorizzata	Procedura Mutuo riconoscimento o Decentrata	Medicinali soggetti a prescrizione medica
048314266	048314	BISOPROLOLO ZENTIVA GENERICS	3,75 MG COMPRESSE- 30 COMPRESSE IN BLISTER OPA/AL/PVC/AL	BISOPROLOLO FUMARATO	BISOPROLOLO FUMARATO			Compressa	C07AB07	ZENTIVA ITALIA S.R.L.	Autorizzata	Procedura Mutuo riconoscimento o Decentrata	Medicinali soggetti a prescrizione medica
048314278	048314	BISOPROLOLO ZENTIVA GENERICS	3,75 MG COMPRESSE- 50 COMPRESSE IN BLISTER OPA/AL/PVC/AL	BISOPROLOLO FUMARATO	BISOPROLOLO FUMARATO			Compressa	C07AB07	ZENTIVA ITALIA S.R.L.	Autorizzata	Procedura Mutuo riconoscimento o Decentrata	Medicinali soggetti a prescrizione medica
048314280	048314	BISOPROLOLO ZENTIVA GENERICS	3,75 MG COMPRESSE- 90 COMPRESSE IN BLISTER OPA/AL/PVC/AL	BISOPROLOLO FUMARATO	BISOPROLOLO FUMARATO			Compressa	C07AB07	ZENTIVA ITALIA S.R.L.	Autorizzata	Procedura Mutuo riconoscimento o Decentrata	Medicinali soggetti a prescrizione medica
048314292	048314	BISOPROLOLO ZENTIVA GENERICS	3,75 MG COMPRESSE- 100 COMPRESSE IN BLISTER OPA/AL/PVC/AL	BISOPROLOLO FUMARATO	BISOPROLOLO FUMARATO			Compressa	C07AB07	ZENTIVA ITALIA S.R.L.	Autorizzata	Procedura Mutuo riconoscimento o Decentrata	Medicinali soggetti a prescrizione medica
048314304	048314	BISOPROLOLO ZENTIVA GENERICS	3,75 MG COMPRESSE- 28 COMPRESSE IN BLISTER PVC/PVDC/AL	BISOPROLOLO FUMARATO	BISOPROLOLO FUMARATO			Compressa	C07AB07	ZENTIVA ITALIA S.R.L.	Autorizzata	Procedura Mutuo riconoscimento o Decentrata	Medicinali soggetti a prescrizione medica
048314316	048314	BISOPROLOLO ZENTIVA GENERICS	3,75 MG COMPRESSE- 30 COMPRESSE IN BLISTER PVC/PVDC/AL	BISOPROLOLO FUMARATO	BISOPROLOLO FUMARATO			Compressa	C07AB07	ZENTIVA ITALIA S.R.L.	Autorizzata	Procedura Mutuo riconoscimento o Decentrata	Medicinali soggetti a prescrizione medica
048314328	048314	BISOPROLOLO ZENTIVA GENERICS	3,75 MG COMPRESSE- 50 COMPRESSE IN BLISTER PVC/PVDC/AL	BISOPROLOLO FUMARATO	BISOPROLOLO FUMARATO			Compressa	C07AB07	ZENTIVA ITALIA S.R.L.	Autorizzata	Procedura Mutuo riconoscimento o Decentrata	Medicinali soggetti a prescrizione medica
048314330	048314	BISOPROLOLO ZENTIVA GENERICS	3,75 MG COMPRESSE- 90 COMPRESSE IN BLISTER PVC/PVDC/AL	BISOPROLOLO FUMARATO	BISOPROLOLO FUMARATO			Compressa	C07AB07	ZENTIVA ITALIA S.R.L.	Autorizzata	Procedura Mutuo riconoscimento o Decentrata	Medicinali soggetti a prescrizione medica
048314342	048314	BISOPROLOLO ZENTIVA GENERICS	3,75 MG COMPRESSE- 100 COMPRESSE IN BLISTER PVC/PVDC/AL	BISOPROLOLO FUMARATO	BISOPROLOLO FUMARATO			Compressa	C07AB07	ZENTIVA ITALIA S.R.L.	Autorizzata	Procedura Mutuo riconoscimento o Decentrata	Medicinali soggetti a prescrizione medica
048314355	048314	BISOPROLOLO ZENTIVA GENERICS	5 MG COMPRESSE- 28 COMPRESSE IN BLISTER OPA/AL/PVC/AL	BISOPROLOLO FUMARATO	BISOPROLOLO FUMARATO			Compressa	C07AB07	ZENTIVA ITALIA S.R.L.	Autorizzata	Procedura Mutuo riconoscimento o Decentrata	Medicinali soggetti a prescrizione medica
048314367	048314	BISOPROLOLO ZENTIVA GENERICS	5 MG COMPRESSE- 30 COMPRESSE IN BLISTER OPA/AL/PVC/AL	BISOPROLOLO FUMARATO	BISOPROLOLO FUMARATO			Compressa	C07AB07	ZENTIVA ITALIA S.R.L.	Autorizzata	Procedura Mutuo riconoscimento o Decentrata	Medicinali soggetti a prescrizione medica
048314379	048314	BISOPROLOLO ZENTIVA GENERICS	5 MG COMPRESSE- 50 COMPRESSE IN BLISTER OPA/AL/PVC/AL	BISOPROLOLO FUMARATO	BISOPROLOLO FUMARATO			Compressa	C07AB07	ZENTIVA ITALIA S.R.L.	Autorizzata	Procedura Mutuo riconoscimento o Decentrata	Medicinali soggetti a prescrizione medica
048314381	048314	BISOPROLOLO ZENTIVA GENERICS	5 MG COMPRESSE- 56 COMPRESSE IN BLISTER OPA/AL/PVC/AL	BISOPROLOLO FUMARATO	BISOPROLOLO FUMARATO			Compressa	C07AB07	ZENTIVA ITALIA S.R.L.	Autorizzata	Procedura Mutuo riconoscimento o Decentrata	Medicinali soggetti a prescrizione medica
048314393	048314	BISOPROLOLO ZENTIVA GENERICS	5 MG COMPRESSE- 60 COMPRESSE IN BLISTER OPA/AL/PVC/AL	BISOPROLOLO FUMARATO	BISOPROLOLO FUMARATO			Compressa	C07AB07	ZENTIVA ITALIA S.R.L.	Autorizzata	Procedura Mutuo riconoscimento o Decentrata	Medicinali soggetti a prescrizione medica
048314405	048314	BISOPROLOLO ZENTIVA GENERICS	5 MG COMPRESSE- 90 COMPRESSE IN BLISTER OPA/AL/PVC/AL	BISOPROLOLO FUMARATO	BISOPROLOLO FUMARATO			Compressa	C07AB07	ZENTIVA ITALIA S.R.L.	Autorizzata	Procedura Mutuo riconoscimento o Decentrata	Medicinali soggetti a prescrizione medica
048314417	048314	BISOPROLOLO ZENTIVA GENERICS	5 MG COMPRESSE- 100 COMPRESSE IN BLISTER OPA/AL/PVC/AL	BISOPROLOLO FUMARATO	BISOPROLOLO FUMARATO			Compressa	C07AB07	ZENTIVA ITALIA S.R.L.	Autorizzata	Procedura Mutuo riconoscimento o Decentrata	Medicinali soggetti a prescrizione medica
048314429	048314	BISOPROLOLO ZENTIVA GENERICS	5 MG COMPRESSE- 28 COMPRESSE IN BLISTER PVC/PVDC/AL	BISOPROLOLO FUMARATO	BISOPROLOLO FUMARATO			Compressa	C07AB07	ZENTIVA ITALIA S.R.L.	Autorizzata	Procedura Mutuo riconoscimento o Decentrata	Medicinali soggetti a prescrizione medica
048314431	048314	BISOPROLOLO ZENTIVA GENERICS	5 MG COMPRESSE- 30 COMPRESSE IN BLISTER PVC/PVDC/AL	BISOPROLOLO FUMARATO	BISOPROLOLO FUMARATO			Compressa	C07AB07	ZENTIVA ITALIA S.R.L.	Autorizzata	Procedura Mutuo riconoscimento o Decentrata	Medicinali soggetti a prescrizione medica
048314443	048314	BISOPROLOLO ZENTIVA GENERICS	5 MG COMPRESSE- 50 COMPRESSE IN BLISTER PVC/PVDC/AL	BISOPROLOLO FUMARATO	BISOPROLOLO FUMARATO			Compressa	C07AB07	ZENTIVA ITALIA S.R.L.	Autorizzata	Procedura Mutuo riconoscimento o Decentrata	Medicinali soggetti a prescrizione medica
048314456	048314	BISOPROLOLO ZENTIVA GENERICS	5 MG COMPRESSE- 56 COMPRESSE IN BLISTER PVC/PVDC/AL	BISOPROLOLO FUMARATO	BISOPROLOLO FUMARATO			Compressa	C07AB07	ZENTIVA ITALIA S.R.L.	Autorizzata	Procedura Mutuo riconoscimento o Decentrata	Medicinali soggetti a prescrizione medica
048314468	048314	BISOPROLOLO ZENTIVA GENERICS	5 MG COMPRESSE- 60 COMPRESSE IN BLISTER PVC/PVDC/AL	BISOPROLOLO FUMARATO	BISOPROLOLO FUMARATO			Compressa	C07AB07	ZENTIVA ITALIA S.R.L.	Autorizzata	Procedura Mutuo riconoscimento o Decentrata	Medicinali soggetti a prescrizione medica
048314470	048314	BISOPROLOLO ZENTIVA GENERICS	5 MG COMPRESSE- 90 COMPRESSE IN BLISTER PVC/PVDC/AL	BISOPROLOLO FUMARATO	BISOPROLOLO FUMARATO			Compressa	C07AB07	ZENTIVA ITALIA S.R.L.	Autorizzata	Procedura Mutuo riconoscimento o Decentrata	Medicinali soggetti a prescrizione medica
048314482	048314	BISOPROLOLO ZENTIVA GENERICS	5 MG COMPRESSE- 100 COMPRESSE IN BLISTER PVC/PVDC/AL	BISOPROLOLO FUMARATO	BISOPROLOLO FUMARATO			Compressa	C07AB07	ZENTIVA ITALIA S.R.L.	Autorizzata	Procedura Mutuo riconoscimento o Decentrata	Medicinali soggetti a prescrizione medica
048314494	048314	BISOPROLOLO ZENTIVA GENERICS	7,5 MG COMPRESSE- 28 COMPRESSE IN BLISTER OPA/AL/PVC/AL	BISOPROLOLO FUMARATO	BISOPROLOLO FUMARATO			Compressa	C07AB07	ZENTIVA ITALIA S.R.L.	Autorizzata	Procedura Mutuo riconoscimento o Decentrata	Medicinali soggetti a prescrizione medica
048314506	048314	BISOPROLOLO ZENTIVA GENERICS	7,5 MG COMPRESSE- 30 COMPRESSE IN BLISTER OPA/AL/PVC/AL	BISOPROLOLO FUMARATO	BISOPROLOLO FUMARATO			Compressa	C07AB07	ZENTIVA ITALIA S.R.L.	Autorizzata	Procedura Mutuo riconoscimento o Decentrata	Medicinali soggetti a prescrizione medica
048314518	048314	BISOPROLOLO ZENTIVA GENERICS	7,5 MG COMPRESSE- 50 COMPRESSE IN BLISTER OPA/AL/PVC/AL	BISOPROLOLO FUMARATO	BISOPROLOLO FUMARATO			Compressa	C07AB07	ZENTIVA ITALIA S.R.L.	Autorizzata	Procedura Mutuo riconoscimento o Decentrata	Medicinali soggetti a prescrizione medica
048314520	048314	BISOPROLOLO ZENTIVA GENERICS	7,5 MG COMPRESSE- 56 COMPRESSE IN BLISTER OPA/AL/PVC/AL	BISOPROLOLO FUMARATO	BISOPROLOLO FUMARATO			Compressa	C07AB07	ZENTIVA ITALIA S.R.L.	Autorizzata	Procedura Mutuo riconoscimento o Decentrata	Medicinali soggetti a prescrizione medica
048314532	048314	BISOPROLOLO ZENTIVA GENERICS	7,5 MG COMPRESSE- 100 COMPRESSE IN BLISTER OPA/AL/PVC/AL	BISOPROLOLO FUMARATO	BISOPROLOLO FUMARATO			Compressa	C07AB07	ZENTIVA ITALIA S.R.L.	Autorizzata	Procedura Mutuo riconoscimento o Decentrata	Medicinali soggetti a prescrizione medica
048314544	048314	BISOPROLOLO ZENTIVA GENERICS	7,5 MG COMPRESSE- 28 COMPRESSE IN BLISTER PVC/PVDC/AL	BISOPROLOLO FUMARATO	BISOPROLOLO FUMARATO			Compressa	C07AB07	ZENTIVA ITALIA S.R.L.	Autorizzata	Procedura Mutuo riconoscimento o Decentrata	Medicinali soggetti a prescrizione medica
048314557	048314	BISOPROLOLO ZENTIVA GENERICS	7,5 MG COMPRESSE- 30 COMPRESSE IN BLISTER PVC/PVDC/AL	BISOPROLOLO FUMARATO	BISOPROLOLO FUMARATO			Compressa	C07AB07	ZENTIVA ITALIA S.R.L.	Autorizzata	Procedura Mutuo riconoscimento o Decentrata	Medicinali soggetti a prescrizione medica
048314569	048314	BISOPROLOLO ZENTIVA GENERICS	7,5 MG COMPRESSE- 50 COMPRESSE IN BLISTER PVC/PVDC/AL	BISOPROLOLO FUMARATO	BISOPROLOLO FUMARATO			Compressa	C07AB07	ZENTIVA ITALIA S.R.L.	Autorizzata	Procedura Mutuo riconoscimento o Decentrata	Medicinali soggetti a prescrizione medica
048314571	048314	BISOPROLOLO ZENTIVA GENERICS	7,5 MG COMPRESSE- 56 COMPRESSE IN BLISTER PVC/PVDC/AL	BISOPROLOLO FUMARATO	BISOPROLOLO FUMARATO			Compressa	C07AB07	ZENTIVA ITALIA S.R.L.	Autorizzata	Procedura Mutuo riconoscimento o Decentrata	Medicinali soggetti a prescrizione medica
048314583	048314	BISOPROLOLO ZENTIVA GENERICS	7,5 MG COMPRESSE- 100 COMPRESSE IN BLISTER PVC/PVDC/AL	BISOPROLOLO FUMARATO	BISOPROLOLO FUMARATO			Compressa	C07AB07	ZENTIVA ITALIA S.R.L.	Autorizzata	Procedura Mutuo riconoscimento o Decentrata	Medicinali soggetti a prescrizione medica
048314595	048314	BISOPROLOLO ZENTIVA GENERICS	10 MG COMPRESSE- 28 COMPRESSE IN BLISTER OPA/AL/PVC/AL	BISOPROLOLO FUMARATO	BISOPROLOLO FUMARATO			Compressa	C07AB07	ZENTIVA ITALIA S.R.L.	Autorizzata	Procedura Mutuo riconoscimento o Decentrata	Medicinali soggetti a prescrizione medica
048314607	048314	BISOPROLOLO ZENTIVA GENERICS	10 MG COMPRESSE- 30 COMPRESSE IN BLISTER OPA/AL/PVC/AL	BISOPROLOLO FUMARATO	BISOPROLOLO FUMARATO			Compressa	C07AB07	ZENTIVA ITALIA S.R.L.	Autorizzata	Procedura Mutuo riconoscimento o Decentrata	Medicinali soggetti a prescrizione medica
048314619	048314	BISOPROLOLO ZENTIVA GENERICS	10 MG COMPRESSE- 50 COMPRESSE IN BLISTER OPA/AL/PVC/AL	BISOPROLOLO FUMARATO	BISOPROLOLO FUMARATO			Compressa	C07AB07	ZENTIVA ITALIA S.R.L.	Autorizzata	Procedura Mutuo riconoscimento o Decentrata	Medicinali soggetti a prescrizione medica
048314621	048314	BISOPROLOLO ZENTIVA GENERICS	10 MG COMPRESSE- 56 COMPRESSE IN BLISTER OPA/AL/PVC/AL	BISOPROLOLO FUMARATO	BISOPROLOLO FUMARATO			Compressa	C07AB07	ZENTIVA ITALIA S.R.L.	Autorizzata	Procedura Mutuo riconoscimento o Decentrata	Medicinali soggetti a prescrizione medica
048314633	048314	BISOPROLOLO ZENTIVA GENERICS	10 MG COMPRESSE- 60 COMPRESSE IN BLISTER OPA/AL/PVC/AL	BISOPROLOLO FUMARATO	BISOPROLOLO FUMARATO			Compressa	C07AB07	ZENTIVA ITALIA S.R.L.	Autorizzata	Procedura Mutuo riconoscimento o Decentrata	Medicinali soggetti a prescrizione medica
048314645	048314	BISOPROLOLO ZENTIVA GENERICS	10 MG COMPRESSE- 90 COMPRESSE IN BLISTER OPA/AL/PVC/AL	BISOPROLOLO FUMARATO	BISOPROLOLO FUMARATO			Compressa	C07AB07	ZENTIVA ITALIA S.R.L.	Autorizzata	Procedura Mutuo riconoscimento o Decentrata	Medicinali soggetti a prescrizione medica
048314658	048314	BISOPROLOLO ZENTIVA GENERICS	10 MG COMPRESSE- 100 COMPRESSE IN BLISTER OPA/AL/PVC/AL	BISOPROLOLO FUMARATO	BISOPROLOLO FUMARATO			Compressa	C07AB07	ZENTIVA ITALIA S.R.L.	Autorizzata	Procedura Mutuo riconoscimento o Decentrata	Medicinali soggetti a prescrizione medica
048314660	048314	BISOPROLOLO ZENTIVA GENERICS	10 MG COMPRESSE- 28 COMPRESSE IN BLISTER PVC/PVDC/AL	BISOPROLOLO FUMARATO	BISOPROLOLO FUMARATO			Compressa	C07AB07	ZENTIVA ITALIA S.R.L.	Autorizzata	Procedura Mutuo riconoscimento o Decentrata	Medicinali soggetti a prescrizione medica
048314672	048314	BISOPROLOLO ZENTIVA GENERICS	10 MG COMPRESSE- 30 COMPRESSE IN BLISTER PVC/PVDC/AL	BISOPROLOLO FUMARATO	BISOPROLOLO FUMARATO			Compressa	C07AB07	ZENTIVA ITALIA S.R.L.	Autorizzata	Procedura Mutuo riconoscimento o Decentrata	Medicinali soggetti a prescrizione medica
048314684	048314	BISOPROLOLO ZENTIVA GENERICS	10 MG COMPRESSE- 50 COMPRESSE IN BLISTER PVC/PVDC/AL	BISOPROLOLO FUMARATO	BISOPROLOLO FUMARATO			Compressa	C07AB07	ZENTIVA ITALIA S.R.L.	Autorizzata	Procedura Mutuo riconoscimento o Decentrata	Medicinali soggetti a prescrizione medica
048314696	048314	BISOPROLOLO ZENTIVA GENERICS	10 MG COMPRESSE- 56 COMPRESSE IN BLISTER PVC/PVDC/AL	BISOPROLOLO FUMARATO	BISOPROLOLO FUMARATO			Compressa	C07AB07	ZENTIVA ITALIA S.R.L.	Autorizzata	Procedura Mutuo riconoscimento o Decentrata	Medicinali soggetti a prescrizione medica
048314708	048314	BISOPROLOLO ZENTIVA GENERICS	10 MG COMPRESSE- 60 COMPRESSE IN BLISTER PVC/PVDC/AL	BISOPROLOLO FUMARATO	BISOPROLOLO FUMARATO			Compressa	C07AB07	ZENTIVA ITALIA S.R.L.	Autorizzata	Procedura Mutuo riconoscimento o Decentrata	Medicinali soggetti a prescrizione medica
048314710	048314	BISOPROLOLO ZENTIVA GENERICS	10 MG COMPRESSE- 90 COMPRESSE IN BLISTER PVC/PVDC/AL	BISOPROLOLO FUMARATO	BISOPROLOLO FUMARATO			Compressa	C07AB07	ZENTIVA ITALIA S.R.L.	Autorizzata	Procedura Mutuo riconoscimento o Decentrata	Medicinali soggetti a prescrizione medica
048314722	048314	BISOPROLOLO ZENTIVA GENERICS	10 MG COMPRESSE- 100 COMPRESSE IN BLISTER PVC/PVDC/AL	BISOPROLOLO FUMARATO	BISOPROLOLO FUMARATO			Compressa	C07AB07	ZENTIVA ITALIA S.R.L.	Autorizzata	Procedura Mutuo riconoscimento o Decentrata	Medicinali soggetti a prescrizione medica
049994015	049994	RABISOP	2,5 mg/1,25 mg CAPSULE RIGIDE- 10 CAPSULE IN BLISTER BOPA/AL/PVC-.AL	BISOPROLOLO FUMARATO	BISOPROLOLO FUMARATO			Capsula rigida	C09BX05	ADAMED S.R.L.	Autorizzata	Procedura Mutuo riconoscimento o Decentrata	Medicinali soggetti a prescrizione medica
049994027	049994	RABISOP	2,5 mg/1,25 mg CAPSULE RIGIDE- 30 CAPSULE IN BLISTER BOPA/AL/PVC-.AL	BISOPROLOLO FUMARATO	BISOPROLOLO FUMARATO			Capsula rigida	C09BX05	ADAMED S.R.L.	Autorizzata	Procedura Mutuo riconoscimento o Decentrata	Medicinali soggetti a prescrizione medica
049994039	049994	RABISOP	2,5 mg/1,25 mg CAPSULE RIGIDE- 60 CAPSULE IN BLISTER BOPA/AL/PVC-.AL	BISOPROLOLO FUMARATO	BISOPROLOLO FUMARATO			Capsula rigida	C09BX05	ADAMED S.R.L.	Autorizzata	Procedura Mutuo riconoscimento o Decentrata	Medicinali soggetti a prescrizione medica
049994041	049994	RABISOP	2,5 mg/1,25 mg CAPSULE RIGIDE- 100 CAPSULE IN BLISTER BOPA/AL/PVC-.AL	BISOPROLOLO FUMARATO	BISOPROLOLO FUMARATO			Capsula rigida	C09BX05	ADAMED S.R.L.	Autorizzata	Procedura Mutuo riconoscimento o Decentrata	Medicinali soggetti a prescrizione medica
049994054	049994	RABISOP	2,5 mg/2,5 mg CAPSULE RIGIDE- 10 CAPSULE IN BLISTER BOPA/AL/PVC-AL	BISOPROLOLO FUMARATO	BISOPROLOLO FUMARATO			Capsula rigida	C09BX05	ADAMED S.R.L.	Autorizzata	Procedura Mutuo riconoscimento o Decentrata	Medicinali soggetti a prescrizione medica
049994066	049994	RABISOP	2,5 mg/2,5 mg CAPSULE RIGIDE- 30 CAPSULE IN BLISTER BOPA/AL/PVC-AL	BISOPROLOLO FUMARATO	BISOPROLOLO FUMARATO			Capsula rigida	C09BX05	ADAMED S.R.L.	Autorizzata	Procedura Mutuo riconoscimento o Decentrata	Medicinali soggetti a prescrizione medica
049994078	049994	RABISOP	2,5 mg/2,5 mg CAPSULE RIGIDE- 60 CAPSULE IN BLISTER BOPA/AL/PVC-AL	BISOPROLOLO FUMARATO	BISOPROLOLO FUMARATO			Capsula rigida	C09BX05	ADAMED S.R.L.	Autorizzata	Procedura Mutuo riconoscimento o Decentrata	Medicinali soggetti a prescrizione medica
049994080	049994	RABISOP	2,5 mg/2,5 mg CAPSULE RIGIDE- 100 CAPSULE IN BLISTER BOPA/AL/PVC-AL	BISOPROLOLO FUMARATO	BISOPROLOLO FUMARATO			Capsula rigida	C09BX05	ADAMED S.R.L.	Autorizzata	Procedura Mutuo riconoscimento o Decentrata	Medicinali soggetti a prescrizione medica
049994092	049994	RABISOP	5 mg/2,5 mg CAPSULE RIGIDE- 10 CAPSULE IN BLISTER BOPA/AL/PVC-AL	BISOPROLOLO FUMARATO	BISOPROLOLO FUMARATO			Capsula rigida	C09BX05	ADAMED S.R.L.	Autorizzata	Procedura Mutuo riconoscimento o Decentrata	Medicinali soggetti a prescrizione medica
049994104	049994	RABISOP	5 mg/2,5 mg CAPSULE RIGIDE- 30 CAPSULE IN BLISTER BOPA/AL/PVC-AL	BISOPROLOLO FUMARATO	BISOPROLOLO FUMARATO			Capsula rigida	C09BX05	ADAMED S.R.L.	Autorizzata	Procedura Mutuo riconoscimento o Decentrata	Medicinali soggetti a prescrizione medica
049994116	049994	RABISOP	5 mg/2,5 mg CAPSULE RIGIDE- 60 CAPSULE IN BLISTER BOPA/AL/PVC-AL	BISOPROLOLO FUMARATO	BISOPROLOLO FUMARATO			Capsula rigida	C09BX05	ADAMED S.R.L.	Autorizzata	Procedura Mutuo riconoscimento o Decentrata	Medicinali soggetti a prescrizione medica
049994128	049994	RABISOP	5 mg/2,5 mg CAPSULE RIGIDE- 100 CAPSULE IN BLISTER BOPA/AL/PVC-AL	BISOPROLOLO FUMARATO	BISOPROLOLO FUMARATO			Capsula rigida	C09BX05	ADAMED S.R.L.	Autorizzata	Procedura Mutuo riconoscimento o Decentrata	Medicinali soggetti a prescrizione medica
049994130	049994	RABISOP	5 mg/5 mg CAPSULE RIGIDE- 10 CAPSULE IN BLISTER BOPA/AL/PVC-AL	BISOPROLOLO FUMARATO	BISOPROLOLO FUMARATO			Capsula rigida	C09BX05	ADAMED S.R.L.	Autorizzata	Procedura Mutuo riconoscimento o Decentrata	Medicinali soggetti a prescrizione medica
049994142	049994	RABISOP	5 mg/5 mg CAPSULE RIGIDE- 30 CAPSULE IN BLISTER BOPA/AL/PVC-AL	BISOPROLOLO FUMARATO	BISOPROLOLO FUMARATO			Capsula rigida	C09BX05	ADAMED S.R.L.	Autorizzata	Procedura Mutuo riconoscimento o Decentrata	Medicinali soggetti a prescrizione medica
049994155	049994	RABISOP	5 mg/5 mg CAPSULE RIGIDE- 60 CAPSULE IN BLISTER BOPA/AL/PVC-AL	BISOPROLOLO FUMARATO	BISOPROLOLO FUMARATO			Capsula rigida	C09BX05	ADAMED S.R.L.	Autorizzata	Procedura Mutuo riconoscimento o Decentrata	Medicinali soggetti a prescrizione medica
049994167	049994	RABISOP	5 mg/5 mg CAPSULE RIGIDE- 100 CAPSULE IN BLISTER BOPA/AL/PVC-AL	BISOPROLOLO FUMARATO	BISOPROLOLO FUMARATO			Capsula rigida	C09BX05	ADAMED S.R.L.	Autorizzata	Procedura Mutuo riconoscimento o Decentrata	Medicinali soggetti a prescrizione medica
049994179	049994	RABISOP	10 mg/5 mg CAPSULE RIGIDE- 10 CAPSULE IN BLISTER BOPA/AL/PVC-AL	BISOPROLOLO FUMARATO	BISOPROLOLO FUMARATO			Capsula rigida	C09BX05	ADAMED S.R.L.	Autorizzata	Procedura Mutuo riconoscimento o Decentrata	Medicinali soggetti a prescrizione medica
049994181	049994	RABISOP	10 mg/5 mg CAPSULE RIGIDE- 30 CAPSULE IN BLISTER BOPA/AL/PVC-AL	BISOPROLOLO FUMARATO	BISOPROLOLO FUMARATO			Capsula rigida	C09BX05	ADAMED S.R.L.	Autorizzata	Procedura Mutuo riconoscimento o Decentrata	Medicinali soggetti a prescrizione medica
049994193	049994	RABISOP	10 mg/5 mg CAPSULE RIGIDE- 60 CAPSULE IN BLISTER BOPA/AL/PVC-AL	BISOPROLOLO FUMARATO	BISOPROLOLO FUMARATO			Capsula rigida	C09BX05	ADAMED S.R.L.	Autorizzata	Procedura Mutuo riconoscimento o Decentrata	Medicinali soggetti a prescrizione medica
049994205	049994	RABISOP	10 mg/5 mg CAPSULE RIGIDE- 100 CAPSULE IN BLISTER BOPA/AL/PVC-AL	BISOPROLOLO FUMARATO	BISOPROLOLO FUMARATO			Capsula rigida	C09BX05	ADAMED S.R.L.	Autorizzata	Procedura Mutuo riconoscimento o Decentrata	Medicinali soggetti a prescrizione medica
049994217	049994	RABISOP	10 mg/10 mg CAPSULE RIGIDE- 10 CAPSULE IN BLISTER BOPA/AL/PVC-AL	BISOPROLOLO FUMARATO	BISOPROLOLO FUMARATO			Capsula rigida	C09BX05	ADAMED S.R.L.	Autorizzata	Procedura Mutuo riconoscimento o Decentrata	Medicinali soggetti a prescrizione medica
049994229	049994	RABISOP	10 mg/10 mg CAPSULE RIGIDE- 30 CAPSULE IN BLISTER BOPA/AL/PVC-AL	BISOPROLOLO FUMARATO	BISOPROLOLO FUMARATO			Capsula rigida	C09BX05	ADAMED S.R.L.	Autorizzata	Procedura Mutuo riconoscimento o Decentrata	Medicinali soggetti a prescrizione medica
049994231	049994	RABISOP	10 mg/10 mg CAPSULE RIGIDE- 60 CAPSULE IN BLISTER BOPA/AL/PVC-AL	BISOPROLOLO FUMARATO	BISOPROLOLO FUMARATO			Capsula rigida	C09BX05	ADAMED S.R.L.	Autorizzata	Procedura Mutuo riconoscimento o Decentrata	Medicinali soggetti a prescrizione medica
049994243	049994	RABISOP	10 mg/10 mg CAPSULE RIGIDE- 100 CAPSULE IN BLISTER BOPA/AL/PVC-AL	BISOPROLOLO FUMARATO	BISOPROLOLO FUMARATO			Capsula rigida	C09BX05	ADAMED S.R.L.	Autorizzata	Procedura Mutuo riconoscimento o Decentrata	Medicinali soggetti a prescrizione medica
049995018	049995	REGIAM	2,5 mg/1,25 mg CAPSULE RIGIDE- 10 CAPSULE IN BLISTER BOPA/AL/PVC-AL	BISOPROLOLO FUMARATO	BISOPROLOLO FUMARATO			Capsula rigida	C09BX05	BRUNO FARMACEUTICI S.P.A.	Autorizzata	Procedura Mutuo riconoscimento o Decentrata	Medicinali soggetti a prescrizione medica
049995020	049995	REGIAM	2,5 mg/1,25 mg CAPSULE RIGIDE- 30 CAPSULE IN BLISTER BOPA/AL/PVC-AL	BISOPROLOLO FUMARATO	BISOPROLOLO FUMARATO			Capsula rigida	C09BX05	BRUNO FARMACEUTICI S.P.A.	Autorizzata	Procedura Mutuo riconoscimento o Decentrata	Medicinali soggetti a prescrizione medica
049995032	049995	REGIAM	2,5 mg/1,25 mg CAPSULE RIGIDE- 60 CAPSULE IN BLISTER BOPA/AL/PVC-AL	BISOPROLOLO FUMARATO	BISOPROLOLO FUMARATO			Capsula rigida	C09BX05	BRUNO FARMACEUTICI S.P.A.	Autorizzata	Procedura Mutuo riconoscimento o Decentrata	Medicinali soggetti a prescrizione medica
049995044	049995	REGIAM	2,5 mg/1,25 mg CAPSULE RIGIDE- 100 CAPSULE IN BLISTER BOPA/AL/PVC-AL	BISOPROLOLO FUMARATO	BISOPROLOLO FUMARATO			Capsula rigida	C09BX05	BRUNO FARMACEUTICI S.P.A.	Autorizzata	Procedura Mutuo riconoscimento o Decentrata	Medicinali soggetti a prescrizione medica
049995057	049995	REGIAM	2,5 mg/2,5 mg CAPSULE RIGIDE- 10 CAPSULE IN BLISTER BOPA/AL/PVC-AL	BISOPROLOLO FUMARATO	BISOPROLOLO FUMARATO			Capsula rigida	C09BX05	BRUNO FARMACEUTICI S.P.A.	Autorizzata	Procedura Mutuo riconoscimento o Decentrata	Medicinali soggetti a prescrizione medica
049995069	049995	REGIAM	2,5 mg/2,5 mg CAPSULE RIGIDE- 30 CAPSULE IN BLISTER BOPA/AL/PVC-AL	BISOPROLOLO FUMARATO	BISOPROLOLO FUMARATO			Capsula rigida	C09BX05	BRUNO FARMACEUTICI S.P.A.	Autorizzata	Procedura Mutuo riconoscimento o Decentrata	Medicinali soggetti a prescrizione medica
049995071	049995	REGIAM	2,5 mg/2,5 mg CAPSULE RIGIDE- 60 CAPSULE IN BLISTER BOPA/AL/PVC-AL	BISOPROLOLO FUMARATO	BISOPROLOLO FUMARATO			Capsula rigida	C09BX05	BRUNO FARMACEUTICI S.P.A.	Autorizzata	Procedura Mutuo riconoscimento o Decentrata	Medicinali soggetti a prescrizione medica
049995083	049995	REGIAM	2,5 mg/2,5 mg CAPSULE RIGIDE- 100 CAPSULE IN BLISTER BOPA/AL/PVC-AL	BISOPROLOLO FUMARATO	BISOPROLOLO FUMARATO			Capsula rigida	C09BX05	BRUNO FARMACEUTICI S.P.A.	Autorizzata	Procedura Mutuo riconoscimento o Decentrata	Medicinali soggetti a prescrizione medica
049995095	049995	REGIAM	5 mg/2,5 mg CAPSULE RIGIDE- 10 CAPSULE IN BLISTER BOPA/AL/PVC-AL	BISOPROLOLO FUMARATO	BISOPROLOLO FUMARATO			Capsula rigida	C09BX05	BRUNO FARMACEUTICI S.P.A.	Autorizzata	Procedura Mutuo riconoscimento o Decentrata	Medicinali soggetti a prescrizione medica
049995107	049995	REGIAM	5 mg/2,5 mg CAPSULE RIGIDE- 30 CAPSULE IN BLISTER BOPA/AL/PVC-AL	BISOPROLOLO FUMARATO	BISOPROLOLO FUMARATO			Capsula rigida	C09BX05	BRUNO FARMACEUTICI S.P.A.	Autorizzata	Procedura Mutuo riconoscimento o Decentrata	Medicinali soggetti a prescrizione medica
049995119	049995	REGIAM	5 mg/2,5 mg CAPSULE RIGIDE- 60 CAPSULE IN BLISTER BOPA/AL/PVC-AL	BISOPROLOLO FUMARATO	BISOPROLOLO FUMARATO			Capsula rigida	C09BX05	BRUNO FARMACEUTICI S.P.A.	Autorizzata	Procedura Mutuo riconoscimento o Decentrata	Medicinali soggetti a prescrizione medica
049995121	049995	REGIAM	5 mg/2,5 mg CAPSULE RIGIDE- 100 CAPSULE IN BLISTER BOPA/AL/PVC-AL	BISOPROLOLO FUMARATO	BISOPROLOLO FUMARATO			Capsula rigida	C09BX05	BRUNO FARMACEUTICI S.P.A.	Autorizzata	Procedura Mutuo riconoscimento o Decentrata	Medicinali soggetti a prescrizione medica
049995133	049995	REGIAM	5 mg/5 mg CAPSULE RIGIDE- 10 CAPSULE IN BLISTER BOPA/AL/PVC-AL	BISOPROLOLO FUMARATO	BISOPROLOLO FUMARATO			Capsula rigida	C09BX05	BRUNO FARMACEUTICI S.P.A.	Autorizzata	Procedura Mutuo riconoscimento o Decentrata	Medicinali soggetti a prescrizione medica
049995145	049995	REGIAM	5 mg/5 mg CAPSULE RIGIDE- 30 CAPSULE IN BLISTER BOPA/AL/PVC-AL	BISOPROLOLO FUMARATO	BISOPROLOLO FUMARATO			Capsula rigida	C09BX05	BRUNO FARMACEUTICI S.P.A.	Autorizzata	Procedura Mutuo riconoscimento o Decentrata	Medicinali soggetti a prescrizione medica
049995158	049995	REGIAM	5 mg/5 mg CAPSULE RIGIDE- 60 CAPSULE IN BLISTER BOPA/AL/PVC-AL	BISOPROLOLO FUMARATO	BISOPROLOLO FUMARATO			Capsula rigida	C09BX05	BRUNO FARMACEUTICI S.P.A.	Autorizzata	Procedura Mutuo riconoscimento o Decentrata	Medicinali soggetti a prescrizione medica
049995160	049995	REGIAM	5 mg/5 mg CAPSULE RIGIDE- 100 CAPSULE IN BLISTER BOPA/AL/PVC-AL	BISOPROLOLO FUMARATO	BISOPROLOLO FUMARATO			Capsula rigida	C09BX05	BRUNO FARMACEUTICI S.P.A.	Autorizzata	Procedura Mutuo riconoscimento o Decentrata	Medicinali soggetti a prescrizione medica
049995172	049995	REGIAM	10 mg/5 mg CAPSULE RIGIDE- 10 CAPSULE IN BLISTER BOPA/AL/PVC-AL	BISOPROLOLO FUMARATO	BISOPROLOLO FUMARATO			Capsula rigida	C09BX05	BRUNO FARMACEUTICI S.P.A.	Autorizzata	Procedura Mutuo riconoscimento o Decentrata	Medicinali soggetti a prescrizione medica
049995184	049995	REGIAM	10 mg/5 mg CAPSULE RIGIDE- 30 CAPSULE IN BLISTER BOPA/AL/PVC-AL	BISOPROLOLO FUMARATO	BISOPROLOLO FUMARATO			Capsula rigida	C09BX05	BRUNO FARMACEUTICI S.P.A.	Autorizzata	Procedura Mutuo riconoscimento o Decentrata	Medicinali soggetti a prescrizione medica
049995196	049995	REGIAM	10 mg/5 mg CAPSULE RIGIDE- 60 CAPSULE IN BLISTER BOPA/AL/PVC-AL	BISOPROLOLO FUMARATO	BISOPROLOLO FUMARATO			Capsula rigida	C09BX05	BRUNO FARMACEUTICI S.P.A.	Autorizzata	Procedura Mutuo riconoscimento o Decentrata	Medicinali soggetti a prescrizione medica
049995208	049995	REGIAM	10 mg/5 mg CAPSULE RIGIDE- 100 CAPSULE IN BLISTER BOPA/AL/PVC-AL	BISOPROLOLO FUMARATO	BISOPROLOLO FUMARATO			Capsula rigida	C09BX05	BRUNO FARMACEUTICI S.P.A.	Autorizzata	Procedura Mutuo riconoscimento o Decentrata	Medicinali soggetti a prescrizione medica
049995210	049995	REGIAM	10 mg/10 mg CAPSULE RIGIDE- 10 CAPSULE IN BLISTER BOPA/AL/PVC-AL	BISOPROLOLO FUMARATO	BISOPROLOLO FUMARATO			Capsula rigida	C09BX05	BRUNO FARMACEUTICI S.P.A.	Autorizzata	Procedura Mutuo riconoscimento o Decentrata	Medicinali soggetti a prescrizione medica
049995222	049995	REGIAM	10 mg/10 mg CAPSULE RIGIDE- 30 CAPSULE IN BLISTER BOPA/AL/PVC-AL	BISOPROLOLO FUMARATO	BISOPROLOLO FUMARATO			Capsula rigida	C09BX05	BRUNO FARMACEUTICI S.P.A.	Autorizzata	Procedura Mutuo riconoscimento o Decentrata	Medicinali soggetti a prescrizione medica
049995234	049995	REGIAM	10 mg/10 mg CAPSULE RIGIDE- 60 CAPSULE IN BLISTER BOPA/AL/PVC-AL	BISOPROLOLO FUMARATO	BISOPROLOLO FUMARATO			Capsula rigida	C09BX05	BRUNO FARMACEUTICI S.P.A.	Autorizzata	Procedura Mutuo riconoscimento o Decentrata	Medicinali soggetti a prescrizione medica
049995246	049995	REGIAM	10 mg/10 mg CAPSULE RIGIDE- 100 CAPSULE IN BLISTER BOPA/AL/PVC-AL	BISOPROLOLO FUMARATO	BISOPROLOLO FUMARATO			Capsula rigida	C09BX05	BRUNO FARMACEUTICI S.P.A.	Autorizzata	Procedura Mutuo riconoscimento o Decentrata	Medicinali soggetti a prescrizione medica
049996010	049996	RAMILOLO	2,5 mg/1,25 mg CAPSULE RIGIDE- 10 CAPSULE IN BLISTER BOPA/AL/PVC-AL	BISOPROLOLO FUMARATO	BISOPROLOLO FUMARATO			Capsula rigida	C09BX05	SANDOZ S.P.A.	Autorizzata	Procedura Mutuo riconoscimento o Decentrata	Medicinali soggetti a prescrizione medica
049996022	049996	RAMILOLO	2,5 mg/1,25 mg CAPSULE RIGIDE- 30 CAPSULE IN BLISTER BOPA/AL/PVC-AL	BISOPROLOLO FUMARATO	BISOPROLOLO FUMARATO			Capsula rigida	C09BX05	SANDOZ S.P.A.	Autorizzata	Procedura Mutuo riconoscimento o Decentrata	Medicinali soggetti a prescrizione medica
049996034	049996	RAMILOLO	2,5 mg/1,25 mg CAPSULE RIGIDE- 60 CAPSULE IN BLISTER BOPA/AL/PVC-AL	BISOPROLOLO FUMARATO	BISOPROLOLO FUMARATO			Capsula rigida	C09BX05	SANDOZ S.P.A.	Autorizzata	Procedura Mutuo riconoscimento o Decentrata	Medicinali soggetti a prescrizione medica
049996046	049996	RAMILOLO	2,5 mg/1,25 mg CAPSULE RIGIDE- 100 CAPSULE IN BLISTER BOPA/AL/PVC-AL	BISOPROLOLO FUMARATO	BISOPROLOLO FUMARATO			Capsula rigida	C09BX05	SANDOZ S.P.A.	Autorizzata	Procedura Mutuo riconoscimento o Decentrata	Medicinali soggetti a prescrizione medica
049996059	049996	RAMILOLO	2,5 mg/2,5 mg CAPSULE RIGIDE- 10 CAPSULE IN BLISTER BOPA/AL/PVC-AL	BISOPROLOLO FUMARATO	BISOPROLOLO FUMARATO			Capsula rigida	C09BX05	SANDOZ S.P.A.	Autorizzata	Procedura Mutuo riconoscimento o Decentrata	Medicinali soggetti a prescrizione medica
049996061	049996	RAMILOLO	2,5 mg/2,5 mg CAPSULE RIGIDE- 30 CAPSULE IN BLISTER BOPA/AL/PVC-AL	BISOPROLOLO FUMARATO	BISOPROLOLO FUMARATO			Capsula rigida	C09BX05	SANDOZ S.P.A.	Autorizzata	Procedura Mutuo riconoscimento o Decentrata	Medicinali soggetti a prescrizione medica
049996073	049996	RAMILOLO	2,5 mg/2,5 mg CAPSULE RIGIDE- 60 CAPSULE IN BLISTER BOPA/AL/PVC-AL	BISOPROLOLO FUMARATO	BISOPROLOLO FUMARATO			Capsula rigida	C09BX05	SANDOZ S.P.A.	Autorizzata	Procedura Mutuo riconoscimento o Decentrata	Medicinali soggetti a prescrizione medica
049996085	049996	RAMILOLO	2,5 mg/2,5 mg CAPSULE RIGIDE- 100 CAPSULE IN BLISTER BOPA/AL/PVC-AL	BISOPROLOLO FUMARATO	BISOPROLOLO FUMARATO			Capsula rigida	C09BX05	SANDOZ S.P.A.	Autorizzata	Procedura Mutuo riconoscimento o Decentrata	Medicinali soggetti a prescrizione medica
049996097	049996	RAMILOLO	5 mg/2.5 mg CAPSULE RIGIDE- 10 CAPSULE IN BLISTER BOPA/AL/PVC-AL	BISOPROLOLO FUMARATO	BISOPROLOLO FUMARATO			Capsula rigida	C09BX05	SANDOZ S.P.A.	Autorizzata	Procedura Mutuo riconoscimento o Decentrata	Medicinali soggetti a prescrizione medica
049996109	049996	RAMILOLO	5 mg/2.5 mg CAPSULE RIGIDE- 30 CAPSULE IN BLISTER BOPA/AL/PVC-AL	BISOPROLOLO FUMARATO	BISOPROLOLO FUMARATO			Capsula rigida	C09BX05	SANDOZ S.P.A.	Autorizzata	Procedura Mutuo riconoscimento o Decentrata	Medicinali soggetti a prescrizione medica
049996111	049996	RAMILOLO	5 mg/2.5 mg CAPSULE RIGIDE- 60 CAPSULE IN BLISTER BOPA/AL/PVC-AL	BISOPROLOLO FUMARATO	BISOPROLOLO FUMARATO			Capsula rigida	C09BX05	SANDOZ S.P.A.	Autorizzata	Procedura Mutuo riconoscimento o Decentrata	Medicinali soggetti a prescrizione medica
049996123	049996	RAMILOLO	5 mg/2.5 mg CAPSULE RIGIDE- 100 CAPSULE IN BLISTER BOPA/AL/PVC-AL	BISOPROLOLO FUMARATO	BISOPROLOLO FUMARATO			Capsula rigida	C09BX05	SANDOZ S.P.A.	Autorizzata	Procedura Mutuo riconoscimento o Decentrata	Medicinali soggetti a prescrizione medica
049996135	049996	RAMILOLO	5 mg/5 mg CAPSULE RIGIDE- 10 CAPSULE IN BLISTER BOPA/AL/PVC-AL	BISOPROLOLO FUMARATO	BISOPROLOLO FUMARATO			Capsula rigida	C09BX05	SANDOZ S.P.A.	Autorizzata	Procedura Mutuo riconoscimento o Decentrata	Medicinali soggetti a prescrizione medica
049996147	049996	RAMILOLO	5 mg/5 mg CAPSULE RIGIDE- 30 CAPSULE IN BLISTER BOPA/AL/PVC-AL	BISOPROLOLO FUMARATO	BISOPROLOLO FUMARATO			Capsula rigida	C09BX05	SANDOZ S.P.A.	Autorizzata	Procedura Mutuo riconoscimento o Decentrata	Medicinali soggetti a prescrizione medica
049996150	049996	RAMILOLO	5 mg/5 mg CAPSULE RIGIDE- 60 CAPSULE IN BLISTER BOPA/AL/PVC-AL	BISOPROLOLO FUMARATO	BISOPROLOLO FUMARATO			Capsula rigida	C09BX05	SANDOZ S.P.A.	Autorizzata	Procedura Mutuo riconoscimento o Decentrata	Medicinali soggetti a prescrizione medica
049996162	049996	RAMILOLO	5 mg/5 mg CAPSULE RIGIDE- 100 CAPSULE IN BLISTER BOPA/AL/PVC-AL	BISOPROLOLO FUMARATO	BISOPROLOLO FUMARATO			Capsula rigida	C09BX05	SANDOZ S.P.A.	Autorizzata	Procedura Mutuo riconoscimento o Decentrata	Medicinali soggetti a prescrizione medica
049996174	049996	RAMILOLO	10 mg/5 mg CAPSULE RIGIDE- 10 CAPSULE IN BLISTER BOPA/AL/PVC-AL	BISOPROLOLO FUMARATO	BISOPROLOLO FUMARATO			Capsula rigida	C09BX05	SANDOZ S.P.A.	Autorizzata	Procedura Mutuo riconoscimento o Decentrata	Medicinali soggetti a prescrizione medica
049996186	049996	RAMILOLO	10 mg/5 mg CAPSULE RIGIDE- 30 CAPSULE IN BLISTER BOPA/AL/PVC-AL	BISOPROLOLO FUMARATO	BISOPROLOLO FUMARATO			Capsula rigida	C09BX05	SANDOZ S.P.A.	Autorizzata	Procedura Mutuo riconoscimento o Decentrata	Medicinali soggetti a prescrizione medica
049996198	049996	RAMILOLO	10 mg/5 mg CAPSULE RIGIDE- 60 CAPSULE IN BLISTER BOPA/AL/PVC-AL	BISOPROLOLO FUMARATO	BISOPROLOLO FUMARATO			Capsula rigida	C09BX05	SANDOZ S.P.A.	Autorizzata	Procedura Mutuo riconoscimento o Decentrata	Medicinali soggetti a prescrizione medica
049996200	049996	RAMILOLO	10 mg/5 mg CAPSULE RIGIDE- 100 CAPSULE IN BLISTER BOPA/AL/PVC-AL	BISOPROLOLO FUMARATO	BISOPROLOLO FUMARATO			Capsula rigida	C09BX05	SANDOZ S.P.A.	Autorizzata	Procedura Mutuo riconoscimento o Decentrata	Medicinali soggetti a prescrizione medica
049996212	049996	RAMILOLO	10 mg/10 mg CAPSULE RIGIDE- 10 CAPSULE IN BLISTER BOPA/AL/PVC-AL	BISOPROLOLO FUMARATO	BISOPROLOLO FUMARATO			Capsula rigida	C09BX05	SANDOZ S.P.A.	Autorizzata	Procedura Mutuo riconoscimento o Decentrata	Medicinali soggetti a prescrizione medica
049996224	049996	RAMILOLO	10 mg/10 mg CAPSULE RIGIDE- 30 CAPSULE IN BLISTER BOPA/AL/PVC-AL	BISOPROLOLO FUMARATO	BISOPROLOLO FUMARATO			Capsula rigida	C09BX05	SANDOZ S.P.A.	Autorizzata	Procedura Mutuo riconoscimento o Decentrata	Medicinali soggetti a prescrizione medica
049996236	049996	RAMILOLO	10 mg/10 mg CAPSULE RIGIDE- 60 CAPSULE IN BLISTER BOPA/AL/PVC-AL	BISOPROLOLO FUMARATO	BISOPROLOLO FUMARATO			Capsula rigida	C09BX05	SANDOZ S.P.A.	Autorizzata	Procedura Mutuo riconoscimento o Decentrata	Medicinali soggetti a prescrizione medica
049996248	049996	RAMILOLO	10 mg/10 mg CAPSULE RIGIDE- 100 CAPSULE IN BLISTER BOPA/AL/PVC-AL	BISOPROLOLO FUMARATO	BISOPROLOLO FUMARATO			Capsula rigida	C09BX05	SANDOZ S.P.A.	Autorizzata	Procedura Mutuo riconoscimento o Decentrata	Medicinali soggetti a prescrizione medica
050186016	050186	BISOPROLOLO TECNIGEN	1.25 mg COMPRESSE RIVESTITE CON FILM- 20 COMPRESSE IN BLISTER AL/AL	BISOPROLOLO FUMARATO	BISOPROLOLO FUMARATO			Compressa rivestita con film	C07AB07	TECNIGEN S.R.L.	Autorizzata	Procedura Mutuo riconoscimento o Decentrata	Medicinali soggetti a prescrizione medica
050186028	050186	BISOPROLOLO TECNIGEN	1.25 mg COMPRESSE RIVESTITE CON FILM- 28 COMPRESSE IN BLISTER AL/AL	BISOPROLOLO FUMARATO	BISOPROLOLO FUMARATO			Compressa rivestita con film	C07AB07	TECNIGEN S.R.L.	Autorizzata	Procedura Mutuo riconoscimento o Decentrata	Medicinali soggetti a prescrizione medica
050186030	050186	BISOPROLOLO TECNIGEN	2.5 mg COMPRESSE RIVESTITE CON FILM- 28 COMPRESSE IN BLISTER AL/AL	BISOPROLOLO FUMARATO	BISOPROLOLO FUMARATO			Compressa rivestita con film	C07AB07	TECNIGEN S.R.L.	Autorizzata	Procedura Mutuo riconoscimento o Decentrata	Medicinali soggetti a prescrizione medica
050186042	050186	BISOPROLOLO TECNIGEN	3.75 mg COMPRESSE RIVESTITE CON FILM- 28 COMPRESSE IN BLISTER AL/AL	BISOPROLOLO FUMARATO	BISOPROLOLO FUMARATO			Compressa rivestita con film	C07AB07	TECNIGEN S.R.L.	Autorizzata	Procedura Mutuo riconoscimento o Decentrata	Medicinali soggetti a prescrizione medica
050186055	050186	BISOPROLOLO TECNIGEN	5 mg COMPRESSE RIVESTITE CON FILM- 28 COMPRESSE IN BLISTER AL/AL	BISOPROLOLO FUMARATO	BISOPROLOLO FUMARATO			Compressa rivestita con film	C07AB07	TECNIGEN S.R.L.	Autorizzata	Procedura Mutuo riconoscimento o Decentrata	Medicinali soggetti a prescrizione medica
050186067	050186	BISOPROLOLO TECNIGEN	7.5 mg COMPRESSE RIVESTITE CON FILM- 28 COMPRESSE IN BLISTER AL/AL	BISOPROLOLO FUMARATO	BISOPROLOLO FUMARATO			Compressa rivestita con film	C07AB07	TECNIGEN S.R.L.	Autorizzata	Procedura Mutuo riconoscimento o Decentrata	Medicinali soggetti a prescrizione medica
050186079	050186	BISOPROLOLO TECNIGEN	10 mg COMPRESSE RIVESTITE CON FILM- 28 COMPRESSE IN BLISTER AL/AL	BISOPROLOLO FUMARATO	BISOPROLOLO FUMARATO			Compressa rivestita con film	C07AB07	TECNIGEN S.R.L.	Autorizzata	Procedura Mutuo riconoscimento o Decentrata	Medicinali soggetti a prescrizione medica
050203013	050203	CONGESCOR	2,5 MG COMPRESSE- 28 COMPRESSE IN BLISTER PVC/AL	BISOPROLOLO FUMARATO	BISOPROLOLO FUMARATO	2.5	milligrammi	Compressa rivestita con film	C07AB07	SM PHARMA S.R.L.	Autorizzata	Importazione Parallela	Medicinali soggetti a prescrizione medica
050203025	050203	CONGESCOR	1,25 MG COMPRESSE RIVESTITE CON FILM- 28 COMPRESSE IN BLISTER PVC/AL	BISOPROLOLO FUMARATO	BISOPROLOLO FUMARATO	1.25	milligrammi	Compressa rivestita con film	C07AB07	SM PHARMA S.R.L.	Autorizzata	Importazione Parallela	Medicinali soggetti a prescrizione medica
050718016	050718	CONGESCOR	1,25 MG COMPRESSE RIVESTITE CON FILM- 28 COMPRESSE IN BLISTER PVC/AL	BISOPROLOLO FUMARATO	BISOPROLOLO FUMARATO	1.25	milligrammi	Compressa rivestita con film	C07AB07	NEW PHARMASHOP S.R.L.	Autorizzata	Importazione Parallela	Medicinali soggetti a prescrizione medica
050718028	050718	CONGESCOR	2.5 MG COMPRESSE- 28 COMPRESSE IN BLISTER PVC/AL DA	BISOPROLOLO FUMARATO	BISOPROLOLO FUMARATO	2.5	milligrammi	Compressa rivestita con film	C07AB07	NEW PHARMASHOP S.R.L.	Autorizzata	Importazione Parallela	Medicinali soggetti a prescrizione medica
051496014	051496	BISOPROLOLO EG STADA ITALIA	1,25 MG COMPRESSE RIVESTITE CON FILM- 20 COMPRESSE IN BLISTER OPA/AL/PVC-AL	BISOPROLOLO FUMARATO	BISOPROLOLO FUMARATO	1.25	milligrammi	Compressa rivestita con film	C07AB07	EG S.P.A.	Autorizzata	Procedura Mutuo riconoscimento o Decentrata	Medicinali soggetti a prescrizione medica
051496026	051496	BISOPROLOLO EG STADA ITALIA	1,25 MG COMPRESSE RIVESTITE CON FILM- 28 COMPRESSE IN BLISTER OPA/AL/PVC-AL	BISOPROLOLO FUMARATO	BISOPROLOLO FUMARATO	1.25	milligrammi	Compressa rivestita con film	C07AB07	EG S.P.A.	Autorizzata	Procedura Mutuo riconoscimento o Decentrata	Medicinali soggetti a prescrizione medica
051496038	051496	BISOPROLOLO EG STADA ITALIA	1,25 MG COMPRESSE RIVESTITE CON FILM- 30 COMPRESSE IN BLISTER OPA/AL/PVC-AL	BISOPROLOLO FUMARATO	BISOPROLOLO FUMARATO	1.25	milligrammi	Compressa rivestita con film	C07AB07	EG S.P.A.	Autorizzata	Procedura Mutuo riconoscimento o Decentrata	Medicinali soggetti a prescrizione medica
051496040	051496	BISOPROLOLO EG STADA ITALIA	1,25 MG COMPRESSE RIVESTITE CON FILM- 100 COMPRESSE IN BLISTER OPA/AL/PVC-AL	BISOPROLOLO FUMARATO	BISOPROLOLO FUMARATO	1.25	milligrammi	Compressa rivestita con film	C07AB07	EG S.P.A.	Autorizzata	Procedura Mutuo riconoscimento o Decentrata	Medicinali soggetti a prescrizione medica
051496053	051496	BISOPROLOLO EG STADA ITALIA	2,5 MG COMPRESSE RIVESTITE CON FILM- 28 COMPRESSE IN BLISTER OPA/AL/PVC-AL	BISOPROLOLO FUMARATO	BISOPROLOLO FUMARATO	2.5	milligrammi	Compressa rivestita con film	C07AB07	EG S.P.A.	Autorizzata	Procedura Mutuo riconoscimento o Decentrata	Medicinali soggetti a prescrizione medica
051496065	051496	BISOPROLOLO EG STADA ITALIA	2,5 MG COMPRESSE RIVESTITE CON FILM- 30 COMPRESSE IN BLISTER OPA/AL/PVC-AL	BISOPROLOLO FUMARATO	BISOPROLOLO FUMARATO	2.5	milligrammi	Compressa rivestita con film	C07AB07	EG S.P.A.	Autorizzata	Procedura Mutuo riconoscimento o Decentrata	Medicinali soggetti a prescrizione medica
051496077	051496	BISOPROLOLO EG STADA ITALIA	2,5 MG COMPRESSE RIVESTITE CON FILM- 50 COMPRESSE IN BLISTER OPA/AL/PVC-AL	BISOPROLOLO FUMARATO	BISOPROLOLO FUMARATO	2.5	milligrammi	Compressa rivestita con film	C07AB07	EG S.P.A.	Autorizzata	Procedura Mutuo riconoscimento o Decentrata	Medicinali soggetti a prescrizione medica
051496089	051496	BISOPROLOLO EG STADA ITALIA	2,5 MG COMPRESSE RIVESTITE CON FILM- 100 COMPRESSE IN BLISTER OPA/AL/PVC-AL	BISOPROLOLO FUMARATO	BISOPROLOLO FUMARATO	2.5	milligrammi	Compressa rivestita con film	C07AB07	EG S.P.A.	Autorizzata	Procedura Mutuo riconoscimento o Decentrata	Medicinali soggetti a prescrizione medica
051496091	051496	BISOPROLOLO EG STADA ITALIA	3,75 MG COMPRESSE RIVESTITE CON FILM- 28 COMPRESSE IN BLISTER OPA/AL/PVC-AL	BISOPROLOLO FUMARATO	BISOPROLOLO FUMARATO	3.75	milligrammi	Compressa rivestita con film	C07AB07	EG S.P.A.	Autorizzata	Procedura Mutuo riconoscimento o Decentrata	Medicinali soggetti a prescrizione medica
051496103	051496	BISOPROLOLO EG STADA ITALIA	3,75 MG COMPRESSE RIVESTITE CON FILM- 30 COMPRESSE IN BLISTER OPA/AL/PVC-AL	BISOPROLOLO FUMARATO	BISOPROLOLO FUMARATO	3.75	milligrammi	Compressa rivestita con film	C07AB07	EG S.P.A.	Autorizzata	Procedura Mutuo riconoscimento o Decentrata	Medicinali soggetti a prescrizione medica
051496115	051496	BISOPROLOLO EG STADA ITALIA	3,75 MG COMPRESSE RIVESTITE CON FILM- 100 COMPRESSE IN BLISTER OPA/AL/PVC-AL	BISOPROLOLO FUMARATO	BISOPROLOLO FUMARATO	3.75	milligrammi	Compressa rivestita con film	C07AB07	EG S.P.A.	Autorizzata	Procedura Mutuo riconoscimento o Decentrata	Medicinali soggetti a prescrizione medica
051496127	051496	BISOPROLOLO EG STADA ITALIA	10 MG COMPRESSE RIVESTITE CON FILM- 28 COMPRESSE IN BLISTER OPA/AL/PVC-AL	BISOPROLOLO FUMARATO	BISOPROLOLO FUMARATO	10	milligrammi	Compressa rivestita con film	C07AB07	EG S.P.A.	Autorizzata	Procedura Mutuo riconoscimento o Decentrata	Medicinali soggetti a prescrizione medica
051496139	051496	BISOPROLOLO EG STADA ITALIA	5 MG COMPRESSE RIVESTITE CON FILM- 28 COMPRESSE IN BLISTER OPA/AL/PVC-AL	BISOPROLOLO FUMARATO	BISOPROLOLO FUMARATO	5	milligrammi	Compressa rivestita con film	C07AB07	EG S.P.A.	Autorizzata	Procedura Mutuo riconoscimento o Decentrata	Medicinali soggetti a prescrizione medica
051496141	051496	BISOPROLOLO EG STADA ITALIA	5 MG COMPRESSE RIVESTITE CON FILM- 30 COMPRESSE IN BLISTER OPA/AL/PVC-AL	BISOPROLOLO FUMARATO	BISOPROLOLO FUMARATO	5	milligrammi	Compressa rivestita con film	C07AB07	EG S.P.A.	Autorizzata	Procedura Mutuo riconoscimento o Decentrata	Medicinali soggetti a prescrizione medica
051496154	051496	BISOPROLOLO EG STADA ITALIA	5 MG COMPRESSE RIVESTITE CON FILM- 50 COMPRESSE IN BLISTER OPA/AL/PVC-AL	BISOPROLOLO FUMARATO	BISOPROLOLO FUMARATO	5	milligrammi	Compressa rivestita con film	C07AB07	EG S.P.A.	Autorizzata	Procedura Mutuo riconoscimento o Decentrata	Medicinali soggetti a prescrizione medica
051496166	051496	BISOPROLOLO EG STADA ITALIA	5 MG COMPRESSE RIVESTITE CON FILM- 100 COMPRESSE IN BLISTER OPA/AL/PVC-AL	BISOPROLOLO FUMARATO	BISOPROLOLO FUMARATO	5	milligrammi	Compressa rivestita con film	C07AB07	EG S.P.A.	Autorizzata	Procedura Mutuo riconoscimento o Decentrata	Medicinali soggetti a prescrizione medica
051496178	051496	BISOPROLOLO EG STADA ITALIA	7,5 MG COMPRESSE RIVESTITE CON FILM- 28 COMPRESSE IN BLISTER OPA/AL/PVC-AL	BISOPROLOLO FUMARATO	BISOPROLOLO FUMARATO	7.5	milligrammi	Compressa rivestita con film	C07AB07	EG S.P.A.	Autorizzata	Procedura Mutuo riconoscimento o Decentrata	Medicinali soggetti a prescrizione medica
051496180	051496	BISOPROLOLO EG STADA ITALIA	7,5 MG COMPRESSE RIVESTITE CON FILM- 30 COMPRESSE IN BLISTER OPA/AL/PVC-AL	BISOPROLOLO FUMARATO	BISOPROLOLO FUMARATO	7.5	milligrammi	Compressa rivestita con film	C07AB07	EG S.P.A.	Autorizzata	Procedura Mutuo riconoscimento o Decentrata	Medicinali soggetti a prescrizione medica
051496192	051496	BISOPROLOLO EG STADA ITALIA	7,5 MG COMPRESSE RIVESTITE CON FILM- 100 COMPRESSE IN BLISTER OPA/AL/PVC-AL	BISOPROLOLO FUMARATO	BISOPROLOLO FUMARATO	7.5	milligrammi	Compressa rivestita con film	C07AB07	EG S.P.A.	Autorizzata	Procedura Mutuo riconoscimento o Decentrata	Medicinali soggetti a prescrizione medica
051496204	051496	BISOPROLOLO EG STADA ITALIA	10 MG COMPRESSE RIVESTITE CON FILM- 30 COMPRESSE IN BLISTER OPA/AL/PVC-AL	BISOPROLOLO FUMARATO	BISOPROLOLO FUMARATO	10	milligrammi	Compressa rivestita con film	C07AB07	EG S.P.A.	Autorizzata	Procedura Mutuo riconoscimento o Decentrata	Medicinali soggetti a prescrizione medica
051496216	051496	BISOPROLOLO EG STADA ITALIA	10 MG COMPRESSE RIVESTITE CON FILM- 50 COMPRESSE IN BLISTER OPA/AL/PVC-AL	BISOPROLOLO FUMARATO	BISOPROLOLO FUMARATO	10	milligrammi	Compressa rivestita con film	C07AB07	EG S.P.A.	Autorizzata	Procedura Mutuo riconoscimento o Decentrata	Medicinali soggetti a prescrizione medica
051496228	051496	BISOPROLOLO EG STADA ITALIA	10 MG COMPRESSE RIVESTITE CON FILM- 100 COMPRESSE IN BLISTER OPA/AL/PVC-AL	BISOPROLOLO FUMARATO	BISOPROLOLO FUMARATO	10	milligrammi	Compressa rivestita con film	C07AB07	EG S.P.A.	Autorizzata	Procedura Mutuo riconoscimento o Decentrata	Medicinali soggetti a prescrizione medica
052865019	052865	BISOPROLOLO SANDOZ	10 MG COMPRESSE RIVESTITE CON FILM- 10 COMPRESSE IN FLACONE HDPE	BISOPROLOLO FUMARATO	BISOPROLOLO FUMARATO	10	milligrammi	Compressa rivestita con film	C07AB07	SANDOZ S.P.A.	Autorizzata	Procedura Mutuo riconoscimento o Decentrata	Medicinali soggetti a prescrizione medica
052865021	052865	BISOPROLOLO SANDOZ	10 MG COMPRESSE RIVESTITE CON FILM- 20 COMPRESSE IN FLACONE HDPE	BISOPROLOLO FUMARATO	BISOPROLOLO FUMARATO	10	milligrammi	Compressa rivestita con film	C07AB07	SANDOZ S.P.A.	Autorizzata	Procedura Mutuo riconoscimento o Decentrata	Medicinali soggetti a prescrizione medica
052865033	052865	BISOPROLOLO SANDOZ	10 MG COMPRESSE RIVESTITE CON FILM- 30 COMPRESSE IN FLACONE HDPE	BISOPROLOLO FUMARATO	BISOPROLOLO FUMARATO	10	milligrammi	Compressa rivestita con film	C07AB07	SANDOZ S.P.A.	Autorizzata	Procedura Mutuo riconoscimento o Decentrata	Medicinali soggetti a prescrizione medica
052865045	052865	BISOPROLOLO SANDOZ	10 MG COMPRESSE RIVESTITE CON FILM- 50 COMPRESSE IN FLACONE HDPE	BISOPROLOLO FUMARATO	BISOPROLOLO FUMARATO	10	milligrammi	Compressa rivestita con film	C07AB07	SANDOZ S.P.A.	Autorizzata	Procedura Mutuo riconoscimento o Decentrata	Medicinali soggetti a prescrizione medica
052865058	052865	BISOPROLOLO SANDOZ	10 MG COMPRESSE RIVESTITE CON FILM- 60 COMPRESSE IN FLACONE HDPE	BISOPROLOLO FUMARATO	BISOPROLOLO FUMARATO	10	milligrammi	Compressa rivestita con film	C07AB07	SANDOZ S.P.A.	Autorizzata	Procedura Mutuo riconoscimento o Decentrata	Medicinali soggetti a prescrizione medica
052865060	052865	BISOPROLOLO SANDOZ	10 MG COMPRESSE RIVESTITE CON FILM- 100 COMPRESSE IN FLACONE HDPE	BISOPROLOLO FUMARATO	BISOPROLOLO FUMARATO	10	milligrammi	Compressa rivestita con film	C07AB07	SANDOZ S.P.A.	Autorizzata	Procedura Mutuo riconoscimento o Decentrata	Medicinali soggetti a prescrizione medica
052865072	052865	BISOPROLOLO SANDOZ	10 MG COMPRESSE RIVESTITE CON FILM- 250 COMPRESSE IN FLACONE HDPE	BISOPROLOLO FUMARATO	BISOPROLOLO FUMARATO	10	milligrammi	Compressa rivestita con film	C07AB07	SANDOZ S.P.A.	Autorizzata	Procedura Mutuo riconoscimento o Decentrata	Medicinali soggetti a prescrizione medica da rinnovare volta per volta
052865084	052865	BISOPROLOLO SANDOZ	10 MG COMPRESSE RIVESTITE CON FILM- 500 COMPRESSE IN FLACONE HDPE	BISOPROLOLO FUMARATO	BISOPROLOLO FUMARATO	10	milligrammi	Compressa rivestita con film	C07AB07	SANDOZ S.P.A.	Autorizzata	Procedura Mutuo riconoscimento o Decentrata	Medicinali soggetti a prescrizione medica da rinnovare volta per volta
052865096	052865	BISOPROLOLO SANDOZ	1,25 MG COMPRESSE RIVESTITE CON FILM- 90 COMPRESSE IN BLISTER OPA-AL-PVC/AL	BISOPROLOLO FUMARATO	BISOPROLOLO FUMARATO	1.25	milligrammi	Compressa rivestita con film	C07AB07	SANDOZ S.P.A.	Autorizzata	Procedura Mutuo riconoscimento o Decentrata	Medicinali soggetti a prescrizione medica
052865108	052865	BISOPROLOLO SANDOZ	2.5 MG COMPRESSE RIVESTITE CON FILM- 90 COMPRESSE IN BLISTER OPA-AL-PVC/AL	BISOPROLOLO FUMARATO	BISOPROLOLO FUMARATO	2.5	milligrammi	Compressa rivestita con film	C07AB07	SANDOZ S.P.A.	Autorizzata	Procedura Mutuo riconoscimento o Decentrata	Medicinali soggetti a prescrizione medica
052865110	052865	BISOPROLOLO SANDOZ	3.75 MG COMPRESSE RIVESTITE CON FILM- 90 COMPRESSE IN BLISTER OPA-AL-PVC/AL	BISOPROLOLO FUMARATO	BISOPROLOLO FUMARATO	3.75	milligrammi	Compressa rivestita con film	C07AB07	SANDOZ S.P.A.	Autorizzata	Procedura Mutuo riconoscimento o Decentrata	Medicinali soggetti a prescrizione medica
052865122	052865	BISOPROLOLO SANDOZ	5 MG COMPRESSE RIVESTITE CON FILM- 90 COMPRESSE IN BLISTER OPA-AL-PVC/AL	BISOPROLOLO FUMARATO	BISOPROLOLO FUMARATO	5	milligrammi	Compressa rivestita con film	C07AB07	SANDOZ S.P.A.	Autorizzata	Procedura Mutuo riconoscimento o Decentrata	Medicinali soggetti a prescrizione medica
052865134	052865	BISOPROLOLO SANDOZ	7,5 MG COMPRESSE RIVESTITE CON FILM- 90 COMPRESSE IN BLISTER OPA-AL-PVC/AL	BISOPROLOLO FUMARATO	BISOPROLOLO FUMARATO	7.5	milligrammi	Compressa rivestita con film	C07AB07	SANDOZ S.P.A.	Autorizzata	Procedura Mutuo riconoscimento o Decentrata	Medicinali soggetti a prescrizione medica
052865146	052865	BISOPROLOLO SANDOZ	10 MG COMPRESSE RIVESTITE CON FILM- 90 COMPRESSE IN BLISTER OPA-AL-PVC/AL	BISOPROLOLO FUMARATO	BISOPROLOLO FUMARATO	10	milligrammi	Compressa rivestita con film	C07AB07	SANDOZ S.P.A.	Autorizzata	Procedura Mutuo riconoscimento o Decentrata	Medicinali soggetti a prescrizione medica
052865159	052865	BISOPROLOLO SANDOZ	1,25 MG COMPRESSE RIVESTITE CON FILM- 56 COMPRESSE IN BLISTER OPA-AL-PVC/AL	BISOPROLOLO FUMARATO	BISOPROLOLO FUMARATO	1.25	milligrammi	Compressa rivestita con film	C07AB07	SANDOZ S.P.A.	Autorizzata	Procedura Mutuo riconoscimento o Decentrata	Medicinali soggetti a prescrizione medica
052865161	052865	BISOPROLOLO SANDOZ	2.5 MG COMPRESSE RIVESTITE CON FILM- 56 COMPRESSE IN BLISTER OPA-AL-PVC/AL	BISOPROLOLO FUMARATO	BISOPROLOLO FUMARATO	2.5	milligrammi	Compressa rivestita con film	C07AB07	SANDOZ S.P.A.	Autorizzata	Procedura Mutuo riconoscimento o Decentrata	Medicinali soggetti a prescrizione medica
052865173	052865	BISOPROLOLO SANDOZ	3.75 MG COMPRESSE RIVESTITE CON FILM- 56 COMPRESSE IN BLISTER OPA-AL-PVC/AL	BISOPROLOLO FUMARATO	BISOPROLOLO FUMARATO	3.75	milligrammi	Compressa rivestita con film	C07AB07	SANDOZ S.P.A.	Autorizzata	Procedura Mutuo riconoscimento o Decentrata	Medicinali soggetti a prescrizione medica
052865185	052865	BISOPROLOLO SANDOZ	5 MG COMPRESSE RIVESTITE CON FILM- 56 COMPRESSE IN BLISTER OPA-AL-PVC/AL	BISOPROLOLO FUMARATO	BISOPROLOLO FUMARATO	5	milligrammi	Compressa rivestita con film	C07AB07	SANDOZ S.P.A.	Autorizzata	Procedura Mutuo riconoscimento o Decentrata	Medicinali soggetti a prescrizione medica
052865197	052865	BISOPROLOLO SANDOZ	7,5 MG COMPRESSE RIVESTITE CON FILM- 56 COMPRESSE IN BLISTER OPA-AL-PVC/AL	BISOPROLOLO FUMARATO	BISOPROLOLO FUMARATO	7.5	milligrammi	Compressa rivestita con film	C07AB07	SANDOZ S.P.A.	Autorizzata	Procedura Mutuo riconoscimento o Decentrata	Medicinali soggetti a prescrizione medica
052865209	052865	BISOPROLOLO SANDOZ	10 MG COMPRESSE RIVESTITE CON FILM- 56 COMPRESSE IN BLISTER OPA-AL-PVC/AL	BISOPROLOLO FUMARATO	BISOPROLOLO FUMARATO	10	milligrammi	Compressa rivestita con film	C07AB07	SANDOZ S.P.A.	Autorizzata	Procedura Mutuo riconoscimento o Decentrata	Medicinali soggetti a prescrizione medica
052865211	052865	BISOPROLOLO SANDOZ	1,25 MG COMPRESSE RIVESTITE CON FILM- 98 COMPRESSE IN BLISTER OPA-AL-PVC/AL	BISOPROLOLO FUMARATO	BISOPROLOLO FUMARATO	1.25	milligrammi	Compressa rivestita con film	C07AB07	SANDOZ S.P.A.	Autorizzata	Procedura Mutuo riconoscimento o Decentrata	Medicinali soggetti a prescrizione medica
052865223	052865	BISOPROLOLO SANDOZ	2,5 MG COMPRESSE RIVESTITE CON FILM- 98 COMPRESSE IN BLISTER OPA-AL-PVC/AL	BISOPROLOLO FUMARATO	BISOPROLOLO FUMARATO	2.5	milligrammi	Compressa rivestita con film	C07AB07	SANDOZ S.P.A.	Autorizzata	Procedura Mutuo riconoscimento o Decentrata	Medicinali soggetti a prescrizione medica
052865235	052865	BISOPROLOLO SANDOZ	3,75 MG COMPRESSE RIVESTITE CON FILM- 98 COMPRESSE IN BLISTER OPA-AL-PVC/AL	BISOPROLOLO FUMARATO	BISOPROLOLO FUMARATO	3.75	milligrammi	Compressa rivestita con film	C07AB07	SANDOZ S.P.A.	Autorizzata	Procedura Mutuo riconoscimento o Decentrata	Medicinali soggetti a prescrizione medica
052865247	052865	BISOPROLOLO SANDOZ	5 MG COMPRESSE RIVESTITE CON FILM- 98 COMPRESSE IN BLISTER OPA-AL-PVC/AL	BISOPROLOLO FUMARATO	BISOPROLOLO FUMARATO	5	milligrammi	Compressa rivestita con film	C07AB07	SANDOZ S.P.A.	Autorizzata	Procedura Mutuo riconoscimento o Decentrata	Medicinali soggetti a prescrizione medica
052865250	052865	BISOPROLOLO SANDOZ	7,5 MG COMPRESSE RIVESTITE CON FILM- 98 COMPRESSE IN BLISTER OPA-AL-PVC/AL	BISOPROLOLO FUMARATO	BISOPROLOLO FUMARATO	7.5	milligrammi	Compressa rivestita con film	C07AB07	SANDOZ S.P.A.	Autorizzata	Procedura Mutuo riconoscimento o Decentrata	Medicinali soggetti a prescrizione medica
052865262	052865	BISOPROLOLO SANDOZ	10 MG COMPRESSE RIVESTITE CON FILM- 98 COMPRESSE IN BLISTER OPA-AL-PVC/AL	BISOPROLOLO FUMARATO	BISOPROLOLO FUMARATO	10	milligrammi	Compressa rivestita con film	C07AB07	SANDOZ S.P.A.	Autorizzata	Procedura Mutuo riconoscimento o Decentrata	Medicinali soggetti a prescrizione medica
052865274	052865	BISOPROLOLO SANDOZ	5 MG COMPRESSE RIVESTITE CON FILM- 500 COMPRESSE IN BLISTER OPA-AL-PVC/AL	BISOPROLOLO FUMARATO	BISOPROLOLO FUMARATO	5	milligrammi	Compressa rivestita con film	C07AB07	SANDOZ S.P.A.	Autorizzata	Procedura Mutuo riconoscimento o Decentrata	Medicinali soggetti a prescrizione medica da rinnovare volta per volta
052865286	052865	BISOPROLOLO SANDOZ	10 MG COMPRESSE RIVESTITE CON FILM- 500 COMPRESSE IN BLISTER OPA-AL-PVC/AL	BISOPROLOLO FUMARATO	BISOPROLOLO FUMARATO	10	milligrammi	Compressa rivestita con film	C07AB07	SANDOZ S.P.A.	Autorizzata	Procedura Mutuo riconoscimento o Decentrata	Medicinali soggetti a prescrizione medica da rinnovare volta per volta
