codice_aic	cod_farmaco	denominazione	descrizione	pa_associati	principio_attivo	quantita	unita_misura	forma	codice_atc	ragione_sociale	stato_amministrativo	tipo_procedura	fornitura
026544027	026544	METOTRESSATO TEVA	25 MG/ML SOLUZIONE INIETTABILE-1 FLACONCINO 2 ML	METOTREXATO	METOTREXATO			Soluzione iniettabile	L01BA01	TEVA ITALIA S.R.L.	Autorizzata	Procedura Nazionale	Medicinali soggetti a prescrizione medica limitativa, utilizzabili esclusivamente in ambiente ospedaliero o in una struttura ad esso assimilabile
026544039	026544	METOTRESSATO TEVA	25 MG/ML SOLUZIONE INIETTABILE-1  FLACONCINO 20 ML	METOTREXATO	METOTREXATO	500	milligrammi	Soluzione iniettabile	L01BA01	TEVA ITALIA S.R.L.	Autorizzata	Procedura Nazionale	Medicinali soggetti a prescrizione medica limitativa, utilizzabili esclusivamente in ambiente ospedaliero o in una struttura ad esso assimilabile
026544041	026544	METOTRESSATO TEVA	100 MG/ML SOLUZIONE INIETTABILE- 1   FLACONCINO DA 10 ML	METOTREXATO	METOTREXATO			Soluzione iniettabile	L01BA01	TEVA ITALIA S.R.L.	Autorizzata	Procedura Nazionale	Medicinali soggetti a prescrizione medica limitativa, utilizzabili esclusivamente in ambiente ospedaliero o in una struttura ad esso assimilabile
026544054	026544	METOTRESSATO TEVA	100 MG/ML SOLUZIONE INIETTABILE- 1   FLACONCINO DA 50 ML	METOTREXATO	METOTREXATO	5	grammi	Soluzione iniettabile	L01BA01	TEVA ITALIA S.R.L.	Autorizzata	Procedura Nazionale	Medicinali soggetti a prescrizione medica limitativa, utilizzabili esclusivamente in ambiente ospedaliero o in una struttura ad esso assimilabile
039153010	039153	REUMAFLEX	50 MG/ML SOLUZIONE INIETTABILE, SIRINGHE PRERIEMPITE- 1 SIRINGA DA 0.15 ML CON AGO SOTTOCUTANEO FISSO	METOTREXATO	METOTREXATO			Soluzione iniettabile in siringa pre-riempita	L04AX03	ALFASIGMA S.P.A.	Autorizzata	Procedura Mutuo riconoscimento o Decentrata	Medicinali soggetti a prescrizione medica da rinnovare volta per volta
039153022	039153	REUMAFLEX	50 MG/ML SOLUZIONE INIETTABILE, SIRINGHE PRERIEMPITE- 4 SIRINGHE DA 0.15 ML CON AGO SOTTOCUTANEO FISSO	METOTREXATO	METOTREXATO			Soluzione iniettabile in siringa pre-riempita	L04AX03	ALFASIGMA S.P.A.	Autorizzata	Procedura Mutuo riconoscimento o Decentrata	Medicinali soggetti a prescrizione medica da rinnovare volta per volta
039153034	039153	REUMAFLEX	50 MG/ML SOLUZIONE INIETTABILE, SIRINGHE PRERIEMPITE- 6 SIRINGHE DA 0.15 ML CON AGO SOTTOCUTANEO FISSO	METOTREXATO	METOTREXATO			Soluzione iniettabile in siringa pre-riempita	L04AX03	ALFASIGMA S.P.A.	Autorizzata	Procedura Mutuo riconoscimento o Decentrata	Medicinali soggetti a prescrizione medica da rinnovare volta per volta
039153046	039153	REUMAFLEX	50 MG/ML SOLUZIONE INIETTABILE, SIRINGHE PRERIEMPITE- 12 SIRINGHE DA 0.15 ML CON AGO SOTTOCUTANEO FISSO	METOTREXATO	METOTREXATO			Soluzione iniettabile in siringa pre-riempita	L04AX03	ALFASIGMA S.P.A.	Autorizzata	Procedura Mutuo riconoscimento o Decentrata	Medicinali soggetti a prescrizione medica da rinnovare volta per volta
039153059	039153	REUMAFLEX	50 MG/ML SOLUZIONE INIETTABILE, SIRINGHE PRERIEMPITE- 24 SIRINGHE DA 0.15 ML CON AGO SOTTOCUTANEO FISSO	METOTREXATO	METOTREXATO			Soluzione iniettabile in siringa pre-riempita	L04AX03	ALFASIGMA S.P.A.	Autorizzata	Procedura Mutuo riconoscimento o Decentrata	Medicinali soggetti a prescrizione medica da rinnovare volta per volta
039153111	039153	REUMAFLEX	50 MG/ML SOLUZIONE INIETTABILE, SIRINGHE PRERIEMPITE- 1 SIRINGA DA 0.20 ML CON AGO SOTTOCUTANEO FISSO	METOTREXATO	METOTREXATO			Soluzione iniettabile in siringa pre-riempita	L04AX03	ALFASIGMA S.P.A.	Autorizzata	Procedura Mutuo riconoscimento o Decentrata	Medicinali soggetti a prescrizione medica da rinnovare volta per volta
039153123	039153	REUMAFLEX	50 MG/ML SOLUZIONE INIETTABILE, SIRINGHE PRERIEMPITE- 4 SIRINGHE DA 0.20 ML CON AGO SOTTOCUTANEO FISSO	METOTREXATO	METOTREXATO			Soluzione iniettabile in siringa pre-riempita	L04AX03	ALFASIGMA S.P.A.	Autorizzata	Procedura Mutuo riconoscimento o Decentrata	Medicinali soggetti a prescrizione medica da rinnovare volta per volta
039153135	039153	REUMAFLEX	50 MG/ML SOLUZIONE INIETTABILE, SIRINGHE PRERIEMPITE- 6 SIRINGHE DA 0.20 ML CON AGO SOTTOCUTANEO FISSO	METOTREXATO	METOTREXATO			Soluzione iniettabile in siringa pre-riempita	L04AX03	ALFASIGMA S.P.A.	Autorizzata	Procedura Mutuo riconoscimento o Decentrata	Medicinali soggetti a prescrizione medica da rinnovare volta per volta
039153147	039153	REUMAFLEX	50 MG/ML SOLUZIONE INIETTABILE, SIRINGHE PRERIEMPITE- 12 SIRINGHE DA 0.20 ML CON AGO SOTTOCUTANEO FISSO	METOTREXATO	METOTREXATO			Soluzione iniettabile in siringa pre-riempita	L04AX03	ALFASIGMA S.P.A.	Autorizzata	Procedura Mutuo riconoscimento o Decentrata	Medicinali soggetti a prescrizione medica da rinnovare volta per volta
039153150	039153	REUMAFLEX	50 MG/ML SOLUZIONE INIETTABILE, SIRINGHE PRERIEMPITE- 24 SIRINGHE DA 0.20 ML CON AGO SOTTOCUTANEO FISSO	METOTREXATO	METOTREXATO			Soluzione iniettabile in siringa pre-riempita	L04AX03	ALFASIGMA S.P.A.	Autorizzata	Procedura Mutuo riconoscimento o Decentrata	Medicinali soggetti a prescrizione medica da rinnovare volta per volta
039153212	039153	REUMAFLEX	50 MG/ML SOLUZIONE INIETTABILE, SIRINGHE PRERIEMPITE- 1 SIRINGA DA 0.30 ML CON AGO SOTTOCUTANEO FISSO	METOTREXATO	METOTREXATO			Soluzione iniettabile in siringa pre-riempita	L04AX03	ALFASIGMA S.P.A.	Autorizzata	Procedura Mutuo riconoscimento o Decentrata	Medicinali soggetti a prescrizione medica da rinnovare volta per volta
039153224	039153	REUMAFLEX	50 MG/ML SOLUZIONE INIETTABILE, SIRINGHE PRERIEMPITE- 4 SIRINGHE DA 0.30 ML CON AGO SOTTOCUTANEO FISSO	METOTREXATO	METOTREXATO			Soluzione iniettabile in siringa pre-riempita	L04AX03	ALFASIGMA S.P.A.	Autorizzata	Procedura Mutuo riconoscimento o Decentrata	Medicinali soggetti a prescrizione medica da rinnovare volta per volta
039153236	039153	REUMAFLEX	50 MG/ML SOLUZIONE INIETTABILE, SIRINGHE PRERIEMPITE- 6 SIRINGHE DA 0.30 ML CON AGO SOTTOCUTANEO FISSO	METOTREXATO	METOTREXATO			Soluzione iniettabile in siringa pre-riempita	L04AX03	ALFASIGMA S.P.A.	Autorizzata	Procedura Mutuo riconoscimento o Decentrata	Medicinali soggetti a prescrizione medica da rinnovare volta per volta
039153248	039153	REUMAFLEX	50 MG/ML SOLUZIONE INIETTABILE, SIRINGHE PRERIEMPITE- 12 SIRINGHE DA 0.30 ML CON AGO SOTTOCUTANEO FISSO	METOTREXATO	METOTREXATO			Soluzione iniettabile in siringa pre-riempita	L04AX03	ALFASIGMA S.P.A.	Autorizzata	Procedura Mutuo riconoscimento o Decentrata	Medicinali soggetti a prescrizione medica da rinnovare volta per volta
039153251	039153	REUMAFLEX	50 MG/ML SOLUZIONE INIETTABILE, SIRINGHE PRERIEMPITE- 24 SIRINGHE DA 0.30 ML CON AGO SOTTOCUTANEO FISSO	METOTREXATO	METOTREXATO			Soluzione iniettabile in siringa pre-riempita	L04AX03	ALFASIGMA S.P.A.	Autorizzata	Procedura Mutuo riconoscimento o Decentrata	Medicinali soggetti a prescrizione medica da rinnovare volta per volta
039153313	039153	REUMAFLEX	50 MG/ML SOLUZIONE INIETTABILE, SIRINGHE PRERIEMPITE- 1 SIRINGA DA 0.40 ML CON AGO SOTTOCUTANEO FISSO	METOTREXATO	METOTREXATO			Soluzione iniettabile in siringa pre-riempita	L04AX03	ALFASIGMA S.P.A.	Autorizzata	Procedura Mutuo riconoscimento o Decentrata	Medicinali soggetti a prescrizione medica da rinnovare volta per volta
039153325	039153	REUMAFLEX	50 MG/ML SOLUZIONE INIETTABILE, SIRINGHE PRERIEMPITE- 4 SIRINGHE DA 0.40 ML CON AGO SOTTOCUTANEO FISSO	METOTREXATO	METOTREXATO			Soluzione iniettabile in siringa pre-riempita	L04AX03	ALFASIGMA S.P.A.	Autorizzata	Procedura Mutuo riconoscimento o Decentrata	Medicinali soggetti a prescrizione medica da rinnovare volta per volta
039153337	039153	REUMAFLEX	50 MG/ML SOLUZIONE INIETTABILE, SIRINGHE PRERIEMPITE- 6 SIRINGHE DA 0.40 ML CON AGO SOTTOCUTANEO FISSO	METOTREXATO	METOTREXATO			Soluzione iniettabile in siringa pre-riempita	L04AX03	ALFASIGMA S.P.A.	Autorizzata	Procedura Mutuo riconoscimento o Decentrata	Medicinali soggetti a prescrizione medica da rinnovare volta per volta
039153349	039153	REUMAFLEX	50 MG/ML SOLUZIONE INIETTABILE, SIRINGHE PRERIEMPITE- 12 SIRINGHE DA 0.40 ML CON AGO SOTTOCUTANEO FISSO	METOTREXATO	METOTREXATO			Soluzione iniettabile in siringa pre-riempita	L04AX03	ALFASIGMA S.P.A.	Autorizzata	Procedura Mutuo riconoscimento o Decentrata	Medicinali soggetti a prescrizione medica da rinnovare volta per volta
039153352	039153	REUMAFLEX	50 MG/ML SOLUZIONE INIETTABILE, SIRINGHE PRERIEMPITE- 24 SIRINGHE DA 0.40 ML CON AGO SOTTOCUTANEO FISSO	METOTREXATO	METOTREXATO			Soluzione iniettabile in siringa pre-riempita	L04AX03	ALFASIGMA S.P.A.	Autorizzata	Procedura Mutuo riconoscimento o Decentrata	Medicinali soggetti a prescrizione medica da rinnovare volta per volta
039153414	039153	REUMAFLEX	50 MG/ML SOLUZIONE INIETTABILE, SIRINGHE PRERIEMPITE- 1 SIRINGA DA 0.50 ML CON AGO SOTTOCUTANEO FISSO	METOTREXATO	METOTREXATO			Soluzione iniettabile in siringa pre-riempita	L04AX03	ALFASIGMA S.P.A.	Autorizzata	Procedura Mutuo riconoscimento o Decentrata	Medicinali soggetti a prescrizione medica da rinnovare volta per volta
039153426	039153	REUMAFLEX	50 MG/ML SOLUZIONE INIETTABILE, SIRINGHE PRERIEMPITE- 4 SIRINGHE DA 0.50 ML CON AGO SOTTOCUTANEO FISSO	METOTREXATO	METOTREXATO			Soluzione iniettabile in siringa pre-riempita	L04AX03	ALFASIGMA S.P.A.	Autorizzata	Procedura Mutuo riconoscimento o Decentrata	Medicinali soggetti a prescrizione medica da rinnovare volta per volta
039153438	039153	REUMAFLEX	50 MG/ML SOLUZIONE INIETTABILE, SIRINGHE PRERIEMPITE- 6 SIRINGHE DA 0.50 ML CON AGO SOTTOCUTANEO FISSO	METOTREXATO	METOTREXATO			Soluzione iniettabile in siringa pre-riempita	L04AX03	ALFASIGMA S.P.A.	Autorizzata	Procedura Mutuo riconoscimento o Decentrata	Medicinali soggetti a prescrizione medica da rinnovare volta per volta
039153440	039153	REUMAFLEX	50 MG/ML SOLUZIONE INIETTABILE, SIRINGHE PRERIEMPITE- 12 SIRINGHE DA 0.50 ML CON AGO SOTTOCUTANEO FISSO	METOTREXATO	METOTREXATO			Soluzione iniettabile in siringa pre-riempita	L04AX03	ALFASIGMA S.P.A.	Autorizzata	Procedura Mutuo riconoscimento o Decentrata	Medicinali soggetti a prescrizione medica da rinnovare volta per volta
039153453	039153	REUMAFLEX	50 MG/ML SOLUZIONE INIETTABILE, SIRINGHE PRERIEMPITE- 24 SIRINGHE DA 0.50 ML CON AGO SOTTOCUTANEO FISSO	METOTREXATO	METOTREXATO			Soluzione iniettabile in siringa pre-riempita	L04AX03	ALFASIGMA S.P.A.	Autorizzata	Procedura Mutuo riconoscimento o Decentrata	Medicinali soggetti a prescrizione medica da rinnovare volta per volta
039153628	039153	REUMAFLEX	50 MG/ML SOLUZIONE INIETTABILE- 4 SIRINGHE PRERIEMPITE CON AGO DA 0.25 ML/12.5 MG	METOTREXATO	METOTREXATO			Soluzione iniettabile in siringa pre-riempita	L04AX03	ALFASIGMA S.P.A.	Autorizzata	Procedura Mutuo riconoscimento o Decentrata	Medicinali soggetti a prescrizione medica da rinnovare volta per volta
039153679	039153	REUMAFLEX	50 MG/ML SOLUZIONE INIETTABILE- 4 SIRINGHE PRERIEMPITE CON AGO DA 0.35 ML/17.5 MG	METOTREXATO	METOTREXATO			Soluzione iniettabile in siringa pre-riempita	L04AX03	ALFASIGMA S.P.A.	Autorizzata	Procedura Mutuo riconoscimento o Decentrata	Medicinali soggetti a prescrizione medica da rinnovare volta per volta
039153729	039153	REUMAFLEX	50 MG/ML SOLUZIONE INIETTABILE- 4 SIRINGHE PRERIEMPITE CON AGO DA 0.45 ML/22.5 MG	METOTREXATO	METOTREXATO			Soluzione iniettabile in siringa pre-riempita	L04AX03	ALFASIGMA S.P.A.	Autorizzata	Procedura Mutuo riconoscimento o Decentrata	Medicinali soggetti a prescrizione medica da rinnovare volta per volta
044149019	044149	IMMUTREX	2,5 MG SOLUZIONE INIETTABILE IN SIRINGA PRERIEMPITA- 1 SIRINGA PRERIEMPITA DA 2,5MG/0,33 ML CON TAMPONE IMBEVUTO CON ALCOL	METOTREXATO	METOTREXATO	2.5	milligrammi	Soluzione iniettabile	L04AX03	LANOVA FARMACEUTICI S.R.L.	Autorizzata	Procedura Mutuo riconoscimento o Decentrata	Medicinali soggetti a prescrizione medica da rinnovare volta per volta
044149021	044149	IMMUTREX	2,5 MG SOLUZIONE INIETTABILE IN SIRINGA PRERIEMPITA- 4 SIRINGHE PRERIEMPITE DA 2,5MG/0,33 ML CON TAMPONE IMBEVUTO CON ALCOL	METOTREXATO	METOTREXATO	2.5	milligrammi	Soluzione iniettabile	L04AX03	LANOVA FARMACEUTICI S.R.L.	Autorizzata	Procedura Mutuo riconoscimento o Decentrata	Medicinali soggetti a prescrizione medica da rinnovare volta per volta
044149033	044149	IMMUTREX	7,5 MG SOLUZIONE INIETTABILE IN SIRINGA PRERIEMPITA- 1 SIRINGA PRERIEMPITA DA 7,5MG/0,30 ML CON TAMPONE IMBEVUTO CON ALCOL	METOTREXATO	METOTREXATO	7.5	milligrammi	Soluzione iniettabile	L04AX03	LANOVA FARMACEUTICI S.R.L.	Autorizzata	Procedura Mutuo riconoscimento o Decentrata	Medicinali soggetti a prescrizione medica da rinnovare volta per volta
044149045	044149	IMMUTREX	7,5 MG SOLUZIONE INIETTABILE IN SIRINGA PRERIEMPITA- 4 SIRINGHE PRERIEMPITE DA 7,5MG/0,30 ML  CON TAMPONE IMBEVUTO CON ALCOL	METOTREXATO	METOTREXATO	7.5	milligrammi	Soluzione iniettabile	L04AX03	LANOVA FARMACEUTICI S.R.L.	Autorizzata	Procedura Mutuo riconoscimento o Decentrata	Medicinali soggetti a prescrizione medica da rinnovare volta per volta
044149058	044149	IMMUTREX	10 MG SOLUZIONE INIETTABILE IN SIRINGA PRERIEMPITA- 4 SIRINGHE PRERIEMPITE DA 10MG/0,40 ML CON TAMPONE IMBEVUTO CON ALCOL	METOTREXATO	METOTREXATO	10	milligrammi	Soluzione iniettabile	L04AX03	LANOVA FARMACEUTICI S.R.L.	Autorizzata	Procedura Mutuo riconoscimento o Decentrata	Medicinali soggetti a prescrizione medica da rinnovare volta per volta
044149060	044149	IMMUTREX	10 MG SOLUZIONE INIETTABILE IN SIRINGA PRERIEMPITA- 1 SIRINGA PRERIEMPITAE DA 10MG/0,40 ML  CON TAMPONE IMBEVUTO CON ALCOL	METOTREXATO	METOTREXATO	10	milligrammi	Soluzione iniettabile	L04AX03	LANOVA FARMACEUTICI S.R.L.	Autorizzata	Procedura Mutuo riconoscimento o Decentrata	Medicinali soggetti a prescrizione medica da rinnovare volta per volta
044149072	044149	IMMUTREX	12,5 MG SOLUZIONE INIETTABILE IN SIRINGA PRERIEMPITA- 1 SIRINGA PRERIEMPITAE DA 12,5MG/0,31 ML CON TAMPONE IMBEVUTO CON ALCOL	METOTREXATO	METOTREXATO	12.5	milligrammi	Soluzione iniettabile	L04AX03	LANOVA FARMACEUTICI S.R.L.	Autorizzata	Procedura Mutuo riconoscimento o Decentrata	Medicinali soggetti a prescrizione medica da rinnovare volta per volta
044149084	044149	IMMUTREX	12,5 MG SOLUZIONE INIETTABILE IN SIRINGA PRERIEMPITA- 4 SIRINGHE PRERIEMPITE DA 12,5MG/0,31 ML CON TAMPONE IMBEVUTO CON ALCOL	METOTREXATO	METOTREXATO	12.5	milligrammi	Soluzione iniettabile	L04AX03	LANOVA FARMACEUTICI S.R.L.	Autorizzata	Procedura Mutuo riconoscimento o Decentrata	Medicinali soggetti a prescrizione medica da rinnovare volta per volta
044149096	044149	IMMUTREX	15 MG SOLUZIONE INIETTABILE IN SIRINGA PRERIEMPITA- 4 SIRINGHE PRERIEMPITE DA 15MG/0,38 ML CON TAMPONE IMBEVUTO CON ALCOL	METOTREXATO	METOTREXATO	15	milligrammi	Soluzione iniettabile	L04AX03	LANOVA FARMACEUTICI S.R.L.	Autorizzata	Procedura Mutuo riconoscimento o Decentrata	Medicinali soggetti a prescrizione medica da rinnovare volta per volta
044149108	044149	IMMUTREX	15 MG SOLUZIONE INIETTABILE IN SIRINGA PRERIEMPITA- 1 SIRINGA PRERIEMPITA DA 15MG/0,38 ML CON TAMPONE IMBEVUTO CON ALCOL	METOTREXATO	METOTREXATO	15	milligrammi	Soluzione iniettabile	L04AX03	LANOVA FARMACEUTICI S.R.L.	Autorizzata	Procedura Mutuo riconoscimento o Decentrata	Medicinali soggetti a prescrizione medica da rinnovare volta per volta
044149110	044149	IMMUTREX	17,5 MG SOLUZIONE INIETTABILE IN SIRINGA PRERIEMPITA- 1 SIRINGA PRERIEMPITA DA 17,5MG/0,44 ML CON TAMPONE IMBEVUTO CON ALCOL	METOTREXATO	METOTREXATO	17.5	milligrammi	Soluzione iniettabile	L04AX03	LANOVA FARMACEUTICI S.R.L.	Autorizzata	Procedura Mutuo riconoscimento o Decentrata	Medicinali soggetti a prescrizione medica da rinnovare volta per volta
044149122	044149	IMMUTREX	17,5 MG SOLUZIONE INIETTABILE IN SIRINGA PRERIEMPITA- 4 SIRINGHE PRERIEMPITE DA 17,5MG/0,44 ML CON TAMPONE IMBEVUTO CON ALCOL	METOTREXATO	METOTREXATO	17.5	milligrammi	Soluzione iniettabile	L04AX03	LANOVA FARMACEUTICI S.R.L.	Autorizzata	Procedura Mutuo riconoscimento o Decentrata	Medicinali soggetti a prescrizione medica da rinnovare volta per volta
044149134	044149	IMMUTREX	20 MG SOLUZIONE INIETTABILE IN SIRINGA PRERIEMPITA- 4 SIRINGHE PRERIEMPITE DA 20MG/0,50 ML CON TAMPONE IMBEVUTO CON ALCOL	METOTREXATO	METOTREXATO	20	milligrammi	Soluzione iniettabile	L04AX03	LANOVA FARMACEUTICI S.R.L.	Autorizzata	Procedura Mutuo riconoscimento o Decentrata	Medicinali soggetti a prescrizione medica da rinnovare volta per volta
044149146	044149	IMMUTREX	20 MG SOLUZIONE INIETTABILE IN SIRINGA PRERIEMPITA- 1 SIRINGA PRERIEMPITA  DA 20MG/0,50 ML CON TAMPONE IMBEVUTO CON ALCOL	METOTREXATO	METOTREXATO	20	milligrammi	Soluzione iniettabile	L04AX03	LANOVA FARMACEUTICI S.R.L.	Autorizzata	Procedura Mutuo riconoscimento o Decentrata	Medicinali soggetti a prescrizione medica da rinnovare volta per volta
044149159	044149	IMMUTREX	22,5 MG SOLUZIONE INIETTABILE IN SIRINGA PRERIEMPITA- 1 SIRINGA PRERIEMPITA  DA 22,5MG/0,56 ML CON TAMPONE IMBEVUTO CON ALCOL	METOTREXATO	METOTREXATO	22.5	milligrammi	Soluzione iniettabile	L04AX03	LANOVA FARMACEUTICI S.R.L.	Autorizzata	Procedura Mutuo riconoscimento o Decentrata	Medicinali soggetti a prescrizione medica da rinnovare volta per volta
044149161	044149	IMMUTREX	22,5 MG SOLUZIONE INIETTABILE IN SIRINGA PRERIEMPITA- 4 SIRINGHE PRERIEMPITE DA 22,5MG/0,56 ML CON TAMPONE IMBEVUTO CON ALCOL	METOTREXATO	METOTREXATO	22.5	milligrammi	Soluzione iniettabile	L04AX03	LANOVA FARMACEUTICI S.R.L.	Autorizzata	Procedura Mutuo riconoscimento o Decentrata	Medicinali soggetti a prescrizione medica da rinnovare volta per volta
044149173	044149	IMMUTREX	25 MG SOLUZIONE INIETTABILE IN SIRINGA PRERIEMPITA- 4 SIRINGHE PRERIEMPITE DA 25MG/0,63 ML CON TAMPONE IMBEVUTO CON ALCOL	METOTREXATO	METOTREXATO	25	milligrammi	Soluzione iniettabile	L04AX03	LANOVA FARMACEUTICI S.R.L.	Autorizzata	Procedura Mutuo riconoscimento o Decentrata	Medicinali soggetti a prescrizione medica da rinnovare volta per volta
044149185	044149	IMMUTREX	25 MG SOLUZIONE INIETTABILE IN SIRINGA PRERIEMPITA- 1 SIRINGA PRERIEMPITA DA 25MG/0,63 ML CON TAMPONE IMBEVUTO CON ALCOL	METOTREXATO	METOTREXATO	25	milligrammi	Soluzione iniettabile	L04AX03	LANOVA FARMACEUTICI S.R.L.	Autorizzata	Procedura Mutuo riconoscimento o Decentrata	Medicinali soggetti a prescrizione medica da rinnovare volta per volta
044149197	044149	IMMUTREX	27,5 MG SOLUZIONE INIETTABILE IN SIRINGA PRERIEMPITA- 1 SIRINGA PRERIEMPITA DA 27,5MG/0,69 ML CON TAMPONE IMBEVUTO CON ALCOL	METOTREXATO	METOTREXATO	27.5	milligrammi	Soluzione iniettabile	L04AX03	LANOVA FARMACEUTICI S.R.L.	Autorizzata	Procedura Mutuo riconoscimento o Decentrata	Medicinali soggetti a prescrizione medica da rinnovare volta per volta
044149209	044149	IMMUTREX	27,5 MG SOLUZIONE INIETTABILE IN SIRINGA PRERIEMPITA- 4 SIRINGHE PRERIEMPITE DA 27,5MG/0,69 ML CON TAMPONE IMBEVUTO CON ALCOL	METOTREXATO	METOTREXATO	27.5	milligrammi	Soluzione iniettabile	L04AX03	LANOVA FARMACEUTICI S.R.L.	Autorizzata	Procedura Mutuo riconoscimento o Decentrata	Medicinali soggetti a prescrizione medica da rinnovare volta per volta
044149211	044149	IMMUTREX	30 MG SOLUZIONE INIETTABILE IN SIRINGA PRERIEMPITA- 4 SIRINGHE PRERIEMPITE DA 30MG/0,75ML CON TAMPONE IMBEVUTO CON ALCOL	METOTREXATO	METOTREXATO	30	milligrammi	Soluzione iniettabile	L04AX03	LANOVA FARMACEUTICI S.R.L.	Autorizzata	Procedura Mutuo riconoscimento o Decentrata	Medicinali soggetti a prescrizione medica da rinnovare volta per volta
044149223	044149	IMMUTREX	30 MG SOLUZIONE INIETTABILE IN SIRINGA PRERIEMPITA- 1 SIRINGA PRERIEMPITA DA 30MG/0,75ML CON TAMPONE IMBEVUTO CON ALCOL	METOTREXATO	METOTREXATO	30	milligrammi	Soluzione iniettabile	L04AX03	LANOVA FARMACEUTICI S.R.L.	Autorizzata	Procedura Mutuo riconoscimento o Decentrata	Medicinali soggetti a prescrizione medica da rinnovare volta per volta
044149235	044149	IMMUTREX	2,5 MG SOLUZIONE INIETTABILE IN SIRINGA PRERIEMPITA- 12 SIRINGHE PRERIEMPITE DA 2,5MG/0,33 ML CON TAMPONE IMBEVUTO CON ALCOL	METOTREXATO	METOTREXATO	2.5	milligrammi	Soluzione iniettabile	L04AX03	LANOVA FARMACEUTICI S.R.L.	Autorizzata	Procedura Mutuo riconoscimento o Decentrata	Medicinali soggetti a prescrizione medica da rinnovare volta per volta
044149247	044149	IMMUTREX	7,5 MG SOLUZIONE INIETTABILE IN SIRINGA PRERIEMPITA- 12 SIRINGHE PRERIEMPITE DA 7,5MG/0,30 ML CON TAMPONE IMBEVUTO CON ALCOL	METOTREXATO	METOTREXATO	7.5	milligrammi	Soluzione iniettabile	L04AX03	LANOVA FARMACEUTICI S.R.L.	Autorizzata	Procedura Mutuo riconoscimento o Decentrata	Medicinali soggetti a prescrizione medica da rinnovare volta per volta
044149250	044149	IMMUTREX	10 MG SOLUZIONE INIETTABILE IN SIRINGA PRERIEMPITA- 12 SIRINGHE PRERIEMPITE DA 10MG/0,40 ML CON TAMPONE IMBEVUTO CON ALCOL	METOTREXATO	METOTREXATO	10	milligrammi	Soluzione iniettabile	L04AX03	LANOVA FARMACEUTICI S.R.L.	Autorizzata	Procedura Mutuo riconoscimento o Decentrata	Medicinali soggetti a prescrizione medica da rinnovare volta per volta
044149274	044149	IMMUTREX	12,5 MG SOLUZIONE INIETTABILE IN SIRINGA PRERIEMPITA- 12 SIRINGHE PRERIEMPITE DA 12,5MG/0,31 ML CON TAMPONE IMBEVUTO CON ALCOL	METOTREXATO	METOTREXATO	12.5	milligrammi	Soluzione iniettabile	L04AX03	LANOVA FARMACEUTICI S.R.L.	Autorizzata	Procedura Mutuo riconoscimento o Decentrata	Medicinali soggetti a prescrizione medica da rinnovare volta per volta
044149286	044149	IMMUTREX	15 MG SOLUZIONE INIETTABILE IN SIRINGA PRERIEMPITA- 12 SIRINGHE PRERIEMPITE DA 15MG/0,38 ML CON TAMPONE IMBEVUTO CON ALCOL	METOTREXATO	METOTREXATO	15	milligrammi	Soluzione iniettabile	L04AX03	LANOVA FARMACEUTICI S.R.L.	Autorizzata	Procedura Mutuo riconoscimento o Decentrata	Medicinali soggetti a prescrizione medica da rinnovare volta per volta
044149298	044149	IMMUTREX	17,5 MG SOLUZIONE INIETTABILE IN SIRINGA PRERIEMPITA- 12 SIRINGHE PRERIEMPITE DA 17,5MG/0,44 ML CON TAMPONE IMBEVUTO CON ALCOL	METOTREXATO	METOTREXATO	17.5	milligrammi	Soluzione iniettabile	L04AX03	LANOVA FARMACEUTICI S.R.L.	Autorizzata	Procedura Mutuo riconoscimento o Decentrata	Medicinali soggetti a prescrizione medica da rinnovare volta per volta
044149300	044149	IMMUTREX	20 MG SOLUZIONE INIETTABILE IN SIRINGA PRERIEMPITA- 12 SIRINGHE PRERIEMPITE DA 20MG/0,50 ML CON TAMPONE IMBEVUTO CON ALCOL	METOTREXATO	METOTREXATO	20	milligrammi	Soluzione iniettabile	L04AX03	LANOVA FARMACEUTICI S.R.L.	Autorizzata	Procedura Mutuo riconoscimento o Decentrata	Medicinali soggetti a prescrizione medica da rinnovare volta per volta
044149312	044149	IMMUTREX	22,5 MG SOLUZIONE INIETTABILE IN SIRINGA PRERIEMPITA- 12 SIRINGHE PRERIEMPITE DA 22,5MG/0,56 ML CON TAMPONE IMBEVUTO CON ALCOL	METOTREXATO	METOTREXATO	22.5	milligrammi	Soluzione iniettabile	L04AX03	LANOVA FARMACEUTICI S.R.L.	Autorizzata	Procedura Mutuo riconoscimento o Decentrata	Medicinali soggetti a prescrizione medica da rinnovare volta per volta
044149324	044149	IMMUTREX	25 MG SOLUZIONE INIETTABILE IN SIRINGA PRERIEMPITA- 12 SIRINGHE PRERIEMPITE DA 25MG/0,63 ML CON TAMPONE IMBEVUTO CON ALCOL	METOTREXATO	METOTREXATO	25	milligrammi	Soluzione iniettabile	L04AX03	LANOVA FARMACEUTICI S.R.L.	Autorizzata	Procedura Mutuo riconoscimento o Decentrata	Medicinali soggetti a prescrizione medica da rinnovare volta per volta
044149336	044149	IMMUTREX	27,5 MG SOLUZIONE INIETTABILE IN SIRINGA PRERIEMPITA- 12 SIRINGHE PRERIEMPITE DA 27,5MG/0,69 ML CON TAMPONE IMBEVUTO CON ALCOL	METOTREXATO	METOTREXATO	27.5	milligrammi	Soluzione iniettabile	L04AX03	LANOVA FARMACEUTICI S.R.L.	Autorizzata	Procedura Mutuo riconoscimento o Decentrata	Medicinali soggetti a prescrizione medica da rinnovare volta per volta
044149348	044149	IMMUTREX	30 MG SOLUZIONE INIETTABILE IN SIRINGA PRERIEMPITA- 12 SIRINGHE PRERIEMPITE DA 30MG/0,75 ML CON TAMPONE IMBEVUTO CON ALCOL	METOTREXATO	METOTREXATO	30	milligrammi	Soluzione iniettabile	L04AX03	LANOVA FARMACEUTICI S.R.L.	Autorizzata	Procedura Mutuo riconoscimento o Decentrata	Medicinali soggetti a prescrizione medica da rinnovare volta per volta
044224018	044224	METOTHER	50 MG/ML SOLUZIONE INIETTABILE IN SIRINGA PRERIEMPITA- 1 SIRINGA PRERIEMPITA DA 0,15 ML	METOTREXATO	METOTREXATO			Soluzione iniettabile in siringa pre-riempita	L04AX03	ACCORD HEALTHCARE, S.L.U.	Autorizzata	Procedura Mutuo riconoscimento o Decentrata	Medicinali soggetti a prescrizione medica da rinnovare volta per volta
044224020	044224	METOTHER	50 MG/ML SOLUZIONE INIETTABILE IN SIRINGA PRERIEMPITA- 2 SIRINGHE PRERIEMPITE DA 0,15 ML	METOTREXATO	METOTREXATO			Soluzione iniettabile in siringa pre-riempita	L04AX03	ACCORD HEALTHCARE, S.L.U.	Autorizzata	Procedura Mutuo riconoscimento o Decentrata	Medicinali soggetti a prescrizione medica da rinnovare volta per volta
044224032	044224	METOTHER	50 MG/ML SOLUZIONE INIETTABILE IN SIRINGA PRERIEMPITA- 4 SIRINGHE PRERIEMPITE DA 0,15 ML	METOTREXATO	METOTREXATO			Soluzione iniettabile in siringa pre-riempita	L04AX03	ACCORD HEALTHCARE, S.L.U.	Autorizzata	Procedura Mutuo riconoscimento o Decentrata	Medicinali soggetti a prescrizione medica da rinnovare volta per volta
044224044	044224	METOTHER	50 MG/ML SOLUZIONE INIETTABILE IN SIRINGA PRERIEMPITA- 5 SIRINGHE PRERIEMPITE DA 0,15 ML	METOTREXATO	METOTREXATO			Soluzione iniettabile in siringa pre-riempita	L04AX03	ACCORD HEALTHCARE, S.L.U.	Autorizzata	Procedura Mutuo riconoscimento o Decentrata	Medicinali soggetti a prescrizione medica da rinnovare volta per volta
044224057	044224	METOTHER	50 MG/ML SOLUZIONE INIETTABILE IN SIRINGA PRERIEMPITA- 6 SIRINGHE PRERIEMPITE DA 0,15 ML	METOTREXATO	METOTREXATO			Soluzione iniettabile in siringa pre-riempita	L04AX03	ACCORD HEALTHCARE, S.L.U.	Autorizzata	Procedura Mutuo riconoscimento o Decentrata	Medicinali soggetti a prescrizione medica da rinnovare volta per volta
044224069	044224	METOTHER	50 MG/ML SOLUZIONE INIETTABILE IN SIRINGA PRERIEMPITA- 10 SIRINGHE PRERIEMPITE DA 0,15 ML	METOTREXATO	METOTREXATO			Soluzione iniettabile in siringa pre-riempita	L04AX03	ACCORD HEALTHCARE, S.L.U.	Autorizzata	Procedura Mutuo riconoscimento o Decentrata	Medicinali soggetti a prescrizione medica da rinnovare volta per volta
044224071	044224	METOTHER	50 MG/ML SOLUZIONE INIETTABILE IN SIRINGA PRERIEMPITA- 12 SIRINGHE PRERIEMPITE DA 0,15 ML	METOTREXATO	METOTREXATO			Soluzione iniettabile in siringa pre-riempita	L04AX03	ACCORD HEALTHCARE, S.L.U.	Autorizzata	Procedura Mutuo riconoscimento o Decentrata	Medicinali soggetti a prescrizione medica da rinnovare volta per volta
044224083	044224	METOTHER	50 MG/ML SOLUZIONE INIETTABILE IN SIRINGA PRERIEMPITA- 24 SIRINGHE PRERIEMPITE DA 0,15 ML	METOTREXATO	METOTREXATO			Soluzione iniettabile in siringa pre-riempita	L04AX03	ACCORD HEALTHCARE, S.L.U.	Autorizzata	Procedura Mutuo riconoscimento o Decentrata	Medicinali soggetti a prescrizione medica da rinnovare volta per volta
044224095	044224	METOTHER	50 MG/ML SOLUZIONE INIETTABILE IN SIRINGA PRERIEMPITA- 1 SIRINGA PRERIEMPITA DA 0,20 ML	METOTREXATO	METOTREXATO			Soluzione iniettabile in siringa pre-riempita	L04AX03	ACCORD HEALTHCARE, S.L.U.	Autorizzata	Procedura Mutuo riconoscimento o Decentrata	Medicinali soggetti a prescrizione medica da rinnovare volta per volta
044224107	044224	METOTHER	50 MG/ML SOLUZIONE INIETTABILE IN SIRINGA PRERIEMPITA- 2 SIRINGHE PRERIEMPITE DA 0,20 ML	METOTREXATO	METOTREXATO			Soluzione iniettabile in siringa pre-riempita	L04AX03	ACCORD HEALTHCARE, S.L.U.	Autorizzata	Procedura Mutuo riconoscimento o Decentrata	Medicinali soggetti a prescrizione medica da rinnovare volta per volta
044224119	044224	METOTHER	50 MG/ML SOLUZIONE INIETTABILE IN SIRINGA PRERIEMPITA- 4 SIRINGHE PRERIEMPITE DA 0,20 ML	METOTREXATO	METOTREXATO	10	milligrammi	Soluzione iniettabile in siringa pre-riempita	L04AX03	ACCORD HEALTHCARE, S.L.U.	Autorizzata	Procedura Mutuo riconoscimento o Decentrata	Medicinali soggetti a prescrizione medica da rinnovare volta per volta
044224121	044224	METOTHER	50 MG/ML SOLUZIONE INIETTABILE IN SIRINGA PRERIEMPITA- 5 SIRINGHE PRERIEMPITE DA 0,20 ML	METOTREXATO	METOTREXATO			Soluzione iniettabile in siringa pre-riempita	L04AX03	ACCORD HEALTHCARE, S.L.U.	Autorizzata	Procedura Mutuo riconoscimento o Decentrata	Medicinali soggetti a prescrizione medica da rinnovare volta per volta
044224133	044224	METOTHER	50 MG/ML SOLUZIONE INIETTABILE IN SIRINGA PRERIEMPITA- 6 SIRINGHE PRERIEMPITE DA 0,20 ML	METOTREXATO	METOTREXATO			Soluzione iniettabile in siringa pre-riempita	L04AX03	ACCORD HEALTHCARE, S.L.U.	Autorizzata	Procedura Mutuo riconoscimento o Decentrata	Medicinali soggetti a prescrizione medica da rinnovare volta per volta
044224145	044224	METOTHER	50 MG/ML SOLUZIONE INIETTABILE IN SIRINGA PRERIEMPITA- 10 SIRINGHE PRERIEMPITE DA 0,20 ML	METOTREXATO	METOTREXATO			Soluzione iniettabile in siringa pre-riempita	L04AX03	ACCORD HEALTHCARE, S.L.U.	Autorizzata	Procedura Mutuo riconoscimento o Decentrata	Medicinali soggetti a prescrizione medica da rinnovare volta per volta
044224158	044224	METOTHER	50 MG/ML SOLUZIONE INIETTABILE IN SIRINGA PRERIEMPITA- 12 SIRINGHE PRERIEMPITE DA 0,20 ML	METOTREXATO	METOTREXATO			Soluzione iniettabile in siringa pre-riempita	L04AX03	ACCORD HEALTHCARE, S.L.U.	Autorizzata	Procedura Mutuo riconoscimento o Decentrata	Medicinali soggetti a prescrizione medica da rinnovare volta per volta
044224160	044224	METOTHER	50 MG/ML SOLUZIONE INIETTABILE IN SIRINGA PRERIEMPITA- 24 SIRINGHE PRERIEMPITE DA 0,20 ML	METOTREXATO	METOTREXATO			Soluzione iniettabile in siringa pre-riempita	L04AX03	ACCORD HEALTHCARE, S.L.U.	Autorizzata	Procedura Mutuo riconoscimento o Decentrata	Medicinali soggetti a prescrizione medica da rinnovare volta per volta
044224172	044224	METOTHER	50 MG/ML SOLUZIONE INIETTABILE IN SIRINGA PRERIEMPITA- 1 SIRINGA PRERIEMPITA DA 0,25 ML	METOTREXATO	METOTREXATO			Soluzione iniettabile in siringa pre-riempita	L04AX03	ACCORD HEALTHCARE, S.L.U.	Autorizzata	Procedura Mutuo riconoscimento o Decentrata	Medicinali soggetti a prescrizione medica da rinnovare volta per volta
044224184	044224	METOTHER	50 MG/ML SOLUZIONE INIETTABILE IN SIRINGA PRERIEMPITA- 4 SIRINGHE PRERIEMPITE DA 0,25 ML	METOTREXATO	METOTREXATO	12.5	milligrammi	Soluzione iniettabile in siringa pre-riempita	L04AX03	ACCORD HEALTHCARE, S.L.U.	Autorizzata	Procedura Mutuo riconoscimento o Decentrata	Medicinali soggetti a prescrizione medica da rinnovare volta per volta
044224196	044224	METOTHER	50 MG/ML SOLUZIONE INIETTABILE IN SIRINGA PRERIEMPITA- 5 SIRINGHE PRERIEMPITE DA 0,25 ML	METOTREXATO	METOTREXATO			Soluzione iniettabile in siringa pre-riempita	L04AX03	ACCORD HEALTHCARE, S.L.U.	Autorizzata	Procedura Mutuo riconoscimento o Decentrata	Medicinali soggetti a prescrizione medica da rinnovare volta per volta
044224208	044224	METOTHER	50 MG/ML SOLUZIONE INIETTABILE IN SIRINGA PRERIEMPITA- 6 SIRINGHE PRERIEMPITE DA 0,25 ML	METOTREXATO	METOTREXATO			Soluzione iniettabile in siringa pre-riempita	L04AX03	ACCORD HEALTHCARE, S.L.U.	Autorizzata	Procedura Mutuo riconoscimento o Decentrata	Medicinali soggetti a prescrizione medica da rinnovare volta per volta
044224222	044224	METOTHER	50 MG/ML SOLUZIONE INIETTABILE IN SIRINGA PRERIEMPITA- 12 SIRINGHE PRERIEMPITE DA 0,25 ML	METOTREXATO	METOTREXATO			Soluzione iniettabile in siringa pre-riempita	L04AX03	ACCORD HEALTHCARE, S.L.U.	Autorizzata	Procedura Mutuo riconoscimento o Decentrata	Medicinali soggetti a prescrizione medica da rinnovare volta per volta
044224234	044224	METOTHER	50 MG/ML SOLUZIONE INIETTABILE IN SIRINGA PRERIEMPITA- 1 SIRINGA PRERIEMPITA DA 0,30 ML	METOTREXATO	METOTREXATO			Soluzione iniettabile in siringa pre-riempita	L04AX03	ACCORD HEALTHCARE, S.L.U.	Autorizzata	Procedura Mutuo riconoscimento o Decentrata	Medicinali soggetti a prescrizione medica da rinnovare volta per volta
044224246	044224	METOTHER	50 MG/ML SOLUZIONE INIETTABILE IN SIRINGA PRERIEMPITA- 2 SIRINGHE PRERIEMPITE DA 0,30 ML	METOTREXATO	METOTREXATO			Soluzione iniettabile in siringa pre-riempita	L04AX03	ACCORD HEALTHCARE, S.L.U.	Autorizzata	Procedura Mutuo riconoscimento o Decentrata	Medicinali soggetti a prescrizione medica da rinnovare volta per volta
044224259	044224	METOTHER	50 MG/ML SOLUZIONE INIETTABILE IN SIRINGA PRERIEMPITA- 4 SIRINGHE PRERIEMPITE DA 0,30 ML	METOTREXATO	METOTREXATO	15	milligrammi	Soluzione iniettabile in siringa pre-riempita	L04AX03	ACCORD HEALTHCARE, S.L.U.	Autorizzata	Procedura Mutuo riconoscimento o Decentrata	Medicinali soggetti a prescrizione medica da rinnovare volta per volta
044224261	044224	METOTHER	50 MG/ML SOLUZIONE INIETTABILE IN SIRINGA PRERIEMPITA- 5 SIRINGHE PRERIEMPITE DA 0,30 ML	METOTREXATO	METOTREXATO			Soluzione iniettabile in siringa pre-riempita	L04AX03	ACCORD HEALTHCARE, S.L.U.	Autorizzata	Procedura Mutuo riconoscimento o Decentrata	Medicinali soggetti a prescrizione medica da rinnovare volta per volta
044224273	044224	METOTHER	50 MG/ML SOLUZIONE INIETTABILE IN SIRINGA PRERIEMPITA- 6 SIRINGHE PRERIEMPITE DA 0,30 ML	METOTREXATO	METOTREXATO			Soluzione iniettabile in siringa pre-riempita	L04AX03	ACCORD HEALTHCARE, S.L.U.	Autorizzata	Procedura Mutuo riconoscimento o Decentrata	Medicinali soggetti a prescrizione medica da rinnovare volta per volta
044224285	044224	METOTHER	50 MG/ML SOLUZIONE INIETTABILE IN SIRINGA PRERIEMPITA- 10 SIRINGHE PRERIEMPITE DA 0,30 ML	METOTREXATO	METOTREXATO			Soluzione iniettabile in siringa pre-riempita	L04AX03	ACCORD HEALTHCARE, S.L.U.	Autorizzata	Procedura Mutuo riconoscimento o Decentrata	Medicinali soggetti a prescrizione medica da rinnovare volta per volta
044224297	044224	METOTHER	50 MG/ML SOLUZIONE INIETTABILE IN SIRINGA PRERIEMPITA- 12 SIRINGHE PRERIEMPITE DA 0,30 ML	METOTREXATO	METOTREXATO			Soluzione iniettabile in siringa pre-riempita	L04AX03	ACCORD HEALTHCARE, S.L.U.	Autorizzata	Procedura Mutuo riconoscimento o Decentrata	Medicinali soggetti a prescrizione medica da rinnovare volta per volta
044224309	044224	METOTHER	50 MG/ML SOLUZIONE INIETTABILE IN SIRINGA PRERIEMPITA- 24 SIRINGHE PRERIEMPITE DA 0,30 ML	METOTREXATO	METOTREXATO			Soluzione iniettabile in siringa pre-riempita	L04AX03	ACCORD HEALTHCARE, S.L.U.	Autorizzata	Procedura Mutuo riconoscimento o Decentrata	Medicinali soggetti a prescrizione medica da rinnovare volta per volta
044224311	044224	METOTHER	50 MG/ML SOLUZIONE INIETTABILE IN SIRINGA PRERIEMPITA- 1 SIRINGA PRERIEMPITA DA 0,35 ML	METOTREXATO	METOTREXATO			Soluzione iniettabile in siringa pre-riempita	L04AX03	ACCORD HEALTHCARE, S.L.U.	Autorizzata	Procedura Mutuo riconoscimento o Decentrata	Medicinali soggetti a prescrizione medica da rinnovare volta per volta
044224323	044224	METOTHER	50 MG/ML SOLUZIONE INIETTABILE IN SIRINGA PRERIEMPITA- 4 SIRINGHE PRERIEMPITE DA 0,35 ML	METOTREXATO	METOTREXATO	17.5	milligrammi	Soluzione iniettabile in siringa pre-riempita	L04AX03	ACCORD HEALTHCARE, S.L.U.	Autorizzata	Procedura Mutuo riconoscimento o Decentrata	Medicinali soggetti a prescrizione medica da rinnovare volta per volta
044224335	044224	METOTHER	50 MG/ML SOLUZIONE INIETTABILE IN SIRINGA PRERIEMPITA- 5 SIRINGHE PRERIEMPITE DA 0,35 ML	METOTREXATO	METOTREXATO			Soluzione iniettabile in siringa pre-riempita	L04AX03	ACCORD HEALTHCARE, S.L.U.	Autorizzata	Procedura Mutuo riconoscimento o Decentrata	Medicinali soggetti a prescrizione medica da rinnovare volta per volta
044224347	044224	METOTHER	50 MG/ML SOLUZIONE INIETTABILE IN SIRINGA PRERIEMPITA- 6 SIRINGHE PRERIEMPITE DA 0,35 ML	METOTREXATO	METOTREXATO			Soluzione iniettabile in siringa pre-riempita	L04AX03	ACCORD HEALTHCARE, S.L.U.	Autorizzata	Procedura Mutuo riconoscimento o Decentrata	Medicinali soggetti a prescrizione medica da rinnovare volta per volta
044224362	044224	METOTHER	50 MG/ML SOLUZIONE INIETTABILE IN SIRINGA PRERIEMPITA- 12 SIRINGHE PRERIEMPITE DA 0,35 ML	METOTREXATO	METOTREXATO			Soluzione iniettabile in siringa pre-riempita	L04AX03	ACCORD HEALTHCARE, S.L.U.	Autorizzata	Procedura Mutuo riconoscimento o Decentrata	Medicinali soggetti a prescrizione medica da rinnovare volta per volta
044224374	044224	METOTHER	50 MG/ML SOLUZIONE INIETTABILE IN SIRINGA PRERIEMPITA- 1 SIRINGA PRERIEMPITA DA 0,40 ML	METOTREXATO	METOTREXATO			Soluzione iniettabile in siringa pre-riempita	L04AX03	ACCORD HEALTHCARE, S.L.U.	Autorizzata	Procedura Mutuo riconoscimento o Decentrata	Medicinali soggetti a prescrizione medica da rinnovare volta per volta
044224386	044224	METOTHER	50 MG/ML SOLUZIONE INIETTABILE IN SIRINGA PRERIEMPITA- 2 SIRINGHE PRERIEMPITE DA 0,40 ML	METOTREXATO	METOTREXATO			Soluzione iniettabile in siringa pre-riempita	L04AX03	ACCORD HEALTHCARE, S.L.U.	Autorizzata	Procedura Mutuo riconoscimento o Decentrata	Medicinali soggetti a prescrizione medica da rinnovare volta per volta
044224398	044224	METOTHER	50 MG/ML SOLUZIONE INIETTABILE IN SIRINGA PRERIEMPITA- 4 SIRINGHE PRERIEMPITE DA 0,40 ML	METOTREXATO	METOTREXATO	20	milligrammi	Soluzione iniettabile in siringa pre-riempita	L04AX03	ACCORD HEALTHCARE, S.L.U.	Autorizzata	Procedura Mutuo riconoscimento o Decentrata	Medicinali soggetti a prescrizione medica da rinnovare volta per volta
044224400	044224	METOTHER	50 MG/ML SOLUZIONE INIETTABILE IN SIRINGA PRERIEMPITA- 5 SIRINGHE PRERIEMPITE DA 0,40 ML	METOTREXATO	METOTREXATO			Soluzione iniettabile in siringa pre-riempita	L04AX03	ACCORD HEALTHCARE, S.L.U.	Autorizzata	Procedura Mutuo riconoscimento o Decentrata	Medicinali soggetti a prescrizione medica da rinnovare volta per volta
044224412	044224	METOTHER	50 MG/ML SOLUZIONE INIETTABILE IN SIRINGA PRERIEMPITA- 6 SIRINGHE PRERIEMPITE DA 0,40 ML	METOTREXATO	METOTREXATO			Soluzione iniettabile in siringa pre-riempita	L04AX03	ACCORD HEALTHCARE, S.L.U.	Autorizzata	Procedura Mutuo riconoscimento o Decentrata	Medicinali soggetti a prescrizione medica da rinnovare volta per volta
044224424	044224	METOTHER	50 MG/ML SOLUZIONE INIETTABILE IN SIRINGA PRERIEMPITA- 10 SIRINGHE PRERIEMPITE DA 0,40 ML	METOTREXATO	METOTREXATO			Soluzione iniettabile in siringa pre-riempita	L04AX03	ACCORD HEALTHCARE, S.L.U.	Autorizzata	Procedura Mutuo riconoscimento o Decentrata	Medicinali soggetti a prescrizione medica da rinnovare volta per volta
044224436	044224	METOTHER	50 MG/ML SOLUZIONE INIETTABILE IN SIRINGA PRERIEMPITA- 12 SIRINGHE PRERIEMPITE DA 0,40 ML	METOTREXATO	METOTREXATO			Soluzione iniettabile in siringa pre-riempita	L04AX03	ACCORD HEALTHCARE, S.L.U.	Autorizzata	Procedura Mutuo riconoscimento o Decentrata	Medicinali soggetti a prescrizione medica da rinnovare volta per volta
044224448	044224	METOTHER	50 MG/ML SOLUZIONE INIETTABILE IN SIRINGA PRERIEMPITA- 24 SIRINGHE PRERIEMPITE DA 0,40 ML	METOTREXATO	METOTREXATO			Soluzione iniettabile in siringa pre-riempita	L04AX03	ACCORD HEALTHCARE, S.L.U.	Autorizzata	Procedura Mutuo riconoscimento o Decentrata	Medicinali soggetti a prescrizione medica da rinnovare volta per volta
044224451	044224	METOTHER	50 MG/ML SOLUZIONE INIETTABILE IN SIRINGA PRERIEMPITA- 1 SIRINGA PRERIEMPITA DA 0,45 ML	METOTREXATO	METOTREXATO			Soluzione iniettabile in siringa pre-riempita	L04AX03	ACCORD HEALTHCARE, S.L.U.	Autorizzata	Procedura Mutuo riconoscimento o Decentrata	Medicinali soggetti a prescrizione medica da rinnovare volta per volta
044224463	044224	METOTHER	50 MG/ML SOLUZIONE INIETTABILE IN SIRINGA PRERIEMPITA- 4 SIRINGHE PRERIEMPITE DA 0,45 ML	METOTREXATO	METOTREXATO	22.5	milligrammi	Soluzione iniettabile in siringa pre-riempita	L04AX03	ACCORD HEALTHCARE, S.L.U.	Autorizzata	Procedura Mutuo riconoscimento o Decentrata	Medicinali soggetti a prescrizione medica da rinnovare volta per volta
044224475	044224	METOTHER	50 MG/ML SOLUZIONE INIETTABILE IN SIRINGA PRERIEMPITA- 5 SIRINGHE PRERIEMPITE DA 0,45 ML	METOTREXATO	METOTREXATO			Soluzione iniettabile in siringa pre-riempita	L04AX03	ACCORD HEALTHCARE, S.L.U.	Autorizzata	Procedura Mutuo riconoscimento o Decentrata	Medicinali soggetti a prescrizione medica da rinnovare volta per volta
044224487	044224	METOTHER	50 MG/ML SOLUZIONE INIETTABILE IN SIRINGA PRERIEMPITA- 6 SIRINGHE PRERIEMPITE DA 0,45 ML	METOTREXATO	METOTREXATO			Soluzione iniettabile in siringa pre-riempita	L04AX03	ACCORD HEALTHCARE, S.L.U.	Autorizzata	Procedura Mutuo riconoscimento o Decentrata	Medicinali soggetti a prescrizione medica da rinnovare volta per volta
044224501	044224	METOTHER	50 MG/ML SOLUZIONE INIETTABILE IN SIRINGA PRERIEMPITA- 12 SIRINGHE PRERIEMPITE DA 0,45 ML	METOTREXATO	METOTREXATO			Soluzione iniettabile in siringa pre-riempita	L04AX03	ACCORD HEALTHCARE, S.L.U.	Autorizzata	Procedura Mutuo riconoscimento o Decentrata	Medicinali soggetti a prescrizione medica da rinnovare volta per volta
044224513	044224	METOTHER	50 MG/ML SOLUZIONE INIETTABILE IN SIRINGA PRERIEMPITA- 1 SIRINGA PRERIEMPITA DA 0,50 ML	METOTREXATO	METOTREXATO			Soluzione iniettabile in siringa pre-riempita	L04AX03	ACCORD HEALTHCARE, S.L.U.	Autorizzata	Procedura Mutuo riconoscimento o Decentrata	Medicinali soggetti a prescrizione medica da rinnovare volta per volta
044224525	044224	METOTHER	50 MG/ML SOLUZIONE INIETTABILE IN SIRINGA PRERIEMPITA- 2 SIRINGHE PRERIEMPITE DA 0,50 ML	METOTREXATO	METOTREXATO			Soluzione iniettabile in siringa pre-riempita	L04AX03	ACCORD HEALTHCARE, S.L.U.	Autorizzata	Procedura Mutuo riconoscimento o Decentrata	Medicinali soggetti a prescrizione medica da rinnovare volta per volta
044224537	044224	METOTHER	50 MG/ML SOLUZIONE INIETTABILE IN SIRINGA PRERIEMPITA- 4 SIRINGHE PRERIEMPITE DA 0,50 ML	METOTREXATO	METOTREXATO	25	milligrammi	Soluzione iniettabile in siringa pre-riempita	L04AX03	ACCORD HEALTHCARE, S.L.U.	Autorizzata	Procedura Mutuo riconoscimento o Decentrata	Medicinali soggetti a prescrizione medica da rinnovare volta per volta
044224549	044224	METOTHER	50 MG/ML SOLUZIONE INIETTABILE IN SIRINGA PRERIEMPITA- 5 SIRINGHE PRERIEMPITE DA 0,50 ML	METOTREXATO	METOTREXATO			Soluzione iniettabile in siringa pre-riempita	L04AX03	ACCORD HEALTHCARE, S.L.U.	Autorizzata	Procedura Mutuo riconoscimento o Decentrata	Medicinali soggetti a prescrizione medica da rinnovare volta per volta
044224552	044224	METOTHER	50 MG/ML SOLUZIONE INIETTABILE IN SIRINGA PRERIEMPITA- 6 SIRINGHE PRERIEMPITE DA 0,50 ML	METOTREXATO	METOTREXATO			Soluzione iniettabile in siringa pre-riempita	L04AX03	ACCORD HEALTHCARE, S.L.U.	Autorizzata	Procedura Mutuo riconoscimento o Decentrata	Medicinali soggetti a prescrizione medica da rinnovare volta per volta
044224564	044224	METOTHER	50 MG/ML SOLUZIONE INIETTABILE IN SIRINGA PRERIEMPITA- 10 SIRINGHE PRERIEMPITE DA 0,50 ML	METOTREXATO	METOTREXATO			Soluzione iniettabile in siringa pre-riempita	L04AX03	ACCORD HEALTHCARE, S.L.U.	Autorizzata	Procedura Mutuo riconoscimento o Decentrata	Medicinali soggetti a prescrizione medica da rinnovare volta per volta
044224576	044224	METOTHER	50 MG/ML SOLUZIONE INIETTABILE IN SIRINGA PRERIEMPITA- 12 SIRINGHE PRERIEMPITE DA 0,50 ML	METOTREXATO	METOTREXATO			Soluzione iniettabile in siringa pre-riempita	L04AX03	ACCORD HEALTHCARE, S.L.U.	Autorizzata	Procedura Mutuo riconoscimento o Decentrata	Medicinali soggetti a prescrizione medica da rinnovare volta per volta
044224588	044224	METOTHER	50 MG/ML SOLUZIONE INIETTABILE IN SIRINGA PRERIEMPITA- 1 SIRINGA PRERIEMPITA DA 0,55 ML	METOTREXATO	METOTREXATO			Soluzione iniettabile in siringa pre-riempita	L04AX03	ACCORD HEALTHCARE, S.L.U.	Autorizzata	Procedura Mutuo riconoscimento o Decentrata	Medicinali soggetti a prescrizione medica da rinnovare volta per volta
044224590	044224	METOTHER	50 MG/ML SOLUZIONE INIETTABILE IN SIRINGA PRERIEMPITA- 4 SIRINGHE PRERIEMPITE DA 0,55 ML	METOTREXATO	METOTREXATO	27.5	milligrammi	Soluzione iniettabile in siringa pre-riempita	L04AX03	ACCORD HEALTHCARE, S.L.U.	Autorizzata	Procedura Mutuo riconoscimento o Decentrata	Medicinali soggetti a prescrizione medica da rinnovare volta per volta
044224602	044224	METOTHER	50 MG/ML SOLUZIONE INIETTABILE IN SIRINGA PRERIEMPITA- 5 SIRINGHE PRERIEMPITE DA 0,55 ML	METOTREXATO	METOTREXATO			Soluzione iniettabile in siringa pre-riempita	L04AX03	ACCORD HEALTHCARE, S.L.U.	Autorizzata	Procedura Mutuo riconoscimento o Decentrata	Medicinali soggetti a prescrizione medica da rinnovare volta per volta
044224614	044224	METOTHER	50 MG/ML SOLUZIONE INIETTABILE IN SIRINGA PRERIEMPITA- 6 SIRINGHE PRERIEMPITE DA 0,55 ML	METOTREXATO	METOTREXATO			Soluzione iniettabile in siringa pre-riempita	L04AX03	ACCORD HEALTHCARE, S.L.U.	Autorizzata	Procedura Mutuo riconoscimento o Decentrata	Medicinali soggetti a prescrizione medica da rinnovare volta per volta
044224638	044224	METOTHER	50 MG/ML SOLUZIONE INIETTABILE IN SIRINGA PRERIEMPITA- 12 SIRINGHE PRERIEMPITE DA 0,55 ML	METOTREXATO	METOTREXATO			Soluzione iniettabile in siringa pre-riempita	L04AX03	ACCORD HEALTHCARE, S.L.U.	Autorizzata	Procedura Mutuo riconoscimento o Decentrata	Medicinali soggetti a prescrizione medica da rinnovare volta per volta
044224640	044224	METOTHER	50 MG/ML SOLUZIONE INIETTABILE IN SIRINGA PRERIEMPITA- 1 SIRINGA PRERIEMPITA DA 0,60 ML	METOTREXATO	METOTREXATO			Soluzione iniettabile in siringa pre-riempita	L04AX03	ACCORD HEALTHCARE, S.L.U.	Autorizzata	Procedura Mutuo riconoscimento o Decentrata	Medicinali soggetti a prescrizione medica da rinnovare volta per volta
044224653	044224	METOTHER	50 MG/ML SOLUZIONE INIETTABILE IN SIRINGA PRERIEMPITA- 4 SIRINGHE PRERIEMPITE DA 0,60 ML	METOTREXATO	METOTREXATO	30	milligrammi	Soluzione iniettabile in siringa pre-riempita	L04AX03	ACCORD HEALTHCARE, S.L.U.	Autorizzata	Procedura Mutuo riconoscimento o Decentrata	Medicinali soggetti a prescrizione medica da rinnovare volta per volta
044224665	044224	METOTHER	50 MG/ML SOLUZIONE INIETTABILE IN SIRINGA PRERIEMPITA- 5 SIRINGHE PRERIEMPITE DA 0,60 ML	METOTREXATO	METOTREXATO			Soluzione iniettabile in siringa pre-riempita	L04AX03	ACCORD HEALTHCARE, S.L.U.	Autorizzata	Procedura Mutuo riconoscimento o Decentrata	Medicinali soggetti a prescrizione medica da rinnovare volta per volta
044224677	044224	METOTHER	50 MG/ML SOLUZIONE INIETTABILE IN SIRINGA PRERIEMPITA- 6 SIRINGHE PRERIEMPITE DA 0,60 ML	METOTREXATO	METOTREXATO			Soluzione iniettabile in siringa pre-riempita	L04AX03	ACCORD HEALTHCARE, S.L.U.	Autorizzata	Procedura Mutuo riconoscimento o Decentrata	Medicinali soggetti a prescrizione medica da rinnovare volta per volta
044224691	044224	METOTHER	50 MG/ML SOLUZIONE INIETTABILE IN SIRINGA PRERIEMPITA- 12 SIRINGHE PRERIEMPITE DA 0,60 ML	METOTREXATO	METOTREXATO			Soluzione iniettabile in siringa pre-riempita	L04AX03	ACCORD HEALTHCARE, S.L.U.	Autorizzata	Procedura Mutuo riconoscimento o Decentrata	Medicinali soggetti a prescrizione medica da rinnovare volta per volta
044224703	044224	METOTHER	50 MG/ML SOLUZIONE INIETTABILE IN SIRINGA PRERIEMPITA- 8 SIRINGHE PRERIEMPITE DA 0,15 ML	METOTREXATO	METOTREXATO			Soluzione iniettabile in siringa pre-riempita	L04AX03	ACCORD HEALTHCARE, S.L.U.	Autorizzata	Procedura Mutuo riconoscimento o Decentrata	Medicinali soggetti a prescrizione medica da rinnovare volta per volta
044224715	044224	METOTHER	50 MG/ML SOLUZIONE INIETTABILE IN SIRINGA PRERIEMPITA- 8 SIRINGHE PRERIEMPITE DA 0,20 ML	METOTREXATO	METOTREXATO			Soluzione iniettabile in siringa pre-riempita	L04AX03	ACCORD HEALTHCARE, S.L.U.	Autorizzata	Procedura Mutuo riconoscimento o Decentrata	Medicinali soggetti a prescrizione medica da rinnovare volta per volta
044224727	044224	METOTHER	50 MG/ML SOLUZIONE INIETTABILE IN SIRINGA PRERIEMPITA- 8 SIRINGHE PRERIEMPITE DA 0,25 ML	METOTREXATO	METOTREXATO			Soluzione iniettabile in siringa pre-riempita	L04AX03	ACCORD HEALTHCARE, S.L.U.	Autorizzata	Procedura Mutuo riconoscimento o Decentrata	Medicinali soggetti a prescrizione medica da rinnovare volta per volta
044224739	044224	METOTHER	50 MG/ML SOLUZIONE INIETTABILE IN SIRINGA PRERIEMPITA- 8 SIRINGHE PRERIEMPITE DA 0,30 ML	METOTREXATO	METOTREXATO			Soluzione iniettabile in siringa pre-riempita	L04AX03	ACCORD HEALTHCARE, S.L.U.	Autorizzata	Procedura Mutuo riconoscimento o Decentrata	Medicinali soggetti a prescrizione medica da rinnovare volta per volta
044224741	044224	METOTHER	50 MG/ML SOLUZIONE INIETTABILE IN SIRINGA PRERIEMPITA- 8 SIRINGHE PRERIEMPITE DA 0,35 ML	METOTREXATO	METOTREXATO			Soluzione iniettabile in siringa pre-riempita	L04AX03	ACCORD HEALTHCARE, S.L.U.	Autorizzata	Procedura Mutuo riconoscimento o Decentrata	Medicinali soggetti a prescrizione medica da rinnovare volta per volta
044224754	044224	METOTHER	50 MG/ML SOLUZIONE INIETTABILE IN SIRINGA PRERIEMPITA- 8 SIRINGHE PRERIEMPITE DA 0,40 ML	METOTREXATO	METOTREXATO			Soluzione iniettabile in siringa pre-riempita	L04AX03	ACCORD HEALTHCARE, S.L.U.	Autorizzata	Procedura Mutuo riconoscimento o Decentrata	Medicinali soggetti a prescrizione medica da rinnovare volta per volta
044224766	044224	METOTHER	50 MG/ML SOLUZIONE INIETTABILE IN SIRINGA PRERIEMPITA- 8 SIRINGHE PRERIEMPITE DA 0,45 ML	METOTREXATO	METOTREXATO			Soluzione iniettabile in siringa pre-riempita	L04AX03	ACCORD HEALTHCARE, S.L.U.	Autorizzata	Procedura Mutuo riconoscimento o Decentrata	Medicinali soggetti a prescrizione medica da rinnovare volta per volta
044224778	044224	METOTHER	50 MG/ML SOLUZIONE INIETTABILE IN SIRINGA PRERIEMPITA- 8 SIRINGHE PRERIEMPITE DA 0,50 ML	METOTREXATO	METOTREXATO			Soluzione iniettabile in siringa pre-riempita	L04AX03	ACCORD HEALTHCARE, S.L.U.	Autorizzata	Procedura Mutuo riconoscimento o Decentrata	Medicinali soggetti a prescrizione medica da rinnovare volta per volta
044224780	044224	METOTHER	50 MG/ML SOLUZIONE INIETTABILE IN SIRINGA PRERIEMPITA- 8 SIRINGHE PRERIEMPITE DA 0,55 ML	METOTREXATO	METOTREXATO			Soluzione iniettabile in siringa pre-riempita	L04AX03	ACCORD HEALTHCARE, S.L.U.	Autorizzata	Procedura Mutuo riconoscimento o Decentrata	Medicinali soggetti a prescrizione medica da rinnovare volta per volta
044224792	044224	METOTHER	50 MG/ML SOLUZIONE INIETTABILE IN SIRINGA PRERIEMPITA- 8 SIRINGHE PRERIEMPITE DA 0,60 ML	METOTREXATO	METOTREXATO			Soluzione iniettabile in siringa pre-riempita	L04AX03	ACCORD HEALTHCARE, S.L.U.	Autorizzata	Procedura Mutuo riconoscimento o Decentrata	Medicinali soggetti a prescrizione medica da rinnovare volta per volta
044252017	044252	AFSLAMET	2,5MG SOLUZIONE INIETTABILE IN SIRINGA PRERIEMPITA- 1 SIRINGA PRERIEMPITA DA 2,5MG/0,33ML CON TAMPONE IMBEVUTO CON ALCOL	METOTREXATO	METOTREXATO	2.5	milligrammi	Soluzione iniettabile	L04AX03	S.F. GROUP S.R.L.	Autorizzata	Procedura Mutuo riconoscimento o Decentrata	Medicinali soggetti a prescrizione medica da rinnovare volta per volta
044252029	044252	AFSLAMET	2,5MG SOLUZIONE INIETTABILE IN SIRINGA PRERIEMPITA- 4 SIRINGHE PRERIEMPITE DA 2,5MG/0,33ML  CON TAMPONE IMBEVUTO CON ALCOL	METOTREXATO	METOTREXATO	2.5	milligrammi	Soluzione iniettabile	L04AX03	S.F. GROUP S.R.L.	Autorizzata	Procedura Mutuo riconoscimento o Decentrata	Medicinali soggetti a prescrizione medica da rinnovare volta per volta
044252031	044252	AFSLAMET	7,5MG SOLUZIONE INIETTABILE IN SIRINGA PRERIEMPITA- 1 SIRINGA PRERIEMPITA DA 7,5MG/0,30ML  CON TAMPONE IMBEVUTO CON ALCOL	METOTREXATO	METOTREXATO	7.5	milligrammi	Soluzione iniettabile	L04AX03	S.F. GROUP S.R.L.	Autorizzata	Procedura Mutuo riconoscimento o Decentrata	Medicinali soggetti a prescrizione medica da rinnovare volta per volta
044252043	044252	AFSLAMET	7,5MG SOLUZIONE INIETTABILE IN SIRINGA PRERIEMPITA- 4 SIRINGHE PRERIEMPITE  DA 7,5MG/0,30ML CON TAMPONE IMBEVUTO CON ALCOL	METOTREXATO	METOTREXATO	7.5	milligrammi	Soluzione iniettabile	L04AX03	S.F. GROUP S.R.L.	Autorizzata	Procedura Mutuo riconoscimento o Decentrata	Medicinali soggetti a prescrizione medica da rinnovare volta per volta
044252056	044252	AFSLAMET	10MG SOLUZIONE INIETTABILE IN SIRINGA PRERIEMPITA- 1 SIRINGA PRERIEMPITA  DA 10MG/0,40ML CON TAMPONE IMBEVUTO CON ALCOL	METOTREXATO	METOTREXATO	10	milligrammi	Soluzione iniettabile	L04AX03	S.F. GROUP S.R.L.	Autorizzata	Procedura Mutuo riconoscimento o Decentrata	Medicinali soggetti a prescrizione medica da rinnovare volta per volta
044252068	044252	AFSLAMET	10MG SOLUZIONE INIETTABILE IN SIRINGA PRERIEMPITA- 4 SIRINGHE PRERIEMPITE DA 10MG/0,40ML CON TAMPONE IMBEVUTO CON ALCOL	METOTREXATO	METOTREXATO	10	milligrammi	Soluzione iniettabile	L04AX03	S.F. GROUP S.R.L.	Autorizzata	Procedura Mutuo riconoscimento o Decentrata	Medicinali soggetti a prescrizione medica da rinnovare volta per volta
044252070	044252	AFSLAMET	12,5MG SOLUZIONE INIETTABILE IN SIRINGA PRERIEMPITA- 1 SIRINGA PRERIEMPITA DA 12,5MG/0,31ML CON TAMPONE IMBEVUTO CON ALCOL	METOTREXATO	METOTREXATO	12.5	milligrammi	Soluzione iniettabile	L04AX03	S.F. GROUP S.R.L.	Autorizzata	Procedura Mutuo riconoscimento o Decentrata	Medicinali soggetti a prescrizione medica da rinnovare volta per volta
044252082	044252	AFSLAMET	12,5MG SOLUZIONE INIETTABILE IN SIRINGA PRERIEMPITA- 4 SIRINGHE PRERIEMPITE DA 12,5MG/0,31ML CON TAMPONE IMBEVUTO CON ALCOL	METOTREXATO	METOTREXATO	12.5	milligrammi	Soluzione iniettabile	L04AX03	S.F. GROUP S.R.L.	Autorizzata	Procedura Mutuo riconoscimento o Decentrata	Medicinali soggetti a prescrizione medica da rinnovare volta per volta
044252094	044252	AFSLAMET	15MG SOLUZIONE INIETTABILE IN SIRINGA PRERIEMPITA- 1 SIRINGA PRERIEMPITA DA 15MG/0,38ML CON TAMPONE IMBEVUTO CON ALCOL	METOTREXATO	METOTREXATO	15	milligrammi	Soluzione iniettabile	L04AX03	S.F. GROUP S.R.L.	Autorizzata	Procedura Mutuo riconoscimento o Decentrata	Medicinali soggetti a prescrizione medica da rinnovare volta per volta
044252106	044252	AFSLAMET	15MG SOLUZIONE INIETTABILE IN SIRINGA PRERIEMPITA- 4 SIRINGHE PRERIEMPITE DA 15MG/0,38ML CON TAMPONE IMBEVUTO CON ALCOL	METOTREXATO	METOTREXATO	15	milligrammi	Soluzione iniettabile	L04AX03	S.F. GROUP S.R.L.	Autorizzata	Procedura Mutuo riconoscimento o Decentrata	Medicinali soggetti a prescrizione medica da rinnovare volta per volta
044252118	044252	AFSLAMET	17,5MG SOLUZIONE INIETTABILE IN SIRINGA PRERIEMPITA- 1 SIRINGA PRERIEMPITA DA 17,5MG/0,44ML CON TAMPONE IMBEVUTO CON ALCOL	METOTREXATO	METOTREXATO	17.5	milligrammi	Soluzione iniettabile	L04AX03	S.F. GROUP S.R.L.	Autorizzata	Procedura Mutuo riconoscimento o Decentrata	Medicinali soggetti a prescrizione medica da rinnovare volta per volta
044252120	044252	AFSLAMET	17,5MG SOLUZIONE INIETTABILE IN SIRINGA PRERIEMPITA- 4 SIRINGHE PRERIEMPITE DA 17,5MG/0,44ML CON TAMPONE IMBEVUTO CON ALCOL	METOTREXATO	METOTREXATO	17.5	milligrammi	Soluzione iniettabile	L04AX03	S.F. GROUP S.R.L.	Autorizzata	Procedura Mutuo riconoscimento o Decentrata	Medicinali soggetti a prescrizione medica da rinnovare volta per volta
044252132	044252	AFSLAMET	20MG SOLUZIONE INIETTABILE IN SIRINGA PRERIEMPITA- 1 SIRINGA PRERIEMPITA DA 20MG/0,50ML CON TAMPONE IMBEVUTO CON ALCOL	METOTREXATO	METOTREXATO	20	milligrammi	Soluzione iniettabile	L04AX03	S.F. GROUP S.R.L.	Autorizzata	Procedura Mutuo riconoscimento o Decentrata	Medicinali soggetti a prescrizione medica da rinnovare volta per volta
044252144	044252	AFSLAMET	20MG SOLUZIONE INIETTABILE IN SIRINGA PRERIEMPITA- 4 SIRINGHE PRERIEMPITE DA 20MG/0,50ML CON TAMPONE IMBEVUTO CON ALCOL	METOTREXATO	METOTREXATO	20	milligrammi	Soluzione iniettabile	L04AX03	S.F. GROUP S.R.L.	Autorizzata	Procedura Mutuo riconoscimento o Decentrata	Medicinali soggetti a prescrizione medica da rinnovare volta per volta
044252157	044252	AFSLAMET	22,5MG SOLUZIONE INIETTABILE IN SIRINGA PRERIEMPITA- 1 SIRINGA PRERIEMPITA DA 22,5MG/0,56ML CON TAMPONE IMBEVUTO CON ALCOL	METOTREXATO	METOTREXATO	22.5	milligrammi	Soluzione iniettabile	L04AX03	S.F. GROUP S.R.L.	Autorizzata	Procedura Mutuo riconoscimento o Decentrata	Medicinali soggetti a prescrizione medica da rinnovare volta per volta
044252169	044252	AFSLAMET	22,5MG SOLUZIONE INIETTABILE IN SIRINGA PRERIEMPITA- 4 SIRINGHE PRERIEMPITE DA 22,5MG/0,56ML CON TAMPONE IMBEVUTO CON ALCOL	METOTREXATO	METOTREXATO	22.5	milligrammi	Soluzione iniettabile	L04AX03	S.F. GROUP S.R.L.	Autorizzata	Procedura Mutuo riconoscimento o Decentrata	Medicinali soggetti a prescrizione medica da rinnovare volta per volta
044252171	044252	AFSLAMET	25MG SOLUZIONE INIETTABILE IN SIRINGA PRERIEMPITA- 1 SIRINGA PRERIEMPITA DA 25MG/0,63ML CON TAMPONE IMBEVUTO CON ALCOL	METOTREXATO	METOTREXATO	25	milligrammi	Soluzione iniettabile	L04AX03	S.F. GROUP S.R.L.	Autorizzata	Procedura Mutuo riconoscimento o Decentrata	Medicinali soggetti a prescrizione medica da rinnovare volta per volta
044252183	044252	AFSLAMET	25MG SOLUZIONE INIETTABILE IN SIRINGA PRERIEMPITA- 4 SIRINGHE PRERIEMPITE DA 25MG/0,63ML CON TAMPONE IMBEVUTO CON ALCOL	METOTREXATO	METOTREXATO	25	milligrammi	Soluzione iniettabile	L04AX03	S.F. GROUP S.R.L.	Autorizzata	Procedura Mutuo riconoscimento o Decentrata	Medicinali soggetti a prescrizione medica da rinnovare volta per volta
044252195	044252	AFSLAMET	27,5MG SOLUZIONE INIETTABILE IN SIRINGA PRERIEMPITA- 1 SIRINGA PRERIEMPITA DA 27,5MG/0,69ML CON TAMPONE IMBEVUTO CON ALCOL	METOTREXATO	METOTREXATO	27.5	milligrammi	Soluzione iniettabile	L04AX03	S.F. GROUP S.R.L.	Autorizzata	Procedura Mutuo riconoscimento o Decentrata	Medicinali soggetti a prescrizione medica da rinnovare volta per volta
044252207	044252	AFSLAMET	27,5MG SOLUZIONE INIETTABILE IN SIRINGA PRERIEMPITA- 4 SIRINGHE PRERIEMPITE DA 27,5MG/0,69ML  CON TAMPONE IMBEVUTO CON ALCOL	METOTREXATO	METOTREXATO	27.5	milligrammi	Soluzione iniettabile	L04AX03	S.F. GROUP S.R.L.	Autorizzata	Procedura Mutuo riconoscimento o Decentrata	Medicinali soggetti a prescrizione medica da rinnovare volta per volta
044252219	044252	AFSLAMET	30MG SOLUZIONE INIETTABILE IN SIRINGA PRERIEMPITA- 1 SIRINGA PRERIEMPITA DA 30MG/0,75ML CON TAMPONE IMBEVUTO CON ALCOL	METOTREXATO	METOTREXATO	30	milligrammi	Soluzione iniettabile	L04AX03	S.F. GROUP S.R.L.	Autorizzata	Procedura Mutuo riconoscimento o Decentrata	Medicinali soggetti a prescrizione medica da rinnovare volta per volta
044252221	044252	AFSLAMET	30MG SOLUZIONE INIETTABILE IN SIRINGA PRERIEMPITA- 4 SIRINGHE PRERIEMPITE DA 30MG/0,75ML CON TAMPONE IMBEVUTO CON ALCOL	METOTREXATO	METOTREXATO	30	milligrammi	Soluzione iniettabile	L04AX03	S.F. GROUP S.R.L.	Autorizzata	Procedura Mutuo riconoscimento o Decentrata	Medicinali soggetti a prescrizione medica da rinnovare volta per volta
044253019	044253	VELOS	2,5MG  SOLUZIONE INIETTABILE IN SIRINGA PRERIEMPITA- 1 SIRINGA PRERIEMPITA DA 2,5MG/0,33 ML CON TAMPONE IMBEVUTO CON ALCOL	METOTREXATO	METOTREXATO			Soluzione iniettabile in siringa pre-riempita	L04AX03	DIFA COOPER S.P.A.	Autorizzata	Procedura Mutuo riconoscimento o Decentrata	Medicinali soggetti a prescrizione medica da rinnovare volta per volta
044253021	044253	VELOS	2,5MG  SOLUZIONE INIETTABILE IN SIRINGA PRERIEMPITA- 4 SIRINGHE PRERIEMPITE DA 2,5MG/0,33 ML CON TAMPONE IMBEVUTO CON ALCOL	METOTREXATO	METOTREXATO			Soluzione iniettabile in siringa pre-riempita	L04AX03	DIFA COOPER S.P.A.	Autorizzata	Procedura Mutuo riconoscimento o Decentrata	Medicinali soggetti a prescrizione medica da rinnovare volta per volta
044253033	044253	VELOS	7,5MG  SOLUZIONE INIETTABILE IN SIRINGA PRERIEMPITA- 1 SIRINGA PRERIEMPITA DA 7,5MG/0,30 ML CON TAMPONE IMBEVUTO CON ALCOL	METOTREXATO	METOTREXATO			Soluzione iniettabile in siringa pre-riempita	L04AX03	DIFA COOPER S.P.A.	Autorizzata	Procedura Mutuo riconoscimento o Decentrata	Medicinali soggetti a prescrizione medica da rinnovare volta per volta
044253045	044253	VELOS	7,5MG  SOLUZIONE INIETTABILE IN SIRINGA PRERIEMPITA- 4 SIRINGHE PRERIEMPITE DA 7,5MG/0,30 ML CON TAMPONE IMBEVUTO CON ALCOL	METOTREXATO	METOTREXATO			Soluzione iniettabile in siringa pre-riempita	L04AX03	DIFA COOPER S.P.A.	Autorizzata	Procedura Mutuo riconoscimento o Decentrata	Medicinali soggetti a prescrizione medica da rinnovare volta per volta
044253058	044253	VELOS	10MG  SOLUZIONE INIETTABILE IN SIRINGA PRERIEMPITA- 1 SIRINGA PRERIEMPITA DA 10MG/0,40 ML CON TAMPONE IMBEVUTO CON ALCOL	METOTREXATO	METOTREXATO			Soluzione iniettabile in siringa pre-riempita	L04AX03	DIFA COOPER S.P.A.	Autorizzata	Procedura Mutuo riconoscimento o Decentrata	Medicinali soggetti a prescrizione medica da rinnovare volta per volta
044253060	044253	VELOS	10MG  SOLUZIONE INIETTABILE IN SIRINGA PRERIEMPITA- 4 SIRINGHE PRERIEMPITE DA 10MG/0,40 ML CON TAMPONE IMBEVUTO CON ALCOL	METOTREXATO	METOTREXATO			Soluzione iniettabile in siringa pre-riempita	L04AX03	DIFA COOPER S.P.A.	Autorizzata	Procedura Mutuo riconoscimento o Decentrata	Medicinali soggetti a prescrizione medica da rinnovare volta per volta
044253072	044253	VELOS	12,5MG  SOLUZIONE INIETTABILE IN SIRINGA PRERIEMPITA- 1 SIRINGA PRERIEMPITA DA 12,5MG/0,31 ML CON TAMPONE IMBEVUTO CON ALCOL	METOTREXATO	METOTREXATO			Soluzione iniettabile in siringa pre-riempita	L04AX03	DIFA COOPER S.P.A.	Autorizzata	Procedura Mutuo riconoscimento o Decentrata	Medicinali soggetti a prescrizione medica da rinnovare volta per volta
044253084	044253	VELOS	12,5MG  SOLUZIONE INIETTABILE IN SIRINGA PRERIEMPITA- 4 SIRINGHE PRERIEMPITE DA 12,5MG/0,31 ML CON TAMPONE IMBEVUTO CON ALCOL	METOTREXATO	METOTREXATO			Soluzione iniettabile in siringa pre-riempita	L04AX03	DIFA COOPER S.P.A.	Autorizzata	Procedura Mutuo riconoscimento o Decentrata	Medicinali soggetti a prescrizione medica da rinnovare volta per volta
044253096	044253	VELOS	15MG  SOLUZIONE INIETTABILE IN SIRINGA PRERIEMPITA- 1 SIRINGA PRERIEMPITA DA 15MG/0,38 ML CON TAMPONE IMBEVUTO CON ALCOL	METOTREXATO	METOTREXATO			Soluzione iniettabile in siringa pre-riempita	L04AX03	DIFA COOPER S.P.A.	Autorizzata	Procedura Mutuo riconoscimento o Decentrata	Medicinali soggetti a prescrizione medica da rinnovare volta per volta
044253108	044253	VELOS	15MG  SOLUZIONE INIETTABILE IN SIRINGA PRERIEMPITA- 4 SIRINGHE PRERIEMPITE  DA 15MG/0,38 ML CON TAMPONE IMBEVUTO CON ALCOL	METOTREXATO	METOTREXATO			Soluzione iniettabile in siringa pre-riempita	L04AX03	DIFA COOPER S.P.A.	Autorizzata	Procedura Mutuo riconoscimento o Decentrata	Medicinali soggetti a prescrizione medica da rinnovare volta per volta
044253110	044253	VELOS	17,5MG  SOLUZIONE INIETTABILE IN SIRINGA PRERIEMPITA- 1 SIRINGA PRERIEMPITA  DA 17,5MG/0,44 ML CON TAMPONE IMBEVUTO CON ALCOL	METOTREXATO	METOTREXATO			Soluzione iniettabile in siringa pre-riempita	L04AX03	DIFA COOPER S.P.A.	Autorizzata	Procedura Mutuo riconoscimento o Decentrata	Medicinali soggetti a prescrizione medica da rinnovare volta per volta
044253122	044253	VELOS	17,5MG  SOLUZIONE INIETTABILE IN SIRINGA PRERIEMPITA- 4 SIRINGHE PRERIEMPITE  DA 17,5MG/0,44 ML CON TAMPONE IMBEVUTO CON ALCOL	METOTREXATO	METOTREXATO			Soluzione iniettabile in siringa pre-riempita	L04AX03	DIFA COOPER S.P.A.	Autorizzata	Procedura Mutuo riconoscimento o Decentrata	Medicinali soggetti a prescrizione medica da rinnovare volta per volta
044253134	044253	VELOS	20MG  SOLUZIONE INIETTABILE IN SIRINGA PRERIEMPITA- 1 SIRINGA PRERIEMPITA  DA 20MG/0,50 ML CON TAMPONE IMBEVUTO CON ALCOL	METOTREXATO	METOTREXATO			Soluzione iniettabile in siringa pre-riempita	L04AX03	DIFA COOPER S.P.A.	Autorizzata	Procedura Mutuo riconoscimento o Decentrata	Medicinali soggetti a prescrizione medica da rinnovare volta per volta
044253146	044253	VELOS	20MG  SOLUZIONE INIETTABILE IN SIRINGA PRERIEMPITA- 4 SIRINGHE PRERIEMPITE  DA 20MG/0,50 ML CON TAMPONE IMBEVUTO CON ALCOL	METOTREXATO	METOTREXATO			Soluzione iniettabile in siringa pre-riempita	L04AX03	DIFA COOPER S.P.A.	Autorizzata	Procedura Mutuo riconoscimento o Decentrata	Medicinali soggetti a prescrizione medica da rinnovare volta per volta
044253159	044253	VELOS	22,5MG  SOLUZIONE INIETTABILE IN SIRINGA PRERIEMPITA- 1 SIRINGA PRERIEMPITA DA 22,5MG/0,56 ML CON TAMPONE IMBEVUTO CON ALCOL	METOTREXATO	METOTREXATO			Soluzione iniettabile in siringa pre-riempita	L04AX03	DIFA COOPER S.P.A.	Autorizzata	Procedura Mutuo riconoscimento o Decentrata	Medicinali soggetti a prescrizione medica da rinnovare volta per volta
044253161	044253	VELOS	22,5MG  SOLUZIONE INIETTABILE IN SIRINGA PRERIEMPITA- 4 SIRINGHE PRERIEMPITE DA 22,5MG/0,56 ML CON TAMPONE IMBEVUTO CON ALCOL	METOTREXATO	METOTREXATO			Soluzione iniettabile in siringa pre-riempita	L04AX03	DIFA COOPER S.P.A.	Autorizzata	Procedura Mutuo riconoscimento o Decentrata	Medicinali soggetti a prescrizione medica da rinnovare volta per volta
044253173	044253	VELOS	25MG  SOLUZIONE INIETTABILE IN SIRINGA PRERIEMPITA- 1 SIRINGA PRERIEMPITA DA 25MG/0,63 ML CON TAMPONE IMBEVUTO CON ALCOL	METOTREXATO	METOTREXATO			Soluzione iniettabile in siringa pre-riempita	L04AX03	DIFA COOPER S.P.A.	Autorizzata	Procedura Mutuo riconoscimento o Decentrata	Medicinali soggetti a prescrizione medica da rinnovare volta per volta
044253185	044253	VELOS	25MG  SOLUZIONE INIETTABILE IN SIRINGA PRERIEMPITA- 4 SIRINGHE PRERIEMPITE DA 25MG/0,63 ML CON TAMPONE IMBEVUTO CON ALCOL	METOTREXATO	METOTREXATO			Soluzione iniettabile in siringa pre-riempita	L04AX03	DIFA COOPER S.P.A.	Autorizzata	Procedura Mutuo riconoscimento o Decentrata	Medicinali soggetti a prescrizione medica da rinnovare volta per volta
044253197	044253	VELOS	27,5MG  SOLUZIONE INIETTABILE IN SIRINGA PRERIEMPITA- 1 SIRINGA PRERIEMPITA DA 27,5MG/0,69 ML CON TAMPONE IMBEVUTO CON ALCOL	METOTREXATO	METOTREXATO			Soluzione iniettabile in siringa pre-riempita	L04AX03	DIFA COOPER S.P.A.	Autorizzata	Procedura Mutuo riconoscimento o Decentrata	Medicinali soggetti a prescrizione medica da rinnovare volta per volta
044253209	044253	VELOS	27,5MG  SOLUZIONE INIETTABILE IN SIRINGA PRERIEMPITA- 4 SIRINGHE PRERIEMPITE DA 27,5MG/0,69 ML CON TAMPONE IMBEVUTO CON ALCOL	METOTREXATO	METOTREXATO			Soluzione iniettabile in siringa pre-riempita	L04AX03	DIFA COOPER S.P.A.	Autorizzata	Procedura Mutuo riconoscimento o Decentrata	Medicinali soggetti a prescrizione medica da rinnovare volta per volta
044253211	044253	VELOS	30MG  SOLUZIONE INIETTABILE IN SIRINGA PRERIEMPITA- 4 SIRINGHE PRERIEMPITE DA 30MG/0,75 ML CON TAMPONE IMBEVUTO CON ALCOL	METOTREXATO	METOTREXATO			Soluzione iniettabile in siringa pre-riempita	L04AX03	DIFA COOPER S.P.A.	Autorizzata	Procedura Mutuo riconoscimento o Decentrata	Medicinali soggetti a prescrizione medica da rinnovare volta per volta
044253223	044253	VELOS	30MG  SOLUZIONE INIETTABILE IN SIRINGA PRERIEMPITA- 1 SIRINGA PRERIEMPITA DA 30MG/0,75 ML CON TAMPONE IMBEVUTO CON ALCOL	METOTREXATO	METOTREXATO	3	milligrammi	Soluzione iniettabile in siringa pre-riempita	L04AX03	DIFA COOPER S.P.A.	Autorizzata	Procedura Mutuo riconoscimento o Decentrata	Medicinali soggetti a prescrizione medica da rinnovare volta per volta
044257018	044257	METOTREXATO DOC GENERICI	2,5MG  SOLUZIONE INIETTABILE IN SIRINGA PRERIEMPITA- 1 SIRINGA PRERIEMPITA DA 2,5MG/0,33ML CON TAMPONE IMBEVUTO CON ALCOL	METOTREXATO	METOTREXATO			Soluzione iniettabile in siringa pre-riempita	L04AX03	DOC GENERICI SRL	Autorizzata	Procedura Mutuo riconoscimento o Decentrata	Medicinali soggetti a prescrizione medica da rinnovare volta per volta
044257020	044257	METOTREXATO DOC GENERICI	2,5MG SOLUZIONE INIETTABILE IN SIRINGA PRERIEMPITA- 4 SIRINGHE PRERIEMPITE DA 2,5MG/0,33ML CON TAMPONE IMBEVUTO CON ALCOL	METOTREXATO	METOTREXATO			Soluzione iniettabile in siringa pre-riempita	L04AX03	DOC GENERICI SRL	Autorizzata	Procedura Mutuo riconoscimento o Decentrata	Medicinali soggetti a prescrizione medica da rinnovare volta per volta
044257032	044257	METOTREXATO DOC GENERICI	7,5MG SOLUZIONE INIETTABILE IN SIRINGA PRERIEMPITA- 1 SIRINGA PRERIEMPITA DA 7,5MG/0,30ML CON TAMPONE IMBEVUTO CON ALCOL	METOTREXATO	METOTREXATO			Soluzione iniettabile in siringa pre-riempita	L04AX03	DOC GENERICI SRL	Autorizzata	Procedura Mutuo riconoscimento o Decentrata	Medicinali soggetti a prescrizione medica da rinnovare volta per volta
044257044	044257	METOTREXATO DOC GENERICI	7,5MG SOLUZIONE INIETTABILE IN SIRINGA PRERIEMPITA- 4 SIRINGHE PRERIEMPITE DA 7,5MG/0,30ML CON TAMPONE IMBEVUTO CON ALCOL	METOTREXATO	METOTREXATO			Soluzione iniettabile in siringa pre-riempita	L04AX03	DOC GENERICI SRL	Autorizzata	Procedura Mutuo riconoscimento o Decentrata	Medicinali soggetti a prescrizione medica da rinnovare volta per volta
044257057	044257	METOTREXATO DOC GENERICI	10MG SOLUZIONE INIETTABILE IN SIRINGA PRERIEMPITA- 1 SIRINGA PRERIEMPITA DA 10MG/0,40ML CON TAMPONE IMBEVUTO CON ALCOL	METOTREXATO	METOTREXATO			Soluzione iniettabile in siringa pre-riempita	L04AX03	DOC GENERICI SRL	Autorizzata	Procedura Mutuo riconoscimento o Decentrata	Medicinali soggetti a prescrizione medica da rinnovare volta per volta
044257069	044257	METOTREXATO DOC GENERICI	10MG SOLUZIONE INIETTABILE IN SIRINGA PRERIEMPITA- 4 SIRINGHE PRERIEMPITE DA 10MG/0,40ML CON TAMPONE IMBEVUTO CON ALCOL	METOTREXATO	METOTREXATO			Soluzione iniettabile in siringa pre-riempita	L04AX03	DOC GENERICI SRL	Autorizzata	Procedura Mutuo riconoscimento o Decentrata	Medicinali soggetti a prescrizione medica da rinnovare volta per volta
044257071	044257	METOTREXATO DOC GENERICI	12,5MG SOLUZIONE INIETTABILE IN SIRINGA PRERIEMPITA- 1 SIRINGA PRERIEMPITA DA 12,5MG/0,31ML CON TAMPONE IMBEVUTO CON ALCOL	METOTREXATO	METOTREXATO			Soluzione iniettabile in siringa pre-riempita	L04AX03	DOC GENERICI SRL	Autorizzata	Procedura Mutuo riconoscimento o Decentrata	Medicinali soggetti a prescrizione medica da rinnovare volta per volta
044257083	044257	METOTREXATO DOC GENERICI	12,5MG SOLUZIONE INIETTABILE IN SIRINGA PRERIEMPITA- 4 SIRINGHE PRERIEMPITE DA 12,5MG/0,31ML CON TAMPONE IMBEVUTO CON ALCOL	METOTREXATO	METOTREXATO			Soluzione iniettabile in siringa pre-riempita	L04AX03	DOC GENERICI SRL	Autorizzata	Procedura Mutuo riconoscimento o Decentrata	Medicinali soggetti a prescrizione medica da rinnovare volta per volta
044257095	044257	METOTREXATO DOC GENERICI	15MG SOLUZIONE INIETTABILE IN SIRINGA PRERIEMPITA- 1 SIRINGA PRERIEMPITA DA 15MG/0,38ML CON TAMPONE IMBEVUTO CON ALCOL	METOTREXATO	METOTREXATO			Soluzione iniettabile in siringa pre-riempita	L04AX03	DOC GENERICI SRL	Autorizzata	Procedura Mutuo riconoscimento o Decentrata	Medicinali soggetti a prescrizione medica da rinnovare volta per volta
044257107	044257	METOTREXATO DOC GENERICI	15MG SOLUZIONE INIETTABILE IN SIRINGA PRERIEMPITA- 4SIRINGHE PRERIEMPITE  DA 15MG/0,38ML CON TAMPONE IMBEVUTO CON ALCOL	METOTREXATO	METOTREXATO			Soluzione iniettabile in siringa pre-riempita	L04AX03	DOC GENERICI SRL	Autorizzata	Procedura Mutuo riconoscimento o Decentrata	Medicinali soggetti a prescrizione medica da rinnovare volta per volta
044257119	044257	METOTREXATO DOC GENERICI	17,5MG SOLUZIONE INIETTABILE IN SIRINGA PRERIEMPITA- 1 SIRINGA PRERIEMPITA DA 17,5MG/0,44ML CON TAMPONE IMBEVUTO CON ALCOL	METOTREXATO	METOTREXATO			Soluzione iniettabile in siringa pre-riempita	L04AX03	DOC GENERICI SRL	Autorizzata	Procedura Mutuo riconoscimento o Decentrata	Medicinali soggetti a prescrizione medica da rinnovare volta per volta
044257121	044257	METOTREXATO DOC GENERICI	17,5MG SOLUZIONE INIETTABILE IN SIRINGA PRERIEMPITA- 4 SIRINGHE PRERIEMPITE DA 17,5MG/0,44ML CON TAMPONE IMBEVUTO CON ALCOL	METOTREXATO	METOTREXATO			Soluzione iniettabile in siringa pre-riempita	L04AX03	DOC GENERICI SRL	Autorizzata	Procedura Mutuo riconoscimento o Decentrata	Medicinali soggetti a prescrizione medica da rinnovare volta per volta
044257133	044257	METOTREXATO DOC GENERICI	20MG SOLUZIONE INIETTABILE IN SIRINGA PRERIEMPITA- 1 SIRINGA PRERIEMPITA DA 20MG/0,50ML CON TAMPONE IMBEVUTO CON ALCOL	METOTREXATO	METOTREXATO			Soluzione iniettabile in siringa pre-riempita	L04AX03	DOC GENERICI SRL	Autorizzata	Procedura Mutuo riconoscimento o Decentrata	Medicinali soggetti a prescrizione medica da rinnovare volta per volta
044257145	044257	METOTREXATO DOC GENERICI	20MG SOLUZIONE INIETTABILE IN SIRINGA PRERIEMPITA- 4 SIRINGHE PRERIEMPITE DA 20MG/0,50ML CON TAMPONE IMBEVUTO CON ALCOL	METOTREXATO	METOTREXATO			Soluzione iniettabile in siringa pre-riempita	L04AX03	DOC GENERICI SRL	Autorizzata	Procedura Mutuo riconoscimento o Decentrata	Medicinali soggetti a prescrizione medica da rinnovare volta per volta
044257158	044257	METOTREXATO DOC GENERICI	22,5MG SOLUZIONE INIETTABILE IN SIRINGA PRERIEMPITA- 1 SIRINGA PRERIEMPITA DA 22,5MG/0,56ML CON TAMPONE IMBEVUTO CON ALCOL	METOTREXATO	METOTREXATO			Soluzione iniettabile in siringa pre-riempita	L04AX03	DOC GENERICI SRL	Autorizzata	Procedura Mutuo riconoscimento o Decentrata	Medicinali soggetti a prescrizione medica da rinnovare volta per volta
044257160	044257	METOTREXATO DOC GENERICI	22,5MG SOLUZIONE INIETTABILE IN SIRINGA PRERIEMPITA- 4 SIRINGHE PRERIEMPITE DA 22,5MG/0,56ML CON TAMPONE IMBEVUTO CON ALCOL	METOTREXATO	METOTREXATO			Soluzione iniettabile in siringa pre-riempita	L04AX03	DOC GENERICI SRL	Autorizzata	Procedura Mutuo riconoscimento o Decentrata	Medicinali soggetti a prescrizione medica da rinnovare volta per volta
044257172	044257	METOTREXATO DOC GENERICI	25MG SOLUZIONE INIETTABILE IN SIRINGA PRERIEMPITA- 1 SIRINGA PRERIEMPITA DA 25MG/0,63ML CON TAMPONE IMBEVUTO CON ALCOL	METOTREXATO	METOTREXATO			Soluzione iniettabile in siringa pre-riempita	L04AX03	DOC GENERICI SRL	Autorizzata	Procedura Mutuo riconoscimento o Decentrata	Medicinali soggetti a prescrizione medica da rinnovare volta per volta
044257184	044257	METOTREXATO DOC GENERICI	25MG SOLUZIONE INIETTABILE IN SIRINGA PRERIEMPITA- 4 SIRINGHE PRERIEMPITE DA 25MG/0,63ML CON TAMPONE IMBEVUTO CON ALCOL	METOTREXATO	METOTREXATO			Soluzione iniettabile in siringa pre-riempita	L04AX03	DOC GENERICI SRL	Autorizzata	Procedura Mutuo riconoscimento o Decentrata	Medicinali soggetti a prescrizione medica da rinnovare volta per volta
044257196	044257	METOTREXATO DOC GENERICI	27,5MG SOLUZIONE INIETTABILE IN SIRINGA PRERIEMPITA- 1 SIRINGA PRERIEMPITA DA 27,5MG/0,69ML CON TAMPONE IMBEVUTO CON ALCOL	METOTREXATO	METOTREXATO			Soluzione iniettabile in siringa pre-riempita	L04AX03	DOC GENERICI SRL	Autorizzata	Procedura Mutuo riconoscimento o Decentrata	Medicinali soggetti a prescrizione medica da rinnovare volta per volta
044257208	044257	METOTREXATO DOC GENERICI	27,5MG SOLUZIONE INIETTABILE IN SIRINGA PRERIEMPITA- 4 SIRINGHE PRERIEMPITE DA 27,5MG/0,69ML CON TAMPONE IMBEVUTO CON ALCOL	METOTREXATO	METOTREXATO			Soluzione iniettabile in siringa pre-riempita	L04AX03	DOC GENERICI SRL	Autorizzata	Procedura Mutuo riconoscimento o Decentrata	Medicinali soggetti a prescrizione medica da rinnovare volta per volta
044257210	044257	METOTREXATO DOC GENERICI	30MG SOLUZIONE INIETTABILE IN SIRINGA PRERIEMPITA- 1 SIRINGA PRERIEMPITA DA 30MG/0,75ML CON TAMPONE IMBEVUTO CON ALCOL	METOTREXATO	METOTREXATO			Soluzione iniettabile in siringa pre-riempita	L04AX03	DOC GENERICI SRL	Autorizzata	Procedura Mutuo riconoscimento o Decentrata	Medicinali soggetti a prescrizione medica da rinnovare volta per volta
044257222	044257	METOTREXATO DOC GENERICI	30MG SOLUZIONE INIETTABILE IN SIRINGA PRERIEMPITA- 4 SIRINGHE PRERIEMPITE DA 30MG/0,75ML  CON TAMPONE IMBEVUTO CON ALCOL	METOTREXATO	METOTREXATO			Soluzione iniettabile in siringa pre-riempita	L04AX03	DOC GENERICI SRL	Autorizzata	Procedura Mutuo riconoscimento o Decentrata	Medicinali soggetti a prescrizione medica da rinnovare volta per volta
045033014	045033	NORDIMET	7,5 MG - SOLUZIONE INIETTABILE - USO SOTTOCUTANEO - SIRINGA PRERIEMPITA (VETRO) IN PENNA PRERIEMPITA - 0,3 ML - 1 PENNA PRERIEMPITA + 1 AGO PER L''INIEZIONE + 1 STOPPER DELLO STANTUFFO + 1 TAMPONE	METOTREXATO	METOTREXATO	7.5	milligrammi	Soluzione iniettabile	L04AX03	NORDIC GROUP BV	Autorizzata	Procedura Centralizzata	Medicinali soggetti a prescrizione medica limitativa, da rinnovare volta per volta, vendibili al pubblico su prescrizione di centri ospedalieri o di specialisti
045033026	045033	NORDIMET	10 MG - SOLUZIONE INIETTABILE - USO SOTTOCUTANEO - SIRINGA PRERIEMPITA (VETRO) IN PENNA PRERIEMPITA - 0,4 ML - 1 PENNA PRERIEMPITA + 1 AGO PER L''INIEZIONE + 1 STOPPER DELLO STANTUFFO + 1 TAMPONE	METOTREXATO	METOTREXATO	10	milligrammi	Soluzione iniettabile	L04AX03	NORDIC GROUP BV	Autorizzata	Procedura Centralizzata	Medicinali soggetti a prescrizione medica limitativa, da rinnovare volta per volta, vendibili al pubblico su prescrizione di centri ospedalieri o di specialisti
045033038	045033	NORDIMET	12,5 MG - SOLUZIONE INIETTABILE - USO SOTTOCUTANEO - SIRINGA PRERIEMPITA (VETRO) IN PENNA PRERIEMPITA - 0,5 ML - 1 PENNA PRERIEMPITA + 1 AGO PER L''INIEZIONE + 1 STOPPER DELLO STANTUFFO + 1 TAMPONE	METOTREXATO	METOTREXATO	12.5	milligrammi	Soluzione iniettabile	L04AX03	NORDIC GROUP BV	Autorizzata	Procedura Centralizzata	Medicinali soggetti a prescrizione medica limitativa, da rinnovare volta per volta, vendibili al pubblico su prescrizione di centri ospedalieri o di specialisti
045033040	045033	NORDIMET	15 MG - SOLUZIONE INIETTABILE - USO SOTTOCUTANEO - SIRINGA PRERIEMPITA (VETRO) IN PENNA PRERIEMPITA - 0,6 ML - 1 PENNA PRERIEMPITA + 1 AGO PER L''INIEZIONE + 1 STOPPER DELLO STANTUFFO + 1 TAMPONE	METOTREXATO	METOTREXATO	15	milligrammi	Soluzione iniettabile	L04AX03	NORDIC GROUP BV	Autorizzata	Procedura Centralizzata	Medicinali soggetti a prescrizione medica limitativa, da rinnovare volta per volta, vendibili al pubblico su prescrizione di centri ospedalieri o di specialisti
045033053	045033	NORDIMET	17,5 MG - SOLUZIONE INIETTABILE - USO SOTTOCUTANEO - SIRINGA PRERIEMPITA (VETRO) IN PENNA PRERIEMPITA - 0,7 ML - 1 PENNA PRERIEMPITA + 1 AGO PER L''INIEZIONE + 1 STOPPER DELLO STANTUFFO + 1 TAMPONE	METOTREXATO	METOTREXATO	17.5	milligrammi	Soluzione iniettabile	L04AX03	NORDIC GROUP BV	Autorizzata	Procedura Centralizzata	Medicinali soggetti a prescrizione medica limitativa, da rinnovare volta per volta, vendibili al pubblico su prescrizione di centri ospedalieri o di specialisti
045033065	045033	NORDIMET	20 MG - SOLUZIONE INIETTABILE - USO SOTTOCUTANEO - SIRINGA PRERIEMPITA (VETRO) IN PENNA PRERIEMPITA - 0,8 ML - 1 PENNA PRERIEMPITA + 1 AGO PER L''INIEZIONE + 1 STOPPER DELLO STANTUFFO + 1 TAMPONE	METOTREXATO	METOTREXATO	20	milligrammi	Soluzione iniettabile	L04AX03	NORDIC GROUP BV	Autorizzata	Procedura Centralizzata	Medicinali soggetti a prescrizione medica limitativa, da rinnovare volta per volta, vendibili al pubblico su prescrizione di centri ospedalieri o di specialisti
045033077	045033	NORDIMET	22,5 MG - SOLUZIONE INIETTABILE - USO SOTTOCUTANEO - SIRINGA PRERIEMPITA (VETRO) IN PENNA PRERIEMPITA - 0,9 ML - 1 PENNA PRERIEMPITA + 1 AGO PER L''INIEZIONE + 1 STOPPER DELLO STANTUFFO + 1 TAMPONE	METOTREXATO	METOTREXATO	22.5	milligrammi	Soluzione iniettabile	L04AX03	NORDIC GROUP BV	Autorizzata	Procedura Centralizzata	Medicinali soggetti a prescrizione medica limitativa, da rinnovare volta per volta, vendibili al pubblico su prescrizione di centri ospedalieri o di specialisti
045033089	045033	NORDIMET	25 MG - SOLUZIONE INIETTABILE - USO SOTTOCUTANEO - SIRINGA PRERIEMPITA (VETRO) IN PENNA PRERIEMPITA - 1 ML - 1 PENNA PRERIEMPITA + 1 AGO PER L''INIEZIONE + 1 STOPPER DELLO STANTUFFO + 1 TAMPONE	METOTREXATO	METOTREXATO	25	milligrammi	Soluzione iniettabile	L04AX03	NORDIC GROUP BV	Autorizzata	Procedura Centralizzata	Medicinali soggetti a prescrizione medica limitativa, da rinnovare volta per volta, vendibili al pubblico su prescrizione di centri ospedalieri o di specialisti
045033091	045033	NORDIMET	7,5 MG SOLUZIONE INIETTABILE - USO SOTTOCUTANEO - SIRINGA PRERIEMPITA 0,3 ML(VETRO) IN PENNA PRERIEMPITA - 4 (4X1) PENNA PRERIEMPITA IONE  +4(4X1)TAMPONE (CONFEZIONE MULTIPLA)	METOTREXATO	METOTREXATO	7.5	milligrammi	Soluzione iniettabile	L04AX03	NORDIC GROUP BV	Autorizzata	Procedura Centralizzata	Medicinali soggetti a prescrizione medica limitativa, da rinnovare volta per volta, vendibili al pubblico su prescrizione di centri ospedalieri o di specialisti
045033103	045033	NORDIMET	7,5 MG SOLUZIONE INIETTABILE - USO SOTTOCUTANEO - SIRINGA PRERIEMPITA 0,3 ML (VETRO) IN PENNA PRERIEMPITA - 6(6X1) PENNE PRERIEMPITE +6(6X1) TAMPONE (CONFEZIONE MULTIPLA)	METOTREXATO	METOTREXATO	7.5	milligrammi	Soluzione iniettabile	L04AX03	NORDIC GROUP BV	Autorizzata	Procedura Centralizzata	Medicinali soggetti a prescrizione medica limitativa, da rinnovare volta per volta, vendibili al pubblico su prescrizione di centri ospedalieri o di specialisti
045033115	045033	NORDIMET	10 MG SOLUZIONE INIETTABILE - USO SOTTOCUTANEO - SIRINGA PRERIEMPITA 0,4 ML (VETRO) IN PENNA PRERIEMPITA - 4(4X1) PENNE PRERIEMPITE +4(4X1) AGO PER L''INIEZIONE +4(4X1) STOPPER DELLO STANTUFFO +4(4X1) TAMPONE (CONFEZIONE MULTIPLA)	METOTREXATO	METOTREXATO	10	milligrammi	Soluzione iniettabile	L04AX03	NORDIC GROUP BV	Autorizzata	Procedura Centralizzata	Medicinali soggetti a prescrizione medica limitativa, da rinnovare volta per volta, vendibili al pubblico su prescrizione di centri ospedalieri o di specialisti
045033127	045033	NORDIMET	10 MG SOLUZIONE INIETTABILE - USO SOTTOCUTANEO - SIRINGA PRERIEMPITA 0,4 ML (VETRO) IN PENNA PRERIEMPITA - 6(6X1) PENNE PRERIEMPITE +6(6X1) TAMPONE (CONFEZIONE MULTIPLA)	METOTREXATO	METOTREXATO	10	milligrammi	Soluzione iniettabile	L04AX03	NORDIC GROUP BV	Autorizzata	Procedura Centralizzata	Medicinali soggetti a prescrizione medica limitativa, da rinnovare volta per volta, vendibili al pubblico su prescrizione di centri ospedalieri o di specialisti
045033139	045033	NORDIMET	12,5 MG SOLUZIONE INIETTABILE - USO SOTTOCUTANEO - SIRINGA PRERIEMPITA 0,5 ML (VETRO) IN PENNA PRERIEMPITA - 4(4X1) PENNE PRERIEMPITE +4(4X1) TAMPONE (CONFEZIONE MULTIPLA)	METOTREXATO	METOTREXATO	12.5	milligrammi	Soluzione iniettabile	L04AX03	NORDIC GROUP BV	Autorizzata	Procedura Centralizzata	Medicinali soggetti a prescrizione medica limitativa, da rinnovare volta per volta, vendibili al pubblico su prescrizione di centri ospedalieri o di specialisti
045033141	045033	NORDIMET	12,5 MG SOLUZIONE INIETTABILE- USO SOTTOCUTANEO - SIRINGA PRERIEMPITA 0,3 ML (VETRO) IN PENNA PRERIEMPITA - 6(6X1) PENNE PRERIEMPITE +6(6X1) TAMPONE (CONFEZIONE MULTIPLA)	METOTREXATO	METOTREXATO	12.5	milligrammi	Soluzione iniettabile	L04AX03	NORDIC GROUP BV	Autorizzata	Procedura Centralizzata	Medicinali soggetti a prescrizione medica limitativa, da rinnovare volta per volta, vendibili al pubblico su prescrizione di centri ospedalieri o di specialisti
045033154	045033	NORDIMET	15 MG SOLUZIONE INIETTABILE - USO SOTTOCUTANEO - SIRINGA PRERIEMPITA 0,6 ML (VETRO) IN PENNA PRERIEMPITA - 4(4X1) PENNE PRERIEMPITE +4(4X1) TAMPONI (CONFEZIONE MULTIPLA)	METOTREXATO	METOTREXATO	15	milligrammi	Soluzione iniettabile	L04AX03	NORDIC GROUP BV	Autorizzata	Procedura Centralizzata	Medicinali soggetti a prescrizione medica limitativa, da rinnovare volta per volta, vendibili al pubblico su prescrizione di centri ospedalieri o di specialisti
045033166	045033	NORDIMET	15 MG SOLUZIONE INIETTABILE - USO SOTTOCUTANEO - SIRINGA PRERIEMPITA 0,6 ML (VETRO) IN PENNA PRERIEMPITA - 6(6X1) PENNE PRERIEMPITE+6(6X1) TAMPONE (CONFEZIONE MULTIPLA)	METOTREXATO	METOTREXATO	15	milligrammi	Soluzione iniettabile	L04AX03	NORDIC GROUP BV	Autorizzata	Procedura Centralizzata	Medicinali soggetti a prescrizione medica limitativa, da rinnovare volta per volta, vendibili al pubblico su prescrizione di centri ospedalieri o di specialisti
045033178	045033	NORDIMET	17,5 MG SOLUZIONE INIETTABILE - USO SOTTOCUTANEO - SIRINGA PRERIEMPITA 0,7 ML (VETRO) IN PENNA PRERIEMPITA - 4(4X1) PENNE PRERIEMPITE +4(4X1) TAMPONE (CONFEZIONE MULTIPLA)	METOTREXATO	METOTREXATO	17.5	milligrammi	Soluzione iniettabile	L04AX03	NORDIC GROUP BV	Autorizzata	Procedura Centralizzata	Medicinali soggetti a prescrizione medica limitativa, da rinnovare volta per volta, vendibili al pubblico su prescrizione di centri ospedalieri o di specialisti
045033180	045033	NORDIMET	17,5 MG SOLUZIONE INIETTABILE - USO SOTTOCUTANEO - SIRINGA PRERIEMPITA 0,7 ML (VETRO) IN PENNA PRERIEMPITA - 6(6X1) PENNE PRERIEMPITE +6(6X1) TAMPONE (CONFEZIONE MULTIPLA)	METOTREXATO	METOTREXATO	17.5	milligrammi	Soluzione iniettabile	L04AX03	NORDIC GROUP BV	Autorizzata	Procedura Centralizzata	Medicinali soggetti a prescrizione medica limitativa, da rinnovare volta per volta, vendibili al pubblico su prescrizione di centri ospedalieri o di specialisti
045033192	045033	NORDIMET	20 MG SOLUZIONE INIETTABILE - USO SOTTOCUTANEO - SIRINGA PRERIEMPITA 0,8 ML (VETRO) IN PENNA PRERIEMPITA - 4(4X1) PENNE PRERIEMPITE +4(4X1) TAMPONE (CONFEZIONE MULTIPLA)	METOTREXATO	METOTREXATO	20	milligrammi	Soluzione iniettabile	L04AX03	NORDIC GROUP BV	Autorizzata	Procedura Centralizzata	Medicinali soggetti a prescrizione medica limitativa, da rinnovare volta per volta, vendibili al pubblico su prescrizione di centri ospedalieri o di specialisti
045033204	045033	NORDIMET	20 MG SOLUZIONE INIETTABILE - USO SOTTOCUTANEO - SIRINGA PRERIEMPITA 0,8 ML (VETRO) IN PENNA PRERIEMPITA - 6(6X1) PENNE PRERIEMPITE +6(6X1) TAMPONE (CONFEZIONE MULTIPLA)	METOTREXATO	METOTREXATO	20	milligrammi	Soluzione iniettabile	L04AX03	NORDIC GROUP BV	Autorizzata	Procedura Centralizzata	Medicinali soggetti a prescrizione medica limitativa, da rinnovare volta per volta, vendibili al pubblico su prescrizione di centri ospedalieri o di specialisti
045033216	045033	NORDIMET	22,5 MG SOLUZIONE INIETTABILE - USO SOTTOCUTANEO - SIRINGA PRERIEMPITA 0,9 ML (VETRO) IN PENNA PRERIEMPITA - 4(4X1) PENNE PRERIEMPITE +4(4X1) TAMPONE (CONFEZIONE MULTIPLA)	METOTREXATO	METOTREXATO	22.5	milligrammi	Soluzione iniettabile	L04AX03	NORDIC GROUP BV	Autorizzata	Procedura Centralizzata	Medicinali soggetti a prescrizione medica limitativa, da rinnovare volta per volta, vendibili al pubblico su prescrizione di centri ospedalieri o di specialisti
045033228	045033	NORDIMET	22,5 MG SOLUZIONE INIETTABILE - USO SOTTOCUTANEO - SIRINGA PRERIEMPITA 0,9 ML (VETRO) IN PENNA PRERIEMPITA - 6(6X1) PENNE PRERIEMPITE +6(6X1) TAMPONE (CONFEZIONE MULTIPLA)	METOTREXATO	METOTREXATO	22.5	milligrammi	Soluzione iniettabile	L04AX03	NORDIC GROUP BV	Autorizzata	Procedura Centralizzata	Medicinali soggetti a prescrizione medica limitativa, da rinnovare volta per volta, vendibili al pubblico su prescrizione di centri ospedalieri o di specialisti
045033230	045033	NORDIMET	25 MG SOLUZIONE INIETTABILE - USO SOTTOCUTANEO - SIRINGA PRERIEMPITA 1 ML (VETRO) IN PENNA PRERIEMPITA - 4(4X1) PENNE PRERIEMPITE +4(4X1) TAMPONE (CONFEZIONE MULTIPLA)	METOTREXATO	METOTREXATO	25	milligrammi	Soluzione iniettabile	L04AX03	NORDIC GROUP BV	Autorizzata	Procedura Centralizzata	Medicinali soggetti a prescrizione medica limitativa, da rinnovare volta per volta, vendibili al pubblico su prescrizione di centri ospedalieri o di specialisti
045033242	045033	NORDIMET	25 MG SOLUZIONE INIETTABILE - USO SOTTOCUTANEO - SIRINGA PRERIEMPITA 1 ML (VETRO) IN PENNA PRERIEMPITA - 6(6X1) PENNE PRERIEMPITE +6(6X1) TAMPONE (CONFEZIONE MULTIPLA)	METOTREXATO	METOTREXATO	25	milligrammi	Soluzione iniettabile	L04AX03	NORDIC GROUP BV	Autorizzata	Procedura Centralizzata	Medicinali soggetti a prescrizione medica limitativa, da rinnovare volta per volta, vendibili al pubblico su prescrizione di centri ospedalieri o di specialisti
045033255	045033	NORDIMET	7,5 MG - SOLUZIONE INIETTABILE - USO SOTTOCUTANEO - SIRINGA PRERIEMPITA (VETRO) CON DISPOSITIVO DI SICUREZZA - 0,3 ML - 1 SIRINGA PRERIEMPITA + 2 TAMPONI	METOTREXATO	METOTREXATO	7.5	milligrammi	Soluzione iniettabile	L04AX03	NORDIC GROUP BV	Autorizzata	Procedura Centralizzata	Medicinali soggetti a prescrizione medica limitativa, da rinnovare volta per volta, vendibili al pubblico su prescrizione di centri ospedalieri o di specialisti
045033267	045033	NORDIMET	7,5 MG - SOLUZIONE INIETTABILE - USO SOTTOCUTANEO - SIRINGA PRERIEMPITA (VETRO) CON DISPOSITIVO DI SICUREZZA - 0,3 ML - 4 (4X1) SIRINGHE PRERIEMPITE + 8 (4X2) TAMPONI (CONFEZIONE MULTIPLA)	METOTREXATO	METOTREXATO	7.5	milligrammi	Soluzione iniettabile	L04AX03	NORDIC GROUP BV	Autorizzata	Procedura Centralizzata	Medicinali soggetti a prescrizione medica limitativa, da rinnovare volta per volta, vendibili al pubblico su prescrizione di centri ospedalieri o di specialisti
045033279	045033	NORDIMET	7,5 MG - SOLUZIONE INIETTABILE - USO SOTTOCUTANEO - SIRINGA PRERIEMPITA (VETRO) CON DISPOSITIVO DI SICUREZZA - 0,3 ML - 6 (6X1) SIRINGHE PRERIEMPITE + 12 (6X2) TAMPONI (CONFEZIONE MULTIPLA)	METOTREXATO	METOTREXATO	7.5	milligrammi	Soluzione iniettabile	L04AX03	NORDIC GROUP BV	Autorizzata	Procedura Centralizzata	Medicinali soggetti a prescrizione medica limitativa, da rinnovare volta per volta, vendibili al pubblico su prescrizione di centri ospedalieri o di specialisti
045033281	045033	NORDIMET	10 MG - SOLUZIONE INIETTABILE - USO SOTTOCUTANEO - SIRINGA PRERIEMPITA (VETRO) CON DISPOSITIVO DI SICUREZZA - 0,4 ML - 1 SIRINGA PRERIEMPITA + 2 TAMPONI	METOTREXATO	METOTREXATO	10	milligrammi	Soluzione iniettabile	L04AX03	NORDIC GROUP BV	Autorizzata	Procedura Centralizzata	Medicinali soggetti a prescrizione medica limitativa, da rinnovare volta per volta, vendibili al pubblico su prescrizione di centri ospedalieri o di specialisti
045033293	045033	NORDIMET	10 MG - SOLUZIONE INIETTABILE - USO SOTTOCUTANEO - SIRINGA PRERIEMPITA (VETRO) CON DISPOSITIVO DI SICUREZZA - 0,4 ML - 4 (4X1) SIRINGHE PRERIEMPITE + 8 (4X2) TAMPONI (CONFEZIONE MULTIPLA)	METOTREXATO	METOTREXATO	10	milligrammi	Soluzione iniettabile	L04AX03	NORDIC GROUP BV	Autorizzata	Procedura Centralizzata	Medicinali soggetti a prescrizione medica limitativa, da rinnovare volta per volta, vendibili al pubblico su prescrizione di centri ospedalieri o di specialisti
045033305	045033	NORDIMET	10 MG - SOLUZIONE INIETTABILE - USO SOTTOCUTANEO - SIRINGA PRERIEMPITA (VETRO) CON DISPOSITIVO DI SICUREZZA - 0,4 ML - 6 (6X1) SIRINGHE PRERIEMPITE + 12 (6X2) TAMPONI (CONFEZIONE MULTIPLA)	METOTREXATO	METOTREXATO	10	milligrammi	Soluzione iniettabile	L04AX03	NORDIC GROUP BV	Autorizzata	Procedura Centralizzata	Medicinali soggetti a prescrizione medica limitativa, da rinnovare volta per volta, vendibili al pubblico su prescrizione di centri ospedalieri o di specialisti
045033317	045033	NORDIMET	12,5 MG - SOLUZIONE INIETTABILE - USO SOTTOCUTANEO - SIRINGA PRERIEMPITA (VETRO) CON DISPOSITIVO DI SICUREZZA - 0,5 ML - 1 SIRINGA PRERIEMPITA + 2 TAMPONI	METOTREXATO	METOTREXATO	12.5	milligrammi	Soluzione iniettabile	L04AX03	NORDIC GROUP BV	Autorizzata	Procedura Centralizzata	Medicinali soggetti a prescrizione medica limitativa, da rinnovare volta per volta, vendibili al pubblico su prescrizione di centri ospedalieri o di specialisti
045033329	045033	NORDIMET	12,5 MG - SOLUZIONE INIETTABILE - USO SOTTOCUTANEO - SIRINGA PRERIEMPITA (VETRO) CON DISPOSITIVO DI SICUREZZA - 0,5 ML - 4 (4X1) SIRINGHE PRERIEMPITE + 8 (4X2) TAMPONI (CONFEZIONE MULTIPLA)	METOTREXATO	METOTREXATO	12.5	milligrammi	Soluzione iniettabile	L04AX03	NORDIC GROUP BV	Autorizzata	Procedura Centralizzata	Medicinali soggetti a prescrizione medica limitativa, da rinnovare volta per volta, vendibili al pubblico su prescrizione di centri ospedalieri o di specialisti
045033331	045033	NORDIMET	12,5 MG - SOLUZIONE INIETTABILE - USO SOTTOCUTANEO - SIRINGA PRERIEMPITA (VETRO) CON DISPOSITIVO DI SICUREZZA - 0,5 ML - 6 (6X1) SIRINGHE PRERIEMPITE + 12 (6X2) TAMPONI (CONFEZIONE MULTIPLA)	METOTREXATO	METOTREXATO	12.5	milligrammi	Soluzione iniettabile	L04AX03	NORDIC GROUP BV	Autorizzata	Procedura Centralizzata	Medicinali soggetti a prescrizione medica limitativa, da rinnovare volta per volta, vendibili al pubblico su prescrizione di centri ospedalieri o di specialisti
045033343	045033	NORDIMET	15 MG - SOLUZIONE INIETTABILE - USO SOTTOCUTANEO - SIRINGA PRERIEMPITA (VETRO) CON DISPOSITIVO DI SICUREZZA - 0,6 ML - 1 SIRINGA PRERIEMPITA + 2 TAMPONI	METOTREXATO	METOTREXATO	15	milligrammi	Soluzione iniettabile	L04AX03	NORDIC GROUP BV	Autorizzata	Procedura Centralizzata	Medicinali soggetti a prescrizione medica limitativa, da rinnovare volta per volta, vendibili al pubblico su prescrizione di centri ospedalieri o di specialisti
045033356	045033	NORDIMET	15 MG - SOLUZIONE INIETTABILE - USO SOTTOCUTANEO - SIRINGA PRERIEMPITA (VETRO) CON DISPOSITIVO DI SICUREZZA - 0,6 ML - 4 (4X1) SIRINGHE PRERIEMPITE + 8 (4X2) TAMPONI (CONFEZIONE MULTIPLA)	METOTREXATO	METOTREXATO	15	milligrammi	Soluzione iniettabile	L04AX03	NORDIC GROUP BV	Autorizzata	Procedura Centralizzata	Medicinali soggetti a prescrizione medica limitativa, da rinnovare volta per volta, vendibili al pubblico su prescrizione di centri ospedalieri o di specialisti
045033368	045033	NORDIMET	15 MG - SOLUZIONE INIETTABILE - USO SOTTOCUTANEO - SIRINGA PRERIEMPITA (VETRO) CON DISPOSITIVO DI SICUREZZA - 0,6 ML - 6 (6X1) SIRINGHE PRERIEMPITE + 12 (6X2) TAMPONI (CONFEZIONE MULTIPLA)	METOTREXATO	METOTREXATO	15	milligrammi	Soluzione iniettabile	L04AX03	NORDIC GROUP BV	Autorizzata	Procedura Centralizzata	Medicinali soggetti a prescrizione medica limitativa, da rinnovare volta per volta, vendibili al pubblico su prescrizione di centri ospedalieri o di specialisti
045033370	045033	NORDIMET	17,5 MG - SOLUZIONE INIETTABILE - USO SOTTOCUTANEO - SIRINGA PRERIEMPITA (VETRO) CON DISPOSITIVO DI SICUREZZA - 0,7 ML - 1 SIRINGA PRERIEMPITA + 2 TAMPONI	METOTREXATO	METOTREXATO	17.5	milligrammi	Soluzione iniettabile	L04AX03	NORDIC GROUP BV	Autorizzata	Procedura Centralizzata	Medicinali soggetti a prescrizione medica limitativa, da rinnovare volta per volta, vendibili al pubblico su prescrizione di centri ospedalieri o di specialisti
045033382	045033	NORDIMET	17,5 MG - SOLUZIONE INIETTABILE - USO SOTTOCUTANEO - SIRINGA PRERIEMPITA (VETRO) CON DISPOSITIVO DI SICUREZZA - 0,7 ML - 4 (4X1) SIRINGHE PRERIEMPITE + 8 (4X2) TAMPONI (CONFEZIONE MULTIPLA)	METOTREXATO	METOTREXATO	17.5	milligrammi	Soluzione iniettabile	L04AX03	NORDIC GROUP BV	Autorizzata	Procedura Centralizzata	Medicinali soggetti a prescrizione medica limitativa, da rinnovare volta per volta, vendibili al pubblico su prescrizione di centri ospedalieri o di specialisti
045033394	045033	NORDIMET	17,5 MG - SOLUZIONE INIETTABILE - USO SOTTOCUTANEO - SIRINGA PRERIEMPITA (VETRO) CON DISPOSITIVO DI SICUREZZA - 0,7 ML - 6 (6X1) SIRINGHE PRERIEMPITE + 12 (6X2) TAMPONI (CONFEZIONE MULTIPLA)	METOTREXATO	METOTREXATO	17.5	milligrammi	Soluzione iniettabile	L04AX03	NORDIC GROUP BV	Autorizzata	Procedura Centralizzata	Medicinali soggetti a prescrizione medica limitativa, da rinnovare volta per volta, vendibili al pubblico su prescrizione di centri ospedalieri o di specialisti
045033406	045033	NORDIMET	20 MG - SOLUZIONE INIETTABILE - USO SOTTOCUTANEO - SIRINGA PRERIEMPITA (VETRO) CON DISPOSITIVO DI SICUREZZA - 0,8 ML - 1 SIRINGA PRERIEMPITA + 2 TAMPONI	METOTREXATO	METOTREXATO	20	milligrammi	Soluzione iniettabile	L04AX03	NORDIC GROUP BV	Autorizzata	Procedura Centralizzata	Medicinali soggetti a prescrizione medica limitativa, da rinnovare volta per volta, vendibili al pubblico su prescrizione di centri ospedalieri o di specialisti
045033418	045033	NORDIMET	20 MG - SOLUZIONE INIETTABILE - USO SOTTOCUTANEO - SIRINGA PRERIEMPITA (VETRO) CON DISPOSITIVO DI SICUREZZA - 0,8 ML - 4 (4X1) SIRINGA PRERIEMPITA + 8 (4X2) TAMPONI (CONFEZIONE MULTIPLA)	METOTREXATO	METOTREXATO	20	milligrammi	Soluzione iniettabile	L04AX03	NORDIC GROUP BV	Autorizzata	Procedura Centralizzata	Medicinali soggetti a prescrizione medica limitativa, da rinnovare volta per volta, vendibili al pubblico su prescrizione di centri ospedalieri o di specialisti
045033420	045033	NORDIMET	20 MG - SOLUZIONE INIETTABILE - USO SOTTOCUTANEO - SIRINGA PRERIEMPITA (VETRO) CON DISPOSITIVO DI SICUREZZA - 0,8 ML - 6 (6X1) SIRINGA PRERIEMPITA + 12 (6X2) TAMPONI (CONFEZIONE MULTIPLA)	METOTREXATO	METOTREXATO	20	milligrammi	Soluzione iniettabile	L04AX03	NORDIC GROUP BV	Autorizzata	Procedura Centralizzata	Medicinali soggetti a prescrizione medica limitativa, da rinnovare volta per volta, vendibili al pubblico su prescrizione di centri ospedalieri o di specialisti
045033432	045033	NORDIMET	22,5 MG - SOLUZIONE INIETTABILE - USO SOTTOCUTANEO - SIRINGA PRERIEMPITA (VETRO) CON DISPOSITIVO DI SICUREZZA - 0,9 ML - 1 SIRINGA PRERIEMPITA + 2 TAMPONI	METOTREXATO	METOTREXATO	22.5	milligrammi	Soluzione iniettabile	L04AX03	NORDIC GROUP BV	Autorizzata	Procedura Centralizzata	Medicinali soggetti a prescrizione medica limitativa, da rinnovare volta per volta, vendibili al pubblico su prescrizione di centri ospedalieri o di specialisti
045033444	045033	NORDIMET	22,5 MG - SOLUZIONE INIETTABILE - USO SOTTOCUTANEO - SIRINGA PRERIEMPITA (VETRO) CON DISPOSITIVO DI SICUREZZA - 0,9 ML - 4 (4X1) SIRINGHE PRERIEMPITE + 8 (4X2) TAMPONI (CONFEZIONE MULTIPLA)	METOTREXATO	METOTREXATO	22.5	milligrammi	Soluzione iniettabile	L04AX03	NORDIC GROUP BV	Autorizzata	Procedura Centralizzata	Medicinali soggetti a prescrizione medica limitativa, da rinnovare volta per volta, vendibili al pubblico su prescrizione di centri ospedalieri o di specialisti
045033457	045033	NORDIMET	22,5 MG - SOLUZIONE INIETTABILE - USO SOTTOCUTANEO - SIRINGA PRERIEMPITA (VETRO) CON DISPOSITIVO DI SICUREZZA - 0,9 ML - 6 (6X1) SIRINGHE PRERIEMPITE + 12 (6X2) TAMPONI (CONFEZIONE MULTIPLA)	METOTREXATO	METOTREXATO	22.5	milligrammi	Soluzione iniettabile	L04AX03	NORDIC GROUP BV	Autorizzata	Procedura Centralizzata	Medicinali soggetti a prescrizione medica limitativa, da rinnovare volta per volta, vendibili al pubblico su prescrizione di centri ospedalieri o di specialisti
045033469	045033	NORDIMET	25 MG - SOLUZIONE INIETTABILE - USO SOTTOCUTANEO - SIRINGA PRERIEMPITA (VETRO) CON DISPOSITIVO DI SICUREZZA - 1 ML - 1 SIRINGA PRERIEMPITA + 2 TAMPONI	METOTREXATO	METOTREXATO	25	milligrammi	Soluzione iniettabile	L04AX03	NORDIC GROUP BV	Autorizzata	Procedura Centralizzata	Medicinali soggetti a prescrizione medica limitativa, da rinnovare volta per volta, vendibili al pubblico su prescrizione di centri ospedalieri o di specialisti
045033471	045033	NORDIMET	25 MG - SOLUZIONE INIETTABILE - USO SOTTOCUTANEO - SIRINGA PRERIEMPITA (VETRO) CON DISPOSITIVO DI SICUREZZA - 1 ML - 4 (4X1) SIRINGHE PRERIEMPITE + 8 (4X2) TAMPONI (CONFEZIONE MULTIPLA)	METOTREXATO	METOTREXATO	25	milligrammi	Soluzione iniettabile	L04AX03	NORDIC GROUP BV	Autorizzata	Procedura Centralizzata	Medicinali soggetti a prescrizione medica limitativa, da rinnovare volta per volta, vendibili al pubblico su prescrizione di centri ospedalieri o di specialisti
045033483	045033	NORDIMET	25 MG - SOLUZIONE INIETTABILE - USO SOTTOCUTANEO - SIRINGA PRERIEMPITA (VETRO) CON DISPOSITIVO DI SICUREZZA - 1 ML - 6 (6X1) SIRINGHE PRERIEMPITE + 12 (6X2) TAMPONI (CONFEZIONE MULTIPLA)	METOTREXATO	METOTREXATO	25	milligrammi	Soluzione iniettabile	L04AX03	NORDIC GROUP BV	Autorizzata	Procedura Centralizzata	Medicinali soggetti a prescrizione medica limitativa, da rinnovare volta per volta, vendibili al pubblico su prescrizione di centri ospedalieri o di specialisti
045033495	045033	NORDIMET	7,5 MG - SOLUZIONE INIETTABILE - USO SOTTOCUTANEO - SIRINGA PRERIEMPITA (VETRO) CON DISPOSITIVO DI SICUREZZA - 0,3 ML - 12 (12X1) SIRINGHE PRERIEMPITE + 24 (12X2) TAMPONI (CONFEZIONE MULTIPLA)	METOTREXATO	METOTREXATO	7.5		Soluzione iniettabile	L04AX03	NORDIC GROUP BV	Autorizzata	Procedura Centralizzata	Medicinali soggetti a prescrizione medica limitativa, da rinnovare volta per volta, vendibili al pubblico su prescrizione di centri ospedalieri o di specialisti
045033507	045033	NORDIMET	10 MG - SOLUZIONE INIETTABILE - USO SOTTOCUTANEO - SIRINGA PRERIEMPITA (VETRO) CON DISPOSITIVO DI SICUREZZA - 0,4 ML - 12 (12X1) SIRINGHE PRERIEMPITE + 24 (12X2) TAMPONI (CONFEZIONE MULTIPLA)	METOTREXATO	METOTREXATO	10		Soluzione iniettabile	L04AX03	NORDIC GROUP BV	Autorizzata	Procedura Centralizzata	Medicinali soggetti a prescrizione medica limitativa, da rinnovare volta per volta, vendibili al pubblico su prescrizione di centri ospedalieri o di specialisti
045033519	045033	NORDIMET	12,5 MG - SOLUZIONE INIETTABILE - USO SOTTOCUTANEO - SIRINGA PRERIEMPITA (VETRO) CON DISPOSITIVO DI SICUREZZA - 0,5 ML - 12 (12X1) SIRINGHE PRERIEMPITE + 24 (12X2) TAMPONI (CONFEZIONE MULTIPLA)	METOTREXATO	METOTREXATO	5		Soluzione iniettabile	L04AX03	NORDIC GROUP BV	Autorizzata	Procedura Centralizzata	Medicinali soggetti a prescrizione medica limitativa, da rinnovare volta per volta, vendibili al pubblico su prescrizione di centri ospedalieri o di specialisti
045033521	045033	NORDIMET	15 MG - SOLUZIONE INIETTABILE - USO SOTTOCUTANEO - SIRINGA PRERIEMPITA (VETRO) CON DISPOSITIVO DI SICUREZZA - 0,6 ML - 12 (12X1) SIRINGHE PRERIEMPITE + 24 (12X2) TAMPONI (CONFEZIONE MULTIPLA)	METOTREXATO	METOTREXATO	15		Soluzione iniettabile	L04AX03	NORDIC GROUP BV	Autorizzata	Procedura Centralizzata	Medicinali soggetti a prescrizione medica limitativa, da rinnovare volta per volta, vendibili al pubblico su prescrizione di centri ospedalieri o di specialisti
045033533	045033	NORDIMET	17,5 MG - SOLUZIONE INIETTABILE - USO SOTTOCUTANEO - SIRINGA PRERIEMPITA (VETRO) CON DISPOSITIVO DI SICUREZZA - 0,7 ML - 12 (12X1) SIRINGHE PRERIEMPITE + 24 (12X2) TAMPONI (CONFEZIONE MULTIPLA)	METOTREXATO	METOTREXATO	17.5		Soluzione iniettabile	L04AX03	NORDIC GROUP BV	Autorizzata	Procedura Centralizzata	Medicinali soggetti a prescrizione medica limitativa, da rinnovare volta per volta, vendibili al pubblico su prescrizione di centri ospedalieri o di specialisti
045033545	045033	NORDIMET	20 MG - SOLUZIONE INIETTABILE - USO SOTTOCUTANEO - SIRINGA PRERIEMPITA (VETRO) CON DISPOSITIVO DI SICUREZZA - 0,8 ML - 12 (12X1) SIRINGHE PRERIEMPITE + 24 (12X2) TAMPONI (CONFEZIONE MULTIPLA)	METOTREXATO	METOTREXATO	20		Soluzione iniettabile	L04AX03	NORDIC GROUP BV	Autorizzata	Procedura Centralizzata	Medicinali soggetti a prescrizione medica limitativa, da rinnovare volta per volta, vendibili al pubblico su prescrizione di centri ospedalieri o di specialisti
045033558	045033	NORDIMET	22,5 MG - SOLUZIONE INIETTABILE - USO SOTTOCUTANEO - SIRINGA PRERIEMPITA (VETRO) CON DISPOSITIVO DI SICUREZZA - 0,9 ML - 12 (12X1) SIRINGHE PRERIEMPITE + 24 (12X2) TAMPONI (CONFEZIONE MULTIPLA)	METOTREXATO	METOTREXATO	22.5		Soluzione iniettabile	L04AX03	NORDIC GROUP BV	Autorizzata	Procedura Centralizzata	Medicinali soggetti a prescrizione medica limitativa, da rinnovare volta per volta, vendibili al pubblico su prescrizione di centri ospedalieri o di specialisti
045033560	045033	NORDIMET	25 MG - SOLUZIONE INIETTABILE - USO SOTTOCUTANEO - SIRINGA PRERIEMPITA (VETRO) CON DISPOSITIVO DI SICUREZZA - 1 ML - 12 (12X1) SIRINGHE PRERIEMPITE + 24 (12X2) TAMPONI (CONFEZIONE MULTIPLA)	METOTREXATO	METOTREXATO	25		Soluzione iniettabile	L04AX03	NORDIC GROUP BV	Autorizzata	Procedura Centralizzata	Medicinali soggetti a prescrizione medica limitativa, da rinnovare volta per volta, vendibili al pubblico su prescrizione di centri ospedalieri o di specialisti
045033572	045033	NORDIMET	7,5 MG - SOLUZIONE INIETTABILE -USO SOTTOCUTANEO - SIRINGA PRERIEMPITA 0,3 ML (VETRO) IN PENNA PRERIEMPITA - 4 (1X4) PENNE PRERIEMPITE+4 (4X1)  TAMPONI (CONFEZIONE MULTIPLA)	METOTREXATO	METOTREXATO	7.5		Soluzione iniettabile	L04AX03	NORDIC GROUP BV	Autorizzata	Procedura Centralizzata	Medicinali soggetti a prescrizione medica limitativa, da rinnovare volta per volta, vendibili al pubblico su prescrizione di centri ospedalieri o di specialisti
045033584	045033	NORDIMET	7,5 MG SOLUZIONE INIETTABILE - USO SOTTOCUTANEO - SIRINGA PRERIEMPITA 0,3 ML (VETRO) IN PENNA PRERIEMPITA - 12 (3X4) PENNE PRERIEMPITE + 12 TAMPONI (CONFEZIONE MULTIPLA)	METOTREXATO	METOTREXATO	7.5		Soluzione iniettabile	L04AX03	NORDIC GROUP BV	Autorizzata	Procedura Centralizzata	Medicinali soggetti a prescrizione medica limitativa, da rinnovare volta per volta, vendibili al pubblico su prescrizione di centri ospedalieri o di specialisti
045033596	045033	NORDIMET	10 MG SOLUZIONE INIETTABILE - USO SOTTOCUTANEO - SIRINGA PRERIEMPITA 0,4 ML (VETRO) IN PENNA PRERIEMPITA - 4 (1X4) PENNE PRERIEMPITE + 4 (4X1) TAMPONI (CONFEZIONE MULTIPLA)	METOTREXATO	METOTREXATO	10		Soluzione iniettabile	L04AX03	NORDIC GROUP BV	Autorizzata	Procedura Centralizzata	Medicinali soggetti a prescrizione medica limitativa, da rinnovare volta per volta, vendibili al pubblico su prescrizione di centri ospedalieri o di specialisti
045033608	045033	NORDIMET	10 MG SOLUZIONE INIETTABILE - USO SOTTOCUTANEO - SIRINGA PRERIEMPITA 0,4 ML (VETRO) IN PENNA PRERIEMPITA - 12 (3X4) PENNE PRERIEMPITE + 12 (12X1)TAMPONI (CONFEZIONE MULTIPLA)	METOTREXATO	METOTREXATO	10		Soluzione iniettabile	L04AX03	NORDIC GROUP BV	Autorizzata	Procedura Centralizzata	Medicinali soggetti a prescrizione medica limitativa, da rinnovare volta per volta, vendibili al pubblico su prescrizione di centri ospedalieri o di specialisti
045033610	045033	NORDIMET	12,5 MG SOLUZIONE INIETTABILE - USO SOTTOCUTANEO - SIRINGA PRERIEMPITA 0,5 ML (VETRO) IN PENNA PRERIEMPITA - 4 (1X4) PENNE PRERIEMPITE + 4 (4X1)TAMPONI (CONFEZIONE MULTIPLA)	METOTREXATO	METOTREXATO	12.5		Soluzione iniettabile	L04AX03	NORDIC GROUP BV	Autorizzata	Procedura Centralizzata	Medicinali soggetti a prescrizione medica limitativa, da rinnovare volta per volta, vendibili al pubblico su prescrizione di centri ospedalieri o di specialisti
045033622	045033	NORDIMET	12,5 MG SOLUZIONE INIETTABILE - USO SOTTOCUTANEO - SIRINGA PRERIEMPITA 0,5 ML (VETRO) IN PENNA PRERIEMPITA - 12 (3X4) PENNE PRERIEMPITE + 12 (12X1)TAMPONI (CONFEZIONE MULTIPLA)	METOTREXATO	METOTREXATO	12.5		Soluzione iniettabile	L04AX03	NORDIC GROUP BV	Autorizzata	Procedura Centralizzata	Medicinali soggetti a prescrizione medica limitativa, da rinnovare volta per volta, vendibili al pubblico su prescrizione di centri ospedalieri o di specialisti
045033634	045033	NORDIMET	15 MG SOLUZIONE INIETTABILE - USO SOTTOCUTANEO - SIRINGA PRERIEMPITA 0,6 ML (VETRO) IN PENNA PRERIEMPITA - 4 (1X4) PENNE PRERIEMPITE + 4 (4X1)TAMPONI (CONFEZIONE MULTIPLA)	METOTREXATO	METOTREXATO	15		Soluzione iniettabile	L04AX03	NORDIC GROUP BV	Autorizzata	Procedura Centralizzata	Medicinali soggetti a prescrizione medica limitativa, da rinnovare volta per volta, vendibili al pubblico su prescrizione di centri ospedalieri o di specialisti
045033646	045033	NORDIMET	15 MG SOLUZIONE INIETTABILE - USO SOTTOCUTANEO - SIRINGA PRERIEMPITA 0,6 ML (VETRO) IN PENNA PRERIEMPITA - 12 (3X4) PENNE PRERIEMPITE + 12 (12X1)TAMPONI (CONFEZIONE MULTIPLA)	METOTREXATO	METOTREXATO	15		Soluzione iniettabile	L04AX03	NORDIC GROUP BV	Autorizzata	Procedura Centralizzata	Medicinali soggetti a prescrizione medica limitativa, da rinnovare volta per volta, vendibili al pubblico su prescrizione di centri ospedalieri o di specialisti
045033659	045033	NORDIMET	17,5 MG SOLUZIONE INIETTABILE - USO SOTTOCUTANEO - SIRINGA PRERIEMPITA 0,7 ML (VETRO) IN PENNA PRERIEMPITA - 4 (1X4) PENNE PRERIEMPITE + 4 (4X1)TAMPONI (CONFEZIONE MULTIPLA)	METOTREXATO	METOTREXATO	17.5		Soluzione iniettabile	L04AX03	NORDIC GROUP BV	Autorizzata	Procedura Centralizzata	Medicinali soggetti a prescrizione medica limitativa, da rinnovare volta per volta, vendibili al pubblico su prescrizione di centri ospedalieri o di specialisti
045033661	045033	NORDIMET	17,5 MG SOLUZIONE INIETTABILE - USO SOTTOCUTANEO - SIRINGA PRERIEMPITA 0,7 ML (VETRO) IN PENNA PRERIEMPITA - 12 (3X4) PENNE PRERIEMPITE + 12 (12X1)TAMPONI (CONFEZIONE MULTIPLA)	METOTREXATO	METOTREXATO	17.5		Soluzione iniettabile	L04AX03	NORDIC GROUP BV	Autorizzata	Procedura Centralizzata	Medicinali soggetti a prescrizione medica limitativa, da rinnovare volta per volta, vendibili al pubblico su prescrizione di centri ospedalieri o di specialisti
045033673	045033	NORDIMET	20 MG SOLUZIONE INIETTABILE - USO SOTTOCUTANEO - SIRINGA PRERIEMPITA 0,8 ML (VETRO) IN PENNA PRERIEMPITA - 4 (1X4) PENNE PRERIEMPITE + 4 (4X1)TAMPONI (CONFEZIONE MULTIPLA)	METOTREXATO	METOTREXATO	20		Soluzione iniettabile	L04AX03	NORDIC GROUP BV	Autorizzata	Procedura Centralizzata	Medicinali soggetti a prescrizione medica limitativa, da rinnovare volta per volta, vendibili al pubblico su prescrizione di centri ospedalieri o di specialisti
045033685	045033	NORDIMET	20 MG SOLUZIONE INIETTABILE - USO SOTTOCUTANEO - SIRINGA PRERIEMPITA 0,8 ML (VETRO) IN PENNA PRERIEMPITA - 12 (3X4) PENNE PRERIEMPITE + 12 (12X1)TAMPONI (CONFEZIONE MULTIPLA)	METOTREXATO	METOTREXATO	20		Soluzione iniettabile	L04AX03	NORDIC GROUP BV	Autorizzata	Procedura Centralizzata	Medicinali soggetti a prescrizione medica limitativa, da rinnovare volta per volta, vendibili al pubblico su prescrizione di centri ospedalieri o di specialisti
045033697	045033	NORDIMET	22,5 MG SOLUZIONE INIETTABILE - USO SOTTOCUTANEO - SIRINGA PRERIEMPITA 0,9 ML (VETRO) IN PENNA PRERIEMPITA - 4 (1X4) PENNE PRERIEMPITE + 4 (4X1)TAMPONI (CONFEZIONE MULTIPLA)	METOTREXATO	METOTREXATO	22.5		Soluzione iniettabile	L04AX03	NORDIC GROUP BV	Autorizzata	Procedura Centralizzata	Medicinali soggetti a prescrizione medica limitativa, da rinnovare volta per volta, vendibili al pubblico su prescrizione di centri ospedalieri o di specialisti
045033709	045033	NORDIMET	22,5 MG SOLUZIONE INIETTABILE - USO SOTTOCUTANEO - SIRINGA PRERIEMPITA 0,9 ML (VETRO) IN PENNA PRERIEMPITA - 12 (3X4) PENNE PRERIEMPITE + 12 (12X1)TAMPONI (CONFEZIONE MULTIPLA)	METOTREXATO	METOTREXATO	22.5		Soluzione iniettabile	L04AX03	NORDIC GROUP BV	Autorizzata	Procedura Centralizzata	Medicinali soggetti a prescrizione medica limitativa, da rinnovare volta per volta, vendibili al pubblico su prescrizione di centri ospedalieri o di specialisti
045033711	045033	NORDIMET	25 MG SOLUZIONE INIETTABILE - USO SOTTOCUTANEO - SIRINGA PRERIEMPITA 1 ML (VETRO) IN PENNA PRERIEMPITA - 4 (1X4) PENNE PRERIEMPITE + 4 (4X1)TAMPONI (CONFEZIONE MULTIPLA)	METOTREXATO	METOTREXATO	25		Soluzione iniettabile	L04AX03	NORDIC GROUP BV	Autorizzata	Procedura Centralizzata	Medicinali soggetti a prescrizione medica limitativa, da rinnovare volta per volta, vendibili al pubblico su prescrizione di centri ospedalieri o di specialisti
045033723	045033	NORDIMET	25  MG SOLUZIONE INIETTABILE - USO SOTTOCUTANEO - SIRINGA PRERIEMPITA 1 ML (VETRO) IN PENNA PRERIEMPITA - 12 (3X4) PENNE PRERIEMPITE + 12 (12X1)TAMPONI (CONFEZIONE MULTIPLA)	METOTREXATO	METOTREXATO	25		Soluzione iniettabile	L04AX03	NORDIC GROUP BV	Autorizzata	Procedura Centralizzata	Medicinali soggetti a prescrizione medica limitativa, da rinnovare volta per volta, vendibili al pubblico su prescrizione di centri ospedalieri o di specialisti
045171434	045171	REUMAFLEX	?50 MG/ML SOLUZIONE INIETTABILE IN SIRINGA PRERIEMPITA- 6 SIRINGHE DA 0,15 ML CON AGO SOTTOCUTANEO FISSO IN CONFEZIONE CON CALENDARIO	METOTREXATO	METOTREXATO			Soluzione iniettabile in siringa pre-riempita	L04AX03	ALFASIGMA S.P.A.	Autorizzata	Procedura Mutuo riconoscimento o Decentrata	Medicinali soggetti a prescrizione medica da rinnovare volta per volta
045171446	045171	REUMAFLEX	?50 MG/ML SOLUZIONE INIETTABILE IN SIRINGA PRERIEMPITA- 6 SIRINGHE DA 0,20 ML CON AGO SOTTOCUTANEO FISSO IN CONFEZIONE CON CALENDARIO	METOTREXATO	METOTREXATO			Soluzione iniettabile in siringa pre-riempita	L04AX03	ALFASIGMA S.P.A.	Autorizzata	Procedura Mutuo riconoscimento o Decentrata	Medicinali soggetti a prescrizione medica da rinnovare volta per volta
045171459	045171	REUMAFLEX	?50 MG/ML SOLUZIONE INIETTABILE IN SIRINGA PRERIEMPITA- 6 SIRINGHE DA 0,30 ML CON AGO SOTTOCUTANEO FISSO IN CONFEZIONE CON CALENDARIO	METOTREXATO	METOTREXATO			Soluzione iniettabile in siringa pre-riempita	L04AX03	ALFASIGMA S.P.A.	Autorizzata	Procedura Mutuo riconoscimento o Decentrata	Medicinali soggetti a prescrizione medica da rinnovare volta per volta
045171461	045171	REUMAFLEX	?50 MG/ML SOLUZIONE INIETTABILE IN SIRINGA PRERIEMPITA- 6 SIRINGHE DA 0,40 ML CON AGO SOTTOCUTANEO FISSO IN CONFEZIONE CON CALENDARIO	METOTREXATO	METOTREXATO			Soluzione iniettabile in siringa pre-riempita	L04AX03	ALFASIGMA S.P.A.	Autorizzata	Procedura Mutuo riconoscimento o Decentrata	Medicinali soggetti a prescrizione medica da rinnovare volta per volta
045171473	045171	REUMAFLEX	?50 MG/ML SOLUZIONE INIETTABILE IN SIRINGA PRERIEMPITA- 6 SIRINGHE DA 0,50 ML CON AGO SOTTOCUTANEO FISSO IN CONFEZIONE CON CALENDARIO	METOTREXATO	METOTREXATO			Soluzione iniettabile in siringa pre-riempita	L04AX03	ALFASIGMA S.P.A.	Autorizzata	Procedura Mutuo riconoscimento o Decentrata	Medicinali soggetti a prescrizione medica da rinnovare volta per volta
045171485	045171	REUMAFLEX	?50 MG/ML SOLUZIONE INIETTABILE IN SIRINGA PRERIEMPITA- 12 SIRINGHE DA 0,15 ML CON AGO SOTTOCUTANEO FISSO IN CONFEZIONE CON CALENDARIO	METOTREXATO	METOTREXATO			Soluzione iniettabile in siringa pre-riempita	L04AX03	ALFASIGMA S.P.A.	Autorizzata	Procedura Mutuo riconoscimento o Decentrata	Medicinali soggetti a prescrizione medica da rinnovare volta per volta
045171497	045171	REUMAFLEX	?50 MG/ML SOLUZIONE INIETTABILE IN SIRINGA PRERIEMPITA- 12 SIRINGHE DA 0,20 ML CON AGO SOTTOCUTANEO FISSO IN CONFEZIONE CON CALENDARIO	METOTREXATO	METOTREXATO			Soluzione iniettabile in siringa pre-riempita	L04AX03	ALFASIGMA S.P.A.	Autorizzata	Procedura Mutuo riconoscimento o Decentrata	Medicinali soggetti a prescrizione medica da rinnovare volta per volta
045171509	045171	REUMAFLEX	?50 MG/ML SOLUZIONE INIETTABILE IN SIRINGA PRERIEMPITA- 12 SIRINGHE DA 0,30 ML CON AGO SOTTOCUTANEO FISSO IN CONFEZIONE CON CALENDARIO	METOTREXATO	METOTREXATO			Soluzione iniettabile in siringa pre-riempita	L04AX03	ALFASIGMA S.P.A.	Autorizzata	Procedura Mutuo riconoscimento o Decentrata	Medicinali soggetti a prescrizione medica da rinnovare volta per volta
045171511	045171	REUMAFLEX	?50 MG/ML SOLUZIONE INIETTABILE IN SIRINGA PRERIEMPITA- 12 SIRINGHE DA 0,40 ML CON AGO SOTTOCUTANEO FISSO IN CONFEZIONE CON CALENDARIO	METOTREXATO	METOTREXATO			Soluzione iniettabile in siringa pre-riempita	L04AX03	ALFASIGMA S.P.A.	Autorizzata	Procedura Mutuo riconoscimento o Decentrata	Medicinali soggetti a prescrizione medica da rinnovare volta per volta
045171523	045171	REUMAFLEX	?50 MG/ML SOLUZIONE INIETTABILE IN SIRINGA PRERIEMPITA- 12 SIRINGHE DA 0,50 ML CON AGO SOTTOCUTANEO FISSO IN CONFEZIONE CON CALENDARIO	METOTREXATO	METOTREXATO			Soluzione iniettabile in siringa pre-riempita	L04AX03	ALFASIGMA S.P.A.	Autorizzata	Procedura Mutuo riconoscimento o Decentrata	Medicinali soggetti a prescrizione medica da rinnovare volta per volta
045171535	045171	REUMAFLEX	?50 MG/ML SOLUZIONE INIETTABILE IN SIRINGA PRERIEMPITA- 6 SIRINGHE DA 0.25 ML CON AGO SOTTOCUTANEO FISSO IN CONFEZIONE CON CALENDARIO	METOTREXATO	METOTREXATO			Soluzione iniettabile in siringa pre-riempita	L04AX03	ALFASIGMA S.P.A.	Autorizzata	Procedura Mutuo riconoscimento o Decentrata	Medicinali soggetti a prescrizione medica da rinnovare volta per volta
045171547	045171	REUMAFLEX	?50 MG/ML SOLUZIONE INIETTABILE IN SIRINGA PRERIEMPITA- 12 SIRINGHE DA 0.25 ML CON AGO SOTTOCUTANEO FISSO IN CONFEZIONE CON CALENDARIO	METOTREXATO	METOTREXATO			Soluzione iniettabile in siringa pre-riempita	L04AX03	ALFASIGMA S.P.A.	Autorizzata	Procedura Mutuo riconoscimento o Decentrata	Medicinali soggetti a prescrizione medica da rinnovare volta per volta
045171550	045171	REUMAFLEX	?50 MG/ML SOLUZIONE INIETTABILE IN SIRINGA PRERIEMPITA- 6 SIRINGHE DA 0.35 ML CON AGO SOTTOCUTANEO FISSO IN CONFEZIONE CON CALENDARIO	METOTREXATO	METOTREXATO			Soluzione iniettabile in siringa pre-riempita	L04AX03	ALFASIGMA S.P.A.	Autorizzata	Procedura Mutuo riconoscimento o Decentrata	Medicinali soggetti a prescrizione medica da rinnovare volta per volta
045171562	045171	REUMAFLEX	?50 MG/ML SOLUZIONE INIETTABILE IN SIRINGA PRERIEMPITA- 12 SIRINGHE DA 0.35 ML CON AGO SOTTOCUTANEO FISSO IN CONFEZIONE CON CALENDARIO	METOTREXATO	METOTREXATO			Soluzione iniettabile in siringa pre-riempita	L04AX03	ALFASIGMA S.P.A.	Autorizzata	Procedura Mutuo riconoscimento o Decentrata	Medicinali soggetti a prescrizione medica da rinnovare volta per volta
045171574	045171	REUMAFLEX	?50 MG/ML SOLUZIONE INIETTABILE IN SIRINGA PRERIEMPITA- 6 SIRINGHE DA 0.45 ML CON AGO SOTTOCUTANEO FISSO IN CONFEZIONE CON CALENDARIO	METOTREXATO	METOTREXATO			Soluzione iniettabile in siringa pre-riempita	L04AX03	ALFASIGMA S.P.A.	Autorizzata	Procedura Mutuo riconoscimento o Decentrata	Medicinali soggetti a prescrizione medica da rinnovare volta per volta
045171586	045171	REUMAFLEX	?50 MG/ML SOLUZIONE INIETTABILE IN SIRINGA PRERIEMPITA- 12 SIRINGHE DA 0.45 ML CON AGO SOTTOCUTANEO FISSO IN CONFEZIONE CON CALENDARIO	METOTREXATO	METOTREXATO			Soluzione iniettabile in siringa pre-riempita	L04AX03	ALFASIGMA S.P.A.	Autorizzata	Procedura Mutuo riconoscimento o Decentrata	Medicinali soggetti a prescrizione medica da rinnovare volta per volta
045171598	045171	REUMAFLEX	?50 MG/ML SOLUZIONE INIETTABILE IN SIRINGA PRERIEMPITA- 6 SIRINGHE DA 0.55 ML CON AGO SOTTOCUTANEO FISSO IN CONFEZIONE CON CALENDARIO	METOTREXATO	METOTREXATO			Soluzione iniettabile in siringa pre-riempita	L04AX03	ALFASIGMA S.P.A.	Autorizzata	Procedura Mutuo riconoscimento o Decentrata	Medicinali soggetti a prescrizione medica da rinnovare volta per volta
045171600	045171	REUMAFLEX	?50 MG/ML SOLUZIONE INIETTABILE IN SIRINGA PRERIEMPITA- 12 SIRINGHE DA 0.55 ML CON AGO SOTTOCUTANEO FISSO IN CONFEZIONE CON CALENDARIO	METOTREXATO	METOTREXATO			Soluzione iniettabile in siringa pre-riempita	L04AX03	ALFASIGMA S.P.A.	Autorizzata	Procedura Mutuo riconoscimento o Decentrata	Medicinali soggetti a prescrizione medica da rinnovare volta per volta
045171612	045171	REUMAFLEX	?50 MG/ML SOLUZIONE INIETTABILE IN SIRINGA PRERIEMPITA- 6 SIRINGHE DA 0,60 ML CON AGO SOTTOCUTANEO FISSO IN CONFEZIONE CON CALENDARIO	METOTREXATO	METOTREXATO			Soluzione iniettabile in siringa pre-riempita	L04AX03	ALFASIGMA S.P.A.	Autorizzata	Procedura Mutuo riconoscimento o Decentrata	Medicinali soggetti a prescrizione medica da rinnovare volta per volta
045171624	045171	REUMAFLEX	?50 MG/ML SOLUZIONE INIETTABILE IN SIRINGA PRERIEMPITA- 12 SIRINGHE DA 0,60 ML CON AGO SOTTOCUTANEO FISSO IN CONFEZIONE CON CALENDARIO	METOTREXATO	METOTREXATO			Soluzione iniettabile in siringa pre-riempita	L04AX03	ALFASIGMA S.P.A.	Autorizzata	Procedura Mutuo riconoscimento o Decentrata	Medicinali soggetti a prescrizione medica da rinnovare volta per volta
045171636	045171	REUMAFLEX	?50 MG/ML SOLUZIONE INIETTABILE IN SIRINGA PRERIEMPITA- 6 SIRINGHE DA 0,15 ML CON AGO SOTTOCUTANEO FISSO CON SISTEMA DI SICUREZZA IN CONFEZIONE CON CALENDARIO	METOTREXATO	METOTREXATO			Soluzione iniettabile in siringa pre-riempita	L04AX03	ALFASIGMA S.P.A.	Autorizzata	Procedura Mutuo riconoscimento o Decentrata	Medicinali soggetti a prescrizione medica da rinnovare volta per volta
045171648	045171	REUMAFLEX	?50 MG/ML SOLUZIONE INIETTABILE IN SIRINGA PRERIEMPITA- 12 SIRINGHE DA 0,15 ML CON AGO SOTTOCUTANEO FISSO CON SISTEMA DI SICUREZZA IN CONFEZIONE CON CALENDARIO	METOTREXATO	METOTREXATO			Soluzione iniettabile in siringa pre-riempita	L04AX03	ALFASIGMA S.P.A.	Autorizzata	Procedura Mutuo riconoscimento o Decentrata	Medicinali soggetti a prescrizione medica da rinnovare volta per volta
045171651	045171	REUMAFLEX	?50 MG/ML SOLUZIONE INIETTABILE IN SIRINGA PRERIEMPITA- 6 SIRINGHE DA 0,20 ML CON AGO SOTTOCUTANEO FISSO CON SISTEMA DI SICUREZZA IN CONFEZIONE CON CALENDARIO	METOTREXATO	METOTREXATO			Soluzione iniettabile in siringa pre-riempita	L04AX03	ALFASIGMA S.P.A.	Autorizzata	Procedura Mutuo riconoscimento o Decentrata	Medicinali soggetti a prescrizione medica da rinnovare volta per volta
045171663	045171	REUMAFLEX	?50 MG/ML SOLUZIONE INIETTABILE IN SIRINGA PRERIEMPITA- 12 SIRINGHE DA 0,20 ML CON AGO SOTTOCUTANEO FISSO CON SISTEMA DI SICUREZZA IN CONFEZIONE CON CALENDARIO	METOTREXATO	METOTREXATO			Soluzione iniettabile in siringa pre-riempita	L04AX03	ALFASIGMA S.P.A.	Autorizzata	Procedura Mutuo riconoscimento o Decentrata	Medicinali soggetti a prescrizione medica da rinnovare volta per volta
045171675	045171	REUMAFLEX	?50 MG/ML SOLUZIONE INIETTABILE IN SIRINGA PRERIEMPITA- 6 SIRINGHE DA 0.25 ML CON AGO SOTTOCUTANEO FISSO CON SISTEMA DI SICUREZZA IN CONFEZIONE CON CALENDARIO	METOTREXATO	METOTREXATO			Soluzione iniettabile in siringa pre-riempita	L04AX03	ALFASIGMA S.P.A.	Autorizzata	Procedura Mutuo riconoscimento o Decentrata	Medicinali soggetti a prescrizione medica da rinnovare volta per volta
045171687	045171	REUMAFLEX	?50 MG/ML SOLUZIONE INIETTABILE IN SIRINGA PRERIEMPITA- 12 SIRINGHE DA 0.25 ML CON AGO SOTTOCUTANEO FISSO CON SISTEMA DI SICUREZZA IN CONFEZIONE CON CALENDARIO	METOTREXATO	METOTREXATO			Soluzione iniettabile in siringa pre-riempita	L04AX03	ALFASIGMA S.P.A.	Autorizzata	Procedura Mutuo riconoscimento o Decentrata	Medicinali soggetti a prescrizione medica da rinnovare volta per volta
045171699	045171	REUMAFLEX	?50 MG/ML SOLUZIONE INIETTABILE IN SIRINGA PRERIEMPITA- 6 SIRINGHE DA 0,30 ML CON AGO SOTTOCUTANEO FISSO CON SISTEMA DI SICUREZZA IN CONFEZIONE CON CALENDARIO	METOTREXATO	METOTREXATO			Soluzione iniettabile in siringa pre-riempita	L04AX03	ALFASIGMA S.P.A.	Autorizzata	Procedura Mutuo riconoscimento o Decentrata	Medicinali soggetti a prescrizione medica da rinnovare volta per volta
045171701	045171	REUMAFLEX	?50 MG/ML SOLUZIONE INIETTABILE IN SIRINGA PRERIEMPITA- 12 SIRINGHE DA 0,30 ML CON AGO SOTTOCUTANEO FISSO CON SISTEMA DI SICUREZZA IN CONFEZIONE CON CALENDARIO	METOTREXATO	METOTREXATO			Soluzione iniettabile in siringa pre-riempita	L04AX03	ALFASIGMA S.P.A.	Autorizzata	Procedura Mutuo riconoscimento o Decentrata	Medicinali soggetti a prescrizione medica da rinnovare volta per volta
045171713	045171	REUMAFLEX	?50 MG/ML SOLUZIONE INIETTABILE IN SIRINGA PRERIEMPITA- 6 SIRINGHE DA 0.35 ML CON AGO SOTTOCUTANEO FISSO CON SISTEMA DI SICUREZZA IN CONFEZIONE CON CALENDARIO	METOTREXATO	METOTREXATO			Soluzione iniettabile in siringa pre-riempita	L04AX03	ALFASIGMA S.P.A.	Autorizzata	Procedura Mutuo riconoscimento o Decentrata	Medicinali soggetti a prescrizione medica da rinnovare volta per volta
045171725	045171	REUMAFLEX	?50 MG/ML SOLUZIONE INIETTABILE IN SIRINGA PRERIEMPITA- 12 SIRINGHE DA 0.35 ML CON AGO SOTTOCUTANEO FISSO CON SISTEMA DI SICUREZZA IN CONFEZIONE CON CALENDARIO	METOTREXATO	METOTREXATO			Soluzione iniettabile in siringa pre-riempita	L04AX03	ALFASIGMA S.P.A.	Autorizzata	Procedura Mutuo riconoscimento o Decentrata	Medicinali soggetti a prescrizione medica da rinnovare volta per volta
045171737	045171	REUMAFLEX	?50 MG/ML SOLUZIONE INIETTABILE IN SIRINGA PRERIEMPITA- 6 SIRINGHE DA 0,40 ML CON AGO SOTTOCUTANEO FISSO CON SISTEMA DI SICUREZZA IN CONFEZIONE CON CALENDARIO	METOTREXATO	METOTREXATO			Soluzione iniettabile in siringa pre-riempita	L04AX03	ALFASIGMA S.P.A.	Autorizzata	Procedura Mutuo riconoscimento o Decentrata	Medicinali soggetti a prescrizione medica da rinnovare volta per volta
045171749	045171	REUMAFLEX	?50 MG/ML SOLUZIONE INIETTABILE IN SIRINGA PRERIEMPITA- 12 SIRINGHE DA 0,40 ML CON AGO SOTTOCUTANEO FISSO CON SISTEMA DI SICUREZZA IN CONFEZIONE CON CALENDARIO	METOTREXATO	METOTREXATO			Soluzione iniettabile in siringa pre-riempita	L04AX03	ALFASIGMA S.P.A.	Autorizzata	Procedura Mutuo riconoscimento o Decentrata	Medicinali soggetti a prescrizione medica da rinnovare volta per volta
045171752	045171	REUMAFLEX	?50 MG/ML SOLUZIONE INIETTABILE IN SIRINGA PRERIEMPITA- 6 SIRINGHE DA 0.45 ML CON AGO SOTTOCUTANEO FISSO CON SISTEMA DI SICUREZZA IN CONFEZIONE CON CALENDARIO	METOTREXATO	METOTREXATO			Soluzione iniettabile in siringa pre-riempita	L04AX03	ALFASIGMA S.P.A.	Autorizzata	Procedura Mutuo riconoscimento o Decentrata	Medicinali soggetti a prescrizione medica da rinnovare volta per volta
045171764	045171	REUMAFLEX	?50 MG/ML SOLUZIONE INIETTABILE IN SIRINGA PRERIEMPITA- 12 SIRINGHE DA 0.45 ML CON AGO SOTTOCUTANEO FISSO CON SISTEMA DI SICUREZZA IN CONFEZIONE CON CALENDARIO	METOTREXATO	METOTREXATO			Soluzione iniettabile in siringa pre-riempita	L04AX03	ALFASIGMA S.P.A.	Autorizzata	Procedura Mutuo riconoscimento o Decentrata	Medicinali soggetti a prescrizione medica da rinnovare volta per volta
045171776	045171	REUMAFLEX	?50 MG/ML SOLUZIONE INIETTABILE IN SIRINGA PRERIEMPITA- 6 SIRINGHE DA 0,50 ML CON AGO SOTTOCUTANEO FISSO CON SISTEMA DI SICUREZZA IN CONFEZIONE CON CALENDARIO	METOTREXATO	METOTREXATO			Soluzione iniettabile in siringa pre-riempita	L04AX03	ALFASIGMA S.P.A.	Autorizzata	Procedura Mutuo riconoscimento o Decentrata	Medicinali soggetti a prescrizione medica da rinnovare volta per volta
045171788	045171	REUMAFLEX	?50 MG/ML SOLUZIONE INIETTABILE IN SIRINGA PRERIEMPITA- 12 SIRINGHE DA 0,50 ML CON AGO SOTTOCUTANEO FISSO CON SISTEMA DI SICUREZZA IN CONFEZIONE CON CALENDARIO	METOTREXATO	METOTREXATO			Soluzione iniettabile in siringa pre-riempita	L04AX03	ALFASIGMA S.P.A.	Autorizzata	Procedura Mutuo riconoscimento o Decentrata	Medicinali soggetti a prescrizione medica da rinnovare volta per volta
045171790	045171	REUMAFLEX	?50 MG/ML SOLUZIONE INIETTABILE IN SIRINGA PRERIEMPITA- 6 SIRINGHE DA 0.55 ML CON AGO SOTTOCUTANEO FISSO CON SISTEMA DI SICUREZZA IN CONFEZIONE CON CALENDARIO	METOTREXATO	METOTREXATO			Soluzione iniettabile in siringa pre-riempita	L04AX03	ALFASIGMA S.P.A.	Autorizzata	Procedura Mutuo riconoscimento o Decentrata	Medicinali soggetti a prescrizione medica da rinnovare volta per volta
045171802	045171	REUMAFLEX	?50 MG/ML SOLUZIONE INIETTABILE IN SIRINGA PRERIEMPITA- 12 SIRINGHE DA 0.55 ML CON AGO SOTTOCUTANEO FISSO CON SISTEMA DI SICUREZZA IN CONFEZIONE CON CALENDARIO	METOTREXATO	METOTREXATO			Soluzione iniettabile in siringa pre-riempita	L04AX03	ALFASIGMA S.P.A.	Autorizzata	Procedura Mutuo riconoscimento o Decentrata	Medicinali soggetti a prescrizione medica da rinnovare volta per volta
045171814	045171	REUMAFLEX	?50 MG/ML SOLUZIONE INIETTABILE IN SIRINGA PRERIEMPITA- 6 SIRINGHE DA 0,60 ML CON AGO SOTTOCUTANEO FISSO CON SISTEMA DI SICUREZZA IN CONFEZIONE CON CALENDARIO	METOTREXATO	METOTREXATO			Soluzione iniettabile in siringa pre-riempita	L04AX03	ALFASIGMA S.P.A.	Autorizzata	Procedura Mutuo riconoscimento o Decentrata	Medicinali soggetti a prescrizione medica da rinnovare volta per volta
045171826	045171	REUMAFLEX	?50 MG/ML SOLUZIONE INIETTABILE IN SIRINGA PRERIEMPITA- 12 SIRINGHE DA 0,60 ML CON AGO SOTTOCUTANEO FISSO CON SISTEMA DI SICUREZZA IN CONFEZIONE CON CALENDARIO	METOTREXATO	METOTREXATO			Soluzione iniettabile in siringa pre-riempita	L04AX03	ALFASIGMA S.P.A.	Autorizzata	Procedura Mutuo riconoscimento o Decentrata	Medicinali soggetti a prescrizione medica da rinnovare volta per volta
045586017	045586	TREXOTHER	2,5 MG COMPRESSE- 10 COMPRESSE IN BLISTER PVC/AL	METOTREXATO	METOTREXATO	2.5	milligrammi	Compressa	L04AX03	ACCORD HEALTHCARE, S.L.U.	Autorizzata	Procedura Mutuo riconoscimento o Decentrata	Medicinali soggetti a prescrizione medica da rinnovare volta per volta
045586029	045586	TREXOTHER	2,5 MG COMPRESSE- 12 COMPRESSE IN BLISTER PVC/AL	METOTREXATO	METOTREXATO	2.5	milligrammi	Compressa	L04AX03	ACCORD HEALTHCARE, S.L.U.	Autorizzata	Procedura Mutuo riconoscimento o Decentrata	Medicinali soggetti a prescrizione medica da rinnovare volta per volta
045586031	045586	TREXOTHER	2,5 MG COMPRESSE- 15 COMPRESSE IN BLISTER PVC/AL	METOTREXATO	METOTREXATO	2.5	milligrammi	Compressa	L04AX03	ACCORD HEALTHCARE, S.L.U.	Autorizzata	Procedura Mutuo riconoscimento o Decentrata	Medicinali soggetti a prescrizione medica da rinnovare volta per volta
045586043	045586	TREXOTHER	2,5 MG COMPRESSE- 20 COMPRESSE IN BLISTER PVC/AL	METOTREXATO	METOTREXATO	2.5	milligrammi	Compressa	L04AX03	ACCORD HEALTHCARE, S.L.U.	Autorizzata	Procedura Mutuo riconoscimento o Decentrata	Medicinali soggetti a prescrizione medica da rinnovare volta per volta
045586056	045586	TREXOTHER	2,5 MG COMPRESSE- 24 COMPRESSE IN BLISTER PVC/AL	METOTREXATO	METOTREXATO	2.5	milligrammi	Compressa	L04AX03	ACCORD HEALTHCARE, S.L.U.	Autorizzata	Procedura Mutuo riconoscimento o Decentrata	Medicinali soggetti a prescrizione medica da rinnovare volta per volta
045586068	045586	TREXOTHER	2,5 MG COMPRESSE- 25 COMPRESSE IN BLISTER PVC/AL	METOTREXATO	METOTREXATO	2.5	milligrammi	Compressa	L04AX03	ACCORD HEALTHCARE, S.L.U.	Autorizzata	Procedura Mutuo riconoscimento o Decentrata	Medicinali soggetti a prescrizione medica da rinnovare volta per volta
045586070	045586	TREXOTHER	2,5 MG COMPRESSE- 28 COMPRESSE IN BLISTER PVC/AL	METOTREXATO	METOTREXATO	2.5	milligrammi	Compressa	L04AX03	ACCORD HEALTHCARE, S.L.U.	Autorizzata	Procedura Mutuo riconoscimento o Decentrata	Medicinali soggetti a prescrizione medica da rinnovare volta per volta
045586082	045586	TREXOTHER	2,5 MG COMPRESSE- 30 COMPRESSE IN BLISTER PVC/AL	METOTREXATO	METOTREXATO	2.5	milligrammi	Compressa	L04AX03	ACCORD HEALTHCARE, S.L.U.	Autorizzata	Procedura Mutuo riconoscimento o Decentrata	Medicinali soggetti a prescrizione medica da rinnovare volta per volta
045586094	045586	TREXOTHER	2,5 MG COMPRESSE- 50 COMPRESSE IN BLISTER PVC/AL	METOTREXATO	METOTREXATO	2.5	milligrammi	Compressa	L04AX03	ACCORD HEALTHCARE, S.L.U.	Autorizzata	Procedura Mutuo riconoscimento o Decentrata	Medicinali soggetti a prescrizione medica da rinnovare volta per volta
045586106	045586	TREXOTHER	2,5 MG COMPRESSE- 100 COMPRESSE IN BLISTER PVC/AL	METOTREXATO	METOTREXATO	2.5	milligrammi	Compressa	L04AX03	ACCORD HEALTHCARE, S.L.U.	Autorizzata	Procedura Mutuo riconoscimento o Decentrata	Medicinali soggetti a prescrizione medica da rinnovare volta per volta
045586118	045586	TREXOTHER	2,5 MG COMPRESSE- 10 COMPRESSE IN BLISTER PVC/AL DIVISIBILE PER DOSE UNITARIA	METOTREXATO	METOTREXATO	2.5	milligrammi	Compressa	L04AX03	ACCORD HEALTHCARE, S.L.U.	Autorizzata	Procedura Mutuo riconoscimento o Decentrata	Medicinali soggetti a prescrizione medica da rinnovare volta per volta
045586120	045586	TREXOTHER	2,5 MG COMPRESSE- 12 COMPRESSE IN BLISTER PVC/AL DIVISIBILE PER DOSE UNITARIA	METOTREXATO	METOTREXATO	2.5	milligrammi	Compressa	L04AX03	ACCORD HEALTHCARE, S.L.U.	Autorizzata	Procedura Mutuo riconoscimento o Decentrata	Medicinali soggetti a prescrizione medica da rinnovare volta per volta
045586132	045586	TREXOTHER	2,5 MG COMPRESSE- 15 COMPRESSE IN BLISTER PVC/AL DIVISIBILE PER DOSE UNITARIA	METOTREXATO	METOTREXATO	2.5	milligrammi	Compressa	L04AX03	ACCORD HEALTHCARE, S.L.U.	Autorizzata	Procedura Mutuo riconoscimento o Decentrata	Medicinali soggetti a prescrizione medica da rinnovare volta per volta
045586144	045586	TREXOTHER	2,5 MG COMPRESSE- 20 COMPRESSE IN BLISTER PVC/AL DIVISIBILE PER DOSE UNITARIA	METOTREXATO	METOTREXATO	2.5	milligrammi	Compressa	L04AX03	ACCORD HEALTHCARE, S.L.U.	Autorizzata	Procedura Mutuo riconoscimento o Decentrata	Medicinali soggetti a prescrizione medica da rinnovare volta per volta
045586157	045586	TREXOTHER	2,5 MG COMPRESSE- 24 COMPRESSE IN BLISTER PVC/AL DIVISIBILE PER DOSE UNITARIA	METOTREXATO	METOTREXATO	2.5	milligrammi	Compressa	L04AX03	ACCORD HEALTHCARE, S.L.U.	Autorizzata	Procedura Mutuo riconoscimento o Decentrata	Medicinali soggetti a prescrizione medica da rinnovare volta per volta
045586169	045586	TREXOTHER	2,5 MG COMPRESSE- 25 COMPRESSE IN BLISTER PVC/AL DIVISIBILE PER DOSE UNITARIA	METOTREXATO	METOTREXATO	2.5	milligrammi	Compressa	L04AX03	ACCORD HEALTHCARE, S.L.U.	Autorizzata	Procedura Mutuo riconoscimento o Decentrata	Medicinali soggetti a prescrizione medica da rinnovare volta per volta
045586171	045586	TREXOTHER	2,5 MG COMPRESSE- 28 COMPRESSE IN BLISTER PVC/AL DIVISIBILE PER DOSE UNITARIA	METOTREXATO	METOTREXATO	2.5	milligrammi	Compressa	L04AX03	ACCORD HEALTHCARE, S.L.U.	Autorizzata	Procedura Mutuo riconoscimento o Decentrata	Medicinali soggetti a prescrizione medica da rinnovare volta per volta
045586183	045586	TREXOTHER	2,5 MG COMPRESSE- 30 COMPRESSE IN BLISTER PVC/AL DIVISIBILE PER DOSE UNITARIA	METOTREXATO	METOTREXATO	2.5	milligrammi	Compressa	L04AX03	ACCORD HEALTHCARE, S.L.U.	Autorizzata	Procedura Mutuo riconoscimento o Decentrata	Medicinali soggetti a prescrizione medica da rinnovare volta per volta
045586195	045586	TREXOTHER	2,5 MG COMPRESSE- 50 COMPRESSE IN BLISTER PVC/AL DIVISIBILE PER DOSE UNITARIA	METOTREXATO	METOTREXATO	2.5	milligrammi	Compressa	L04AX03	ACCORD HEALTHCARE, S.L.U.	Autorizzata	Procedura Mutuo riconoscimento o Decentrata	Medicinali soggetti a prescrizione medica da rinnovare volta per volta
045586207	045586	TREXOTHER	2,5 MG COMPRESSE- 100 COMPRESSE IN BLISTER PVC/AL DIVISIBILE PER DOSE UNITARIA	METOTREXATO	METOTREXATO	2.5	milligrammi	Compressa	L04AX03	ACCORD HEALTHCARE, S.L.U.	Autorizzata	Procedura Mutuo riconoscimento o Decentrata	Medicinali soggetti a prescrizione medica da rinnovare volta per volta
050613013	050613	METOTREXATO MYLAN	5 MG SOLUZIONE INIETTABILE IN SIRINGA PRERIEMPITA- 1 SIRINGA DA 5 MG/0,133 ML IN VETRO CON AGO E TAMPONE IMBEVUTO DI ALCOL	METOTREXATO	METOTREXATO	5	milligrammi	Soluzione iniettabile in siringa pre-riempita	L04AX03	MYLAN S.P.A.	Autorizzata	Procedura Mutuo riconoscimento o Decentrata	Medicinali soggetti a prescrizione medica da rinnovare volta per volta
050613025	050613	METOTREXATO MYLAN	7,5 MG SOLUZIONE INIETTABILE IN SIRINGA PRERIEMPITA- 1 SIRINGA DA 7,5 MG/0,200 ML IN VETRO CON AGO E TAMPONE IMBEVUTO DI ALCOL	METOTREXATO	METOTREXATO	7.5	milligrammi	Soluzione iniettabile in siringa pre-riempita	L04AX03	MYLAN S.P.A.	Autorizzata	Procedura Mutuo riconoscimento o Decentrata	Medicinali soggetti a prescrizione medica da rinnovare volta per volta
050613037	050613	METOTREXATO MYLAN	10 MG SOLUZIONE INIETTABILE IN SIRINGA PRERIEMPITA- 1 SIRINGA DA 10 MG/0,267 ML IN VETRO CON AGO E TAMPONE IMBEVUTO DI ALCOL	METOTREXATO	METOTREXATO	10	milligrammi	Soluzione iniettabile in siringa pre-riempita	L04AX03	MYLAN S.P.A.	Autorizzata	Procedura Mutuo riconoscimento o Decentrata	Medicinali soggetti a prescrizione medica da rinnovare volta per volta
050613049	050613	METOTREXATO MYLAN	12,5 MG SOLUZIONE INIETTABILE IN SIRINGA PRERIEMPITA- 1 SIRINGA DA 12,5 MG/0,333 ML IN VETRO CON AGO E TAMPONE IMBEVUTO DI ALCOL	METOTREXATO	METOTREXATO	12.5	milligrammi	Soluzione iniettabile in siringa pre-riempita	L04AX03	MYLAN S.P.A.	Autorizzata	Procedura Mutuo riconoscimento o Decentrata	Medicinali soggetti a prescrizione medica da rinnovare volta per volta
050613052	050613	METOTREXATO MYLAN	15 MG SOLUZIONE INIETTABILE IN SIRINGA PRERIEMPITA- 1 SIRINGA DA 15 MG/0,400 ML IN VETRO CON AGO E TAMPONE IMBEVUTO DI ALCOL	METOTREXATO	METOTREXATO	15	milligrammi	Soluzione iniettabile in siringa pre-riempita	L04AX03	MYLAN S.P.A.	Autorizzata	Procedura Mutuo riconoscimento o Decentrata	Medicinali soggetti a prescrizione medica da rinnovare volta per volta
050613064	050613	METOTREXATO MYLAN	17,5 MG SOLUZIONE INIETTABILE IN SIRINGA PRERIEMPITA- 1 SIRINGA DA 17,5 MG/0,467 ML CON AGO E TAMPONE IMBEVUTO DI ALCOL	METOTREXATO	METOTREXATO	17.5	milligrammi	Soluzione iniettabile in siringa pre-riempita	L04AX03	MYLAN S.P.A.	Autorizzata	Procedura Mutuo riconoscimento o Decentrata	Medicinali soggetti a prescrizione medica da rinnovare volta per volta
050613076	050613	METOTREXATO MYLAN	20 MG SOLUZIONE INIETTABILE IN SIRINGA PRERIEMPITA- 1 SIRINGA DA 20 MG/0,533 ML CON AGO E TAMPONE IMBEVUTO DI ALCOL	METOTREXATO	METOTREXATO	20	milligrammi	Soluzione iniettabile in siringa pre-riempita	L04AX03	MYLAN S.P.A.	Autorizzata	Procedura Mutuo riconoscimento o Decentrata	Medicinali soggetti a prescrizione medica da rinnovare volta per volta
050613088	050613	METOTREXATO MYLAN	22,5 MG SOLUZIONE INIETTABILE IN SIRINGA PRERIEMPITA- 1 SIRINGA DA 22,5 MG/0,600 ML CON AGO E TAMPONE IMBEVUTO DI ALCOL	METOTREXATO	METOTREXATO	22.5	milligrammi	Soluzione iniettabile in siringa pre-riempita	L04AX03	MYLAN S.P.A.	Autorizzata	Procedura Mutuo riconoscimento o Decentrata	Medicinali soggetti a prescrizione medica da rinnovare volta per volta
050613090	050613	METOTREXATO MYLAN	25 MG SOLUZIONE INIETTABILE IN SIRINGA PRERIEMPITA- 1 SIRINGA DA 25 MG/0,667 ML CON AGO E TAMPONE IMBEVUTO DI ALCOL	METOTREXATO	METOTREXATO	25	milligrammi	Soluzione iniettabile in siringa pre-riempita	L04AX03	MYLAN S.P.A.	Autorizzata	Procedura Mutuo riconoscimento o Decentrata	Medicinali soggetti a prescrizione medica da rinnovare volta per volta
050613102	050613	METOTREXATO MYLAN	27,5 MG SOLUZIONE INIETTABILE IN SIRINGA PRERIEMPITA- 1 SIRINGA DA 27,5 MG/0,733 ML CON AGO E TAMPONE IMBEVUTO DI ALCOL	METOTREXATO	METOTREXATO	27.5	milligrammi	Soluzione iniettabile in siringa pre-riempita	L04AX03	MYLAN S.P.A.	Autorizzata	Procedura Mutuo riconoscimento o Decentrata	Medicinali soggetti a prescrizione medica da rinnovare volta per volta
050613114	050613	METOTREXATO MYLAN	30 MG SOLUZIONE INIETTABILE IN SIRINGA PRERIEMPITA- 1 SIRINGA DA 30 MG/0,800 ML CON AGO E TAMPONE IMBEVUTO DI ALCOL	METOTREXATO	METOTREXATO	30	milligrammi	Soluzione iniettabile in siringa pre-riempita	L04AX03	MYLAN S.P.A.	Autorizzata	Procedura Mutuo riconoscimento o Decentrata	Medicinali soggetti a prescrizione medica da rinnovare volta per volta
050613126	050613	METOTREXATO MYLAN	5 MG SOLUZIONE INIETTABILE IN SIRINGA PRERIEMPITA- 4 SIRINGHE DA 5 MG/0,133 ML IN VETRO CON AGO E TAMPONE IMBEVUTO DI ALCOL	METOTREXATO	METOTREXATO	5	milligrammi	Soluzione iniettabile in siringa pre-riempita	L04AX03	MYLAN S.P.A.	Autorizzata	Procedura Mutuo riconoscimento o Decentrata	Medicinali soggetti a prescrizione medica da rinnovare volta per volta
050613138	050613	METOTREXATO MYLAN	7,5 MG SOLUZIONE INIETTABILE IN SIRINGA PRERIEMPITA- 4 SIRINGHE DA 7,5 MG/0,200 ML IN VETRO CON AGO E TAMPONE IMBEVUTO DI ALCOL	METOTREXATO	METOTREXATO	7.5	milligrammi	Soluzione iniettabile in siringa pre-riempita	L04AX03	MYLAN S.P.A.	Autorizzata	Procedura Mutuo riconoscimento o Decentrata	Medicinali soggetti a prescrizione medica da rinnovare volta per volta
050613140	050613	METOTREXATO MYLAN	10 MG SOLUZIONE INIETTABILE IN SIRINGA PRERIEMPITA- 4 SIRINGHE DA 10 MG/0,267 ML IN VETRO CON AGO E TAMPONE IMBEVUTO DI ALCOL	METOTREXATO	METOTREXATO	10	milligrammi	Soluzione iniettabile in siringa pre-riempita	L04AX03	MYLAN S.P.A.	Autorizzata	Procedura Mutuo riconoscimento o Decentrata	Medicinali soggetti a prescrizione medica da rinnovare volta per volta
050613153	050613	METOTREXATO MYLAN	12,5 MG SOLUZIONE INIETTABILE IN SIRINGA PRERIEMPITA- 4 SIRINGHE DA 12,5 MG/0,333 ML IN VETRO CON AGO E TAMPONE IMBEVUTO DI ALCOL	METOTREXATO	METOTREXATO	12.5	milligrammi	Soluzione iniettabile in siringa pre-riempita	L04AX03	MYLAN S.P.A.	Autorizzata	Procedura Mutuo riconoscimento o Decentrata	Medicinali soggetti a prescrizione medica da rinnovare volta per volta
050613165	050613	METOTREXATO MYLAN	15 MG SOLUZIONE INIETTABILE IN SIRINGA PRERIEMPITA- 4 SIRINGHE DA 15 MG/0,400 ML IN VETRO CON AGO E TAMPONE IMBEVUTO DI ALCOL	METOTREXATO	METOTREXATO	15	milligrammi	Soluzione iniettabile in siringa pre-riempita	L04AX03	MYLAN S.P.A.	Autorizzata	Procedura Mutuo riconoscimento o Decentrata	Medicinali soggetti a prescrizione medica da rinnovare volta per volta
050613177	050613	METOTREXATO MYLAN	17,5 MG SOLUZIONE INIETTABILE IN SIRINGA PRERIEMPITA- 4 SIRINGHE DA 17,5 MG/0,467 ML IN VETRO CON AGO E TAMPONE IMBEVUTO DI ALCOL	METOTREXATO	METOTREXATO	17.5	milligrammi	Soluzione iniettabile in siringa pre-riempita	L04AX03	MYLAN S.P.A.	Autorizzata	Procedura Mutuo riconoscimento o Decentrata	Medicinali soggetti a prescrizione medica da rinnovare volta per volta
050613189	050613	METOTREXATO MYLAN	20 MG SOLUZIONE INIETTABILE IN SIRINGA PRERIEMPITA- 4 SIRINGHE DA 20 MG/0,533 ML IN VETRO CON AGO E TAMPONE IMBEVUTO DI ALCOL	METOTREXATO	METOTREXATO	20	milligrammi	Soluzione iniettabile in siringa pre-riempita	L04AX03	MYLAN S.P.A.	Autorizzata	Procedura Mutuo riconoscimento o Decentrata	Medicinali soggetti a prescrizione medica da rinnovare volta per volta
050613191	050613	METOTREXATO MYLAN	22,5 MG SOLUZIONE INIETTABILE IN SIRINGA PRERIEMPITA- 4 SIRINGHE DA 22,5 MG/0,600 ML IN VETRO CON AGO E TAMPONE IMBEVUTO DI ALCOL	METOTREXATO	METOTREXATO	22.5	milligrammi	Soluzione iniettabile in siringa pre-riempita	L04AX03	MYLAN S.P.A.	Autorizzata	Procedura Mutuo riconoscimento o Decentrata	Medicinali soggetti a prescrizione medica da rinnovare volta per volta
050613203	050613	METOTREXATO MYLAN	25 MG SOLUZIONE INIETTABILE IN SIRINGA PRERIEMPITA- 4 SIRINGHE DA 25 MG/0,667 ML IN VETRO CON AGO E TAMPONE IMBEVUTO DI ALCOL	METOTREXATO	METOTREXATO	25	milligrammi	Soluzione iniettabile in siringa pre-riempita	L04AX03	MYLAN S.P.A.	Autorizzata	Procedura Mutuo riconoscimento o Decentrata	Medicinali soggetti a prescrizione medica da rinnovare volta per volta
050613215	050613	METOTREXATO MYLAN	27,5 MG SOLUZIONE INIETTABILE IN SIRINGA PRERIEMPITA- 4 SIRINGHE DA 27,5 MG/0,733 ML IN VETRO CON AGO E TAMPONE IMBEVUTO DI ALCOL	METOTREXATO	METOTREXATO	27.5	milligrammi	Soluzione iniettabile in siringa pre-riempita	L04AX03	MYLAN S.P.A.	Autorizzata	Procedura Mutuo riconoscimento o Decentrata	Medicinali soggetti a prescrizione medica da rinnovare volta per volta
050613227	050613	METOTREXATO MYLAN	30 MG SOLUZIONE INIETTABILE IN SIRINGA PRERIEMPITA- 4 SIRINGHE DA 30 MG/0,800 ML IN VETRO CON AGO E TAMPONE IMBEVUTO DI ALCOL	METOTREXATO	METOTREXATO	30	milligrammi	Soluzione iniettabile in siringa pre-riempita	L04AX03	MYLAN S.P.A.	Autorizzata	Procedura Mutuo riconoscimento o Decentrata	Medicinali soggetti a prescrizione medica da rinnovare volta per volta
052165014	052165	METOTREXATO AUROBINDO	2.5 MG COMPRESSE- 10 COMPRESSE IN BLISTER PVC/AL	METOTREXATO	METOTREXATO			Compressa	L04AX03	Eugia Pharma (Malta) Limited	Autorizzata	Procedura Mutuo riconoscimento o Decentrata	Medicinali soggetti a prescrizione medica da rinnovare volta per volta
052165026	052165	METOTREXATO AUROBINDO	2.5 MG COMPRESSE- 12 COMPRESSE IN BLISTER PVC/AL	METOTREXATO	METOTREXATO			Compressa	L04AX03	Eugia Pharma (Malta) Limited	Autorizzata	Procedura Mutuo riconoscimento o Decentrata	Medicinali soggetti a prescrizione medica da rinnovare volta per volta
052165038	052165	METOTREXATO AUROBINDO	2.5 MG COMPRESSE- 20 COMPRESSE IN BLISTER PVC/AL	METOTREXATO	METOTREXATO			Compressa	L04AX03	Eugia Pharma (Malta) Limited	Autorizzata	Procedura Mutuo riconoscimento o Decentrata	Medicinali soggetti a prescrizione medica da rinnovare volta per volta
052165040	052165	METOTREXATO AUROBINDO	2.5 MG COMPRESSE- 24 COMPRESSE IN BLISTER PVC/AL	METOTREXATO	METOTREXATO			Compressa	L04AX03	Eugia Pharma (Malta) Limited	Autorizzata	Procedura Mutuo riconoscimento o Decentrata	Medicinali soggetti a prescrizione medica da rinnovare volta per volta
052165053	052165	METOTREXATO AUROBINDO	2.5 MG COMPRESSE- 25 COMPRESSE IN BLISTER PVC/AL	METOTREXATO	METOTREXATO			Compressa	L04AX03	Eugia Pharma (Malta) Limited	Autorizzata	Procedura Mutuo riconoscimento o Decentrata	Medicinali soggetti a prescrizione medica da rinnovare volta per volta
052165065	052165	METOTREXATO AUROBINDO	2.5 MG COMPRESSE- 30 COMPRESSE IN BLISTER PVC/AL	METOTREXATO	METOTREXATO			Compressa	L04AX03	Eugia Pharma (Malta) Limited	Autorizzata	Procedura Mutuo riconoscimento o Decentrata	Medicinali soggetti a prescrizione medica da rinnovare volta per volta
052165077	052165	METOTREXATO AUROBINDO	2.5 MG COMPRESSE- 100 COMPRESSE IN BLISTER PVC/AL	METOTREXATO	METOTREXATO			Compressa	L04AX03	Eugia Pharma (Malta) Limited	Autorizzata	Procedura Mutuo riconoscimento o Decentrata	Medicinali soggetti a prescrizione medica da rinnovare volta per volta
052165089	052165	METOTREXATO AUROBINDO	2.5 MG COMPRESSE- 10 COMPRESSE IN BLISTER PVC/PVDC/AL	METOTREXATO	METOTREXATO			Compressa	L04AX03	Eugia Pharma (Malta) Limited	Autorizzata	Procedura Mutuo riconoscimento o Decentrata	Medicinali soggetti a prescrizione medica da rinnovare volta per volta
052165091	052165	METOTREXATO AUROBINDO	2.5 MG COMPRESSE- 12 COMPRESSE IN BLISTER PVC/PVDC/AL	METOTREXATO	METOTREXATO			Compressa	L04AX03	Eugia Pharma (Malta) Limited	Autorizzata	Procedura Mutuo riconoscimento o Decentrata	Medicinali soggetti a prescrizione medica da rinnovare volta per volta
052165103	052165	METOTREXATO AUROBINDO	2.5 MG COMPRESSE- 20 COMPRESSE IN BLISTER PVC/PVDC/AL	METOTREXATO	METOTREXATO			Compressa	L04AX03	Eugia Pharma (Malta) Limited	Autorizzata	Procedura Mutuo riconoscimento o Decentrata	Medicinali soggetti a prescrizione medica da rinnovare volta per volta
052165115	052165	METOTREXATO AUROBINDO	2.5 MG COMPRESSE- 24 COMPRESSE IN BLISTER PVC/PVDC/AL	METOTREXATO	METOTREXATO			Compressa	L04AX03	Eugia Pharma (Malta) Limited	Autorizzata	Procedura Mutuo riconoscimento o Decentrata	Medicinali soggetti a prescrizione medica da rinnovare volta per volta
052165127	052165	METOTREXATO AUROBINDO	2.5 MG COMPRESSE- 25 COMPRESSE IN BLISTER PVC/PVDC/AL	METOTREXATO	METOTREXATO			Compressa	L04AX03	Eugia Pharma (Malta) Limited	Autorizzata	Procedura Mutuo riconoscimento o Decentrata	Medicinali soggetti a prescrizione medica da rinnovare volta per volta
052165139	052165	METOTREXATO AUROBINDO	2.5 MG COMPRESSE- 30 COMPRESSE IN BLISTER PVC/PVDC/AL	METOTREXATO	METOTREXATO			Compressa	L04AX03	Eugia Pharma (Malta) Limited	Autorizzata	Procedura Mutuo riconoscimento o Decentrata	Medicinali soggetti a prescrizione medica da rinnovare volta per volta
052165141	052165	METOTREXATO AUROBINDO	2.5 MG COMPRESSE- 100 COMPRESSE IN BLISTER PVC/PVDC/AL	METOTREXATO	METOTREXATO			Compressa	L04AX03	Eugia Pharma (Malta) Limited	Autorizzata	Procedura Mutuo riconoscimento o Decentrata	Medicinali soggetti a prescrizione medica da rinnovare volta per volta
