codice_aic	cod_farmaco	denominazione	descrizione	pa_associati	principio_attivo	quantita	unita_misura	forma	codice_atc	ragione_sociale	stato_amministrativo	tipo_procedura	fornitura
027267018	027267	DIFLUCAN	50 MG CAPSULE RIGIDE- 7 CAPSULE	FLUCONAZOLO	FLUCONAZOLO	50	milligrammi	Capsula rigida	J02AC01	PFIZER ITALIA S.R.L.	Autorizzata	Procedura Mutuo riconoscimento o Decentrata	Medicinali soggetti a prescrizione medica
027267020	027267	DIFLUCAN	150 MG CAPSULE RIGIDE- 2 CAPSULE	FLUCONAZOLO	FLUCONAZOLO			Capsula rigida	J02AC01	PFIZER ITALIA S.R.L.	Autorizzata	Procedura Mutuo riconoscimento o Decentrata	Medicinali soggetti a prescrizione medica
027267032	027267	DIFLUCAN	2 MG/ML SOLUZIONE PER INFUSIONE- 1 FLACONCINO DA 100 MG	FLUCONAZOLO	FLUCONAZOLO			Soluzione per infusione	J02AC01	PFIZER ITALIA S.R.L.	Autorizzata	Procedura Nazionale	Medicinali soggetti a prescrizione medica limitativa, da rinnovare volta per volta, vendibili al pubblico su prescrizione di centri ospedalieri o di specialisti
027267044	027267	DIFLUCAN	100 MG CAPSULE RIGIDE- 10 CAPSULE	FLUCONAZOLO	FLUCONAZOLO	100	milligrammi	Capsula rigida	J02AC01	PFIZER ITALIA S.R.L.	Autorizzata	Procedura Mutuo riconoscimento o Decentrata	Medicinali soggetti a prescrizione medica
027267057	027267	DIFLUCAN	10 MG/ML POLVERE PER SOSPENSIONE ORALE-, 1 FLACONE DA 60 ML, 35 ML  DI  SOSPENSIONE  DOPO  RICOSTITUZIONE	FLUCONAZOLO	FLUCONAZOLO			Polvere per sospensione orale	J02AC01	PFIZER ITALIA S.R.L.	Autorizzata	Procedura Nazionale	Medicinali soggetti a prescrizione medica
027267071	027267	DIFLUCAN	2 MG/ML SOLUZIONE PER INFUSIONE- 1 FLACONCINO DA 200 MG	FLUCONAZOLO	FLUCONAZOLO			Soluzione per infusione	J02AC01	PFIZER ITALIA S.R.L.	Autorizzata	Procedura Nazionale	Medicinali soggetti a prescrizione medica limitativa, da rinnovare volta per volta, vendibili al pubblico su prescrizione di centri ospedalieri o di specialisti
027267095	027267	DIFLUCAN	200 MG CAPSULE RIGIDE- 7 CAPSULE	FLUCONAZOLO	FLUCONAZOLO	200	milligrammi	Capsula rigida	J02AC01	PFIZER ITALIA S.R.L.	Autorizzata	Procedura Mutuo riconoscimento o Decentrata	Medicinali soggetti a prescrizione medica
027267208	027267	DIFLUCAN	50 MG CAPSULE RIGIDE- 20 CAPSULE IN BLISTER PVC/AL	FLUCONAZOLO	FLUCONAZOLO	50	milligrammi	Capsula rigida	J02AC01	PFIZER ITALIA S.R.L.	Autorizzata	Procedura Mutuo riconoscimento o Decentrata	Medicinali soggetti a prescrizione medica
027267222	027267	DIFLUCAN	50 MG CAPSULE RIGIDE- 30 CAPSULE IN BLISTER PVC/AL	FLUCONAZOLO	FLUCONAZOLO	50	milligrammi	Capsula rigida	J02AC01	PFIZER ITALIA S.R.L.	Autorizzata	Procedura Mutuo riconoscimento o Decentrata	Medicinali soggetti a prescrizione medica
027267234	027267	DIFLUCAN	50 MG CAPSULE RIGIDE- 42 CAPSULE IN BLISTER PVC/AL	FLUCONAZOLO	FLUCONAZOLO	50	milligrammi	Capsula rigida	J02AC01	PFIZER ITALIA S.R.L.	Autorizzata	Procedura Mutuo riconoscimento o Decentrata	Medicinali soggetti a prescrizione medica
027267246	027267	DIFLUCAN	50 MG CAPSULE RIGIDE- 50 CAPSULE IN BLISTER PVC/AL	FLUCONAZOLO	FLUCONAZOLO	50	milligrammi	Capsula rigida	J02AC01	PFIZER ITALIA S.R.L.	Autorizzata	Procedura Mutuo riconoscimento o Decentrata	Medicinali soggetti a prescrizione medica
027267259	027267	DIFLUCAN	50 MG CAPSULE RIGIDE- 60 CAPSULE IN BLISTER PVC/AL	FLUCONAZOLO	FLUCONAZOLO	50	milligrammi	Capsula rigida	J02AC01	PFIZER ITALIA S.R.L.	Autorizzata	Procedura Mutuo riconoscimento o Decentrata	Medicinali soggetti a prescrizione medica
027267261	027267	DIFLUCAN	50 MG CAPSULE RIGIDE- 100 CAPSULE IN BLISTER PVC/AL	FLUCONAZOLO	FLUCONAZOLO	50	milligrammi	Capsula rigida	J02AC01	PFIZER ITALIA S.R.L.	Autorizzata	Procedura Mutuo riconoscimento o Decentrata	Medicinali soggetti a prescrizione medica
027267273	027267	DIFLUCAN	50 MG CAPSULE RIGIDE- 500 CAPSULE IN BLISTER PVC/AL	FLUCONAZOLO	FLUCONAZOLO	50	milligrammi	Capsula rigida	J02AC01	PFIZER ITALIA S.R.L.	Autorizzata	Procedura Mutuo riconoscimento o Decentrata	Medicinali soggetti a prescrizione medica limitativa, utilizzabili esclusivamente in ambiente ospedaliero o in una struttura ad esso assimilabile
027267285	027267	DIFLUCAN	50 MG CAPSULA RIGIDA- 1 CAPSULA IN BLISTER PVC/PVDC/AL	FLUCONAZOLO	FLUCONAZOLO	50	milligrammi	Capsula rigida	J02AC01	PFIZER ITALIA S.R.L.	Autorizzata	Procedura Mutuo riconoscimento o Decentrata	Medicinali soggetti a prescrizione medica
027267297	027267	DIFLUCAN	50 MG CAPSULE RIGIDE- 2 CAPSULE IN BLISTER PVC/PVDC/AL	FLUCONAZOLO	FLUCONAZOLO	50	milligrammi	Capsula rigida	J02AC01	PFIZER ITALIA S.R.L.	Autorizzata	Procedura Mutuo riconoscimento o Decentrata	Medicinali soggetti a prescrizione medica
027267309	027267	DIFLUCAN	50 MG CAPSULE RIGIDE- 3 CAPSULE IN BLISTER PVC/PVDC/AL	FLUCONAZOLO	FLUCONAZOLO	50	milligrammi	Capsula rigida	J02AC01	PFIZER ITALIA S.R.L.	Autorizzata	Procedura Mutuo riconoscimento o Decentrata	Medicinali soggetti a prescrizione medica
027267311	027267	DIFLUCAN	50 MG CAPSULE RIGIDE- 4 CAPSULE IN BLISTER PVC/PVDC/AL	FLUCONAZOLO	FLUCONAZOLO	50	milligrammi	Capsula rigida	J02AC01	PFIZER ITALIA S.R.L.	Autorizzata	Procedura Mutuo riconoscimento o Decentrata	Medicinali soggetti a prescrizione medica
027267323	027267	DIFLUCAN	50 MG CAPSULE RIGIDE- 6 CAPSULE IN BLISTER PVC/PVDC/AL	FLUCONAZOLO	FLUCONAZOLO	50	milligrammi	Capsula rigida	J02AC01	PFIZER ITALIA S.R.L.	Autorizzata	Procedura Mutuo riconoscimento o Decentrata	Medicinali soggetti a prescrizione medica
027267335	027267	DIFLUCAN	50 MG CAPSULE RIGIDE- 7 CAPSULE IN BLISTER PVC/PVDC/AL	FLUCONAZOLO	FLUCONAZOLO	50	milligrammi	Capsula rigida	J02AC01	PFIZER ITALIA S.R.L.	Autorizzata	Procedura Mutuo riconoscimento o Decentrata	Medicinali soggetti a prescrizione medica
027267347	027267	DIFLUCAN	50 MG CAPSULE RIGIDE-  10 CAPSULE IN BLISTER PVC/PVDC/AL	FLUCONAZOLO	FLUCONAZOLO	50	milligrammi	Capsula rigida	J02AC01	PFIZER ITALIA S.R.L.	Autorizzata	Procedura Mutuo riconoscimento o Decentrata	Medicinali soggetti a prescrizione medica
027267350	027267	DIFLUCAN	50 MG CAPSULE RIGIDE-  12 CAPSULE IN BLISTER PVC/PVDC/AL	FLUCONAZOLO	FLUCONAZOLO	50	milligrammi	Capsula rigida	J02AC01	PFIZER ITALIA S.R.L.	Autorizzata	Procedura Mutuo riconoscimento o Decentrata	Medicinali soggetti a prescrizione medica
027267362	027267	DIFLUCAN	50 MG CAPSULE RIGIDE-  14 CAPSULE IN BLISTER PVC/PVDC/AL	FLUCONAZOLO	FLUCONAZOLO	50	milligrammi	Capsula rigida	J02AC01	PFIZER ITALIA S.R.L.	Autorizzata	Procedura Mutuo riconoscimento o Decentrata	Medicinali soggetti a prescrizione medica
027267374	027267	DIFLUCAN	50 MG CAPSULE RIGIDE-  20 CAPSULE IN BLISTER PVC/PVDC/AL	FLUCONAZOLO	FLUCONAZOLO	50	milligrammi	Capsula rigida	J02AC01	PFIZER ITALIA S.R.L.	Autorizzata	Procedura Mutuo riconoscimento o Decentrata	Medicinali soggetti a prescrizione medica
027267386	027267	DIFLUCAN	50 MG CAPSULE RIGIDE-  28 CAPSULE IN BLISTER PVC/PVDC/AL	FLUCONAZOLO	FLUCONAZOLO	50	milligrammi	Capsula rigida	J02AC01	PFIZER ITALIA S.R.L.	Autorizzata	Procedura Mutuo riconoscimento o Decentrata	Medicinali soggetti a prescrizione medica
027267398	027267	DIFLUCAN	50 MG CAPSULE RIGIDE-  30 CAPSULE IN BLISTER PVC/PVDC/AL	FLUCONAZOLO	FLUCONAZOLO	50	milligrammi	Capsula rigida	J02AC01	PFIZER ITALIA S.R.L.	Autorizzata	Procedura Mutuo riconoscimento o Decentrata	Medicinali soggetti a prescrizione medica
027267400	027267	DIFLUCAN	50 MG CAPSULE RIGIDE-  42 CAPSULE IN BLISTER PVC/PVDC/AL	FLUCONAZOLO	FLUCONAZOLO	50	milligrammi	Capsula rigida	J02AC01	PFIZER ITALIA S.R.L.	Autorizzata	Procedura Mutuo riconoscimento o Decentrata	Medicinali soggetti a prescrizione medica
027267412	027267	DIFLUCAN	50 MG CAPSULE RIGIDE-  50 CAPSULE IN BLISTER PVC/PVDC/AL	FLUCONAZOLO	FLUCONAZOLO	50	milligrammi	Capsula rigida	J02AC01	PFIZER ITALIA S.R.L.	Autorizzata	Procedura Mutuo riconoscimento o Decentrata	Medicinali soggetti a prescrizione medica
027267424	027267	DIFLUCAN	50 MG CAPSULE RIGIDE-  60 CAPSULE IN BLISTER PVC/PVDC/AL	FLUCONAZOLO	FLUCONAZOLO	50	milligrammi	Capsula rigida	J02AC01	PFIZER ITALIA S.R.L.	Autorizzata	Procedura Mutuo riconoscimento o Decentrata	Medicinali soggetti a prescrizione medica
027267436	027267	DIFLUCAN	50 MG CAPSULE RIGIDE-  100 CAPSULE IN BLISTER PVC/PVDC/AL	FLUCONAZOLO	FLUCONAZOLO	50	milligrammi	Capsula rigida	J02AC01	PFIZER ITALIA S.R.L.	Autorizzata	Procedura Mutuo riconoscimento o Decentrata	Medicinali soggetti a prescrizione medica
027267448	027267	DIFLUCAN	50 MG CAPSULE RIGIDE-  500 CAPSULE IN BLISTER PVC/PVDC/AL	FLUCONAZOLO	FLUCONAZOLO	50	milligrammi	Capsula rigida	J02AC01	PFIZER ITALIA S.R.L.	Autorizzata	Procedura Mutuo riconoscimento o Decentrata	Medicinali soggetti a prescrizione medica limitativa, utilizzabili esclusivamente in ambiente ospedaliero o in una struttura ad esso assimilabile
027267463	027267	DIFLUCAN	100 MG CAPSULE RIGIDE-  2 CAPSULE IN BLISTER PVC/AL	FLUCONAZOLO	FLUCONAZOLO	100	milligrammi	Capsula rigida	J02AC01	PFIZER ITALIA S.R.L.	Autorizzata	Procedura Mutuo riconoscimento o Decentrata	Medicinali soggetti a prescrizione medica
027267475	027267	DIFLUCAN	100 MG CAPSULE RIGIDE-  3 CAPSULE IN BLISTER PVC/AL	FLUCONAZOLO	FLUCONAZOLO	100	milligrammi	Capsula rigida	J02AC01	PFIZER ITALIA S.R.L.	Autorizzata	Procedura Mutuo riconoscimento o Decentrata	Medicinali soggetti a prescrizione medica
027267487	027267	DIFLUCAN	100 MG CAPSULE RIGIDE-  4 CAPSULE IN BLISTER PVC/AL	FLUCONAZOLO	FLUCONAZOLO	100	milligrammi	Capsula rigida	J02AC01	PFIZER ITALIA S.R.L.	Autorizzata	Procedura Mutuo riconoscimento o Decentrata	Medicinali soggetti a prescrizione medica
027267501	027267	DIFLUCAN	100 MG CAPSULE RIGIDE-  7 CAPSULE IN BLISTER PVC/AL	FLUCONAZOLO	FLUCONAZOLO	100	milligrammi	Capsula rigida	J02AC01	PFIZER ITALIA S.R.L.	Autorizzata	Procedura Mutuo riconoscimento o Decentrata	Medicinali soggetti a prescrizione medica
027267525	027267	DIFLUCAN	100 MG CAPSULE RIGIDE-  14 CAPSULE IN BLISTER PVC/AL	FLUCONAZOLO	FLUCONAZOLO	100	milligrammi	Capsula rigida	J02AC01	PFIZER ITALIA S.R.L.	Autorizzata	Procedura Mutuo riconoscimento o Decentrata	Medicinali soggetti a prescrizione medica
027267537	027267	DIFLUCAN	100 MG CAPSULE RIGIDE-  20 CAPSULE IN BLISTER PVC/AL	FLUCONAZOLO	FLUCONAZOLO	100	milligrammi	Capsula rigida	J02AC01	PFIZER ITALIA S.R.L.	Autorizzata	Procedura Mutuo riconoscimento o Decentrata	Medicinali soggetti a prescrizione medica
027267552	027267	DIFLUCAN	100 MG CAPSULE RIGIDE-  30 CAPSULE IN BLISTER PVC/AL	FLUCONAZOLO	FLUCONAZOLO	100	milligrammi	Capsula rigida	J02AC01	PFIZER ITALIA S.R.L.	Autorizzata	Procedura Mutuo riconoscimento o Decentrata	Medicinali soggetti a prescrizione medica
027267564	027267	DIFLUCAN	100 MG CAPSULE RIGIDE-  42 CAPSULE IN BLISTER PVC/AL	FLUCONAZOLO	FLUCONAZOLO	100	milligrammi	Capsula rigida	J02AC01	PFIZER ITALIA S.R.L.	Autorizzata	Procedura Mutuo riconoscimento o Decentrata	Medicinali soggetti a prescrizione medica
027267576	027267	DIFLUCAN	100 MG CAPSULE RIGIDE-  50 CAPSULE IN BLISTER PVC/AL	FLUCONAZOLO	FLUCONAZOLO	100	milligrammi	Capsula rigida	J02AC01	PFIZER ITALIA S.R.L.	Autorizzata	Procedura Mutuo riconoscimento o Decentrata	Medicinali soggetti a prescrizione medica
027267588	027267	DIFLUCAN	100 MG CAPSULE RIGIDE-  60 CAPSULE IN BLISTER PVC/AL	FLUCONAZOLO	FLUCONAZOLO	100	milligrammi	Capsula rigida	J02AC01	PFIZER ITALIA S.R.L.	Autorizzata	Procedura Mutuo riconoscimento o Decentrata	Medicinali soggetti a prescrizione medica
027267602	027267	DIFLUCAN	100 MG CAPSULE RIGIDE-  500 CAPSULE IN BLISTER PVC/AL	FLUCONAZOLO	FLUCONAZOLO	100	milligrammi	Capsula rigida	J02AC01	PFIZER ITALIA S.R.L.	Autorizzata	Procedura Mutuo riconoscimento o Decentrata	Medicinali soggetti a prescrizione medica limitativa, utilizzabili esclusivamente in ambiente ospedaliero o in una struttura ad esso assimilabile
027267614	027267	DIFLUCAN	150 MG CAPSULA RIGIDA-  1 CAPSULA IN BLISTER PVC/AL	FLUCONAZOLO	FLUCONAZOLO			Capsula rigida	J02AC01	PFIZER ITALIA S.R.L.	Autorizzata	Procedura Mutuo riconoscimento o Decentrata	Medicinali soggetti a prescrizione medica
027267626	027267	DIFLUCAN	150 MG CAPSULE RIGIDE-  3 CAPSULE IN BLISTER PVC/AL	FLUCONAZOLO	FLUCONAZOLO			Capsula rigida	J02AC01	PFIZER ITALIA S.R.L.	Autorizzata	Procedura Mutuo riconoscimento o Decentrata	Medicinali soggetti a prescrizione medica
027267638	027267	DIFLUCAN	150 MG CAPSULE RIGIDE-  4 CAPSULE IN BLISTER PVC/AL	FLUCONAZOLO	FLUCONAZOLO			Capsula rigida	J02AC01	PFIZER ITALIA S.R.L.	Autorizzata	Procedura Mutuo riconoscimento o Decentrata	Medicinali soggetti a prescrizione medica
027267640	027267	DIFLUCAN	150 MG CAPSULE RIGIDE-  6 CAPSULE IN BLISTER PVC/AL	FLUCONAZOLO	FLUCONAZOLO			Capsula rigida	J02AC01	PFIZER ITALIA S.R.L.	Autorizzata	Procedura Mutuo riconoscimento o Decentrata	Medicinali soggetti a prescrizione medica
027267653	027267	DIFLUCAN	150 MG CAPSULE RIGIDE-  7 CAPSULE IN BLISTER PVC/AL	FLUCONAZOLO	FLUCONAZOLO			Capsula rigida	J02AC01	PFIZER ITALIA S.R.L.	Autorizzata	Procedura Mutuo riconoscimento o Decentrata	Medicinali soggetti a prescrizione medica
027267665	027267	DIFLUCAN	150 MG CAPSULE RIGIDE-  10 CAPSULE IN BLISTER PVC/AL	FLUCONAZOLO	FLUCONAZOLO			Capsula rigida	J02AC01	PFIZER ITALIA S.R.L.	Autorizzata	Procedura Mutuo riconoscimento o Decentrata	Medicinali soggetti a prescrizione medica
027267677	027267	DIFLUCAN	150 MG CAPSULE RIGIDE- 12 CAPSULE IN BLISTER PVC/AL	FLUCONAZOLO	FLUCONAZOLO			Capsula rigida	J02AC01	PFIZER ITALIA S.R.L.	Autorizzata	Procedura Mutuo riconoscimento o Decentrata	Medicinali soggetti a prescrizione medica
027267689	027267	DIFLUCAN	150 MG CAPSULE RIGIDE- 14 CAPSULE IN BLISTER PVC/AL	FLUCONAZOLO	FLUCONAZOLO			Capsula rigida	J02AC01	PFIZER ITALIA S.R.L.	Autorizzata	Procedura Mutuo riconoscimento o Decentrata	Medicinali soggetti a prescrizione medica
027267691	027267	DIFLUCAN	150 MG CAPSULE RIGIDE- 20 CAPSULE IN BLISTER PVC/AL	FLUCONAZOLO	FLUCONAZOLO			Capsula rigida	J02AC01	PFIZER ITALIA S.R.L.	Autorizzata	Procedura Mutuo riconoscimento o Decentrata	Medicinali soggetti a prescrizione medica
027267703	027267	DIFLUCAN	150 MG CAPSULE RIGIDE- 28 CAPSULE IN BLISTER PVC/AL	FLUCONAZOLO	FLUCONAZOLO			Capsula rigida	J02AC01	PFIZER ITALIA S.R.L.	Autorizzata	Procedura Mutuo riconoscimento o Decentrata	Medicinali soggetti a prescrizione medica
027267715	027267	DIFLUCAN	150 MG CAPSULE RIGIDE- 30 CAPSULE IN BLISTER PVC/AL	FLUCONAZOLO	FLUCONAZOLO			Capsula rigida	J02AC01	PFIZER ITALIA S.R.L.	Autorizzata	Procedura Mutuo riconoscimento o Decentrata	Medicinali soggetti a prescrizione medica
027267727	027267	DIFLUCAN	150 MG CAPSULE RIGIDE- 42 CAPSULE IN BLISTER PVC/AL	FLUCONAZOLO	FLUCONAZOLO			Capsula rigida	J02AC01	PFIZER ITALIA S.R.L.	Autorizzata	Procedura Mutuo riconoscimento o Decentrata	Medicinali soggetti a prescrizione medica
027267739	027267	DIFLUCAN	150 MG CAPSULE RIGIDE- 50 CAPSULE IN BLISTER PVC/AL	FLUCONAZOLO	FLUCONAZOLO			Capsula rigida	J02AC01	PFIZER ITALIA S.R.L.	Autorizzata	Procedura Mutuo riconoscimento o Decentrata	Medicinali soggetti a prescrizione medica
027267741	027267	DIFLUCAN	150 MG CAPSULE RIGIDE- 60 CAPSULE IN BLISTER PVC/AL	FLUCONAZOLO	FLUCONAZOLO			Capsula rigida	J02AC01	PFIZER ITALIA S.R.L.	Autorizzata	Procedura Mutuo riconoscimento o Decentrata	Medicinali soggetti a prescrizione medica
027267754	027267	DIFLUCAN	150 MG CAPSULE RIGIDE- 100 CAPSULE IN BLISTER PVC/AL	FLUCONAZOLO	FLUCONAZOLO			Capsula rigida	J02AC01	PFIZER ITALIA S.R.L.	Autorizzata	Procedura Mutuo riconoscimento o Decentrata	Medicinali soggetti a prescrizione medica
027267766	027267	DIFLUCAN	150 MG CAPSULE RIGIDE- 500 CAPSULE IN BLISTER PVC/AL	FLUCONAZOLO	FLUCONAZOLO			Capsula rigida	J02AC01	PFIZER ITALIA S.R.L.	Autorizzata	Procedura Mutuo riconoscimento o Decentrata	Medicinali soggetti a prescrizione medica limitativa, utilizzabili esclusivamente in ambiente ospedaliero o in una struttura ad esso assimilabile
027267778	027267	DIFLUCAN	150 MG CAPSULA RIGIDA- 1 CAPSULA IN BLISTER PVC/PVDC/AL	FLUCONAZOLO	FLUCONAZOLO			Capsula rigida	J02AC01	PFIZER ITALIA S.R.L.	Autorizzata	Procedura Mutuo riconoscimento o Decentrata	Medicinali soggetti a prescrizione medica
027267780	027267	DIFLUCAN	150 MG CAPSULE RIGIDE- 2 CAPSULE IN BLISTER PVC/PVDC/AL	FLUCONAZOLO	FLUCONAZOLO			Capsula rigida	J02AC01	PFIZER ITALIA S.R.L.	Autorizzata	Procedura Mutuo riconoscimento o Decentrata	Medicinali soggetti a prescrizione medica
027267792	027267	DIFLUCAN	150 MG CAPSULE RIGIDE- 3 CAPSULE IN BLISTER PVC/PVDC/AL	FLUCONAZOLO	FLUCONAZOLO			Capsula rigida	J02AC01	PFIZER ITALIA S.R.L.	Autorizzata	Procedura Mutuo riconoscimento o Decentrata	Medicinali soggetti a prescrizione medica
027267804	027267	DIFLUCAN	150 MG CAPSULE RIGIDE- 4 CAPSULE IN BLISTER PVC/PVDC/AL	FLUCONAZOLO	FLUCONAZOLO			Capsula rigida	J02AC01	PFIZER ITALIA S.R.L.	Autorizzata	Procedura Mutuo riconoscimento o Decentrata	Medicinali soggetti a prescrizione medica
027267816	027267	DIFLUCAN	150 MG CAPSULE RIGIDE- 6 CAPSULE IN BLISTER PVC/PVDC/AL	FLUCONAZOLO	FLUCONAZOLO			Capsula rigida	J02AC01	PFIZER ITALIA S.R.L.	Autorizzata	Procedura Mutuo riconoscimento o Decentrata	Medicinali soggetti a prescrizione medica
027267828	027267	DIFLUCAN	150 MG CAPSULE RIGIDE- 7 CAPSULE IN BLISTER PVC/PVDC/AL	FLUCONAZOLO	FLUCONAZOLO			Capsula rigida	J02AC01	PFIZER ITALIA S.R.L.	Autorizzata	Procedura Mutuo riconoscimento o Decentrata	Medicinali soggetti a prescrizione medica
027267830	027267	DIFLUCAN	150 MG CAPSULE RIGIDE- 10 CAPSULE IN BLISTER PVC/PVDC/AL	FLUCONAZOLO	FLUCONAZOLO			Capsula rigida	J02AC01	PFIZER ITALIA S.R.L.	Autorizzata	Procedura Mutuo riconoscimento o Decentrata	Medicinali soggetti a prescrizione medica
027267842	027267	DIFLUCAN	150 MG CAPSULE RIGIDE- 12 CAPSULE IN BLISTER PVC/PVDC/AL	FLUCONAZOLO	FLUCONAZOLO			Capsula rigida	J02AC01	PFIZER ITALIA S.R.L.	Autorizzata	Procedura Mutuo riconoscimento o Decentrata	Medicinali soggetti a prescrizione medica
027267855	027267	DIFLUCAN	150 MG CAPSULE RIGIDE- 14 CAPSULE IN BLISTER PVC/PVDC/AL	FLUCONAZOLO	FLUCONAZOLO			Capsula rigida	J02AC01	PFIZER ITALIA S.R.L.	Autorizzata	Procedura Mutuo riconoscimento o Decentrata	Medicinali soggetti a prescrizione medica
027267867	027267	DIFLUCAN	150 MG CAPSULE RIGIDE- 20 CAPSULE IN BLISTER PVC/PVDC/AL	FLUCONAZOLO	FLUCONAZOLO			Capsula rigida	J02AC01	PFIZER ITALIA S.R.L.	Autorizzata	Procedura Mutuo riconoscimento o Decentrata	Medicinali soggetti a prescrizione medica
027267879	027267	DIFLUCAN	150 MG CAPSULE RIGIDE- 28 CAPSULE IN BLISTER PVC/PVDC/AL	FLUCONAZOLO	FLUCONAZOLO			Capsula rigida	J02AC01	PFIZER ITALIA S.R.L.	Autorizzata	Procedura Mutuo riconoscimento o Decentrata	Medicinali soggetti a prescrizione medica
027267881	027267	DIFLUCAN	150 MG CAPSULE RIGIDE- 30 CAPSULE IN BLISTER PVC/PVDC/AL	FLUCONAZOLO	FLUCONAZOLO			Capsula rigida	J02AC01	PFIZER ITALIA S.R.L.	Autorizzata	Procedura Mutuo riconoscimento o Decentrata	Medicinali soggetti a prescrizione medica
027267893	027267	DIFLUCAN	150 MG CAPSULE RIGIDE- 42 CAPSULE IN BLISTER PVC/PVDC/AL	FLUCONAZOLO	FLUCONAZOLO			Capsula rigida	J02AC01	PFIZER ITALIA S.R.L.	Autorizzata	Procedura Mutuo riconoscimento o Decentrata	Medicinali soggetti a prescrizione medica
027267905	027267	DIFLUCAN	150 MG CAPSULE RIGIDE- 50 CAPSULE IN BLISTER PVC/PVDC/AL	FLUCONAZOLO	FLUCONAZOLO			Capsula rigida	J02AC01	PFIZER ITALIA S.R.L.	Autorizzata	Procedura Mutuo riconoscimento o Decentrata	Medicinali soggetti a prescrizione medica
027267917	027267	DIFLUCAN	150 MG CAPSULE RIGIDE- 60 CAPSULE IN BLISTER PVC/PVDC/AL	FLUCONAZOLO	FLUCONAZOLO			Capsula rigida	J02AC01	PFIZER ITALIA S.R.L.	Autorizzata	Procedura Mutuo riconoscimento o Decentrata	Medicinali soggetti a prescrizione medica
027267929	027267	DIFLUCAN	150 MG CAPSULE RIGIDE- 100 CAPSULE IN BLISTER PVC/PVDC/AL	FLUCONAZOLO	FLUCONAZOLO			Capsula rigida	J02AC01	PFIZER ITALIA S.R.L.	Autorizzata	Procedura Mutuo riconoscimento o Decentrata	Medicinali soggetti a prescrizione medica
027267931	027267	DIFLUCAN	150 MG CAPSULE RIGIDE- 500 CAPSULE IN BLISTER PVC/PVDC/AL	FLUCONAZOLO	FLUCONAZOLO			Capsula rigida	J02AC01	PFIZER ITALIA S.R.L.	Autorizzata	Procedura Mutuo riconoscimento o Decentrata	Medicinali soggetti a prescrizione medica limitativa, utilizzabili esclusivamente in ambiente ospedaliero o in una struttura ad esso assimilabile
027267943	027267	DIFLUCAN	200 MG CAPSULA RIGIDA- 1 CAPSULA IN BLISTER PVC/AL	FLUCONAZOLO	FLUCONAZOLO	200	milligrammi	Capsula rigida	J02AC01	PFIZER ITALIA S.R.L.	Autorizzata	Procedura Mutuo riconoscimento o Decentrata	Medicinali soggetti a prescrizione medica
027267956	027267	DIFLUCAN	200 MG CAPSULE RIGIDE- 2 CAPSULE IN BLISTER PVC/AL	FLUCONAZOLO	FLUCONAZOLO	200	milligrammi	Capsula rigida	J02AC01	PFIZER ITALIA S.R.L.	Autorizzata	Procedura Mutuo riconoscimento o Decentrata	Medicinali soggetti a prescrizione medica
027267968	027267	DIFLUCAN	200 MG CAPSULE RIGIDE- 3 CAPSULE IN BLISTER PVC/AL	FLUCONAZOLO	FLUCONAZOLO	200	milligrammi	Capsula rigida	J02AC01	PFIZER ITALIA S.R.L.	Autorizzata	Procedura Mutuo riconoscimento o Decentrata	Medicinali soggetti a prescrizione medica
027267970	027267	DIFLUCAN	200 MG CAPSULE RIGIDE- 4 CAPSULE IN BLISTER PVC/AL	FLUCONAZOLO	FLUCONAZOLO	200	milligrammi	Capsula rigida	J02AC01	PFIZER ITALIA S.R.L.	Autorizzata	Procedura Mutuo riconoscimento o Decentrata	Medicinali soggetti a prescrizione medica
027267982	027267	DIFLUCAN	200 MG CAPSULE RIGIDE- 6 CAPSULE IN BLISTER PVC/AL	FLUCONAZOLO	FLUCONAZOLO	200	milligrammi	Capsula rigida	J02AC01	PFIZER ITALIA S.R.L.	Autorizzata	Procedura Mutuo riconoscimento o Decentrata	Medicinali soggetti a prescrizione medica
027267994	027267	DIFLUCAN	200 MG CAPSULE RIGIDE- 10 CAPSULE IN BLISTER PVC/AL	FLUCONAZOLO	FLUCONAZOLO	200	milligrammi	Capsula rigida	J02AC01	PFIZER ITALIA S.R.L.	Autorizzata	Procedura Mutuo riconoscimento o Decentrata	Medicinali soggetti a prescrizione medica
027268010	027268	ELAZOR	50MG CAPSULE RIGIDE- 7 CAPSULE	FLUCONAZOLO	FLUCONAZOLO	50	milligrammi	Capsula rigida	J02AC01	ALFASIGMA S.P.A.	Autorizzata	Procedura Nazionale	Medicinali soggetti a prescrizione medica
027268022	027268	ELAZOR	150MG CAPSULE RIGIDE- 2 CAPSULE	FLUCONAZOLO	FLUCONAZOLO	150	milligrammi	Capsula rigida	J02AC01	ALFASIGMA S.P.A.	Autorizzata	Procedura Nazionale	Medicinali soggetti a prescrizione medica
027268046	027268	ELAZOR	100MG CAPSULE RIGIDE- 10 CAPSULE	FLUCONAZOLO	FLUCONAZOLO	100	milligrammi	Capsula rigida	J02AC01	ALFASIGMA S.P.A.	Autorizzata	Procedura Nazionale	Medicinali soggetti a prescrizione medica
027268097	027268	ELAZOR	200 MG CAPSULE RIGIDE- 7 CAPSULE	FLUCONAZOLO	FLUCONAZOLO	100	milligrammi	Capsula rigida	J02AC01	ALFASIGMA S.P.A.	Autorizzata	Procedura Nazionale	Medicinali soggetti a prescrizione medica
036904011	036904	FLUCONAZOLO EG	50 MG CAPSULE RIGIDE- 1 CAPSULA IN BLISTER PVC/PVDC/AL	FLUCONAZOLO	FLUCONAZOLO	50	milligrammi	Capsula rigida	J02AC01	EG S.P.A.	Autorizzata	Procedura Mutuo riconoscimento o Decentrata	Medicinali soggetti a prescrizione medica
036904023	036904	FLUCONAZOLO EG	50 MG CAPSULE RIGIDE- 2 CAPSULE IN BLISTER PVC/PVDC/AL	FLUCONAZOLO	FLUCONAZOLO	50	milligrammi	Capsula rigida	J02AC01	EG S.P.A.	Autorizzata	Procedura Mutuo riconoscimento o Decentrata	Medicinali soggetti a prescrizione medica
036904035	036904	FLUCONAZOLO EG	50 MG CAPSULE RIGIDE- 4 CAPSULE IN BLISTER PVC/PVDC/AL	FLUCONAZOLO	FLUCONAZOLO	50	milligrammi	Capsula rigida	J02AC01	EG S.P.A.	Autorizzata	Procedura Mutuo riconoscimento o Decentrata	Medicinali soggetti a prescrizione medica
036904047	036904	FLUCONAZOLO EG	50 MG CAPSULE RIGIDE- 6 CAPSULE IN BLISTER PVC/PVDC/AL	FLUCONAZOLO	FLUCONAZOLO	50	milligrammi	Capsula rigida	J02AC01	EG S.P.A.	Autorizzata	Procedura Mutuo riconoscimento o Decentrata	Medicinali soggetti a prescrizione medica
036904050	036904	FLUCONAZOLO EG	50 MG CAPSULE RIGIDE- 7 CAPSULE IN BLISTER PVC/PVDC/AL	FLUCONAZOLO	FLUCONAZOLO	50	milligrammi	Capsula rigida	J02AC01	EG S.P.A.	Autorizzata	Procedura Mutuo riconoscimento o Decentrata	Medicinali soggetti a prescrizione medica
036904062	036904	FLUCONAZOLO EG	50 MG CAPSULE RIGIDE- 10 CAPSULE IN BLISTER PVC/PVDC/AL	FLUCONAZOLO	FLUCONAZOLO	50	milligrammi	Capsula rigida	J02AC01	EG S.P.A.	Autorizzata	Procedura Mutuo riconoscimento o Decentrata	Medicinali soggetti a prescrizione medica
036904074	036904	FLUCONAZOLO EG	50 MG CAPSULE RIGIDE- 14 CAPSULE IN BLISTER PVC/PVDC/AL	FLUCONAZOLO	FLUCONAZOLO	50	milligrammi	Capsula rigida	J02AC01	EG S.P.A.	Autorizzata	Procedura Mutuo riconoscimento o Decentrata	Medicinali soggetti a prescrizione medica
036904086	036904	FLUCONAZOLO EG	50 MG CAPSULE RIGIDE- 20 CAPSULE IN BLISTER PVC/PVDC/AL	FLUCONAZOLO	FLUCONAZOLO	50	milligrammi	Capsula rigida	J02AC01	EG S.P.A.	Autorizzata	Procedura Mutuo riconoscimento o Decentrata	Medicinali soggetti a prescrizione medica
036904098	036904	FLUCONAZOLO EG	50 MG CAPSULE RIGIDE- 21 CAPSULE IN BLISTER PVC/PVDC/AL	FLUCONAZOLO	FLUCONAZOLO	50	milligrammi	Capsula rigida	J02AC01	EG S.P.A.	Autorizzata	Procedura Mutuo riconoscimento o Decentrata	Medicinali soggetti a prescrizione medica
036904100	036904	FLUCONAZOLO EG	50 MG CAPSULE RIGIDE- 28 CAPSULE IN BLISTER PVC/PVDC/AL	FLUCONAZOLO	FLUCONAZOLO	50	milligrammi	Capsula rigida	J02AC01	EG S.P.A.	Autorizzata	Procedura Mutuo riconoscimento o Decentrata	Medicinali soggetti a prescrizione medica
036904112	036904	FLUCONAZOLO EG	50 MG CAPSULE RIGIDE- 30 CAPSULE IN BLISTER PVC/PVDC/AL	FLUCONAZOLO	FLUCONAZOLO	50	milligrammi	Capsula rigida	J02AC01	EG S.P.A.	Autorizzata	Procedura Mutuo riconoscimento o Decentrata	Medicinali soggetti a prescrizione medica
036904124	036904	FLUCONAZOLO EG	50 MG CAPSULE RIGIDE- 50 CAPSULE IN BLISTER PVC/PVDC/AL	FLUCONAZOLO	FLUCONAZOLO	50	milligrammi	Capsula rigida	J02AC01	EG S.P.A.	Autorizzata	Procedura Mutuo riconoscimento o Decentrata	Medicinali soggetti a prescrizione medica
036904136	036904	FLUCONAZOLO EG	50 MG CAPSULE RIGIDE- 60 CAPSULE IN BLISTER PVC/PVDC/AL	FLUCONAZOLO	FLUCONAZOLO	50	milligrammi	Capsula rigida	J02AC01	EG S.P.A.	Autorizzata	Procedura Mutuo riconoscimento o Decentrata	Medicinali soggetti a prescrizione medica
036904148	036904	FLUCONAZOLO EG	50 MG CAPSULE RIGIDE- 90 CAPSULE IN BLISTER PVC/PVDC/AL	FLUCONAZOLO	FLUCONAZOLO	50	milligrammi	Capsula rigida	J02AC01	EG S.P.A.	Autorizzata	Procedura Mutuo riconoscimento o Decentrata	Medicinali soggetti a prescrizione medica
036904151	036904	FLUCONAZOLO EG	50 MG CAPSULE RIGIDE- 100 CAPSULE IN BLISTER PVC/PVDC/AL	FLUCONAZOLO	FLUCONAZOLO	50	milligrammi	Capsula rigida	J02AC01	EG S.P.A.	Autorizzata	Procedura Mutuo riconoscimento o Decentrata	Medicinali soggetti a prescrizione medica
036904163	036904	FLUCONAZOLO EG	100 MG CAPSULE RIGIDE- 1 CAPSULA IN BLISTER PVC/PVDC/AL	FLUCONAZOLO	FLUCONAZOLO	100	milligrammi	Capsula rigida	J02AC01	EG S.P.A.	Autorizzata	Procedura Mutuo riconoscimento o Decentrata	Medicinali soggetti a prescrizione medica
036904175	036904	FLUCONAZOLO EG	100 MG CAPSULE RIGIDE- 2 CAPSULE IN BLISTER PVC/PVDC/AL	FLUCONAZOLO	FLUCONAZOLO	100	milligrammi	Capsula rigida	J02AC01	EG S.P.A.	Autorizzata	Procedura Mutuo riconoscimento o Decentrata	Medicinali soggetti a prescrizione medica
036904187	036904	FLUCONAZOLO EG	100 MG CAPSULE RIGIDE- 4 CAPSULE IN BLISTER PVC/PVDC/AL	FLUCONAZOLO	FLUCONAZOLO	100	milligrammi	Capsula rigida	J02AC01	EG S.P.A.	Autorizzata	Procedura Mutuo riconoscimento o Decentrata	Medicinali soggetti a prescrizione medica
036904199	036904	FLUCONAZOLO EG	100 MG CAPSULE RIGIDE- 6 CAPSULE IN BLISTER PVC/PVDC/AL	FLUCONAZOLO	FLUCONAZOLO	100	milligrammi	Capsula rigida	J02AC01	EG S.P.A.	Autorizzata	Procedura Mutuo riconoscimento o Decentrata	Medicinali soggetti a prescrizione medica
036904201	036904	FLUCONAZOLO EG	100 MG CAPSULE RIGIDE- 7 CAPSULE IN BLISTER PVC/PVDC/AL	FLUCONAZOLO	FLUCONAZOLO	100	milligrammi	Capsula rigida	J02AC01	EG S.P.A.	Autorizzata	Procedura Mutuo riconoscimento o Decentrata	Medicinali soggetti a prescrizione medica
036904213	036904	FLUCONAZOLO EG	100 MG CAPSULE RIGIDE- 10 CAPSULE IN BLISTER PVC/PVDC/AL	FLUCONAZOLO	FLUCONAZOLO	100	milligrammi	Capsula rigida	J02AC01	EG S.P.A.	Autorizzata	Procedura Mutuo riconoscimento o Decentrata	Medicinali soggetti a prescrizione medica
036904225	036904	FLUCONAZOLO EG	100 MG CAPSULE RIGIDE- 14 CAPSULE IN BLISTER PVC/PVDC/AL	FLUCONAZOLO	FLUCONAZOLO	100	milligrammi	Capsula rigida	J02AC01	EG S.P.A.	Autorizzata	Procedura Mutuo riconoscimento o Decentrata	Medicinali soggetti a prescrizione medica
036904237	036904	FLUCONAZOLO EG	100 MG CAPSULE RIGIDE- 20 CAPSULE IN BLISTER PVC/PVDC/AL	FLUCONAZOLO	FLUCONAZOLO	100	milligrammi	Capsula rigida	J02AC01	EG S.P.A.	Autorizzata	Procedura Mutuo riconoscimento o Decentrata	Medicinali soggetti a prescrizione medica
036904249	036904	FLUCONAZOLO EG	100 MG CAPSULE RIGIDE- 21 CAPSULE IN BLISTER PVC/PVDC/AL	FLUCONAZOLO	FLUCONAZOLO	100	milligrammi	Capsula rigida	J02AC01	EG S.P.A.	Autorizzata	Procedura Mutuo riconoscimento o Decentrata	Medicinali soggetti a prescrizione medica
036904252	036904	FLUCONAZOLO EG	100 MG CAPSULE RIGIDE- 28 CAPSULE IN BLISTER PVC/PVDC/AL	FLUCONAZOLO	FLUCONAZOLO	100	milligrammi	Capsula rigida	J02AC01	EG S.P.A.	Autorizzata	Procedura Mutuo riconoscimento o Decentrata	Medicinali soggetti a prescrizione medica
036904264	036904	FLUCONAZOLO EG	100 MG CAPSULE RIGIDE- 30 CAPSULE IN BLISTER PVC/PVDC/AL	FLUCONAZOLO	FLUCONAZOLO	100	milligrammi	Capsula rigida	J02AC01	EG S.P.A.	Autorizzata	Procedura Mutuo riconoscimento o Decentrata	Medicinali soggetti a prescrizione medica
036904276	036904	FLUCONAZOLO EG	100 MG CAPSULE RIGIDE- 50 CAPSULE IN BLISTER PVC/PVDC/AL	FLUCONAZOLO	FLUCONAZOLO	100	milligrammi	Capsula rigida	J02AC01	EG S.P.A.	Autorizzata	Procedura Mutuo riconoscimento o Decentrata	Medicinali soggetti a prescrizione medica
036904288	036904	FLUCONAZOLO EG	100 MG CAPSULE RIGIDE- 60 CAPSULE IN BLISTER PVC/PVDC/AL	FLUCONAZOLO	FLUCONAZOLO	100	milligrammi	Capsula rigida	J02AC01	EG S.P.A.	Autorizzata	Procedura Mutuo riconoscimento o Decentrata	Medicinali soggetti a prescrizione medica
036904290	036904	FLUCONAZOLO EG	100 MG CAPSULE RIGIDE- 90 CAPSULE IN BLISTER PVC/PVDC/AL	FLUCONAZOLO	FLUCONAZOLO	100	milligrammi	Capsula rigida	J02AC01	EG S.P.A.	Autorizzata	Procedura Mutuo riconoscimento o Decentrata	Medicinali soggetti a prescrizione medica
036904302	036904	FLUCONAZOLO EG	100 MG CAPSULE RIGIDE- 100 CAPSULE IN BLISTER PVC/PVDC/AL	FLUCONAZOLO	FLUCONAZOLO	100	milligrammi	Capsula rigida	J02AC01	EG S.P.A.	Autorizzata	Procedura Mutuo riconoscimento o Decentrata	Medicinali soggetti a prescrizione medica
036904314	036904	FLUCONAZOLO EG	150 MG CAPSULE RIGIDE- 1 CAPSULA IN BLISTER PVC/PVDC/AL	FLUCONAZOLO	FLUCONAZOLO	150	milligrammi	Capsula rigida	J02AC01	EG S.P.A.	Autorizzata	Procedura Mutuo riconoscimento o Decentrata	Medicinali soggetti a prescrizione medica
036904326	036904	FLUCONAZOLO EG	150 MG CAPSULE RIGIDE- 2 CAPSULE IN BLISTER PVC/PVDC/AL	FLUCONAZOLO	FLUCONAZOLO	150	milligrammi	Capsula rigida	J02AC01	EG S.P.A.	Autorizzata	Procedura Mutuo riconoscimento o Decentrata	Medicinali soggetti a prescrizione medica
036904338	036904	FLUCONAZOLO EG	150 MG CAPSULE RIGIDE- 4 CAPSULE IN BLISTER PVC/PVDC/AL	FLUCONAZOLO	FLUCONAZOLO	150	milligrammi	Capsula rigida	J02AC01	EG S.P.A.	Autorizzata	Procedura Mutuo riconoscimento o Decentrata	Medicinali soggetti a prescrizione medica
036904340	036904	FLUCONAZOLO EG	150 MG CAPSULE RIGIDE- 6 CAPSULE IN BLISTER PVC/PVDC/AL	FLUCONAZOLO	FLUCONAZOLO	150	milligrammi	Capsula rigida	J02AC01	EG S.P.A.	Autorizzata	Procedura Mutuo riconoscimento o Decentrata	Medicinali soggetti a prescrizione medica
036904353	036904	FLUCONAZOLO EG	150 MG CAPSULE RIGIDE- 7 CAPSULE IN BLISTER PVC/PVDC/AL	FLUCONAZOLO	FLUCONAZOLO	150	milligrammi	Capsula rigida	J02AC01	EG S.P.A.	Autorizzata	Procedura Mutuo riconoscimento o Decentrata	Medicinali soggetti a prescrizione medica
036904365	036904	FLUCONAZOLO EG	150 MG CAPSULE RIGIDE- 10 CAPSULE IN BLISTER PVC/PVDC/AL	FLUCONAZOLO	FLUCONAZOLO	150	milligrammi	Capsula rigida	J02AC01	EG S.P.A.	Autorizzata	Procedura Mutuo riconoscimento o Decentrata	Medicinali soggetti a prescrizione medica
036904377	036904	FLUCONAZOLO EG	150 MG CAPSULE RIGIDE- 14 CAPSULE IN BLISTER PVC/PVDC/AL	FLUCONAZOLO	FLUCONAZOLO	150	milligrammi	Capsula rigida	J02AC01	EG S.P.A.	Autorizzata	Procedura Mutuo riconoscimento o Decentrata	Medicinali soggetti a prescrizione medica
036904389	036904	FLUCONAZOLO EG	150 MG CAPSULE RIGIDE- 20 CAPSULE IN BLISTER PVC/PVDC/AL	FLUCONAZOLO	FLUCONAZOLO	150	milligrammi	Capsula rigida	J02AC01	EG S.P.A.	Autorizzata	Procedura Mutuo riconoscimento o Decentrata	Medicinali soggetti a prescrizione medica
036904391	036904	FLUCONAZOLO EG	150 MG CAPSULE RIGIDE- 21 CAPSULE IN BLISTER PVC/PVDC/AL	FLUCONAZOLO	FLUCONAZOLO	150	milligrammi	Capsula rigida	J02AC01	EG S.P.A.	Autorizzata	Procedura Mutuo riconoscimento o Decentrata	Medicinali soggetti a prescrizione medica
036904403	036904	FLUCONAZOLO EG	150 MG CAPSULE RIGIDE- 28 CAPSULE IN BLISTER PVC/PVDC/AL	FLUCONAZOLO	FLUCONAZOLO	150	milligrammi	Capsula rigida	J02AC01	EG S.P.A.	Autorizzata	Procedura Mutuo riconoscimento o Decentrata	Medicinali soggetti a prescrizione medica
036904415	036904	FLUCONAZOLO EG	150 MG CAPSULE RIGIDE- 30 CAPSULE IN BLISTER PVC/PVDC/AL	FLUCONAZOLO	FLUCONAZOLO	150	milligrammi	Capsula rigida	J02AC01	EG S.P.A.	Autorizzata	Procedura Mutuo riconoscimento o Decentrata	Medicinali soggetti a prescrizione medica
036904427	036904	FLUCONAZOLO EG	150 MG CAPSULE RIGIDE- 50 CAPSULE IN BLISTER PVC/PVDC/AL	FLUCONAZOLO	FLUCONAZOLO	150	milligrammi	Capsula rigida	J02AC01	EG S.P.A.	Autorizzata	Procedura Mutuo riconoscimento o Decentrata	Medicinali soggetti a prescrizione medica
036904439	036904	FLUCONAZOLO EG	150 MG CAPSULE RIGIDE- 60 CAPSULE IN BLISTER PVC/PVDC/AL	FLUCONAZOLO	FLUCONAZOLO	150	milligrammi	Capsula rigida	J02AC01	EG S.P.A.	Autorizzata	Procedura Mutuo riconoscimento o Decentrata	Medicinali soggetti a prescrizione medica
036904441	036904	FLUCONAZOLO EG	150 MG CAPSULE RIGIDE- 90 CAPSULE IN BLISTER PVC/PVDC/AL	FLUCONAZOLO	FLUCONAZOLO	150	milligrammi	Capsula rigida	J02AC01	EG S.P.A.	Autorizzata	Procedura Mutuo riconoscimento o Decentrata	Medicinali soggetti a prescrizione medica
036904454	036904	FLUCONAZOLO EG	150 MG CAPSULE RIGIDE- 100 CAPSULE IN BLISTER PVC/PVDC/AL	FLUCONAZOLO	FLUCONAZOLO	150	milligrammi	Capsula rigida	J02AC01	EG S.P.A.	Autorizzata	Procedura Mutuo riconoscimento o Decentrata	Medicinali soggetti a prescrizione medica
036904466	036904	FLUCONAZOLO EG	200 MG CAPSULE RIGIDE- 1 CAPSULA IN BLISTER PVC/PVDC/AL	FLUCONAZOLO	FLUCONAZOLO	200	milligrammi	Capsula rigida	J02AC01	EG S.P.A.	Autorizzata	Procedura Mutuo riconoscimento o Decentrata	Medicinali soggetti a prescrizione medica
036904478	036904	FLUCONAZOLO EG	200 MG CAPSULE RIGIDE- 2 CAPSULE IN BLISTER PVC/PVDC/AL	FLUCONAZOLO	FLUCONAZOLO	200	milligrammi	Capsula rigida	J02AC01	EG S.P.A.	Autorizzata	Procedura Mutuo riconoscimento o Decentrata	Medicinali soggetti a prescrizione medica
036904480	036904	FLUCONAZOLO EG	200 MG CAPSULE RIGIDE- 4 CAPSULE IN BLISTER PVC/PVDC/AL	FLUCONAZOLO	FLUCONAZOLO	200	milligrammi	Capsula rigida	J02AC01	EG S.P.A.	Autorizzata	Procedura Mutuo riconoscimento o Decentrata	Medicinali soggetti a prescrizione medica
036904492	036904	FLUCONAZOLO EG	200 MG CAPSULE RIGIDE- 6 CAPSULE IN BLISTER PVC/PVDC/AL	FLUCONAZOLO	FLUCONAZOLO	200	milligrammi	Capsula rigida	J02AC01	EG S.P.A.	Autorizzata	Procedura Mutuo riconoscimento o Decentrata	Medicinali soggetti a prescrizione medica
036904504	036904	FLUCONAZOLO EG	200 MG CAPSULE RIGIDE- 7 CAPSULE IN BLISTER PVC/PVDC/AL	FLUCONAZOLO	FLUCONAZOLO	200	milligrammi	Capsula rigida	J02AC01	EG S.P.A.	Autorizzata	Procedura Mutuo riconoscimento o Decentrata	Medicinali soggetti a prescrizione medica
036904516	036904	FLUCONAZOLO EG	200 MG CAPSULE RIGIDE- 10 CAPSULE IN BLISTER PVC/PVDC/AL	FLUCONAZOLO	FLUCONAZOLO	200	milligrammi	Capsula rigida	J02AC01	EG S.P.A.	Autorizzata	Procedura Mutuo riconoscimento o Decentrata	Medicinali soggetti a prescrizione medica
036904528	036904	FLUCONAZOLO EG	200 MG CAPSULE RIGIDE- 14 CAPSULE IN BLISTER PVC/PVDC/AL	FLUCONAZOLO	FLUCONAZOLO	200	milligrammi	Capsula rigida	J02AC01	EG S.P.A.	Autorizzata	Procedura Mutuo riconoscimento o Decentrata	Medicinali soggetti a prescrizione medica
036904530	036904	FLUCONAZOLO EG	200 MG CAPSULE RIGIDE- 20 CAPSULE IN BLISTER PVC/PVDC/AL	FLUCONAZOLO	FLUCONAZOLO	200	milligrammi	Capsula rigida	J02AC01	EG S.P.A.	Autorizzata	Procedura Mutuo riconoscimento o Decentrata	Medicinali soggetti a prescrizione medica
036904542	036904	FLUCONAZOLO EG	200 MG CAPSULE RIGIDE- 21 CAPSULE IN BLISTER PVC/PVDC/AL	FLUCONAZOLO	FLUCONAZOLO	200	milligrammi	Capsula rigida	J02AC01	EG S.P.A.	Autorizzata	Procedura Mutuo riconoscimento o Decentrata	Medicinali soggetti a prescrizione medica
036904555	036904	FLUCONAZOLO EG	200 MG CAPSULE RIGIDE- 28 CAPSULE IN BLISTER PVC/PVDC/AL	FLUCONAZOLO	FLUCONAZOLO	200	milligrammi	Capsula rigida	J02AC01	EG S.P.A.	Autorizzata	Procedura Mutuo riconoscimento o Decentrata	Medicinali soggetti a prescrizione medica
036904567	036904	FLUCONAZOLO EG	200 MG CAPSULE RIGIDE- 30 CAPSULE IN BLISTER PVC/PVDC/AL	FLUCONAZOLO	FLUCONAZOLO	200	milligrammi	Capsula rigida	J02AC01	EG S.P.A.	Autorizzata	Procedura Mutuo riconoscimento o Decentrata	Medicinali soggetti a prescrizione medica
036904579	036904	FLUCONAZOLO EG	200 MG CAPSULE RIGIDE- 50 CAPSULE IN BLISTER PVC/PVDC/AL	FLUCONAZOLO	FLUCONAZOLO	200	milligrammi	Capsula rigida	J02AC01	EG S.P.A.	Autorizzata	Procedura Mutuo riconoscimento o Decentrata	Medicinali soggetti a prescrizione medica
036904581	036904	FLUCONAZOLO EG	200 MG CAPSULE RIGIDE- 60 CAPSULE IN BLISTER PVC/PVDC/AL	FLUCONAZOLO	FLUCONAZOLO	200	milligrammi	Capsula rigida	J02AC01	EG S.P.A.	Autorizzata	Procedura Mutuo riconoscimento o Decentrata	Medicinali soggetti a prescrizione medica
036904593	036904	FLUCONAZOLO EG	200 MG CAPSULE RIGIDE- 90 CAPSULE IN BLISTER PVC/PVDC/AL	FLUCONAZOLO	FLUCONAZOLO	200	milligrammi	Capsula rigida	J02AC01	EG S.P.A.	Autorizzata	Procedura Mutuo riconoscimento o Decentrata	Medicinali soggetti a prescrizione medica
036904605	036904	FLUCONAZOLO EG	200 MG CAPSULE RIGIDE- 100 CAPSULE IN BLISTER PVC/PVDC/AL	FLUCONAZOLO	FLUCONAZOLO	200	milligrammi	Capsula rigida	J02AC01	EG S.P.A.	Autorizzata	Procedura Mutuo riconoscimento o Decentrata	Medicinali soggetti a prescrizione medica
036904617	036904	FLUCONAZOLO EG	150 MG CAPSULE RIGIDE- 12 CAPSULE IN BLISTER PVC/PVDC/AL	FLUCONAZOLO	FLUCONAZOLO	150	milligrammi	Capsula rigida	J02AC01	EG S.P.A.	Autorizzata	Procedura Mutuo riconoscimento o Decentrata	Medicinali soggetti a prescrizione medica
037234059	037234	ZAMIZOL	<100 mg capsule rigide> 10  capsule  in blister PVC/PVDC/AL	FLUCONAZOLO	FLUCONAZOLO	100	milligrammi	Capsula rigida	J02AC01	FG S.R.L.	Autorizzata	Procedura Nazionale	Medicinali soggetti a prescrizione medica
037234061	037234	ZAMIZOL	<150 mg capsule rigide>  2  capsule  in blister PVC/PVDC/AL	FLUCONAZOLO	FLUCONAZOLO	150	milligrammi	Capsula rigida	J02AC01	FG S.R.L.	Autorizzata	Procedura Nazionale	Medicinali soggetti a prescrizione medica
037234073	037234	ZAMIZOL	<200 mg capsule rigide>  7  capsule  in blister PVC/PVDC/AL	FLUCONAZOLO	FLUCONAZOLO	200	milligrammi	Capsula rigida	J02AC01	FG S.R.L.	Autorizzata	Procedura Nazionale	Medicinali soggetti a prescrizione medica
037235052	037235	CANACID	<100 mg  capsule  rigide>  10  capsule  in blister PVC/PVDC/AL	FLUCONAZOLO	FLUCONAZOLO	100	milligrammi	Capsula rigida	J02AC01	I.G. FARMACEUTICI DI IRIANNI GIUSEPPE	Autorizzata	Procedura Nazionale	Medicinali soggetti a prescrizione medica
037235064	037235	CANACID	<150  mg  capsule  rigide>  2  capsule  in blister PVC/PVDC/AL	FLUCONAZOLO	FLUCONAZOLO	150	milligrammi	Capsula rigida	J02AC01	I.G. FARMACEUTICI DI IRIANNI GIUSEPPE	Autorizzata	Procedura Nazionale	Medicinali soggetti a prescrizione medica
037235076	037235	CANACID	<200  mg  capsule  rigide>  7  capsule  in blister PVC/PVDC/AL	FLUCONAZOLO	FLUCONAZOLO	200	milligrammi	Capsula rigida	J02AC01	I.G. FARMACEUTICI DI IRIANNI GIUSEPPE	Autorizzata	Procedura Nazionale	Medicinali soggetti a prescrizione medica
037236054	037236	GEMIFLUX	100 MG CAPSULE - 10 CAPSULE	FLUCONAZOLO	FLUCONAZOLO	100	milligrammi	Capsula rigida	J02AC01	EBERLIFE FARMACEUTICI S.P.A.	Autorizzata	Procedura Nazionale	Medicinali soggetti a prescrizione medica
037236066	037236	GEMIFLUX	150 MG CAPSULE - 2 CAPSULE	FLUCONAZOLO	FLUCONAZOLO	150	milligrammi	Capsula rigida	J02AC01	EBERLIFE FARMACEUTICI S.P.A.	Autorizzata	Procedura Nazionale	Medicinali soggetti a prescrizione medica
037236078	037236	GEMIFLUX	200 MG CAPSULE - 7 CAPSULE	FLUCONAZOLO	FLUCONAZOLO	200	milligrammi	Capsula rigida	J02AC01	EBERLIFE FARMACEUTICI S.P.A.	Autorizzata	Procedura Nazionale	Medicinali soggetti a prescrizione medica
037237056	037237	LEFUNZOL	<100 mg  capsule  rigide>  10  capsule  in blister PVC/PVDC/AL	FLUCONAZOLO	FLUCONAZOLO	100	milligrammi	Capsula rigida	J02AC01	EPIFARMA S.R.L	Autorizzata	Procedura Nazionale	Medicinali soggetti a prescrizione medica
037237068	037237	LEFUNZOL	<150  mg  capsule  rigide>  2  capsule  in blister PVC/PVDC/AL	FLUCONAZOLO	FLUCONAZOLO	150	milligrammi	Capsula rigida	J02AC01	EPIFARMA S.R.L	Autorizzata	Procedura Nazionale	Medicinali soggetti a prescrizione medica
037237070	037237	LEFUNZOL	<200  mg  capsule  rigide>  7  capsule  in blister PVC/PVDC/AL	FLUCONAZOLO	FLUCONAZOLO	200	milligrammi	Capsula rigida	J02AC01	EPIFARMA S.R.L	Autorizzata	Procedura Nazionale	Medicinali soggetti a prescrizione medica
037238058	037238	FLUMICON	100 MG CAPSULE RIGIDE- 10 CAPSULE	FLUCONAZOLO	FLUCONAZOLO	100	milligrammi	Capsula rigida	J02AC01	S.F. GROUP S.R.L.	Autorizzata	Procedura Nazionale	Medicinali soggetti a prescrizione medica
037238060	037238	FLUMICON	150 MG CAPSULE RIGIDE- 2 CAPSULE	FLUCONAZOLO	FLUCONAZOLO	150	milligrammi	Capsula rigida	J02AC01	S.F. GROUP S.R.L.	Autorizzata	Procedura Nazionale	Medicinali soggetti a prescrizione medica
037238072	037238	FLUMICON	200 MG CAPSULE RIGIDE- 7 CAPSULE	FLUCONAZOLO	FLUCONAZOLO	200	milligrammi	Capsula rigida	J02AC01	S.F. GROUP S.R.L.	Autorizzata	Procedura Nazionale	Medicinali soggetti a prescrizione medica
037249051	037249	RIFLAX	100 MG CAPSULE RIGIDE- 10 CAPSULE	FLUCONAZOLO	FLUCONAZOLO	100	milligrammi	Capsula rigida	J02AC01	MORGAN S.R.L.	Autorizzata	Procedura Nazionale	Medicinali soggetti a prescrizione medica
037249063	037249	RIFLAX	150 MG CAPSULE RIGIDE- 2 CAPSULE	FLUCONAZOLO	FLUCONAZOLO	150	milligrammi	Capsula rigida	J02AC01	MORGAN S.R.L.	Autorizzata	Procedura Nazionale	Medicinali soggetti a prescrizione medica
037249075	037249	RIFLAX	200 MG CAPSULE RIGIDE- 7 CAPSULE	FLUCONAZOLO	FLUCONAZOLO	200	milligrammi	Capsula rigida	J02AC01	MORGAN S.R.L.	Autorizzata	Procedura Nazionale	Medicinali soggetti a prescrizione medica
037268012	037268	FLUKIMEX	100 MG CAPSULE RIGIDE- 10 CAPSULE	FLUCONAZOLO	FLUCONAZOLO			Capsula rigida	J02AC01	THERAMEX IRELAND LIMITED	Autorizzata	Procedura Nazionale	Medicinali soggetti a prescrizione medica
037268024	037268	FLUKIMEX	150 MG CAPSULE RIGIDE- 2 CAPSULE	FLUCONAZOLO	FLUCONAZOLO			Capsula rigida	J02AC01	THERAMEX IRELAND LIMITED	Autorizzata	Procedura Nazionale	Medicinali soggetti a prescrizione medica
037268036	037268	FLUKIMEX	200 MG CAPSULE RIGIDE- 7 CAPSULE	FLUCONAZOLO	FLUCONAZOLO			Capsula rigida	J02AC01	THERAMEX IRELAND LIMITED	Autorizzata	Procedura Nazionale	Medicinali soggetti a prescrizione medica
037296011	037296	FLUCONAZOLO BIONDUSTRIA LIM	100 MG/50 ML SOLUZIONE PER INFUSIONE - 50 FLACONI 50 ML	FLUCONAZOLO	FLUCONAZOLO			Soluzione per infusione	J02AC01	BIOINDUSTRIA LABORATORIO ITALIANO MEDICINALI S.P.A.	Autorizzata	Procedura Nazionale	Medicinali soggetti a prescrizione medica limitativa, utilizzabili esclusivamente in ambiente ospedaliero o in una struttura ad esso assimilabile
037296023	037296	FLUCONAZOLO BIONDUSTRIA LIM	200 MG/ 100 ML SOLUZIONE PER INFUSIONE - 25 FLACONI DA 100 ML	FLUCONAZOLO	FLUCONAZOLO			Soluzione per infusione	J02AC01	BIOINDUSTRIA LABORATORIO ITALIANO MEDICINALI S.P.A.	Autorizzata	Procedura Nazionale	Medicinali soggetti a prescrizione medica limitativa, utilizzabili esclusivamente in ambiente ospedaliero o in una struttura ad esso assimilabile
037296035	037296	FLUCONAZOLO BIONDUSTRIA LIM	400 MG/ 200 ML SOLUZIONE PER INFUSIONE -25 FLACONI DA 200 ML	FLUCONAZOLO	FLUCONAZOLO			Soluzione per infusione	J02AC01	BIOINDUSTRIA LABORATORIO ITALIANO MEDICINALI S.P.A.	Autorizzata	Procedura Nazionale	Medicinali soggetti a prescrizione medica limitativa, utilizzabili esclusivamente in ambiente ospedaliero o in una struttura ad esso assimilabile
037296047	037296	FLUCONAZOLO BIONDUSTRIA LIM	100 MG/50 ML SOLUZIONE PER INFUSIONE- 25 FLACONI IN VETRO DA 50 ML	FLUCONAZOLO	FLUCONAZOLO	50	milligram(s)/millilitre	Soluzione per infusione	J02AC01	BIOINDUSTRIA LABORATORIO ITALIANO MEDICINALI S.P.A.	Autorizzata	Procedura Nazionale	Medicinali soggetti a prescrizione medica limitativa, utilizzabili esclusivamente in ambiente ospedaliero o in una struttura ad esso assimilabile
037343011	037343	FLUCONAZOLO HEXAL	50 MG CAPSULE RIGIDE- 1 CAPSULA IN BLISTER PVC/AL	FLUCONAZOLO	FLUCONAZOLO	50	milligrammi	Capsula rigida	J02AC01	SANDOZ S.P.A.	Autorizzata	Procedura Mutuo riconoscimento o Decentrata	Medicinali soggetti a prescrizione medica
037343023	037343	FLUCONAZOLO HEXAL	50 MG CAPSULE RIGIDE - 3 CAPSULE IN BLISTER PVC/AL	FLUCONAZOLO	FLUCONAZOLO	50	milligrammi	Capsula rigida	J02AC01	SANDOZ S.P.A.	Autorizzata	Procedura Mutuo riconoscimento o Decentrata	Medicinali soggetti a prescrizione medica
037343035	037343	FLUCONAZOLO HEXAL	50 MG CAPSULE RIGIDE - 7 CAPSULE IN BLISTER PVC/AL	FLUCONAZOLO	FLUCONAZOLO	50	milligrammi	Capsula rigida	J02AC01	SANDOZ S.P.A.	Autorizzata	Procedura Mutuo riconoscimento o Decentrata	Medicinali soggetti a prescrizione medica
037343047	037343	FLUCONAZOLO HEXAL	50 MG CAPSULE RIGIDE - 10 CAPSULE IN BLISTER PVC/AL	FLUCONAZOLO	FLUCONAZOLO	50	milligrammi	Capsula rigida	J02AC01	SANDOZ S.P.A.	Autorizzata	Procedura Mutuo riconoscimento o Decentrata	Medicinali soggetti a prescrizione medica
037343050	037343	FLUCONAZOLO HEXAL	50 MG CAPSULE RIGIDE - 14 CAPSULE IN BLISTER PVC/AL	FLUCONAZOLO	FLUCONAZOLO	50	milligrammi	Capsula rigida	J02AC01	SANDOZ S.P.A.	Autorizzata	Procedura Mutuo riconoscimento o Decentrata	Medicinali soggetti a prescrizione medica
037343062	037343	FLUCONAZOLO HEXAL	50 MG CAPSULE RIGIDE - 20 CAPSULE IN BLISTER PVC/AL	FLUCONAZOLO	FLUCONAZOLO	50	milligrammi	Capsula rigida	J02AC01	SANDOZ S.P.A.	Autorizzata	Procedura Mutuo riconoscimento o Decentrata	Medicinali soggetti a prescrizione medica
037343074	037343	FLUCONAZOLO HEXAL	50 MG CAPSULE RIGIDE - 28 CAPSULE IN BLISTER PVC/AL	FLUCONAZOLO	FLUCONAZOLO	50	milligrammi	Capsula rigida	J02AC01	SANDOZ S.P.A.	Autorizzata	Procedura Mutuo riconoscimento o Decentrata	Medicinali soggetti a prescrizione medica
037343086	037343	FLUCONAZOLO HEXAL	50 MG CAPSULE RIGIDE - 30 CAPSULE IN BLISTER PVC/AL	FLUCONAZOLO	FLUCONAZOLO	50	milligrammi	Capsula rigida	J02AC01	SANDOZ S.P.A.	Autorizzata	Procedura Mutuo riconoscimento o Decentrata	Medicinali soggetti a prescrizione medica
037343098	037343	FLUCONAZOLO HEXAL	50 MG CAPSULE RIGIDE - 42 CAPSULE IN BLISTER PVC/AL	FLUCONAZOLO	FLUCONAZOLO	50	milligrammi	Capsula rigida	J02AC01	SANDOZ S.P.A.	Autorizzata	Procedura Mutuo riconoscimento o Decentrata	Medicinali soggetti a prescrizione medica
037343100	037343	FLUCONAZOLO HEXAL	50 MG CAPSULE RIGIDE - 50 CAPSULE IN BLISTER PVC/AL	FLUCONAZOLO	FLUCONAZOLO	50	milligrammi	Capsula rigida	J02AC01	SANDOZ S.P.A.	Autorizzata	Procedura Mutuo riconoscimento o Decentrata	Medicinali soggetti a prescrizione medica
037343112	037343	FLUCONAZOLO HEXAL	50 MG CAPSULE RIGIDE - 100 CAPSULE IN BLISTER PVC/AL	FLUCONAZOLO	FLUCONAZOLO	50	milligrammi	Capsula rigida	J02AC01	SANDOZ S.P.A.	Autorizzata	Procedura Mutuo riconoscimento o Decentrata	Medicinali soggetti a prescrizione medica
037343124	037343	FLUCONAZOLO HEXAL	100 MG CAPSULE RIGIDE - 1 CAPSULA IN BLISTER PVC/AL	FLUCONAZOLO	FLUCONAZOLO	100	milligrammi	Capsula rigida	J02AC01	SANDOZ S.P.A.	Autorizzata	Procedura Mutuo riconoscimento o Decentrata	Medicinali soggetti a prescrizione medica
037343136	037343	FLUCONAZOLO HEXAL	100 MG CAPSULE RIGIDE - 7 CAPSULE IN BLISTER PVC/AL	FLUCONAZOLO	FLUCONAZOLO	100	milligrammi	Capsula rigida	J02AC01	SANDOZ S.P.A.	Autorizzata	Procedura Mutuo riconoscimento o Decentrata	Medicinali soggetti a prescrizione medica
037343148	037343	FLUCONAZOLO HEXAL	100 MG CAPSULE RIGIDE - 10 CAPSULE IN BLISTER PVC/AL	FLUCONAZOLO	FLUCONAZOLO	100	milligrammi	Capsula rigida	J02AC01	SANDOZ S.P.A.	Autorizzata	Procedura Mutuo riconoscimento o Decentrata	Medicinali soggetti a prescrizione medica
037343151	037343	FLUCONAZOLO HEXAL	100 MG CAPSULE RIGIDE - 14 CAPSULE IN BLISTER PVC/AL	FLUCONAZOLO	FLUCONAZOLO	100	milligrammi	Capsula rigida	J02AC01	SANDOZ S.P.A.	Autorizzata	Procedura Mutuo riconoscimento o Decentrata	Medicinali soggetti a prescrizione medica
037343163	037343	FLUCONAZOLO HEXAL	100 MG CAPSULE RIGIDE - 20 CAPSULE IN BLISTER PVC/AL	FLUCONAZOLO	FLUCONAZOLO	100	milligrammi	Capsula rigida	J02AC01	SANDOZ S.P.A.	Autorizzata	Procedura Mutuo riconoscimento o Decentrata	Medicinali soggetti a prescrizione medica
037343175	037343	FLUCONAZOLO HEXAL	100 MG CAPSULE RIGIDE - 30 CAPSULE IN BLISTER PVC/AL	FLUCONAZOLO	FLUCONAZOLO	100	milligrammi	Capsula rigida	J02AC01	SANDOZ S.P.A.	Autorizzata	Procedura Mutuo riconoscimento o Decentrata	Medicinali soggetti a prescrizione medica
037343187	037343	FLUCONAZOLO HEXAL	100 MG CAPSULE RIGIDE - 50 CAPSULE IN BLISTER PVC/AL	FLUCONAZOLO	FLUCONAZOLO	100	milligrammi	Capsula rigida	J02AC01	SANDOZ S.P.A.	Autorizzata	Procedura Mutuo riconoscimento o Decentrata	Medicinali soggetti a prescrizione medica
037343199	037343	FLUCONAZOLO HEXAL	100 MG CAPSULE RIGIDE - 100 CAPSULE IN BLISTER PVC/AL	FLUCONAZOLO	FLUCONAZOLO	100	milligrammi	Capsula rigida	J02AC01	SANDOZ S.P.A.	Autorizzata	Procedura Mutuo riconoscimento o Decentrata	Medicinali soggetti a prescrizione medica
037343201	037343	FLUCONAZOLO HEXAL	150 MG CAPSULE RIGIDE - 1 CAPSULA IN BLISTER PVC/AL	FLUCONAZOLO	FLUCONAZOLO	150	milligrammi	Capsula rigida	J02AC01	SANDOZ S.P.A.	Autorizzata	Procedura Mutuo riconoscimento o Decentrata	Medicinali soggetti a prescrizione medica
037343213	037343	FLUCONAZOLO HEXAL	150 MG CAPSULE RIGIDE - 2 CAPSULE IN BLISTER PVC/AL	FLUCONAZOLO	FLUCONAZOLO	150	milligrammi	Capsula rigida	J02AC01	SANDOZ S.P.A.	Autorizzata	Procedura Mutuo riconoscimento o Decentrata	Medicinali soggetti a prescrizione medica
037343225	037343	FLUCONAZOLO HEXAL	200 MG CAPSULE RIGIDE - 7 CAPSULE IN BLISTER PVC/AL	FLUCONAZOLO	FLUCONAZOLO	200	milligrammi	Capsula rigida	J02AC01	SANDOZ S.P.A.	Autorizzata	Procedura Mutuo riconoscimento o Decentrata	Medicinali soggetti a prescrizione medica
037343237	037343	FLUCONAZOLO HEXAL	200 MG CAPSULE RIGIDE - 10 CAPSULE IN BLISTER PVC/AL	FLUCONAZOLO	FLUCONAZOLO	200	milligrammi	Capsula rigida	J02AC01	SANDOZ S.P.A.	Autorizzata	Procedura Mutuo riconoscimento o Decentrata	Medicinali soggetti a prescrizione medica
037343249	037343	FLUCONAZOLO HEXAL	200 MG CAPSULE RIGIDE - 14 CAPSULE IN BLISTER PVC/AL	FLUCONAZOLO	FLUCONAZOLO	200	milligrammi	Capsula rigida	J02AC01	SANDOZ S.P.A.	Autorizzata	Procedura Mutuo riconoscimento o Decentrata	Medicinali soggetti a prescrizione medica
037343252	037343	FLUCONAZOLO HEXAL	200 MG CAPSULE RIGIDE - 20 CAPSULE IN BLISTER PVC/AL	FLUCONAZOLO	FLUCONAZOLO	200	milligrammi	Capsula rigida	J02AC01	SANDOZ S.P.A.	Autorizzata	Procedura Mutuo riconoscimento o Decentrata	Medicinali soggetti a prescrizione medica
037343264	037343	FLUCONAZOLO HEXAL	200 MG CAPSULE RIGIDE - 30 CAPSULE IN BLISTER PVC/AL	FLUCONAZOLO	FLUCONAZOLO	200	milligrammi	Capsula rigida	J02AC01	SANDOZ S.P.A.	Autorizzata	Procedura Mutuo riconoscimento o Decentrata	Medicinali soggetti a prescrizione medica
037343276	037343	FLUCONAZOLO HEXAL	200 MG CAPSULE RIGIDE - 50 CAPSULE IN BLISTER PVC/AL	FLUCONAZOLO	FLUCONAZOLO	200	milligrammi	Capsula rigida	J02AC01	SANDOZ S.P.A.	Autorizzata	Procedura Mutuo riconoscimento o Decentrata	Medicinali soggetti a prescrizione medica
037343288	037343	FLUCONAZOLO HEXAL	200 MG CAPSULE RIGIDE - 100 CAPSULE IN BLISTER PVC/AL	FLUCONAZOLO	FLUCONAZOLO	200	milligrammi	Capsula rigida	J02AC01	SANDOZ S.P.A.	Autorizzata	Procedura Mutuo riconoscimento o Decentrata	Medicinali soggetti a prescrizione medica
037380019	037380	FLUCONAZOLO SANDOZ	50 MG CAPSULE RIGIDE- 7 CAPSULE IN BLISTER PVC/PVDC/AL	FLUCONAZOLO	FLUCONAZOLO	50	milligrammi	Capsula rigida	J02AC01	SANDOZ S.P.A.	Autorizzata	Procedura Mutuo riconoscimento o Decentrata	Medicinali soggetti a prescrizione medica
037380021	037380	FLUCONAZOLO SANDOZ	50 MG CAPSULE RIGIDE- 10 CAPSULE IN BLISTER PVC/PVDC/AL	FLUCONAZOLO	FLUCONAZOLO	50	milligrammi	Capsula rigida	J02AC01	SANDOZ S.P.A.	Autorizzata	Procedura Mutuo riconoscimento o Decentrata	Medicinali soggetti a prescrizione medica
037380033	037380	FLUCONAZOLO SANDOZ	50 MG CAPSULE RIGIDE- 14 CAPSULE IN BLISTER PVC/PVDC/AL	FLUCONAZOLO	FLUCONAZOLO	50	milligrammi	Capsula rigida	J02AC01	SANDOZ S.P.A.	Autorizzata	Procedura Mutuo riconoscimento o Decentrata	Medicinali soggetti a prescrizione medica
037380045	037380	FLUCONAZOLO SANDOZ	50 MG CAPSULE RIGIDE- 20 CAPSULE IN BLISTER PVC/PVDC/AL	FLUCONAZOLO	FLUCONAZOLO	50	milligrammi	Capsula rigida	J02AC01	SANDOZ S.P.A.	Autorizzata	Procedura Mutuo riconoscimento o Decentrata	Medicinali soggetti a prescrizione medica
037380058	037380	FLUCONAZOLO SANDOZ	50 MG CAPSULE RIGIDE- 28 CAPSULE IN BLISTER PVC/PVDC/AL	FLUCONAZOLO	FLUCONAZOLO	50	milligrammi	Capsula rigida	J02AC01	SANDOZ S.P.A.	Autorizzata	Procedura Mutuo riconoscimento o Decentrata	Medicinali soggetti a prescrizione medica
037380060	037380	FLUCONAZOLO SANDOZ	50 MG CAPSULE RIGIDE- 30 CAPSULE IN BLISTER PVC/PVDC/AL	FLUCONAZOLO	FLUCONAZOLO	50	milligrammi	Capsula rigida	J02AC01	SANDOZ S.P.A.	Autorizzata	Procedura Mutuo riconoscimento o Decentrata	Medicinali soggetti a prescrizione medica
037380072	037380	FLUCONAZOLO SANDOZ	50 MG CAPSULE RIGIDE- 50 CAPSULE IN BLISTER PVC/PVDC/AL	FLUCONAZOLO	FLUCONAZOLO	50	milligrammi	Capsula rigida	J02AC01	SANDOZ S.P.A.	Autorizzata	Procedura Mutuo riconoscimento o Decentrata	Medicinali soggetti a prescrizione medica
037380084	037380	FLUCONAZOLO SANDOZ	50 MG CAPSULE RIGIDE- 60 CAPSULE IN BLISTER PVC/PVDC/AL	FLUCONAZOLO	FLUCONAZOLO	50	milligrammi	Capsula rigida	J02AC01	SANDOZ S.P.A.	Autorizzata	Procedura Mutuo riconoscimento o Decentrata	Medicinali soggetti a prescrizione medica
037380096	037380	FLUCONAZOLO SANDOZ	50 MG CAPSULE RIGIDE- 100 CAPSULE IN BLISTER PVC/PVDC/AL	FLUCONAZOLO	FLUCONAZOLO	50	milligrammi	Capsula rigida	J02AC01	SANDOZ S.P.A.	Autorizzata	Procedura Mutuo riconoscimento o Decentrata	Medicinali soggetti a prescrizione medica
037380108	037380	FLUCONAZOLO SANDOZ	100 MG CAPSULE RIGIDE- 7 CAPSULE IN BLISTER PVC/PVDC/AL	FLUCONAZOLO	FLUCONAZOLO	100	milligrammi	Capsula rigida	J02AC01	SANDOZ S.P.A.	Autorizzata	Procedura Mutuo riconoscimento o Decentrata	Medicinali soggetti a prescrizione medica
037380110	037380	FLUCONAZOLO SANDOZ	100 MG CAPSULE RIGIDE- 10 CAPSULE IN BLISTER PVC/PVDC/AL	FLUCONAZOLO	FLUCONAZOLO	100	milligrammi	Capsula rigida	J02AC01	SANDOZ S.P.A.	Autorizzata	Procedura Mutuo riconoscimento o Decentrata	Medicinali soggetti a prescrizione medica
037380122	037380	FLUCONAZOLO SANDOZ	100 MG CAPSULE RIGIDE- 14 CAPSULE IN BLISTER PVC/PVDC/AL	FLUCONAZOLO	FLUCONAZOLO	100	milligrammi	Capsula rigida	J02AC01	SANDOZ S.P.A.	Autorizzata	Procedura Mutuo riconoscimento o Decentrata	Medicinali soggetti a prescrizione medica
037380134	037380	FLUCONAZOLO SANDOZ	100 MG CAPSULE RIGIDE- 20 CAPSULE IN BLISTER PVC/PVDC/AL	FLUCONAZOLO	FLUCONAZOLO	100	milligrammi	Capsula rigida	J02AC01	SANDOZ S.P.A.	Autorizzata	Procedura Mutuo riconoscimento o Decentrata	Medicinali soggetti a prescrizione medica
037380146	037380	FLUCONAZOLO SANDOZ	100 MG CAPSULE RIGIDE- 28 CAPSULE IN BLISTER PVC/PVDC/AL	FLUCONAZOLO	FLUCONAZOLO	100	milligrammi	Capsula rigida	J02AC01	SANDOZ S.P.A.	Autorizzata	Procedura Mutuo riconoscimento o Decentrata	Medicinali soggetti a prescrizione medica
037380159	037380	FLUCONAZOLO SANDOZ	100 MG CAPSULE RIGIDE- 30 CAPSULE IN BLISTER PVC/PVDC/AL	FLUCONAZOLO	FLUCONAZOLO	100	milligrammi	Capsula rigida	J02AC01	SANDOZ S.P.A.	Autorizzata	Procedura Mutuo riconoscimento o Decentrata	Medicinali soggetti a prescrizione medica
037380161	037380	FLUCONAZOLO SANDOZ	100 MG CAPSULE RIGIDE- 50 CAPSULE IN BLISTER PVC/PVDC/AL	FLUCONAZOLO	FLUCONAZOLO	100	milligrammi	Capsula rigida	J02AC01	SANDOZ S.P.A.	Autorizzata	Procedura Mutuo riconoscimento o Decentrata	Medicinali soggetti a prescrizione medica
037380173	037380	FLUCONAZOLO SANDOZ	100 MG CAPSULE RIGIDE- 60 CAPSULE IN BLISTER PVC/PVDC/AL	FLUCONAZOLO	FLUCONAZOLO	100	milligrammi	Capsula rigida	J02AC01	SANDOZ S.P.A.	Autorizzata	Procedura Mutuo riconoscimento o Decentrata	Medicinali soggetti a prescrizione medica
037380185	037380	FLUCONAZOLO SANDOZ	100 MG CAPSULE RIGIDE- 100 CAPSULE IN BLISTER PVC/PVDC/AL	FLUCONAZOLO	FLUCONAZOLO	100	milligrammi	Capsula rigida	J02AC01	SANDOZ S.P.A.	Autorizzata	Procedura Mutuo riconoscimento o Decentrata	Medicinali soggetti a prescrizione medica
037380197	037380	FLUCONAZOLO SANDOZ	200 MG CAPSULE RIGIDE- 7 CAPSULE IN BLISTER PVC/PVDC/AL	FLUCONAZOLO	FLUCONAZOLO	200	milligrammi	Capsula rigida	J02AC01	SANDOZ S.P.A.	Autorizzata	Procedura Mutuo riconoscimento o Decentrata	Medicinali soggetti a prescrizione medica
037380209	037380	FLUCONAZOLO SANDOZ	200 MG CAPSULE RIGIDE- 10 CAPSULE IN BLISTER PVC/PVDC/AL	FLUCONAZOLO	FLUCONAZOLO	200	milligrammi	Capsula rigida	J02AC01	SANDOZ S.P.A.	Autorizzata	Procedura Mutuo riconoscimento o Decentrata	Medicinali soggetti a prescrizione medica
037380211	037380	FLUCONAZOLO SANDOZ	200 MG CAPSULE RIGIDE- 14 CAPSULE IN BLISTER PVC/PVDC/AL	FLUCONAZOLO	FLUCONAZOLO	200	milligrammi	Capsula rigida	J02AC01	SANDOZ S.P.A.	Autorizzata	Procedura Mutuo riconoscimento o Decentrata	Medicinali soggetti a prescrizione medica
037380223	037380	FLUCONAZOLO SANDOZ	200 MG CAPSULE RIGIDE- 20 CAPSULE IN BLISTER PVC/PVDC/AL	FLUCONAZOLO	FLUCONAZOLO	200	milligrammi	Capsula rigida	J02AC01	SANDOZ S.P.A.	Autorizzata	Procedura Mutuo riconoscimento o Decentrata	Medicinali soggetti a prescrizione medica
037380235	037380	FLUCONAZOLO SANDOZ	200 MG CAPSULE RIGIDE- 28 CAPSULE IN BLISTER PVC/PVDC/AL	FLUCONAZOLO	FLUCONAZOLO	200	milligrammi	Capsula rigida	J02AC01	SANDOZ S.P.A.	Autorizzata	Procedura Mutuo riconoscimento o Decentrata	Medicinali soggetti a prescrizione medica
037380247	037380	FLUCONAZOLO SANDOZ	200 MG CAPSULE RIGIDE- 30 CAPSULE IN BLISTER PVC/PVDC/AL	FLUCONAZOLO	FLUCONAZOLO	200	milligrammi	Capsula rigida	J02AC01	SANDOZ S.P.A.	Autorizzata	Procedura Mutuo riconoscimento o Decentrata	Medicinali soggetti a prescrizione medica
037380250	037380	FLUCONAZOLO SANDOZ	200 MG CAPSULE RIGIDE- 50 CAPSULE IN BLISTER PVC/PVDC/AL	FLUCONAZOLO	FLUCONAZOLO	200	milligrammi	Capsula rigida	J02AC01	SANDOZ S.P.A.	Autorizzata	Procedura Mutuo riconoscimento o Decentrata	Medicinali soggetti a prescrizione medica
037380262	037380	FLUCONAZOLO SANDOZ	200 MG CAPSULE RIGIDE- 60 CAPSULE IN BLISTER PVC/PVDC/AL	FLUCONAZOLO	FLUCONAZOLO	200	milligrammi	Capsula rigida	J02AC01	SANDOZ S.P.A.	Autorizzata	Procedura Mutuo riconoscimento o Decentrata	Medicinali soggetti a prescrizione medica
037380274	037380	FLUCONAZOLO SANDOZ	200 MG CAPSULE RIGIDE- 100 CAPSULE IN BLISTER PVC/PVDC/AL	FLUCONAZOLO	FLUCONAZOLO	200	milligrammi	Capsula rigida	J02AC01	SANDOZ S.P.A.	Autorizzata	Procedura Mutuo riconoscimento o Decentrata	Medicinali soggetti a prescrizione medica
037380286	037380	FLUCONAZOLO SANDOZ	150 MG CAPSULE RIGIDE- 1 CAPSULA IN BLISTER PVC/PVDC/AL	FLUCONAZOLO	FLUCONAZOLO	150	milligrammi	Capsula rigida	J02AC01	SANDOZ S.P.A.	Autorizzata	Procedura Mutuo riconoscimento o Decentrata	Medicinali soggetti a prescrizione medica
037380298	037380	FLUCONAZOLO SANDOZ	150 MG CAPSULE RIGIDE- 2 CAPSULE IN BLISTER PVC/PVDC/AL	FLUCONAZOLO	FLUCONAZOLO	150	milligrammi	Capsula rigida	J02AC01	SANDOZ S.P.A.	Autorizzata	Procedura Mutuo riconoscimento o Decentrata	Medicinali soggetti a prescrizione medica
037380300	037380	FLUCONAZOLO SANDOZ	150 MG CAPSULE RIGIDE- 4 CAPSULE IN BLISTER PVC/PVDC/AL	FLUCONAZOLO	FLUCONAZOLO	150	milligrammi	Capsula rigida	J02AC01	SANDOZ S.P.A.	Autorizzata	Procedura Mutuo riconoscimento o Decentrata	Medicinali soggetti a prescrizione medica
037380312	037380	FLUCONAZOLO SANDOZ	150 MG CAPSULE RIGIDE- 6 CAPSULE IN BLISTER PVC/PVDC/AL	FLUCONAZOLO	FLUCONAZOLO	150	milligrammi	Capsula rigida	J02AC01	SANDOZ S.P.A.	Autorizzata	Procedura Mutuo riconoscimento o Decentrata	Medicinali soggetti a prescrizione medica
037380324	037380	FLUCONAZOLO SANDOZ	150 MG CAPSULE RIGIDE- 12 CAPSULE IN BLISTER PVC/PVDC/AL	FLUCONAZOLO	FLUCONAZOLO	150	milligrammi	Capsula rigida	J02AC01	SANDOZ S.P.A.	Autorizzata	Procedura Mutuo riconoscimento o Decentrata	Medicinali soggetti a prescrizione medica
037394018	037394	FLUCONAZOLO RATIOPHARM	50 MG CAPSULE RIGIDE- 1 CAPSULA RIGIDA IN BLISTER PVC/PVDC/AL	FLUCONAZOLO	FLUCONAZOLO			Capsula rigida	J02AC01	TEVA ITALIA S.R.L.	Autorizzata	Procedura Mutuo riconoscimento o Decentrata	Medicinali soggetti a prescrizione medica
037394020	037394	FLUCONAZOLO RATIOPHARM	50 MG CAPSULE RIGIDE- 7 CAPSULE RIGIDE IN BLISTER PVC/PVDC/AL	FLUCONAZOLO	FLUCONAZOLO			Capsula rigida	J02AC01	TEVA ITALIA S.R.L.	Autorizzata	Procedura Mutuo riconoscimento o Decentrata	Medicinali soggetti a prescrizione medica
037394032	037394	FLUCONAZOLO RATIOPHARM	50 MG CAPSULE RIGIDE- 10 CAPSULE RIGIDE IN BLISTER PVC/PVDC/AL	FLUCONAZOLO	FLUCONAZOLO			Capsula rigida	J02AC01	TEVA ITALIA S.R.L.	Autorizzata	Procedura Mutuo riconoscimento o Decentrata	Medicinali soggetti a prescrizione medica
037394044	037394	FLUCONAZOLO RATIOPHARM	50 MG CAPSULE RIGIDE- 20 CAPSULE RIGIDE IN BLISTER PVC/PVDC/AL	FLUCONAZOLO	FLUCONAZOLO			Capsula rigida	J02AC01	TEVA ITALIA S.R.L.	Autorizzata	Procedura Mutuo riconoscimento o Decentrata	Medicinali soggetti a prescrizione medica
037394057	037394	FLUCONAZOLO RATIOPHARM	50 MG CAPSULE RIGIDE- 30 CAPSULE RIGIDE IN BLISTER PVC/PVDC/AL	FLUCONAZOLO	FLUCONAZOLO			Capsula rigida	J02AC01	TEVA ITALIA S.R.L.	Autorizzata	Procedura Mutuo riconoscimento o Decentrata	Medicinali soggetti a prescrizione medica
037394069	037394	FLUCONAZOLO RATIOPHARM	50 MG CAPSULE RIGIDE- 50 CAPSULE RIGIDE IN BLISTER PVC/PVDC/AL	FLUCONAZOLO	FLUCONAZOLO			Capsula rigida	J02AC01	TEVA ITALIA S.R.L.	Autorizzata	Procedura Mutuo riconoscimento o Decentrata	Medicinali soggetti a prescrizione medica
037394071	037394	FLUCONAZOLO RATIOPHARM	50 MG CAPSULE RIGIDE- 100 CAPSULE RIGIDE IN BLISTER PVC/PVDC/AL	FLUCONAZOLO	FLUCONAZOLO			Capsula rigida	J02AC01	TEVA ITALIA S.R.L.	Autorizzata	Procedura Mutuo riconoscimento o Decentrata	Medicinali soggetti a prescrizione medica
037394083	037394	FLUCONAZOLO RATIOPHARM	100 MG CAPSULE RIGIDE- 7 CAPSULE RIGIDE IN BLISTER PVC/PVDC/AL	FLUCONAZOLO	FLUCONAZOLO			Capsula rigida	J02AC01	TEVA ITALIA S.R.L.	Autorizzata	Procedura Mutuo riconoscimento o Decentrata	Medicinali soggetti a prescrizione medica
037394095	037394	FLUCONAZOLO RATIOPHARM	100 MG CAPSULE RIGIDE- 10 CAPSULE RIGIDE IN BLISTER PVC/PVDC/AL	FLUCONAZOLO	FLUCONAZOLO			Capsula rigida	J02AC01	TEVA ITALIA S.R.L.	Autorizzata	Procedura Mutuo riconoscimento o Decentrata	Medicinali soggetti a prescrizione medica
037394107	037394	FLUCONAZOLO RATIOPHARM	100 MG CAPSULE RIGIDE- 28 CAPSULE RIGIDE IN BLISTER PVC/PVDC/AL	FLUCONAZOLO	FLUCONAZOLO			Capsula rigida	J02AC01	TEVA ITALIA S.R.L.	Autorizzata	Procedura Mutuo riconoscimento o Decentrata	Medicinali soggetti a prescrizione medica
037394119	037394	FLUCONAZOLO RATIOPHARM	100 MG CAPSULE RIGIDE- 30 CAPSULE RIGIDE IN BLISTER PVC/PVDC/AL	FLUCONAZOLO	FLUCONAZOLO			Capsula rigida	J02AC01	TEVA ITALIA S.R.L.	Autorizzata	Procedura Mutuo riconoscimento o Decentrata	Medicinali soggetti a prescrizione medica
037394121	037394	FLUCONAZOLO RATIOPHARM	100 MG CAPSULE RIGIDE- 60 CAPSULE RIGIDE IN BLISTER PVC/PVDC/AL	FLUCONAZOLO	FLUCONAZOLO			Capsula rigida	J02AC01	TEVA ITALIA S.R.L.	Autorizzata	Procedura Mutuo riconoscimento o Decentrata	Medicinali soggetti a prescrizione medica
037394133	037394	FLUCONAZOLO RATIOPHARM	100 MG CAPSULE RIGIDE- 100 CAPSULE RIGIDE IN BLISTER PVC/PVDC/AL	FLUCONAZOLO	FLUCONAZOLO			Capsula rigida	J02AC01	TEVA ITALIA S.R.L.	Autorizzata	Procedura Mutuo riconoscimento o Decentrata	Medicinali soggetti a prescrizione medica
037394145	037394	FLUCONAZOLO RATIOPHARM	150 MG CAPSULE RIGIDE- 1 CAPSULA  RIGIDA IN BLISTER PVC/PVDC/AL	FLUCONAZOLO	FLUCONAZOLO			Capsula rigida	J02AC01	TEVA ITALIA S.R.L.	Autorizzata	Procedura Mutuo riconoscimento o Decentrata	Medicinali soggetti a prescrizione medica
037394158	037394	FLUCONAZOLO RATIOPHARM	150 MG CAPSULE RIGIDE- 2 CAPSULE RIGIDE IN BLISTER PVC/PVDC/AL	FLUCONAZOLO	FLUCONAZOLO			Capsula rigida	J02AC01	TEVA ITALIA S.R.L.	Autorizzata	Procedura Mutuo riconoscimento o Decentrata	Medicinali soggetti a prescrizione medica
037394160	037394	FLUCONAZOLO RATIOPHARM	200 MG CAPSULE RIGIDE- 1 CAPSULA RIGIDE IN BLISTER PVC/PVDC/AL	FLUCONAZOLO	FLUCONAZOLO			Capsula rigida	J02AC01	TEVA ITALIA S.R.L.	Autorizzata	Procedura Mutuo riconoscimento o Decentrata	Medicinali soggetti a prescrizione medica
037394172	037394	FLUCONAZOLO RATIOPHARM	200 MG CAPSULE RIGIDE- 7 CAPSULE RIGIDE IN BLISTER PVC/PVDC/AL	FLUCONAZOLO	FLUCONAZOLO			Capsula rigida	J02AC01	TEVA ITALIA S.R.L.	Autorizzata	Procedura Mutuo riconoscimento o Decentrata	Medicinali soggetti a prescrizione medica
037394184	037394	FLUCONAZOLO RATIOPHARM	200 MG CAPSULE RIGIDE - 10 CAPSULE RIGIDE IN BLISTER PVC/PVDC/AL	FLUCONAZOLO	FLUCONAZOLO			Capsula rigida	J02AC01	TEVA ITALIA S.R.L.	Autorizzata	Procedura Mutuo riconoscimento o Decentrata	Medicinali soggetti a prescrizione medica
037394196	037394	FLUCONAZOLO RATIOPHARM	200 MG CAPSULE RIGIDE- 20 CAPSULE RIGIDE IN BLISTER PVC/PVDC/AL	FLUCONAZOLO	FLUCONAZOLO			Capsula rigida	J02AC01	TEVA ITALIA S.R.L.	Autorizzata	Procedura Mutuo riconoscimento o Decentrata	Medicinali soggetti a prescrizione medica
037394208	037394	FLUCONAZOLO RATIOPHARM	200 MG CAPSULE RIGIDE- 30 CAPSULE RIGIDE IN BLISTER PVC/PVDC/AL	FLUCONAZOLO	FLUCONAZOLO			Capsula rigida	J02AC01	TEVA ITALIA S.R.L.	Autorizzata	Procedura Mutuo riconoscimento o Decentrata	Medicinali soggetti a prescrizione medica
037394210	037394	FLUCONAZOLO RATIOPHARM	200 MG CAPSULE RIGIDE- 50 CAPSULE RIGIDE IN BLISTER PVC/PVDC/AL	FLUCONAZOLO	FLUCONAZOLO			Capsula rigida	J02AC01	TEVA ITALIA S.R.L.	Autorizzata	Procedura Mutuo riconoscimento o Decentrata	Medicinali soggetti a prescrizione medica
037394222	037394	FLUCONAZOLO RATIOPHARM	200 MG CAPSULE RIGIDE- 100 CAPSULE RIGIDE IN BLISTER PVC/PVDC/AL	FLUCONAZOLO	FLUCONAZOLO			Capsula rigida	J02AC01	TEVA ITALIA S.R.L.	Autorizzata	Procedura Mutuo riconoscimento o Decentrata	Medicinali soggetti a prescrizione medica
037394234	037394	FLUCONAZOLO RATIOPHARM	50 MG CAPSULE RIGIDE- 500 CAPSULE RIGIDE IN BLISTER PVC/PVDC/AL	FLUCONAZOLO	FLUCONAZOLO			Capsula rigida	J02AC01	TEVA ITALIA S.R.L.	Autorizzata	Procedura Mutuo riconoscimento o Decentrata	Medicinali soggetti a prescrizione medica
037394246	037394	FLUCONAZOLO RATIOPHARM	100 MG CAPSULE RIGIDE- 50 CAPSULE RIGIDE IN BLISTER PVC/PVDC/AL	FLUCONAZOLO	FLUCONAZOLO			Capsula rigida	J02AC01	TEVA ITALIA S.R.L.	Autorizzata	Procedura Mutuo riconoscimento o Decentrata	Medicinali soggetti a prescrizione medica
037394259	037394	FLUCONAZOLO RATIOPHARM	150 MG CAPSULE RIGIDE- 4 CAPSULE RIGIDE IN BLISTER PVC/PVDC/AL	FLUCONAZOLO	FLUCONAZOLO			Capsula rigida	J02AC01	TEVA ITALIA S.R.L.	Autorizzata	Procedura Mutuo riconoscimento o Decentrata	Medicinali soggetti a prescrizione medica
037394261	037394	FLUCONAZOLO RATIOPHARM	150 MG CAPSULE RIGIDE- 12 CAPSULE RIGIDE IN BLISTER PVC/PVDC/AL	FLUCONAZOLO	FLUCONAZOLO			Capsula rigida	J02AC01	TEVA ITALIA S.R.L.	Autorizzata	Procedura Mutuo riconoscimento o Decentrata	Medicinali soggetti a prescrizione medica
037492016	037492	FLUCONAZOLO ZENTIVA	50 MG CAPSULE RIGIDE- 7 CAPSULE IN BLISTER PVC-PVDC/AL	FLUCONAZOLO	FLUCONAZOLO	50	milligrammi	Capsula rigida	J02AC01	ZENTIVA ITALIA S.R.L.	Autorizzata	Procedura Mutuo riconoscimento o Decentrata	Medicinali soggetti a prescrizione medica
037492028	037492	FLUCONAZOLO ZENTIVA	50 MG CAPSULE RIGIDE- 28 CAPSULE IN BLISTER PVC-PVDC/AL	FLUCONAZOLO	FLUCONAZOLO	50	milligrammi	Capsula rigida	J02AC01	ZENTIVA ITALIA S.R.L.	Autorizzata	Procedura Mutuo riconoscimento o Decentrata	Medicinali soggetti a prescrizione medica
037492030	037492	FLUCONAZOLO ZENTIVA	50 MG CAPSULE RIGIDE- 100 CAPSULE IN BLISTER PVC-PVDC/AL	FLUCONAZOLO	FLUCONAZOLO	50	milligrammi	Capsula rigida	J02AC01	ZENTIVA ITALIA S.R.L.	Autorizzata	Procedura Mutuo riconoscimento o Decentrata	Medicinali soggetti a prescrizione medica
037492042	037492	FLUCONAZOLO ZENTIVA	100 MG CAPSULE RIGIDE- 7 CAPSULE IN BLISTER PVC-PVDC/AL	FLUCONAZOLO	FLUCONAZOLO	100	milligrammi	Capsula rigida	J02AC01	ZENTIVA ITALIA S.R.L.	Autorizzata	Procedura Mutuo riconoscimento o Decentrata	Medicinali soggetti a prescrizione medica
037492055	037492	FLUCONAZOLO ZENTIVA	100 MG CAPSULE RIGIDE- 28 CAPSULE IN BLISTER PVC-PVDC/AL	FLUCONAZOLO	FLUCONAZOLO	100	milligrammi	Capsula rigida	J02AC01	ZENTIVA ITALIA S.R.L.	Autorizzata	Procedura Mutuo riconoscimento o Decentrata	Medicinali soggetti a prescrizione medica
037492067	037492	FLUCONAZOLO ZENTIVA	100 MG CAPSULE RIGIDE- 100 CAPSULE IN BLISTER PVC-PVDC/AL	FLUCONAZOLO	FLUCONAZOLO	100	milligrammi	Capsula rigida	J02AC01	ZENTIVA ITALIA S.R.L.	Autorizzata	Procedura Mutuo riconoscimento o Decentrata	Medicinali soggetti a prescrizione medica
037492079	037492	FLUCONAZOLO ZENTIVA	150 MG CAPSULE RIGIDE- 1 CAPSULA IN BLISTER PVC-PVDC/AL	FLUCONAZOLO	FLUCONAZOLO	150	milligrammi	Capsula rigida	J02AC01	ZENTIVA ITALIA S.R.L.	Autorizzata	Procedura Mutuo riconoscimento o Decentrata	Medicinali soggetti a prescrizione medica
037492081	037492	FLUCONAZOLO ZENTIVA	200 MG CAPSULE RIGIDE- 7 CAPSULE IN BLISTER PVC-PVDC/AL	FLUCONAZOLO	FLUCONAZOLO	200	milligrammi	Capsula rigida	J02AC01	ZENTIVA ITALIA S.R.L.	Autorizzata	Procedura Mutuo riconoscimento o Decentrata	Medicinali soggetti a prescrizione medica
037492093	037492	FLUCONAZOLO ZENTIVA	200 MG CAPSULE RIGIDE- 28 CAPSULE IN BLISTER PVC-PVDC/AL	FLUCONAZOLO	FLUCONAZOLO	200	milligrammi	Capsula rigida	J02AC01	ZENTIVA ITALIA S.R.L.	Autorizzata	Procedura Mutuo riconoscimento o Decentrata	Medicinali soggetti a prescrizione medica
037492105	037492	FLUCONAZOLO ZENTIVA	200 MG CAPSULE RIGIDE- 100 CAPSULE IN BLISTER PVC-PVDC/AL	FLUCONAZOLO	FLUCONAZOLO	200	milligrammi	Capsula rigida	J02AC01	ZENTIVA ITALIA S.R.L.	Autorizzata	Procedura Mutuo riconoscimento o Decentrata	Medicinali soggetti a prescrizione medica
037492117	037492	FLUCONAZOLO ZENTIVA	100 MG CAPSULE RIGIDE- 10 CAPSULE IN BLISTER PVC-PVDC/AL	FLUCONAZOLO	FLUCONAZOLO	100	milligrammi	Capsula rigida	J02AC01	ZENTIVA ITALIA S.R.L.	Autorizzata	Procedura Mutuo riconoscimento o Decentrata	Medicinali soggetti a prescrizione medica
037492129	037492	FLUCONAZOLO ZENTIVA	150 MG CAPSULE RIGIDE- 2 CAPSULE IN BLISTER PVC-PVDC/AL	FLUCONAZOLO	FLUCONAZOLO	150	milligrammi	Capsula rigida	J02AC01	ZENTIVA ITALIA S.R.L.	Autorizzata	Procedura Mutuo riconoscimento o Decentrata	Medicinali soggetti a prescrizione medica
037492131	037492	FLUCONAZOLO ZENTIVA	100 MG CAPSULE RIGIDE- 1 CAPSULA IN BLISTER PVC/PVDC/AL	FLUCONAZOLO	FLUCONAZOLO	100	milligrammi	Capsula rigida	J02AC01	ZENTIVA ITALIA S.R.L.	Autorizzata	Procedura Mutuo riconoscimento o Decentrata	Medicinali soggetti a prescrizione medica
037540010	037540	ALOZOF	100 MG CAPSULE RIGIDE - 10 CAPSULE	FLUCONAZOLO	FLUCONAZOLO	100	milligrammi	Capsula rigida	J02AC01	I.B.N. SAVIO S.R.L	Autorizzata	Procedura Nazionale	Medicinali soggetti a prescrizione medica
037540022	037540	ALOZOF	150 MG CAPSULE RIGIDE - 2 CAPSULE	FLUCONAZOLO	FLUCONAZOLO	150	milligrammi	Capsula rigida	J02AC01	I.B.N. SAVIO S.R.L	Autorizzata	Procedura Nazionale	Medicinali soggetti a prescrizione medica
037543016	037543	ZERFUN	100 MG CAPSULE RIGIDE - 10 CAPSULE	FLUCONAZOLO	FLUCONAZOLO	100	milligrammi	Capsula rigida	J02AC01	IDI FARMACEUTICI S.R.L.	Autorizzata	Procedura Nazionale	Medicinali soggetti a prescrizione medica
037543028	037543	ZERFUN	150 MG CAPSULE RIGIDE - 2 CAPSULE	FLUCONAZOLO	FLUCONAZOLO	150	milligrammi	Capsula rigida	J02AC01	IDI FARMACEUTICI S.R.L.	Autorizzata	Procedura Nazionale	Medicinali soggetti a prescrizione medica
037543030	037543	ZERFUN	200 MG CAPSULE RIGIDE - 7 CAPSULE	FLUCONAZOLO	FLUCONAZOLO	200	milligrammi	Capsula rigida	J02AC01	IDI FARMACEUTICI S.R.L.	Autorizzata	Procedura Nazionale	Medicinali soggetti a prescrizione medica
037649011	037649	FLUMOS	100 MG CAPSULE RIGIDE - 10 CAPSULE	FLUCONAZOLO	FLUCONAZOLO	100	milligrammi	Capsula rigida	J02AC01	A.G.I.P.S. FARMACEUTICI SRL	Autorizzata	Procedura Nazionale	Medicinali soggetti a prescrizione medica
037649023	037649	FLUMOS	150 MG CAPSULE RIGIDE - 2 CAPSULE	FLUCONAZOLO	FLUCONAZOLO	150	milligrammi	Capsula rigida	J02AC01	A.G.I.P.S. FARMACEUTICI SRL	Autorizzata	Procedura Nazionale	Medicinali soggetti a prescrizione medica
037649035	037649	FLUMOS	200 MG CAPSULE RIGIDE - 7 CAPSULE	FLUCONAZOLO	FLUCONAZOLO	200	milligrammi	Capsula rigida	J02AC01	A.G.I.P.S. FARMACEUTICI SRL	Autorizzata	Procedura Nazionale	Medicinali soggetti a prescrizione medica
037658010	037658	MICONIX	50 MG CAPSULE RIGIDE - 7 CAPSULE	FLUCONAZOLO	FLUCONAZOLO	50	milligrammi	Capsula rigida	J02AC01	GENETIC S.P.A.	Autorizzata	Procedura Nazionale	Medicinali soggetti a prescrizione medica
037658022	037658	MICONIX	100 MG CAPSULE RIGIDE - 10 CAPSULE	FLUCONAZOLO	FLUCONAZOLO	100	milligrammi	Capsula rigida	J02AC01	GENETIC S.P.A.	Autorizzata	Procedura Nazionale	Medicinali soggetti a prescrizione medica
037658034	037658	MICONIX	150 MG CAPSULE RIGIDE - 2 CAPSULE	FLUCONAZOLO	FLUCONAZOLO	150	milligrammi	Capsula rigida	J02AC01	GENETIC S.P.A.	Autorizzata	Procedura Nazionale	Medicinali soggetti a prescrizione medica
037658046	037658	MICONIX	200 MG CAPSULE RIGIDE - 7 CAPSULE	FLUCONAZOLO	FLUCONAZOLO	200	milligrammi	Capsula rigida	J02AC01	GENETIC S.P.A.	Autorizzata	Procedura Nazionale	Medicinali soggetti a prescrizione medica
037662018	037662	ZOLODER	100 MG CAPSULE RIGIDE - 10 CAPSULE	FLUCONAZOLO	FLUCONAZOLO	100	milligrammi	Capsula rigida	J02AC01	EFFIK ITALIA S.P.A.	Autorizzata	Procedura Nazionale	Medicinali soggetti a prescrizione medica
037662020	037662	ZOLODER	150 MG CAPSULE RIGIDE - 2 CAPSULE	FLUCONAZOLO	FLUCONAZOLO	150	milligrammi	Capsula rigida	J02AC01	EFFIK ITALIA S.P.A.	Autorizzata	Procedura Nazionale	Medicinali soggetti a prescrizione medica
037662032	037662	ZOLODER	200 MG CAPSULE RIGIDE - 7 CAPSULE	FLUCONAZOLO	FLUCONAZOLO	200	milligrammi	Capsula rigida	J02AC01	EFFIK ITALIA S.P.A.	Autorizzata	Procedura Nazionale	Medicinali soggetti a prescrizione medica
037672019	037672	FLUCONAZOLO PENSA	50 MG CAPSULE RIGIDE - 7 CAPSULE	FLUCONAZOLO	FLUCONAZOLO	50	milligrammi	Capsula rigida	J02AC01	TOWA PHARMACEUTICAL S.P.A.	Autorizzata	Procedura Nazionale	Medicinali soggetti a prescrizione medica
037672021	037672	FLUCONAZOLO PENSA	100 MG CAPSULE RIGIDE - 10 CAPSULE	FLUCONAZOLO	FLUCONAZOLO	100	milligrammi	Capsula rigida	J02AC01	TOWA PHARMACEUTICAL S.P.A.	Autorizzata	Procedura Nazionale	Medicinali soggetti a prescrizione medica
037672033	037672	FLUCONAZOLO PENSA	150 MG CAPSULE RIGIDE - 2 CAPSULE	FLUCONAZOLO	FLUCONAZOLO	150	milligrammi	Capsula rigida	J02AC01	TOWA PHARMACEUTICAL S.P.A.	Autorizzata	Procedura Nazionale	Medicinali soggetti a prescrizione medica
037672045	037672	FLUCONAZOLO PENSA	200 MG CAPSULE RIGIDE - 7 CAPSULE	FLUCONAZOLO	FLUCONAZOLO	200	milligrammi	Capsula rigida	J02AC01	TOWA PHARMACEUTICAL S.P.A.	Autorizzata	Procedura Nazionale	Medicinali soggetti a prescrizione medica
037673011	037673	MUKES	50 MG CAPSULE RIGIDE - 7 CAPSULE	FLUCONAZOLO	FLUCONAZOLO	50	milligrammi	Capsula rigida	J02AC01	N.I. PHARMA  S.R.L.	Autorizzata	Procedura Nazionale	Medicinali soggetti a prescrizione medica
037673023	037673	MUKES	100 MG CAPSULE RIGIDE - 10 CAPSULE	FLUCONAZOLO	FLUCONAZOLO	100	milligrammi	Capsula rigida	J02AC01	N.I. PHARMA  S.R.L.	Autorizzata	Procedura Nazionale	Medicinali soggetti a prescrizione medica
037673035	037673	MUKES	150 MG CAPSULE RIGIDE - 2 CAPSULE	FLUCONAZOLO	FLUCONAZOLO	150	milligrammi	Capsula rigida	J02AC01	N.I. PHARMA  S.R.L.	Autorizzata	Procedura Nazionale	Medicinali soggetti a prescrizione medica
037673047	037673	MUKES	200 MG CAPSULE RIGIDE - 7 CAPSULE	FLUCONAZOLO	FLUCONAZOLO	200	milligrammi	Capsula rigida	J02AC01	N.I. PHARMA  S.R.L.	Autorizzata	Procedura Nazionale	Medicinali soggetti a prescrizione medica
037688013	037688	AVIFLUCOX	50 MG CAPSULE RIGIDE- 7 CAPSULE	FLUCONAZOLO	FLUCONAZOLO	50	milligrammi	Capsula rigida	J02AC01	BIONATIVA S.P.A.	Autorizzata	Procedura Nazionale	Medicinali soggetti a prescrizione medica
037688025	037688	AVIFLUCOX	100 MG CAPSULE RIGIDE- 10 CAPSULE	FLUCONAZOLO	FLUCONAZOLO	100	milligrammi	Capsula rigida	J02AC01	BIONATIVA S.P.A.	Autorizzata	Procedura Nazionale	Medicinali soggetti a prescrizione medica
037688037	037688	AVIFLUCOX	150 MG CAPSULE RIGIDE- 2 CAPSULE	FLUCONAZOLO	FLUCONAZOLO	150	milligrammi	Capsula rigida	J02AC01	BIONATIVA S.P.A.	Autorizzata	Procedura Nazionale	Medicinali soggetti a prescrizione medica
037688049	037688	AVIFLUCOX	200 MG CAPSULE RIGIDE- 7 CAPSULE	FLUCONAZOLO	FLUCONAZOLO	200	milligrammi	Capsula rigida	J02AC01	BIONATIVA S.P.A.	Autorizzata	Procedura Nazionale	Medicinali soggetti a prescrizione medica
037691019	037691	LUCANDIOL	100 MG CAPSULE RIGIDE - 10 CAPSULE	FLUCONAZOLO	FLUCONAZOLO	100	milligrammi	Capsula rigida	J02AC01	JUST PHARMA S.R.L.	Autorizzata	Procedura Nazionale	Medicinali soggetti a prescrizione medica
037691021	037691	LUCANDIOL	150 MG CAPSULE RIGIDE - 2 CAPSULE	FLUCONAZOLO	FLUCONAZOLO	150	milligrammi	Capsula rigida	J02AC01	JUST PHARMA S.R.L.	Autorizzata	Procedura Nazionale	Medicinali soggetti a prescrizione medica
037691033	037691	LUCANDIOL	200 MG CAPSULE RIGIDE - 7 CAPSULE	FLUCONAZOLO	FLUCONAZOLO	200	milligrammi	Capsula rigida	J02AC01	JUST PHARMA S.R.L.	Autorizzata	Procedura Nazionale	Medicinali soggetti a prescrizione medica
037743010	037743	FLUORES	100 MG CAPSULE RIGIDE - 10 CAPSULE	FLUCONAZOLO	FLUCONAZOLO	100	milligrammi	Capsula rigida	J02AC01	LABORATORIO FARMACEUTICO C.T. S.R.L.	Autorizzata	Procedura Nazionale	Medicinali soggetti a prescrizione medica
037743022	037743	FLUORES	150 MG CAPSULE RIGIDE - 2 CAPSULE	FLUCONAZOLO	FLUCONAZOLO	150	milligrammi	Capsula rigida	J02AC01	LABORATORIO FARMACEUTICO C.T. S.R.L.	Autorizzata	Procedura Nazionale	Medicinali soggetti a prescrizione medica
037743034	037743	FLUORES	200 MG CAPSULE RIGIDE - 7 CAPSULE	FLUCONAZOLO	FLUCONAZOLO	200	milligrammi	Capsula rigida	J02AC01	LABORATORIO FARMACEUTICO C.T. S.R.L.	Autorizzata	Procedura Nazionale	Medicinali soggetti a prescrizione medica
037766019	037766	WINCH	100 MG CAPSULE RIGIDE- 10 CAPSULE	FLUCONAZOLO	FLUCONAZOLO	100	milligrammi	Capsula rigida	J02AC01	SO.SE.PHARM S.R.L. SOCIETA' DI SERVIZIO PER L'INDUSTRIA FARMACEUTICA ED AFFINI	Autorizzata	Procedura Nazionale	Medicinali soggetti a prescrizione medica
037766021	037766	WINCH	150 MG CAPSULE RIGIDE- 2 CAPSULE	FLUCONAZOLO	FLUCONAZOLO	150	milligrammi	Capsula rigida	J02AC01	SO.SE.PHARM S.R.L. SOCIETA' DI SERVIZIO PER L'INDUSTRIA FARMACEUTICA ED AFFINI	Autorizzata	Procedura Nazionale	Medicinali soggetti a prescrizione medica
037766033	037766	WINCH	200 MG CAPSULE RIGIDE- 7 CAPSULE	FLUCONAZOLO	FLUCONAZOLO	200	milligrammi	Capsula rigida	J02AC01	SO.SE.PHARM S.R.L. SOCIETA' DI SERVIZIO PER L'INDUSTRIA FARMACEUTICA ED AFFINI	Autorizzata	Procedura Nazionale	Medicinali soggetti a prescrizione medica
037810013	037810	FUNGUS	100 MG CAPSULE RIGIDE - 10 CAPSULE	FLUCONAZOLO	FLUCONAZOLO	100	milligrammi	Capsula rigida	J02AC01	S.F. GROUP S.R.L.	Autorizzata	Procedura Nazionale	Medicinali soggetti a prescrizione medica
037810025	037810	FUNGUS	150 MG CAPSULE RIGIDE - 2 CAPSULE	FLUCONAZOLO	FLUCONAZOLO	150	milligrammi	Capsula rigida	J02AC01	S.F. GROUP S.R.L.	Autorizzata	Procedura Nazionale	Medicinali soggetti a prescrizione medica
037810037	037810	FUNGUS	200 MG CAPSULE RIGIDE - 7 CAPSULE	FLUCONAZOLO	FLUCONAZOLO	200	milligrammi	Capsula rigida	J02AC01	S.F. GROUP S.R.L.	Autorizzata	Procedura Nazionale	Medicinali soggetti a prescrizione medica
037853013	037853	KLAIDER	100 MG CAPSULE RIGIDE - 10 CAPSULE	FLUCONAZOLO	FLUCONAZOLO	100	milligrammi	Capsula rigida	J02AC01	KONPHARMA S.R.L.	Autorizzata	Procedura Nazionale	Medicinali soggetti a prescrizione medica
037853025	037853	KLAIDER	150 MG CAPSULE RIGIDE - 2 CAPSULE	FLUCONAZOLO	FLUCONAZOLO	150	milligrammi	Capsula rigida	J02AC01	KONPHARMA S.R.L.	Autorizzata	Procedura Nazionale	Medicinali soggetti a prescrizione medica
037853037	037853	KLAIDER	200 MG CAPSULE RIGIDE - 7 CAPSULE	FLUCONAZOLO	FLUCONAZOLO	200	milligrammi	Capsula rigida	J02AC01	KONPHARMA S.R.L.	Autorizzata	Procedura Nazionale	Medicinali soggetti a prescrizione medica
037864016	037864	FLUCONAZOLO ALMUS	100 MG CAPSULE RIGIDE - 10 CAPSULE	FLUCONAZOLO	FLUCONAZOLO			Capsula rigida	J02AC01	ALMUS S.R.L.	Autorizzata	Procedura Nazionale	Medicinali soggetti a prescrizione medica
037864028	037864	FLUCONAZOLO ALMUS	150 MG CAPSULE RIGIDE - 2 CAPSULE	FLUCONAZOLO	FLUCONAZOLO			Capsula rigida	J02AC01	ALMUS S.R.L.	Autorizzata	Procedura Nazionale	Medicinali soggetti a prescrizione medica
037864030	037864	FLUCONAZOLO ALMUS	200 MG CAPSULE RIGIDE - 7 CAPSULE	FLUCONAZOLO	FLUCONAZOLO			Capsula rigida	J02AC01	ALMUS S.R.L.	Autorizzata	Procedura Nazionale	Medicinali soggetti a prescrizione medica
037879107	037879	FLUCONAZOLO DOC GENERICI	100 MG CAPSULE RIGIDE- 10 CAPSULE IN BLISTER PVC/AL	FLUCONAZOLO	FLUCONAZOLO	100	milligrammi	Capsula rigida	J02AC01	DOC GENERICI SRL	Autorizzata	Procedura Mutuo riconoscimento o Decentrata	Medicinali soggetti a prescrizione medica
037879172	037879	FLUCONAZOLO DOC GENERICI	150 MG CAPSULE RIGIDE- 2 CAPSULE IN BLISTER PVC/AL	FLUCONAZOLO	FLUCONAZOLO	150	milligrammi	Capsula rigida	J02AC01	DOC GENERICI SRL	Autorizzata	Procedura Mutuo riconoscimento o Decentrata	Medicinali soggetti a prescrizione medica
037879234	037879	FLUCONAZOLO DOC GENERICI	200 MG CAPSULE RIGIDE- 7 CAPSULE IN BLISTER PVC/AL	FLUCONAZOLO	FLUCONAZOLO	200	milligrammi	Capsula rigida	J02AC01	DOC GENERICI SRL	Autorizzata	Procedura Mutuo riconoscimento o Decentrata	Medicinali soggetti a prescrizione medica
037901016	037901	TEDIM	100  MG CAPSULE RIGIDE - 10 CAPSULE	FLUCONAZOLO	FLUCONAZOLO	100	milligrammi	Capsula rigida	J02AC01	DYMALIFE PHARMACEUTICAL S.R.L.	Autorizzata	Procedura Nazionale	Medicinali soggetti a prescrizione medica
037901028	037901	TEDIM	150  MG CAPSULE RIGIDE - 2 CAPSULE	FLUCONAZOLO	FLUCONAZOLO	150	milligrammi	Capsula rigida	J02AC01	DYMALIFE PHARMACEUTICAL S.R.L.	Autorizzata	Procedura Nazionale	Medicinali soggetti a prescrizione medica
037901030	037901	TEDIM	200  MG CAPSULE RIGIDE - 7 CAPSULE	FLUCONAZOLO	FLUCONAZOLO	200	milligrammi	Capsula rigida	J02AC01	DYMALIFE PHARMACEUTICAL S.R.L.	Autorizzata	Procedura Nazionale	Medicinali soggetti a prescrizione medica
037902018	037902	TRIMIKOS	100 MG  CAPSULE RIGIDE - 10 CAPSULE	FLUCONAZOLO	FLUCONAZOLO	100	milligrammi	Capsula rigida	J02AC01	EURO-PHARMA S.R.L.	Autorizzata	Procedura Nazionale	Medicinali soggetti a prescrizione medica
037902020	037902	TRIMIKOS	150 MG  CAPSULE RIGIDE - 2 CAPSULE	FLUCONAZOLO	FLUCONAZOLO	150	milligrammi	Capsula rigida	J02AC01	EURO-PHARMA S.R.L.	Autorizzata	Procedura Nazionale	Medicinali soggetti a prescrizione medica
037902032	037902	TRIMIKOS	200 MG  CAPSULE RIGIDE - 7 CAPSULE	FLUCONAZOLO	FLUCONAZOLO	200	milligrammi	Capsula rigida	J02AC01	EURO-PHARMA S.R.L.	Autorizzata	Procedura Nazionale	Medicinali soggetti a prescrizione medica
037928013	037928	DIZOLO	<100 MG CAPSULE RIGIDE> 10 CAPSULE IN BLISTER PVC/ AL	FLUCONAZOLO	FLUCONAZOLO	100	milligrammi	Capsula rigida	J02AC01	LANOVA FARMACEUTICI S.R.L.	Autorizzata	Procedura Nazionale	Medicinali soggetti a prescrizione medica
037928025	037928	DIZOLO	<150 MG CAPSULE RIGIDE> 2 CAPSULE IN BLISTER PVC/ AL	FLUCONAZOLO	FLUCONAZOLO	150	milligrammi	Capsula rigida	J02AC01	LANOVA FARMACEUTICI S.R.L.	Autorizzata	Procedura Nazionale	Medicinali soggetti a prescrizione medica
037928037	037928	DIZOLO	<200 MG CAPSULE RIGIDE> 7 CAPSULE IN BLISTER PVC/ AL	FLUCONAZOLO	FLUCONAZOLO	200	milligrammi	Capsula rigida	J02AC01	LANOVA FARMACEUTICI S.R.L.	Autorizzata	Procedura Nazionale	Medicinali soggetti a prescrizione medica
037931019	037931	FLUCONAZOLO ABC	100 MG CAPSULE RIGIDE - 10 CAPSULE	FLUCONAZOLO	FLUCONAZOLO	100	milligrammi	Capsula rigida	J02AC01	ICE S.P.A	Autorizzata	Procedura Nazionale	Medicinali soggetti a prescrizione medica
037931021	037931	FLUCONAZOLO ABC	150 MG CAPSULE RIGIDE - 2 CAPSULE	FLUCONAZOLO	FLUCONAZOLO	150	milligrammi	Capsula rigida	J02AC01	ICE S.P.A	Autorizzata	Procedura Nazionale	Medicinali soggetti a prescrizione medica
037931033	037931	FLUCONAZOLO ABC	200 MG CAPSULE RIGIDE - 7 CAPSULE	FLUCONAZOLO	FLUCONAZOLO	200	milligrammi	Capsula rigida	J02AC01	ICE S.P.A	Autorizzata	Procedura Nazionale	Medicinali soggetti a prescrizione medica
038646016	038646	FLUCONAZOLO MYLAN	100 MG CAPSULE RIGIDE - 10 CAPSULE	FLUCONAZOLO	FLUCONAZOLO	100	milligrammi	Capsula rigida	J02AC01	MYLAN S.P.A.	Autorizzata	Procedura Nazionale	Medicinali soggetti a prescrizione medica
038646028	038646	FLUCONAZOLO MYLAN	150 MG CAPSULE RIGIDE - 2 CAPSULE	FLUCONAZOLO	FLUCONAZOLO	150	milligrammi	Capsula rigida	J02AC01	MYLAN S.P.A.	Autorizzata	Procedura Nazionale	Medicinali soggetti a prescrizione medica
038646030	038646	FLUCONAZOLO MYLAN	200 MG CAPSULE RIGIDE - 7 CAPSULE	FLUCONAZOLO	FLUCONAZOLO	200	milligrammi	Capsula rigida	J02AC01	MYLAN S.P.A.	Autorizzata	Procedura Nazionale	Medicinali soggetti a prescrizione medica
038838013	038838	FLUCONAZOLO B. BRAUN	2 MG/ML SOLUZIONE PER INFUSIONE- 10 FLACONI IN LDPE DA 50 ML	FLUCONAZOLO	FLUCONAZOLO			Soluzione per infusione	J02AC01	B. BRAUN MELSUNGEN AG	Autorizzata	Procedura Mutuo riconoscimento o Decentrata	Medicinali soggetti a prescrizione medica limitativa, utilizzabili esclusivamente in ambiente ospedaliero o in una struttura ad esso assimilabile
038838025	038838	FLUCONAZOLO B. BRAUN	2 MG/ML SOLUZIONE PER INFUSIONE- 20 FLACONI IN LDPE DA 50 ML	FLUCONAZOLO	FLUCONAZOLO			Soluzione per infusione	J02AC01	B. BRAUN MELSUNGEN AG	Autorizzata	Procedura Mutuo riconoscimento o Decentrata	Medicinali soggetti a prescrizione medica limitativa, utilizzabili esclusivamente in ambiente ospedaliero o in una struttura ad esso assimilabile
038838037	038838	FLUCONAZOLO B. BRAUN	2 MG/ML SOLUZIONE PER INFUSIONE- 50 FLACONI IN LDPE DA 50 ML	FLUCONAZOLO	FLUCONAZOLO			Soluzione per infusione	J02AC01	B. BRAUN MELSUNGEN AG	Autorizzata	Procedura Mutuo riconoscimento o Decentrata	Medicinali soggetti a prescrizione medica limitativa, utilizzabili esclusivamente in ambiente ospedaliero o in una struttura ad esso assimilabile
038838049	038838	FLUCONAZOLO B. BRAUN	2 MG/ML SOLUZIONE PER INFUSIONE- 10 FLACONI IN LDPE DA 100 ML	FLUCONAZOLO	FLUCONAZOLO			Soluzione per infusione	J02AC01	B. BRAUN MELSUNGEN AG	Autorizzata	Procedura Mutuo riconoscimento o Decentrata	Medicinali soggetti a prescrizione medica limitativa, utilizzabili esclusivamente in ambiente ospedaliero o in una struttura ad esso assimilabile
038838052	038838	FLUCONAZOLO B. BRAUN	2 MG/ML SOLUZIONE PER INFUSIONE- 20 FLACONI IN LDPE DA 100 ML	FLUCONAZOLO	FLUCONAZOLO			Soluzione per infusione	J02AC01	B. BRAUN MELSUNGEN AG	Autorizzata	Procedura Mutuo riconoscimento o Decentrata	Medicinali soggetti a prescrizione medica limitativa, utilizzabili esclusivamente in ambiente ospedaliero o in una struttura ad esso assimilabile
038838064	038838	FLUCONAZOLO B. BRAUN	2 MG/ML SOLUZIONE PER INFUSIONE- 50 FLACONI IN LDPE DA 100 ML	FLUCONAZOLO	FLUCONAZOLO			Soluzione per infusione	J02AC01	B. BRAUN MELSUNGEN AG	Autorizzata	Procedura Mutuo riconoscimento o Decentrata	Medicinali soggetti a prescrizione medica limitativa, utilizzabili esclusivamente in ambiente ospedaliero o in una struttura ad esso assimilabile
038838076	038838	FLUCONAZOLO B. BRAUN	2 MG/ML SOLUZIONE PER INFUSIONE- 10 FLACONI IN LDPE DA 200 ML	FLUCONAZOLO	FLUCONAZOLO			Soluzione per infusione	J02AC01	B. BRAUN MELSUNGEN AG	Autorizzata	Procedura Mutuo riconoscimento o Decentrata	Medicinali soggetti a prescrizione medica limitativa, utilizzabili esclusivamente in ambiente ospedaliero o in una struttura ad esso assimilabile
038838088	038838	FLUCONAZOLO B. BRAUN	2 MG/ML SOLUZIONE PER INFUSIONE- 20 FLACONI IN LDPE DA 200 ML	FLUCONAZOLO	FLUCONAZOLO			Soluzione per infusione	J02AC01	B. BRAUN MELSUNGEN AG	Autorizzata	Procedura Mutuo riconoscimento o Decentrata	Medicinali soggetti a prescrizione medica limitativa, utilizzabili esclusivamente in ambiente ospedaliero o in una struttura ad esso assimilabile
038838090	038838	FLUCONAZOLO B. BRAUN	2 MG/ML SOLUZIONE PER INFUSIONE- 50 FLACONI IN LDPE DA 200 ML	FLUCONAZOLO	FLUCONAZOLO			Soluzione per infusione	J02AC01	B. BRAUN MELSUNGEN AG	Autorizzata	Procedura Mutuo riconoscimento o Decentrata	Medicinali soggetti a prescrizione medica limitativa, utilizzabili esclusivamente in ambiente ospedaliero o in una struttura ad esso assimilabile
040102016	040102	FLUCONAZOLO KABI	2MG/ML SOLUZIONE PER INFUSIONE- 1 FLACONE LDPE DA 50 ML	FLUCONAZOLO	FLUCONAZOLO	2	milligram(s)/millilitre	Soluzione per infusione	J02AC01	FRESENIUS KABI ITALIA S.R.L.	Autorizzata	Procedura Mutuo riconoscimento o Decentrata	Medicinali soggetti a prescrizione medica limitativa, da rinnovare volta per volta, vendibili al pubblico su prescrizione di centri ospedalieri o di specialisti
040102028	040102	FLUCONAZOLO KABI	2MG/ML SOLUZIONE PER INFUSIONE- 10 FLACONE LDPE DA 50 ML	FLUCONAZOLO	FLUCONAZOLO	2	milligram(s)/millilitre	Soluzione per infusione	J02AC01	FRESENIUS KABI ITALIA S.R.L.	Autorizzata	Procedura Mutuo riconoscimento o Decentrata	Medicinali soggetti a prescrizione medica limitativa, utilizzabili esclusivamente in ambiente ospedaliero o in una struttura ad esso assimilabile
040102030	040102	FLUCONAZOLO KABI	2MG/ML SOLUZIONE PER INFUSIONE- 20 FLACONE LDPE DA 50 ML	FLUCONAZOLO	FLUCONAZOLO	2	milligram(s)/millilitre	Soluzione per infusione	J02AC01	FRESENIUS KABI ITALIA S.R.L.	Autorizzata	Procedura Mutuo riconoscimento o Decentrata	Medicinali soggetti a prescrizione medica limitativa, utilizzabili esclusivamente in ambiente ospedaliero o in una struttura ad esso assimilabile
040102042	040102	FLUCONAZOLO KABI	2MG/ML SOLUZIONE PER INFUSIONE- 25 FLACONE LDPE DA 50 ML	FLUCONAZOLO	FLUCONAZOLO	2	milligram(s)/millilitre	Soluzione per infusione	J02AC01	FRESENIUS KABI ITALIA S.R.L.	Autorizzata	Procedura Mutuo riconoscimento o Decentrata	Medicinali soggetti a prescrizione medica limitativa, utilizzabili esclusivamente in ambiente ospedaliero o in una struttura ad esso assimilabile
040102055	040102	FLUCONAZOLO KABI	2MG/ML SOLUZIONE PER INFUSIONE- 30 FLACONE LDPE DA 50 ML	FLUCONAZOLO	FLUCONAZOLO	2	milligram(s)/millilitre	Soluzione per infusione	J02AC01	FRESENIUS KABI ITALIA S.R.L.	Autorizzata	Procedura Mutuo riconoscimento o Decentrata	Medicinali soggetti a prescrizione medica limitativa, utilizzabili esclusivamente in ambiente ospedaliero o in una struttura ad esso assimilabile
040102067	040102	FLUCONAZOLO KABI	2MG/ML SOLUZIONE PER INFUSIONE- 40 FLACONE LDPE DA 50 ML	FLUCONAZOLO	FLUCONAZOLO	2	milligram(s)/millilitre	Soluzione per infusione	J02AC01	FRESENIUS KABI ITALIA S.R.L.	Autorizzata	Procedura Mutuo riconoscimento o Decentrata	Medicinali soggetti a prescrizione medica limitativa, utilizzabili esclusivamente in ambiente ospedaliero o in una struttura ad esso assimilabile
040102079	040102	FLUCONAZOLO KABI	2MG/ML SOLUZIONE PER INFUSIONE- 50 FLACONE LDPE DA 50 ML	FLUCONAZOLO	FLUCONAZOLO	2	milligram(s)/millilitre	Soluzione per infusione	J02AC01	FRESENIUS KABI ITALIA S.R.L.	Autorizzata	Procedura Mutuo riconoscimento o Decentrata	Medicinali soggetti a prescrizione medica limitativa, utilizzabili esclusivamente in ambiente ospedaliero o in una struttura ad esso assimilabile
040102081	040102	FLUCONAZOLO KABI	2MG/ML SOLUZIONE PER INFUSIONE- 60 FLACONE LDPE DA 50 ML	FLUCONAZOLO	FLUCONAZOLO	2	milligram(s)/millilitre	Soluzione per infusione	J02AC01	FRESENIUS KABI ITALIA S.R.L.	Autorizzata	Procedura Mutuo riconoscimento o Decentrata	Medicinali soggetti a prescrizione medica limitativa, utilizzabili esclusivamente in ambiente ospedaliero o in una struttura ad esso assimilabile
040102093	040102	FLUCONAZOLO KABI	2MG/ML SOLUZIONE PER INFUSIONE- 1 FLACONE LDPE DA 100 ML	FLUCONAZOLO	FLUCONAZOLO	2	milligram(s)/millilitre	Soluzione per infusione	J02AC01	FRESENIUS KABI ITALIA S.R.L.	Autorizzata	Procedura Mutuo riconoscimento o Decentrata	Medicinali soggetti a prescrizione medica limitativa, da rinnovare volta per volta, vendibili al pubblico su prescrizione di centri ospedalieri o di specialisti
040102105	040102	FLUCONAZOLO KABI	2MG/ML SOLUZIONE PER INFUSIONE- 10 FLACONE LDPE DA 100 ML	FLUCONAZOLO	FLUCONAZOLO	2	milligram(s)/millilitre	Soluzione per infusione	J02AC01	FRESENIUS KABI ITALIA S.R.L.	Autorizzata	Procedura Mutuo riconoscimento o Decentrata	Medicinali soggetti a prescrizione medica limitativa, utilizzabili esclusivamente in ambiente ospedaliero o in una struttura ad esso assimilabile
040102117	040102	FLUCONAZOLO KABI	2MG/ML SOLUZIONE PER INFUSIONE- 20 FLACONI LDPE DA 100 ML	FLUCONAZOLO	FLUCONAZOLO	2	milligram(s)/millilitre	Soluzione per infusione	J02AC01	FRESENIUS KABI ITALIA S.R.L.	Autorizzata	Procedura Mutuo riconoscimento o Decentrata	Medicinali soggetti a prescrizione medica limitativa, utilizzabili esclusivamente in ambiente ospedaliero o in una struttura ad esso assimilabile
040102129	040102	FLUCONAZOLO KABI	2MG/ML SOLUZIONE PER INFUSIONE- 25 FLACONI LDPE DA 100 ML	FLUCONAZOLO	FLUCONAZOLO	2	milligram(s)/millilitre	Soluzione per infusione	J02AC01	FRESENIUS KABI ITALIA S.R.L.	Autorizzata	Procedura Mutuo riconoscimento o Decentrata	Medicinali soggetti a prescrizione medica limitativa, utilizzabili esclusivamente in ambiente ospedaliero o in una struttura ad esso assimilabile
040102131	040102	FLUCONAZOLO KABI	2MG/ML SOLUZIONE PER INFUSIONE- 30 FLACONI LDPE DA 100 ML	FLUCONAZOLO	FLUCONAZOLO	2	milligram(s)/millilitre	Soluzione per infusione	J02AC01	FRESENIUS KABI ITALIA S.R.L.	Autorizzata	Procedura Mutuo riconoscimento o Decentrata	Medicinali soggetti a prescrizione medica limitativa, utilizzabili esclusivamente in ambiente ospedaliero o in una struttura ad esso assimilabile
040102143	040102	FLUCONAZOLO KABI	2MG/ML SOLUZIONE PER INFUSIONE- 40 FLACONI LDPE DA 100 ML	FLUCONAZOLO	FLUCONAZOLO	2	milligram(s)/millilitre	Soluzione per infusione	J02AC01	FRESENIUS KABI ITALIA S.R.L.	Autorizzata	Procedura Mutuo riconoscimento o Decentrata	Medicinali soggetti a prescrizione medica limitativa, utilizzabili esclusivamente in ambiente ospedaliero o in una struttura ad esso assimilabile
040102156	040102	FLUCONAZOLO KABI	2MG/ML SOLUZIONE PER INFUSIONE- 50 FLACONI LDPE DA 100 ML	FLUCONAZOLO	FLUCONAZOLO	2	milligram(s)/millilitre	Soluzione per infusione	J02AC01	FRESENIUS KABI ITALIA S.R.L.	Autorizzata	Procedura Mutuo riconoscimento o Decentrata	Medicinali soggetti a prescrizione medica limitativa, utilizzabili esclusivamente in ambiente ospedaliero o in una struttura ad esso assimilabile
040102168	040102	FLUCONAZOLO KABI	2MG/ML SOLUZIONE PER INFUSIONE- 60 FLACONI LDPE DA 100 ML	FLUCONAZOLO	FLUCONAZOLO	2	milligram(s)/millilitre	Soluzione per infusione	J02AC01	FRESENIUS KABI ITALIA S.R.L.	Autorizzata	Procedura Mutuo riconoscimento o Decentrata	Medicinali soggetti a prescrizione medica limitativa, utilizzabili esclusivamente in ambiente ospedaliero o in una struttura ad esso assimilabile
040102170	040102	FLUCONAZOLO KABI	2MG/ML SOLUZIONE PER INFUSIONE- 1 FLACONE LDPE DA 200 ML	FLUCONAZOLO	FLUCONAZOLO	2	milligram(s)/millilitre	Soluzione per infusione	J02AC01	FRESENIUS KABI ITALIA S.R.L.	Autorizzata	Procedura Mutuo riconoscimento o Decentrata	Medicinali soggetti a prescrizione medica limitativa, da rinnovare volta per volta, vendibili al pubblico su prescrizione di centri ospedalieri o di specialisti
040102182	040102	FLUCONAZOLO KABI	2MG/ML SOLUZIONE PER INFUSIONE- 10 FLACONI LDPE DA 200 ML	FLUCONAZOLO	FLUCONAZOLO	2	milligram(s)/millilitre	Soluzione per infusione	J02AC01	FRESENIUS KABI ITALIA S.R.L.	Autorizzata	Procedura Mutuo riconoscimento o Decentrata	Medicinali soggetti a prescrizione medica limitativa, utilizzabili esclusivamente in ambiente ospedaliero o in una struttura ad esso assimilabile
040102194	040102	FLUCONAZOLO KABI	2MG/ML SOLUZIONE PER INFUSIONE- 20 FLACONI LDPE DA 200 ML	FLUCONAZOLO	FLUCONAZOLO	2	milligram(s)/millilitre	Soluzione per infusione	J02AC01	FRESENIUS KABI ITALIA S.R.L.	Autorizzata	Procedura Mutuo riconoscimento o Decentrata	Medicinali soggetti a prescrizione medica limitativa, utilizzabili esclusivamente in ambiente ospedaliero o in una struttura ad esso assimilabile
040102206	040102	FLUCONAZOLO KABI	2MG/ML SOLUZIONE PER INFUSIONE- 25 FLACONI LDPE DA 200 ML	FLUCONAZOLO	FLUCONAZOLO	2	milligram(s)/millilitre	Soluzione per infusione	J02AC01	FRESENIUS KABI ITALIA S.R.L.	Autorizzata	Procedura Mutuo riconoscimento o Decentrata	Medicinali soggetti a prescrizione medica limitativa, utilizzabili esclusivamente in ambiente ospedaliero o in una struttura ad esso assimilabile
040102218	040102	FLUCONAZOLO KABI	2MG/ML SOLUZIONE PER INFUSIONE- 30 FLACONI LDPE DA 200 ML	FLUCONAZOLO	FLUCONAZOLO	2	milligram(s)/millilitre	Soluzione per infusione	J02AC01	FRESENIUS KABI ITALIA S.R.L.	Autorizzata	Procedura Mutuo riconoscimento o Decentrata	Medicinali soggetti a prescrizione medica limitativa, utilizzabili esclusivamente in ambiente ospedaliero o in una struttura ad esso assimilabile
040102220	040102	FLUCONAZOLO KABI	2MG/ML SOLUZIONE PER INFUSIONE- 40 FLACONI LDPE DA 200 ML	FLUCONAZOLO	FLUCONAZOLO	2	milligram(s)/millilitre	Soluzione per infusione	J02AC01	FRESENIUS KABI ITALIA S.R.L.	Autorizzata	Procedura Mutuo riconoscimento o Decentrata	Medicinali soggetti a prescrizione medica limitativa, utilizzabili esclusivamente in ambiente ospedaliero o in una struttura ad esso assimilabile
040916013	040916	FLUCONAZOLO ACCORD	50 MG CAPSULE RIGIDE- 7 CAPSULE IN BLISTER PVC/AL	FLUCONAZOLO	FLUCONAZOLO	50	milligrammi	Capsula rigida	J02AC01	ACCORD HEALTHCARE, S.L.U.	Autorizzata	Procedura Mutuo riconoscimento o Decentrata	Medicinali soggetti a prescrizione medica
040916025	040916	FLUCONAZOLO ACCORD	50 MG CAPSULE RIGIDE- 14 CAPSULE IN BLISTER PVC/AL	FLUCONAZOLO	FLUCONAZOLO	50	milligrammi	Capsula rigida	J02AC01	ACCORD HEALTHCARE, S.L.U.	Autorizzata	Procedura Mutuo riconoscimento o Decentrata	Medicinali soggetti a prescrizione medica
040916037	040916	FLUCONAZOLO ACCORD	100 MG CAPSULE RIGIDE- 7 CAPSULE IN BLISTER PVC/AL	FLUCONAZOLO	FLUCONAZOLO	100	milligrammi	Capsula rigida	J02AC01	ACCORD HEALTHCARE, S.L.U.	Autorizzata	Procedura Mutuo riconoscimento o Decentrata	Medicinali soggetti a prescrizione medica
040916049	040916	FLUCONAZOLO ACCORD	100 MG CAPSULE RIGIDE- 10 CAPSULE IN BLISTER PVC/AL	FLUCONAZOLO	FLUCONAZOLO	100	milligrammi	Capsula rigida	J02AC01	ACCORD HEALTHCARE, S.L.U.	Autorizzata	Procedura Mutuo riconoscimento o Decentrata	Medicinali soggetti a prescrizione medica
040916052	040916	FLUCONAZOLO ACCORD	100 MG CAPSULE RIGIDE- 20 CAPSULE IN BLISTER PVC/AL	FLUCONAZOLO	FLUCONAZOLO	100	milligrammi	Capsula rigida	J02AC01	ACCORD HEALTHCARE, S.L.U.	Autorizzata	Procedura Mutuo riconoscimento o Decentrata	Medicinali soggetti a prescrizione medica
040916064	040916	FLUCONAZOLO ACCORD	100 MG CAPSULE RIGIDE- 28 CAPSULE IN BLISTER PVC/AL	FLUCONAZOLO	FLUCONAZOLO	100	milligrammi	Capsula rigida	J02AC01	ACCORD HEALTHCARE, S.L.U.	Autorizzata	Procedura Mutuo riconoscimento o Decentrata	Medicinali soggetti a prescrizione medica
040916076	040916	FLUCONAZOLO ACCORD	100 MG CAPSULE RIGIDE- 50 CAPSULE IN BLISTER PVC/AL	FLUCONAZOLO	FLUCONAZOLO	100	milligrammi	Capsula rigida	J02AC01	ACCORD HEALTHCARE, S.L.U.	Autorizzata	Procedura Mutuo riconoscimento o Decentrata	Medicinali soggetti a prescrizione medica
040916088	040916	FLUCONAZOLO ACCORD	100 MG CAPSULE RIGIDE- 60 CAPSULE IN BLISTER PVC/AL	FLUCONAZOLO	FLUCONAZOLO	100	milligrammi	Capsula rigida	J02AC01	ACCORD HEALTHCARE, S.L.U.	Autorizzata	Procedura Mutuo riconoscimento o Decentrata	Medicinali soggetti a prescrizione medica
040916090	040916	FLUCONAZOLO ACCORD	100 MG CAPSULE RIGIDE- 100 CAPSULE IN BLISTER PVC/AL	FLUCONAZOLO	FLUCONAZOLO	100	milligrammi	Capsula rigida	J02AC01	ACCORD HEALTHCARE, S.L.U.	Autorizzata	Procedura Mutuo riconoscimento o Decentrata	Medicinali soggetti a prescrizione medica
040916102	040916	FLUCONAZOLO ACCORD	150 MG CAPSULE RIGIDE- 1 CAPSULA IN BLISTER PVC/AL	FLUCONAZOLO	FLUCONAZOLO	150	milligrammi	Capsula rigida	J02AC01	ACCORD HEALTHCARE, S.L.U.	Autorizzata	Procedura Mutuo riconoscimento o Decentrata	Medicinali soggetti a prescrizione medica
040916114	040916	FLUCONAZOLO ACCORD	150 MG CAPSULE RIGIDE- 2 CAPSULE IN BLISTER PVC/AL	FLUCONAZOLO	FLUCONAZOLO	150	milligrammi	Capsula rigida	J02AC01	ACCORD HEALTHCARE, S.L.U.	Autorizzata	Procedura Mutuo riconoscimento o Decentrata	Medicinali soggetti a prescrizione medica
040916126	040916	FLUCONAZOLO ACCORD	150 MG CAPSULE RIGIDE- 4 CAPSULE IN BLISTER PVC/AL	FLUCONAZOLO	FLUCONAZOLO	150	milligrammi	Capsula rigida	J02AC01	ACCORD HEALTHCARE, S.L.U.	Autorizzata	Procedura Mutuo riconoscimento o Decentrata	Medicinali soggetti a prescrizione medica
040916138	040916	FLUCONAZOLO ACCORD	150 MG CAPSULE RIGIDE- 6 CAPSULE IN BLISTER PVC/AL	FLUCONAZOLO	FLUCONAZOLO	150	milligrammi	Capsula rigida	J02AC01	ACCORD HEALTHCARE, S.L.U.	Autorizzata	Procedura Mutuo riconoscimento o Decentrata	Medicinali soggetti a prescrizione medica
040916140	040916	FLUCONAZOLO ACCORD	200 MG CAPSULE RIGIDE- 7 CAPSULE IN BLISTER PVC/AL	FLUCONAZOLO	FLUCONAZOLO	200	milligrammi	Capsula rigida	J02AC01	ACCORD HEALTHCARE, S.L.U.	Autorizzata	Procedura Mutuo riconoscimento o Decentrata	Medicinali soggetti a prescrizione medica
040916153	040916	FLUCONAZOLO ACCORD	200 MG CAPSULE RIGIDE- 14 CAPSULE IN BLISTER PVC/AL	FLUCONAZOLO	FLUCONAZOLO	200	milligrammi	Capsula rigida	J02AC01	ACCORD HEALTHCARE, S.L.U.	Autorizzata	Procedura Mutuo riconoscimento o Decentrata	Medicinali soggetti a prescrizione medica
040916165	040916	FLUCONAZOLO ACCORD	50 MG CAPSULE RIGIDE- 28 CAPSULE IN BLISTER PVC/AL	FLUCONAZOLO	FLUCONAZOLO	50	milligrammi	Capsula rigida	J02AC01	ACCORD HEALTHCARE, S.L.U.	Autorizzata	Procedura Mutuo riconoscimento o Decentrata	Medicinali soggetti a prescrizione medica
040916177	040916	FLUCONAZOLO ACCORD	200 MG CAPSULE RIGIDE- 28 CAPSULE IN BLISTER PVC/AL	FLUCONAZOLO	FLUCONAZOLO	200	milligrammi	Capsula rigida	J02AC01	ACCORD HEALTHCARE, S.L.U.	Autorizzata	Procedura Mutuo riconoscimento o Decentrata	Medicinali soggetti a prescrizione medica
040916189	040916	FLUCONAZOLO ACCORD	150 MG CAPSULE RIGIDE- 10 CAPSULE IN BLISTER PVC/AL	FLUCONAZOLO	FLUCONAZOLO	150	milligrammi	Capsula rigida	J02AC01	ACCORD HEALTHCARE, S.L.U.	Autorizzata	Procedura Mutuo riconoscimento o Decentrata	Medicinali soggetti a prescrizione medica
040916191	040916	FLUCONAZOLO ACCORD	50 MG CAPSULE RIGIDE- 20 CAPSULE IN BLISTER PVC/AL	FLUCONAZOLO	FLUCONAZOLO	50	milligrammi	Capsula rigida	J02AC01	ACCORD HEALTHCARE, S.L.U.	Autorizzata	Procedura Mutuo riconoscimento o Decentrata	Medicinali soggetti a prescrizione medica
040916203	040916	FLUCONAZOLO ACCORD	50 MG CAPSULE RIGIDE- 50 CAPSULE IN BLISTER PVC/AL	FLUCONAZOLO	FLUCONAZOLO	50	milligrammi	Capsula rigida	J02AC01	ACCORD HEALTHCARE, S.L.U.	Autorizzata	Procedura Mutuo riconoscimento o Decentrata	Medicinali soggetti a prescrizione medica
040916215	040916	FLUCONAZOLO ACCORD	50 MG CAPSULE RIGIDE- 100 CAPSULE IN BLISTER PVC/AL	FLUCONAZOLO	FLUCONAZOLO	50	milligrammi	Capsula rigida	J02AC01	ACCORD HEALTHCARE, S.L.U.	Autorizzata	Procedura Mutuo riconoscimento o Decentrata	Medicinali soggetti a prescrizione medica
040916227	040916	FLUCONAZOLO ACCORD	200 MG CAPSULE RIGIDE- 20 CAPSULE IN BLISTER PVC/AL	FLUCONAZOLO	FLUCONAZOLO	200	milligrammi	Capsula rigida	J02AC01	ACCORD HEALTHCARE, S.L.U.	Autorizzata	Procedura Mutuo riconoscimento o Decentrata	Medicinali soggetti a prescrizione medica
040916239	040916	FLUCONAZOLO ACCORD	200 MG CAPSULE RIGIDE- 50 CAPSULE IN BLISTER PVC/AL	FLUCONAZOLO	FLUCONAZOLO	200	milligrammi	Capsula rigida	J02AC01	ACCORD HEALTHCARE, S.L.U.	Autorizzata	Procedura Mutuo riconoscimento o Decentrata	Medicinali soggetti a prescrizione medica
040916241	040916	FLUCONAZOLO ACCORD	200 MG CAPSULE RIGIDE- 100 CAPSULE IN BLISTER PVC/AL	FLUCONAZOLO	FLUCONAZOLO	200	milligrammi	Capsula rigida	J02AC01	ACCORD HEALTHCARE, S.L.U.	Autorizzata	Procedura Mutuo riconoscimento o Decentrata	Medicinali soggetti a prescrizione medica
041039013	041039	FLUCONAZOLO GALENICA SENESE	100 MG/50 ML SOLUZIONE PER INFUSIONE- 1 SACCA DA 50 ML	FLUCONAZOLO	FLUCONAZOLO			Soluzione per infusione	J02AC01	INDUSTRIA FARMACEUTICA GALENICA SENESE S.R.L.	Autorizzata	Procedura Nazionale	Medicinali soggetti a prescrizione medica limitativa, utilizzabili esclusivamente in ambiente ospedaliero o in una struttura ad esso assimilabile
041039025	041039	FLUCONAZOLO GALENICA SENESE	100 MG/50 ML SOLUZIONE PER INFUSIONE- 5 SACCHE DA 50 ML	FLUCONAZOLO	FLUCONAZOLO			Soluzione per infusione	J02AC01	INDUSTRIA FARMACEUTICA GALENICA SENESE S.R.L.	Autorizzata	Procedura Nazionale	Medicinali soggetti a prescrizione medica limitativa, utilizzabili esclusivamente in ambiente ospedaliero o in una struttura ad esso assimilabile
041039037	041039	FLUCONAZOLO GALENICA SENESE	100 MG/50 ML SOLUZIONE PER INFUSIONE- 10 SACCHE DA 50 ML	FLUCONAZOLO	FLUCONAZOLO			Soluzione per infusione	J02AC01	INDUSTRIA FARMACEUTICA GALENICA SENESE S.R.L.	Autorizzata	Procedura Nazionale	Medicinali soggetti a prescrizione medica limitativa, utilizzabili esclusivamente in ambiente ospedaliero o in una struttura ad esso assimilabile
041039049	041039	FLUCONAZOLO GALENICA SENESE	100 MG/50 ML SOLUZIONE PER INFUSIONE- 20 SACCHE DA 50 ML	FLUCONAZOLO	FLUCONAZOLO			Soluzione per infusione	J02AC01	INDUSTRIA FARMACEUTICA GALENICA SENESE S.R.L.	Autorizzata	Procedura Nazionale	Medicinali soggetti a prescrizione medica limitativa, utilizzabili esclusivamente in ambiente ospedaliero o in una struttura ad esso assimilabile
041039052	041039	FLUCONAZOLO GALENICA SENESE	200 MG/100 ML SOLUZIONE PER INFUSIONE- 1 SACCA DA 100 ML	FLUCONAZOLO	FLUCONAZOLO			Soluzione per infusione	J02AC01	INDUSTRIA FARMACEUTICA GALENICA SENESE S.R.L.	Autorizzata	Procedura Nazionale	Medicinali soggetti a prescrizione medica limitativa, utilizzabili esclusivamente in ambiente ospedaliero o in una struttura ad esso assimilabile
041039064	041039	FLUCONAZOLO GALENICA SENESE	200 MG/100 ML SOLUZIONE PER INFUSIONE- 5 SACCHE DA 100 ML	FLUCONAZOLO	FLUCONAZOLO			Soluzione per infusione	J02AC01	INDUSTRIA FARMACEUTICA GALENICA SENESE S.R.L.	Autorizzata	Procedura Nazionale	Medicinali soggetti a prescrizione medica limitativa, utilizzabili esclusivamente in ambiente ospedaliero o in una struttura ad esso assimilabile
041039076	041039	FLUCONAZOLO GALENICA SENESE	200 MG/100 ML SOLUZIONE PER INFUSIONE- 10 SACCHE DA 100 ML	FLUCONAZOLO	FLUCONAZOLO			Soluzione per infusione	J02AC01	INDUSTRIA FARMACEUTICA GALENICA SENESE S.R.L.	Autorizzata	Procedura Nazionale	Medicinali soggetti a prescrizione medica limitativa, utilizzabili esclusivamente in ambiente ospedaliero o in una struttura ad esso assimilabile
041039088	041039	FLUCONAZOLO GALENICA SENESE	200 MG/100 ML SOLUZIONE PER INFUSIONE- 20 SACCHE DA 100 ML	FLUCONAZOLO	FLUCONAZOLO			Soluzione per infusione	J02AC01	INDUSTRIA FARMACEUTICA GALENICA SENESE S.R.L.	Autorizzata	Procedura Nazionale	Medicinali soggetti a prescrizione medica limitativa, utilizzabili esclusivamente in ambiente ospedaliero o in una struttura ad esso assimilabile
041039090	041039	FLUCONAZOLO GALENICA SENESE	400 MG/200 ML SOLUZIONE PER INFUSIONE- 1 SACCA DA 200 ML	FLUCONAZOLO	FLUCONAZOLO			Soluzione per infusione	J02AC01	INDUSTRIA FARMACEUTICA GALENICA SENESE S.R.L.	Autorizzata	Procedura Nazionale	Medicinali soggetti a prescrizione medica limitativa, utilizzabili esclusivamente in ambiente ospedaliero o in una struttura ad esso assimilabile
041039102	041039	FLUCONAZOLO GALENICA SENESE	400 MG/200 ML SOLUZIONE PER INFUSIONE- 5 SACCHE DA 200 ML	FLUCONAZOLO	FLUCONAZOLO			Soluzione per infusione	J02AC01	INDUSTRIA FARMACEUTICA GALENICA SENESE S.R.L.	Autorizzata	Procedura Nazionale	Medicinali soggetti a prescrizione medica limitativa, utilizzabili esclusivamente in ambiente ospedaliero o in una struttura ad esso assimilabile
041039114	041039	FLUCONAZOLO GALENICA SENESE	400 MG/200 ML SOLUZIONE PER INFUSIONE- 10 SACCHE DA 200 ML	FLUCONAZOLO	FLUCONAZOLO			Soluzione per infusione	J02AC01	INDUSTRIA FARMACEUTICA GALENICA SENESE S.R.L.	Autorizzata	Procedura Nazionale	Medicinali soggetti a prescrizione medica limitativa, utilizzabili esclusivamente in ambiente ospedaliero o in una struttura ad esso assimilabile
041039126	041039	FLUCONAZOLO GALENICA SENESE	400 MG/200 ML SOLUZIONE PER INFUSIONE- 20 SACCHE DA 200 ML	FLUCONAZOLO	FLUCONAZOLO			Soluzione per infusione	J02AC01	INDUSTRIA FARMACEUTICA GALENICA SENESE S.R.L.	Autorizzata	Procedura Nazionale	Medicinali soggetti a prescrizione medica limitativa, utilizzabili esclusivamente in ambiente ospedaliero o in una struttura ad esso assimilabile
041353018	041353	FLUCONAZOLO AUROBINDO	50 MG CAPSULE RIGIDE - 1 CAPSULA IN BLISTER PVC/PVDC/AL	FLUCONAZOLO	FLUCONAZOLO	50	milligrammi	Capsula rigida	J02AC01	AUROBINDO PHARMA (ITALIA) S.R.L.	Autorizzata	Procedura Mutuo riconoscimento o Decentrata	Medicinali soggetti a prescrizione medica
041353020	041353	FLUCONAZOLO AUROBINDO	50 MG CAPSULE RIGIDE - 2 CAPSULE IN BLISTER PVC/PVDC/AL	FLUCONAZOLO	FLUCONAZOLO	50	milligrammi	Capsula rigida	J02AC01	AUROBINDO PHARMA (ITALIA) S.R.L.	Autorizzata	Procedura Mutuo riconoscimento o Decentrata	Medicinali soggetti a prescrizione medica
041353032	041353	FLUCONAZOLO AUROBINDO	50 MG CAPSULE RIGIDE - 3 CAPSULE IN BLISTER PVC/PVDC/AL	FLUCONAZOLO	FLUCONAZOLO	50	milligrammi	Capsula rigida	J02AC01	AUROBINDO PHARMA (ITALIA) S.R.L.	Autorizzata	Procedura Mutuo riconoscimento o Decentrata	Medicinali soggetti a prescrizione medica
041353044	041353	FLUCONAZOLO AUROBINDO	50 MG CAPSULE RIGIDE - 4 CAPSULE IN BLISTER PVC/PVDC/AL	FLUCONAZOLO	FLUCONAZOLO	50	milligrammi	Capsula rigida	J02AC01	AUROBINDO PHARMA (ITALIA) S.R.L.	Autorizzata	Procedura Mutuo riconoscimento o Decentrata	Medicinali soggetti a prescrizione medica
041353057	041353	FLUCONAZOLO AUROBINDO	50 MG CAPSULE RIGIDE - 5 CAPSULE IN BLISTER PVC/PVDC/AL	FLUCONAZOLO	FLUCONAZOLO	50	milligrammi	Capsula rigida	J02AC01	AUROBINDO PHARMA (ITALIA) S.R.L.	Autorizzata	Procedura Mutuo riconoscimento o Decentrata	Medicinali soggetti a prescrizione medica
041353069	041353	FLUCONAZOLO AUROBINDO	50 MG CAPSULE RIGIDE - 6 CAPSULE IN BLISTER PVC/PVDC/AL	FLUCONAZOLO	FLUCONAZOLO	50	milligrammi	Capsula rigida	J02AC01	AUROBINDO PHARMA (ITALIA) S.R.L.	Autorizzata	Procedura Mutuo riconoscimento o Decentrata	Medicinali soggetti a prescrizione medica
041353071	041353	FLUCONAZOLO AUROBINDO	50 MG CAPSULE RIGIDE - 7 CAPSULE IN BLISTER PVC/PVDC/AL	FLUCONAZOLO	FLUCONAZOLO	50	milligrammi	Capsula rigida	J02AC01	AUROBINDO PHARMA (ITALIA) S.R.L.	Autorizzata	Procedura Mutuo riconoscimento o Decentrata	Medicinali soggetti a prescrizione medica
041353083	041353	FLUCONAZOLO AUROBINDO	50 MG CAPSULE RIGIDE - 10 CAPSULE IN BLISTER PVC/PVDC/AL	FLUCONAZOLO	FLUCONAZOLO	50	milligrammi	Capsula rigida	J02AC01	AUROBINDO PHARMA (ITALIA) S.R.L.	Autorizzata	Procedura Mutuo riconoscimento o Decentrata	Medicinali soggetti a prescrizione medica
041353095	041353	FLUCONAZOLO AUROBINDO	50 MG CAPSULE RIGIDE - 14 CAPSULE IN BLISTER PVC/PVDC/AL	FLUCONAZOLO	FLUCONAZOLO	50	milligrammi	Capsula rigida	J02AC01	AUROBINDO PHARMA (ITALIA) S.R.L.	Autorizzata	Procedura Mutuo riconoscimento o Decentrata	Medicinali soggetti a prescrizione medica
041353107	041353	FLUCONAZOLO AUROBINDO	50 MG CAPSULE RIGIDE - 20 CAPSULE IN BLISTER PVC/PVDC/AL	FLUCONAZOLO	FLUCONAZOLO	50	milligrammi	Capsula rigida	J02AC01	AUROBINDO PHARMA (ITALIA) S.R.L.	Autorizzata	Procedura Mutuo riconoscimento o Decentrata	Medicinali soggetti a prescrizione medica
041353119	041353	FLUCONAZOLO AUROBINDO	50 MG CAPSULE RIGIDE - 21 CAPSULE IN BLISTER PVC/PVDC/AL	FLUCONAZOLO	FLUCONAZOLO	50	milligrammi	Capsula rigida	J02AC01	AUROBINDO PHARMA (ITALIA) S.R.L.	Autorizzata	Procedura Mutuo riconoscimento o Decentrata	Medicinali soggetti a prescrizione medica
041353121	041353	FLUCONAZOLO AUROBINDO	50 MG CAPSULE RIGIDE - 28 CAPSULE IN BLISTER PVC/PVDC/AL	FLUCONAZOLO	FLUCONAZOLO	50	milligrammi	Capsula rigida	J02AC01	AUROBINDO PHARMA (ITALIA) S.R.L.	Autorizzata	Procedura Mutuo riconoscimento o Decentrata	Medicinali soggetti a prescrizione medica
041353133	041353	FLUCONAZOLO AUROBINDO	50 MG CAPSULE RIGIDE - 30 CAPSULE IN BLISTER PVC/PVDC/AL	FLUCONAZOLO	FLUCONAZOLO	50	milligrammi	Capsula rigida	J02AC01	AUROBINDO PHARMA (ITALIA) S.R.L.	Autorizzata	Procedura Mutuo riconoscimento o Decentrata	Medicinali soggetti a prescrizione medica
041353145	041353	FLUCONAZOLO AUROBINDO	50 MG CAPSULE RIGIDE - 50 CAPSULE IN BLISTER PVC/PVDC/AL	FLUCONAZOLO	FLUCONAZOLO	50	milligrammi	Capsula rigida	J02AC01	AUROBINDO PHARMA (ITALIA) S.R.L.	Autorizzata	Procedura Mutuo riconoscimento o Decentrata	Medicinali soggetti a prescrizione medica
041353158	041353	FLUCONAZOLO AUROBINDO	50 MG CAPSULE RIGIDE - 60 CAPSULE IN BLISTER PVC/PVDC/AL	FLUCONAZOLO	FLUCONAZOLO	50	milligrammi	Capsula rigida	J02AC01	AUROBINDO PHARMA (ITALIA) S.R.L.	Autorizzata	Procedura Mutuo riconoscimento o Decentrata	Medicinali soggetti a prescrizione medica
041353160	041353	FLUCONAZOLO AUROBINDO	50 MG CAPSULE RIGIDE - 90 CAPSULE IN BLISTER PVC/PVDC/AL	FLUCONAZOLO	FLUCONAZOLO	50	milligrammi	Capsula rigida	J02AC01	AUROBINDO PHARMA (ITALIA) S.R.L.	Autorizzata	Procedura Mutuo riconoscimento o Decentrata	Medicinali soggetti a prescrizione medica
041353172	041353	FLUCONAZOLO AUROBINDO	50 MG CAPSULE RIGIDE - 100 CAPSULE IN BLISTER PVC/PVDC/AL	FLUCONAZOLO	FLUCONAZOLO	50	milligrammi	Capsula rigida	J02AC01	AUROBINDO PHARMA (ITALIA) S.R.L.	Autorizzata	Procedura Mutuo riconoscimento o Decentrata	Medicinali soggetti a prescrizione medica
041353184	041353	FLUCONAZOLO AUROBINDO	50 MG CAPSULE RIGIDE - 30 CAPSULE IN FLACONE HDPE	FLUCONAZOLO	FLUCONAZOLO	50	milligrammi	Capsula rigida	J02AC01	AUROBINDO PHARMA (ITALIA) S.R.L.	Autorizzata	Procedura Mutuo riconoscimento o Decentrata	Medicinali soggetti a prescrizione medica
041353196	041353	FLUCONAZOLO AUROBINDO	50 MG CAPSULE RIGIDE - 1000 CAPSULE IN FLACONE HDPE	FLUCONAZOLO	FLUCONAZOLO	50	milligrammi	Capsula rigida	J02AC01	AUROBINDO PHARMA (ITALIA) S.R.L.	Autorizzata	Procedura Mutuo riconoscimento o Decentrata	Medicinali soggetti a prescrizione medica
041353208	041353	FLUCONAZOLO AUROBINDO	100 MG CAPSULE RIGIDE - 1 CAPSULA IN BLISTER PVC/PVDC/AL	FLUCONAZOLO	FLUCONAZOLO	100	milligrammi	Capsula rigida	J02AC01	AUROBINDO PHARMA (ITALIA) S.R.L.	Autorizzata	Procedura Mutuo riconoscimento o Decentrata	Medicinali soggetti a prescrizione medica
041353210	041353	FLUCONAZOLO AUROBINDO	100 MG CAPSULE RIGIDE - 2  CAPSULE IN BLISTER PVC/PVDC/AL	FLUCONAZOLO	FLUCONAZOLO	100	milligrammi	Capsula rigida	J02AC01	AUROBINDO PHARMA (ITALIA) S.R.L.	Autorizzata	Procedura Mutuo riconoscimento o Decentrata	Medicinali soggetti a prescrizione medica
041353222	041353	FLUCONAZOLO AUROBINDO	100 MG CAPSULE RIGIDE - 3 CAPSULE IN BLISTER PVC/PVDC/AL	FLUCONAZOLO	FLUCONAZOLO	100	milligrammi	Capsula rigida	J02AC01	AUROBINDO PHARMA (ITALIA) S.R.L.	Autorizzata	Procedura Mutuo riconoscimento o Decentrata	Medicinali soggetti a prescrizione medica
041353234	041353	FLUCONAZOLO AUROBINDO	100 MG CAPSULE RIGIDE - 4 CAPSULA IN BLISTER PVC/PVDC/AL	FLUCONAZOLO	FLUCONAZOLO	100	milligrammi	Capsula rigida	J02AC01	AUROBINDO PHARMA (ITALIA) S.R.L.	Autorizzata	Procedura Mutuo riconoscimento o Decentrata	Medicinali soggetti a prescrizione medica
041353246	041353	FLUCONAZOLO AUROBINDO	100 MG CAPSULE RIGIDE - 5 CAPSULA IN BLISTER PVC/PVDC/AL	FLUCONAZOLO	FLUCONAZOLO	100	milligrammi	Capsula rigida	J02AC01	AUROBINDO PHARMA (ITALIA) S.R.L.	Autorizzata	Procedura Mutuo riconoscimento o Decentrata	Medicinali soggetti a prescrizione medica
041353259	041353	FLUCONAZOLO AUROBINDO	100 MG CAPSULE RIGIDE - 6 CAPSULE IN BLISTER PVC/PVDC/AL	FLUCONAZOLO	FLUCONAZOLO	100	milligrammi	Capsula rigida	J02AC01	AUROBINDO PHARMA (ITALIA) S.R.L.	Autorizzata	Procedura Mutuo riconoscimento o Decentrata	Medicinali soggetti a prescrizione medica
041353261	041353	FLUCONAZOLO AUROBINDO	100 MG CAPSULE RIGIDE - 7 CAPSULE IN BLISTER PVC/PVDC/AL	FLUCONAZOLO	FLUCONAZOLO	100	milligrammi	Capsula rigida	J02AC01	AUROBINDO PHARMA (ITALIA) S.R.L.	Autorizzata	Procedura Mutuo riconoscimento o Decentrata	Medicinali soggetti a prescrizione medica
041353273	041353	FLUCONAZOLO AUROBINDO	100 MG CAPSULE RIGIDE - 10 CAPSULE IN BLISTER PVC/PVDC/AL	FLUCONAZOLO	FLUCONAZOLO	100	milligrammi	Capsula rigida	J02AC01	AUROBINDO PHARMA (ITALIA) S.R.L.	Autorizzata	Procedura Mutuo riconoscimento o Decentrata	Medicinali soggetti a prescrizione medica
041353285	041353	FLUCONAZOLO AUROBINDO	100 MG CAPSULE RIGIDE - 14 CAPSULE IN BLISTER PVC/PVDC/AL	FLUCONAZOLO	FLUCONAZOLO	100	milligrammi	Capsula rigida	J02AC01	AUROBINDO PHARMA (ITALIA) S.R.L.	Autorizzata	Procedura Mutuo riconoscimento o Decentrata	Medicinali soggetti a prescrizione medica
041353297	041353	FLUCONAZOLO AUROBINDO	100 MG CAPSULE RIGIDE - 20 CAPSULE IN BLISTER PVC/PVDC/AL	FLUCONAZOLO	FLUCONAZOLO	100	milligrammi	Capsula rigida	J02AC01	AUROBINDO PHARMA (ITALIA) S.R.L.	Autorizzata	Procedura Mutuo riconoscimento o Decentrata	Medicinali soggetti a prescrizione medica
041353309	041353	FLUCONAZOLO AUROBINDO	100 MG CAPSULE RIGIDE - 21 CAPSULE IN BLISTER PVC/PVDC/AL	FLUCONAZOLO	FLUCONAZOLO	100	milligrammi	Capsula rigida	J02AC01	AUROBINDO PHARMA (ITALIA) S.R.L.	Autorizzata	Procedura Mutuo riconoscimento o Decentrata	Medicinali soggetti a prescrizione medica
041353311	041353	FLUCONAZOLO AUROBINDO	100 MG CAPSULE RIGIDE - 28 CAPSULE IN BLISTER PVC/PVDC/AL	FLUCONAZOLO	FLUCONAZOLO	100	milligrammi	Capsula rigida	J02AC01	AUROBINDO PHARMA (ITALIA) S.R.L.	Autorizzata	Procedura Mutuo riconoscimento o Decentrata	Medicinali soggetti a prescrizione medica
041353323	041353	FLUCONAZOLO AUROBINDO	100 MG CAPSULE RIGIDE - 30 CAPSULE IN BLISTER PVC/PVDC/AL	FLUCONAZOLO	FLUCONAZOLO	100	milligrammi	Capsula rigida	J02AC01	AUROBINDO PHARMA (ITALIA) S.R.L.	Autorizzata	Procedura Mutuo riconoscimento o Decentrata	Medicinali soggetti a prescrizione medica
041353335	041353	FLUCONAZOLO AUROBINDO	100 MG CAPSULE RIGIDE - 50 CAPSULE IN BLISTER PVC/PVDC/AL	FLUCONAZOLO	FLUCONAZOLO	100	milligrammi	Capsula rigida	J02AC01	AUROBINDO PHARMA (ITALIA) S.R.L.	Autorizzata	Procedura Mutuo riconoscimento o Decentrata	Medicinali soggetti a prescrizione medica
041353347	041353	FLUCONAZOLO AUROBINDO	100 MG CAPSULE RIGIDE - 60 CAPSULE IN BLISTER PVC/PVDC/AL	FLUCONAZOLO	FLUCONAZOLO	100	milligrammi	Capsula rigida	J02AC01	AUROBINDO PHARMA (ITALIA) S.R.L.	Autorizzata	Procedura Mutuo riconoscimento o Decentrata	Medicinali soggetti a prescrizione medica
041353350	041353	FLUCONAZOLO AUROBINDO	100 MG CAPSULE RIGIDE - 90 CAPSULE IN BLISTER PVC/PVDC/AL	FLUCONAZOLO	FLUCONAZOLO	100	milligrammi	Capsula rigida	J02AC01	AUROBINDO PHARMA (ITALIA) S.R.L.	Autorizzata	Procedura Mutuo riconoscimento o Decentrata	Medicinali soggetti a prescrizione medica
041353362	041353	FLUCONAZOLO AUROBINDO	100 MG CAPSULE RIGIDE - 100 CAPSULE IN BLISTER PVC/PVDC/AL	FLUCONAZOLO	FLUCONAZOLO	100	milligrammi	Capsula rigida	J02AC01	AUROBINDO PHARMA (ITALIA) S.R.L.	Autorizzata	Procedura Mutuo riconoscimento o Decentrata	Medicinali soggetti a prescrizione medica
041353374	041353	FLUCONAZOLO AUROBINDO	100 MG CAPSULE RIGIDE - 30 CAPSULE IN FLACONE HDPE	FLUCONAZOLO	FLUCONAZOLO	100	milligrammi	Capsula rigida	J02AC01	AUROBINDO PHARMA (ITALIA) S.R.L.	Autorizzata	Procedura Mutuo riconoscimento o Decentrata	Medicinali soggetti a prescrizione medica
041353386	041353	FLUCONAZOLO AUROBINDO	100 MG CAPSULE RIGIDE - 1000 CAPSULE IN FLACONE HDPE	FLUCONAZOLO	FLUCONAZOLO	100	milligrammi	Capsula rigida	J02AC01	AUROBINDO PHARMA (ITALIA) S.R.L.	Autorizzata	Procedura Mutuo riconoscimento o Decentrata	Medicinali soggetti a prescrizione medica
041353398	041353	FLUCONAZOLO AUROBINDO	150 MG CAPSULE RIGIDE - 1 CAPSULA IN BLISTER PVC/PVDC/AL	FLUCONAZOLO	FLUCONAZOLO	150	milligrammi	Capsula rigida	J02AC01	AUROBINDO PHARMA (ITALIA) S.R.L.	Autorizzata	Procedura Mutuo riconoscimento o Decentrata	Medicinali soggetti a prescrizione medica
041353400	041353	FLUCONAZOLO AUROBINDO	150 MG CAPSULE RIGIDE - 2 CAPSULE IN BLISTER PVC/PVDC/AL	FLUCONAZOLO	FLUCONAZOLO	150	milligrammi	Capsula rigida	J02AC01	AUROBINDO PHARMA (ITALIA) S.R.L.	Autorizzata	Procedura Mutuo riconoscimento o Decentrata	Medicinali soggetti a prescrizione medica
041353412	041353	FLUCONAZOLO AUROBINDO	150 MG CAPSULE RIGIDE - 3 CAPSULE IN BLISTER PVC/PVDC/AL	FLUCONAZOLO	FLUCONAZOLO	150	milligrammi	Capsula rigida	J02AC01	AUROBINDO PHARMA (ITALIA) S.R.L.	Autorizzata	Procedura Mutuo riconoscimento o Decentrata	Medicinali soggetti a prescrizione medica
041353424	041353	FLUCONAZOLO AUROBINDO	150 MG CAPSULE RIGIDE - 4 CAPSULE IN BLISTER PVC/PVDC/AL	FLUCONAZOLO	FLUCONAZOLO	150	milligrammi	Capsula rigida	J02AC01	AUROBINDO PHARMA (ITALIA) S.R.L.	Autorizzata	Procedura Mutuo riconoscimento o Decentrata	Medicinali soggetti a prescrizione medica
041353436	041353	FLUCONAZOLO AUROBINDO	150 MG CAPSULE RIGIDE - 5 CAPSULE IN BLISTER PVC/PVDC/AL	FLUCONAZOLO	FLUCONAZOLO	150	milligrammi	Capsula rigida	J02AC01	AUROBINDO PHARMA (ITALIA) S.R.L.	Autorizzata	Procedura Mutuo riconoscimento o Decentrata	Medicinali soggetti a prescrizione medica
041353448	041353	FLUCONAZOLO AUROBINDO	150 MG CAPSULE RIGIDE - 6 CAPSULE IN BLISTER PVC/PVDC/AL	FLUCONAZOLO	FLUCONAZOLO	150	milligrammi	Capsula rigida	J02AC01	AUROBINDO PHARMA (ITALIA) S.R.L.	Autorizzata	Procedura Mutuo riconoscimento o Decentrata	Medicinali soggetti a prescrizione medica
041353451	041353	FLUCONAZOLO AUROBINDO	150 MG CAPSULE RIGIDE - 7 CAPSULE IN BLISTER PVC/PVDC/AL	FLUCONAZOLO	FLUCONAZOLO	150	milligrammi	Capsula rigida	J02AC01	AUROBINDO PHARMA (ITALIA) S.R.L.	Autorizzata	Procedura Mutuo riconoscimento o Decentrata	Medicinali soggetti a prescrizione medica
041353463	041353	FLUCONAZOLO AUROBINDO	150 MG CAPSULE RIGIDE - 10 CAPSULE IN BLISTER PVC/PVDC/AL	FLUCONAZOLO	FLUCONAZOLO	150	milligrammi	Capsula rigida	J02AC01	AUROBINDO PHARMA (ITALIA) S.R.L.	Autorizzata	Procedura Mutuo riconoscimento o Decentrata	Medicinali soggetti a prescrizione medica
041353475	041353	FLUCONAZOLO AUROBINDO	150 MG CAPSULE RIGIDE - 14 CAPSULE IN BLISTER PVC/PVDC/AL	FLUCONAZOLO	FLUCONAZOLO	150	milligrammi	Capsula rigida	J02AC01	AUROBINDO PHARMA (ITALIA) S.R.L.	Autorizzata	Procedura Mutuo riconoscimento o Decentrata	Medicinali soggetti a prescrizione medica
041353487	041353	FLUCONAZOLO AUROBINDO	150 MG CAPSULE RIGIDE - 20 CAPSULE IN BLISTER PVC/PVDC/AL	FLUCONAZOLO	FLUCONAZOLO	150	milligrammi	Capsula rigida	J02AC01	AUROBINDO PHARMA (ITALIA) S.R.L.	Autorizzata	Procedura Mutuo riconoscimento o Decentrata	Medicinali soggetti a prescrizione medica
041353499	041353	FLUCONAZOLO AUROBINDO	150 MG CAPSULE RIGIDE - 21 CAPSULE IN BLISTER PVC/PVDC/AL	FLUCONAZOLO	FLUCONAZOLO	150	milligrammi	Capsula rigida	J02AC01	AUROBINDO PHARMA (ITALIA) S.R.L.	Autorizzata	Procedura Mutuo riconoscimento o Decentrata	Medicinali soggetti a prescrizione medica
041353501	041353	FLUCONAZOLO AUROBINDO	150 MG CAPSULE RIGIDE - 28 CAPSULE IN BLISTER PVC/PVDC/AL	FLUCONAZOLO	FLUCONAZOLO	150	milligrammi	Capsula rigida	J02AC01	AUROBINDO PHARMA (ITALIA) S.R.L.	Autorizzata	Procedura Mutuo riconoscimento o Decentrata	Medicinali soggetti a prescrizione medica
041353513	041353	FLUCONAZOLO AUROBINDO	150 MG CAPSULE RIGIDE - 30 CAPSULE IN BLISTER PVC/PVDC/AL	FLUCONAZOLO	FLUCONAZOLO	150	milligrammi	Capsula rigida	J02AC01	AUROBINDO PHARMA (ITALIA) S.R.L.	Autorizzata	Procedura Mutuo riconoscimento o Decentrata	Medicinali soggetti a prescrizione medica
041353525	041353	FLUCONAZOLO AUROBINDO	150 MG CAPSULE RIGIDE - 50 CAPSULE IN BLISTER PVC/PVDC/AL	FLUCONAZOLO	FLUCONAZOLO	150	milligrammi	Capsula rigida	J02AC01	AUROBINDO PHARMA (ITALIA) S.R.L.	Autorizzata	Procedura Mutuo riconoscimento o Decentrata	Medicinali soggetti a prescrizione medica
041353537	041353	FLUCONAZOLO AUROBINDO	150 MG CAPSULE RIGIDE - 60 CAPSULE IN BLISTER PVC/PVDC/AL	FLUCONAZOLO	FLUCONAZOLO	150	milligrammi	Capsula rigida	J02AC01	AUROBINDO PHARMA (ITALIA) S.R.L.	Autorizzata	Procedura Mutuo riconoscimento o Decentrata	Medicinali soggetti a prescrizione medica
041353549	041353	FLUCONAZOLO AUROBINDO	150 MG CAPSULE RIGIDE - 90 CAPSULE IN BLISTER PVC/PVDC/AL	FLUCONAZOLO	FLUCONAZOLO	150	milligrammi	Capsula rigida	J02AC01	AUROBINDO PHARMA (ITALIA) S.R.L.	Autorizzata	Procedura Mutuo riconoscimento o Decentrata	Medicinali soggetti a prescrizione medica
041353552	041353	FLUCONAZOLO AUROBINDO	150 MG CAPSULE RIGIDE - 100 CAPSULE IN BLISTER PVC/PVDC/AL	FLUCONAZOLO	FLUCONAZOLO	150	milligrammi	Capsula rigida	J02AC01	AUROBINDO PHARMA (ITALIA) S.R.L.	Autorizzata	Procedura Mutuo riconoscimento o Decentrata	Medicinali soggetti a prescrizione medica
041353564	041353	FLUCONAZOLO AUROBINDO	200 MG CAPSULE RIGIDE - 1 CAPSULA IN BLISTER PVC/PVDC/AL	FLUCONAZOLO	FLUCONAZOLO	200	milligrammi	Capsula rigida	J02AC01	AUROBINDO PHARMA (ITALIA) S.R.L.	Autorizzata	Procedura Mutuo riconoscimento o Decentrata	Medicinali soggetti a prescrizione medica
041353576	041353	FLUCONAZOLO AUROBINDO	200 MG CAPSULE RIGIDE - 2 CAPSULE IN BLISTER PVC/PVDC/AL	FLUCONAZOLO	FLUCONAZOLO	200	milligrammi	Capsula rigida	J02AC01	AUROBINDO PHARMA (ITALIA) S.R.L.	Autorizzata	Procedura Mutuo riconoscimento o Decentrata	Medicinali soggetti a prescrizione medica
041353588	041353	FLUCONAZOLO AUROBINDO	200 MG CAPSULE RIGIDE - 3 CAPSULE IN BLISTER PVC/PVDC/AL	FLUCONAZOLO	FLUCONAZOLO	200	milligrammi	Capsula rigida	J02AC01	AUROBINDO PHARMA (ITALIA) S.R.L.	Autorizzata	Procedura Mutuo riconoscimento o Decentrata	Medicinali soggetti a prescrizione medica
041353590	041353	FLUCONAZOLO AUROBINDO	200 MG CAPSULE RIGIDE - 4 CAPSULE IN BLISTER PVC/PVDC/AL	FLUCONAZOLO	FLUCONAZOLO	200	milligrammi	Capsula rigida	J02AC01	AUROBINDO PHARMA (ITALIA) S.R.L.	Autorizzata	Procedura Mutuo riconoscimento o Decentrata	Medicinali soggetti a prescrizione medica
041353602	041353	FLUCONAZOLO AUROBINDO	200 MG CAPSULE RIGIDE - 5 CAPSULE IN BLISTER PVC/PVDC/AL	FLUCONAZOLO	FLUCONAZOLO	200	milligrammi	Capsula rigida	J02AC01	AUROBINDO PHARMA (ITALIA) S.R.L.	Autorizzata	Procedura Mutuo riconoscimento o Decentrata	Medicinali soggetti a prescrizione medica
041353614	041353	FLUCONAZOLO AUROBINDO	200 MG CAPSULE RIGIDE - 6 CAPSULE IN BLISTER PVC/PVDC/AL	FLUCONAZOLO	FLUCONAZOLO	200	milligrammi	Capsula rigida	J02AC01	AUROBINDO PHARMA (ITALIA) S.R.L.	Autorizzata	Procedura Mutuo riconoscimento o Decentrata	Medicinali soggetti a prescrizione medica
041353626	041353	FLUCONAZOLO AUROBINDO	200 MG CAPSULE RIGIDE - 7 CAPSULE IN BLISTER PVC/PVDC/AL	FLUCONAZOLO	FLUCONAZOLO	200	milligrammi	Capsula rigida	J02AC01	AUROBINDO PHARMA (ITALIA) S.R.L.	Autorizzata	Procedura Mutuo riconoscimento o Decentrata	Medicinali soggetti a prescrizione medica
041353638	041353	FLUCONAZOLO AUROBINDO	200 MG CAPSULE RIGIDE - 10 CAPSULE IN BLISTER PVC/PVDC/AL	FLUCONAZOLO	FLUCONAZOLO	200	milligrammi	Capsula rigida	J02AC01	AUROBINDO PHARMA (ITALIA) S.R.L.	Autorizzata	Procedura Mutuo riconoscimento o Decentrata	Medicinali soggetti a prescrizione medica
041353640	041353	FLUCONAZOLO AUROBINDO	200 MG CAPSULE RIGIDE - 14 CAPSULE IN BLISTER PVC/PVDC/AL	FLUCONAZOLO	FLUCONAZOLO	200	milligrammi	Capsula rigida	J02AC01	AUROBINDO PHARMA (ITALIA) S.R.L.	Autorizzata	Procedura Mutuo riconoscimento o Decentrata	Medicinali soggetti a prescrizione medica
041353653	041353	FLUCONAZOLO AUROBINDO	200 MG CAPSULE RIGIDE - 20 CAPSULE IN BLISTER PVC/PVDC/AL	FLUCONAZOLO	FLUCONAZOLO	200	milligrammi	Capsula rigida	J02AC01	AUROBINDO PHARMA (ITALIA) S.R.L.	Autorizzata	Procedura Mutuo riconoscimento o Decentrata	Medicinali soggetti a prescrizione medica
041353665	041353	FLUCONAZOLO AUROBINDO	200 MG CAPSULE RIGIDE - 21 CAPSULE IN BLISTER PVC/PVDC/AL	FLUCONAZOLO	FLUCONAZOLO	200	milligrammi	Capsula rigida	J02AC01	AUROBINDO PHARMA (ITALIA) S.R.L.	Autorizzata	Procedura Mutuo riconoscimento o Decentrata	Medicinali soggetti a prescrizione medica
041353677	041353	FLUCONAZOLO AUROBINDO	200 MG CAPSULE RIGIDE - 28 CAPSULE IN BLISTER PVC/PVDC/AL	FLUCONAZOLO	FLUCONAZOLO	200	milligrammi	Capsula rigida	J02AC01	AUROBINDO PHARMA (ITALIA) S.R.L.	Autorizzata	Procedura Mutuo riconoscimento o Decentrata	Medicinali soggetti a prescrizione medica
041353689	041353	FLUCONAZOLO AUROBINDO	200 MG CAPSULE RIGIDE - 30 CAPSULE IN BLISTER PVC/PVDC/AL	FLUCONAZOLO	FLUCONAZOLO	200	milligrammi	Capsula rigida	J02AC01	AUROBINDO PHARMA (ITALIA) S.R.L.	Autorizzata	Procedura Mutuo riconoscimento o Decentrata	Medicinali soggetti a prescrizione medica
041353691	041353	FLUCONAZOLO AUROBINDO	200 MG CAPSULE RIGIDE - 50 CAPSULE IN BLISTER PVC/PVDC/AL	FLUCONAZOLO	FLUCONAZOLO	200	milligrammi	Capsula rigida	J02AC01	AUROBINDO PHARMA (ITALIA) S.R.L.	Autorizzata	Procedura Mutuo riconoscimento o Decentrata	Medicinali soggetti a prescrizione medica
041353703	041353	FLUCONAZOLO AUROBINDO	200 MG CAPSULE RIGIDE - 60 CAPSULE IN BLISTER PVC/PVDC/AL	FLUCONAZOLO	FLUCONAZOLO	200	milligrammi	Capsula rigida	J02AC01	AUROBINDO PHARMA (ITALIA) S.R.L.	Autorizzata	Procedura Mutuo riconoscimento o Decentrata	Medicinali soggetti a prescrizione medica
041353715	041353	FLUCONAZOLO AUROBINDO	200 MG CAPSULE RIGIDE - 90 CAPSULE IN BLISTER PVC/PVDC/AL	FLUCONAZOLO	FLUCONAZOLO	200	milligrammi	Capsula rigida	J02AC01	AUROBINDO PHARMA (ITALIA) S.R.L.	Autorizzata	Procedura Mutuo riconoscimento o Decentrata	Medicinali soggetti a prescrizione medica
041353727	041353	FLUCONAZOLO AUROBINDO	200 MG CAPSULE RIGIDE - 100 CAPSULE IN BLISTER PVC/PVDC/AL	FLUCONAZOLO	FLUCONAZOLO	200	milligrammi	Capsula rigida	J02AC01	AUROBINDO PHARMA (ITALIA) S.R.L.	Autorizzata	Procedura Mutuo riconoscimento o Decentrata	Medicinali soggetti a prescrizione medica
041353739	041353	FLUCONAZOLO AUROBINDO	200 MG CAPSULE RIGIDE - 30 CAPSULE IN FLACONE HDPE	FLUCONAZOLO	FLUCONAZOLO	200	milligrammi	Capsula rigida	J02AC01	AUROBINDO PHARMA (ITALIA) S.R.L.	Autorizzata	Procedura Mutuo riconoscimento o Decentrata	Medicinali soggetti a prescrizione medica
041353741	041353	FLUCONAZOLO AUROBINDO	200 MG CAPSULE RIGIDE - 500 CAPSULE IN FLACONE HDPE	FLUCONAZOLO	FLUCONAZOLO	200	milligrammi	Capsula rigida	J02AC01	AUROBINDO PHARMA (ITALIA) S.R.L.	Autorizzata	Procedura Mutuo riconoscimento o Decentrata	Medicinali soggetti a prescrizione medica
041485032	041485	DIFLUCAN	150 MG CAPSULE RIGIDE- 2 CAPSULE	FLUCONAZOLO	FLUCONAZOLO	150	milligrammi	Capsula rigida	J02AC01	FARMA 1000 S.R.L.	Autorizzata	Importazione Parallela	Medicinali soggetti a prescrizione medica
043055019	043055	FLUCONAZOLO TECNIGEN	<50 MG CAPSULE RIGIDE> 7 CAPSULE	FLUCONAZOLO	FLUCONAZOLO	50	milligrammi	Capsula rigida	J02AC01	TECNIGEN S.R.L.	Autorizzata	Procedura Nazionale	Medicinali soggetti a prescrizione medica
043055021	043055	FLUCONAZOLO TECNIGEN	<150 MG CAPSULE RIGIDE> 2 CAPSULE	FLUCONAZOLO	FLUCONAZOLO	150	milligrammi	Capsula rigida	J02AC01	TECNIGEN S.R.L.	Autorizzata	Procedura Nazionale	Medicinali soggetti a prescrizione medica
043055033	043055	FLUCONAZOLO TECNIGEN	<200 MG CAPSULE RIGIDE> 7 CAPSULE	FLUCONAZOLO	FLUCONAZOLO	200	milligrammi	Capsula rigida	J02AC01	TECNIGEN S.R.L.	Autorizzata	Procedura Nazionale	Medicinali soggetti a prescrizione medica
043489018	043489	DIFLUCAN	200 MG CAPSULE RIGIDE- 12 CAPSULE IN BLISTER PVC/AL	FLUCONAZOLO	FLUCONAZOLO	200	milligrammi	Capsula rigida	J02AC01	PFIZER ITALIA S.R.L.	Autorizzata	Procedura Mutuo riconoscimento o Decentrata	Medicinali soggetti a prescrizione medica
043489020	043489	DIFLUCAN	200 MG CAPSULE RIGIDE- 14 CAPSULE IN BLISTER PVC/AL	FLUCONAZOLO	FLUCONAZOLO	200	milligrammi	Capsula rigida	J02AC01	PFIZER ITALIA S.R.L.	Autorizzata	Procedura Mutuo riconoscimento o Decentrata	Medicinali soggetti a prescrizione medica
043489032	043489	DIFLUCAN	200 MG CAPSULE RIGIDE- 20 CAPSULE IN BLISTER PVC/AL	FLUCONAZOLO	FLUCONAZOLO	200	milligrammi	Capsula rigida	J02AC01	PFIZER ITALIA S.R.L.	Autorizzata	Procedura Mutuo riconoscimento o Decentrata	Medicinali soggetti a prescrizione medica
043489044	043489	DIFLUCAN	200 MG CAPSULE RIGIDE- 28 CAPSULE IN BLISTER PVC/AL	FLUCONAZOLO	FLUCONAZOLO	200	milligrammi	Capsula rigida	J02AC01	PFIZER ITALIA S.R.L.	Autorizzata	Procedura Mutuo riconoscimento o Decentrata	Medicinali soggetti a prescrizione medica
043489057	043489	DIFLUCAN	200 MG CAPSULE RIGIDE- 30 CAPSULE IN BLISTER PVC/AL	FLUCONAZOLO	FLUCONAZOLO	200	milligrammi	Capsula rigida	J02AC01	PFIZER ITALIA S.R.L.	Autorizzata	Procedura Mutuo riconoscimento o Decentrata	Medicinali soggetti a prescrizione medica
043489069	043489	DIFLUCAN	200 MG CAPSULE RIGIDE- 42 CAPSULE IN BLISTER PVC/AL	FLUCONAZOLO	FLUCONAZOLO	200	milligrammi	Capsula rigida	J02AC01	PFIZER ITALIA S.R.L.	Autorizzata	Procedura Mutuo riconoscimento o Decentrata	Medicinali soggetti a prescrizione medica
043489071	043489	DIFLUCAN	200 MG CAPSULE RIGIDE- 50 CAPSULE IN BLISTER PVC/AL	FLUCONAZOLO	FLUCONAZOLO	200	milligrammi	Capsula rigida	J02AC01	PFIZER ITALIA S.R.L.	Autorizzata	Procedura Mutuo riconoscimento o Decentrata	Medicinali soggetti a prescrizione medica
043489083	043489	DIFLUCAN	200 MG CAPSULE RIGIDE- 60 CAPSULE IN BLISTER PVC/AL	FLUCONAZOLO	FLUCONAZOLO	200	milligrammi	Capsula rigida	J02AC01	PFIZER ITALIA S.R.L.	Autorizzata	Procedura Mutuo riconoscimento o Decentrata	Medicinali soggetti a prescrizione medica
043489095	043489	DIFLUCAN	200 MG CAPSULE RIGIDE- 100 CAPSULE IN BLISTER PVC/AL	FLUCONAZOLO	FLUCONAZOLO	200	milligrammi	Capsula rigida	J02AC01	PFIZER ITALIA S.R.L.	Autorizzata	Procedura Mutuo riconoscimento o Decentrata	Medicinali soggetti a prescrizione medica
043489107	043489	DIFLUCAN	200 MG CAPSULE RIGIDE- 500 CAPSULE IN BLISTER PVC/AL	FLUCONAZOLO	FLUCONAZOLO	200	milligrammi	Capsula rigida	J02AC01	PFIZER ITALIA S.R.L.	Autorizzata	Procedura Mutuo riconoscimento o Decentrata	Medicinali soggetti a prescrizione medica limitativa, utilizzabili esclusivamente in ambiente ospedaliero o in una struttura ad esso assimilabile
043489119	043489	DIFLUCAN	2 MG/ML SOLUZIONE PER INFUSIONE- 1 SACCA PLASTIFICATA IN PVC DA 100 ML	FLUCONAZOLO	FLUCONAZOLO			Soluzione per infusione	J02AC01	PFIZER ITALIA S.R.L.	Autorizzata	Procedura Nazionale	Medicinali soggetti a prescrizione medica limitativa, utilizzabili esclusivamente in ambiente ospedaliero o in una struttura ad esso assimilabile
043489121	043489	DIFLUCAN	2 MG/ML SOLUZIONE PER INFUSIONE- 5 SACCHE PLASTIFICATE IN PVC DA 100 ML	FLUCONAZOLO	FLUCONAZOLO			Soluzione per infusione	J02AC01	PFIZER ITALIA S.R.L.	Autorizzata	Procedura Nazionale	Medicinali soggetti a prescrizione medica limitativa, utilizzabili esclusivamente in ambiente ospedaliero o in una struttura ad esso assimilabile
043489133	043489	DIFLUCAN	2 MG/ML SOLUZIONE PER INFUSIONE- 10 SACCHE PLASTIFICATE IN PVC DA 100 ML	FLUCONAZOLO	FLUCONAZOLO			Soluzione per infusione	J02AC01	PFIZER ITALIA S.R.L.	Autorizzata	Procedura Nazionale	Medicinali soggetti a prescrizione medica limitativa, utilizzabili esclusivamente in ambiente ospedaliero o in una struttura ad esso assimilabile
043489145	043489	DIFLUCAN	2 MG/ML SOLUZIONE PER INFUSIONE- 20 SACCHE PLASTIFICATE IN PVC DA 100 ML	FLUCONAZOLO	FLUCONAZOLO			Soluzione per infusione	J02AC01	PFIZER ITALIA S.R.L.	Autorizzata	Procedura Nazionale	Medicinali soggetti a prescrizione medica limitativa, utilizzabili esclusivamente in ambiente ospedaliero o in una struttura ad esso assimilabile
043489158	043489	DIFLUCAN	2 MG/ML SOLUZIONE PER INFUSIONE- 1 SACCA PLASTIFICATA IN PVC DA 200 ML	FLUCONAZOLO	FLUCONAZOLO			Soluzione per infusione	J02AC01	PFIZER ITALIA S.R.L.	Autorizzata	Procedura Nazionale	Medicinali soggetti a prescrizione medica limitativa, utilizzabili esclusivamente in ambiente ospedaliero o in una struttura ad esso assimilabile
043489160	043489	DIFLUCAN	2 MG/ML SOLUZIONE PER INFUSIONE- 5 SACCHE PLASTIFICATE IN PVC DA 200 ML	FLUCONAZOLO	FLUCONAZOLO			Soluzione per infusione	J02AC01	PFIZER ITALIA S.R.L.	Autorizzata	Procedura Nazionale	Medicinali soggetti a prescrizione medica limitativa, utilizzabili esclusivamente in ambiente ospedaliero o in una struttura ad esso assimilabile
043489172	043489	DIFLUCAN	2 MG/ML SOLUZIONE PER INFUSIONE- 10 SACCHE PLASTIFICATE IN PVC DA 200 ML	FLUCONAZOLO	FLUCONAZOLO			Soluzione per infusione	J02AC01	PFIZER ITALIA S.R.L.	Autorizzata	Procedura Nazionale	Medicinali soggetti a prescrizione medica limitativa, utilizzabili esclusivamente in ambiente ospedaliero o in una struttura ad esso assimilabile
043489184	043489	DIFLUCAN	2 MG/ML SOLUZIONE PER INFUSIONE- 20 SACCHE PLASTIFICATE IN PVC DA 200 ML	FLUCONAZOLO	FLUCONAZOLO			Soluzione per infusione	J02AC01	PFIZER ITALIA S.R.L.	Autorizzata	Procedura Nazionale	Medicinali soggetti a prescrizione medica limitativa, utilizzabili esclusivamente in ambiente ospedaliero o in una struttura ad esso assimilabile
043489196	043489	DIFLUCAN	2 MG/ML SOLUZIONE PER INFUSIONE- 40 FLACONCINI IN VETRO DA 200 MG/100 ML	FLUCONAZOLO	FLUCONAZOLO			Soluzione per infusione	J02AC01	PFIZER ITALIA S.R.L.	Autorizzata	Procedura Nazionale	Medicinali soggetti a prescrizione medica limitativa, utilizzabili esclusivamente in ambiente ospedaliero o in una struttura ad esso assimilabile
043489210	043489	DIFLUCAN	2 MG/ML SOLUZIONE PER INFUSIONE- 48 FLACONCINI IN VETRO DA 100 MG/50 ML	FLUCONAZOLO	FLUCONAZOLO			Soluzione per infusione	J02AC01	PFIZER ITALIA S.R.L.	Autorizzata	Procedura Nazionale	Medicinali soggetti a prescrizione medica limitativa, utilizzabili esclusivamente in ambiente ospedaliero o in una struttura ad esso assimilabile
045623016	045623	DIFLUCAN	150 MG CAPSULE RIGIDE- 2 CAPSULE	FLUCONAZOLO	FLUCONAZOLO	150	milligrammi	Capsula rigida	J02AC01	GMM FARMA S.R.L.	Autorizzata	Importazione Parallela	Medicinali soggetti a prescrizione medica
045623028	045623	DIFLUCAN	150 mg CAPSULE RIGIDE- 2 CAPSULE	FLUCONAZOLO	FLUCONAZOLO	150	milligrammi	Capsula rigida	J02AC01	GMM FARMA S.R.L.	Autorizzata	Importazione Parallela	Medicinali soggetti a prescrizione medica
050849013	050849	DIFLUCAN	150 MG CAPSULE RIGIDE- 2 CAPSULE	FLUCONAZOLO	FLUCONAZOLO			Capsula rigida	J02AC01	NEW PHARMASHOP S.R.L.	Autorizzata	Importazione Parallela	Medicinali soggetti a prescrizione medica
050863012	050863	DIFLUCAN	150 MG CAPSULE RIGIDE- 2 CAPSULE	FLUCONAZOLO	FLUCONAZOLO			Capsula rigida	J02AC01	FARMED S.R.L.	Autorizzata	Importazione Parallela	Medicinali soggetti a prescrizione medica
051682019	051682	FLUCONAZOLO NORIDEM	2 MG/ML SOLUZIONE PER INFUSIONE- 10 SACCHE IN PP DA 50 ML	FLUCONAZOLO	FLUCONAZOLO			Soluzione per infusione	J02AC01	NORIDEM ENTERPRISES LTD	Autorizzata	Procedura Mutuo riconoscimento o Decentrata	Medicinali soggetti a prescrizione medica limitativa, utilizzabili esclusivamente in ambiente ospedaliero o in una struttura ad esso assimilabile
051682021	051682	FLUCONAZOLO NORIDEM	2 MG/ML SOLUZIONE PER INFUSIONE- 10 SACCHE IN PP DA 100 ML	FLUCONAZOLO	FLUCONAZOLO			Soluzione per infusione	J02AC01	NORIDEM ENTERPRISES LTD	Autorizzata	Procedura Mutuo riconoscimento o Decentrata	Medicinali soggetti a prescrizione medica limitativa, utilizzabili esclusivamente in ambiente ospedaliero o in una struttura ad esso assimilabile
051682033	051682	FLUCONAZOLO NORIDEM	2 MG/ML SOLUZIONE PER INFUSIONE- 10 FLACONI IN PP DA 100 ML	FLUCONAZOLO	FLUCONAZOLO			Soluzione per infusione	J02AC01	NORIDEM ENTERPRISES LTD	Autorizzata	Procedura Mutuo riconoscimento o Decentrata	Medicinali soggetti a prescrizione medica limitativa, utilizzabili esclusivamente in ambiente ospedaliero o in una struttura ad esso assimilabile
051682045	051682	FLUCONAZOLO NORIDEM	2 MG/ML SOLUZIONE PER INFUSIONE- 10 FLACONI IN PP DA 200 ML	FLUCONAZOLO	FLUCONAZOLO			Soluzione per infusione	J02AC01	NORIDEM ENTERPRISES LTD	Autorizzata	Procedura Mutuo riconoscimento o Decentrata	Medicinali soggetti a prescrizione medica limitativa, utilizzabili esclusivamente in ambiente ospedaliero o in una struttura ad esso assimilabile
051682058	051682	FLUCONAZOLO NORIDEM	2 MG/ML SOLUZIONE PER INFUSIONE- 20 FLACONI IN PP DA 100 ML	FLUCONAZOLO	FLUCONAZOLO			Soluzione per infusione	J02AC01	NORIDEM ENTERPRISES LTD	Autorizzata	Procedura Mutuo riconoscimento o Decentrata	Medicinali soggetti a prescrizione medica limitativa, utilizzabili esclusivamente in ambiente ospedaliero o in una struttura ad esso assimilabile
051682060	051682	FLUCONAZOLO NORIDEM	2 MG/ML SOLUZIONE PER INFUSIONE- 20 FLACONI IN PP DA 200 ML	FLUCONAZOLO	FLUCONAZOLO			Soluzione per infusione	J02AC01	NORIDEM ENTERPRISES LTD	Autorizzata	Procedura Mutuo riconoscimento o Decentrata	Medicinali soggetti a prescrizione medica limitativa, utilizzabili esclusivamente in ambiente ospedaliero o in una struttura ad esso assimilabile
