codice_aic	cod_farmaco	denominazione	descrizione	pa_associati	principio_attivo	quantita	unita_misura	forma	codice_atc	ragione_sociale	stato_amministrativo	tipo_procedura	fornitura
038744013	038744	XARELTO	10 MG COMPRESSE RIVESTITE CON FILM - USO ORALE - BLISTER (PVC/PVDC/ALU)- 5 COMPRESSE	RIVAROXABAN	RIVAROXABAN	10	milligrammi	Compressa rivestita con film	B01AF01	BAYER AG	Autorizzata	Procedura Centralizzata	Medicinali soggetti a prescrizione medica limitativa, vendibili al pubblico su prescrizione di centri ospedalieri o di specialisti
038744025	038744	XARELTO	10 MG  COMPRESSE RIVESTITE CON FILM - USO ORALE - BLISTER (PVC/PVDC/ALU) 10 COMPRESSE	RIVAROXABAN	RIVAROXABAN	10	milligrammi	Compressa rivestita con film	B01AF01	BAYER AG	Autorizzata	Procedura Centralizzata	Medicinali soggetti a prescrizione medica limitativa, vendibili al pubblico su prescrizione di centri ospedalieri o di specialisti
038744037	038744	XARELTO	10 MG  COMPRESSE RIVESTITE CON FILM - USO ORALE - BLISTER (PVC/PVDC/ALU) 30 COMPRESSE	RIVAROXABAN	RIVAROXABAN	10	milligrammi	Compressa rivestita con film	B01AF01	BAYER AG	Autorizzata	Procedura Centralizzata	Medicinali soggetti a prescrizione medica limitativa, vendibili al pubblico su prescrizione di centri ospedalieri o di specialisti
038744049	038744	XARELTO	10 MG  COMPRESSE RIVESTITE CON FILM - USO ORALE - BLISTER (PVC/PVDC/ALU) 100 COMPRESSE	RIVAROXABAN	RIVAROXABAN	10	milligrammi	Compressa rivestita con film	B01AF01	BAYER AG	Autorizzata	Procedura Centralizzata	Medicinali soggetti a prescrizione medica limitativa, da rinnovare volta per volta, vendibili al pubblico su prescrizione di centri ospedalieri o di specialisti
038744052	038744	XARELTO	10 MG  COMPRESSE RIVESTITE CON FILM - USO ORALE - BLISTER (PP/ALU) 5  COMPRESSE	RIVAROXABAN	RIVAROXABAN	10	milligrammi	Compressa rivestita con film	B01AF01	BAYER AG	Autorizzata	Procedura Centralizzata	Medicinali soggetti a prescrizione medica limitativa, vendibili al pubblico su prescrizione di centri ospedalieri o di specialisti
038744064	038744	XARELTO	10 MG  COMPRESSE RIVESTITE CON FILM - USO ORALE - BLISTER (PP/ALU) 10  COMPRESSE	RIVAROXABAN	RIVAROXABAN	10	milligrammi	Compressa rivestita con film	B01AF01	BAYER AG	Autorizzata	Procedura Centralizzata	Medicinali soggetti a prescrizione medica limitativa, vendibili al pubblico su prescrizione di centri ospedalieri o di specialisti
038744076	038744	XARELTO	10 MG  COMPRESSE RIVESTITE CON FILM - USO ORALE - BLISTER (PP/ALU) 30 COMPRESSE	RIVAROXABAN	RIVAROXABAN	10	milligrammi	Compressa rivestita con film	B01AF01	BAYER AG	Autorizzata	Procedura Centralizzata	Medicinali soggetti a prescrizione medica limitativa, vendibili al pubblico su prescrizione di centri ospedalieri o di specialisti
038744088	038744	XARELTO	10 MG  COMPRESSE RIVESTITE CON FILM - USO ORALE - BLISTER (PP/ALU) 100 COMPRESSE	RIVAROXABAN	RIVAROXABAN	10	milligrammi	Compressa rivestita con film	B01AF01	BAYER AG	Autorizzata	Procedura Centralizzata	Medicinali soggetti a prescrizione medica limitativa, da rinnovare volta per volta, vendibili al pubblico su prescrizione di centri ospedalieri o di specialisti
038744114	038744	XARELTO	15 MG - COMPRESSA RIVESTITA CON FILM - USO ORALE - BLISTER (PP/ALU)- 14 COMPRESSE	RIVAROXABAN	RIVAROXABAN	15	milligrammi	Compressa rivestita con film	B01AF01	BAYER AG	Autorizzata	Procedura Centralizzata	Medicinali soggetti a prescrizione medica limitativa, vendibili al pubblico su prescrizione di centri ospedalieri o di specialisti
038744126	038744	XARELTO	15 MG - COMPRESSA RIVESTITA CON FILM - USO ORALE - BLISTER (PP/ALU)- 28 COMPRESSE	RIVAROXABAN	RIVAROXABAN	15	milligrammi	Compressa rivestita con film	B01AF01	BAYER AG	Autorizzata	Procedura Centralizzata	Medicinali soggetti a prescrizione medica limitativa, vendibili al pubblico su prescrizione di centri ospedalieri o di specialisti
038744138	038744	XARELTO	15 MG - COMPRESSA RIVESTITA CON FILM - USO ORALE - BLISTER (PP/ALU)- 42 COMPRESSE	RIVAROXABAN	RIVAROXABAN	15	milligrammi	Compressa rivestita con film	B01AF01	BAYER AG	Autorizzata	Procedura Centralizzata	Medicinali soggetti a prescrizione medica limitativa, vendibili al pubblico su prescrizione di centri ospedalieri o di specialisti
038744140	038744	XARELTO	15 MG - COMPRESSA RIVESTITA CON FILM - USO ORALE - BLISTER (PP/ALU)- 98 COMPRESSE	RIVAROXABAN	RIVAROXABAN	15	milligrammi	Compressa rivestita con film	B01AF01	BAYER AG	Autorizzata	Procedura Centralizzata	Medicinali soggetti a prescrizione medica
038744153	038744	XARELTO	15 MG - COMPRESSA RIVESTITA CON FILM - USO ORALE - BLISTER (PP/ALU)- 10 X 1 COMPRESSE	RIVAROXABAN	RIVAROXABAN	15	milligrammi	Compressa rivestita con film	B01AF01	BAYER AG	Autorizzata	Procedura Centralizzata	Medicinali soggetti a prescrizione medica limitativa, vendibili al pubblico su prescrizione di centri ospedalieri o di specialisti
038744165	038744	XARELTO	15 MG - COMPRESSA RIVESTITA CON FILM - USO ORALE - BLISTER (PP/ALU)- 100 X 1 COMPRESSE	RIVAROXABAN	RIVAROXABAN	15	milligrammi	Compressa rivestita con film	B01AF01	BAYER AG	Autorizzata	Procedura Centralizzata	Medicinali soggetti a prescrizione medica limitativa, vendibili al pubblico su prescrizione di centri ospedalieri o di specialisti
038744177	038744	XARELTO	20 MG - COMPRESSA RIVESTITA CON FILM - USO ORALE - BLISTER (PP/ALU)- 14 COMPRESSE	RIVAROXABAN	RIVAROXABAN	20	milligrammi	Compressa rivestita con film	B01AF01	BAYER AG	Autorizzata	Procedura Centralizzata	Medicinali soggetti a prescrizione medica limitativa, vendibili al pubblico su prescrizione di centri ospedalieri o di specialisti
038744189	038744	XARELTO	20 MG - COMPRESSA RIVESTITA CON FILM - USO ORALE - BLISTER (PP/ALU)- 28 COMPRESSE	RIVAROXABAN	RIVAROXABAN	20	milligrammi	Compressa rivestita con film	B01AF01	BAYER AG	Autorizzata	Procedura Centralizzata	Medicinali soggetti a prescrizione medica limitativa, vendibili al pubblico su prescrizione di centri ospedalieri o di specialisti
038744191	038744	XARELTO	20 MG - COMPRESSA RIVESTITA CON FILM - USO ORALE - BLISTER (PP/ALU)- 98 COMPRESSE	RIVAROXABAN	RIVAROXABAN	20	milligrammi	Compressa rivestita con film	B01AF01	BAYER AG	Autorizzata	Procedura Centralizzata	Medicinali soggetti a prescrizione medica
038744203	038744	XARELTO	20 MG - COMPRESSA RIVESTITA CON FILM - USO ORALE - BLISTER (PP/ALU)- 10 X 1 COMPRESSE	RIVAROXABAN	RIVAROXABAN	20	milligrammi	Compressa rivestita con film	B01AF01	BAYER AG	Autorizzata	Procedura Centralizzata	Medicinali soggetti a prescrizione medica limitativa, vendibili al pubblico su prescrizione di centri ospedalieri o di specialisti
038744215	038744	XARELTO	20 MG - COMPRESSA RIVESTITA CON FILM - USO ORALE - BLISTER (PP/ALU)- 100 X 1 COMPRESSE	RIVAROXABAN	RIVAROXABAN	20	milligrammi	Compressa rivestita con film	B01AF01	BAYER AG	Autorizzata	Procedura Centralizzata	Medicinali soggetti a prescrizione medica limitativa, vendibili al pubblico su prescrizione di centri ospedalieri o di specialisti
038744227	038744	XARELTO	10 MG - COMPRESSE RIVESTITE CON FILM USO ORALE - BLISTER (PP/ALU) - 100 (10X10X1) COMPRESSE (DOSE UNITARIA) (CONFEZIONE MULTIPLA)	RIVAROXABAN	RIVAROXABAN	10	milligrammi	Compressa rivestita con film	B01AF01	BAYER AG	Autorizzata	Procedura Centralizzata	Medicinali soggetti a prescrizione medica limitativa, vendibili al pubblico su prescrizione di centri ospedalieri o di specialisti
038744239	038744	XARELTO	15 MG - COMPRESSE RIVESTITE CON FILM - USO ORALE BLISTER (PP/ALU) 100 (10X10X1) COMPRESSE (DOSE UNITARIA) (CONFEZIONE MULTIPLA)	RIVAROXABAN	RIVAROXABAN	15	milligrammi	Compressa rivestita con film	B01AF01	BAYER AG	Autorizzata	Procedura Centralizzata	Medicinali soggetti a prescrizione medica limitativa, vendibili al pubblico su prescrizione di centri ospedalieri o di specialisti
038744241	038744	XARELTO	20 MG - COMPRESSE RIVESTITE CON FILM - USO ORALE - BLISTER (PP/ALU) - 100 (10X10X1) COMPRESSE (DOSE UNITARIA) (CONFEZIONE MULTIPLA)	RIVAROXABAN	RIVAROXABAN	20	milligrammi	Compressa rivestita con film	B01AF01	BAYER AG	Autorizzata	Procedura Centralizzata	Medicinali soggetti a prescrizione medica limitativa, vendibili al pubblico su prescrizione di centri ospedalieri o di specialisti
038744254	038744	XARELTO	2,5 MG - COMPRESSE RIVESTITE CON FILM - USO ORALE - BLISTER (PP/ALU) - 14 COMPRESSE	RIVAROXABAN	RIVAROXABAN	2.5	milligrammi	Compressa rivestita con film	B01AF01	BAYER AG	Autorizzata	Procedura Centralizzata	Medicinali soggetti a prescrizione medica
038744266	038744	XARELTO	2,5 MG - COMPRESSE RIVESTITE CON FILM - USO ORALE - BLISTER (PP/ALU) - 28 COMPRESSE	RIVAROXABAN	RIVAROXABAN	2.5	milligrammi	Compressa rivestita con film	B01AF01	BAYER AG	Autorizzata	Procedura Centralizzata	Medicinali soggetti a prescrizione medica
038744278	038744	XARELTO	2,5 MG - COMPRESSE RIVESTITE CON FILM - USO ORALE  - BLISTER (PP/ALU) - 56 COMPRESSE	RIVAROXABAN	RIVAROXABAN	2.5	milligrammi	Compressa rivestita con film	B01AF01	BAYER AG	Autorizzata	Procedura Centralizzata	Medicinali soggetti a prescrizione medica limitativa, vendibili al pubblico su prescrizione di centri ospedalieri o di specialisti
038744280	038744	XARELTO	2,5 MG - COMPRESSE RIVESTITE CON FILM - UO ORALE - BLISTER (PP/ALU) - 60 COMPRESSE	RIVAROXABAN	RIVAROXABAN	2.5	milligrammi	Compressa rivestita con film	B01AF01	BAYER AG	Autorizzata	Procedura Centralizzata	Medicinali soggetti a prescrizione medica
038744292	038744	XARELTO	2,5 MG - COMPRESSE RIVESTITE CON FILM - USO ORALE - BLISTER (PP/ALU) - 98 COMPRESSE	RIVAROXABAN	RIVAROXABAN	2.5	milligrammi	Compressa rivestita con film	B01AF01	BAYER AG	Autorizzata	Procedura Centralizzata	Medicinali soggetti a prescrizione medica
038744304	038744	XARELTO	2,5 MG - COMPRESSE RIVESTITE CON FILM - USO ORALE - BLISTER (PP/ALU) - 168 COMPRESSE	RIVAROXABAN	RIVAROXABAN	2.5	milligrammi	Compressa rivestita con film	B01AF01	BAYER AG	Autorizzata	Procedura Centralizzata	Medicinali soggetti a prescrizione medica
038744316	038744	XARELTO	2,5 MG - COMPRESSE RIVESTITE CON FILM - USO ORALE  - BLISTER (PP/ALU) - 196 COMPRESSE	RIVAROXABAN	RIVAROXABAN	2.5	milligrammi	Compressa rivestita con film	B01AF01	BAYER AG	Autorizzata	Procedura Centralizzata	Medicinali soggetti a prescrizione medica
038744328	038744	XARELTO	2,5 MG - COMPRESSE RIVESTITE CON FILM - USO ORALE  .- BLISTER (PP/ALU) - 10X1 COMPRESSE	RIVAROXABAN	RIVAROXABAN	2.5	milligrammi	Compressa rivestita con film	B01AF01	BAYER AG	Autorizzata	Procedura Centralizzata	Medicinali soggetti a prescrizione medica
038744330	038744	XARELTO	2,5 MG - COMPRESSE RIVESTITE CON FILM - USO ORALE  - BLISTER (PP/ALU) - 100X1 COMPRESSE	RIVAROXABAN	RIVAROXABAN	2.5	milligrammi	Compressa rivestita con film	B01AF01	BAYER AG	Autorizzata	Procedura Centralizzata	Medicinali soggetti a prescrizione medica
038744342	038744	XARELTO	2,5 MG - COMPRESSE RIVESTITE CON FILM - USO ORALE - BLISTER (PP/ALU) - 100 (10 X 10 X 1) COMPRESSE (DOSE UNITARIA) (CONFEZIONE MULTIPLA)	RIVAROXABAN	RIVAROXABAN	2.5	milligrammi	Compressa rivestita con film	B01AF01	BAYER AG	Autorizzata	Procedura Centralizzata	Medicinali soggetti a prescrizione medica limitativa, vendibili al pubblico su prescrizione di centri ospedalieri o di specialisti
038744355	038744	XARELTO	2,5 MG - COMPRESSE RIVESTITE CON FILM - USO ORALE - BLISTER (PP/ALU) - 30 COMPRESSE	RIVAROXABAN	RIVAROXABAN	2.5	milligrammi	Compressa rivestita con film	B01AF01	BAYER AG	Autorizzata	Procedura Centralizzata	Medicinali soggetti a prescrizione medica limitativa, vendibili al pubblico su prescrizione di centri ospedalieri o di specialisti
038744367	038744	XARELTO	15 MG - COMPRESSA RIVESTITA CON FILM - USO ORALE - FLACONE (HDPE) - 100 COMPRESSE	RIVAROXABAN	RIVAROXABAN	15	milligrammi	Compressa rivestita con film	B01AF01	BAYER AG	Autorizzata	Procedura Centralizzata	Medicinali soggetti a prescrizione medica limitativa, vendibili al pubblico su prescrizione di centri ospedalieri o di specialisti
038744379	038744	XARELTO	20 MG - COMPRESSA RIVESTITA CON FILM - USO ORALE - FLACONE (HDPE) - 100 COMPRESSE	RIVAROXABAN	RIVAROXABAN	20	milligrammi	Compressa rivestita con film	B01AF01	BAYER AG	Autorizzata	Procedura Centralizzata	Medicinali soggetti a prescrizione medica limitativa, vendibili al pubblico su prescrizione di centri ospedalieri o di specialisti
038744381	038744	XARELTO	15 MG - COMPRESSA RIVESTITA CON FILM - USO ORALE - BLISTER (PP/ALU) - 10 COMPRESSE	RIVAROXABAN	RIVAROXABAN	15	milligrammi	Compressa rivestita con film	B01AF01	BAYER AG	Autorizzata	Procedura Centralizzata	Medicinali soggetti a prescrizione medica limitativa, vendibili al pubblico su prescrizione di centri ospedalieri o di specialisti
038744393	038744	XARELTO	20 MG - COMPRESSA RIVESTITA CON FILM - USO ORALE - BLISTER (PP/ALU) - 10 COMPRESSE	RIVAROXABAN	RIVAROXABAN	20	milligrammi	Compressa rivestita con film	B01AF01	BAYER AG	Autorizzata	Procedura Centralizzata	Medicinali soggetti a prescrizione medica limitativa, vendibili al pubblico su prescrizione di centri ospedalieri o di specialisti
038744405	038744	XARELTO	15 MG + 20 MG - COMPRESSA RIVESTITA CON FILM - USO ORALE - BLISTER (PP/ALU) - CONFEZIONE STARTER: 49 COMPRESSE (42 X 15 MG + 7 X 20 MG)	RIVAROXABAN	RIVAROXABAN	15	milligrammi	Compressa rivestita con film	B01AF01	BAYER AG	Autorizzata	Procedura Centralizzata	Medicinali soggetti a prescrizione medica limitativa, vendibili al pubblico su prescrizione di centri ospedalieri o di specialisti
038744417	038744	XARELTO	2,5 MG - COMPRESSA RIVESTITA CON FILM - USO ORALE - BLISTER (PP/ALU) - 20 COMPRESSE	RIVAROXABAN	RIVAROXABAN	2.5	milligrammi	Compressa rivestita con film	B01AF01	BAYER AG	Autorizzata	Procedura Centralizzata	Medicinali soggetti a prescrizione medica
038744429	038744	XARELTO	10 MG - COMPRESSA RIVESTITA CON FILM - USO ORALE - BLISTER (PP/ALU) - 14 COMPRESSE	RIVAROXABAN	RIVAROXABAN	10	milligrammi	Compressa rivestita con film	B01AF01	BAYER AG	Autorizzata	Procedura Centralizzata	Medicinali soggetti a prescrizione medica limitativa, vendibili al pubblico su prescrizione di centri ospedalieri o di specialisti
038744431	038744	XARELTO	10 MG - COMPRESSA RIVESTITA CON FILM - USO ORALE - BLISTER (PP/ALU) - 28 COMPRESSE	RIVAROXABAN	RIVAROXABAN	10	milligrammi	Compressa rivestita con film	B01AF01	BAYER AG	Autorizzata	Procedura Centralizzata	Medicinali soggetti a prescrizione medica limitativa, vendibili al pubblico su prescrizione di centri ospedalieri o di specialisti
038744443	038744	XARELTO	10 MG - COMPRESSA RIVESTITA CON FILM - USO ORALE - BLISTER (PP/ALU) - 98 COMPRESSE	RIVAROXABAN	RIVAROXABAN	10	milligrammi	Compressa rivestita con film	B01AF01	BAYER AG	Autorizzata	Procedura Centralizzata	Medicinali soggetti a prescrizione medica limitativa, utilizzabili esclusivamente in ambiente ospedaliero o in una struttura ad esso assimilabile
038744456	038744	XARELTO	10 MG - COMPRESSA RIVESTITA CON FILM - USO ORALE - FLACONE (HDPE) - 100 COMPRESSE	RIVAROXABAN	RIVAROXABAN	10	milligrammi	Compressa rivestita con film	B01AF01	BAYER AG	Autorizzata	Procedura Centralizzata	Medicinali soggetti a prescrizione medica limitativa, utilizzabili esclusivamente in ambiente ospedaliero o in una struttura ad esso assimilabile
038744468	038744	XARELTO	2,5 MG - COMPRESSA RIVESTITA CON FILM - USO ORALE - FLACONE (HDPE) - 100 COMPRESSE	RIVAROXABAN	RIVAROXABAN	2.5	milligrammi	Compressa rivestita con film	B01AF01	BAYER AG	Autorizzata	Procedura Centralizzata	Medicinali soggetti a prescrizione medica
038744470	038744	XARELTO	2,5 MG - COMPRESSA RIVESTITA CON FILM - USO ORALE - BLISTER (PVC/PVDC/ALU) - 14 COMPRESSE	RIVAROXABAN	RIVAROXABAN	2.5	milligrammi	Compressa rivestita con film	B01AF01	BAYER AG	Autorizzata	Procedura Centralizzata	Medicinali soggetti a prescrizione medica
038744482	038744	XARELTO	15 MG - COMPRESSA RIVESTITA CON FILM - USO ORALE - BLISTER (PVC/PVDC/ALU) - 14 COMPRESSE	RIVAROXABAN	RIVAROXABAN	15	milligrammi	Compressa rivestita con film	B01AF01	BAYER AG	Autorizzata	Procedura Centralizzata	Medicinali soggetti a prescrizione medica limitativa, vendibili al pubblico su prescrizione di centri ospedalieri o di specialisti
038744494	038744	XARELTO	20 MG - COMPRESSA RIVESTITA CON FILM - USO ORALE - BLISTER (PVC/PVDC/ALU) - 14 COMPRESSE	RIVAROXABAN	RIVAROXABAN	20	milligrammi	Compressa rivestita con film	B01AF01	BAYER AG	Autorizzata	Procedura Centralizzata	Medicinali soggetti a prescrizione medica limitativa, vendibili al pubblico su prescrizione di centri ospedalieri o di specialisti
038744506	038744	XARELTO	1 MG / ML - GRANULI PER SOSPENSIONE ORALE - USO ORALE - FLACONE (VETRO) 2,625 G - 1 FLACONE + 2 SIRINGHE ORALI DA 1 ML + 1 SIRINGA DA 50 ML + 1 ADATTATORE PER IL FLACONE	RIVAROXABAN	RIVAROXABAN	1	milligram(s)/millilitre	Granulato per sospensione orale	B01AF01	BAYER AG	Autorizzata	Procedura Centralizzata	Medicinali soggetti a prescrizione medica limitativa, vendibili al pubblico su prescrizione di centri ospedalieri o di specialisti
038744518	038744	XARELTO	1 MG / ML - GRANULI PER SOSPENSIONE ORALE - USO ORALE - FLACONE (VETRO) 5,25 G - 1 FLACONE + 2 SIRINGHE ORALI DA 5 ML + 2 SIRINGHE DA 10 ML + 1 SIRINGA DA 100 ML + 1 ADATTATORE PER IL FLACONE	RIVAROXABAN	RIVAROXABAN	1	milligram(s)/millilitre	Granulato per sospensione orale	B01AF01	BAYER AG	Autorizzata	Procedura Centralizzata	Medicinali soggetti a prescrizione medica limitativa, vendibili al pubblico su prescrizione di centri ospedalieri o di specialisti
045562016	045562	RIVAROXABAN AUROBINDO	10 MG COMPRESSE RIVESTITE CON FILM- 5 COMPRESSE IN BLISTER PVC/PVDC/AL	RIVAROXABAN	RIVAROXABAN			Compressa rivestita con film	B01AF01	AUROBINDO PHARMA (ITALIA) S.R.L.	Autorizzata	Procedura Mutuo riconoscimento o Decentrata	Medicinali soggetti a prescrizione medica limitativa, vendibili al pubblico su prescrizione di centri ospedalieri o di specialisti
045562028	045562	RIVAROXABAN AUROBINDO	10 MG COMPRESSE RIVESTITE CON FILM- 10 COMPRESSE IN BLISTER PVC/PVDC/AL	RIVAROXABAN	RIVAROXABAN			Compressa rivestita con film	B01AF01	AUROBINDO PHARMA (ITALIA) S.R.L.	Autorizzata	Procedura Mutuo riconoscimento o Decentrata	Medicinali soggetti a prescrizione medica limitativa, vendibili al pubblico su prescrizione di centri ospedalieri o di specialisti
045562030	045562	RIVAROXABAN AUROBINDO	10 MG COMPRESSE RIVESTITE CON FILM- 30 COMPRESSE IN BLISTER PVC/PVDC/AL	RIVAROXABAN	RIVAROXABAN			Compressa rivestita con film	B01AF01	AUROBINDO PHARMA (ITALIA) S.R.L.	Autorizzata	Procedura Mutuo riconoscimento o Decentrata	Medicinali soggetti a prescrizione medica limitativa, vendibili al pubblico su prescrizione di centri ospedalieri o di specialisti
045562042	045562	RIVAROXABAN AUROBINDO	15 MG COMPRESSE RIVESTITE CON FILM- 14 COMPRESSE IN BLISTER PVC/PVDC/AL	RIVAROXABAN	RIVAROXABAN	15	milligrammi	Compressa rivestita con film	B01AF01	AUROBINDO PHARMA (ITALIA) S.R.L.	Autorizzata	Procedura Mutuo riconoscimento o Decentrata	Medicinali soggetti a prescrizione medica limitativa, vendibili al pubblico su prescrizione di centri ospedalieri o di specialisti
045562055	045562	RIVAROXABAN AUROBINDO	15 MG COMPRESSE RIVESTITE CON FILM- 28 COMPRESSE IN BLISTER PVC/PVDC/AL	RIVAROXABAN	RIVAROXABAN	15	milligrammi	Compressa rivestita con film	B01AF01	AUROBINDO PHARMA (ITALIA) S.R.L.	Autorizzata	Procedura Mutuo riconoscimento o Decentrata	Medicinali soggetti a prescrizione medica limitativa, vendibili al pubblico su prescrizione di centri ospedalieri o di specialisti
045562067	045562	RIVAROXABAN AUROBINDO	15 MG COMPRESSE RIVESTITE CON FILM- 42 COMPRESSE IN BLISTER PVC/PVDC/AL	RIVAROXABAN	RIVAROXABAN	15	milligrammi	Compressa rivestita con film	B01AF01	AUROBINDO PHARMA (ITALIA) S.R.L.	Autorizzata	Procedura Mutuo riconoscimento o Decentrata	Medicinali soggetti a prescrizione medica limitativa, vendibili al pubblico su prescrizione di centri ospedalieri o di specialisti
045562079	045562	RIVAROXABAN AUROBINDO	15 MG COMPRESSE RIVESTITE CON FILM- 98 COMPRESSE IN BLISTER PVC/PVDC/AL	RIVAROXABAN	RIVAROXABAN	15	milligrammi	Compressa rivestita con film	B01AF01	AUROBINDO PHARMA (ITALIA) S.R.L.	Autorizzata	Procedura Mutuo riconoscimento o Decentrata	Medicinali soggetti a prescrizione medica limitativa, vendibili al pubblico su prescrizione di centri ospedalieri o di specialisti
045562081	045562	RIVAROXABAN AUROBINDO	20 MG COMPRESSE RIVESTITE CON FILM- 14 COMPRESSE IN BLISTER PVC/PVDC/AL	RIVAROXABAN	RIVAROXABAN	20	milligrammi	Compressa rivestita con film	B01AF01	AUROBINDO PHARMA (ITALIA) S.R.L.	Autorizzata	Procedura Mutuo riconoscimento o Decentrata	Medicinali soggetti a prescrizione medica limitativa, vendibili al pubblico su prescrizione di centri ospedalieri o di specialisti
045562093	045562	RIVAROXABAN AUROBINDO	20 MG COMPRESSE RIVESTITE CON FILM- 28 COMPRESSE IN BLISTER PVC/PVDC/AL	RIVAROXABAN	RIVAROXABAN	20	milligrammi	Compressa rivestita con film	B01AF01	AUROBINDO PHARMA (ITALIA) S.R.L.	Autorizzata	Procedura Mutuo riconoscimento o Decentrata	Medicinali soggetti a prescrizione medica limitativa, vendibili al pubblico su prescrizione di centri ospedalieri o di specialisti
045562105	045562	RIVAROXABAN AUROBINDO	20 MG COMPRESSE RIVESTITE CON FILM- 98 COMPRESSE IN BLISTER PVC/PVDC/AL	RIVAROXABAN	RIVAROXABAN	20	milligrammi	Compressa rivestita con film	B01AF01	AUROBINDO PHARMA (ITALIA) S.R.L.	Autorizzata	Procedura Mutuo riconoscimento o Decentrata	Medicinali soggetti a prescrizione medica limitativa, vendibili al pubblico su prescrizione di centri ospedalieri o di specialisti
045562117	045562	RIVAROXABAN AUROBINDO	10 MG COMPRESSE RIVESTITE CON FILM- 98 COMPRESSE IN BLISTER PVC/PVDC/AL	RIVAROXABAN	RIVAROXABAN			Compressa rivestita con film	B01AF01	AUROBINDO PHARMA (ITALIA) S.R.L.	Autorizzata	Procedura Mutuo riconoscimento o Decentrata	Medicinali soggetti a prescrizione medica limitativa, vendibili al pubblico su prescrizione di centri ospedalieri o di specialisti
045562131	045562	RIVAROXABAN AUROBINDO	20 MG COMPRESSE RIVESTITE CON FILM- 10 COMPRESSE IN BLISTER PVC/PVDC/AL	RIVAROXABAN	RIVAROXABAN	15	milligrammi	Compressa rivestita con film	B01AF01	AUROBINDO PHARMA (ITALIA) S.R.L.	Autorizzata	Procedura Mutuo riconoscimento o Decentrata	Medicinali soggetti a prescrizione medica limitativa, vendibili al pubblico su prescrizione di centri ospedalieri o di specialisti
045907110	045907	RIVAROXABAN PENSA	15 MG COMPRESSE RIVESTITE CON FILM- 14 COMPRESSE IN BLISTER PVC/PVDC/AL	RIVAROXABAN	RIVAROXABAN			Compressa rivestita con film	B01AF01	TOWA PHARMACEUTICAL S.P.A.	Autorizzata	Procedura Mutuo riconoscimento o Decentrata	Medicinali soggetti a prescrizione medica limitativa, vendibili al pubblico su prescrizione di centri ospedalieri o di specialisti
045907122	045907	RIVAROXABAN PENSA	15 MG COMPRESSE RIVESTITE CON FILM- 28 COMPRESSE IN BLISTER PVC/PVDC/AL	RIVAROXABAN	RIVAROXABAN			Compressa rivestita con film	B01AF01	TOWA PHARMACEUTICAL S.P.A.	Autorizzata	Procedura Mutuo riconoscimento o Decentrata	Medicinali soggetti a prescrizione medica limitativa, vendibili al pubblico su prescrizione di centri ospedalieri o di specialisti
045907134	045907	RIVAROXABAN PENSA	15 MG COMPRESSE RIVESTITE CON FILM- 42 COMPRESSE IN BLISTER PVC/PVDC/AL	RIVAROXABAN	RIVAROXABAN			Compressa rivestita con film	B01AF01	TOWA PHARMACEUTICAL S.P.A.	Autorizzata	Procedura Mutuo riconoscimento o Decentrata	Medicinali soggetti a prescrizione medica limitativa, vendibili al pubblico su prescrizione di centri ospedalieri o di specialisti
045907146	045907	RIVAROXABAN PENSA	15 MG COMPRESSE RIVESTITE CON FILM- 98 COMPRESSE IN BLISTER PVC/PVDC/AL	RIVAROXABAN	RIVAROXABAN			Compressa rivestita con film	B01AF01	TOWA PHARMACEUTICAL S.P.A.	Autorizzata	Procedura Mutuo riconoscimento o Decentrata	Medicinali soggetti a prescrizione medica limitativa, vendibili al pubblico su prescrizione di centri ospedalieri o di specialisti
045907159	045907	RIVAROXABAN PENSA	15 MG COMPRESSE RIVESTITE CON FILM- 100 COMPRESSE IN BLISTER PVC/PVDC/AL	RIVAROXABAN	RIVAROXABAN			Compressa rivestita con film	B01AF01	TOWA PHARMACEUTICAL S.P.A.	Autorizzata	Procedura Mutuo riconoscimento o Decentrata	Medicinali soggetti a prescrizione medica limitativa, vendibili al pubblico su prescrizione di centri ospedalieri o di specialisti
045907161	045907	RIVAROXABAN PENSA	15 MG COMPRESSE RIVESTITE CON FILM- 42 COMPRESSE IN FLACONE HDPE	RIVAROXABAN	RIVAROXABAN			Compressa rivestita con film	B01AF01	TOWA PHARMACEUTICAL S.P.A.	Autorizzata	Procedura Mutuo riconoscimento o Decentrata	Medicinali soggetti a prescrizione medica limitativa, vendibili al pubblico su prescrizione di centri ospedalieri o di specialisti
045907173	045907	RIVAROXABAN PENSA	15 MG COMPRESSE RIVESTITE CON FILM- 98 COMPRESSE IN FLACONE HDPE	RIVAROXABAN	RIVAROXABAN			Compressa rivestita con film	B01AF01	TOWA PHARMACEUTICAL S.P.A.	Autorizzata	Procedura Mutuo riconoscimento o Decentrata	Medicinali soggetti a prescrizione medica limitativa, vendibili al pubblico su prescrizione di centri ospedalieri o di specialisti
045907185	045907	RIVAROXABAN PENSA	15 MG COMPRESSE RIVESTITE CON FILM- 100 COMPRESSE IN FLACONE HDPE	RIVAROXABAN	RIVAROXABAN			Compressa rivestita con film	B01AF01	TOWA PHARMACEUTICAL S.P.A.	Autorizzata	Procedura Mutuo riconoscimento o Decentrata	Medicinali soggetti a prescrizione medica limitativa, vendibili al pubblico su prescrizione di centri ospedalieri o di specialisti
045907197	045907	RIVAROXABAN PENSA	20 MG COMPRESSE RIVESTITE CON FILM- 14 COMPRESSE IN BLISTER PVC/PVDC/AL	RIVAROXABAN	RIVAROXABAN			Compressa rivestita con film	B01AF01	TOWA PHARMACEUTICAL S.P.A.	Autorizzata	Procedura Mutuo riconoscimento o Decentrata	Medicinali soggetti a prescrizione medica limitativa, vendibili al pubblico su prescrizione di centri ospedalieri o di specialisti
045907209	045907	RIVAROXABAN PENSA	20 MG COMPRESSE RIVESTITE CON FILM- 28 COMPRESSE IN BLISTER PVC/PVDC/AL	RIVAROXABAN	RIVAROXABAN			Compressa rivestita con film	B01AF01	TOWA PHARMACEUTICAL S.P.A.	Autorizzata	Procedura Mutuo riconoscimento o Decentrata	Medicinali soggetti a prescrizione medica limitativa, vendibili al pubblico su prescrizione di centri ospedalieri o di specialisti
045907211	045907	RIVAROXABAN PENSA	20 MG COMPRESSE RIVESTITE CON FILM- 98 COMPRESSE IN BLISTER PVC/PVDC/AL	RIVAROXABAN	RIVAROXABAN			Compressa rivestita con film	B01AF01	TOWA PHARMACEUTICAL S.P.A.	Autorizzata	Procedura Mutuo riconoscimento o Decentrata	Medicinali soggetti a prescrizione medica limitativa, vendibili al pubblico su prescrizione di centri ospedalieri o di specialisti
045907223	045907	RIVAROXABAN PENSA	20 MG COMPRESSE RIVESTITE CON FILM- 100 COMPRESSE IN BLISTER PVC/PVDC/AL	RIVAROXABAN	RIVAROXABAN			Compressa rivestita con film	B01AF01	TOWA PHARMACEUTICAL S.P.A.	Autorizzata	Procedura Mutuo riconoscimento o Decentrata	Medicinali soggetti a prescrizione medica limitativa, vendibili al pubblico su prescrizione di centri ospedalieri o di specialisti
045907235	045907	RIVAROXABAN PENSA	20 MG COMPRESSE RIVESTITE CON FILM- 98 COMPRESSE IN FLACONE HDPE	RIVAROXABAN	RIVAROXABAN			Compressa rivestita con film	B01AF01	TOWA PHARMACEUTICAL S.P.A.	Autorizzata	Procedura Mutuo riconoscimento o Decentrata	Medicinali soggetti a prescrizione medica limitativa, vendibili al pubblico su prescrizione di centri ospedalieri o di specialisti
045907247	045907	RIVAROXABAN PENSA	20 MG COMPRESSE RIVESTITE CON FILM- 100 COMPRESSE IN FLACONE HDPE	RIVAROXABAN	RIVAROXABAN			Compressa rivestita con film	B01AF01	TOWA PHARMACEUTICAL S.P.A.	Autorizzata	Procedura Mutuo riconoscimento o Decentrata	Medicinali soggetti a prescrizione medica limitativa, vendibili al pubblico su prescrizione di centri ospedalieri o di specialisti
047059023	047059	RIVAROXABAN ZENTIVA	10 MG CAPSULE RIGIDE- 5 CAPSULE IN BLISTER PVC/PVDC/AL	RIVAROXABAN	RIVAROXABAN	10	milligrammi	Capsula rigida	B01AF01	ZENTIVA ITALIA S.R.L.	Autorizzata	Procedura Mutuo riconoscimento o Decentrata	Medicinali soggetti a prescrizione medica limitativa, vendibili al pubblico su prescrizione di centri ospedalieri o di specialisti
047059035	047059	RIVAROXABAN ZENTIVA	10 MG CAPSULE RIGIDE- 10 CAPSULE IN BLISTER PVC/PVDC/AL	RIVAROXABAN	RIVAROXABAN	10	milligrammi	Capsula rigida	B01AF01	ZENTIVA ITALIA S.R.L.	Autorizzata	Procedura Mutuo riconoscimento o Decentrata	Medicinali soggetti a prescrizione medica limitativa, vendibili al pubblico su prescrizione di centri ospedalieri o di specialisti
047059047	047059	RIVAROXABAN ZENTIVA	10 MG CAPSULE RIGIDE- 15 CAPSULE IN BLISTER PVC/PVDC/AL	RIVAROXABAN	RIVAROXABAN	10	milligrammi	Capsula rigida	B01AF01	ZENTIVA ITALIA S.R.L.	Autorizzata	Procedura Mutuo riconoscimento o Decentrata	Medicinali soggetti a prescrizione medica limitativa, vendibili al pubblico su prescrizione di centri ospedalieri o di specialisti
047059050	047059	RIVAROXABAN ZENTIVA	10 MG CAPSULE RIGIDE- 20 CAPSULE IN BLISTER PVC/PVDC/AL	RIVAROXABAN	RIVAROXABAN	10	milligrammi	Capsula rigida	B01AF01	ZENTIVA ITALIA S.R.L.	Autorizzata	Procedura Mutuo riconoscimento o Decentrata	Medicinali soggetti a prescrizione medica limitativa, vendibili al pubblico su prescrizione di centri ospedalieri o di specialisti
047059062	047059	RIVAROXABAN ZENTIVA	10 MG CAPSULE RIGIDE- 30 CAPSULE IN BLISTER PVC/PVDC/AL	RIVAROXABAN	RIVAROXABAN	10	milligrammi	Capsula rigida	B01AF01	ZENTIVA ITALIA S.R.L.	Autorizzata	Procedura Mutuo riconoscimento o Decentrata	Medicinali soggetti a prescrizione medica limitativa, vendibili al pubblico su prescrizione di centri ospedalieri o di specialisti
047059074	047059	RIVAROXABAN ZENTIVA	10 MG CAPSULE RIGIDE- 100 CAPSULE IN BLISTER PVC/PVDC/AL	RIVAROXABAN	RIVAROXABAN	10	milligrammi	Capsula rigida	B01AF01	ZENTIVA ITALIA S.R.L.	Autorizzata	Procedura Mutuo riconoscimento o Decentrata	Medicinali soggetti a prescrizione medica limitativa, vendibili al pubblico su prescrizione di centri ospedalieri o di specialisti
047059086	047059	RIVAROXABAN ZENTIVA	15 MG CAPSULE RIGIDE- 14 CAPSULE IN BLISTER PVC/PVDC/AL	RIVAROXABAN	RIVAROXABAN	15	milligrammi	Capsula rigida	B01AF01	ZENTIVA ITALIA S.R.L.	Autorizzata	Procedura Mutuo riconoscimento o Decentrata	Medicinali soggetti a prescrizione medica limitativa, vendibili al pubblico su prescrizione di centri ospedalieri o di specialisti
047059098	047059	RIVAROXABAN ZENTIVA	15 MG CAPSULE RIGIDE- 28 CAPSULE IN BLISTER PVC/PVDC/AL	RIVAROXABAN	RIVAROXABAN	15	milligrammi	Capsula rigida	B01AF01	ZENTIVA ITALIA S.R.L.	Autorizzata	Procedura Mutuo riconoscimento o Decentrata	Medicinali soggetti a prescrizione medica limitativa, vendibili al pubblico su prescrizione di centri ospedalieri o di specialisti
047059100	047059	RIVAROXABAN ZENTIVA	15 MG CAPSULE RIGIDE- 30 CAPSULE IN BLISTER PVC/PVDC/AL	RIVAROXABAN	RIVAROXABAN	15	milligrammi	Capsula rigida	B01AF01	ZENTIVA ITALIA S.R.L.	Autorizzata	Procedura Mutuo riconoscimento o Decentrata	Medicinali soggetti a prescrizione medica limitativa, vendibili al pubblico su prescrizione di centri ospedalieri o di specialisti
047059112	047059	RIVAROXABAN ZENTIVA	15 MG CAPSULE RIGIDE- 42 CAPSULE IN BLISTER PVC/PVDC/AL	RIVAROXABAN	RIVAROXABAN	15	milligrammi	Capsula rigida	B01AF01	ZENTIVA ITALIA S.R.L.	Autorizzata	Procedura Mutuo riconoscimento o Decentrata	Medicinali soggetti a prescrizione medica limitativa, vendibili al pubblico su prescrizione di centri ospedalieri o di specialisti
047059124	047059	RIVAROXABAN ZENTIVA	15 MG CAPSULE RIGIDE- 98 CAPSULE IN BLISTER PVC/PVDC/AL	RIVAROXABAN	RIVAROXABAN	15	milligrammi	Capsula rigida	B01AF01	ZENTIVA ITALIA S.R.L.	Autorizzata	Procedura Mutuo riconoscimento o Decentrata	Medicinali soggetti a prescrizione medica limitativa, vendibili al pubblico su prescrizione di centri ospedalieri o di specialisti
047059136	047059	RIVAROXABAN ZENTIVA	15 MG CAPSULE RIGIDE- 100 CAPSULE IN BLISTER PVC/PVDC/AL	RIVAROXABAN	RIVAROXABAN	15	milligrammi	Capsula rigida	B01AF01	ZENTIVA ITALIA S.R.L.	Autorizzata	Procedura Mutuo riconoscimento o Decentrata	Medicinali soggetti a prescrizione medica limitativa, vendibili al pubblico su prescrizione di centri ospedalieri o di specialisti
047059148	047059	RIVAROXABAN ZENTIVA	20 MG CAPSULE RIGIDE- 14 CAPSULE IN BLISTER PVC/PVDC/AL	RIVAROXABAN	RIVAROXABAN	20	milligrammi	Capsula rigida	B01AF01	ZENTIVA ITALIA S.R.L.	Autorizzata	Procedura Mutuo riconoscimento o Decentrata	Medicinali soggetti a prescrizione medica limitativa, vendibili al pubblico su prescrizione di centri ospedalieri o di specialisti
047059151	047059	RIVAROXABAN ZENTIVA	20 MG CAPSULE RIGIDE- 28 CAPSULE IN BLISTER PVC/PVDC/AL	RIVAROXABAN	RIVAROXABAN	20	milligrammi	Capsula rigida	B01AF01	ZENTIVA ITALIA S.R.L.	Autorizzata	Procedura Mutuo riconoscimento o Decentrata	Medicinali soggetti a prescrizione medica limitativa, vendibili al pubblico su prescrizione di centri ospedalieri o di specialisti
047059163	047059	RIVAROXABAN ZENTIVA	20 MG CAPSULE RIGIDE- 30 CAPSULE IN BLISTER PVC/PVDC/AL	RIVAROXABAN	RIVAROXABAN	20	milligrammi	Capsula rigida	B01AF01	ZENTIVA ITALIA S.R.L.	Autorizzata	Procedura Mutuo riconoscimento o Decentrata	Medicinali soggetti a prescrizione medica limitativa, vendibili al pubblico su prescrizione di centri ospedalieri o di specialisti
047059175	047059	RIVAROXABAN ZENTIVA	20 MG CAPSULE RIGIDE- 98 CAPSULE IN BLISTER PVC/PVDC/AL	RIVAROXABAN	RIVAROXABAN	20	milligrammi	Capsula rigida	B01AF01	ZENTIVA ITALIA S.R.L.	Autorizzata	Procedura Mutuo riconoscimento o Decentrata	Medicinali soggetti a prescrizione medica limitativa, vendibili al pubblico su prescrizione di centri ospedalieri o di specialisti
047059187	047059	RIVAROXABAN ZENTIVA	20 MG CAPSULE RIGIDE- 100 CAPSULE IN BLISTER PVC/PVDC/AL	RIVAROXABAN	RIVAROXABAN	20	milligrammi	Capsula rigida	B01AF01	ZENTIVA ITALIA S.R.L.	Autorizzata	Procedura Mutuo riconoscimento o Decentrata	Medicinali soggetti a prescrizione medica limitativa, vendibili al pubblico su prescrizione di centri ospedalieri o di specialisti
047549011	047549	RIVAROXABAN IBSA	10 MG COMPRESSE RIVESTITE CON FILM- 30 COMPRESSE IN BLISTER PVC/PVDC/AL	RIVAROXABAN	RIVAROXABAN			Compressa rivestita con film	B01AF01	IBSA FARMACEUTICI ITALIA S.R.L.	Autorizzata	Procedura Nazionale	Medicinali soggetti a prescrizione medica limitativa, vendibili al pubblico su prescrizione di centri ospedalieri o di specialisti
047549023	047549	RIVAROXABAN IBSA	15 MG COMPRESSE RIVESTITE CON FILM- 42 COMPRESSE IN BLISTER PVC/PVDC/AL	RIVAROXABAN	RIVAROXABAN			Compressa rivestita con film	B01AF01	IBSA FARMACEUTICI ITALIA S.R.L.	Autorizzata	Procedura Nazionale	Medicinali soggetti a prescrizione medica limitativa, vendibili al pubblico su prescrizione di centri ospedalieri o di specialisti
047549035	047549	RIVAROXABAN IBSA	20 MG COMPRESSE RIVESTITE CON FILM- 28 COMPRESSE IN BLISTER PVC/PVDC/AL	RIVAROXABAN	RIVAROXABAN			Compressa rivestita con film	B01AF01	IBSA FARMACEUTICI ITALIA S.R.L.	Autorizzata	Procedura Nazionale	Medicinali soggetti a prescrizione medica limitativa, vendibili al pubblico su prescrizione di centri ospedalieri o di specialisti
048104018	048104	RIVAROXABAN ABDI	2,5 MG COMPRESSE RIVESTITE CON FILM- 20 COMPRESSE IN BLISTER PVC/PE/PVDC/AL	RIVAROXABAN	RIVAROXABAN	2.5	milligrammi	Compressa rivestita con film	B01AF01	Abdi Farma GmbH	Autorizzata	Procedura Mutuo riconoscimento o Decentrata	Medicinali soggetti a prescrizione medica
048104020	048104	RIVAROXABAN ABDI	2,5 MG COMPRESSE RIVESTITE CON FILM- 28 COMPRESSE IN BLISTER PVC/PE/PVDC/AL	RIVAROXABAN	RIVAROXABAN	2.5	milligrammi	Compressa rivestita con film	B01AF01	Abdi Farma GmbH	Autorizzata	Procedura Mutuo riconoscimento o Decentrata	Medicinali soggetti a prescrizione medica
048104032	048104	RIVAROXABAN ABDI	10 MG COMPRESSE RIVESTITE CON FILM- 28 COMPRESSE IN BLISTER PVC/PE/PVDC/AL	RIVAROXABAN	RIVAROXABAN	10	milligrammi	Compressa rivestita con film	B01AF01	Abdi Farma GmbH	Autorizzata	Procedura Mutuo riconoscimento o Decentrata	Medicinali soggetti a prescrizione medica
048104044	048104	RIVAROXABAN ABDI	10 MG COMPRESSE RIVESTITE CON FILM- 30 COMPRESSE IN BLISTER PVC/PE/PVDC/AL	RIVAROXABAN	RIVAROXABAN	10	milligrammi	Compressa rivestita con film	B01AF01	Abdi Farma GmbH	Autorizzata	Procedura Mutuo riconoscimento o Decentrata	Medicinali soggetti a prescrizione medica
048104057	048104	RIVAROXABAN ABDI	15 MG COMPRESSE RIVESTITE CON FILM- 28 COMPRESSE IN BLISTER PVC/PE/PVDC/AL	RIVAROXABAN	RIVAROXABAN	15	milligrammi	Compressa rivestita con film	B01AF01	Abdi Farma GmbH	Autorizzata	Procedura Mutuo riconoscimento o Decentrata	Medicinali soggetti a prescrizione medica
048104069	048104	RIVAROXABAN ABDI	15 MG COMPRESSE RIVESTITE CON FILM- 42 COMPRESSE IN BLISTER PVC/PE/PVDC/AL	RIVAROXABAN	RIVAROXABAN	15	milligrammi	Compressa rivestita con film	B01AF01	Abdi Farma GmbH	Autorizzata	Procedura Mutuo riconoscimento o Decentrata	Medicinali soggetti a prescrizione medica
048104071	048104	RIVAROXABAN ABDI	20 MG COMPRESSE RIVESTITE CON FILM- 10 COMPRESSE IN BLISTER PVC/PE/PVDC/AL	RIVAROXABAN	RIVAROXABAN	20	milligrammi	Compressa rivestita con film	B01AF01	Abdi Farma GmbH	Autorizzata	Procedura Mutuo riconoscimento o Decentrata	Medicinali soggetti a prescrizione medica
048104083	048104	RIVAROXABAN ABDI	20 MG COMPRESSE RIVESTITE CON FILM- 28 COMPRESSE IN BLISTER PVC/PE/PVDC/AL	RIVAROXABAN	RIVAROXABAN	20	milligrammi	Compressa rivestita con film	B01AF01	Abdi Farma GmbH	Autorizzata	Procedura Mutuo riconoscimento o Decentrata	Medicinali soggetti a prescrizione medica
048104095	048104	RIVAROXABAN ABDI	2,5 MG COMPRESSE RIVESTITE CON FILM- 56 COMPRESSE IN BLISTER PVC/PE/PVDC/AL	RIVAROXABAN	RIVAROXABAN	2.5	milligrammi	Compressa rivestita con film	B01AF01	Abdi Farma GmbH	Autorizzata	Procedura Mutuo riconoscimento o Decentrata	Medicinali soggetti a prescrizione medica
048104107	048104	RIVAROXABAN ABDI	2,5 MG COMPRESSE RIVESTITE CON FILM- 98 COMPRESSE IN BLISTER PVC/PE/PVDC/AL	RIVAROXABAN	RIVAROXABAN	2.5	milligrammi	Compressa rivestita con film	B01AF01	Abdi Farma GmbH	Autorizzata	Procedura Mutuo riconoscimento o Decentrata	Medicinali soggetti a prescrizione medica
048104119	048104	RIVAROXABAN ABDI	2,5 MG COMPRESSE RIVESTITE CON FILM- 196 COMPRESSE IN BLISTER PVC/PE/PVDC/AL	RIVAROXABAN	RIVAROXABAN	2.5	milligrammi	Compressa rivestita con film	B01AF01	Abdi Farma GmbH	Autorizzata	Procedura Mutuo riconoscimento o Decentrata	Medicinali soggetti a prescrizione medica
048104121	048104	RIVAROXABAN ABDI	10 MG COMPRESSE RIVESTITE CON FILM- 98 COMPRESSE IN BLISTER PVC/PE/PVDC/AL	RIVAROXABAN	RIVAROXABAN	10	milligrammi	Compressa rivestita con film	B01AF01	Abdi Farma GmbH	Autorizzata	Procedura Mutuo riconoscimento o Decentrata	Medicinali soggetti a prescrizione medica
048104133	048104	RIVAROXABAN ABDI	15 MG COMPRESSE RIVESTITE CON FILM- 98 COMPRESSE IN BLISTER PVC/PE/PVDC/AL	RIVAROXABAN	RIVAROXABAN	15	milligrammi	Compressa rivestita con film	B01AF01	Abdi Farma GmbH	Autorizzata	Procedura Mutuo riconoscimento o Decentrata	Medicinali soggetti a prescrizione medica
048104145	048104	RIVAROXABAN ABDI	20 MG COMPRESSE RIVESTITE CON FILM- 98 COMPRESSE IN BLISTER PVC/PE/PVDC/AL	RIVAROXABAN	RIVAROXABAN	20	milligrammi	Compressa rivestita con film	B01AF01	Abdi Farma GmbH	Autorizzata	Procedura Mutuo riconoscimento o Decentrata	Medicinali soggetti a prescrizione medica
048104158	048104	RIVAROXABAN ABDI	20 MG COMPRESSE RIVESTITE CON FILM- 14 COMPRESSE IN BLISTER PVC/PE/PVDC/AL	RIVAROXABAN	RIVAROXABAN	20	milligrammi	Compressa rivestita con film	B01AF01	Abdi Farma GmbH	Autorizzata	Procedura Mutuo riconoscimento o Decentrata	Medicinali soggetti a prescrizione medica limitativa, vendibili al pubblico su prescrizione di centri ospedalieri o di specialisti
048104160	048104	RIVAROXABAN ABDI	10 MG COMPRESSE RIVESTITE CON FILM- 10 COMPRESSE IN BLISTER PVC/PE/PVDC/AL	RIVAROXABAN	RIVAROXABAN	10	milligrammi	Compressa rivestita con film	B01AF01	Abdi Farma GmbH	Autorizzata	Procedura Mutuo riconoscimento o Decentrata	Medicinali soggetti a prescrizione medica limitativa, vendibili al pubblico su prescrizione di centri ospedalieri o di specialisti
048104172	048104	RIVAROXABAN ABDI	15 MG COMPRESSE RIVESTITE CON FILM- 14 COMPRESSE IN BLISTER PVC/PE/PVDC/AL	RIVAROXABAN	RIVAROXABAN	15	milligrammi	Compressa rivestita con film	B01AF01	Abdi Farma GmbH	Autorizzata	Procedura Mutuo riconoscimento o Decentrata	Medicinali soggetti a prescrizione medica limitativa, vendibili al pubblico su prescrizione di centri ospedalieri o di specialisti
048151017	048151	BARSOVI	2,5 MG COMPRESSE RIVESTITE CON FILM- 45 COMPRESSE IN BLISTER PVC/PVDC-AL	RIVAROXABAN	RIVAROXABAN			Compressa rivestita con film	B01AF01	SUMAR PHARMA EHF.	Autorizzata	Procedura Mutuo riconoscimento o Decentrata	Medicinali soggetti a prescrizione medica limitativa, vendibili al pubblico su prescrizione di centri ospedalieri o di specialisti
048151029	048151	BARSOVI	10 MG COMPRESSE RIVESTITE CON FILM- 45 COMPRESSE IN BLISTER PVC/PVDC-AL	RIVAROXABAN	RIVAROXABAN			Compressa rivestita con film	B01AF01	SUMAR PHARMA EHF.	Autorizzata	Procedura Mutuo riconoscimento o Decentrata	Medicinali soggetti a prescrizione medica limitativa, vendibili al pubblico su prescrizione di centri ospedalieri o di specialisti
048151031	048151	BARSOVI	15 MG COMPRESSE RIVESTITE CON FILM- 45 COMPRESSE IN BLISTER PVC/PVDC-AL	RIVAROXABAN	RIVAROXABAN			Compressa rivestita con film	B01AF01	SUMAR PHARMA EHF.	Autorizzata	Procedura Mutuo riconoscimento o Decentrata	Medicinali soggetti a prescrizione medica limitativa, vendibili al pubblico su prescrizione di centri ospedalieri o di specialisti
048151043	048151	BARSOVI	20 MG COMPRESSE RIVESTITE CON FILM- 45 COMPRESSE IN BLISTER PVC/PVDC-AL	RIVAROXABAN	RIVAROXABAN			Compressa rivestita con film	B01AF01	SUMAR PHARMA EHF.	Autorizzata	Procedura Mutuo riconoscimento o Decentrata	Medicinali soggetti a prescrizione medica limitativa, vendibili al pubblico su prescrizione di centri ospedalieri o di specialisti
048158012	048158	INDIFAXA	10 MG COMPRESSE RIVESTITE CON FILM- 28 COMPRESSE IN BLISTER PVC/PVDC/AL	RIVAROXABAN	RIVAROXABAN			Compressa rivestita con film	B01AF01	ERREKAPPA EUROTERAPICI S.P.A.	Autorizzata	Procedura Nazionale	Medicinali soggetti a prescrizione medica limitativa, vendibili al pubblico su prescrizione di centri ospedalieri o di specialisti
048158024	048158	INDIFAXA	15 MG COMPRESSE RIVESTITE CON FILM- 28 COMPRESSE IN BLISTER PVC/PVDC/AL	RIVAROXABAN	RIVAROXABAN			Compressa rivestita con film	B01AF01	ERREKAPPA EUROTERAPICI S.P.A.	Autorizzata	Procedura Nazionale	Medicinali soggetti a prescrizione medica limitativa, vendibili al pubblico su prescrizione di centri ospedalieri o di specialisti
048158036	048158	INDIFAXA	20 MG COMPRESSE RIVESTITE CON FILM- 28 COMPRESSE IN BLISTER PVC/PVDC/AL	RIVAROXABAN	RIVAROXABAN			Compressa rivestita con film	B01AF01	ERREKAPPA EUROTERAPICI S.P.A.	Autorizzata	Procedura Nazionale	Medicinali soggetti a prescrizione medica limitativa, vendibili al pubblico su prescrizione di centri ospedalieri o di specialisti
048343014	048343	RIVAROXABAN ZENTIVA ITALIA	2,5 MG COMPRESSE RIVESTITE CON FILM- 20 COMPRESSE IN BLISTER PVC/AL	RIVAROXABAN	RIVAROXABAN			Compressa rivestita con film	B01AF01	ZENTIVA ITALIA S.R.L.	Autorizzata	Procedura Mutuo riconoscimento o Decentrata	Medicinali soggetti a prescrizione medica limitativa, vendibili al pubblico su prescrizione di centri ospedalieri o di specialisti
048343026	048343	RIVAROXABAN ZENTIVA ITALIA	2,5 MG COMPRESSE RIVESTITE CON FILM- 28 COMPRESSE IN BLISTER PVC/AL	RIVAROXABAN	RIVAROXABAN			Compressa rivestita con film	B01AF01	ZENTIVA ITALIA S.R.L.	Autorizzata	Procedura Mutuo riconoscimento o Decentrata	Medicinali soggetti a prescrizione medica limitativa, vendibili al pubblico su prescrizione di centri ospedalieri o di specialisti
048343038	048343	RIVAROXABAN ZENTIVA ITALIA	2,5 MG COMPRESSE RIVESTITE CON FILM- 56 COMPRESSE IN BLISTER PVC/AL	RIVAROXABAN	RIVAROXABAN			Compressa rivestita con film	B01AF01	ZENTIVA ITALIA S.R.L.	Autorizzata	Procedura Mutuo riconoscimento o Decentrata	Medicinali soggetti a prescrizione medica
048343040	048343	RIVAROXABAN ZENTIVA ITALIA	2,5 MG COMPRESSE RIVESTITE CON FILM- 100 COMPRESSE IN BLISTER PVC/AL	RIVAROXABAN	RIVAROXABAN			Compressa rivestita con film	B01AF01	ZENTIVA ITALIA S.R.L.	Autorizzata	Procedura Mutuo riconoscimento o Decentrata	Medicinali soggetti a prescrizione medica limitativa, vendibili al pubblico su prescrizione di centri ospedalieri o di specialisti
048343053	048343	RIVAROXABAN ZENTIVA ITALIA	2,5 MG COMPRESSE RIVESTITE CON FILM- 168 COMPRESSE IN BLISTER PVC/AL	RIVAROXABAN	RIVAROXABAN			Compressa rivestita con film	B01AF01	ZENTIVA ITALIA S.R.L.	Autorizzata	Procedura Mutuo riconoscimento o Decentrata	Medicinali soggetti a prescrizione medica limitativa, vendibili al pubblico su prescrizione di centri ospedalieri o di specialisti
048343065	048343	RIVAROXABAN ZENTIVA ITALIA	2,5 MG COMPRESSE RIVESTITE CON FILM- 196 COMPRESSE IN BLISTER PVC/AL	RIVAROXABAN	RIVAROXABAN			Compressa rivestita con film	B01AF01	ZENTIVA ITALIA S.R.L.	Autorizzata	Procedura Mutuo riconoscimento o Decentrata	Medicinali soggetti a prescrizione medica limitativa, vendibili al pubblico su prescrizione di centri ospedalieri o di specialisti
048343077	048343	RIVAROXABAN ZENTIVA ITALIA	10 MG COMPRESSE RIVESTITE CON FILM- 5 COMPRESSE IN BLISTER PVC/AL	RIVAROXABAN	RIVAROXABAN			Compressa rivestita con film	B01AF01	ZENTIVA ITALIA S.R.L.	Autorizzata	Procedura Mutuo riconoscimento o Decentrata	Medicinali soggetti a prescrizione medica limitativa, vendibili al pubblico su prescrizione di centri ospedalieri o di specialisti
048343089	048343	RIVAROXABAN ZENTIVA ITALIA	10 MG COMPRESSE RIVESTITE CON FILM- 10 COMPRESSE IN BLISTER PVC/AL	RIVAROXABAN	RIVAROXABAN			Compressa rivestita con film	B01AF01	ZENTIVA ITALIA S.R.L.	Autorizzata	Procedura Mutuo riconoscimento o Decentrata	Medicinali soggetti a prescrizione medica limitativa, vendibili al pubblico su prescrizione di centri ospedalieri o di specialisti
048343091	048343	RIVAROXABAN ZENTIVA ITALIA	10 MG COMPRESSE RIVESTITE CON FILM- 15 COMPRESSE IN BLISTER PVC/AL	RIVAROXABAN	RIVAROXABAN			Compressa rivestita con film	B01AF01	ZENTIVA ITALIA S.R.L.	Autorizzata	Procedura Mutuo riconoscimento o Decentrata	Medicinali soggetti a prescrizione medica limitativa, vendibili al pubblico su prescrizione di centri ospedalieri o di specialisti
048343103	048343	RIVAROXABAN ZENTIVA ITALIA	10 MG COMPRESSE RIVESTITE CON FILM- 20 COMPRESSE IN BLISTER PVC/AL	RIVAROXABAN	RIVAROXABAN			Compressa rivestita con film	B01AF01	ZENTIVA ITALIA S.R.L.	Autorizzata	Procedura Mutuo riconoscimento o Decentrata	Medicinali soggetti a prescrizione medica limitativa, vendibili al pubblico su prescrizione di centri ospedalieri o di specialisti
048343115	048343	RIVAROXABAN ZENTIVA ITALIA	10 MG COMPRESSE RIVESTITE CON FILM- 30 COMPRESSE IN BLISTER PVC/AL	RIVAROXABAN	RIVAROXABAN			Compressa rivestita con film	B01AF01	ZENTIVA ITALIA S.R.L.	Autorizzata	Procedura Mutuo riconoscimento o Decentrata	Medicinali soggetti a prescrizione medica limitativa, vendibili al pubblico su prescrizione di centri ospedalieri o di specialisti
048343127	048343	RIVAROXABAN ZENTIVA ITALIA	10 MG COMPRESSE RIVESTITE CON FILM- 98 COMPRESSE IN BLISTER PVC/AL	RIVAROXABAN	RIVAROXABAN			Compressa rivestita con film	B01AF01	ZENTIVA ITALIA S.R.L.	Autorizzata	Procedura Mutuo riconoscimento o Decentrata	Medicinali soggetti a prescrizione medica limitativa, vendibili al pubblico su prescrizione di centri ospedalieri o di specialisti
048343139	048343	RIVAROXABAN ZENTIVA ITALIA	10 MG COMPRESSE RIVESTITE CON FILM- 100 COMPRESSE IN BLISTER PVC/AL	RIVAROXABAN	RIVAROXABAN			Compressa rivestita con film	B01AF01	ZENTIVA ITALIA S.R.L.	Autorizzata	Procedura Mutuo riconoscimento o Decentrata	Medicinali soggetti a prescrizione medica limitativa, vendibili al pubblico su prescrizione di centri ospedalieri o di specialisti
048343141	048343	RIVAROXABAN ZENTIVA ITALIA	15 MG COMPRESSE RIVESTITE CON FILM- 10 COMPRESSE IN BLISTER PVC/AL	RIVAROXABAN	RIVAROXABAN			Compressa rivestita con film	B01AF01	ZENTIVA ITALIA S.R.L.	Autorizzata	Procedura Mutuo riconoscimento o Decentrata	Medicinali soggetti a prescrizione medica limitativa, vendibili al pubblico su prescrizione di centri ospedalieri o di specialisti
048343154	048343	RIVAROXABAN ZENTIVA ITALIA	15 MG COMPRESSE RIVESTITE CON FILM- 14 COMPRESSE IN BLISTER PVC/AL	RIVAROXABAN	RIVAROXABAN			Compressa rivestita con film	B01AF01	ZENTIVA ITALIA S.R.L.	Autorizzata	Procedura Mutuo riconoscimento o Decentrata	Medicinali soggetti a prescrizione medica limitativa, vendibili al pubblico su prescrizione di centri ospedalieri o di specialisti
048343166	048343	RIVAROXABAN ZENTIVA ITALIA	15 MG COMPRESSE RIVESTITE CON FILM- 28 COMPRESSE IN BLISTER PVC/AL	RIVAROXABAN	RIVAROXABAN			Compressa rivestita con film	B01AF01	ZENTIVA ITALIA S.R.L.	Autorizzata	Procedura Mutuo riconoscimento o Decentrata	Medicinali soggetti a prescrizione medica limitativa, vendibili al pubblico su prescrizione di centri ospedalieri o di specialisti
048343178	048343	RIVAROXABAN ZENTIVA ITALIA	15 MG COMPRESSE RIVESTITE CON FILM- 30 COMPRESSE IN BLISTER PVC/AL	RIVAROXABAN	RIVAROXABAN			Compressa rivestita con film	B01AF01	ZENTIVA ITALIA S.R.L.	Autorizzata	Procedura Mutuo riconoscimento o Decentrata	Medicinali soggetti a prescrizione medica limitativa, vendibili al pubblico su prescrizione di centri ospedalieri o di specialisti
048343180	048343	RIVAROXABAN ZENTIVA ITALIA	15 MG COMPRESSE RIVESTITE CON FILM- 42 COMPRESSE IN BLISTER PVC/AL	RIVAROXABAN	RIVAROXABAN			Compressa rivestita con film	B01AF01	ZENTIVA ITALIA S.R.L.	Autorizzata	Procedura Mutuo riconoscimento o Decentrata	Medicinali soggetti a prescrizione medica limitativa, vendibili al pubblico su prescrizione di centri ospedalieri o di specialisti
048343192	048343	RIVAROXABAN ZENTIVA ITALIA	15 MG COMPRESSE RIVESTITE CON FILM- 50 COMPRESSE IN BLISTER PVC/AL	RIVAROXABAN	RIVAROXABAN			Compressa rivestita con film	B01AF01	ZENTIVA ITALIA S.R.L.	Autorizzata	Procedura Mutuo riconoscimento o Decentrata	Medicinali soggetti a prescrizione medica limitativa, vendibili al pubblico su prescrizione di centri ospedalieri o di specialisti
048343204	048343	RIVAROXABAN ZENTIVA ITALIA	15 MG COMPRESSE RIVESTITE CON FILM- 98 COMPRESSE IN BLISTER PVC/AL	RIVAROXABAN	RIVAROXABAN			Compressa rivestita con film	B01AF01	ZENTIVA ITALIA S.R.L.	Autorizzata	Procedura Mutuo riconoscimento o Decentrata	Medicinali soggetti a prescrizione medica limitativa, vendibili al pubblico su prescrizione di centri ospedalieri o di specialisti
048343216	048343	RIVAROXABAN ZENTIVA ITALIA	15 MG COMPRESSE RIVESTITE CON FILM- 100 COMPRESSE IN BLISTER PVC/AL	RIVAROXABAN	RIVAROXABAN			Compressa rivestita con film	B01AF01	ZENTIVA ITALIA S.R.L.	Autorizzata	Procedura Mutuo riconoscimento o Decentrata	Medicinali soggetti a prescrizione medica limitativa, vendibili al pubblico su prescrizione di centri ospedalieri o di specialisti
048343228	048343	RIVAROXABAN ZENTIVA ITALIA	20 MG COMPRESSE RIVESTITE CON FILM- 10 COMPRESSE IN BLISTER PVC/AL	RIVAROXABAN	RIVAROXABAN			Compressa rivestita con film	B01AF01	ZENTIVA ITALIA S.R.L.	Autorizzata	Procedura Mutuo riconoscimento o Decentrata	Medicinali soggetti a prescrizione medica limitativa, vendibili al pubblico su prescrizione di centri ospedalieri o di specialisti
048343230	048343	RIVAROXABAN ZENTIVA ITALIA	20 MG COMPRESSE RIVESTITE CON FILM- 14 COMPRESSE IN BLISTER PVC/AL	RIVAROXABAN	RIVAROXABAN			Compressa rivestita con film	B01AF01	ZENTIVA ITALIA S.R.L.	Autorizzata	Procedura Mutuo riconoscimento o Decentrata	Medicinali soggetti a prescrizione medica limitativa, vendibili al pubblico su prescrizione di centri ospedalieri o di specialisti
048343242	048343	RIVAROXABAN ZENTIVA ITALIA	20 MG COMPRESSE RIVESTITE CON FILM- 28 COMPRESSE IN BLISTER PVC/AL	RIVAROXABAN	RIVAROXABAN			Compressa rivestita con film	B01AF01	ZENTIVA ITALIA S.R.L.	Autorizzata	Procedura Mutuo riconoscimento o Decentrata	Medicinali soggetti a prescrizione medica limitativa, vendibili al pubblico su prescrizione di centri ospedalieri o di specialisti
048343255	048343	RIVAROXABAN ZENTIVA ITALIA	20 MG COMPRESSE RIVESTITE CON FILM- 30 COMPRESSE IN BLISTER PVC/AL	RIVAROXABAN	RIVAROXABAN			Compressa rivestita con film	B01AF01	ZENTIVA ITALIA S.R.L.	Autorizzata	Procedura Mutuo riconoscimento o Decentrata	Medicinali soggetti a prescrizione medica limitativa, vendibili al pubblico su prescrizione di centri ospedalieri o di specialisti
048343267	048343	RIVAROXABAN ZENTIVA ITALIA	20 MG COMPRESSE RIVESTITE CON FILM- 50 COMPRESSE IN BLISTER PVC/AL	RIVAROXABAN	RIVAROXABAN			Compressa rivestita con film	B01AF01	ZENTIVA ITALIA S.R.L.	Autorizzata	Procedura Mutuo riconoscimento o Decentrata	Medicinali soggetti a prescrizione medica limitativa, vendibili al pubblico su prescrizione di centri ospedalieri o di specialisti
048343279	048343	RIVAROXABAN ZENTIVA ITALIA	20 MG COMPRESSE RIVESTITE CON FILM- 98 COMPRESSE IN BLISTER PVC/AL	RIVAROXABAN	RIVAROXABAN			Compressa rivestita con film	B01AF01	ZENTIVA ITALIA S.R.L.	Autorizzata	Procedura Mutuo riconoscimento o Decentrata	Medicinali soggetti a prescrizione medica limitativa, vendibili al pubblico su prescrizione di centri ospedalieri o di specialisti
048343281	048343	RIVAROXABAN ZENTIVA ITALIA	20 MG COMPRESSE RIVESTITE CON FILM- 100 COMPRESSE IN BLISTER PVC/AL	RIVAROXABAN	RIVAROXABAN			Compressa rivestita con film	B01AF01	ZENTIVA ITALIA S.R.L.	Autorizzata	Procedura Mutuo riconoscimento o Decentrata	Medicinali soggetti a prescrizione medica limitativa, vendibili al pubblico su prescrizione di centri ospedalieri o di specialisti
048423014	048423	RIVAROXABAN DR. REDDY'S	2,5 MG COMPRESSE RIVESTITE CON FILM- 10 COMPRESSE IN BLISTER AL/PVC/PVDC	RIVAROXABAN	RIVAROXABAN			Compressa rivestita con film	B01AF01	DR. REDDY'S S.R.L.	Autorizzata	Procedura Mutuo riconoscimento o Decentrata	Medicinali soggetti a prescrizione medica limitativa, vendibili al pubblico su prescrizione di centri ospedalieri o di specialisti
048423026	048423	RIVAROXABAN DR. REDDY'S	2,5 MG COMPRESSE RIVESTITE CON FILM- 14 COMPRESSE IN BLISTER AL/PVC/PVDC	RIVAROXABAN	RIVAROXABAN			Compressa rivestita con film	B01AF01	DR. REDDY'S S.R.L.	Autorizzata	Procedura Mutuo riconoscimento o Decentrata	Medicinali soggetti a prescrizione medica limitativa, vendibili al pubblico su prescrizione di centri ospedalieri o di specialisti
048423038	048423	RIVAROXABAN DR. REDDY'S	2,5 MG COMPRESSE RIVESTITE CON FILM- 28 COMPRESSE IN BLISTER AL/PVC/PVDC	RIVAROXABAN	RIVAROXABAN			Compressa rivestita con film	B01AF01	DR. REDDY'S S.R.L.	Autorizzata	Procedura Mutuo riconoscimento o Decentrata	Medicinali soggetti a prescrizione medica limitativa, vendibili al pubblico su prescrizione di centri ospedalieri o di specialisti
048423040	048423	RIVAROXABAN DR. REDDY'S	2,5 MG COMPRESSE RIVESTITE CON FILM- 30 COMPRESSE IN BLISTER AL/PVC/PVDC	RIVAROXABAN	RIVAROXABAN			Compressa rivestita con film	B01AF01	DR. REDDY'S S.R.L.	Autorizzata	Procedura Mutuo riconoscimento o Decentrata	Medicinali soggetti a prescrizione medica limitativa, vendibili al pubblico su prescrizione di centri ospedalieri o di specialisti
048423053	048423	RIVAROXABAN DR. REDDY'S	2,5 MG COMPRESSE RIVESTITE CON FILM- 56 COMPRESSE IN BLISTER AL/PVC/PVDC	RIVAROXABAN	RIVAROXABAN			Compressa rivestita con film	B01AF01	DR. REDDY'S S.R.L.	Autorizzata	Procedura Mutuo riconoscimento o Decentrata	Medicinali soggetti a prescrizione medica limitativa, vendibili al pubblico su prescrizione di centri ospedalieri o di specialisti
048423065	048423	RIVAROXABAN DR. REDDY'S	2,5 MG COMPRESSE RIVESTITE CON FILM- 100 COMPRESSE IN BLISTER AL/PVC/PVDC	RIVAROXABAN	RIVAROXABAN			Compressa rivestita con film	B01AF01	DR. REDDY'S S.R.L.	Autorizzata	Procedura Mutuo riconoscimento o Decentrata	Medicinali soggetti a prescrizione medica limitativa, vendibili al pubblico su prescrizione di centri ospedalieri o di specialisti
048423077	048423	RIVAROXABAN DR. REDDY'S	2,5 MG COMPRESSE RIVESTITE CON FILM- 196 COMPRESSE IN BLISTER AL/PVC/PVDC	RIVAROXABAN	RIVAROXABAN			Compressa rivestita con film	B01AF01	DR. REDDY'S S.R.L.	Autorizzata	Procedura Mutuo riconoscimento o Decentrata	Medicinali soggetti a prescrizione medica limitativa, vendibili al pubblico su prescrizione di centri ospedalieri o di specialisti
048423089	048423	RIVAROXABAN DR. REDDY'S	10 MG COMPRESSE RIVESTITE CON FILM- 5 COMPRESSE IN BLISTER AL/PVC/PVDC	RIVAROXABAN	RIVAROXABAN			Compressa rivestita con film	B01AF01	DR. REDDY'S S.R.L.	Autorizzata	Procedura Mutuo riconoscimento o Decentrata	Medicinali soggetti a prescrizione medica limitativa, vendibili al pubblico su prescrizione di centri ospedalieri o di specialisti
048423091	048423	RIVAROXABAN DR. REDDY'S	10 MG COMPRESSE RIVESTITE CON FILM- 10 COMPRESSE IN BLISTER AL/PVC/PVDC	RIVAROXABAN	RIVAROXABAN			Compressa rivestita con film	B01AF01	DR. REDDY'S S.R.L.	Autorizzata	Procedura Mutuo riconoscimento o Decentrata	Medicinali soggetti a prescrizione medica limitativa, vendibili al pubblico su prescrizione di centri ospedalieri o di specialisti
048423103	048423	RIVAROXABAN DR. REDDY'S	10 MG COMPRESSE RIVESTITE CON FILM- 30 COMPRESSE IN BLISTER AL/PVC/PVDC	RIVAROXABAN	RIVAROXABAN			Compressa rivestita con film	B01AF01	DR. REDDY'S S.R.L.	Autorizzata	Procedura Mutuo riconoscimento o Decentrata	Medicinali soggetti a prescrizione medica limitativa, vendibili al pubblico su prescrizione di centri ospedalieri o di specialisti
048423115	048423	RIVAROXABAN DR. REDDY'S	10 MG COMPRESSE RIVESTITE CON FILM- 100 COMPRESSE IN BLISTER AL/PVC/PVDC	RIVAROXABAN	RIVAROXABAN			Compressa rivestita con film	B01AF01	DR. REDDY'S S.R.L.	Autorizzata	Procedura Mutuo riconoscimento o Decentrata	Medicinali soggetti a prescrizione medica limitativa, vendibili al pubblico su prescrizione di centri ospedalieri o di specialisti
048423127	048423	RIVAROXABAN DR. REDDY'S	15 MG COMPRESSE RIVESTITE CON FILM- 10 COMPRESSE IN BLISTER AL/PVC/PVDC	RIVAROXABAN	RIVAROXABAN			Compressa rivestita con film	B01AF01	DR. REDDY'S S.R.L.	Autorizzata	Procedura Mutuo riconoscimento o Decentrata	Medicinali soggetti a prescrizione medica limitativa, vendibili al pubblico su prescrizione di centri ospedalieri o di specialisti
048423139	048423	RIVAROXABAN DR. REDDY'S	15 MG COMPRESSE RIVESTITE CON FILM- 14 COMPRESSE IN BLISTER AL/PVC/PVDC	RIVAROXABAN	RIVAROXABAN			Compressa rivestita con film	B01AF01	DR. REDDY'S S.R.L.	Autorizzata	Procedura Mutuo riconoscimento o Decentrata	Medicinali soggetti a prescrizione medica limitativa, vendibili al pubblico su prescrizione di centri ospedalieri o di specialisti
048423141	048423	RIVAROXABAN DR. REDDY'S	15 MG COMPRESSE RIVESTITE CON FILM- 28 COMPRESSE IN BLISTER AL/PVC/PVDC	RIVAROXABAN	RIVAROXABAN			Compressa rivestita con film	B01AF01	DR. REDDY'S S.R.L.	Autorizzata	Procedura Mutuo riconoscimento o Decentrata	Medicinali soggetti a prescrizione medica limitativa, vendibili al pubblico su prescrizione di centri ospedalieri o di specialisti
048423154	048423	RIVAROXABAN DR. REDDY'S	15 MG COMPRESSE RIVESTITE CON FILM- 42 COMPRESSE IN BLISTER AL/PVC/PVDC	RIVAROXABAN	RIVAROXABAN			Compressa rivestita con film	B01AF01	DR. REDDY'S S.R.L.	Autorizzata	Procedura Mutuo riconoscimento o Decentrata	Medicinali soggetti a prescrizione medica limitativa, vendibili al pubblico su prescrizione di centri ospedalieri o di specialisti
048423166	048423	RIVAROXABAN DR. REDDY'S	15 MG COMPRESSE RIVESTITE CON FILM- 98 COMPRESSE IN BLISTER AL/PVC/PVDC	RIVAROXABAN	RIVAROXABAN			Compressa rivestita con film	B01AF01	DR. REDDY'S S.R.L.	Autorizzata	Procedura Mutuo riconoscimento o Decentrata	Medicinali soggetti a prescrizione medica limitativa, vendibili al pubblico su prescrizione di centri ospedalieri o di specialisti
048423178	048423	RIVAROXABAN DR. REDDY'S	15 MG COMPRESSE RIVESTITE CON FILM- 100 COMPRESSE IN BLISTER AL/PVC/PVDC	RIVAROXABAN	RIVAROXABAN			Compressa rivestita con film	B01AF01	DR. REDDY'S S.R.L.	Autorizzata	Procedura Mutuo riconoscimento o Decentrata	Medicinali soggetti a prescrizione medica limitativa, vendibili al pubblico su prescrizione di centri ospedalieri o di specialisti
048423180	048423	RIVAROXABAN DR. REDDY'S	20 MG COMPRESSE RIVESTITE CON FILM- 10 COMPRESSE IN BLISTER AL/PVC/PVDC	RIVAROXABAN	RIVAROXABAN			Compressa rivestita con film	B01AF01	DR. REDDY'S S.R.L.	Autorizzata	Procedura Mutuo riconoscimento o Decentrata	Medicinali soggetti a prescrizione medica limitativa, vendibili al pubblico su prescrizione di centri ospedalieri o di specialisti
048423192	048423	RIVAROXABAN DR. REDDY'S	20 MG COMPRESSE RIVESTITE CON FILM- 14 COMPRESSE IN BLISTER AL/PVC/PVDC	RIVAROXABAN	RIVAROXABAN			Compressa rivestita con film	B01AF01	DR. REDDY'S S.R.L.	Autorizzata	Procedura Mutuo riconoscimento o Decentrata	Medicinali soggetti a prescrizione medica limitativa, vendibili al pubblico su prescrizione di centri ospedalieri o di specialisti
048423204	048423	RIVAROXABAN DR. REDDY'S	20 MG COMPRESSE RIVESTITE CON FILM- 28 COMPRESSE IN BLISTER AL/PVC/PVDC	RIVAROXABAN	RIVAROXABAN			Compressa rivestita con film	B01AF01	DR. REDDY'S S.R.L.	Autorizzata	Procedura Mutuo riconoscimento o Decentrata	Medicinali soggetti a prescrizione medica limitativa, vendibili al pubblico su prescrizione di centri ospedalieri o di specialisti
048423216	048423	RIVAROXABAN DR. REDDY'S	20 MG COMPRESSE RIVESTITE CON FILM- 42 COMPRESSE IN BLISTER AL/PVC/PVDC	RIVAROXABAN	RIVAROXABAN			Compressa rivestita con film	B01AF01	DR. REDDY'S S.R.L.	Autorizzata	Procedura Mutuo riconoscimento o Decentrata	Medicinali soggetti a prescrizione medica limitativa, vendibili al pubblico su prescrizione di centri ospedalieri o di specialisti
048423228	048423	RIVAROXABAN DR. REDDY'S	20 MG COMPRESSE RIVESTITE CON FILM- 98 COMPRESSE IN BLISTER AL/PVC/PVDC	RIVAROXABAN	RIVAROXABAN			Compressa rivestita con film	B01AF01	DR. REDDY'S S.R.L.	Autorizzata	Procedura Mutuo riconoscimento o Decentrata	Medicinali soggetti a prescrizione medica limitativa, vendibili al pubblico su prescrizione di centri ospedalieri o di specialisti
048423230	048423	RIVAROXABAN DR. REDDY'S	20 MG COMPRESSE RIVESTITE CON FILM- 100 COMPRESSE IN BLISTER AL/PVC/PVDC	RIVAROXABAN	RIVAROXABAN			Compressa rivestita con film	B01AF01	DR. REDDY'S S.R.L.	Autorizzata	Procedura Mutuo riconoscimento o Decentrata	Medicinali soggetti a prescrizione medica limitativa, vendibili al pubblico su prescrizione di centri ospedalieri o di specialisti
048423242	048423	RIVAROXABAN DR. REDDY'S	2,5 MG COMPRESSE RIVESTITE CON FILM- 98 COMPRESSE IN BLISTER AL/PVC/PVDC	RIVAROXABAN	RIVAROXABAN			Compressa rivestita con film	B01AF01	DR. REDDY'S S.R.L.	Autorizzata	Procedura Mutuo riconoscimento o Decentrata	Medicinali soggetti a prescrizione medica limitativa, vendibili al pubblico su prescrizione di centri ospedalieri o di specialisti
048788018	048788	RIVAROXABAN HCS	2,5 MG COMPRESSE RIVESTITE CON FILM- 28 COMPRESSE IN BLISTER PVC/PVDC/PVC-AL CONFEZIONE CALENDARIO	RIVAROXABAN	RIVAROXABAN	2.5	milligrammi	Compressa rivestita con film	B01AF01	HCS BV	Autorizzata	Procedura Mutuo riconoscimento o Decentrata	Medicinali soggetti a prescrizione medica limitativa, vendibili al pubblico su prescrizione di centri ospedalieri o di specialisti
048788020	048788	RIVAROXABAN HCS	2,5 MG COMPRESSE RIVESTITE CON FILM- 56 COMPRESSE IN BLISTER PVC/PVDC/PVC-AL CONFEZIONE CALENDARIO	RIVAROXABAN	RIVAROXABAN	2.5	milligrammi	Compressa rivestita con film	B01AF01	HCS BV	Autorizzata	Procedura Mutuo riconoscimento o Decentrata	Medicinali soggetti a prescrizione medica limitativa, vendibili al pubblico su prescrizione di centri ospedalieri o di specialisti
048788032	048788	RIVAROXABAN HCS	2,5 MG COMPRESSE RIVESTITE CON FILM- 100 COMPRESSE IN BLISTER PVC/PVDC/PVC-AL	RIVAROXABAN	RIVAROXABAN	2.5	milligrammi	Compressa rivestita con film	B01AF01	HCS BV	Autorizzata	Procedura Mutuo riconoscimento o Decentrata	Medicinali soggetti a prescrizione medica limitativa, vendibili al pubblico su prescrizione di centri ospedalieri o di specialisti
048788044	048788	RIVAROXABAN HCS	2,5 MG COMPRESSE RIVESTITE CON FILM- 100X1 COMPRESSE IN BLISTER DIVISIBILE PER DOSE UNITARIA PVC/PVDC/PVC-AL	RIVAROXABAN	RIVAROXABAN	2.5	milligrammi	Compressa rivestita con film	B01AF01	HCS BV	Autorizzata	Procedura Mutuo riconoscimento o Decentrata	Medicinali soggetti a prescrizione medica limitativa, vendibili al pubblico su prescrizione di centri ospedalieri o di specialisti
048788057	048788	RIVAROXABAN HCS	15 MG COMPRESSE RIVESTITE CON FILM- 14 COMPRESSE IN BLISTER PVC/PVDC/PVC-AL CONFEZIONE CALENDARIO	RIVAROXABAN	RIVAROXABAN	15	milligrammi	Compressa rivestita con film	B01AF01	HCS BV	Autorizzata	Procedura Mutuo riconoscimento o Decentrata	Medicinali soggetti a prescrizione medica limitativa, vendibili al pubblico su prescrizione di centri ospedalieri o di specialisti
048788069	048788	RIVAROXABAN HCS	15 MG COMPRESSE RIVESTITE CON FILM- 28 COMPRESSE IN BLISTER PVC/PVDC/PVC-AL CONFEZIONE CALENDARIO	RIVAROXABAN	RIVAROXABAN	15	milligrammi	Compressa rivestita con film	B01AF01	HCS BV	Autorizzata	Procedura Mutuo riconoscimento o Decentrata	Medicinali soggetti a prescrizione medica limitativa, vendibili al pubblico su prescrizione di centri ospedalieri o di specialisti
048788071	048788	RIVAROXABAN HCS	15 MG COMPRESSE RIVESTITE CON FILM- 42 COMPRESSE IN BLISTER PVC/PVDC/PVC-AL CONFEZIONE CALENDARIO	RIVAROXABAN	RIVAROXABAN	15	milligrammi	Compressa rivestita con film	B01AF01	HCS BV	Autorizzata	Procedura Mutuo riconoscimento o Decentrata	Medicinali soggetti a prescrizione medica limitativa, vendibili al pubblico su prescrizione di centri ospedalieri o di specialisti
048788083	048788	RIVAROXABAN HCS	15 MG COMPRESSE RIVESTITE CON FILM- 100 COMPRESSE IN BLISTER PVC/PVDC/PVC-AL	RIVAROXABAN	RIVAROXABAN	15	milligrammi	Compressa rivestita con film	B01AF01	HCS BV	Autorizzata	Procedura Mutuo riconoscimento o Decentrata	Medicinali soggetti a prescrizione medica limitativa, vendibili al pubblico su prescrizione di centri ospedalieri o di specialisti
048788095	048788	RIVAROXABAN HCS	15 MG COMPRESSE RIVESTITE CON FILM- 100X1 COMPRESSE IN BLISTER DIVISIBILE PER DOSE UNITARIA PVC/PVDC/PVC-AL	RIVAROXABAN	RIVAROXABAN	15	milligrammi	Compressa rivestita con film	B01AF01	HCS BV	Autorizzata	Procedura Mutuo riconoscimento o Decentrata	Medicinali soggetti a prescrizione medica limitativa, vendibili al pubblico su prescrizione di centri ospedalieri o di specialisti
048788107	048788	RIVAROXABAN HCS	20 MG COMPRESSE RIVESTITE CON FILM- 100X1 COMPRESSE IN BLISTER DIVISIBILE PER DOSE UNITARIA PVC/PVDC/PVC-AL	RIVAROXABAN	RIVAROXABAN	20	milligrammi	Compressa rivestita con film	B01AF01	HCS BV	Autorizzata	Procedura Mutuo riconoscimento o Decentrata	Medicinali soggetti a prescrizione medica limitativa, vendibili al pubblico su prescrizione di centri ospedalieri o di specialisti
048788119	048788	RIVAROXABAN HCS	20 MG COMPRESSE RIVESTITE CON FILM- 14 COMPRESSE IN BLISTER PVC/PVDC/PVC-AL CONFEZIONE CALENDARIO	RIVAROXABAN	RIVAROXABAN	20	milligrammi	Compressa rivestita con film	B01AF01	HCS BV	Autorizzata	Procedura Mutuo riconoscimento o Decentrata	Medicinali soggetti a prescrizione medica limitativa, vendibili al pubblico su prescrizione di centri ospedalieri o di specialisti
048788121	048788	RIVAROXABAN HCS	20 MG COMPRESSE RIVESTITE CON FILM- 28 COMPRESSE IN BLISTER PVC/PVDC/PVC-AL CONFEZIONE CALENDARIO	RIVAROXABAN	RIVAROXABAN	20	milligrammi	Compressa rivestita con film	B01AF01	HCS BV	Autorizzata	Procedura Mutuo riconoscimento o Decentrata	Medicinali soggetti a prescrizione medica limitativa, vendibili al pubblico su prescrizione di centri ospedalieri o di specialisti
048788133	048788	RIVAROXABAN HCS	20 MG COMPRESSE RIVESTITE CON FILM- 100 COMPRESSE IN BLISTER PVC/PVDC/PVC-AL	RIVAROXABAN	RIVAROXABAN	20	milligrammi	Compressa rivestita con film	B01AF01	HCS BV	Autorizzata	Procedura Mutuo riconoscimento o Decentrata	Medicinali soggetti a prescrizione medica limitativa, vendibili al pubblico su prescrizione di centri ospedalieri o di specialisti
048827012	048827	RIVAROXABAN SUN	2,5 MG COMPRESSE RIVESTITE CON FILM- 10 COMPRESSE IN BLISTER PVC/PVDC/AL	RIVAROXABAN	RIVAROXABAN			Compressa rivestita con film	B01AF01	SUN PHARMACEUTICAL INDUSTRIES (EUROPE) B.V.	Autorizzata	Procedura Mutuo riconoscimento o Decentrata	Medicinali soggetti a prescrizione medica limitativa, vendibili al pubblico su prescrizione di centri ospedalieri o di specialisti
048827024	048827	RIVAROXABAN SUN	2,5 MG COMPRESSE RIVESTITE CON FILM- 20 COMPRESSE IN BLISTER PVC/PVDC/AL	RIVAROXABAN	RIVAROXABAN			Compressa rivestita con film	B01AF01	SUN PHARMACEUTICAL INDUSTRIES (EUROPE) B.V.	Autorizzata	Procedura Mutuo riconoscimento o Decentrata	Medicinali soggetti a prescrizione medica limitativa, vendibili al pubblico su prescrizione di centri ospedalieri o di specialisti
048827036	048827	RIVAROXABAN SUN	2,5 MG COMPRESSE RIVESTITE CON FILM- 21 COMPRESSE IN BLISTER PVC/PVDC/AL	RIVAROXABAN	RIVAROXABAN			Compressa rivestita con film	B01AF01	SUN PHARMACEUTICAL INDUSTRIES (EUROPE) B.V.	Autorizzata	Procedura Mutuo riconoscimento o Decentrata	Medicinali soggetti a prescrizione medica limitativa, vendibili al pubblico su prescrizione di centri ospedalieri o di specialisti
048827048	048827	RIVAROXABAN SUN	2,5 MG COMPRESSE RIVESTITE CON FILM- 28 COMPRESSE IN BLISTER PVC/PVDC/AL	RIVAROXABAN	RIVAROXABAN			Compressa rivestita con film	B01AF01	SUN PHARMACEUTICAL INDUSTRIES (EUROPE) B.V.	Autorizzata	Procedura Mutuo riconoscimento o Decentrata	Medicinali soggetti a prescrizione medica limitativa, vendibili al pubblico su prescrizione di centri ospedalieri o di specialisti
048827051	048827	RIVAROXABAN SUN	2,5 MG COMPRESSE RIVESTITE CON FILM- 30 COMPRESSE IN BLISTER PVC/PVDC/AL	RIVAROXABAN	RIVAROXABAN			Compressa rivestita con film	B01AF01	SUN PHARMACEUTICAL INDUSTRIES (EUROPE) B.V.	Autorizzata	Procedura Mutuo riconoscimento o Decentrata	Medicinali soggetti a prescrizione medica limitativa, vendibili al pubblico su prescrizione di centri ospedalieri o di specialisti
048827063	048827	RIVAROXABAN SUN	2,5 MG COMPRESSE RIVESTITE CON FILM- 56 COMPRESSE IN BLISTER PVC/PVDC/AL	RIVAROXABAN	RIVAROXABAN			Compressa rivestita con film	B01AF01	SUN PHARMACEUTICAL INDUSTRIES (EUROPE) B.V.	Autorizzata	Procedura Mutuo riconoscimento o Decentrata	Medicinali soggetti a prescrizione medica limitativa, vendibili al pubblico su prescrizione di centri ospedalieri o di specialisti
048827075	048827	RIVAROXABAN SUN	2,5 MG COMPRESSE RIVESTITE CON FILM- 60 COMPRESSE IN BLISTER PVC/PVDC/AL	RIVAROXABAN	RIVAROXABAN			Compressa rivestita con film	B01AF01	SUN PHARMACEUTICAL INDUSTRIES (EUROPE) B.V.	Autorizzata	Procedura Mutuo riconoscimento o Decentrata	Medicinali soggetti a prescrizione medica limitativa, vendibili al pubblico su prescrizione di centri ospedalieri o di specialisti
048827087	048827	RIVAROXABAN SUN	2,5 MG COMPRESSE RIVESTITE CON FILM- 98 COMPRESSE IN BLISTER PVC/PVDC/AL	RIVAROXABAN	RIVAROXABAN			Compressa rivestita con film	B01AF01	SUN PHARMACEUTICAL INDUSTRIES (EUROPE) B.V.	Autorizzata	Procedura Mutuo riconoscimento o Decentrata	Medicinali soggetti a prescrizione medica limitativa, vendibili al pubblico su prescrizione di centri ospedalieri o di specialisti
048827099	048827	RIVAROXABAN SUN	2,5 MG COMPRESSE RIVESTITE CON FILM- 100 COMPRESSE IN BLISTER PVC/PVDC/AL	RIVAROXABAN	RIVAROXABAN			Compressa rivestita con film	B01AF01	SUN PHARMACEUTICAL INDUSTRIES (EUROPE) B.V.	Autorizzata	Procedura Mutuo riconoscimento o Decentrata	Medicinali soggetti a prescrizione medica limitativa, vendibili al pubblico su prescrizione di centri ospedalieri o di specialisti
048827101	048827	RIVAROXABAN SUN	2,5 MG COMPRESSE RIVESTITE CON FILM- 196 COMPRESSE IN BLISTER PVC/PVDC/AL	RIVAROXABAN	RIVAROXABAN			Compressa rivestita con film	B01AF01	SUN PHARMACEUTICAL INDUSTRIES (EUROPE) B.V.	Autorizzata	Procedura Mutuo riconoscimento o Decentrata	Medicinali soggetti a prescrizione medica limitativa, vendibili al pubblico su prescrizione di centri ospedalieri o di specialisti
048827113	048827	RIVAROXABAN SUN	2,5 MG COMPRESSE RIVESTITE CON FILM- 200 COMPRESSE IN BLISTER PVC/PVDC/AL	RIVAROXABAN	RIVAROXABAN			Compressa rivestita con film	B01AF01	SUN PHARMACEUTICAL INDUSTRIES (EUROPE) B.V.	Autorizzata	Procedura Mutuo riconoscimento o Decentrata	Medicinali soggetti a prescrizione medica limitativa, vendibili al pubblico su prescrizione di centri ospedalieri o di specialisti
048827125	048827	RIVAROXABAN SUN	10 MG COMPRESSE RIVESTITE CON FILM- 5 COMPRESSE IN BLISTER PVC/PVDC/AL	RIVAROXABAN	RIVAROXABAN			Compressa rivestita con film	B01AF01	SUN PHARMACEUTICAL INDUSTRIES (EUROPE) B.V.	Autorizzata	Procedura Mutuo riconoscimento o Decentrata	Medicinali soggetti a prescrizione medica limitativa, vendibili al pubblico su prescrizione di centri ospedalieri o di specialisti
048827137	048827	RIVAROXABAN SUN	10 MG COMPRESSE RIVESTITE CON FILM- 10 COMPRESSE IN BLISTER PVC/PVDC/AL	RIVAROXABAN	RIVAROXABAN			Compressa rivestita con film	B01AF01	SUN PHARMACEUTICAL INDUSTRIES (EUROPE) B.V.	Autorizzata	Procedura Mutuo riconoscimento o Decentrata	Medicinali soggetti a prescrizione medica
048827149	048827	RIVAROXABAN SUN	10 MG COMPRESSE RIVESTITE CON FILM- 28 COMPRESSE IN BLISTER PVC/PVDC/AL	RIVAROXABAN	RIVAROXABAN			Compressa rivestita con film	B01AF01	SUN PHARMACEUTICAL INDUSTRIES (EUROPE) B.V.	Autorizzata	Procedura Mutuo riconoscimento o Decentrata	Medicinali soggetti a prescrizione medica limitativa, vendibili al pubblico su prescrizione di centri ospedalieri o di specialisti
048827152	048827	RIVAROXABAN SUN	10 MG COMPRESSE RIVESTITE CON FILM- 30 COMPRESSE IN BLISTER PVC/PVDC/AL	RIVAROXABAN	RIVAROXABAN			Compressa rivestita con film	B01AF01	SUN PHARMACEUTICAL INDUSTRIES (EUROPE) B.V.	Autorizzata	Procedura Mutuo riconoscimento o Decentrata	Medicinali soggetti a prescrizione medica
048827164	048827	RIVAROXABAN SUN	10 MG COMPRESSE RIVESTITE CON FILM- 98 COMPRESSE IN BLISTER PVC/PVDC/AL	RIVAROXABAN	RIVAROXABAN			Compressa rivestita con film	B01AF01	SUN PHARMACEUTICAL INDUSTRIES (EUROPE) B.V.	Autorizzata	Procedura Mutuo riconoscimento o Decentrata	Medicinali soggetti a prescrizione medica limitativa, vendibili al pubblico su prescrizione di centri ospedalieri o di specialisti
048827176	048827	RIVAROXABAN SUN	10 MG COMPRESSE RIVESTITE CON FILM- 100 COMPRESSE IN BLISTER PVC/PVDC/AL	RIVAROXABAN	RIVAROXABAN			Compressa rivestita con film	B01AF01	SUN PHARMACEUTICAL INDUSTRIES (EUROPE) B.V.	Autorizzata	Procedura Mutuo riconoscimento o Decentrata	Medicinali soggetti a prescrizione medica limitativa, vendibili al pubblico su prescrizione di centri ospedalieri o di specialisti
048827188	048827	RIVAROXABAN SUN	15 MG COMPRESSE RIVESTITE CON FILM- 10 COMPRESSE IN BLISTER PVC/PVDC/AL	RIVAROXABAN	RIVAROXABAN			Compressa rivestita con film	B01AF01	SUN PHARMACEUTICAL INDUSTRIES (EUROPE) B.V.	Autorizzata	Procedura Mutuo riconoscimento o Decentrata	Medicinali soggetti a prescrizione medica limitativa, vendibili al pubblico su prescrizione di centri ospedalieri o di specialisti
048827190	048827	RIVAROXABAN SUN	15 MG COMPRESSE RIVESTITE CON FILM- 14 COMPRESSE IN BLISTER PVC/PVDC/AL	RIVAROXABAN	RIVAROXABAN			Compressa rivestita con film	B01AF01	SUN PHARMACEUTICAL INDUSTRIES (EUROPE) B.V.	Autorizzata	Procedura Mutuo riconoscimento o Decentrata	Medicinali soggetti a prescrizione medica limitativa, vendibili al pubblico su prescrizione di centri ospedalieri o di specialisti
048827202	048827	RIVAROXABAN SUN	15 MG COMPRESSE RIVESTITE CON FILM- 28 COMPRESSE IN BLISTER PVC/PVDC/AL	RIVAROXABAN	RIVAROXABAN			Compressa rivestita con film	B01AF01	SUN PHARMACEUTICAL INDUSTRIES (EUROPE) B.V.	Autorizzata	Procedura Mutuo riconoscimento o Decentrata	Medicinali soggetti a prescrizione medica limitativa, vendibili al pubblico su prescrizione di centri ospedalieri o di specialisti
048827214	048827	RIVAROXABAN SUN	15 MG COMPRESSE RIVESTITE CON FILM- 30 COMPRESSE IN BLISTER PVC/PVDC/AL	RIVAROXABAN	RIVAROXABAN			Compressa rivestita con film	B01AF01	SUN PHARMACEUTICAL INDUSTRIES (EUROPE) B.V.	Autorizzata	Procedura Mutuo riconoscimento o Decentrata	Medicinali soggetti a prescrizione medica limitativa, vendibili al pubblico su prescrizione di centri ospedalieri o di specialisti
048827226	048827	RIVAROXABAN SUN	15 MG COMPRESSE RIVESTITE CON FILM- 42 COMPRESSE IN BLISTER PVC/PVDC/AL	RIVAROXABAN	RIVAROXABAN			Compressa rivestita con film	B01AF01	SUN PHARMACEUTICAL INDUSTRIES (EUROPE) B.V.	Autorizzata	Procedura Mutuo riconoscimento o Decentrata	Medicinali soggetti a prescrizione medica
048827238	048827	RIVAROXABAN SUN	15 MG COMPRESSE RIVESTITE CON FILM- 98 COMPRESSE IN BLISTER PVC/PVDC/AL	RIVAROXABAN	RIVAROXABAN			Compressa rivestita con film	B01AF01	SUN PHARMACEUTICAL INDUSTRIES (EUROPE) B.V.	Autorizzata	Procedura Mutuo riconoscimento o Decentrata	Medicinali soggetti a prescrizione medica limitativa, vendibili al pubblico su prescrizione di centri ospedalieri o di specialisti
048827240	048827	RIVAROXABAN SUN	15 MG COMPRESSE RIVESTITE CON FILM- 100 COMPRESSE IN BLISTER PVC/PVDC/AL	RIVAROXABAN	RIVAROXABAN			Compressa rivestita con film	B01AF01	SUN PHARMACEUTICAL INDUSTRIES (EUROPE) B.V.	Autorizzata	Procedura Mutuo riconoscimento o Decentrata	Medicinali soggetti a prescrizione medica limitativa, vendibili al pubblico su prescrizione di centri ospedalieri o di specialisti
048827253	048827	RIVAROXABAN SUN	20 MG COMPRESSE RIVESTITE CON FILM- 7 COMPRESSE IN BLISTER PVC/PVDC/AL	RIVAROXABAN	RIVAROXABAN			Compressa rivestita con film	B01AF01	SUN PHARMACEUTICAL INDUSTRIES (EUROPE) B.V.	Autorizzata	Procedura Mutuo riconoscimento o Decentrata	Medicinali soggetti a prescrizione medica limitativa, vendibili al pubblico su prescrizione di centri ospedalieri o di specialisti
048827265	048827	RIVAROXABAN SUN	20 MG COMPRESSE RIVESTITE CON FILM- 10 COMPRESSE IN BLISTER PVC/PVDC/AL	RIVAROXABAN	RIVAROXABAN			Compressa rivestita con film	B01AF01	SUN PHARMACEUTICAL INDUSTRIES (EUROPE) B.V.	Autorizzata	Procedura Mutuo riconoscimento o Decentrata	Medicinali soggetti a prescrizione medica limitativa, vendibili al pubblico su prescrizione di centri ospedalieri o di specialisti
048827277	048827	RIVAROXABAN SUN	20 MG COMPRESSE RIVESTITE CON FILM- 14 COMPRESSE IN BLISTER PVC/PVDC/AL	RIVAROXABAN	RIVAROXABAN			Compressa rivestita con film	B01AF01	SUN PHARMACEUTICAL INDUSTRIES (EUROPE) B.V.	Autorizzata	Procedura Mutuo riconoscimento o Decentrata	Medicinali soggetti a prescrizione medica limitativa, vendibili al pubblico su prescrizione di centri ospedalieri o di specialisti
048827289	048827	RIVAROXABAN SUN	20 MG COMPRESSE RIVESTITE CON FILM- 28 COMPRESSE IN BLISTER PVC/PVDC/AL	RIVAROXABAN	RIVAROXABAN			Compressa rivestita con film	B01AF01	SUN PHARMACEUTICAL INDUSTRIES (EUROPE) B.V.	Autorizzata	Procedura Mutuo riconoscimento o Decentrata	Medicinali soggetti a prescrizione medica
048827291	048827	RIVAROXABAN SUN	20 MG COMPRESSE RIVESTITE CON FILM- 30 COMPRESSE IN BLISTER PVC/PVDC/AL	RIVAROXABAN	RIVAROXABAN			Compressa rivestita con film	B01AF01	SUN PHARMACEUTICAL INDUSTRIES (EUROPE) B.V.	Autorizzata	Procedura Mutuo riconoscimento o Decentrata	Medicinali soggetti a prescrizione medica limitativa, vendibili al pubblico su prescrizione di centri ospedalieri o di specialisti
048827303	048827	RIVAROXABAN SUN	20 MG COMPRESSE RIVESTITE CON FILM- 98 COMPRESSE IN BLISTER PVC/PVDC/AL	RIVAROXABAN	RIVAROXABAN			Compressa rivestita con film	B01AF01	SUN PHARMACEUTICAL INDUSTRIES (EUROPE) B.V.	Autorizzata	Procedura Mutuo riconoscimento o Decentrata	Medicinali soggetti a prescrizione medica limitativa, vendibili al pubblico su prescrizione di centri ospedalieri o di specialisti
048827315	048827	RIVAROXABAN SUN	20 MG COMPRESSE RIVESTITE CON FILM- 100 COMPRESSE IN BLISTER PVC/PVDC/AL	RIVAROXABAN	RIVAROXABAN			Compressa rivestita con film	B01AF01	SUN PHARMACEUTICAL INDUSTRIES (EUROPE) B.V.	Autorizzata	Procedura Mutuo riconoscimento o Decentrata	Medicinali soggetti a prescrizione medica limitativa, vendibili al pubblico su prescrizione di centri ospedalieri o di specialisti
049197015	049197	RIVAROXABAN SANDOZ	2,5 MG COMPRESSE RIVESTITE CON FILM- 56X1 COMPRESSE IN BLISTER PVC/PVDC/AL	RIVAROXABAN	RIVAROXABAN			Compressa rivestita con film	B01AF01	SANDOZ S.P.A.	Autorizzata	Procedura Mutuo riconoscimento o Decentrata	Medicinali soggetti a prescrizione medica limitativa, vendibili al pubblico su prescrizione di centri ospedalieri o di specialisti
049197027	049197	RIVAROXABAN SANDOZ	10 MG COMPRESSE RIVESTITE CON FILM- 5 COMPRESSE IN BLISTER OPA/AL/PVC/AL	RIVAROXABAN	RIVAROXABAN			Compressa rivestita con film	B01AF01	SANDOZ S.P.A.	Autorizzata	Procedura Mutuo riconoscimento o Decentrata	Medicinali soggetti a prescrizione medica limitativa, vendibili al pubblico su prescrizione di centri ospedalieri o di specialisti
049197039	049197	RIVAROXABAN SANDOZ	10 MG COMPRESSE RIVESTITE CON FILM-10 COMPRESSE IN BLISTER OPA/AL/PVC/AL	RIVAROXABAN	RIVAROXABAN			Compressa rivestita con film	B01AF01	SANDOZ S.P.A.	Autorizzata	Procedura Mutuo riconoscimento o Decentrata	Medicinali soggetti a prescrizione medica limitativa, vendibili al pubblico su prescrizione di centri ospedalieri o di specialisti
049197041	049197	RIVAROXABAN SANDOZ	10 MG COMPRESSE RIVESTITE CON FILM-30 COMPRESSE IN BLISTER OPA/AL/PVC/AL	RIVAROXABAN	RIVAROXABAN			Compressa rivestita con film	B01AF01	SANDOZ S.P.A.	Autorizzata	Procedura Mutuo riconoscimento o Decentrata	Medicinali soggetti a prescrizione medica limitativa, vendibili al pubblico su prescrizione di centri ospedalieri o di specialisti
049197054	049197	RIVAROXABAN SANDOZ	10 MG COMPRESSE RIVESTITE CON FILM- 5 COMPRESSE IN BLISTER PVC/PVDC/AL	RIVAROXABAN	RIVAROXABAN			Compressa rivestita con film	B01AF01	SANDOZ S.P.A.	Autorizzata	Procedura Mutuo riconoscimento o Decentrata	Medicinali soggetti a prescrizione medica limitativa, vendibili al pubblico su prescrizione di centri ospedalieri o di specialisti
049197066	049197	RIVAROXABAN SANDOZ	10 MG COMPRESSE RIVESTITE CON FILM- 10 COMPRESSE IN BLISTER PVC/PVDC/AL	RIVAROXABAN	RIVAROXABAN			Compressa rivestita con film	B01AF01	SANDOZ S.P.A.	Autorizzata	Procedura Mutuo riconoscimento o Decentrata	Medicinali soggetti a prescrizione medica limitativa, vendibili al pubblico su prescrizione di centri ospedalieri o di specialisti
049197078	049197	RIVAROXABAN SANDOZ	10 MG COMPRESSE RIVESTITE CON FILM- 30 COMPRESSE IN BLISTER PVC/PVDC/AL	RIVAROXABAN	RIVAROXABAN			Compressa rivestita con film	B01AF01	SANDOZ S.P.A.	Autorizzata	Procedura Mutuo riconoscimento o Decentrata	Medicinali soggetti a prescrizione medica limitativa, vendibili al pubblico su prescrizione di centri ospedalieri o di specialisti
049197080	049197	RIVAROXABAN SANDOZ	15 MG COMPRESSE RIVESTITE CON FILM-42 COMPRESSE IN BLISTER PVC/PVDC/AL	RIVAROXABAN	RIVAROXABAN			Compressa rivestita con film	B01AF01	SANDOZ S.P.A.	Autorizzata	Procedura Mutuo riconoscimento o Decentrata	Medicinali soggetti a prescrizione medica limitativa, vendibili al pubblico su prescrizione di centri ospedalieri o di specialisti
049197092	049197	RIVAROXABAN SANDOZ	15 MG COMPRESSE RIVESTITE CON FILM-42 COMPRESSE IN BLISTER OPA/AL/PVC/AL	RIVAROXABAN	RIVAROXABAN			Compressa rivestita con film	B01AF01	SANDOZ S.P.A.	Autorizzata	Procedura Mutuo riconoscimento o Decentrata	Medicinali soggetti a prescrizione medica limitativa, vendibili al pubblico su prescrizione di centri ospedalieri o di specialisti
049197104	049197	RIVAROXABAN SANDOZ	20 MG COMPRESSE RIVESTITE CON FILM- 28 COMPRESSE IN BLISTER OPA/AL/PVC/AL	RIVAROXABAN	RIVAROXABAN			Compressa rivestita con film	B01AF01	SANDOZ S.P.A.	Autorizzata	Procedura Mutuo riconoscimento o Decentrata	Medicinali soggetti a prescrizione medica limitativa, vendibili al pubblico su prescrizione di centri ospedalieri o di specialisti
049197116	049197	RIVAROXABAN SANDOZ	20 MG COMPRESSE RIVESTITE CON FILM- 28 COMPRESSE IN BLISTER PVC/PVDC/AL	RIVAROXABAN	RIVAROXABAN			Compressa rivestita con film	B01AF01	SANDOZ S.P.A.	Autorizzata	Procedura Mutuo riconoscimento o Decentrata	Medicinali soggetti a prescrizione medica limitativa, vendibili al pubblico su prescrizione di centri ospedalieri o di specialisti
049201015	049201	RIVAROXABAN ACCORD	2,5 MG - COMPRESSA RIVESTITA CON FILM - USO ORALE - BLISTER (PVC/ALL) - 28 COMPRESSE	RIVAROXABAN	RIVAROXABAN			Compressa rivestita con film	B01AF01	ACCORD HEALTHCARE, S.L.U.	Autorizzata	Procedura Centralizzata	Medicinali soggetti a prescrizione medica
049201027	049201	RIVAROXABAN ACCORD	2,5 MG - COMPRESSA RIVESTITA CON FILM - USO ORALE - BLISTER (PVC/ALL) - 56 COMPRESSE	RIVAROXABAN	RIVAROXABAN			Compressa rivestita con film	B01AF01	ACCORD HEALTHCARE, S.L.U.	Autorizzata	Procedura Centralizzata	Medicinali soggetti a prescrizione medica limitativa, vendibili al pubblico su prescrizione di centri ospedalieri o di specialisti
049201039	049201	RIVAROXABAN ACCORD	2,5 MG - COMPRESSA RIVESTITA CON FILM - USO ORALE - BLISTER (PVC/ALL) - 98 COMPRESSE	RIVAROXABAN	RIVAROXABAN			Compressa rivestita con film	B01AF01	ACCORD HEALTHCARE, S.L.U.	Autorizzata	Procedura Centralizzata	Medicinali soggetti a prescrizione medica
049201041	049201	RIVAROXABAN ACCORD	2,5 MG - COMPRESSA RIVESTITA CON FILM - USO ORALE - BLISTER (PVC/ALL) - 100 COMPRESSE	RIVAROXABAN	RIVAROXABAN			Compressa rivestita con film	B01AF01	ACCORD HEALTHCARE, S.L.U.	Autorizzata	Procedura Centralizzata	Medicinali soggetti a prescrizione medica
049201054	049201	RIVAROXABAN ACCORD	2,5 MG - COMPRESSA RIVESTITA CON FILM - USO ORALE - BLISTER (PVC/ALL) - 168 COMPRESSE	RIVAROXABAN	RIVAROXABAN			Compressa rivestita con film	B01AF01	ACCORD HEALTHCARE, S.L.U.	Autorizzata	Procedura Centralizzata	Medicinali soggetti a prescrizione medica
049201066	049201	RIVAROXABAN ACCORD	2,5 MG - COMPRESSA RIVESTITA CON FILM - USO ORALE - BLISTER (PVC/ALL) - 196 COMPRESSE	RIVAROXABAN	RIVAROXABAN			Compressa rivestita con film	B01AF01	ACCORD HEALTHCARE, S.L.U.	Autorizzata	Procedura Centralizzata	Medicinali soggetti a prescrizione medica
049201078	049201	RIVAROXABAN ACCORD	2,5 MG - COMPRESSA RIVESTITA CON FILM - USO ORALE - BLISTER (PP/ALL) - 10 X 1 COMPRESSE (DOSE UNITARIA)	RIVAROXABAN	RIVAROXABAN			Compressa rivestita con film	B01AF01	ACCORD HEALTHCARE, S.L.U.	Autorizzata	Procedura Centralizzata	Medicinali soggetti a prescrizione medica
049201080	049201	RIVAROXABAN ACCORD	2,5 MG - COMPRESSA RIVESTITA CON FILM - USO ORALE - BLISTER (PP/ALL) - 100 X 1 COMPRESSE (DOSE UNITARIA)	RIVAROXABAN	RIVAROXABAN			Compressa rivestita con film	B01AF01	ACCORD HEALTHCARE, S.L.U.	Autorizzata	Procedura Centralizzata	Medicinali soggetti a prescrizione medica
049201092	049201	RIVAROXABAN ACCORD	2,5 MG - COMPRESSA RIVESTITA CON FILM - USO ORALE - FLACONE (HDPE) - 30 COMPRESSE	RIVAROXABAN	RIVAROXABAN			Compressa rivestita con film	B01AF01	ACCORD HEALTHCARE, S.L.U.	Autorizzata	Procedura Centralizzata	Medicinali soggetti a prescrizione medica
049201104	049201	RIVAROXABAN ACCORD	2,5 MG - COMPRESSA RIVESTITA CON FILM - USO ORALE - FLACONE (HDPE) - 90 COMPRESSE	RIVAROXABAN	RIVAROXABAN			Compressa rivestita con film	B01AF01	ACCORD HEALTHCARE, S.L.U.	Autorizzata	Procedura Centralizzata	Medicinali soggetti a prescrizione medica
049201116	049201	RIVAROXABAN ACCORD	2,5 MG - COMPRESSA RIVESTITA CON FILM - USO ORALE - FLACONE (HDPE) - 500 COMPRESSE	RIVAROXABAN	RIVAROXABAN			Compressa rivestita con film	B01AF01	ACCORD HEALTHCARE, S.L.U.	Autorizzata	Procedura Centralizzata	Medicinali soggetti a prescrizione medica limitativa, utilizzabili esclusivamente in ambiente ospedaliero o in una struttura ad esso assimilabile
049201128	049201	RIVAROXABAN ACCORD	10 MG - COMPRESSA RIVESTITA CON FILM - USO ORALE - BLISTER (PVC/ALL) - 5 COMPRESSE	RIVAROXABAN	RIVAROXABAN			Compressa rivestita con film	B01AF01	ACCORD HEALTHCARE, S.L.U.	Autorizzata	Procedura Centralizzata	Medicinali soggetti a prescrizione medica limitativa, vendibili al pubblico su prescrizione di centri ospedalieri o di specialisti
049201130	049201	RIVAROXABAN ACCORD	10 MG - COMPRESSA RIVESTITA CON FILM - USO ORALE - BLISTER (PVC/ALL) - 10 COMPRESSE	RIVAROXABAN	RIVAROXABAN			Compressa rivestita con film	B01AF01	ACCORD HEALTHCARE, S.L.U.	Autorizzata	Procedura Centralizzata	Medicinali soggetti a prescrizione medica limitativa, vendibili al pubblico su prescrizione di centri ospedalieri o di specialisti
049201142	049201	RIVAROXABAN ACCORD	10 MG - COMPRESSA RIVESTITA CON FILM - USO ORALE - BLISTER (PVC/ALL) - 14 COMPRESSE	RIVAROXABAN	RIVAROXABAN			Compressa rivestita con film	B01AF01	ACCORD HEALTHCARE, S.L.U.	Autorizzata	Procedura Centralizzata	Medicinali soggetti a prescrizione medica limitativa, vendibili al pubblico su prescrizione di centri ospedalieri o di specialisti
049201155	049201	RIVAROXABAN ACCORD	10 MG - COMPRESSA RIVESTITA CON FILM - USO ORALE - BLISTER (PVC/ALL) - 28 COMPRESSE	RIVAROXABAN	RIVAROXABAN			Compressa rivestita con film	B01AF01	ACCORD HEALTHCARE, S.L.U.	Autorizzata	Procedura Centralizzata	Medicinali soggetti a prescrizione medica limitativa, vendibili al pubblico su prescrizione di centri ospedalieri o di specialisti
049201167	049201	RIVAROXABAN ACCORD	10 MG - COMPRESSA RIVESTITA CON FILM - USO ORALE - BLISTER (PVC/ALL) - 30 COMPRESSE	RIVAROXABAN	RIVAROXABAN			Compressa rivestita con film	B01AF01	ACCORD HEALTHCARE, S.L.U.	Autorizzata	Procedura Centralizzata	Medicinali soggetti a prescrizione medica limitativa, vendibili al pubblico su prescrizione di centri ospedalieri o di specialisti
049201179	049201	RIVAROXABAN ACCORD	10 MG - COMPRESSA RIVESTITA CON FILM - USO ORALE - BLISTER (PVC/ALL) - 98 COMPRESSE	RIVAROXABAN	RIVAROXABAN			Compressa rivestita con film	B01AF01	ACCORD HEALTHCARE, S.L.U.	Autorizzata	Procedura Centralizzata	Medicinali soggetti a prescrizione medica limitativa, vendibili al pubblico su prescrizione di centri ospedalieri o di specialisti
049201181	049201	RIVAROXABAN ACCORD	10 MG - COMPRESSA RIVESTITA CON FILM - USO ORALE - BLISTER (PVC/ALL) - 100 COMPRESSE	RIVAROXABAN	RIVAROXABAN			Compressa rivestita con film	B01AF01	ACCORD HEALTHCARE, S.L.U.	Autorizzata	Procedura Centralizzata	Medicinali soggetti a prescrizione medica limitativa, vendibili al pubblico su prescrizione di centri ospedalieri o di specialisti
049201193	049201	RIVAROXABAN ACCORD	10 MG - COMPRESSA RIVESTITA CON FILM - USO ORALE - BLISTER (PVC/ALL) - 10 X 1 COMPRESSE (DOSE UNITARIA)	RIVAROXABAN	RIVAROXABAN			Compressa rivestita con film	B01AF01	ACCORD HEALTHCARE, S.L.U.	Autorizzata	Procedura Centralizzata	Medicinali soggetti a prescrizione medica limitativa, vendibili al pubblico su prescrizione di centri ospedalieri o di specialisti
049201205	049201	RIVAROXABAN ACCORD	10 MG - COMPRESSA RIVESTITA CON FILM - USO ORALE - BLISTER (PVC/ALL) - 100 X 1 COMPRESSE (DOSE UNITARIA)	RIVAROXABAN	RIVAROXABAN			Compressa rivestita con film	B01AF01	ACCORD HEALTHCARE, S.L.U.	Autorizzata	Procedura Centralizzata	Medicinali soggetti a prescrizione medica limitativa, vendibili al pubblico su prescrizione di centri ospedalieri o di specialisti
049201217	049201	RIVAROXABAN ACCORD	10 MG - COMPRESSA RIVESTITA CON FILM - USO ORALE - FLACONE (HDPE) - 30 COMPRESSE	RIVAROXABAN	RIVAROXABAN			Compressa rivestita con film	B01AF01	ACCORD HEALTHCARE, S.L.U.	Autorizzata	Procedura Centralizzata	Medicinali soggetti a prescrizione medica limitativa, vendibili al pubblico su prescrizione di centri ospedalieri o di specialisti
049201229	049201	RIVAROXABAN ACCORD	10 MG - COMPRESSA RIVESTITA CON FILM - USO ORALE - FLACONE (HDPE) - 90 COMPRESSE	RIVAROXABAN	RIVAROXABAN			Compressa rivestita con film	B01AF01	ACCORD HEALTHCARE, S.L.U.	Autorizzata	Procedura Centralizzata	Medicinali soggetti a prescrizione medica limitativa, vendibili al pubblico su prescrizione di centri ospedalieri o di specialisti
049201231	049201	RIVAROXABAN ACCORD	10 MG - COMPRESSA RIVESTITA CON FILM - USO ORALE - FLACONE (HDPE) - 500 COMPRESSE	RIVAROXABAN	RIVAROXABAN			Compressa rivestita con film	B01AF01	ACCORD HEALTHCARE, S.L.U.	Autorizzata	Procedura Centralizzata	Medicinali soggetti a prescrizione medica limitativa, utilizzabili esclusivamente in ambiente ospedaliero o in una struttura ad esso assimilabile
049201243	049201	RIVAROXABAN ACCORD	15 MG - COMPRESSA RIVESTITA CON FILM - USO ORALE - BLISTER (PVC/ALL) - 10 COMPRESSE	RIVAROXABAN	RIVAROXABAN			Compressa rivestita con film	B01AF01	ACCORD HEALTHCARE, S.L.U.	Autorizzata	Procedura Centralizzata	Medicinali soggetti a prescrizione medica limitativa, vendibili al pubblico su prescrizione di centri ospedalieri o di specialisti
049201256	049201	RIVAROXABAN ACCORD	15 MG - COMPRESSA RIVESTITA CON FILM - USO ORALE - BLISTER (PVC/ALL) - 14 COMPRESSE	RIVAROXABAN	RIVAROXABAN			Compressa rivestita con film	B01AF01	ACCORD HEALTHCARE, S.L.U.	Autorizzata	Procedura Centralizzata	Medicinali soggetti a prescrizione medica limitativa, vendibili al pubblico su prescrizione di centri ospedalieri o di specialisti
049201268	049201	RIVAROXABAN ACCORD	15 MG - COMPRESSA RIVESTITA CON FILM - USO ORALE - BLISTER (PVC/ALL) - 28 COMPRESSE	RIVAROXABAN	RIVAROXABAN			Compressa rivestita con film	B01AF01	ACCORD HEALTHCARE, S.L.U.	Autorizzata	Procedura Centralizzata	Medicinali soggetti a prescrizione medica limitativa, vendibili al pubblico su prescrizione di centri ospedalieri o di specialisti
049201270	049201	RIVAROXABAN ACCORD	15 MG - COMPRESSA RIVESTITA CON FILM - USO ORALE - BLISTER (PVC/ALL) - 30 COMPRESSE	RIVAROXABAN	RIVAROXABAN			Compressa rivestita con film	B01AF01	ACCORD HEALTHCARE, S.L.U.	Autorizzata	Procedura Centralizzata	Medicinali soggetti a prescrizione medica limitativa, vendibili al pubblico su prescrizione di centri ospedalieri o di specialisti
049201282	049201	RIVAROXABAN ACCORD	15 MG - COMPRESSA RIVESTITA CON FILM - USO ORALE - BLISTER (PVC/ALL) - 42 COMPRESSE	RIVAROXABAN	RIVAROXABAN			Compressa rivestita con film	B01AF01	ACCORD HEALTHCARE, S.L.U.	Autorizzata	Procedura Centralizzata	Medicinali soggetti a prescrizione medica limitativa, vendibili al pubblico su prescrizione di centri ospedalieri o di specialisti
049201294	049201	RIVAROXABAN ACCORD	15 MG - COMPRESSA RIVESTITA CON FILM - USO ORALE - BLISTER (PVC/ALL) - 48 COMPRESSE	RIVAROXABAN	RIVAROXABAN			Compressa rivestita con film	B01AF01	ACCORD HEALTHCARE, S.L.U.	Autorizzata	Procedura Centralizzata	Medicinali soggetti a prescrizione medica limitativa, vendibili al pubblico su prescrizione di centri ospedalieri o di specialisti
049201306	049201	RIVAROXABAN ACCORD	15 MG - COMPRESSA RIVESTITA CON FILM - USO ORALE - BLISTER (PVC/ALL) - 56 COMPRESSE	RIVAROXABAN	RIVAROXABAN			Compressa rivestita con film	B01AF01	ACCORD HEALTHCARE, S.L.U.	Autorizzata	Procedura Centralizzata	Medicinali soggetti a prescrizione medica limitativa, vendibili al pubblico su prescrizione di centri ospedalieri o di specialisti
049201318	049201	RIVAROXABAN ACCORD	15 MG - COMPRESSA RIVESTITA CON FILM - USO ORALE - BLISTER (PVC/ALL) - 90 COMPRESSE	RIVAROXABAN	RIVAROXABAN			Compressa rivestita con film	B01AF01	ACCORD HEALTHCARE, S.L.U.	Autorizzata	Procedura Centralizzata	Medicinali soggetti a prescrizione medica limitativa, vendibili al pubblico su prescrizione di centri ospedalieri o di specialisti
049201320	049201	RIVAROXABAN ACCORD	15 MG - COMPRESSA RIVESTITA CON FILM - USO ORALE - BLISTER (PVC/ALL) - 98 COMPRESSE	RIVAROXABAN	RIVAROXABAN			Compressa rivestita con film	B01AF01	ACCORD HEALTHCARE, S.L.U.	Autorizzata	Procedura Centralizzata	Medicinali soggetti a prescrizione medica limitativa, vendibili al pubblico su prescrizione di centri ospedalieri o di specialisti
049201332	049201	RIVAROXABAN ACCORD	15 MG - COMPRESSA RIVESTITA CON FILM - USO ORALE - BLISTER (PVC/ALL) - 100 COMPRESSE	RIVAROXABAN	RIVAROXABAN			Compressa rivestita con film	B01AF01	ACCORD HEALTHCARE, S.L.U.	Autorizzata	Procedura Centralizzata	Medicinali soggetti a prescrizione medica limitativa, vendibili al pubblico su prescrizione di centri ospedalieri o di specialisti
049201344	049201	RIVAROXABAN ACCORD	15 MG - COMPRESSA RIVESTITA CON FILM - USO ORALE - BLISTER (PVC/ALL) - 10 X 1 COMPRESSE (DOSE UNITARIA)	RIVAROXABAN	RIVAROXABAN			Compressa rivestita con film	B01AF01	ACCORD HEALTHCARE, S.L.U.	Autorizzata	Procedura Centralizzata	Medicinali soggetti a prescrizione medica limitativa, vendibili al pubblico su prescrizione di centri ospedalieri o di specialisti
049201357	049201	RIVAROXABAN ACCORD	15 MG - COMPRESSA RIVESTITA CON FILM - USO ORALE - BLISTER (PVC/ALL) - 100 X 1 COMPRESSE (DOSE UNITARIA)	RIVAROXABAN	RIVAROXABAN			Compressa rivestita con film	B01AF01	ACCORD HEALTHCARE, S.L.U.	Autorizzata	Procedura Centralizzata	Medicinali soggetti a prescrizione medica limitativa, vendibili al pubblico su prescrizione di centri ospedalieri o di specialisti
049201369	049201	RIVAROXABAN ACCORD	15 MG - COMPRESSA RIVESTITA CON FILM - USO ORALE - FLACONE (HDPE) - 30 COMPRESSE	RIVAROXABAN	RIVAROXABAN			Compressa rivestita con film	B01AF01	ACCORD HEALTHCARE, S.L.U.	Autorizzata	Procedura Centralizzata	Medicinali soggetti a prescrizione medica limitativa, vendibili al pubblico su prescrizione di centri ospedalieri o di specialisti
049201371	049201	RIVAROXABAN ACCORD	15 MG - COMPRESSA RIVESTITA CON FILM - USO ORALE - FLACONE (HDPE) - 90 COMPRESSE	RIVAROXABAN	RIVAROXABAN			Compressa rivestita con film	B01AF01	ACCORD HEALTHCARE, S.L.U.	Autorizzata	Procedura Centralizzata	Medicinali soggetti a prescrizione medica limitativa, vendibili al pubblico su prescrizione di centri ospedalieri o di specialisti
049201383	049201	RIVAROXABAN ACCORD	15 MG - COMPRESSA RIVESTITA CON FILM - USO ORALE - FLACONE (HDPE) - 500 COMPRESSE	RIVAROXABAN	RIVAROXABAN			Compressa rivestita con film	B01AF01	ACCORD HEALTHCARE, S.L.U.	Autorizzata	Procedura Centralizzata	Medicinali soggetti a prescrizione medica limitativa, utilizzabili esclusivamente in ambiente ospedaliero o in una struttura ad esso assimilabile
049201395	049201	RIVAROXABAN ACCORD	15 MG + 20 MG - COMPRESSA RIVESTITA CON FILM - USO ORALE - BLISTER (PVC/ALL) - CONFEZIONE DI INIZIO TRATTAMENTO: 49 COMPRESSE (42 X 15 MG + 7 X 20 MG)	RIVAROXABAN	RIVAROXABAN			Compressa rivestita con film	B01AF01	ACCORD HEALTHCARE, S.L.U.	Autorizzata	Procedura Centralizzata	Medicinali soggetti a prescrizione medica limitativa, vendibili al pubblico su prescrizione di centri ospedalieri o di specialisti
049201407	049201	RIVAROXABAN ACCORD	20 MG - COMPRESSA RIVESTITA CON FILM - USO ORALE - BLISTER (PVC/ALL) - 10 COMPRESSE	RIVAROXABAN	RIVAROXABAN			Compressa rivestita con film	B01AF01	ACCORD HEALTHCARE, S.L.U.	Autorizzata	Procedura Centralizzata	Medicinali soggetti a prescrizione medica limitativa, vendibili al pubblico su prescrizione di centri ospedalieri o di specialisti
049201419	049201	RIVAROXABAN ACCORD	20 MG - COMPRESSA RIVESTITA CON FILM - USO ORALE - BLISTER (PVC/ALL) - 14 COMPRESSE	RIVAROXABAN	RIVAROXABAN			Compressa rivestita con film	B01AF01	ACCORD HEALTHCARE, S.L.U.	Autorizzata	Procedura Centralizzata	Medicinali soggetti a prescrizione medica limitativa, vendibili al pubblico su prescrizione di centri ospedalieri o di specialisti
049201421	049201	RIVAROXABAN ACCORD	20 MG - COMPRESSA RIVESTITA CON FILM - USO ORALE - BLISTER (PVC/ALL) - 28 COMPRESSE	RIVAROXABAN	RIVAROXABAN			Compressa rivestita con film	B01AF01	ACCORD HEALTHCARE, S.L.U.	Autorizzata	Procedura Centralizzata	Medicinali soggetti a prescrizione medica limitativa, vendibili al pubblico su prescrizione di centri ospedalieri o di specialisti
049201433	049201	RIVAROXABAN ACCORD	20 MG - COMPRESSA RIVESTITA CON FILM - USO ORALE - BLISTER (PVC/ALL) - 30 COMPRESSE	RIVAROXABAN	RIVAROXABAN			Compressa rivestita con film	B01AF01	ACCORD HEALTHCARE, S.L.U.	Autorizzata	Procedura Centralizzata	Medicinali soggetti a prescrizione medica limitativa, vendibili al pubblico su prescrizione di centri ospedalieri o di specialisti
049201445	049201	RIVAROXABAN ACCORD	20 MG - COMPRESSA RIVESTITA CON FILM - USO ORALE - BLISTER (PVC/ALL) - 42 COMPRESSE	RIVAROXABAN	RIVAROXABAN			Compressa rivestita con film	B01AF01	ACCORD HEALTHCARE, S.L.U.	Autorizzata	Procedura Centralizzata	Medicinali soggetti a prescrizione medica limitativa, vendibili al pubblico su prescrizione di centri ospedalieri o di specialisti
049201458	049201	RIVAROXABAN ACCORD	20 MG - COMPRESSA RIVESTITA CON FILM - USO ORALE - BLISTER (PVC/ALL) - 56 COMPRESSE	RIVAROXABAN	RIVAROXABAN			Compressa rivestita con film	B01AF01	ACCORD HEALTHCARE, S.L.U.	Autorizzata	Procedura Centralizzata	Medicinali soggetti a prescrizione medica limitativa, vendibili al pubblico su prescrizione di centri ospedalieri o di specialisti
049201460	049201	RIVAROXABAN ACCORD	20 MG - COMPRESSA RIVESTITA CON FILM - USO ORALE - BLISTER (PVC/ALL) - 90 COMPRESSE	RIVAROXABAN	RIVAROXABAN			Compressa rivestita con film	B01AF01	ACCORD HEALTHCARE, S.L.U.	Autorizzata	Procedura Centralizzata	Medicinali soggetti a prescrizione medica limitativa, vendibili al pubblico su prescrizione di centri ospedalieri o di specialisti
049201472	049201	RIVAROXABAN ACCORD	20 MG - COMPRESSA RIVESTITA CON FILM - USO ORALE - BLISTER (PVC/ALL) - 98 COMPRESSE	RIVAROXABAN	RIVAROXABAN			Compressa rivestita con film	B01AF01	ACCORD HEALTHCARE, S.L.U.	Autorizzata	Procedura Centralizzata	Medicinali soggetti a prescrizione medica limitativa, vendibili al pubblico su prescrizione di centri ospedalieri o di specialisti
049201484	049201	RIVAROXABAN ACCORD	20 MG - COMPRESSA RIVESTITA CON FILM - USO ORALE - BLISTER (PVC/ALL) - 100 COMPRESSE	RIVAROXABAN	RIVAROXABAN			Compressa rivestita con film	B01AF01	ACCORD HEALTHCARE, S.L.U.	Autorizzata	Procedura Centralizzata	Medicinali soggetti a prescrizione medica limitativa, vendibili al pubblico su prescrizione di centri ospedalieri o di specialisti
049201496	049201	RIVAROXABAN ACCORD	20 MG - COMPRESSA RIVESTITA CON FILM - USO ORALE - BLISTER (PVC/ALL) - 10 X 1 COMPRESSE (DOSE UNITARIA)	RIVAROXABAN	RIVAROXABAN			Compressa rivestita con film	B01AF01	ACCORD HEALTHCARE, S.L.U.	Autorizzata	Procedura Centralizzata	Medicinali soggetti a prescrizione medica limitativa, vendibili al pubblico su prescrizione di centri ospedalieri o di specialisti
049201508	049201	RIVAROXABAN ACCORD	20 MG - COMPRESSA RIVESTITA CON FILM - USO ORALE - BLISTER (PVC/ALL) - 100 X 1 COMPRESSE (DOSE UNITARIA)	RIVAROXABAN	RIVAROXABAN			Compressa rivestita con film	B01AF01	ACCORD HEALTHCARE, S.L.U.	Autorizzata	Procedura Centralizzata	Medicinali soggetti a prescrizione medica limitativa, vendibili al pubblico su prescrizione di centri ospedalieri o di specialisti
049201510	049201	RIVAROXABAN ACCORD	20 MG - COMPRESSA RIVESTITA CON FILM - USO ORALE - FLACONE (HDPE) - 30 COMPRESSE	RIVAROXABAN	RIVAROXABAN			Compressa rivestita con film	B01AF01	ACCORD HEALTHCARE, S.L.U.	Autorizzata	Procedura Centralizzata	Medicinali soggetti a prescrizione medica limitativa, vendibili al pubblico su prescrizione di centri ospedalieri o di specialisti
049201522	049201	RIVAROXABAN ACCORD	20 MG - COMPRESSA RIVESTITA CON FILM - USO ORALE - FLACONE (HDPE) - 90 COMPRESSE	RIVAROXABAN	RIVAROXABAN			Compressa rivestita con film	B01AF01	ACCORD HEALTHCARE, S.L.U.	Autorizzata	Procedura Centralizzata	Medicinali soggetti a prescrizione medica limitativa, vendibili al pubblico su prescrizione di centri ospedalieri o di specialisti
049201534	049201	RIVAROXABAN ACCORD	20 MG - COMPRESSA RIVESTITA CON FILM - USO ORALE - FLACONE (HDPE) - 500 COMPRESSE	RIVAROXABAN	RIVAROXABAN			Compressa rivestita con film	B01AF01	ACCORD HEALTHCARE, S.L.U.	Autorizzata	Procedura Centralizzata	Medicinali soggetti a prescrizione medica limitativa, utilizzabili esclusivamente in ambiente ospedaliero o in una struttura ad esso assimilabile
049224013	049224	RIVAROXABAN TEVA	2,5 MG COMPRESSE RIVESTITE CON FILM- 20X1 COMPRESSE IN BLISTER PVC/PVDC-AL DIVISIBILE PER DOSE UNITARIA	RIVAROXABAN	RIVAROXABAN			Compressa rivestita con film	B01AF01	TEVA ITALIA S.R.L.	Autorizzata	Procedura Mutuo riconoscimento o Decentrata	Medicinali soggetti a prescrizione medica limitativa, vendibili al pubblico su prescrizione di centri ospedalieri o di specialisti
049224025	049224	RIVAROXABAN TEVA	2,5 MG COMPRESSE RIVESTITE CON FILM- 28X1 COMPRESSE IN BLISTER PVC/PVDC-AL DIVISIBILE PER DOSE UNITARIA	RIVAROXABAN	RIVAROXABAN			Compressa rivestita con film	B01AF01	TEVA ITALIA S.R.L.	Autorizzata	Procedura Mutuo riconoscimento o Decentrata	Medicinali soggetti a prescrizione medica limitativa, vendibili al pubblico su prescrizione di centri ospedalieri o di specialisti
049224037	049224	RIVAROXABAN TEVA	2,5 MG COMPRESSE RIVESTITE CON FILM- 56X1 COMPRESSE IN BLISTER PVC/PVDC-AL DIVISIBILE PER DOSE UNITARIA	RIVAROXABAN	RIVAROXABAN			Compressa rivestita con film	B01AF01	TEVA ITALIA S.R.L.	Autorizzata	Procedura Mutuo riconoscimento o Decentrata	Medicinali soggetti a prescrizione medica limitativa, vendibili al pubblico su prescrizione di centri ospedalieri o di specialisti
049224049	049224	RIVAROXABAN TEVA	2,5 MG COMPRESSE RIVESTITE CON FILM- 60X1 COMPRESSE IN BLISTER PVC/PVDC-AL DIVISIBILE PER DOSE UNITARIA	RIVAROXABAN	RIVAROXABAN			Compressa rivestita con film	B01AF01	TEVA ITALIA S.R.L.	Autorizzata	Procedura Mutuo riconoscimento o Decentrata	Medicinali soggetti a prescrizione medica limitativa, vendibili al pubblico su prescrizione di centri ospedalieri o di specialisti
049224052	049224	RIVAROXABAN TEVA	2,5 MG COMPRESSE RIVESTITE CON FILM- 100X1 COMPRESSE IN BLISTER PVC/PVDC-AL DIVISIBILE PER DOSE UNITARIA	RIVAROXABAN	RIVAROXABAN			Compressa rivestita con film	B01AF01	TEVA ITALIA S.R.L.	Autorizzata	Procedura Mutuo riconoscimento o Decentrata	Medicinali soggetti a prescrizione medica limitativa, vendibili al pubblico su prescrizione di centri ospedalieri o di specialisti
049224064	049224	RIVAROXABAN TEVA	2,5 MG COMPRESSE RIVESTITE CON FILM- 168X1 COMPRESSE IN BLISTER PVC/PVDC-AL DIVISIBILE PER DOSE UNITARIA	RIVAROXABAN	RIVAROXABAN			Compressa rivestita con film	B01AF01	TEVA ITALIA S.R.L.	Autorizzata	Procedura Mutuo riconoscimento o Decentrata	Medicinali soggetti a prescrizione medica limitativa, vendibili al pubblico su prescrizione di centri ospedalieri o di specialisti
049224076	049224	RIVAROXABAN TEVA	2,5 MG COMPRESSE RIVESTITE CON FILM- 196X1 COMPRESSE IN BLISTER PVC/PVDC-AL DIVISIBILE PER DOSE UNITARIA	RIVAROXABAN	RIVAROXABAN			Compressa rivestita con film	B01AF01	TEVA ITALIA S.R.L.	Autorizzata	Procedura Mutuo riconoscimento o Decentrata	Medicinali soggetti a prescrizione medica limitativa, vendibili al pubblico su prescrizione di centri ospedalieri o di specialisti
049224088	049224	RIVAROXABAN TEVA	2,5 MG COMPRESSE RIVESTITE CON FILM- 100 COMPRESSE IN FLACONE HDPE	RIVAROXABAN	RIVAROXABAN			Compressa rivestita con film	B01AF01	TEVA ITALIA S.R.L.	Autorizzata	Procedura Mutuo riconoscimento o Decentrata	Medicinali soggetti a prescrizione medica limitativa, vendibili al pubblico su prescrizione di centri ospedalieri o di specialisti
049224090	049224	RIVAROXABAN TEVA	10 MG COMPRESSE RIVESTITE CON FILM- 5X1 COMPRESSE IN BLISTER PVC/PVDC-AL DIVISIBILE PER DOSE UNITARIA	RIVAROXABAN	RIVAROXABAN			Compressa rivestita con film	B01AF01	TEVA ITALIA S.R.L.	Autorizzata	Procedura Mutuo riconoscimento o Decentrata	Medicinali soggetti a prescrizione medica limitativa, vendibili al pubblico su prescrizione di centri ospedalieri o di specialisti
049224102	049224	RIVAROXABAN TEVA	10 MG COMPRESSE RIVESTITE CON FILM- 10X1 COMPRESSE IN BLISTER PVC/PVDC-AL DIVISIBILE PER DOSE UNITARIA	RIVAROXABAN	RIVAROXABAN			Compressa rivestita con film	B01AF01	TEVA ITALIA S.R.L.	Autorizzata	Procedura Mutuo riconoscimento o Decentrata	Medicinali soggetti a prescrizione medica limitativa, vendibili al pubblico su prescrizione di centri ospedalieri o di specialisti
049224114	049224	RIVAROXABAN TEVA	10 MG COMPRESSE RIVESTITE CON FILM- 28X1 COMPRESSE IN BLISTER PVC/PVDC-AL DIVISIBILE PER DOSE UNITARIA	RIVAROXABAN	RIVAROXABAN			Compressa rivestita con film	B01AF01	TEVA ITALIA S.R.L.	Autorizzata	Procedura Mutuo riconoscimento o Decentrata	Medicinali soggetti a prescrizione medica limitativa, vendibili al pubblico su prescrizione di centri ospedalieri o di specialisti
049224126	049224	RIVAROXABAN TEVA	10 MG COMPRESSE RIVESTITE CON FILM- 30X1 COMPRESSE IN BLISTER PVC/PVDC-AL DIVISIBILE PER DOSE UNITARIA	RIVAROXABAN	RIVAROXABAN			Compressa rivestita con film	B01AF01	TEVA ITALIA S.R.L.	Autorizzata	Procedura Mutuo riconoscimento o Decentrata	Medicinali soggetti a prescrizione medica limitativa, vendibili al pubblico su prescrizione di centri ospedalieri o di specialisti
049224138	049224	RIVAROXABAN TEVA	10 MG COMPRESSE RIVESTITE CON FILM- 90X1 COMPRESSE IN BLISTER PVC/PVDC-AL DIVISIBILE PER DOSE UNITARIA	RIVAROXABAN	RIVAROXABAN			Compressa rivestita con film	B01AF01	TEVA ITALIA S.R.L.	Autorizzata	Procedura Mutuo riconoscimento o Decentrata	Medicinali soggetti a prescrizione medica limitativa, vendibili al pubblico su prescrizione di centri ospedalieri o di specialisti
049224140	049224	RIVAROXABAN TEVA	10 MG COMPRESSE RIVESTITE CON FILM- 98X1 COMPRESSE IN BLISTER PVC/PVDC-AL DIVISIBILE PER DOSE UNITARIA	RIVAROXABAN	RIVAROXABAN			Compressa rivestita con film	B01AF01	TEVA ITALIA S.R.L.	Autorizzata	Procedura Mutuo riconoscimento o Decentrata	Medicinali soggetti a prescrizione medica limitativa, vendibili al pubblico su prescrizione di centri ospedalieri o di specialisti
049224153	049224	RIVAROXABAN TEVA	10 MG COMPRESSE RIVESTITE CON FILM- 100X1 COMPRESSE IN BLISTER PVC/PVDC-AL DIVISIBILE PER DOSE UNITARIA	RIVAROXABAN	RIVAROXABAN			Compressa rivestita con film	B01AF01	TEVA ITALIA S.R.L.	Autorizzata	Procedura Mutuo riconoscimento o Decentrata	Medicinali soggetti a prescrizione medica limitativa, vendibili al pubblico su prescrizione di centri ospedalieri o di specialisti
049224165	049224	RIVAROXABAN TEVA	10 MG COMPRESSE RIVESTITE CON FILM- 112X1 COMPRESSE IN BLISTER PVC/PVDC-AL DIVISIBILE PER DOSE UNITARIA	RIVAROXABAN	RIVAROXABAN			Compressa rivestita con film	B01AF01	TEVA ITALIA S.R.L.	Autorizzata	Procedura Mutuo riconoscimento o Decentrata	Medicinali soggetti a prescrizione medica limitativa, vendibili al pubblico su prescrizione di centri ospedalieri o di specialisti
049224177	049224	RIVAROXABAN TEVA	10 MG COMPRESSE RIVESTITE CON FILM- 100 COMPRESSE IN FLACONE HDPE	RIVAROXABAN	RIVAROXABAN			Compressa rivestita con film	B01AF01	TEVA ITALIA S.R.L.	Autorizzata	Procedura Mutuo riconoscimento o Decentrata	Medicinali soggetti a prescrizione medica limitativa, vendibili al pubblico su prescrizione di centri ospedalieri o di specialisti
049224189	049224	RIVAROXABAN TEVA	10 MG COMPRESSE RIVESTITE CON FILM- 200 (2X100) COMPRESSE IN FLACONE HDPE	RIVAROXABAN	RIVAROXABAN			Compressa rivestita con film	B01AF01	TEVA ITALIA S.R.L.	Autorizzata	Procedura Mutuo riconoscimento o Decentrata	Medicinali soggetti a prescrizione medica limitativa, vendibili al pubblico su prescrizione di centri ospedalieri o di specialisti
049224191	049224	RIVAROXABAN TEVA	15 MG COMPRESSE RIVESTITE CON FILM- 10X1 COMPRESSE IN BLISTER PVC/PVDC-AL DIVISIBILE PER DOSE UNITARIA	RIVAROXABAN	RIVAROXABAN			Compressa rivestita con film	B01AF01	TEVA ITALIA S.R.L.	Autorizzata	Procedura Mutuo riconoscimento o Decentrata	Medicinali soggetti a prescrizione medica limitativa, vendibili al pubblico su prescrizione di centri ospedalieri o di specialisti
049224203	049224	RIVAROXABAN TEVA	15 MG COMPRESSE RIVESTITE CON FILM- 14X1 COMPRESSE IN BLISTER PVC/PVDC-AL DIVISIBILE PER DOSE UNITARIA	RIVAROXABAN	RIVAROXABAN			Compressa rivestita con film	B01AF01	TEVA ITALIA S.R.L.	Autorizzata	Procedura Mutuo riconoscimento o Decentrata	Medicinali soggetti a prescrizione medica limitativa, vendibili al pubblico su prescrizione di centri ospedalieri o di specialisti
049224215	049224	RIVAROXABAN TEVA	15 MG COMPRESSE RIVESTITE CON FILM- 28X1 COMPRESSE IN BLISTER PVC/PVDC-AL DIVISIBILE PER DOSE UNITARIA	RIVAROXABAN	RIVAROXABAN			Compressa rivestita con film	B01AF01	TEVA ITALIA S.R.L.	Autorizzata	Procedura Mutuo riconoscimento o Decentrata	Medicinali soggetti a prescrizione medica limitativa, vendibili al pubblico su prescrizione di centri ospedalieri o di specialisti
049224227	049224	RIVAROXABAN TEVA	15 MG COMPRESSE RIVESTITE CON FILM- 30X1 COMPRESSE IN BLISTER PVC/PVDC-AL DIVISIBILE PER DOSE UNITARIA	RIVAROXABAN	RIVAROXABAN			Compressa rivestita con film	B01AF01	TEVA ITALIA S.R.L.	Autorizzata	Procedura Mutuo riconoscimento o Decentrata	Medicinali soggetti a prescrizione medica limitativa, vendibili al pubblico su prescrizione di centri ospedalieri o di specialisti
049224239	049224	RIVAROXABAN TEVA	15 MG COMPRESSE RIVESTITE CON FILM- 42X1 COMPRESSE IN BLISTER PVC/PVDC-AL DIVISIBILE PER DOSE UNITARIA	RIVAROXABAN	RIVAROXABAN			Compressa rivestita con film	B01AF01	TEVA ITALIA S.R.L.	Autorizzata	Procedura Mutuo riconoscimento o Decentrata	Medicinali soggetti a prescrizione medica limitativa, vendibili al pubblico su prescrizione di centri ospedalieri o di specialisti
049224241	049224	RIVAROXABAN TEVA	15 MG COMPRESSE RIVESTITE CON FILM- 90X1 COMPRESSE IN BLISTER PVC/PVDC-AL DIVISIBILE PER DOSE UNITARIA	RIVAROXABAN	RIVAROXABAN			Compressa rivestita con film	B01AF01	TEVA ITALIA S.R.L.	Autorizzata	Procedura Mutuo riconoscimento o Decentrata	Medicinali soggetti a prescrizione medica limitativa, vendibili al pubblico su prescrizione di centri ospedalieri o di specialisti
049224254	049224	RIVAROXABAN TEVA	15 MG COMPRESSE RIVESTITE CON FILM- 98X1 COMPRESSE IN BLISTER PVC/PVDC-AL DIVISIBILE PER DOSE UNITARIA	RIVAROXABAN	RIVAROXABAN			Compressa rivestita con film	B01AF01	TEVA ITALIA S.R.L.	Autorizzata	Procedura Mutuo riconoscimento o Decentrata	Medicinali soggetti a prescrizione medica limitativa, vendibili al pubblico su prescrizione di centri ospedalieri o di specialisti
049224266	049224	RIVAROXABAN TEVA	15 MG COMPRESSE RIVESTITE CON FILM- 100X1 COMPRESSE IN BLISTER PVC/PVDC-AL DIVISIBILE PER DOSE UNITARIA	RIVAROXABAN	RIVAROXABAN			Compressa rivestita con film	B01AF01	TEVA ITALIA S.R.L.	Autorizzata	Procedura Mutuo riconoscimento o Decentrata	Medicinali soggetti a prescrizione medica limitativa, vendibili al pubblico su prescrizione di centri ospedalieri o di specialisti
049224278	049224	RIVAROXABAN TEVA	15 MG COMPRESSE RIVESTITE CON FILM- 112X1 COMPRESSE IN BLISTER PVC/PVDC-AL DIVISIBILE PER DOSE UNITARIA	RIVAROXABAN	RIVAROXABAN			Compressa rivestita con film	B01AF01	TEVA ITALIA S.R.L.	Autorizzata	Procedura Mutuo riconoscimento o Decentrata	Medicinali soggetti a prescrizione medica limitativa, vendibili al pubblico su prescrizione di centri ospedalieri o di specialisti
049224280	049224	RIVAROXABAN TEVA	15 MG COMPRESSE RIVESTITE CON FILM- 100 COMPRESSE IN FLACONE HDPE	RIVAROXABAN	RIVAROXABAN			Compressa rivestita con film	B01AF01	TEVA ITALIA S.R.L.	Autorizzata	Procedura Mutuo riconoscimento o Decentrata	Medicinali soggetti a prescrizione medica limitativa, vendibili al pubblico su prescrizione di centri ospedalieri o di specialisti
049224292	049224	RIVAROXABAN TEVA	15 MG COMPRESSE RIVESTITE CON FILM- 200(2X100) COMPRESSE IN FLACONE HDPE	RIVAROXABAN	RIVAROXABAN			Compressa rivestita con film	B01AF01	TEVA ITALIA S.R.L.	Autorizzata	Procedura Mutuo riconoscimento o Decentrata	Medicinali soggetti a prescrizione medica limitativa, vendibili al pubblico su prescrizione di centri ospedalieri o di specialisti
049224304	049224	RIVAROXABAN TEVA	20 MG COMPRESSE RIVESTITE CON FILM- 10X1 COMPRESSE IN BLISTER PVC/PVDC-AL DIVISIBILE PER DOSE UNITARIA	RIVAROXABAN	RIVAROXABAN			Compressa rivestita con film	B01AF01	TEVA ITALIA S.R.L.	Autorizzata	Procedura Mutuo riconoscimento o Decentrata	Medicinali soggetti a prescrizione medica limitativa, vendibili al pubblico su prescrizione di centri ospedalieri o di specialisti
049224316	049224	RIVAROXABAN TEVA	20 MG COMPRESSE RIVESTITE CON FILM- 14X1 COMPRESSE IN BLISTER PVC/PVDC-AL DIVISIBILE PER DOSE UNITARIA	RIVAROXABAN	RIVAROXABAN			Compressa rivestita con film	B01AF01	TEVA ITALIA S.R.L.	Autorizzata	Procedura Mutuo riconoscimento o Decentrata	Medicinali soggetti a prescrizione medica limitativa, vendibili al pubblico su prescrizione di centri ospedalieri o di specialisti
049224328	049224	RIVAROXABAN TEVA	20 MG COMPRESSE RIVESTITE CON FILM- 28X1 COMPRESSE IN BLISTER PVC/PVDC-AL DIVISIBILE PER DOSE UNITARIA	RIVAROXABAN	RIVAROXABAN			Compressa rivestita con film	B01AF01	TEVA ITALIA S.R.L.	Autorizzata	Procedura Mutuo riconoscimento o Decentrata	Medicinali soggetti a prescrizione medica limitativa, vendibili al pubblico su prescrizione di centri ospedalieri o di specialisti
049224330	049224	RIVAROXABAN TEVA	20 MG COMPRESSE RIVESTITE CON FILM- 30X1 COMPRESSE IN BLISTER PVC/PVDC-AL DIVISIBILE PER DOSE UNITARIA	RIVAROXABAN	RIVAROXABAN			Compressa rivestita con film	B01AF01	TEVA ITALIA S.R.L.	Autorizzata	Procedura Mutuo riconoscimento o Decentrata	Medicinali soggetti a prescrizione medica limitativa, vendibili al pubblico su prescrizione di centri ospedalieri o di specialisti
049224342	049224	RIVAROXABAN TEVA	20 MG COMPRESSE RIVESTITE CON FILM- 90X1 COMPRESSE IN BLISTER PVC/PVDC-AL DIVISIBILE PER DOSE UNITARIA	RIVAROXABAN	RIVAROXABAN			Compressa rivestita con film	B01AF01	TEVA ITALIA S.R.L.	Autorizzata	Procedura Mutuo riconoscimento o Decentrata	Medicinali soggetti a prescrizione medica limitativa, vendibili al pubblico su prescrizione di centri ospedalieri o di specialisti
049224355	049224	RIVAROXABAN TEVA	20 MG COMPRESSE RIVESTITE CON FILM- 98X1 COMPRESSE IN BLISTER PVC/PVDC-AL DIVISIBILE PER DOSE UNITARIA	RIVAROXABAN	RIVAROXABAN			Compressa rivestita con film	B01AF01	TEVA ITALIA S.R.L.	Autorizzata	Procedura Mutuo riconoscimento o Decentrata	Medicinali soggetti a prescrizione medica limitativa, vendibili al pubblico su prescrizione di centri ospedalieri o di specialisti
049224367	049224	RIVAROXABAN TEVA	20 MG COMPRESSE RIVESTITE CON FILM- 100X1 COMPRESSE IN BLISTER PVC/PVDC-AL DIVISIBILE PER DOSE UNITARIA	RIVAROXABAN	RIVAROXABAN			Compressa rivestita con film	B01AF01	TEVA ITALIA S.R.L.	Autorizzata	Procedura Mutuo riconoscimento o Decentrata	Medicinali soggetti a prescrizione medica limitativa, vendibili al pubblico su prescrizione di centri ospedalieri o di specialisti
049224379	049224	RIVAROXABAN TEVA	20 MG COMPRESSE RIVESTITE CON FILM- 112X1 COMPRESSE IN BLISTER PVC/PVDC-AL DIVISIBILE PER DOSE UNITARIA	RIVAROXABAN	RIVAROXABAN			Compressa rivestita con film	B01AF01	TEVA ITALIA S.R.L.	Autorizzata	Procedura Mutuo riconoscimento o Decentrata	Medicinali soggetti a prescrizione medica limitativa, vendibili al pubblico su prescrizione di centri ospedalieri o di specialisti
049224381	049224	RIVAROXABAN TEVA	20 MG COMPRESSE RIVESTITE CON FILM- 100 COMPRESSE IN FLACONE HDPE	RIVAROXABAN	RIVAROXABAN			Compressa rivestita con film	B01AF01	TEVA ITALIA S.R.L.	Autorizzata	Procedura Mutuo riconoscimento o Decentrata	Medicinali soggetti a prescrizione medica limitativa, vendibili al pubblico su prescrizione di centri ospedalieri o di specialisti
049224393	049224	RIVAROXABAN TEVA	20 MG COMPRESSE RIVESTITE CON FILM- 200(2X100) COMPRESSE IN FLACONE HDPE	RIVAROXABAN	RIVAROXABAN			Compressa rivestita con film	B01AF01	TEVA ITALIA S.R.L.	Autorizzata	Procedura Mutuo riconoscimento o Decentrata	Medicinali soggetti a prescrizione medica limitativa, vendibili al pubblico su prescrizione di centri ospedalieri o di specialisti
049651019	049651	RIVAROXABAN DOC	2,5 MG COMPRESSE RIVESTITE CON FILM- 56 COMPRESSE IN BLISTER AL/PVC/PE/PVDC	RIVAROXABAN	RIVAROXABAN	2.5	milligrammi	Compressa rivestita con film	B01AF01	DOC GENERICI SRL	Autorizzata	Procedura Mutuo riconoscimento o Decentrata	Medicinali soggetti a prescrizione medica limitativa, vendibili al pubblico su prescrizione di centri ospedalieri o di specialisti
049651021	049651	RIVAROXABAN DOC	10 MG COMPRESSE RIVESTITE CON FILM- 10 COMPRESSE IN BLISTER AL/PVC/PE/PVDC	RIVAROXABAN	RIVAROXABAN	10	milligrammi	Compressa rivestita con film	B01AF01	DOC GENERICI SRL	Autorizzata	Procedura Mutuo riconoscimento o Decentrata	Medicinali soggetti a prescrizione medica limitativa, vendibili al pubblico su prescrizione di centri ospedalieri o di specialisti
049651033	049651	RIVAROXABAN DOC	10 MG COMPRESSE RIVESTITE CON FILM- 30 COMPRESSE IN BLISTER AL/PVC/PE/PVDC	RIVAROXABAN	RIVAROXABAN	10	milligrammi	Compressa rivestita con film	B01AF01	DOC GENERICI SRL	Autorizzata	Procedura Mutuo riconoscimento o Decentrata	Medicinali soggetti a prescrizione medica limitativa, vendibili al pubblico su prescrizione di centri ospedalieri o di specialisti
049651045	049651	RIVAROXABAN DOC	15 MG COMPRESSE RIVESTITE CON FILM- 42 COMPRESSE IN BLISTER AL/PVC/PE/PVDC	RIVAROXABAN	RIVAROXABAN	10	milligrammi	Compressa rivestita con film	B01AF01	DOC GENERICI SRL	Autorizzata	Procedura Mutuo riconoscimento o Decentrata	Medicinali soggetti a prescrizione medica limitativa, vendibili al pubblico su prescrizione di centri ospedalieri o di specialisti
049651058	049651	RIVAROXABAN DOC	20 MG COMPRESSE RIVESTITE CON FILM- 28 COMPRESSE IN BLISTER AL/PVC/PE/PVDC	RIVAROXABAN	RIVAROXABAN	10	milligrammi	Compressa rivestita con film	B01AF01	DOC GENERICI SRL	Autorizzata	Procedura Mutuo riconoscimento o Decentrata	Medicinali soggetti a prescrizione medica limitativa, vendibili al pubblico su prescrizione di centri ospedalieri o di specialisti
049674017	049674	RIVAROXABAN EG	2,5 MG COMPRESSE RIVSTITE CON FILM- 20 COMPRESSE IN BLISTER PVC/PVDC/AL	RIVAROXABAN	RIVAROXABAN			Compressa rivestita con film	B01AF01	EG S.P.A.	Autorizzata	Procedura Mutuo riconoscimento o Decentrata	Medicinali soggetti a prescrizione medica limitativa, vendibili al pubblico su prescrizione di centri ospedalieri o di specialisti
049674029	049674	RIVAROXABAN EG	2,5 MG COMPRESSE RIVSTITE CON FILM- 20X1 COMPRESSE IN BLISTER PVC/PVDC/AL DIVISIBILE PER DOSE UNITARIA	RIVAROXABAN	RIVAROXABAN			Compressa rivestita con film	B01AF01	EG S.P.A.	Autorizzata	Procedura Mutuo riconoscimento o Decentrata	Medicinali soggetti a prescrizione medica limitativa, vendibili al pubblico su prescrizione di centri ospedalieri o di specialisti
049674031	049674	RIVAROXABAN EG	2,5 MG COMPRESSE RIVSTITE CON FILM- 28 COMPRESSE IN BLISTER PVC/PVDC/AL	RIVAROXABAN	RIVAROXABAN			Compressa rivestita con film	B01AF01	EG S.P.A.	Autorizzata	Procedura Mutuo riconoscimento o Decentrata	Medicinali soggetti a prescrizione medica limitativa, vendibili al pubblico su prescrizione di centri ospedalieri o di specialisti
049674043	049674	RIVAROXABAN EG	2,5 MG COMPRESSE RIVSTITE CON FILM- 28X1 COMPRESSE IN BLISTER PVC/PVDC/AL DIVISIBILE PER DOSE UNITARIA	RIVAROXABAN	RIVAROXABAN			Compressa rivestita con film	B01AF01	EG S.P.A.	Autorizzata	Procedura Mutuo riconoscimento o Decentrata	Medicinali soggetti a prescrizione medica limitativa, vendibili al pubblico su prescrizione di centri ospedalieri o di specialisti
049674056	049674	RIVAROXABAN EG	2,5 MG COMPRESSE RIVSTITE CON FILM- 56 COMPRESSE IN BLISTER PVC/PVDC/AL	RIVAROXABAN	RIVAROXABAN			Compressa rivestita con film	B01AF01	EG S.P.A.	Autorizzata	Procedura Mutuo riconoscimento o Decentrata	Medicinali soggetti a prescrizione medica limitativa, vendibili al pubblico su prescrizione di centri ospedalieri o di specialisti
049674068	049674	RIVAROXABAN EG	2,5 MG COMPRESSE RIVSTITE CON FILM- 56X1 COMPRESSE IN BLISTER PVC/PVDC/AL DIVISIBILE PER DOSE UNITARIA	RIVAROXABAN	RIVAROXABAN			Compressa rivestita con film	B01AF01	EG S.P.A.	Autorizzata	Procedura Mutuo riconoscimento o Decentrata	Medicinali soggetti a prescrizione medica limitativa, vendibili al pubblico su prescrizione di centri ospedalieri o di specialisti
049674070	049674	RIVAROXABAN EG	2,5 MG COMPRESSE RIVSTITE CON FILM- 198 COMPRESSE IN BLISTER PVC/PVDC/AL	RIVAROXABAN	RIVAROXABAN			Compressa rivestita con film	B01AF01	EG S.P.A.	Autorizzata	Procedura Mutuo riconoscimento o Decentrata	Medicinali soggetti a prescrizione medica limitativa, vendibili al pubblico su prescrizione di centri ospedalieri o di specialisti
049674082	049674	RIVAROXABAN EG	2,5 MG COMPRESSE RIVSTITE CON FILM- 198X1 COMPRESSE IN BLISTER PVC/PVDC/AL  DIVISIBILE PER DOSE UNITARIA	RIVAROXABAN	RIVAROXABAN			Compressa rivestita con film	B01AF01	EG S.P.A.	Autorizzata	Procedura Mutuo riconoscimento o Decentrata	Medicinali soggetti a prescrizione medica limitativa, vendibili al pubblico su prescrizione di centri ospedalieri o di specialisti
049674094	049674	RIVAROXABAN EG	10 MG COMPRESSE RIVSTITE CON FILM- 5 COMPRESSE IN BLISTER PVC/PVDC/AL	RIVAROXABAN	RIVAROXABAN			Compressa rivestita con film	B01AF01	EG S.P.A.	Autorizzata	Procedura Mutuo riconoscimento o Decentrata	Medicinali soggetti a prescrizione medica limitativa, vendibili al pubblico su prescrizione di centri ospedalieri o di specialisti
049674106	049674	RIVAROXABAN EG	10 MG COMPRESSE RIVSTITE CON FILM- 5X1 COMPRESSE IN BLISTER PVC/PVDC/AL DIVISIBILE PER DOSE UNITARIA	RIVAROXABAN	RIVAROXABAN			Compressa rivestita con film	B01AF01	EG S.P.A.	Autorizzata	Procedura Mutuo riconoscimento o Decentrata	Medicinali soggetti a prescrizione medica limitativa, vendibili al pubblico su prescrizione di centri ospedalieri o di specialisti
049674118	049674	RIVAROXABAN EG	10 MG COMPRESSE RIVSTITE CON FILM- 10 COMPRESSE IN BLISTER PVC/PVDC/AL	RIVAROXABAN	RIVAROXABAN			Compressa rivestita con film	B01AF01	EG S.P.A.	Autorizzata	Procedura Mutuo riconoscimento o Decentrata	Medicinali soggetti a prescrizione medica limitativa, vendibili al pubblico su prescrizione di centri ospedalieri o di specialisti
049674120	049674	RIVAROXABAN EG	10 MG COMPRESSE RIVSTITE CON FILM- 10X1 COMPRESSE IN BLISTER PVC/PVDC/AL DIVISIBILE PER DOSE UNITARIA	RIVAROXABAN	RIVAROXABAN			Compressa rivestita con film	B01AF01	EG S.P.A.	Autorizzata	Procedura Mutuo riconoscimento o Decentrata	Medicinali soggetti a prescrizione medica limitativa, vendibili al pubblico su prescrizione di centri ospedalieri o di specialisti
049674132	049674	RIVAROXABAN EG	10 MG COMPRESSE RIVSTITE CON FILM- 30 COMPRESSE IN BLISTER PVC/PVDC/AL	RIVAROXABAN	RIVAROXABAN			Compressa rivestita con film	B01AF01	EG S.P.A.	Autorizzata	Procedura Mutuo riconoscimento o Decentrata	Medicinali soggetti a prescrizione medica limitativa, vendibili al pubblico su prescrizione di centri ospedalieri o di specialisti
049674144	049674	RIVAROXABAN EG	10 MG COMPRESSE RIVSTITE CON FILM- 30X1 COMPRESSE IN BLISTER PVC/PVDC/AL DIVISIBILE PER DOSE UNITARIA	RIVAROXABAN	RIVAROXABAN			Compressa rivestita con film	B01AF01	EG S.P.A.	Autorizzata	Procedura Mutuo riconoscimento o Decentrata	Medicinali soggetti a prescrizione medica limitativa, vendibili al pubblico su prescrizione di centri ospedalieri o di specialisti
049674157	049674	RIVAROXABAN EG	10 MG COMPRESSE RIVSTITE CON FILM- 100 COMPRESSE IN BLISTER PVC/PVDC/AL	RIVAROXABAN	RIVAROXABAN			Compressa rivestita con film	B01AF01	EG S.P.A.	Autorizzata	Procedura Mutuo riconoscimento o Decentrata	Medicinali soggetti a prescrizione medica limitativa, vendibili al pubblico su prescrizione di centri ospedalieri o di specialisti
049674169	049674	RIVAROXABAN EG	10 MG COMPRESSE RIVSTITE CON FILM- 100X1 COMPRESSE IN BLISTER PVC/PVDC/AL DIVISIBILE PER DOSE UNITARIA	RIVAROXABAN	RIVAROXABAN			Compressa rivestita con film	B01AF01	EG S.P.A.	Autorizzata	Procedura Mutuo riconoscimento o Decentrata	Medicinali soggetti a prescrizione medica limitativa, vendibili al pubblico su prescrizione di centri ospedalieri o di specialisti
049674171	049674	RIVAROXABAN EG	15 MG COMPRESSE RIVSTITE CON FILM- 10 COMPRESSE IN BLISTER PVC/PVDC/AL	RIVAROXABAN	RIVAROXABAN			Compressa rivestita con film	B01AF01	EG S.P.A.	Autorizzata	Procedura Mutuo riconoscimento o Decentrata	Medicinali soggetti a prescrizione medica limitativa, vendibili al pubblico su prescrizione di centri ospedalieri o di specialisti
049674183	049674	RIVAROXABAN EG	15 MG COMPRESSE RIVSTITE CON FILM- 10X1 COMPRESSE IN BLISTER PVC/PVDC/AL DIVISIBILE PER DOSE UNITARIA	RIVAROXABAN	RIVAROXABAN			Compressa rivestita con film	B01AF01	EG S.P.A.	Autorizzata	Procedura Mutuo riconoscimento o Decentrata	Medicinali soggetti a prescrizione medica limitativa, vendibili al pubblico su prescrizione di centri ospedalieri o di specialisti
049674195	049674	RIVAROXABAN EG	15 MG COMPRESSE RIVSTITE CON FILM- 28 COMPRESSE IN BLISTER PVC/PVDC/AL	RIVAROXABAN	RIVAROXABAN			Compressa rivestita con film	B01AF01	EG S.P.A.	Autorizzata	Procedura Mutuo riconoscimento o Decentrata	Medicinali soggetti a prescrizione medica limitativa, vendibili al pubblico su prescrizione di centri ospedalieri o di specialisti
049674207	049674	RIVAROXABAN EG	15 MG COMPRESSE RIVSTITE CON FILM- 28X1 COMPRESSE IN BLISTER PVC/PVDC/AL DIVISIBILE PER DOSE UNITARIA	RIVAROXABAN	RIVAROXABAN			Compressa rivestita con film	B01AF01	EG S.P.A.	Autorizzata	Procedura Mutuo riconoscimento o Decentrata	Medicinali soggetti a prescrizione medica limitativa, vendibili al pubblico su prescrizione di centri ospedalieri o di specialisti
049674219	049674	RIVAROXABAN EG	15 MG COMPRESSE RIVSTITE CON FILM- 42 COMPRESSE IN BLISTER PVC/PVDC/AL	RIVAROXABAN	RIVAROXABAN			Compressa rivestita con film	B01AF01	EG S.P.A.	Autorizzata	Procedura Mutuo riconoscimento o Decentrata	Medicinali soggetti a prescrizione medica limitativa, vendibili al pubblico su prescrizione di centri ospedalieri o di specialisti
049674221	049674	RIVAROXABAN EG	15 MG COMPRESSE RIVSTITE CON FILM- 42X1 COMPRESSE IN BLISTER PVC/PVDC/AL DIVISIBILE PER DOSE UNITARIA	RIVAROXABAN	RIVAROXABAN			Compressa rivestita con film	B01AF01	EG S.P.A.	Autorizzata	Procedura Mutuo riconoscimento o Decentrata	Medicinali soggetti a prescrizione medica limitativa, vendibili al pubblico su prescrizione di centri ospedalieri o di specialisti
049674233	049674	RIVAROXABAN EG	15 MG COMPRESSE RIVSTITE CON FILM- 98 COMPRESSE IN BLISTER PVC/PVDC/AL	RIVAROXABAN	RIVAROXABAN			Compressa rivestita con film	B01AF01	EG S.P.A.	Autorizzata	Procedura Mutuo riconoscimento o Decentrata	Medicinali soggetti a prescrizione medica limitativa, vendibili al pubblico su prescrizione di centri ospedalieri o di specialisti
049674245	049674	RIVAROXABAN EG	15 MG COMPRESSE RIVSTITE CON FILM- 98X1 COMPRESSE IN BLISTER PVC/PVDC/AL DIVISIBILE PER DOSE UNITARIA	RIVAROXABAN	RIVAROXABAN			Compressa rivestita con film	B01AF01	EG S.P.A.	Autorizzata	Procedura Mutuo riconoscimento o Decentrata	Medicinali soggetti a prescrizione medica limitativa, vendibili al pubblico su prescrizione di centri ospedalieri o di specialisti
049674258	049674	RIVAROXABAN EG	20 MG COMPRESSE RIVSTITE CON FILM- 10 COMPRESSE IN BLISTER PVC/PVDC/AL	RIVAROXABAN	RIVAROXABAN			Compressa rivestita con film	B01AF01	EG S.P.A.	Autorizzata	Procedura Mutuo riconoscimento o Decentrata	Medicinali soggetti a prescrizione medica limitativa, vendibili al pubblico su prescrizione di centri ospedalieri o di specialisti
049674260	049674	RIVAROXABAN EG	20 MG COMPRESSE RIVSTITE CON FILM- 10X1 COMPRESSE IN BLISTER PVC/PVDC/AL DIVISIBILE PER DOSE UNITARIA	RIVAROXABAN	RIVAROXABAN			Compressa rivestita con film	B01AF01	EG S.P.A.	Autorizzata	Procedura Mutuo riconoscimento o Decentrata	Medicinali soggetti a prescrizione medica limitativa, vendibili al pubblico su prescrizione di centri ospedalieri o di specialisti
049674272	049674	RIVAROXABAN EG	20 MG COMPRESSE RIVSTITE CON FILM- 28 COMPRESSE IN BLISTER PVC/PVDC/AL	RIVAROXABAN	RIVAROXABAN			Compressa rivestita con film	B01AF01	EG S.P.A.	Autorizzata	Procedura Mutuo riconoscimento o Decentrata	Medicinali soggetti a prescrizione medica limitativa, vendibili al pubblico su prescrizione di centri ospedalieri o di specialisti
049674284	049674	RIVAROXABAN EG	20 MG COMPRESSE RIVSTITE CON FILM- 28X1 COMPRESSE IN BLISTER PVC/PVDC/AL DIVISIBILE PER DOSE UNITARIA	RIVAROXABAN	RIVAROXABAN			Compressa rivestita con film	B01AF01	EG S.P.A.	Autorizzata	Procedura Mutuo riconoscimento o Decentrata	Medicinali soggetti a prescrizione medica limitativa, vendibili al pubblico su prescrizione di centri ospedalieri o di specialisti
049674296	049674	RIVAROXABAN EG	20 MG COMPRESSE RIVSTITE CON FILM- 98 COMPRESSE IN BLISTER PVC/PVDC/AL	RIVAROXABAN	RIVAROXABAN			Compressa rivestita con film	B01AF01	EG S.P.A.	Autorizzata	Procedura Mutuo riconoscimento o Decentrata	Medicinali soggetti a prescrizione medica limitativa, vendibili al pubblico su prescrizione di centri ospedalieri o di specialisti
049674308	049674	RIVAROXABAN EG	20 MG COMPRESSE RIVSTITE CON FILM- 98X1 COMPRESSE IN BLISTER PVC/PVDC/AL DIVISIBILE PER DOSE UNITARIA	RIVAROXABAN	RIVAROXABAN			Compressa rivestita con film	B01AF01	EG S.P.A.	Autorizzata	Procedura Mutuo riconoscimento o Decentrata	Medicinali soggetti a prescrizione medica limitativa, vendibili al pubblico su prescrizione di centri ospedalieri o di specialisti
049674310	049674	RIVAROXABAN EG	15 MG + 20 MG COMPRESSE RIVESTITE CON FILM- CONFEZIONE DI INIZIO TRATTAMENTO 49 COMPRESSE IN BLISTER PVC/PVDC/AL (42 X 15 MG + 7 X 20 MG)	RIVAROXABAN	RIVAROXABAN			Compressa rivestita con film	B01AF01	EG S.P.A.	Autorizzata	Procedura Mutuo riconoscimento o Decentrata	Medicinali soggetti a prescrizione medica limitativa, vendibili al pubblico su prescrizione di centri ospedalieri o di specialisti
049674322	049674	RIVAROXABAN EG	15 MG + 20 MG COMPRESSE RIVESTITE CON FILM- CONFEZIONE DI INIZIO TRATTAMENTO 49 COMPRESSE IN BLISTER PVC/PVDC/AL (42 X1) 15 MG + 7 X 1 (20 MG) DIVISIBILE PER DOSE UNITARIA	RIVAROXABAN	RIVAROXABAN			Compressa rivestita con film	B01AF01	EG S.P.A.	Autorizzata	Procedura Mutuo riconoscimento o Decentrata	Medicinali soggetti a prescrizione medica limitativa, vendibili al pubblico su prescrizione di centri ospedalieri o di specialisti
049674334	049674	RIVAROXABAN EG	10 MG COMPRESSE RIVSTITE CON FILM- 98X1 COMPRESSE IN BLISTER PVC/PVDC/AL DIVISIBILE PER DOSE UNITARIA	RIVAROXABAN	RIVAROXABAN			Compressa rivestita con film	B01AF01	EG S.P.A.	Autorizzata	Procedura Mutuo riconoscimento o Decentrata	Medicinali soggetti a prescrizione medica limitativa, vendibili al pubblico su prescrizione di centri ospedalieri o di specialisti
049674346	049674	RIVAROXABAN EG	10 MG COMPRESSE RIVSTITE CON FILM- 98 COMPRESSE IN BLISTER PVC/PVDC/AL	RIVAROXABAN	RIVAROXABAN			Compressa rivestita con film	B01AF01	EG S.P.A.	Autorizzata	Procedura Mutuo riconoscimento o Decentrata	Medicinali soggetti a prescrizione medica limitativa, vendibili al pubblico su prescrizione di centri ospedalieri o di specialisti
049674359	049674	RIVAROXABAN EG	20 MG COMPRESSE RIVSTITE CON FILM- 14X1 COMPRESSE IN BLISTER PVC/PVDC/AL DIVISIBILE PER DOSE UNITARIA	RIVAROXABAN	RIVAROXABAN			Compressa rivestita con film	B01AF01	EG S.P.A.	Autorizzata	Procedura Mutuo riconoscimento o Decentrata	Medicinali soggetti a prescrizione medica limitativa, vendibili al pubblico su prescrizione di centri ospedalieri o di specialisti
049674361	049674	RIVAROXABAN EG	20 MG COMPRESSE RIVSTITE CON FILM- 14 COMPRESSE IN BLISTER PVC/PVDC/AL	RIVAROXABAN	RIVAROXABAN			Compressa rivestita con film	B01AF01	EG S.P.A.	Autorizzata	Procedura Mutuo riconoscimento o Decentrata	Medicinali soggetti a prescrizione medica limitativa, vendibili al pubblico su prescrizione di centri ospedalieri o di specialisti
049674373	049674	RIVAROXABAN EG	15 MG COMPRESSE RIVSTITE CON FILM- 100 COMPRESSE IN BLISTER PVC/PVDC/AL	RIVAROXABAN	RIVAROXABAN			Compressa rivestita con film	B01AF01	EG S.P.A.	Autorizzata	Procedura Mutuo riconoscimento o Decentrata	Medicinali soggetti a prescrizione medica limitativa, vendibili al pubblico su prescrizione di centri ospedalieri o di specialisti
049674385	049674	RIVAROXABAN EG	20 MG COMPRESSE RIVSTITE CON FILM- 100 COMPRESSE IN BLISTER PVC/PVDC/AL	RIVAROXABAN	RIVAROXABAN			Compressa rivestita con film	B01AF01	EG S.P.A.	Autorizzata	Procedura Mutuo riconoscimento o Decentrata	Medicinali soggetti a prescrizione medica limitativa, vendibili al pubblico su prescrizione di centri ospedalieri o di specialisti
049674397	049674	RIVAROXABAN EG	15 MG COMPRESSE RIVSTITE CON FILM- 100 X 1 COMPRESSE IN BLISTER DIVISIBILE PER DOSE UNITARIA PVC/PVDC/AL	RIVAROXABAN	RIVAROXABAN			Compressa rivestita con film	B01AF01	EG S.P.A.	Autorizzata	Procedura Mutuo riconoscimento o Decentrata	Medicinali soggetti a prescrizione medica limitativa, vendibili al pubblico su prescrizione di centri ospedalieri o di specialisti
049674409	049674	RIVAROXABAN EG	20 MG COMPRESSE RIVSTITE CON FILM- 100 X 1 COMPRESSE IN BLISTER DIVISIBILE PER DOSE UNITARIA PVC/PVDC/AL	RIVAROXABAN	RIVAROXABAN			Compressa rivestita con film	B01AF01	EG S.P.A.	Autorizzata	Procedura Mutuo riconoscimento o Decentrata	Medicinali soggetti a prescrizione medica limitativa, vendibili al pubblico su prescrizione di centri ospedalieri o di specialisti
049781014	049781	UNOXIR	10 MG COMPRESSE RIVESTITE CON FILM- 30 COMPRESSE IN BLISTER PVC/PVDC/AL	RIVAROXABAN	RIVAROXABAN	10	milligrammi	Compressa rivestita con film	B01AF01	LABORATORIO FARMACEUTICO C.T. S.R.L.	Autorizzata	Procedura Nazionale	Medicinali soggetti a prescrizione medica
049781026	049781	UNOXIR	15 MILLIGRAMMI COMPRESSE RIVESTITE CON FILM- 28 COMPRESSE IN BLISTER PVC/PVDC/AL	RIVAROXABAN	RIVAROXABAN	15	milligrammi	Compressa rivestita con film	B01AF01	LABORATORIO FARMACEUTICO C.T. S.R.L.	Autorizzata	Procedura Nazionale	Medicinali soggetti a prescrizione medica
049781038	049781	UNOXIR	15 MILLIGRAMMI COMPRESSE RIVESTITE CON FILM- 42 COMPRESSE IN BLISTER PVC/PVDC/AL	RIVAROXABAN	RIVAROXABAN	15	milligrammi	Compressa rivestita con film	B01AF01	LABORATORIO FARMACEUTICO C.T. S.R.L.	Autorizzata	Procedura Nazionale	Medicinali soggetti a prescrizione medica
049781040	049781	UNOXIR	20 MG COMPRESSE RIVESTITE CON FILM- 28 COMPRESSE IN BLISTER PVC/PVDC/AL	RIVAROXABAN	RIVAROXABAN	20	milligrammi	Compressa rivestita con film	B01AF01	LABORATORIO FARMACEUTICO C.T. S.R.L.	Autorizzata	Procedura Nazionale	Medicinali soggetti a prescrizione medica
049793019	049793	RIVAROXABAN VIATRIS	2,5 mg - Compressa - Uso orale - Blister (PVC/PVdC/alu) - 10 compresse	RIVAROXABAN	RIVAROXABAN	2.5	milligrammi	Compressa	B01AF01	VIATRIS LIMITED	Autorizzata	Procedura Centralizzata	Medicinali soggetti a prescrizione medica
049793021	049793	RIVAROXABAN VIATRIS	2,5 mg - Compressa - Uso orale - Blister (PVC/PVdC/alu) - 28 compresse	RIVAROXABAN	RIVAROXABAN	2.5	milligrammi	Compressa	B01AF01	VIATRIS LIMITED	Autorizzata	Procedura Centralizzata	Medicinali soggetti a prescrizione medica
049793033	049793	RIVAROXABAN VIATRIS	2,5 mg - Compressa - Uso orale - Blister (PVC/PVdC/alu) - 56 compresse	RIVAROXABAN	RIVAROXABAN	2.5	milligrammi	Compressa	B01AF01	VIATRIS LIMITED	Autorizzata	Procedura Centralizzata	Medicinali soggetti a prescrizione medica limitativa, vendibili al pubblico su prescrizione di centri ospedalieri o di specialisti
049793045	049793	RIVAROXABAN VIATRIS	2,5 mg - Compressa - Uso orale - Blister (PVC/PVdC/alu) - 60 compresse	RIVAROXABAN	RIVAROXABAN	2.5	milligrammi	Compressa	B01AF01	VIATRIS LIMITED	Autorizzata	Procedura Centralizzata	Medicinali soggetti a prescrizione medica
049793058	049793	RIVAROXABAN VIATRIS	2,5 mg - Compressa - Uso orale - Blister (PVC/PVdC/alu) - 100 compresse	RIVAROXABAN	RIVAROXABAN	2.5	milligrammi	Compressa	B01AF01	VIATRIS LIMITED	Autorizzata	Procedura Centralizzata	Medicinali soggetti a prescrizione medica
049793060	049793	RIVAROXABAN VIATRIS	2,5 mg - Compressa - Uso orale - Blister (PVC/PVdC/alu) - 196 compresse	RIVAROXABAN	RIVAROXABAN	2.5	milligrammi	Compressa	B01AF01	VIATRIS LIMITED	Autorizzata	Procedura Centralizzata	Medicinali soggetti a prescrizione medica
049793072	049793	RIVAROXABAN VIATRIS	2,5 mg - Compressa - Uso orale - Blister (PVC/PVdC/alu) - 28 x 1 compresse (dose unitaria)	RIVAROXABAN	RIVAROXABAN	2.5	milligrammi	Compressa	B01AF01	VIATRIS LIMITED	Autorizzata	Procedura Centralizzata	Medicinali soggetti a prescrizione medica
049793084	049793	RIVAROXABAN VIATRIS	2,5 mg - Compressa - Uso orale - Blister (PVC/PVdC/alu) - 30 x 1 compresse (dose unitaria)	RIVAROXABAN	RIVAROXABAN	2.5	milligrammi	Compressa	B01AF01	VIATRIS LIMITED	Autorizzata	Procedura Centralizzata	Medicinali soggetti a prescrizione medica
049793096	049793	RIVAROXABAN VIATRIS	2,5 mg - Compressa - Uso orale - Blister (PVC/PVdC/alu) - 56 x 1 compresse (dose unitaria)	RIVAROXABAN	RIVAROXABAN	2.5	milligrammi	Compressa	B01AF01	VIATRIS LIMITED	Autorizzata	Procedura Centralizzata	Medicinali soggetti a prescrizione medica limitativa, vendibili al pubblico su prescrizione di centri ospedalieri o di specialisti
049793108	049793	RIVAROXABAN VIATRIS	2,5 mg - Compressa - Uso orale - Blister (PVC/PVdC/alu) - 60 x 1 compresse (dose unitaria)	RIVAROXABAN	RIVAROXABAN	2.5	milligrammi	Compressa	B01AF01	VIATRIS LIMITED	Autorizzata	Procedura Centralizzata	Medicinali soggetti a prescrizione medica
049793110	049793	RIVAROXABAN VIATRIS	2,5 mg - Compressa - Uso orale - Blister (PVC/PVdC/alu) - 90 x 1 compresse (dose unitaria)	RIVAROXABAN	RIVAROXABAN	2.5	milligrammi	Compressa	B01AF01	VIATRIS LIMITED	Autorizzata	Procedura Centralizzata	Medicinali soggetti a prescrizione medica
049793122	049793	RIVAROXABAN VIATRIS	2,5 mg - Compressa - Uso orale - flacone (HDPE) - 98 compresse	RIVAROXABAN	RIVAROXABAN	2.5	milligrammi	Compressa	B01AF01	VIATRIS LIMITED	Autorizzata	Procedura Centralizzata	Medicinali soggetti a prescrizione medica
049793134	049793	RIVAROXABAN VIATRIS	2,5 mg - Compressa - Uso orale - flacone (HDPE) - 100 compresse	RIVAROXABAN	RIVAROXABAN	2.5	milligrammi	Compressa	B01AF01	VIATRIS LIMITED	Autorizzata	Procedura Centralizzata	Medicinali soggetti a prescrizione medica
049793146	049793	RIVAROXABAN VIATRIS	2,5 mg - Compressa - Uso orale - flacone (HDPE) - 196 compresse	RIVAROXABAN	RIVAROXABAN	2.5	milligrammi	Compressa	B01AF01	VIATRIS LIMITED	Autorizzata	Procedura Centralizzata	Medicinali soggetti a prescrizione medica
049793159	049793	RIVAROXABAN VIATRIS	10 mg - Compressa - Uso orale - Blister (PVC/PVdC/alu) - 10 compresse	RIVAROXABAN	RIVAROXABAN	10	milligrammi	Compressa	B01AF01	VIATRIS LIMITED	Autorizzata	Procedura Centralizzata	Medicinali soggetti a prescrizione medica
049793161	049793	RIVAROXABAN VIATRIS	10 mg - Compressa - Uso orale - Blister (PVC/PVdC/alu) - 30 compresse	RIVAROXABAN	RIVAROXABAN	10	milligrammi	Compressa	B01AF01	VIATRIS LIMITED	Autorizzata	Procedura Centralizzata	Medicinali soggetti a prescrizione medica
049793173	049793	RIVAROXABAN VIATRIS	10 mg - Compressa - Uso orale - Blister (PVC/PVdC/alu) - 100 compresse	RIVAROXABAN	RIVAROXABAN	10	milligrammi	Compressa	B01AF01	VIATRIS LIMITED	Autorizzata	Procedura Centralizzata	Medicinali soggetti a prescrizione medica
049793185	049793	RIVAROXABAN VIATRIS	10 mg - Compressa - Uso orale - Blister (PVC/PVdC/alu) - 10 x 1 compresse (dose unitaria)	RIVAROXABAN	RIVAROXABAN	10	milligrammi	Compressa	B01AF01	VIATRIS LIMITED	Autorizzata	Procedura Centralizzata	Medicinali soggetti a prescrizione medica
049793197	049793	RIVAROXABAN VIATRIS	10 mg - Compressa - Uso orale - Blister (PVC/PVdC/alu) - 28 x 1 compresse (dose unitaria)	RIVAROXABAN	RIVAROXABAN	10	milligrammi	Compressa	B01AF01	VIATRIS LIMITED	Autorizzata	Procedura Centralizzata	Medicinali soggetti a prescrizione medica limitativa, vendibili al pubblico su prescrizione di centri ospedalieri o di specialisti
049793209	049793	RIVAROXABAN VIATRIS	10 mg - Compressa - Uso orale - Blister (PVC/PVdC/alu) - 30 x 1 compresse (dose unitaria)	RIVAROXABAN	RIVAROXABAN	10	milligrammi	Compressa	B01AF01	VIATRIS LIMITED	Autorizzata	Procedura Centralizzata	Medicinali soggetti a prescrizione medica
049793211	049793	RIVAROXABAN VIATRIS	10 mg - Compressa - Uso orale - Blister (PVC/PVdC/alu) - 50 x 1 compresse (dose unitaria)	RIVAROXABAN	RIVAROXABAN	10	milligrammi	Compressa	B01AF01	VIATRIS LIMITED	Autorizzata	Procedura Centralizzata	Medicinali soggetti a prescrizione medica limitativa, vendibili al pubblico su prescrizione di centri ospedalieri o di specialisti
049793223	049793	RIVAROXABAN VIATRIS	10 mg - Compressa - Uso orale - Blister (PVC/PVdC/alu) - 98 x 1 compresse (dose unitaria)	RIVAROXABAN	RIVAROXABAN	10	milligrammi	Compressa	B01AF01	VIATRIS LIMITED	Autorizzata	Procedura Centralizzata	Medicinali soggetti a prescrizione medica limitativa, vendibili al pubblico su prescrizione di centri ospedalieri o di specialisti
049793235	049793	RIVAROXABAN VIATRIS	10 mg - Compressa - Uso orale - Blister (PVC/PVdC/alu) - 100 x 1 compresse (dose unitaria)	RIVAROXABAN	RIVAROXABAN	10	milligrammi	Compressa	B01AF01	VIATRIS LIMITED	Autorizzata	Procedura Centralizzata	Medicinali soggetti a prescrizione medica
049793247	049793	RIVAROXABAN VIATRIS	10 mg - Compressa - Uso orale - Flacone (HDPE) - 98 compresse	RIVAROXABAN	RIVAROXABAN	10	milligrammi	Compressa	B01AF01	VIATRIS LIMITED	Autorizzata	Procedura Centralizzata	Medicinali soggetti a prescrizione medica limitativa, vendibili al pubblico su prescrizione di centri ospedalieri o di specialisti
049793250	049793	RIVAROXABAN VIATRIS	10 mg - Compressa - Uso orale - Flacone (HDPE) - 100 compresse	RIVAROXABAN	RIVAROXABAN	10	milligrammi	Compressa	B01AF01	VIATRIS LIMITED	Autorizzata	Procedura Centralizzata	Medicinali soggetti a prescrizione medica
049793262	049793	RIVAROXABAN VIATRIS	15 mg - Compressa - Uso orale - Blister (PVC/PVdC/alu) - 14 compresse	RIVAROXABAN	RIVAROXABAN	15	milligrammi	Compressa	B01AF01	VIATRIS LIMITED	Autorizzata	Procedura Centralizzata	Medicinali soggetti a prescrizione medica
049793274	049793	RIVAROXABAN VIATRIS	15 mg - Compressa - Uso orale - Blister (PVC/PVdC/alu) - 28 compresse	RIVAROXABAN	RIVAROXABAN	15	milligrammi	Compressa	B01AF01	VIATRIS LIMITED	Autorizzata	Procedura Centralizzata	Medicinali soggetti a prescrizione medica
049793286	049793	RIVAROXABAN VIATRIS	15 mg - Compressa - Uso orale - Blister (PVC/PVdC/alu) - 30 compresse	RIVAROXABAN	RIVAROXABAN	15	milligrammi	Compressa	B01AF01	VIATRIS LIMITED	Autorizzata	Procedura Centralizzata	Medicinali soggetti a prescrizione medica limitativa, vendibili al pubblico su prescrizione di centri ospedalieri o di specialisti
049793298	049793	RIVAROXABAN VIATRIS	15 mg - Compressa - Uso orale - Blister (PVC/PVdC/alu) - 42 compresse	RIVAROXABAN	RIVAROXABAN	15	milligrammi	Compressa	B01AF01	VIATRIS LIMITED	Autorizzata	Procedura Centralizzata	Medicinali soggetti a prescrizione medica
049793300	049793	RIVAROXABAN VIATRIS	15 mg - Compressa - Uso orale - Blister (PVC/PVdC/alu) - 98 compresse	RIVAROXABAN	RIVAROXABAN	15	milligrammi	Compressa	B01AF01	VIATRIS LIMITED	Autorizzata	Procedura Centralizzata	Medicinali soggetti a prescrizione medica limitativa, vendibili al pubblico su prescrizione di centri ospedalieri o di specialisti
049793312	049793	RIVAROXABAN VIATRIS	15 mg - Compressa - Uso orale - Blister (PVC/PVdC/alu) - 100 compresse	RIVAROXABAN	RIVAROXABAN	15	milligrammi	Compressa	B01AF01	VIATRIS LIMITED	Autorizzata	Procedura Centralizzata	Medicinali soggetti a prescrizione medica
049793324	049793	RIVAROXABAN VIATRIS	15 mg - Compressa - Uso orale - Blister (PVC/PVdC/alu) - 14 x 1 compresse (dose unitaria)	RIVAROXABAN	RIVAROXABAN	15	milligrammi	Compressa	B01AF01	VIATRIS LIMITED	Autorizzata	Procedura Centralizzata	Medicinali soggetti a prescrizione medica
049793336	049793	RIVAROXABAN VIATRIS	15 mg - Compressa - Uso orale - Blister (PVC/PVdC/alu) - 28 x 1 compresse (dose unitaria)	RIVAROXABAN	RIVAROXABAN	15	milligrammi	Compressa	B01AF01	VIATRIS LIMITED	Autorizzata	Procedura Centralizzata	Medicinali soggetti a prescrizione medica
049793348	049793	RIVAROXABAN VIATRIS	15 mg - Compressa - Uso orale - Blister (PVC/PVdC/alu) - 30 x 1 compresse (dose unitaria)	RIVAROXABAN	RIVAROXABAN	15	milligrammi	Compressa	B01AF01	VIATRIS LIMITED	Autorizzata	Procedura Centralizzata	Medicinali soggetti a prescrizione medica limitativa, vendibili al pubblico su prescrizione di centri ospedalieri o di specialisti
049793351	049793	RIVAROXABAN VIATRIS	15 mg - Compressa - Uso orale - Blister (PVC/PVdC/alu) - 42 x 1 compresse (dose unitaria)	RIVAROXABAN	RIVAROXABAN	15	milligrammi	Compressa	B01AF01	VIATRIS LIMITED	Autorizzata	Procedura Centralizzata	Medicinali soggetti a prescrizione medica
049793363	049793	RIVAROXABAN VIATRIS	15 mg - Compressa - Uso orale - Blister (PVC/PVdC/alu) - 50 x 1 compresse (dose unitaria)	RIVAROXABAN	RIVAROXABAN	15	milligrammi	Compressa	B01AF01	VIATRIS LIMITED	Autorizzata	Procedura Centralizzata	Medicinali soggetti a prescrizione medica limitativa, vendibili al pubblico su prescrizione di centri ospedalieri o di specialisti
049793375	049793	RIVAROXABAN VIATRIS	15 mg - Compressa - Uso orale - Blister (PVC/PVdC/alu) - 98 x 1 compresse (dose unitaria)	RIVAROXABAN	RIVAROXABAN	15	milligrammi	Compressa	B01AF01	VIATRIS LIMITED	Autorizzata	Procedura Centralizzata	Medicinali soggetti a prescrizione medica limitativa, vendibili al pubblico su prescrizione di centri ospedalieri o di specialisti
049793387	049793	RIVAROXABAN VIATRIS	15 mg - Compressa - Uso orale - Blister (PVC/PVdC/alu) - 100 x 1 compresse (dose unitaria)	RIVAROXABAN	RIVAROXABAN	15	milligrammi	Compressa	B01AF01	VIATRIS LIMITED	Autorizzata	Procedura Centralizzata	Medicinali soggetti a prescrizione medica
049793399	049793	RIVAROXABAN VIATRIS	15 mg - Compressa - Uso orale - Flacone (HDPE) - 98 compresse	RIVAROXABAN	RIVAROXABAN	15	milligrammi	Compressa	B01AF01	VIATRIS LIMITED	Autorizzata	Procedura Centralizzata	Medicinali soggetti a prescrizione medica limitativa, vendibili al pubblico su prescrizione di centri ospedalieri o di specialisti
049793401	049793	RIVAROXABAN VIATRIS	15 mg - Compressa - Uso orale - Flacone (HDPE) - 100 compresse	RIVAROXABAN	RIVAROXABAN	15	milligrammi	Compressa	B01AF01	VIATRIS LIMITED	Autorizzata	Procedura Centralizzata	Medicinali soggetti a prescrizione medica
049793413	049793	RIVAROXABAN VIATRIS	20 mg - Compressa - Uso orale - Blister (PVC/PVdC/alu) - 14 compresse	RIVAROXABAN	RIVAROXABAN	20	milligrammi	Compressa	B01AF01	VIATRIS LIMITED	Autorizzata	Procedura Centralizzata	Medicinali soggetti a prescrizione medica
049793425	049793	RIVAROXABAN VIATRIS	20 mg - Compressa - Uso orale - Blister (PVC/PVdC/alu) - 28 compresse	RIVAROXABAN	RIVAROXABAN	20	milligrammi	Compressa	B01AF01	VIATRIS LIMITED	Autorizzata	Procedura Centralizzata	Medicinali soggetti a prescrizione medica
049793437	049793	RIVAROXABAN VIATRIS	20 mg - Compressa - Uso orale - Blister (PVC/PVdC/alu) - 30 compresse	RIVAROXABAN	RIVAROXABAN	20	milligrammi	Compressa	B01AF01	VIATRIS LIMITED	Autorizzata	Procedura Centralizzata	Medicinali soggetti a prescrizione medica limitativa, vendibili al pubblico su prescrizione di centri ospedalieri o di specialisti
049793449	049793	RIVAROXABAN VIATRIS	20 mg - Compressa - Uso orale - Blister (PVC/PVdC/alu) - 98 compresse	RIVAROXABAN	RIVAROXABAN	20	milligrammi	Compressa	B01AF01	VIATRIS LIMITED	Autorizzata	Procedura Centralizzata	Medicinali soggetti a prescrizione medica limitativa, vendibili al pubblico su prescrizione di centri ospedalieri o di specialisti
049793452	049793	RIVAROXABAN VIATRIS	20 mg - Compressa - Uso orale - Blister (PVC/PVdC/alu) - 100 compresse	RIVAROXABAN	RIVAROXABAN	20	milligrammi	Compressa	B01AF01	VIATRIS LIMITED	Autorizzata	Procedura Centralizzata	Medicinali soggetti a prescrizione medica
049793464	049793	RIVAROXABAN VIATRIS	20 mg - Compressa - Uso orale - Blister (PVC/PVdC/alu) - 14 x 1 compresse (dose unitaria)	RIVAROXABAN	RIVAROXABAN	20	milligrammi	Compressa	B01AF01	VIATRIS LIMITED	Autorizzata	Procedura Centralizzata	Medicinali soggetti a prescrizione medica
049793476	049793	RIVAROXABAN VIATRIS	20 mg - Compressa - Uso orale - Blister (PVC/PVdC/alu) - 28 x 1 compresse (dose unitaria)	RIVAROXABAN	RIVAROXABAN	20	milligrammi	Compressa	B01AF01	VIATRIS LIMITED	Autorizzata	Procedura Centralizzata	Medicinali soggetti a prescrizione medica
049793488	049793	RIVAROXABAN VIATRIS	20 mg - Compressa - Uso orale - Blister (PVC/PVdC/alu) - 30 x 1 compresse (dose unitaria)	RIVAROXABAN	RIVAROXABAN	20	milligrammi	Compressa	B01AF01	VIATRIS LIMITED	Autorizzata	Procedura Centralizzata	Medicinali soggetti a prescrizione medica limitativa, vendibili al pubblico su prescrizione di centri ospedalieri o di specialisti
049793490	049793	RIVAROXABAN VIATRIS	20 mg - Compressa - Uso orale - Blister (PVC/PVdC/alu) - 50 x 1 compresse (dose unitaria)	RIVAROXABAN	RIVAROXABAN	20	milligrammi	Compressa	B01AF01	VIATRIS LIMITED	Autorizzata	Procedura Centralizzata	Medicinali soggetti a prescrizione medica limitativa, vendibili al pubblico su prescrizione di centri ospedalieri o di specialisti
049793502	049793	RIVAROXABAN VIATRIS	20 mg - Compressa - Uso orale - Blister (PVC/PVdC/alu) - 90 x 1 compresse (dose unitaria)	RIVAROXABAN	RIVAROXABAN	20	milligrammi	Compressa	B01AF01	VIATRIS LIMITED	Autorizzata	Procedura Centralizzata	Medicinali soggetti a prescrizione medica limitativa, vendibili al pubblico su prescrizione di centri ospedalieri o di specialisti
049793514	049793	RIVAROXABAN VIATRIS	20 mg - Compressa - Uso orale - Blister (PVC/PVdC/alu) - 98 x 1 compresse (dose unitaria)	RIVAROXABAN	RIVAROXABAN	20	milligrammi	Compressa	B01AF01	VIATRIS LIMITED	Autorizzata	Procedura Centralizzata	Medicinali soggetti a prescrizione medica limitativa, vendibili al pubblico su prescrizione di centri ospedalieri o di specialisti
049793526	049793	RIVAROXABAN VIATRIS	20 mg - Compressa - Uso orale - Blister (PVC/PVdC/alu) - 100 x 1 compresse (dose unitaria)	RIVAROXABAN	RIVAROXABAN	20	milligrammi	Compressa	B01AF01	VIATRIS LIMITED	Autorizzata	Procedura Centralizzata	Medicinali soggetti a prescrizione medica
049793538	049793	RIVAROXABAN VIATRIS	20 mg - Compressa - Uso orale - Flacone (HDPE) - 98 compresse	RIVAROXABAN	RIVAROXABAN	20	milligrammi	Compressa	B01AF01	VIATRIS LIMITED	Autorizzata	Procedura Centralizzata	Medicinali soggetti a prescrizione medica limitativa, vendibili al pubblico su prescrizione di centri ospedalieri o di specialisti
049793540	049793	RIVAROXABAN VIATRIS	20 mg - Compressa - Uso orale - Flacone (HDPE) - 100 compresse	RIVAROXABAN	RIVAROXABAN	20	milligrammi	Compressa	B01AF01	VIATRIS LIMITED	Autorizzata	Procedura Centralizzata	Medicinali soggetti a prescrizione medica
049793565	049793	RIVAROXABAN VIATRIS	20 mg - Compressa rivestita con film - Uso orale - Blister (PVC/PVdC/alu) - 14 compresse (calendario)	RIVAROXABAN	RIVAROXABAN			Compressa rivestita con film	B01AF01	VIATRIS LIMITED	Autorizzata	Procedura Centralizzata	Medicinali soggetti a prescrizione medica limitativa, vendibili al pubblico su prescrizione di centri ospedalieri o di specialisti
049793577	049793	RIVAROXABAN VIATRIS	20 mg - Compressa rivestita con film - Uso orale - Blister (PVC/PVdC/alu) - 28 compresse (calendario)	RIVAROXABAN	RIVAROXABAN			Compressa rivestita con film	B01AF01	VIATRIS LIMITED	Autorizzata	Procedura Centralizzata	Medicinali soggetti a prescrizione medica limitativa, vendibili al pubblico su prescrizione di centri ospedalieri o di specialisti
049793589	049793	RIVAROXABAN VIATRIS	20 mg - Compressa rivestita con film - Uso orale - Blister (PVC/PVdC/alu) - 98 compresse (calendario)	RIVAROXABAN	RIVAROXABAN			Compressa rivestita con film	B01AF01	VIATRIS LIMITED	Autorizzata	Procedura Centralizzata	Medicinali soggetti a prescrizione medica limitativa, vendibili al pubblico su prescrizione di centri ospedalieri o di specialisti
049793591	049793	RIVAROXABAN VIATRIS	15 mg - Compressa rivestita con film - Uso orale - flacone (HDPE) - 30 compresse	RIVAROXABAN	RIVAROXABAN	15	milligrammi	Compressa rivestita con film	B01AF01	VIATRIS LIMITED	Autorizzata	Procedura Centralizzata	Medicinali soggetti a prescrizione medica limitativa, vendibili al pubblico su prescrizione di centri ospedalieri o di specialisti
049793603	049793	RIVAROXABAN VIATRIS	20 mg - Compresse rivestite con film - Uso orale - flacone (HDPE) - 30 compresse	RIVAROXABAN	RIVAROXABAN			Compressa rivestita con film	B01AF01	VIATRIS LIMITED	Autorizzata	Procedura Centralizzata	Medicinali soggetti a prescrizione medica limitativa, vendibili al pubblico su prescrizione di centri ospedalieri o di specialisti
049793615	049793	RIVAROXABAN VIATRIS	2.5mg - Compresse rivestite con film - Uso orale - flacone (HDPE) - 250 compresse	RIVAROXABAN	RIVAROXABAN			Compressa rivestita con film	B01AF01	VIATRIS LIMITED	Autorizzata	Procedura Centralizzata	Medicinali soggetti a prescrizione medica limitativa, utilizzabili esclusivamente in ambiente ospedaliero o in una struttura ad esso assimilabile
049793627	049793	RIVAROXABAN VIATRIS	10mg - Compresse rivestite con film - Uso orale - flacone (HDPE) - 250 compresse	RIVAROXABAN	RIVAROXABAN	10	milligrammi	Compressa rivestita con film	B01AF01	VIATRIS LIMITED	Autorizzata	Procedura Centralizzata	Medicinali soggetti a prescrizione medica limitativa, utilizzabili esclusivamente in ambiente ospedaliero o in una struttura ad esso assimilabile
049793639	049793	RIVAROXABAN VIATRIS	15 mg - Compresse rivestite con film - Uso orale - flacone (HDPE) - 250 compresse	RIVAROXABAN	RIVAROXABAN	15	milligrammi	Compressa rivestita con film	B01AF01	VIATRIS LIMITED	Autorizzata	Procedura Centralizzata	Medicinali soggetti a prescrizione medica limitativa, utilizzabili esclusivamente in ambiente ospedaliero o in una struttura ad esso assimilabile
049793641	049793	RIVAROXABAN VIATRIS	20 mg - Compressa rivestita con film - Uso orale - flacone (HDPE) - 250 compresse	RIVAROXABAN	RIVAROXABAN			Compressa rivestita con film	B01AF01	VIATRIS LIMITED	Autorizzata	Procedura Centralizzata	Medicinali soggetti a prescrizione medica limitativa, utilizzabili esclusivamente in ambiente ospedaliero o in una struttura ad esso assimilabile
050000013	050000	RIVAROXABAN EG STADA	15 MG CAPSULE RIGIDE- 10 CAPSULE IN BLISTER PVC/PCTFE/PVC/AL	RIVAROXABAN	RIVAROXABAN			Capsula rigida	B01AF01	EG S.P.A.	Autorizzata	Procedura Mutuo riconoscimento o Decentrata	Medicinali soggetti a prescrizione medica
050000025	050000	RIVAROXABAN EG STADA	15 MG CAPSULE RIGIDE- 10 CAPSULE IN BLISTER PVC/PCTFE/PVC/AL DIVISIBILE PER DOSE UNITARIA	RIVAROXABAN	RIVAROXABAN			Capsula rigida	B01AF01	EG S.P.A.	Autorizzata	Procedura Mutuo riconoscimento o Decentrata	Medicinali soggetti a prescrizione medica
050000037	050000	RIVAROXABAN EG STADA	15 MG CAPSULE RIGIDE- 28 CAPSULE IN BLISTER PVC/PCTFE/PVC/AL	RIVAROXABAN	RIVAROXABAN			Capsula rigida	B01AF01	EG S.P.A.	Autorizzata	Procedura Mutuo riconoscimento o Decentrata	Medicinali soggetti a prescrizione medica
050000049	050000	RIVAROXABAN EG STADA	15 MG CAPSULE RIGIDE- 28 CAPSULE IN BLISTER PVC/PCTFE/PVC/AL DIVISIBILE PER DOSE UNITARIA	RIVAROXABAN	RIVAROXABAN			Capsula rigida	B01AF01	EG S.P.A.	Autorizzata	Procedura Mutuo riconoscimento o Decentrata	Medicinali soggetti a prescrizione medica
050000052	050000	RIVAROXABAN EG STADA	15 MG CAPSULE RIGIDE- 30 CAPSULE IN BLISTER PVC/PCTFE/PVC/AL	RIVAROXABAN	RIVAROXABAN			Capsula rigida	B01AF01	EG S.P.A.	Autorizzata	Procedura Mutuo riconoscimento o Decentrata	Medicinali soggetti a prescrizione medica
050000064	050000	RIVAROXABAN EG STADA	15 MG CAPSULE RIGIDE- 30 CAPSULE IN BLISTER PVC/PCTFE/PVC/AL DIVISIBILE PER DOSE UNITARIA	RIVAROXABAN	RIVAROXABAN			Capsula rigida	B01AF01	EG S.P.A.	Autorizzata	Procedura Mutuo riconoscimento o Decentrata	Medicinali soggetti a prescrizione medica
050000076	050000	RIVAROXABAN EG STADA	15 MG CAPSULE RIGIDE- 42 CAPSULE IN BLISTER PVC/PCTFE/PVC/AL	RIVAROXABAN	RIVAROXABAN			Capsula rigida	B01AF01	EG S.P.A.	Autorizzata	Procedura Mutuo riconoscimento o Decentrata	Medicinali soggetti a prescrizione medica
050000088	050000	RIVAROXABAN EG STADA	15 MG CAPSULE RIGIDE- 42 CAPSULE IN BLISTER PVC/PCTFE/PVC/AL DIVISIBILE PER DOSE UNITARIA	RIVAROXABAN	RIVAROXABAN			Capsula rigida	B01AF01	EG S.P.A.	Autorizzata	Procedura Mutuo riconoscimento o Decentrata	Medicinali soggetti a prescrizione medica
050000090	050000	RIVAROXABAN EG STADA	15 MG CAPSULE RIGIDE- 98 CAPSULE IN BLISTER PVC/PCTFE/PVC/AL	RIVAROXABAN	RIVAROXABAN			Capsula rigida	B01AF01	EG S.P.A.	Autorizzata	Procedura Mutuo riconoscimento o Decentrata	Medicinali soggetti a prescrizione medica
050000102	050000	RIVAROXABAN EG STADA	15 MG CAPSULE RIGIDE- 98 CAPSULE IN BLISTER PVC/PCTFE/PVC/AL DIVISIBILE PER DOSE UNITARIA	RIVAROXABAN	RIVAROXABAN			Capsula rigida	B01AF01	EG S.P.A.	Autorizzata	Procedura Mutuo riconoscimento o Decentrata	Medicinali soggetti a prescrizione medica
050000114	050000	RIVAROXABAN EG STADA	15 MG CAPSULE RIGIDE- 100 CAPSULE IN BLISTER PVC/PCTFE/PVC/AL	RIVAROXABAN	RIVAROXABAN			Capsula rigida	B01AF01	EG S.P.A.	Autorizzata	Procedura Mutuo riconoscimento o Decentrata	Medicinali soggetti a prescrizione medica
050000126	050000	RIVAROXABAN EG STADA	15 MG CAPSULE RIGIDE- 100 CAPSULE IN BLISTER PVC/PCTFE/PVC/AL DIVISIBILE PER DOSE UNITARIA	RIVAROXABAN	RIVAROXABAN			Capsula rigida	B01AF01	EG S.P.A.	Autorizzata	Procedura Mutuo riconoscimento o Decentrata	Medicinali soggetti a prescrizione medica
050000138	050000	RIVAROXABAN EG STADA	20 MG CAPSULE RIGIDE- 10 CAPSULE IN BLISTER PVC/PCTFE/PVC/AL	RIVAROXABAN	RIVAROXABAN			Capsula rigida	B01AF01	EG S.P.A.	Autorizzata	Procedura Mutuo riconoscimento o Decentrata	Medicinali soggetti a prescrizione medica
050000140	050000	RIVAROXABAN EG STADA	20 MG CAPSULE RIGIDE- 10 CAPSULE IN BLISTER PVC/PCTFE/PVC/AL DIVISIBILE PER DOSE UNITARIA	RIVAROXABAN	RIVAROXABAN			Capsula rigida	B01AF01	EG S.P.A.	Autorizzata	Procedura Mutuo riconoscimento o Decentrata	Medicinali soggetti a prescrizione medica
050000153	050000	RIVAROXABAN EG STADA	20 MG CAPSULE RIGIDE- 14 CAPSULE IN BLISTER PVC/PCTFE/PVC/AL	RIVAROXABAN	RIVAROXABAN			Capsula rigida	B01AF01	EG S.P.A.	Autorizzata	Procedura Mutuo riconoscimento o Decentrata	Medicinali soggetti a prescrizione medica
050000165	050000	RIVAROXABAN EG STADA	20 MG CAPSULE RIGIDE- 14 CAPSULE IN BLISTER PVC/PCTFE/PVC/AL DIVISIBILE PER DOSE UNITARIA	RIVAROXABAN	RIVAROXABAN			Capsula rigida	B01AF01	EG S.P.A.	Autorizzata	Procedura Mutuo riconoscimento o Decentrata	Medicinali soggetti a prescrizione medica
050000177	050000	RIVAROXABAN EG STADA	20 MG CAPSULE RIGIDE- 28 CAPSULE IN BLISTER PVC/PCTFE/PVC/AL	RIVAROXABAN	RIVAROXABAN			Capsula rigida	B01AF01	EG S.P.A.	Autorizzata	Procedura Mutuo riconoscimento o Decentrata	Medicinali soggetti a prescrizione medica
050000189	050000	RIVAROXABAN EG STADA	20 MG CAPSULE RIGIDE- 28 CAPSULE IN BLISTER PVC/PCTFE/PVC/AL DIVISIBILE PER DOSE UNITARIA	RIVAROXABAN	RIVAROXABAN			Capsula rigida	B01AF01	EG S.P.A.	Autorizzata	Procedura Mutuo riconoscimento o Decentrata	Medicinali soggetti a prescrizione medica
050000191	050000	RIVAROXABAN EG STADA	20 MG CAPSULE RIGIDE- 30 CAPSULE IN BLISTER PVC/PCTFE/PVC/AL	RIVAROXABAN	RIVAROXABAN			Capsula rigida	B01AF01	EG S.P.A.	Autorizzata	Procedura Mutuo riconoscimento o Decentrata	Medicinali soggetti a prescrizione medica
050000203	050000	RIVAROXABAN EG STADA	20 MG CAPSULE RIGIDE- 30 CAPSULE IN BLISTER PVC/PCTFE/PVC/AL DIVISIBILE PER DOSE UNITARIA	RIVAROXABAN	RIVAROXABAN			Capsula rigida	B01AF01	EG S.P.A.	Autorizzata	Procedura Mutuo riconoscimento o Decentrata	Medicinali soggetti a prescrizione medica
050000215	050000	RIVAROXABAN EG STADA	20 MG CAPSULE RIGIDE- 98 CAPSULE IN BLISTER PVC/PCTFE/PVC/AL	RIVAROXABAN	RIVAROXABAN			Capsula rigida	B01AF01	EG S.P.A.	Autorizzata	Procedura Mutuo riconoscimento o Decentrata	Medicinali soggetti a prescrizione medica
050000227	050000	RIVAROXABAN EG STADA	20 MG CAPSULE RIGIDE- 98 CAPSULE IN BLISTER PVC/PCTFE/PVC/AL DIVISIBILE PER DOSE UNITARIA	RIVAROXABAN	RIVAROXABAN			Capsula rigida	B01AF01	EG S.P.A.	Autorizzata	Procedura Mutuo riconoscimento o Decentrata	Medicinali soggetti a prescrizione medica
050000239	050000	RIVAROXABAN EG STADA	20 MG CAPSULE RIGIDE- 100 CAPSULE IN BLISTER PVC/PCTFE/PVC/AL	RIVAROXABAN	RIVAROXABAN			Capsula rigida	B01AF01	EG S.P.A.	Autorizzata	Procedura Mutuo riconoscimento o Decentrata	Medicinali soggetti a prescrizione medica
050000241	050000	RIVAROXABAN EG STADA	20 MG CAPSULE RIGIDE- 100 CAPSULE IN BLISTER PVC/PCTFE/PVC/AL DIVISIBILE PER DOSE UNITARIA	RIVAROXABAN	RIVAROXABAN			Capsula rigida	B01AF01	EG S.P.A.	Autorizzata	Procedura Mutuo riconoscimento o Decentrata	Medicinali soggetti a prescrizione medica
050009012	050009	RIVAROXABAN ALTER	10 MG COMPRESSE RIVESTITE CON FILM- 10 COMPRESSE IN BLISTER OPA/AL/PVC-AL	RIVAROXABAN	RIVAROXABAN			Compressa rivestita con film	B01AF01	LABORATORI ALTER S.R.L.	Autorizzata	Procedura Mutuo riconoscimento o Decentrata	Medicinali soggetti a prescrizione medica limitativa, vendibili al pubblico su prescrizione di centri ospedalieri o di specialisti
050009024	050009	RIVAROXABAN ALTER	10 MG COMPRESSE RIVESTITE CON FILM- 30 COMPRESSE IN BLISTER OPA/AL/PVC-AL	RIVAROXABAN	RIVAROXABAN			Compressa rivestita con film	B01AF01	LABORATORI ALTER S.R.L.	Autorizzata	Procedura Mutuo riconoscimento o Decentrata	Medicinali soggetti a prescrizione medica limitativa, vendibili al pubblico su prescrizione di centri ospedalieri o di specialisti
050009036	050009	RIVAROXABAN ALTER	15 MG COMPRESSE RIVESTITE CON FILM- 42 COMPRESSE IN BLISTER OPA/AL/PVC-AL	RIVAROXABAN	RIVAROXABAN			Compressa rivestita con film	B01AF01	LABORATORI ALTER S.R.L.	Autorizzata	Procedura Mutuo riconoscimento o Decentrata	Medicinali soggetti a prescrizione medica limitativa, vendibili al pubblico su prescrizione di centri ospedalieri o di specialisti
050009048	050009	RIVAROXABAN ALTER	20 MG COMPRESSE RIVESTITE CON FILM- 28 COMPRESSE IN BLISTER OPA/AL/PVC-AL	RIVAROXABAN	RIVAROXABAN			Compressa rivestita con film	B01AF01	LABORATORI ALTER S.R.L.	Autorizzata	Procedura Mutuo riconoscimento o Decentrata	Medicinali soggetti a prescrizione medica limitativa, vendibili al pubblico su prescrizione di centri ospedalieri o di specialisti
050009051	050009	RIVAROXABAN ALTER	15 MG COMPRESSE RIVESTITE CON FILM- 14 COMPRESSE IN BLISTER OPA/AL/PVC-AL	RIVAROXABAN	RIVAROXABAN			Compressa rivestita con film	B01AF01	LABORATORI ALTER S.R.L.	Autorizzata	Procedura Mutuo riconoscimento o Decentrata	Medicinali soggetti a prescrizione medica limitativa, vendibili al pubblico su prescrizione di centri ospedalieri o di specialisti
050009063	050009	RIVAROXABAN ALTER	15 MG COMPRESSE RIVESTITE CON FILM- 28 COMPRESSE IN BLISTER OPA/AL/PVC-AL	RIVAROXABAN	RIVAROXABAN			Compressa rivestita con film	B01AF01	LABORATORI ALTER S.R.L.	Autorizzata	Procedura Mutuo riconoscimento o Decentrata	Medicinali soggetti a prescrizione medica limitativa, vendibili al pubblico su prescrizione di centri ospedalieri o di specialisti
050020015	050020	ELLEBAX	10 MG COMPRESSA RIVESTITA CON FILM- 10 COMPRESSE IN BLISTER OPA/AL/PVC/AL	RIVAROXABAN	RIVAROXABAN	10	milligrammi	Compressa rivestita con film	B01AF01	ELLEVA PHARMA SRL	Autorizzata	Procedura Mutuo riconoscimento o Decentrata	Medicinali soggetti a prescrizione medica limitativa, vendibili al pubblico su prescrizione di centri ospedalieri o di specialisti
050020027	050020	ELLEBAX	10 MG COMPRESSA RIVESTITA CON FILM- 30 COMPRESSE IN BLISTER OPA/AL/PVC/AL	RIVAROXABAN	RIVAROXABAN	10	milligrammi	Compressa rivestita con film	B01AF01	ELLEVA PHARMA SRL	Autorizzata	Procedura Mutuo riconoscimento o Decentrata	Medicinali soggetti a prescrizione medica limitativa, vendibili al pubblico su prescrizione di centri ospedalieri o di specialisti
050020039	050020	ELLEBAX	15 MG COMPRESSA RIVESTITA CON FILM- 42 COMPRESSE IN BLISTER OPA/AL/PVC/AL	RIVAROXABAN	RIVAROXABAN	15	milligrammi	Compressa rivestita con film	B01AF01	ELLEVA PHARMA SRL	Autorizzata	Procedura Mutuo riconoscimento o Decentrata	Medicinali soggetti a prescrizione medica limitativa, vendibili al pubblico su prescrizione di centri ospedalieri o di specialisti
050020041	050020	ELLEBAX	20 MG COMPRESSA RIVESTITA CON FILM- 28 COMPRESSE IN BLISTER OPA/AL/PVC/AL	RIVAROXABAN	RIVAROXABAN	20	milligrammi	Compressa rivestita con film	B01AF01	ELLEVA PHARMA SRL	Autorizzata	Procedura Mutuo riconoscimento o Decentrata	Medicinali soggetti a prescrizione medica limitativa, vendibili al pubblico su prescrizione di centri ospedalieri o di specialisti
050157015	050157	RIXACAM	2.5 mg COMPRESSE RIVESTITE CON FILM- 56 COMPRESSE IN BLISTER PVC/PVDC/AL	RIVAROXABAN	RIVAROXABAN			Compressa rivestita con film	B01AF01	ADAMED S.R.L.	Autorizzata	Procedura Mutuo riconoscimento o Decentrata	Medicinali soggetti a prescrizione medica limitativa, vendibili al pubblico su prescrizione di centri ospedalieri o di specialisti
050157027	050157	RIXACAM	2.5 mg COMPRESSE RIVESTITE CON FILM- 60 COMPRESSE IN BLISTER PVC/PVDC/AL	RIVAROXABAN	RIVAROXABAN			Compressa rivestita con film	B01AF01	ADAMED S.R.L.	Autorizzata	Procedura Mutuo riconoscimento o Decentrata	Medicinali soggetti a prescrizione medica limitativa, vendibili al pubblico su prescrizione di centri ospedalieri o di specialisti
050157039	050157	RIXACAM	2.5 mg COMPRESSE RIVESTITE CON FILM- 98 COMPRESSE IN BLISTER PVC/PVDC/AL	RIVAROXABAN	RIVAROXABAN			Compressa rivestita con film	B01AF01	ADAMED S.R.L.	Autorizzata	Procedura Mutuo riconoscimento o Decentrata	Medicinali soggetti a prescrizione medica limitativa, vendibili al pubblico su prescrizione di centri ospedalieri o di specialisti
050157041	050157	RIXACAM	2.5 mg COMPRESSE RIVESTITE CON FILM- 100 COMPRESSE IN BLISTER PVC/PVDC/AL	RIVAROXABAN	RIVAROXABAN			Compressa rivestita con film	B01AF01	ADAMED S.R.L.	Autorizzata	Procedura Mutuo riconoscimento o Decentrata	Medicinali soggetti a prescrizione medica limitativa, vendibili al pubblico su prescrizione di centri ospedalieri o di specialisti
050157054	050157	RIXACAM	2.5 mg COMPRESSE RIVESTITE CON FILM- 196 COMPRESSE IN BLISTER PVC/PVDC/AL	RIVAROXABAN	RIVAROXABAN			Compressa rivestita con film	B01AF01	ADAMED S.R.L.	Autorizzata	Procedura Mutuo riconoscimento o Decentrata	Medicinali soggetti a prescrizione medica limitativa, vendibili al pubblico su prescrizione di centri ospedalieri o di specialisti
050157066	050157	RIXACAM	10 mg COMPRESSE RIVESTITE CON FILM- 10 COMPRESSE IN BLISTER PVC/PVDC/AL	RIVAROXABAN	RIVAROXABAN			Compressa rivestita con film	B01AF01	ADAMED S.R.L.	Autorizzata	Procedura Mutuo riconoscimento o Decentrata	Medicinali soggetti a prescrizione medica limitativa, vendibili al pubblico su prescrizione di centri ospedalieri o di specialisti
050157078	050157	RIXACAM	10 mg COMPRESSE RIVESTITE CON FILM- 30 COMPRESSE IN BLISTER PVC/PVDC/AL	RIVAROXABAN	RIVAROXABAN			Compressa rivestita con film	B01AF01	ADAMED S.R.L.	Autorizzata	Procedura Mutuo riconoscimento o Decentrata	Medicinali soggetti a prescrizione medica limitativa, vendibili al pubblico su prescrizione di centri ospedalieri o di specialisti
050157080	050157	RIXACAM	10 mg COMPRESSE RIVESTITE CON FILM- 98 COMPRESSE IN BLISTER PVC/PVDC/AL	RIVAROXABAN	RIVAROXABAN			Compressa rivestita con film	B01AF01	ADAMED S.R.L.	Autorizzata	Procedura Mutuo riconoscimento o Decentrata	Medicinali soggetti a prescrizione medica limitativa, vendibili al pubblico su prescrizione di centri ospedalieri o di specialisti
050157092	050157	RIXACAM	10 mg COMPRESSE RIVESTITE CON FILM- 100 COMPRESSE IN BLISTER PVC/PVDC/AL	RIVAROXABAN	RIVAROXABAN			Compressa rivestita con film	B01AF01	ADAMED S.R.L.	Autorizzata	Procedura Mutuo riconoscimento o Decentrata	Medicinali soggetti a prescrizione medica limitativa, vendibili al pubblico su prescrizione di centri ospedalieri o di specialisti
050157104	050157	RIXACAM	15 mg COMPRESSE RIVESTITE CON FILM- 28 COMPRESSE IN BLISTER PVC/PVDC/AL	RIVAROXABAN	RIVAROXABAN			Compressa rivestita con film	B01AF01	ADAMED S.R.L.	Autorizzata	Procedura Mutuo riconoscimento o Decentrata	Medicinali soggetti a prescrizione medica limitativa, vendibili al pubblico su prescrizione di centri ospedalieri o di specialisti
050157116	050157	RIXACAM	15 mg COMPRESSE RIVESTITE CON FILM- 30 COMPRESSE IN BLISTER PVC/PVDC/AL	RIVAROXABAN	RIVAROXABAN			Compressa rivestita con film	B01AF01	ADAMED S.R.L.	Autorizzata	Procedura Mutuo riconoscimento o Decentrata	Medicinali soggetti a prescrizione medica limitativa, vendibili al pubblico su prescrizione di centri ospedalieri o di specialisti
050157128	050157	RIXACAM	15 mg COMPRESSE RIVESTITE CON FILM- 42 COMPRESSE IN BLISTER PVC/PVDC/AL	RIVAROXABAN	RIVAROXABAN			Compressa rivestita con film	B01AF01	ADAMED S.R.L.	Autorizzata	Procedura Mutuo riconoscimento o Decentrata	Medicinali soggetti a prescrizione medica limitativa, vendibili al pubblico su prescrizione di centri ospedalieri o di specialisti
050157130	050157	RIXACAM	15 mg COMPRESSE RIVESTITE CON FILM- 98 COMPRESSE IN BLISTER PVC/PVDC/AL	RIVAROXABAN	RIVAROXABAN			Compressa rivestita con film	B01AF01	ADAMED S.R.L.	Autorizzata	Procedura Mutuo riconoscimento o Decentrata	Medicinali soggetti a prescrizione medica limitativa, vendibili al pubblico su prescrizione di centri ospedalieri o di specialisti
050157142	050157	RIXACAM	15 mg COMPRESSE RIVESTITE CON FILM- 100 COMPRESSE IN BLISTER PVC/PVDC/AL	RIVAROXABAN	RIVAROXABAN			Compressa rivestita con film	B01AF01	ADAMED S.R.L.	Autorizzata	Procedura Mutuo riconoscimento o Decentrata	Medicinali soggetti a prescrizione medica limitativa, vendibili al pubblico su prescrizione di centri ospedalieri o di specialisti
050157155	050157	RIXACAM	20 mg COMPRESSE RIVESTITE CON FILM- 14 COMPRESSE IN BLISTER PVC/PVDC/AL	RIVAROXABAN	RIVAROXABAN			Compressa rivestita con film	B01AF01	ADAMED S.R.L.	Autorizzata	Procedura Mutuo riconoscimento o Decentrata	Medicinali soggetti a prescrizione medica limitativa, vendibili al pubblico su prescrizione di centri ospedalieri o di specialisti
050157167	050157	RIXACAM	20 mg COMPRESSE RIVESTITE CON FILM- 28 COMPRESSE IN BLISTER PVC/PVDC/AL	RIVAROXABAN	RIVAROXABAN			Compressa rivestita con film	B01AF01	ADAMED S.R.L.	Autorizzata	Procedura Mutuo riconoscimento o Decentrata	Medicinali soggetti a prescrizione medica limitativa, vendibili al pubblico su prescrizione di centri ospedalieri o di specialisti
050157179	050157	RIXACAM	20 mg COMPRESSE RIVESTITE CON FILM- 30 COMPRESSE IN BLISTER PVC/PVDC/AL	RIVAROXABAN	RIVAROXABAN			Compressa rivestita con film	B01AF01	ADAMED S.R.L.	Autorizzata	Procedura Mutuo riconoscimento o Decentrata	Medicinali soggetti a prescrizione medica limitativa, vendibili al pubblico su prescrizione di centri ospedalieri o di specialisti
050157181	050157	RIXACAM	20 mg COMPRESSE RIVESTITE CON FILM- 98 COMPRESSE IN BLISTER PVC/PVDC/AL	RIVAROXABAN	RIVAROXABAN			Compressa rivestita con film	B01AF01	ADAMED S.R.L.	Autorizzata	Procedura Mutuo riconoscimento o Decentrata	Medicinali soggetti a prescrizione medica limitativa, vendibili al pubblico su prescrizione di centri ospedalieri o di specialisti
050157193	050157	RIXACAM	20 mg COMPRESSE RIVESTITE CON FILM- 100 COMPRESSE IN BLISTER PVC/PVDC/AL	RIVAROXABAN	RIVAROXABAN			Compressa rivestita con film	B01AF01	ADAMED S.R.L.	Autorizzata	Procedura Mutuo riconoscimento o Decentrata	Medicinali soggetti a prescrizione medica limitativa, vendibili al pubblico su prescrizione di centri ospedalieri o di specialisti
050157205	050157	RIXACAM	15 mg COMPRESSE RIVESTITE CON FILM- 14 COMPRESSE IN BLISTER PVC/PVDC/AL	RIVAROXABAN	RIVAROXABAN			Compressa rivestita con film	B01AF01	ADAMED S.R.L.	Autorizzata	Procedura Mutuo riconoscimento o Decentrata	Medicinali soggetti a prescrizione medica limitativa, vendibili al pubblico su prescrizione di centri ospedalieri o di specialisti
050608013	050608	RIVAROXABAN MEDICAL VALLEY	2,5 MG COMPRESSE RIVESTITE CON FILM- 56 COMPRESSE IN BLISTER PVC/PVDC/AL	RIVAROXABAN	RIVAROXABAN	2.5	milligrammi	Compressa rivestita con film	B01AF01	MEDICAL VALLEY INVEST AB	Autorizzata	Procedura Mutuo riconoscimento o Decentrata	Medicinali soggetti a prescrizione medica limitativa, vendibili al pubblico su prescrizione di centri ospedalieri o di specialisti
050608025	050608	RIVAROXABAN MEDICAL VALLEY	10 MG COMPRESSE RIVESTITE CON FILM- 10 COMPRESSE IN BLISTER PVC/PVDC/AL	RIVAROXABAN	RIVAROXABAN	10	milligrammi	Compressa rivestita con film	B01AF01	MEDICAL VALLEY INVEST AB	Autorizzata	Procedura Mutuo riconoscimento o Decentrata	Medicinali soggetti a prescrizione medica limitativa, vendibili al pubblico su prescrizione di centri ospedalieri o di specialisti
050608037	050608	RIVAROXABAN MEDICAL VALLEY	10 MG COMPRESSE RIVESTITE CON FILM- 30 COMPRESSE IN BLISTER PVC/PVDC/AL	RIVAROXABAN	RIVAROXABAN	10	milligrammi	Compressa rivestita con film	B01AF01	MEDICAL VALLEY INVEST AB	Autorizzata	Procedura Mutuo riconoscimento o Decentrata	Medicinali soggetti a prescrizione medica limitativa, vendibili al pubblico su prescrizione di centri ospedalieri o di specialisti
050608049	050608	RIVAROXABAN MEDICAL VALLEY	15 MG COMPRESSE RIVESTITE CON FILM- 42 COMPRESSE IN BLISTER PVC/PVDC/AL	RIVAROXABAN	RIVAROXABAN	15	milligrammi	Compressa rivestita con film	B01AF01	MEDICAL VALLEY INVEST AB	Autorizzata	Procedura Mutuo riconoscimento o Decentrata	Medicinali soggetti a prescrizione medica limitativa, vendibili al pubblico su prescrizione di centri ospedalieri o di specialisti
050608052	050608	RIVAROXABAN MEDICAL VALLEY	20 MG COMPRESSE RIVESTITE CON FILM- 28 COMPRESSE IN BLISTER PVC/PVDC/AL	RIVAROXABAN	RIVAROXABAN	20	milligrammi	Compressa rivestita con film	B01AF01	MEDICAL VALLEY INVEST AB	Autorizzata	Procedura Mutuo riconoscimento o Decentrata	Medicinali soggetti a prescrizione medica limitativa, vendibili al pubblico su prescrizione di centri ospedalieri o di specialisti
050706011	050706	MIREBAX	2,5 MG COMPRESSE RIVESTITE CON FILM- 56 COMPRESSE IN BLISTER PVC/PVDC/AL	RIVAROXABAN	RIVAROXABAN	2.5	milligrammi	Compressa rivestita con film	B01AF01	AURORA LICENSING SRL	Autorizzata	Procedura Mutuo riconoscimento o Decentrata	Medicinali soggetti a prescrizione medica limitativa, vendibili al pubblico su prescrizione di centri ospedalieri o di specialisti
050706023	050706	MIREBAX	10 MG COMPRESSE RIVESTITE CON FILM- 30 COMPRESSE IN BLISTER PVC/PVDC/AL	RIVAROXABAN	RIVAROXABAN	10	milligrammi	Compressa rivestita con film	B01AF01	AURORA LICENSING SRL	Autorizzata	Procedura Mutuo riconoscimento o Decentrata	Medicinali soggetti a prescrizione medica
050706035	050706	MIREBAX	15 MG COMPRESSE RIVESTITE CON FILM- 42 COMPRESSE IN BLISTER PVC/PVDC/AL	RIVAROXABAN	RIVAROXABAN	15	milligrammi	Compressa rivestita con film	B01AF01	AURORA LICENSING SRL	Autorizzata	Procedura Mutuo riconoscimento o Decentrata	Medicinali soggetti a prescrizione medica
050706047	050706	MIREBAX	20 MG COMPRESSE RIVESTITE CON FILM- 28 COMPRESSE IN BLISTER PVC/PVDC/AL	RIVAROXABAN	RIVAROXABAN	20	milligrammi	Compressa rivestita con film	B01AF01	AURORA LICENSING SRL	Autorizzata	Procedura Mutuo riconoscimento o Decentrata	Medicinali soggetti a prescrizione medica
050765015	050765	RIVAROXABAN PHARMACARE	?10 MG COMPRESSE RIVESTITE CON FILM? 30 COMPRESSE IN BLISTER PVC/PVDC/AL	RIVAROXABAN	RIVAROXABAN	10	milligrammi	Compressa rivestita con film	B01AF01	PHARMACARE S.R.L.	Autorizzata	Procedura Mutuo riconoscimento o Decentrata	Medicinali soggetti a prescrizione medica
050765027	050765	RIVAROXABAN PHARMACARE	?15 MG COMPRESSE RIVESTITE CON FILM? 42 COMPRESSE IN BLISTER PVC/PVDC/AL	RIVAROXABAN	RIVAROXABAN	15	milligrammi	Compressa rivestita con film	B01AF01	PHARMACARE S.R.L.	Autorizzata	Procedura Mutuo riconoscimento o Decentrata	Medicinali soggetti a prescrizione medica
050765039	050765	RIVAROXABAN PHARMACARE	?20 MG COMPRESSE RIVESTITE CON FILM? 28 COMPRESSE IN BLISTER PVC/PVDC/AL	RIVAROXABAN	RIVAROXABAN	20	milligrammi	Compressa rivestita con film	B01AF01	PHARMACARE S.R.L.	Autorizzata	Procedura Mutuo riconoscimento o Decentrata	Medicinali soggetti a prescrizione medica
050768011	050768	RIVAROXABAN HUAHAI	10 mg COMPRESSE RIVESTITE CON FILM- 10 COMPRESSE IN BLISTER PVC/PVDC/AL	RIVAROXABAN	RIVAROXABAN			Compressa rivestita con film	B01AF01	HUAHAI PHARMA EUROPE GMBH	Autorizzata	Procedura Mutuo riconoscimento o Decentrata	Medicinali soggetti a prescrizione medica limitativa, vendibili al pubblico su prescrizione di centri ospedalieri o di specialisti
050768023	050768	RIVAROXABAN HUAHAI	10 mg COMPRESSE RIVESTITE CON FILM- 30 COMPRESSE IN BLISTER PVC/PVDC/AL	RIVAROXABAN	RIVAROXABAN			Compressa rivestita con film	B01AF01	HUAHAI PHARMA EUROPE GMBH	Autorizzata	Procedura Mutuo riconoscimento o Decentrata	Medicinali soggetti a prescrizione medica limitativa, vendibili al pubblico su prescrizione di centri ospedalieri o di specialisti
050768035	050768	RIVAROXABAN HUAHAI	10 mg COMPRESSE RIVESTITE CON FILM- 100 COMPRESSE IN BLISTER PVC/PVDC/AL	RIVAROXABAN	RIVAROXABAN			Compressa rivestita con film	B01AF01	HUAHAI PHARMA EUROPE GMBH	Autorizzata	Procedura Mutuo riconoscimento o Decentrata	Medicinali soggetti a prescrizione medica limitativa, vendibili al pubblico su prescrizione di centri ospedalieri o di specialisti
050768047	050768	RIVAROXABAN HUAHAI	10 mg COMPRESSE RIVESTITE CON FILM- 500 COMPRESSE IN FLACONE HDPE	RIVAROXABAN	RIVAROXABAN			Compressa rivestita con film	B01AF01	HUAHAI PHARMA EUROPE GMBH	Autorizzata	Procedura Mutuo riconoscimento o Decentrata	Medicinali soggetti a prescrizione medica limitativa, utilizzabili esclusivamente in ambiente ospedaliero o in una struttura ad esso assimilabile
050768050	050768	RIVAROXABAN HUAHAI	15 mg COMPRESSE RIVESTITE CON FILM- 10 COMPRESSE IN BLISTER PVC/PVDC-AL	RIVAROXABAN	RIVAROXABAN			Compressa rivestita con film	B01AF01	HUAHAI PHARMA EUROPE GMBH	Autorizzata	Procedura Mutuo riconoscimento o Decentrata	Medicinali soggetti a prescrizione medica limitativa, vendibili al pubblico su prescrizione di centri ospedalieri o di specialisti
050768062	050768	RIVAROXABAN HUAHAI	15 mg COMPRESSE RIVESTITE CON FILM- 30 COMPRESSE IN BLISTER PVC/PVDC-AL	RIVAROXABAN	RIVAROXABAN			Compressa rivestita con film	B01AF01	HUAHAI PHARMA EUROPE GMBH	Autorizzata	Procedura Mutuo riconoscimento o Decentrata	Medicinali soggetti a prescrizione medica limitativa, vendibili al pubblico su prescrizione di centri ospedalieri o di specialisti
050768074	050768	RIVAROXABAN HUAHAI	15 mg COMPRESSE RIVESTITE CON FILM- 100 COMPRESSE IN BLISTER PVC/PVDC-AL	RIVAROXABAN	RIVAROXABAN			Compressa rivestita con film	B01AF01	HUAHAI PHARMA EUROPE GMBH	Autorizzata	Procedura Mutuo riconoscimento o Decentrata	Medicinali soggetti a prescrizione medica limitativa, vendibili al pubblico su prescrizione di centri ospedalieri o di specialisti
050768086	050768	RIVAROXABAN HUAHAI	15 mg COMPRESSE RIVESTITE CON FILM- 500 COMPRESSE IN FLACONE HDPE	RIVAROXABAN	RIVAROXABAN			Compressa rivestita con film	B01AF01	HUAHAI PHARMA EUROPE GMBH	Autorizzata	Procedura Mutuo riconoscimento o Decentrata	Medicinali soggetti a prescrizione medica limitativa, utilizzabili esclusivamente in ambiente ospedaliero o in una struttura ad esso assimilabile
050768098	050768	RIVAROXABAN HUAHAI	20 mg COMPRESSE RIVESTITE CON FILM- 10 COMPRESSE IN BLISTER PVC/PVDC-AL	RIVAROXABAN	RIVAROXABAN			Compressa rivestita con film	B01AF01	HUAHAI PHARMA EUROPE GMBH	Autorizzata	Procedura Mutuo riconoscimento o Decentrata	Medicinali soggetti a prescrizione medica limitativa, vendibili al pubblico su prescrizione di centri ospedalieri o di specialisti
050768100	050768	RIVAROXABAN HUAHAI	20 mg COMPRESSE RIVESTITE CON FILM- 30 COMPRESSE IN BLISTER PVC/PVDC-AL	RIVAROXABAN	RIVAROXABAN			Compressa rivestita con film	B01AF01	HUAHAI PHARMA EUROPE GMBH	Autorizzata	Procedura Mutuo riconoscimento o Decentrata	Medicinali soggetti a prescrizione medica limitativa, vendibili al pubblico su prescrizione di centri ospedalieri o di specialisti
050768112	050768	RIVAROXABAN HUAHAI	20 mg COMPRESSE RIVESTITE CON FILM- 100 COMPRESSE IN BLISTER PVC/PVDC-AL	RIVAROXABAN	RIVAROXABAN			Compressa rivestita con film	B01AF01	HUAHAI PHARMA EUROPE GMBH	Autorizzata	Procedura Mutuo riconoscimento o Decentrata	Medicinali soggetti a prescrizione medica limitativa, vendibili al pubblico su prescrizione di centri ospedalieri o di specialisti
050768124	050768	RIVAROXABAN HUAHAI	20 mg COMPRESSE RIVESTITE CON FILM- 500 COMPRESSE IN FLACONE HDPE	RIVAROXABAN	RIVAROXABAN			Compressa rivestita con film	B01AF01	HUAHAI PHARMA EUROPE GMBH	Autorizzata	Procedura Mutuo riconoscimento o Decentrata	Medicinali soggetti a prescrizione medica limitativa, utilizzabili esclusivamente in ambiente ospedaliero o in una struttura ad esso assimilabile
050768136	050768	RIVAROXABAN HUAHAI	10 mg COMPRESSE RIVESTITE CON FILM- 28 COMPRESSE IN BLISTER PVC/PVDC/AL	RIVAROXABAN	RIVAROXABAN			Compressa rivestita con film	B01AF01	HUAHAI PHARMA EUROPE GMBH	Autorizzata	Procedura Mutuo riconoscimento o Decentrata	Medicinali soggetti a prescrizione medica limitativa, vendibili al pubblico su prescrizione di centri ospedalieri o di specialisti
050768148	050768	RIVAROXABAN HUAHAI	10 mg COMPRESSE RIVESTITE CON FILM- 98 COMPRESSE IN BLISTER PVC/PVDC/AL	RIVAROXABAN	RIVAROXABAN			Compressa rivestita con film	B01AF01	HUAHAI PHARMA EUROPE GMBH	Autorizzata	Procedura Mutuo riconoscimento o Decentrata	Medicinali soggetti a prescrizione medica limitativa, vendibili al pubblico su prescrizione di centri ospedalieri o di specialisti
050768151	050768	RIVAROXABAN HUAHAI	15 mg COMPRESSE RIVESTITE CON FILM- 28 COMPRESSE IN BLISTER PVC/PVDC/AL	RIVAROXABAN	RIVAROXABAN			Compressa rivestita con film	B01AF01	HUAHAI PHARMA EUROPE GMBH	Autorizzata	Procedura Mutuo riconoscimento o Decentrata	Medicinali soggetti a prescrizione medica limitativa, vendibili al pubblico su prescrizione di centri ospedalieri o di specialisti
050768163	050768	RIVAROXABAN HUAHAI	15 mg COMPRESSE RIVESTITE CON FILM- 98 COMPRESSE IN BLISTER PVC/PVDC/AL	RIVAROXABAN	RIVAROXABAN			Compressa rivestita con film	B01AF01	HUAHAI PHARMA EUROPE GMBH	Autorizzata	Procedura Mutuo riconoscimento o Decentrata	Medicinali soggetti a prescrizione medica limitativa, vendibili al pubblico su prescrizione di centri ospedalieri o di specialisti
050768175	050768	RIVAROXABAN HUAHAI	20 mg COMPRESSE RIVESTITE CON FILM- 28 COMPRESSE IN BLISTER PVC/PVDC/AL	RIVAROXABAN	RIVAROXABAN			Compressa rivestita con film	B01AF01	HUAHAI PHARMA EUROPE GMBH	Autorizzata	Procedura Mutuo riconoscimento o Decentrata	Medicinali soggetti a prescrizione medica limitativa, vendibili al pubblico su prescrizione di centri ospedalieri o di specialisti
050768187	050768	RIVAROXABAN HUAHAI	20 mg COMPRESSE RIVESTITE CON FILM- 98 COMPRESSE IN BLISTER PVC/PVDC/AL	RIVAROXABAN	RIVAROXABAN			Compressa rivestita con film	B01AF01	HUAHAI PHARMA EUROPE GMBH	Autorizzata	Procedura Mutuo riconoscimento o Decentrata	Medicinali soggetti a prescrizione medica limitativa, vendibili al pubblico su prescrizione di centri ospedalieri o di specialisti
050768199	050768	RIVAROXABAN HUAHAI	15 mg COMPRESSE RIVESTITE CON FILM- 42 COMPRESSE IN BLISTER PVC/PVDC-AL	RIVAROXABAN	RIVAROXABAN			Compressa rivestita con film	B01AF01	HUAHAI PHARMA EUROPE GMBH	Autorizzata	Procedura Mutuo riconoscimento o Decentrata	Medicinali soggetti a prescrizione medica limitativa, vendibili al pubblico su prescrizione di centri ospedalieri o di specialisti
050779014	050779	RIVAROXABAN CIPLA	2.5 mg COMPRESSE RIVESTITE CON FILM- 14 COMPRESSE IN BLISTER PVC/PVDC/AL	RIVAROXABAN	RIVAROXABAN			Compressa rivestita con film	B01AF01	CIPLA EUROPE NV	Autorizzata	Procedura Mutuo riconoscimento o Decentrata	Medicinali soggetti a prescrizione medica limitativa, vendibili al pubblico su prescrizione di centri ospedalieri o di specialisti
050779026	050779	RIVAROXABAN CIPLA	2.5 mg COMPRESSE RIVESTITE CON FILM- 56 COMPRESSE IN BLISTER PVC/PVDC/AL	RIVAROXABAN	RIVAROXABAN			Compressa rivestita con film	B01AF01	CIPLA EUROPE NV	Autorizzata	Procedura Mutuo riconoscimento o Decentrata	Medicinali soggetti a prescrizione medica limitativa, vendibili al pubblico su prescrizione di centri ospedalieri o di specialisti
050779038	050779	RIVAROXABAN CIPLA	2.5 mg COMPRESSE RIVESTITE CON FILM- 98 COMPRESSE IN BLISTER PVC/PVDC/AL	RIVAROXABAN	RIVAROXABAN			Compressa rivestita con film	B01AF01	CIPLA EUROPE NV	Autorizzata	Procedura Mutuo riconoscimento o Decentrata	Medicinali soggetti a prescrizione medica limitativa, vendibili al pubblico su prescrizione di centri ospedalieri o di specialisti
050779040	050779	RIVAROXABAN CIPLA	2.5 mg COMPRESSE RIVESTITE CON FILM- 168 COMPRESSE IN BLISTER PVC/PVDC/AL	RIVAROXABAN	RIVAROXABAN			Compressa rivestita con film	B01AF01	CIPLA EUROPE NV	Autorizzata	Procedura Mutuo riconoscimento o Decentrata	Medicinali soggetti a prescrizione medica limitativa, vendibili al pubblico su prescrizione di centri ospedalieri o di specialisti
050779053	050779	RIVAROXABAN CIPLA	2.5 mg COMPRESSE RIVESTITE CON FILM- 196 COMPRESSE IN BLISTER PVC/PVDC/AL	RIVAROXABAN	RIVAROXABAN			Compressa rivestita con film	B01AF01	CIPLA EUROPE NV	Autorizzata	Procedura Mutuo riconoscimento o Decentrata	Medicinali soggetti a prescrizione medica limitativa, vendibili al pubblico su prescrizione di centri ospedalieri o di specialisti
050779065	050779	RIVAROXABAN CIPLA	10 mg COMPRESSE RIVESTITE CON FILM- 10 COMPRESSE IN BLISTER PVC/PVDC/AL	RIVAROXABAN	RIVAROXABAN			Compressa rivestita con film	B01AF01	CIPLA EUROPE NV	Autorizzata	Procedura Mutuo riconoscimento o Decentrata	Medicinali soggetti a prescrizione medica limitativa, vendibili al pubblico su prescrizione di centri ospedalieri o di specialisti
050779077	050779	RIVAROXABAN CIPLA	10 mg COMPRESSE RIVESTITE CON FILM- 14 COMPRESSE IN BLISTER PVC/PVDC/AL	RIVAROXABAN	RIVAROXABAN			Compressa rivestita con film	B01AF01	CIPLA EUROPE NV	Autorizzata	Procedura Mutuo riconoscimento o Decentrata	Medicinali soggetti a prescrizione medica limitativa, vendibili al pubblico su prescrizione di centri ospedalieri o di specialisti
050779089	050779	RIVAROXABAN CIPLA	10 mg COMPRESSE RIVESTITE CON FILM- 30 COMPRESSE IN BLISTER PVC/PVDC/AL	RIVAROXABAN	RIVAROXABAN			Compressa rivestita con film	B01AF01	CIPLA EUROPE NV	Autorizzata	Procedura Mutuo riconoscimento o Decentrata	Medicinali soggetti a prescrizione medica limitativa, vendibili al pubblico su prescrizione di centri ospedalieri o di specialisti
050779091	050779	RIVAROXABAN CIPLA	10 mg COMPRESSE RIVESTITE CON FILM- 98 COMPRESSE IN BLISTER PVC/PVDC/AL	RIVAROXABAN	RIVAROXABAN			Compressa rivestita con film	B01AF01	CIPLA EUROPE NV	Autorizzata	Procedura Mutuo riconoscimento o Decentrata	Medicinali soggetti a prescrizione medica limitativa, vendibili al pubblico su prescrizione di centri ospedalieri o di specialisti
050779103	050779	RIVAROXABAN CIPLA	10 mg COMPRESSE RIVESTITE CON FILM- 168 COMPRESSE IN BLISTER PVC/PVDC/AL	RIVAROXABAN	RIVAROXABAN			Compressa rivestita con film	B01AF01	CIPLA EUROPE NV	Autorizzata	Procedura Mutuo riconoscimento o Decentrata	Medicinali soggetti a prescrizione medica limitativa, vendibili al pubblico su prescrizione di centri ospedalieri o di specialisti
050779115	050779	RIVAROXABAN CIPLA	10 mg COMPRESSE RIVESTITE CON FILM- 56 COMPRESSE IN BLISTER PVC/PVDC/AL	RIVAROXABAN	RIVAROXABAN			Compressa rivestita con film	B01AF01	CIPLA EUROPE NV	Autorizzata	Procedura Mutuo riconoscimento o Decentrata	Medicinali soggetti a prescrizione medica limitativa, vendibili al pubblico su prescrizione di centri ospedalieri o di specialisti
050779127	050779	RIVAROXABAN CIPLA	15 mg COMPRESSE RIVESTITE CON FILM- 10 COMPRESSE IN BLISTER PVC/PVDC/AL	RIVAROXABAN	RIVAROXABAN			Compressa rivestita con film	B01AF01	CIPLA EUROPE NV	Autorizzata	Procedura Mutuo riconoscimento o Decentrata	Medicinali soggetti a prescrizione medica limitativa, vendibili al pubblico su prescrizione di centri ospedalieri o di specialisti
050779139	050779	RIVAROXABAN CIPLA	15 mg COMPRESSE RIVESTITE CON FILM- 14 COMPRESSE IN BLISTER PVC/PVDC/AL	RIVAROXABAN	RIVAROXABAN			Compressa rivestita con film	B01AF01	CIPLA EUROPE NV	Autorizzata	Procedura Mutuo riconoscimento o Decentrata	Medicinali soggetti a prescrizione medica limitativa, vendibili al pubblico su prescrizione di centri ospedalieri o di specialisti
050779141	050779	RIVAROXABAN CIPLA	15 mg COMPRESSE RIVESTITE CON FILM- 28 COMPRESSE IN BLISTER PVC/PVDC/AL	RIVAROXABAN	RIVAROXABAN			Compressa rivestita con film	B01AF01	CIPLA EUROPE NV	Autorizzata	Procedura Mutuo riconoscimento o Decentrata	Medicinali soggetti a prescrizione medica limitativa, vendibili al pubblico su prescrizione di centri ospedalieri o di specialisti
050779154	050779	RIVAROXABAN CIPLA	15 mg COMPRESSE RIVESTITE CON FILM- 42 COMPRESSE IN BLISTER PVC/PVDC/AL	RIVAROXABAN	RIVAROXABAN			Compressa rivestita con film	B01AF01	CIPLA EUROPE NV	Autorizzata	Procedura Mutuo riconoscimento o Decentrata	Medicinali soggetti a prescrizione medica limitativa, vendibili al pubblico su prescrizione di centri ospedalieri o di specialisti
050779166	050779	RIVAROXABAN CIPLA	15 mg COMPRESSE RIVESTITE CON FILM- 98 COMPRESSE IN BLISTER PVC/PVDC/AL	RIVAROXABAN	RIVAROXABAN			Compressa rivestita con film	B01AF01	CIPLA EUROPE NV	Autorizzata	Procedura Mutuo riconoscimento o Decentrata	Medicinali soggetti a prescrizione medica limitativa, vendibili al pubblico su prescrizione di centri ospedalieri o di specialisti
050779178	050779	RIVAROXABAN CIPLA	20 mg COMPRESSE RIVESTITE CON FILM- 14 COMPRESSE IN BLISTER PVC/PVDC/AL	RIVAROXABAN	RIVAROXABAN			Compressa rivestita con film	B01AF01	CIPLA EUROPE NV	Autorizzata	Procedura Mutuo riconoscimento o Decentrata	Medicinali soggetti a prescrizione medica limitativa, vendibili al pubblico su prescrizione di centri ospedalieri o di specialisti
050779180	050779	RIVAROXABAN CIPLA	20 mg COMPRESSE RIVESTITE CON FILM- 28 COMPRESSE IN BLISTER PVC/PVDC/AL	RIVAROXABAN	RIVAROXABAN			Compressa rivestita con film	B01AF01	CIPLA EUROPE NV	Autorizzata	Procedura Mutuo riconoscimento o Decentrata	Medicinali soggetti a prescrizione medica limitativa, vendibili al pubblico su prescrizione di centri ospedalieri o di specialisti
050779192	050779	RIVAROXABAN CIPLA	20 mg COMPRESSE RIVESTITE CON FILM- 98 COMPRESSE IN BLISTER PVC/PVDC/AL	RIVAROXABAN	RIVAROXABAN			Compressa rivestita con film	B01AF01	CIPLA EUROPE NV	Autorizzata	Procedura Mutuo riconoscimento o Decentrata	Medicinali soggetti a prescrizione medica limitativa, vendibili al pubblico su prescrizione di centri ospedalieri o di specialisti
050779204	050779	RIVAROXABAN CIPLA	15 mg / 20 mg COMPRESSE RIVESTITE CON FILM- CONFEZIONE DI INIZIO TRATTAMENTO 49 COMPRESSE (42 DA 15 MG + 7 DA 20 MG) IN BLISTER PVC/PVDC/AL	RIVAROXABAN	RIVAROXABAN			Compressa rivestita con film	B01AF01	CIPLA EUROPE NV	Autorizzata	Procedura Mutuo riconoscimento o Decentrata	Medicinali soggetti a prescrizione medica limitativa, vendibili al pubblico su prescrizione di centri ospedalieri o di specialisti
050948013	050948	RIVAROXABAN TECNIGEN	?10 MG COMPRESSE RIVESTITE CON FILM? 5 COMPRESSE IN BLISTER OPA/AL/PVC-AL	RIVAROXABAN	RIVAROXABAN	10	milligrammi	Compressa rivestita con film	B01AF01	TECNIGEN S.R.L.	Autorizzata	Procedura Mutuo riconoscimento o Decentrata	Medicinali soggetti a prescrizione medica limitativa, vendibili al pubblico su prescrizione di centri ospedalieri o di specialisti
050948025	050948	RIVAROXABAN TECNIGEN	?10 MG COMPRESSE RIVESTITE CON FILM? 10 COMPRESSE IN BLISTER OPA/AL/PVC-AL	RIVAROXABAN	RIVAROXABAN	10	milligrammi	Compressa rivestita con film	B01AF01	TECNIGEN S.R.L.	Autorizzata	Procedura Mutuo riconoscimento o Decentrata	Medicinali soggetti a prescrizione medica limitativa, vendibili al pubblico su prescrizione di centri ospedalieri o di specialisti
050948037	050948	RIVAROXABAN TECNIGEN	?10 MG COMPRESSE RIVESTITE CON FILM? 30 COMPRESSE IN BLISTER OPA/AL/PVC-AL	RIVAROXABAN	RIVAROXABAN	10	milligrammi	Compressa rivestita con film	B01AF01	TECNIGEN S.R.L.	Autorizzata	Procedura Mutuo riconoscimento o Decentrata	Medicinali soggetti a prescrizione medica limitativa, vendibili al pubblico su prescrizione di centri ospedalieri o di specialisti
050948049	050948	RIVAROXABAN TECNIGEN	?10 MG COMPRESSE RIVESTITE CON FILM? 100 COMPRESSE IN BLISTER OPA/AL/PVC-AL	RIVAROXABAN	RIVAROXABAN	10	milligrammi	Compressa rivestita con film	B01AF01	TECNIGEN S.R.L.	Autorizzata	Procedura Mutuo riconoscimento o Decentrata	Medicinali soggetti a prescrizione medica limitativa, vendibili al pubblico su prescrizione di centri ospedalieri o di specialisti
050948052	050948	RIVAROXABAN TECNIGEN	?15 MG COMPRESSE RIVESTITE CON FILM? 10 COMPRESSE IN BLISTER OPA/AL/PVC-AL	RIVAROXABAN	RIVAROXABAN	15	milligrammi	Compressa rivestita con film	B01AF01	TECNIGEN S.R.L.	Autorizzata	Procedura Mutuo riconoscimento o Decentrata	Medicinali soggetti a prescrizione medica limitativa, vendibili al pubblico su prescrizione di centri ospedalieri o di specialisti
050948064	050948	RIVAROXABAN TECNIGEN	?15 MG COMPRESSE RIVESTITE CON FILM? 14 COMPRESSE IN BLISTER OPA/AL/PVC-AL	RIVAROXABAN	RIVAROXABAN	15	milligrammi	Compressa rivestita con film	B01AF01	TECNIGEN S.R.L.	Autorizzata	Procedura Mutuo riconoscimento o Decentrata	Medicinali soggetti a prescrizione medica limitativa, vendibili al pubblico su prescrizione di centri ospedalieri o di specialisti
050948076	050948	RIVAROXABAN TECNIGEN	?15 MG COMPRESSE RIVESTITE CON FILM? 28 COMPRESSE IN BLISTER OPA/AL/PVC-AL	RIVAROXABAN	RIVAROXABAN	15	milligrammi	Compressa rivestita con film	B01AF01	TECNIGEN S.R.L.	Autorizzata	Procedura Mutuo riconoscimento o Decentrata	Medicinali soggetti a prescrizione medica limitativa, vendibili al pubblico su prescrizione di centri ospedalieri o di specialisti
050948088	050948	RIVAROXABAN TECNIGEN	?15 MG COMPRESSE RIVESTITE CON FILM? 42 COMPRESSE IN BLISTER OPA/AL/PVC-AL	RIVAROXABAN	RIVAROXABAN	15	milligrammi	Compressa rivestita con film	B01AF01	TECNIGEN S.R.L.	Autorizzata	Procedura Mutuo riconoscimento o Decentrata	Medicinali soggetti a prescrizione medica limitativa, vendibili al pubblico su prescrizione di centri ospedalieri o di specialisti
050948090	050948	RIVAROXABAN TECNIGEN	?15 MG COMPRESSE RIVESTITE CON FILM? 98 COMPRESSE IN BLISTER OPA/AL/PVC-AL	RIVAROXABAN	RIVAROXABAN	15	milligrammi	Compressa rivestita con film	B01AF01	TECNIGEN S.R.L.	Autorizzata	Procedura Mutuo riconoscimento o Decentrata	Medicinali soggetti a prescrizione medica limitativa, vendibili al pubblico su prescrizione di centri ospedalieri o di specialisti
050948102	050948	RIVAROXABAN TECNIGEN	?15 MG COMPRESSE RIVESTITE CON FILM? 100 COMPRESSE IN BLISTER OPA/AL/PVC-AL	RIVAROXABAN	RIVAROXABAN	15	milligrammi	Compressa rivestita con film	B01AF01	TECNIGEN S.R.L.	Autorizzata	Procedura Mutuo riconoscimento o Decentrata	Medicinali soggetti a prescrizione medica limitativa, vendibili al pubblico su prescrizione di centri ospedalieri o di specialisti
050948114	050948	RIVAROXABAN TECNIGEN	?20 MG COMPRESSE RIVESTITE CON FILM? 10 COMPRESSE IN BLISTER OPA/AL/PVC-AL	RIVAROXABAN	RIVAROXABAN	20	milligrammi	Compressa rivestita con film	B01AF01	TECNIGEN S.R.L.	Autorizzata	Procedura Mutuo riconoscimento o Decentrata	Medicinali soggetti a prescrizione medica limitativa, vendibili al pubblico su prescrizione di centri ospedalieri o di specialisti
050948126	050948	RIVAROXABAN TECNIGEN	?20 MG COMPRESSE RIVESTITE CON FILM? 14 COMPRESSE IN BLISTER OPA/AL/PVC-AL	RIVAROXABAN	RIVAROXABAN	20	milligrammi	Compressa rivestita con film	B01AF01	TECNIGEN S.R.L.	Autorizzata	Procedura Mutuo riconoscimento o Decentrata	Medicinali soggetti a prescrizione medica limitativa, vendibili al pubblico su prescrizione di centri ospedalieri o di specialisti
050948138	050948	RIVAROXABAN TECNIGEN	?20 MG COMPRESSE RIVESTITE CON FILM? 28 COMPRESSE IN BLISTER OPA/AL/PVC-AL	RIVAROXABAN	RIVAROXABAN	20	milligrammi	Compressa rivestita con film	B01AF01	TECNIGEN S.R.L.	Autorizzata	Procedura Mutuo riconoscimento o Decentrata	Medicinali soggetti a prescrizione medica limitativa, vendibili al pubblico su prescrizione di centri ospedalieri o di specialisti
050948140	050948	RIVAROXABAN TECNIGEN	?20 MG COMPRESSE RIVESTITE CON FILM? 98 COMPRESSE IN BLISTER OPA/AL/PVC-AL	RIVAROXABAN	RIVAROXABAN	20	milligrammi	Compressa rivestita con film	B01AF01	TECNIGEN S.R.L.	Autorizzata	Procedura Mutuo riconoscimento o Decentrata	Medicinali soggetti a prescrizione medica limitativa, vendibili al pubblico su prescrizione di centri ospedalieri o di specialisti
050948153	050948	RIVAROXABAN TECNIGEN	?20 MG COMPRESSE RIVESTITE CON FILM? 100 COMPRESSE IN BLISTER OPA/AL/PVC-AL	RIVAROXABAN	RIVAROXABAN	20	milligrammi	Compressa rivestita con film	B01AF01	TECNIGEN S.R.L.	Autorizzata	Procedura Mutuo riconoscimento o Decentrata	Medicinali soggetti a prescrizione medica limitativa, vendibili al pubblico su prescrizione di centri ospedalieri o di specialisti
051139018	051139	RIVAROXABAN TILLOMED	?2,5 MG COMPRESSE RIVESTITE CON FILM? 20 COMPRESSE IN BLISTER PVC/PVDC/AL	RIVAROXABAN	RIVAROXABAN	2.5	milligrammi	Compressa rivestita con film	B01AF01	TILLOMED ITALIA SRL	Autorizzata	Procedura Mutuo riconoscimento o Decentrata	Medicinali soggetti a prescrizione medica limitativa, vendibili al pubblico su prescrizione di centri ospedalieri o di specialisti
051139020	051139	RIVAROXABAN TILLOMED	?2,5 MG COMPRESSE RIVESTITE CON FILM? 28 COMPRESSE IN BLISTER PVC/PVDC/AL	RIVAROXABAN	RIVAROXABAN	2.5	milligrammi	Compressa rivestita con film	B01AF01	TILLOMED ITALIA SRL	Autorizzata	Procedura Mutuo riconoscimento o Decentrata	Medicinali soggetti a prescrizione medica limitativa, vendibili al pubblico su prescrizione di centri ospedalieri o di specialisti
051139032	051139	RIVAROXABAN TILLOMED	?2,5 MG COMPRESSE RIVESTITE CON FILM? 56 COMPRESSE IN BLISTER PVC/PVDC/AL	RIVAROXABAN	RIVAROXABAN	2.5	milligrammi	Compressa rivestita con film	B01AF01	TILLOMED ITALIA SRL	Autorizzata	Procedura Mutuo riconoscimento o Decentrata	Medicinali soggetti a prescrizione medica limitativa, vendibili al pubblico su prescrizione di centri ospedalieri o di specialisti
051139044	051139	RIVAROXABAN TILLOMED	?2,5 MG COMPRESSE RIVESTITE CON FILM? 100 COMPRESSE IN BLISTER PVC/PVDC/AL	RIVAROXABAN	RIVAROXABAN	2.5	milligrammi	Compressa rivestita con film	B01AF01	TILLOMED ITALIA SRL	Autorizzata	Procedura Mutuo riconoscimento o Decentrata	Medicinali soggetti a prescrizione medica limitativa, vendibili al pubblico su prescrizione di centri ospedalieri o di specialisti
051139057	051139	RIVAROXABAN TILLOMED	?2,5 MG COMPRESSE RIVESTITE CON FILM? 196 COMPRESSE IN BLISTER PVC/PVDC/AL	RIVAROXABAN	RIVAROXABAN	2.5	milligrammi	Compressa rivestita con film	B01AF01	TILLOMED ITALIA SRL	Autorizzata	Procedura Mutuo riconoscimento o Decentrata	Medicinali soggetti a prescrizione medica limitativa, vendibili al pubblico su prescrizione di centri ospedalieri o di specialisti
051139069	051139	RIVAROXABAN TILLOMED	?10 MG COMPRESSE RIVESTITE CON FILM? 10 COMPRESSE IN BLISTER PVC/PVDC/AL	RIVAROXABAN	RIVAROXABAN	10	milligrammi	Compressa rivestita con film	B01AF01	TILLOMED ITALIA SRL	Autorizzata	Procedura Mutuo riconoscimento o Decentrata	Medicinali soggetti a prescrizione medica limitativa, vendibili al pubblico su prescrizione di centri ospedalieri o di specialisti
051139071	051139	RIVAROXABAN TILLOMED	?10 MG COMPRESSE RIVESTITE CON FILM? 14 COMPRESSE IN BLISTER PVC/PVDC/AL	RIVAROXABAN	RIVAROXABAN	10	milligrammi	Compressa rivestita con film	B01AF01	TILLOMED ITALIA SRL	Autorizzata	Procedura Mutuo riconoscimento o Decentrata	Medicinali soggetti a prescrizione medica limitativa, vendibili al pubblico su prescrizione di centri ospedalieri o di specialisti
051139083	051139	RIVAROXABAN TILLOMED	?10 MG COMPRESSE RIVESTITE CON FILM? 30 COMPRESSE IN BLISTER PVC/PVDC/AL	RIVAROXABAN	RIVAROXABAN	10	milligrammi	Compressa rivestita con film	B01AF01	TILLOMED ITALIA SRL	Autorizzata	Procedura Mutuo riconoscimento o Decentrata	Medicinali soggetti a prescrizione medica limitativa, vendibili al pubblico su prescrizione di centri ospedalieri o di specialisti
051139095	051139	RIVAROXABAN TILLOMED	?10 MG COMPRESSE RIVESTITE CON FILM? 98 COMPRESSE IN BLISTER PVC/PVDC/AL	RIVAROXABAN	RIVAROXABAN	10	milligrammi	Compressa rivestita con film	B01AF01	TILLOMED ITALIA SRL	Autorizzata	Procedura Mutuo riconoscimento o Decentrata	Medicinali soggetti a prescrizione medica limitativa, vendibili al pubblico su prescrizione di centri ospedalieri o di specialisti
051139107	051139	RIVAROXABAN TILLOMED	?10 MG COMPRESSE RIVESTITE CON FILM? 100 COMPRESSE IN BLISTER PVC/PVDC/AL	RIVAROXABAN	RIVAROXABAN	10	milligrammi	Compressa rivestita con film	B01AF01	TILLOMED ITALIA SRL	Autorizzata	Procedura Mutuo riconoscimento o Decentrata	Medicinali soggetti a prescrizione medica limitativa, vendibili al pubblico su prescrizione di centri ospedalieri o di specialisti
051139119	051139	RIVAROXABAN TILLOMED	?15 MG COMPRESSE RIVESTITE CON FILM? 10 COMPRESSE IN BLISTER PVC/PVDC/AL	RIVAROXABAN	RIVAROXABAN	15	milligrammi	Compressa rivestita con film	B01AF01	TILLOMED ITALIA SRL	Autorizzata	Procedura Mutuo riconoscimento o Decentrata	Medicinali soggetti a prescrizione medica limitativa, vendibili al pubblico su prescrizione di centri ospedalieri o di specialisti
051139121	051139	RIVAROXABAN TILLOMED	?15 MG COMPRESSE RIVESTITE CON FILM? 14 COMPRESSE IN BLISTER PVC/PVDC/AL	RIVAROXABAN	RIVAROXABAN	15	milligrammi	Compressa rivestita con film	B01AF01	TILLOMED ITALIA SRL	Autorizzata	Procedura Mutuo riconoscimento o Decentrata	Medicinali soggetti a prescrizione medica limitativa, vendibili al pubblico su prescrizione di centri ospedalieri o di specialisti
051139133	051139	RIVAROXABAN TILLOMED	?15 MG COMPRESSE RIVESTITE CON FILM? 28 COMPRESSE IN BLISTER PVC/PVDC/AL	RIVAROXABAN	RIVAROXABAN	15	milligrammi	Compressa rivestita con film	B01AF01	TILLOMED ITALIA SRL	Autorizzata	Procedura Mutuo riconoscimento o Decentrata	Medicinali soggetti a prescrizione medica limitativa, vendibili al pubblico su prescrizione di centri ospedalieri o di specialisti
051139145	051139	RIVAROXABAN TILLOMED	?15 MG COMPRESSE RIVESTITE CON FILM? 42 COMPRESSE IN BLISTER PVC/PVDC/AL	RIVAROXABAN	RIVAROXABAN	15	milligrammi	Compressa rivestita con film	B01AF01	TILLOMED ITALIA SRL	Autorizzata	Procedura Mutuo riconoscimento o Decentrata	Medicinali soggetti a prescrizione medica limitativa, vendibili al pubblico su prescrizione di centri ospedalieri o di specialisti
051139158	051139	RIVAROXABAN TILLOMED	?15 MG COMPRESSE RIVESTITE CON FILM? 98 COMPRESSE IN BLISTER PVC/PVDC/AL	RIVAROXABAN	RIVAROXABAN	15	milligrammi	Compressa rivestita con film	B01AF01	TILLOMED ITALIA SRL	Autorizzata	Procedura Mutuo riconoscimento o Decentrata	Medicinali soggetti a prescrizione medica limitativa, vendibili al pubblico su prescrizione di centri ospedalieri o di specialisti
051139160	051139	RIVAROXABAN TILLOMED	?15 MG COMPRESSE RIVESTITE CON FILM? 100 COMPRESSE IN BLISTER PVC/PVDC/AL	RIVAROXABAN	RIVAROXABAN	15	milligrammi	Compressa rivestita con film	B01AF01	TILLOMED ITALIA SRL	Autorizzata	Procedura Mutuo riconoscimento o Decentrata	Medicinali soggetti a prescrizione medica limitativa, vendibili al pubblico su prescrizione di centri ospedalieri o di specialisti
051139172	051139	RIVAROXABAN TILLOMED	?20 MG COMPRESSE RIVESTITE CON FILM? 10 COMPRESSE IN BLISTER PVC/PVDC/AL	RIVAROXABAN	RIVAROXABAN	20	milligrammi	Compressa rivestita con film	B01AF01	TILLOMED ITALIA SRL	Autorizzata	Procedura Mutuo riconoscimento o Decentrata	Medicinali soggetti a prescrizione medica limitativa, vendibili al pubblico su prescrizione di centri ospedalieri o di specialisti
051139184	051139	RIVAROXABAN TILLOMED	?20 MG COMPRESSE RIVESTITE CON FILM? 14 COMPRESSE IN BLISTER PVC/PVDC/AL	RIVAROXABAN	RIVAROXABAN	20	milligrammi	Compressa rivestita con film	B01AF01	TILLOMED ITALIA SRL	Autorizzata	Procedura Mutuo riconoscimento o Decentrata	Medicinali soggetti a prescrizione medica limitativa, vendibili al pubblico su prescrizione di centri ospedalieri o di specialisti
051139196	051139	RIVAROXABAN TILLOMED	?20 MG COMPRESSE RIVESTITE CON FILM? 28 COMPRESSE IN BLISTER PVC/PVDC/AL	RIVAROXABAN	RIVAROXABAN	20	milligrammi	Compressa rivestita con film	B01AF01	TILLOMED ITALIA SRL	Autorizzata	Procedura Mutuo riconoscimento o Decentrata	Medicinali soggetti a prescrizione medica limitativa, vendibili al pubblico su prescrizione di centri ospedalieri o di specialisti
051139208	051139	RIVAROXABAN TILLOMED	?20 MG COMPRESSE RIVESTITE CON FILM? 98 COMPRESSE IN BLISTER PVC/PVDC/AL	RIVAROXABAN	RIVAROXABAN	20	milligrammi	Compressa rivestita con film	B01AF01	TILLOMED ITALIA SRL	Autorizzata	Procedura Mutuo riconoscimento o Decentrata	Medicinali soggetti a prescrizione medica limitativa, vendibili al pubblico su prescrizione di centri ospedalieri o di specialisti
051139210	051139	RIVAROXABAN TILLOMED	?20 MG COMPRESSE RIVESTITE CON FILM? 100 COMPRESSE IN BLISTER PVC/PVDC/AL	RIVAROXABAN	RIVAROXABAN	20	milligrammi	Compressa rivestita con film	B01AF01	TILLOMED ITALIA SRL	Autorizzata	Procedura Mutuo riconoscimento o Decentrata	Medicinali soggetti a prescrizione medica limitativa, vendibili al pubblico su prescrizione di centri ospedalieri o di specialisti
052228018	052228	RIVAROXABAN MYLAN	?10 MG CAPSULE RIGIDE? 10 CAPSULE IN BLISTER Al-PVC/PVDC	RIVAROXABAN	RIVAROXABAN	10	milligrammi	Capsula rigida	B01AF01	MYLAN S.P.A.	Autorizzata	Procedura Mutuo riconoscimento o Decentrata	Medicinali soggetti a prescrizione medica limitativa, vendibili al pubblico su prescrizione di centri ospedalieri o di specialisti
052228020	052228	RIVAROXABAN MYLAN	?10 MG CAPSULE RIGIDE? 30 CAPSULE IN BLISTER Al-PVC/PVDC	RIVAROXABAN	RIVAROXABAN			Capsula rigida	B01AF01	MYLAN S.P.A.	Autorizzata	Procedura Mutuo riconoscimento o Decentrata	Medicinali soggetti a prescrizione medica limitativa, vendibili al pubblico su prescrizione di centri ospedalieri o di specialisti
052228032	052228	RIVAROXABAN MYLAN	?10 MG CAPSULE RIGIDE? 98 CAPSULE IN BLISTER Al-PVC/PVDC	RIVAROXABAN	RIVAROXABAN			Capsula rigida	B01AF01	MYLAN S.P.A.	Autorizzata	Procedura Mutuo riconoscimento o Decentrata	Medicinali soggetti a prescrizione medica limitativa, vendibili al pubblico su prescrizione di centri ospedalieri o di specialisti
052228044	052228	RIVAROXABAN MYLAN	?15 MG CAPSULE RIGIDE? 28 CAPSULE RIGIDE IN BLISTER Al-PVC/PVDC	RIVAROXABAN	RIVAROXABAN			Capsula rigida	B01AF01	MYLAN S.P.A.	Autorizzata	Procedura Mutuo riconoscimento o Decentrata	Medicinali soggetti a prescrizione medica limitativa, vendibili al pubblico su prescrizione di centri ospedalieri o di specialisti
052228057	052228	RIVAROXABAN MYLAN	?15 MG CAPSULE RIGIDE? 42 CAPSULE RIGIDE IN BLISTER Al-PVC/PVDC	RIVAROXABAN	RIVAROXABAN			Capsula rigida	B01AF01	MYLAN S.P.A.	Autorizzata	Procedura Mutuo riconoscimento o Decentrata	Medicinali soggetti a prescrizione medica limitativa, vendibili al pubblico su prescrizione di centri ospedalieri o di specialisti
052228069	052228	RIVAROXABAN MYLAN	?15 MG CAPSULE RIGIDE? 98 CAPSULE RIGIDE IN BLISTER Al-PVC/PVDC	RIVAROXABAN	RIVAROXABAN			Capsula rigida	B01AF01	MYLAN S.P.A.	Autorizzata	Procedura Mutuo riconoscimento o Decentrata	Medicinali soggetti a prescrizione medica limitativa, vendibili al pubblico su prescrizione di centri ospedalieri o di specialisti
052228071	052228	RIVAROXABAN MYLAN	?20 MG CAPSULE RIGIDE? 28 CAPSULE IN BLISTER Al-PVC/PVDC	RIVAROXABAN	RIVAROXABAN	20	milligrammi	Capsula rigida	B01AF01	MYLAN S.P.A.	Autorizzata	Procedura Mutuo riconoscimento o Decentrata	Medicinali soggetti a prescrizione medica limitativa, vendibili al pubblico su prescrizione di centri ospedalieri o di specialisti
052228083	052228	RIVAROXABAN MYLAN	?20 MG CAPSULE RIGIDE? 98 CAPSULE IN BLISTER Al-PVC/PVDC	RIVAROXABAN	RIVAROXABAN	20	milligrammi	Capsula rigida	B01AF01	MYLAN S.P.A.	Autorizzata	Procedura Mutuo riconoscimento o Decentrata	Medicinali soggetti a prescrizione medica limitativa, vendibili al pubblico su prescrizione di centri ospedalieri o di specialisti
052289016	052289	RIVAROXABAN OLPHA	2.5 MG COMPRESSE RIVESTITE CON FILM- 56 COMPRESSE IN BLISTER PVC/PVDC/AL	RIVAROXABAN	RIVAROXABAN			Compressa rivestita con film	B01AF01	OLPHA AS	Autorizzata	Procedura Mutuo riconoscimento o Decentrata	Medicinali soggetti a prescrizione medica limitativa, vendibili al pubblico su prescrizione di centri ospedalieri o di specialisti
052289028	052289	RIVAROXABAN OLPHA	2.5 MG COMPRESSE RIVESTITE CON FILM- 196 COMPRESSE IN BLISTER PVC/PVDC/AL	RIVAROXABAN	RIVAROXABAN			Compressa rivestita con film	B01AF01	OLPHA AS	Autorizzata	Procedura Mutuo riconoscimento o Decentrata	Medicinali soggetti a prescrizione medica limitativa, vendibili al pubblico su prescrizione di centri ospedalieri o di specialisti
052289030	052289	RIVAROXABAN OLPHA	2.5 MG COMPRESSE RIVESTITE CON FILM- 56 COMPRESSE IN BLISTER OPA/AL/PVC/AL	RIVAROXABAN	RIVAROXABAN			Compressa rivestita con film	B01AF01	OLPHA AS	Autorizzata	Procedura Mutuo riconoscimento o Decentrata	Medicinali soggetti a prescrizione medica limitativa, vendibili al pubblico su prescrizione di centri ospedalieri o di specialisti
052289042	052289	RIVAROXABAN OLPHA	2.5 MG COMPRESSE RIVESTITE CON FILM- 196 COMPRESSE IN BLISTER OPA/AL/PVC/AL	RIVAROXABAN	RIVAROXABAN			Compressa rivestita con film	B01AF01	OLPHA AS	Autorizzata	Procedura Mutuo riconoscimento o Decentrata	Medicinali soggetti a prescrizione medica limitativa, vendibili al pubblico su prescrizione di centri ospedalieri o di specialisti
052289055	052289	RIVAROXABAN OLPHA	10 MG COMPRESSE RIVESTITE CON FILM- 30 COMPRESSE IN BLISTER PVC/PVDC/AL	RIVAROXABAN	RIVAROXABAN			Compressa rivestita con film	B01AF01	OLPHA AS	Autorizzata	Procedura Mutuo riconoscimento o Decentrata	Medicinali soggetti a prescrizione medica limitativa, vendibili al pubblico su prescrizione di centri ospedalieri o di specialisti
052289067	052289	RIVAROXABAN OLPHA	10 MG COMPRESSE RIVESTITE CON FILM- 98 COMPRESSE IN BLISTER PVC/PVDC/AL	RIVAROXABAN	RIVAROXABAN			Compressa rivestita con film	B01AF01	OLPHA AS	Autorizzata	Procedura Mutuo riconoscimento o Decentrata	Medicinali soggetti a prescrizione medica limitativa, vendibili al pubblico su prescrizione di centri ospedalieri o di specialisti
052289079	052289	RIVAROXABAN OLPHA	10 MG COMPRESSE RIVESTITE CON FILM- 30 COMPRESSE IN BLISTER OPA/AL/PVC/AL	RIVAROXABAN	RIVAROXABAN			Compressa rivestita con film	B01AF01	OLPHA AS	Autorizzata	Procedura Mutuo riconoscimento o Decentrata	Medicinali soggetti a prescrizione medica limitativa, vendibili al pubblico su prescrizione di centri ospedalieri o di specialisti
052289081	052289	RIVAROXABAN OLPHA	10 MG COMPRESSE RIVESTITE CON FILM- 98 COMPRESSE IN BLISTER OPA/AL/PVC/AL	RIVAROXABAN	RIVAROXABAN			Compressa rivestita con film	B01AF01	OLPHA AS	Autorizzata	Procedura Mutuo riconoscimento o Decentrata	Medicinali soggetti a prescrizione medica limitativa, vendibili al pubblico su prescrizione di centri ospedalieri o di specialisti
052289093	052289	RIVAROXABAN OLPHA	15 MG COMPRESSE RIVESTITE CON FILM- 28 COMPRESSE IN BLISTER PVC/PVDC/AL	RIVAROXABAN	RIVAROXABAN			Compressa rivestita con film	B01AF01	OLPHA AS	Autorizzata	Procedura Mutuo riconoscimento o Decentrata	Medicinali soggetti a prescrizione medica limitativa, vendibili al pubblico su prescrizione di centri ospedalieri o di specialisti
052289105	052289	RIVAROXABAN OLPHA	15 MG COMPRESSE RIVESTITE CON FILM- 42 COMPRESSE IN BLISTER PVC/PVDC/AL	RIVAROXABAN	RIVAROXABAN			Compressa rivestita con film	B01AF01	OLPHA AS	Autorizzata	Procedura Mutuo riconoscimento o Decentrata	Medicinali soggetti a prescrizione medica limitativa, vendibili al pubblico su prescrizione di centri ospedalieri o di specialisti
052289117	052289	RIVAROXABAN OLPHA	15 MG COMPRESSE RIVESTITE CON FILM- 98 COMPRESSE IN BLISTER PVC/PVDC/AL	RIVAROXABAN	RIVAROXABAN			Compressa rivestita con film	B01AF01	OLPHA AS	Autorizzata	Procedura Mutuo riconoscimento o Decentrata	Medicinali soggetti a prescrizione medica limitativa, vendibili al pubblico su prescrizione di centri ospedalieri o di specialisti
052289129	052289	RIVAROXABAN OLPHA	15 MG COMPRESSE RIVESTITE CON FILM- 28 COMPRESSE IN BLISTER OPA/AL/PVC/AL	RIVAROXABAN	RIVAROXABAN			Compressa rivestita con film	B01AF01	OLPHA AS	Autorizzata	Procedura Mutuo riconoscimento o Decentrata	Medicinali soggetti a prescrizione medica limitativa, vendibili al pubblico su prescrizione di centri ospedalieri o di specialisti
052289131	052289	RIVAROXABAN OLPHA	15 MG COMPRESSE RIVESTITE CON FILM- 42 COMPRESSE IN BLISTER OPA/AL/PVC/AL	RIVAROXABAN	RIVAROXABAN			Compressa rivestita con film	B01AF01	OLPHA AS	Autorizzata	Procedura Mutuo riconoscimento o Decentrata	Medicinali soggetti a prescrizione medica limitativa, vendibili al pubblico su prescrizione di centri ospedalieri o di specialisti
052289143	052289	RIVAROXABAN OLPHA	15 MG COMPRESSE RIVESTITE CON FILM- 98 COMPRESSE IN BLISTER OPA/AL/PVC/AL	RIVAROXABAN	RIVAROXABAN			Compressa rivestita con film	B01AF01	OLPHA AS	Autorizzata	Procedura Mutuo riconoscimento o Decentrata	Medicinali soggetti a prescrizione medica limitativa, vendibili al pubblico su prescrizione di centri ospedalieri o di specialisti
052289156	052289	RIVAROXABAN OLPHA	20 MG COMPRESSE RIVESTITE CON FILM- 28 COMPRESSE IN BLISTER PVC/PVDC/AL	RIVAROXABAN	RIVAROXABAN			Compressa rivestita con film	B01AF01	OLPHA AS	Autorizzata	Procedura Mutuo riconoscimento o Decentrata	Medicinali soggetti a prescrizione medica limitativa, vendibili al pubblico su prescrizione di centri ospedalieri o di specialisti
052289168	052289	RIVAROXABAN OLPHA	20 MG COMPRESSE RIVESTITE CON FILM- 98 COMPRESSE IN BLISTER PVC/PVDC/AL	RIVAROXABAN	RIVAROXABAN			Compressa rivestita con film	B01AF01	OLPHA AS	Autorizzata	Procedura Mutuo riconoscimento o Decentrata	Medicinali soggetti a prescrizione medica limitativa, vendibili al pubblico su prescrizione di centri ospedalieri o di specialisti
052289170	052289	RIVAROXABAN OLPHA	20 MG COMPRESSE RIVESTITE CON FILM- 28 COMPRESSE IN BLISTER OPA/AL/PVC/AL	RIVAROXABAN	RIVAROXABAN			Compressa rivestita con film	B01AF01	OLPHA AS	Autorizzata	Procedura Mutuo riconoscimento o Decentrata	Medicinali soggetti a prescrizione medica limitativa, vendibili al pubblico su prescrizione di centri ospedalieri o di specialisti
052289182	052289	RIVAROXABAN OLPHA	20 MG COMPRESSE RIVESTITE CON FILM- 98 COMPRESSE IN BLISTER OPA/AL/PVC/AL	RIVAROXABAN	RIVAROXABAN			Compressa rivestita con film	B01AF01	OLPHA AS	Autorizzata	Procedura Mutuo riconoscimento o Decentrata	Medicinali soggetti a prescrizione medica limitativa, vendibili al pubblico su prescrizione di centri ospedalieri o di specialisti
052520018	052520	RIVAROXABAN GRINDEKS	10 MG COMPRESSE RIVESTITE CON FILM- 10 COMPRESSE IN BLISTER PVC/PVDC/AL	RIVAROXABAN	RIVAROXABAN			Compressa rivestita con film	B01AF01	AS GRINDEKS	Autorizzata	Procedura Mutuo riconoscimento o Decentrata	Medicinali soggetti a prescrizione medica limitativa, vendibili al pubblico su prescrizione di centri ospedalieri o di specialisti
052520020	052520	RIVAROXABAN GRINDEKS	10 MG COMPRESSE RIVESTITE CON FILM- 14 COMPRESSE IN BLISTER PVC/PVDC/AL	RIVAROXABAN	RIVAROXABAN			Compressa rivestita con film	B01AF01	AS GRINDEKS	Autorizzata	Procedura Mutuo riconoscimento o Decentrata	Medicinali soggetti a prescrizione medica limitativa, vendibili al pubblico su prescrizione di centri ospedalieri o di specialisti
052520032	052520	RIVAROXABAN GRINDEKS	10 MG COMPRESSE RIVESTITE CON FILM- 28 COMPRESSE IN BLISTER PVC/PVDC/AL	RIVAROXABAN	RIVAROXABAN			Compressa rivestita con film	B01AF01	AS GRINDEKS	Autorizzata	Procedura Mutuo riconoscimento o Decentrata	Medicinali soggetti a prescrizione medica limitativa, vendibili al pubblico su prescrizione di centri ospedalieri o di specialisti
052520044	052520	RIVAROXABAN GRINDEKS	10 MG COMPRESSE RIVESTITE CON FILM- 30 COMPRESSE IN BLISTER PVC/PVDC/AL	RIVAROXABAN	RIVAROXABAN			Compressa rivestita con film	B01AF01	AS GRINDEKS	Autorizzata	Procedura Mutuo riconoscimento o Decentrata	Medicinali soggetti a prescrizione medica limitativa, vendibili al pubblico su prescrizione di centri ospedalieri o di specialisti
052520057	052520	RIVAROXABAN GRINDEKS	10 MG COMPRESSE RIVESTITE CON FILM- 42 COMPRESSE IN BLISTER PVC/PVDC/AL	RIVAROXABAN	RIVAROXABAN			Compressa rivestita con film	B01AF01	AS GRINDEKS	Autorizzata	Procedura Mutuo riconoscimento o Decentrata	Medicinali soggetti a prescrizione medica limitativa, vendibili al pubblico su prescrizione di centri ospedalieri o di specialisti
052520069	052520	RIVAROXABAN GRINDEKS	10 MG COMPRESSE RIVESTITE CON FILM- 98 COMPRESSE IN BLISTER PVC/PVDC/AL	RIVAROXABAN	RIVAROXABAN			Compressa rivestita con film	B01AF01	AS GRINDEKS	Autorizzata	Procedura Mutuo riconoscimento o Decentrata	Medicinali soggetti a prescrizione medica limitativa, vendibili al pubblico su prescrizione di centri ospedalieri o di specialisti
052520071	052520	RIVAROXABAN GRINDEKS	10 MG COMPRESSE RIVESTITE CON FILM- 100 COMPRESSE IN BLISTER PVC/PVDC/AL	RIVAROXABAN	RIVAROXABAN			Compressa rivestita con film	B01AF01	AS GRINDEKS	Autorizzata	Procedura Mutuo riconoscimento o Decentrata	Medicinali soggetti a prescrizione medica limitativa, vendibili al pubblico su prescrizione di centri ospedalieri o di specialisti
052520083	052520	RIVAROXABAN GRINDEKS	10 MG COMPRESSE RIVESTITE CON FILM- 100 COMPRESSE IN FLACONE HDPE CON CHIUSURA A PROVA DI BAMBINO	RIVAROXABAN	RIVAROXABAN			Compressa rivestita con film	B01AF01	AS GRINDEKS	Autorizzata	Procedura Mutuo riconoscimento o Decentrata	Medicinali soggetti a prescrizione medica limitativa, vendibili al pubblico su prescrizione di centri ospedalieri o di specialisti
052520095	052520	RIVAROXABAN GRINDEKS	15 MG COMPRESSE RIVESTITE CON FILM- 10 COMPRESSE IN BLISTER PVC/PVDC/AL	RIVAROXABAN	RIVAROXABAN			Compressa rivestita con film	B01AF01	AS GRINDEKS	Autorizzata	Procedura Mutuo riconoscimento o Decentrata	Medicinali soggetti a prescrizione medica limitativa, vendibili al pubblico su prescrizione di centri ospedalieri o di specialisti
052520107	052520	RIVAROXABAN GRINDEKS	15 MG COMPRESSE RIVESTITE CON FILM- 14 COMPRESSE IN BLISTER PVC/PVDC/AL	RIVAROXABAN	RIVAROXABAN			Compressa rivestita con film	B01AF01	AS GRINDEKS	Autorizzata	Procedura Mutuo riconoscimento o Decentrata	Medicinali soggetti a prescrizione medica limitativa, vendibili al pubblico su prescrizione di centri ospedalieri o di specialisti
052520119	052520	RIVAROXABAN GRINDEKS	15 MG COMPRESSE RIVESTITE CON FILM- 28 COMPRESSE IN BLISTER PVC/PVDC/AL	RIVAROXABAN	RIVAROXABAN			Compressa rivestita con film	B01AF01	AS GRINDEKS	Autorizzata	Procedura Mutuo riconoscimento o Decentrata	Medicinali soggetti a prescrizione medica limitativa, vendibili al pubblico su prescrizione di centri ospedalieri o di specialisti
052520121	052520	RIVAROXABAN GRINDEKS	15 MG COMPRESSE RIVESTITE CON FILM- 30 COMPRESSE IN BLISTER PVC/PVDC/AL	RIVAROXABAN	RIVAROXABAN			Compressa rivestita con film	B01AF01	AS GRINDEKS	Autorizzata	Procedura Mutuo riconoscimento o Decentrata	Medicinali soggetti a prescrizione medica limitativa, vendibili al pubblico su prescrizione di centri ospedalieri o di specialisti
052520133	052520	RIVAROXABAN GRINDEKS	15 MG COMPRESSE RIVESTITE CON FILM- 42 COMPRESSE IN BLISTER PVC/PVDC/AL	RIVAROXABAN	RIVAROXABAN			Compressa rivestita con film	B01AF01	AS GRINDEKS	Autorizzata	Procedura Mutuo riconoscimento o Decentrata	Medicinali soggetti a prescrizione medica limitativa, vendibili al pubblico su prescrizione di centri ospedalieri o di specialisti
052520145	052520	RIVAROXABAN GRINDEKS	15 MG COMPRESSE RIVESTITE CON FILM- 98 COMPRESSE IN BLISTER PVC/PVDC/AL	RIVAROXABAN	RIVAROXABAN			Compressa rivestita con film	B01AF01	AS GRINDEKS	Autorizzata	Procedura Mutuo riconoscimento o Decentrata	Medicinali soggetti a prescrizione medica limitativa, vendibili al pubblico su prescrizione di centri ospedalieri o di specialisti
052520158	052520	RIVAROXABAN GRINDEKS	15 MG COMPRESSE RIVESTITE CON FILM- 100 COMPRESSE IN BLISTER PVC/PVDC/AL	RIVAROXABAN	RIVAROXABAN			Compressa rivestita con film	B01AF01	AS GRINDEKS	Autorizzata	Procedura Mutuo riconoscimento o Decentrata	Medicinali soggetti a prescrizione medica limitativa, vendibili al pubblico su prescrizione di centri ospedalieri o di specialisti
052520160	052520	RIVAROXABAN GRINDEKS	15 MG COMPRESSE RIVESTITE CON FILM- 100 COMPRESSE IN FLACONE HDPE CON CHIUSURA A PROVA DI BAMBINO	RIVAROXABAN	RIVAROXABAN			Compressa rivestita con film	B01AF01	AS GRINDEKS	Autorizzata	Procedura Mutuo riconoscimento o Decentrata	Medicinali soggetti a prescrizione medica limitativa, vendibili al pubblico su prescrizione di centri ospedalieri o di specialisti
052520172	052520	RIVAROXABAN GRINDEKS	20 MG COMPRESSE RIVESTITE CON FILM- 10 COMPRESSE IN BLISTER PVC/PVDC/AL	RIVAROXABAN	RIVAROXABAN			Compressa rivestita con film	B01AF01	AS GRINDEKS	Autorizzata	Procedura Mutuo riconoscimento o Decentrata	Medicinali soggetti a prescrizione medica limitativa, vendibili al pubblico su prescrizione di centri ospedalieri o di specialisti
052520184	052520	RIVAROXABAN GRINDEKS	20 MG COMPRESSE RIVESTITE CON FILM- 14 COMPRESSE IN BLISTER PVC/PVDC/AL	RIVAROXABAN	RIVAROXABAN			Compressa rivestita con film	B01AF01	AS GRINDEKS	Autorizzata	Procedura Mutuo riconoscimento o Decentrata	Medicinali soggetti a prescrizione medica limitativa, vendibili al pubblico su prescrizione di centri ospedalieri o di specialisti
052520196	052520	RIVAROXABAN GRINDEKS	20 MG COMPRESSE RIVESTITE CON FILM- 28 COMPRESSE IN BLISTER PVC/PVDC/AL	RIVAROXABAN	RIVAROXABAN			Compressa rivestita con film	B01AF01	AS GRINDEKS	Autorizzata	Procedura Mutuo riconoscimento o Decentrata	Medicinali soggetti a prescrizione medica limitativa, vendibili al pubblico su prescrizione di centri ospedalieri o di specialisti
052520208	052520	RIVAROXABAN GRINDEKS	20 MG COMPRESSE RIVESTITE CON FILM- 30 COMPRESSE IN BLISTER PVC/PVDC/AL	RIVAROXABAN	RIVAROXABAN			Compressa rivestita con film	B01AF01	AS GRINDEKS	Autorizzata	Procedura Mutuo riconoscimento o Decentrata	Medicinali soggetti a prescrizione medica limitativa, vendibili al pubblico su prescrizione di centri ospedalieri o di specialisti
052520210	052520	RIVAROXABAN GRINDEKS	20 MG COMPRESSE RIVESTITE CON FILM- 42 COMPRESSE IN BLISTER PVC/PVDC/AL	RIVAROXABAN	RIVAROXABAN			Compressa rivestita con film	B01AF01	AS GRINDEKS	Autorizzata	Procedura Mutuo riconoscimento o Decentrata	Medicinali soggetti a prescrizione medica limitativa, vendibili al pubblico su prescrizione di centri ospedalieri o di specialisti
052520222	052520	RIVAROXABAN GRINDEKS	20 MG COMPRESSE RIVESTITE CON FILM- 98 COMPRESSE IN BLISTER PVC/PVDC/AL	RIVAROXABAN	RIVAROXABAN			Compressa rivestita con film	B01AF01	AS GRINDEKS	Autorizzata	Procedura Mutuo riconoscimento o Decentrata	Medicinali soggetti a prescrizione medica limitativa, vendibili al pubblico su prescrizione di centri ospedalieri o di specialisti
052520234	052520	RIVAROXABAN GRINDEKS	20 MG COMPRESSE RIVESTITE CON FILM- 100 COMPRESSE IN BLISTER PVC/PVDC/AL	RIVAROXABAN	RIVAROXABAN			Compressa rivestita con film	B01AF01	AS GRINDEKS	Autorizzata	Procedura Mutuo riconoscimento o Decentrata	Medicinali soggetti a prescrizione medica limitativa, vendibili al pubblico su prescrizione di centri ospedalieri o di specialisti
052520246	052520	RIVAROXABAN GRINDEKS	20 MG COMPRESSE RIVESTITE CON FILM- 100 COMPRESSE IN FLACONE HDPE CON CHIUSURA A PROVA DI BAMBINO	RIVAROXABAN	RIVAROXABAN			Compressa rivestita con film	B01AF01	AS GRINDEKS	Autorizzata	Procedura Mutuo riconoscimento o Decentrata	Medicinali soggetti a prescrizione medica limitativa, vendibili al pubblico su prescrizione di centri ospedalieri o di specialisti
