codice_aic	cod_farmaco	denominazione	descrizione	pa_associati	principio_attivo	quantita	unita_misura	forma	codice_atc	ragione_sociale	stato_amministrativo	tipo_procedura	fornitura
028752018	028752	RISPERDAL	1 MG COMPRESSE RIVESTITE CON FILM- 20 COMPRESSE	RISPERIDONE	RISPERIDONE	1	milligrammi	Compressa rivestita con film	N05AX08	JANSSEN CILAG S.P.A.	Autorizzata	Procedura Nazionale	Medicinali soggetti a prescrizione medica
028752020	028752	RISPERDAL	2 MG COMPRESSE RIVESTITE CON FILM- 20 COMPRESSE	RISPERIDONE	RISPERIDONE	2	milligrammi	Compressa rivestita con film	N05AX08	JANSSEN CILAG S.P.A.	Autorizzata	Procedura Nazionale	Medicinali soggetti a prescrizione medica
028752032	028752	RISPERDAL	3 MG COMPRESSE RIVESTITE CON FILM- 20 COMPRESSE	RISPERIDONE	RISPERIDONE	3	milligrammi	Compressa rivestita con film	N05AX08	JANSSEN CILAG S.P.A.	Autorizzata	Procedura Nazionale	Medicinali soggetti a prescrizione medica
028752044	028752	RISPERDAL	4 MG COMPRESSE RIVESTITE CON FILM- 20 COMPRESSE	RISPERIDONE	RISPERIDONE	4	milligrammi	Compressa rivestita con film	N05AX08	JANSSEN CILAG S.P.A.	Autorizzata	Procedura Nazionale	Medicinali soggetti a prescrizione medica
028752057	028752	RISPERDAL	1 MG COMPRESSE RIVESTITE CON FILM- 60 COMPRESSE	RISPERIDONE	RISPERIDONE	1	milligrammi	Compressa rivestita con film	N05AX08	JANSSEN CILAG S.P.A.	Autorizzata	Procedura Nazionale	Medicinali soggetti a prescrizione medica
028752069	028752	RISPERDAL	2 MG COMPRESSE RIVESTITE CON FILM- 60 COMPRESSE	RISPERIDONE	RISPERIDONE	2	milligrammi	Compressa rivestita con film	N05AX08	JANSSEN CILAG S.P.A.	Autorizzata	Procedura Nazionale	Medicinali soggetti a prescrizione medica
028752071	028752	RISPERDAL	3 MG COMPRESSE RIVESTITE CON FILM- 60 COMPRESSE	RISPERIDONE	RISPERIDONE	3	milligrammi	Compressa rivestita con film	N05AX08	JANSSEN CILAG S.P.A.	Autorizzata	Procedura Nazionale	Medicinali soggetti a prescrizione medica
028752083	028752	RISPERDAL	4 MG COMPRESSE RIVESTITE CON FILM- 60 COMPRESSE	RISPERIDONE	RISPERIDONE	4	milligrammi	Compressa rivestita con film	N05AX08	JANSSEN CILAG S.P.A.	Autorizzata	Procedura Nazionale	Medicinali soggetti a prescrizione medica
028752095	028752	RISPERDAL	1 MG/ML SOLUZIONE ORALE- 1 FLACONE DA 100 ML	RISPERIDONE	RISPERIDONE			Soluzione orale	N05AX08	JANSSEN CILAG S.P.A.	Autorizzata	Procedura Nazionale	Medicinali soggetti a prescrizione medica
028752145	028752	RISPERDAL	1 MG/ML SOLUZIONE ORALE- 1 FLACONE DA 30 ML	RISPERIDONE	RISPERIDONE			Soluzione orale	N05AX08	JANSSEN CILAG S.P.A.	Autorizzata	Procedura Nazionale	Medicinali soggetti a prescrizione medica
028752172	028752	RISPERDAL	25 MG/2 ML POLVERE E SOLVENTE PER  SOSPENSIONE  INIETTABILE  A RILASCIO PROLUNGATO> 1 FLACONCINO + 1 SIR. PRERIEMPITA DI SOLV. 2  ML CON 2 AGHI	RISPERIDONE	RISPERIDONE	4	milligrammi	Polvere e solvente per sospensione iniettabile a rilascio prolungato	N05AX08	JANSSEN CILAG S.P.A.	Autorizzata	Procedura Nazionale	Medicinali soggetti a prescrizione medica limitativa, da rinnovare volta per volta, vendibili al pubblico su prescrizione di centri ospedalieri o di specialisti
028752184	028752	RISPERDAL	37,5 MG/2 ML POLVERE E SOLVENTE PER SOSPENSIONE INIETTABILE  A RILASCIO PROLUNGATO> 1 FLACONCINO + 1 SIR. PRERIEMPITA DI SOLV  2  ML CON 2 AGHI	RISPERIDONE	RISPERIDONE	4	milligrammi	Polvere e solvente per sospensione iniettabile a rilascio prolungato	N05AX08	JANSSEN CILAG S.P.A.	Autorizzata	Procedura Nazionale	Medicinali soggetti a prescrizione medica limitativa, da rinnovare volta per volta, vendibili al pubblico su prescrizione di centri ospedalieri o di specialisti
028752196	028752	RISPERDAL	50 MG/2 ML POLVERE E SOLVENTE PER  SOSPENSIONE  INIETTABILE  A RILASCIO PROLUNGATO> 1 FLACONCINO + 1 SIR. PRERIEMPITA DI SOLV. 2  ML CON 2 AGHI	RISPERIDONE	RISPERIDONE	4	milligrammi	Polvere e solvente per sospensione iniettabile a rilascio prolungato	N05AX08	JANSSEN CILAG S.P.A.	Autorizzata	Procedura Nazionale	Medicinali soggetti a prescrizione medica limitativa, da rinnovare volta per volta, vendibili al pubblico su prescrizione di centri ospedalieri o di specialisti
037092018	037092	RISPERIDONE TEVA GENERICS	1 MG COMPRESSE RIVESTITE CON FILM- 6 COMPRESSE IN BLISTER PVC/PVDC/AL	RISPERIDONE	RISPERIDONE			Compressa rivestita con film	N05AX08	RATIOPHARM GMBH	Autorizzata	Procedura Mutuo riconoscimento o Decentrata	Medicinali soggetti a prescrizione medica
037092020	037092	RISPERIDONE TEVA GENERICS	1 MG COMPRESSE RIVESTITE CON FILM- 20 COMPRESSE IN BLISTER PVC/PVDC/AL	RISPERIDONE	RISPERIDONE			Compressa rivestita con film	N05AX08	RATIOPHARM GMBH	Autorizzata	Procedura Mutuo riconoscimento o Decentrata	Medicinali soggetti a prescrizione medica
037092032	037092	RISPERIDONE TEVA GENERICS	1 MG COMPRESSE RIVESTITE CON FILM- 28 COMPRESSE IN BLISTER PVC/PVDC/AL	RISPERIDONE	RISPERIDONE			Compressa rivestita con film	N05AX08	RATIOPHARM GMBH	Autorizzata	Procedura Mutuo riconoscimento o Decentrata	Medicinali soggetti a prescrizione medica
037092044	037092	RISPERIDONE TEVA GENERICS	1 MG COMPRESSE RIVESTITE CON FILM- 30 COMPRESSE IN BLISTER PVC/PVDC/AL	RISPERIDONE	RISPERIDONE			Compressa rivestita con film	N05AX08	RATIOPHARM GMBH	Autorizzata	Procedura Mutuo riconoscimento o Decentrata	Medicinali soggetti a prescrizione medica
037092057	037092	RISPERIDONE TEVA GENERICS	1 MG COMPRESSE RIVESTITE CON FILM- 50 COMPRESSE IN BLISTER PVC/PVDC/AL	RISPERIDONE	RISPERIDONE			Compressa rivestita con film	N05AX08	RATIOPHARM GMBH	Autorizzata	Procedura Mutuo riconoscimento o Decentrata	Medicinali soggetti a prescrizione medica
037092069	037092	RISPERIDONE TEVA GENERICS	1 MG COMPRESSE RIVESTITE CON FILM- 60 COMPRESSE IN BLISTER PVC/PVDC/AL	RISPERIDONE	RISPERIDONE			Compressa rivestita con film	N05AX08	RATIOPHARM GMBH	Autorizzata	Procedura Mutuo riconoscimento o Decentrata	Medicinali soggetti a prescrizione medica
037092071	037092	RISPERIDONE TEVA GENERICS	1 MG COMPRESSE RIVESTITE CON FILM- 98 COMPRESSE IN BLISTER PVC/PVDC/AL	RISPERIDONE	RISPERIDONE			Compressa rivestita con film	N05AX08	RATIOPHARM GMBH	Autorizzata	Procedura Mutuo riconoscimento o Decentrata	Medicinali soggetti a prescrizione medica
037092083	037092	RISPERIDONE TEVA GENERICS	1 MG COMPRESSE RIVESTITE CON FILM- 100 COMPRESSE IN BLISTER PVC/PVDC/AL	RISPERIDONE	RISPERIDONE			Compressa rivestita con film	N05AX08	RATIOPHARM GMBH	Autorizzata	Procedura Mutuo riconoscimento o Decentrata	Medicinali soggetti a prescrizione medica
037092095	037092	RISPERIDONE TEVA GENERICS	1 MG COMPRESSE RIVESTITE CON FILM- 6X1 COMPRESSE IN BLISTER PVC/PVDC/AL	RISPERIDONE	RISPERIDONE			Compressa rivestita con film	N05AX08	RATIOPHARM GMBH	Autorizzata	Procedura Mutuo riconoscimento o Decentrata	Medicinali soggetti a prescrizione medica
037092107	037092	RISPERIDONE TEVA GENERICS	1 MG COMPRESSE RIVESTITE CON FILM- 20X1 COMPRESSE IN BLISTER PVC/PVDC/AL	RISPERIDONE	RISPERIDONE			Compressa rivestita con film	N05AX08	RATIOPHARM GMBH	Autorizzata	Procedura Mutuo riconoscimento o Decentrata	Medicinali soggetti a prescrizione medica
037092119	037092	RISPERIDONE TEVA GENERICS	1 MG COMPRESSE RIVESTITE CON FILM- 28X1 COMPRESSE IN BLISTER PVC/PVDC/AL	RISPERIDONE	RISPERIDONE			Compressa rivestita con film	N05AX08	RATIOPHARM GMBH	Autorizzata	Procedura Mutuo riconoscimento o Decentrata	Medicinali soggetti a prescrizione medica
037092121	037092	RISPERIDONE TEVA GENERICS	1 MG COMPRESSE RIVESTITE CON FILM- 30X1 COMPRESSE IN BLISTER PVC/PVDC/AL	RISPERIDONE	RISPERIDONE			Compressa rivestita con film	N05AX08	RATIOPHARM GMBH	Autorizzata	Procedura Mutuo riconoscimento o Decentrata	Medicinali soggetti a prescrizione medica
037092133	037092	RISPERIDONE TEVA GENERICS	1 MG COMPRESSE RIVESTITE CON FILM- 50X1 COMPRESSE IN BLISTER PVC/PVDC/AL	RISPERIDONE	RISPERIDONE			Compressa rivestita con film	N05AX08	RATIOPHARM GMBH	Autorizzata	Procedura Mutuo riconoscimento o Decentrata	Medicinali soggetti a prescrizione medica
037092145	037092	RISPERIDONE TEVA GENERICS	1 MG COMPRESSE RIVESTITE CON FILM- 60X1 COMPRESSE IN BLISTER PVC/PVDC/AL	RISPERIDONE	RISPERIDONE			Compressa rivestita con film	N05AX08	RATIOPHARM GMBH	Autorizzata	Procedura Mutuo riconoscimento o Decentrata	Medicinali soggetti a prescrizione medica
037092158	037092	RISPERIDONE TEVA GENERICS	1 MG COMPRESSE RIVESTITE CON FILM- 98X1 COMPRESSE IN BLISTER PVC/PVDC/AL	RISPERIDONE	RISPERIDONE			Compressa rivestita con film	N05AX08	RATIOPHARM GMBH	Autorizzata	Procedura Mutuo riconoscimento o Decentrata	Medicinali soggetti a prescrizione medica
037092160	037092	RISPERIDONE TEVA GENERICS	1 MG COMPRESSE RIVESTITE CON FILM- 100X1 COMPRESSE IN BLISTER PVC/PVDC/AL	RISPERIDONE	RISPERIDONE			Compressa rivestita con film	N05AX08	RATIOPHARM GMBH	Autorizzata	Procedura Mutuo riconoscimento o Decentrata	Medicinali soggetti a prescrizione medica
037092172	037092	RISPERIDONE TEVA GENERICS	2 MG COMPRESSE RIVESTITE CON FILM- 6 COMPRESSE IN BLISTER PVC/PVDC/AL	RISPERIDONE	RISPERIDONE			Compressa rivestita con film	N05AX08	RATIOPHARM GMBH	Autorizzata	Procedura Mutuo riconoscimento o Decentrata	Medicinali soggetti a prescrizione medica
037092184	037092	RISPERIDONE TEVA GENERICS	2 MG COMPRESSE RIVESTITE CON FILM- 20 COMPRESSE IN BLISTER PVC/PVDC/AL	RISPERIDONE	RISPERIDONE			Compressa rivestita con film	N05AX08	RATIOPHARM GMBH	Autorizzata	Procedura Mutuo riconoscimento o Decentrata	Medicinali soggetti a prescrizione medica
037092196	037092	RISPERIDONE TEVA GENERICS	2 MG COMPRESSE RIVESTITE CON FILM- 28 COMPRESSE IN BLISTER PVC/PVDC/AL	RISPERIDONE	RISPERIDONE			Compressa rivestita con film	N05AX08	RATIOPHARM GMBH	Autorizzata	Procedura Mutuo riconoscimento o Decentrata	Medicinali soggetti a prescrizione medica
037092208	037092	RISPERIDONE TEVA GENERICS	2 MG COMPRESSE RIVESTITE CON FILM- 30 COMPRESSE IN BLISTER PVC/PVDC/AL	RISPERIDONE	RISPERIDONE			Compressa rivestita con film	N05AX08	RATIOPHARM GMBH	Autorizzata	Procedura Mutuo riconoscimento o Decentrata	Medicinali soggetti a prescrizione medica
037092210	037092	RISPERIDONE TEVA GENERICS	2 MG COMPRESSE RIVESTITE CON FILM- 50 COMPRESSE IN BLISTER PVC/PVDC/AL	RISPERIDONE	RISPERIDONE			Compressa rivestita con film	N05AX08	RATIOPHARM GMBH	Autorizzata	Procedura Mutuo riconoscimento o Decentrata	Medicinali soggetti a prescrizione medica
037092222	037092	RISPERIDONE TEVA GENERICS	2 MG COMPRESSE RIVESTITE CON FILM- 60 COMPRESSE IN BLISTER PVC/PVDC/AL	RISPERIDONE	RISPERIDONE			Compressa rivestita con film	N05AX08	RATIOPHARM GMBH	Autorizzata	Procedura Mutuo riconoscimento o Decentrata	Medicinali soggetti a prescrizione medica
037092234	037092	RISPERIDONE TEVA GENERICS	2 MG COMPRESSE RIVESTITE CON FILM- 98 COMPRESSE IN BLISTER PVC/PVDC/AL	RISPERIDONE	RISPERIDONE			Compressa rivestita con film	N05AX08	RATIOPHARM GMBH	Autorizzata	Procedura Mutuo riconoscimento o Decentrata	Medicinali soggetti a prescrizione medica
037092246	037092	RISPERIDONE TEVA GENERICS	2 MG COMPRESSE RIVESTITE CON FILM- 100 COMPRESSE IN BLISTER PVC/PVDC/AL	RISPERIDONE	RISPERIDONE			Compressa rivestita con film	N05AX08	RATIOPHARM GMBH	Autorizzata	Procedura Mutuo riconoscimento o Decentrata	Medicinali soggetti a prescrizione medica
037092259	037092	RISPERIDONE TEVA GENERICS	2 MG COMPRESSE RIVESTITE CON FILM- 6X1 COMPRESSE IN BLISTER PVC/PVDC/AL	RISPERIDONE	RISPERIDONE			Compressa rivestita con film	N05AX08	RATIOPHARM GMBH	Autorizzata	Procedura Mutuo riconoscimento o Decentrata	Medicinali soggetti a prescrizione medica
037092261	037092	RISPERIDONE TEVA GENERICS	2 MG COMPRESSE RIVESTITE CON FILM- 20X1 COMPRESSE IN BLISTER PVC/PVDC/AL	RISPERIDONE	RISPERIDONE			Compressa rivestita con film	N05AX08	RATIOPHARM GMBH	Autorizzata	Procedura Mutuo riconoscimento o Decentrata	Medicinali soggetti a prescrizione medica
037092273	037092	RISPERIDONE TEVA GENERICS	2 MG COMPRESSE RIVESTITE CON FILM- 28X1 COMPRESSE IN BLISTER PVC/PVDC/AL	RISPERIDONE	RISPERIDONE			Compressa rivestita con film	N05AX08	RATIOPHARM GMBH	Autorizzata	Procedura Mutuo riconoscimento o Decentrata	Medicinali soggetti a prescrizione medica
037092285	037092	RISPERIDONE TEVA GENERICS	2 MG COMPRESSE RIVESTITE CON FILM- 30X1 COMPRESSE IN BLISTER PVC/PVDC/AL	RISPERIDONE	RISPERIDONE			Compressa rivestita con film	N05AX08	RATIOPHARM GMBH	Autorizzata	Procedura Mutuo riconoscimento o Decentrata	Medicinali soggetti a prescrizione medica
037092297	037092	RISPERIDONE TEVA GENERICS	2 MG COMPRESSE RIVESTITE CON FILM- 50X1 COMPRESSE IN BLISTER PVC/PVDC/AL	RISPERIDONE	RISPERIDONE			Compressa rivestita con film	N05AX08	RATIOPHARM GMBH	Autorizzata	Procedura Mutuo riconoscimento o Decentrata	Medicinali soggetti a prescrizione medica
037092309	037092	RISPERIDONE TEVA GENERICS	2 MG COMPRESSE RIVESTITE CON FILM- 60X1 COMPRESSE IN BLISTER PVC/PVDC/AL	RISPERIDONE	RISPERIDONE			Compressa rivestita con film	N05AX08	RATIOPHARM GMBH	Autorizzata	Procedura Mutuo riconoscimento o Decentrata	Medicinali soggetti a prescrizione medica
037092311	037092	RISPERIDONE TEVA GENERICS	2 MG COMPRESSE RIVESTITE CON FILM- 98X1 COMPRESSE IN BLISTER PVC/PVDC/AL	RISPERIDONE	RISPERIDONE			Compressa rivestita con film	N05AX08	RATIOPHARM GMBH	Autorizzata	Procedura Mutuo riconoscimento o Decentrata	Medicinali soggetti a prescrizione medica
037092323	037092	RISPERIDONE TEVA GENERICS	2 MG COMPRESSE RIVESTITE CON FILM- 100X1 COMPRESSE IN BLISTER PVC/PVDC/AL	RISPERIDONE	RISPERIDONE			Compressa rivestita con film	N05AX08	RATIOPHARM GMBH	Autorizzata	Procedura Mutuo riconoscimento o Decentrata	Medicinali soggetti a prescrizione medica
037092335	037092	RISPERIDONE TEVA GENERICS	3 MG COMPRESSE RIVESTITE CON FILM- 6 COMPRESSE IN BLISTER PVC/PVDC/AL	RISPERIDONE	RISPERIDONE			Compressa rivestita con film	N05AX08	RATIOPHARM GMBH	Autorizzata	Procedura Mutuo riconoscimento o Decentrata	Medicinali soggetti a prescrizione medica
037092347	037092	RISPERIDONE TEVA GENERICS	3 MG COMPRESSE RIVESTITE CON FILM- 20 COMPRESSE IN BLISTER PVC/PVDC/AL	RISPERIDONE	RISPERIDONE			Compressa rivestita con film	N05AX08	RATIOPHARM GMBH	Autorizzata	Procedura Mutuo riconoscimento o Decentrata	Medicinali soggetti a prescrizione medica
037092350	037092	RISPERIDONE TEVA GENERICS	3 MG COMPRESSE RIVESTITE CON FILM- 28 COMPRESSE IN BLISTER PVC/PVDC/AL	RISPERIDONE	RISPERIDONE			Compressa rivestita con film	N05AX08	RATIOPHARM GMBH	Autorizzata	Procedura Mutuo riconoscimento o Decentrata	Medicinali soggetti a prescrizione medica
037092362	037092	RISPERIDONE TEVA GENERICS	3 MG COMPRESSE RIVESTITE CON FILM- 30 COMPRESSE IN BLISTER PVC/PVDC/AL	RISPERIDONE	RISPERIDONE			Compressa rivestita con film	N05AX08	RATIOPHARM GMBH	Autorizzata	Procedura Mutuo riconoscimento o Decentrata	Medicinali soggetti a prescrizione medica
037092374	037092	RISPERIDONE TEVA GENERICS	3 MG COMPRESSE RIVESTITE CON FILM- 50 COMPRESSE IN BLISTER PVC/PVDC/AL	RISPERIDONE	RISPERIDONE			Compressa rivestita con film	N05AX08	RATIOPHARM GMBH	Autorizzata	Procedura Mutuo riconoscimento o Decentrata	Medicinali soggetti a prescrizione medica
037092386	037092	RISPERIDONE TEVA GENERICS	3 MG COMPRESSE RIVESTITE CON FILM- 60 COMPRESSE IN BLISTER PVC/PVDC/AL	RISPERIDONE	RISPERIDONE			Compressa rivestita con film	N05AX08	RATIOPHARM GMBH	Autorizzata	Procedura Mutuo riconoscimento o Decentrata	Medicinali soggetti a prescrizione medica
037092398	037092	RISPERIDONE TEVA GENERICS	3 MG COMPRESSE RIVESTITE CON FILM- 98 COMPRESSE IN BLISTER PVC/PVDC/AL	RISPERIDONE	RISPERIDONE			Compressa rivestita con film	N05AX08	RATIOPHARM GMBH	Autorizzata	Procedura Mutuo riconoscimento o Decentrata	Medicinali soggetti a prescrizione medica
037092400	037092	RISPERIDONE TEVA GENERICS	3 MG COMPRESSE RIVESTITE CON FILM- 100 COMPRESSE IN BLISTER PVC/PVDC/AL	RISPERIDONE	RISPERIDONE			Compressa rivestita con film	N05AX08	RATIOPHARM GMBH	Autorizzata	Procedura Mutuo riconoscimento o Decentrata	Medicinali soggetti a prescrizione medica
037092412	037092	RISPERIDONE TEVA GENERICS	3 MG COMPRESSE RIVESTITE CON FILM- 6X1 COMPRESSE IN BLISTER PVC/PVDC/AL	RISPERIDONE	RISPERIDONE			Compressa rivestita con film	N05AX08	RATIOPHARM GMBH	Autorizzata	Procedura Mutuo riconoscimento o Decentrata	Medicinali soggetti a prescrizione medica
037092424	037092	RISPERIDONE TEVA GENERICS	3 MG COMPRESSE RIVESTITE CON FILM- 20X1 COMPRESSE IN BLISTER PVC/PVDC/AL	RISPERIDONE	RISPERIDONE			Compressa rivestita con film	N05AX08	RATIOPHARM GMBH	Autorizzata	Procedura Mutuo riconoscimento o Decentrata	Medicinali soggetti a prescrizione medica
037092436	037092	RISPERIDONE TEVA GENERICS	3 MG COMPRESSE RIVESTITE CON FILM- 28X1 COMPRESSE IN BLISTER PVC/PVDC/AL	RISPERIDONE	RISPERIDONE			Compressa rivestita con film	N05AX08	RATIOPHARM GMBH	Autorizzata	Procedura Mutuo riconoscimento o Decentrata	Medicinali soggetti a prescrizione medica
037092448	037092	RISPERIDONE TEVA GENERICS	3 MG COMPRESSE RIVESTITE CON FILM- 30X1 COMPRESSE IN BLISTER PVC/PVDC/AL	RISPERIDONE	RISPERIDONE			Compressa rivestita con film	N05AX08	RATIOPHARM GMBH	Autorizzata	Procedura Mutuo riconoscimento o Decentrata	Medicinali soggetti a prescrizione medica
037092451	037092	RISPERIDONE TEVA GENERICS	3 MG COMPRESSE RIVESTITE CON FILM- 50X1 COMPRESSE IN BLISTER PVC/PVDC/AL	RISPERIDONE	RISPERIDONE			Compressa rivestita con film	N05AX08	RATIOPHARM GMBH	Autorizzata	Procedura Mutuo riconoscimento o Decentrata	Medicinali soggetti a prescrizione medica
037092463	037092	RISPERIDONE TEVA GENERICS	3 MG COMPRESSE RIVESTITE CON FILM- 60X1 COMPRESSE IN BLISTER PVC/PVDC/AL	RISPERIDONE	RISPERIDONE			Compressa rivestita con film	N05AX08	RATIOPHARM GMBH	Autorizzata	Procedura Mutuo riconoscimento o Decentrata	Medicinali soggetti a prescrizione medica
037092475	037092	RISPERIDONE TEVA GENERICS	3 MG COMPRESSE RIVESTITE CON FILM- 98X1 COMPRESSE IN BLISTER PVC/PVDC/AL	RISPERIDONE	RISPERIDONE			Compressa rivestita con film	N05AX08	RATIOPHARM GMBH	Autorizzata	Procedura Mutuo riconoscimento o Decentrata	Medicinali soggetti a prescrizione medica
037092487	037092	RISPERIDONE TEVA GENERICS	3 MG COMPRESSE RIVESTITE CON FILM- 100X1 COMPRESSE IN BLISTER PVC/PVDC/AL	RISPERIDONE	RISPERIDONE			Compressa rivestita con film	N05AX08	RATIOPHARM GMBH	Autorizzata	Procedura Mutuo riconoscimento o Decentrata	Medicinali soggetti a prescrizione medica
037092499	037092	RISPERIDONE TEVA GENERICS	4 MG COMPRESSE RIVESTITE CON FILM- 6 COMPRESSE IN BLISTER PVC/PVDC/AL	RISPERIDONE	RISPERIDONE			Compressa rivestita con film	N05AX08	RATIOPHARM GMBH	Autorizzata	Procedura Mutuo riconoscimento o Decentrata	Medicinali soggetti a prescrizione medica
037092501	037092	RISPERIDONE TEVA GENERICS	4 MG COMPRESSE RIVESTITE CON FILM- 20 COMPRESSE IN BLISTER PVC/PVDC/AL	RISPERIDONE	RISPERIDONE			Compressa rivestita con film	N05AX08	RATIOPHARM GMBH	Autorizzata	Procedura Mutuo riconoscimento o Decentrata	Medicinali soggetti a prescrizione medica
037092513	037092	RISPERIDONE TEVA GENERICS	4 MG COMPRESSE RIVESTITE CON FILM- 28 COMPRESSE IN BLISTER PVC/PVDC/AL	RISPERIDONE	RISPERIDONE			Compressa rivestita con film	N05AX08	RATIOPHARM GMBH	Autorizzata	Procedura Mutuo riconoscimento o Decentrata	Medicinali soggetti a prescrizione medica
037092525	037092	RISPERIDONE TEVA GENERICS	4 MG COMPRESSE RIVESTITE CON FILM- 30 COMPRESSE IN BLISTER PVC/PVDC/AL	RISPERIDONE	RISPERIDONE			Compressa rivestita con film	N05AX08	RATIOPHARM GMBH	Autorizzata	Procedura Mutuo riconoscimento o Decentrata	Medicinali soggetti a prescrizione medica
037092537	037092	RISPERIDONE TEVA GENERICS	4 MG COMPRESSE RIVESTITE CON FILM- 50 COMPRESSE IN BLISTER PVC/PVDC/AL	RISPERIDONE	RISPERIDONE			Compressa rivestita con film	N05AX08	RATIOPHARM GMBH	Autorizzata	Procedura Mutuo riconoscimento o Decentrata	Medicinali soggetti a prescrizione medica
037092549	037092	RISPERIDONE TEVA GENERICS	4 MG COMPRESSE RIVESTITE CON FILM- 60 COMPRESSE IN BLISTER PVC/PVDC/AL	RISPERIDONE	RISPERIDONE			Compressa rivestita con film	N05AX08	RATIOPHARM GMBH	Autorizzata	Procedura Mutuo riconoscimento o Decentrata	Medicinali soggetti a prescrizione medica
037092552	037092	RISPERIDONE TEVA GENERICS	4 MG COMPRESSE RIVESTITE CON FILM- 98 COMPRESSE IN BLISTER PVC/PVDC/AL	RISPERIDONE	RISPERIDONE			Compressa rivestita con film	N05AX08	RATIOPHARM GMBH	Autorizzata	Procedura Mutuo riconoscimento o Decentrata	Medicinali soggetti a prescrizione medica
037092564	037092	RISPERIDONE TEVA GENERICS	4 MG COMPRESSE RIVESTITE CON FILM- 100 COMPRESSE IN BLISTER PVC/PVDC/AL	RISPERIDONE	RISPERIDONE			Compressa rivestita con film	N05AX08	RATIOPHARM GMBH	Autorizzata	Procedura Mutuo riconoscimento o Decentrata	Medicinali soggetti a prescrizione medica
037092576	037092	RISPERIDONE TEVA GENERICS	4 MG COMPRESSE RIVESTITE CON FILM- 6X1 COMPRESSE IN BLISTER PVC/PVDC/AL	RISPERIDONE	RISPERIDONE			Compressa rivestita con film	N05AX08	RATIOPHARM GMBH	Autorizzata	Procedura Mutuo riconoscimento o Decentrata	Medicinali soggetti a prescrizione medica
037092588	037092	RISPERIDONE TEVA GENERICS	4 MG COMPRESSE RIVESTITE CON FILM- 20X1 COMPRESSE IN BLISTER PVC/PVDC/AL	RISPERIDONE	RISPERIDONE			Compressa rivestita con film	N05AX08	RATIOPHARM GMBH	Autorizzata	Procedura Mutuo riconoscimento o Decentrata	Medicinali soggetti a prescrizione medica
037092590	037092	RISPERIDONE TEVA GENERICS	4 MG COMPRESSE RIVESTITE CON FILM- 28X1 COMPRESSE IN BLISTER PVC/PVDC/AL	RISPERIDONE	RISPERIDONE			Compressa rivestita con film	N05AX08	RATIOPHARM GMBH	Autorizzata	Procedura Mutuo riconoscimento o Decentrata	Medicinali soggetti a prescrizione medica
037092602	037092	RISPERIDONE TEVA GENERICS	4 MG COMPRESSE RIVESTITE CON FILM- 30X1 COMPRESSE IN BLISTER PVC/PVDC/AL	RISPERIDONE	RISPERIDONE			Compressa rivestita con film	N05AX08	RATIOPHARM GMBH	Autorizzata	Procedura Mutuo riconoscimento o Decentrata	Medicinali soggetti a prescrizione medica
037092614	037092	RISPERIDONE TEVA GENERICS	4 MG COMPRESSE RIVESTITE CON FILM- 50X1 COMPRESSE IN BLISTER PVC/PVDC/AL	RISPERIDONE	RISPERIDONE			Compressa rivestita con film	N05AX08	RATIOPHARM GMBH	Autorizzata	Procedura Mutuo riconoscimento o Decentrata	Medicinali soggetti a prescrizione medica
037092626	037092	RISPERIDONE TEVA GENERICS	4 MG COMPRESSE RIVESTITE CON FILM- 60X1 COMPRESSE IN BLISTER PVC/PVDC/AL	RISPERIDONE	RISPERIDONE			Compressa rivestita con film	N05AX08	RATIOPHARM GMBH	Autorizzata	Procedura Mutuo riconoscimento o Decentrata	Medicinali soggetti a prescrizione medica
037092638	037092	RISPERIDONE TEVA GENERICS	4 MG COMPRESSE RIVESTITE CON FILM- 98X1 COMPRESSE IN BLISTER PVC/PVDC/AL	RISPERIDONE	RISPERIDONE			Compressa rivestita con film	N05AX08	RATIOPHARM GMBH	Autorizzata	Procedura Mutuo riconoscimento o Decentrata	Medicinali soggetti a prescrizione medica
037092640	037092	RISPERIDONE TEVA GENERICS	4 MG COMPRESSE RIVESTITE CON FILM- 100X1 COMPRESSE IN BLISTER PVC/PVDC/AL	RISPERIDONE	RISPERIDONE			Compressa rivestita con film	N05AX08	RATIOPHARM GMBH	Autorizzata	Procedura Mutuo riconoscimento o Decentrata	Medicinali soggetti a prescrizione medica
037092653	037092	RISPERIDONE TEVA GENERICS	1 MG COMPRESSE RIVESTITE CON FILM- 10 COMPRESSE IN BLISTER PVC/PVDC/AL	RISPERIDONE	RISPERIDONE			Compressa rivestita con film	N05AX08	RATIOPHARM GMBH	Autorizzata	Procedura Mutuo riconoscimento o Decentrata	Medicinali soggetti a prescrizione medica
037092665	037092	RISPERIDONE TEVA GENERICS	2 MG COMPRESSE RIVESTITE CON FILM- 10 COMPRESSE IN BLISTER PVC/PVDC/AL	RISPERIDONE	RISPERIDONE			Compressa rivestita con film	N05AX08	RATIOPHARM GMBH	Autorizzata	Procedura Mutuo riconoscimento o Decentrata	Medicinali soggetti a prescrizione medica
037092677	037092	RISPERIDONE TEVA GENERICS	3 MG COMPRESSE RIVESTITE CON FILM- 10 COMPRESSE IN BLISTER PVC/PVDC/AL	RISPERIDONE	RISPERIDONE			Compressa rivestita con film	N05AX08	RATIOPHARM GMBH	Autorizzata	Procedura Mutuo riconoscimento o Decentrata	Medicinali soggetti a prescrizione medica
037092689	037092	RISPERIDONE TEVA GENERICS	4 MG COMPRESSE RIVESTITE CON FILM- 10 COMPRESSE IN BLISTER PVC/PVDC/AL	RISPERIDONE	RISPERIDONE			Compressa rivestita con film	N05AX08	RATIOPHARM GMBH	Autorizzata	Procedura Mutuo riconoscimento o Decentrata	Medicinali soggetti a prescrizione medica
037599014	037599	RISPERIDONE SANDOZ	1 MG COMPRESSE RIVESTITE CON FILM- 6 COMPRESSE IN BLISTER PVC/PE/PVDC/AL	RISPERIDONE	RISPERIDONE			Compressa rivestita con film	N05AX08	SANDOZ S.P.A.	Autorizzata	Procedura Mutuo riconoscimento o Decentrata	Medicinali soggetti a prescrizione medica
037599026	037599	RISPERIDONE SANDOZ	1 MG COMPRESSE RIVESTITE CON FILM- 10 COMPRESSE IN BLISTER PVC/PE/PVDC/AL	RISPERIDONE	RISPERIDONE			Compressa rivestita con film	N05AX08	SANDOZ S.P.A.	Autorizzata	Procedura Mutuo riconoscimento o Decentrata	Medicinali soggetti a prescrizione medica
037599038	037599	RISPERIDONE SANDOZ	1 MG COMPRESSE RIVESTITE CON FILM- 20 COMPRESSE IN BLISTER PVC/PE/PVDC/AL	RISPERIDONE	RISPERIDONE			Compressa rivestita con film	N05AX08	SANDOZ S.P.A.	Autorizzata	Procedura Mutuo riconoscimento o Decentrata	Medicinali soggetti a prescrizione medica
037599040	037599	RISPERIDONE SANDOZ	1 MG COMPRESSE RIVESTITE CON FILM- 30 COMPRESSE IN BLISTER PVC/PE/PVDC/AL	RISPERIDONE	RISPERIDONE			Compressa rivestita con film	N05AX08	SANDOZ S.P.A.	Autorizzata	Procedura Mutuo riconoscimento o Decentrata	Medicinali soggetti a prescrizione medica
037599053	037599	RISPERIDONE SANDOZ	1 MG COMPRESSE RIVESTITE CON FILM- 50 COMPRESSE IN BLISTER PVC/PE/PVDC/AL	RISPERIDONE	RISPERIDONE			Compressa rivestita con film	N05AX08	SANDOZ S.P.A.	Autorizzata	Procedura Mutuo riconoscimento o Decentrata	Medicinali soggetti a prescrizione medica
037599065	037599	RISPERIDONE SANDOZ	1 MG COMPRESSE RIVESTITE CON FILM- 60 COMPRESSE IN BLISTER PVC/PE/PVDC/AL	RISPERIDONE	RISPERIDONE			Compressa rivestita con film	N05AX08	SANDOZ S.P.A.	Autorizzata	Procedura Mutuo riconoscimento o Decentrata	Medicinali soggetti a prescrizione medica
037599077	037599	RISPERIDONE SANDOZ	1 MG COMPRESSE RIVESTITE CON FILM- 100 COMPRESSE IN BLISTER PVC/PE/PVDC/AL	RISPERIDONE	RISPERIDONE			Compressa rivestita con film	N05AX08	SANDOZ S.P.A.	Autorizzata	Procedura Mutuo riconoscimento o Decentrata	Medicinali soggetti a prescrizione medica
037599089	037599	RISPERIDONE SANDOZ	1 MG COMPRESSE RIVESTITE CON FILM- 100X1 COMPRESSE IN BLISTER PVC/PE/PVDC/AL	RISPERIDONE	RISPERIDONE			Compressa rivestita con film	N05AX08	SANDOZ S.P.A.	Autorizzata	Procedura Mutuo riconoscimento o Decentrata	Medicinali soggetti a prescrizione medica
037599091	037599	RISPERIDONE SANDOZ	1 MG COMPRESSE RIVESTITE CON FILM- 250 COMPRESSE IN BLISTER PVC/PE/PVDC/AL	RISPERIDONE	RISPERIDONE			Compressa rivestita con film	N05AX08	SANDOZ S.P.A.	Autorizzata	Procedura Mutuo riconoscimento o Decentrata	Medicinali soggetti a prescrizione medica
037599103	037599	RISPERIDONE SANDOZ	1 MG COMPRESSE RIVESTITE CON FILM- 6 COMPRESSE IN CONTENITORE PP	RISPERIDONE	RISPERIDONE			Compressa rivestita con film	N05AX08	SANDOZ S.P.A.	Autorizzata	Procedura Mutuo riconoscimento o Decentrata	Medicinali soggetti a prescrizione medica
037599115	037599	RISPERIDONE SANDOZ	1 MG COMPRESSE RIVESTITE CON FILM- 10 COMPRESSE IN CONTENITORE PP	RISPERIDONE	RISPERIDONE			Compressa rivestita con film	N05AX08	SANDOZ S.P.A.	Autorizzata	Procedura Mutuo riconoscimento o Decentrata	Medicinali soggetti a prescrizione medica
037599127	037599	RISPERIDONE SANDOZ	1 MG COMPRESSE RIVESTITE CON FILM- 20 COMPRESSE IN CONTENITORE PP	RISPERIDONE	RISPERIDONE			Compressa rivestita con film	N05AX08	SANDOZ S.P.A.	Autorizzata	Procedura Mutuo riconoscimento o Decentrata	Medicinali soggetti a prescrizione medica
037599139	037599	RISPERIDONE SANDOZ	1 MG COMPRESSE RIVESTITE CON FILM- 30 COMPRESSE IN CONTENITORE PP	RISPERIDONE	RISPERIDONE			Compressa rivestita con film	N05AX08	SANDOZ S.P.A.	Autorizzata	Procedura Mutuo riconoscimento o Decentrata	Medicinali soggetti a prescrizione medica
037599141	037599	RISPERIDONE SANDOZ	1 MG COMPRESSE RIVESTITE CON FILM- 50 COMPRESSE IN CONTENITORE PP	RISPERIDONE	RISPERIDONE			Compressa rivestita con film	N05AX08	SANDOZ S.P.A.	Autorizzata	Procedura Mutuo riconoscimento o Decentrata	Medicinali soggetti a prescrizione medica
037599154	037599	RISPERIDONE SANDOZ	1 MG COMPRESSE RIVESTITE CON FILM- 60 COMPRESSE IN CONTENITORE PP	RISPERIDONE	RISPERIDONE			Compressa rivestita con film	N05AX08	SANDOZ S.P.A.	Autorizzata	Procedura Mutuo riconoscimento o Decentrata	Medicinali soggetti a prescrizione medica
037599166	037599	RISPERIDONE SANDOZ	1 MG COMPRESSE RIVESTITE CON FILM- 100 COMPRESSE IN CONTENITORE PP	RISPERIDONE	RISPERIDONE			Compressa rivestita con film	N05AX08	SANDOZ S.P.A.	Autorizzata	Procedura Mutuo riconoscimento o Decentrata	Medicinali soggetti a prescrizione medica
037599178	037599	RISPERIDONE SANDOZ	1 MG COMPRESSE RIVESTITE CON FILM- 250 COMPRESSE IN CONTENITORE PP	RISPERIDONE	RISPERIDONE			Compressa rivestita con film	N05AX08	SANDOZ S.P.A.	Autorizzata	Procedura Mutuo riconoscimento o Decentrata	Medicinali soggetti a prescrizione medica
037599180	037599	RISPERIDONE SANDOZ	2 MG COMPRESSE RIVESTITE CON FILM- 6 COMPRESSE IN BLISTER PVC/PE/PVDC/AL	RISPERIDONE	RISPERIDONE			Compressa rivestita con film	N05AX08	SANDOZ S.P.A.	Autorizzata	Procedura Mutuo riconoscimento o Decentrata	Medicinali soggetti a prescrizione medica
037599192	037599	RISPERIDONE SANDOZ	2 MG COMPRESSE RIVESTITE CON FILM- 10 COMPRESSE IN BLISTER PVC/PE/PVDC/AL	RISPERIDONE	RISPERIDONE			Compressa rivestita con film	N05AX08	SANDOZ S.P.A.	Autorizzata	Procedura Mutuo riconoscimento o Decentrata	Medicinali soggetti a prescrizione medica
037599204	037599	RISPERIDONE SANDOZ	2 MG COMPRESSE RIVESTITE CON FILM- 20 COMPRESSE IN BLISTER PVC/PE/PVDC/AL	RISPERIDONE	RISPERIDONE			Compressa rivestita con film	N05AX08	SANDOZ S.P.A.	Autorizzata	Procedura Mutuo riconoscimento o Decentrata	Medicinali soggetti a prescrizione medica
037599216	037599	RISPERIDONE SANDOZ	2 MG COMPRESSE RIVESTITE CON FILM- 30 COMPRESSE IN BLISTER PVC/PE/PVDC/AL	RISPERIDONE	RISPERIDONE			Compressa rivestita con film	N05AX08	SANDOZ S.P.A.	Autorizzata	Procedura Mutuo riconoscimento o Decentrata	Medicinali soggetti a prescrizione medica
037599228	037599	RISPERIDONE SANDOZ	2 MG COMPRESSE RIVESTITE CON FILM- 50 COMPRESSE IN BLISTER PVC/PE/PVDC/AL	RISPERIDONE	RISPERIDONE			Compressa rivestita con film	N05AX08	SANDOZ S.P.A.	Autorizzata	Procedura Mutuo riconoscimento o Decentrata	Medicinali soggetti a prescrizione medica
037599230	037599	RISPERIDONE SANDOZ	2 MG COMPRESSE RIVESTITE CON FILM- 60 COMPRESSE IN BLISTER PVC/PE/PVDC/AL	RISPERIDONE	RISPERIDONE			Compressa rivestita con film	N05AX08	SANDOZ S.P.A.	Autorizzata	Procedura Mutuo riconoscimento o Decentrata	Medicinali soggetti a prescrizione medica
037599242	037599	RISPERIDONE SANDOZ	2 MG COMPRESSE RIVESTITE CON FILM- 100 COMPRESSE IN BLISTER PVC/PE/PVDC/AL	RISPERIDONE	RISPERIDONE			Compressa rivestita con film	N05AX08	SANDOZ S.P.A.	Autorizzata	Procedura Mutuo riconoscimento o Decentrata	Medicinali soggetti a prescrizione medica
037599255	037599	RISPERIDONE SANDOZ	2 MG COMPRESSE RIVESTITE CON FILM- 100X1 COMPRESSE IN BLISTER PVC/PE/PVDC/AL	RISPERIDONE	RISPERIDONE			Compressa rivestita con film	N05AX08	SANDOZ S.P.A.	Autorizzata	Procedura Mutuo riconoscimento o Decentrata	Medicinali soggetti a prescrizione medica
037599267	037599	RISPERIDONE SANDOZ	2 MG COMPRESSE RIVESTITE CON FILM- 250 COMPRESSE IN BLISTER PVC/PE/PVDC/AL	RISPERIDONE	RISPERIDONE			Compressa rivestita con film	N05AX08	SANDOZ S.P.A.	Autorizzata	Procedura Mutuo riconoscimento o Decentrata	Medicinali soggetti a prescrizione medica
037599279	037599	RISPERIDONE SANDOZ	2 MG COMPRESSE RIVESTITE CON FILM- 6 COMPRESSE IN CONTENITORE PP	RISPERIDONE	RISPERIDONE			Compressa rivestita con film	N05AX08	SANDOZ S.P.A.	Autorizzata	Procedura Mutuo riconoscimento o Decentrata	Medicinali soggetti a prescrizione medica
037599281	037599	RISPERIDONE SANDOZ	2 MG COMPRESSE RIVESTITE CON FILM- 10 COMPRESSE IN CONTENITORE PP	RISPERIDONE	RISPERIDONE			Compressa rivestita con film	N05AX08	SANDOZ S.P.A.	Autorizzata	Procedura Mutuo riconoscimento o Decentrata	Medicinali soggetti a prescrizione medica
037599293	037599	RISPERIDONE SANDOZ	2 MG COMPRESSE RIVESTITE CON FILM- 20 COMPRESSE IN CONTENITORE PP	RISPERIDONE	RISPERIDONE			Compressa rivestita con film	N05AX08	SANDOZ S.P.A.	Autorizzata	Procedura Mutuo riconoscimento o Decentrata	Medicinali soggetti a prescrizione medica
037599305	037599	RISPERIDONE SANDOZ	2 MG COMPRESSE RIVESTITE CON FILM- 30 COMPRESSE IN CONTENITORE PP	RISPERIDONE	RISPERIDONE			Compressa rivestita con film	N05AX08	SANDOZ S.P.A.	Autorizzata	Procedura Mutuo riconoscimento o Decentrata	Medicinali soggetti a prescrizione medica
037599317	037599	RISPERIDONE SANDOZ	2 MG COMPRESSE RIVESTITE CON FILM- 50 COMPRESSE IN CONTENITORE PP	RISPERIDONE	RISPERIDONE			Compressa rivestita con film	N05AX08	SANDOZ S.P.A.	Autorizzata	Procedura Mutuo riconoscimento o Decentrata	Medicinali soggetti a prescrizione medica
037599329	037599	RISPERIDONE SANDOZ	2 MG COMPRESSE RIVESTITE CON FILM- 60 COMPRESSE IN CONTENITORE PP	RISPERIDONE	RISPERIDONE			Compressa rivestita con film	N05AX08	SANDOZ S.P.A.	Autorizzata	Procedura Mutuo riconoscimento o Decentrata	Medicinali soggetti a prescrizione medica
037599331	037599	RISPERIDONE SANDOZ	2 MG COMPRESSE RIVESTITE CON FILM- 100 COMPRESSE IN CONTENITORE PP	RISPERIDONE	RISPERIDONE			Compressa rivestita con film	N05AX08	SANDOZ S.P.A.	Autorizzata	Procedura Mutuo riconoscimento o Decentrata	Medicinali soggetti a prescrizione medica
037599343	037599	RISPERIDONE SANDOZ	2 MG COMPRESSE RIVESTITE CON FILM- 250 COMPRESSE IN CONTENITORE PP	RISPERIDONE	RISPERIDONE			Compressa rivestita con film	N05AX08	SANDOZ S.P.A.	Autorizzata	Procedura Mutuo riconoscimento o Decentrata	Medicinali soggetti a prescrizione medica
037599356	037599	RISPERIDONE SANDOZ	3 MG COMPRESSE RIVESTITE CON FILM- 6 COMPRESSE IN BLISTER PVC/PE/PVDC/AL	RISPERIDONE	RISPERIDONE			Compressa rivestita con film	N05AX08	SANDOZ S.P.A.	Autorizzata	Procedura Mutuo riconoscimento o Decentrata	Medicinali soggetti a prescrizione medica
037599368	037599	RISPERIDONE SANDOZ	3 MG COMPRESSE RIVESTITE CON FILM- 10 COMPRESSE IN BLISTER PVC/PE/PVDC/AL	RISPERIDONE	RISPERIDONE			Compressa rivestita con film	N05AX08	SANDOZ S.P.A.	Autorizzata	Procedura Mutuo riconoscimento o Decentrata	Medicinali soggetti a prescrizione medica
037599370	037599	RISPERIDONE SANDOZ	3 MG COMPRESSE RIVESTITE CON FILM- 20 COMPRESSE IN BLISTER PVC/PE/PVDC/AL	RISPERIDONE	RISPERIDONE			Compressa rivestita con film	N05AX08	SANDOZ S.P.A.	Autorizzata	Procedura Mutuo riconoscimento o Decentrata	Medicinali soggetti a prescrizione medica
037599382	037599	RISPERIDONE SANDOZ	3 MG COMPRESSE RIVESTITE CON FILM- 30 COMPRESSE IN BLISTER PVC/PE/PVDC/AL	RISPERIDONE	RISPERIDONE			Compressa rivestita con film	N05AX08	SANDOZ S.P.A.	Autorizzata	Procedura Mutuo riconoscimento o Decentrata	Medicinali soggetti a prescrizione medica
037599394	037599	RISPERIDONE SANDOZ	3 MG COMPRESSE RIVESTITE CON FILM- 50 COMPRESSE IN BLISTER PVC/PE/PVDC/AL	RISPERIDONE	RISPERIDONE			Compressa rivestita con film	N05AX08	SANDOZ S.P.A.	Autorizzata	Procedura Mutuo riconoscimento o Decentrata	Medicinali soggetti a prescrizione medica
037599406	037599	RISPERIDONE SANDOZ	3 MG COMPRESSE RIVESTITE CON FILM- 60 COMPRESSE IN BLISTER PVC/PE/PVDC/AL	RISPERIDONE	RISPERIDONE			Compressa rivestita con film	N05AX08	SANDOZ S.P.A.	Autorizzata	Procedura Mutuo riconoscimento o Decentrata	Medicinali soggetti a prescrizione medica
037599418	037599	RISPERIDONE SANDOZ	3 MG COMPRESSE RIVESTITE CON FILM- 100 COMPRESSE IN BLISTER PVC/PE/PVDC/AL	RISPERIDONE	RISPERIDONE			Compressa rivestita con film	N05AX08	SANDOZ S.P.A.	Autorizzata	Procedura Mutuo riconoscimento o Decentrata	Medicinali soggetti a prescrizione medica
037599420	037599	RISPERIDONE SANDOZ	3 MG COMPRESSE RIVESTITE CON FILM- 100X1 COMPRESSE IN BLISTER PVC/PE/PVDC/AL	RISPERIDONE	RISPERIDONE			Compressa rivestita con film	N05AX08	SANDOZ S.P.A.	Autorizzata	Procedura Mutuo riconoscimento o Decentrata	Medicinali soggetti a prescrizione medica
037599432	037599	RISPERIDONE SANDOZ	3 MG COMPRESSE RIVESTITE CON FILM- 250 COMPRESSE IN BLISTER PVC/PE/PVDC/AL	RISPERIDONE	RISPERIDONE			Compressa rivestita con film	N05AX08	SANDOZ S.P.A.	Autorizzata	Procedura Mutuo riconoscimento o Decentrata	Medicinali soggetti a prescrizione medica
037599444	037599	RISPERIDONE SANDOZ	3 MG COMPRESSE RIVESTITE CON FILM- 6 COMPRESSE IN CONTENITORE PP	RISPERIDONE	RISPERIDONE			Compressa rivestita con film	N05AX08	SANDOZ S.P.A.	Autorizzata	Procedura Mutuo riconoscimento o Decentrata	Medicinali soggetti a prescrizione medica
037599457	037599	RISPERIDONE SANDOZ	3 MG COMPRESSE RIVESTITE CON FILM- 10 COMPRESSE IN CONTENITORE PP	RISPERIDONE	RISPERIDONE			Compressa rivestita con film	N05AX08	SANDOZ S.P.A.	Autorizzata	Procedura Mutuo riconoscimento o Decentrata	Medicinali soggetti a prescrizione medica
037599469	037599	RISPERIDONE SANDOZ	3 MG COMPRESSE RIVESTITE CON FILM- 20 COMPRESSE IN CONTENITORE PP	RISPERIDONE	RISPERIDONE			Compressa rivestita con film	N05AX08	SANDOZ S.P.A.	Autorizzata	Procedura Mutuo riconoscimento o Decentrata	Medicinali soggetti a prescrizione medica
037599471	037599	RISPERIDONE SANDOZ	3 MG COMPRESSE RIVESTITE CON FILM- 30 COMPRESSE IN CONTENITORE PP	RISPERIDONE	RISPERIDONE			Compressa rivestita con film	N05AX08	SANDOZ S.P.A.	Autorizzata	Procedura Mutuo riconoscimento o Decentrata	Medicinali soggetti a prescrizione medica
037599483	037599	RISPERIDONE SANDOZ	3 MG COMPRESSE RIVESTITE CON FILM- 50 COMPRESSE IN CONTENITORE PP	RISPERIDONE	RISPERIDONE			Compressa rivestita con film	N05AX08	SANDOZ S.P.A.	Autorizzata	Procedura Mutuo riconoscimento o Decentrata	Medicinali soggetti a prescrizione medica
037599495	037599	RISPERIDONE SANDOZ	3 MG COMPRESSE RIVESTITE CON FILM- 60 COMPRESSE IN CONTENITORE PP	RISPERIDONE	RISPERIDONE			Compressa rivestita con film	N05AX08	SANDOZ S.P.A.	Autorizzata	Procedura Mutuo riconoscimento o Decentrata	Medicinali soggetti a prescrizione medica
037599507	037599	RISPERIDONE SANDOZ	3 MG COMPRESSE RIVESTITE CON FILM- 100 COMPRESSE IN CONTENITORE PP	RISPERIDONE	RISPERIDONE			Compressa rivestita con film	N05AX08	SANDOZ S.P.A.	Autorizzata	Procedura Mutuo riconoscimento o Decentrata	Medicinali soggetti a prescrizione medica
037599519	037599	RISPERIDONE SANDOZ	3 MG COMPRESSE RIVESTITE CON FILM- 250 COMPRESSE IN CONTENITORE PP	RISPERIDONE	RISPERIDONE			Compressa rivestita con film	N05AX08	SANDOZ S.P.A.	Autorizzata	Procedura Mutuo riconoscimento o Decentrata	Medicinali soggetti a prescrizione medica
037599521	037599	RISPERIDONE SANDOZ	4 MG COMPRESSE RIVESTITE CON FILM- 6 COMPRESSE IN BLISTER PVC/PE/PVDC/AL	RISPERIDONE	RISPERIDONE			Compressa rivestita con film	N05AX08	SANDOZ S.P.A.	Autorizzata	Procedura Mutuo riconoscimento o Decentrata	Medicinali soggetti a prescrizione medica
037599533	037599	RISPERIDONE SANDOZ	4 MG COMPRESSE RIVESTITE CON FILM- 10 COMPRESSE IN BLISTER PVC/PE/PVDC/AL	RISPERIDONE	RISPERIDONE			Compressa rivestita con film	N05AX08	SANDOZ S.P.A.	Autorizzata	Procedura Mutuo riconoscimento o Decentrata	Medicinali soggetti a prescrizione medica
037599545	037599	RISPERIDONE SANDOZ	4 MG COMPRESSE RIVESTITE CON FILM- 20 COMPRESSE IN BLISTER PVC/PE/PVDC/AL	RISPERIDONE	RISPERIDONE			Compressa rivestita con film	N05AX08	SANDOZ S.P.A.	Autorizzata	Procedura Mutuo riconoscimento o Decentrata	Medicinali soggetti a prescrizione medica
037599558	037599	RISPERIDONE SANDOZ	4 MG COMPRESSE RIVESTITE CON FILM- 30 COMPRESSE IN BLISTER PVC/PE/PVDC/AL	RISPERIDONE	RISPERIDONE			Compressa rivestita con film	N05AX08	SANDOZ S.P.A.	Autorizzata	Procedura Mutuo riconoscimento o Decentrata	Medicinali soggetti a prescrizione medica
037599560	037599	RISPERIDONE SANDOZ	4 MG COMPRESSE RIVESTITE CON FILM- 50 COMPRESSE IN BLISTER PVC/PE/PVDC/AL	RISPERIDONE	RISPERIDONE			Compressa rivestita con film	N05AX08	SANDOZ S.P.A.	Autorizzata	Procedura Mutuo riconoscimento o Decentrata	Medicinali soggetti a prescrizione medica
037599572	037599	RISPERIDONE SANDOZ	4 MG COMPRESSE RIVESTITE CON FILM- 60 COMPRESSE IN BLISTER PVC/PE/PVDC/AL	RISPERIDONE	RISPERIDONE			Compressa rivestita con film	N05AX08	SANDOZ S.P.A.	Autorizzata	Procedura Mutuo riconoscimento o Decentrata	Medicinali soggetti a prescrizione medica
037599584	037599	RISPERIDONE SANDOZ	4 MG COMPRESSE RIVESTITE CON FILM- 100 COMPRESSE IN BLISTER PVC/PE/PVDC/AL	RISPERIDONE	RISPERIDONE			Compressa rivestita con film	N05AX08	SANDOZ S.P.A.	Autorizzata	Procedura Mutuo riconoscimento o Decentrata	Medicinali soggetti a prescrizione medica
037599596	037599	RISPERIDONE SANDOZ	4 MG COMPRESSE RIVESTITE CON FILM- 100X1 COMPRESSE IN BLISTER PVC/PE/PVDC/AL	RISPERIDONE	RISPERIDONE			Compressa rivestita con film	N05AX08	SANDOZ S.P.A.	Autorizzata	Procedura Mutuo riconoscimento o Decentrata	Medicinali soggetti a prescrizione medica
037599608	037599	RISPERIDONE SANDOZ	4 MG COMPRESSE RIVESTITE CON FILM- 250 COMPRESSE IN BLISTER PVC/PE/PVDC/AL	RISPERIDONE	RISPERIDONE			Compressa rivestita con film	N05AX08	SANDOZ S.P.A.	Autorizzata	Procedura Mutuo riconoscimento o Decentrata	Medicinali soggetti a prescrizione medica
037599610	037599	RISPERIDONE SANDOZ	4 MG COMPRESSE RIVESTITE CON FILM- 6 COMPRESSE IN CONTENITORE PP	RISPERIDONE	RISPERIDONE			Compressa rivestita con film	N05AX08	SANDOZ S.P.A.	Autorizzata	Procedura Mutuo riconoscimento o Decentrata	Medicinali soggetti a prescrizione medica
037599622	037599	RISPERIDONE SANDOZ	4 MG COMPRESSE RIVESTITE CON FILM- 10 COMPRESSE IN CONTENITORE PP	RISPERIDONE	RISPERIDONE			Compressa rivestita con film	N05AX08	SANDOZ S.P.A.	Autorizzata	Procedura Mutuo riconoscimento o Decentrata	Medicinali soggetti a prescrizione medica
037599634	037599	RISPERIDONE SANDOZ	4 MG COMPRESSE RIVESTITE CON FILM- 20 COMPRESSE IN CONTENITORE PP	RISPERIDONE	RISPERIDONE			Compressa rivestita con film	N05AX08	SANDOZ S.P.A.	Autorizzata	Procedura Mutuo riconoscimento o Decentrata	Medicinali soggetti a prescrizione medica
037599646	037599	RISPERIDONE SANDOZ	4 MG COMPRESSE RIVESTITE CON FILM- 30 COMPRESSE IN CONTENITORE PP	RISPERIDONE	RISPERIDONE			Compressa rivestita con film	N05AX08	SANDOZ S.P.A.	Autorizzata	Procedura Mutuo riconoscimento o Decentrata	Medicinali soggetti a prescrizione medica
037599659	037599	RISPERIDONE SANDOZ	4 MG COMPRESSE RIVESTITE CON FILM- 50 COMPRESSE IN CONTENITORE PP	RISPERIDONE	RISPERIDONE			Compressa rivestita con film	N05AX08	SANDOZ S.P.A.	Autorizzata	Procedura Mutuo riconoscimento o Decentrata	Medicinali soggetti a prescrizione medica
037599661	037599	RISPERIDONE SANDOZ	4 MG COMPRESSE RIVESTITE CON FILM- 60 COMPRESSE IN CONTENITORE PP	RISPERIDONE	RISPERIDONE			Compressa rivestita con film	N05AX08	SANDOZ S.P.A.	Autorizzata	Procedura Mutuo riconoscimento o Decentrata	Medicinali soggetti a prescrizione medica
037599673	037599	RISPERIDONE SANDOZ	4 MG COMPRESSE RIVESTITE CON FILM- 100 COMPRESSE IN CONTENITORE PP	RISPERIDONE	RISPERIDONE			Compressa rivestita con film	N05AX08	SANDOZ S.P.A.	Autorizzata	Procedura Mutuo riconoscimento o Decentrata	Medicinali soggetti a prescrizione medica
037599685	037599	RISPERIDONE SANDOZ	4 MG COMPRESSE RIVESTITE CON FILM- 250 COMPRESSE IN CONTENITORE PP	RISPERIDONE	RISPERIDONE			Compressa rivestita con film	N05AX08	SANDOZ S.P.A.	Autorizzata	Procedura Mutuo riconoscimento o Decentrata	Medicinali soggetti a prescrizione medica
037599697	037599	RISPERIDONE SANDOZ	1 MG COMPRESSE RIVESTITE CON FILM- 6 COMPRESSE IN FLACONE HDPE	RISPERIDONE	RISPERIDONE			Compressa rivestita con film	N05AX08	SANDOZ S.P.A.	Autorizzata	Procedura Mutuo riconoscimento o Decentrata	Medicinali soggetti a prescrizione medica
037599709	037599	RISPERIDONE SANDOZ	1 MG COMPRESSE RIVESTITE CON FILM- 10 COMPRESSE IN FLACONE HDPE	RISPERIDONE	RISPERIDONE			Compressa rivestita con film	N05AX08	SANDOZ S.P.A.	Autorizzata	Procedura Mutuo riconoscimento o Decentrata	Medicinali soggetti a prescrizione medica
037599711	037599	RISPERIDONE SANDOZ	1 MG COMPRESSE RIVESTITE CON FILM- 20 COMPRESSE IN FLACONE HDPE	RISPERIDONE	RISPERIDONE			Compressa rivestita con film	N05AX08	SANDOZ S.P.A.	Autorizzata	Procedura Mutuo riconoscimento o Decentrata	Medicinali soggetti a prescrizione medica
037599723	037599	RISPERIDONE SANDOZ	1 MG COMPRESSE RIVESTITE CON FILM- 30 COMPRESSE IN FLACONE HDPE	RISPERIDONE	RISPERIDONE			Compressa rivestita con film	N05AX08	SANDOZ S.P.A.	Autorizzata	Procedura Mutuo riconoscimento o Decentrata	Medicinali soggetti a prescrizione medica
037599735	037599	RISPERIDONE SANDOZ	1 MG COMPRESSE RIVESTITE CON FILM- 50 COMPRESSE IN FLACONE HDPE	RISPERIDONE	RISPERIDONE			Compressa rivestita con film	N05AX08	SANDOZ S.P.A.	Autorizzata	Procedura Mutuo riconoscimento o Decentrata	Medicinali soggetti a prescrizione medica
037599747	037599	RISPERIDONE SANDOZ	1 MG COMPRESSE RIVESTITE CON FILM- 60 COMPRESSE IN FLACONE HDPE	RISPERIDONE	RISPERIDONE			Compressa rivestita con film	N05AX08	SANDOZ S.P.A.	Autorizzata	Procedura Mutuo riconoscimento o Decentrata	Medicinali soggetti a prescrizione medica
037599750	037599	RISPERIDONE SANDOZ	1 MG COMPRESSE RIVESTITE CON FILM- 100 COMPRESSE IN FLACONE HDPE	RISPERIDONE	RISPERIDONE			Compressa rivestita con film	N05AX08	SANDOZ S.P.A.	Autorizzata	Procedura Mutuo riconoscimento o Decentrata	Medicinali soggetti a prescrizione medica
037599762	037599	RISPERIDONE SANDOZ	1 MG COMPRESSE RIVESTITE CON FILM- 250 COMPRESSE IN FLACONE HDPE	RISPERIDONE	RISPERIDONE			Compressa rivestita con film	N05AX08	SANDOZ S.P.A.	Autorizzata	Procedura Mutuo riconoscimento o Decentrata	Medicinali soggetti a prescrizione medica
037599774	037599	RISPERIDONE SANDOZ	2 MG COMPRESSE RIVESTITE CON FILM- 6 COMPRESSE IN FLACONE HDPE	RISPERIDONE	RISPERIDONE			Compressa rivestita con film	N05AX08	SANDOZ S.P.A.	Autorizzata	Procedura Mutuo riconoscimento o Decentrata	Medicinali soggetti a prescrizione medica
037599786	037599	RISPERIDONE SANDOZ	2 MG COMPRESSE RIVESTITE CON FILM- 10 COMPRESSE IN FLACONE HDPE	RISPERIDONE	RISPERIDONE			Compressa rivestita con film	N05AX08	SANDOZ S.P.A.	Autorizzata	Procedura Mutuo riconoscimento o Decentrata	Medicinali soggetti a prescrizione medica
037599798	037599	RISPERIDONE SANDOZ	2 MG COMPRESSE RIVESTITE CON FILM- 20 COMPRESSE IN FLACONE HDPE	RISPERIDONE	RISPERIDONE			Compressa rivestita con film	N05AX08	SANDOZ S.P.A.	Autorizzata	Procedura Mutuo riconoscimento o Decentrata	Medicinali soggetti a prescrizione medica
037599800	037599	RISPERIDONE SANDOZ	2 MG COMPRESSE RIVESTITE CON FILM- 30 COMPRESSE IN FLACONE HDPE	RISPERIDONE	RISPERIDONE			Compressa rivestita con film	N05AX08	SANDOZ S.P.A.	Autorizzata	Procedura Mutuo riconoscimento o Decentrata	Medicinali soggetti a prescrizione medica
037599812	037599	RISPERIDONE SANDOZ	2 MG COMPRESSE RIVESTITE CON FILM- 50 COMPRESSE IN FLACONE HDPE	RISPERIDONE	RISPERIDONE			Compressa rivestita con film	N05AX08	SANDOZ S.P.A.	Autorizzata	Procedura Mutuo riconoscimento o Decentrata	Medicinali soggetti a prescrizione medica
037599824	037599	RISPERIDONE SANDOZ	2 MG COMPRESSE RIVESTITE CON FILM- 60 COMPRESSE IN FLACONE HDPE	RISPERIDONE	RISPERIDONE			Compressa rivestita con film	N05AX08	SANDOZ S.P.A.	Autorizzata	Procedura Mutuo riconoscimento o Decentrata	Medicinali soggetti a prescrizione medica
037599836	037599	RISPERIDONE SANDOZ	2 MG COMPRESSE RIVESTITE CON FILM- 100 COMPRESSE IN FLACONE HDPE	RISPERIDONE	RISPERIDONE			Compressa rivestita con film	N05AX08	SANDOZ S.P.A.	Autorizzata	Procedura Mutuo riconoscimento o Decentrata	Medicinali soggetti a prescrizione medica
037599848	037599	RISPERIDONE SANDOZ	2 MG COMPRESSE RIVESTITE CON FILM- 250 COMPRESSE IN FLACONE HDPE	RISPERIDONE	RISPERIDONE			Compressa rivestita con film	N05AX08	SANDOZ S.P.A.	Autorizzata	Procedura Mutuo riconoscimento o Decentrata	Medicinali soggetti a prescrizione medica
037599851	037599	RISPERIDONE SANDOZ	1MG COMPRESSE RIVESTITE CON FILM- 6 COMPRESSE IN BLISTER PVC/COC/PVDC/AL	RISPERIDONE	RISPERIDONE			Compressa rivestita con film	N05AX08	SANDOZ S.P.A.	Autorizzata	Procedura Mutuo riconoscimento o Decentrata	Medicinali soggetti a prescrizione medica
037599863	037599	RISPERIDONE SANDOZ	1MG COMPRESSE RIVESTITE CON FILM- 10 COMPRESSE IN BLISTER PVC/COC/PVDC/AL	RISPERIDONE	RISPERIDONE			Compressa rivestita con film	N05AX08	SANDOZ S.P.A.	Autorizzata	Procedura Mutuo riconoscimento o Decentrata	Medicinali soggetti a prescrizione medica
037599875	037599	RISPERIDONE SANDOZ	1MG COMPRESSE RIVESTITE CON FILM- 20 COMPRESSE IN BLISTER PVC/COC/PVDC/AL	RISPERIDONE	RISPERIDONE			Compressa rivestita con film	N05AX08	SANDOZ S.P.A.	Autorizzata	Procedura Mutuo riconoscimento o Decentrata	Medicinali soggetti a prescrizione medica
037599887	037599	RISPERIDONE SANDOZ	1MG COMPRESSE RIVESTITE CON FILM- 30 COMPRESSE IN BLISTER PVC/COC/PVDC/AL	RISPERIDONE	RISPERIDONE			Compressa rivestita con film	N05AX08	SANDOZ S.P.A.	Autorizzata	Procedura Mutuo riconoscimento o Decentrata	Medicinali soggetti a prescrizione medica
037599899	037599	RISPERIDONE SANDOZ	1MG COMPRESSE RIVESTITE CON FILM- 50 COMPRESSE IN BLISTER PVC/COC/PVDC/AL	RISPERIDONE	RISPERIDONE			Compressa rivestita con film	N05AX08	SANDOZ S.P.A.	Autorizzata	Procedura Mutuo riconoscimento o Decentrata	Medicinali soggetti a prescrizione medica
037599901	037599	RISPERIDONE SANDOZ	1MG COMPRESSE RIVESTITE CON FILM- 60 COMPRESSE IN BLISTER PVC/COC/PVDC/AL	RISPERIDONE	RISPERIDONE			Compressa rivestita con film	N05AX08	SANDOZ S.P.A.	Autorizzata	Procedura Mutuo riconoscimento o Decentrata	Medicinali soggetti a prescrizione medica
037599913	037599	RISPERIDONE SANDOZ	1MG COMPRESSE RIVESTITE CON FILM- 100 COMPRESSE IN BLISTER PVC/COC/PVDC/AL	RISPERIDONE	RISPERIDONE			Compressa rivestita con film	N05AX08	SANDOZ S.P.A.	Autorizzata	Procedura Mutuo riconoscimento o Decentrata	Medicinali soggetti a prescrizione medica
037599925	037599	RISPERIDONE SANDOZ	1MG COMPRESSE RIVESTITE CON FILM- 100X1 COMPRESSE IN BLISTER PVC/COC/PVDC/AL	RISPERIDONE	RISPERIDONE			Compressa rivestita con film	N05AX08	SANDOZ S.P.A.	Autorizzata	Procedura Mutuo riconoscimento o Decentrata	Medicinali soggetti a prescrizione medica
037599937	037599	RISPERIDONE SANDOZ	1MG COMPRESSE RIVESTITE CON FILM- 250 COMPRESSE IN BLISTER PVC/COC/PVDC/AL	RISPERIDONE	RISPERIDONE			Compressa rivestita con film	N05AX08	SANDOZ S.P.A.	Autorizzata	Procedura Mutuo riconoscimento o Decentrata	Medicinali soggetti a prescrizione medica
037599949	037599	RISPERIDONE SANDOZ	2 MG COMPRESSE RIVESTITE CON FILM- 6 COMPRESSE IN BLISTER PVC/COC/PVDC/AL	RISPERIDONE	RISPERIDONE			Compressa rivestita con film	N05AX08	SANDOZ S.P.A.	Autorizzata	Procedura Mutuo riconoscimento o Decentrata	Medicinali soggetti a prescrizione medica
037599952	037599	RISPERIDONE SANDOZ	2 MG COMPRESSE RIVESTITE CON FILM- 10 COMPRESSE IN BLISTER PVC/COC/PVDC/AL	RISPERIDONE	RISPERIDONE			Compressa rivestita con film	N05AX08	SANDOZ S.P.A.	Autorizzata	Procedura Mutuo riconoscimento o Decentrata	Medicinali soggetti a prescrizione medica
037599964	037599	RISPERIDONE SANDOZ	2 MG COMPRESSE RIVESTITE CON FILM- 20 COMPRESSE IN BLISTER PVC/COC/PVDC/AL	RISPERIDONE	RISPERIDONE			Compressa rivestita con film	N05AX08	SANDOZ S.P.A.	Autorizzata	Procedura Mutuo riconoscimento o Decentrata	Medicinali soggetti a prescrizione medica
037599988	037599	RISPERIDONE SANDOZ	2 MG COMPRESSE RIVESTITE CON FILM- 30 COMPRESSE IN BLISTER PVC/COC/PVDC/AL	RISPERIDONE	RISPERIDONE			Compressa rivestita con film	N05AX08	SANDOZ S.P.A.	Autorizzata	Procedura Mutuo riconoscimento o Decentrata	Medicinali soggetti a prescrizione medica
037599990	037599	RISPERIDONE SANDOZ	2 MG COMPRESSE RIVESTITE CON FILM- 50 COMPRESSE IN BLISTER PVC/COC/PVDC/AL	RISPERIDONE	RISPERIDONE			Compressa rivestita con film	N05AX08	SANDOZ S.P.A.	Autorizzata	Procedura Mutuo riconoscimento o Decentrata	Medicinali soggetti a prescrizione medica
037835030	037835	RISPERIDONE SANDOZ GMBH	1 MG/ML SOLUZIONE ORALE- 1 FLACONE DI VETRO DA 100 ML	RISPERIDONE	RISPERIDONE	1	milligrammi	Soluzione orale	N05AX08	SANDOZ GMBH	Autorizzata	Procedura Mutuo riconoscimento o Decentrata	Medicinali soggetti a prescrizione medica
038188013	038188	RISPERIDONE MYLAN GENERICS	1 MG/ML SOLUZIONE ORALE- 1 FLACONE IN VETRO DA 30 ML	RISPERIDONE	RISPERIDONE	1	milligram(s)/millilitre	Soluzione orale	N05AX08	MYLAN S.P.A.	Autorizzata	Procedura Mutuo riconoscimento o Decentrata	Medicinali soggetti a prescrizione medica
038188025	038188	RISPERIDONE MYLAN GENERICS	1 MG/ML SOLUZIONE ORALE- 1 FLACONE IN VETRO DA 60 ML	RISPERIDONE	RISPERIDONE	1	milligram(s)/millilitre	Soluzione orale	N05AX08	MYLAN S.P.A.	Autorizzata	Procedura Mutuo riconoscimento o Decentrata	Medicinali soggetti a prescrizione medica
038188037	038188	RISPERIDONE MYLAN GENERICS	1 MG/ML SOLUZIONE ORALE- 1 FLACONE IN VETRO DA 100 ML	RISPERIDONE	RISPERIDONE	1	milligram(s)/millilitre	Soluzione orale	N05AX08	MYLAN S.P.A.	Autorizzata	Procedura Mutuo riconoscimento o Decentrata	Medicinali soggetti a prescrizione medica
038188049	038188	RISPERIDONE MYLAN GENERICS	1 MG/ML SOLUZIONE ORALE- 1 FLACONE IN VETRO DA 120 ML	RISPERIDONE	RISPERIDONE	1	milligram(s)/millilitre	Soluzione orale	N05AX08	MYLAN S.P.A.	Autorizzata	Procedura Mutuo riconoscimento o Decentrata	Medicinali soggetti a prescrizione medica
040078014	040078	RISPERIDONE AUROBINDO	0,5 MG COMPRESSE RIVESTITE CON FILM- 6 COMPRESSE IN BLISTER PVC/PE/PVDC/AL	RISPERIDONE	RISPERIDONE	0.5	milligrammi	Compressa rivestita con film	N05AX08	AUROBINDO PHARMA (ITALIA) S.R.L.	Autorizzata	Procedura Mutuo riconoscimento o Decentrata	Medicinali soggetti a prescrizione medica
040078026	040078	RISPERIDONE AUROBINDO	0,5 MG COMPRESSE RIVESTITE CON FILM- 10 COMPRESSE IN BLISTER PVC/PE/PVDC/AL	RISPERIDONE	RISPERIDONE	0.5	milligrammi	Compressa rivestita con film	N05AX08	AUROBINDO PHARMA (ITALIA) S.R.L.	Autorizzata	Procedura Mutuo riconoscimento o Decentrata	Medicinali soggetti a prescrizione medica
040078038	040078	RISPERIDONE AUROBINDO	0,5 MG COMPRESSE RIVESTITE CON FILM- 20 COMPRESSE IN BLISTER PVC/PE/PVDC/AL	RISPERIDONE	RISPERIDONE	0.5	milligrammi	Compressa rivestita con film	N05AX08	AUROBINDO PHARMA (ITALIA) S.R.L.	Autorizzata	Procedura Mutuo riconoscimento o Decentrata	Medicinali soggetti a prescrizione medica
040078040	040078	RISPERIDONE AUROBINDO	0,5 MG COMPRESSE RIVESTITE CON FILM- 28 COMPRESSE IN BLISTER PVC/PE/PVDC/AL	RISPERIDONE	RISPERIDONE	0.5	milligrammi	Compressa rivestita con film	N05AX08	AUROBINDO PHARMA (ITALIA) S.R.L.	Autorizzata	Procedura Mutuo riconoscimento o Decentrata	Medicinali soggetti a prescrizione medica
040078053	040078	RISPERIDONE AUROBINDO	0,5 MG COMPRESSE RIVESTITE CON FILM- 30 COMPRESSE IN BLISTER PVC/PE/PVDC/AL	RISPERIDONE	RISPERIDONE	0.5	milligrammi	Compressa rivestita con film	N05AX08	AUROBINDO PHARMA (ITALIA) S.R.L.	Autorizzata	Procedura Mutuo riconoscimento o Decentrata	Medicinali soggetti a prescrizione medica
040078065	040078	RISPERIDONE AUROBINDO	0,5 MG COMPRESSE RIVESTITE CON FILM- 40 COMPRESSE IN BLISTER PVC/PE/PVDC/AL	RISPERIDONE	RISPERIDONE	0.5	milligrammi	Compressa rivestita con film	N05AX08	AUROBINDO PHARMA (ITALIA) S.R.L.	Autorizzata	Procedura Mutuo riconoscimento o Decentrata	Medicinali soggetti a prescrizione medica
040078077	040078	RISPERIDONE AUROBINDO	0,5 MG COMPRESSE RIVESTITE CON FILM- 50 COMPRESSE IN BLISTER PVC/PE/PVDC/AL	RISPERIDONE	RISPERIDONE	0.5	milligrammi	Compressa rivestita con film	N05AX08	AUROBINDO PHARMA (ITALIA) S.R.L.	Autorizzata	Procedura Mutuo riconoscimento o Decentrata	Medicinali soggetti a prescrizione medica
040078089	040078	RISPERIDONE AUROBINDO	0,5 MG COMPRESSE RIVESTITE CON FILM- 56 COMPRESSE IN BLISTER PVC/PE/PVDC/AL	RISPERIDONE	RISPERIDONE	0.5	milligrammi	Compressa rivestita con film	N05AX08	AUROBINDO PHARMA (ITALIA) S.R.L.	Autorizzata	Procedura Mutuo riconoscimento o Decentrata	Medicinali soggetti a prescrizione medica
040078091	040078	RISPERIDONE AUROBINDO	0,5 MG COMPRESSE RIVESTITE CON FILM- 60 COMPRESSE IN BLISTER PVC/PE/PVDC/AL	RISPERIDONE	RISPERIDONE	0.5	milligrammi	Compressa rivestita con film	N05AX08	AUROBINDO PHARMA (ITALIA) S.R.L.	Autorizzata	Procedura Mutuo riconoscimento o Decentrata	Medicinali soggetti a prescrizione medica
040078103	040078	RISPERIDONE AUROBINDO	0,5 MG COMPRESSE RIVESTITE CON FILM- 100 COMPRESSE IN BLISTER PVC/PE/PVDC/AL	RISPERIDONE	RISPERIDONE	0.5	milligrammi	Compressa rivestita con film	N05AX08	AUROBINDO PHARMA (ITALIA) S.R.L.	Autorizzata	Procedura Mutuo riconoscimento o Decentrata	Medicinali soggetti a prescrizione medica
040078115	040078	RISPERIDONE AUROBINDO	1 MG COMPRESSE RIVESTITE CON FILM- 6 COMPRESSE IN BLISTER PVC/PE/PVDC/AL	RISPERIDONE	RISPERIDONE	1	milligrammi	Compressa rivestita con film	N05AX08	AUROBINDO PHARMA (ITALIA) S.R.L.	Autorizzata	Procedura Mutuo riconoscimento o Decentrata	Medicinali soggetti a prescrizione medica
040078127	040078	RISPERIDONE AUROBINDO	1 MG COMPRESSE RIVESTITE CON FILM- 10 COMPRESSE IN BLISTER PVC/PE/PVDC/AL	RISPERIDONE	RISPERIDONE	1	milligrammi	Compressa rivestita con film	N05AX08	AUROBINDO PHARMA (ITALIA) S.R.L.	Autorizzata	Procedura Mutuo riconoscimento o Decentrata	Medicinali soggetti a prescrizione medica
040078139	040078	RISPERIDONE AUROBINDO	1 MG COMPRESSE RIVESTITE CON FILM- 20 COMPRESSE IN BLISTER PVC/PE/PVDC/AL	RISPERIDONE	RISPERIDONE	1	milligrammi	Compressa rivestita con film	N05AX08	AUROBINDO PHARMA (ITALIA) S.R.L.	Autorizzata	Procedura Mutuo riconoscimento o Decentrata	Medicinali soggetti a prescrizione medica
040078141	040078	RISPERIDONE AUROBINDO	1 MG COMPRESSE RIVESTITE CON FILM- 28 COMPRESSE IN BLISTER PVC/PE/PVDC/AL	RISPERIDONE	RISPERIDONE	1	milligrammi	Compressa rivestita con film	N05AX08	AUROBINDO PHARMA (ITALIA) S.R.L.	Autorizzata	Procedura Mutuo riconoscimento o Decentrata	Medicinali soggetti a prescrizione medica
040078154	040078	RISPERIDONE AUROBINDO	1 MG COMPRESSE RIVESTITE CON FILM- 30 COMPRESSE IN BLISTER PVC/PE/PVDC/AL	RISPERIDONE	RISPERIDONE	1	milligrammi	Compressa rivestita con film	N05AX08	AUROBINDO PHARMA (ITALIA) S.R.L.	Autorizzata	Procedura Mutuo riconoscimento o Decentrata	Medicinali soggetti a prescrizione medica
040078166	040078	RISPERIDONE AUROBINDO	1 MG COMPRESSE RIVESTITE CON FILM- 40 COMPRESSE IN BLISTER PVC/PE/PVDC/AL	RISPERIDONE	RISPERIDONE	1	milligrammi	Compressa rivestita con film	N05AX08	AUROBINDO PHARMA (ITALIA) S.R.L.	Autorizzata	Procedura Mutuo riconoscimento o Decentrata	Medicinali soggetti a prescrizione medica
040078178	040078	RISPERIDONE AUROBINDO	1 MG COMPRESSE RIVESTITE CON FILM- 50 COMPRESSE IN BLISTER PVC/PE/PVDC/AL	RISPERIDONE	RISPERIDONE	1	milligrammi	Compressa rivestita con film	N05AX08	AUROBINDO PHARMA (ITALIA) S.R.L.	Autorizzata	Procedura Mutuo riconoscimento o Decentrata	Medicinali soggetti a prescrizione medica
040078180	040078	RISPERIDONE AUROBINDO	1 MG COMPRESSE RIVESTITE CON FILM- 56 COMPRESSE IN BLISTER PVC/PE/PVDC/AL	RISPERIDONE	RISPERIDONE	1	milligrammi	Compressa rivestita con film	N05AX08	AUROBINDO PHARMA (ITALIA) S.R.L.	Autorizzata	Procedura Mutuo riconoscimento o Decentrata	Medicinali soggetti a prescrizione medica
040078192	040078	RISPERIDONE AUROBINDO	1 MG COMPRESSE RIVESTITE CON FILM- 60 COMPRESSE IN BLISTER PVC/PE/PVDC/AL	RISPERIDONE	RISPERIDONE	1	milligrammi	Compressa rivestita con film	N05AX08	AUROBINDO PHARMA (ITALIA) S.R.L.	Autorizzata	Procedura Mutuo riconoscimento o Decentrata	Medicinali soggetti a prescrizione medica
040078204	040078	RISPERIDONE AUROBINDO	1 MG COMPRESSE RIVESTITE CON FILM- 100 COMPRESSE IN BLISTER PVC/PE/PVDC/AL	RISPERIDONE	RISPERIDONE	1	milligrammi	Compressa rivestita con film	N05AX08	AUROBINDO PHARMA (ITALIA) S.R.L.	Autorizzata	Procedura Mutuo riconoscimento o Decentrata	Medicinali soggetti a prescrizione medica
040078216	040078	RISPERIDONE AUROBINDO	2 MG COMPRESSE RIVESTITE CON FILM- 6 COMPRESSE IN BLISTER PVC/PE/PVDC/AL	RISPERIDONE	RISPERIDONE	2	milligrammi	Compressa rivestita con film	N05AX08	AUROBINDO PHARMA (ITALIA) S.R.L.	Autorizzata	Procedura Mutuo riconoscimento o Decentrata	Medicinali soggetti a prescrizione medica
040078228	040078	RISPERIDONE AUROBINDO	2 MG COMPRESSE RIVESTITE CON FILM- 10 COMPRESSE IN BLISTER PVC/PE/PVDC/AL	RISPERIDONE	RISPERIDONE	2	milligrammi	Compressa rivestita con film	N05AX08	AUROBINDO PHARMA (ITALIA) S.R.L.	Autorizzata	Procedura Mutuo riconoscimento o Decentrata	Medicinali soggetti a prescrizione medica
040078230	040078	RISPERIDONE AUROBINDO	2 MG COMPRESSE RIVESTITE CON FILM- 20 COMPRESSE IN BLISTER PVC/PE/PVDC/AL	RISPERIDONE	RISPERIDONE	2	milligrammi	Compressa rivestita con film	N05AX08	AUROBINDO PHARMA (ITALIA) S.R.L.	Autorizzata	Procedura Mutuo riconoscimento o Decentrata	Medicinali soggetti a prescrizione medica
040078242	040078	RISPERIDONE AUROBINDO	2 MG COMPRESSE RIVESTITE CON FILM- 28 COMPRESSE IN BLISTER PVC/PE/PVDC/AL	RISPERIDONE	RISPERIDONE	2	milligrammi	Compressa rivestita con film	N05AX08	AUROBINDO PHARMA (ITALIA) S.R.L.	Autorizzata	Procedura Mutuo riconoscimento o Decentrata	Medicinali soggetti a prescrizione medica
040078255	040078	RISPERIDONE AUROBINDO	2 MG COMPRESSE RIVESTITE CON FILM- 30 COMPRESSE IN BLISTER PVC/PE/PVDC/AL	RISPERIDONE	RISPERIDONE	2	milligrammi	Compressa rivestita con film	N05AX08	AUROBINDO PHARMA (ITALIA) S.R.L.	Autorizzata	Procedura Mutuo riconoscimento o Decentrata	Medicinali soggetti a prescrizione medica
040078267	040078	RISPERIDONE AUROBINDO	2 MG COMPRESSE RIVESTITE CON FILM- 40 COMPRESSE IN BLISTER PVC/PE/PVDC/AL	RISPERIDONE	RISPERIDONE	2	milligrammi	Compressa rivestita con film	N05AX08	AUROBINDO PHARMA (ITALIA) S.R.L.	Autorizzata	Procedura Mutuo riconoscimento o Decentrata	Medicinali soggetti a prescrizione medica
040078279	040078	RISPERIDONE AUROBINDO	2 MG COMPRESSE RIVESTITE CON FILM- 50 COMPRESSE IN BLISTER PVC/PE/PVDC/AL	RISPERIDONE	RISPERIDONE	2	milligrammi	Compressa rivestita con film	N05AX08	AUROBINDO PHARMA (ITALIA) S.R.L.	Autorizzata	Procedura Mutuo riconoscimento o Decentrata	Medicinali soggetti a prescrizione medica
040078281	040078	RISPERIDONE AUROBINDO	2 MG COMPRESSE RIVESTITE CON FILM- 56 COMPRESSE IN BLISTER PVC/PE/PVDC/AL	RISPERIDONE	RISPERIDONE	2	milligrammi	Compressa rivestita con film	N05AX08	AUROBINDO PHARMA (ITALIA) S.R.L.	Autorizzata	Procedura Mutuo riconoscimento o Decentrata	Medicinali soggetti a prescrizione medica
040078293	040078	RISPERIDONE AUROBINDO	2 MG COMPRESSE RIVESTITE CON FILM- 60 COMPRESSE IN BLISTER PVC/PE/PVDC/AL	RISPERIDONE	RISPERIDONE	2	milligrammi	Compressa rivestita con film	N05AX08	AUROBINDO PHARMA (ITALIA) S.R.L.	Autorizzata	Procedura Mutuo riconoscimento o Decentrata	Medicinali soggetti a prescrizione medica
040078305	040078	RISPERIDONE AUROBINDO	2 MG COMPRESSE RIVESTITE CON FILM- 100 COMPRESSE IN BLISTER PVC/PE/PVDC/AL	RISPERIDONE	RISPERIDONE	2	milligrammi	Compressa rivestita con film	N05AX08	AUROBINDO PHARMA (ITALIA) S.R.L.	Autorizzata	Procedura Mutuo riconoscimento o Decentrata	Medicinali soggetti a prescrizione medica
040078317	040078	RISPERIDONE AUROBINDO	3 MG COMPRESSE RIVESTITE CON FILM- 6 COMPRESSE IN BLISTER PVC/PE/PVDC/AL	RISPERIDONE	RISPERIDONE	3	milligrammi	Compressa rivestita con film	N05AX08	AUROBINDO PHARMA (ITALIA) S.R.L.	Autorizzata	Procedura Mutuo riconoscimento o Decentrata	Medicinali soggetti a prescrizione medica
040078329	040078	RISPERIDONE AUROBINDO	3 MG COMPRESSE RIVESTITE CON FILM- 10 COMPRESSE IN BLISTER PVC/PE/PVDC/AL	RISPERIDONE	RISPERIDONE	3	milligrammi	Compressa rivestita con film	N05AX08	AUROBINDO PHARMA (ITALIA) S.R.L.	Autorizzata	Procedura Mutuo riconoscimento o Decentrata	Medicinali soggetti a prescrizione medica
040078331	040078	RISPERIDONE AUROBINDO	3 MG COMPRESSE RIVESTITE CON FILM- 20 COMPRESSE IN BLISTER PVC/PE/PVDC/AL	RISPERIDONE	RISPERIDONE	3	milligrammi	Compressa rivestita con film	N05AX08	AUROBINDO PHARMA (ITALIA) S.R.L.	Autorizzata	Procedura Mutuo riconoscimento o Decentrata	Medicinali soggetti a prescrizione medica
040078343	040078	RISPERIDONE AUROBINDO	3 MG COMPRESSE RIVESTITE CON FILM- 28 COMPRESSE IN BLISTER PVC/PE/PVDC/AL	RISPERIDONE	RISPERIDONE	3	milligrammi	Compressa rivestita con film	N05AX08	AUROBINDO PHARMA (ITALIA) S.R.L.	Autorizzata	Procedura Mutuo riconoscimento o Decentrata	Medicinali soggetti a prescrizione medica
040078356	040078	RISPERIDONE AUROBINDO	3 MG COMPRESSE RIVESTITE CON FILM- 30 COMPRESSE IN BLISTER PVC/PE/PVDC/AL	RISPERIDONE	RISPERIDONE	3	milligrammi	Compressa rivestita con film	N05AX08	AUROBINDO PHARMA (ITALIA) S.R.L.	Autorizzata	Procedura Mutuo riconoscimento o Decentrata	Medicinali soggetti a prescrizione medica
040078368	040078	RISPERIDONE AUROBINDO	3 MG COMPRESSE RIVESTITE CON FILM- 40 COMPRESSE IN BLISTER PVC/PE/PVDC/AL	RISPERIDONE	RISPERIDONE	3	milligrammi	Compressa rivestita con film	N05AX08	AUROBINDO PHARMA (ITALIA) S.R.L.	Autorizzata	Procedura Mutuo riconoscimento o Decentrata	Medicinali soggetti a prescrizione medica
040078370	040078	RISPERIDONE AUROBINDO	3 MG COMPRESSE RIVESTITE CON FILM- 50 COMPRESSE IN BLISTER PVC/PE/PVDC/AL	RISPERIDONE	RISPERIDONE	3	milligrammi	Compressa rivestita con film	N05AX08	AUROBINDO PHARMA (ITALIA) S.R.L.	Autorizzata	Procedura Mutuo riconoscimento o Decentrata	Medicinali soggetti a prescrizione medica
040078382	040078	RISPERIDONE AUROBINDO	3 MG COMPRESSE RIVESTITE CON FILM- 56 COMPRESSE IN BLISTER PVC/PE/PVDC/AL	RISPERIDONE	RISPERIDONE	3	milligrammi	Compressa rivestita con film	N05AX08	AUROBINDO PHARMA (ITALIA) S.R.L.	Autorizzata	Procedura Mutuo riconoscimento o Decentrata	Medicinali soggetti a prescrizione medica
040078394	040078	RISPERIDONE AUROBINDO	3 MG COMPRESSE RIVESTITE CON FILM- 60 COMPRESSE IN BLISTER PVC/PE/PVDC/AL	RISPERIDONE	RISPERIDONE	3	milligrammi	Compressa rivestita con film	N05AX08	AUROBINDO PHARMA (ITALIA) S.R.L.	Autorizzata	Procedura Mutuo riconoscimento o Decentrata	Medicinali soggetti a prescrizione medica
040078406	040078	RISPERIDONE AUROBINDO	3 MG COMPRESSE RIVESTITE CON FILM- 100 COMPRESSE IN BLISTER PVC/PE/PVDC/AL	RISPERIDONE	RISPERIDONE	3	milligrammi	Compressa rivestita con film	N05AX08	AUROBINDO PHARMA (ITALIA) S.R.L.	Autorizzata	Procedura Mutuo riconoscimento o Decentrata	Medicinali soggetti a prescrizione medica
040078418	040078	RISPERIDONE AUROBINDO	4 MG COMPRESSE RIVESTITE CON FILM- 6 COMPRESSE IN BLISTER PVC/PE/PVDC/AL	RISPERIDONE	RISPERIDONE	4	milligrammi	Compressa rivestita con film	N05AX08	AUROBINDO PHARMA (ITALIA) S.R.L.	Autorizzata	Procedura Mutuo riconoscimento o Decentrata	Medicinali soggetti a prescrizione medica
040078420	040078	RISPERIDONE AUROBINDO	4 MG COMPRESSE RIVESTITE CON FILM- 10 COMPRESSE IN BLISTER PVC/PE/PVDC/AL	RISPERIDONE	RISPERIDONE	4	milligrammi	Compressa rivestita con film	N05AX08	AUROBINDO PHARMA (ITALIA) S.R.L.	Autorizzata	Procedura Mutuo riconoscimento o Decentrata	Medicinali soggetti a prescrizione medica
040078432	040078	RISPERIDONE AUROBINDO	4 MG COMPRESSE RIVESTITE CON FILM- 20 COMPRESSE IN BLISTER PVC/PE/PVDC/AL	RISPERIDONE	RISPERIDONE	4	milligrammi	Compressa rivestita con film	N05AX08	AUROBINDO PHARMA (ITALIA) S.R.L.	Autorizzata	Procedura Mutuo riconoscimento o Decentrata	Medicinali soggetti a prescrizione medica
040078444	040078	RISPERIDONE AUROBINDO	4 MG COMPRESSE RIVESTITE CON FILM- 28 COMPRESSE IN BLISTER PVC/PE/PVDC/AL	RISPERIDONE	RISPERIDONE	4	milligrammi	Compressa rivestita con film	N05AX08	AUROBINDO PHARMA (ITALIA) S.R.L.	Autorizzata	Procedura Mutuo riconoscimento o Decentrata	Medicinali soggetti a prescrizione medica
040078457	040078	RISPERIDONE AUROBINDO	4 MG COMPRESSE RIVESTITE CON FILM- 30 COMPRESSE IN BLISTER PVC/PE/PVDC/AL	RISPERIDONE	RISPERIDONE	4	milligrammi	Compressa rivestita con film	N05AX08	AUROBINDO PHARMA (ITALIA) S.R.L.	Autorizzata	Procedura Mutuo riconoscimento o Decentrata	Medicinali soggetti a prescrizione medica
040078469	040078	RISPERIDONE AUROBINDO	4 MG COMPRESSE RIVESTITE CON FILM- 40 COMPRESSE IN BLISTER PVC/PE/PVDC/AL	RISPERIDONE	RISPERIDONE	4	milligrammi	Compressa rivestita con film	N05AX08	AUROBINDO PHARMA (ITALIA) S.R.L.	Autorizzata	Procedura Mutuo riconoscimento o Decentrata	Medicinali soggetti a prescrizione medica
040078471	040078	RISPERIDONE AUROBINDO	4 MG COMPRESSE RIVESTITE CON FILM- 50 COMPRESSE IN BLISTER PVC/PE/PVDC/AL	RISPERIDONE	RISPERIDONE	4	milligrammi	Compressa rivestita con film	N05AX08	AUROBINDO PHARMA (ITALIA) S.R.L.	Autorizzata	Procedura Mutuo riconoscimento o Decentrata	Medicinali soggetti a prescrizione medica
040078483	040078	RISPERIDONE AUROBINDO	4 MG COMPRESSE RIVESTITE CON FILM- 56 COMPRESSE IN BLISTER PVC/PE/PVDC/AL	RISPERIDONE	RISPERIDONE	4	milligrammi	Compressa rivestita con film	N05AX08	AUROBINDO PHARMA (ITALIA) S.R.L.	Autorizzata	Procedura Mutuo riconoscimento o Decentrata	Medicinali soggetti a prescrizione medica
040078495	040078	RISPERIDONE AUROBINDO	4 MG COMPRESSE RIVESTITE CON FILM- 60 COMPRESSE IN BLISTER PVC/PE/PVDC/AL	RISPERIDONE	RISPERIDONE	4	milligrammi	Compressa rivestita con film	N05AX08	AUROBINDO PHARMA (ITALIA) S.R.L.	Autorizzata	Procedura Mutuo riconoscimento o Decentrata	Medicinali soggetti a prescrizione medica
040078507	040078	RISPERIDONE AUROBINDO	4 MG COMPRESSE RIVESTITE CON FILM- 100 COMPRESSE IN BLISTER PVC/PE/PVDC/AL	RISPERIDONE	RISPERIDONE	4	milligrammi	Compressa rivestita con film	N05AX08	AUROBINDO PHARMA (ITALIA) S.R.L.	Autorizzata	Procedura Mutuo riconoscimento o Decentrata	Medicinali soggetti a prescrizione medica
040078519	040078	RISPERIDONE AUROBINDO	6 MG COMPRESSE RIVESTITE CON FILM- 6 COMPRESSE IN BLISTER PVC/PE/PVDC/AL	RISPERIDONE	RISPERIDONE	6	milligrammi	Compressa rivestita con film	N05AX08	AUROBINDO PHARMA (ITALIA) S.R.L.	Autorizzata	Procedura Mutuo riconoscimento o Decentrata	Medicinali soggetti a prescrizione medica
040078521	040078	RISPERIDONE AUROBINDO	6 MG COMPRESSE RIVESTITE CON FILM- 28 COMPRESSE IN BLISTER PVC/PE/PVDC/AL	RISPERIDONE	RISPERIDONE	6	milligrammi	Compressa rivestita con film	N05AX08	AUROBINDO PHARMA (ITALIA) S.R.L.	Autorizzata	Procedura Mutuo riconoscimento o Decentrata	Medicinali soggetti a prescrizione medica
040078533	040078	RISPERIDONE AUROBINDO	6 MG COMPRESSE RIVESTITE CON FILM- 30 COMPRESSE IN BLISTER PVC/PE/PVDC/AL	RISPERIDONE	RISPERIDONE	6	milligrammi	Compressa rivestita con film	N05AX08	AUROBINDO PHARMA (ITALIA) S.R.L.	Autorizzata	Procedura Mutuo riconoscimento o Decentrata	Medicinali soggetti a prescrizione medica
040078545	040078	RISPERIDONE AUROBINDO	6 MG COMPRESSE RIVESTITE CON FILM- 50 COMPRESSE IN BLISTER PVC/PE/PVDC/AL	RISPERIDONE	RISPERIDONE	6	milligrammi	Compressa rivestita con film	N05AX08	AUROBINDO PHARMA (ITALIA) S.R.L.	Autorizzata	Procedura Mutuo riconoscimento o Decentrata	Medicinali soggetti a prescrizione medica
040078558	040078	RISPERIDONE AUROBINDO	6 MG COMPRESSE RIVESTITE CON FILM- 56 COMPRESSE IN BLISTER PVC/PE/PVDC/AL	RISPERIDONE	RISPERIDONE	6	milligrammi	Compressa rivestita con film	N05AX08	AUROBINDO PHARMA (ITALIA) S.R.L.	Autorizzata	Procedura Mutuo riconoscimento o Decentrata	Medicinali soggetti a prescrizione medica
040078560	040078	RISPERIDONE AUROBINDO	6 MG COMPRESSE RIVESTITE CON FILM- 60 COMPRESSE IN BLISTER PVC/PE/PVDC/AL	RISPERIDONE	RISPERIDONE	6	milligrammi	Compressa rivestita con film	N05AX08	AUROBINDO PHARMA (ITALIA) S.R.L.	Autorizzata	Procedura Mutuo riconoscimento o Decentrata	Medicinali soggetti a prescrizione medica
040078572	040078	RISPERIDONE AUROBINDO	6 MG COMPRESSE RIVESTITE CON FILM- 100 COMPRESSE IN BLISTER PVC/PE/PVDC/AL	RISPERIDONE	RISPERIDONE	6	milligrammi	Compressa rivestita con film	N05AX08	AUROBINDO PHARMA (ITALIA) S.R.L.	Autorizzata	Procedura Mutuo riconoscimento o Decentrata	Medicinali soggetti a prescrizione medica
040078584	040078	RISPERIDONE AUROBINDO	0,5 MG COMPRESSE RIVESTITE CON FILM- 100 COMPRESSE IN FLACONE HDPE	RISPERIDONE	RISPERIDONE	0.5	milligrammi	Compressa rivestita con film	N05AX08	AUROBINDO PHARMA (ITALIA) S.R.L.	Autorizzata	Procedura Mutuo riconoscimento o Decentrata	Medicinali soggetti a prescrizione medica
040078596	040078	RISPERIDONE AUROBINDO	0,5 MG COMPRESSE RIVESTITE CON FILM- 250 COMPRESSE IN FLACONE HDPE	RISPERIDONE	RISPERIDONE	0.5	milligrammi	Compressa rivestita con film	N05AX08	AUROBINDO PHARMA (ITALIA) S.R.L.	Autorizzata	Procedura Mutuo riconoscimento o Decentrata	Medicinali soggetti a prescrizione medica
040078608	040078	RISPERIDONE AUROBINDO	1 MG COMPRESSE RIVESTITE CON FILM- 100 COMPRESSE IN FLACONE HDPE	RISPERIDONE	RISPERIDONE	1	milligrammi	Compressa rivestita con film	N05AX08	AUROBINDO PHARMA (ITALIA) S.R.L.	Autorizzata	Procedura Mutuo riconoscimento o Decentrata	Medicinali soggetti a prescrizione medica
040078610	040078	RISPERIDONE AUROBINDO	1 MG COMPRESSE RIVESTITE CON FILM- 250 COMPRESSE IN FLACONE HDPE	RISPERIDONE	RISPERIDONE	1	milligrammi	Compressa rivestita con film	N05AX08	AUROBINDO PHARMA (ITALIA) S.R.L.	Autorizzata	Procedura Mutuo riconoscimento o Decentrata	Medicinali soggetti a prescrizione medica
040078622	040078	RISPERIDONE AUROBINDO	2 MG COMPRESSE RIVESTITE CON FILM- 100 COMPRESSE IN FLACONE HDPE	RISPERIDONE	RISPERIDONE	2	milligrammi	Compressa rivestita con film	N05AX08	AUROBINDO PHARMA (ITALIA) S.R.L.	Autorizzata	Procedura Mutuo riconoscimento o Decentrata	Medicinali soggetti a prescrizione medica
040078634	040078	RISPERIDONE AUROBINDO	2 MG COMPRESSE RIVESTITE CON FILM- 250 COMPRESSE IN FLACONE HDPE	RISPERIDONE	RISPERIDONE	2	milligrammi	Compressa rivestita con film	N05AX08	AUROBINDO PHARMA (ITALIA) S.R.L.	Autorizzata	Procedura Mutuo riconoscimento o Decentrata	Medicinali soggetti a prescrizione medica
040078646	040078	RISPERIDONE AUROBINDO	3 MG COMPRESSE RIVESTITE CON FILM- 100 COMPRESSE IN FLACONE HDPE	RISPERIDONE	RISPERIDONE	3	milligrammi	Compressa rivestita con film	N05AX08	AUROBINDO PHARMA (ITALIA) S.R.L.	Autorizzata	Procedura Mutuo riconoscimento o Decentrata	Medicinali soggetti a prescrizione medica
040078659	040078	RISPERIDONE AUROBINDO	3 MG COMPRESSE RIVESTITE CON FILM- 250 COMPRESSE IN FLACONE HDPE	RISPERIDONE	RISPERIDONE	3	milligrammi	Compressa rivestita con film	N05AX08	AUROBINDO PHARMA (ITALIA) S.R.L.	Autorizzata	Procedura Mutuo riconoscimento o Decentrata	Medicinali soggetti a prescrizione medica
040078661	040078	RISPERIDONE AUROBINDO	4 MG COMPRESSE RIVESTITE CON FILM- 100 COMPRESSE IN FLACONE HDPE	RISPERIDONE	RISPERIDONE	4	milligrammi	Compressa rivestita con film	N05AX08	AUROBINDO PHARMA (ITALIA) S.R.L.	Autorizzata	Procedura Mutuo riconoscimento o Decentrata	Medicinali soggetti a prescrizione medica
040078673	040078	RISPERIDONE AUROBINDO	4 MG COMPRESSE RIVESTITE CON FILM- 250 COMPRESSE IN FLACONE HDPE	RISPERIDONE	RISPERIDONE	4	milligrammi	Compressa rivestita con film	N05AX08	AUROBINDO PHARMA (ITALIA) S.R.L.	Autorizzata	Procedura Mutuo riconoscimento o Decentrata	Medicinali soggetti a prescrizione medica
040616017	040616	RISPERIDONE MYLAN PHARMA	1 MG COMPRESSE RIVESTITE CON FILM- 20 COMPRESSE IN BLISTER PVC/PE/PVDC-AL	RISPERIDONE	RISPERIDONE	1	milligrammi	Compressa rivestita con film	N05AX08	MYLAN S.P.A.	Autorizzata	Procedura Mutuo riconoscimento o Decentrata	Medicinali soggetti a prescrizione medica
040616029	040616	RISPERIDONE MYLAN PHARMA	1 MG COMPRESSE RIVESTITE CON FILM- 28 COMPRESSE IN BLISTER PVC/PE/PVDC-AL	RISPERIDONE	RISPERIDONE	1	milligrammi	Compressa rivestita con film	N05AX08	MYLAN S.P.A.	Autorizzata	Procedura Mutuo riconoscimento o Decentrata	Medicinali soggetti a prescrizione medica
040616031	040616	RISPERIDONE MYLAN PHARMA	1 MG COMPRESSE RIVESTITE CON FILM- 30 COMPRESSE IN BLISTER PVC/PE/PVDC-AL	RISPERIDONE	RISPERIDONE	1	milligrammi	Compressa rivestita con film	N05AX08	MYLAN S.P.A.	Autorizzata	Procedura Mutuo riconoscimento o Decentrata	Medicinali soggetti a prescrizione medica
040616043	040616	RISPERIDONE MYLAN PHARMA	1 MG COMPRESSE RIVESTITE CON FILM- 60 COMPRESSE IN BLISTER PVC/PE/PVDC-AL	RISPERIDONE	RISPERIDONE	1	milligrammi	Compressa rivestita con film	N05AX08	MYLAN S.P.A.	Autorizzata	Procedura Mutuo riconoscimento o Decentrata	Medicinali soggetti a prescrizione medica
040616056	040616	RISPERIDONE MYLAN PHARMA	2 MG COMPRESSE RIVESTITE CON FILM- 20 COMPRESSE IN BLISTER PVC/PE/PVDC-AL	RISPERIDONE	RISPERIDONE	2	milligrammi	Compressa rivestita con film	N05AX08	MYLAN S.P.A.	Autorizzata	Procedura Mutuo riconoscimento o Decentrata	Medicinali soggetti a prescrizione medica
040616068	040616	RISPERIDONE MYLAN PHARMA	2 MG COMPRESSE RIVESTITE CON FILM- 28 COMPRESSE IN BLISTER PVC/PE/PVDC-AL	RISPERIDONE	RISPERIDONE	2	milligrammi	Compressa rivestita con film	N05AX08	MYLAN S.P.A.	Autorizzata	Procedura Mutuo riconoscimento o Decentrata	Medicinali soggetti a prescrizione medica
040616070	040616	RISPERIDONE MYLAN PHARMA	2 MG COMPRESSE RIVESTITE CON FILM- 30 COMPRESSE IN BLISTER PVC/PE/PVDC-AL	RISPERIDONE	RISPERIDONE	2	milligrammi	Compressa rivestita con film	N05AX08	MYLAN S.P.A.	Autorizzata	Procedura Mutuo riconoscimento o Decentrata	Medicinali soggetti a prescrizione medica
040616082	040616	RISPERIDONE MYLAN PHARMA	2 MG COMPRESSE RIVESTITE CON FILM- 60 COMPRESSE IN BLISTER PVC/PE/PVDC-AL	RISPERIDONE	RISPERIDONE	2	milligrammi	Compressa rivestita con film	N05AX08	MYLAN S.P.A.	Autorizzata	Procedura Mutuo riconoscimento o Decentrata	Medicinali soggetti a prescrizione medica
040616094	040616	RISPERIDONE MYLAN PHARMA	3 MG COMPRESSE RIVESTITE CON FILM- 20 COMPRESSE IN BLISTER PVC/PE/PVDC-AL	RISPERIDONE	RISPERIDONE	3	milligrammi	Compressa rivestita con film	N05AX08	MYLAN S.P.A.	Autorizzata	Procedura Mutuo riconoscimento o Decentrata	Medicinali soggetti a prescrizione medica
040616106	040616	RISPERIDONE MYLAN PHARMA	3 MG COMPRESSE RIVESTITE CON FILM- 28 COMPRESSE IN BLISTER PVC/PE/PVDC-AL	RISPERIDONE	RISPERIDONE	3	milligrammi	Compressa rivestita con film	N05AX08	MYLAN S.P.A.	Autorizzata	Procedura Mutuo riconoscimento o Decentrata	Medicinali soggetti a prescrizione medica
040616118	040616	RISPERIDONE MYLAN PHARMA	3 MG COMPRESSE RIVESTITE CON FILM- 30 COMPRESSE IN BLISTER PVC/PE/PVDC-AL	RISPERIDONE	RISPERIDONE	3	milligrammi	Compressa rivestita con film	N05AX08	MYLAN S.P.A.	Autorizzata	Procedura Mutuo riconoscimento o Decentrata	Medicinali soggetti a prescrizione medica
040616120	040616	RISPERIDONE MYLAN PHARMA	3 MG COMPRESSE RIVESTITE CON FILM- 60 COMPRESSE IN BLISTER PVC/PE/PVDC-AL	RISPERIDONE	RISPERIDONE	3	milligrammi	Compressa rivestita con film	N05AX08	MYLAN S.P.A.	Autorizzata	Procedura Mutuo riconoscimento o Decentrata	Medicinali soggetti a prescrizione medica
040616171	040616	RISPERIDONE MYLAN PHARMA	4 MG COMPRESSE RIVESTITE CON FILM- 20 COMPRESSE IN BLISTER PVC/PE/PVDC-AL	RISPERIDONE	RISPERIDONE	4	milligrammi	Compressa rivestita con film	N05AX08	MYLAN S.P.A.	Autorizzata	Procedura Mutuo riconoscimento o Decentrata	Medicinali soggetti a prescrizione medica
040616183	040616	RISPERIDONE MYLAN PHARMA	4 MG COMPRESSE RIVESTITE CON FILM- 28 COMPRESSE IN BLISTER PVC/PE/PVDC-AL	RISPERIDONE	RISPERIDONE	4	milligrammi	Compressa rivestita con film	N05AX08	MYLAN S.P.A.	Autorizzata	Procedura Mutuo riconoscimento o Decentrata	Medicinali soggetti a prescrizione medica
040616195	040616	RISPERIDONE MYLAN PHARMA	4 MG COMPRESSE RIVESTITE CON FILM- 30 COMPRESSE IN BLISTER PVC/PE/PVDC-AL	RISPERIDONE	RISPERIDONE	4	milligrammi	Compressa rivestita con film	N05AX08	MYLAN S.P.A.	Autorizzata	Procedura Mutuo riconoscimento o Decentrata	Medicinali soggetti a prescrizione medica
040616207	040616	RISPERIDONE MYLAN PHARMA	4 MG COMPRESSE RIVESTITE CON FILM- 60 COMPRESSE IN BLISTER PVC/PE/PVDC-AL	RISPERIDONE	RISPERIDONE	4	milligrammi	Compressa rivestita con film	N05AX08	MYLAN S.P.A.	Autorizzata	Procedura Mutuo riconoscimento o Decentrata	Medicinali soggetti a prescrizione medica
040616474	040616	RISPERIDONE MYLAN PHARMA	4 MG COMPRESSE RIVESTITE CON FILM- 30 X 1 COMPRESSE IN BLISTER PVC/PE/PVDC-AL	RISPERIDONE	RISPERIDONE	4	milligrammi	Compressa rivestita con film	N05AX08	MYLAN S.P.A.	Autorizzata	Procedura Mutuo riconoscimento o Decentrata	Medicinali soggetti a prescrizione medica
040616498	040616	RISPERIDONE MYLAN PHARMA	1 MG COMPRESSE RIVESTITE CON FILM- 100 X 1 COMPRESSE IN BLISTER PVC/PE/PVDC/AL	RISPERIDONE	RISPERIDONE	1	milligrammi	Compressa rivestita con film	N05AX08	MYLAN S.P.A.	Autorizzata	Procedura Mutuo riconoscimento o Decentrata	Medicinali soggetti a prescrizione medica
040616500	040616	RISPERIDONE MYLAN PHARMA	2 MG COMPRESSE RIVESTITE CON FILM- 100 X 1 COMPRESSE IN BLISTER PVC/PE/PVDC/AL	RISPERIDONE	RISPERIDONE	2	milligrammi	Compressa rivestita con film	N05AX08	MYLAN S.P.A.	Autorizzata	Procedura Mutuo riconoscimento o Decentrata	Medicinali soggetti a prescrizione medica
040616512	040616	RISPERIDONE MYLAN PHARMA	3 MG COMPRESSE RIVESTITE CON FILM- 100 X 1 COMPRESSE IN BLISTER PVC/PE/PVDC/AL	RISPERIDONE	RISPERIDONE	3	milligrammi	Compressa rivestita con film	N05AX08	MYLAN S.P.A.	Autorizzata	Procedura Mutuo riconoscimento o Decentrata	Medicinali soggetti a prescrizione medica
040616524	040616	RISPERIDONE MYLAN PHARMA	4 MG COMPRESSE RIVESTITE CON FILM- 100 X 1 COMPRESSE IN BLISTER PVC/PE/PVDC/AL	RISPERIDONE	RISPERIDONE	4	milligrammi	Compressa rivestita con film	N05AX08	MYLAN S.P.A.	Autorizzata	Procedura Mutuo riconoscimento o Decentrata	Medicinali soggetti a prescrizione medica
040616536	040616	RISPERIDONE MYLAN PHARMA	1 MG COMPRESSE RIVESTITE CON FILM- 60 COMPRESSE IN FLACONE HDPE	RISPERIDONE	RISPERIDONE	1	milligrammi	Compressa rivestita con film	N05AX08	MYLAN S.P.A.	Autorizzata	Procedura Mutuo riconoscimento o Decentrata	Medicinali soggetti a prescrizione medica
040616548	040616	RISPERIDONE MYLAN PHARMA	1 MG COMPRESSE RIVESTITE CON FILM- 100 COMPRESSE IN FLACONE HDPE	RISPERIDONE	RISPERIDONE	1	milligrammi	Compressa rivestita con film	N05AX08	MYLAN S.P.A.	Autorizzata	Procedura Mutuo riconoscimento o Decentrata	Medicinali soggetti a prescrizione medica
040616551	040616	RISPERIDONE MYLAN PHARMA	1 MG COMPRESSE RIVESTITE CON FILM- 250 COMPRESSE IN FLACONE HDPE	RISPERIDONE	RISPERIDONE	1	milligrammi	Compressa rivestita con film	N05AX08	MYLAN S.P.A.	Autorizzata	Procedura Mutuo riconoscimento o Decentrata	Medicinali soggetti a prescrizione medica
040616563	040616	RISPERIDONE MYLAN PHARMA	2 MG COMPRESSE RIVESTITE CON FILM- 60 COMPRESSE IN FLACONE HDPE	RISPERIDONE	RISPERIDONE	2	milligrammi	Compressa rivestita con film	N05AX08	MYLAN S.P.A.	Autorizzata	Procedura Mutuo riconoscimento o Decentrata	Medicinali soggetti a prescrizione medica
040616575	040616	RISPERIDONE MYLAN PHARMA	2 MG COMPRESSE RIVESTITE CON FILM- 100 COMPRESSE IN FLACONE HDPE	RISPERIDONE	RISPERIDONE	2	milligrammi	Compressa rivestita con film	N05AX08	MYLAN S.P.A.	Autorizzata	Procedura Mutuo riconoscimento o Decentrata	Medicinali soggetti a prescrizione medica
040616587	040616	RISPERIDONE MYLAN PHARMA	2 MG COMPRESSE RIVESTITE CON FILM- 250 COMPRESSE IN FLACONE HDPE	RISPERIDONE	RISPERIDONE	2	milligrammi	Compressa rivestita con film	N05AX08	MYLAN S.P.A.	Autorizzata	Procedura Mutuo riconoscimento o Decentrata	Medicinali soggetti a prescrizione medica
040616599	040616	RISPERIDONE MYLAN PHARMA	4 MG COMPRESSE RIVESTITE CON FILM- 30 COMPRESSE IN FLACONE HDPE	RISPERIDONE	RISPERIDONE	2	milligrammi	Compressa rivestita con film	N05AX08	MYLAN S.P.A.	Autorizzata	Procedura Mutuo riconoscimento o Decentrata	Medicinali soggetti a prescrizione medica
040616601	040616	RISPERIDONE MYLAN PHARMA	4 MG COMPRESSE RIVESTITE CON FILM- 60 COMPRESSE IN FLACONE HDPE	RISPERIDONE	RISPERIDONE	4	milligrammi	Compressa rivestita con film	N05AX08	MYLAN S.P.A.	Autorizzata	Procedura Mutuo riconoscimento o Decentrata	Medicinali soggetti a prescrizione medica
040616613	040616	RISPERIDONE MYLAN PHARMA	4 MG COMPRESSE RIVESTITE CON FILM- 100 COMPRESSE IN FLACONE HDPE	RISPERIDONE	RISPERIDONE	4	milligrammi	Compressa rivestita con film	N05AX08	MYLAN S.P.A.	Autorizzata	Procedura Mutuo riconoscimento o Decentrata	Medicinali soggetti a prescrizione medica
040616625	040616	RISPERIDONE MYLAN PHARMA	4 MG COMPRESSE RIVESTITE CON FILM- 250 COMPRESSE IN FLACONE HDPE	RISPERIDONE	RISPERIDONE	4	milligrammi	Compressa rivestita con film	N05AX08	MYLAN S.P.A.	Autorizzata	Procedura Mutuo riconoscimento o Decentrata	Medicinali soggetti a prescrizione medica
042441016	042441	RISPERIDONE AUROBINDO PHARMA ITALIA	1 MG/ML SOLUZIONE ORALE- 1 FLACONE IN VETRO DA 30 ML CON CHIUSURA A PROVA DI BAMBINO CON SIRINGA PER SOMMINISTRAZIONE ORALE DA 3 ML CON ADATTATORE	RISPERIDONE	RISPERIDONE	1	milligram(s)/millilitre	Soluzione orale	N05AX08	AUROBINDO PHARMA (ITALIA) S.R.L.	Autorizzata	Procedura Mutuo riconoscimento o Decentrata	Medicinali soggetti a prescrizione medica
042441028	042441	RISPERIDONE AUROBINDO PHARMA ITALIA	1 MG/ML SOLUZIONE ORALE- 1 FLACONE IN VETRO DA 100 ML CON CHIUSURA A PROVA DI BAMBINO CON SIRINGA PER SOMMINISTRAZIONE ORALE DA 3 ML CON ADATTATORE	RISPERIDONE	RISPERIDONE	1	milligram(s)/millilitre	Soluzione orale	N05AX08	AUROBINDO PHARMA (ITALIA) S.R.L.	Autorizzata	Procedura Mutuo riconoscimento o Decentrata	Medicinali soggetti a prescrizione medica
049100011	049100	RISPERIDONE TEVA GROUP	25 MG POLVERE E SOLVENTE PER SOSPENSIONE INIETTABILE A RILASCIO PROLUNGATO- 1 X (1 FLACONCINO POLVERE + 1 ADATTATORE PER FLACONCINO + 1 SIRINGA PRERIEMPITA 2 ML SOLVENTE + 2 AGHI DI SICUREZZA)	RISPERIDONE	RISPERIDONE	25	milligrammi	Polvere e solvente per sospensione iniettabile a rilascio prolungato	N05AX08	TEVA ITALIA S.R.L.	Autorizzata	Procedura Mutuo riconoscimento o Decentrata	Medicinali soggetti a prescrizione medica limitativa, da rinnovare volta per volta, vendibili al pubblico su prescrizione di centri ospedalieri o di specialisti
049100023	049100	RISPERIDONE TEVA GROUP	25 MG POLVERE E SOLVENTE PER SOSPENSIONE INIETTABILE A RILASCIO PROLUNGATO- 2 X (1 FLACONCINO POLVERE + 1 ADATTATORE PER FLACONCINO + 1 SIRINGA PRERIEMPITA 2 ML SOLVENTE + 2 AGHI DI SICUREZZA)	RISPERIDONE	RISPERIDONE	25	milligrammi	Polvere e solvente per sospensione iniettabile a rilascio prolungato	N05AX08	TEVA ITALIA S.R.L.	Autorizzata	Procedura Mutuo riconoscimento o Decentrata	Medicinali soggetti a prescrizione medica limitativa, da rinnovare volta per volta, vendibili al pubblico su prescrizione di centri ospedalieri o di specialisti
049100035	049100	RISPERIDONE TEVA GROUP	25 MG POLVERE E SOLVENTE PER SOSPENSIONE INIETTABILE A RILASCIO PROLUNGATO- 5 X (1 FLACONCINO POLVERE + 1 ADATTATORE PER FLACONCINO + 1 SIRINGA PRERIEMPITA 2 ML SOLVENTE + 2 AGHI DI SICUREZZA)	RISPERIDONE	RISPERIDONE	25	milligrammi	Polvere e solvente per sospensione iniettabile a rilascio prolungato	N05AX08	TEVA ITALIA S.R.L.	Autorizzata	Procedura Mutuo riconoscimento o Decentrata	Medicinali soggetti a prescrizione medica limitativa, da rinnovare volta per volta, vendibili al pubblico su prescrizione di centri ospedalieri o di specialisti
049100047	049100	RISPERIDONE TEVA GROUP	37,5 MG POLVERE E SOLVENTE PER SOSPENSIONE INIETTABILE A RILASCIO PROLUNGATO- 1 X (1 FLACONCINO POLVERE + 1 ADATTATORE PER FLACONCINO + 1 SIRINGA PRERIEMPITA 2 ML SOLVENTE + 2 AGHI DI SICUREZZA)	RISPERIDONE	RISPERIDONE			Polvere e solvente per sospensione iniettabile a rilascio prolungato	N05AX08	TEVA ITALIA S.R.L.	Autorizzata	Procedura Mutuo riconoscimento o Decentrata	Medicinali soggetti a prescrizione medica limitativa, da rinnovare volta per volta, vendibili al pubblico su prescrizione di centri ospedalieri o di specialisti
049100050	049100	RISPERIDONE TEVA GROUP	37,5 MG POLVERE E SOLVENTE PER SOSPENSIONE INIETTABILE A RILASCIO PROLUNGATO- 2 X (1 FLACONCINO POLVERE + 1 ADATTATORE PER FLACONCINO + 1 SIRINGA PRERIEMPITA 2 ML SOLVENTE + 2 AGHI DI SICUREZZA)	RISPERIDONE	RISPERIDONE			Polvere e solvente per sospensione iniettabile a rilascio prolungato	N05AX08	TEVA ITALIA S.R.L.	Autorizzata	Procedura Mutuo riconoscimento o Decentrata	Medicinali soggetti a prescrizione medica limitativa, da rinnovare volta per volta, vendibili al pubblico su prescrizione di centri ospedalieri o di specialisti
049100062	049100	RISPERIDONE TEVA GROUP	37,5 MG POLVERE E SOLVENTE PER SOSPENSIONE INIETTABILE A RILASCIO PROLUNGATO- 5 X (1 FLACONCINO POLVERE + 1 ADATTATORE PER FLACONCINO + 1 SIRINGA PRERIEMPITA 2 ML SOLVENTE + 2 AGHI DI SICUREZZA)	RISPERIDONE	RISPERIDONE			Polvere e solvente per sospensione iniettabile a rilascio prolungato	N05AX08	TEVA ITALIA S.R.L.	Autorizzata	Procedura Mutuo riconoscimento o Decentrata	Medicinali soggetti a prescrizione medica limitativa, da rinnovare volta per volta, vendibili al pubblico su prescrizione di centri ospedalieri o di specialisti
049100074	049100	RISPERIDONE TEVA GROUP	50 MG POLVERE E SOLVENTE PER SOSPENSIONE INIETTABILE A RILASCIO PROLUNGATO- 1 X (1 FLACONCINO POLVERE + 1 ADATTATORE PER FLACONCINO + 1 SIRINGA PRERIEMPITA 2 ML SOLVENTE + 2 AGHI DI SICUREZZA)	RISPERIDONE	RISPERIDONE			Polvere e solvente per sospensione iniettabile a rilascio prolungato	N05AX08	TEVA ITALIA S.R.L.	Autorizzata	Procedura Mutuo riconoscimento o Decentrata	Medicinali soggetti a prescrizione medica limitativa, da rinnovare volta per volta, vendibili al pubblico su prescrizione di centri ospedalieri o di specialisti
049100086	049100	RISPERIDONE TEVA GROUP	50 MG POLVERE E SOLVENTE PER SOSPENSIONE INIETTABILE A RILASCIO PROLUNGATO- 2 X (1 FLACONCINO POLVERE + 1 ADATTATORE PER FLACONCINO + 1 SIRINGA PRERIEMPITA 2 ML SOLVENTE + 2 AGHI DI SICUREZZA)	RISPERIDONE	RISPERIDONE			Polvere e solvente per sospensione iniettabile a rilascio prolungato	N05AX08	TEVA ITALIA S.R.L.	Autorizzata	Procedura Mutuo riconoscimento o Decentrata	Medicinali soggetti a prescrizione medica limitativa, da rinnovare volta per volta, vendibili al pubblico su prescrizione di centri ospedalieri o di specialisti
049100098	049100	RISPERIDONE TEVA GROUP	50 MG POLVERE E SOLVENTE PER SOSPENSIONE INIETTABILE A RILASCIO PROLUNGATO- 5 X (1 FLACONCINO POLVERE + 1 ADATTATORE PER FLACONCINO + 1 SIRINGA PRERIEMPITA 2 ML SOLVENTE + 2 AGHI DI SICUREZZA)	RISPERIDONE	RISPERIDONE			Polvere e solvente per sospensione iniettabile a rilascio prolungato	N05AX08	TEVA ITALIA S.R.L.	Autorizzata	Procedura Mutuo riconoscimento o Decentrata	Medicinali soggetti a prescrizione medica limitativa, da rinnovare volta per volta, vendibili al pubblico su prescrizione di centri ospedalieri o di specialisti
049114010	049114	RISPERIDONE SANDOZ	2 MG COMPRESSE RIVESTITE CON FILM- 60 COMPRESSE IN BLISTER PVC/COC/PVDC/AL	RISPERIDONE	RISPERIDONE			Compressa rivestita con film	N05AX08	SANDOZ S.P.A.	Autorizzata	Procedura Mutuo riconoscimento o Decentrata	Medicinali soggetti a prescrizione medica
049114022	049114	RISPERIDONE SANDOZ	2 MG COMPRESSE RIVESTITE CON FILM- 100 COMPRESSE IN BLISTER PVC/COC/PVDC/AL	RISPERIDONE	RISPERIDONE			Compressa rivestita con film	N05AX08	SANDOZ S.P.A.	Autorizzata	Procedura Mutuo riconoscimento o Decentrata	Medicinali soggetti a prescrizione medica
049114034	049114	RISPERIDONE SANDOZ	2 MG COMPRESSE RIVESTITE CON FILM- 100X1 COMPRESSE IN BLISTER PVC/COC/PVDC/AL	RISPERIDONE	RISPERIDONE			Compressa rivestita con film	N05AX08	SANDOZ S.P.A.	Autorizzata	Procedura Mutuo riconoscimento o Decentrata	Medicinali soggetti a prescrizione medica
049114046	049114	RISPERIDONE SANDOZ	2 MG COMPRESSE RIVESTITE CON FILM- 250 COMPRESSE IN BLISTER PVC/COC/PVDC/AL	RISPERIDONE	RISPERIDONE			Compressa rivestita con film	N05AX08	SANDOZ S.P.A.	Autorizzata	Procedura Mutuo riconoscimento o Decentrata	Medicinali soggetti a prescrizione medica
049114059	049114	RISPERIDONE SANDOZ	3 MG COMPRESSE RIVESTITE CON FILM- 6 COMPRESSE IN BLISTER PVC/COC/PVDC/AL	RISPERIDONE	RISPERIDONE			Compressa rivestita con film	N05AX08	SANDOZ S.P.A.	Autorizzata	Procedura Mutuo riconoscimento o Decentrata	Medicinali soggetti a prescrizione medica
049114061	049114	RISPERIDONE SANDOZ	3 MG COMPRESSE RIVESTITE CON FILM- 10 COMPRESSE IN BLISTER PVC/COC/PVDC/AL	RISPERIDONE	RISPERIDONE			Compressa rivestita con film	N05AX08	SANDOZ S.P.A.	Autorizzata	Procedura Mutuo riconoscimento o Decentrata	Medicinali soggetti a prescrizione medica
049114073	049114	RISPERIDONE SANDOZ	3 MG COMPRESSE RIVESTITE CON FILM- 20 COMPRESSE IN BLISTER PVC/COC/PVDC/AL	RISPERIDONE	RISPERIDONE			Compressa rivestita con film	N05AX08	SANDOZ S.P.A.	Autorizzata	Procedura Mutuo riconoscimento o Decentrata	Medicinali soggetti a prescrizione medica
049114085	049114	RISPERIDONE SANDOZ	3 MG COMPRESSE RIVESTITE CON FILM- 30 COMPRESSE IN BLISTER PVC/COC/PVDC/AL	RISPERIDONE	RISPERIDONE			Compressa rivestita con film	N05AX08	SANDOZ S.P.A.	Autorizzata	Procedura Mutuo riconoscimento o Decentrata	Medicinali soggetti a prescrizione medica
049114097	049114	RISPERIDONE SANDOZ	3 MG COMPRESSE RIVESTITE CON FILM- 50 COMPRESSE IN BLISTER PVC/COC/PVDC/AL	RISPERIDONE	RISPERIDONE			Compressa rivestita con film	N05AX08	SANDOZ S.P.A.	Autorizzata	Procedura Mutuo riconoscimento o Decentrata	Medicinali soggetti a prescrizione medica
049114109	049114	RISPERIDONE SANDOZ	3 MG COMPRESSE RIVESTITE CON FILM- 60 COMPRESSE IN BLISTER PVC/COC/PVDC/AL	RISPERIDONE	RISPERIDONE			Compressa rivestita con film	N05AX08	SANDOZ S.P.A.	Autorizzata	Procedura Mutuo riconoscimento o Decentrata	Medicinali soggetti a prescrizione medica
049114111	049114	RISPERIDONE SANDOZ	3 MG COMPRESSE RIVESTITE CON FILM- 100 COMPRESSE IN BLISTER PVC/COC/PVDC/AL	RISPERIDONE	RISPERIDONE			Compressa rivestita con film	N05AX08	SANDOZ S.P.A.	Autorizzata	Procedura Mutuo riconoscimento o Decentrata	Medicinali soggetti a prescrizione medica
049114123	049114	RISPERIDONE SANDOZ	3 MG COMPRESSE RIVESTITE CON FILM- 100X1 COMPRESSE IN BLISTER PVC/COC/PVDC/AL	RISPERIDONE	RISPERIDONE			Compressa rivestita con film	N05AX08	SANDOZ S.P.A.	Autorizzata	Procedura Mutuo riconoscimento o Decentrata	Medicinali soggetti a prescrizione medica
049114135	049114	RISPERIDONE SANDOZ	3 MG COMPRESSE RIVESTITE CON FILM- 250 COMPRESSE IN BLISTER PVC/COC/PVDC/AL	RISPERIDONE	RISPERIDONE			Compressa rivestita con film	N05AX08	SANDOZ S.P.A.	Autorizzata	Procedura Mutuo riconoscimento o Decentrata	Medicinali soggetti a prescrizione medica
049114147	049114	RISPERIDONE SANDOZ	4 MG COMPRESSE RIVESTITE CON FILM- 6 COMPRESSE IN BLISTER PVC/COC/PVDC/AL	RISPERIDONE	RISPERIDONE			Compressa rivestita con film	N05AX08	SANDOZ S.P.A.	Autorizzata	Procedura Mutuo riconoscimento o Decentrata	Medicinali soggetti a prescrizione medica
049114150	049114	RISPERIDONE SANDOZ	4 MG COMPRESSE RIVESTITE CON FILM- 10 COMPRESSE IN BLISTER PVC/COC/PVDC/AL	RISPERIDONE	RISPERIDONE			Compressa rivestita con film	N05AX08	SANDOZ S.P.A.	Autorizzata	Procedura Mutuo riconoscimento o Decentrata	Medicinali soggetti a prescrizione medica
049114162	049114	RISPERIDONE SANDOZ	4 MG COMPRESSE RIVESTITE CON FILM- 20 COMPRESSE IN BLISTER PVC/COC/PVDC/AL	RISPERIDONE	RISPERIDONE			Compressa rivestita con film	N05AX08	SANDOZ S.P.A.	Autorizzata	Procedura Mutuo riconoscimento o Decentrata	Medicinali soggetti a prescrizione medica
049114174	049114	RISPERIDONE SANDOZ	4 MG COMPRESSE RIVESTITE CON FILM- 30 COMPRESSE IN BLISTER PVC/COC/PVDC/AL	RISPERIDONE	RISPERIDONE			Compressa rivestita con film	N05AX08	SANDOZ S.P.A.	Autorizzata	Procedura Mutuo riconoscimento o Decentrata	Medicinali soggetti a prescrizione medica
049114186	049114	RISPERIDONE SANDOZ	4 MG COMPRESSE RIVESTITE CON FILM- 50 COMPRESSE IN BLISTER PVC/COC/PVDC/AL	RISPERIDONE	RISPERIDONE			Compressa rivestita con film	N05AX08	SANDOZ S.P.A.	Autorizzata	Procedura Mutuo riconoscimento o Decentrata	Medicinali soggetti a prescrizione medica
049114198	049114	RISPERIDONE SANDOZ	4 MG COMPRESSE RIVESTITE CON FILM- 60 COMPRESSE IN BLISTER PVC/COC/PVDC/AL	RISPERIDONE	RISPERIDONE			Compressa rivestita con film	N05AX08	SANDOZ S.P.A.	Autorizzata	Procedura Mutuo riconoscimento o Decentrata	Medicinali soggetti a prescrizione medica
049114200	049114	RISPERIDONE SANDOZ	4 MG COMPRESSE RIVESTITE CON FILM- 100 COMPRESSE IN BLISTER PVC/COC/PVDC/AL	RISPERIDONE	RISPERIDONE			Compressa rivestita con film	N05AX08	SANDOZ S.P.A.	Autorizzata	Procedura Mutuo riconoscimento o Decentrata	Medicinali soggetti a prescrizione medica
049114212	049114	RISPERIDONE SANDOZ	4 MG COMPRESSE RIVESTITE CON FILM- 100X1 COMPRESSE IN BLISTER PVC/COC/PVDC/AL	RISPERIDONE	RISPERIDONE			Compressa rivestita con film	N05AX08	SANDOZ S.P.A.	Autorizzata	Procedura Mutuo riconoscimento o Decentrata	Medicinali soggetti a prescrizione medica
049114224	049114	RISPERIDONE SANDOZ	4 MG COMPRESSE RIVESTITE CON FILM- 250 COMPRESSE IN BLISTER PVC/COC/PVDC/AL	RISPERIDONE	RISPERIDONE			Compressa rivestita con film	N05AX08	SANDOZ S.P.A.	Autorizzata	Procedura Mutuo riconoscimento o Decentrata	Medicinali soggetti a prescrizione medica
049966017	049966	OKEDI	75 mg - Polvere e solvente per sospensione iniettabile a rilascio prolungato - Uso intramuscolare - Polvere: siringa preriempita (COP) Solvente: siringa preriempita (COP) Polvere: 75 mg Solvente: 0.383 ml  - 1 siringa preriempita + 1 siringa preriempita + 2 aghi	RISPERIDONE	RISPERIDONE	75	milligrammi	Polvere e solvente per sospensione iniettabile a rilascio prolungato	N05AX08	LABORATORIOS FARMACEUTICOS ROVI S.A.	Autorizzata	Procedura Centralizzata	Medicinali soggetti a prescrizione medica limitativa, da rinnovare volta per volta, vendibili al pubblico su prescrizione di centri ospedalieri o di specialisti
049966029	049966	OKEDI	100 mg - Polvere e solvente per sospensione iniettabile a rilascio prolungato - Uso intramuscolare - Polvere: siringa preriempita (COP) Solvente: siringa preriempita (COP) Polvere: 100 mg Solvente: 0.490 ml - 1 siringa preriempita + 1 siringa preriempita + 2 aghi	RISPERIDONE	RISPERIDONE	100	milligrammi	Polvere e solvente per sospensione iniettabile a rilascio prolungato	N05AX08	LABORATORIOS FARMACEUTICOS ROVI S.A.	Autorizzata	Procedura Centralizzata	Medicinali soggetti a prescrizione medica limitativa, da rinnovare volta per volta, vendibili al pubblico su prescrizione di centri ospedalieri o di specialisti
050733017	050733	RISPERIDONE GRINDEKS	0.5 mg COMPRESSA RIVESTITA CON FILM- 20 COMPRESSE IN BLISTER PVC/PVDC-AL	RISPERIDONE	RISPERIDONE			Compressa rivestita con film	N05AX08	AS GRINDEKS	Autorizzata	Procedura Mutuo riconoscimento o Decentrata	Medicinali soggetti a prescrizione medica
050733029	050733	RISPERIDONE GRINDEKS	0.5 mg COMPRESSE RIVESTITE CON FILM- 30 COMPRESSE IN BLISTER PVC/PVDC-AL	RISPERIDONE	RISPERIDONE			Compressa rivestita con film	N05AX08	AS GRINDEKS	Autorizzata	Procedura Mutuo riconoscimento o Decentrata	Medicinali soggetti a prescrizione medica
050733031	050733	RISPERIDONE GRINDEKS	0.5 mg COMPRESSE RIVESTITE CON FILM- 60 COMPRESSE IN BLISTER PVC/PVDC-AL	RISPERIDONE	RISPERIDONE			Compressa rivestita con film	N05AX08	AS GRINDEKS	Autorizzata	Procedura Mutuo riconoscimento o Decentrata	Medicinali soggetti a prescrizione medica
050733043	050733	RISPERIDONE GRINDEKS	0.5 mg COMPRESSE RIVESTITE CON FILM- 100 COMPRESSE IN BLISTER PVC/PVDC-AL	RISPERIDONE	RISPERIDONE			Compressa rivestita con film	N05AX08	AS GRINDEKS	Autorizzata	Procedura Mutuo riconoscimento o Decentrata	Medicinali soggetti a prescrizione medica
050733056	050733	RISPERIDONE GRINDEKS	1 mg COMPRESSA RIVESTITA CON FILM- 20 COMPRESSE IN BLISTER PVC/PVDC-AL	RISPERIDONE	RISPERIDONE			Compressa rivestita con film	N05AX08	AS GRINDEKS	Autorizzata	Procedura Mutuo riconoscimento o Decentrata	Medicinali soggetti a prescrizione medica
050733068	050733	RISPERIDONE GRINDEKS	1 mg COMPRESSE RIVESTITE CON FILM- 30 COMPRESSE IN BLISTER PVC/PVDC-AL	RISPERIDONE	RISPERIDONE			Compressa rivestita con film	N05AX08	AS GRINDEKS	Autorizzata	Procedura Mutuo riconoscimento o Decentrata	Medicinali soggetti a prescrizione medica
050733070	050733	RISPERIDONE GRINDEKS	1 mg COMPRESSE RIVESTITE CON FILM- 60 COMPRESSE IN BLISTER PVC/PVDC-AL	RISPERIDONE	RISPERIDONE			Compressa rivestita con film	N05AX08	AS GRINDEKS	Autorizzata	Procedura Mutuo riconoscimento o Decentrata	Medicinali soggetti a prescrizione medica
050733082	050733	RISPERIDONE GRINDEKS	1 mg COMPRESSE RIVESTITE CON FILM- 100 COMPRESSE IN BLISTER PVC/PVDC-AL	RISPERIDONE	RISPERIDONE			Compressa rivestita con film	N05AX08	AS GRINDEKS	Autorizzata	Procedura Mutuo riconoscimento o Decentrata	Medicinali soggetti a prescrizione medica
050733094	050733	RISPERIDONE GRINDEKS	2 mg COMPRESSE RIVESTITE CON FILM- 20 COMPRESSE IN BLISTER PVC/PVDC-AL	RISPERIDONE	RISPERIDONE			Compressa rivestita con film	N05AX08	AS GRINDEKS	Autorizzata	Procedura Mutuo riconoscimento o Decentrata	Medicinali soggetti a prescrizione medica
050733106	050733	RISPERIDONE GRINDEKS	2 mg COMPRESSE RIVESTITE CON FILM- 30 COMPRESSE IN BLISTER PVC/PVDC-AL	RISPERIDONE	RISPERIDONE			Compressa rivestita con film	N05AX08	AS GRINDEKS	Autorizzata	Procedura Mutuo riconoscimento o Decentrata	Medicinali soggetti a prescrizione medica
050733118	050733	RISPERIDONE GRINDEKS	2 mg COMPRESSE RIVESTITE CON FILM- 60 COMPRESSE IN BLISTER PVC/PVDC-AL	RISPERIDONE	RISPERIDONE			Compressa rivestita con film	N05AX08	AS GRINDEKS	Autorizzata	Procedura Mutuo riconoscimento o Decentrata	Medicinali soggetti a prescrizione medica
050733120	050733	RISPERIDONE GRINDEKS	2 mg COMPRESSE RIVESTITE CON FILM- 100 COMPRESSE IN BLISTER PVC/PVDC-AL	RISPERIDONE	RISPERIDONE			Compressa rivestita con film	N05AX08	AS GRINDEKS	Autorizzata	Procedura Mutuo riconoscimento o Decentrata	Medicinali soggetti a prescrizione medica
050733132	050733	RISPERIDONE GRINDEKS	3 mg COMPRESSE RIVESTITE CON FILM- 20 COMPRESSE IN BLISTER PVC/PVDC-AL	RISPERIDONE	RISPERIDONE			Compressa rivestita con film	N05AX08	AS GRINDEKS	Autorizzata	Procedura Mutuo riconoscimento o Decentrata	Medicinali soggetti a prescrizione medica
050733144	050733	RISPERIDONE GRINDEKS	3 mg COMPRESSE RIVESTITE CON FILM- 30 COMPRESSE IN BLISTER PVC/PVDC-AL	RISPERIDONE	RISPERIDONE			Compressa rivestita con film	N05AX08	AS GRINDEKS	Autorizzata	Procedura Mutuo riconoscimento o Decentrata	Medicinali soggetti a prescrizione medica
050733157	050733	RISPERIDONE GRINDEKS	3 mg COMPRESSE RIVESTITE CON FILM- 60 COMPRESSE IN BLISTER PVC/PVDC-AL	RISPERIDONE	RISPERIDONE			Compressa rivestita con film	N05AX08	AS GRINDEKS	Autorizzata	Procedura Mutuo riconoscimento o Decentrata	Medicinali soggetti a prescrizione medica
050733169	050733	RISPERIDONE GRINDEKS	3 mg COMPRESSE RIVESTITE CON FILM- 100 COMPRESSE IN BLISTER PVC/PVDC-AL	RISPERIDONE	RISPERIDONE			Compressa rivestita con film	N05AX08	AS GRINDEKS	Autorizzata	Procedura Mutuo riconoscimento o Decentrata	Medicinali soggetti a prescrizione medica
050733171	050733	RISPERIDONE GRINDEKS	4 mg COMPRESSE RIVESTITE CON FILM- 20 COMPRESSE IN BLISTER PVC/PVDC-AL	RISPERIDONE	RISPERIDONE			Compressa rivestita con film	N05AX08	AS GRINDEKS	Autorizzata	Procedura Mutuo riconoscimento o Decentrata	Medicinali soggetti a prescrizione medica
050733183	050733	RISPERIDONE GRINDEKS	4 mg COMPRESSE RIVESTITE CON FILM- 30 COMPRESSE IN BLISTER PVC/PVDC-AL	RISPERIDONE	RISPERIDONE			Compressa rivestita con film	N05AX08	AS GRINDEKS	Autorizzata	Procedura Mutuo riconoscimento o Decentrata	Medicinali soggetti a prescrizione medica
050733195	050733	RISPERIDONE GRINDEKS	4 mg COMPRESSE RIVESTITE CON FILM- 60 COMPRESSE IN BLISTER PVC/PVDC-AL	RISPERIDONE	RISPERIDONE			Compressa rivestita con film	N05AX08	AS GRINDEKS	Autorizzata	Procedura Mutuo riconoscimento o Decentrata	Medicinali soggetti a prescrizione medica
050733207	050733	RISPERIDONE GRINDEKS	4 mg COMPRESSE RIVESTITE CON FILM- 100 COMPRESSE IN BLISTER PVC/PVDC-AL	RISPERIDONE	RISPERIDONE			Compressa rivestita con film	N05AX08	AS GRINDEKS	Autorizzata	Procedura Mutuo riconoscimento o Decentrata	Medicinali soggetti a prescrizione medica
050733219	050733	RISPERIDONE GRINDEKS	6 mg COMPRESSE RIVESTITE CON FILM- 20 COMPRESSE IN BLISTER PVC/PVDC-AL	RISPERIDONE	RISPERIDONE			Compressa rivestita con film	N05AX08	AS GRINDEKS	Autorizzata	Procedura Mutuo riconoscimento o Decentrata	Medicinali soggetti a prescrizione medica
050733221	050733	RISPERIDONE GRINDEKS	6 mg COMPRESSE RIVESTITE CON FILM- 30 COMPRESSE IN BLISTER PVC/PVDC-AL	RISPERIDONE	RISPERIDONE			Compressa rivestita con film	N05AX08	AS GRINDEKS	Autorizzata	Procedura Mutuo riconoscimento o Decentrata	Medicinali soggetti a prescrizione medica
050733233	050733	RISPERIDONE GRINDEKS	6 mg COMPRESSE RIVESTITE CON FILM- 60 COMPRESSE IN BLISTER PVC/PVDC-AL	RISPERIDONE	RISPERIDONE			Compressa rivestita con film	N05AX08	AS GRINDEKS	Autorizzata	Procedura Mutuo riconoscimento o Decentrata	Medicinali soggetti a prescrizione medica
050733245	050733	RISPERIDONE GRINDEKS	6 mg COMPRESSE RIVESTITE CON FILM- 100 COMPRESSE IN BLISTER PVC/PVDC-AL	RISPERIDONE	RISPERIDONE			Compressa rivestita con film	N05AX08	AS GRINDEKS	Autorizzata	Procedura Mutuo riconoscimento o Decentrata	Medicinali soggetti a prescrizione medica
