codice_aic	cod_farmaco	denominazione	descrizione	pa_associati	principio_attivo	quantita	unita_misura	forma	codice_atc	ragione_sociale	stato_amministrativo	tipo_procedura	fornitura
029491077	029491	CAPD 17	4 SACCHE DA 2000 ML	SOLUZIONE PER DIALISI PERITONEALE	SOLUZIONE PER DIALISI PERITONEALE	2000		Soluzione per dialisi peritoneale	B05DA	FRESENIUS MEDICAL CARE ITALIA S.P.A.	Autorizzata	Procedura Mutuo riconoscimento o Decentrata	Medicinali soggetti a prescrizione medica limitativa, utilizzabili esclusivamente in ambiente ospedaliero o in una struttura ad esso assimilabile
029491091	029491	CAPD 17	4 SACCHE STAY SAFE DA 2500 ML	SOLUZIONE PER DIALISI PERITONEALE	SOLUZIONE PER DIALISI PERITONEALE	2500		Soluzione per dialisi peritoneale	B05DA	FRESENIUS MEDICAL CARE ITALIA S.P.A.	Autorizzata	Procedura Mutuo riconoscimento o Decentrata	Medicinali soggetti a prescrizione medica limitativa, utilizzabili esclusivamente in ambiente ospedaliero o in una struttura ad esso assimilabile
029491103	029491	CAPD 17	4 SACCHE STAY SAFE DA 3000 ML	SOLUZIONE PER DIALISI PERITONEALE	SOLUZIONE PER DIALISI PERITONEALE	3000		Soluzione per dialisi peritoneale	B05DB	FRESENIUS MEDICAL CARE ITALIA S.P.A.	Autorizzata	Procedura Mutuo riconoscimento o Decentrata	Medicinali soggetti a prescrizione medica limitativa, utilizzabili esclusivamente in ambiente ospedaliero o in una struttura ad esso assimilabile
029491115	029491	CAPD 17	2 SACCHE SLEEP SAFE DA 5000 ML	SOLUZIONE PER DIALISI PERITONEALE	SOLUZIONE PER DIALISI PERITONEALE	5000		Soluzione per dialisi peritoneale	B05DA	FRESENIUS MEDICAL CARE ITALIA S.P.A.	Autorizzata	Procedura Mutuo riconoscimento o Decentrata	Medicinali soggetti a prescrizione medica limitativa, utilizzabili esclusivamente in ambiente ospedaliero o in una struttura ad esso assimilabile
029492079	029492	CAPD 18	4 SACCHE DA 2000 ML	SOLUZIONE PER DIALISI PERITONEALE	SOLUZIONE PER DIALISI PERITONEALE	2000		Soluzione per dialisi peritoneale	B05DA	FRESENIUS MEDICAL CARE ITALIA S.P.A.	Autorizzata	Procedura Mutuo riconoscimento o Decentrata	Medicinali soggetti a prescrizione medica limitativa, utilizzabili esclusivamente in ambiente ospedaliero o in una struttura ad esso assimilabile
029492093	029492	CAPD 18	4 SACCHE STAY SAFE DA 2500 ML	SOLUZIONE PER DIALISI PERITONEALE	SOLUZIONE PER DIALISI PERITONEALE	2500		Soluzione per dialisi peritoneale	B05DA	FRESENIUS MEDICAL CARE ITALIA S.P.A.	Autorizzata	Procedura Mutuo riconoscimento o Decentrata	Medicinali soggetti a prescrizione medica limitativa, utilizzabili esclusivamente in ambiente ospedaliero o in una struttura ad esso assimilabile
029492105	029492	CAPD 18	4 SACCHE STAY SAFE DA 3000 ML	SOLUZIONE PER DIALISI PERITONEALE	SOLUZIONE PER DIALISI PERITONEALE	3000		Soluzione per dialisi peritoneale	B05DB	FRESENIUS MEDICAL CARE ITALIA S.P.A.	Autorizzata	Procedura Mutuo riconoscimento o Decentrata	Medicinali soggetti a prescrizione medica limitativa, utilizzabili esclusivamente in ambiente ospedaliero o in una struttura ad esso assimilabile
029492117	029492	CAPD 18	2 SACCHE SLEEP SAFE DA 5000 ML	SOLUZIONE PER DIALISI PERITONEALE	SOLUZIONE PER DIALISI PERITONEALE	5000		Soluzione per dialisi peritoneale	B05DA	FRESENIUS MEDICAL CARE ITALIA S.P.A.	Autorizzata	Procedura Mutuo riconoscimento o Decentrata	Medicinali soggetti a prescrizione medica limitativa, utilizzabili esclusivamente in ambiente ospedaliero o in una struttura ad esso assimilabile
029493071	029493	CAPD 19	4 SACCHE DA 2000 ML	SOLUZIONE PER DIALISI PERITONEALE	SOLUZIONE PER DIALISI PERITONEALE	2000		Soluzione per dialisi peritoneale	B05DA	FRESENIUS MEDICAL CARE ITALIA S.P.A.	Autorizzata	Procedura Mutuo riconoscimento o Decentrata	Medicinali soggetti a prescrizione medica limitativa, utilizzabili esclusivamente in ambiente ospedaliero o in una struttura ad esso assimilabile
029493095	029493	CAPD 19	4 SACCHE STAY SAFE DA 2500ML	SOLUZIONE PER DIALISI PERITONEALE	SOLUZIONE PER DIALISI PERITONEALE	2500		Soluzione per dialisi peritoneale	B05DA	FRESENIUS MEDICAL CARE ITALIA S.P.A.	Autorizzata	Procedura Mutuo riconoscimento o Decentrata	Medicinali soggetti a prescrizione medica limitativa, utilizzabili esclusivamente in ambiente ospedaliero o in una struttura ad esso assimilabile
029493107	029493	CAPD 19	4 SACCHE STAY SAFE DA 3000ML	SOLUZIONE PER DIALISI PERITONEALE	SOLUZIONE PER DIALISI PERITONEALE	3000		Soluzione per dialisi peritoneale	B05DB	FRESENIUS MEDICAL CARE ITALIA S.P.A.	Autorizzata	Procedura Mutuo riconoscimento o Decentrata	Medicinali soggetti a prescrizione medica limitativa, utilizzabili esclusivamente in ambiente ospedaliero o in una struttura ad esso assimilabile
029493119	029493	CAPD 19	2 SACCHE SLEEP SAFE DA 5000 ML	SOLUZIONE PER DIALISI PERITONEALE	SOLUZIONE PER DIALISI PERITONEALE	5000		Soluzione per dialisi peritoneale	B05DA	FRESENIUS MEDICAL CARE ITALIA S.P.A.	Autorizzata	Procedura Mutuo riconoscimento o Decentrata	Medicinali soggetti a prescrizione medica limitativa, utilizzabili esclusivamente in ambiente ospedaliero o in una struttura ad esso assimilabile
030042408	030042	SOLUZIONE PER DIALISI PERITONEALE FME	GLUCOSIO 1,5%, CALCIO 1,75 MMOL/L, (L)-LATTATO 35 MMOL/L- 2 SACCHE 5000 ML APD SLEEP SAFE	SOLUZIONE PER DIALISI PERITONEALE	SOLUZIONE PER DIALISI PERITONEALE			Soluzione per dialisi peritoneale	B05DA	FRESENIUS MEDICAL CARE DEUTSCHLAND GMBH	Autorizzata	Procedura Nazionale	Medicinali soggetti a prescrizione medica limitativa, utilizzabili esclusivamente in ambiente ospedaliero o in una struttura ad esso assimilabile
030042410	030042	SOLUZIONE PER DIALISI PERITONEALE FME	GLUCOSIO 4,25%, CALCIO 1,75 MMOL/L, (L)-LATTATO 35 MMOL/L- 2 SACCHE 5000 ML APD SLEEP SAFE	SOLUZIONE PER DIALISI PERITONEALE	SOLUZIONE PER DIALISI PERITONEALE			Soluzione per dialisi peritoneale	B05DA	FRESENIUS MEDICAL CARE DEUTSCHLAND GMBH	Autorizzata	Procedura Nazionale	Medicinali soggetti a prescrizione medica limitativa, utilizzabili esclusivamente in ambiente ospedaliero o in una struttura ad esso assimilabile
030042422	030042	SOLUZIONE PER DIALISI PERITONEALE FME	GLUCOSIO 2,3%, CALCIO 1,75 MMOL/L, (L)-LATTATO 35 MMOL/L- 2 SACCHE 5000 ML APD SLEEP SAFE	SOLUZIONE PER DIALISI PERITONEALE	SOLUZIONE PER DIALISI PERITONEALE			Soluzione per dialisi peritoneale	B05DA	FRESENIUS MEDICAL CARE DEUTSCHLAND GMBH	Autorizzata	Procedura Nazionale	Medicinali soggetti a prescrizione medica limitativa, utilizzabili esclusivamente in ambiente ospedaliero o in una struttura ad esso assimilabile
030042461	030042	SOLUZIONE PER DIALISI PERITONEALE FME	GLUCOSIO 1,5%, CALCIO 1,75 MMOL/L, (L)-LATTATO 35 MMOL/L- 4 SACCHE 2000 ML CAPD STAY SAFE	SOLUZIONE PER DIALISI PERITONEALE	SOLUZIONE PER DIALISI PERITONEALE			Soluzione per dialisi peritoneale	B05DA	FRESENIUS MEDICAL CARE DEUTSCHLAND GMBH	Autorizzata	Procedura Nazionale	Medicinali soggetti a prescrizione medica limitativa, utilizzabili esclusivamente in ambiente ospedaliero o in una struttura ad esso assimilabile
030042473	030042	SOLUZIONE PER DIALISI PERITONEALE FME	GLUCOSIO 4,25%, CALCIO 1,75 MMOL/L, (L)-LATTATO 35 MMOL/L- 4 SACCHE 2000 ML CAPD STAY SAFE	SOLUZIONE PER DIALISI PERITONEALE	SOLUZIONE PER DIALISI PERITONEALE			Soluzione per dialisi peritoneale	B05DA	FRESENIUS MEDICAL CARE DEUTSCHLAND GMBH	Autorizzata	Procedura Nazionale	Medicinali soggetti a prescrizione medica limitativa, utilizzabili esclusivamente in ambiente ospedaliero o in una struttura ad esso assimilabile
030042485	030042	SOLUZIONE PER DIALISI PERITONEALE FME	GLUCOSIO 2,3%, CALCIO 1,75 MMOL/L, (L)-LATTATO 35 MMOL/L- 4 SACCHE 2000 ML CAPD STAY SAFE	SOLUZIONE PER DIALISI PERITONEALE	SOLUZIONE PER DIALISI PERITONEALE			Soluzione per dialisi peritoneale	B05DA	FRESENIUS MEDICAL CARE DEUTSCHLAND GMBH	Autorizzata	Procedura Nazionale	Medicinali soggetti a prescrizione medica limitativa, utilizzabili esclusivamente in ambiente ospedaliero o in una struttura ad esso assimilabile
030042497	030042	SOLUZIONE PER DIALISI PERITONEALE FME	GLUCOSIO 1,5%, CALCIO 1,75 MMOL/L, (L)-LATTATO 35 MMOL/L- 4 SACCHE DA 2500 ML CAPD STAY SAFE	SOLUZIONE PER DIALISI PERITONEALE	SOLUZIONE PER DIALISI PERITONEALE			Soluzione per dialisi peritoneale	B05DA	FRESENIUS MEDICAL CARE DEUTSCHLAND GMBH	Autorizzata	Procedura Nazionale	Medicinali soggetti a prescrizione medica limitativa, utilizzabili esclusivamente in ambiente ospedaliero o in una struttura ad esso assimilabile
030042509	030042	SOLUZIONE PER DIALISI PERITONEALE FME	GLUCOSIO 4,25%, CALCIO 1,75 MMOL/L, (L)-LATTATO 35 MMOL/L- 4 SACCHE DA 2500 ML CAPD STAY SAFE	SOLUZIONE PER DIALISI PERITONEALE	SOLUZIONE PER DIALISI PERITONEALE			Soluzione per dialisi peritoneale	B05DA	FRESENIUS MEDICAL CARE DEUTSCHLAND GMBH	Autorizzata	Procedura Nazionale	Medicinali soggetti a prescrizione medica limitativa, utilizzabili esclusivamente in ambiente ospedaliero o in una struttura ad esso assimilabile
030042511	030042	SOLUZIONE PER DIALISI PERITONEALE FME	GLUCOSIO 2,3%, CALCIO 1,75 MMOL/L, (L)-LATTATO 35 MMOL/L- 4 SACCHE DA 2500 ML CAPD STAY SAFE	SOLUZIONE PER DIALISI PERITONEALE	SOLUZIONE PER DIALISI PERITONEALE			Soluzione per dialisi peritoneale	B05DA	FRESENIUS MEDICAL CARE DEUTSCHLAND GMBH	Autorizzata	Procedura Nazionale	Medicinali soggetti a prescrizione medica limitativa, utilizzabili esclusivamente in ambiente ospedaliero o in una struttura ad esso assimilabile
030042523	030042	SOLUZIONE PER DIALISI PERITONEALE FME	GLUCOSIO 1,5%, CALCIO 1,75 MMOL/L, (L)-LATTATO 35 MMOL/L- 4 SACCHE DA 2000 ML CAPD SAFE LOCK	SOLUZIONE PER DIALISI PERITONEALE	SOLUZIONE PER DIALISI PERITONEALE			Soluzione per dialisi peritoneale	B05DA	FRESENIUS MEDICAL CARE DEUTSCHLAND GMBH	Autorizzata	Procedura Nazionale	Medicinali soggetti a prescrizione medica limitativa, utilizzabili esclusivamente in ambiente ospedaliero o in una struttura ad esso assimilabile
030042535	030042	SOLUZIONE PER DIALISI PERITONEALE FME	GLUCOSIO 4,25%, CALCIO 1,75 MMOL/L, (L)-LATTATO 35 MMOL/L- 4 SACCHE DA 2000 ML CAPD SAFE LOCK	SOLUZIONE PER DIALISI PERITONEALE	SOLUZIONE PER DIALISI PERITONEALE			Soluzione per dialisi peritoneale	B05DA	FRESENIUS MEDICAL CARE DEUTSCHLAND GMBH	Autorizzata	Procedura Nazionale	Medicinali soggetti a prescrizione medica limitativa, utilizzabili esclusivamente in ambiente ospedaliero o in una struttura ad esso assimilabile
030042547	030042	SOLUZIONE PER DIALISI PERITONEALE FME	GLUCOSIO 2,3%, CALCIO 1,75 MMOL/L, (L)-LATTATO 35 MMOL/L- 4 SACCHE DA 2000 ML CAPD SAFE LOCK	SOLUZIONE PER DIALISI PERITONEALE	SOLUZIONE PER DIALISI PERITONEALE			Soluzione per dialisi peritoneale	B05DA	FRESENIUS MEDICAL CARE DEUTSCHLAND GMBH	Autorizzata	Procedura Nazionale	Medicinali soggetti a prescrizione medica limitativa, utilizzabili esclusivamente in ambiente ospedaliero o in una struttura ad esso assimilabile
030042550	030042	SOLUZIONE PER DIALISI PERITONEALE FME	GLUCOSIO 1,5%, CALCIO 1,75 MMOL/L, (L)-LATTATO 35 MMOL/L- 2 SACCHE DA 5000 ML APD SAFE LOCK	SOLUZIONE PER DIALISI PERITONEALE	SOLUZIONE PER DIALISI PERITONEALE			Soluzione per dialisi peritoneale	B05DA	FRESENIUS MEDICAL CARE DEUTSCHLAND GMBH	Autorizzata	Procedura Nazionale	Medicinali soggetti a prescrizione medica limitativa, utilizzabili esclusivamente in ambiente ospedaliero o in una struttura ad esso assimilabile
030042562	030042	SOLUZIONE PER DIALISI PERITONEALE FME	GLUCOSIO 4,25%, CALCIO 1,75 MMOL/L, (L)-LATTATO 35 MMOL/L- 2 SACCHE DA 5000 ML APD SAFE LOCK	SOLUZIONE PER DIALISI PERITONEALE	SOLUZIONE PER DIALISI PERITONEALE			Soluzione per dialisi peritoneale	B05DA	FRESENIUS MEDICAL CARE DEUTSCHLAND GMBH	Autorizzata	Procedura Nazionale	Medicinali soggetti a prescrizione medica limitativa, utilizzabili esclusivamente in ambiente ospedaliero o in una struttura ad esso assimilabile
030042574	030042	SOLUZIONE PER DIALISI PERITONEALE FME	GLUCOSIO 2,3%, CALCIO 1,75 MMOL/L, (L)-LATTATO 35 MMOL/L- 2 SACCHE DA 5000 ML APD SAFE LOCK	SOLUZIONE PER DIALISI PERITONEALE	SOLUZIONE PER DIALISI PERITONEALE			Soluzione per dialisi peritoneale	B05DA	FRESENIUS MEDICAL CARE DEUTSCHLAND GMBH	Autorizzata	Procedura Nazionale	Medicinali soggetti a prescrizione medica limitativa, utilizzabili esclusivamente in ambiente ospedaliero o in una struttura ad esso assimilabile
031481031	031481	SOLUZIONE PER DIALISI PERITONEALE GALENICA SENESE	glucosio 1,5%, calcio 1,75  mMol/l,  lattato  35 mMol/l> 1 sacca da 2000 ml per CAPD a doppia via	SOLUZIONE PER DIALISI PERITONEALE	SOLUZIONE PER DIALISI PERITONEALE	5000	millilitre	Soluzione per dialisi peritoneale	B05DA	INDUSTRIA FARMACEUTICA GALENICA SENESE S.R.L.	Autorizzata	Procedura Nazionale	Medicinali soggetti a prescrizione medica limitativa, utilizzabili esclusivamente in ambiente ospedaliero o in una struttura ad esso assimilabile
031481043	031481	SOLUZIONE PER DIALISI PERITONEALE GALENICA SENESE	glucosio 1,5%, calcio 1,75  mMol/l,  lattato  35 mMol/l, potassio 2 mMol/l> 1 sacca da 2000 ml per CAPD A doppia via	SOLUZIONE PER DIALISI PERITONEALE	SOLUZIONE PER DIALISI PERITONEALE	5000	millilitre	Soluzione per dialisi peritoneale	B05DA	INDUSTRIA FARMACEUTICA GALENICA SENESE S.R.L.	Autorizzata	Procedura Nazionale	Medicinali soggetti a prescrizione medica limitativa, utilizzabili esclusivamente in ambiente ospedaliero o in una struttura ad esso assimilabile
031481056	031481	SOLUZIONE PER DIALISI PERITONEALE GALENICA SENESE	glucosio 2,5%, calcio 1,75  mMol/l,  lattato  35 mMol/l> 1 sacca da 2000 ml per CAPD a doppia via	SOLUZIONE PER DIALISI PERITONEALE	SOLUZIONE PER DIALISI PERITONEALE	5000	millilitre	Soluzione per dialisi peritoneale	B05DA	INDUSTRIA FARMACEUTICA GALENICA SENESE S.R.L.	Autorizzata	Procedura Nazionale	Medicinali soggetti a prescrizione medica limitativa, utilizzabili esclusivamente in ambiente ospedaliero o in una struttura ad esso assimilabile
031481068	031481	SOLUZIONE PER DIALISI PERITONEALE GALENICA SENESE	glucosio 4%,  calcio  1,75  mMol/l,  lattato  35 mMol/l> 1 sacca da 2000 ml PER CAPD a doppia via	SOLUZIONE PER DIALISI PERITONEALE	SOLUZIONE PER DIALISI PERITONEALE	5000	millilitre	Soluzione per dialisi peritoneale	B05DA	INDUSTRIA FARMACEUTICA GALENICA SENESE S.R.L.	Autorizzata	Procedura Nazionale	Medicinali soggetti a prescrizione medica limitativa, utilizzabili esclusivamente in ambiente ospedaliero o in una struttura ad esso assimilabile
031481070	031481	SOLUZIONE PER DIALISI PERITONEALE GALENICA SENESE	glucosio 1,5%, calcio 1,75  mMol/l,  lattato  35 mMol/l> 1 sacca da 5000 ml	SOLUZIONE PER DIALISI PERITONEALE	SOLUZIONE PER DIALISI PERITONEALE	5000	millilitre	Soluzione per dialisi peritoneale	B05DA	INDUSTRIA FARMACEUTICA GALENICA SENESE S.R.L.	Autorizzata	Procedura Nazionale	Medicinali soggetti a prescrizione medica limitativa, utilizzabili esclusivamente in ambiente ospedaliero o in una struttura ad esso assimilabile
031481082	031481	SOLUZIONE PER DIALISI PERITONEALE GALENICA SENESE	glucosio 1,5%, calcio 1,75  mMol/l,  lattato  35 mMol/l, potassio 2 mMol/l> 1 sacca da 5000 ml	SOLUZIONE PER DIALISI PERITONEALE	SOLUZIONE PER DIALISI PERITONEALE	5000	millilitre	Soluzione per dialisi peritoneale	B05DA	INDUSTRIA FARMACEUTICA GALENICA SENESE S.R.L.	Autorizzata	Procedura Nazionale	Medicinali soggetti a prescrizione medica limitativa, utilizzabili esclusivamente in ambiente ospedaliero o in una struttura ad esso assimilabile
031481094	031481	SOLUZIONE PER DIALISI PERITONEALE GALENICA SENESE	glucosio 2,5%, calcio 1,75  mMol/l,  lattato  35 mMol/l> 1 sacca da 5000 ml	SOLUZIONE PER DIALISI PERITONEALE	SOLUZIONE PER DIALISI PERITONEALE	5000	millilitre	Soluzione per dialisi peritoneale	B05DA	INDUSTRIA FARMACEUTICA GALENICA SENESE S.R.L.	Autorizzata	Procedura Nazionale	Medicinali soggetti a prescrizione medica limitativa, utilizzabili esclusivamente in ambiente ospedaliero o in una struttura ad esso assimilabile
031481106	031481	SOLUZIONE PER DIALISI PERITONEALE GALENICA SENESE	glucosio 4%,  calcio  1,75  mMol/l,  lattato  35 mMol/l> 1 sacca da 5000 ml	SOLUZIONE PER DIALISI PERITONEALE	SOLUZIONE PER DIALISI PERITONEALE	5000	millilitre	Soluzione per dialisi peritoneale	B05DA	INDUSTRIA FARMACEUTICA GALENICA SENESE S.R.L.	Autorizzata	Procedura Nazionale	Medicinali soggetti a prescrizione medica limitativa, utilizzabili esclusivamente in ambiente ospedaliero o in una struttura ad esso assimilabile
031481118	031481	SOLUZIONE PER DIALISI PERITONEALE GALENICA SENESE	glucosio 1,5%, calcio 1,75  mMol/l,  lattati  40 mMol/l> 1 sacca da 5000 ml	SOLUZIONE PER DIALISI PERITONEALE	SOLUZIONE PER DIALISI PERITONEALE	5000	millilitre	Soluzione per dialisi peritoneale	B05DA	INDUSTRIA FARMACEUTICA GALENICA SENESE S.R.L.	Autorizzata	Procedura Nazionale	Medicinali soggetti a prescrizione medica limitativa, utilizzabili esclusivamente in ambiente ospedaliero o in una struttura ad esso assimilabile
031481120	031481	SOLUZIONE PER DIALISI PERITONEALE GALENICA SENESE	glucosio 1,5%, calcio 1,75  mMol/l,  lattato  40 mMol/l, potassio 2 mMol/l> 1 sacca da 5000 ml	SOLUZIONE PER DIALISI PERITONEALE	SOLUZIONE PER DIALISI PERITONEALE	5000	millilitre	Soluzione per dialisi peritoneale	B05DA	INDUSTRIA FARMACEUTICA GALENICA SENESE S.R.L.	Autorizzata	Procedura Nazionale	Medicinali soggetti a prescrizione medica limitativa, utilizzabili esclusivamente in ambiente ospedaliero o in una struttura ad esso assimilabile
031481132	031481	SOLUZIONE PER DIALISI PERITONEALE GALENICA SENESE	glucosio 2,5%, calcio 1,75  mMol/l,  lattato  40 mMol/l> 1 sacca da 5000 ml	SOLUZIONE PER DIALISI PERITONEALE	SOLUZIONE PER DIALISI PERITONEALE	5000	millilitre	Soluzione per dialisi peritoneale	B05DA	INDUSTRIA FARMACEUTICA GALENICA SENESE S.R.L.	Autorizzata	Procedura Nazionale	Medicinali soggetti a prescrizione medica limitativa, utilizzabili esclusivamente in ambiente ospedaliero o in una struttura ad esso assimilabile
031481144	031481	SOLUZIONE PER DIALISI PERITONEALE GALENICA SENESE	glucosio 4%,  calcio  1,75  mMol/l,  lattato  40 mMol/l> 1 sacca da 5000 ml	SOLUZIONE PER DIALISI PERITONEALE	SOLUZIONE PER DIALISI PERITONEALE	5000	millilitre	Soluzione per dialisi peritoneale	B05DA	INDUSTRIA FARMACEUTICA GALENICA SENESE S.R.L.	Autorizzata	Procedura Nazionale	Medicinali soggetti a prescrizione medica limitativa, utilizzabili esclusivamente in ambiente ospedaliero o in una struttura ad esso assimilabile
031481157	031481	SOLUZIONE PER DIALISI PERITONEALE GALENICA SENESE	glucosio 1,4%, calcio  1,3  mMol/l,  lattati  35 mMol/l> 1 sacca da 5000 ml	SOLUZIONE PER DIALISI PERITONEALE	SOLUZIONE PER DIALISI PERITONEALE	5000	millilitre	Soluzione per dialisi peritoneale	B05DA	INDUSTRIA FARMACEUTICA GALENICA SENESE S.R.L.	Autorizzata	Procedura Nazionale	Medicinali soggetti a prescrizione medica limitativa, utilizzabili esclusivamente in ambiente ospedaliero o in una struttura ad esso assimilabile
031481169	031481	SOLUZIONE PER DIALISI PERITONEALE GALENICA SENESE	glucosio 2,4%, calcio  1,3  mMol/l,  lattato  35 mMol/l> 1 sacca da 5000 ml	SOLUZIONE PER DIALISI PERITONEALE	SOLUZIONE PER DIALISI PERITONEALE	5000	millilitre	Soluzione per dialisi peritoneale	B05DA	INDUSTRIA FARMACEUTICA GALENICA SENESE S.R.L.	Autorizzata	Procedura Nazionale	Medicinali soggetti a prescrizione medica limitativa, utilizzabili esclusivamente in ambiente ospedaliero o in una struttura ad esso assimilabile
031481171	031481	SOLUZIONE PER DIALISI PERITONEALE GALENICA SENESE	glucosio  4%,  calcio  1,3  mMol/l,  lattato  35 mMol/l> 1 sacca da 5000 ml	SOLUZIONE PER DIALISI PERITONEALE	SOLUZIONE PER DIALISI PERITONEALE	5000	millilitre	Soluzione per dialisi peritoneale	B05DA	INDUSTRIA FARMACEUTICA GALENICA SENESE S.R.L.	Autorizzata	Procedura Nazionale	Medicinali soggetti a prescrizione medica limitativa, utilizzabili esclusivamente in ambiente ospedaliero o in una struttura ad esso assimilabile
031481183	031481	SOLUZIONE PER DIALISI PERITONEALE GALENICA SENESE	GLUCOSIO 1,5%, CALCIO 1,75 MMOL/L, LATTATI 40 MMOL/L- 1 SACCA DA 2000 ML PER CAPD A DOPPIA VIA	SOLUZIONE PER DIALISI PERITONEALE	SOLUZIONE PER DIALISI PERITONEALE			Soluzione per dialisi peritoneale	B05DA	INDUSTRIA FARMACEUTICA GALENICA SENESE S.R.L.	Autorizzata	Procedura Nazionale	Medicinali soggetti a prescrizione medica limitativa, utilizzabili esclusivamente in ambiente ospedaliero o in una struttura ad esso assimilabile
031481195	031481	SOLUZIONE PER DIALISI PERITONEALE GALENICA SENESE	GLUCOSIO 1,5%, CALCIO 1,75 MMOL/L, LATTATO 40 MMOL/L, POTASSIO 2 MMOL/L- 1 SACCA DA 2000 ML PER CAPD A DOPPIA VIA	SOLUZIONE PER DIALISI PERITONEALE	SOLUZIONE PER DIALISI PERITONEALE			Soluzione per dialisi peritoneale	B05DA	INDUSTRIA FARMACEUTICA GALENICA SENESE S.R.L.	Autorizzata	Procedura Nazionale	Medicinali soggetti a prescrizione medica limitativa, utilizzabili esclusivamente in ambiente ospedaliero o in una struttura ad esso assimilabile
031481207	031481	SOLUZIONE PER DIALISI PERITONEALE GALENICA SENESE	GLUCOSIO 4%, CALCIO 1,75 MMOL/L, LATTATO 40 MMOL/L- 1 SACCA DA 2000 ML PER CAPD A DOPPIA VIA	SOLUZIONE PER DIALISI PERITONEALE	SOLUZIONE PER DIALISI PERITONEALE			Soluzione per dialisi peritoneale	B05DA	INDUSTRIA FARMACEUTICA GALENICA SENESE S.R.L.	Autorizzata	Procedura Nazionale	Medicinali soggetti a prescrizione medica limitativa, utilizzabili esclusivamente in ambiente ospedaliero o in una struttura ad esso assimilabile
031481219	031481	SOLUZIONE PER DIALISI PERITONEALE GALENICA SENESE	GLUCOSIO 4%, CALCIO 1,75 MMOL/L, LATTATO 40 MMOL/L- 1 SACCA DA 2000 ML PER CAPD A DOPPIA VIA	SOLUZIONE PER DIALISI PERITONEALE	SOLUZIONE PER DIALISI PERITONEALE			Soluzione per dialisi peritoneale	B05DA	INDUSTRIA FARMACEUTICA GALENICA SENESE S.R.L.	Autorizzata	Procedura Nazionale	Medicinali soggetti a prescrizione medica limitativa, utilizzabili esclusivamente in ambiente ospedaliero o in una struttura ad esso assimilabile
031481221	031481	SOLUZIONE PER DIALISI PERITONEALE GALENICA SENESE	GLUCOSIO 1,4%, CALCIO 1,3 MMOL/L, LATTATI 35 MMOL/L- 1 SACCA DA 2000 ML PER CAPD A DOPPIA VIA	SOLUZIONE PER DIALISI PERITONEALE	SOLUZIONE PER DIALISI PERITONEALE			Soluzione per dialisi peritoneale	B05DA	INDUSTRIA FARMACEUTICA GALENICA SENESE S.R.L.	Autorizzata	Procedura Nazionale	Medicinali soggetti a prescrizione medica limitativa, utilizzabili esclusivamente in ambiente ospedaliero o in una struttura ad esso assimilabile
031481233	031481	SOLUZIONE PER DIALISI PERITONEALE GALENICA SENESE	GLUCOSIO 2,4%, CALCIO 1,3 MMOL/L, LATTATO 35 MMOL/L- 1 SACCA DA 2000 ML PER CAPD A DOPPIA VIA	SOLUZIONE PER DIALISI PERITONEALE	SOLUZIONE PER DIALISI PERITONEALE			Soluzione per dialisi peritoneale	B05DA	INDUSTRIA FARMACEUTICA GALENICA SENESE S.R.L.	Autorizzata	Procedura Nazionale	Medicinali soggetti a prescrizione medica limitativa, utilizzabili esclusivamente in ambiente ospedaliero o in una struttura ad esso assimilabile
031481245	031481	SOLUZIONE PER DIALISI PERITONEALE GALENICA SENESE	GLUCOSIO 4%, CALCIO 1,3 MMOL/L, LATTATO 35 MMOL/L- 1 SACCA DA 2000 ML PER CAPD A DOPPIA VIA	SOLUZIONE PER DIALISI PERITONEALE	SOLUZIONE PER DIALISI PERITONEALE			Soluzione per dialisi peritoneale	B05DA	INDUSTRIA FARMACEUTICA GALENICA SENESE S.R.L.	Autorizzata	Procedura Nazionale	Medicinali soggetti a prescrizione medica limitativa, utilizzabili esclusivamente in ambiente ospedaliero o in una struttura ad esso assimilabile
031481258	031481	SOLUZIONE PER DIALISI PERITONEALE GALENICA SENESE	?GLUCOSIO 1,5%, CALCIO 1,75 MMOL/L, LATTATO 40 MMOL/L- 4 SACCHE DA 2000 ML PER CAPD A DOPPIA VIA.	SOLUZIONE PER DIALISI PERITONEALE	SOLUZIONE PER DIALISI PERITONEALE			Soluzione per dialisi peritoneale	B05DA	INDUSTRIA FARMACEUTICA GALENICA SENESE S.R.L.	Autorizzata	Procedura Nazionale	Medicinali soggetti a prescrizione medica limitativa, utilizzabili esclusivamente in ambiente ospedaliero o in una struttura ad esso assimilabile
031481260	031481	SOLUZIONE PER DIALISI PERITONEALE GALENICA SENESE	?GLUCOSIO 2,4%, CALCIO 1,3 MMOL/L, LATTATO 35 MMOL/L- 4 SACCHE DA 2000 ML PER CAPD A DOPPIA VIA	SOLUZIONE PER DIALISI PERITONEALE	SOLUZIONE PER DIALISI PERITONEALE			Soluzione per dialisi peritoneale	B05DA	INDUSTRIA FARMACEUTICA GALENICA SENESE S.R.L.	Autorizzata	Procedura Nazionale	Medicinali soggetti a prescrizione medica limitativa, utilizzabili esclusivamente in ambiente ospedaliero o in una struttura ad esso assimilabile
031481272	031481	SOLUZIONE PER DIALISI PERITONEALE GALENICA SENESE	?GLUCOSIO 2,5%, CALCIO 1,75 MMOL/L, LATTATO 40 MMOL/L- 4 SACCHE DA 2000 ML PER CAPD A DOPPIA VIA	SOLUZIONE PER DIALISI PERITONEALE	SOLUZIONE PER DIALISI PERITONEALE			Soluzione per dialisi peritoneale	B05DA	INDUSTRIA FARMACEUTICA GALENICA SENESE S.R.L.	Autorizzata	Procedura Nazionale	Medicinali soggetti a prescrizione medica limitativa, utilizzabili esclusivamente in ambiente ospedaliero o in una struttura ad esso assimilabile
031481284	031481	SOLUZIONE PER DIALISI PERITONEALE GALENICA SENESE	?GLUCOSIO 4%, CALCIO 1,3 MMOL/L, LATTATO 35 MMOL/L- 4 SACCHE DA 2000 ML PER CAPD A DOPPIA VIA	SOLUZIONE PER DIALISI PERITONEALE	SOLUZIONE PER DIALISI PERITONEALE			Soluzione per dialisi peritoneale	B05DA	INDUSTRIA FARMACEUTICA GALENICA SENESE S.R.L.	Autorizzata	Procedura Nazionale	Medicinali soggetti a prescrizione medica limitativa, utilizzabili esclusivamente in ambiente ospedaliero o in una struttura ad esso assimilabile
031481296	031481	SOLUZIONE PER DIALISI PERITONEALE GALENICA SENESE	?GLUCOSIO 4%, CALCIO 1,75 MMOL/L, LATTATO 40 MMOL/L- 4 SACCHE DA 2000 ML PER CAPD A DOPPIA VIA	SOLUZIONE PER DIALISI PERITONEALE	SOLUZIONE PER DIALISI PERITONEALE			Soluzione per dialisi peritoneale	B05DA	INDUSTRIA FARMACEUTICA GALENICA SENESE S.R.L.	Autorizzata	Procedura Nazionale	Medicinali soggetti a prescrizione medica limitativa, utilizzabili esclusivamente in ambiente ospedaliero o in una struttura ad esso assimilabile
031481308	031481	SOLUZIONE PER DIALISI PERITONEALE GALENICA SENESE	?GLUCOSIO 1,4%, CALCIO 1,3 MMOL/L, LATTATO 35 MMOL/L - 4 SACCHE DA 2000 ML PER CAPD A DOPPIA VIA	SOLUZIONE PER DIALISI PERITONEALE	SOLUZIONE PER DIALISI PERITONEALE			Soluzione per dialisi peritoneale	B05DA	INDUSTRIA FARMACEUTICA GALENICA SENESE S.R.L.	Autorizzata	Procedura Nazionale	Medicinali soggetti a prescrizione medica limitativa, utilizzabili esclusivamente in ambiente ospedaliero o in una struttura ad esso assimilabile
031481310	031481	SOLUZIONE PER DIALISI PERITONEALE GALENICA SENESE	?GLUCOSIO 1,5%, CALCIO 1,75 MMOL/L, LATTATO 35 MMOL/L- 4 SACCHE DA 2000 ML PER CAPD A DOPPIA VIA	SOLUZIONE PER DIALISI PERITONEALE	SOLUZIONE PER DIALISI PERITONEALE			Soluzione per dialisi peritoneale	B05DA	INDUSTRIA FARMACEUTICA GALENICA SENESE S.R.L.	Autorizzata	Procedura Nazionale	Medicinali soggetti a prescrizione medica limitativa, utilizzabili esclusivamente in ambiente ospedaliero o in una struttura ad esso assimilabile
031481322	031481	SOLUZIONE PER DIALISI PERITONEALE GALENICA SENESE	?GLUCOSIO 1,5 %, CALCIO 1,75 MMOL/L, LATTATO 40 MMOL/L, POTASSIO 2 MMOL/I - 4 SACCHE DA 2000 ML PER CAPD A DOPPIA VIA	SOLUZIONE PER DIALISI PERITONEALE	SOLUZIONE PER DIALISI PERITONEALE			Soluzione per dialisi peritoneale	B05DA	INDUSTRIA FARMACEUTICA GALENICA SENESE S.R.L.	Autorizzata	Procedura Nazionale	Medicinali soggetti a prescrizione medica limitativa, utilizzabili esclusivamente in ambiente ospedaliero o in una struttura ad esso assimilabile
031481334	031481	SOLUZIONE PER DIALISI PERITONEALE GALENICA SENESE	?GLUCOSIO 1,5%, CALCIO 1,75 MMOL/L, LATTATO 35 MMOL/L, POTASSIO 2 MMOL/L- 4 SACCHE DA 2000 ML PER CAPD A DOPPIA VIA	SOLUZIONE PER DIALISI PERITONEALE	SOLUZIONE PER DIALISI PERITONEALE			Soluzione per dialisi peritoneale	B05DA	INDUSTRIA FARMACEUTICA GALENICA SENESE S.R.L.	Autorizzata	Procedura Nazionale	Medicinali soggetti a prescrizione medica limitativa, utilizzabili esclusivamente in ambiente ospedaliero o in una struttura ad esso assimilabile
031481346	031481	SOLUZIONE PER DIALISI PERITONEALE GALENICA SENESE	?GLUCOSIO 2,5%, CALCIO 1,75 MMOL/L, LATTATO 35 MMOL/L- 4 SACCHE DA 2000 ML PER CAPD A DOPPIA VIA	SOLUZIONE PER DIALISI PERITONEALE	SOLUZIONE PER DIALISI PERITONEALE			Soluzione per dialisi peritoneale	B05DA	INDUSTRIA FARMACEUTICA GALENICA SENESE S.R.L.	Autorizzata	Procedura Nazionale	Medicinali soggetti a prescrizione medica limitativa, utilizzabili esclusivamente in ambiente ospedaliero o in una struttura ad esso assimilabile
031481359	031481	SOLUZIONE PER DIALISI PERITONEALE GALENICA SENESE	?GLUCOSIO 4%, CALCIO 1,75 MMOL/L, LATTATO 35 MMOL/L- 4 SACCHE DA 2000 ML PER CAPD A DOPPIA VIA	SOLUZIONE PER DIALISI PERITONEALE	SOLUZIONE PER DIALISI PERITONEALE			Soluzione per dialisi peritoneale	B05DA	INDUSTRIA FARMACEUTICA GALENICA SENESE S.R.L.	Autorizzata	Procedura Nazionale	Medicinali soggetti a prescrizione medica limitativa, utilizzabili esclusivamente in ambiente ospedaliero o in una struttura ad esso assimilabile
031481361	031481	SOLUZIONE PER DIALISI PERITONEALE GALENICA SENESE	?GLUCOSIO 1,5%, CALCIO 1,75 MMOL/L, LATTATO 40 MMOL/L- 2 SACCHE DA 5000 ML	SOLUZIONE PER DIALISI PERITONEALE	SOLUZIONE PER DIALISI PERITONEALE			Soluzione per dialisi peritoneale	B05DA	INDUSTRIA FARMACEUTICA GALENICA SENESE S.R.L.	Autorizzata	Procedura Nazionale	Medicinali soggetti a prescrizione medica limitativa, utilizzabili esclusivamente in ambiente ospedaliero o in una struttura ad esso assimilabile
031481373	031481	SOLUZIONE PER DIALISI PERITONEALE GALENICA SENESE	?GLUCOSIO 2,4%, CALCIO 1,3 MMOL/L, LATTATO 35 MMOL/L- 2 SACCHE DA 5000 ML	SOLUZIONE PER DIALISI PERITONEALE	SOLUZIONE PER DIALISI PERITONEALE			Soluzione per dialisi peritoneale	B05DA	INDUSTRIA FARMACEUTICA GALENICA SENESE S.R.L.	Autorizzata	Procedura Nazionale	Medicinali soggetti a prescrizione medica limitativa, utilizzabili esclusivamente in ambiente ospedaliero o in una struttura ad esso assimilabile
031481385	031481	SOLUZIONE PER DIALISI PERITONEALE GALENICA SENESE	?GLUCOSIO 2,5%, CALCIO 1,75 MMOL/L, LATTATO 40 MMOL/L- 2 SACCHE DA 5000 ML	SOLUZIONE PER DIALISI PERITONEALE	SOLUZIONE PER DIALISI PERITONEALE			Soluzione per dialisi peritoneale	B05DA	INDUSTRIA FARMACEUTICA GALENICA SENESE S.R.L.	Autorizzata	Procedura Nazionale	Medicinali soggetti a prescrizione medica limitativa, utilizzabili esclusivamente in ambiente ospedaliero o in una struttura ad esso assimilabile
031481397	031481	SOLUZIONE PER DIALISI PERITONEALE GALENICA SENESE	?GLUCOSIO 4%, CALCIO 1,3 MMOL/L, LATTATO 35 MMOL/L- 2 SACCHE DA 5000 ML	SOLUZIONE PER DIALISI PERITONEALE	SOLUZIONE PER DIALISI PERITONEALE			Soluzione per dialisi peritoneale	B05DA	INDUSTRIA FARMACEUTICA GALENICA SENESE S.R.L.	Autorizzata	Procedura Nazionale	Medicinali soggetti a prescrizione medica limitativa, utilizzabili esclusivamente in ambiente ospedaliero o in una struttura ad esso assimilabile
031481409	031481	SOLUZIONE PER DIALISI PERITONEALE GALENICA SENESE	?GLUCOSIO 4%, CALCIO 1,75 MMOL/L, LATTATO 40 MMOL/L- 2 SACCHE DA 5000 ML	SOLUZIONE PER DIALISI PERITONEALE	SOLUZIONE PER DIALISI PERITONEALE			Soluzione per dialisi peritoneale	B05DA	INDUSTRIA FARMACEUTICA GALENICA SENESE S.R.L.	Autorizzata	Procedura Nazionale	Medicinali soggetti a prescrizione medica limitativa, utilizzabili esclusivamente in ambiente ospedaliero o in una struttura ad esso assimilabile
031481411	031481	SOLUZIONE PER DIALISI PERITONEALE GALENICA SENESE	?GLUCOSIO 1,4%, CALCIO 1,3 MMOL/L, LATTATO 35 MMOL/L - 2 SACCHE DA 5000 ML	SOLUZIONE PER DIALISI PERITONEALE	SOLUZIONE PER DIALISI PERITONEALE			Soluzione per dialisi peritoneale	B05DA	INDUSTRIA FARMACEUTICA GALENICA SENESE S.R.L.	Autorizzata	Procedura Nazionale	Medicinali soggetti a prescrizione medica limitativa, utilizzabili esclusivamente in ambiente ospedaliero o in una struttura ad esso assimilabile
031481423	031481	SOLUZIONE PER DIALISI PERITONEALE GALENICA SENESE	?GLUCOSIO 1,5%, CALCIO 1,75 MMOL/L, LATTATO 35 MMOL/L- 2 SACCHE DA 5000 ML	SOLUZIONE PER DIALISI PERITONEALE	SOLUZIONE PER DIALISI PERITONEALE			Soluzione per dialisi peritoneale	B05DA	INDUSTRIA FARMACEUTICA GALENICA SENESE S.R.L.	Autorizzata	Procedura Nazionale	Medicinali soggetti a prescrizione medica limitativa, utilizzabili esclusivamente in ambiente ospedaliero o in una struttura ad esso assimilabile
031481435	031481	SOLUZIONE PER DIALISI PERITONEALE GALENICA SENESE	?GLUCOSIO 1,5%, CALCIO 1,75 MMOL/L, LATTATO 35 MMOL/L, POTASSIO 2 MMOL/L- 2 SACCHE DA 5000 ML	SOLUZIONE PER DIALISI PERITONEALE	SOLUZIONE PER DIALISI PERITONEALE			Soluzione per dialisi peritoneale	B05DA	INDUSTRIA FARMACEUTICA GALENICA SENESE S.R.L.	Autorizzata	Procedura Nazionale	Medicinali soggetti a prescrizione medica limitativa, utilizzabili esclusivamente in ambiente ospedaliero o in una struttura ad esso assimilabile
031481447	031481	SOLUZIONE PER DIALISI PERITONEALE GALENICA SENESE	?GLUCOSIO 2,5%, CALCIO 1,75 MMOL/L, LATTATO 35 MMOL/L- 2 SACCHE DA 5000 ML	SOLUZIONE PER DIALISI PERITONEALE	SOLUZIONE PER DIALISI PERITONEALE			Soluzione per dialisi peritoneale	B05DA	INDUSTRIA FARMACEUTICA GALENICA SENESE S.R.L.	Autorizzata	Procedura Nazionale	Medicinali soggetti a prescrizione medica limitativa, utilizzabili esclusivamente in ambiente ospedaliero o in una struttura ad esso assimilabile
031481450	031481	SOLUZIONE PER DIALISI PERITONEALE GALENICA SENESE	?GLUCOSIO 4%, CALCIO 1,75 MMOL/L, LATTATO 35 MMOL/L- 2 SACCHE DA 5000 ML	SOLUZIONE PER DIALISI PERITONEALE	SOLUZIONE PER DIALISI PERITONEALE			Soluzione per dialisi peritoneale	B05DA	INDUSTRIA FARMACEUTICA GALENICA SENESE S.R.L.	Autorizzata	Procedura Nazionale	Medicinali soggetti a prescrizione medica limitativa, utilizzabili esclusivamente in ambiente ospedaliero o in una struttura ad esso assimilabile
031481462	031481	SOLUZIONE PER DIALISI PERITONEALE GALENICA SENESE	?GLUCOSIO 1,5 %, CALCIO 1,75 MMOL/L, LATTATO 40 MMOL/L, POTASSIO 2 MMOL/I - 2 SACCHE DA 5000 ML	SOLUZIONE PER DIALISI PERITONEALE	SOLUZIONE PER DIALISI PERITONEALE			Soluzione per dialisi peritoneale	B05DA	INDUSTRIA FARMACEUTICA GALENICA SENESE S.R.L.	Autorizzata	Procedura Nazionale	Medicinali soggetti a prescrizione medica limitativa, utilizzabili esclusivamente in ambiente ospedaliero o in una struttura ad esso assimilabile
035498029	035498	BICAVERA	1,5% GLUCOSIO, 1,75 MMOL/L CALCIO SOLUZIONE PER DIALISI PERITONEALE - 4 SACCHE DA 2000 ML CON SISTEMA STAY SAFE	SOLUZIONE PER DIALISI PERITONEALE	SOLUZIONE PER DIALISI PERITONEALE	1.5	percent	Soluzione per dialisi peritoneale	B05DB	FRESENIUS MEDICAL CARE ITALIA S.P.A.	Autorizzata	Procedura Mutuo riconoscimento o Decentrata	Medicinali soggetti a prescrizione medica limitativa, utilizzabili esclusivamente in ambiente ospedaliero o in una struttura ad esso assimilabile
035498031	035498	BICAVERA	1,5% GLUCOSIO, 1,75 MMOL/L CALCIO SOLUZIONE PER DIALISI PERITONEALE- 4 SACCHE DA 2500 ML CON SISTEMA STAY SAFE	SOLUZIONE PER DIALISI PERITONEALE	SOLUZIONE PER DIALISI PERITONEALE	1.5	percent	Soluzione per dialisi peritoneale	B05DB	FRESENIUS MEDICAL CARE ITALIA S.P.A.	Autorizzata	Procedura Mutuo riconoscimento o Decentrata	Medicinali soggetti a prescrizione medica limitativa, utilizzabili esclusivamente in ambiente ospedaliero o in una struttura ad esso assimilabile
035498043	035498	BICAVERA	1,5% GLUCOSIO, 1,75 MMOL/L CALCIO SOLUZIONE PER DIALISI PERITONEALE- 4 SACCHE DA 3000 ML CON SISTEMA STAY SAFE	SOLUZIONE PER DIALISI PERITONEALE	SOLUZIONE PER DIALISI PERITONEALE	1.5	percent	Soluzione per dialisi peritoneale	B05DB	FRESENIUS MEDICAL CARE ITALIA S.P.A.	Autorizzata	Procedura Mutuo riconoscimento o Decentrata	Medicinali soggetti a prescrizione medica limitativa, utilizzabili esclusivamente in ambiente ospedaliero o in una struttura ad esso assimilabile
035498068	035498	BICAVERA	2,3% GLUCOSIO, 1,75 MMOL/L CALCIO SOLUZIONE PER DIALISI PERITONEALE- 4 SACCHE DA 2000 ML CON SISTEMA STAY SAFE	SOLUZIONE PER DIALISI PERITONEALE	SOLUZIONE PER DIALISI PERITONEALE	2.3	percent	Soluzione per dialisi peritoneale	B05DB	FRESENIUS MEDICAL CARE ITALIA S.P.A.	Autorizzata	Procedura Mutuo riconoscimento o Decentrata	Medicinali soggetti a prescrizione medica limitativa, utilizzabili esclusivamente in ambiente ospedaliero o in una struttura ad esso assimilabile
035498070	035498	BICAVERA	2,3% GLUCOSIO, 1,75 MMOL/L CALCIO SOLUZIONE PER DIALISI PERITONEALE- 4 SACCHE DA 2500 ML CON SISTEMA STAY SAFE	SOLUZIONE PER DIALISI PERITONEALE	SOLUZIONE PER DIALISI PERITONEALE	2.3	percent	Soluzione per dialisi peritoneale	B05DB	FRESENIUS MEDICAL CARE ITALIA S.P.A.	Autorizzata	Procedura Mutuo riconoscimento o Decentrata	Medicinali soggetti a prescrizione medica limitativa, utilizzabili esclusivamente in ambiente ospedaliero o in una struttura ad esso assimilabile
035498082	035498	BICAVERA	2,3% GLUCOSIO, 1,75 MMOL/L CALCIO SOLUZIONE PER DIALISI PERITONEALE- 4 SACCHE DA 3000 ML CON SISTEMA STAY SAFE	SOLUZIONE PER DIALISI PERITONEALE	SOLUZIONE PER DIALISI PERITONEALE	2.3	percent	Soluzione per dialisi peritoneale	B05DB	FRESENIUS MEDICAL CARE ITALIA S.P.A.	Autorizzata	Procedura Mutuo riconoscimento o Decentrata	Medicinali soggetti a prescrizione medica limitativa, utilizzabili esclusivamente in ambiente ospedaliero o in una struttura ad esso assimilabile
035498106	035498	BICAVERA	4,25% GLUCOSIO, 1,75 MMOL/L CALCIO SOLUZIONE PER DIALISI PERITONEALE- 4 SACCHE DA 2000 ML CON SISTEMA STAY SAFE	SOLUZIONE PER DIALISI PERITONEALE	SOLUZIONE PER DIALISI PERITONEALE	4.25	percent	Soluzione per dialisi peritoneale	B05DB	FRESENIUS MEDICAL CARE ITALIA S.P.A.	Autorizzata	Procedura Mutuo riconoscimento o Decentrata	Medicinali soggetti a prescrizione medica limitativa, utilizzabili esclusivamente in ambiente ospedaliero o in una struttura ad esso assimilabile
035498118	035498	BICAVERA	4,25% GLUCOSIO, 1,75 MMOL/L CALCIO SOLUZIONE PER DIALISI PERITONEALE- 4 SACCHE DA 2500 ML CON SISTEMA STAY SAFE	SOLUZIONE PER DIALISI PERITONEALE	SOLUZIONE PER DIALISI PERITONEALE	4.25	percent	Soluzione per dialisi peritoneale	B05DB	FRESENIUS MEDICAL CARE ITALIA S.P.A.	Autorizzata	Procedura Mutuo riconoscimento o Decentrata	Medicinali soggetti a prescrizione medica limitativa, utilizzabili esclusivamente in ambiente ospedaliero o in una struttura ad esso assimilabile
035498120	035498	BICAVERA	4,25% GLUCOSIO, 1,75 MMOL/L CALCIO SOLUZIONE PER DIALISI PERITONEALE- 4 SACCHE DA 3000 ML CON SISTEMA STAY SAFE	SOLUZIONE PER DIALISI PERITONEALE	SOLUZIONE PER DIALISI PERITONEALE	4.25	percent	Soluzione per dialisi peritoneale	B05DB	FRESENIUS MEDICAL CARE ITALIA S.P.A.	Autorizzata	Procedura Mutuo riconoscimento o Decentrata	Medicinali soggetti a prescrizione medica limitativa, utilizzabili esclusivamente in ambiente ospedaliero o in una struttura ad esso assimilabile
035498132	035498	BICAVERA	1,5% GLUCOSIO, 1,75 MMOL/L CALCIO SOLUZIONE PER DIALISI PERITONEALE- 4 SACCHE DA 3000 ML CON SISTEMA SLEEP SAFE	SOLUZIONE PER DIALISI PERITONEALE	SOLUZIONE PER DIALISI PERITONEALE	1.5	percent	Soluzione per dialisi peritoneale	B05DB	FRESENIUS MEDICAL CARE ITALIA S.P.A.	Autorizzata	Procedura Mutuo riconoscimento o Decentrata	Medicinali soggetti a prescrizione medica
035498144	035498	BICAVERA	2,3% GLUCOSIO, 1,75 MMOL/L CALCIO SOLUZIONE PER DIALISI PERITONEALE- 4 SACCHE DA 3000 ML CON SISTEMA SLEEP SAFE	SOLUZIONE PER DIALISI PERITONEALE	SOLUZIONE PER DIALISI PERITONEALE	2.3	percent	Soluzione per dialisi peritoneale	B05DB	FRESENIUS MEDICAL CARE ITALIA S.P.A.	Autorizzata	Procedura Mutuo riconoscimento o Decentrata	Medicinali soggetti a prescrizione medica
035498157	035498	BICAVERA	4,25% GLUCOSIO, 1,75 MMOL/L CALCIO SOLUZIONE PER DIALISI PERITONEALE- 4 SACCHE DA 3000 ML CON SISTEMA SLEEP SAFE	SOLUZIONE PER DIALISI PERITONEALE	SOLUZIONE PER DIALISI PERITONEALE	4.25	percent	Soluzione per dialisi peritoneale	B05DB	FRESENIUS MEDICAL CARE ITALIA S.P.A.	Autorizzata	Procedura Mutuo riconoscimento o Decentrata	Medicinali soggetti a prescrizione medica
035498169	035498	BICAVERA	1,5% GLUCOSIO, 1,75 MMOL/L CALCIO SOLUZIONE PER DIALISI PERITONEALE- 2 SACCHE DA 5000 ML CON SISTEMA SLEEP SAFE	SOLUZIONE PER DIALISI PERITONEALE	SOLUZIONE PER DIALISI PERITONEALE	1.5	percent	Soluzione per dialisi peritoneale	B05DB	FRESENIUS MEDICAL CARE ITALIA S.P.A.	Autorizzata	Procedura Mutuo riconoscimento o Decentrata	Medicinali soggetti a prescrizione medica limitativa, utilizzabili esclusivamente in ambiente ospedaliero o in una struttura ad esso assimilabile
035498171	035498	BICAVERA	2,3% GLUCOSIO, 1,75 MMOL/L CALCIO SOLUZIONE PER DIALISI PERITONEALE- 2 SACCHE DA 5000 ML CON SISTEMA SLEEP SAFE-	SOLUZIONE PER DIALISI PERITONEALE	SOLUZIONE PER DIALISI PERITONEALE	2.3	percent	Soluzione per dialisi peritoneale	B05DB	FRESENIUS MEDICAL CARE ITALIA S.P.A.	Autorizzata	Procedura Mutuo riconoscimento o Decentrata	Medicinali soggetti a prescrizione medica limitativa, utilizzabili esclusivamente in ambiente ospedaliero o in una struttura ad esso assimilabile
035498183	035498	BICAVERA	4,25% GLUCOSIO, 1,75 MMOL/L CALCIO SOLUZIONE PER DIALISI PERITONEALE- 2 SACCHE DA 5000 ML CON SISTEMA SLEEP SAFE-	SOLUZIONE PER DIALISI PERITONEALE	SOLUZIONE PER DIALISI PERITONEALE	4.25	percent	Soluzione per dialisi peritoneale	B05DB	FRESENIUS MEDICAL CARE ITALIA S.P.A.	Autorizzata	Procedura Mutuo riconoscimento o Decentrata	Medicinali soggetti a prescrizione medica limitativa, utilizzabili esclusivamente in ambiente ospedaliero o in una struttura ad esso assimilabile
035698024	035698	BALANCE	1,5% 4 SACCHE DA 2000 ML CON SISTEMA STAY SAFE	SOLUZIONE PER DIALISI PERITONEALE	SOLUZIONE PER DIALISI PERITONEALE	1.5	percent	Soluzione per dialisi peritoneale	B05DB	FRESENIUS MEDICAL CARE DEUTSCHLAND GMBH	Autorizzata	Procedura Mutuo riconoscimento o Decentrata	Medicinali soggetti a prescrizione medica limitativa, utilizzabili esclusivamente in ambiente ospedaliero o in una struttura ad esso assimilabile
035698036	035698	BALANCE	1,5% 4 SACCHE DA 2500 ML CON SISTEMA STAY SAFE	SOLUZIONE PER DIALISI PERITONEALE	SOLUZIONE PER DIALISI PERITONEALE	1.5	percent	Soluzione per dialisi peritoneale	B05DB	FRESENIUS MEDICAL CARE DEUTSCHLAND GMBH	Autorizzata	Procedura Mutuo riconoscimento o Decentrata	Medicinali soggetti a prescrizione medica limitativa, utilizzabili esclusivamente in ambiente ospedaliero o in una struttura ad esso assimilabile
035698048	035698	BALANCE	1,5% 4 SACCHE DA 3000 ML CON SISTEMA STAY SAFE	SOLUZIONE PER DIALISI PERITONEALE	SOLUZIONE PER DIALISI PERITONEALE	1.5	percent	Soluzione per dialisi peritoneale	B05DB	FRESENIUS MEDICAL CARE DEUTSCHLAND GMBH	Autorizzata	Procedura Mutuo riconoscimento o Decentrata	Medicinali soggetti a prescrizione medica limitativa, utilizzabili esclusivamente in ambiente ospedaliero o in una struttura ad esso assimilabile
035698051	035698	BALANCE	1,5% 4 SACCHE DA 3000 ML CON SISTEMA SLEEP SAFE	SOLUZIONE PER DIALISI PERITONEALE	SOLUZIONE PER DIALISI PERITONEALE	1.5	percent	Soluzione per dialisi peritoneale	B05DB	FRESENIUS MEDICAL CARE DEUTSCHLAND GMBH	Autorizzata	Procedura Mutuo riconoscimento o Decentrata	Medicinali soggetti a prescrizione medica limitativa, utilizzabili esclusivamente in ambiente ospedaliero o in una struttura ad esso assimilabile
035698075	035698	BALANCE	2,3% 4 SACCHE DA 2000 ML CON SISTEMA STAY SAFE	SOLUZIONE PER DIALISI PERITONEALE	SOLUZIONE PER DIALISI PERITONEALE	2.3	percent	Soluzione per dialisi peritoneale	B05DB	FRESENIUS MEDICAL CARE DEUTSCHLAND GMBH	Autorizzata	Procedura Mutuo riconoscimento o Decentrata	Medicinali soggetti a prescrizione medica limitativa, utilizzabili esclusivamente in ambiente ospedaliero o in una struttura ad esso assimilabile
035698087	035698	BALANCE	2,3% 4 SACCHE DA 2500 ML CON SISTEMA STAY SAFE	SOLUZIONE PER DIALISI PERITONEALE	SOLUZIONE PER DIALISI PERITONEALE	2.3	percent	Soluzione per dialisi peritoneale	B05DB	FRESENIUS MEDICAL CARE DEUTSCHLAND GMBH	Autorizzata	Procedura Mutuo riconoscimento o Decentrata	Medicinali soggetti a prescrizione medica limitativa, utilizzabili esclusivamente in ambiente ospedaliero o in una struttura ad esso assimilabile
035698099	035698	BALANCE	2,3% 4 SACCHE DA 3000 ML CON SISTEMA STAY SAFE	SOLUZIONE PER DIALISI PERITONEALE	SOLUZIONE PER DIALISI PERITONEALE	2.3	percent	Soluzione per dialisi peritoneale	B05DB	FRESENIUS MEDICAL CARE DEUTSCHLAND GMBH	Autorizzata	Procedura Mutuo riconoscimento o Decentrata	Medicinali soggetti a prescrizione medica limitativa, utilizzabili esclusivamente in ambiente ospedaliero o in una struttura ad esso assimilabile
035698101	035698	BALANCE	2,3% 4 SACCHE DA 3000 ML CON SISTEMA SLEEP SAFE	SOLUZIONE PER DIALISI PERITONEALE	SOLUZIONE PER DIALISI PERITONEALE	2.3	percent	Soluzione per dialisi peritoneale	B05DB	FRESENIUS MEDICAL CARE DEUTSCHLAND GMBH	Autorizzata	Procedura Mutuo riconoscimento o Decentrata	Medicinali soggetti a prescrizione medica limitativa, utilizzabili esclusivamente in ambiente ospedaliero o in una struttura ad esso assimilabile
035698125	035698	BALANCE	4,25% 4 SACCHE DA 2000 ML CON SISTEMA STAY SAFE	SOLUZIONE PER DIALISI PERITONEALE	SOLUZIONE PER DIALISI PERITONEALE	4.25	percent	Soluzione per dialisi peritoneale	B05DB	FRESENIUS MEDICAL CARE DEUTSCHLAND GMBH	Autorizzata	Procedura Mutuo riconoscimento o Decentrata	Medicinali soggetti a prescrizione medica limitativa, utilizzabili esclusivamente in ambiente ospedaliero o in una struttura ad esso assimilabile
035698137	035698	BALANCE	4,25% 4 SACCHE DA 2500 ML CON SISTEMA STAY SAFE	SOLUZIONE PER DIALISI PERITONEALE	SOLUZIONE PER DIALISI PERITONEALE	4.25	percent	Soluzione per dialisi peritoneale	B05DB	FRESENIUS MEDICAL CARE DEUTSCHLAND GMBH	Autorizzata	Procedura Mutuo riconoscimento o Decentrata	Medicinali soggetti a prescrizione medica limitativa, utilizzabili esclusivamente in ambiente ospedaliero o in una struttura ad esso assimilabile
035698149	035698	BALANCE	4,25% 4 SACCHE DA 3000 ML CON SISTEMA STAY SAFE	SOLUZIONE PER DIALISI PERITONEALE	SOLUZIONE PER DIALISI PERITONEALE	4.25	percent	Soluzione per dialisi peritoneale	B05DB	FRESENIUS MEDICAL CARE DEUTSCHLAND GMBH	Autorizzata	Procedura Mutuo riconoscimento o Decentrata	Medicinali soggetti a prescrizione medica limitativa, utilizzabili esclusivamente in ambiente ospedaliero o in una struttura ad esso assimilabile
035698152	035698	BALANCE	4,25% 4 SACCHE DA 3000 ML CON SISTEMA SLEEP SAFE	SOLUZIONE PER DIALISI PERITONEALE	SOLUZIONE PER DIALISI PERITONEALE	4.25	percent	Soluzione per dialisi peritoneale	B05DB	FRESENIUS MEDICAL CARE DEUTSCHLAND GMBH	Autorizzata	Procedura Mutuo riconoscimento o Decentrata	Medicinali soggetti a prescrizione medica limitativa, utilizzabili esclusivamente in ambiente ospedaliero o in una struttura ad esso assimilabile
035698164	035698	BALANCE	1,5% 2 SACCHE DA 5000ML CON SISTEMA SLEEP SAFE	SOLUZIONE PER DIALISI PERITONEALE	SOLUZIONE PER DIALISI PERITONEALE	1.5	percent	Soluzione per dialisi peritoneale	B05DB	FRESENIUS MEDICAL CARE DEUTSCHLAND GMBH	Autorizzata	Procedura Mutuo riconoscimento o Decentrata	Medicinali soggetti a prescrizione medica limitativa, utilizzabili esclusivamente in ambiente ospedaliero o in una struttura ad esso assimilabile
035698176	035698	BALANCE	1,5% 2 SACCHE DA 6000ML CON SISTEMA SLEEP SAFE	SOLUZIONE PER DIALISI PERITONEALE	SOLUZIONE PER DIALISI PERITONEALE	1.5	percent	Soluzione per dialisi peritoneale	B05DB	FRESENIUS MEDICAL CARE DEUTSCHLAND GMBH	Autorizzata	Procedura Mutuo riconoscimento o Decentrata	Medicinali soggetti a prescrizione medica limitativa, utilizzabili esclusivamente in ambiente ospedaliero o in una struttura ad esso assimilabile
035698188	035698	BALANCE	1,5% 2 SACCHE DA 5000ML CON SISTEMA  SAFE LOCK	SOLUZIONE PER DIALISI PERITONEALE	SOLUZIONE PER DIALISI PERITONEALE	1.5	percent	Soluzione per dialisi peritoneale	B05DB	FRESENIUS MEDICAL CARE DEUTSCHLAND GMBH	Autorizzata	Procedura Mutuo riconoscimento o Decentrata	Medicinali soggetti a prescrizione medica limitativa, utilizzabili esclusivamente in ambiente ospedaliero o in una struttura ad esso assimilabile
035698190	035698	BALANCE	1,5% 2 SACCHE DA 6000ML CON SISTEMA  SAFE LOCK	SOLUZIONE PER DIALISI PERITONEALE	SOLUZIONE PER DIALISI PERITONEALE	1.5	percent	Soluzione per dialisi peritoneale	B05DB	FRESENIUS MEDICAL CARE DEUTSCHLAND GMBH	Autorizzata	Procedura Mutuo riconoscimento o Decentrata	Medicinali soggetti a prescrizione medica limitativa, utilizzabili esclusivamente in ambiente ospedaliero o in una struttura ad esso assimilabile
035698202	035698	BALANCE	2,3% 2 SACCHE DA 5000ML CON SISTEMA  SLEEP SAFE	SOLUZIONE PER DIALISI PERITONEALE	SOLUZIONE PER DIALISI PERITONEALE	2.3	percent	Soluzione per dialisi peritoneale	B05DB	FRESENIUS MEDICAL CARE DEUTSCHLAND GMBH	Autorizzata	Procedura Mutuo riconoscimento o Decentrata	Medicinali soggetti a prescrizione medica limitativa, utilizzabili esclusivamente in ambiente ospedaliero o in una struttura ad esso assimilabile
035698214	035698	BALANCE	2,3% 2 SACCHE DA 6000ML CON SISTEMA  SLEEP SAFE	SOLUZIONE PER DIALISI PERITONEALE	SOLUZIONE PER DIALISI PERITONEALE	2.3	percent	Soluzione per dialisi peritoneale	B05DB	FRESENIUS MEDICAL CARE DEUTSCHLAND GMBH	Autorizzata	Procedura Mutuo riconoscimento o Decentrata	Medicinali soggetti a prescrizione medica limitativa, utilizzabili esclusivamente in ambiente ospedaliero o in una struttura ad esso assimilabile
035698226	035698	BALANCE	2,3% 2 SACCHE DA 5000ML CON SISTEMA   SAFE LOCK	SOLUZIONE PER DIALISI PERITONEALE	SOLUZIONE PER DIALISI PERITONEALE	2.3	percent	Soluzione per dialisi peritoneale	B05DB	FRESENIUS MEDICAL CARE DEUTSCHLAND GMBH	Autorizzata	Procedura Mutuo riconoscimento o Decentrata	Medicinali soggetti a prescrizione medica limitativa, utilizzabili esclusivamente in ambiente ospedaliero o in una struttura ad esso assimilabile
035698238	035698	BALANCE	2,3% 2 SACCHE DA 6000ML CON SISTEMA   SAFE LOCK	SOLUZIONE PER DIALISI PERITONEALE	SOLUZIONE PER DIALISI PERITONEALE	2.3	percent	Soluzione per dialisi peritoneale	B05DB	FRESENIUS MEDICAL CARE DEUTSCHLAND GMBH	Autorizzata	Procedura Mutuo riconoscimento o Decentrata	Medicinali soggetti a prescrizione medica limitativa, utilizzabili esclusivamente in ambiente ospedaliero o in una struttura ad esso assimilabile
035698240	035698	BALANCE	4,25% 2 SACCHE DA 5000ML CON SISTEMA SLEEP SAFE	SOLUZIONE PER DIALISI PERITONEALE	SOLUZIONE PER DIALISI PERITONEALE	4.25	percent	Soluzione per dialisi peritoneale	B05DB	FRESENIUS MEDICAL CARE DEUTSCHLAND GMBH	Autorizzata	Procedura Mutuo riconoscimento o Decentrata	Medicinali soggetti a prescrizione medica limitativa, utilizzabili esclusivamente in ambiente ospedaliero o in una struttura ad esso assimilabile
035698253	035698	BALANCE	4,25% 2 SACCHE DA 6000ML CON SISTEMA SLEEP SAFE	SOLUZIONE PER DIALISI PERITONEALE	SOLUZIONE PER DIALISI PERITONEALE	4.25	percent	Soluzione per dialisi peritoneale	B05DB	FRESENIUS MEDICAL CARE DEUTSCHLAND GMBH	Autorizzata	Procedura Mutuo riconoscimento o Decentrata	Medicinali soggetti a prescrizione medica limitativa, utilizzabili esclusivamente in ambiente ospedaliero o in una struttura ad esso assimilabile
035698265	035698	BALANCE	4,25% 2 SACCHE DA 5000ML CON SISTEMA SAFE LOCK	SOLUZIONE PER DIALISI PERITONEALE	SOLUZIONE PER DIALISI PERITONEALE	4.25	percent	Soluzione per dialisi peritoneale	B05DB	FRESENIUS MEDICAL CARE DEUTSCHLAND GMBH	Autorizzata	Procedura Mutuo riconoscimento o Decentrata	Medicinali soggetti a prescrizione medica limitativa, utilizzabili esclusivamente in ambiente ospedaliero o in una struttura ad esso assimilabile
035698277	035698	BALANCE	4,25% 2 SACCHE DA 6000ML CON SISTEMA SAFE LOCK	SOLUZIONE PER DIALISI PERITONEALE	SOLUZIONE PER DIALISI PERITONEALE	4.25	percent	Soluzione per dialisi peritoneale	B05DB	FRESENIUS MEDICAL CARE DEUTSCHLAND GMBH	Autorizzata	Procedura Mutuo riconoscimento o Decentrata	Medicinali soggetti a prescrizione medica limitativa, utilizzabili esclusivamente in ambiente ospedaliero o in una struttura ad esso assimilabile
035699026	035699	EQUIBALANCE	1,5% 4 SACCHE DA 2000 ML CON SISTEMA STAY SAFE	SOLUZIONE PER DIALISI PERITONEALE	SOLUZIONE PER DIALISI PERITONEALE	1.5	percent	Soluzione per dialisi peritoneale	B05DB	FRESENIUS MEDICAL CARE DEUTSCHLAND GMBH	Autorizzata	Procedura Mutuo riconoscimento o Decentrata	Medicinali soggetti a prescrizione medica limitativa, utilizzabili esclusivamente in ambiente ospedaliero o in una struttura ad esso assimilabile
035699038	035699	EQUIBALANCE	1,5% 4 SACCHE DA 2500 ML CON SISTEMA STAY SAFE	SOLUZIONE PER DIALISI PERITONEALE	SOLUZIONE PER DIALISI PERITONEALE	1.5	percent	Soluzione per dialisi peritoneale	B05DB	FRESENIUS MEDICAL CARE DEUTSCHLAND GMBH	Autorizzata	Procedura Mutuo riconoscimento o Decentrata	Medicinali soggetti a prescrizione medica limitativa, utilizzabili esclusivamente in ambiente ospedaliero o in una struttura ad esso assimilabile
035699040	035699	EQUIBALANCE	1,5% 4 SACCHE DA 3000 ML CON SISTEMA STAY SAFE	SOLUZIONE PER DIALISI PERITONEALE	SOLUZIONE PER DIALISI PERITONEALE	1.5	percent	Soluzione per dialisi peritoneale	B05DB	FRESENIUS MEDICAL CARE DEUTSCHLAND GMBH	Autorizzata	Procedura Mutuo riconoscimento o Decentrata	Medicinali soggetti a prescrizione medica limitativa, utilizzabili esclusivamente in ambiente ospedaliero o in una struttura ad esso assimilabile
035699053	035699	EQUIBALANCE	1,5% 4 SACCHE DA 3000 ML CON SISTEMA SLEEP SAFE	SOLUZIONE PER DIALISI PERITONEALE	SOLUZIONE PER DIALISI PERITONEALE	1.5	percent	Soluzione per dialisi peritoneale	B05DB	FRESENIUS MEDICAL CARE DEUTSCHLAND GMBH	Autorizzata	Procedura Mutuo riconoscimento o Decentrata	Medicinali soggetti a prescrizione medica limitativa, utilizzabili esclusivamente in ambiente ospedaliero o in una struttura ad esso assimilabile
035699077	035699	EQUIBALANCE	2,3% 4 SACCHE DA 2000 ML CON SISTEMA STAY SAFE	SOLUZIONE PER DIALISI PERITONEALE	SOLUZIONE PER DIALISI PERITONEALE	2.3	percent	Soluzione per dialisi peritoneale	B05DB	FRESENIUS MEDICAL CARE DEUTSCHLAND GMBH	Autorizzata	Procedura Mutuo riconoscimento o Decentrata	Medicinali soggetti a prescrizione medica limitativa, utilizzabili esclusivamente in ambiente ospedaliero o in una struttura ad esso assimilabile
035699089	035699	EQUIBALANCE	2,3% 4 SACCHE DA 2500 ML CON SISTEMA STAY SAFE	SOLUZIONE PER DIALISI PERITONEALE	SOLUZIONE PER DIALISI PERITONEALE	2.3	percent	Soluzione per dialisi peritoneale	B05DB	FRESENIUS MEDICAL CARE DEUTSCHLAND GMBH	Autorizzata	Procedura Mutuo riconoscimento o Decentrata	Medicinali soggetti a prescrizione medica limitativa, utilizzabili esclusivamente in ambiente ospedaliero o in una struttura ad esso assimilabile
035699091	035699	EQUIBALANCE	2,3% 4 SACCHE DA 3000 ML CON SISTEMA STAY SAFE	SOLUZIONE PER DIALISI PERITONEALE	SOLUZIONE PER DIALISI PERITONEALE	2.3	percent	Soluzione per dialisi peritoneale	B05DB	FRESENIUS MEDICAL CARE DEUTSCHLAND GMBH	Autorizzata	Procedura Mutuo riconoscimento o Decentrata	Medicinali soggetti a prescrizione medica limitativa, utilizzabili esclusivamente in ambiente ospedaliero o in una struttura ad esso assimilabile
035699103	035699	EQUIBALANCE	2,3% 4 SACCHE DA 3000 ML CON SISTEMA SLEEP SAFE	SOLUZIONE PER DIALISI PERITONEALE	SOLUZIONE PER DIALISI PERITONEALE	2.3	percent	Soluzione per dialisi peritoneale	B05DB	FRESENIUS MEDICAL CARE DEUTSCHLAND GMBH	Autorizzata	Procedura Mutuo riconoscimento o Decentrata	Medicinali soggetti a prescrizione medica limitativa, utilizzabili esclusivamente in ambiente ospedaliero o in una struttura ad esso assimilabile
035699127	035699	EQUIBALANCE	4,25% 4 SACCHE DA 2000 ML CON SISTEMA STAY SAFE	SOLUZIONE PER DIALISI PERITONEALE	SOLUZIONE PER DIALISI PERITONEALE	4.25	percent	Soluzione per dialisi peritoneale	B05DB	FRESENIUS MEDICAL CARE DEUTSCHLAND GMBH	Autorizzata	Procedura Mutuo riconoscimento o Decentrata	Medicinali soggetti a prescrizione medica limitativa, utilizzabili esclusivamente in ambiente ospedaliero o in una struttura ad esso assimilabile
035699139	035699	EQUIBALANCE	4,25% 4 SACCHE DA 2500 ML CON SISTEMA STAY SAFE	SOLUZIONE PER DIALISI PERITONEALE	SOLUZIONE PER DIALISI PERITONEALE	4.25	percent	Soluzione per dialisi peritoneale	B05DB	FRESENIUS MEDICAL CARE DEUTSCHLAND GMBH	Autorizzata	Procedura Mutuo riconoscimento o Decentrata	Medicinali soggetti a prescrizione medica limitativa, utilizzabili esclusivamente in ambiente ospedaliero o in una struttura ad esso assimilabile
035699141	035699	EQUIBALANCE	4,25% 4 SACCHE DA 3000 ML CON SISTEMA STAY SAFE	SOLUZIONE PER DIALISI PERITONEALE	SOLUZIONE PER DIALISI PERITONEALE	4.25	percent	Soluzione per dialisi peritoneale	B05DB	FRESENIUS MEDICAL CARE DEUTSCHLAND GMBH	Autorizzata	Procedura Mutuo riconoscimento o Decentrata	Medicinali soggetti a prescrizione medica limitativa, utilizzabili esclusivamente in ambiente ospedaliero o in una struttura ad esso assimilabile
035699154	035699	EQUIBALANCE	4,25% 4 SACCHE DA 3000 ML CON SISTEMA SLEEP SAFE	SOLUZIONE PER DIALISI PERITONEALE	SOLUZIONE PER DIALISI PERITONEALE	4.25	percent	Soluzione per dialisi peritoneale	B05DB	FRESENIUS MEDICAL CARE DEUTSCHLAND GMBH	Autorizzata	Procedura Mutuo riconoscimento o Decentrata	Medicinali soggetti a prescrizione medica limitativa, utilizzabili esclusivamente in ambiente ospedaliero o in una struttura ad esso assimilabile
035699166	035699	EQUIBALANCE	1,5% 2 SACCHE DA 5000 ML CON SISTEMA SLEEP SAFE	SOLUZIONE PER DIALISI PERITONEALE	SOLUZIONE PER DIALISI PERITONEALE	1.5	percent	Soluzione per dialisi peritoneale	B05DB	FRESENIUS MEDICAL CARE DEUTSCHLAND GMBH	Autorizzata	Procedura Mutuo riconoscimento o Decentrata	Medicinali soggetti a prescrizione medica limitativa, utilizzabili esclusivamente in ambiente ospedaliero o in una struttura ad esso assimilabile
035699178	035699	EQUIBALANCE	1,5% 2 SACCHE DA 6000 ML CON SISTEMA SLEEP SAFE	SOLUZIONE PER DIALISI PERITONEALE	SOLUZIONE PER DIALISI PERITONEALE	1.5	percent	Soluzione per dialisi peritoneale	B05DB	FRESENIUS MEDICAL CARE DEUTSCHLAND GMBH	Autorizzata	Procedura Mutuo riconoscimento o Decentrata	Medicinali soggetti a prescrizione medica limitativa, utilizzabili esclusivamente in ambiente ospedaliero o in una struttura ad esso assimilabile
035699180	035699	EQUIBALANCE	1,5% 2 SACCHE DA 5000 ML CON SISTEMA SAFE LOCK	SOLUZIONE PER DIALISI PERITONEALE	SOLUZIONE PER DIALISI PERITONEALE	1.5	percent	Soluzione per dialisi peritoneale	B05DB	FRESENIUS MEDICAL CARE DEUTSCHLAND GMBH	Autorizzata	Procedura Mutuo riconoscimento o Decentrata	Medicinali soggetti a prescrizione medica limitativa, utilizzabili esclusivamente in ambiente ospedaliero o in una struttura ad esso assimilabile
035699192	035699	EQUIBALANCE	1,5% 2 SACCHE DA 6000 ML CON SISTEMA SAFE LOCK	SOLUZIONE PER DIALISI PERITONEALE	SOLUZIONE PER DIALISI PERITONEALE	1.5	percent	Soluzione per dialisi peritoneale	B05DB	FRESENIUS MEDICAL CARE DEUTSCHLAND GMBH	Autorizzata	Procedura Mutuo riconoscimento o Decentrata	Medicinali soggetti a prescrizione medica limitativa, utilizzabili esclusivamente in ambiente ospedaliero o in una struttura ad esso assimilabile
035699204	035699	EQUIBALANCE	2,3% 2 SACCHE DA 5000 ML CON SISTEMA SLEEP SAFE	SOLUZIONE PER DIALISI PERITONEALE	SOLUZIONE PER DIALISI PERITONEALE	2.3	percent	Soluzione per dialisi peritoneale	B05DB	FRESENIUS MEDICAL CARE DEUTSCHLAND GMBH	Autorizzata	Procedura Mutuo riconoscimento o Decentrata	Medicinali soggetti a prescrizione medica limitativa, utilizzabili esclusivamente in ambiente ospedaliero o in una struttura ad esso assimilabile
035699216	035699	EQUIBALANCE	2,3% 2 SACCHE DA 6000 ML CON SISTEMA SLEEP SAFE	SOLUZIONE PER DIALISI PERITONEALE	SOLUZIONE PER DIALISI PERITONEALE	2.3	percent	Soluzione per dialisi peritoneale	B05DB	FRESENIUS MEDICAL CARE DEUTSCHLAND GMBH	Autorizzata	Procedura Mutuo riconoscimento o Decentrata	Medicinali soggetti a prescrizione medica limitativa, utilizzabili esclusivamente in ambiente ospedaliero o in una struttura ad esso assimilabile
035699228	035699	EQUIBALANCE	2,3% 2 SACCHE DA 5000 ML CON SISTEMA SAFE LOCK	SOLUZIONE PER DIALISI PERITONEALE	SOLUZIONE PER DIALISI PERITONEALE	2.3	percent	Soluzione per dialisi peritoneale	B05DB	FRESENIUS MEDICAL CARE DEUTSCHLAND GMBH	Autorizzata	Procedura Mutuo riconoscimento o Decentrata	Medicinali soggetti a prescrizione medica limitativa, utilizzabili esclusivamente in ambiente ospedaliero o in una struttura ad esso assimilabile
035699230	035699	EQUIBALANCE	2,3% 2 SACCHE DA 6000 ML CON SISTEMA SAFE LOCK	SOLUZIONE PER DIALISI PERITONEALE	SOLUZIONE PER DIALISI PERITONEALE	2.3	percent	Soluzione per dialisi peritoneale	B05DB	FRESENIUS MEDICAL CARE DEUTSCHLAND GMBH	Autorizzata	Procedura Mutuo riconoscimento o Decentrata	Medicinali soggetti a prescrizione medica limitativa, utilizzabili esclusivamente in ambiente ospedaliero o in una struttura ad esso assimilabile
035699242	035699	EQUIBALANCE	4,25% 2 SACCHE DA 5000 ML CON SISTEMA SLEEP SAFE	SOLUZIONE PER DIALISI PERITONEALE	SOLUZIONE PER DIALISI PERITONEALE	4.25	percent	Soluzione per dialisi peritoneale	B05DB	FRESENIUS MEDICAL CARE DEUTSCHLAND GMBH	Autorizzata	Procedura Mutuo riconoscimento o Decentrata	Medicinali soggetti a prescrizione medica limitativa, utilizzabili esclusivamente in ambiente ospedaliero o in una struttura ad esso assimilabile
035699255	035699	EQUIBALANCE	4,25% 2 SACCHE DA 6000 ML CON SISTEMA SLEEP SAFE	SOLUZIONE PER DIALISI PERITONEALE	SOLUZIONE PER DIALISI PERITONEALE	4.25	percent	Soluzione per dialisi peritoneale	B05DB	FRESENIUS MEDICAL CARE DEUTSCHLAND GMBH	Autorizzata	Procedura Mutuo riconoscimento o Decentrata	Medicinali soggetti a prescrizione medica limitativa, utilizzabili esclusivamente in ambiente ospedaliero o in una struttura ad esso assimilabile
035699267	035699	EQUIBALANCE	4,25% 2 SACCHE DA 5000 ML CON SISTEMA SAFE LOCK	SOLUZIONE PER DIALISI PERITONEALE	SOLUZIONE PER DIALISI PERITONEALE	4.25	percent	Soluzione per dialisi peritoneale	B05DB	FRESENIUS MEDICAL CARE DEUTSCHLAND GMBH	Autorizzata	Procedura Mutuo riconoscimento o Decentrata	Medicinali soggetti a prescrizione medica limitativa, utilizzabili esclusivamente in ambiente ospedaliero o in una struttura ad esso assimilabile
035699279	035699	EQUIBALANCE	4,25% 2 SACCHE DA 6000 ML CON SISTEMA SAFE LOCK	SOLUZIONE PER DIALISI PERITONEALE	SOLUZIONE PER DIALISI PERITONEALE	4.25	percent	Soluzione per dialisi peritoneale	B05DB	FRESENIUS MEDICAL CARE DEUTSCHLAND GMBH	Autorizzata	Procedura Mutuo riconoscimento o Decentrata	Medicinali soggetti a prescrizione medica limitativa, utilizzabili esclusivamente in ambiente ospedaliero o in una struttura ad esso assimilabile
036567016	036567	FIXIONEAL	35 GLUCOSIO 1,36%/P/V/13.6 MG/ML- SOLUZIONE PER DIALISI PERITONEALE 5 SACCHE SINGOLE A DUE CAMERE DA 1.5 L - CONNESSIONE LUER	SOLUZIONE PER DIALISI PERITONEALE	SOLUZIONE PER DIALISI PERITONEALE	13.6	milligram(s)/millilitre	Soluzione per dialisi peritoneale	B05DB	VANTIVE SRL	Autorizzata	Procedura Mutuo riconoscimento o Decentrata	Medicinali soggetti a prescrizione medica limitativa, utilizzabili esclusivamente in ambiente ospedaliero o in una struttura ad esso assimilabile
036567028	036567	FIXIONEAL	35 GLUCOSIO 1,36%/P/V/13.6 MG/ML- SOLUZIONE PER DIALISI PERITONEALE 6 SACCHE SINGOLE A DUE CAMERE DA 1.5 L - CONNESSIONE LUER	SOLUZIONE PER DIALISI PERITONEALE	SOLUZIONE PER DIALISI PERITONEALE	13.6	milligram(s)/millilitre	Soluzione per dialisi peritoneale	B05DB	VANTIVE SRL	Autorizzata	Procedura Mutuo riconoscimento o Decentrata	Medicinali soggetti a prescrizione medica limitativa, utilizzabili esclusivamente in ambiente ospedaliero o in una struttura ad esso assimilabile
036567030	036567	FIXIONEAL	35 GLUCOSIO 1,36%/P/V/13.6 MG/ML- SOLUZIONE PER DIALISI PERITONEALE 5 SACCHE DOPPIE A DUE CAMERE DA 1.5 L - CONNESSIONE LUER	SOLUZIONE PER DIALISI PERITONEALE	SOLUZIONE PER DIALISI PERITONEALE	13.6	milligram(s)/millilitre	Soluzione per dialisi peritoneale	B05DB	VANTIVE SRL	Autorizzata	Procedura Mutuo riconoscimento o Decentrata	Medicinali soggetti a prescrizione medica limitativa, utilizzabili esclusivamente in ambiente ospedaliero o in una struttura ad esso assimilabile
036567042	036567	FIXIONEAL	35 GLUCOSIO 1,36%/P/V/13.6 MG/ML- SOLUZIONE PER DIALISI PERITONEALE 6 SACCHE DOPPIE A DUE CAMERE DA 1.5 L - CONNESSIONE LUER	SOLUZIONE PER DIALISI PERITONEALE	SOLUZIONE PER DIALISI PERITONEALE	13.6	milligram(s)/millilitre	Soluzione per dialisi peritoneale	B05DB	VANTIVE SRL	Autorizzata	Procedura Mutuo riconoscimento o Decentrata	Medicinali soggetti a prescrizione medica limitativa, utilizzabili esclusivamente in ambiente ospedaliero o in una struttura ad esso assimilabile
036567079	036567	FIXIONEAL	35 GLUCOSIO 1,36%/P/V/13.6 MG/ML- SOLUZIONE PER DIALISI PERITONEALE 4 SACCHE SINGOLE A DUE CAMERE DA 2.0 L - CONNESSIONE LUER	SOLUZIONE PER DIALISI PERITONEALE	SOLUZIONE PER DIALISI PERITONEALE	13.6	milligram(s)/millilitre	Soluzione per dialisi peritoneale	B05DB	VANTIVE SRL	Autorizzata	Procedura Mutuo riconoscimento o Decentrata	Medicinali soggetti a prescrizione medica limitativa, utilizzabili esclusivamente in ambiente ospedaliero o in una struttura ad esso assimilabile
036567081	036567	FIXIONEAL	35 GLUCOSIO 1,36%/P/V/13.6 MG/ML- SOLUZIONE PER DIALISI PERITONEALE 5 SACCHE SINGOLE A DUE CAMERE DA 2.0 L - CONNESSIONE LUER	SOLUZIONE PER DIALISI PERITONEALE	SOLUZIONE PER DIALISI PERITONEALE	13.6	milligram(s)/millilitre	Soluzione per dialisi peritoneale	B05DB	VANTIVE SRL	Autorizzata	Procedura Mutuo riconoscimento o Decentrata	Medicinali soggetti a prescrizione medica limitativa, utilizzabili esclusivamente in ambiente ospedaliero o in una struttura ad esso assimilabile
036567093	036567	FIXIONEAL	35 GLUCOSIO 1,36%/P/V/13.6 MG/ML- SOLUZIONE PER DIALISI PERITONEALE 4 SACCHE DOPPIE A DUE CAMERE DA 2.0 L - CONNESSIONE LUER	SOLUZIONE PER DIALISI PERITONEALE	SOLUZIONE PER DIALISI PERITONEALE	13.6	milligram(s)/millilitre	Soluzione per dialisi peritoneale	B05DB	VANTIVE SRL	Autorizzata	Procedura Mutuo riconoscimento o Decentrata	Medicinali soggetti a prescrizione medica limitativa, utilizzabili esclusivamente in ambiente ospedaliero o in una struttura ad esso assimilabile
036567105	036567	FIXIONEAL	35 GLUCOSIO 1,36%/P/V/13.6 MG/ML- SOLUZIONE PER DIALISI PERITONEALE 5 SACCHE DOPPIE A DUE CAMERE DA 2.0 L - CONNESSIONE LUER	SOLUZIONE PER DIALISI PERITONEALE	SOLUZIONE PER DIALISI PERITONEALE	13.6	milligram(s)/millilitre	Soluzione per dialisi peritoneale	B05DB	VANTIVE SRL	Autorizzata	Procedura Mutuo riconoscimento o Decentrata	Medicinali soggetti a prescrizione medica limitativa, utilizzabili esclusivamente in ambiente ospedaliero o in una struttura ad esso assimilabile
036567131	036567	FIXIONEAL	35 GLUCOSIO 1,36%/P/V/13.6 MG/ML- SOLUZIONE PER DIALISI PERITONEALE 3 SACCHE SINGOLE A DUE CAMERE DA 2.5 L - CONNESSIONE LUER	SOLUZIONE PER DIALISI PERITONEALE	SOLUZIONE PER DIALISI PERITONEALE	13.6	milligram(s)/millilitre	Soluzione per dialisi peritoneale	B05DB	VANTIVE SRL	Autorizzata	Procedura Mutuo riconoscimento o Decentrata	Medicinali soggetti a prescrizione medica limitativa, utilizzabili esclusivamente in ambiente ospedaliero o in una struttura ad esso assimilabile
036567143	036567	FIXIONEAL	35 GLUCOSIO 1,36%/P/V/13.6 MG/ML- SOLUZIONE PER DIALISI PERITONEALE 4 SACCHE SINGOLE A DUE CAMERE DA 2.5 L - CONNESSIONE LUER	SOLUZIONE PER DIALISI PERITONEALE	SOLUZIONE PER DIALISI PERITONEALE	13.6	milligram(s)/millilitre	Soluzione per dialisi peritoneale	B05DB	VANTIVE SRL	Autorizzata	Procedura Mutuo riconoscimento o Decentrata	Medicinali soggetti a prescrizione medica limitativa, utilizzabili esclusivamente in ambiente ospedaliero o in una struttura ad esso assimilabile
036567156	036567	FIXIONEAL	35 GLUCOSIO 1,36%/P/V/13.6 MG/ML- SOLUZIONE PER DIALISI PERITONEALE 3 SACCHE DOPPIE A DUE CAMERE DA 2.5 L - CONNESSIONE LUER	SOLUZIONE PER DIALISI PERITONEALE	SOLUZIONE PER DIALISI PERITONEALE	13.6	milligram(s)/millilitre	Soluzione per dialisi peritoneale	B05DB	VANTIVE SRL	Autorizzata	Procedura Mutuo riconoscimento o Decentrata	Medicinali soggetti a prescrizione medica limitativa, utilizzabili esclusivamente in ambiente ospedaliero o in una struttura ad esso assimilabile
036567168	036567	FIXIONEAL	35 GLUCOSIO 1,36%/P/V/13.6 MG/ML- SOLUZIONE PER DIALISI PERITONEALE 4 SACCHE DOPPIE A DUE CAMERE DA 2.5 L - CONNESSIONE LUER	SOLUZIONE PER DIALISI PERITONEALE	SOLUZIONE PER DIALISI PERITONEALE	13.6	milligram(s)/millilitre	Soluzione per dialisi peritoneale	B05DB	VANTIVE SRL	Autorizzata	Procedura Mutuo riconoscimento o Decentrata	Medicinali soggetti a prescrizione medica limitativa, utilizzabili esclusivamente in ambiente ospedaliero o in una struttura ad esso assimilabile
036567194	036567	FIXIONEAL	35 GLUCOSIO 1,36%/P/V/13.6 MG/ML- SOLUZIONE PER DIALISI PERITONEALE 3 SACCHE SINGOLE A DUE CAMERE DA 3.0 L - CONNESSIONE LUER	SOLUZIONE PER DIALISI PERITONEALE	SOLUZIONE PER DIALISI PERITONEALE	13.6	milligram(s)/millilitre	Soluzione per dialisi peritoneale	B05DB	VANTIVE SRL	Autorizzata	Procedura Mutuo riconoscimento o Decentrata	Medicinali soggetti a prescrizione medica limitativa, utilizzabili esclusivamente in ambiente ospedaliero o in una struttura ad esso assimilabile
036567206	036567	FIXIONEAL	35 GLUCOSIO 1,36%/P/V/13.6 MG/ML- SOLUZIONE PER DIALISI PERITONEALE 3 SACCHE DOPPIE A DUE CAMERE DA 3.0 L - CONNESSIONE LUER	SOLUZIONE PER DIALISI PERITONEALE	SOLUZIONE PER DIALISI PERITONEALE	13.6	milligram(s)/millilitre	Soluzione per dialisi peritoneale	B05DB	VANTIVE SRL	Autorizzata	Procedura Mutuo riconoscimento o Decentrata	Medicinali soggetti a prescrizione medica limitativa, utilizzabili esclusivamente in ambiente ospedaliero o in una struttura ad esso assimilabile
036567220	036567	FIXIONEAL	35 GLUCOSIO 1,36%/P/V/13.6 MG/ML- SOLUZIONE PER DIALISI PERITONEALE 2 SACCHE SINGOLE A DUE CAMERE DA 4.5 L - CONNESSIONE LUER	SOLUZIONE PER DIALISI PERITONEALE	SOLUZIONE PER DIALISI PERITONEALE	13.6	milligram(s)/millilitre	Soluzione per dialisi peritoneale	B05DB	VANTIVE SRL	Autorizzata	Procedura Mutuo riconoscimento o Decentrata	Medicinali soggetti a prescrizione medica limitativa, utilizzabili esclusivamente in ambiente ospedaliero o in una struttura ad esso assimilabile
036567232	036567	FIXIONEAL	35 GLUCOSIO 1,36%/P/V/13.6 MG/ML- SOLUZIONE PER DIALISI PERITONEALE 2 SACCHE SINGOLE A DUE CAMERE DA 5.0 L - CONNESSIONE LUER	SOLUZIONE PER DIALISI PERITONEALE	SOLUZIONE PER DIALISI PERITONEALE	13.6	milligram(s)/millilitre	Soluzione per dialisi peritoneale	B05DB	VANTIVE SRL	Autorizzata	Procedura Mutuo riconoscimento o Decentrata	Medicinali soggetti a prescrizione medica limitativa, utilizzabili esclusivamente in ambiente ospedaliero o in una struttura ad esso assimilabile
036567257	036567	FIXIONEAL	35 GLUCOSIO 1,36%/P/V/13.6 MG/ML- SOLUZIONE PER DIALISI PERITONEALE 2 SACCHE SINGOLE A DUE CAMERE DA 5.0 L - CONNESSIONE LUER + APD LUER+ CONCHIGLIA	SOLUZIONE PER DIALISI PERITONEALE	SOLUZIONE PER DIALISI PERITONEALE	13.6	milligram(s)/millilitre	Soluzione per dialisi peritoneale	B05DB	VANTIVE SRL	Autorizzata	Procedura Mutuo riconoscimento o Decentrata	Medicinali soggetti a prescrizione medica limitativa, utilizzabili esclusivamente in ambiente ospedaliero o in una struttura ad esso assimilabile
036567269	036567	FIXIONEAL	35 GLUCOSIO 2,27%/P/V/22.7 MG/ML- SOLUZIONE PER DIALISI PERITONEALE 5 SACCHE SINGOLE A DUE CAMERE DA 1.5 L - CONNESSIONE LUER	SOLUZIONE PER DIALISI PERITONEALE	SOLUZIONE PER DIALISI PERITONEALE	13.6	milligram(s)/millilitre	Soluzione per dialisi peritoneale	B05DB	VANTIVE SRL	Autorizzata	Procedura Mutuo riconoscimento o Decentrata	Medicinali soggetti a prescrizione medica limitativa, utilizzabili esclusivamente in ambiente ospedaliero o in una struttura ad esso assimilabile
036567271	036567	FIXIONEAL	35 GLUCOSIO 2,27%/P/V/22.7 MG/ML- SOLUZIONE PER DIALISI PERITONEALE 6 SACCHE SINGOLE A DUE CAMERE DA 1.5 L - CONNESSIONE LUER	SOLUZIONE PER DIALISI PERITONEALE	SOLUZIONE PER DIALISI PERITONEALE	13.6	milligram(s)/millilitre	Soluzione per dialisi peritoneale	B05DB	VANTIVE SRL	Autorizzata	Procedura Mutuo riconoscimento o Decentrata	Medicinali soggetti a prescrizione medica limitativa, utilizzabili esclusivamente in ambiente ospedaliero o in una struttura ad esso assimilabile
036567283	036567	FIXIONEAL	35 GLUCOSIO 2,27%/P/V/22.7 MG/ML- SOLUZIONE PER DIALISI PERITONEALE 5 SACCHE DOPPIE A DUE CAMERE DA 1.5 L - CONNESSIONE LUER	SOLUZIONE PER DIALISI PERITONEALE	SOLUZIONE PER DIALISI PERITONEALE	13.6	milligram(s)/millilitre	Soluzione per dialisi peritoneale	B05DB	VANTIVE SRL	Autorizzata	Procedura Mutuo riconoscimento o Decentrata	Medicinali soggetti a prescrizione medica limitativa, utilizzabili esclusivamente in ambiente ospedaliero o in una struttura ad esso assimilabile
036567295	036567	FIXIONEAL	35 GLUCOSIO 2,27%/P/V/22.7 MG/ML- SOLUZIONE PER DIALISI PERITONEALE 6 SACCHE DOPPIE A DUE CAMERE DA 1.5 L - CONNESSIONE LUER	SOLUZIONE PER DIALISI PERITONEALE	SOLUZIONE PER DIALISI PERITONEALE	13.6	milligram(s)/millilitre	Soluzione per dialisi peritoneale	B05DB	VANTIVE SRL	Autorizzata	Procedura Mutuo riconoscimento o Decentrata	Medicinali soggetti a prescrizione medica limitativa, utilizzabili esclusivamente in ambiente ospedaliero o in una struttura ad esso assimilabile
036567321	036567	FIXIONEAL	35 GLUCOSIO 2,27%/P/V/22.7 MG/ML- SOLUZIONE PER DIALISI PERITONEALE 4 SACCHE SINGOLE A DUE CAMERE DA 2.0 L - CONNESSIONE LUER	SOLUZIONE PER DIALISI PERITONEALE	SOLUZIONE PER DIALISI PERITONEALE	13.6	milligram(s)/millilitre	Soluzione per dialisi peritoneale	B05DB	VANTIVE SRL	Autorizzata	Procedura Mutuo riconoscimento o Decentrata	Medicinali soggetti a prescrizione medica limitativa, utilizzabili esclusivamente in ambiente ospedaliero o in una struttura ad esso assimilabile
036567333	036567	FIXIONEAL	35 GLUCOSIO 2,27%/P/V/22.7 MG/ML- SOLUZIONE PER DIALISI PERITONEALE 5 SACCHE SINGOLE A DUE CAMERE DA 2.0 L - CONNESSIONE LUER	SOLUZIONE PER DIALISI PERITONEALE	SOLUZIONE PER DIALISI PERITONEALE	13.6	milligram(s)/millilitre	Soluzione per dialisi peritoneale	B05DB	VANTIVE SRL	Autorizzata	Procedura Mutuo riconoscimento o Decentrata	Medicinali soggetti a prescrizione medica limitativa, utilizzabili esclusivamente in ambiente ospedaliero o in una struttura ad esso assimilabile
036567345	036567	FIXIONEAL	35 GLUCOSIO 2,27%/P/V/22.7 MG/ML- SOLUZIONE PER DIALISI PERITONEALE 4 SACCHE DOPPIE A DUE CAMERE DA 2.0 L - CONNESSIONE LUER	SOLUZIONE PER DIALISI PERITONEALE	SOLUZIONE PER DIALISI PERITONEALE	13.6	milligram(s)/millilitre	Soluzione per dialisi peritoneale	B05DB	VANTIVE SRL	Autorizzata	Procedura Mutuo riconoscimento o Decentrata	Medicinali soggetti a prescrizione medica limitativa, utilizzabili esclusivamente in ambiente ospedaliero o in una struttura ad esso assimilabile
036567358	036567	FIXIONEAL	35 GLUCOSIO 2,27%/P/V/22.7 MG/ML- SOLUZIONE PER DIALISI PERITONEALE 5 SACCHE DOPPIE A DUE CAMERE DA 2.0 L - CONNESSIONE LUER	SOLUZIONE PER DIALISI PERITONEALE	SOLUZIONE PER DIALISI PERITONEALE	13.6	milligram(s)/millilitre	Soluzione per dialisi peritoneale	B05DB	VANTIVE SRL	Autorizzata	Procedura Mutuo riconoscimento o Decentrata	Medicinali soggetti a prescrizione medica limitativa, utilizzabili esclusivamente in ambiente ospedaliero o in una struttura ad esso assimilabile
036567384	036567	FIXIONEAL	35 GLUCOSIO 2,27%/P/V/22.7 MG/ML- SOLUZIONE PER DIALISI PERITONEALE 3 SACCHE SINGOLE A DUE CAMERE DA 2.5 L - CONNESSIONE LUER	SOLUZIONE PER DIALISI PERITONEALE	SOLUZIONE PER DIALISI PERITONEALE	13.6	milligram(s)/millilitre	Soluzione per dialisi peritoneale	B05DB	VANTIVE SRL	Autorizzata	Procedura Mutuo riconoscimento o Decentrata	Medicinali soggetti a prescrizione medica limitativa, utilizzabili esclusivamente in ambiente ospedaliero o in una struttura ad esso assimilabile
036567396	036567	FIXIONEAL	35 GLUCOSIO 2,27%/P/V/22.7 MG/ML- SOLUZIONE PER DIALISI PERITONEALE 4 SACCHE SINGOLE A DUE CAMERE DA 2.5 L - CONNESSIONE LUER	SOLUZIONE PER DIALISI PERITONEALE	SOLUZIONE PER DIALISI PERITONEALE	13.6	milligram(s)/millilitre	Soluzione per dialisi peritoneale	B05DB	VANTIVE SRL	Autorizzata	Procedura Mutuo riconoscimento o Decentrata	Medicinali soggetti a prescrizione medica limitativa, utilizzabili esclusivamente in ambiente ospedaliero o in una struttura ad esso assimilabile
036567408	036567	FIXIONEAL	35 GLUCOSIO 2,27%/P/V/22.7 MG/ML- SOLUZIONE PER DIALISI PERITONEALE 3 SACCHE DOPPIE A DUE CAMERE DA 2.5 L - CONNESSIONE LUER	SOLUZIONE PER DIALISI PERITONEALE	SOLUZIONE PER DIALISI PERITONEALE	13.6	milligram(s)/millilitre	Soluzione per dialisi peritoneale	B05DB	VANTIVE SRL	Autorizzata	Procedura Mutuo riconoscimento o Decentrata	Medicinali soggetti a prescrizione medica limitativa, utilizzabili esclusivamente in ambiente ospedaliero o in una struttura ad esso assimilabile
036567410	036567	FIXIONEAL	35 GLUCOSIO 2,27%/P/V/22.7 MG/ML- SOLUZIONE PER DIALISI PERITONEALE 4 SACCHE DOPPIE A DUE CAMERE DA 2.5 L - CONNESSIONE LUER	SOLUZIONE PER DIALISI PERITONEALE	SOLUZIONE PER DIALISI PERITONEALE	13.6	milligram(s)/millilitre	Soluzione per dialisi peritoneale	B05DB	VANTIVE SRL	Autorizzata	Procedura Mutuo riconoscimento o Decentrata	Medicinali soggetti a prescrizione medica limitativa, utilizzabili esclusivamente in ambiente ospedaliero o in una struttura ad esso assimilabile
036567446	036567	FIXIONEAL	35 GLUCOSIO 2,27%/P/V/22.7 MG/ML- SOLUZIONE PER DIALISI PERITONEALE 3 SACCHE SINGOLE A DUE CAMERE DA 3.0 L - CONNESSIONE LUER	SOLUZIONE PER DIALISI PERITONEALE	SOLUZIONE PER DIALISI PERITONEALE	13.6	milligram(s)/millilitre	Soluzione per dialisi peritoneale	B05DB	VANTIVE SRL	Autorizzata	Procedura Mutuo riconoscimento o Decentrata	Medicinali soggetti a prescrizione medica limitativa, utilizzabili esclusivamente in ambiente ospedaliero o in una struttura ad esso assimilabile
036567459	036567	FIXIONEAL	35 GLUCOSIO 2,27%/P/V/22.7 MG/ML- SOLUZIONE PER DIALISI PERITONEALE 3 SACCHE DOPPIE A DUE CAMERE DA 3.0 L - CONNESSIONE LUER	SOLUZIONE PER DIALISI PERITONEALE	SOLUZIONE PER DIALISI PERITONEALE	13.6	milligram(s)/millilitre	Soluzione per dialisi peritoneale	B05DB	VANTIVE SRL	Autorizzata	Procedura Mutuo riconoscimento o Decentrata	Medicinali soggetti a prescrizione medica limitativa, utilizzabili esclusivamente in ambiente ospedaliero o in una struttura ad esso assimilabile
036567473	036567	FIXIONEAL	35 GLUCOSIO 2,27%/P/V/22.7 MG/ML- SOLUZIONE PER DIALISI PERITONEALE 2 SACCHE SINGOLE A DUE CAMERE DA 4.5 L - CONNESSIONE LUER	SOLUZIONE PER DIALISI PERITONEALE	SOLUZIONE PER DIALISI PERITONEALE	13.6	milligram(s)/millilitre	Soluzione per dialisi peritoneale	B05DB	VANTIVE SRL	Autorizzata	Procedura Mutuo riconoscimento o Decentrata	Medicinali soggetti a prescrizione medica limitativa, utilizzabili esclusivamente in ambiente ospedaliero o in una struttura ad esso assimilabile
036567485	036567	FIXIONEAL	35 GLUCOSIO 2,27%/P/V/22.7 MG/ML- SOLUZIONE PER DIALISI PERITONEALE 2 SACCHE SINGOLE A DUE CAMERE DA 5.0 L - CONNESSIONE LUER	SOLUZIONE PER DIALISI PERITONEALE	SOLUZIONE PER DIALISI PERITONEALE	13.6	milligram(s)/millilitre	Soluzione per dialisi peritoneale	B05DB	VANTIVE SRL	Autorizzata	Procedura Mutuo riconoscimento o Decentrata	Medicinali soggetti a prescrizione medica limitativa, utilizzabili esclusivamente in ambiente ospedaliero o in una struttura ad esso assimilabile
036567509	036567	FIXIONEAL	35 GLUCOSIO 2,27%/P/V/22.7 MG/ML- SOLUZIONE PER DIALISI PERITONEALE 2 SACCHE SINGOLE A DUE CAMERE DA 5.0 L - CONNESSIONE LUER + APD LUER + CONCHIGLIA	SOLUZIONE PER DIALISI PERITONEALE	SOLUZIONE PER DIALISI PERITONEALE	13.6	milligram(s)/millilitre	Soluzione per dialisi peritoneale	B05DB	VANTIVE SRL	Autorizzata	Procedura Mutuo riconoscimento o Decentrata	Medicinali soggetti a prescrizione medica limitativa, utilizzabili esclusivamente in ambiente ospedaliero o in una struttura ad esso assimilabile
036567511	036567	FIXIONEAL	35 GLUCOSIO 3,86%/P/V/38.6 MG/ML- SOLUZIONE PER DIALISI PERITONEALE 5 SACCHE SINGOLE A DUE CAMERE DA 1.5 L - CONNESSIONE LUER	SOLUZIONE PER DIALISI PERITONEALE	SOLUZIONE PER DIALISI PERITONEALE	13.6	milligram(s)/millilitre	Soluzione per dialisi peritoneale	B05DB	VANTIVE SRL	Autorizzata	Procedura Mutuo riconoscimento o Decentrata	Medicinali soggetti a prescrizione medica limitativa, utilizzabili esclusivamente in ambiente ospedaliero o in una struttura ad esso assimilabile
036567523	036567	FIXIONEAL	35 GLUCOSIO 3,86%/P/V/38.6 MG/ML- SOLUZIONE PER DIALISI PERITONEALE 6 SACCHE SINGOLE A DUE CAMERE DA 1.5 L - CONNESSIONE LUER	SOLUZIONE PER DIALISI PERITONEALE	SOLUZIONE PER DIALISI PERITONEALE	13.6	milligram(s)/millilitre	Soluzione per dialisi peritoneale	B05DB	VANTIVE SRL	Autorizzata	Procedura Mutuo riconoscimento o Decentrata	Medicinali soggetti a prescrizione medica limitativa, utilizzabili esclusivamente in ambiente ospedaliero o in una struttura ad esso assimilabile
036567535	036567	FIXIONEAL	35 GLUCOSIO 3,86%/P/V/38.6 MG/ML- SOLUZIONE PER DIALISI PERITONEALE 5 SACCHE DOPPIE A DUE CAMERE DA 1.5 L - CONNESSIONE LUER	SOLUZIONE PER DIALISI PERITONEALE	SOLUZIONE PER DIALISI PERITONEALE	13.6	milligram(s)/millilitre	Soluzione per dialisi peritoneale	B05DB	VANTIVE SRL	Autorizzata	Procedura Mutuo riconoscimento o Decentrata	Medicinali soggetti a prescrizione medica limitativa, utilizzabili esclusivamente in ambiente ospedaliero o in una struttura ad esso assimilabile
036567547	036567	FIXIONEAL	35 GLUCOSIO 3,86%/P/V/38.6 MG/ML- SOLUZIONE PER DIALISI PERITONEALE 6 SACCHE DOPPIE A DUE CAMERE DA 1.5 L - CONNESSIONE LUER	SOLUZIONE PER DIALISI PERITONEALE	SOLUZIONE PER DIALISI PERITONEALE	13.6	milligram(s)/millilitre	Soluzione per dialisi peritoneale	B05DB	VANTIVE SRL	Autorizzata	Procedura Mutuo riconoscimento o Decentrata	Medicinali soggetti a prescrizione medica limitativa, utilizzabili esclusivamente in ambiente ospedaliero o in una struttura ad esso assimilabile
036567574	036567	FIXIONEAL	35 GLUCOSIO 3,86%/P/V/38.6 MG/ML- SOLUZIONE PER DIALISI PERITONEALE 4 SACCHE SINGOLE A DUE CAMERE DA 2.0 L - CONNESSIONE LUER	SOLUZIONE PER DIALISI PERITONEALE	SOLUZIONE PER DIALISI PERITONEALE	13.6	milligram(s)/millilitre	Soluzione per dialisi peritoneale	B05DB	VANTIVE SRL	Autorizzata	Procedura Mutuo riconoscimento o Decentrata	Medicinali soggetti a prescrizione medica limitativa, utilizzabili esclusivamente in ambiente ospedaliero o in una struttura ad esso assimilabile
036567586	036567	FIXIONEAL	35 GLUCOSIO 3,86%/P/V/38.6 MG/ML- SOLUZIONE PER DIALISI PERITONEALE 5 SACCHE SINGOLE A DUE CAMERE DA 2.0 L - CONNESSIONE LUER	SOLUZIONE PER DIALISI PERITONEALE	SOLUZIONE PER DIALISI PERITONEALE	13.6	milligram(s)/millilitre	Soluzione per dialisi peritoneale	B05DB	VANTIVE SRL	Autorizzata	Procedura Mutuo riconoscimento o Decentrata	Medicinali soggetti a prescrizione medica limitativa, utilizzabili esclusivamente in ambiente ospedaliero o in una struttura ad esso assimilabile
036567598	036567	FIXIONEAL	35 GLUCOSIO 3,86%/P/V/38.6 MG/ML- SOLUZIONE PER DIALISI PERITONEALE 4 SACCHE DOPPIE A DUE CAMERE DA 2.0 L - CONNESSIONE LUER	SOLUZIONE PER DIALISI PERITONEALE	SOLUZIONE PER DIALISI PERITONEALE	13.6	milligram(s)/millilitre	Soluzione per dialisi peritoneale	B05DB	VANTIVE SRL	Autorizzata	Procedura Mutuo riconoscimento o Decentrata	Medicinali soggetti a prescrizione medica limitativa, utilizzabili esclusivamente in ambiente ospedaliero o in una struttura ad esso assimilabile
036567600	036567	FIXIONEAL	35 GLUCOSIO 3,86%/P/V/38.6 MG/ML- SOLUZIONE PER DIALISI PERITONEALE 5 SACCHE DOPPIE A DUE CAMERE DA 2.0 L - CONNESSIONE LUER	SOLUZIONE PER DIALISI PERITONEALE	SOLUZIONE PER DIALISI PERITONEALE	13.6	milligram(s)/millilitre	Soluzione per dialisi peritoneale	B05DB	VANTIVE SRL	Autorizzata	Procedura Mutuo riconoscimento o Decentrata	Medicinali soggetti a prescrizione medica limitativa, utilizzabili esclusivamente in ambiente ospedaliero o in una struttura ad esso assimilabile
036567636	036567	FIXIONEAL	35 GLUCOSIO 3,86%/P/V/38.6 MG/ML- SOLUZIONE PER DIALISI PERITONEALE 3 SACCHE SINGOLE A DUE CAMERE DA 2.5 L - CONNESSIONE LUER	SOLUZIONE PER DIALISI PERITONEALE	SOLUZIONE PER DIALISI PERITONEALE	13.6	milligram(s)/millilitre	Soluzione per dialisi peritoneale	B05DB	VANTIVE SRL	Autorizzata	Procedura Mutuo riconoscimento o Decentrata	Medicinali soggetti a prescrizione medica limitativa, utilizzabili esclusivamente in ambiente ospedaliero o in una struttura ad esso assimilabile
036567648	036567	FIXIONEAL	35 GLUCOSIO 3,86%/P/V/38.6 MG/ML- SOLUZIONE PER DIALISI PERITONEALE 4 SACCHE SINGOLE A DUE CAMERE DA 2.5 L - CONNESSIONE LUER	SOLUZIONE PER DIALISI PERITONEALE	SOLUZIONE PER DIALISI PERITONEALE	13.6	milligram(s)/millilitre	Soluzione per dialisi peritoneale	B05DB	VANTIVE SRL	Autorizzata	Procedura Mutuo riconoscimento o Decentrata	Medicinali soggetti a prescrizione medica limitativa, utilizzabili esclusivamente in ambiente ospedaliero o in una struttura ad esso assimilabile
036567651	036567	FIXIONEAL	35 GLUCOSIO 3,86%/P/V/38.6 MG/ML- SOLUZIONE PER DIALISI PERITONEALE 3 SACCHE DOPPIE A DUE CAMERE DA 2.5 L - CONNESSIONE LUER	SOLUZIONE PER DIALISI PERITONEALE	SOLUZIONE PER DIALISI PERITONEALE	13.6	milligram(s)/millilitre	Soluzione per dialisi peritoneale	B05DB	VANTIVE SRL	Autorizzata	Procedura Mutuo riconoscimento o Decentrata	Medicinali soggetti a prescrizione medica limitativa, utilizzabili esclusivamente in ambiente ospedaliero o in una struttura ad esso assimilabile
036567663	036567	FIXIONEAL	35 GLUCOSIO 3,86%/P/V/38.6 MG/ML- SOLUZIONE PER DIALISI PERITONEALE 4 SACCHE DOPPIE A DUE CAMERE DA 2.5 L - CONNESSIONE LUER	SOLUZIONE PER DIALISI PERITONEALE	SOLUZIONE PER DIALISI PERITONEALE	13.6	milligram(s)/millilitre	Soluzione per dialisi peritoneale	B05DB	VANTIVE SRL	Autorizzata	Procedura Mutuo riconoscimento o Decentrata	Medicinali soggetti a prescrizione medica limitativa, utilizzabili esclusivamente in ambiente ospedaliero o in una struttura ad esso assimilabile
036567699	036567	FIXIONEAL	35 GLUCOSIO 3,86%/P/V/38.6 MG/ML- SOLUZIONE PER DIALISI PERITONEALE 3 SACCHE SINGOLE A DUE CAMERE DA 3.0 L - CONNESSIONE LUER	SOLUZIONE PER DIALISI PERITONEALE	SOLUZIONE PER DIALISI PERITONEALE	13.6	milligram(s)/millilitre	Soluzione per dialisi peritoneale	B05DB	VANTIVE SRL	Autorizzata	Procedura Mutuo riconoscimento o Decentrata	Medicinali soggetti a prescrizione medica limitativa, utilizzabili esclusivamente in ambiente ospedaliero o in una struttura ad esso assimilabile
036567701	036567	FIXIONEAL	35 GLUCOSIO 3,86%/P/V/38.6 MG/ML- SOLUZIONE PER DIALISI PERITONEALE 3 SACCHE DOPPIE A DUE CAMERE DA 3.0 L - CONNESSIONE LUER	SOLUZIONE PER DIALISI PERITONEALE	SOLUZIONE PER DIALISI PERITONEALE	13.6	milligram(s)/millilitre	Soluzione per dialisi peritoneale	B05DB	VANTIVE SRL	Autorizzata	Procedura Mutuo riconoscimento o Decentrata	Medicinali soggetti a prescrizione medica limitativa, utilizzabili esclusivamente in ambiente ospedaliero o in una struttura ad esso assimilabile
036567725	036567	FIXIONEAL	35 GLUCOSIO 3,86%/P/V/38.6 MG/ML- SOLUZIONE PER DIALISI PERITONEALE 2 SACCHE SINGOLE A DUE CAMERE DA 4.5 L - CONNESSIONE LUER	SOLUZIONE PER DIALISI PERITONEALE	SOLUZIONE PER DIALISI PERITONEALE	13.6	milligram(s)/millilitre	Soluzione per dialisi peritoneale	B05DB	VANTIVE SRL	Autorizzata	Procedura Mutuo riconoscimento o Decentrata	Medicinali soggetti a prescrizione medica limitativa, utilizzabili esclusivamente in ambiente ospedaliero o in una struttura ad esso assimilabile
036567737	036567	FIXIONEAL	35 GLUCOSIO 3,86%/P/V/38.6 MG/ML- SOLUZIONE PER DIALISI PERITONEALE 2 SACCHE SINGOLE A DUE CAMERE DA 5.0 L - CONNESSIONE LUER	SOLUZIONE PER DIALISI PERITONEALE	SOLUZIONE PER DIALISI PERITONEALE	13.6	milligram(s)/millilitre	Soluzione per dialisi peritoneale	B05DB	VANTIVE SRL	Autorizzata	Procedura Mutuo riconoscimento o Decentrata	Medicinali soggetti a prescrizione medica limitativa, utilizzabili esclusivamente in ambiente ospedaliero o in una struttura ad esso assimilabile
036567749	036567	FIXIONEAL	40 GLUCOSIO 1,36% P/V/13.6 MG/ML- SOLUZIONE PER INFUSIONE PERITONEALE 5 SACCHE SINGOLE A DUE CAMERE DA 1.5 L - CONNESSIONE LUER	SOLUZIONE PER DIALISI PERITONEALE	SOLUZIONE PER DIALISI PERITONEALE	13.6	milligram(s)/millilitre	Soluzione per infusione	B05DB	VANTIVE SRL	Autorizzata	Procedura Mutuo riconoscimento o Decentrata	Medicinali soggetti a prescrizione medica limitativa, utilizzabili esclusivamente in ambiente ospedaliero o in una struttura ad esso assimilabile
036567752	036567	FIXIONEAL	40 GLUCOSIO 1,36% P/V/13.6 MG/ML- SOLUZIONE PER INFUSIONE PERITONEALE 6 SACCHE SINGOLE A DUE CAMERE DA 1.5 L - CONNESSIONE LUER	SOLUZIONE PER DIALISI PERITONEALE	SOLUZIONE PER DIALISI PERITONEALE	13.6	milligram(s)/millilitre	Soluzione per infusione	B05DB	VANTIVE SRL	Autorizzata	Procedura Mutuo riconoscimento o Decentrata	Medicinali soggetti a prescrizione medica limitativa, utilizzabili esclusivamente in ambiente ospedaliero o in una struttura ad esso assimilabile
036567764	036567	FIXIONEAL	40 GLUCOSIO 1,36% P/V/13.6 MG/ML- SOLUZIONE PER INFUSIONE PERITONEALE 5 SACCHE DOPPIE A DUE CAMERE DA 1.5 L - CONNESSIONE LUER	SOLUZIONE PER DIALISI PERITONEALE	SOLUZIONE PER DIALISI PERITONEALE	13.6	milligram(s)/millilitre	Soluzione per infusione	B05DB	VANTIVE SRL	Autorizzata	Procedura Mutuo riconoscimento o Decentrata	Medicinali soggetti a prescrizione medica limitativa, utilizzabili esclusivamente in ambiente ospedaliero o in una struttura ad esso assimilabile
036567776	036567	FIXIONEAL	40 GLUCOSIO 1,36% P/V/13.6 MG/ML- SOLUZIONE PER INFUSIONE PERITONEALE 6 SACCHE DOPPIE A DUE CAMERE DA 1.5 L - CONNESIONE LUER	SOLUZIONE PER DIALISI PERITONEALE	SOLUZIONE PER DIALISI PERITONEALE	13.6	milligram(s)/millilitre	Soluzione per infusione	B05DB	VANTIVE SRL	Autorizzata	Procedura Mutuo riconoscimento o Decentrata	Medicinali soggetti a prescrizione medica limitativa, utilizzabili esclusivamente in ambiente ospedaliero o in una struttura ad esso assimilabile
036567802	036567	FIXIONEAL	40 GLUCOSIO 1,36% P/V/13.6 MG/ML- SOLUZIONE PER INFUSIONE PERITONEALE 4 SACCHE SINGOLE A DUE CAMERE DA 2.0 L - CONNESSIONE LUER	SOLUZIONE PER DIALISI PERITONEALE	SOLUZIONE PER DIALISI PERITONEALE	13.6	milligram(s)/millilitre	Soluzione per infusione	B05DB	VANTIVE SRL	Autorizzata	Procedura Mutuo riconoscimento o Decentrata	Medicinali soggetti a prescrizione medica limitativa, utilizzabili esclusivamente in ambiente ospedaliero o in una struttura ad esso assimilabile
036567814	036567	FIXIONEAL	40 GLUCOSIO 1,36% P/V/13.6 MG/ML- SOLUZIONE PER INFUSIONE PERITONEALE 5 SACCHE SINGOLE A DUE CAMERE DA 2.0 L - CONNESSIONE LUER	SOLUZIONE PER DIALISI PERITONEALE	SOLUZIONE PER DIALISI PERITONEALE	13.6	milligram(s)/millilitre	Soluzione per infusione	B05DB	VANTIVE SRL	Autorizzata	Procedura Mutuo riconoscimento o Decentrata	Medicinali soggetti a prescrizione medica limitativa, utilizzabili esclusivamente in ambiente ospedaliero o in una struttura ad esso assimilabile
036567826	036567	FIXIONEAL	40 GLUCOSIO 1,36% P/V/13.6 MG/ML- SOLUZIONE PER INFUSIONE PERITONEALE4 SACCHE DOPPIE A DUE CAMERE DA 2.0 L - CONNESSIONE LUER	SOLUZIONE PER DIALISI PERITONEALE	SOLUZIONE PER DIALISI PERITONEALE	13.6	milligram(s)/millilitre	Soluzione per infusione	B05DB	VANTIVE SRL	Autorizzata	Procedura Mutuo riconoscimento o Decentrata	Medicinali soggetti a prescrizione medica limitativa, utilizzabili esclusivamente in ambiente ospedaliero o in una struttura ad esso assimilabile
036567838	036567	FIXIONEAL	40 GLUCOSIO 1,36% P/V/13.6 MG/ML- SOLUZIONE PER INFUSIONE PERITONEALE 5 SACCHE DOPPIE A DUE CAMERE DA 2.0 L - CONNESSIONE LUER	SOLUZIONE PER DIALISI PERITONEALE	SOLUZIONE PER DIALISI PERITONEALE	13.6	milligram(s)/millilitre	Soluzione per infusione	B05DB	VANTIVE SRL	Autorizzata	Procedura Mutuo riconoscimento o Decentrata	Medicinali soggetti a prescrizione medica limitativa, utilizzabili esclusivamente in ambiente ospedaliero o in una struttura ad esso assimilabile
036567865	036567	FIXIONEAL	40 GLUCOSIO 1,36% P/V/13.6 MG/ML- SOLUZIONE PER INFUSIONE PERITONEALE 3 SACCHE SINGOLE A DUE CAMERE DA 2.5 L - CONNESSIONE LUER	SOLUZIONE PER DIALISI PERITONEALE	SOLUZIONE PER DIALISI PERITONEALE	13.6	milligram(s)/millilitre	Soluzione per infusione	B05DB	VANTIVE SRL	Autorizzata	Procedura Mutuo riconoscimento o Decentrata	Medicinali soggetti a prescrizione medica limitativa, utilizzabili esclusivamente in ambiente ospedaliero o in una struttura ad esso assimilabile
036567877	036567	FIXIONEAL	40 GLUCOSIO 1,36% P/V/13.6 MG/ML- SOLUZIONE PER INFUSIONE PERITONEALE 4 SACCHE SINGOLE A DUE CAMERE DA 2.5 L - CONNESSIONE LUER	SOLUZIONE PER DIALISI PERITONEALE	SOLUZIONE PER DIALISI PERITONEALE	13.6	milligram(s)/millilitre	Soluzione per infusione	B05DB	VANTIVE SRL	Autorizzata	Procedura Mutuo riconoscimento o Decentrata	Medicinali soggetti a prescrizione medica limitativa, utilizzabili esclusivamente in ambiente ospedaliero o in una struttura ad esso assimilabile
036567889	036567	FIXIONEAL	40 GLUCOSIO 1,36% P/V/13.6 MG/ML- SOLUZIONE PER INFUSIONE PERITONEALE 3 SACCHE DOPPIE A DUE CAMERE DA 2.5 L - CONNESSIONE LUER	SOLUZIONE PER DIALISI PERITONEALE	SOLUZIONE PER DIALISI PERITONEALE	13.6	milligram(s)/millilitre	Soluzione per infusione	B05DB	VANTIVE SRL	Autorizzata	Procedura Mutuo riconoscimento o Decentrata	Medicinali soggetti a prescrizione medica limitativa, utilizzabili esclusivamente in ambiente ospedaliero o in una struttura ad esso assimilabile
036567891	036567	FIXIONEAL	40 GLUCOSIO 1,36% P/V/13.6 MG/ML- SOLUZIONE PER INFUSIONE PERITONEALE 4 SACCHE DOPPIE A DUE CAMERE DA 2.5 L - CONNESSIONE LUER	SOLUZIONE PER DIALISI PERITONEALE	SOLUZIONE PER DIALISI PERITONEALE	13.6	milligram(s)/millilitre	Soluzione per infusione	B05DB	VANTIVE SRL	Autorizzata	Procedura Mutuo riconoscimento o Decentrata	Medicinali soggetti a prescrizione medica limitativa, utilizzabili esclusivamente in ambiente ospedaliero o in una struttura ad esso assimilabile
036567927	036567	FIXIONEAL	40 GLUCOSIO 1,36% P/V/13.6 MG/ML- SOLUZIONE PER INFUSIONE PERITONEALE 3 SACCHE SINGOLE A DUE CAMERE DA 3.0 L - CONNESSIONE LUER	SOLUZIONE PER DIALISI PERITONEALE	SOLUZIONE PER DIALISI PERITONEALE	13.6	milligram(s)/millilitre	Soluzione per infusione	B05DB	VANTIVE SRL	Autorizzata	Procedura Mutuo riconoscimento o Decentrata	Medicinali soggetti a prescrizione medica limitativa, utilizzabili esclusivamente in ambiente ospedaliero o in una struttura ad esso assimilabile
036567941	036567	FIXIONEAL	40 GLUCOSIO 1,36% P/V/13.6 MG/ML- SOLUZIONE PER INFUSIONE PERITONEALE 3 SACCHE DOPPIE A DUE CAMERE DA 3.0 L - CONNESSIONE LUER	SOLUZIONE PER DIALISI PERITONEALE	SOLUZIONE PER DIALISI PERITONEALE	13.6	milligram(s)/millilitre	Soluzione per infusione	B05DB	VANTIVE SRL	Autorizzata	Procedura Mutuo riconoscimento o Decentrata	Medicinali soggetti a prescrizione medica limitativa, utilizzabili esclusivamente in ambiente ospedaliero o in una struttura ad esso assimilabile
036567966	036567	FIXIONEAL	40 GLUCOSIO 1,36% P/V/13.6 MG/ML- SOLUZIONE PER INFUSIONE PERITONEALE 2 SACCHE SINGOLE A DUE CAMERE DA 4.5 L - CONNESSIONE LUER	SOLUZIONE PER DIALISI PERITONEALE	SOLUZIONE PER DIALISI PERITONEALE	13.6	milligram(s)/millilitre	Soluzione per infusione	B05DB	VANTIVE SRL	Autorizzata	Procedura Mutuo riconoscimento o Decentrata	Medicinali soggetti a prescrizione medica limitativa, utilizzabili esclusivamente in ambiente ospedaliero o in una struttura ad esso assimilabile
036567978	036567	FIXIONEAL	40 GLUCOSIO 1,36% P/V/13.6 MG/ML- SOLUZIONE PER INFUSIONE PERITONEALE 2 SACCHE SINGOLE A DUE CAMERE DA 5.0 L - CONNESSIONE LUER	SOLUZIONE PER DIALISI PERITONEALE	SOLUZIONE PER DIALISI PERITONEALE	13.6	milligram(s)/millilitre	Soluzione per infusione	B05DB	VANTIVE SRL	Autorizzata	Procedura Mutuo riconoscimento o Decentrata	Medicinali soggetti a prescrizione medica limitativa, utilizzabili esclusivamente in ambiente ospedaliero o in una struttura ad esso assimilabile
036567992	036567	FIXIONEAL	40 GLUCOSIO 1,36% P/V/13.6 MG/ML- SOLUZIONE PER INFUSIONE PERITONEALE 2 SACCHE SINGOLE A DUE CAMERE DA 5.0 L - CONNESSIONE LUER +APD LUER+ CONCHIGLIA	SOLUZIONE PER DIALISI PERITONEALE	SOLUZIONE PER DIALISI PERITONEALE	13.6	milligram(s)/millilitre	Soluzione per infusione	B05DB	VANTIVE SRL	Autorizzata	Procedura Mutuo riconoscimento o Decentrata	Medicinali soggetti a prescrizione medica limitativa, utilizzabili esclusivamente in ambiente ospedaliero o in una struttura ad esso assimilabile
036573018	036573	FIXIONEAL	40 GLUCOSIO 2,27% P/V/22.7 MG/ML- SOLUZIONE PER INFUSIONE PERITONEALE 5 SACCHE SINGOLE A DUE CAMERE DA 1.5 L - CONNESSIONE LUER	SOLUZIONE PER DIALISI PERITONEALE	SOLUZIONE PER DIALISI PERITONEALE	13.6	milligram(s)/millilitre	Soluzione per infusione	B05DB	VANTIVE SRL	Autorizzata	Procedura Mutuo riconoscimento o Decentrata	Medicinali soggetti a prescrizione medica limitativa, utilizzabili esclusivamente in ambiente ospedaliero o in una struttura ad esso assimilabile
036573020	036573	FIXIONEAL	40 GLUCOSIO 2,27% P/V/22.7 MG/ML- SOLUZIONE PER INFUSIONE PERITONEALE 6 SACCHE SINGOLE A DUE CAMERE DA 1.5 L - CONNESSIONE LUER	SOLUZIONE PER DIALISI PERITONEALE	SOLUZIONE PER DIALISI PERITONEALE	13.6	milligram(s)/millilitre	Soluzione per infusione	B05DB	VANTIVE SRL	Autorizzata	Procedura Mutuo riconoscimento o Decentrata	Medicinali soggetti a prescrizione medica limitativa, utilizzabili esclusivamente in ambiente ospedaliero o in una struttura ad esso assimilabile
036573032	036573	FIXIONEAL	40 GLUCOSIO 2,27% P/V/22.7 MG/ML- SOLUZIONE PER INFUSIONE PERITONEALE 5 SACCHE DOPPIE A DUE CAMERE DA 1.5 L - CONNESSIONE LUER	SOLUZIONE PER DIALISI PERITONEALE	SOLUZIONE PER DIALISI PERITONEALE	13.6	milligram(s)/millilitre	Soluzione per infusione	B05DB	VANTIVE SRL	Autorizzata	Procedura Mutuo riconoscimento o Decentrata	Medicinali soggetti a prescrizione medica limitativa, utilizzabili esclusivamente in ambiente ospedaliero o in una struttura ad esso assimilabile
036573044	036573	FIXIONEAL	40 GLUCOSIO 2,27% P/V/22.7 MG/ML- SOLUZIONE PER INFUSIONE PERITONEALE 6 SACCHE DOPPIE A DUE CAMERE DA 1.5 L - CONNESSIONE LUER	SOLUZIONE PER DIALISI PERITONEALE	SOLUZIONE PER DIALISI PERITONEALE	13.6	milligram(s)/millilitre	Soluzione per infusione	B05DB	VANTIVE SRL	Autorizzata	Procedura Mutuo riconoscimento o Decentrata	Medicinali soggetti a prescrizione medica limitativa, utilizzabili esclusivamente in ambiente ospedaliero o in una struttura ad esso assimilabile
036573071	036573	FIXIONEAL	40 GLUCOSIO 2,27% P/V/22.7 MG/ML- SOLUZIONE PER INFUSIONE PERITONEALE 4 SACCHE SINGOLE A DUE CAMERE DA 2.0 L - CONNESSIONE LUER	SOLUZIONE PER DIALISI PERITONEALE	SOLUZIONE PER DIALISI PERITONEALE	13.6	milligram(s)/millilitre	Soluzione per infusione	B05DB	VANTIVE SRL	Autorizzata	Procedura Mutuo riconoscimento o Decentrata	Medicinali soggetti a prescrizione medica limitativa, utilizzabili esclusivamente in ambiente ospedaliero o in una struttura ad esso assimilabile
036573083	036573	FIXIONEAL	40 GLUCOSIO 2,27% P/V/22.7 MG/ML- SOLUZIONE PER INFUSIONE PERITONEALE 5 SACCHE SINGOLE A DUE CAMERE DA 2.0 L - CONNESSIONE LUER	SOLUZIONE PER DIALISI PERITONEALE	SOLUZIONE PER DIALISI PERITONEALE	13.6	milligram(s)/millilitre	Soluzione per infusione	B05DB	VANTIVE SRL	Autorizzata	Procedura Mutuo riconoscimento o Decentrata	Medicinali soggetti a prescrizione medica limitativa, utilizzabili esclusivamente in ambiente ospedaliero o in una struttura ad esso assimilabile
036573095	036573	FIXIONEAL	40 GLUCOSIO 2,27% P/V/22.7 MG/ML- SOLUZIONE PER INFUSIONE PERITONEALE 4 SACCHE DOPPIE A DUE CAMERE DA 2.0 L - CONNESSIONE LUER	SOLUZIONE PER DIALISI PERITONEALE	SOLUZIONE PER DIALISI PERITONEALE	13.6	milligram(s)/millilitre	Soluzione per infusione	B05DB	VANTIVE SRL	Autorizzata	Procedura Mutuo riconoscimento o Decentrata	Medicinali soggetti a prescrizione medica limitativa, utilizzabili esclusivamente in ambiente ospedaliero o in una struttura ad esso assimilabile
036573107	036573	FIXIONEAL	40 GLUCOSIO 2,27% P/V/22.7 MG/ML- SOLUZIONE PER INFUSIONE PERITONEALE 5 SACCHE DOPPIE A DUE CAMERE DA 2.0 L - CONNESSIONE LUER	SOLUZIONE PER DIALISI PERITONEALE	SOLUZIONE PER DIALISI PERITONEALE	13.6	milligram(s)/millilitre	Soluzione per infusione	B05DB	VANTIVE SRL	Autorizzata	Procedura Mutuo riconoscimento o Decentrata	Medicinali soggetti a prescrizione medica limitativa, utilizzabili esclusivamente in ambiente ospedaliero o in una struttura ad esso assimilabile
036573133	036573	FIXIONEAL	40 GLUCOSIO 2,27% P/V/22.7 MG/ML- SOLUZIONE PER INFUSIONE PERITONEALE 3 SACCHE SINGOLE A DUE CAMERE DA 2.5 L - CONNESSIONE LUER	SOLUZIONE PER DIALISI PERITONEALE	SOLUZIONE PER DIALISI PERITONEALE	13.6	milligram(s)/millilitre	Soluzione per infusione	B05DB	VANTIVE SRL	Autorizzata	Procedura Mutuo riconoscimento o Decentrata	Medicinali soggetti a prescrizione medica limitativa, utilizzabili esclusivamente in ambiente ospedaliero o in una struttura ad esso assimilabile
036573145	036573	FIXIONEAL	40 GLUCOSIO 2,27% P/V/22.7 MG/ML- SOLUZIONE PER INFUSIONE PERITONEALE 4 SACCHE SINGOLE A DUE CAMERE DA 2.5 L - CONNESSIONE LUER	SOLUZIONE PER DIALISI PERITONEALE	SOLUZIONE PER DIALISI PERITONEALE	13.6	milligram(s)/millilitre	Soluzione per infusione	B05DB	VANTIVE SRL	Autorizzata	Procedura Mutuo riconoscimento o Decentrata	Medicinali soggetti a prescrizione medica limitativa, utilizzabili esclusivamente in ambiente ospedaliero o in una struttura ad esso assimilabile
036573158	036573	FIXIONEAL	40 GLUCOSIO 2,27% P/V/22.7 MG/ML- SOLUZIONE PER INFUSIONE PERITONEALE 3 SACCHE DOPPIE A DUE CAMERE DA 2.5 L - CONNESSIONE LUER	SOLUZIONE PER DIALISI PERITONEALE	SOLUZIONE PER DIALISI PERITONEALE	13.6	milligram(s)/millilitre	Soluzione per infusione	B05DB	VANTIVE SRL	Autorizzata	Procedura Mutuo riconoscimento o Decentrata	Medicinali soggetti a prescrizione medica limitativa, utilizzabili esclusivamente in ambiente ospedaliero o in una struttura ad esso assimilabile
036573160	036573	FIXIONEAL	40 GLUCOSIO 2,27% P/V/22.7 MG/ML- SOLUZIONE PER INFUSIONE PERITONEALE 4 SACCHE DOPPIE A DUE CAMERE DA 2.5 L - CONNESSIONE LUER	SOLUZIONE PER DIALISI PERITONEALE	SOLUZIONE PER DIALISI PERITONEALE	13.6	milligram(s)/millilitre	Soluzione per infusione	B05DB	VANTIVE SRL	Autorizzata	Procedura Mutuo riconoscimento o Decentrata	Medicinali soggetti a prescrizione medica limitativa, utilizzabili esclusivamente in ambiente ospedaliero o in una struttura ad esso assimilabile
036573196	036573	FIXIONEAL	40 GLUCOSIO 2,27% P/V/22.7 MG/ML- SOLUZIONE PER INFUSIONE PERITONEALE 3 SACCHE SINGOLE A DUE CAMERE DA 3.0 L - CONNESSIONE LUER	SOLUZIONE PER DIALISI PERITONEALE	SOLUZIONE PER DIALISI PERITONEALE	13.6	milligram(s)/millilitre	Soluzione per infusione	B05DB	VANTIVE SRL	Autorizzata	Procedura Mutuo riconoscimento o Decentrata	Medicinali soggetti a prescrizione medica limitativa, utilizzabili esclusivamente in ambiente ospedaliero o in una struttura ad esso assimilabile
036573208	036573	FIXIONEAL	40 GLUCOSIO 2,27% P/V/22.7 MG/ML- SOLUZIONE PER INFUSIONE PERITONEALE 3 SACCHE DOPPIE A DUE CAMERE DA 3.0 L - CONNESSIONE LUER	SOLUZIONE PER DIALISI PERITONEALE	SOLUZIONE PER DIALISI PERITONEALE	13.6	milligram(s)/millilitre	Soluzione per infusione	B05DB	VANTIVE SRL	Autorizzata	Procedura Mutuo riconoscimento o Decentrata	Medicinali soggetti a prescrizione medica limitativa, utilizzabili esclusivamente in ambiente ospedaliero o in una struttura ad esso assimilabile
036573222	036573	FIXIONEAL	40 GLUCOSIO 2,27% P/V/22.7 MG/ML- SOLUZIONE PER INFUSIONE PERITONEALE 2 SACCHE SINGOLE A DUE CAMERE DA 4.5 L - CONNESSIONE LUER	SOLUZIONE PER DIALISI PERITONEALE	SOLUZIONE PER DIALISI PERITONEALE	13.6	milligram(s)/millilitre	Soluzione per infusione	B05DB	VANTIVE SRL	Autorizzata	Procedura Mutuo riconoscimento o Decentrata	Medicinali soggetti a prescrizione medica limitativa, utilizzabili esclusivamente in ambiente ospedaliero o in una struttura ad esso assimilabile
036573234	036573	FIXIONEAL	40 GLUCOSIO 2,27% P/V/22.7 MG/ML- SOLUZIONE PER INFUSIONE PERITONEALE 2 SACCHE SINGOLE A DUE CAMERE DA 5.0 L - CONNESSIONE LUER	SOLUZIONE PER DIALISI PERITONEALE	SOLUZIONE PER DIALISI PERITONEALE	13.6	milligram(s)/millilitre	Soluzione per infusione	B05DB	VANTIVE SRL	Autorizzata	Procedura Mutuo riconoscimento o Decentrata	Medicinali soggetti a prescrizione medica limitativa, utilizzabili esclusivamente in ambiente ospedaliero o in una struttura ad esso assimilabile
036573259	036573	FIXIONEAL	40 GLUCOSIO 2,27% P/V/22.7 MG/ML- SOLUZIONE PER INFUSIONE PERITONEALE 2 SACCHE SINGOLE A DUE CAMERE DA 5.0 L - CONNESSIONE LUER +APD LUER+ CONCHIGLIA	SOLUZIONE PER DIALISI PERITONEALE	SOLUZIONE PER DIALISI PERITONEALE	13.6	milligram(s)/millilitre	Soluzione per infusione	B05DB	VANTIVE SRL	Autorizzata	Procedura Mutuo riconoscimento o Decentrata	Medicinali soggetti a prescrizione medica limitativa, utilizzabili esclusivamente in ambiente ospedaliero o in una struttura ad esso assimilabile
036573261	036573	FIXIONEAL	40 GLUCOSIO 3,86% P/V/38.6 MG/ML- SOLUZIONE PER INFUSIONE PERITONEALE 5 SACCHE SINGOLE A DUE CAMERE DA 1.5 L - CONNESSIONE LUER	SOLUZIONE PER DIALISI PERITONEALE	SOLUZIONE PER DIALISI PERITONEALE	13.6	milligram(s)/millilitre	Soluzione per infusione	B05DB	VANTIVE SRL	Autorizzata	Procedura Mutuo riconoscimento o Decentrata	Medicinali soggetti a prescrizione medica limitativa, utilizzabili esclusivamente in ambiente ospedaliero o in una struttura ad esso assimilabile
036573273	036573	FIXIONEAL	40 GLUCOSIO 3,86% P/V/38.6 MG/ML- SOLUZIONE PER INFUSIONE PERITONEALE 6 SACCHE SINGOLE A DUE CAMERE DA 1.5 L - CONNESSIONE LUER	SOLUZIONE PER DIALISI PERITONEALE	SOLUZIONE PER DIALISI PERITONEALE	13.6	milligram(s)/millilitre	Soluzione per infusione	B05DB	VANTIVE SRL	Autorizzata	Procedura Mutuo riconoscimento o Decentrata	Medicinali soggetti a prescrizione medica limitativa, utilizzabili esclusivamente in ambiente ospedaliero o in una struttura ad esso assimilabile
036573285	036573	FIXIONEAL	40 GLUCOSIO 3,86% P/V/38.6 MG/ML- SOLUZIONE PER INFUSIONE PERITONEALE 5 SACCHE DOPPIE A DUE CAMERE DA 1.5 L - CONNESSIONE LUER	SOLUZIONE PER DIALISI PERITONEALE	SOLUZIONE PER DIALISI PERITONEALE	13.6	milligram(s)/millilitre	Soluzione per infusione	B05DB	VANTIVE SRL	Autorizzata	Procedura Mutuo riconoscimento o Decentrata	Medicinali soggetti a prescrizione medica limitativa, utilizzabili esclusivamente in ambiente ospedaliero o in una struttura ad esso assimilabile
036573297	036573	FIXIONEAL	40 GLUCOSIO 3,86% P/V/38.6 MG/ML- SOLUZIONE PER INFUSIONE PERITONEALE 6 SACCHE DOPPIE A DUE CAMERE DA 1.5 L - CONNESSIONE LUER	SOLUZIONE PER DIALISI PERITONEALE	SOLUZIONE PER DIALISI PERITONEALE	13.6	milligram(s)/millilitre	Soluzione per infusione	B05DB	VANTIVE SRL	Autorizzata	Procedura Mutuo riconoscimento o Decentrata	Medicinali soggetti a prescrizione medica limitativa, utilizzabili esclusivamente in ambiente ospedaliero o in una struttura ad esso assimilabile
036573323	036573	FIXIONEAL	40 GLUCOSIO 3,86% P/V/38.6 MG/ML- SOLUZIONE PER INFUSIONE PERITONEALE 4 SACCHE SINGOLE A DUE CAMERE DA 2.0 L - CONNESSIONE LUER	SOLUZIONE PER DIALISI PERITONEALE	SOLUZIONE PER DIALISI PERITONEALE	13.6	milligram(s)/millilitre	Soluzione per infusione	B05DB	VANTIVE SRL	Autorizzata	Procedura Mutuo riconoscimento o Decentrata	Medicinali soggetti a prescrizione medica limitativa, utilizzabili esclusivamente in ambiente ospedaliero o in una struttura ad esso assimilabile
036573335	036573	FIXIONEAL	40 GLUCOSIO 3,86% P/V/38.6 MG/ML- SOLUZIONE PER INFUSIONE PERITONEALE 5 SACCHE SINGOLE A DUE CAMERE DA 2.0 L - CONNESSIONE LUER	SOLUZIONE PER DIALISI PERITONEALE	SOLUZIONE PER DIALISI PERITONEALE	13.6	milligram(s)/millilitre	Soluzione per infusione	B05DB	VANTIVE SRL	Autorizzata	Procedura Mutuo riconoscimento o Decentrata	Medicinali soggetti a prescrizione medica limitativa, utilizzabili esclusivamente in ambiente ospedaliero o in una struttura ad esso assimilabile
036573347	036573	FIXIONEAL	40 GLUCOSIO 3,86% P/V/38.6 MG/ML- SOLUZIONE PER INFUSIONE PERITONEALE 4 SACCHE DOPPIE A DUE CAMERE DA 2.0 L - CONNESSIONE LUER	SOLUZIONE PER DIALISI PERITONEALE	SOLUZIONE PER DIALISI PERITONEALE	13.6	milligram(s)/millilitre	Soluzione per infusione	B05DB	VANTIVE SRL	Autorizzata	Procedura Mutuo riconoscimento o Decentrata	Medicinali soggetti a prescrizione medica limitativa, utilizzabili esclusivamente in ambiente ospedaliero o in una struttura ad esso assimilabile
036573350	036573	FIXIONEAL	40 GLUCOSIO 3,86% P/V/38.6 MG/ML- SOLUZIONE PER INFUSIONE PERITONEALE 5 SACCHE DOPPIE A DUE CAMERE DA 2.0 L - CONNESSIONE LUER	SOLUZIONE PER DIALISI PERITONEALE	SOLUZIONE PER DIALISI PERITONEALE	13.6	milligram(s)/millilitre	Soluzione per infusione	B05DB	VANTIVE SRL	Autorizzata	Procedura Mutuo riconoscimento o Decentrata	Medicinali soggetti a prescrizione medica limitativa, utilizzabili esclusivamente in ambiente ospedaliero o in una struttura ad esso assimilabile
036573386	036573	FIXIONEAL	40 GLUCOSIO 3,86% P/V/38.6 MG/ML- SOLUZIONE PER INFUSIONE PERITONEALE 3 SACCHE SINGOLE A DUE CAMERE DA 2.5 L - CONNESSIONE LUER	SOLUZIONE PER DIALISI PERITONEALE	SOLUZIONE PER DIALISI PERITONEALE	13.6	milligram(s)/millilitre	Soluzione per infusione	B05DB	VANTIVE SRL	Autorizzata	Procedura Mutuo riconoscimento o Decentrata	Medicinali soggetti a prescrizione medica limitativa, utilizzabili esclusivamente in ambiente ospedaliero o in una struttura ad esso assimilabile
036573398	036573	FIXIONEAL	40 GLUCOSIO 3,86% P/V/38.6 MG/ML- SOLUZIONE PER INFUSIONE PERITONEALE 4 SACCHE SINGOLE A DUE CAMERE DA 2.5 L - CONNESSIONE LUER	SOLUZIONE PER DIALISI PERITONEALE	SOLUZIONE PER DIALISI PERITONEALE	13.6	milligram(s)/millilitre	Soluzione per infusione	B05DB	VANTIVE SRL	Autorizzata	Procedura Mutuo riconoscimento o Decentrata	Medicinali soggetti a prescrizione medica limitativa, utilizzabili esclusivamente in ambiente ospedaliero o in una struttura ad esso assimilabile
036573400	036573	FIXIONEAL	40 GLUCOSIO 3,86% P/V/38.6 MG/ML- SOLUZIONE PER INFUSIONE PERITONEALE 3 SACCHE DOPPIE A DUE CAMERE DA 2.5 L - CONNESSIONE LUER	SOLUZIONE PER DIALISI PERITONEALE	SOLUZIONE PER DIALISI PERITONEALE	13.6	milligram(s)/millilitre	Soluzione per infusione	B05DB	VANTIVE SRL	Autorizzata	Procedura Mutuo riconoscimento o Decentrata	Medicinali soggetti a prescrizione medica limitativa, utilizzabili esclusivamente in ambiente ospedaliero o in una struttura ad esso assimilabile
036573412	036573	FIXIONEAL	40 GLUCOSIO 3,86% P/V/38.6 MG/ML- SOLUZIONE PER INFUSIONE PERITONEALE 4 SACCHE DOPPIE A DUE CAMERE DA 2.5 L - CONNESSIONE LUER	SOLUZIONE PER DIALISI PERITONEALE	SOLUZIONE PER DIALISI PERITONEALE	13.6	milligram(s)/millilitre	Soluzione per infusione	B05DB	VANTIVE SRL	Autorizzata	Procedura Mutuo riconoscimento o Decentrata	Medicinali soggetti a prescrizione medica limitativa, utilizzabili esclusivamente in ambiente ospedaliero o in una struttura ad esso assimilabile
036573448	036573	FIXIONEAL	40 GLUCOSIO 3,86% P/V/38.6 MG/ML- SOLUZIONE PER INFUSIONE PERITONEALE 3 SACCHE SINGOLE A DUE CAMERE DA 3.0 L - CONNESSIONE LUER	SOLUZIONE PER DIALISI PERITONEALE	SOLUZIONE PER DIALISI PERITONEALE	13.6	milligram(s)/millilitre	Soluzione per infusione	B05DB	VANTIVE SRL	Autorizzata	Procedura Mutuo riconoscimento o Decentrata	Medicinali soggetti a prescrizione medica limitativa, utilizzabili esclusivamente in ambiente ospedaliero o in una struttura ad esso assimilabile
036573451	036573	FIXIONEAL	40 GLUCOSIO 3,86% P/V/38.6 MG/ML- SOLUZIONE PER INFUSIONE PERITONEALE 3 SACCHE DOPPIE A DUE CAMERE DA 3.0 L - CONNESSIONE LUER	SOLUZIONE PER DIALISI PERITONEALE	SOLUZIONE PER DIALISI PERITONEALE	13.6	milligram(s)/millilitre	Soluzione per infusione	B05DB	VANTIVE SRL	Autorizzata	Procedura Mutuo riconoscimento o Decentrata	Medicinali soggetti a prescrizione medica limitativa, utilizzabili esclusivamente in ambiente ospedaliero o in una struttura ad esso assimilabile
036573475	036573	FIXIONEAL	40 GLUCOSIO 3,86% P/V/38.6 MG/ML- SOLUZIONE PER INFUSIONE PERITONEALE 2 SACCHE SINGOLE A DUE CAMERE DA 4.5 L - CONNESSIONE LUER	SOLUZIONE PER DIALISI PERITONEALE	SOLUZIONE PER DIALISI PERITONEALE	13.6	milligram(s)/millilitre	Soluzione per infusione	B05DB	VANTIVE SRL	Autorizzata	Procedura Mutuo riconoscimento o Decentrata	Medicinali soggetti a prescrizione medica limitativa, utilizzabili esclusivamente in ambiente ospedaliero o in una struttura ad esso assimilabile
036573487	036573	FIXIONEAL	40 GLUCOSIO 3,86% P/V/38.6 MG/ML- SOLUZIONE PER INFUSIONE PERITONEALE 2 SACCHE SINGOLE A DUE CAMERE DA 5.0 L - CONNESSIONE LUER	SOLUZIONE PER DIALISI PERITONEALE	SOLUZIONE PER DIALISI PERITONEALE	13.6	milligram(s)/millilitre	Soluzione per infusione	B05DB	VANTIVE SRL	Autorizzata	Procedura Mutuo riconoscimento o Decentrata	Medicinali soggetti a prescrizione medica limitativa, utilizzabili esclusivamente in ambiente ospedaliero o in una struttura ad esso assimilabile
048930010	048930	ICOTHERA	SOLUZIONE PER DIALISI PERITONEALE- 4 SACCHE IN PP DA 2 L DI SOLUZIONE + 4 SACCHE PER DRENAGGIO CON CONNETTORE	SOLUZIONE PER DIALISI PERITONEALE	SOLUZIONE PER DIALISI PERITONEALE	7.5	percent	Soluzione per dialisi peritoneale	B05DA	VIVISOL S.R.L.	Autorizzata	Procedura Mutuo riconoscimento o Decentrata	Medicinali soggetti a prescrizione medica limitativa, utilizzabili esclusivamente in ambiente ospedaliero o in una struttura ad esso assimilabile
048930022	048930	ICOTHERA	SOLUZIONE PER DIALISI PERITONEALE- 4 SACCHE IN PP DA 2 L DI SOLUZIONE	SOLUZIONE PER DIALISI PERITONEALE	SOLUZIONE PER DIALISI PERITONEALE	7.5	percent	Soluzione per dialisi peritoneale	B05DA	VIVISOL S.R.L.	Autorizzata	Procedura Mutuo riconoscimento o Decentrata	Medicinali soggetti a prescrizione medica limitativa, utilizzabili esclusivamente in ambiente ospedaliero o in una struttura ad esso assimilabile
